,,,,,,,,,,,,,,,,,,,,,,,,,,,,,,,,,,,,,,,,,,,,,,,,,,,,,,,,,,,,,,,,,,,,,,,,,,,,,,,,,,,,,,,,,,,,,,,,,,,,,,,,,,,,,,,,,,,,,,,,,,,,,,,,,,,,,,,,,,,,,,,,,,,,,,,,,,,,,,,,,,,,,,,,,,,,,,,,,,,,,,,,,,,,,,,,,,,,,,,,,,,,,,,,,,,,,,,,,,,,,,,,,,,,,,,,,,,,,,,,,,,,,,,,,,,,,,,
,,,,,,,,,,,,,,,,,,,,,,,,,,,,,,,,,,,,,,,,,,,,,,,,,,,,,,,,,,,,,,,,,,,,,,,,,,,,,,,,,,,,,,,,,,,,,,,,,,,,,,,,,,,,,,,,,,,,,,,,,,,,,,,,,,,,,,,,,,,,,,,,,,,,,,,,,,,,,,,,,,,,,,,,,,,,,,,,,,,,,,,,,,,,,,,,,,,,,,,,,,,,,,,,,,,,,,,,,,,,,,,,,,,,,,,,,,,,,,,,,,,,,,,,,,,,,,,
,,,,,,,,,,,,,,,,,,,,,,,,,,,,,,,,,,,,,,,,,,,,,,,,,,,,,,,,,,,,,,,,,,,,,,,,,,,,,,,,,,,,,,,,,,,,,,,,,,,,,,,,,,,,,,,,,,,,,,,,,,,,,,,,,,,,,,,,,,,,,,,,,,,,,,,,,,,,,,,,,,,,,,,,,,,,,,,,,,,,,,,,,,,,,,,,,,,,,,,,,,,,,,,,,,,,,,,,,,,,,,,,,,,,,,,,,,,,,,,,,,,,,,,,,,,,,,,
,,,,,,,,,,,,,,,,,,,,,,,,,,,,,,,,,,,,,,,,,,,,,,,,,,,,,,,,,,,,,,,,,,,,,,,,,,,,,,,,,,,,,,,,,,,,,,,,,,,,,,,,,,,,,,,,,,,,,,,,,,,,,,,,,,,,,,,,,,,,,,,,,,,,,,,,,,,,,,,,,,,,,,,,,,,,,,,,,,,,,,,,,,,,,,,,,,,,,,,,,,,,,,,,,,,,,,,,,,,,,,,,,,,,,,,,,,,,,,,,,,,,,,,,,,,,,,,
,,,,,,,,,,,,,,,,,,,,,,,,,,,,,,,,,,,,,,,,,,,,,,,,,,,,,,,,,,,,,,,,,,,,,,,,,,,,,,,,,,,,,,,,,,,,,,,,,,,,,,,,,,,,,,,,,,,,,,,,,,,,,,,,,,,,,,,,,,,,,,,,,,,,,,,,,,,,,,,,,,,,,,,,,,,,,,,,,,,,,,,,,,,,,,,,,,,,,,,,,,,,,,,,,,,,,,,,,,,,,,,,,,,,,,,,,,,,,,,,,,,,,,,,,,,,,,,
,,,,,,,,,,,,,,,,,,,,,,,,,,,,,,,,,,,,,,,,,,,,,,,,,,,,,,,,,,,,,,,,,,,,,,,,,,,,,,,,,,,,,,,,,,,,,,,,,,,,,,,,,,,,,,,,,,,,,,,,,,,,,,,,,,,,,,,,,,,,,,,,,,,,,,,,,,,,,,,,,,,,,,,,,,,,,,,,,,,,,,,,,,,,,,,,,,,,,,,,,,,,,,,,,,,,,,,,,,,,,,,,,,,,,,,,,,,,,,,,,,,,,,,,,,,,,,,
,,,,,,,,,,,,,,,,,,,,,,,,,,,,,,,,,,,,,,,,,,,,,,,,,,,,,,,,,,,,,,,,,,,,,,,,,,,,,,,,,,,,,,,,,,,,,,,,,,,,,,,,,,,,,,,,,,,,,,,,,,,,,,,,,,,,,,,,,,,,,,,,,,,,,,,,,,,,,,,,,,,,,,,,,,,,,,,,,,,,,,,,,,,,,,,,,,,,,,,,,,,,,,,,,,,,,,,,,,,,,,,,,,,,,,,,,,,,,,,,,,,,,,,,,,,,,,,
,,,,,,,,,,,,,,,,,,,,,,,,,,,,,,,,,,,,,,,,,,,,,,,,,,,,,,,,,,,,,,,,,,,,,,,,,,,,,,,,,,,,,,,,,,,,,,,,,,,,,,,,,,,,,,,,,,,,,,,,,,,,,,,,,,,,,,,,,,,,,,,,,,,,,,,,,,,,,,,,,,,,,,,,,,,,,,,,,,,,,,,,,,,,,,,,,,,,,,,,,,,,,,,,,,,,,,,,,,,,,,,,,,,,,,,,,,,,,,,,,,,,,,,,,,,,,,,
,,,,,,,,,,,,,,,,,,,,,,,,,,,,,,,,,,,,,,,,,,,,,,,,,,,,,,,,,,,,,,,,,,,,,,,,,,,,,,,,,,,,,,,,,,,,,,,,,,,,,,,,,,,,,,,,,,,,,,,,,,,,,,,,,,,,,,,,,,,,,,,,,,,,,,,,,,,,,,,,,,,,,,,,,,,,,,,,,,,,,,,,,,,,,,,,,,,,,,,,,,,,,,,,,,,,,,,,,,,,,,,,,,,,,,,,,,,,,,,,,,,,,,,,,,,,,,,
,,,,,,,,,,,,,,,,,,,,,,,,,,,,,,,,,,,,,,,,,,,,,,,,,,,,,,,,,,,,,,,,,,,,,,,,,,,,,,,,,,,,,,,,,,,,,,,,,,,,,,,,,,,,,,,,,,,,,,,,,,,,,,,,,,,,,,,,,,,,,,,,,,,,,,,,,,,,,,,,,,,,,,,,,,,,,,,,,,,,,,,,,,,,,,,,,,,,,,,,,,,,,,,,,,,,,,,,,,,,,,,,,,,,,,,,,,,,,,,,,,,,,,,,,,,,,,,
,,,,,,,,,,,,,,,,,,,,,,,,,,,,,,,,,,,,,,,,,,,,,,,,,,,,,,,,,,,,,,,,,,,,,,,,,,,,,,,,,,,,,,,,,,,,,,,,,,,,,,,,,,,,,,,,,,,,,,,,,,,,,,,,,,,,,,,,,,,,,,,,,,,,,,,,,,,,,,,,,,,,,,,,,,,,,,,,,,,,,,,,,,,,,,,,,,,,,,,,,,,,,,,,,,,,,,,,,,,,,,,,,,,,,,,,,,,,,,,,,,,,,,,,,,,,,,,
,,,,,,,,,,,,,,,,,,,,,,,,,,,,,,,,,,,,,,,,,,,,,,,,,,,,,,,,,,,,,,,,,,,,,,,,,,,,,,,,,,,,,,,,,,,,,,,,,,,,,,,,,,,,,,,,,,,,,,,,,,,,,,,,,,,,,,,,,,,,,,,,,,,,,,,,,,,,,,,,,,,,,,,,,,,,,,,,,,,,,,,,,,,,,,,,,,,,,,,,,,,,,,,,,,,,,,,,,,,,,,,,,,,,,,,,,,,,,,,,,,,,,,,,,,,,,,,
,,,,,,,,,,,,,,,,,,,,,,,,,,,,,,,,,,,,,,,,,,,,,,,,,,,,,,,,,,,,,,,,,,,,,,,,,,,,,,,,,,,,,,,,,,,,,,,,,,,,,,,,,,,,,,,,,,,,,,,,,,,,,,,,,,,,,,,,,,,,,,,,,,,,,,,,,,,,,,,,,,,,,,,,,,,,,,,,,,,,,,,,,,,,,,,,,,,,,,,,,,,,,,,,,,,,,,,,,,,,,,,,,,,,,,,,,,,,,,,,,,,,,,,,,,,,,,,
,,,,,,,,,,,,,,,,,,,,,,,,,,,,,,,,,,,,,,,,,,,,,,,,,,,,,,,,,,,,,,,,,,,,,,,,,,,,,,,,,,,,,,,,,,,,,,,,,,,,,,,,,,,,,,,,,,,,,,,,,,,,,,,,,,,,,,,,,,,,,,,,,,,,,,,,,,,,,,,,,,,,,,,,,,,,,,,,,,,,,,,,,,,,,,,,,,,,,,,,,,,,,,,,,,,,,,,,,,,,,,,,,,,,,,,,,,,,,,,,,,,,,,,,,,,,,,,
,,,,,,,,,,,,,,,,,,,,,,,,,,,,,,,,,,,,,,,,,,,,,,,,,,,,,,,,,,,,,,,,,,,,,,,,,,,,,,,,,,,,,,,,,,,,,,,,,,,,,,,,,,,,,,,,,,,,,,,,,,,,,,,,,,,,,,,,,,,,,,,,,,,,,,,,,,,,,,,,,,,,,,,,,,,,,,,,,,,,,,,,,,,,,,,,,,,,,,,,,,,,,,,,,,,,,,,,,,,,,,,,,,,,,,,,,,,,,,,,,,,,,,,,,,,,,,,
,,,,,,,,,,,,,,,,,,,,,,,,,,,,,,,,,,,,,,,,,,,,,,,,,,,,,,,,,,,,,,,,,,,,,,,,,,,,,,,,,,,,,,,,,,,,,,,,,,,,,,,,,,,,,,,,,,,,,,,,,,,,,,,,,,,,,,,,,,,,,,,,,,,,,,,,,,,,,,,,,,,,,,,,,,,,,,,,,,,,,,,,,,,,,,,,,,,,,,,,,,,,,,,,,,,,,,,,,,,,,,,,,,,,,,,,,,,,,,,,,,,,,,,,,,,,,,,
,,,,,,,,,,,,,,,,,,,,,,,,,,,,,,,,,,,,,,,,,,,,,,,,,,,,,,,,,,,,,,,,,,,,,,,,,,,,,,,,,,,,,,,,,,,,,,,,,,,,,,,,,,,,,,,,,,,,,,,,,,,,,,,,,,,,,,,,,,,,,,,,,,,,,,,,,,,,,,,,,,,,,,,,,,,,,,,,,,,,,,,,,,,,,,,,,,,,,,,,,,,,,,,,,,,,,,,,,,,,,,,,,,,,,,,,,,,,,,,,,,,,,,,,,,,,,,,
,,,,,,,,,,,,,,,,,,,,,,,,,,,,,,,,,,,,,,,,,,,,,,,,,,,,,,,,,,,,,,,,,,,,,,,,,,,,,,,,,,,,,,,,,,,,,,,,,,,,,,,,,,,,,,,,,,,,,,,,,,,,,,,,,,,,,,,,,,,,,,,,,,,,,,,,,,,,,,,,,,,,,,,,,,,,,,,,,,,,,,,,,,,,,,,,,,,,,,,,,,,,,,,,,,,,,,,,,,,,,,,,,,,,,,,,,,,,,,,,,,,,,,,,,,,,,,,
,,,,,,,,,,,,,,,,,,,,,,,,,,,,,,,,,,,,,,,,,,,,,,,,,,,,,,,,,,,,,,,,,,,,,,,,,,,,,,,,,,,,,,,,,,,,,,,,,,,,,,,,,,,,,,,,,,,,,,,,,,,,,,,,,,,,,,,,,,,,,,,,,,,,,,,,,,,,,,,,,,,,,,,,,,,,,,,,,,,,,,,,,,,,,,,,,,,,,,,,,,,,,,,,,,,,,,,,,,,,,,,,,,,,,,,,,,,,,,,,,,,,,,,,,,,,,,,
,,,,,,,,,,,,,,,,,,,,,,,,,,,,,,,,,,,,,,,,,,,,,,,,,,,,,,,,,,,,,,,,,,,,,,,,,,,,,,,,,,,,,,,,,,,,,,,,,,,,,,,,,,,,,,,,,,,,,,,,,,,,,,,,,,,,,,,,,,,,,,,,,,,,,,,,,,,,,,,,,,,,,,,,,,,,,,,,,,,,,,,,,,,,,,,,,,,,,,,,,,,,,,,,,,,,,,,,,,,,,,,,,,,,,,,,,,,,,,,,,,,,,,,,,,,,,,,
,,,,,,,,,,,,,,,,,,,,,,,,,,,,,,,,,,,,,,,,,,,,,,,,,,,,,,,,,,,,,,,,,,,,,,,,,,,,,,,,,,,,,,,,,,,,,,,,,,,,,,,,,,,,,,,,,,,,,,,,,,,,,,,,,,,,,,,,,,,,,,,,,,,,,,,,,,,,,,,,,,,,,,,,,,,,,,,,,,,,,,,,,,,,,,,,,,,,,,,,,,,,,,,,,,,,,,,,,,,,,,,,,,,,,,,,,,,,,,,,,,,,,,,,,,,,,,,
,,,,,,,,,,,,,,,,,,,,,,,,,,,,,,,,,,,,,,,,,,,,,,,,,,,,,,,,,,,,,,,,,,,,,,,,,,,,,,,,,,,,,,,,,,,,,,,,,,,,,,,,,,,,,,,,,,,,,,,,,,,,,,,,,,,,,,,,,,,,,,,,,,,,,,,,,,,,,,,,,,,,,,,,,,,,,,,,,,,,,,,,,,,,,,,,,,,,,,,,,,,,,,,,,,,,,,,,,,,,,,,,,,,,,,,,,,,,,,,,,,,,,,,,,,,,,,,
,,,,,,,,,,,,,,,,,,,,,,,,,,,,,,,,,,,,,,,,,,,,,,,,,,,,,,,,,,,,,,,,,,,,,,,,,,,,,,,,,,,,,,,,,,,,,,,,,,,,,,,,,,,,,,,,,,,,,,,,,,,,,,,,,,,,,,,,,,,,,,,,,,,,,,,,,,,,,,,,,,,,,,,,,,,,,,,,,,,,,,,,,,,,,,,,,,,,,,,,,,,,,,,,,,,,,,,,,,,,,,,,,,,,,,,,,,,,,,,,,,,,,,,,,,,,,,,
,,,,,,,,,,,,,,,,,,,,,,,,,,,,,,,,,,,,,,,,,,,,,,,,,,,,,,,,,,,,,,,,,,,,,,,,,,,,,,,,,,,,,,,,,,,,,,,,,,,,,,,,,,,,,,,,,,,,,,,,,,,,,,,,,,,,,,,,,,,,,,,,,,,,,,,,,,,,,,,,,,,,,,,,,,,,,,,,,,,,,,,,,,,,,,,,,,,,,,,,,,,,,,,,,,,,,,,,,,,,,,,,,,,,,,,,,,,,,,,,,,,,,,,,,,,,,,,
,,,,,,,,,,,,,,,,,,,,,,,,,,,,,,,,,,,,,,,,,,,,,,,,,,,,,,,,,,,,,,,,,,,,,,,,,,,,,,,,,,,,,,,,,,,,,,,,,,,,,,,,,,,,,,,,,,,,,,,,,,,,,,,,,,,,,,,,,,,,,,,,,,,,,,,,,,,,,,,,,,,,,,,,,,,,,,,,,,,,,,,,,,,,,,,,,,,,,,,,,,,,,,,,,,,,,,,,,,,,,,,,,,,,,,,,,,,,,,,,,,,,,,,,,,,,,,,
,,,,,,,,,,,,,,,,,,,,,,,,,,,,,,,,,,,,,,,,,,,,,,,,,,,,,,,,,,,,,,,,,,,,,,,,,,,,,,,,,,,,,,,,,,,,,,,,,,,,,,,,,,,,,,,,,,,,,,,,,,,,,,,,,,,,,,,,,,,,,,,,,,,,,,,,,,,,,,,,,,,,,,,,,,,,,,,,,,,,,,,,,,,,,,,,,,,,,,,,,,,,,,,,,,,,,,,,,,,,,,,,,,,,,,,,,,,,,,,,,,,,,,,,,,,,,,,
,,,,,,,,,,,,,,,,,,,,,,,,,,,,,,,,,,,,,,,,,,,,,,,,,,,,,,,,,,,,,,,,,,,,,,,,,,,,,,,,,,,,,,,,,,,,,,,,,,,,,,,,,,,,,,,,,,,,,,,,,,,,,,,,,,,,,,,,,,,,,,,,,,,,,,,,,,,,,,,,,,,,,,,,,,,,,,,,,,,,,,,,,,,,,,,,,,,,,,,,,,,,,,,,,,,,,,,,,,,,,,,,,,,,,,,,,,,,,,,,,,,,,,,,,,,,,,,
,,,,,,,,,,,,,,,,,,,,,,,,,,,,,,,,,,,,,,,,,,,,,,,,,,,,,,,,,,,,,,,,,,,,,,,,,,,,,,,,,,,,,,,,,,,,,,,,,,,,,,,,,,,,,,,,,,,,,,,,,,,,,,,,,,,,,,,,,,,,,,,,,,,,,,,,,,,,,,,,,,,,,,,,,,,,,,,,,,,,,,,,,,,,,,,,,,,,,,,,,,,,,,,,,,,,,,,,,,,,,,,,,,,,,,,,,,,,,,,,,,,,,,,,,,,,,,,
,,,,,,,,,,,,,,,,,,,,,,,,,,,,,,,,,,,,,,,,,,,,,,,,,,,,,,,,,,,,,,,,,,,,,,,,,,,,,,,,,,,,,,,,,,,,,,,,,,,,,,,,,,,,,,,,,,,,,,,,,,,,,,,,,,,,,,,,,,,,,,,,,,,,,,,,,,,,,,,,,,,,,,,,,,,,,,,,,,,,,,,,,,,,,,,,,,,,,,,,,,,,,,,,,,,,,,,,,,,,,,,,,,,,,,,,,,,,,,,,,,,,,,,,,,,,,,,
,,,,,,,,,,,,,,,,,,,,,,,,,,,,,,,,,,,,,,,,,,,,,,,,,,,,,,,,,,,,,,,,,,,,,,,,,,,,,,,,,,,,,,,,,,,,,,,,,,,,,,,,,,,,,,,,,,,,,,,,,,,,,,,,,,,,,,,,,,,,,,,,,,,,,,,,,,,,,,,,,,,,,,,,,,,,,,,,,,,,,,,,,,,,,,,,,,,,,,,,,,,,,,,,,,,,,,,,,,,,,,,,,,,,,,,,,,,,,,,,,,,,,,,,,,,,,,,
,,,,,,,,,,,,,,,,,,,,,,,,,,,,,,,,,,,,,,,,,,,,,,,,,,,,,,,,,,,,,,,,,,,,,,,,,,,,,,,,,,,,,,,,,,,,,,,,,,,,,,,,,,,,,,,,,,,,,,,,,,,,,,,,,,,,,,,,,,,,,,,,,,,,,,,,,,,,,,,,,,,,,,,,,,,,,,,,,,,,,,,,,,,,,,,,,,,,,,,,,,,,,,,,,,,,,,,,,,,,,,,,,,,,,,,,,,,,,,,,,,,,,,,,,,,,,,,
,,,,,,,,,,,,,,,,,,,,,,,,,,,,,,,,,,,,,,,,,,,,,,,,,,,,,,,,,,,,,,,,,,,,,,,,,,,,,,,,,,,,,,,,,,,,,,,,,,,,,,,,,,,,,,,,,,,,,,,,,,,,,,,,,,,,,,,,,,,,,,,,,,,,,,,,,,,,,,,,,,,,,,,,,,,,,,,,,,,,,,,,,,,,,,,,,,,,,,,,,,,,,,,,,,,,,,,,,,,,,,,,,,,,,,,,,,,,,,,,,,,,,,,,,,,,,,,
,,,,,,,,,,,,,,,,,,,,,,,,,,,,,,,,,,,,,,,,,,,,,,,,,,,,,,,,,,,,,,,,,,,,,,,,,,,,,,,,,,,,,,,,,,,,,,,,,,,,,,,,25778.410032941585,77335.23009882474,,,,,,,,,,,,,,,,,,,,,,,,,,,,,,,,,,,,,,,,,,,,,,,,,,,,,,,,,,,,,,,,,,,,,,,,,,,,,,,,,,,,,,,,,,,,,,,,,,,,,,,,,,,,,,,,,,,,,,,,,,,,,,,,,,,,,,,,,,,,,,,,,,,,,,
,,,,,,,,,,,,,,,,,,,,,,,,,,,,,,,,,,,,,,,,,,,,,,,,,,,,,,,,,,,,,,,,,,,,,,,,,,,,,,,,,,,,,,,,,,,,,,,,,,,,,,,,60149.623410197026,42964.0167215693,,,,,17185.60668862772,,,,,,,,,,,,,,,,,,,,,,,,,,,,,,,,,,,,,,,,,,,,,,,,,,,,,,,,,,,,,,,,,,,,,,,,,,,,,,,,,,,,,,,,,,,,,,,,,,,,,,,,,,,,,,,,,,,,,,,,,,,,,,,,,,,,,,,,,,,,,,,,,
,,,,,,,,,,,,,,,,,,,,,,,,,,,,,,,,,,,,,,,,,,,,,,,,,,,,,,,,,,,,,,,,,,,,,,,,,,,,,,,,,,,,,,,,,,,,,,,,,,,,,,,,60149.623410197026,,,,17185.60668862772,34371.21337725544,68742.42675451087,42964.0167215693,,,,,,,,,,,,,,,,,,,,,,,,,,,,,,,,,,,,,,,,,,,,,,,,,,,,,,,,,,,,,,,,,,,,,,,,,,,,,,,,,,,,,,,,,,,,,,,,,,,,,,,,,,,,,,,,,,,,,,,,,,,,,,,,,,,,,,,,,,,,,,,,
,,,,,,,,,,,,,,,,,,,,,,,,,,,,,,,,,,,,,,,,,,,,,,,,,,,,,,,,,,,,,,,,,,,,,,,,,,,,,,,,,,,,,,,,,,,,,,,,,,,,,,,,42964.0167215693,,,,68742.42675451087,77335.23009882474,60149.623410197026,34371.21337725544,,,,,,,,,,,,,,,,,,,,,,,,,,,,,,,,,,,,,,,,,,,,,,,,,,,,,,,,,,,,,,,,,,,,,,,,,,,,,,,,,,,,,,,,,,,,,,,,,,,,,,,,,,,,,,,,,,,,,,,,,,,,,,,,,,,,,,,,,,,,,,,,
,,,,,,,,,,,,,,,,,,,,,,,,,,,,,,,,,,,,,,,,,,,,,,,,,,,,,,,,,,,,,,,,,,,,,,,,,,,,,,,,,,,,,,,,,,,,,,,,,,,,,,,,51556.82006588317,60149.623410197026,85928.0334431386,25778.410032941585,25778.410032941585,42964.0167215693,17185.60668862772,68742.42675451087,51556.82006588317,,,,,,,,,,,,,,,,,,,,,,,,,,,,,,,,,,,,,,,,,,,,,,,,,,,,,,,,,,,,,,,,,,,,,,,,,,,,,,,,,,,,,,,,,,,,,,,,,,,,,,,,,,,,,,,,,,,,,,,,,,,,,,,,,,,,,,,,,,,,,,,
,,,,,,,,,,,,,,,,,,,,,,,,,,,,,,,,,,,,,,,,,,,,,,,,,,,,,,,,,,,,,,,,,,,,,,,,,,,,,,,,,,,,,,,,,,,,,,,,,,,,,,,,34371.21337725544,42964.0167215693,51556.82006588317,42964.0167215693,60149.623410197026,51556.82006588317,68742.42675451087,34371.21337725544,,,,,,,,,,,,,,,,,,,,34371.21337725544,,,,,,,,,,,,,,,,,,,,,,,,,,,,,,,,,,,,,,,,,,,,,,,,,,,,,,,,,,,,,,,,,,,,,,,,,,,,,,,,,,,,,,,,,,,,,,,,,,,,,,,,,,,,,,,,,,,,,,,,,,,,
,,,,,,,,,,,,,,,,,,,,,,,,,,,,,,,,,,,,,,,,,,,,,,,,,,,,,,,,,,,,,,,,,,,,,,,,,,,,,,,,,,,,,,,,,,,,,,,,,,,,,,,,17185.60668862772,60149.623410197026,25778.410032941585,17185.60668862772,25778.410032941585,25778.410032941585,60149.623410197026,51556.82006588317,,,,,,,,,,,,,,,,,,,34371.21337725544,103113.64013176634,,,,,,,,,,,,,,,,,,,,,,,,,,,,,,,,,,,,,,,,,,,,,,,,,,,,,,,,,,,,,,,,,,,,,,,,,,,,,,,,,,,,,,,,,,,,,,,,,,,,,,,,,,,,,,,,,,,,,,,,,,,,
,,,,,,,,,,,,,,,,,,,,,,,,,,,,,,,,,,,,,,,,,,,,,,,,,,,,,,,,,,,,,,,,,,,,,,,,,,,,,,,,,,,,,,,,,,,,,,,,,,,,,,,,42964.0167215693,60149.623410197026,17185.60668862772,25778.410032941585,34371.21337725544,34371.21337725544,85928.0334431386,42964.0167215693,,,,60149.623410197026,42964.0167215693,42964.0167215693,68742.42675451087,34371.21337725544,,,,,,,,,,,0.0,0.0,51556.82006588317,,,,42964.0167215693,68742.42675451087,17185.60668862772,,,,51556.82006588317,,,,,,,,,,,,,,,,,,,,,,,,,,,,,,,,,,,,,,,,,,,,,,,,,,,,,,,,,,,,,,,,,,,,,,,,,,,,,,,,,,,,,,,,,,,,,,,,,,,,,,,,,,,,,,,,,
,,,,,,,,,,,,,,,,,,,,,,,,,,,,,,,,,,,,,,,,,,,,,,,,,,,,,,,,,,,,,,,,,,,,,,,,,,,,,,,,,,,,,,,,,,,,,,,,,,,,60149.623410197026,42964.0167215693,,,51556.82006588317,42964.0167215693,77335.23009882474,25778.410032941585,34371.21337725544,103113.64013176634,25778.410032941585,,,,,25778.410032941585,77335.23009882474,8592.80334431386,85928.0334431386,51556.82006588317,,,,,,34371.21337725544,,,,,,103113.64013176634,60149.623410197026,34371.21337725544,68742.42675451087,42964.0167215693,17185.60668862772,77335.23009882474,60149.623410197026,60149.623410197026,34371.21337725544,34371.21337725544,42964.0167215693,25778.410032941585,,,,,,,,,,,,,,,,,,,,,,,,,,,,,,,,,,,,,,,,,,,,,,,,,,,,,,,,,,,,,,,,,,,,,,,,,,,,,,,,,,,,,,,,,,,,,,,,,,,,,,,,,,,,,,,,
,,,,,,,,,,,,,,,,,,,,,,,,,,,,,,,,,,,,,,,,,,,,,,,,,,,,,,,,,,,,,,,,,,,,,,,,,,,,,,,,,,,,,,,,,,,,,,,,,,,51556.82006588317,34371.21337725544,68742.42675451087,17185.60668862772,51556.82006588317,34371.21337725544,25778.410032941585,51556.82006588317,25778.410032941585,34371.21337725544,94520.83678745247,34371.21337725544,42964.0167215693,34371.21337725544,,,34371.21337725544,51556.82006588317,42964.0167215693,85928.0334431386,25778.410032941585,,,,,51556.82006588317,42964.0167215693,,,,,,25778.410032941585,34371.21337725544,68742.42675451087,42964.0167215693,8592.80334431386,77335.23009882474,17185.60668862772,34371.21337725544,25778.410032941585,60149.623410197026,68742.42675451087,17185.60668862772,34371.21337725544,,,,,,,,,,,,,,,,,,,,,,,,,,,,,,,,,,,,,,,,,,,,,,,,,,,,,,,,,,,,,,,,,,,,,,,,,,,,,,,,,,,,,,,,,,,,,,,,,,,,,,,,,,,,,,,,
,,,,,,,,,,,,,,,,,,,,,,,,,,,,,,,,,,,,,,,,,,,,,,,,,,,,,,,,,,,,,,,,,,,,,,,,,,,,,,,,,,,,,,,,,,,,,,,,,,51556.82006588317,51556.82006588317,51556.82006588317,42964.0167215693,42964.0167215693,34371.21337725544,77335.23009882474,25778.410032941585,68742.42675451087,51556.82006588317,42964.0167215693,25778.410032941585,25778.410032941585,42964.0167215693,60149.623410197026,51556.82006588317,8592.80334431386,68742.42675451087,60149.623410197026,17185.60668862772,,,,,,,60149.623410197026,,,,,,42964.0167215693,42964.0167215693,42964.0167215693,51556.82006588317,25778.410032941585,60149.623410197026,25778.410032941585,42964.0167215693,77335.23009882474,34371.21337725544,94520.83678745247,42964.0167215693,60149.623410197026,77335.23009882474,,,,,,,,,,,,,,,,,,,,,,,,,,,,,,,,,,,,,,,,,,,,,,,,,,,,,,,,,,,,,,,,,,,,,,,,,,,,,,,,,,,,,,,,,,,,,,,,,,,,,,,,,,,,,,,,
,,,,,,,,,,,,,,,,,,,,,,,,,,,,,,,,,,,,,,,,,,,,,,,,,,,,,,,,,,,,,,,,,,,,,,,,,,,,,,,,,,,,,,,,,,,,,,,,51556.82006588317,51556.82006588317,51556.82006588317,34371.21337725544,34371.21337725544,17185.60668862772,60149.623410197026,51556.82006588317,51556.82006588317,60149.623410197026,51556.82006588317,68742.42675451087,34371.21337725544,60149.623410197026,68742.42675451087,68742.42675451087,60149.623410197026,103113.64013176634,17185.60668862772,34371.21337725544,60149.623410197026,34371.21337725544,17185.60668862772,68742.42675451087,8592.80334431386,51556.82006588317,51556.82006588317,25778.410032941585,17185.60668862772,,,,,,60149.623410197026,60149.623410197026,34371.21337725544,85928.0334431386,34371.21337725544,42964.0167215693,8592.80334431386,34371.21337725544,25778.410032941585,25778.410032941585,68742.42675451087,34371.21337725544,51556.82006588317,25778.410032941585,,,,,,,,,,,,,,,,,,,,,,,,,,,,,,,,,,,,,,,,,,,,,,,,,,,,,,,,,,,,,,,,,,,,,,,,,,,,,,,,,,,,,,,,,,,,,,,,,,,,,,,,,,,,,,,,
,,,,,,,,,,,,,,,,,,,,,,,,,,,,,,,,,,,,,,,,,,,,,,,,,,,,,,,,,,,,,,,,,,,,,,,,,,,,,,,,,,,,,,,,,,,,,,,,68742.42675451087,25778.410032941585,42964.0167215693,34371.21337725544,25778.410032941585,34371.21337725544,34371.21337725544,68742.42675451087,34371.21337725544,34371.21337725544,60149.623410197026,68742.42675451087,85928.0334431386,42964.0167215693,60149.623410197026,42964.0167215693,51556.82006588317,51556.82006588317,42964.0167215693,60149.623410197026,77335.23009882474,42964.0167215693,68742.42675451087,42964.0167215693,51556.82006588317,85928.0334431386,34371.21337725544,68742.42675451087,42964.0167215693,,42964.0167215693,51556.82006588317,51556.82006588317,34371.21337725544,34371.21337725544,42964.0167215693,85928.0334431386,60149.623410197026,42964.0167215693,42964.0167215693,34371.21337725544,25778.410032941585,25778.410032941585,34371.21337725544,68742.42675451087,25778.410032941585,25778.410032941585,68742.42675451087,42964.0167215693,,,,,77335.23009882474,42964.0167215693,,,,,,,,,,,,,,,,,,,,,,,,,,,,,,,,,,,,,,,,,,,,,,,,,,,,,,,,,,,,,,,,,,,,,,,,,,,,,,,,,,,,,,,,,,,,,,,,,,,,,,,,,
,,,,,,,,,,,,,,,,,,,,,,,,,,,,,,,,,,,,,,,,,,,,,,,,,,,,,,,,,,,,,,,,,,,,,,,,,,,,,,,,,,,,,,,,,,,,,,,34371.21337725544,25778.410032941585,60149.623410197026,25778.410032941585,17185.60668862772,42964.0167215693,60149.623410197026,68742.42675451087,51556.82006588317,94520.83678745247,51556.82006588317,85928.0334431386,34371.21337725544,60149.623410197026,68742.42675451087,51556.82006588317,85928.0334431386,68742.42675451087,77335.23009882474,42964.0167215693,25778.410032941585,25778.410032941585,51556.82006588317,34371.21337725544,42964.0167215693,42964.0167215693,77335.23009882474,42964.0167215693,51556.82006588317,42964.0167215693,17185.60668862772,51556.82006588317,25778.410032941585,60149.623410197026,42964.0167215693,42964.0167215693,42964.0167215693,60149.623410197026,34371.21337725544,60149.623410197026,51556.82006588317,60149.623410197026,51556.82006588317,77335.23009882474,17185.60668862772,34371.21337725544,51556.82006588317,34371.21337725544,34371.21337725544,42964.0167215693,,,,42964.0167215693,60149.623410197026,42964.0167215693,,,,,,,,,,,,,,,,,,,,,,,,,,,,,,,,,,,,,,,,,,,,,,,,,,,,,,,,,,,,,,,,,,,,,,,,,,,,,,,,,,,,,,,,,,,,,,,,,,,,,,,,,
,,,,,,,,,,,,,,,,,,,,,,,,,,,,,,,,,,,,,,,,,,,,,,,,,,,,,,,,,,,,,,,,,,,,,,,,,,,,,,,,,,,,,,,,,,,,,,77335.23009882474,17185.60668862772,25778.410032941585,68742.42675451087,42964.0167215693,60149.623410197026,25778.410032941585,34371.21337725544,60149.623410197026,42964.0167215693,34371.21337725544,42964.0167215693,34371.21337725544,8592.80334431386,120299.24682039405,34371.21337725544,25778.410032941585,60149.623410197026,25778.410032941585,34371.21337725544,25778.410032941585,60149.623410197026,60149.623410197026,25778.410032941585,25778.410032941585,68742.42675451087,42964.0167215693,25778.410032941585,60149.623410197026,25778.410032941585,34371.21337725544,42964.0167215693,60149.623410197026,60149.623410197026,25778.410032941585,25778.410032941585,25778.410032941585,68742.42675451087,42964.0167215693,34371.21337725544,34371.21337725544,60149.623410197026,42964.0167215693,68742.42675451087,85928.0334431386,42964.0167215693,25778.410032941585,17185.60668862772,0.0,42964.0167215693,51556.82006588317,34371.21337725544,,34371.21337725544,51556.82006588317,8592.80334431386,,,,,,,,,,,,,,,,,,,,,,,,,,,,,,,,,,,,,,,,,,,,,,,,,,,,,,,,,,,,,,,,,,,,,,,,,,,,,,,,,,,,,,,,,,,,,,,,,,,,,,,,,,
,,,,,,,,,,,,,,,,,,,,,,,,,,,,,,,,,,,,,,,,,,,,,,,,,,,,,,,,,,,,,,,,,,,,,,,,,,,,,,,,,,,,,,,,,,,,,,42964.0167215693,34371.21337725544,25778.410032941585,34371.21337725544,60149.623410197026,51556.82006588317,42964.0167215693,42964.0167215693,103113.64013176634,77335.23009882474,25778.410032941585,42964.0167215693,60149.623410197026,42964.0167215693,68742.42675451087,77335.23009882474,60149.623410197026,51556.82006588317,51556.82006588317,42964.0167215693,42964.0167215693,68742.42675451087,17185.60668862772,17185.60668862772,60149.623410197026,51556.82006588317,25778.410032941585,34371.21337725544,25778.410032941585,34371.21337725544,42964.0167215693,51556.82006588317,25778.410032941585,60149.623410197026,34371.21337725544,51556.82006588317,68742.42675451087,42964.0167215693,51556.82006588317,103113.64013176634,94520.83678745247,77335.23009882474,17185.60668862772,68742.42675451087,17185.60668862772,25778.410032941585,34371.21337725544,77335.23009882474,42964.0167215693,17185.60668862772,42964.0167215693,42964.0167215693,51556.82006588317,68742.42675451087,51556.82006588317,68742.42675451087,,,34371.21337725544,42964.0167215693,,,,,,,,,,,,,,,,,,,,,,,,,,,,,,,,,,,,,,,,,,,,,,,,,,,,,,,,,,,,,,,,,,,,,,,,,,,,,,,,,,,,,,,,,,,,,,,,,,,,,,
,,,,,,,,,,,,,,,,,,,,,,,,,,,,,,,,,,,,,,,,,,,,,,,,,,,,,,,,,,,,,,,,,,,,,,,,,,,,,,,,,,,,,,,,,,,,,,60149.623410197026,25778.410032941585,51556.82006588317,68742.42675451087,60149.623410197026,42964.0167215693,42964.0167215693,68742.42675451087,51556.82006588317,34371.21337725544,34371.21337725544,34371.21337725544,68742.42675451087,60149.623410197026,94520.83678745247,25778.410032941585,34371.21337725544,25778.410032941585,17185.60668862772,77335.23009882474,42964.0167215693,34371.21337725544,42964.0167215693,34371.21337725544,51556.82006588317,42964.0167215693,34371.21337725544,34371.21337725544,51556.82006588317,60149.623410197026,34371.21337725544,34371.21337725544,42964.0167215693,34371.21337725544,42964.0167215693,103113.64013176634,51556.82006588317,25778.410032941585,85928.0334431386,25778.410032941585,85928.0334431386,51556.82006588317,25778.410032941585,51556.82006588317,17185.60668862772,42964.0167215693,25778.410032941585,51556.82006588317,25778.410032941585,25778.410032941585,8592.80334431386,8592.80334431386,25778.410032941585,34371.21337725544,42964.0167215693,0.0,51556.82006588317,68742.42675451087,60149.623410197026,85928.0334431386,34371.21337725544,,,,51556.82006588317,25778.410032941585,,,,,,,,,,,,,,,,,,,,,,,,,,,,,,,,,,,,,,,,,,,,,,,,,,,,,,,,,,,,,,,,,,,,,,,,,,,,,,,,,,,,,,,,,,,,,,,,
,,,,,,,,,,,,,,,,,,,,,,,,,,,,,,,,,,,,,,,,,,,,,,,,,,,,,,,,,,,,,,,,,,,,,,,,,,,,,,,,,,,,,,,,,,,,,,68742.42675451087,34371.21337725544,51556.82006588317,60149.623410197026,60149.623410197026,60149.623410197026,103113.64013176634,68742.42675451087,34371.21337725544,51556.82006588317,42964.0167215693,51556.82006588317,42964.0167215693,68742.42675451087,0.0,111706.44347608018,85928.0334431386,34371.21337725544,42964.0167215693,25778.410032941585,51556.82006588317,60149.623410197026,60149.623410197026,25778.410032941585,42964.0167215693,68742.42675451087,51556.82006588317,34371.21337725544,25778.410032941585,42964.0167215693,60149.623410197026,34371.21337725544,60149.623410197026,34371.21337725544,34371.21337725544,42964.0167215693,68742.42675451087,34371.21337725544,68742.42675451087,51556.82006588317,34371.21337725544,68742.42675451087,34371.21337725544,68742.42675451087,42964.0167215693,120299.24682039405,42964.0167215693,60149.623410197026,51556.82006588317,34371.21337725544,68742.42675451087,85928.0334431386,60149.623410197026,51556.82006588317,25778.410032941585,60149.623410197026,60149.623410197026,0.0,25778.410032941585,51556.82006588317,60149.623410197026,34371.21337725544,,,85928.0334431386,60149.623410197026,60149.623410197026,,,,,,,,,,,,,,,,,,,,,,,,,,,,,,,,,,,,,,,,,,,,,,,,,,,,,,,,,,,,,,,,,,,,,,,,,,,,,,,,,,,,,,,,,,,,,,,
,,,,,,,,,,,,,,,,,,,,,,,,,,,,,,,,,,,,,,,,,,,,,,,,,,,,,,,,,,,,,,,,,,,,,,,,,,,,,,,,,,,,,,,,,68742.42675451087,42964.0167215693,,,34371.21337725544,51556.82006588317,85928.0334431386,60149.623410197026,8592.80334431386,42964.0167215693,34371.21337725544,85928.0334431386,34371.21337725544,51556.82006588317,25778.410032941585,8592.80334431386,34371.21337725544,34371.21337725544,17185.60668862772,34371.21337725544,25778.410032941585,77335.23009882474,85928.0334431386,8592.80334431386,77335.23009882474,51556.82006588317,25778.410032941585,25778.410032941585,68742.42675451087,77335.23009882474,68742.42675451087,68742.42675451087,51556.82006588317,34371.21337725544,17185.60668862772,51556.82006588317,17185.60668862772,85928.0334431386,51556.82006588317,60149.623410197026,51556.82006588317,34371.21337725544,60149.623410197026,68742.42675451087,42964.0167215693,68742.42675451087,68742.42675451087,51556.82006588317,25778.410032941585,51556.82006588317,51556.82006588317,111706.44347608018,94520.83678745247,51556.82006588317,60149.623410197026,68742.42675451087,42964.0167215693,34371.21337725544,77335.23009882474,68742.42675451087,34371.21337725544,85928.0334431386,77335.23009882474,68742.42675451087,25778.410032941585,51556.82006588317,42964.0167215693,,,42964.0167215693,68742.42675451087,42964.0167215693,34371.21337725544,,,,,,,,,,,,,,,,,,,,,,,,,,,,,,,,,,,,,,,,,,,,,,,,,,,,,,,,,,,,,,,,,,,,,,,,,,,,,,,,,,,,,,,,,,,,,,
,,,,,,,,,,,,,,,,,,,,,,,,,,,,,,,,,,,,,,,,,,,,,,,,,,,,,,,,,,,,,,,,,,,,,,,,,,,,,,,,,,,,,,,,,42964.0167215693,34371.21337725544,42964.0167215693,34371.21337725544,34371.21337725544,42964.0167215693,77335.23009882474,42964.0167215693,34371.21337725544,85928.0334431386,34371.21337725544,85928.0334431386,60149.623410197026,42964.0167215693,68742.42675451087,68742.42675451087,51556.82006588317,42964.0167215693,94520.83678745247,25778.410032941585,68742.42675451087,68742.42675451087,34371.21337725544,25778.410032941585,68742.42675451087,34371.21337725544,42964.0167215693,25778.410032941585,68742.42675451087,34371.21337725544,51556.82006588317,34371.21337725544,25778.410032941585,42964.0167215693,42964.0167215693,25778.410032941585,60149.623410197026,25778.410032941585,42964.0167215693,34371.21337725544,25778.410032941585,68742.42675451087,25778.410032941585,77335.23009882474,17185.60668862772,34371.21337725544,77335.23009882474,42964.0167215693,60149.623410197026,25778.410032941585,34371.21337725544,60149.623410197026,51556.82006588317,25778.410032941585,60149.623410197026,51556.82006588317,60149.623410197026,85928.0334431386,42964.0167215693,77335.23009882474,51556.82006588317,60149.623410197026,60149.623410197026,137484.85350902175,42964.0167215693,51556.82006588317,34371.21337725544,60149.623410197026,25778.410032941585,34371.21337725544,85928.0334431386,25778.410032941585,34371.21337725544,42964.0167215693,,,34371.21337725544,60149.623410197026,34371.21337725544,,,,,,,,,,,,,,,,,,,,,,,,,,,,,,,,,,,,,,,,,,,,,,,,,,,,,,,,,,,,,,,,,,,,,,,,,,,,,,,,,,,,,,,,
,,,,,,,,,,,,,,,,,,,,,,,,,,,,,,,,,,,,,,,,,,,,,,,,,,,,,,,,,,,,,,,,,,,,,,,,,,,,,,,,,,,,,,,,,42964.0167215693,85928.0334431386,42964.0167215693,68742.42675451087,17185.60668862772,34371.21337725544,42964.0167215693,25778.410032941585,42964.0167215693,60149.623410197026,51556.82006588317,60149.623410197026,51556.82006588317,68742.42675451087,85928.0334431386,60149.623410197026,77335.23009882474,17185.60668862772,68742.42675451087,17185.60668862772,94520.83678745247,42964.0167215693,103113.64013176634,42964.0167215693,68742.42675451087,25778.410032941585,17185.60668862772,60149.623410197026,42964.0167215693,34371.21337725544,68742.42675451087,51556.82006588317,42964.0167215693,51556.82006588317,68742.42675451087,51556.82006588317,85928.0334431386,68742.42675451087,77335.23009882474,68742.42675451087,25778.410032941585,34371.21337725544,42964.0167215693,60149.623410197026,51556.82006588317,68742.42675451087,0.0,68742.42675451087,60149.623410197026,51556.82006588317,51556.82006588317,25778.410032941585,94520.83678745247,68742.42675451087,103113.64013176634,77335.23009882474,34371.21337725544,34371.21337725544,25778.410032941585,60149.623410197026,17185.60668862772,42964.0167215693,68742.42675451087,42964.0167215693,42964.0167215693,42964.0167215693,60149.623410197026,51556.82006588317,51556.82006588317,34371.21337725544,34371.21337725544,60149.623410197026,60149.623410197026,34371.21337725544,85928.0334431386,42964.0167215693,51556.82006588317,77335.23009882474,34371.21337725544,51556.82006588317,,68742.42675451087,34371.21337725544,,,,,,,,,,,,,,,,,,,,,,,,,,,,,,,,,,,,,,,,,,,,,,,,,,,,,,,,,,,,,,,,,,,,,,,,,,,,,,,,,,,,
,,,,,,,,,,,,,,,,,,,,,,,,,,,,,,,,,,,,,,,,,,,,,,,,,,,,,,,,,,,,,,,,,,,,,,,,,,,,,,,,,,,,,,,,,17185.60668862772,34371.21337725544,51556.82006588317,42964.0167215693,34371.21337725544,51556.82006588317,0.0,51556.82006588317,68742.42675451087,25778.410032941585,51556.82006588317,42964.0167215693,42964.0167215693,34371.21337725544,25778.410032941585,42964.0167215693,25778.410032941585,77335.23009882474,60149.623410197026,51556.82006588317,51556.82006588317,25778.410032941585,94520.83678745247,60149.623410197026,25778.410032941585,85928.0334431386,34371.21337725544,60149.623410197026,60149.623410197026,25778.410032941585,51556.82006588317,42964.0167215693,42964.0167215693,51556.82006588317,34371.21337725544,25778.410032941585,51556.82006588317,60149.623410197026,51556.82006588317,51556.82006588317,77335.23009882474,77335.23009882474,60149.623410197026,51556.82006588317,42964.0167215693,25778.410032941585,34371.21337725544,42964.0167215693,77335.23009882474,94520.83678745247,128892.05016470792,223412.88695216036,146077.6568533356,17185.60668862772,17185.60668862772,77335.23009882474,51556.82006588317,42964.0167215693,42964.0167215693,34371.21337725544,42964.0167215693,85928.0334431386,51556.82006588317,51556.82006588317,51556.82006588317,60149.623410197026,60149.623410197026,42964.0167215693,51556.82006588317,60149.623410197026,34371.21337725544,25778.410032941585,68742.42675451087,60149.623410197026,8592.80334431386,34371.21337725544,42964.0167215693,42964.0167215693,77335.23009882474,51556.82006588317,51556.82006588317,85928.0334431386,51556.82006588317,,,,,,,,,,,,,,,,,,,,,,,,,,,,,,,,,,,,,,,,,,,,,,,,,,,,,,,,,,,,,,,,,,,,,,,,,,,,,,,,,,,,
,,,,,,,,,,,,,,,,,,,,,,,,,,,,,,,,,,,,,,,,,,,,,,,,,,,,,,,,,,,,,,,,,,,,,,,,,,,,,,,,,,,,,,,,25778.410032941585,51556.82006588317,17185.60668862772,17185.60668862772,0.0,51556.82006588317,60149.623410197026,51556.82006588317,68742.42675451087,17185.60668862772,34371.21337725544,42964.0167215693,34371.21337725544,42964.0167215693,60149.623410197026,17185.60668862772,17185.60668862772,111706.44347608018,68742.42675451087,77335.23009882474,85928.0334431386,34371.21337725544,60149.623410197026,60149.623410197026,51556.82006588317,60149.623410197026,68742.42675451087,60149.623410197026,34371.21337725544,68742.42675451087,51556.82006588317,85928.0334431386,77335.23009882474,42964.0167215693,60149.623410197026,68742.42675451087,68742.42675451087,77335.23009882474,42964.0167215693,103113.64013176634,60149.623410197026,68742.42675451087,68742.42675451087,34371.21337725544,17185.60668862772,60149.623410197026,8592.80334431386,42964.0167215693,25778.410032941585,85928.0334431386,171856.0668862772,180448.87023059107,180448.87023059107,60149.623410197026,94520.83678745247,60149.623410197026,51556.82006588317,77335.23009882474,42964.0167215693,34371.21337725544,77335.23009882474,34371.21337725544,42964.0167215693,68742.42675451087,34371.21337725544,25778.410032941585,68742.42675451087,42964.0167215693,34371.21337725544,17185.60668862772,60149.623410197026,17185.60668862772,34371.21337725544,25778.410032941585,51556.82006588317,25778.410032941585,25778.410032941585,34371.21337725544,34371.21337725544,34371.21337725544,51556.82006588317,42964.0167215693,25778.410032941585,25778.410032941585,,,34371.21337725544,68742.42675451087,42964.0167215693,,,34371.21337725544,,,,,,,,,,,,,,,,,,,,,,,,,,,,,,,,,,,,,,,,,,,,,,,,,,,,,,,,,,,,,,,,,,,,,,,,,,,,
,,,,,,,,,,,,,,,,,,,,,,,,,,,,,,,,,,,,,,,,,,,,,,,,,,,,,,,,,,,,,,,,,,,,,,,,,,,,,,,,,,,,,,,51556.82006588317,68742.42675451087,51556.82006588317,94520.83678745247,68742.42675451087,77335.23009882474,51556.82006588317,34371.21337725544,0.0,34371.21337725544,42964.0167215693,111706.44347608018,42964.0167215693,42964.0167215693,51556.82006588317,17185.60668862772,68742.42675451087,68742.42675451087,60149.623410197026,68742.42675451087,25778.410032941585,85928.0334431386,51556.82006588317,77335.23009882474,42964.0167215693,51556.82006588317,60149.623410197026,68742.42675451087,60149.623410197026,68742.42675451087,42964.0167215693,42964.0167215693,51556.82006588317,103113.64013176634,25778.410032941585,68742.42675451087,68742.42675451087,51556.82006588317,51556.82006588317,111706.44347608018,25778.410032941585,51556.82006588317,42964.0167215693,77335.23009882474,51556.82006588317,77335.23009882474,85928.0334431386,34371.21337725544,51556.82006588317,25778.410032941585,68742.42675451087,128892.05016470792,206227.28026353268,197634.47691921878,189041.67357490494,111706.44347608018,42964.0167215693,34371.21337725544,60149.623410197026,34371.21337725544,60149.623410197026,60149.623410197026,85928.0334431386,77335.23009882474,42964.0167215693,111706.44347608018,60149.623410197026,77335.23009882474,51556.82006588317,51556.82006588317,42964.0167215693,34371.21337725544,25778.410032941585,51556.82006588317,34371.21337725544,85928.0334431386,42964.0167215693,25778.410032941585,68742.42675451087,42964.0167215693,17185.60668862772,68742.42675451087,51556.82006588317,42964.0167215693,51556.82006588317,,,85928.0334431386,42964.0167215693,68742.42675451087,25778.410032941585,68742.42675451087,51556.82006588317,,,,,,,,,,,,,,,,,,,,,,,,,,,,,,,,,,,,,,,,,,,,,,,,,,,,,,,,,,,,,,,,,,,,,,,,,,,,
,,,,,,,,,,,,,,,,,,,,,,,,,,,,,,,,,,,,,,,,,,,,,,,,,,,,,,,,,,,,,,,,,,,,,,,,,,,,,,,,,,,,,,,25778.410032941585,51556.82006588317,68742.42675451087,68742.42675451087,51556.82006588317,34371.21337725544,8592.80334431386,103113.64013176634,34371.21337725544,51556.82006588317,34371.21337725544,42964.0167215693,51556.82006588317,34371.21337725544,17185.60668862772,34371.21337725544,42964.0167215693,60149.623410197026,77335.23009882474,60149.623410197026,68742.42675451087,25778.410032941585,60149.623410197026,42964.0167215693,60149.623410197026,42964.0167215693,34371.21337725544,51556.82006588317,42964.0167215693,68742.42675451087,77335.23009882474,42964.0167215693,51556.82006588317,42964.0167215693,42964.0167215693,34371.21337725544,68742.42675451087,51556.82006588317,51556.82006588317,51556.82006588317,51556.82006588317,42964.0167215693,25778.410032941585,77335.23009882474,103113.64013176634,68742.42675451087,25778.410032941585,17185.60668862772,51556.82006588317,68742.42675451087,25778.410032941585,111706.44347608018,163263.26354196333,171856.0668862772,51556.82006588317,51556.82006588317,60149.623410197026,60149.623410197026,77335.23009882474,60149.623410197026,42964.0167215693,77335.23009882474,42964.0167215693,34371.21337725544,42964.0167215693,34371.21337725544,51556.82006588317,42964.0167215693,25778.410032941585,42964.0167215693,17185.60668862772,25778.410032941585,60149.623410197026,34371.21337725544,34371.21337725544,25778.410032941585,51556.82006588317,42964.0167215693,17185.60668862772,42964.0167215693,42964.0167215693,42964.0167215693,42964.0167215693,42964.0167215693,51556.82006588317,,25778.410032941585,34371.21337725544,51556.82006588317,51556.82006588317,34371.21337725544,,,,,,,,,,,,,,,,,,,,,,,,,,,,,,,,,,,,,,,,,,,,,,,,,,,,,,,,,,,,,,,,,,,,,,,,,,,,,,
,,,,,,,,,,,,,,,,,,,,,,,,,,,,,,,,,,,,,,,,,,,,,,,,,,,,,,,,,,,,,,,,,,,,,,,,,,,,,,,,,,,,,,42964.0167215693,111706.44347608018,42964.0167215693,85928.0334431386,51556.82006588317,34371.21337725544,51556.82006588317,68742.42675451087,25778.410032941585,68742.42675451087,60149.623410197026,60149.623410197026,68742.42675451087,51556.82006588317,60149.623410197026,85928.0334431386,68742.42675451087,85928.0334431386,51556.82006588317,34371.21337725544,17185.60668862772,25778.410032941585,42964.0167215693,85928.0334431386,51556.82006588317,103113.64013176634,77335.23009882474,68742.42675451087,128892.05016470792,85928.0334431386,34371.21337725544,85928.0334431386,68742.42675451087,42964.0167215693,42964.0167215693,42964.0167215693,34371.21337725544,68742.42675451087,77335.23009882474,68742.42675451087,51556.82006588317,51556.82006588317,103113.64013176634,25778.410032941585,103113.64013176634,42964.0167215693,51556.82006588317,60149.623410197026,42964.0167215693,60149.623410197026,85928.0334431386,77335.23009882474,111706.44347608018,128892.05016470792,163263.26354196333,103113.64013176634,51556.82006588317,60149.623410197026,68742.42675451087,60149.623410197026,34371.21337725544,51556.82006588317,60149.623410197026,120299.24682039405,60149.623410197026,60149.623410197026,17185.60668862772,42964.0167215693,60149.623410197026,77335.23009882474,34371.21337725544,51556.82006588317,8592.80334431386,42964.0167215693,34371.21337725544,34371.21337725544,34371.21337725544,0.0,68742.42675451087,17185.60668862772,34371.21337725544,42964.0167215693,42964.0167215693,25778.410032941585,42964.0167215693,25778.410032941585,42964.0167215693,25778.410032941585,60149.623410197026,68742.42675451087,60149.623410197026,17185.60668862772,,,,,,,,,,,,,,,,,,,,,,,,,,,,,,,,,,,,,,,,,,,,,,,,,,,,,,,,,,,,,,,,,,,,,,,,,,,,,,
,,,,,,,,,,,,,,,,,,,,,,,,,,,,,,,,,,,,,,,,,,,,,,,,,,,,,,,,,,,,,,,,,,,,,,,,,,,,,,,,,,,,,25778.410032941585,51556.82006588317,42964.0167215693,85928.0334431386,68742.42675451087,68742.42675451087,68742.42675451087,51556.82006588317,42964.0167215693,77335.23009882474,51556.82006588317,42964.0167215693,51556.82006588317,51556.82006588317,17185.60668862772,51556.82006588317,17185.60668862772,25778.410032941585,77335.23009882474,42964.0167215693,17185.60668862772,42964.0167215693,60149.623410197026,94520.83678745247,85928.0334431386,60149.623410197026,85928.0334431386,51556.82006588317,8592.80334431386,60149.623410197026,34371.21337725544,68742.42675451087,25778.410032941585,34371.21337725544,77335.23009882474,17185.60668862772,60149.623410197026,60149.623410197026,51556.82006588317,25778.410032941585,25778.410032941585,51556.82006588317,77335.23009882474,51556.82006588317,34371.21337725544,42964.0167215693,51556.82006588317,103113.64013176634,85928.0334431386,51556.82006588317,111706.44347608018,60149.623410197026,77335.23009882474,60149.623410197026,128892.05016470792,180448.87023059107,85928.0334431386,51556.82006588317,60149.623410197026,60149.623410197026,60149.623410197026,60149.623410197026,42964.0167215693,51556.82006588317,68742.42675451087,51556.82006588317,34371.21337725544,103113.64013176634,51556.82006588317,51556.82006588317,51556.82006588317,17185.60668862772,25778.410032941585,68742.42675451087,51556.82006588317,42964.0167215693,51556.82006588317,17185.60668862772,34371.21337725544,60149.623410197026,17185.60668862772,60149.623410197026,60149.623410197026,25778.410032941585,85928.0334431386,60149.623410197026,25778.410032941585,60149.623410197026,68742.42675451087,146077.6568533356,51556.82006588317,77335.23009882474,42964.0167215693,68742.42675451087,,,,,,,,,,,,,,,,,,,,,,,,,,,,,,,,,,,,,,,,,,,,,,,,,,,,,,,,,,,,,,,,,,,,,,,,,,,,,
,,,,,,,,,,,,,,,,,,,,,,,,,,,,,,,,,,,,,,,,,,,,,,,,,,,,,,,,,,,,,,,,,,,,,,,,,,,,,,,,,,,,,51556.82006588317,42964.0167215693,34371.21337725544,51556.82006588317,34371.21337725544,42964.0167215693,77335.23009882474,8592.80334431386,42964.0167215693,42964.0167215693,34371.21337725544,34371.21337725544,34371.21337725544,8592.80334431386,17185.60668862772,60149.623410197026,94520.83678745247,60149.623410197026,42964.0167215693,25778.410032941585,42964.0167215693,25778.410032941585,85928.0334431386,51556.82006588317,42964.0167215693,68742.42675451087,42964.0167215693,42964.0167215693,34371.21337725544,51556.82006588317,34371.21337725544,68742.42675451087,77335.23009882474,60149.623410197026,51556.82006588317,42964.0167215693,60149.623410197026,42964.0167215693,60149.623410197026,60149.623410197026,77335.23009882474,60149.623410197026,34371.21337725544,77335.23009882474,42964.0167215693,34371.21337725544,51556.82006588317,42964.0167215693,77335.23009882474,68742.42675451087,103113.64013176634,68742.42675451087,77335.23009882474,103113.64013176634,197634.47691921878,111706.44347608018,146077.6568533356,68742.42675451087,94520.83678745247,17185.60668862772,60149.623410197026,146077.6568533356,42964.0167215693,94520.83678745247,42964.0167215693,51556.82006588317,51556.82006588317,17185.60668862772,34371.21337725544,68742.42675451087,42964.0167215693,17185.60668862772,34371.21337725544,17185.60668862772,34371.21337725544,17185.60668862772,17185.60668862772,25778.410032941585,51556.82006588317,25778.410032941585,25778.410032941585,51556.82006588317,42964.0167215693,51556.82006588317,25778.410032941585,34371.21337725544,34371.21337725544,51556.82006588317,42964.0167215693,85928.0334431386,120299.24682039405,85928.0334431386,34371.21337725544,34371.21337725544,,,,,,,,,,,,,,,,,,,,,,,,,,,,,,,,,,,,,,,,,,,,,,,,,,,,,,,,,,,,,,,,,,,,,,,,,,,,,
,,,,,,,,,,,,,,,,,,,,,,,,,,,,,,,,,,,,,,,,,,,,,,,,,,,,,,,,,,,,,,,,,,,,,,,,,,,,,,,,,,,,,42964.0167215693,60149.623410197026,85928.0334431386,60149.623410197026,77335.23009882474,94520.83678745247,68742.42675451087,51556.82006588317,25778.410032941585,60149.623410197026,77335.23009882474,94520.83678745247,68742.42675451087,42964.0167215693,42964.0167215693,60149.623410197026,42964.0167215693,34371.21337725544,51556.82006588317,68742.42675451087,51556.82006588317,77335.23009882474,60149.623410197026,103113.64013176634,60149.623410197026,17185.60668862772,42964.0167215693,85928.0334431386,68742.42675451087,60149.623410197026,60149.623410197026,42964.0167215693,77335.23009882474,34371.21337725544,60149.623410197026,85928.0334431386,68742.42675451087,51556.82006588317,42964.0167215693,42964.0167215693,25778.410032941585,85928.0334431386,51556.82006588317,60149.623410197026,85928.0334431386,60149.623410197026,77335.23009882474,51556.82006588317,68742.42675451087,60149.623410197026,60149.623410197026,103113.64013176634,68742.42675451087,77335.23009882474,154670.4601976495,85928.0334431386,85928.0334431386,60149.623410197026,42964.0167215693,25778.410032941585,34371.21337725544,34371.21337725544,94520.83678745247,51556.82006588317,51556.82006588317,34371.21337725544,85928.0334431386,34371.21337725544,42964.0167215693,25778.410032941585,42964.0167215693,34371.21337725544,34371.21337725544,51556.82006588317,85928.0334431386,68742.42675451087,34371.21337725544,42964.0167215693,60149.623410197026,68742.42675451087,25778.410032941585,42964.0167215693,60149.623410197026,42964.0167215693,51556.82006588317,25778.410032941585,42964.0167215693,34371.21337725544,42964.0167215693,68742.42675451087,51556.82006588317,60149.623410197026,60149.623410197026,34371.21337725544,51556.82006588317,,,,,,,,,,,,,,,,,,,,,,,,,,,,,,,,,,,,,,,,,,,,,,,,,,,,,,,,,,,,,,,,,,,,,,,,,,,,
,,,,,,,,,,,,,,,,,,,,,,,,,,,,,,,,,,,,,,,,,,,,,,,,,,,,,,,,,,,,,,,,,,,,,,,,,,,,,,,,,,,,51556.82006588317,25778.410032941585,51556.82006588317,85928.0334431386,85928.0334431386,42964.0167215693,85928.0334431386,85928.0334431386,42964.0167215693,85928.0334431386,60149.623410197026,68742.42675451087,85928.0334431386,154670.4601976495,103113.64013176634,85928.0334431386,94520.83678745247,42964.0167215693,51556.82006588317,42964.0167215693,42964.0167215693,34371.21337725544,68742.42675451087,34371.21337725544,77335.23009882474,60149.623410197026,34371.21337725544,42964.0167215693,60149.623410197026,25778.410032941585,68742.42675451087,68742.42675451087,77335.23009882474,25778.410032941585,34371.21337725544,103113.64013176634,17185.60668862772,60149.623410197026,8592.80334431386,68742.42675451087,60149.623410197026,34371.21337725544,94520.83678745247,42964.0167215693,85928.0334431386,85928.0334431386,51556.82006588317,85928.0334431386,51556.82006588317,68742.42675451087,60149.623410197026,68742.42675451087,25778.410032941585,34371.21337725544,94520.83678745247,85928.0334431386,120299.24682039405,51556.82006588317,68742.42675451087,42964.0167215693,34371.21337725544,42964.0167215693,94520.83678745247,51556.82006588317,94520.83678745247,42964.0167215693,42964.0167215693,60149.623410197026,34371.21337725544,42964.0167215693,60149.623410197026,51556.82006588317,34371.21337725544,51556.82006588317,25778.410032941585,51556.82006588317,34371.21337725544,42964.0167215693,51556.82006588317,60149.623410197026,77335.23009882474,17185.60668862772,60149.623410197026,25778.410032941585,51556.82006588317,51556.82006588317,34371.21337725544,51556.82006588317,17185.60668862772,8592.80334431386,51556.82006588317,42964.0167215693,34371.21337725544,25778.410032941585,60149.623410197026,42964.0167215693,,,,,,34371.21337725544,42964.0167215693,,,,,,,,,,,,,,,34371.21337725544,34371.21337725544,,,,,,,,,,,,,,,,,,,,,,,,,,,,,,,,,,,,,,,,,,,,,,,,,,,,,
,,,,,,,,,,,,,,,,,,,,,,,,,,,,,,,,,,,,,,,,,,,,,,,,,,,,,,,,,,,,,,,,,,,,,,,,,,,,,,,,,51556.82006588317,34371.21337725544,51556.82006588317,34371.21337725544,51556.82006588317,25778.410032941585,171856.0668862772,146077.6568533356,68742.42675451087,94520.83678745247,34371.21337725544,103113.64013176634,85928.0334431386,77335.23009882474,34371.21337725544,154670.4601976495,154670.4601976495,180448.87023059107,154670.4601976495,103113.64013176634,94520.83678745247,42964.0167215693,60149.623410197026,42964.0167215693,85928.0334431386,60149.623410197026,17185.60668862772,85928.0334431386,42964.0167215693,68742.42675451087,51556.82006588317,51556.82006588317,68742.42675451087,25778.410032941585,51556.82006588317,51556.82006588317,42964.0167215693,42964.0167215693,60149.623410197026,77335.23009882474,42964.0167215693,94520.83678745247,85928.0334431386,51556.82006588317,85928.0334431386,34371.21337725544,51556.82006588317,60149.623410197026,94520.83678745247,77335.23009882474,51556.82006588317,34371.21337725544,60149.623410197026,77335.23009882474,120299.24682039405,51556.82006588317,51556.82006588317,68742.42675451087,60149.623410197026,60149.623410197026,68742.42675451087,60149.623410197026,51556.82006588317,25778.410032941585,25778.410032941585,51556.82006588317,111706.44347608018,111706.44347608018,85928.0334431386,103113.64013176634,77335.23009882474,68742.42675451087,34371.21337725544,25778.410032941585,120299.24682039405,68742.42675451087,25778.410032941585,17185.60668862772,0.0,60149.623410197026,77335.23009882474,51556.82006588317,17185.60668862772,77335.23009882474,51556.82006588317,34371.21337725544,42964.0167215693,34371.21337725544,42964.0167215693,42964.0167215693,51556.82006588317,17185.60668862772,25778.410032941585,8592.80334431386,17185.60668862772,42964.0167215693,25778.410032941585,,,,,,,94520.83678745247,25778.410032941585,77335.23009882474,,,,,,,,,,,,,,,60149.623410197026,51556.82006588317,42964.0167215693,,,,,,,,,,,,,,,,,,,,,,,,,,,,,,,,,,,,,,,,,,,,,,,,,,,,
,,,,,,,,,,,,,,,,,,,,,,,,,,,,,,,,,,,,,,,,,,,,,,,,,,,,,,,,,,,,,,,,,,,,,,,,,,,,,,,,51556.82006588317,51556.82006588317,51556.82006588317,42964.0167215693,25778.410032941585,17185.60668862772,154670.4601976495,154670.4601976495,146077.6568533356,94520.83678745247,42964.0167215693,68742.42675451087,42964.0167215693,42964.0167215693,94520.83678745247,111706.44347608018,68742.42675451087,120299.24682039405,137484.85350902175,137484.85350902175,163263.26354196333,60149.623410197026,42964.0167215693,34371.21337725544,51556.82006588317,85928.0334431386,85928.0334431386,25778.410032941585,51556.82006588317,85928.0334431386,68742.42675451087,85928.0334431386,42964.0167215693,51556.82006588317,60149.623410197026,60149.623410197026,51556.82006588317,77335.23009882474,128892.05016470792,85928.0334431386,60149.623410197026,51556.82006588317,94520.83678745247,34371.21337725544,42964.0167215693,51556.82006588317,42964.0167215693,94520.83678745247,60149.623410197026,68742.42675451087,51556.82006588317,120299.24682039405,77335.23009882474,85928.0334431386,68742.42675451087,68742.42675451087,111706.44347608018,85928.0334431386,25778.410032941585,42964.0167215693,42964.0167215693,51556.82006588317,103113.64013176634,77335.23009882474,34371.21337725544,51556.82006588317,60149.623410197026,42964.0167215693,42964.0167215693,77335.23009882474,60149.623410197026,68742.42675451087,34371.21337725544,34371.21337725544,34371.21337725544,60149.623410197026,51556.82006588317,42964.0167215693,17185.60668862772,25778.410032941585,34371.21337725544,60149.623410197026,60149.623410197026,51556.82006588317,34371.21337725544,8592.80334431386,51556.82006588317,17185.60668862772,17185.60668862772,25778.410032941585,42964.0167215693,34371.21337725544,94520.83678745247,77335.23009882474,25778.410032941585,17185.60668862772,51556.82006588317,51556.82006588317,,,,,,,68742.42675451087,34371.21337725544,34371.21337725544,,,,,,,,,,,,,34371.21337725544,25778.410032941585,60149.623410197026,111706.44347608018,25778.410032941585,,,,,,,,,,,,,,,,,,,,,,,,,,,,,,,,,,,,,,,,,,,,,,,,,,,,
,,,,,,,,,,,,,,,,,,,,,,,,,,,,,,,,,,,,,,,,,,,,,,,,,,,,,,,,,,,,,,,,,,,,,,,,,,,,,,,,34371.21337725544,94520.83678745247,77335.23009882474,51556.82006588317,94520.83678745247,103113.64013176634,128892.05016470792,111706.44347608018,103113.64013176634,68742.42675451087,51556.82006588317,60149.623410197026,51556.82006588317,60149.623410197026,51556.82006588317,68742.42675451087,51556.82006588317,163263.26354196333,189041.67357490494,120299.24682039405,137484.85350902175,68742.42675451087,68742.42675451087,25778.410032941585,34371.21337725544,42964.0167215693,60149.623410197026,68742.42675451087,34371.21337725544,85928.0334431386,25778.410032941585,51556.82006588317,68742.42675451087,42964.0167215693,85928.0334431386,42964.0167215693,68742.42675451087,68742.42675451087,25778.410032941585,51556.82006588317,60149.623410197026,68742.42675451087,42964.0167215693,68742.42675451087,60149.623410197026,68742.42675451087,60149.623410197026,25778.410032941585,103113.64013176634,85928.0334431386,60149.623410197026,68742.42675451087,68742.42675451087,42964.0167215693,60149.623410197026,51556.82006588317,51556.82006588317,137484.85350902175,51556.82006588317,51556.82006588317,77335.23009882474,42964.0167215693,51556.82006588317,60149.623410197026,60149.623410197026,60149.623410197026,42964.0167215693,77335.23009882474,85928.0334431386,68742.42675451087,51556.82006588317,111706.44347608018,51556.82006588317,51556.82006588317,60149.623410197026,34371.21337725544,60149.623410197026,51556.82006588317,77335.23009882474,42964.0167215693,68742.42675451087,60149.623410197026,85928.0334431386,51556.82006588317,85928.0334431386,42964.0167215693,34371.21337725544,17185.60668862772,42964.0167215693,8592.80334431386,42964.0167215693,42964.0167215693,8592.80334431386,68742.42675451087,51556.82006588317,8592.80334431386,94520.83678745247,60149.623410197026,,,,,,,25778.410032941585,60149.623410197026,68742.42675451087,,,,,,,,,,,42964.0167215693,94520.83678745247,42964.0167215693,51556.82006588317,25778.410032941585,42964.0167215693,,,,,,,,,,,,,,,,,,,,,,,,,,,,,,,,,,,,,,,,,,,,,,,,,,,,,
,,,,,,,,,,,,,,,,,,,,,,,,,,,,,,,,,,,,,,,,,,,,,,,,,,,,,,,,,,,,,,,,,,,,,,,,,,,,,,,,51556.82006588317,17185.60668862772,34371.21337725544,42964.0167215693,77335.23009882474,197634.47691921878,154670.4601976495,120299.24682039405,120299.24682039405,34371.21337725544,77335.23009882474,60149.623410197026,51556.82006588317,42964.0167215693,8592.80334431386,34371.21337725544,85928.0334431386,103113.64013176634,77335.23009882474,163263.26354196333,103113.64013176634,25778.410032941585,77335.23009882474,68742.42675451087,77335.23009882474,94520.83678745247,51556.82006588317,77335.23009882474,137484.85350902175,60149.623410197026,51556.82006588317,60149.623410197026,68742.42675451087,77335.23009882474,51556.82006588317,17185.60668862772,42964.0167215693,77335.23009882474,34371.21337725544,68742.42675451087,51556.82006588317,60149.623410197026,51556.82006588317,17185.60668862772,42964.0167215693,17185.60668862772,51556.82006588317,60149.623410197026,120299.24682039405,94520.83678745247,85928.0334431386,111706.44347608018,111706.44347608018,111706.44347608018,42964.0167215693,85928.0334431386,60149.623410197026,17185.60668862772,51556.82006588317,103113.64013176634,77335.23009882474,68742.42675451087,60149.623410197026,42964.0167215693,51556.82006588317,68742.42675451087,25778.410032941585,42964.0167215693,34371.21337725544,77335.23009882474,51556.82006588317,68742.42675451087,85928.0334431386,42964.0167215693,60149.623410197026,42964.0167215693,34371.21337725544,17185.60668862772,42964.0167215693,42964.0167215693,85928.0334431386,60149.623410197026,77335.23009882474,8592.80334431386,51556.82006588317,34371.21337725544,34371.21337725544,25778.410032941585,25778.410032941585,25778.410032941585,17185.60668862772,25778.410032941585,25778.410032941585,17185.60668862772,60149.623410197026,77335.23009882474,8592.80334431386,,,,,,,,,42964.0167215693,51556.82006588317,,,,,,,,,60149.623410197026,34371.21337725544,34371.21337725544,94520.83678745247,34371.21337725544,,,,,,,,,,,,,,,,,,,,,,,,,,,,,,,,,,,,,,,,,,,,,,,,,,,,,,,,
,,,,,,,,,,,,,,,,,,,,,,,,,,,,,,,,,,,,,,,,,,,,,,,,,,,,,,,,,,,,,,,,,,,,,,,,,,,,,51556.82006588317,25778.410032941585,,,,25778.410032941585,68742.42675451087,103113.64013176634,85928.0334431386,128892.05016470792,85928.0334431386,85928.0334431386,34371.21337725544,68742.42675451087,60149.623410197026,94520.83678745247,51556.82006588317,94520.83678745247,103113.64013176634,103113.64013176634,85928.0334431386,206227.28026353268,154670.4601976495,51556.82006588317,34371.21337725544,60149.623410197026,51556.82006588317,25778.410032941585,68742.42675451087,85928.0334431386,17185.60668862772,77335.23009882474,34371.21337725544,68742.42675451087,60149.623410197026,42964.0167215693,42964.0167215693,34371.21337725544,85928.0334431386,8592.80334431386,51556.82006588317,42964.0167215693,68742.42675451087,25778.410032941585,42964.0167215693,42964.0167215693,68742.42675451087,34371.21337725544,60149.623410197026,85928.0334431386,42964.0167215693,85928.0334431386,51556.82006588317,85928.0334431386,60149.623410197026,77335.23009882474,68742.42675451087,85928.0334431386,8592.80334431386,60149.623410197026,25778.410032941585,17185.60668862772,34371.21337725544,51556.82006588317,60149.623410197026,68742.42675451087,34371.21337725544,51556.82006588317,94520.83678745247,25778.410032941585,34371.21337725544,85928.0334431386,34371.21337725544,77335.23009882474,34371.21337725544,25778.410032941585,34371.21337725544,51556.82006588317,60149.623410197026,77335.23009882474,51556.82006588317,8592.80334431386,25778.410032941585,51556.82006588317,51556.82006588317,42964.0167215693,60149.623410197026,60149.623410197026,34371.21337725544,42964.0167215693,25778.410032941585,85928.0334431386,42964.0167215693,42964.0167215693,17185.60668862772,42964.0167215693,77335.23009882474,,,,,,,,,,,,25778.410032941585,60149.623410197026,,,,,,,,,17185.60668862772,25778.410032941585,42964.0167215693,34371.21337725544,51556.82006588317,,,,,42964.0167215693,42964.0167215693,,,,,,,,,,,,,,,,,,,,,,,,,,,,,,,,,,,,,,,,,,,,,,,,,,
,,,,,,,,,,,,,,,,,,,,,,,,,,,,,,,,,,,,,,,,,,,,,,,,,,,,,,,,,,,,,,,,,,,,,,,,,,51556.82006588317,51556.82006588317,25778.410032941585,85928.0334431386,60149.623410197026,51556.82006588317,,,25778.410032941585,34371.21337725544,60149.623410197026,103113.64013176634,120299.24682039405,171856.0668862772,60149.623410197026,60149.623410197026,60149.623410197026,51556.82006588317,60149.623410197026,17185.60668862772,34371.21337725544,42964.0167215693,111706.44347608018,60149.623410197026,128892.05016470792,94520.83678745247,94520.83678745247,68742.42675451087,94520.83678745247,68742.42675451087,77335.23009882474,111706.44347608018,77335.23009882474,51556.82006588317,51556.82006588317,34371.21337725544,77335.23009882474,111706.44347608018,68742.42675451087,34371.21337725544,60149.623410197026,34371.21337725544,60149.623410197026,34371.21337725544,68742.42675451087,68742.42675451087,68742.42675451087,68742.42675451087,68742.42675451087,42964.0167215693,77335.23009882474,68742.42675451087,51556.82006588317,17185.60668862772,60149.623410197026,51556.82006588317,68742.42675451087,68742.42675451087,94520.83678745247,42964.0167215693,51556.82006588317,68742.42675451087,25778.410032941585,51556.82006588317,17185.60668862772,51556.82006588317,34371.21337725544,60149.623410197026,68742.42675451087,60149.623410197026,42964.0167215693,60149.623410197026,42964.0167215693,42964.0167215693,68742.42675451087,34371.21337725544,25778.410032941585,51556.82006588317,94520.83678745247,77335.23009882474,51556.82006588317,103113.64013176634,42964.0167215693,51556.82006588317,34371.21337725544,34371.21337725544,34371.21337725544,25778.410032941585,60149.623410197026,25778.410032941585,51556.82006588317,77335.23009882474,34371.21337725544,34371.21337725544,60149.623410197026,34371.21337725544,85928.0334431386,42964.0167215693,51556.82006588317,60149.623410197026,,,,,,,,,,,42964.0167215693,51556.82006588317,60149.623410197026,60149.623410197026,,,,,,,,25778.410032941585,68742.42675451087,34371.21337725544,25778.410032941585,,,,,25778.410032941585,68742.42675451087,68742.42675451087,51556.82006588317,,,,,,,,,,,,,,,,,,,,,,,,,,,,,,,,,,,,,,,,,,,,,,,,,
,,,,,,,,,,,,,,,,,,,,,,,,,,,,,,,,,,,,,,,,,,,,,,,,,,,,,,,,,,,,,,,,,,,,,,,,,,34371.21337725544,60149.623410197026,68742.42675451087,51556.82006588317,34371.21337725544,34371.21337725544,,,60149.623410197026,77335.23009882474,85928.0334431386,25778.410032941585,60149.623410197026,60149.623410197026,103113.64013176634,60149.623410197026,34371.21337725544,68742.42675451087,51556.82006588317,42964.0167215693,51556.82006588317,51556.82006588317,42964.0167215693,42964.0167215693,60149.623410197026,68742.42675451087,42964.0167215693,85928.0334431386,51556.82006588317,68742.42675451087,25778.410032941585,60149.623410197026,85928.0334431386,51556.82006588317,60149.623410197026,60149.623410197026,68742.42675451087,111706.44347608018,34371.21337725544,68742.42675451087,60149.623410197026,34371.21337725544,51556.82006588317,51556.82006588317,42964.0167215693,51556.82006588317,68742.42675451087,42964.0167215693,42964.0167215693,42964.0167215693,51556.82006588317,25778.410032941585,60149.623410197026,42964.0167215693,60149.623410197026,17185.60668862772,34371.21337725544,68742.42675451087,34371.21337725544,51556.82006588317,77335.23009882474,17185.60668862772,68742.42675451087,68742.42675451087,34371.21337725544,34371.21337725544,60149.623410197026,51556.82006588317,68742.42675451087,51556.82006588317,77335.23009882474,51556.82006588317,42964.0167215693,94520.83678745247,77335.23009882474,68742.42675451087,77335.23009882474,34371.21337725544,85928.0334431386,68742.42675451087,85928.0334431386,94520.83678745247,42964.0167215693,17185.60668862772,85928.0334431386,25778.410032941585,85928.0334431386,42964.0167215693,85928.0334431386,8592.80334431386,42964.0167215693,42964.0167215693,8592.80334431386,34371.21337725544,68742.42675451087,77335.23009882474,25778.410032941585,68742.42675451087,25778.410032941585,60149.623410197026,,,,,,,,,,51556.82006588317,60149.623410197026,42964.0167215693,60149.623410197026,34371.21337725544,51556.82006588317,60149.623410197026,51556.82006588317,,,60149.623410197026,60149.623410197026,34371.21337725544,34371.21337725544,34371.21337725544,77335.23009882474,8592.80334431386,68742.42675451087,51556.82006588317,17185.60668862772,42964.0167215693,60149.623410197026,34371.21337725544,42964.0167215693,,,,,,,,,,,,,,,,,,,,,,,,,,,,,,,,,,,,,,,,,,,,,,,,,
,,,,,,,,,,,,,,,,,,,,,,,,,,,,,,,,,,,,,,,,,,,,,,,,,,,,,,,,,,,,,,,,,,,,,,,,,,,34371.21337725544,60149.623410197026,68742.42675451087,60149.623410197026,42964.0167215693,94520.83678745247,25778.410032941585,42964.0167215693,51556.82006588317,42964.0167215693,60149.623410197026,103113.64013176634,34371.21337725544,68742.42675451087,60149.623410197026,68742.42675451087,42964.0167215693,34371.21337725544,42964.0167215693,60149.623410197026,42964.0167215693,8592.80334431386,51556.82006588317,68742.42675451087,68742.42675451087,94520.83678745247,77335.23009882474,42964.0167215693,42964.0167215693,77335.23009882474,77335.23009882474,77335.23009882474,60149.623410197026,60149.623410197026,42964.0167215693,77335.23009882474,25778.410032941585,34371.21337725544,51556.82006588317,68742.42675451087,128892.05016470792,68742.42675451087,51556.82006588317,51556.82006588317,34371.21337725544,68742.42675451087,94520.83678745247,85928.0334431386,51556.82006588317,85928.0334431386,51556.82006588317,42964.0167215693,34371.21337725544,51556.82006588317,94520.83678745247,51556.82006588317,51556.82006588317,103113.64013176634,77335.23009882474,60149.623410197026,17185.60668862772,17185.60668862772,25778.410032941585,60149.623410197026,51556.82006588317,60149.623410197026,51556.82006588317,42964.0167215693,68742.42675451087,94520.83678745247,77335.23009882474,85928.0334431386,77335.23009882474,94520.83678745247,60149.623410197026,42964.0167215693,85928.0334431386,34371.21337725544,85928.0334431386,51556.82006588317,42964.0167215693,34371.21337725544,68742.42675451087,77335.23009882474,34371.21337725544,60149.623410197026,34371.21337725544,85928.0334431386,60149.623410197026,17185.60668862772,42964.0167215693,60149.623410197026,94520.83678745247,68742.42675451087,8592.80334431386,60149.623410197026,42964.0167215693,,,,,,,,,,,,51556.82006588317,25778.410032941585,42964.0167215693,25778.410032941585,25778.410032941585,42964.0167215693,51556.82006588317,42964.0167215693,,60149.623410197026,51556.82006588317,17185.60668862772,42964.0167215693,68742.42675451087,34371.21337725544,68742.42675451087,68742.42675451087,8592.80334431386,34371.21337725544,60149.623410197026,42964.0167215693,25778.410032941585,68742.42675451087,34371.21337725544,,,,,,,,,,,,,,,,,,,,,,,,,,,,,,,,,,,,,,,,,,,,,,,,,
,,,,,,,,,,,,,,,,,,,,,,,,,,,,,,,,,,,,,,,,,,,,,,,,,,,,,,,,,,,,,,,,,,,,,,,42964.0167215693,111706.44347608018,25778.410032941585,,42964.0167215693,34371.21337725544,60149.623410197026,94520.83678745247,51556.82006588317,34371.21337725544,51556.82006588317,42964.0167215693,42964.0167215693,42964.0167215693,68742.42675451087,68742.42675451087,34371.21337725544,60149.623410197026,25778.410032941585,60149.623410197026,51556.82006588317,60149.623410197026,51556.82006588317,60149.623410197026,68742.42675451087,25778.410032941585,68742.42675451087,17185.60668862772,60149.623410197026,17185.60668862772,25778.410032941585,60149.623410197026,51556.82006588317,111706.44347608018,111706.44347608018,68742.42675451087,25778.410032941585,42964.0167215693,42964.0167215693,94520.83678745247,34371.21337725544,60149.623410197026,60149.623410197026,77335.23009882474,68742.42675451087,51556.82006588317,68742.42675451087,94520.83678745247,42964.0167215693,17185.60668862772,111706.44347608018,68742.42675451087,60149.623410197026,25778.410032941585,34371.21337725544,34371.21337725544,42964.0167215693,17185.60668862772,34371.21337725544,68742.42675451087,25778.410032941585,34371.21337725544,51556.82006588317,34371.21337725544,8592.80334431386,34371.21337725544,17185.60668862772,34371.21337725544,34371.21337725544,60149.623410197026,51556.82006588317,34371.21337725544,103113.64013176634,51556.82006588317,85928.0334431386,25778.410032941585,34371.21337725544,34371.21337725544,60149.623410197026,77335.23009882474,51556.82006588317,34371.21337725544,60149.623410197026,42964.0167215693,94520.83678745247,60149.623410197026,68742.42675451087,68742.42675451087,94520.83678745247,51556.82006588317,77335.23009882474,103113.64013176634,51556.82006588317,34371.21337725544,60149.623410197026,34371.21337725544,51556.82006588317,60149.623410197026,34371.21337725544,60149.623410197026,51556.82006588317,,,,,,,,,,,,,,,,42964.0167215693,42964.0167215693,,,,34371.21337725544,68742.42675451087,68742.42675451087,94520.83678745247,34371.21337725544,51556.82006588317,42964.0167215693,68742.42675451087,60149.623410197026,60149.623410197026,42964.0167215693,51556.82006588317,51556.82006588317,,,,,,,,,,17185.60668862772,,,,,,,,,,,,,,,,,,,,,,,,,,,,,,,,,,,,,,,,,
,,,,,,,,,,,,,,,,,,,,,,,,,,,,,,,,,,,,,,,,,,,,,,,,,,,,,,,,,,,,,,,,,,,,,,,,25778.410032941585,51556.82006588317,34371.21337725544,60149.623410197026,42964.0167215693,34371.21337725544,77335.23009882474,42964.0167215693,34371.21337725544,17185.60668862772,42964.0167215693,68742.42675451087,77335.23009882474,42964.0167215693,60149.623410197026,85928.0334431386,60149.623410197026,60149.623410197026,94520.83678745247,51556.82006588317,17185.60668862772,68742.42675451087,60149.623410197026,34371.21337725544,85928.0334431386,94520.83678745247,60149.623410197026,94520.83678745247,42964.0167215693,42964.0167215693,42964.0167215693,25778.410032941585,25778.410032941585,42964.0167215693,60149.623410197026,51556.82006588317,17185.60668862772,60149.623410197026,8592.80334431386,51556.82006588317,42964.0167215693,68742.42675451087,68742.42675451087,60149.623410197026,94520.83678745247,60149.623410197026,68742.42675451087,42964.0167215693,51556.82006588317,51556.82006588317,34371.21337725544,42964.0167215693,51556.82006588317,34371.21337725544,51556.82006588317,42964.0167215693,34371.21337725544,25778.410032941585,25778.410032941585,51556.82006588317,34371.21337725544,51556.82006588317,17185.60668862772,34371.21337725544,51556.82006588317,25778.410032941585,42964.0167215693,25778.410032941585,51556.82006588317,51556.82006588317,25778.410032941585,34371.21337725544,94520.83678745247,77335.23009882474,51556.82006588317,77335.23009882474,34371.21337725544,60149.623410197026,34371.21337725544,60149.623410197026,111706.44347608018,51556.82006588317,34371.21337725544,25778.410032941585,17185.60668862772,34371.21337725544,42964.0167215693,42964.0167215693,51556.82006588317,51556.82006588317,77335.23009882474,68742.42675451087,60149.623410197026,68742.42675451087,60149.623410197026,77335.23009882474,94520.83678745247,51556.82006588317,51556.82006588317,34371.21337725544,34371.21337725544,,,,,25778.410032941585,68742.42675451087,,,,,,,,42964.0167215693,51556.82006588317,34371.21337725544,,,,60149.623410197026,68742.42675451087,17185.60668862772,68742.42675451087,17185.60668862772,25778.410032941585,34371.21337725544,34371.21337725544,25778.410032941585,51556.82006588317,,,,,,,42964.0167215693,,,,,34371.21337725544,68742.42675451087,42964.0167215693,,,,,,,,,,,,,,,,,,,,,,,,,,,,,,,,,,,,,,,,
,,,,,,,,,,,,,,,,,,,,,,,,,,,,,,,,,,,,,,,,,,,,,,,,,,,,,,,,,,,,,,,,,,,,,,,,42964.0167215693,34371.21337725544,25778.410032941585,77335.23009882474,25778.410032941585,77335.23009882474,60149.623410197026,68742.42675451087,60149.623410197026,42964.0167215693,34371.21337725544,85928.0334431386,51556.82006588317,34371.21337725544,85928.0334431386,17185.60668862772,51556.82006588317,60149.623410197026,25778.410032941585,77335.23009882474,68742.42675451087,77335.23009882474,34371.21337725544,42964.0167215693,34371.21337725544,17185.60668862772,85928.0334431386,60149.623410197026,77335.23009882474,60149.623410197026,25778.410032941585,42964.0167215693,25778.410032941585,25778.410032941585,42964.0167215693,60149.623410197026,25778.410032941585,42964.0167215693,60149.623410197026,60149.623410197026,60149.623410197026,68742.42675451087,94520.83678745247,68742.42675451087,120299.24682039405,60149.623410197026,68742.42675451087,51556.82006588317,60149.623410197026,51556.82006588317,25778.410032941585,68742.42675451087,25778.410032941585,17185.60668862772,42964.0167215693,8592.80334431386,68742.42675451087,25778.410032941585,51556.82006588317,68742.42675451087,34371.21337725544,8592.80334431386,34371.21337725544,60149.623410197026,25778.410032941585,51556.82006588317,34371.21337725544,17185.60668862772,60149.623410197026,25778.410032941585,77335.23009882474,8592.80334431386,42964.0167215693,77335.23009882474,77335.23009882474,60149.623410197026,51556.82006588317,34371.21337725544,94520.83678745247,25778.410032941585,51556.82006588317,94520.83678745247,25778.410032941585,60149.623410197026,51556.82006588317,42964.0167215693,34371.21337725544,51556.82006588317,68742.42675451087,68742.42675451087,85928.0334431386,25778.410032941585,42964.0167215693,68742.42675451087,42964.0167215693,34371.21337725544,34371.21337725544,68742.42675451087,34371.21337725544,51556.82006588317,34371.21337725544,,,,,51556.82006588317,68742.42675451087,34371.21337725544,,,,,51556.82006588317,51556.82006588317,34371.21337725544,42964.0167215693,51556.82006588317,8592.80334431386,,42964.0167215693,25778.410032941585,68742.42675451087,17185.60668862772,77335.23009882474,34371.21337725544,34371.21337725544,51556.82006588317,94520.83678745247,60149.623410197026,17185.60668862772,,,,,,25778.410032941585,77335.23009882474,34371.21337725544,,,,,25778.410032941585,60149.623410197026,42964.0167215693,,,,,,,,,,,,,,,,,,,,,,,,,,,,,,,,,,,,,,,
,,,,,,,,,,,,,,,,,,,,,,,,,,,,,,,,,,,,,,,,,,,,,,,,,,,,,,,,,,,,,,,,,,,,,,,60149.623410197026,34371.21337725544,25778.410032941585,34371.21337725544,34371.21337725544,68742.42675451087,60149.623410197026,60149.623410197026,34371.21337725544,68742.42675451087,51556.82006588317,60149.623410197026,68742.42675451087,34371.21337725544,25778.410032941585,51556.82006588317,34371.21337725544,51556.82006588317,60149.623410197026,51556.82006588317,17185.60668862772,94520.83678745247,51556.82006588317,17185.60668862772,60149.623410197026,68742.42675451087,51556.82006588317,42964.0167215693,25778.410032941585,8592.80334431386,42964.0167215693,60149.623410197026,42964.0167215693,42964.0167215693,68742.42675451087,68742.42675451087,68742.42675451087,85928.0334431386,34371.21337725544,77335.23009882474,60149.623410197026,25778.410032941585,25778.410032941585,34371.21337725544,51556.82006588317,68742.42675451087,85928.0334431386,68742.42675451087,51556.82006588317,77335.23009882474,42964.0167215693,68742.42675451087,94520.83678745247,25778.410032941585,68742.42675451087,25778.410032941585,42964.0167215693,68742.42675451087,17185.60668862772,60149.623410197026,25778.410032941585,51556.82006588317,60149.623410197026,17185.60668862772,8592.80334431386,34371.21337725544,42964.0167215693,34371.21337725544,17185.60668862772,25778.410032941585,34371.21337725544,60149.623410197026,34371.21337725544,42964.0167215693,94520.83678745247,111706.44347608018,103113.64013176634,68742.42675451087,8592.80334431386,94520.83678745247,103113.64013176634,42964.0167215693,68742.42675451087,68742.42675451087,60149.623410197026,60149.623410197026,17185.60668862772,42964.0167215693,103113.64013176634,51556.82006588317,77335.23009882474,25778.410032941585,34371.21337725544,42964.0167215693,60149.623410197026,60149.623410197026,25778.410032941585,42964.0167215693,42964.0167215693,94520.83678745247,17185.60668862772,34371.21337725544,68742.42675451087,8592.80334431386,,,17185.60668862772,42964.0167215693,68742.42675451087,,,,77335.23009882474,42964.0167215693,34371.21337725544,34371.21337725544,42964.0167215693,77335.23009882474,60149.623410197026,60149.623410197026,51556.82006588317,51556.82006588317,51556.82006588317,34371.21337725544,17185.60668862772,60149.623410197026,17185.60668862772,68742.42675451087,94520.83678745247,34371.21337725544,42964.0167215693,60149.623410197026,77335.23009882474,,,94520.83678745247,60149.623410197026,51556.82006588317,60149.623410197026,,,,42964.0167215693,17185.60668862772,42964.0167215693,60149.623410197026,,,25778.410032941585,77335.23009882474,,,,,,,,,,,,,,,,,,,,,,,,,,,,,,,,,,,
,,,,,,,,,,,,,,,,,,,,,,,,,,,,,,,,,,,,,,,,,,,,,,,,,,,,,,,,,,,,,,,,,,,,,34371.21337725544,51556.82006588317,77335.23009882474,51556.82006588317,42964.0167215693,42964.0167215693,94520.83678745247,34371.21337725544,68742.42675451087,51556.82006588317,85928.0334431386,34371.21337725544,60149.623410197026,60149.623410197026,85928.0334431386,25778.410032941585,68742.42675451087,42964.0167215693,34371.21337725544,60149.623410197026,60149.623410197026,34371.21337725544,60149.623410197026,60149.623410197026,34371.21337725544,42964.0167215693,34371.21337725544,42964.0167215693,85928.0334431386,42964.0167215693,17185.60668862772,51556.82006588317,103113.64013176634,51556.82006588317,34371.21337725544,103113.64013176634,34371.21337725544,25778.410032941585,25778.410032941585,42964.0167215693,60149.623410197026,60149.623410197026,51556.82006588317,77335.23009882474,42964.0167215693,34371.21337725544,68742.42675451087,34371.21337725544,51556.82006588317,77335.23009882474,85928.0334431386,77335.23009882474,68742.42675451087,85928.0334431386,68742.42675451087,34371.21337725544,17185.60668862772,25778.410032941585,60149.623410197026,51556.82006588317,8592.80334431386,25778.410032941585,51556.82006588317,77335.23009882474,51556.82006588317,17185.60668862772,17185.60668862772,25778.410032941585,60149.623410197026,34371.21337725544,51556.82006588317,34371.21337725544,68742.42675451087,17185.60668862772,68742.42675451087,51556.82006588317,94520.83678745247,120299.24682039405,120299.24682039405,103113.64013176634,94520.83678745247,111706.44347608018,120299.24682039405,68742.42675451087,103113.64013176634,25778.410032941585,51556.82006588317,103113.64013176634,51556.82006588317,51556.82006588317,34371.21337725544,77335.23009882474,94520.83678745247,51556.82006588317,77335.23009882474,85928.0334431386,94520.83678745247,60149.623410197026,34371.21337725544,60149.623410197026,68742.42675451087,17185.60668862772,25778.410032941585,42964.0167215693,8592.80334431386,68742.42675451087,42964.0167215693,42964.0167215693,51556.82006588317,25778.410032941585,51556.82006588317,,,,,,,42964.0167215693,77335.23009882474,51556.82006588317,42964.0167215693,51556.82006588317,51556.82006588317,42964.0167215693,68742.42675451087,42964.0167215693,51556.82006588317,60149.623410197026,34371.21337725544,68742.42675451087,34371.21337725544,51556.82006588317,25778.410032941585,85928.0334431386,8592.80334431386,,,25778.410032941585,34371.21337725544,34371.21337725544,34371.21337725544,,,25778.410032941585,25778.410032941585,103113.64013176634,42964.0167215693,60149.623410197026,25778.410032941585,51556.82006588317,51556.82006588317,42964.0167215693,,,,,,,,,,,,,,,,,,,,,,,,,,,,,,,,,,,
,,,,,,,,,,,,,,,,,,,,,,,,,,,,,,,,,,,,,,,,,,,,,,,,,,,,,,,,,,,,,,,,,60149.623410197026,60149.623410197026,,,25778.410032941585,77335.23009882474,42964.0167215693,60149.623410197026,60149.623410197026,34371.21337725544,51556.82006588317,51556.82006588317,34371.21337725544,8592.80334431386,25778.410032941585,60149.623410197026,51556.82006588317,68742.42675451087,77335.23009882474,68742.42675451087,85928.0334431386,0.0,51556.82006588317,60149.623410197026,68742.42675451087,85928.0334431386,60149.623410197026,68742.42675451087,34371.21337725544,17185.60668862772,0.0,77335.23009882474,42964.0167215693,34371.21337725544,34371.21337725544,42964.0167215693,42964.0167215693,51556.82006588317,42964.0167215693,94520.83678745247,42964.0167215693,77335.23009882474,77335.23009882474,60149.623410197026,60149.623410197026,51556.82006588317,77335.23009882474,42964.0167215693,77335.23009882474,51556.82006588317,51556.82006588317,94520.83678745247,60149.623410197026,51556.82006588317,94520.83678745247,51556.82006588317,85928.0334431386,25778.410032941585,94520.83678745247,68742.42675451087,42964.0167215693,77335.23009882474,51556.82006588317,60149.623410197026,94520.83678745247,25778.410032941585,34371.21337725544,68742.42675451087,25778.410032941585,51556.82006588317,51556.82006588317,51556.82006588317,42964.0167215693,34371.21337725544,42964.0167215693,17185.60668862772,34371.21337725544,34371.21337725544,85928.0334431386,42964.0167215693,85928.0334431386,94520.83678745247,197634.47691921878,120299.24682039405,120299.24682039405,120299.24682039405,103113.64013176634,42964.0167215693,94520.83678745247,34371.21337725544,85928.0334431386,85928.0334431386,25778.410032941585,68742.42675451087,77335.23009882474,103113.64013176634,42964.0167215693,42964.0167215693,51556.82006588317,77335.23009882474,68742.42675451087,42964.0167215693,17185.60668862772,94520.83678745247,68742.42675451087,25778.410032941585,42964.0167215693,85928.0334431386,42964.0167215693,34371.21337725544,25778.410032941585,42964.0167215693,68742.42675451087,60149.623410197026,,,,,,,25778.410032941585,34371.21337725544,34371.21337725544,68742.42675451087,25778.410032941585,51556.82006588317,25778.410032941585,51556.82006588317,34371.21337725544,34371.21337725544,60149.623410197026,42964.0167215693,25778.410032941585,25778.410032941585,34371.21337725544,42964.0167215693,8592.80334431386,51556.82006588317,42964.0167215693,,,25778.410032941585,85928.0334431386,42964.0167215693,42964.0167215693,25778.410032941585,60149.623410197026,77335.23009882474,34371.21337725544,51556.82006588317,60149.623410197026,34371.21337725544,25778.410032941585,60149.623410197026,34371.21337725544,42964.0167215693,,,,,,,,,,,,,,,,,,,,,,,,,,,,,,,,,,,
,,,,,,,,,,,,,,,,,,,,,,,,,,,,,,,,,,,,,,,,,,,,,,,,,,,,,,,,,,,,42964.0167215693,68742.42675451087,,60149.623410197026,51556.82006588317,25778.410032941585,34371.21337725544,34371.21337725544,51556.82006588317,34371.21337725544,42964.0167215693,34371.21337725544,60149.623410197026,51556.82006588317,25778.410032941585,42964.0167215693,42964.0167215693,51556.82006588317,51556.82006588317,42964.0167215693,25778.410032941585,60149.623410197026,60149.623410197026,42964.0167215693,68742.42675451087,77335.23009882474,60149.623410197026,34371.21337725544,8592.80334431386,42964.0167215693,42964.0167215693,25778.410032941585,25778.410032941585,51556.82006588317,0.0,42964.0167215693,77335.23009882474,17185.60668862772,42964.0167215693,60149.623410197026,77335.23009882474,42964.0167215693,34371.21337725544,60149.623410197026,25778.410032941585,77335.23009882474,94520.83678745247,51556.82006588317,25778.410032941585,34371.21337725544,60149.623410197026,42964.0167215693,34371.21337725544,85928.0334431386,42964.0167215693,34371.21337725544,42964.0167215693,51556.82006588317,34371.21337725544,51556.82006588317,60149.623410197026,60149.623410197026,42964.0167215693,68742.42675451087,51556.82006588317,68742.42675451087,60149.623410197026,51556.82006588317,77335.23009882474,25778.410032941585,42964.0167215693,60149.623410197026,42964.0167215693,25778.410032941585,34371.21337725544,8592.80334431386,42964.0167215693,34371.21337725544,42964.0167215693,42964.0167215693,51556.82006588317,34371.21337725544,34371.21337725544,85928.0334431386,42964.0167215693,77335.23009882474,77335.23009882474,120299.24682039405,94520.83678745247,77335.23009882474,94520.83678745247,85928.0334431386,94520.83678745247,34371.21337725544,94520.83678745247,68742.42675451087,34371.21337725544,60149.623410197026,60149.623410197026,77335.23009882474,68742.42675451087,68742.42675451087,34371.21337725544,51556.82006588317,68742.42675451087,42964.0167215693,0.0,34371.21337725544,25778.410032941585,51556.82006588317,34371.21337725544,77335.23009882474,17185.60668862772,25778.410032941585,103113.64013176634,51556.82006588317,34371.21337725544,17185.60668862772,42964.0167215693,,,,,,,51556.82006588317,51556.82006588317,42964.0167215693,25778.410032941585,34371.21337725544,42964.0167215693,34371.21337725544,68742.42675451087,77335.23009882474,17185.60668862772,77335.23009882474,51556.82006588317,51556.82006588317,77335.23009882474,34371.21337725544,34371.21337725544,68742.42675451087,42964.0167215693,34371.21337725544,51556.82006588317,51556.82006588317,68742.42675451087,25778.410032941585,60149.623410197026,51556.82006588317,68742.42675451087,34371.21337725544,68742.42675451087,51556.82006588317,51556.82006588317,17185.60668862772,68742.42675451087,25778.410032941585,42964.0167215693,34371.21337725544,,,,,,,,,,,,,,,,,,,,,,,,,,,,,,,,,,,,
,,,,,,,,,,,,,,,,,,,,,,,,,,,,,,,,,,,,,,,,,,,,,,,,,,,,,,,,,,,85928.0334431386,60149.623410197026,25778.410032941585,51556.82006588317,60149.623410197026,25778.410032941585,34371.21337725544,42964.0167215693,42964.0167215693,34371.21337725544,60149.623410197026,34371.21337725544,68742.42675451087,51556.82006588317,34371.21337725544,68742.42675451087,25778.410032941585,25778.410032941585,42964.0167215693,34371.21337725544,17185.60668862772,42964.0167215693,25778.410032941585,51556.82006588317,25778.410032941585,42964.0167215693,51556.82006588317,94520.83678745247,51556.82006588317,85928.0334431386,51556.82006588317,60149.623410197026,25778.410032941585,68742.42675451087,34371.21337725544,25778.410032941585,25778.410032941585,17185.60668862772,34371.21337725544,34371.21337725544,60149.623410197026,34371.21337725544,34371.21337725544,42964.0167215693,68742.42675451087,68742.42675451087,42964.0167215693,34371.21337725544,34371.21337725544,25778.410032941585,60149.623410197026,60149.623410197026,34371.21337725544,60149.623410197026,68742.42675451087,111706.44347608018,60149.623410197026,60149.623410197026,34371.21337725544,77335.23009882474,85928.0334431386,60149.623410197026,60149.623410197026,34371.21337725544,68742.42675451087,60149.623410197026,77335.23009882474,85928.0334431386,68742.42675451087,60149.623410197026,42964.0167215693,34371.21337725544,68742.42675451087,60149.623410197026,17185.60668862772,8592.80334431386,0.0,34371.21337725544,51556.82006588317,68742.42675451087,25778.410032941585,8592.80334431386,25778.410032941585,34371.21337725544,85928.0334431386,77335.23009882474,42964.0167215693,60149.623410197026,171856.0668862772,137484.85350902175,34371.21337725544,77335.23009882474,60149.623410197026,34371.21337725544,77335.23009882474,17185.60668862772,42964.0167215693,34371.21337725544,42964.0167215693,94520.83678745247,85928.0334431386,51556.82006588317,42964.0167215693,51556.82006588317,77335.23009882474,85928.0334431386,42964.0167215693,34371.21337725544,25778.410032941585,51556.82006588317,60149.623410197026,60149.623410197026,17185.60668862772,25778.410032941585,42964.0167215693,34371.21337725544,34371.21337725544,42964.0167215693,85928.0334431386,25778.410032941585,,,77335.23009882474,51556.82006588317,,,68742.42675451087,34371.21337725544,77335.23009882474,51556.82006588317,77335.23009882474,68742.42675451087,34371.21337725544,25778.410032941585,68742.42675451087,42964.0167215693,34371.21337725544,68742.42675451087,25778.410032941585,34371.21337725544,34371.21337725544,60149.623410197026,68742.42675451087,42964.0167215693,51556.82006588317,34371.21337725544,17185.60668862772,60149.623410197026,42964.0167215693,42964.0167215693,42964.0167215693,51556.82006588317,51556.82006588317,42964.0167215693,60149.623410197026,34371.21337725544,60149.623410197026,34371.21337725544,77335.23009882474,42964.0167215693,51556.82006588317,,,,25778.410032941585,42964.0167215693,,,,,,,,,,,,,,,,,,,,,,,,,,,,,,,
,,,,,,,,,,,,,,,,,,,,,,,,,,,,,,,,,,,,,,,,,,,,,,,,,,,,,,,,,,,25778.410032941585,17185.60668862772,25778.410032941585,42964.0167215693,34371.21337725544,77335.23009882474,51556.82006588317,8592.80334431386,60149.623410197026,42964.0167215693,60149.623410197026,42964.0167215693,42964.0167215693,42964.0167215693,42964.0167215693,25778.410032941585,42964.0167215693,25778.410032941585,42964.0167215693,60149.623410197026,34371.21337725544,25778.410032941585,42964.0167215693,42964.0167215693,77335.23009882474,42964.0167215693,51556.82006588317,77335.23009882474,68742.42675451087,111706.44347608018,77335.23009882474,25778.410032941585,34371.21337725544,68742.42675451087,51556.82006588317,17185.60668862772,42964.0167215693,34371.21337725544,51556.82006588317,17185.60668862772,60149.623410197026,42964.0167215693,42964.0167215693,77335.23009882474,42964.0167215693,60149.623410197026,77335.23009882474,60149.623410197026,60149.623410197026,51556.82006588317,68742.42675451087,68742.42675451087,60149.623410197026,34371.21337725544,77335.23009882474,42964.0167215693,17185.60668862772,25778.410032941585,51556.82006588317,34371.21337725544,60149.623410197026,94520.83678745247,94520.83678745247,60149.623410197026,51556.82006588317,42964.0167215693,51556.82006588317,51556.82006588317,68742.42675451087,51556.82006588317,68742.42675451087,68742.42675451087,60149.623410197026,17185.60668862772,8592.80334431386,34371.21337725544,25778.410032941585,60149.623410197026,34371.21337725544,25778.410032941585,34371.21337725544,94520.83678745247,111706.44347608018,94520.83678745247,197634.47691921878,197634.47691921878,94520.83678745247,51556.82006588317,85928.0334431386,60149.623410197026,68742.42675451087,85928.0334431386,111706.44347608018,120299.24682039405,103113.64013176634,77335.23009882474,51556.82006588317,85928.0334431386,51556.82006588317,34371.21337725544,68742.42675451087,77335.23009882474,94520.83678745247,68742.42675451087,51556.82006588317,42964.0167215693,60149.623410197026,51556.82006588317,60149.623410197026,25778.410032941585,42964.0167215693,94520.83678745247,85928.0334431386,42964.0167215693,42964.0167215693,77335.23009882474,103113.64013176634,25778.410032941585,34371.21337725544,51556.82006588317,60149.623410197026,17185.60668862772,34371.21337725544,42964.0167215693,,,8592.80334431386,34371.21337725544,103113.64013176634,51556.82006588317,34371.21337725544,42964.0167215693,51556.82006588317,25778.410032941585,68742.42675451087,42964.0167215693,25778.410032941585,103113.64013176634,25778.410032941585,60149.623410197026,77335.23009882474,17185.60668862772,17185.60668862772,60149.623410197026,51556.82006588317,34371.21337725544,42964.0167215693,42964.0167215693,60149.623410197026,25778.410032941585,51556.82006588317,17185.60668862772,0.0,51556.82006588317,42964.0167215693,34371.21337725544,25778.410032941585,51556.82006588317,42964.0167215693,42964.0167215693,17185.60668862772,,,25778.410032941585,103113.64013176634,60149.623410197026,17185.60668862772,,,,,,,,,,,,,,,,,,,,,,,,,,,,,,
,,,,,,,,,,,,,,,,,,,,,,,,,,,,,,,,,,,,,,,,,,,,,,,,,,,,,,,,,,,51556.82006588317,51556.82006588317,34371.21337725544,25778.410032941585,34371.21337725544,42964.0167215693,25778.410032941585,51556.82006588317,68742.42675451087,51556.82006588317,42964.0167215693,25778.410032941585,60149.623410197026,42964.0167215693,60149.623410197026,51556.82006588317,42964.0167215693,8592.80334431386,17185.60668862772,25778.410032941585,42964.0167215693,34371.21337725544,42964.0167215693,42964.0167215693,34371.21337725544,68742.42675451087,68742.42675451087,60149.623410197026,51556.82006588317,51556.82006588317,42964.0167215693,51556.82006588317,51556.82006588317,51556.82006588317,51556.82006588317,42964.0167215693,68742.42675451087,25778.410032941585,25778.410032941585,51556.82006588317,68742.42675451087,51556.82006588317,25778.410032941585,60149.623410197026,60149.623410197026,51556.82006588317,120299.24682039405,51556.82006588317,85928.0334431386,120299.24682039405,17185.60668862772,34371.21337725544,68742.42675451087,60149.623410197026,51556.82006588317,85928.0334431386,17185.60668862772,77335.23009882474,51556.82006588317,51556.82006588317,60149.623410197026,51556.82006588317,42964.0167215693,34371.21337725544,34371.21337725544,25778.410032941585,34371.21337725544,60149.623410197026,60149.623410197026,77335.23009882474,42964.0167215693,34371.21337725544,42964.0167215693,42964.0167215693,25778.410032941585,42964.0167215693,25778.410032941585,34371.21337725544,60149.623410197026,68742.42675451087,51556.82006588317,68742.42675451087,120299.24682039405,249191.296985102,352304.93711686827,352304.93711686827,111706.44347608018,68742.42675451087,85928.0334431386,128892.05016470792,103113.64013176634,68742.42675451087,77335.23009882474,60149.623410197026,60149.623410197026,111706.44347608018,94520.83678745247,77335.23009882474,60149.623410197026,103113.64013176634,68742.42675451087,51556.82006588317,42964.0167215693,42964.0167215693,42964.0167215693,60149.623410197026,42964.0167215693,51556.82006588317,60149.623410197026,25778.410032941585,25778.410032941585,42964.0167215693,51556.82006588317,68742.42675451087,42964.0167215693,17185.60668862772,51556.82006588317,68742.42675451087,68742.42675451087,34371.21337725544,60149.623410197026,60149.623410197026,68742.42675451087,42964.0167215693,42964.0167215693,51556.82006588317,34371.21337725544,68742.42675451087,60149.623410197026,51556.82006588317,51556.82006588317,60149.623410197026,51556.82006588317,25778.410032941585,60149.623410197026,60149.623410197026,51556.82006588317,42964.0167215693,68742.42675451087,42964.0167215693,60149.623410197026,42964.0167215693,34371.21337725544,34371.21337725544,51556.82006588317,42964.0167215693,17185.60668862772,68742.42675451087,60149.623410197026,34371.21337725544,51556.82006588317,25778.410032941585,34371.21337725544,51556.82006588317,25778.410032941585,51556.82006588317,68742.42675451087,17185.60668862772,51556.82006588317,,,,,51556.82006588317,77335.23009882474,85928.0334431386,51556.82006588317,,,,,,,,,,,,,,,,,,,,,,,,,,,,,,
,,,,,,,,,,,,,,,,,,,,,,,,,,,,,,,,,,,,,,,,,,,,,,,,,,,,,,60149.623410197026,,,,,51556.82006588317,60149.623410197026,60149.623410197026,34371.21337725544,77335.23009882474,51556.82006588317,51556.82006588317,111706.44347608018,42964.0167215693,25778.410032941585,25778.410032941585,34371.21337725544,51556.82006588317,42964.0167215693,8592.80334431386,51556.82006588317,17185.60668862772,25778.410032941585,8592.80334431386,77335.23009882474,51556.82006588317,51556.82006588317,34371.21337725544,17185.60668862772,25778.410032941585,60149.623410197026,51556.82006588317,51556.82006588317,42964.0167215693,77335.23009882474,51556.82006588317,17185.60668862772,68742.42675451087,8592.80334431386,8592.80334431386,34371.21337725544,34371.21337725544,42964.0167215693,77335.23009882474,25778.410032941585,51556.82006588317,68742.42675451087,60149.623410197026,60149.623410197026,34371.21337725544,17185.60668862772,42964.0167215693,51556.82006588317,68742.42675451087,68742.42675451087,51556.82006588317,25778.410032941585,42964.0167215693,34371.21337725544,68742.42675451087,68742.42675451087,34371.21337725544,34371.21337725544,51556.82006588317,42964.0167215693,51556.82006588317,42964.0167215693,94520.83678745247,60149.623410197026,77335.23009882474,51556.82006588317,34371.21337725544,42964.0167215693,25778.410032941585,60149.623410197026,60149.623410197026,60149.623410197026,77335.23009882474,34371.21337725544,34371.21337725544,25778.410032941585,17185.60668862772,25778.410032941585,17185.60668862772,17185.60668862772,34371.21337725544,68742.42675451087,120299.24682039405,180448.87023059107,369490.543805496,180448.87023059107,77335.23009882474,51556.82006588317,51556.82006588317,42964.0167215693,60149.623410197026,120299.24682039405,34371.21337725544,34371.21337725544,17185.60668862772,42964.0167215693,60149.623410197026,25778.410032941585,51556.82006588317,60149.623410197026,25778.410032941585,68742.42675451087,51556.82006588317,60149.623410197026,68742.42675451087,17185.60668862772,68742.42675451087,77335.23009882474,42964.0167215693,42964.0167215693,68742.42675451087,25778.410032941585,68742.42675451087,85928.0334431386,60149.623410197026,25778.410032941585,42964.0167215693,25778.410032941585,103113.64013176634,34371.21337725544,51556.82006588317,51556.82006588317,68742.42675451087,77335.23009882474,25778.410032941585,68742.42675451087,34371.21337725544,51556.82006588317,42964.0167215693,25778.410032941585,60149.623410197026,51556.82006588317,85928.0334431386,34371.21337725544,42964.0167215693,60149.623410197026,42964.0167215693,25778.410032941585,68742.42675451087,34371.21337725544,51556.82006588317,25778.410032941585,34371.21337725544,34371.21337725544,85928.0334431386,51556.82006588317,25778.410032941585,34371.21337725544,25778.410032941585,25778.410032941585,25778.410032941585,51556.82006588317,25778.410032941585,60149.623410197026,34371.21337725544,60149.623410197026,34371.21337725544,42964.0167215693,,,51556.82006588317,51556.82006588317,42964.0167215693,42964.0167215693,8592.80334431386,25778.410032941585,34371.21337725544,,,,,,,,,,,,,,,,,,,,,,,,,,,,,,
,,,,,,,,,,,,,,,,,,,,,,,,,,,,,,,,,,,,,,,,,,,,,,,,,,,,60149.623410197026,60149.623410197026,42964.0167215693,,,,60149.623410197026,34371.21337725544,42964.0167215693,60149.623410197026,17185.60668862772,34371.21337725544,25778.410032941585,51556.82006588317,60149.623410197026,34371.21337725544,68742.42675451087,51556.82006588317,42964.0167215693,77335.23009882474,42964.0167215693,51556.82006588317,42964.0167215693,34371.21337725544,25778.410032941585,42964.0167215693,25778.410032941585,51556.82006588317,17185.60668862772,17185.60668862772,60149.623410197026,25778.410032941585,85928.0334431386,42964.0167215693,17185.60668862772,42964.0167215693,60149.623410197026,60149.623410197026,34371.21337725544,25778.410032941585,34371.21337725544,68742.42675451087,42964.0167215693,25778.410032941585,42964.0167215693,42964.0167215693,42964.0167215693,68742.42675451087,51556.82006588317,51556.82006588317,85928.0334431386,60149.623410197026,17185.60668862772,85928.0334431386,51556.82006588317,42964.0167215693,68742.42675451087,42964.0167215693,94520.83678745247,34371.21337725544,17185.60668862772,60149.623410197026,42964.0167215693,60149.623410197026,103113.64013176634,51556.82006588317,77335.23009882474,77335.23009882474,42964.0167215693,85928.0334431386,25778.410032941585,77335.23009882474,85928.0334431386,34371.21337725544,51556.82006588317,17185.60668862772,85928.0334431386,51556.82006588317,60149.623410197026,25778.410032941585,51556.82006588317,42964.0167215693,8592.80334431386,0.0,17185.60668862772,42964.0167215693,42964.0167215693,8592.80334431386,42964.0167215693,85928.0334431386,94520.83678745247,189041.67357490494,94520.83678745247,60149.623410197026,34371.21337725544,42964.0167215693,60149.623410197026,42964.0167215693,77335.23009882474,34371.21337725544,25778.410032941585,68742.42675451087,68742.42675451087,77335.23009882474,77335.23009882474,8592.80334431386,60149.623410197026,42964.0167215693,17185.60668862772,25778.410032941585,77335.23009882474,42964.0167215693,51556.82006588317,60149.623410197026,34371.21337725544,68742.42675451087,51556.82006588317,51556.82006588317,25778.410032941585,60149.623410197026,60149.623410197026,60149.623410197026,25778.410032941585,34371.21337725544,34371.21337725544,51556.82006588317,51556.82006588317,85928.0334431386,8592.80334431386,34371.21337725544,51556.82006588317,42964.0167215693,25778.410032941585,42964.0167215693,68742.42675451087,85928.0334431386,42964.0167215693,34371.21337725544,42964.0167215693,60149.623410197026,68742.42675451087,17185.60668862772,25778.410032941585,60149.623410197026,85928.0334431386,42964.0167215693,51556.82006588317,34371.21337725544,60149.623410197026,51556.82006588317,85928.0334431386,77335.23009882474,42964.0167215693,60149.623410197026,77335.23009882474,77335.23009882474,34371.21337725544,34371.21337725544,60149.623410197026,60149.623410197026,85928.0334431386,51556.82006588317,85928.0334431386,51556.82006588317,25778.410032941585,,,42964.0167215693,60149.623410197026,51556.82006588317,42964.0167215693,51556.82006588317,25778.410032941585,68742.42675451087,42964.0167215693,,,,,,,,,,,,,,,,,,,,,,,,,,,,,
,,,,,,,,,,,,,,,,,,,,,,,,,,,,,,,,,,,,,,,,,,,,,,,,,,,,51556.82006588317,42964.0167215693,42964.0167215693,60149.623410197026,25778.410032941585,51556.82006588317,60149.623410197026,34371.21337725544,34371.21337725544,51556.82006588317,68742.42675451087,60149.623410197026,77335.23009882474,34371.21337725544,60149.623410197026,77335.23009882474,34371.21337725544,34371.21337725544,68742.42675451087,60149.623410197026,85928.0334431386,25778.410032941585,60149.623410197026,8592.80334431386,68742.42675451087,25778.410032941585,34371.21337725544,34371.21337725544,25778.410032941585,34371.21337725544,17185.60668862772,51556.82006588317,17185.60668862772,8592.80334431386,77335.23009882474,25778.410032941585,25778.410032941585,25778.410032941585,25778.410032941585,94520.83678745247,34371.21337725544,51556.82006588317,34371.21337725544,8592.80334431386,42964.0167215693,51556.82006588317,42964.0167215693,68742.42675451087,60149.623410197026,34371.21337725544,85928.0334431386,60149.623410197026,51556.82006588317,68742.42675451087,17185.60668862772,17185.60668862772,103113.64013176634,68742.42675451087,68742.42675451087,34371.21337725544,60149.623410197026,68742.42675451087,60149.623410197026,77335.23009882474,34371.21337725544,25778.410032941585,68742.42675451087,68742.42675451087,68742.42675451087,60149.623410197026,42964.0167215693,85928.0334431386,42964.0167215693,85928.0334431386,68742.42675451087,42964.0167215693,77335.23009882474,51556.82006588317,34371.21337725544,42964.0167215693,25778.410032941585,42964.0167215693,34371.21337725544,17185.60668862772,34371.21337725544,68742.42675451087,51556.82006588317,60149.623410197026,94520.83678745247,137484.85350902175,137484.85350902175,94520.83678745247,77335.23009882474,77335.23009882474,60149.623410197026,60149.623410197026,42964.0167215693,60149.623410197026,60149.623410197026,60149.623410197026,68742.42675451087,120299.24682039405,77335.23009882474,42964.0167215693,85928.0334431386,42964.0167215693,51556.82006588317,77335.23009882474,34371.21337725544,34371.21337725544,25778.410032941585,77335.23009882474,25778.410032941585,60149.623410197026,51556.82006588317,25778.410032941585,34371.21337725544,42964.0167215693,34371.21337725544,42964.0167215693,51556.82006588317,25778.410032941585,25778.410032941585,94520.83678745247,34371.21337725544,60149.623410197026,34371.21337725544,68742.42675451087,25778.410032941585,60149.623410197026,34371.21337725544,60149.623410197026,68742.42675451087,25778.410032941585,42964.0167215693,68742.42675451087,34371.21337725544,42964.0167215693,8592.80334431386,51556.82006588317,60149.623410197026,51556.82006588317,25778.410032941585,60149.623410197026,85928.0334431386,42964.0167215693,25778.410032941585,51556.82006588317,8592.80334431386,34371.21337725544,34371.21337725544,51556.82006588317,34371.21337725544,17185.60668862772,42964.0167215693,42964.0167215693,51556.82006588317,42964.0167215693,42964.0167215693,60149.623410197026,34371.21337725544,34371.21337725544,68742.42675451087,34371.21337725544,51556.82006588317,,,60149.623410197026,51556.82006588317,42964.0167215693,51556.82006588317,25778.410032941585,42964.0167215693,77335.23009882474,51556.82006588317,51556.82006588317,,,,,,,,,,,,,,,,,,,,,,,,,,,,
,,,,,,,,,,,,,,,,,,,,,,,,,,,,,,,,,,,,,,,,,,,,,,,,,,,,,17185.60668862772,85928.0334431386,51556.82006588317,42964.0167215693,77335.23009882474,77335.23009882474,51556.82006588317,42964.0167215693,17185.60668862772,60149.623410197026,51556.82006588317,51556.82006588317,77335.23009882474,51556.82006588317,51556.82006588317,17185.60668862772,42964.0167215693,34371.21337725544,60149.623410197026,8592.80334431386,51556.82006588317,51556.82006588317,77335.23009882474,25778.410032941585,60149.623410197026,51556.82006588317,51556.82006588317,25778.410032941585,8592.80334431386,25778.410032941585,51556.82006588317,60149.623410197026,68742.42675451087,34371.21337725544,60149.623410197026,34371.21337725544,8592.80334431386,25778.410032941585,17185.60668862772,51556.82006588317,85928.0334431386,68742.42675451087,77335.23009882474,8592.80334431386,111706.44347608018,77335.23009882474,85928.0334431386,51556.82006588317,17185.60668862772,34371.21337725544,77335.23009882474,42964.0167215693,51556.82006588317,68742.42675451087,60149.623410197026,51556.82006588317,51556.82006588317,77335.23009882474,60149.623410197026,60149.623410197026,17185.60668862772,42964.0167215693,17185.60668862772,68742.42675451087,51556.82006588317,34371.21337725544,25778.410032941585,25778.410032941585,94520.83678745247,51556.82006588317,51556.82006588317,68742.42675451087,120299.24682039405,34371.21337725544,0.0,51556.82006588317,34371.21337725544,25778.410032941585,34371.21337725544,34371.21337725544,34371.21337725544,42964.0167215693,17185.60668862772,34371.21337725544,25778.410032941585,17185.60668862772,60149.623410197026,232005.69029647423,266376.9036737297,180448.87023059107,128892.05016470792,51556.82006588317,34371.21337725544,0.0,34371.21337725544,51556.82006588317,51556.82006588317,42964.0167215693,60149.623410197026,51556.82006588317,68742.42675451087,85928.0334431386,60149.623410197026,51556.82006588317,42964.0167215693,94520.83678745247,60149.623410197026,25778.410032941585,60149.623410197026,85928.0334431386,17185.60668862772,51556.82006588317,85928.0334431386,85928.0334431386,77335.23009882474,60149.623410197026,51556.82006588317,111706.44347608018,25778.410032941585,42964.0167215693,8592.80334431386,42964.0167215693,51556.82006588317,34371.21337725544,25778.410032941585,60149.623410197026,42964.0167215693,60149.623410197026,42964.0167215693,77335.23009882474,60149.623410197026,60149.623410197026,17185.60668862772,17185.60668862772,25778.410032941585,17185.60668862772,68742.42675451087,60149.623410197026,17185.60668862772,60149.623410197026,51556.82006588317,34371.21337725544,34371.21337725544,25778.410032941585,34371.21337725544,42964.0167215693,77335.23009882474,25778.410032941585,42964.0167215693,42964.0167215693,94520.83678745247,25778.410032941585,42964.0167215693,42964.0167215693,34371.21337725544,34371.21337725544,51556.82006588317,51556.82006588317,68742.42675451087,25778.410032941585,51556.82006588317,60149.623410197026,42964.0167215693,51556.82006588317,17185.60668862772,42964.0167215693,34371.21337725544,34371.21337725544,60149.623410197026,17185.60668862772,60149.623410197026,60149.623410197026,25778.410032941585,60149.623410197026,34371.21337725544,60149.623410197026,,,,,,,,,,,,,,,,,,,,,,,,,,,
,,,,,,,,,,,,,,,,,,,,,,,,,,,,,,,,,,,,,,,,,,,,,,,,,,,,,60149.623410197026,34371.21337725544,77335.23009882474,154670.4601976495,60149.623410197026,60149.623410197026,60149.623410197026,77335.23009882474,42964.0167215693,25778.410032941585,25778.410032941585,42964.0167215693,60149.623410197026,42964.0167215693,85928.0334431386,17185.60668862772,60149.623410197026,17185.60668862772,25778.410032941585,42964.0167215693,42964.0167215693,25778.410032941585,25778.410032941585,34371.21337725544,60149.623410197026,25778.410032941585,51556.82006588317,17185.60668862772,60149.623410197026,60149.623410197026,51556.82006588317,42964.0167215693,34371.21337725544,85928.0334431386,77335.23009882474,25778.410032941585,103113.64013176634,51556.82006588317,68742.42675451087,68742.42675451087,68742.42675451087,34371.21337725544,51556.82006588317,68742.42675451087,94520.83678745247,77335.23009882474,85928.0334431386,34371.21337725544,42964.0167215693,42964.0167215693,42964.0167215693,77335.23009882474,42964.0167215693,94520.83678745247,42964.0167215693,51556.82006588317,77335.23009882474,25778.410032941585,68742.42675451087,85928.0334431386,68742.42675451087,68742.42675451087,60149.623410197026,42964.0167215693,42964.0167215693,34371.21337725544,25778.410032941585,60149.623410197026,77335.23009882474,51556.82006588317,42964.0167215693,85928.0334431386,94520.83678745247,77335.23009882474,68742.42675451087,51556.82006588317,34371.21337725544,68742.42675451087,25778.410032941585,0.0,34371.21337725544,34371.21337725544,0.0,60149.623410197026,25778.410032941585,34371.21337725544,34371.21337725544,214820.08360784652,326526.52708392666,171856.0668862772,68742.42675451087,51556.82006588317,68742.42675451087,34371.21337725544,68742.42675451087,68742.42675451087,17185.60668862772,103113.64013176634,51556.82006588317,25778.410032941585,77335.23009882474,34371.21337725544,42964.0167215693,111706.44347608018,128892.05016470792,94520.83678745247,51556.82006588317,51556.82006588317,17185.60668862772,51556.82006588317,60149.623410197026,111706.44347608018,34371.21337725544,51556.82006588317,42964.0167215693,51556.82006588317,85928.0334431386,68742.42675451087,68742.42675451087,42964.0167215693,51556.82006588317,51556.82006588317,17185.60668862772,77335.23009882474,25778.410032941585,42964.0167215693,25778.410032941585,17185.60668862772,68742.42675451087,60149.623410197026,25778.410032941585,77335.23009882474,60149.623410197026,34371.21337725544,34371.21337725544,60149.623410197026,68742.42675451087,34371.21337725544,42964.0167215693,51556.82006588317,77335.23009882474,77335.23009882474,85928.0334431386,51556.82006588317,42964.0167215693,77335.23009882474,34371.21337725544,34371.21337725544,17185.60668862772,25778.410032941585,25778.410032941585,94520.83678745247,42964.0167215693,51556.82006588317,42964.0167215693,34371.21337725544,34371.21337725544,34371.21337725544,60149.623410197026,60149.623410197026,42964.0167215693,34371.21337725544,85928.0334431386,42964.0167215693,42964.0167215693,68742.42675451087,34371.21337725544,42964.0167215693,42964.0167215693,34371.21337725544,42964.0167215693,25778.410032941585,51556.82006588317,25778.410032941585,60149.623410197026,68742.42675451087,,,,,,,,,,,,,,,,,,,,,,,,,,,
,,,,,,,,,,,,,,,,,,,,,,,,,,,,,,,,,,,,,,,,,,,,,,,,51556.82006588317,42964.0167215693,51556.82006588317,51556.82006588317,34371.21337725544,51556.82006588317,42964.0167215693,51556.82006588317,51556.82006588317,51556.82006588317,60149.623410197026,42964.0167215693,34371.21337725544,60149.623410197026,60149.623410197026,17185.60668862772,68742.42675451087,51556.82006588317,85928.0334431386,42964.0167215693,128892.05016470792,25778.410032941585,42964.0167215693,34371.21337725544,42964.0167215693,51556.82006588317,85928.0334431386,42964.0167215693,51556.82006588317,34371.21337725544,34371.21337725544,60149.623410197026,34371.21337725544,51556.82006588317,77335.23009882474,34371.21337725544,85928.0334431386,34371.21337725544,68742.42675451087,51556.82006588317,60149.623410197026,25778.410032941585,51556.82006588317,51556.82006588317,77335.23009882474,42964.0167215693,77335.23009882474,68742.42675451087,111706.44347608018,42964.0167215693,120299.24682039405,85928.0334431386,111706.44347608018,85928.0334431386,34371.21337725544,25778.410032941585,60149.623410197026,51556.82006588317,68742.42675451087,77335.23009882474,68742.42675451087,42964.0167215693,68742.42675451087,51556.82006588317,68742.42675451087,60149.623410197026,34371.21337725544,42964.0167215693,34371.21337725544,17185.60668862772,60149.623410197026,34371.21337725544,77335.23009882474,17185.60668862772,42964.0167215693,77335.23009882474,68742.42675451087,17185.60668862772,68742.42675451087,25778.410032941585,42964.0167215693,25778.410032941585,34371.21337725544,60149.623410197026,34371.21337725544,34371.21337725544,42964.0167215693,42964.0167215693,42964.0167215693,34371.21337725544,17185.60668862772,34371.21337725544,94520.83678745247,85928.0334431386,85928.0334431386,60149.623410197026,77335.23009882474,17185.60668862772,77335.23009882474,68742.42675451087,77335.23009882474,94520.83678745247,25778.410032941585,42964.0167215693,51556.82006588317,77335.23009882474,25778.410032941585,68742.42675451087,68742.42675451087,34371.21337725544,68742.42675451087,85928.0334431386,103113.64013176634,51556.82006588317,25778.410032941585,60149.623410197026,51556.82006588317,34371.21337725544,85928.0334431386,34371.21337725544,68742.42675451087,103113.64013176634,85928.0334431386,34371.21337725544,42964.0167215693,51556.82006588317,111706.44347608018,68742.42675451087,77335.23009882474,68742.42675451087,60149.623410197026,68742.42675451087,85928.0334431386,25778.410032941585,42964.0167215693,42964.0167215693,77335.23009882474,42964.0167215693,17185.60668862772,68742.42675451087,34371.21337725544,60149.623410197026,42964.0167215693,42964.0167215693,68742.42675451087,34371.21337725544,34371.21337725544,51556.82006588317,8592.80334431386,85928.0334431386,85928.0334431386,42964.0167215693,42964.0167215693,25778.410032941585,77335.23009882474,85928.0334431386,8592.80334431386,34371.21337725544,25778.410032941585,51556.82006588317,60149.623410197026,34371.21337725544,42964.0167215693,8592.80334431386,77335.23009882474,60149.623410197026,34371.21337725544,8592.80334431386,60149.623410197026,68742.42675451087,17185.60668862772,42964.0167215693,68742.42675451087,34371.21337725544,77335.23009882474,42964.0167215693,51556.82006588317,25778.410032941585,34371.21337725544,34371.21337725544,25778.410032941585,60149.623410197026,42964.0167215693,51556.82006588317,,,,,,,,,,,,,,,,,,,,,,,,
,,,,,,,,,,,,,,,,,,,,,,,,,,,,,,,,,,,,,,,,,,,,,,,,68742.42675451087,34371.21337725544,60149.623410197026,51556.82006588317,51556.82006588317,60149.623410197026,34371.21337725544,34371.21337725544,51556.82006588317,77335.23009882474,68742.42675451087,60149.623410197026,25778.410032941585,42964.0167215693,34371.21337725544,60149.623410197026,25778.410032941585,68742.42675451087,51556.82006588317,60149.623410197026,77335.23009882474,51556.82006588317,60149.623410197026,68742.42675451087,34371.21337725544,34371.21337725544,25778.410032941585,17185.60668862772,17185.60668862772,17185.60668862772,17185.60668862772,42964.0167215693,25778.410032941585,25778.410032941585,51556.82006588317,51556.82006588317,51556.82006588317,17185.60668862772,51556.82006588317,85928.0334431386,42964.0167215693,68742.42675451087,77335.23009882474,68742.42675451087,34371.21337725544,51556.82006588317,77335.23009882474,94520.83678745247,34371.21337725544,51556.82006588317,68742.42675451087,77335.23009882474,85928.0334431386,77335.23009882474,68742.42675451087,77335.23009882474,111706.44347608018,85928.0334431386,111706.44347608018,77335.23009882474,60149.623410197026,77335.23009882474,103113.64013176634,60149.623410197026,60149.623410197026,77335.23009882474,25778.410032941585,51556.82006588317,8592.80334431386,25778.410032941585,42964.0167215693,42964.0167215693,25778.410032941585,34371.21337725544,34371.21337725544,42964.0167215693,25778.410032941585,77335.23009882474,68742.42675451087,51556.82006588317,68742.42675451087,34371.21337725544,25778.410032941585,42964.0167215693,51556.82006588317,25778.410032941585,34371.21337725544,68742.42675451087,42964.0167215693,0.0,17185.60668862772,8592.80334431386,25778.410032941585,60149.623410197026,51556.82006588317,60149.623410197026,77335.23009882474,42964.0167215693,51556.82006588317,77335.23009882474,34371.21337725544,77335.23009882474,77335.23009882474,68742.42675451087,34371.21337725544,60149.623410197026,60149.623410197026,68742.42675451087,60149.623410197026,68742.42675451087,25778.410032941585,25778.410032941585,68742.42675451087,77335.23009882474,77335.23009882474,51556.82006588317,68742.42675451087,103113.64013176634,34371.21337725544,34371.21337725544,42964.0167215693,120299.24682039405,42964.0167215693,60149.623410197026,77335.23009882474,60149.623410197026,42964.0167215693,42964.0167215693,60149.623410197026,60149.623410197026,25778.410032941585,51556.82006588317,17185.60668862772,51556.82006588317,68742.42675451087,60149.623410197026,17185.60668862772,25778.410032941585,42964.0167215693,34371.21337725544,51556.82006588317,77335.23009882474,8592.80334431386,42964.0167215693,51556.82006588317,68742.42675451087,34371.21337725544,25778.410032941585,111706.44347608018,68742.42675451087,60149.623410197026,42964.0167215693,60149.623410197026,25778.410032941585,103113.64013176634,60149.623410197026,60149.623410197026,25778.410032941585,51556.82006588317,68742.42675451087,51556.82006588317,34371.21337725544,77335.23009882474,51556.82006588317,42964.0167215693,34371.21337725544,77335.23009882474,42964.0167215693,34371.21337725544,25778.410032941585,42964.0167215693,42964.0167215693,51556.82006588317,68742.42675451087,0.0,60149.623410197026,42964.0167215693,51556.82006588317,42964.0167215693,51556.82006588317,60149.623410197026,60149.623410197026,34371.21337725544,42964.0167215693,,,,,,,,,,,,,,,,,,,,,,,,
,,,,,,,,,,,,,,,,,,,,,,,,,,,,,,,,,,,,,,,,,,,,,,,,85928.0334431386,60149.623410197026,25778.410032941585,68742.42675451087,42964.0167215693,51556.82006588317,34371.21337725544,77335.23009882474,60149.623410197026,34371.21337725544,34371.21337725544,42964.0167215693,51556.82006588317,25778.410032941585,60149.623410197026,51556.82006588317,60149.623410197026,17185.60668862772,60149.623410197026,51556.82006588317,60149.623410197026,25778.410032941585,94520.83678745247,51556.82006588317,77335.23009882474,34371.21337725544,60149.623410197026,25778.410032941585,60149.623410197026,51556.82006588317,34371.21337725544,34371.21337725544,68742.42675451087,42964.0167215693,60149.623410197026,42964.0167215693,17185.60668862772,51556.82006588317,51556.82006588317,34371.21337725544,51556.82006588317,51556.82006588317,42964.0167215693,42964.0167215693,60149.623410197026,51556.82006588317,60149.623410197026,68742.42675451087,34371.21337725544,34371.21337725544,94520.83678745247,77335.23009882474,111706.44347608018,85928.0334431386,94520.83678745247,85928.0334431386,51556.82006588317,68742.42675451087,120299.24682039405,120299.24682039405,77335.23009882474,111706.44347608018,77335.23009882474,77335.23009882474,128892.05016470792,42964.0167215693,94520.83678745247,8592.80334431386,25778.410032941585,60149.623410197026,8592.80334431386,17185.60668862772,77335.23009882474,103113.64013176634,42964.0167215693,68742.42675451087,85928.0334431386,77335.23009882474,42964.0167215693,42964.0167215693,60149.623410197026,42964.0167215693,34371.21337725544,25778.410032941585,34371.21337725544,17185.60668862772,51556.82006588317,68742.42675451087,60149.623410197026,34371.21337725544,42964.0167215693,34371.21337725544,51556.82006588317,25778.410032941585,42964.0167215693,34371.21337725544,51556.82006588317,17185.60668862772,94520.83678745247,68742.42675451087,42964.0167215693,77335.23009882474,60149.623410197026,17185.60668862772,77335.23009882474,42964.0167215693,42964.0167215693,51556.82006588317,51556.82006588317,25778.410032941585,25778.410032941585,42964.0167215693,85928.0334431386,51556.82006588317,42964.0167215693,85928.0334431386,34371.21337725544,77335.23009882474,42964.0167215693,42964.0167215693,42964.0167215693,42964.0167215693,34371.21337725544,42964.0167215693,17185.60668862772,68742.42675451087,34371.21337725544,42964.0167215693,8592.80334431386,25778.410032941585,34371.21337725544,60149.623410197026,17185.60668862772,60149.623410197026,42964.0167215693,42964.0167215693,60149.623410197026,42964.0167215693,17185.60668862772,51556.82006588317,42964.0167215693,77335.23009882474,68742.42675451087,68742.42675451087,42964.0167215693,42964.0167215693,34371.21337725544,85928.0334431386,42964.0167215693,42964.0167215693,17185.60668862772,25778.410032941585,42964.0167215693,51556.82006588317,51556.82006588317,25778.410032941585,103113.64013176634,85928.0334431386,8592.80334431386,128892.05016470792,8592.80334431386,51556.82006588317,42964.0167215693,60149.623410197026,25778.410032941585,68742.42675451087,60149.623410197026,42964.0167215693,17185.60668862772,34371.21337725544,34371.21337725544,25778.410032941585,25778.410032941585,51556.82006588317,34371.21337725544,,,,25778.410032941585,51556.82006588317,60149.623410197026,42964.0167215693,60149.623410197026,,,,,,,,,,,,,,,,,,,,,,,,,
,,,,,,,,,,,,,,,,,,,,,,,,,,,,,,,,,,,,,,,,,,,68742.42675451087,77335.23009882474,,,,0.0,34371.21337725544,60149.623410197026,34371.21337725544,94520.83678745247,51556.82006588317,8592.80334431386,34371.21337725544,34371.21337725544,34371.21337725544,51556.82006588317,25778.410032941585,68742.42675451087,51556.82006588317,51556.82006588317,85928.0334431386,42964.0167215693,103113.64013176634,51556.82006588317,34371.21337725544,34371.21337725544,34371.21337725544,25778.410032941585,42964.0167215693,60149.623410197026,17185.60668862772,42964.0167215693,42964.0167215693,42964.0167215693,34371.21337725544,60149.623410197026,42964.0167215693,34371.21337725544,68742.42675451087,51556.82006588317,68742.42675451087,68742.42675451087,17185.60668862772,34371.21337725544,60149.623410197026,77335.23009882474,17185.60668862772,25778.410032941585,68742.42675451087,60149.623410197026,34371.21337725544,34371.21337725544,85928.0334431386,85928.0334431386,51556.82006588317,51556.82006588317,94520.83678745247,77335.23009882474,77335.23009882474,120299.24682039405,103113.64013176634,77335.23009882474,77335.23009882474,94520.83678745247,103113.64013176634,42964.0167215693,120299.24682039405,128892.05016470792,77335.23009882474,60149.623410197026,42964.0167215693,68742.42675451087,34371.21337725544,60149.623410197026,8592.80334431386,25778.410032941585,25778.410032941585,68742.42675451087,60149.623410197026,34371.21337725544,60149.623410197026,51556.82006588317,25778.410032941585,60149.623410197026,42964.0167215693,25778.410032941585,8592.80334431386,34371.21337725544,0.0,34371.21337725544,68742.42675451087,17185.60668862772,68742.42675451087,8592.80334431386,25778.410032941585,17185.60668862772,42964.0167215693,25778.410032941585,25778.410032941585,60149.623410197026,51556.82006588317,34371.21337725544,25778.410032941585,68742.42675451087,51556.82006588317,77335.23009882474,34371.21337725544,42964.0167215693,68742.42675451087,51556.82006588317,17185.60668862772,34371.21337725544,51556.82006588317,60149.623410197026,42964.0167215693,68742.42675451087,51556.82006588317,42964.0167215693,51556.82006588317,60149.623410197026,51556.82006588317,34371.21337725544,51556.82006588317,77335.23009882474,68742.42675451087,60149.623410197026,77335.23009882474,60149.623410197026,120299.24682039405,68742.42675451087,25778.410032941585,68742.42675451087,34371.21337725544,85928.0334431386,60149.623410197026,42964.0167215693,51556.82006588317,42964.0167215693,77335.23009882474,51556.82006588317,68742.42675451087,34371.21337725544,42964.0167215693,34371.21337725544,60149.623410197026,77335.23009882474,34371.21337725544,68742.42675451087,34371.21337725544,42964.0167215693,42964.0167215693,25778.410032941585,34371.21337725544,34371.21337725544,42964.0167215693,77335.23009882474,51556.82006588317,17185.60668862772,68742.42675451087,25778.410032941585,51556.82006588317,42964.0167215693,34371.21337725544,34371.21337725544,60149.623410197026,34371.21337725544,94520.83678745247,34371.21337725544,77335.23009882474,42964.0167215693,17185.60668862772,51556.82006588317,51556.82006588317,34371.21337725544,42964.0167215693,51556.82006588317,34371.21337725544,34371.21337725544,34371.21337725544,51556.82006588317,,,,,,60149.623410197026,25778.410032941585,,,,,,,,,,,,,,,,,,,,,,,,,,
,,,,,,,,,,,,,,,,,,,,,,,,,,,,,,,,,,,,,,,,,,,51556.82006588317,42964.0167215693,42964.0167215693,,,,17185.60668862772,68742.42675451087,77335.23009882474,60149.623410197026,60149.623410197026,68742.42675451087,77335.23009882474,77335.23009882474,60149.623410197026,51556.82006588317,60149.623410197026,42964.0167215693,42964.0167215693,85928.0334431386,60149.623410197026,25778.410032941585,128892.05016470792,42964.0167215693,68742.42675451087,34371.21337725544,51556.82006588317,68742.42675451087,42964.0167215693,34371.21337725544,34371.21337725544,17185.60668862772,25778.410032941585,60149.623410197026,68742.42675451087,51556.82006588317,51556.82006588317,25778.410032941585,68742.42675451087,68742.42675451087,25778.410032941585,42964.0167215693,51556.82006588317,77335.23009882474,34371.21337725544,60149.623410197026,51556.82006588317,51556.82006588317,34371.21337725544,8592.80334431386,103113.64013176634,51556.82006588317,77335.23009882474,77335.23009882474,77335.23009882474,85928.0334431386,137484.85350902175,103113.64013176634,60149.623410197026,94520.83678745247,94520.83678745247,60149.623410197026,68742.42675451087,103113.64013176634,77335.23009882474,85928.0334431386,111706.44347608018,111706.44347608018,111706.44347608018,51556.82006588317,60149.623410197026,51556.82006588317,77335.23009882474,42964.0167215693,8592.80334431386,34371.21337725544,68742.42675451087,60149.623410197026,68742.42675451087,42964.0167215693,51556.82006588317,42964.0167215693,51556.82006588317,77335.23009882474,17185.60668862772,42964.0167215693,17185.60668862772,51556.82006588317,25778.410032941585,17185.60668862772,42964.0167215693,25778.410032941585,60149.623410197026,17185.60668862772,42964.0167215693,8592.80334431386,51556.82006588317,60149.623410197026,42964.0167215693,42964.0167215693,60149.623410197026,34371.21337725544,68742.42675451087,25778.410032941585,34371.21337725544,68742.42675451087,34371.21337725544,8592.80334431386,68742.42675451087,42964.0167215693,77335.23009882474,8592.80334431386,51556.82006588317,34371.21337725544,94520.83678745247,51556.82006588317,68742.42675451087,60149.623410197026,25778.410032941585,34371.21337725544,60149.623410197026,34371.21337725544,34371.21337725544,51556.82006588317,77335.23009882474,25778.410032941585,42964.0167215693,94520.83678745247,68742.42675451087,34371.21337725544,94520.83678745247,60149.623410197026,34371.21337725544,42964.0167215693,94520.83678745247,42964.0167215693,68742.42675451087,34371.21337725544,68742.42675451087,42964.0167215693,25778.410032941585,42964.0167215693,51556.82006588317,42964.0167215693,34371.21337725544,94520.83678745247,60149.623410197026,42964.0167215693,42964.0167215693,42964.0167215693,34371.21337725544,42964.0167215693,25778.410032941585,34371.21337725544,60149.623410197026,42964.0167215693,51556.82006588317,51556.82006588317,77335.23009882474,42964.0167215693,34371.21337725544,34371.21337725544,60149.623410197026,34371.21337725544,103113.64013176634,60149.623410197026,51556.82006588317,51556.82006588317,25778.410032941585,77335.23009882474,34371.21337725544,85928.0334431386,77335.23009882474,25778.410032941585,8592.80334431386,42964.0167215693,34371.21337725544,25778.410032941585,42964.0167215693,34371.21337725544,,,,,,,,,,,,,,,,,,,,,,,,,,,,,,,,,
,,,,,,,,,,,,,,,,,,,,,,,,,,,,,,,,,,,,,,,,,,25778.410032941585,42964.0167215693,17185.60668862772,68742.42675451087,34371.21337725544,17185.60668862772,51556.82006588317,68742.42675451087,34371.21337725544,25778.410032941585,34371.21337725544,42964.0167215693,77335.23009882474,68742.42675451087,60149.623410197026,42964.0167215693,42964.0167215693,60149.623410197026,77335.23009882474,60149.623410197026,25778.410032941585,42964.0167215693,103113.64013176634,60149.623410197026,51556.82006588317,34371.21337725544,77335.23009882474,25778.410032941585,68742.42675451087,51556.82006588317,25778.410032941585,25778.410032941585,77335.23009882474,42964.0167215693,17185.60668862772,51556.82006588317,77335.23009882474,34371.21337725544,42964.0167215693,60149.623410197026,68742.42675451087,60149.623410197026,77335.23009882474,60149.623410197026,25778.410032941585,8592.80334431386,85928.0334431386,25778.410032941585,51556.82006588317,42964.0167215693,85928.0334431386,34371.21337725544,34371.21337725544,60149.623410197026,42964.0167215693,77335.23009882474,51556.82006588317,77335.23009882474,94520.83678745247,77335.23009882474,111706.44347608018,60149.623410197026,111706.44347608018,68742.42675451087,68742.42675451087,51556.82006588317,77335.23009882474,51556.82006588317,94520.83678745247,60149.623410197026,60149.623410197026,85928.0334431386,68742.42675451087,51556.82006588317,85928.0334431386,51556.82006588317,34371.21337725544,17185.60668862772,8592.80334431386,85928.0334431386,25778.410032941585,34371.21337725544,51556.82006588317,68742.42675451087,17185.60668862772,51556.82006588317,17185.60668862772,42964.0167215693,77335.23009882474,51556.82006588317,77335.23009882474,60149.623410197026,77335.23009882474,8592.80334431386,42964.0167215693,17185.60668862772,34371.21337725544,42964.0167215693,25778.410032941585,51556.82006588317,17185.60668862772,17185.60668862772,42964.0167215693,42964.0167215693,68742.42675451087,17185.60668862772,77335.23009882474,103113.64013176634,68742.42675451087,17185.60668862772,8592.80334431386,111706.44347608018,60149.623410197026,51556.82006588317,94520.83678745247,34371.21337725544,34371.21337725544,85928.0334431386,34371.21337725544,77335.23009882474,77335.23009882474,42964.0167215693,25778.410032941585,51556.82006588317,25778.410032941585,34371.21337725544,103113.64013176634,60149.623410197026,60149.623410197026,34371.21337725544,51556.82006588317,42964.0167215693,85928.0334431386,34371.21337725544,77335.23009882474,25778.410032941585,34371.21337725544,42964.0167215693,42964.0167215693,25778.410032941585,34371.21337725544,42964.0167215693,25778.410032941585,85928.0334431386,42964.0167215693,77335.23009882474,25778.410032941585,85928.0334431386,77335.23009882474,34371.21337725544,60149.623410197026,17185.60668862772,51556.82006588317,25778.410032941585,94520.83678745247,42964.0167215693,42964.0167215693,51556.82006588317,77335.23009882474,34371.21337725544,42964.0167215693,68742.42675451087,25778.410032941585,77335.23009882474,25778.410032941585,51556.82006588317,77335.23009882474,85928.0334431386,68742.42675451087,85928.0334431386,34371.21337725544,68742.42675451087,42964.0167215693,77335.23009882474,42964.0167215693,60149.623410197026,60149.623410197026,51556.82006588317,60149.623410197026,17185.60668862772,,,,,,,,,,,,,,,,,,,,,,,,,,,,,,,,,,
,,,,,,,,,,,,,,,,,,,,,,,,,,,,,,,,,,,,,,,,,51556.82006588317,60149.623410197026,51556.82006588317,51556.82006588317,94520.83678745247,42964.0167215693,60149.623410197026,42964.0167215693,34371.21337725544,60149.623410197026,60149.623410197026,85928.0334431386,42964.0167215693,77335.23009882474,68742.42675451087,94520.83678745247,60149.623410197026,60149.623410197026,42964.0167215693,34371.21337725544,51556.82006588317,17185.60668862772,51556.82006588317,25778.410032941585,34371.21337725544,51556.82006588317,60149.623410197026,60149.623410197026,77335.23009882474,42964.0167215693,51556.82006588317,42964.0167215693,34371.21337725544,34371.21337725544,60149.623410197026,60149.623410197026,34371.21337725544,85928.0334431386,42964.0167215693,85928.0334431386,42964.0167215693,60149.623410197026,42964.0167215693,68742.42675451087,60149.623410197026,77335.23009882474,17185.60668862772,60149.623410197026,34371.21337725544,51556.82006588317,51556.82006588317,60149.623410197026,94520.83678745247,120299.24682039405,60149.623410197026,137484.85350902175,51556.82006588317,111706.44347608018,120299.24682039405,51556.82006588317,103113.64013176634,94520.83678745247,34371.21337725544,51556.82006588317,137484.85350902175,51556.82006588317,111706.44347608018,60149.623410197026,154670.4601976495,85928.0334431386,128892.05016470792,77335.23009882474,42964.0167215693,51556.82006588317,85928.0334431386,68742.42675451087,51556.82006588317,60149.623410197026,51556.82006588317,60149.623410197026,42964.0167215693,42964.0167215693,51556.82006588317,68742.42675451087,34371.21337725544,51556.82006588317,25778.410032941585,42964.0167215693,34371.21337725544,51556.82006588317,51556.82006588317,60149.623410197026,85928.0334431386,34371.21337725544,77335.23009882474,17185.60668862772,17185.60668862772,25778.410032941585,42964.0167215693,34371.21337725544,42964.0167215693,34371.21337725544,42964.0167215693,17185.60668862772,60149.623410197026,17185.60668862772,34371.21337725544,17185.60668862772,42964.0167215693,42964.0167215693,111706.44347608018,120299.24682039405,68742.42675451087,85928.0334431386,68742.42675451087,103113.64013176634,51556.82006588317,51556.82006588317,68742.42675451087,103113.64013176634,68742.42675451087,60149.623410197026,68742.42675451087,77335.23009882474,42964.0167215693,25778.410032941585,51556.82006588317,34371.21337725544,68742.42675451087,51556.82006588317,60149.623410197026,34371.21337725544,34371.21337725544,34371.21337725544,42964.0167215693,77335.23009882474,51556.82006588317,42964.0167215693,85928.0334431386,94520.83678745247,34371.21337725544,51556.82006588317,34371.21337725544,42964.0167215693,34371.21337725544,60149.623410197026,51556.82006588317,42964.0167215693,8592.80334431386,25778.410032941585,51556.82006588317,68742.42675451087,85928.0334431386,34371.21337725544,17185.60668862772,42964.0167215693,77335.23009882474,34371.21337725544,103113.64013176634,25778.410032941585,60149.623410197026,34371.21337725544,25778.410032941585,51556.82006588317,60149.623410197026,25778.410032941585,17185.60668862772,60149.623410197026,60149.623410197026,60149.623410197026,25778.410032941585,42964.0167215693,34371.21337725544,85928.0334431386,42964.0167215693,42964.0167215693,25778.410032941585,60149.623410197026,17185.60668862772,25778.410032941585,42964.0167215693,34371.21337725544,,,,,,,,,,,,,,,,,,,,,,,,,,,,,,,,,
,,,,,,,,,,,,,,,,,,,,,,,,,,,,,,,,,,,,,,,,,85928.0334431386,34371.21337725544,51556.82006588317,25778.410032941585,25778.410032941585,34371.21337725544,25778.410032941585,77335.23009882474,51556.82006588317,34371.21337725544,42964.0167215693,60149.623410197026,94520.83678745247,77335.23009882474,77335.23009882474,34371.21337725544,85928.0334431386,60149.623410197026,25778.410032941585,51556.82006588317,42964.0167215693,60149.623410197026,51556.82006588317,34371.21337725544,137484.85350902175,42964.0167215693,42964.0167215693,34371.21337725544,77335.23009882474,51556.82006588317,68742.42675451087,85928.0334431386,77335.23009882474,51556.82006588317,51556.82006588317,34371.21337725544,8592.80334431386,60149.623410197026,51556.82006588317,25778.410032941585,51556.82006588317,51556.82006588317,94520.83678745247,60149.623410197026,85928.0334431386,34371.21337725544,103113.64013176634,51556.82006588317,51556.82006588317,25778.410032941585,42964.0167215693,60149.623410197026,94520.83678745247,25778.410032941585,77335.23009882474,146077.6568533356,51556.82006588317,68742.42675451087,77335.23009882474,60149.623410197026,111706.44347608018,85928.0334431386,77335.23009882474,111706.44347608018,120299.24682039405,60149.623410197026,111706.44347608018,154670.4601976495,111706.44347608018,154670.4601976495,120299.24682039405,60149.623410197026,25778.410032941585,85928.0334431386,60149.623410197026,51556.82006588317,68742.42675451087,77335.23009882474,17185.60668862772,34371.21337725544,25778.410032941585,42964.0167215693,51556.82006588317,60149.623410197026,42964.0167215693,17185.60668862772,68742.42675451087,42964.0167215693,42964.0167215693,34371.21337725544,25778.410032941585,51556.82006588317,42964.0167215693,60149.623410197026,60149.623410197026,42964.0167215693,25778.410032941585,25778.410032941585,60149.623410197026,0.0,77335.23009882474,17185.60668862772,17185.60668862772,42964.0167215693,0.0,25778.410032941585,17185.60668862772,25778.410032941585,25778.410032941585,34371.21337725544,51556.82006588317,42964.0167215693,51556.82006588317,25778.410032941585,34371.21337725544,60149.623410197026,42964.0167215693,17185.60668862772,68742.42675451087,51556.82006588317,25778.410032941585,77335.23009882474,85928.0334431386,77335.23009882474,25778.410032941585,103113.64013176634,17185.60668862772,68742.42675451087,77335.23009882474,51556.82006588317,8592.80334431386,42964.0167215693,60149.623410197026,68742.42675451087,51556.82006588317,17185.60668862772,34371.21337725544,60149.623410197026,51556.82006588317,68742.42675451087,51556.82006588317,17185.60668862772,25778.410032941585,51556.82006588317,60149.623410197026,51556.82006588317,34371.21337725544,51556.82006588317,17185.60668862772,60149.623410197026,51556.82006588317,60149.623410197026,51556.82006588317,51556.82006588317,103113.64013176634,51556.82006588317,34371.21337725544,34371.21337725544,68742.42675451087,68742.42675451087,68742.42675451087,34371.21337725544,42964.0167215693,51556.82006588317,111706.44347608018,25778.410032941585,68742.42675451087,60149.623410197026,77335.23009882474,17185.60668862772,60149.623410197026,77335.23009882474,51556.82006588317,42964.0167215693,34371.21337725544,42964.0167215693,0.0,60149.623410197026,25778.410032941585,51556.82006588317,68742.42675451087,51556.82006588317,60149.623410197026,,,,,,,,,,,,,,,,,,,,,,,,,,,,,,,,
,,,,,,,,,,,,,,,,,,,,,,,,,,,,,,,,,,,,,,,,,34371.21337725544,34371.21337725544,25778.410032941585,68742.42675451087,51556.82006588317,25778.410032941585,60149.623410197026,17185.60668862772,34371.21337725544,42964.0167215693,25778.410032941585,94520.83678745247,51556.82006588317,60149.623410197026,111706.44347608018,68742.42675451087,51556.82006588317,68742.42675451087,42964.0167215693,34371.21337725544,68742.42675451087,60149.623410197026,25778.410032941585,42964.0167215693,60149.623410197026,25778.410032941585,51556.82006588317,34371.21337725544,17185.60668862772,34371.21337725544,34371.21337725544,42964.0167215693,42964.0167215693,51556.82006588317,77335.23009882474,60149.623410197026,51556.82006588317,68742.42675451087,60149.623410197026,68742.42675451087,103113.64013176634,94520.83678745247,85928.0334431386,8592.80334431386,68742.42675451087,51556.82006588317,60149.623410197026,77335.23009882474,51556.82006588317,25778.410032941585,0.0,68742.42675451087,94520.83678745247,85928.0334431386,68742.42675451087,42964.0167215693,85928.0334431386,77335.23009882474,77335.23009882474,51556.82006588317,68742.42675451087,77335.23009882474,85928.0334431386,103113.64013176634,51556.82006588317,77335.23009882474,68742.42675451087,34371.21337725544,94520.83678745247,77335.23009882474,94520.83678745247,34371.21337725544,34371.21337725544,68742.42675451087,25778.410032941585,51556.82006588317,51556.82006588317,25778.410032941585,60149.623410197026,25778.410032941585,94520.83678745247,77335.23009882474,17185.60668862772,60149.623410197026,60149.623410197026,60149.623410197026,42964.0167215693,51556.82006588317,42964.0167215693,34371.21337725544,17185.60668862772,60149.623410197026,17185.60668862772,34371.21337725544,60149.623410197026,25778.410032941585,25778.410032941585,17185.60668862772,25778.410032941585,51556.82006588317,8592.80334431386,17185.60668862772,34371.21337725544,34371.21337725544,34371.21337725544,51556.82006588317,34371.21337725544,17185.60668862772,68742.42675451087,17185.60668862772,42964.0167215693,51556.82006588317,51556.82006588317,34371.21337725544,51556.82006588317,77335.23009882474,42964.0167215693,94520.83678745247,94520.83678745247,85928.0334431386,25778.410032941585,68742.42675451087,60149.623410197026,42964.0167215693,77335.23009882474,60149.623410197026,25778.410032941585,94520.83678745247,51556.82006588317,85928.0334431386,42964.0167215693,25778.410032941585,42964.0167215693,34371.21337725544,34371.21337725544,42964.0167215693,77335.23009882474,60149.623410197026,68742.42675451087,25778.410032941585,51556.82006588317,51556.82006588317,85928.0334431386,25778.410032941585,42964.0167215693,42964.0167215693,51556.82006588317,68742.42675451087,34371.21337725544,94520.83678745247,60149.623410197026,42964.0167215693,94520.83678745247,51556.82006588317,94520.83678745247,94520.83678745247,85928.0334431386,77335.23009882474,77335.23009882474,60149.623410197026,68742.42675451087,103113.64013176634,60149.623410197026,51556.82006588317,85928.0334431386,85928.0334431386,68742.42675451087,17185.60668862772,51556.82006588317,60149.623410197026,51556.82006588317,42964.0167215693,60149.623410197026,77335.23009882474,68742.42675451087,51556.82006588317,42964.0167215693,25778.410032941585,17185.60668862772,60149.623410197026,34371.21337725544,25778.410032941585,60149.623410197026,,,,,,,,,,,,,,,,,,,,,,,,,,,,,,,,
,,,,,,,,,,,,,,,,,,,,,,,,,,,,,,,,,,,,,103113.64013176634,34371.21337725544,51556.82006588317,25778.410032941585,17185.60668862772,42964.0167215693,25778.410032941585,25778.410032941585,51556.82006588317,68742.42675451087,42964.0167215693,60149.623410197026,17185.60668862772,60149.623410197026,34371.21337725544,51556.82006588317,120299.24682039405,111706.44347608018,77335.23009882474,94520.83678745247,42964.0167215693,103113.64013176634,42964.0167215693,77335.23009882474,85928.0334431386,34371.21337725544,111706.44347608018,25778.410032941585,68742.42675451087,34371.21337725544,111706.44347608018,77335.23009882474,42964.0167215693,68742.42675451087,51556.82006588317,17185.60668862772,42964.0167215693,60149.623410197026,25778.410032941585,42964.0167215693,42964.0167215693,120299.24682039405,42964.0167215693,111706.44347608018,128892.05016470792,60149.623410197026,94520.83678745247,34371.21337725544,25778.410032941585,68742.42675451087,60149.623410197026,51556.82006588317,51556.82006588317,103113.64013176634,68742.42675451087,103113.64013176634,94520.83678745247,68742.42675451087,137484.85350902175,85928.0334431386,51556.82006588317,77335.23009882474,60149.623410197026,17185.60668862772,60149.623410197026,34371.21337725544,68742.42675451087,34371.21337725544,60149.623410197026,51556.82006588317,42964.0167215693,85928.0334431386,85928.0334431386,77335.23009882474,60149.623410197026,42964.0167215693,77335.23009882474,103113.64013176634,146077.6568533356,68742.42675451087,51556.82006588317,85928.0334431386,103113.64013176634,51556.82006588317,25778.410032941585,77335.23009882474,34371.21337725544,42964.0167215693,34371.21337725544,34371.21337725544,94520.83678745247,25778.410032941585,34371.21337725544,42964.0167215693,25778.410032941585,25778.410032941585,25778.410032941585,51556.82006588317,8592.80334431386,17185.60668862772,0.0,25778.410032941585,25778.410032941585,0.0,17185.60668862772,25778.410032941585,17185.60668862772,8592.80334431386,34371.21337725544,17185.60668862772,17185.60668862772,34371.21337725544,51556.82006588317,51556.82006588317,51556.82006588317,25778.410032941585,51556.82006588317,51556.82006588317,34371.21337725544,60149.623410197026,42964.0167215693,77335.23009882474,60149.623410197026,34371.21337725544,60149.623410197026,77335.23009882474,51556.82006588317,94520.83678745247,34371.21337725544,68742.42675451087,77335.23009882474,60149.623410197026,60149.623410197026,51556.82006588317,60149.623410197026,42964.0167215693,25778.410032941585,68742.42675451087,51556.82006588317,77335.23009882474,34371.21337725544,68742.42675451087,103113.64013176634,34371.21337725544,51556.82006588317,77335.23009882474,51556.82006588317,51556.82006588317,103113.64013176634,25778.410032941585,42964.0167215693,111706.44347608018,42964.0167215693,51556.82006588317,42964.0167215693,34371.21337725544,42964.0167215693,77335.23009882474,60149.623410197026,77335.23009882474,77335.23009882474,51556.82006588317,51556.82006588317,51556.82006588317,51556.82006588317,60149.623410197026,60149.623410197026,42964.0167215693,103113.64013176634,25778.410032941585,77335.23009882474,25778.410032941585,85928.0334431386,34371.21337725544,17185.60668862772,94520.83678745247,68742.42675451087,34371.21337725544,77335.23009882474,25778.410032941585,60149.623410197026,34371.21337725544,25778.410032941585,60149.623410197026,68742.42675451087,60149.623410197026,,,,,,,,,,,,,,,,,,,,,,,,,,,,,,,,,
,,,,,,,,,,,,,,,,,,,,,,,,,,,,,,,,,,,,17185.60668862772,42964.0167215693,8592.80334431386,77335.23009882474,42964.0167215693,51556.82006588317,120299.24682039405,60149.623410197026,42964.0167215693,51556.82006588317,34371.21337725544,25778.410032941585,60149.623410197026,68742.42675451087,42964.0167215693,42964.0167215693,77335.23009882474,34371.21337725544,51556.82006588317,60149.623410197026,42964.0167215693,51556.82006588317,77335.23009882474,68742.42675451087,42964.0167215693,94520.83678745247,34371.21337725544,60149.623410197026,103113.64013176634,85928.0334431386,17185.60668862772,42964.0167215693,34371.21337725544,34371.21337725544,42964.0167215693,51556.82006588317,17185.60668862772,34371.21337725544,25778.410032941585,42964.0167215693,42964.0167215693,60149.623410197026,120299.24682039405,17185.60668862772,68742.42675451087,25778.410032941585,60149.623410197026,68742.42675451087,60149.623410197026,0.0,42964.0167215693,8592.80334431386,51556.82006588317,51556.82006588317,17185.60668862772,42964.0167215693,25778.410032941585,60149.623410197026,34371.21337725544,103113.64013176634,94520.83678745247,77335.23009882474,51556.82006588317,34371.21337725544,34371.21337725544,42964.0167215693,77335.23009882474,51556.82006588317,68742.42675451087,85928.0334431386,60149.623410197026,103113.64013176634,42964.0167215693,60149.623410197026,94520.83678745247,77335.23009882474,103113.64013176634,128892.05016470792,103113.64013176634,128892.05016470792,111706.44347608018,120299.24682039405,146077.6568533356,120299.24682039405,34371.21337725544,51556.82006588317,34371.21337725544,34371.21337725544,25778.410032941585,42964.0167215693,34371.21337725544,34371.21337725544,51556.82006588317,25778.410032941585,8592.80334431386,8592.80334431386,25778.410032941585,8592.80334431386,34371.21337725544,17185.60668862772,17185.60668862772,8592.80334431386,17185.60668862772,34371.21337725544,0.0,25778.410032941585,25778.410032941585,25778.410032941585,8592.80334431386,25778.410032941585,17185.60668862772,8592.80334431386,51556.82006588317,42964.0167215693,51556.82006588317,25778.410032941585,42964.0167215693,17185.60668862772,17185.60668862772,68742.42675451087,51556.82006588317,51556.82006588317,34371.21337725544,60149.623410197026,25778.410032941585,60149.623410197026,42964.0167215693,68742.42675451087,34371.21337725544,51556.82006588317,85928.0334431386,51556.82006588317,94520.83678745247,77335.23009882474,60149.623410197026,42964.0167215693,68742.42675451087,120299.24682039405,77335.23009882474,60149.623410197026,51556.82006588317,77335.23009882474,25778.410032941585,51556.82006588317,17185.60668862772,60149.623410197026,25778.410032941585,42964.0167215693,8592.80334431386,94520.83678745247,120299.24682039405,42964.0167215693,77335.23009882474,51556.82006588317,25778.410032941585,103113.64013176634,51556.82006588317,103113.64013176634,17185.60668862772,60149.623410197026,34371.21337725544,17185.60668862772,128892.05016470792,137484.85350902175,60149.623410197026,60149.623410197026,85928.0334431386,51556.82006588317,25778.410032941585,77335.23009882474,42964.0167215693,42964.0167215693,42964.0167215693,25778.410032941585,51556.82006588317,34371.21337725544,42964.0167215693,25778.410032941585,34371.21337725544,42964.0167215693,25778.410032941585,51556.82006588317,60149.623410197026,34371.21337725544,51556.82006588317,51556.82006588317,34371.21337725544,,,,,,,,,,,,,,,,,,,,,,,,,,,,,,,,,
,,,,,,,,,,,,,,,,,,,,,,,,,,,,,,,,,,,25778.410032941585,85928.0334431386,51556.82006588317,34371.21337725544,42964.0167215693,34371.21337725544,42964.0167215693,34371.21337725544,42964.0167215693,51556.82006588317,42964.0167215693,68742.42675451087,60149.623410197026,34371.21337725544,51556.82006588317,94520.83678745247,34371.21337725544,34371.21337725544,60149.623410197026,42964.0167215693,85928.0334431386,51556.82006588317,85928.0334431386,51556.82006588317,77335.23009882474,60149.623410197026,34371.21337725544,42964.0167215693,85928.0334431386,8592.80334431386,68742.42675451087,34371.21337725544,60149.623410197026,34371.21337725544,85928.0334431386,60149.623410197026,42964.0167215693,25778.410032941585,77335.23009882474,34371.21337725544,60149.623410197026,8592.80334431386,34371.21337725544,60149.623410197026,68742.42675451087,77335.23009882474,85928.0334431386,60149.623410197026,94520.83678745247,42964.0167215693,42964.0167215693,85928.0334431386,34371.21337725544,60149.623410197026,85928.0334431386,77335.23009882474,42964.0167215693,77335.23009882474,25778.410032941585,68742.42675451087,68742.42675451087,51556.82006588317,42964.0167215693,8592.80334431386,68742.42675451087,42964.0167215693,42964.0167215693,34371.21337725544,94520.83678745247,77335.23009882474,94520.83678745247,128892.05016470792,77335.23009882474,85928.0334431386,94520.83678745247,34371.21337725544,51556.82006588317,85928.0334431386,103113.64013176634,42964.0167215693,120299.24682039405,68742.42675451087,111706.44347608018,154670.4601976495,85928.0334431386,25778.410032941585,68742.42675451087,25778.410032941585,77335.23009882474,25778.410032941585,51556.82006588317,17185.60668862772,60149.623410197026,25778.410032941585,8592.80334431386,17185.60668862772,17185.60668862772,60149.623410197026,8592.80334431386,25778.410032941585,17185.60668862772,25778.410032941585,34371.21337725544,8592.80334431386,17185.60668862772,17185.60668862772,8592.80334431386,8592.80334431386,0.0,25778.410032941585,8592.80334431386,25778.410032941585,25778.410032941585,34371.21337725544,34371.21337725544,34371.21337725544,42964.0167215693,25778.410032941585,68742.42675451087,68742.42675451087,51556.82006588317,68742.42675451087,42964.0167215693,42964.0167215693,42964.0167215693,85928.0334431386,128892.05016470792,34371.21337725544,51556.82006588317,34371.21337725544,60149.623410197026,51556.82006588317,25778.410032941585,25778.410032941585,77335.23009882474,85928.0334431386,68742.42675451087,34371.21337725544,77335.23009882474,42964.0167215693,42964.0167215693,34371.21337725544,60149.623410197026,77335.23009882474,94520.83678745247,68742.42675451087,42964.0167215693,34371.21337725544,51556.82006588317,68742.42675451087,68742.42675451087,60149.623410197026,17185.60668862772,68742.42675451087,34371.21337725544,68742.42675451087,77335.23009882474,25778.410032941585,77335.23009882474,77335.23009882474,17185.60668862772,85928.0334431386,60149.623410197026,120299.24682039405,103113.64013176634,137484.85350902175,154670.4601976495,103113.64013176634,60149.623410197026,68742.42675451087,68742.42675451087,77335.23009882474,60149.623410197026,51556.82006588317,85928.0334431386,42964.0167215693,60149.623410197026,51556.82006588317,34371.21337725544,34371.21337725544,42964.0167215693,34371.21337725544,17185.60668862772,51556.82006588317,51556.82006588317,51556.82006588317,34371.21337725544,34371.21337725544,,,,,,,,,,,,,,,,,,,,,,,,,,,,,,,,,
,,,,,,,,,,,,,,,,,,,,,,,,,,,,,,,,,,,42964.0167215693,60149.623410197026,103113.64013176634,68742.42675451087,60149.623410197026,42964.0167215693,51556.82006588317,34371.21337725544,85928.0334431386,51556.82006588317,51556.82006588317,25778.410032941585,0.0,60149.623410197026,68742.42675451087,68742.42675451087,51556.82006588317,60149.623410197026,85928.0334431386,8592.80334431386,60149.623410197026,51556.82006588317,42964.0167215693,42964.0167215693,60149.623410197026,68742.42675451087,34371.21337725544,60149.623410197026,51556.82006588317,68742.42675451087,17185.60668862772,68742.42675451087,42964.0167215693,51556.82006588317,60149.623410197026,51556.82006588317,42964.0167215693,25778.410032941585,51556.82006588317,51556.82006588317,42964.0167215693,42964.0167215693,60149.623410197026,25778.410032941585,51556.82006588317,42964.0167215693,60149.623410197026,51556.82006588317,85928.0334431386,60149.623410197026,25778.410032941585,111706.44347608018,51556.82006588317,68742.42675451087,25778.410032941585,17185.60668862772,51556.82006588317,68742.42675451087,60149.623410197026,34371.21337725544,77335.23009882474,34371.21337725544,8592.80334431386,51556.82006588317,60149.623410197026,60149.623410197026,51556.82006588317,60149.623410197026,68742.42675451087,51556.82006588317,85928.0334431386,163263.26354196333,154670.4601976495,120299.24682039405,34371.21337725544,85928.0334431386,68742.42675451087,94520.83678745247,103113.64013176634,51556.82006588317,137484.85350902175,103113.64013176634,111706.44347608018,68742.42675451087,120299.24682039405,85928.0334431386,68742.42675451087,25778.410032941585,17185.60668862772,68742.42675451087,42964.0167215693,85928.0334431386,34371.21337725544,0.0,25778.410032941585,17185.60668862772,25778.410032941585,8592.80334431386,17185.60668862772,0.0,42964.0167215693,8592.80334431386,17185.60668862772,17185.60668862772,25778.410032941585,17185.60668862772,25778.410032941585,25778.410032941585,17185.60668862772,8592.80334431386,0.0,17185.60668862772,42964.0167215693,34371.21337725544,17185.60668862772,42964.0167215693,0.0,17185.60668862772,34371.21337725544,51556.82006588317,8592.80334431386,34371.21337725544,42964.0167215693,34371.21337725544,34371.21337725544,34371.21337725544,34371.21337725544,68742.42675451087,42964.0167215693,60149.623410197026,60149.623410197026,103113.64013176634,42964.0167215693,68742.42675451087,77335.23009882474,25778.410032941585,77335.23009882474,60149.623410197026,42964.0167215693,60149.623410197026,68742.42675451087,25778.410032941585,42964.0167215693,34371.21337725544,42964.0167215693,60149.623410197026,25778.410032941585,42964.0167215693,34371.21337725544,42964.0167215693,17185.60668862772,17185.60668862772,42964.0167215693,34371.21337725544,60149.623410197026,60149.623410197026,51556.82006588317,77335.23009882474,34371.21337725544,60149.623410197026,60149.623410197026,77335.23009882474,60149.623410197026,68742.42675451087,103113.64013176634,189041.67357490494,137484.85350902175,51556.82006588317,60149.623410197026,85928.0334431386,42964.0167215693,60149.623410197026,34371.21337725544,51556.82006588317,25778.410032941585,60149.623410197026,60149.623410197026,34371.21337725544,60149.623410197026,51556.82006588317,51556.82006588317,42964.0167215693,60149.623410197026,34371.21337725544,103113.64013176634,60149.623410197026,17185.60668862772,,,,,,,,,,,,,,,,,,,,,,,,,,,,,,,,,,
,,,,,,,,,,,,,,,,,,,,,,,,,,,,,,,,,,,51556.82006588317,42964.0167215693,25778.410032941585,51556.82006588317,68742.42675451087,42964.0167215693,42964.0167215693,34371.21337725544,34371.21337725544,60149.623410197026,77335.23009882474,34371.21337725544,25778.410032941585,51556.82006588317,25778.410032941585,60149.623410197026,85928.0334431386,68742.42675451087,60149.623410197026,51556.82006588317,34371.21337725544,85928.0334431386,68742.42675451087,85928.0334431386,60149.623410197026,42964.0167215693,60149.623410197026,25778.410032941585,51556.82006588317,17185.60668862772,77335.23009882474,60149.623410197026,85928.0334431386,42964.0167215693,51556.82006588317,17185.60668862772,42964.0167215693,85928.0334431386,34371.21337725544,17185.60668862772,77335.23009882474,42964.0167215693,42964.0167215693,17185.60668862772,34371.21337725544,51556.82006588317,68742.42675451087,42964.0167215693,42964.0167215693,51556.82006588317,42964.0167215693,85928.0334431386,42964.0167215693,34371.21337725544,51556.82006588317,8592.80334431386,51556.82006588317,42964.0167215693,60149.623410197026,60149.623410197026,60149.623410197026,42964.0167215693,51556.82006588317,42964.0167215693,17185.60668862772,60149.623410197026,34371.21337725544,85928.0334431386,60149.623410197026,146077.6568533356,85928.0334431386,85928.0334431386,77335.23009882474,51556.82006588317,68742.42675451087,60149.623410197026,68742.42675451087,17185.60668862772,42964.0167215693,85928.0334431386,94520.83678745247,128892.05016470792,85928.0334431386,103113.64013176634,77335.23009882474,60149.623410197026,85928.0334431386,60149.623410197026,42964.0167215693,68742.42675451087,25778.410032941585,51556.82006588317,34371.21337725544,8592.80334431386,17185.60668862772,34371.21337725544,17185.60668862772,0.0,8592.80334431386,0.0,17185.60668862772,8592.80334431386,17185.60668862772,51556.82006588317,120299.24682039405,128892.05016470792,34371.21337725544,51556.82006588317,17185.60668862772,42964.0167215693,0.0,25778.410032941585,8592.80334431386,25778.410032941585,17185.60668862772,17185.60668862772,25778.410032941585,8592.80334431386,17185.60668862772,8592.80334431386,34371.21337725544,51556.82006588317,34371.21337725544,25778.410032941585,34371.21337725544,17185.60668862772,111706.44347608018,51556.82006588317,68742.42675451087,60149.623410197026,68742.42675451087,42964.0167215693,42964.0167215693,51556.82006588317,77335.23009882474,42964.0167215693,103113.64013176634,42964.0167215693,51556.82006588317,51556.82006588317,42964.0167215693,17185.60668862772,60149.623410197026,60149.623410197026,68742.42675451087,60149.623410197026,34371.21337725544,17185.60668862772,42964.0167215693,42964.0167215693,42964.0167215693,34371.21337725544,42964.0167215693,34371.21337725544,25778.410032941585,42964.0167215693,25778.410032941585,60149.623410197026,77335.23009882474,42964.0167215693,68742.42675451087,77335.23009882474,137484.85350902175,103113.64013176634,103113.64013176634,197634.47691921878,154670.4601976495,103113.64013176634,68742.42675451087,60149.623410197026,94520.83678745247,51556.82006588317,77335.23009882474,17185.60668862772,51556.82006588317,94520.83678745247,77335.23009882474,25778.410032941585,51556.82006588317,51556.82006588317,42964.0167215693,51556.82006588317,85928.0334431386,60149.623410197026,34371.21337725544,34371.21337725544,34371.21337725544,,,,,,,,,,,,,,,,,,,,,,,,,,,,,,,,,,
,,,,,,,,,,,,,,,,,,,,,,,,,,,,,,,,77335.23009882474,51556.82006588317,34371.21337725544,94520.83678745247,34371.21337725544,42964.0167215693,51556.82006588317,68742.42675451087,25778.410032941585,51556.82006588317,60149.623410197026,34371.21337725544,51556.82006588317,68742.42675451087,51556.82006588317,51556.82006588317,60149.623410197026,77335.23009882474,111706.44347608018,68742.42675451087,51556.82006588317,60149.623410197026,68742.42675451087,85928.0334431386,68742.42675451087,77335.23009882474,68742.42675451087,111706.44347608018,42964.0167215693,60149.623410197026,60149.623410197026,42964.0167215693,68742.42675451087,42964.0167215693,85928.0334431386,34371.21337725544,34371.21337725544,8592.80334431386,17185.60668862772,34371.21337725544,42964.0167215693,34371.21337725544,51556.82006588317,25778.410032941585,68742.42675451087,34371.21337725544,60149.623410197026,60149.623410197026,68742.42675451087,34371.21337725544,25778.410032941585,68742.42675451087,42964.0167215693,17185.60668862772,60149.623410197026,34371.21337725544,77335.23009882474,25778.410032941585,25778.410032941585,77335.23009882474,51556.82006588317,68742.42675451087,34371.21337725544,60149.623410197026,51556.82006588317,34371.21337725544,42964.0167215693,60149.623410197026,25778.410032941585,68742.42675451087,77335.23009882474,103113.64013176634,111706.44347608018,34371.21337725544,85928.0334431386,85928.0334431386,42964.0167215693,77335.23009882474,68742.42675451087,111706.44347608018,42964.0167215693,51556.82006588317,51556.82006588317,77335.23009882474,77335.23009882474,77335.23009882474,103113.64013176634,34371.21337725544,77335.23009882474,60149.623410197026,77335.23009882474,17185.60668862772,34371.21337725544,34371.21337725544,34371.21337725544,42964.0167215693,17185.60668862772,25778.410032941585,8592.80334431386,17185.60668862772,17185.60668862772,17185.60668862772,8592.80334431386,8592.80334431386,34371.21337725544,42964.0167215693,77335.23009882474,60149.623410197026,94520.83678745247,68742.42675451087,25778.410032941585,8592.80334431386,34371.21337725544,8592.80334431386,8592.80334431386,17185.60668862772,0.0,17185.60668862772,8592.80334431386,17185.60668862772,17185.60668862772,8592.80334431386,0.0,8592.80334431386,8592.80334431386,8592.80334431386,60149.623410197026,103113.64013176634,68742.42675451087,25778.410032941585,34371.21337725544,34371.21337725544,34371.21337725544,42964.0167215693,42964.0167215693,51556.82006588317,42964.0167215693,103113.64013176634,60149.623410197026,25778.410032941585,51556.82006588317,34371.21337725544,68742.42675451087,25778.410032941585,34371.21337725544,60149.623410197026,68742.42675451087,85928.0334431386,42964.0167215693,77335.23009882474,60149.623410197026,25778.410032941585,34371.21337725544,68742.42675451087,34371.21337725544,25778.410032941585,77335.23009882474,68742.42675451087,60149.623410197026,34371.21337725544,42964.0167215693,51556.82006588317,60149.623410197026,128892.05016470792,103113.64013176634,94520.83678745247,137484.85350902175,128892.05016470792,223412.88695216036,103113.64013176634,94520.83678745247,77335.23009882474,120299.24682039405,85928.0334431386,85928.0334431386,25778.410032941585,60149.623410197026,60149.623410197026,34371.21337725544,51556.82006588317,51556.82006588317,25778.410032941585,103113.64013176634,60149.623410197026,25778.410032941585,77335.23009882474,51556.82006588317,42964.0167215693,94520.83678745247,17185.60668862772,,,,,,,,,,,,,,,,,,,,,,,,,,,,,,,,,,
,,,,,,,,,,,,,,,,,,,,,,,,,,,,,,,17185.60668862772,60149.623410197026,34371.21337725544,60149.623410197026,17185.60668862772,51556.82006588317,51556.82006588317,25778.410032941585,60149.623410197026,25778.410032941585,25778.410032941585,77335.23009882474,25778.410032941585,42964.0167215693,17185.60668862772,51556.82006588317,68742.42675451087,77335.23009882474,51556.82006588317,34371.21337725544,17185.60668862772,85928.0334431386,77335.23009882474,60149.623410197026,85928.0334431386,51556.82006588317,128892.05016470792,68742.42675451087,94520.83678745247,94520.83678745247,85928.0334431386,34371.21337725544,25778.410032941585,34371.21337725544,25778.410032941585,77335.23009882474,8592.80334431386,51556.82006588317,60149.623410197026,60149.623410197026,68742.42675451087,25778.410032941585,25778.410032941585,17185.60668862772,77335.23009882474,60149.623410197026,51556.82006588317,77335.23009882474,25778.410032941585,8592.80334431386,42964.0167215693,51556.82006588317,68742.42675451087,103113.64013176634,34371.21337725544,68742.42675451087,77335.23009882474,68742.42675451087,34371.21337725544,85928.0334431386,103113.64013176634,60149.623410197026,137484.85350902175,68742.42675451087,42964.0167215693,51556.82006588317,68742.42675451087,34371.21337725544,77335.23009882474,68742.42675451087,128892.05016470792,163263.26354196333,154670.4601976495,171856.0668862772,103113.64013176634,51556.82006588317,77335.23009882474,42964.0167215693,60149.623410197026,51556.82006588317,68742.42675451087,34371.21337725544,60149.623410197026,103113.64013176634,60149.623410197026,94520.83678745247,128892.05016470792,111706.44347608018,85928.0334431386,60149.623410197026,25778.410032941585,51556.82006588317,51556.82006588317,42964.0167215693,17185.60668862772,0.0,8592.80334431386,25778.410032941585,34371.21337725544,8592.80334431386,0.0,8592.80334431386,8592.80334431386,8592.80334431386,25778.410032941585,8592.80334431386,60149.623410197026,94520.83678745247,94520.83678745247,68742.42675451087,25778.410032941585,17185.60668862772,17185.60668862772,8592.80334431386,0.0,17185.60668862772,25778.410032941585,34371.21337725544,17185.60668862772,8592.80334431386,25778.410032941585,17185.60668862772,0.0,0.0,77335.23009882474,8592.80334431386,17185.60668862772,51556.82006588317,34371.21337725544,60149.623410197026,51556.82006588317,51556.82006588317,60149.623410197026,51556.82006588317,42964.0167215693,60149.623410197026,60149.623410197026,51556.82006588317,51556.82006588317,68742.42675451087,120299.24682039405,111706.44347608018,60149.623410197026,77335.23009882474,51556.82006588317,17185.60668862772,60149.623410197026,51556.82006588317,25778.410032941585,51556.82006588317,25778.410032941585,34371.21337725544,60149.623410197026,68742.42675451087,42964.0167215693,34371.21337725544,8592.80334431386,25778.410032941585,25778.410032941585,17185.60668862772,51556.82006588317,77335.23009882474,85928.0334431386,77335.23009882474,85928.0334431386,111706.44347608018,128892.05016470792,180448.87023059107,111706.44347608018,103113.64013176634,189041.67357490494,120299.24682039405,103113.64013176634,60149.623410197026,60149.623410197026,25778.410032941585,42964.0167215693,42964.0167215693,34371.21337725544,60149.623410197026,51556.82006588317,42964.0167215693,42964.0167215693,77335.23009882474,77335.23009882474,34371.21337725544,51556.82006588317,25778.410032941585,42964.0167215693,25778.410032941585,,,,,,,,,,,,,,,,,,,,,,,,,,,,,,,,,,,
,,,,,,,,,,,,,,,,,,,,,,,,,,,,,,,42964.0167215693,34371.21337725544,60149.623410197026,77335.23009882474,42964.0167215693,42964.0167215693,42964.0167215693,94520.83678745247,51556.82006588317,60149.623410197026,51556.82006588317,60149.623410197026,42964.0167215693,17185.60668862772,34371.21337725544,51556.82006588317,60149.623410197026,42964.0167215693,42964.0167215693,51556.82006588317,34371.21337725544,68742.42675451087,34371.21337725544,51556.82006588317,51556.82006588317,94520.83678745247,111706.44347608018,137484.85350902175,103113.64013176634,77335.23009882474,77335.23009882474,34371.21337725544,42964.0167215693,77335.23009882474,34371.21337725544,68742.42675451087,42964.0167215693,34371.21337725544,8592.80334431386,34371.21337725544,17185.60668862772,8592.80334431386,34371.21337725544,42964.0167215693,34371.21337725544,60149.623410197026,85928.0334431386,60149.623410197026,51556.82006588317,42964.0167215693,42964.0167215693,34371.21337725544,42964.0167215693,60149.623410197026,68742.42675451087,60149.623410197026,77335.23009882474,42964.0167215693,68742.42675451087,94520.83678745247,94520.83678745247,94520.83678745247,68742.42675451087,111706.44347608018,25778.410032941585,68742.42675451087,60149.623410197026,77335.23009882474,25778.410032941585,111706.44347608018,163263.26354196333,146077.6568533356,171856.0668862772,163263.26354196333,111706.44347608018,111706.44347608018,94520.83678745247,68742.42675451087,68742.42675451087,17185.60668862772,42964.0167215693,8592.80334431386,68742.42675451087,60149.623410197026,51556.82006588317,85928.0334431386,77335.23009882474,94520.83678745247,34371.21337725544,51556.82006588317,60149.623410197026,17185.60668862772,17185.60668862772,8592.80334431386,17185.60668862772,17185.60668862772,0.0,42964.0167215693,0.0,8592.80334431386,17185.60668862772,25778.410032941585,17185.60668862772,0.0,8592.80334431386,8592.80334431386,17185.60668862772,60149.623410197026,42964.0167215693,34371.21337725544,25778.410032941585,8592.80334431386,0.0,17185.60668862772,8592.80334431386,25778.410032941585,34371.21337725544,17185.60668862772,8592.80334431386,8592.80334431386,25778.410032941585,0.0,25778.410032941585,17185.60668862772,0.0,25778.410032941585,17185.60668862772,60149.623410197026,17185.60668862772,120299.24682039405,34371.21337725544,68742.42675451087,60149.623410197026,42964.0167215693,85928.0334431386,42964.0167215693,25778.410032941585,34371.21337725544,68742.42675451087,60149.623410197026,68742.42675451087,85928.0334431386,60149.623410197026,51556.82006588317,68742.42675451087,42964.0167215693,85928.0334431386,42964.0167215693,25778.410032941585,60149.623410197026,68742.42675451087,85928.0334431386,60149.623410197026,42964.0167215693,34371.21337725544,42964.0167215693,42964.0167215693,77335.23009882474,68742.42675451087,34371.21337725544,85928.0334431386,128892.05016470792,163263.26354196333,103113.64013176634,68742.42675451087,68742.42675451087,137484.85350902175,214820.08360784652,421047.3638713792,283562.51036235737,283562.51036235737,240598.4936407881,257784.10032941584,42964.0167215693,94520.83678745247,85928.0334431386,42964.0167215693,51556.82006588317,68742.42675451087,60149.623410197026,34371.21337725544,77335.23009882474,25778.410032941585,25778.410032941585,42964.0167215693,85928.0334431386,77335.23009882474,51556.82006588317,51556.82006588317,,,,,,,,,,,,,,,,,,,,,,,,,,,,,,,,,,,,
,,,,,,,,,,,,,,,,,,,,,,,,,,,,,,,42964.0167215693,42964.0167215693,42964.0167215693,34371.21337725544,34371.21337725544,60149.623410197026,77335.23009882474,42964.0167215693,42964.0167215693,51556.82006588317,25778.410032941585,51556.82006588317,60149.623410197026,94520.83678745247,34371.21337725544,68742.42675451087,42964.0167215693,68742.42675451087,34371.21337725544,51556.82006588317,77335.23009882474,51556.82006588317,85928.0334431386,103113.64013176634,68742.42675451087,154670.4601976495,171856.0668862772,120299.24682039405,120299.24682039405,60149.623410197026,68742.42675451087,111706.44347608018,77335.23009882474,60149.623410197026,85928.0334431386,25778.410032941585,34371.21337725544,34371.21337725544,25778.410032941585,25778.410032941585,8592.80334431386,51556.82006588317,51556.82006588317,42964.0167215693,34371.21337725544,85928.0334431386,60149.623410197026,34371.21337725544,17185.60668862772,17185.60668862772,25778.410032941585,25778.410032941585,103113.64013176634,111706.44347608018,77335.23009882474,146077.6568533356,103113.64013176634,77335.23009882474,77335.23009882474,94520.83678745247,68742.42675451087,120299.24682039405,77335.23009882474,111706.44347608018,77335.23009882474,68742.42675451087,60149.623410197026,34371.21337725544,85928.0334431386,77335.23009882474,111706.44347608018,146077.6568533356,103113.64013176634,94520.83678745247,94520.83678745247,111706.44347608018,51556.82006588317,34371.21337725544,42964.0167215693,17185.60668862772,8592.80334431386,17185.60668862772,8592.80334431386,8592.80334431386,60149.623410197026,68742.42675451087,34371.21337725544,77335.23009882474,25778.410032941585,34371.21337725544,51556.82006588317,68742.42675451087,17185.60668862772,42964.0167215693,17185.60668862772,0.0,25778.410032941585,17185.60668862772,17185.60668862772,17185.60668862772,68742.42675451087,34371.21337725544,25778.410032941585,34371.21337725544,8592.80334431386,8592.80334431386,0.0,34371.21337725544,51556.82006588317,17185.60668862772,17185.60668862772,0.0,0.0,17185.60668862772,8592.80334431386,8592.80334431386,17185.60668862772,0.0,0.0,8592.80334431386,25778.410032941585,17185.60668862772,17185.60668862772,8592.80334431386,17185.60668862772,25778.410032941585,25778.410032941585,51556.82006588317,25778.410032941585,68742.42675451087,17185.60668862772,34371.21337725544,25778.410032941585,85928.0334431386,60149.623410197026,60149.623410197026,51556.82006588317,68742.42675451087,77335.23009882474,128892.05016470792,146077.6568533356,111706.44347608018,77335.23009882474,60149.623410197026,85928.0334431386,68742.42675451087,51556.82006588317,111706.44347608018,42964.0167215693,85928.0334431386,17185.60668862772,34371.21337725544,60149.623410197026,51556.82006588317,68742.42675451087,77335.23009882474,51556.82006588317,34371.21337725544,25778.410032941585,34371.21337725544,111706.44347608018,171856.0668862772,120299.24682039405,103113.64013176634,60149.623410197026,34371.21337725544,189041.67357490494,455418.57724863454,541346.6106917732,549939.414036087,395268.95383843756,438232.97056000686,189041.67357490494,42964.0167215693,68742.42675451087,60149.623410197026,25778.410032941585,60149.623410197026,85928.0334431386,25778.410032941585,51556.82006588317,51556.82006588317,103113.64013176634,25778.410032941585,85928.0334431386,60149.623410197026,51556.82006588317,42964.0167215693,60149.623410197026,60149.623410197026,,,,,,,,,,,,,,,,,,,,,,,,,,,,,,,,,,,
,,,,,,,,,,,,,,,,,,,,,,,,,,,,,,,42964.0167215693,51556.82006588317,42964.0167215693,51556.82006588317,77335.23009882474,68742.42675451087,42964.0167215693,51556.82006588317,60149.623410197026,34371.21337725544,51556.82006588317,34371.21337725544,25778.410032941585,68742.42675451087,94520.83678745247,51556.82006588317,34371.21337725544,51556.82006588317,51556.82006588317,85928.0334431386,94520.83678745247,51556.82006588317,42964.0167215693,60149.623410197026,51556.82006588317,128892.05016470792,137484.85350902175,111706.44347608018,103113.64013176634,85928.0334431386,42964.0167215693,25778.410032941585,68742.42675451087,68742.42675451087,85928.0334431386,77335.23009882474,42964.0167215693,34371.21337725544,17185.60668862772,51556.82006588317,25778.410032941585,60149.623410197026,51556.82006588317,17185.60668862772,17185.60668862772,17185.60668862772,34371.21337725544,34371.21337725544,51556.82006588317,68742.42675451087,25778.410032941585,68742.42675451087,85928.0334431386,146077.6568533356,180448.87023059107,163263.26354196333,163263.26354196333,232005.69029647423,232005.69029647423,146077.6568533356,42964.0167215693,77335.23009882474,34371.21337725544,68742.42675451087,77335.23009882474,94520.83678745247,51556.82006588317,103113.64013176634,42964.0167215693,68742.42675451087,103113.64013176634,206227.28026353268,111706.44347608018,94520.83678745247,103113.64013176634,94520.83678745247,120299.24682039405,60149.623410197026,25778.410032941585,17185.60668862772,34371.21337725544,8592.80334431386,17185.60668862772,60149.623410197026,60149.623410197026,51556.82006588317,60149.623410197026,68742.42675451087,34371.21337725544,25778.410032941585,42964.0167215693,17185.60668862772,34371.21337725544,17185.60668862772,8592.80334431386,8592.80334431386,8592.80334431386,25778.410032941585,17185.60668862772,25778.410032941585,34371.21337725544,0.0,25778.410032941585,0.0,8592.80334431386,0.0,0.0,8592.80334431386,34371.21337725544,8592.80334431386,8592.80334431386,17185.60668862772,8592.80334431386,17185.60668862772,8592.80334431386,0.0,8592.80334431386,0.0,60149.623410197026,25778.410032941585,8592.80334431386,8592.80334431386,8592.80334431386,42964.0167215693,8592.80334431386,25778.410032941585,51556.82006588317,17185.60668862772,17185.60668862772,51556.82006588317,51556.82006588317,51556.82006588317,77335.23009882474,77335.23009882474,25778.410032941585,85928.0334431386,60149.623410197026,60149.623410197026,42964.0167215693,85928.0334431386,120299.24682039405,94520.83678745247,68742.42675451087,85928.0334431386,51556.82006588317,103113.64013176634,51556.82006588317,34371.21337725544,60149.623410197026,34371.21337725544,68742.42675451087,42964.0167215693,51556.82006588317,68742.42675451087,42964.0167215693,34371.21337725544,51556.82006588317,60149.623410197026,77335.23009882474,60149.623410197026,60149.623410197026,85928.0334431386,111706.44347608018,120299.24682039405,85928.0334431386,34371.21337725544,120299.24682039405,335119.33042824053,575717.8240690286,601496.2341019702,524161.00400314544,266376.9036737297,154670.4601976495,60149.623410197026,77335.23009882474,85928.0334431386,103113.64013176634,51556.82006588317,85928.0334431386,42964.0167215693,42964.0167215693,77335.23009882474,68742.42675451087,42964.0167215693,60149.623410197026,68742.42675451087,17185.60668862772,77335.23009882474,51556.82006588317,17185.60668862772,,,,,,,,,,,,,,,,,,,,,,,,,,,,,,,,,,,
,,,,,,,,,,,,,,,,,,,,,,,,,,,,,,,,,25778.410032941585,42964.0167215693,51556.82006588317,77335.23009882474,60149.623410197026,42964.0167215693,68742.42675451087,60149.623410197026,42964.0167215693,60149.623410197026,51556.82006588317,60149.623410197026,8592.80334431386,17185.60668862772,94520.83678745247,111706.44347608018,51556.82006588317,25778.410032941585,34371.21337725544,60149.623410197026,42964.0167215693,77335.23009882474,103113.64013176634,17185.60668862772,77335.23009882474,77335.23009882474,77335.23009882474,60149.623410197026,68742.42675451087,34371.21337725544,85928.0334431386,42964.0167215693,17185.60668862772,42964.0167215693,8592.80334431386,85928.0334431386,34371.21337725544,25778.410032941585,51556.82006588317,34371.21337725544,42964.0167215693,77335.23009882474,25778.410032941585,8592.80334431386,60149.623410197026,42964.0167215693,42964.0167215693,25778.410032941585,68742.42675451087,120299.24682039405,120299.24682039405,128892.05016470792,103113.64013176634,120299.24682039405,197634.47691921878,214820.08360784652,249191.296985102,189041.67357490494,103113.64013176634,120299.24682039405,42964.0167215693,103113.64013176634,51556.82006588317,34371.21337725544,77335.23009882474,94520.83678745247,103113.64013176634,60149.623410197026,154670.4601976495,120299.24682039405,128892.05016470792,128892.05016470792,128892.05016470792,77335.23009882474,42964.0167215693,34371.21337725544,17185.60668862772,8592.80334431386,25778.410032941585,17185.60668862772,42964.0167215693,34371.21337725544,68742.42675451087,77335.23009882474,77335.23009882474,137484.85350902175,77335.23009882474,77335.23009882474,34371.21337725544,25778.410032941585,17185.60668862772,17185.60668862772,25778.410032941585,34371.21337725544,34371.21337725544,17185.60668862772,8592.80334431386,25778.410032941585,25778.410032941585,17185.60668862772,8592.80334431386,34371.21337725544,8592.80334431386,0.0,0.0,8592.80334431386,8592.80334431386,0.0,8592.80334431386,0.0,0.0,17185.60668862772,0.0,17185.60668862772,25778.410032941585,8592.80334431386,25778.410032941585,17185.60668862772,25778.410032941585,17185.60668862772,42964.0167215693,8592.80334431386,25778.410032941585,0.0,8592.80334431386,42964.0167215693,0.0,34371.21337725544,51556.82006588317,68742.42675451087,60149.623410197026,42964.0167215693,25778.410032941585,120299.24682039405,60149.623410197026,8592.80334431386,51556.82006588317,51556.82006588317,60149.623410197026,94520.83678745247,60149.623410197026,94520.83678745247,17185.60668862772,85928.0334431386,34371.21337725544,68742.42675451087,34371.21337725544,42964.0167215693,60149.623410197026,51556.82006588317,60149.623410197026,25778.410032941585,51556.82006588317,34371.21337725544,42964.0167215693,77335.23009882474,42964.0167215693,17185.60668862772,34371.21337725544,60149.623410197026,42964.0167215693,51556.82006588317,34371.21337725544,60149.623410197026,128892.05016470792,240598.4936407881,292155.3137066712,249191.296985102,189041.67357490494,85928.0334431386,51556.82006588317,51556.82006588317,103113.64013176634,77335.23009882474,34371.21337725544,77335.23009882474,68742.42675451087,60149.623410197026,94520.83678745247,25778.410032941585,17185.60668862772,34371.21337725544,103113.64013176634,85928.0334431386,42964.0167215693,60149.623410197026,60149.623410197026,60149.623410197026,,,,,,,,,,,,,,,,,,,,,,,,,,,,,,,,,,,
,,,,,,,,,,,,,,,,,,,,,,,,,,,,,,,,,42964.0167215693,51556.82006588317,85928.0334431386,51556.82006588317,25778.410032941585,42964.0167215693,42964.0167215693,51556.82006588317,25778.410032941585,68742.42675451087,51556.82006588317,85928.0334431386,51556.82006588317,60149.623410197026,103113.64013176634,60149.623410197026,77335.23009882474,77335.23009882474,111706.44347608018,85928.0334431386,60149.623410197026,34371.21337725544,85928.0334431386,51556.82006588317,25778.410032941585,60149.623410197026,25778.410032941585,68742.42675451087,34371.21337725544,60149.623410197026,34371.21337725544,60149.623410197026,34371.21337725544,85928.0334431386,42964.0167215693,17185.60668862772,77335.23009882474,42964.0167215693,42964.0167215693,34371.21337725544,25778.410032941585,68742.42675451087,68742.42675451087,34371.21337725544,68742.42675451087,68742.42675451087,42964.0167215693,77335.23009882474,60149.623410197026,128892.05016470792,120299.24682039405,94520.83678745247,111706.44347608018,111706.44347608018,137484.85350902175,197634.47691921878,300748.1170509851,223412.88695216036,128892.05016470792,128892.05016470792,77335.23009882474,94520.83678745247,85928.0334431386,60149.623410197026,68742.42675451087,85928.0334431386,34371.21337725544,60149.623410197026,180448.87023059107,189041.67357490494,94520.83678745247,85928.0334431386,85928.0334431386,68742.42675451087,17185.60668862772,42964.0167215693,17185.60668862772,8592.80334431386,0.0,25778.410032941585,17185.60668862772,8592.80334431386,25778.410032941585,51556.82006588317,51556.82006588317,60149.623410197026,51556.82006588317,51556.82006588317,34371.21337725544,25778.410032941585,17185.60668862772,25778.410032941585,77335.23009882474,51556.82006588317,60149.623410197026,94520.83678745247,111706.44347608018,51556.82006588317,34371.21337725544,34371.21337725544,34371.21337725544,25778.410032941585,17185.60668862772,8592.80334431386,0.0,8592.80334431386,8592.80334431386,34371.21337725544,0.0,0.0,8592.80334431386,17185.60668862772,0.0,8592.80334431386,17185.60668862772,0.0,8592.80334431386,25778.410032941585,8592.80334431386,8592.80334431386,8592.80334431386,25778.410032941585,17185.60668862772,8592.80334431386,8592.80334431386,25778.410032941585,34371.21337725544,51556.82006588317,8592.80334431386,25778.410032941585,77335.23009882474,42964.0167215693,68742.42675451087,42964.0167215693,111706.44347608018,77335.23009882474,77335.23009882474,60149.623410197026,51556.82006588317,42964.0167215693,94520.83678745247,85928.0334431386,51556.82006588317,60149.623410197026,42964.0167215693,60149.623410197026,68742.42675451087,34371.21337725544,85928.0334431386,60149.623410197026,60149.623410197026,68742.42675451087,51556.82006588317,77335.23009882474,60149.623410197026,85928.0334431386,51556.82006588317,51556.82006588317,85928.0334431386,51556.82006588317,68742.42675451087,85928.0334431386,42964.0167215693,85928.0334431386,146077.6568533356,94520.83678745247,120299.24682039405,85928.0334431386,68742.42675451087,103113.64013176634,68742.42675451087,77335.23009882474,85928.0334431386,85928.0334431386,51556.82006588317,68742.42675451087,77335.23009882474,51556.82006588317,51556.82006588317,60149.623410197026,51556.82006588317,34371.21337725544,25778.410032941585,103113.64013176634,68742.42675451087,34371.21337725544,34371.21337725544,,,,,,,,,,,,,,,,,,,,,,,,,,,,,,,,,,,,
,,,,,,,,,,,,,,,,,,,,,,,,,,,,42964.0167215693,42964.0167215693,17185.60668862772,,,34371.21337725544,77335.23009882474,68742.42675451087,77335.23009882474,85928.0334431386,42964.0167215693,17185.60668862772,60149.623410197026,60149.623410197026,60149.623410197026,42964.0167215693,42964.0167215693,60149.623410197026,42964.0167215693,94520.83678745247,25778.410032941585,34371.21337725544,42964.0167215693,111706.44347608018,42964.0167215693,60149.623410197026,85928.0334431386,42964.0167215693,94520.83678745247,42964.0167215693,51556.82006588317,17185.60668862772,42964.0167215693,34371.21337725544,68742.42675451087,51556.82006588317,25778.410032941585,42964.0167215693,85928.0334431386,77335.23009882474,51556.82006588317,34371.21337725544,51556.82006588317,34371.21337725544,42964.0167215693,34371.21337725544,25778.410032941585,42964.0167215693,17185.60668862772,42964.0167215693,60149.623410197026,77335.23009882474,77335.23009882474,111706.44347608018,120299.24682039405,137484.85350902175,77335.23009882474,146077.6568533356,85928.0334431386,163263.26354196333,189041.67357490494,189041.67357490494,171856.0668862772,171856.0668862772,120299.24682039405,85928.0334431386,77335.23009882474,42964.0167215693,68742.42675451087,60149.623410197026,77335.23009882474,51556.82006588317,94520.83678745247,85928.0334431386,103113.64013176634,120299.24682039405,77335.23009882474,34371.21337725544,25778.410032941585,0.0,8592.80334431386,60149.623410197026,8592.80334431386,25778.410032941585,8592.80334431386,8592.80334431386,0.0,42964.0167215693,60149.623410197026,25778.410032941585,25778.410032941585,34371.21337725544,25778.410032941585,42964.0167215693,51556.82006588317,42964.0167215693,60149.623410197026,146077.6568533356,34371.21337725544,51556.82006588317,77335.23009882474,120299.24682039405,103113.64013176634,42964.0167215693,8592.80334431386,0.0,8592.80334431386,8592.80334431386,0.0,0.0,0.0,17185.60668862772,8592.80334431386,0.0,51556.82006588317,8592.80334431386,8592.80334431386,8592.80334431386,8592.80334431386,17185.60668862772,34371.21337725544,17185.60668862772,8592.80334431386,17185.60668862772,8592.80334431386,8592.80334431386,25778.410032941585,25778.410032941585,17185.60668862772,17185.60668862772,8592.80334431386,51556.82006588317,42964.0167215693,42964.0167215693,42964.0167215693,51556.82006588317,34371.21337725544,85928.0334431386,68742.42675451087,51556.82006588317,85928.0334431386,42964.0167215693,60149.623410197026,85928.0334431386,60149.623410197026,77335.23009882474,60149.623410197026,68742.42675451087,60149.623410197026,111706.44347608018,68742.42675451087,17185.60668862772,77335.23009882474,34371.21337725544,51556.82006588317,68742.42675451087,51556.82006588317,17185.60668862772,42964.0167215693,34371.21337725544,34371.21337725544,25778.410032941585,137484.85350902175,34371.21337725544,111706.44347608018,60149.623410197026,60149.623410197026,51556.82006588317,34371.21337725544,94520.83678745247,197634.47691921878,171856.0668862772,51556.82006588317,34371.21337725544,60149.623410197026,60149.623410197026,25778.410032941585,51556.82006588317,60149.623410197026,68742.42675451087,77335.23009882474,42964.0167215693,128892.05016470792,42964.0167215693,42964.0167215693,25778.410032941585,51556.82006588317,42964.0167215693,60149.623410197026,51556.82006588317,51556.82006588317,,,,,,,,,,,,,,,,,,,,,,,,,,,,,,,,,,,,,
,,,,,,,,,,,,,,,,,,,,,,,,,,,,60149.623410197026,51556.82006588317,68742.42675451087,34371.21337725544,51556.82006588317,25778.410032941585,42964.0167215693,51556.82006588317,34371.21337725544,111706.44347608018,60149.623410197026,51556.82006588317,51556.82006588317,34371.21337725544,17185.60668862772,25778.410032941585,77335.23009882474,8592.80334431386,68742.42675451087,85928.0334431386,42964.0167215693,85928.0334431386,68742.42675451087,77335.23009882474,60149.623410197026,51556.82006588317,51556.82006588317,42964.0167215693,34371.21337725544,77335.23009882474,34371.21337725544,42964.0167215693,77335.23009882474,51556.82006588317,68742.42675451087,77335.23009882474,60149.623410197026,51556.82006588317,68742.42675451087,34371.21337725544,85928.0334431386,42964.0167215693,51556.82006588317,85928.0334431386,17185.60668862772,51556.82006588317,68742.42675451087,34371.21337725544,25778.410032941585,51556.82006588317,111706.44347608018,60149.623410197026,51556.82006588317,68742.42675451087,85928.0334431386,85928.0334431386,68742.42675451087,60149.623410197026,137484.85350902175,128892.05016470792,180448.87023059107,163263.26354196333,120299.24682039405,120299.24682039405,77335.23009882474,60149.623410197026,85928.0334431386,25778.410032941585,42964.0167215693,51556.82006588317,42964.0167215693,103113.64013176634,60149.623410197026,77335.23009882474,60149.623410197026,111706.44347608018,85928.0334431386,60149.623410197026,51556.82006588317,42964.0167215693,68742.42675451087,8592.80334431386,25778.410032941585,17185.60668862772,25778.410032941585,8592.80334431386,0.0,8592.80334431386,60149.623410197026,17185.60668862772,68742.42675451087,0.0,8592.80334431386,8592.80334431386,51556.82006588317,25778.410032941585,60149.623410197026,77335.23009882474,60149.623410197026,51556.82006588317,51556.82006588317,42964.0167215693,85928.0334431386,25778.410032941585,8592.80334431386,17185.60668862772,0.0,17185.60668862772,8592.80334431386,8592.80334431386,8592.80334431386,34371.21337725544,17185.60668862772,17185.60668862772,8592.80334431386,0.0,8592.80334431386,8592.80334431386,25778.410032941585,0.0,17185.60668862772,34371.21337725544,8592.80334431386,0.0,8592.80334431386,17185.60668862772,8592.80334431386,0.0,17185.60668862772,8592.80334431386,42964.0167215693,25778.410032941585,8592.80334431386,34371.21337725544,8592.80334431386,68742.42675451087,34371.21337725544,51556.82006588317,42964.0167215693,0.0,60149.623410197026,34371.21337725544,77335.23009882474,77335.23009882474,42964.0167215693,51556.82006588317,68742.42675451087,51556.82006588317,51556.82006588317,137484.85350902175,42964.0167215693,34371.21337725544,51556.82006588317,60149.623410197026,51556.82006588317,34371.21337725544,77335.23009882474,68742.42675451087,120299.24682039405,77335.23009882474,34371.21337725544,25778.410032941585,60149.623410197026,60149.623410197026,34371.21337725544,60149.623410197026,163263.26354196333,128892.05016470792,68742.42675451087,103113.64013176634,128892.05016470792,60149.623410197026,68742.42675451087,68742.42675451087,77335.23009882474,8592.80334431386,34371.21337725544,51556.82006588317,42964.0167215693,51556.82006588317,60149.623410197026,51556.82006588317,85928.0334431386,103113.64013176634,34371.21337725544,34371.21337725544,17185.60668862772,42964.0167215693,25778.410032941585,42964.0167215693,60149.623410197026,,,,,,,,,,,,,,,,,,,,,,,,,,,,,,,,,,,,,
,,,,,,,,,,,,,,,,,,,,,,,,,,,,,8592.80334431386,42964.0167215693,42964.0167215693,68742.42675451087,51556.82006588317,68742.42675451087,60149.623410197026,25778.410032941585,85928.0334431386,77335.23009882474,60149.623410197026,85928.0334431386,60149.623410197026,68742.42675451087,42964.0167215693,77335.23009882474,34371.21337725544,42964.0167215693,60149.623410197026,51556.82006588317,25778.410032941585,60149.623410197026,34371.21337725544,60149.623410197026,25778.410032941585,51556.82006588317,34371.21337725544,25778.410032941585,51556.82006588317,34371.21337725544,51556.82006588317,51556.82006588317,51556.82006588317,77335.23009882474,51556.82006588317,85928.0334431386,60149.623410197026,85928.0334431386,34371.21337725544,60149.623410197026,0.0,17185.60668862772,34371.21337725544,34371.21337725544,60149.623410197026,51556.82006588317,60149.623410197026,42964.0167215693,85928.0334431386,103113.64013176634,103113.64013176634,111706.44347608018,77335.23009882474,94520.83678745247,68742.42675451087,25778.410032941585,85928.0334431386,94520.83678745247,103113.64013176634,137484.85350902175,249191.296985102,103113.64013176634,94520.83678745247,103113.64013176634,128892.05016470792,111706.44347608018,77335.23009882474,51556.82006588317,51556.82006588317,25778.410032941585,25778.410032941585,60149.623410197026,94520.83678745247,85928.0334431386,85928.0334431386,85928.0334431386,51556.82006588317,60149.623410197026,42964.0167215693,25778.410032941585,8592.80334431386,8592.80334431386,25778.410032941585,0.0,17185.60668862772,25778.410032941585,0.0,17185.60668862772,17185.60668862772,8592.80334431386,25778.410032941585,8592.80334431386,34371.21337725544,34371.21337725544,42964.0167215693,25778.410032941585,68742.42675451087,42964.0167215693,68742.42675451087,68742.42675451087,17185.60668862772,42964.0167215693,34371.21337725544,25778.410032941585,8592.80334431386,8592.80334431386,25778.410032941585,17185.60668862772,17185.60668862772,0.0,8592.80334431386,0.0,8592.80334431386,8592.80334431386,8592.80334431386,8592.80334431386,0.0,0.0,8592.80334431386,0.0,0.0,8592.80334431386,8592.80334431386,8592.80334431386,8592.80334431386,0.0,0.0,25778.410032941585,8592.80334431386,17185.60668862772,0.0,25778.410032941585,42964.0167215693,34371.21337725544,17185.60668862772,42964.0167215693,68742.42675451087,60149.623410197026,60149.623410197026,34371.21337725544,103113.64013176634,51556.82006588317,103113.64013176634,42964.0167215693,34371.21337725544,17185.60668862772,68742.42675451087,34371.21337725544,85928.0334431386,85928.0334431386,68742.42675451087,60149.623410197026,60149.623410197026,60149.623410197026,103113.64013176634,51556.82006588317,68742.42675451087,77335.23009882474,17185.60668862772,51556.82006588317,25778.410032941585,51556.82006588317,51556.82006588317,68742.42675451087,51556.82006588317,68742.42675451087,51556.82006588317,60149.623410197026,25778.410032941585,42964.0167215693,60149.623410197026,42964.0167215693,42964.0167215693,25778.410032941585,25778.410032941585,60149.623410197026,77335.23009882474,51556.82006588317,42964.0167215693,17185.60668862772,68742.42675451087,42964.0167215693,85928.0334431386,85928.0334431386,85928.0334431386,17185.60668862772,60149.623410197026,51556.82006588317,51556.82006588317,42964.0167215693,,,,,,,,,,,,,,,,,,,,,,,,,,,,,,,,,,,,,
,,,,,,,,,,,,,,,,,,,,,,,,,,,,,,51556.82006588317,34371.21337725544,42964.0167215693,42964.0167215693,68742.42675451087,34371.21337725544,51556.82006588317,34371.21337725544,8592.80334431386,60149.623410197026,68742.42675451087,34371.21337725544,60149.623410197026,51556.82006588317,103113.64013176634,51556.82006588317,25778.410032941585,51556.82006588317,68742.42675451087,51556.82006588317,51556.82006588317,34371.21337725544,60149.623410197026,51556.82006588317,25778.410032941585,51556.82006588317,51556.82006588317,42964.0167215693,60149.623410197026,68742.42675451087,60149.623410197026,51556.82006588317,34371.21337725544,25778.410032941585,85928.0334431386,60149.623410197026,60149.623410197026,51556.82006588317,51556.82006588317,8592.80334431386,17185.60668862772,42964.0167215693,42964.0167215693,77335.23009882474,77335.23009882474,94520.83678745247,111706.44347608018,137484.85350902175,103113.64013176634,120299.24682039405,42964.0167215693,77335.23009882474,60149.623410197026,60149.623410197026,111706.44347608018,60149.623410197026,85928.0334431386,85928.0334431386,68742.42675451087,111706.44347608018,111706.44347608018,51556.82006588317,111706.44347608018,60149.623410197026,103113.64013176634,51556.82006588317,103113.64013176634,60149.623410197026,51556.82006588317,25778.410032941585,8592.80334431386,42964.0167215693,34371.21337725544,42964.0167215693,60149.623410197026,42964.0167215693,34371.21337725544,17185.60668862772,8592.80334431386,25778.410032941585,8592.80334431386,42964.0167215693,34371.21337725544,17185.60668862772,25778.410032941585,25778.410032941585,17185.60668862772,8592.80334431386,17185.60668862772,8592.80334431386,25778.410032941585,8592.80334431386,51556.82006588317,17185.60668862772,42964.0167215693,60149.623410197026,34371.21337725544,25778.410032941585,51556.82006588317,68742.42675451087,0.0,0.0,17185.60668862772,8592.80334431386,8592.80334431386,8592.80334431386,0.0,17185.60668862772,17185.60668862772,34371.21337725544,8592.80334431386,0.0,0.0,8592.80334431386,17185.60668862772,8592.80334431386,0.0,8592.80334431386,17185.60668862772,0.0,0.0,8592.80334431386,0.0,17185.60668862772,8592.80334431386,17185.60668862772,34371.21337725544,0.0,17185.60668862772,25778.410032941585,25778.410032941585,8592.80334431386,8592.80334431386,60149.623410197026,25778.410032941585,68742.42675451087,77335.23009882474,68742.42675451087,85928.0334431386,51556.82006588317,85928.0334431386,25778.410032941585,68742.42675451087,51556.82006588317,77335.23009882474,68742.42675451087,17185.60668862772,94520.83678745247,68742.42675451087,51556.82006588317,34371.21337725544,60149.623410197026,51556.82006588317,94520.83678745247,51556.82006588317,68742.42675451087,103113.64013176634,77335.23009882474,25778.410032941585,77335.23009882474,42964.0167215693,94520.83678745247,77335.23009882474,68742.42675451087,60149.623410197026,85928.0334431386,34371.21337725544,60149.623410197026,94520.83678745247,68742.42675451087,68742.42675451087,85928.0334431386,68742.42675451087,34371.21337725544,42964.0167215693,17185.60668862772,51556.82006588317,77335.23009882474,68742.42675451087,85928.0334431386,51556.82006588317,77335.23009882474,68742.42675451087,25778.410032941585,34371.21337725544,60149.623410197026,34371.21337725544,60149.623410197026,51556.82006588317,,,,,,,,,,,,,,,,,,,,,,,,,,,,,,,,,,,,,
,,,,,,,,,,,,,,,,,,,,,,,,,,,,,,42964.0167215693,77335.23009882474,8592.80334431386,34371.21337725544,25778.410032941585,25778.410032941585,42964.0167215693,60149.623410197026,68742.42675451087,85928.0334431386,68742.42675451087,85928.0334431386,60149.623410197026,51556.82006588317,42964.0167215693,17185.60668862772,77335.23009882474,51556.82006588317,51556.82006588317,34371.21337725544,34371.21337725544,51556.82006588317,51556.82006588317,42964.0167215693,51556.82006588317,42964.0167215693,51556.82006588317,51556.82006588317,68742.42675451087,8592.80334431386,42964.0167215693,51556.82006588317,68742.42675451087,51556.82006588317,60149.623410197026,42964.0167215693,60149.623410197026,60149.623410197026,25778.410032941585,60149.623410197026,77335.23009882474,85928.0334431386,34371.21337725544,42964.0167215693,60149.623410197026,85928.0334431386,103113.64013176634,85928.0334431386,128892.05016470792,42964.0167215693,68742.42675451087,60149.623410197026,60149.623410197026,51556.82006588317,103113.64013176634,77335.23009882474,68742.42675451087,34371.21337725544,68742.42675451087,60149.623410197026,60149.623410197026,77335.23009882474,68742.42675451087,51556.82006588317,94520.83678745247,25778.410032941585,34371.21337725544,68742.42675451087,34371.21337725544,34371.21337725544,25778.410032941585,34371.21337725544,51556.82006588317,42964.0167215693,34371.21337725544,42964.0167215693,60149.623410197026,17185.60668862772,17185.60668862772,8592.80334431386,8592.80334431386,42964.0167215693,17185.60668862772,0.0,8592.80334431386,60149.623410197026,25778.410032941585,25778.410032941585,17185.60668862772,0.0,8592.80334431386,8592.80334431386,17185.60668862772,17185.60668862772,34371.21337725544,34371.21337725544,17185.60668862772,17185.60668862772,0.0,25778.410032941585,8592.80334431386,17185.60668862772,8592.80334431386,17185.60668862772,0.0,25778.410032941585,17185.60668862772,25778.410032941585,8592.80334431386,8592.80334431386,8592.80334431386,25778.410032941585,0.0,8592.80334431386,0.0,0.0,0.0,25778.410032941585,8592.80334431386,0.0,17185.60668862772,17185.60668862772,0.0,17185.60668862772,0.0,0.0,8592.80334431386,17185.60668862772,8592.80334431386,34371.21337725544,25778.410032941585,51556.82006588317,8592.80334431386,77335.23009882474,68742.42675451087,42964.0167215693,60149.623410197026,77335.23009882474,111706.44347608018,51556.82006588317,51556.82006588317,51556.82006588317,34371.21337725544,42964.0167215693,77335.23009882474,60149.623410197026,34371.21337725544,85928.0334431386,42964.0167215693,68742.42675451087,77335.23009882474,25778.410032941585,34371.21337725544,34371.21337725544,34371.21337725544,34371.21337725544,34371.21337725544,120299.24682039405,34371.21337725544,34371.21337725544,17185.60668862772,85928.0334431386,60149.623410197026,42964.0167215693,8592.80334431386,34371.21337725544,51556.82006588317,42964.0167215693,85928.0334431386,85928.0334431386,68742.42675451087,77335.23009882474,42964.0167215693,42964.0167215693,25778.410032941585,68742.42675451087,42964.0167215693,25778.410032941585,68742.42675451087,77335.23009882474,51556.82006588317,42964.0167215693,94520.83678745247,34371.21337725544,85928.0334431386,25778.410032941585,85928.0334431386,34371.21337725544,42964.0167215693,,,,,,,,,,,,,,,,,,,,,,,,,,,,,,,,,,,,,
,,,,,,,,,,,,,,,,,,,,,,,,,,,,,34371.21337725544,42964.0167215693,34371.21337725544,68742.42675451087,25778.410032941585,42964.0167215693,51556.82006588317,51556.82006588317,77335.23009882474,42964.0167215693,68742.42675451087,85928.0334431386,77335.23009882474,34371.21337725544,51556.82006588317,60149.623410197026,77335.23009882474,60149.623410197026,85928.0334431386,17185.60668862772,34371.21337725544,60149.623410197026,51556.82006588317,34371.21337725544,60149.623410197026,17185.60668862772,68742.42675451087,68742.42675451087,51556.82006588317,51556.82006588317,68742.42675451087,60149.623410197026,25778.410032941585,17185.60668862772,34371.21337725544,17185.60668862772,77335.23009882474,60149.623410197026,42964.0167215693,51556.82006588317,51556.82006588317,34371.21337725544,68742.42675451087,34371.21337725544,34371.21337725544,103113.64013176634,111706.44347608018,137484.85350902175,68742.42675451087,60149.623410197026,68742.42675451087,77335.23009882474,51556.82006588317,77335.23009882474,68742.42675451087,34371.21337725544,60149.623410197026,34371.21337725544,68742.42675451087,77335.23009882474,103113.64013176634,25778.410032941585,51556.82006588317,34371.21337725544,42964.0167215693,34371.21337725544,42964.0167215693,42964.0167215693,85928.0334431386,85928.0334431386,42964.0167215693,60149.623410197026,42964.0167215693,17185.60668862772,42964.0167215693,17185.60668862772,60149.623410197026,17185.60668862772,8592.80334431386,25778.410032941585,8592.80334431386,51556.82006588317,17185.60668862772,17185.60668862772,0.0,0.0,34371.21337725544,8592.80334431386,25778.410032941585,25778.410032941585,0.0,0.0,8592.80334431386,8592.80334431386,8592.80334431386,17185.60668862772,8592.80334431386,0.0,8592.80334431386,34371.21337725544,0.0,34371.21337725544,17185.60668862772,0.0,8592.80334431386,17185.60668862772,0.0,25778.410032941585,8592.80334431386,17185.60668862772,0.0,0.0,0.0,0.0,8592.80334431386,17185.60668862772,8592.80334431386,25778.410032941585,0.0,8592.80334431386,8592.80334431386,0.0,0.0,0.0,0.0,8592.80334431386,0.0,0.0,17185.60668862772,0.0,25778.410032941585,17185.60668862772,8592.80334431386,68742.42675451087,34371.21337725544,42964.0167215693,51556.82006588317,42964.0167215693,68742.42675451087,68742.42675451087,103113.64013176634,94520.83678745247,51556.82006588317,42964.0167215693,60149.623410197026,103113.64013176634,42964.0167215693,25778.410032941585,68742.42675451087,51556.82006588317,42964.0167215693,85928.0334431386,77335.23009882474,42964.0167215693,77335.23009882474,103113.64013176634,42964.0167215693,60149.623410197026,51556.82006588317,68742.42675451087,60149.623410197026,25778.410032941585,42964.0167215693,17185.60668862772,42964.0167215693,60149.623410197026,34371.21337725544,51556.82006588317,34371.21337725544,42964.0167215693,77335.23009882474,68742.42675451087,42964.0167215693,60149.623410197026,60149.623410197026,60149.623410197026,51556.82006588317,42964.0167215693,77335.23009882474,25778.410032941585,25778.410032941585,42964.0167215693,25778.410032941585,51556.82006588317,85928.0334431386,51556.82006588317,25778.410032941585,68742.42675451087,60149.623410197026,17185.60668862772,68742.42675451087,,,,,,,,,,,,,,,,,,,,,,,,,,,,,,,,,,,,
,,,,,,,,,,,,,,,,,,,,,,,,,,,,34371.21337725544,42964.0167215693,25778.410032941585,25778.410032941585,60149.623410197026,77335.23009882474,77335.23009882474,17185.60668862772,68742.42675451087,68742.42675451087,17185.60668862772,85928.0334431386,42964.0167215693,85928.0334431386,85928.0334431386,8592.80334431386,42964.0167215693,111706.44347608018,103113.64013176634,25778.410032941585,34371.21337725544,60149.623410197026,51556.82006588317,25778.410032941585,8592.80334431386,68742.42675451087,94520.83678745247,51556.82006588317,60149.623410197026,25778.410032941585,51556.82006588317,60149.623410197026,60149.623410197026,68742.42675451087,42964.0167215693,34371.21337725544,42964.0167215693,34371.21337725544,42964.0167215693,51556.82006588317,60149.623410197026,60149.623410197026,34371.21337725544,51556.82006588317,60149.623410197026,51556.82006588317,103113.64013176634,85928.0334431386,85928.0334431386,68742.42675451087,94520.83678745247,68742.42675451087,34371.21337725544,103113.64013176634,25778.410032941585,85928.0334431386,34371.21337725544,42964.0167215693,68742.42675451087,94520.83678745247,94520.83678745247,68742.42675451087,60149.623410197026,17185.60668862772,25778.410032941585,25778.410032941585,8592.80334431386,42964.0167215693,51556.82006588317,68742.42675451087,77335.23009882474,34371.21337725544,42964.0167215693,0.0,8592.80334431386,25778.410032941585,17185.60668862772,34371.21337725544,0.0,17185.60668862772,17185.60668862772,8592.80334431386,8592.80334431386,42964.0167215693,0.0,25778.410032941585,34371.21337725544,25778.410032941585,8592.80334431386,8592.80334431386,8592.80334431386,0.0,17185.60668862772,0.0,17185.60668862772,0.0,17185.60668862772,8592.80334431386,17185.60668862772,8592.80334431386,17185.60668862772,25778.410032941585,60149.623410197026,34371.21337725544,17185.60668862772,17185.60668862772,8592.80334431386,0.0,17185.60668862772,8592.80334431386,0.0,17185.60668862772,8592.80334431386,51556.82006588317,0.0,8592.80334431386,25778.410032941585,8592.80334431386,0.0,8592.80334431386,17185.60668862772,0.0,17185.60668862772,8592.80334431386,8592.80334431386,25778.410032941585,8592.80334431386,0.0,17185.60668862772,17185.60668862772,17185.60668862772,0.0,42964.0167215693,34371.21337725544,68742.42675451087,34371.21337725544,68742.42675451087,17185.60668862772,77335.23009882474,68742.42675451087,103113.64013176634,85928.0334431386,51556.82006588317,68742.42675451087,51556.82006588317,25778.410032941585,60149.623410197026,34371.21337725544,42964.0167215693,51556.82006588317,25778.410032941585,68742.42675451087,68742.42675451087,17185.60668862772,68742.42675451087,60149.623410197026,17185.60668862772,60149.623410197026,42964.0167215693,120299.24682039405,42964.0167215693,25778.410032941585,42964.0167215693,68742.42675451087,51556.82006588317,60149.623410197026,17185.60668862772,60149.623410197026,42964.0167215693,94520.83678745247,68742.42675451087,34371.21337725544,34371.21337725544,51556.82006588317,25778.410032941585,34371.21337725544,25778.410032941585,34371.21337725544,34371.21337725544,60149.623410197026,17185.60668862772,103113.64013176634,77335.23009882474,34371.21337725544,25778.410032941585,42964.0167215693,60149.623410197026,85928.0334431386,51556.82006588317,25778.410032941585,85928.0334431386,25778.410032941585,60149.623410197026,,,,,,,,,,,,,,,,,,,,,,,,,,,,,,,,,,,
,,,,,,,,,,,,,,,,,,,,,,,,,,,42964.0167215693,51556.82006588317,68742.42675451087,68742.42675451087,42964.0167215693,34371.21337725544,51556.82006588317,42964.0167215693,60149.623410197026,17185.60668862772,68742.42675451087,34371.21337725544,60149.623410197026,77335.23009882474,60149.623410197026,8592.80334431386,51556.82006588317,51556.82006588317,77335.23009882474,68742.42675451087,85928.0334431386,85928.0334431386,60149.623410197026,42964.0167215693,60149.623410197026,77335.23009882474,8592.80334431386,51556.82006588317,34371.21337725544,60149.623410197026,25778.410032941585,85928.0334431386,34371.21337725544,51556.82006588317,77335.23009882474,25778.410032941585,42964.0167215693,34371.21337725544,25778.410032941585,8592.80334431386,60149.623410197026,60149.623410197026,94520.83678745247,34371.21337725544,60149.623410197026,34371.21337725544,77335.23009882474,25778.410032941585,85928.0334431386,77335.23009882474,34371.21337725544,94520.83678745247,85928.0334431386,85928.0334431386,94520.83678745247,128892.05016470792,120299.24682039405,120299.24682039405,60149.623410197026,51556.82006588317,42964.0167215693,77335.23009882474,111706.44347608018,94520.83678745247,85928.0334431386,42964.0167215693,25778.410032941585,34371.21337725544,51556.82006588317,68742.42675451087,60149.623410197026,77335.23009882474,51556.82006588317,42964.0167215693,25778.410032941585,8592.80334431386,17185.60668862772,17185.60668862772,8592.80334431386,8592.80334431386,17185.60668862772,25778.410032941585,8592.80334431386,0.0,8592.80334431386,17185.60668862772,25778.410032941585,17185.60668862772,8592.80334431386,17185.60668862772,17185.60668862772,8592.80334431386,17185.60668862772,8592.80334431386,8592.80334431386,25778.410032941585,8592.80334431386,8592.80334431386,17185.60668862772,0.0,34371.21337725544,34371.21337725544,42964.0167215693,42964.0167215693,34371.21337725544,25778.410032941585,8592.80334431386,8592.80334431386,8592.80334431386,25778.410032941585,17185.60668862772,17185.60668862772,0.0,8592.80334431386,0.0,0.0,0.0,0.0,8592.80334431386,25778.410032941585,0.0,8592.80334431386,0.0,0.0,8592.80334431386,17185.60668862772,17185.60668862772,0.0,0.0,8592.80334431386,0.0,17185.60668862772,8592.80334431386,34371.21337725544,42964.0167215693,42964.0167215693,51556.82006588317,34371.21337725544,34371.21337725544,25778.410032941585,94520.83678745247,68742.42675451087,94520.83678745247,34371.21337725544,51556.82006588317,103113.64013176634,42964.0167215693,68742.42675451087,68742.42675451087,8592.80334431386,34371.21337725544,68742.42675451087,8592.80334431386,17185.60668862772,77335.23009882474,8592.80334431386,42964.0167215693,17185.60668862772,77335.23009882474,68742.42675451087,25778.410032941585,34371.21337725544,25778.410032941585,60149.623410197026,94520.83678745247,51556.82006588317,60149.623410197026,68742.42675451087,77335.23009882474,68742.42675451087,51556.82006588317,77335.23009882474,34371.21337725544,34371.21337725544,94520.83678745247,68742.42675451087,42964.0167215693,51556.82006588317,25778.410032941585,51556.82006588317,60149.623410197026,77335.23009882474,68742.42675451087,68742.42675451087,51556.82006588317,51556.82006588317,60149.623410197026,77335.23009882474,25778.410032941585,77335.23009882474,8592.80334431386,17185.60668862772,77335.23009882474,51556.82006588317,,,,,,,,,,,,,,,,,,,,,,,,,,,,,,,,,,,
,,,,,,,,,,,,,,,,,,,,,,,,,,,17185.60668862772,68742.42675451087,51556.82006588317,51556.82006588317,51556.82006588317,51556.82006588317,51556.82006588317,25778.410032941585,60149.623410197026,68742.42675451087,42964.0167215693,60149.623410197026,42964.0167215693,77335.23009882474,60149.623410197026,42964.0167215693,51556.82006588317,42964.0167215693,68742.42675451087,51556.82006588317,60149.623410197026,42964.0167215693,60149.623410197026,42964.0167215693,25778.410032941585,60149.623410197026,77335.23009882474,68742.42675451087,68742.42675451087,51556.82006588317,94520.83678745247,25778.410032941585,51556.82006588317,77335.23009882474,42964.0167215693,17185.60668862772,34371.21337725544,8592.80334431386,51556.82006588317,34371.21337725544,34371.21337725544,42964.0167215693,34371.21337725544,34371.21337725544,85928.0334431386,85928.0334431386,85928.0334431386,60149.623410197026,85928.0334431386,34371.21337725544,94520.83678745247,51556.82006588317,77335.23009882474,137484.85350902175,77335.23009882474,103113.64013176634,77335.23009882474,128892.05016470792,68742.42675451087,34371.21337725544,60149.623410197026,68742.42675451087,60149.623410197026,68742.42675451087,68742.42675451087,8592.80334431386,85928.0334431386,8592.80334431386,85928.0334431386,180448.87023059107,94520.83678745247,60149.623410197026,42964.0167215693,34371.21337725544,25778.410032941585,25778.410032941585,0.0,0.0,42964.0167215693,8592.80334431386,0.0,8592.80334431386,8592.80334431386,0.0,25778.410032941585,8592.80334431386,8592.80334431386,17185.60668862772,0.0,0.0,0.0,17185.60668862772,25778.410032941585,17185.60668862772,25778.410032941585,17185.60668862772,17185.60668862772,0.0,17185.60668862772,25778.410032941585,8592.80334431386,25778.410032941585,17185.60668862772,68742.42675451087,42964.0167215693,34371.21337725544,8592.80334431386,42964.0167215693,8592.80334431386,17185.60668862772,25778.410032941585,8592.80334431386,25778.410032941585,0.0,0.0,17185.60668862772,0.0,0.0,8592.80334431386,42964.0167215693,0.0,8592.80334431386,17185.60668862772,0.0,0.0,8592.80334431386,8592.80334431386,0.0,0.0,0.0,0.0,0.0,17185.60668862772,42964.0167215693,25778.410032941585,17185.60668862772,68742.42675451087,42964.0167215693,60149.623410197026,42964.0167215693,68742.42675451087,42964.0167215693,51556.82006588317,85928.0334431386,60149.623410197026,42964.0167215693,60149.623410197026,51556.82006588317,60149.623410197026,34371.21337725544,8592.80334431386,25778.410032941585,60149.623410197026,60149.623410197026,94520.83678745247,42964.0167215693,34371.21337725544,42964.0167215693,34371.21337725544,77335.23009882474,77335.23009882474,85928.0334431386,51556.82006588317,42964.0167215693,77335.23009882474,85928.0334431386,25778.410032941585,34371.21337725544,94520.83678745247,60149.623410197026,34371.21337725544,94520.83678745247,77335.23009882474,42964.0167215693,51556.82006588317,77335.23009882474,42964.0167215693,51556.82006588317,42964.0167215693,103113.64013176634,60149.623410197026,94520.83678745247,60149.623410197026,51556.82006588317,77335.23009882474,68742.42675451087,68742.42675451087,51556.82006588317,51556.82006588317,34371.21337725544,42964.0167215693,77335.23009882474,34371.21337725544,,,,,,,,,,,,,,,,,,,,,,,,,,,,,,,,,,,,
,,,,,,,,,,,,,,,,,,,,,,,,,,,,68742.42675451087,42964.0167215693,25778.410032941585,51556.82006588317,34371.21337725544,8592.80334431386,17185.60668862772,77335.23009882474,34371.21337725544,85928.0334431386,42964.0167215693,34371.21337725544,60149.623410197026,68742.42675451087,51556.82006588317,34371.21337725544,34371.21337725544,77335.23009882474,51556.82006588317,34371.21337725544,34371.21337725544,17185.60668862772,51556.82006588317,60149.623410197026,77335.23009882474,85928.0334431386,85928.0334431386,51556.82006588317,34371.21337725544,68742.42675451087,77335.23009882474,60149.623410197026,60149.623410197026,42964.0167215693,68742.42675451087,60149.623410197026,68742.42675451087,34371.21337725544,60149.623410197026,8592.80334431386,77335.23009882474,103113.64013176634,85928.0334431386,111706.44347608018,94520.83678745247,77335.23009882474,42964.0167215693,103113.64013176634,85928.0334431386,85928.0334431386,85928.0334431386,103113.64013176634,94520.83678745247,94520.83678745247,120299.24682039405,42964.0167215693,68742.42675451087,103113.64013176634,68742.42675451087,51556.82006588317,25778.410032941585,42964.0167215693,51556.82006588317,51556.82006588317,60149.623410197026,120299.24682039405,146077.6568533356,232005.69029647423,111706.44347608018,103113.64013176634,17185.60668862772,51556.82006588317,128892.05016470792,34371.21337725544,8592.80334431386,17185.60668862772,8592.80334431386,17185.60668862772,0.0,25778.410032941585,0.0,8592.80334431386,17185.60668862772,0.0,25778.410032941585,8592.80334431386,8592.80334431386,17185.60668862772,42964.0167215693,42964.0167215693,34371.21337725544,8592.80334431386,34371.21337725544,8592.80334431386,8592.80334431386,8592.80334431386,8592.80334431386,17185.60668862772,25778.410032941585,8592.80334431386,8592.80334431386,34371.21337725544,17185.60668862772,94520.83678745247,103113.64013176634,25778.410032941585,17185.60668862772,42964.0167215693,34371.21337725544,0.0,17185.60668862772,0.0,17185.60668862772,0.0,8592.80334431386,8592.80334431386,8592.80334431386,34371.21337725544,8592.80334431386,8592.80334431386,25778.410032941585,8592.80334431386,17185.60668862772,8592.80334431386,8592.80334431386,8592.80334431386,8592.80334431386,8592.80334431386,8592.80334431386,17185.60668862772,8592.80334431386,8592.80334431386,25778.410032941585,17185.60668862772,60149.623410197026,51556.82006588317,51556.82006588317,34371.21337725544,68742.42675451087,51556.82006588317,60149.623410197026,51556.82006588317,60149.623410197026,51556.82006588317,60149.623410197026,34371.21337725544,25778.410032941585,60149.623410197026,17185.60668862772,17185.60668862772,17185.60668862772,51556.82006588317,25778.410032941585,68742.42675451087,103113.64013176634,77335.23009882474,42964.0167215693,51556.82006588317,77335.23009882474,103113.64013176634,68742.42675451087,34371.21337725544,94520.83678745247,34371.21337725544,34371.21337725544,68742.42675451087,25778.410032941585,51556.82006588317,34371.21337725544,34371.21337725544,51556.82006588317,60149.623410197026,34371.21337725544,68742.42675451087,25778.410032941585,42964.0167215693,17185.60668862772,111706.44347608018,77335.23009882474,77335.23009882474,85928.0334431386,51556.82006588317,42964.0167215693,120299.24682039405,51556.82006588317,25778.410032941585,0.0,17185.60668862772,77335.23009882474,42964.0167215693,42964.0167215693,,,,,,,,,,,,,,,,,,,,,,,,,,,,,,,,,,,,,
,,,,,,,,,,,,,,,,,,,,,,,,,,,,25778.410032941585,25778.410032941585,51556.82006588317,34371.21337725544,34371.21337725544,25778.410032941585,60149.623410197026,60149.623410197026,42964.0167215693,34371.21337725544,60149.623410197026,25778.410032941585,77335.23009882474,34371.21337725544,25778.410032941585,77335.23009882474,42964.0167215693,51556.82006588317,34371.21337725544,77335.23009882474,25778.410032941585,94520.83678745247,42964.0167215693,77335.23009882474,77335.23009882474,51556.82006588317,42964.0167215693,77335.23009882474,42964.0167215693,94520.83678745247,85928.0334431386,42964.0167215693,34371.21337725544,25778.410032941585,17185.60668862772,77335.23009882474,68742.42675451087,34371.21337725544,77335.23009882474,77335.23009882474,51556.82006588317,68742.42675451087,120299.24682039405,120299.24682039405,120299.24682039405,34371.21337725544,77335.23009882474,60149.623410197026,42964.0167215693,85928.0334431386,77335.23009882474,94520.83678745247,68742.42675451087,77335.23009882474,68742.42675451087,103113.64013176634,42964.0167215693,51556.82006588317,60149.623410197026,34371.21337725544,34371.21337725544,25778.410032941585,42964.0167215693,34371.21337725544,42964.0167215693,103113.64013176634,171856.0668862772,274969.7070180435,154670.4601976495,103113.64013176634,77335.23009882474,34371.21337725544,42964.0167215693,8592.80334431386,25778.410032941585,0.0,0.0,8592.80334431386,0.0,8592.80334431386,8592.80334431386,8592.80334431386,8592.80334431386,8592.80334431386,25778.410032941585,17185.60668862772,8592.80334431386,25778.410032941585,128892.05016470792,68742.42675451087,42964.0167215693,34371.21337725544,0.0,0.0,0.0,8592.80334431386,25778.410032941585,8592.80334431386,8592.80334431386,8592.80334431386,25778.410032941585,17185.60668862772,8592.80334431386,42964.0167215693,25778.410032941585,17185.60668862772,17185.60668862772,8592.80334431386,25778.410032941585,0.0,8592.80334431386,8592.80334431386,0.0,17185.60668862772,8592.80334431386,8592.80334431386,17185.60668862772,17185.60668862772,8592.80334431386,8592.80334431386,0.0,17185.60668862772,8592.80334431386,0.0,8592.80334431386,17185.60668862772,17185.60668862772,17185.60668862772,17185.60668862772,8592.80334431386,17185.60668862772,0.0,17185.60668862772,34371.21337725544,42964.0167215693,68742.42675451087,0.0,77335.23009882474,85928.0334431386,42964.0167215693,42964.0167215693,42964.0167215693,34371.21337725544,60149.623410197026,8592.80334431386,34371.21337725544,17185.60668862772,17185.60668862772,68742.42675451087,25778.410032941585,68742.42675451087,120299.24682039405,34371.21337725544,94520.83678745247,163263.26354196333,77335.23009882474,42964.0167215693,60149.623410197026,60149.623410197026,60149.623410197026,60149.623410197026,94520.83678745247,51556.82006588317,42964.0167215693,42964.0167215693,94520.83678745247,51556.82006588317,42964.0167215693,51556.82006588317,51556.82006588317,51556.82006588317,34371.21337725544,25778.410032941585,17185.60668862772,77335.23009882474,68742.42675451087,42964.0167215693,111706.44347608018,34371.21337725544,60149.623410197026,51556.82006588317,60149.623410197026,60149.623410197026,51556.82006588317,42964.0167215693,68742.42675451087,51556.82006588317,34371.21337725544,42964.0167215693,85928.0334431386,25778.410032941585,,,,,,,,,,,,,,,,,,,,,,,,,,,,,,,,,,,,,
,,,,,,,,,,,,,,,,,,,,,,,,,,,,,77335.23009882474,60149.623410197026,103113.64013176634,25778.410032941585,60149.623410197026,60149.623410197026,51556.82006588317,42964.0167215693,34371.21337725544,85928.0334431386,103113.64013176634,34371.21337725544,68742.42675451087,77335.23009882474,34371.21337725544,77335.23009882474,68742.42675451087,85928.0334431386,34371.21337725544,94520.83678745247,94520.83678745247,34371.21337725544,77335.23009882474,51556.82006588317,34371.21337725544,34371.21337725544,34371.21337725544,25778.410032941585,34371.21337725544,42964.0167215693,68742.42675451087,77335.23009882474,25778.410032941585,34371.21337725544,94520.83678745247,68742.42675451087,85928.0334431386,42964.0167215693,60149.623410197026,51556.82006588317,85928.0334431386,94520.83678745247,94520.83678745247,103113.64013176634,68742.42675451087,94520.83678745247,77335.23009882474,68742.42675451087,154670.4601976495,68742.42675451087,68742.42675451087,51556.82006588317,103113.64013176634,94520.83678745247,42964.0167215693,103113.64013176634,68742.42675451087,85928.0334431386,111706.44347608018,68742.42675451087,68742.42675451087,51556.82006588317,17185.60668862772,60149.623410197026,111706.44347608018,189041.67357490494,214820.08360784652,120299.24682039405,171856.0668862772,42964.0167215693,34371.21337725544,25778.410032941585,0.0,17185.60668862772,8592.80334431386,8592.80334431386,25778.410032941585,8592.80334431386,8592.80334431386,0.0,0.0,0.0,8592.80334431386,8592.80334431386,42964.0167215693,0.0,51556.82006588317,68742.42675451087,85928.0334431386,94520.83678745247,25778.410032941585,0.0,25778.410032941585,17185.60668862772,34371.21337725544,25778.410032941585,0.0,8592.80334431386,0.0,17185.60668862772,25778.410032941585,17185.60668862772,17185.60668862772,0.0,34371.21337725544,0.0,34371.21337725544,8592.80334431386,0.0,0.0,8592.80334431386,8592.80334431386,0.0,17185.60668862772,8592.80334431386,17185.60668862772,0.0,17185.60668862772,8592.80334431386,8592.80334431386,0.0,17185.60668862772,17185.60668862772,0.0,8592.80334431386,17185.60668862772,8592.80334431386,17185.60668862772,25778.410032941585,17185.60668862772,34371.21337725544,25778.410032941585,25778.410032941585,42964.0167215693,60149.623410197026,0.0,17185.60668862772,34371.21337725544,42964.0167215693,51556.82006588317,25778.410032941585,68742.42675451087,68742.42675451087,51556.82006588317,51556.82006588317,51556.82006588317,85928.0334431386,77335.23009882474,34371.21337725544,42964.0167215693,25778.410032941585,60149.623410197026,68742.42675451087,51556.82006588317,34371.21337725544,25778.410032941585,25778.410032941585,60149.623410197026,68742.42675451087,42964.0167215693,85928.0334431386,60149.623410197026,94520.83678745247,60149.623410197026,60149.623410197026,60149.623410197026,128892.05016470792,60149.623410197026,42964.0167215693,0.0,111706.44347608018,51556.82006588317,51556.82006588317,34371.21337725544,85928.0334431386,85928.0334431386,85928.0334431386,77335.23009882474,68742.42675451087,77335.23009882474,77335.23009882474,85928.0334431386,34371.21337725544,77335.23009882474,111706.44347608018,94520.83678745247,68742.42675451087,77335.23009882474,51556.82006588317,25778.410032941585,51556.82006588317,42964.0167215693,51556.82006588317,,,,,,,,,,,,,,,,,,,,,,,,,,,,,,,,,,
,,,,,,,,,,,,,,,,,,,,,,,,,,,,,34371.21337725544,42964.0167215693,68742.42675451087,34371.21337725544,42964.0167215693,42964.0167215693,34371.21337725544,51556.82006588317,60149.623410197026,51556.82006588317,77335.23009882474,25778.410032941585,42964.0167215693,94520.83678745247,77335.23009882474,34371.21337725544,94520.83678745247,94520.83678745247,60149.623410197026,17185.60668862772,42964.0167215693,34371.21337725544,34371.21337725544,68742.42675451087,25778.410032941585,60149.623410197026,60149.623410197026,60149.623410197026,77335.23009882474,42964.0167215693,34371.21337725544,94520.83678745247,120299.24682039405,60149.623410197026,17185.60668862772,34371.21337725544,42964.0167215693,60149.623410197026,17185.60668862772,60149.623410197026,42964.0167215693,51556.82006588317,103113.64013176634,137484.85350902175,60149.623410197026,154670.4601976495,68742.42675451087,103113.64013176634,94520.83678745247,94520.83678745247,51556.82006588317,85928.0334431386,60149.623410197026,34371.21337725544,120299.24682039405,85928.0334431386,154670.4601976495,154670.4601976495,128892.05016470792,60149.623410197026,34371.21337725544,34371.21337725544,8592.80334431386,34371.21337725544,60149.623410197026,94520.83678745247,103113.64013176634,163263.26354196333,154670.4601976495,60149.623410197026,17185.60668862772,25778.410032941585,17185.60668862772,8592.80334431386,8592.80334431386,34371.21337725544,0.0,25778.410032941585,17185.60668862772,8592.80334431386,0.0,0.0,0.0,8592.80334431386,8592.80334431386,25778.410032941585,94520.83678745247,77335.23009882474,68742.42675451087,42964.0167215693,25778.410032941585,0.0,8592.80334431386,8592.80334431386,25778.410032941585,25778.410032941585,42964.0167215693,17185.60668862772,17185.60668862772,8592.80334431386,8592.80334431386,8592.80334431386,17185.60668862772,0.0,8592.80334431386,17185.60668862772,0.0,17185.60668862772,17185.60668862772,17185.60668862772,8592.80334431386,8592.80334431386,25778.410032941585,0.0,8592.80334431386,8592.80334431386,8592.80334431386,0.0,17185.60668862772,17185.60668862772,0.0,8592.80334431386,17185.60668862772,8592.80334431386,8592.80334431386,0.0,17185.60668862772,8592.80334431386,0.0,25778.410032941585,34371.21337725544,25778.410032941585,17185.60668862772,34371.21337725544,60149.623410197026,77335.23009882474,34371.21337725544,94520.83678745247,68742.42675451087,34371.21337725544,17185.60668862772,42964.0167215693,60149.623410197026,94520.83678745247,77335.23009882474,34371.21337725544,34371.21337725544,17185.60668862772,51556.82006588317,34371.21337725544,103113.64013176634,137484.85350902175,94520.83678745247,68742.42675451087,34371.21337725544,68742.42675451087,111706.44347608018,60149.623410197026,51556.82006588317,42964.0167215693,60149.623410197026,68742.42675451087,77335.23009882474,85928.0334431386,111706.44347608018,103113.64013176634,51556.82006588317,42964.0167215693,17185.60668862772,60149.623410197026,42964.0167215693,77335.23009882474,68742.42675451087,60149.623410197026,85928.0334431386,34371.21337725544,51556.82006588317,68742.42675451087,103113.64013176634,42964.0167215693,34371.21337725544,42964.0167215693,25778.410032941585,77335.23009882474,94520.83678745247,60149.623410197026,94520.83678745247,51556.82006588317,77335.23009882474,34371.21337725544,25778.410032941585,42964.0167215693,85928.0334431386,,,,,,,,,,,,,,,,,,,,,,,,,,,,,,,,,,
,,,,,,,,,,,,,,,,,,,,,,,,,,,,,,42964.0167215693,34371.21337725544,42964.0167215693,42964.0167215693,34371.21337725544,34371.21337725544,34371.21337725544,51556.82006588317,68742.42675451087,51556.82006588317,34371.21337725544,60149.623410197026,77335.23009882474,42964.0167215693,17185.60668862772,85928.0334431386,51556.82006588317,34371.21337725544,60149.623410197026,34371.21337725544,85928.0334431386,25778.410032941585,42964.0167215693,85928.0334431386,60149.623410197026,51556.82006588317,68742.42675451087,42964.0167215693,51556.82006588317,103113.64013176634,68742.42675451087,94520.83678745247,42964.0167215693,94520.83678745247,77335.23009882474,25778.410032941585,51556.82006588317,60149.623410197026,34371.21337725544,42964.0167215693,51556.82006588317,42964.0167215693,120299.24682039405,94520.83678745247,120299.24682039405,180448.87023059107,120299.24682039405,68742.42675451087,34371.21337725544,85928.0334431386,51556.82006588317,34371.21337725544,120299.24682039405,85928.0334431386,128892.05016470792,214820.08360784652,42964.0167215693,94520.83678745247,25778.410032941585,51556.82006588317,25778.410032941585,25778.410032941585,34371.21337725544,51556.82006588317,120299.24682039405,128892.05016470792,68742.42675451087,111706.44347608018,17185.60668862772,25778.410032941585,17185.60668862772,8592.80334431386,25778.410032941585,0.0,0.0,17185.60668862772,17185.60668862772,0.0,17185.60668862772,0.0,8592.80334431386,0.0,8592.80334431386,17185.60668862772,8592.80334431386,68742.42675451087,128892.05016470792,34371.21337725544,25778.410032941585,0.0,8592.80334431386,34371.21337725544,25778.410032941585,0.0,17185.60668862772,34371.21337725544,25778.410032941585,17185.60668862772,25778.410032941585,8592.80334431386,8592.80334431386,17185.60668862772,8592.80334431386,8592.80334431386,0.0,8592.80334431386,0.0,0.0,8592.80334431386,17185.60668862772,25778.410032941585,8592.80334431386,8592.80334431386,8592.80334431386,25778.410032941585,17185.60668862772,0.0,0.0,8592.80334431386,25778.410032941585,0.0,34371.21337725544,0.0,25778.410032941585,8592.80334431386,17185.60668862772,34371.21337725544,17185.60668862772,34371.21337725544,25778.410032941585,25778.410032941585,25778.410032941585,34371.21337725544,85928.0334431386,60149.623410197026,42964.0167215693,42964.0167215693,42964.0167215693,34371.21337725544,42964.0167215693,68742.42675451087,51556.82006588317,34371.21337725544,8592.80334431386,68742.42675451087,42964.0167215693,42964.0167215693,34371.21337725544,103113.64013176634,111706.44347608018,85928.0334431386,85928.0334431386,68742.42675451087,51556.82006588317,85928.0334431386,34371.21337725544,60149.623410197026,42964.0167215693,77335.23009882474,60149.623410197026,68742.42675451087,42964.0167215693,94520.83678745247,17185.60668862772,77335.23009882474,85928.0334431386,51556.82006588317,34371.21337725544,85928.0334431386,51556.82006588317,51556.82006588317,94520.83678745247,51556.82006588317,60149.623410197026,94520.83678745247,25778.410032941585,77335.23009882474,77335.23009882474,68742.42675451087,34371.21337725544,51556.82006588317,94520.83678745247,8592.80334431386,68742.42675451087,25778.410032941585,77335.23009882474,34371.21337725544,34371.21337725544,42964.0167215693,25778.410032941585,34371.21337725544,,,,,,,,,,,,,,,,,,,,,,,,,,,,,,,,,,,
,,,,,,,,,,,,,,,,,,,,,,,,,,,,,,,,51556.82006588317,17185.60668862772,,,34371.21337725544,77335.23009882474,77335.23009882474,34371.21337725544,85928.0334431386,51556.82006588317,17185.60668862772,60149.623410197026,68742.42675451087,60149.623410197026,60149.623410197026,42964.0167215693,42964.0167215693,42964.0167215693,42964.0167215693,42964.0167215693,60149.623410197026,77335.23009882474,34371.21337725544,77335.23009882474,60149.623410197026,60149.623410197026,85928.0334431386,42964.0167215693,68742.42675451087,34371.21337725544,94520.83678745247,25778.410032941585,51556.82006588317,25778.410032941585,60149.623410197026,51556.82006588317,60149.623410197026,42964.0167215693,60149.623410197026,85928.0334431386,85928.0334431386,60149.623410197026,68742.42675451087,120299.24682039405,85928.0334431386,68742.42675451087,77335.23009882474,42964.0167215693,42964.0167215693,85928.0334431386,103113.64013176634,94520.83678745247,137484.85350902175,189041.67357490494,85928.0334431386,77335.23009882474,34371.21337725544,60149.623410197026,17185.60668862772,8592.80334431386,25778.410032941585,68742.42675451087,154670.4601976495,163263.26354196333,128892.05016470792,60149.623410197026,34371.21337725544,8592.80334431386,17185.60668862772,25778.410032941585,0.0,0.0,25778.410032941585,8592.80334431386,68742.42675451087,34371.21337725544,0.0,0.0,0.0,0.0,8592.80334431386,0.0,17185.60668862772,68742.42675451087,94520.83678745247,8592.80334431386,0.0,0.0,17185.60668862772,25778.410032941585,8592.80334431386,25778.410032941585,34371.21337725544,8592.80334431386,8592.80334431386,17185.60668862772,8592.80334431386,0.0,17185.60668862772,8592.80334431386,17185.60668862772,8592.80334431386,17185.60668862772,0.0,8592.80334431386,8592.80334431386,0.0,25778.410032941585,17185.60668862772,0.0,0.0,8592.80334431386,0.0,0.0,17185.60668862772,8592.80334431386,34371.21337725544,17185.60668862772,34371.21337725544,17185.60668862772,0.0,17185.60668862772,8592.80334431386,25778.410032941585,17185.60668862772,17185.60668862772,25778.410032941585,8592.80334431386,17185.60668862772,17185.60668862772,25778.410032941585,34371.21337725544,42964.0167215693,42964.0167215693,68742.42675451087,51556.82006588317,137484.85350902175,103113.64013176634,42964.0167215693,51556.82006588317,68742.42675451087,42964.0167215693,17185.60668862772,77335.23009882474,85928.0334431386,60149.623410197026,77335.23009882474,51556.82006588317,60149.623410197026,146077.6568533356,128892.05016470792,68742.42675451087,60149.623410197026,42964.0167215693,77335.23009882474,137484.85350902175,60149.623410197026,68742.42675451087,77335.23009882474,94520.83678745247,103113.64013176634,85928.0334431386,103113.64013176634,94520.83678745247,68742.42675451087,77335.23009882474,111706.44347608018,51556.82006588317,51556.82006588317,68742.42675451087,60149.623410197026,103113.64013176634,68742.42675451087,51556.82006588317,60149.623410197026,103113.64013176634,94520.83678745247,77335.23009882474,34371.21337725544,51556.82006588317,60149.623410197026,34371.21337725544,42964.0167215693,42964.0167215693,0.0,51556.82006588317,51556.82006588317,42964.0167215693,42964.0167215693,,,,,,,,,,,,,,,,,,,,,,,,,,,,,,,,,,,
,,,,,,,,,,,,,,,,,,,,,,,,,,,,,,,,,,,,42964.0167215693,42964.0167215693,25778.410032941585,68742.42675451087,68742.42675451087,68742.42675451087,60149.623410197026,42964.0167215693,25778.410032941585,25778.410032941585,51556.82006588317,34371.21337725544,68742.42675451087,60149.623410197026,68742.42675451087,25778.410032941585,8592.80334431386,60149.623410197026,60149.623410197026,85928.0334431386,17185.60668862772,68742.42675451087,51556.82006588317,60149.623410197026,103113.64013176634,42964.0167215693,34371.21337725544,42964.0167215693,51556.82006588317,34371.21337725544,17185.60668862772,8592.80334431386,68742.42675451087,25778.410032941585,34371.21337725544,42964.0167215693,51556.82006588317,51556.82006588317,68742.42675451087,34371.21337725544,77335.23009882474,60149.623410197026,60149.623410197026,103113.64013176634,94520.83678745247,68742.42675451087,111706.44347608018,68742.42675451087,68742.42675451087,94520.83678745247,42964.0167215693,60149.623410197026,34371.21337725544,60149.623410197026,25778.410032941585,51556.82006588317,42964.0167215693,77335.23009882474,103113.64013176634,180448.87023059107,163263.26354196333,137484.85350902175,42964.0167215693,25778.410032941585,8592.80334431386,0.0,0.0,17185.60668862772,25778.410032941585,25778.410032941585,42964.0167215693,8592.80334431386,8592.80334431386,17185.60668862772,8592.80334431386,0.0,0.0,0.0,0.0,8592.80334431386,51556.82006588317,0.0,0.0,25778.410032941585,0.0,17185.60668862772,34371.21337725544,0.0,25778.410032941585,25778.410032941585,8592.80334431386,17185.60668862772,42964.0167215693,8592.80334431386,34371.21337725544,0.0,8592.80334431386,25778.410032941585,8592.80334431386,34371.21337725544,8592.80334431386,17185.60668862772,17185.60668862772,25778.410032941585,0.0,0.0,0.0,0.0,0.0,0.0,8592.80334431386,0.0,0.0,8592.80334431386,0.0,17185.60668862772,8592.80334431386,17185.60668862772,0.0,17185.60668862772,0.0,17185.60668862772,25778.410032941585,0.0,25778.410032941585,17185.60668862772,34371.21337725544,51556.82006588317,60149.623410197026,77335.23009882474,77335.23009882474,77335.23009882474,25778.410032941585,68742.42675451087,60149.623410197026,60149.623410197026,68742.42675451087,85928.0334431386,42964.0167215693,77335.23009882474,94520.83678745247,51556.82006588317,68742.42675451087,60149.623410197026,94520.83678745247,60149.623410197026,111706.44347608018,137484.85350902175,94520.83678745247,34371.21337725544,60149.623410197026,34371.21337725544,60149.623410197026,60149.623410197026,34371.21337725544,34371.21337725544,60149.623410197026,60149.623410197026,68742.42675451087,34371.21337725544,42964.0167215693,25778.410032941585,77335.23009882474,60149.623410197026,85928.0334431386,68742.42675451087,77335.23009882474,51556.82006588317,51556.82006588317,60149.623410197026,77335.23009882474,103113.64013176634,85928.0334431386,68742.42675451087,51556.82006588317,68742.42675451087,42964.0167215693,77335.23009882474,111706.44347608018,60149.623410197026,42964.0167215693,42964.0167215693,34371.21337725544,68742.42675451087,,,,,,,,,,,,,,,,,,,,,,,,,,,,,,,,,,,,
,,,,,,,,,,,,,,,,,,,,,,,,,,,,,,,,,,,34371.21337725544,68742.42675451087,51556.82006588317,25778.410032941585,77335.23009882474,42964.0167215693,34371.21337725544,77335.23009882474,51556.82006588317,42964.0167215693,25778.410032941585,68742.42675451087,34371.21337725544,51556.82006588317,42964.0167215693,68742.42675451087,68742.42675451087,60149.623410197026,68742.42675451087,17185.60668862772,68742.42675451087,94520.83678745247,51556.82006588317,42964.0167215693,51556.82006588317,42964.0167215693,25778.410032941585,42964.0167215693,51556.82006588317,51556.82006588317,25778.410032941585,34371.21337725544,17185.60668862772,34371.21337725544,17185.60668862772,17185.60668862772,77335.23009882474,34371.21337725544,60149.623410197026,60149.623410197026,60149.623410197026,60149.623410197026,94520.83678745247,68742.42675451087,42964.0167215693,51556.82006588317,60149.623410197026,60149.623410197026,68742.42675451087,85928.0334431386,60149.623410197026,77335.23009882474,42964.0167215693,103113.64013176634,77335.23009882474,51556.82006588317,0.0,68742.42675451087,85928.0334431386,128892.05016470792,111706.44347608018,77335.23009882474,77335.23009882474,60149.623410197026,25778.410032941585,25778.410032941585,8592.80334431386,0.0,0.0,8592.80334431386,17185.60668862772,25778.410032941585,25778.410032941585,0.0,0.0,8592.80334431386,17185.60668862772,0.0,0.0,8592.80334431386,25778.410032941585,0.0,17185.60668862772,8592.80334431386,8592.80334431386,25778.410032941585,8592.80334431386,8592.80334431386,17185.60668862772,8592.80334431386,25778.410032941585,17185.60668862772,8592.80334431386,8592.80334431386,25778.410032941585,34371.21337725544,34371.21337725544,34371.21337725544,17185.60668862772,8592.80334431386,8592.80334431386,0.0,17185.60668862772,17185.60668862772,8592.80334431386,8592.80334431386,34371.21337725544,8592.80334431386,34371.21337725544,0.0,8592.80334431386,8592.80334431386,0.0,8592.80334431386,17185.60668862772,0.0,8592.80334431386,8592.80334431386,17185.60668862772,8592.80334431386,0.0,25778.410032941585,8592.80334431386,17185.60668862772,34371.21337725544,25778.410032941585,51556.82006588317,51556.82006588317,25778.410032941585,42964.0167215693,111706.44347608018,60149.623410197026,42964.0167215693,94520.83678745247,68742.42675451087,77335.23009882474,68742.42675451087,34371.21337725544,85928.0334431386,42964.0167215693,60149.623410197026,85928.0334431386,60149.623410197026,85928.0334431386,25778.410032941585,111706.44347608018,94520.83678745247,68742.42675451087,42964.0167215693,51556.82006588317,42964.0167215693,51556.82006588317,60149.623410197026,68742.42675451087,60149.623410197026,68742.42675451087,34371.21337725544,94520.83678745247,51556.82006588317,68742.42675451087,94520.83678745247,25778.410032941585,34371.21337725544,51556.82006588317,68742.42675451087,68742.42675451087,77335.23009882474,51556.82006588317,17185.60668862772,51556.82006588317,42964.0167215693,68742.42675451087,42964.0167215693,34371.21337725544,51556.82006588317,128892.05016470792,25778.410032941585,68742.42675451087,120299.24682039405,34371.21337725544,34371.21337725544,77335.23009882474,103113.64013176634,60149.623410197026,42964.0167215693,,,,,,,,,,,,,,,,,,,,,,,,,,,,,,,,,,,,
,,,,,,,,,,,,,,,,,,,,,,,,,,,,,,,,,,,42964.0167215693,68742.42675451087,25778.410032941585,34371.21337725544,25778.410032941585,60149.623410197026,25778.410032941585,77335.23009882474,51556.82006588317,68742.42675451087,103113.64013176634,34371.21337725544,34371.21337725544,68742.42675451087,51556.82006588317,60149.623410197026,42964.0167215693,68742.42675451087,60149.623410197026,103113.64013176634,42964.0167215693,17185.60668862772,103113.64013176634,51556.82006588317,25778.410032941585,51556.82006588317,34371.21337725544,77335.23009882474,34371.21337725544,42964.0167215693,17185.60668862772,25778.410032941585,8592.80334431386,17185.60668862772,34371.21337725544,51556.82006588317,60149.623410197026,42964.0167215693,17185.60668862772,51556.82006588317,34371.21337725544,68742.42675451087,34371.21337725544,34371.21337725544,60149.623410197026,42964.0167215693,137484.85350902175,154670.4601976495,85928.0334431386,60149.623410197026,85928.0334431386,103113.64013176634,17185.60668862772,60149.623410197026,42964.0167215693,42964.0167215693,42964.0167215693,85928.0334431386,128892.05016470792,137484.85350902175,163263.26354196333,85928.0334431386,34371.21337725544,60149.623410197026,25778.410032941585,0.0,25778.410032941585,34371.21337725544,8592.80334431386,8592.80334431386,17185.60668862772,0.0,0.0,17185.60668862772,17185.60668862772,8592.80334431386,8592.80334431386,0.0,8592.80334431386,17185.60668862772,0.0,0.0,8592.80334431386,25778.410032941585,8592.80334431386,0.0,0.0,17185.60668862772,8592.80334431386,8592.80334431386,17185.60668862772,0.0,42964.0167215693,25778.410032941585,34371.21337725544,68742.42675451087,17185.60668862772,42964.0167215693,17185.60668862772,17185.60668862772,25778.410032941585,34371.21337725544,17185.60668862772,0.0,25778.410032941585,17185.60668862772,8592.80334431386,8592.80334431386,0.0,0.0,25778.410032941585,42964.0167215693,8592.80334431386,0.0,8592.80334431386,8592.80334431386,0.0,17185.60668862772,25778.410032941585,8592.80334431386,8592.80334431386,17185.60668862772,25778.410032941585,8592.80334431386,25778.410032941585,17185.60668862772,51556.82006588317,17185.60668862772,68742.42675451087,25778.410032941585,77335.23009882474,25778.410032941585,111706.44347608018,25778.410032941585,34371.21337725544,34371.21337725544,111706.44347608018,34371.21337725544,34371.21337725544,25778.410032941585,51556.82006588317,51556.82006588317,77335.23009882474,103113.64013176634,51556.82006588317,77335.23009882474,51556.82006588317,68742.42675451087,34371.21337725544,68742.42675451087,94520.83678745247,85928.0334431386,34371.21337725544,77335.23009882474,60149.623410197026,17185.60668862772,34371.21337725544,111706.44347608018,51556.82006588317,85928.0334431386,60149.623410197026,42964.0167215693,51556.82006588317,42964.0167215693,60149.623410197026,34371.21337725544,60149.623410197026,60149.623410197026,68742.42675451087,42964.0167215693,94520.83678745247,51556.82006588317,68742.42675451087,60149.623410197026,60149.623410197026,42964.0167215693,77335.23009882474,51556.82006588317,94520.83678745247,17185.60668862772,77335.23009882474,51556.82006588317,60149.623410197026,25778.410032941585,,,,,,,,,,,,,,,,,,,,,,,,,,,,,,,,,,,,,
,,,,,,,,,,,,,,,,,,,,,,,,,,,,,,,,,,,,17185.60668862772,34371.21337725544,51556.82006588317,42964.0167215693,34371.21337725544,68742.42675451087,42964.0167215693,34371.21337725544,68742.42675451087,77335.23009882474,128892.05016470792,51556.82006588317,34371.21337725544,51556.82006588317,34371.21337725544,17185.60668862772,60149.623410197026,60149.623410197026,68742.42675451087,34371.21337725544,51556.82006588317,42964.0167215693,42964.0167215693,25778.410032941585,68742.42675451087,34371.21337725544,51556.82006588317,17185.60668862772,25778.410032941585,34371.21337725544,25778.410032941585,60149.623410197026,51556.82006588317,17185.60668862772,17185.60668862772,17185.60668862772,42964.0167215693,25778.410032941585,8592.80334431386,0.0,42964.0167215693,42964.0167215693,42964.0167215693,94520.83678745247,42964.0167215693,77335.23009882474,111706.44347608018,77335.23009882474,85928.0334431386,85928.0334431386,85928.0334431386,34371.21337725544,8592.80334431386,42964.0167215693,51556.82006588317,34371.21337725544,34371.21337725544,77335.23009882474,103113.64013176634,94520.83678745247,25778.410032941585,8592.80334431386,8592.80334431386,17185.60668862772,17185.60668862772,17185.60668862772,0.0,8592.80334431386,0.0,0.0,8592.80334431386,0.0,8592.80334431386,0.0,17185.60668862772,8592.80334431386,34371.21337725544,25778.410032941585,0.0,0.0,0.0,17185.60668862772,17185.60668862772,25778.410032941585,8592.80334431386,0.0,17185.60668862772,17185.60668862772,17185.60668862772,17185.60668862772,17185.60668862772,34371.21337725544,34371.21337725544,8592.80334431386,25778.410032941585,17185.60668862772,8592.80334431386,25778.410032941585,25778.410032941585,34371.21337725544,8592.80334431386,8592.80334431386,51556.82006588317,8592.80334431386,25778.410032941585,8592.80334431386,0.0,0.0,8592.80334431386,0.0,17185.60668862772,8592.80334431386,0.0,0.0,0.0,8592.80334431386,42964.0167215693,60149.623410197026,17185.60668862772,8592.80334431386,17185.60668862772,42964.0167215693,17185.60668862772,17185.60668862772,42964.0167215693,51556.82006588317,34371.21337725544,34371.21337725544,60149.623410197026,34371.21337725544,94520.83678745247,85928.0334431386,42964.0167215693,68742.42675451087,51556.82006588317,77335.23009882474,85928.0334431386,103113.64013176634,25778.410032941585,94520.83678745247,51556.82006588317,51556.82006588317,103113.64013176634,94520.83678745247,42964.0167215693,60149.623410197026,68742.42675451087,34371.21337725544,128892.05016470792,17185.60668862772,77335.23009882474,42964.0167215693,85928.0334431386,51556.82006588317,34371.21337725544,42964.0167215693,85928.0334431386,42964.0167215693,77335.23009882474,34371.21337725544,68742.42675451087,42964.0167215693,77335.23009882474,60149.623410197026,68742.42675451087,60149.623410197026,60149.623410197026,25778.410032941585,85928.0334431386,42964.0167215693,68742.42675451087,68742.42675451087,60149.623410197026,85928.0334431386,77335.23009882474,51556.82006588317,42964.0167215693,34371.21337725544,94520.83678745247,42964.0167215693,51556.82006588317,60149.623410197026,77335.23009882474,,,,,,,,,,,,,,,,,,,,,,,,,,,,,,,,,,,,,
,,,,,,,,,,,,,,,,,,,,,,,,,,,,,,,,,,,,42964.0167215693,34371.21337725544,68742.42675451087,51556.82006588317,85928.0334431386,60149.623410197026,77335.23009882474,137484.85350902175,154670.4601976495,189041.67357490494,154670.4601976495,111706.44347608018,111706.44347608018,68742.42675451087,25778.410032941585,42964.0167215693,34371.21337725544,34371.21337725544,51556.82006588317,34371.21337725544,68742.42675451087,42964.0167215693,42964.0167215693,17185.60668862772,42964.0167215693,42964.0167215693,60149.623410197026,34371.21337725544,51556.82006588317,25778.410032941585,34371.21337725544,34371.21337725544,60149.623410197026,51556.82006588317,34371.21337725544,34371.21337725544,25778.410032941585,17185.60668862772,8592.80334431386,51556.82006588317,51556.82006588317,51556.82006588317,42964.0167215693,85928.0334431386,103113.64013176634,85928.0334431386,103113.64013176634,68742.42675451087,111706.44347608018,42964.0167215693,42964.0167215693,42964.0167215693,68742.42675451087,77335.23009882474,77335.23009882474,60149.623410197026,77335.23009882474,51556.82006588317,68742.42675451087,77335.23009882474,25778.410032941585,34371.21337725544,8592.80334431386,8592.80334431386,8592.80334431386,0.0,8592.80334431386,17185.60668862772,17185.60668862772,8592.80334431386,17185.60668862772,25778.410032941585,17185.60668862772,17185.60668862772,25778.410032941585,17185.60668862772,34371.21337725544,17185.60668862772,8592.80334431386,0.0,8592.80334431386,17185.60668862772,8592.80334431386,0.0,17185.60668862772,17185.60668862772,8592.80334431386,17185.60668862772,17185.60668862772,8592.80334431386,42964.0167215693,68742.42675451087,51556.82006588317,42964.0167215693,42964.0167215693,17185.60668862772,34371.21337725544,25778.410032941585,17185.60668862772,42964.0167215693,8592.80334431386,25778.410032941585,0.0,8592.80334431386,8592.80334431386,0.0,17185.60668862772,0.0,17185.60668862772,17185.60668862772,25778.410032941585,25778.410032941585,0.0,17185.60668862772,8592.80334431386,8592.80334431386,8592.80334431386,25778.410032941585,17185.60668862772,25778.410032941585,17185.60668862772,25778.410032941585,17185.60668862772,51556.82006588317,34371.21337725544,25778.410032941585,0.0,42964.0167215693,34371.21337725544,85928.0334431386,34371.21337725544,68742.42675451087,34371.21337725544,42964.0167215693,85928.0334431386,85928.0334431386,60149.623410197026,94520.83678745247,103113.64013176634,120299.24682039405,51556.82006588317,85928.0334431386,103113.64013176634,77335.23009882474,68742.42675451087,42964.0167215693,60149.623410197026,42964.0167215693,34371.21337725544,8592.80334431386,51556.82006588317,51556.82006588317,85928.0334431386,42964.0167215693,42964.0167215693,60149.623410197026,68742.42675451087,42964.0167215693,103113.64013176634,68742.42675451087,85928.0334431386,8592.80334431386,25778.410032941585,42964.0167215693,42964.0167215693,60149.623410197026,68742.42675451087,85928.0334431386,85928.0334431386,42964.0167215693,111706.44347608018,51556.82006588317,17185.60668862772,42964.0167215693,34371.21337725544,60149.623410197026,51556.82006588317,111706.44347608018,51556.82006588317,60149.623410197026,51556.82006588317,17185.60668862772,34371.21337725544,,,,,,,,,,,,,,,,,,,,,,,,,,,,,,,,,,,,,
,,,,,,,,,,,,,,,,,,,,,,,,,,,,,,,,,,,,17185.60668862772,42964.0167215693,68742.42675451087,25778.410032941585,77335.23009882474,77335.23009882474,85928.0334431386,154670.4601976495,300748.1170509851,257784.10032941584,283562.51036235737,180448.87023059107,94520.83678745247,42964.0167215693,51556.82006588317,34371.21337725544,60149.623410197026,77335.23009882474,42964.0167215693,94520.83678745247,85928.0334431386,25778.410032941585,17185.60668862772,51556.82006588317,25778.410032941585,51556.82006588317,25778.410032941585,60149.623410197026,51556.82006588317,42964.0167215693,42964.0167215693,34371.21337725544,17185.60668862772,68742.42675451087,42964.0167215693,77335.23009882474,34371.21337725544,17185.60668862772,51556.82006588317,0.0,8592.80334431386,51556.82006588317,51556.82006588317,85928.0334431386,60149.623410197026,77335.23009882474,17185.60668862772,60149.623410197026,17185.60668862772,51556.82006588317,17185.60668862772,25778.410032941585,25778.410032941585,17185.60668862772,77335.23009882474,120299.24682039405,94520.83678745247,85928.0334431386,68742.42675451087,85928.0334431386,85928.0334431386,25778.410032941585,17185.60668862772,8592.80334431386,34371.21337725544,17185.60668862772,34371.21337725544,8592.80334431386,0.0,0.0,17185.60668862772,0.0,8592.80334431386,0.0,8592.80334431386,8592.80334431386,8592.80334431386,25778.410032941585,17185.60668862772,25778.410032941585,0.0,8592.80334431386,25778.410032941585,8592.80334431386,0.0,17185.60668862772,0.0,17185.60668862772,34371.21337725544,8592.80334431386,42964.0167215693,42964.0167215693,25778.410032941585,94520.83678745247,25778.410032941585,25778.410032941585,34371.21337725544,0.0,17185.60668862772,17185.60668862772,8592.80334431386,51556.82006588317,17185.60668862772,17185.60668862772,8592.80334431386,8592.80334431386,17185.60668862772,17185.60668862772,8592.80334431386,8592.80334431386,8592.80334431386,0.0,17185.60668862772,8592.80334431386,8592.80334431386,0.0,8592.80334431386,42964.0167215693,42964.0167215693,42964.0167215693,77335.23009882474,60149.623410197026,60149.623410197026,34371.21337725544,17185.60668862772,17185.60668862772,42964.0167215693,68742.42675451087,42964.0167215693,42964.0167215693,42964.0167215693,68742.42675451087,34371.21337725544,51556.82006588317,17185.60668862772,25778.410032941585,85928.0334431386,94520.83678745247,77335.23009882474,34371.21337725544,60149.623410197026,94520.83678745247,77335.23009882474,111706.44347608018,103113.64013176634,51556.82006588317,94520.83678745247,94520.83678745247,94520.83678745247,77335.23009882474,51556.82006588317,85928.0334431386,68742.42675451087,34371.21337725544,34371.21337725544,94520.83678745247,34371.21337725544,42964.0167215693,51556.82006588317,85928.0334431386,51556.82006588317,51556.82006588317,111706.44347608018,34371.21337725544,85928.0334431386,77335.23009882474,77335.23009882474,34371.21337725544,42964.0167215693,42964.0167215693,60149.623410197026,120299.24682039405,60149.623410197026,85928.0334431386,60149.623410197026,25778.410032941585,25778.410032941585,120299.24682039405,34371.21337725544,77335.23009882474,60149.623410197026,51556.82006588317,,,,,,,,,,,,,,,,,,,,,,,,,,,,,,,,,,,,,,
,,,,,,,,,,,,,,,,,,,,,,,,,,,,,,,,,,,,51556.82006588317,68742.42675451087,77335.23009882474,17185.60668862772,51556.82006588317,85928.0334431386,51556.82006588317,163263.26354196333,189041.67357490494,189041.67357490494,257784.10032941584,197634.47691921878,189041.67357490494,60149.623410197026,34371.21337725544,94520.83678745247,34371.21337725544,51556.82006588317,34371.21337725544,25778.410032941585,34371.21337725544,51556.82006588317,51556.82006588317,51556.82006588317,51556.82006588317,68742.42675451087,0.0,17185.60668862772,34371.21337725544,85928.0334431386,51556.82006588317,34371.21337725544,42964.0167215693,42964.0167215693,34371.21337725544,34371.21337725544,42964.0167215693,17185.60668862772,8592.80334431386,25778.410032941585,60149.623410197026,34371.21337725544,17185.60668862772,34371.21337725544,25778.410032941585,34371.21337725544,42964.0167215693,51556.82006588317,34371.21337725544,17185.60668862772,25778.410032941585,34371.21337725544,51556.82006588317,17185.60668862772,68742.42675451087,206227.28026353268,249191.296985102,163263.26354196333,68742.42675451087,42964.0167215693,42964.0167215693,25778.410032941585,8592.80334431386,8592.80334431386,17185.60668862772,8592.80334431386,25778.410032941585,0.0,25778.410032941585,8592.80334431386,60149.623410197026,17185.60668862772,17185.60668862772,17185.60668862772,42964.0167215693,34371.21337725544,17185.60668862772,17185.60668862772,0.0,17185.60668862772,17185.60668862772,8592.80334431386,25778.410032941585,25778.410032941585,25778.410032941585,17185.60668862772,17185.60668862772,34371.21337725544,8592.80334431386,8592.80334431386,17185.60668862772,34371.21337725544,34371.21337725544,77335.23009882474,34371.21337725544,34371.21337725544,8592.80334431386,51556.82006588317,25778.410032941585,8592.80334431386,34371.21337725544,34371.21337725544,25778.410032941585,17185.60668862772,0.0,17185.60668862772,8592.80334431386,8592.80334431386,17185.60668862772,8592.80334431386,0.0,8592.80334431386,42964.0167215693,0.0,17185.60668862772,0.0,0.0,42964.0167215693,51556.82006588317,0.0,42964.0167215693,34371.21337725544,34371.21337725544,42964.0167215693,25778.410032941585,0.0,17185.60668862772,42964.0167215693,60149.623410197026,25778.410032941585,68742.42675451087,34371.21337725544,25778.410032941585,34371.21337725544,60149.623410197026,94520.83678745247,60149.623410197026,42964.0167215693,68742.42675451087,77335.23009882474,77335.23009882474,68742.42675451087,42964.0167215693,85928.0334431386,34371.21337725544,77335.23009882474,25778.410032941585,42964.0167215693,42964.0167215693,68742.42675451087,42964.0167215693,77335.23009882474,68742.42675451087,25778.410032941585,68742.42675451087,60149.623410197026,68742.42675451087,85928.0334431386,60149.623410197026,51556.82006588317,60149.623410197026,94520.83678745247,60149.623410197026,60149.623410197026,25778.410032941585,51556.82006588317,103113.64013176634,94520.83678745247,34371.21337725544,60149.623410197026,25778.410032941585,51556.82006588317,94520.83678745247,60149.623410197026,42964.0167215693,60149.623410197026,60149.623410197026,77335.23009882474,94520.83678745247,34371.21337725544,42964.0167215693,60149.623410197026,,,,,,,,,,,,,,,,,,,,,,,,,,,,,,,,,,,,,,
,,,,,,,,,,,,,,,,,,,,,,,,,,,,,,,,,,,,,51556.82006588317,42964.0167215693,42964.0167215693,25778.410032941585,25778.410032941585,42964.0167215693,60149.623410197026,68742.42675451087,120299.24682039405,128892.05016470792,120299.24682039405,120299.24682039405,51556.82006588317,51556.82006588317,42964.0167215693,51556.82006588317,42964.0167215693,51556.82006588317,77335.23009882474,42964.0167215693,17185.60668862772,34371.21337725544,51556.82006588317,17185.60668862772,17185.60668862772,42964.0167215693,17185.60668862772,25778.410032941585,34371.21337725544,42964.0167215693,60149.623410197026,77335.23009882474,77335.23009882474,42964.0167215693,17185.60668862772,85928.0334431386,42964.0167215693,17185.60668862772,60149.623410197026,51556.82006588317,77335.23009882474,34371.21337725544,25778.410032941585,17185.60668862772,42964.0167215693,17185.60668862772,25778.410032941585,17185.60668862772,51556.82006588317,17185.60668862772,17185.60668862772,0.0,68742.42675451087,77335.23009882474,154670.4601976495,240598.4936407881,386676.1504941237,85928.0334431386,25778.410032941585,34371.21337725544,17185.60668862772,25778.410032941585,17185.60668862772,34371.21337725544,17185.60668862772,68742.42675451087,8592.80334431386,17185.60668862772,17185.60668862772,0.0,60149.623410197026,17185.60668862772,0.0,0.0,17185.60668862772,0.0,8592.80334431386,17185.60668862772,42964.0167215693,0.0,17185.60668862772,25778.410032941585,34371.21337725544,8592.80334431386,25778.410032941585,17185.60668862772,17185.60668862772,42964.0167215693,34371.21337725544,8592.80334431386,34371.21337725544,8592.80334431386,42964.0167215693,0.0,25778.410032941585,34371.21337725544,34371.21337725544,8592.80334431386,8592.80334431386,8592.80334431386,8592.80334431386,25778.410032941585,0.0,17185.60668862772,8592.80334431386,0.0,0.0,8592.80334431386,8592.80334431386,8592.80334431386,8592.80334431386,0.0,17185.60668862772,25778.410032941585,8592.80334431386,8592.80334431386,8592.80334431386,0.0,34371.21337725544,34371.21337725544,51556.82006588317,51556.82006588317,42964.0167215693,17185.60668862772,34371.21337725544,34371.21337725544,34371.21337725544,60149.623410197026,60149.623410197026,77335.23009882474,17185.60668862772,34371.21337725544,60149.623410197026,85928.0334431386,51556.82006588317,111706.44347608018,68742.42675451087,68742.42675451087,42964.0167215693,103113.64013176634,68742.42675451087,34371.21337725544,51556.82006588317,60149.623410197026,60149.623410197026,42964.0167215693,77335.23009882474,34371.21337725544,103113.64013176634,77335.23009882474,51556.82006588317,68742.42675451087,51556.82006588317,51556.82006588317,60149.623410197026,51556.82006588317,51556.82006588317,103113.64013176634,42964.0167215693,42964.0167215693,77335.23009882474,34371.21337725544,60149.623410197026,77335.23009882474,42964.0167215693,60149.623410197026,8592.80334431386,60149.623410197026,25778.410032941585,17185.60668862772,42964.0167215693,42964.0167215693,51556.82006588317,42964.0167215693,34371.21337725544,51556.82006588317,34371.21337725544,68742.42675451087,42964.0167215693,25778.410032941585,,,,,,,,,,,,,,,,,,,,,,,,,,,,,,,,,,,,,,,
,,,,,,,,,,,,,,,,,,,,,,,,,,,,,,,,,,,,,51556.82006588317,68742.42675451087,34371.21337725544,42964.0167215693,51556.82006588317,68742.42675451087,51556.82006588317,60149.623410197026,60149.623410197026,42964.0167215693,60149.623410197026,42964.0167215693,34371.21337725544,60149.623410197026,103113.64013176634,51556.82006588317,68742.42675451087,77335.23009882474,25778.410032941585,68742.42675451087,68742.42675451087,60149.623410197026,25778.410032941585,25778.410032941585,51556.82006588317,51556.82006588317,0.0,42964.0167215693,51556.82006588317,42964.0167215693,34371.21337725544,51556.82006588317,25778.410032941585,94520.83678745247,68742.42675451087,34371.21337725544,51556.82006588317,68742.42675451087,51556.82006588317,68742.42675451087,25778.410032941585,51556.82006588317,34371.21337725544,42964.0167215693,25778.410032941585,42964.0167215693,8592.80334431386,51556.82006588317,34371.21337725544,51556.82006588317,51556.82006588317,34371.21337725544,51556.82006588317,51556.82006588317,94520.83678745247,189041.67357490494,335119.33042824053,283562.51036235737,77335.23009882474,42964.0167215693,17185.60668862772,42964.0167215693,25778.410032941585,8592.80334431386,17185.60668862772,8592.80334431386,25778.410032941585,0.0,8592.80334431386,8592.80334431386,8592.80334431386,34371.21337725544,42964.0167215693,8592.80334431386,17185.60668862772,17185.60668862772,0.0,0.0,17185.60668862772,0.0,8592.80334431386,34371.21337725544,42964.0167215693,77335.23009882474,42964.0167215693,51556.82006588317,8592.80334431386,17185.60668862772,17185.60668862772,17185.60668862772,34371.21337725544,17185.60668862772,17185.60668862772,17185.60668862772,34371.21337725544,0.0,42964.0167215693,17185.60668862772,34371.21337725544,8592.80334431386,8592.80334431386,17185.60668862772,17185.60668862772,17185.60668862772,17185.60668862772,25778.410032941585,17185.60668862772,8592.80334431386,17185.60668862772,8592.80334431386,0.0,0.0,17185.60668862772,25778.410032941585,8592.80334431386,0.0,8592.80334431386,17185.60668862772,42964.0167215693,34371.21337725544,51556.82006588317,34371.21337725544,8592.80334431386,42964.0167215693,25778.410032941585,42964.0167215693,94520.83678745247,17185.60668862772,42964.0167215693,42964.0167215693,51556.82006588317,34371.21337725544,34371.21337725544,77335.23009882474,51556.82006588317,60149.623410197026,51556.82006588317,60149.623410197026,68742.42675451087,77335.23009882474,25778.410032941585,17185.60668862772,51556.82006588317,85928.0334431386,68742.42675451087,34371.21337725544,85928.0334431386,77335.23009882474,25778.410032941585,51556.82006588317,34371.21337725544,68742.42675451087,68742.42675451087,51556.82006588317,68742.42675451087,34371.21337725544,42964.0167215693,77335.23009882474,77335.23009882474,77335.23009882474,42964.0167215693,25778.410032941585,68742.42675451087,77335.23009882474,25778.410032941585,68742.42675451087,17185.60668862772,51556.82006588317,85928.0334431386,60149.623410197026,85928.0334431386,51556.82006588317,34371.21337725544,42964.0167215693,51556.82006588317,77335.23009882474,17185.60668862772,42964.0167215693,77335.23009882474,77335.23009882474,,,,,,,,,,,,,,,,,,,,,,,,,,,,,,,,,,,,,,,
,,,,,,,,,,,,,,,,,,,,,,,,,,,,,,,,,,,,,,68742.42675451087,77335.23009882474,34371.21337725544,77335.23009882474,68742.42675451087,51556.82006588317,51556.82006588317,51556.82006588317,68742.42675451087,17185.60668862772,25778.410032941585,60149.623410197026,42964.0167215693,60149.623410197026,34371.21337725544,25778.410032941585,68742.42675451087,68742.42675451087,34371.21337725544,68742.42675451087,77335.23009882474,42964.0167215693,17185.60668862772,25778.410032941585,34371.21337725544,42964.0167215693,34371.21337725544,0.0,42964.0167215693,51556.82006588317,17185.60668862772,60149.623410197026,17185.60668862772,51556.82006588317,60149.623410197026,68742.42675451087,68742.42675451087,51556.82006588317,42964.0167215693,25778.410032941585,51556.82006588317,42964.0167215693,34371.21337725544,34371.21337725544,25778.410032941585,17185.60668862772,34371.21337725544,60149.623410197026,77335.23009882474,25778.410032941585,51556.82006588317,77335.23009882474,68742.42675451087,77335.23009882474,137484.85350902175,429640.16721569304,360897.74046118214,111706.44347608018,34371.21337725544,25778.410032941585,60149.623410197026,17185.60668862772,0.0,0.0,25778.410032941585,34371.21337725544,25778.410032941585,25778.410032941585,8592.80334431386,8592.80334431386,0.0,0.0,8592.80334431386,17185.60668862772,8592.80334431386,17185.60668862772,25778.410032941585,0.0,0.0,25778.410032941585,34371.21337725544,111706.44347608018,94520.83678745247,103113.64013176634,34371.21337725544,8592.80334431386,8592.80334431386,17185.60668862772,25778.410032941585,0.0,17185.60668862772,17185.60668862772,25778.410032941585,34371.21337725544,17185.60668862772,25778.410032941585,34371.21337725544,8592.80334431386,25778.410032941585,8592.80334431386,42964.0167215693,42964.0167215693,8592.80334431386,17185.60668862772,0.0,0.0,17185.60668862772,17185.60668862772,8592.80334431386,25778.410032941585,8592.80334431386,0.0,8592.80334431386,8592.80334431386,17185.60668862772,17185.60668862772,17185.60668862772,42964.0167215693,51556.82006588317,8592.80334431386,34371.21337725544,17185.60668862772,8592.80334431386,60149.623410197026,60149.623410197026,0.0,25778.410032941585,77335.23009882474,60149.623410197026,60149.623410197026,42964.0167215693,94520.83678745247,34371.21337725544,85928.0334431386,94520.83678745247,68742.42675451087,25778.410032941585,60149.623410197026,85928.0334431386,77335.23009882474,111706.44347608018,51556.82006588317,51556.82006588317,103113.64013176634,77335.23009882474,77335.23009882474,51556.82006588317,51556.82006588317,85928.0334431386,68742.42675451087,68742.42675451087,68742.42675451087,51556.82006588317,85928.0334431386,85928.0334431386,60149.623410197026,77335.23009882474,51556.82006588317,51556.82006588317,85928.0334431386,120299.24682039405,60149.623410197026,42964.0167215693,77335.23009882474,60149.623410197026,,,51556.82006588317,25778.410032941585,34371.21337725544,42964.0167215693,60149.623410197026,68742.42675451087,34371.21337725544,120299.24682039405,60149.623410197026,42964.0167215693,77335.23009882474,42964.0167215693,,,,,,,,,,,,,,,,,,,,,,,,,,,,,,,,,,,,,,,
,,,,,,,,,,,,,,,,,,,,,,,,,,,,,,,,,,,,,,60149.623410197026,42964.0167215693,8592.80334431386,34371.21337725544,51556.82006588317,42964.0167215693,68742.42675451087,42964.0167215693,51556.82006588317,34371.21337725544,17185.60668862772,42964.0167215693,51556.82006588317,51556.82006588317,51556.82006588317,68742.42675451087,94520.83678745247,42964.0167215693,34371.21337725544,85928.0334431386,85928.0334431386,25778.410032941585,17185.60668862772,94520.83678745247,51556.82006588317,34371.21337725544,34371.21337725544,25778.410032941585,17185.60668862772,42964.0167215693,34371.21337725544,42964.0167215693,51556.82006588317,68742.42675451087,51556.82006588317,68742.42675451087,60149.623410197026,68742.42675451087,34371.21337725544,68742.42675451087,51556.82006588317,25778.410032941585,25778.410032941585,25778.410032941585,34371.21337725544,51556.82006588317,51556.82006588317,34371.21337725544,51556.82006588317,17185.60668862772,34371.21337725544,60149.623410197026,103113.64013176634,94520.83678745247,137484.85350902175,249191.296985102,154670.4601976495,103113.64013176634,60149.623410197026,51556.82006588317,51556.82006588317,34371.21337725544,17185.60668862772,0.0,8592.80334431386,17185.60668862772,17185.60668862772,25778.410032941585,0.0,25778.410032941585,25778.410032941585,17185.60668862772,0.0,17185.60668862772,17185.60668862772,0.0,0.0,42964.0167215693,25778.410032941585,17185.60668862772,25778.410032941585,85928.0334431386,171856.0668862772,189041.67357490494,68742.42675451087,34371.21337725544,17185.60668862772,8592.80334431386,42964.0167215693,8592.80334431386,17185.60668862772,17185.60668862772,17185.60668862772,17185.60668862772,34371.21337725544,17185.60668862772,51556.82006588317,25778.410032941585,51556.82006588317,34371.21337725544,0.0,34371.21337725544,34371.21337725544,25778.410032941585,8592.80334431386,8592.80334431386,0.0,17185.60668862772,8592.80334431386,8592.80334431386,34371.21337725544,25778.410032941585,8592.80334431386,17185.60668862772,34371.21337725544,0.0,51556.82006588317,34371.21337725544,42964.0167215693,60149.623410197026,51556.82006588317,17185.60668862772,42964.0167215693,42964.0167215693,51556.82006588317,68742.42675451087,51556.82006588317,68742.42675451087,34371.21337725544,85928.0334431386,42964.0167215693,25778.410032941585,60149.623410197026,60149.623410197026,34371.21337725544,77335.23009882474,34371.21337725544,60149.623410197026,77335.23009882474,34371.21337725544,60149.623410197026,51556.82006588317,51556.82006588317,85928.0334431386,51556.82006588317,25778.410032941585,25778.410032941585,94520.83678745247,51556.82006588317,42964.0167215693,85928.0334431386,51556.82006588317,25778.410032941585,85928.0334431386,42964.0167215693,42964.0167215693,34371.21337725544,51556.82006588317,34371.21337725544,68742.42675451087,34371.21337725544,77335.23009882474,34371.21337725544,51556.82006588317,8592.80334431386,,,,,68742.42675451087,60149.623410197026,60149.623410197026,25778.410032941585,34371.21337725544,0.0,42964.0167215693,17185.60668862772,34371.21337725544,,,,,,,,,,,,,,,,,,,,,,,,,,,,,,,,,,,,,,,,
,,,,,,,,,,,,,,,,,,,,,,,,,,,,,,,,,,,,,,,51556.82006588317,42964.0167215693,68742.42675451087,60149.623410197026,51556.82006588317,51556.82006588317,17185.60668862772,42964.0167215693,42964.0167215693,25778.410032941585,8592.80334431386,25778.410032941585,51556.82006588317,8592.80334431386,60149.623410197026,60149.623410197026,34371.21337725544,60149.623410197026,60149.623410197026,25778.410032941585,8592.80334431386,60149.623410197026,42964.0167215693,42964.0167215693,60149.623410197026,25778.410032941585,68742.42675451087,34371.21337725544,17185.60668862772,42964.0167215693,51556.82006588317,42964.0167215693,51556.82006588317,68742.42675451087,94520.83678745247,51556.82006588317,42964.0167215693,85928.0334431386,68742.42675451087,17185.60668862772,17185.60668862772,8592.80334431386,42964.0167215693,68742.42675451087,34371.21337725544,68742.42675451087,103113.64013176634,68742.42675451087,51556.82006588317,60149.623410197026,42964.0167215693,60149.623410197026,85928.0334431386,94520.83678745247,120299.24682039405,85928.0334431386,68742.42675451087,85928.0334431386,42964.0167215693,42964.0167215693,34371.21337725544,8592.80334431386,17185.60668862772,17185.60668862772,8592.80334431386,8592.80334431386,8592.80334431386,8592.80334431386,17185.60668862772,8592.80334431386,25778.410032941585,0.0,17185.60668862772,34371.21337725544,17185.60668862772,25778.410032941585,17185.60668862772,17185.60668862772,51556.82006588317,34371.21337725544,34371.21337725544,103113.64013176634,146077.6568533356,77335.23009882474,8592.80334431386,25778.410032941585,34371.21337725544,25778.410032941585,0.0,8592.80334431386,0.0,25778.410032941585,25778.410032941585,25778.410032941585,0.0,25778.410032941585,34371.21337725544,68742.42675451087,42964.0167215693,25778.410032941585,17185.60668862772,17185.60668862772,8592.80334431386,17185.60668862772,8592.80334431386,17185.60668862772,17185.60668862772,8592.80334431386,0.0,0.0,0.0,17185.60668862772,8592.80334431386,0.0,17185.60668862772,0.0,60149.623410197026,34371.21337725544,42964.0167215693,25778.410032941585,42964.0167215693,85928.0334431386,85928.0334431386,8592.80334431386,77335.23009882474,68742.42675451087,51556.82006588317,51556.82006588317,68742.42675451087,77335.23009882474,94520.83678745247,77335.23009882474,17185.60668862772,42964.0167215693,34371.21337725544,42964.0167215693,68742.42675451087,51556.82006588317,42964.0167215693,60149.623410197026,51556.82006588317,128892.05016470792,51556.82006588317,68742.42675451087,17185.60668862772,94520.83678745247,111706.44347608018,68742.42675451087,94520.83678745247,68742.42675451087,42964.0167215693,51556.82006588317,77335.23009882474,42964.0167215693,42964.0167215693,25778.410032941585,94520.83678745247,85928.0334431386,60149.623410197026,60149.623410197026,120299.24682039405,42964.0167215693,51556.82006588317,68742.42675451087,51556.82006588317,51556.82006588317,,,,25778.410032941585,60149.623410197026,34371.21337725544,,,,,,,,,,,,,,,,,,,,,,,,,,,,,,,,,,,,,,,,,,,,,
,,,,,,,,,,,,,,,,,,,,,,,,,,,,,,,,,,,,,,,,34371.21337725544,25778.410032941585,8592.80334431386,17185.60668862772,34371.21337725544,8592.80334431386,42964.0167215693,25778.410032941585,51556.82006588317,17185.60668862772,25778.410032941585,42964.0167215693,42964.0167215693,51556.82006588317,68742.42675451087,34371.21337725544,42964.0167215693,103113.64013176634,68742.42675451087,51556.82006588317,103113.64013176634,51556.82006588317,51556.82006588317,51556.82006588317,42964.0167215693,51556.82006588317,34371.21337725544,42964.0167215693,34371.21337725544,77335.23009882474,77335.23009882474,68742.42675451087,103113.64013176634,77335.23009882474,42964.0167215693,77335.23009882474,77335.23009882474,42964.0167215693,17185.60668862772,25778.410032941585,34371.21337725544,42964.0167215693,34371.21337725544,51556.82006588317,68742.42675451087,77335.23009882474,34371.21337725544,34371.21337725544,60149.623410197026,42964.0167215693,94520.83678745247,42964.0167215693,103113.64013176634,94520.83678745247,77335.23009882474,60149.623410197026,103113.64013176634,42964.0167215693,25778.410032941585,60149.623410197026,34371.21337725544,0.0,8592.80334431386,8592.80334431386,8592.80334431386,25778.410032941585,8592.80334431386,0.0,25778.410032941585,42964.0167215693,25778.410032941585,34371.21337725544,34371.21337725544,8592.80334431386,17185.60668862772,17185.60668862772,34371.21337725544,42964.0167215693,77335.23009882474,42964.0167215693,34371.21337725544,0.0,34371.21337725544,8592.80334431386,17185.60668862772,25778.410032941585,25778.410032941585,25778.410032941585,8592.80334431386,0.0,34371.21337725544,8592.80334431386,8592.80334431386,42964.0167215693,42964.0167215693,34371.21337725544,42964.0167215693,8592.80334431386,8592.80334431386,25778.410032941585,0.0,8592.80334431386,8592.80334431386,0.0,34371.21337725544,8592.80334431386,0.0,8592.80334431386,17185.60668862772,0.0,17185.60668862772,0.0,8592.80334431386,34371.21337725544,25778.410032941585,42964.0167215693,34371.21337725544,77335.23009882474,25778.410032941585,51556.82006588317,34371.21337725544,60149.623410197026,77335.23009882474,51556.82006588317,68742.42675451087,34371.21337725544,51556.82006588317,85928.0334431386,42964.0167215693,94520.83678745247,25778.410032941585,60149.623410197026,34371.21337725544,120299.24682039405,25778.410032941585,60149.623410197026,34371.21337725544,17185.60668862772,51556.82006588317,103113.64013176634,94520.83678745247,60149.623410197026,103113.64013176634,60149.623410197026,94520.83678745247,51556.82006588317,51556.82006588317,85928.0334431386,103113.64013176634,77335.23009882474,77335.23009882474,77335.23009882474,42964.0167215693,42964.0167215693,60149.623410197026,128892.05016470792,85928.0334431386,51556.82006588317,51556.82006588317,25778.410032941585,25778.410032941585,17185.60668862772,94520.83678745247,51556.82006588317,68742.42675451087,68742.42675451087,,,,,,,,,,,,,,,,,,,,,,,,,,,,,,,,,,,,,,,,,,,,,,,,,,
,,,,,,,,,,,,,,,,,,,,,,,,,,,,,,,,,,,,,,,,,42964.0167215693,51556.82006588317,34371.21337725544,60149.623410197026,85928.0334431386,17185.60668862772,25778.410032941585,68742.42675451087,68742.42675451087,25778.410032941585,42964.0167215693,34371.21337725544,25778.410032941585,51556.82006588317,68742.42675451087,68742.42675451087,51556.82006588317,68742.42675451087,68742.42675451087,25778.410032941585,51556.82006588317,42964.0167215693,17185.60668862772,77335.23009882474,77335.23009882474,51556.82006588317,51556.82006588317,17185.60668862772,60149.623410197026,34371.21337725544,94520.83678745247,34371.21337725544,34371.21337725544,34371.21337725544,60149.623410197026,51556.82006588317,34371.21337725544,25778.410032941585,42964.0167215693,8592.80334431386,17185.60668862772,34371.21337725544,34371.21337725544,25778.410032941585,68742.42675451087,60149.623410197026,68742.42675451087,68742.42675451087,85928.0334431386,77335.23009882474,77335.23009882474,51556.82006588317,42964.0167215693,94520.83678745247,25778.410032941585,34371.21337725544,17185.60668862772,17185.60668862772,25778.410032941585,8592.80334431386,0.0,0.0,8592.80334431386,17185.60668862772,8592.80334431386,8592.80334431386,8592.80334431386,68742.42675451087,25778.410032941585,25778.410032941585,42964.0167215693,42964.0167215693,34371.21337725544,34371.21337725544,34371.21337725544,111706.44347608018,111706.44347608018,120299.24682039405,34371.21337725544,17185.60668862772,60149.623410197026,51556.82006588317,51556.82006588317,42964.0167215693,42964.0167215693,25778.410032941585,8592.80334431386,8592.80334431386,42964.0167215693,17185.60668862772,8592.80334431386,17185.60668862772,34371.21337725544,34371.21337725544,51556.82006588317,60149.623410197026,42964.0167215693,25778.410032941585,0.0,25778.410032941585,8592.80334431386,17185.60668862772,17185.60668862772,8592.80334431386,25778.410032941585,25778.410032941585,8592.80334431386,25778.410032941585,8592.80334431386,8592.80334431386,25778.410032941585,8592.80334431386,17185.60668862772,17185.60668862772,42964.0167215693,60149.623410197026,51556.82006588317,51556.82006588317,51556.82006588317,51556.82006588317,60149.623410197026,17185.60668862772,68742.42675451087,60149.623410197026,51556.82006588317,85928.0334431386,8592.80334431386,77335.23009882474,111706.44347608018,85928.0334431386,60149.623410197026,68742.42675451087,51556.82006588317,68742.42675451087,51556.82006588317,68742.42675451087,68742.42675451087,94520.83678745247,77335.23009882474,77335.23009882474,51556.82006588317,51556.82006588317,25778.410032941585,34371.21337725544,77335.23009882474,77335.23009882474,85928.0334431386,60149.623410197026,85928.0334431386,42964.0167215693,25778.410032941585,17185.60668862772,34371.21337725544,68742.42675451087,68742.42675451087,77335.23009882474,42964.0167215693,60149.623410197026,34371.21337725544,60149.623410197026,77335.23009882474,42964.0167215693,60149.623410197026,34371.21337725544,,,,,,,,,,,,,,,,,,,,,,,,,,,,,,,,,,,,,,,,,,,,,,,,,,,
,,,,,,,,,,,,,,,,,,,,,,,,,,,,,,,,,,,,,,,,,51556.82006588317,60149.623410197026,60149.623410197026,60149.623410197026,85928.0334431386,42964.0167215693,42964.0167215693,25778.410032941585,51556.82006588317,51556.82006588317,85928.0334431386,51556.82006588317,51556.82006588317,25778.410032941585,60149.623410197026,60149.623410197026,77335.23009882474,25778.410032941585,68742.42675451087,51556.82006588317,34371.21337725544,94520.83678745247,51556.82006588317,25778.410032941585,60149.623410197026,17185.60668862772,60149.623410197026,85928.0334431386,34371.21337725544,60149.623410197026,60149.623410197026,51556.82006588317,60149.623410197026,68742.42675451087,34371.21337725544,34371.21337725544,0.0,42964.0167215693,51556.82006588317,51556.82006588317,42964.0167215693,42964.0167215693,8592.80334431386,17185.60668862772,77335.23009882474,60149.623410197026,51556.82006588317,8592.80334431386,34371.21337725544,77335.23009882474,77335.23009882474,17185.60668862772,77335.23009882474,42964.0167215693,25778.410032941585,42964.0167215693,34371.21337725544,8592.80334431386,34371.21337725544,25778.410032941585,8592.80334431386,25778.410032941585,0.0,0.0,8592.80334431386,17185.60668862772,17185.60668862772,25778.410032941585,34371.21337725544,42964.0167215693,94520.83678745247,60149.623410197026,77335.23009882474,42964.0167215693,34371.21337725544,120299.24682039405,111706.44347608018,85928.0334431386,77335.23009882474,51556.82006588317,34371.21337725544,34371.21337725544,25778.410032941585,34371.21337725544,34371.21337725544,42964.0167215693,25778.410032941585,34371.21337725544,8592.80334431386,34371.21337725544,25778.410032941585,17185.60668862772,17185.60668862772,60149.623410197026,0.0,25778.410032941585,8592.80334431386,8592.80334431386,25778.410032941585,0.0,25778.410032941585,60149.623410197026,0.0,51556.82006588317,0.0,17185.60668862772,8592.80334431386,17185.60668862772,0.0,17185.60668862772,8592.80334431386,51556.82006588317,8592.80334431386,34371.21337725544,34371.21337725544,25778.410032941585,34371.21337725544,68742.42675451087,25778.410032941585,60149.623410197026,25778.410032941585,68742.42675451087,94520.83678745247,77335.23009882474,68742.42675451087,51556.82006588317,51556.82006588317,8592.80334431386,8592.80334431386,34371.21337725544,94520.83678745247,60149.623410197026,68742.42675451087,51556.82006588317,60149.623410197026,85928.0334431386,68742.42675451087,68742.42675451087,25778.410032941585,60149.623410197026,68742.42675451087,85928.0334431386,94520.83678745247,51556.82006588317,60149.623410197026,85928.0334431386,77335.23009882474,77335.23009882474,68742.42675451087,42964.0167215693,34371.21337725544,51556.82006588317,51556.82006588317,77335.23009882474,77335.23009882474,51556.82006588317,120299.24682039405,51556.82006588317,34371.21337725544,34371.21337725544,60149.623410197026,60149.623410197026,51556.82006588317,,,,,,,,,,,,,,,,,,,,,,,,,,,,,,,,,,,,,,,,,,,,,,,,,,,,
,,,,,,,,,,,,,,,,,,,,,,,,,,,,,,,,,,,,,,,,,,25778.410032941585,25778.410032941585,42964.0167215693,51556.82006588317,25778.410032941585,51556.82006588317,77335.23009882474,34371.21337725544,34371.21337725544,42964.0167215693,51556.82006588317,42964.0167215693,77335.23009882474,34371.21337725544,25778.410032941585,68742.42675451087,51556.82006588317,60149.623410197026,8592.80334431386,51556.82006588317,68742.42675451087,42964.0167215693,68742.42675451087,85928.0334431386,51556.82006588317,34371.21337725544,51556.82006588317,60149.623410197026,51556.82006588317,42964.0167215693,85928.0334431386,34371.21337725544,25778.410032941585,34371.21337725544,17185.60668862772,25778.410032941585,8592.80334431386,17185.60668862772,42964.0167215693,60149.623410197026,42964.0167215693,34371.21337725544,25778.410032941585,34371.21337725544,51556.82006588317,51556.82006588317,25778.410032941585,42964.0167215693,60149.623410197026,42964.0167215693,34371.21337725544,25778.410032941585,51556.82006588317,68742.42675451087,68742.42675451087,77335.23009882474,68742.42675451087,42964.0167215693,51556.82006588317,34371.21337725544,8592.80334431386,8592.80334431386,0.0,34371.21337725544,25778.410032941585,8592.80334431386,8592.80334431386,34371.21337725544,60149.623410197026,51556.82006588317,128892.05016470792,42964.0167215693,51556.82006588317,34371.21337725544,60149.623410197026,128892.05016470792,77335.23009882474,42964.0167215693,17185.60668862772,8592.80334431386,25778.410032941585,34371.21337725544,42964.0167215693,77335.23009882474,25778.410032941585,17185.60668862772,0.0,8592.80334431386,34371.21337725544,0.0,17185.60668862772,25778.410032941585,25778.410032941585,42964.0167215693,17185.60668862772,8592.80334431386,25778.410032941585,25778.410032941585,25778.410032941585,25778.410032941585,51556.82006588317,42964.0167215693,8592.80334431386,8592.80334431386,17185.60668862772,0.0,0.0,0.0,0.0,8592.80334431386,0.0,25778.410032941585,25778.410032941585,42964.0167215693,25778.410032941585,42964.0167215693,25778.410032941585,42964.0167215693,25778.410032941585,17185.60668862772,51556.82006588317,85928.0334431386,85928.0334431386,25778.410032941585,42964.0167215693,34371.21337725544,51556.82006588317,68742.42675451087,77335.23009882474,51556.82006588317,68742.42675451087,42964.0167215693,25778.410032941585,120299.24682039405,103113.64013176634,17185.60668862772,103113.64013176634,60149.623410197026,25778.410032941585,68742.42675451087,51556.82006588317,51556.82006588317,77335.23009882474,42964.0167215693,68742.42675451087,42964.0167215693,68742.42675451087,60149.623410197026,42964.0167215693,51556.82006588317,42964.0167215693,42964.0167215693,94520.83678745247,94520.83678745247,51556.82006588317,103113.64013176634,17185.60668862772,42964.0167215693,8592.80334431386,51556.82006588317,60149.623410197026,,,,,,,,,,,,,,,,,,,,,,,,,,,,,,,,,,,,,,,,,,,,,,,,,,,,,
,,,,,,,,,,,,,,,,,,,,,,,,,,,,,,,,,,,,,,,,,,42964.0167215693,42964.0167215693,60149.623410197026,60149.623410197026,17185.60668862772,42964.0167215693,60149.623410197026,42964.0167215693,68742.42675451087,77335.23009882474,42964.0167215693,51556.82006588317,34371.21337725544,60149.623410197026,51556.82006588317,111706.44347608018,85928.0334431386,42964.0167215693,77335.23009882474,25778.410032941585,94520.83678745247,68742.42675451087,60149.623410197026,68742.42675451087,85928.0334431386,51556.82006588317,77335.23009882474,68742.42675451087,60149.623410197026,25778.410032941585,68742.42675451087,42964.0167215693,51556.82006588317,51556.82006588317,17185.60668862772,25778.410032941585,25778.410032941585,17185.60668862772,42964.0167215693,25778.410032941585,60149.623410197026,42964.0167215693,25778.410032941585,68742.42675451087,51556.82006588317,51556.82006588317,25778.410032941585,34371.21337725544,34371.21337725544,25778.410032941585,25778.410032941585,17185.60668862772,34371.21337725544,77335.23009882474,34371.21337725544,68742.42675451087,128892.05016470792,51556.82006588317,51556.82006588317,51556.82006588317,42964.0167215693,34371.21337725544,8592.80334431386,8592.80334431386,42964.0167215693,34371.21337725544,42964.0167215693,8592.80334431386,42964.0167215693,60149.623410197026,51556.82006588317,34371.21337725544,111706.44347608018,42964.0167215693,42964.0167215693,94520.83678745247,51556.82006588317,25778.410032941585,17185.60668862772,8592.80334431386,25778.410032941585,34371.21337725544,8592.80334431386,25778.410032941585,0.0,0.0,8592.80334431386,17185.60668862772,17185.60668862772,17185.60668862772,17185.60668862772,8592.80334431386,17185.60668862772,34371.21337725544,17185.60668862772,0.0,17185.60668862772,8592.80334431386,8592.80334431386,0.0,8592.80334431386,17185.60668862772,25778.410032941585,8592.80334431386,8592.80334431386,51556.82006588317,8592.80334431386,17185.60668862772,17185.60668862772,8592.80334431386,8592.80334431386,42964.0167215693,34371.21337725544,60149.623410197026,34371.21337725544,25778.410032941585,17185.60668862772,51556.82006588317,51556.82006588317,42964.0167215693,60149.623410197026,34371.21337725544,77335.23009882474,51556.82006588317,42964.0167215693,68742.42675451087,68742.42675451087,68742.42675451087,60149.623410197026,60149.623410197026,85928.0334431386,60149.623410197026,103113.64013176634,85928.0334431386,94520.83678745247,85928.0334431386,77335.23009882474,60149.623410197026,77335.23009882474,25778.410032941585,51556.82006588317,85928.0334431386,94520.83678745247,68742.42675451087,77335.23009882474,85928.0334431386,51556.82006588317,85928.0334431386,68742.42675451087,42964.0167215693,68742.42675451087,51556.82006588317,68742.42675451087,42964.0167215693,68742.42675451087,60149.623410197026,51556.82006588317,60149.623410197026,,,,,,,,,,,,,,,,,,,,,,,,,,,,,,,,,,,,,,,,,,,,,,,,,,,,,,,,
,,,,,,,,,,,,,,,,,,,,,,,,,,,,,,,,,,,,,,,,,,77335.23009882474,17185.60668862772,42964.0167215693,77335.23009882474,60149.623410197026,60149.623410197026,51556.82006588317,25778.410032941585,25778.410032941585,17185.60668862772,34371.21337725544,34371.21337725544,77335.23009882474,68742.42675451087,94520.83678745247,51556.82006588317,8592.80334431386,85928.0334431386,17185.60668862772,34371.21337725544,68742.42675451087,77335.23009882474,51556.82006588317,51556.82006588317,51556.82006588317,25778.410032941585,77335.23009882474,68742.42675451087,25778.410032941585,60149.623410197026,51556.82006588317,42964.0167215693,85928.0334431386,25778.410032941585,25778.410032941585,25778.410032941585,42964.0167215693,60149.623410197026,42964.0167215693,17185.60668862772,68742.42675451087,25778.410032941585,60149.623410197026,120299.24682039405,77335.23009882474,77335.23009882474,77335.23009882474,25778.410032941585,25778.410032941585,77335.23009882474,51556.82006588317,51556.82006588317,51556.82006588317,42964.0167215693,51556.82006588317,85928.0334431386,94520.83678745247,111706.44347608018,77335.23009882474,51556.82006588317,42964.0167215693,34371.21337725544,17185.60668862772,34371.21337725544,0.0,42964.0167215693,25778.410032941585,34371.21337725544,42964.0167215693,25778.410032941585,8592.80334431386,42964.0167215693,51556.82006588317,103113.64013176634,42964.0167215693,34371.21337725544,34371.21337725544,34371.21337725544,17185.60668862772,34371.21337725544,51556.82006588317,8592.80334431386,17185.60668862772,17185.60668862772,25778.410032941585,42964.0167215693,0.0,25778.410032941585,34371.21337725544,8592.80334431386,17185.60668862772,34371.21337725544,42964.0167215693,25778.410032941585,8592.80334431386,34371.21337725544,34371.21337725544,17185.60668862772,0.0,51556.82006588317,0.0,34371.21337725544,17185.60668862772,34371.21337725544,17185.60668862772,0.0,17185.60668862772,17185.60668862772,0.0,17185.60668862772,0.0,25778.410032941585,8592.80334431386,42964.0167215693,8592.80334431386,42964.0167215693,25778.410032941585,8592.80334431386,42964.0167215693,68742.42675451087,51556.82006588317,77335.23009882474,34371.21337725544,77335.23009882474,68742.42675451087,42964.0167215693,51556.82006588317,34371.21337725544,146077.6568533356,120299.24682039405,103113.64013176634,60149.623410197026,68742.42675451087,51556.82006588317,51556.82006588317,17185.60668862772,42964.0167215693,34371.21337725544,42964.0167215693,17185.60668862772,103113.64013176634,68742.42675451087,60149.623410197026,77335.23009882474,85928.0334431386,51556.82006588317,77335.23009882474,51556.82006588317,34371.21337725544,85928.0334431386,42964.0167215693,68742.42675451087,77335.23009882474,17185.60668862772,68742.42675451087,60149.623410197026,68742.42675451087,,,,,,,,,,,,,,,,,,,,,,,,,,,,,,,,,,,,,,,,,,,,,,,,,,,,,,,,,
,,,,,,,,,,,,,,,,,,,,,,,,,,,,,,,,,,,,,,,,,,,34371.21337725544,42964.0167215693,85928.0334431386,51556.82006588317,60149.623410197026,77335.23009882474,51556.82006588317,60149.623410197026,34371.21337725544,51556.82006588317,25778.410032941585,68742.42675451087,51556.82006588317,34371.21337725544,51556.82006588317,51556.82006588317,42964.0167215693,60149.623410197026,103113.64013176634,94520.83678745247,51556.82006588317,85928.0334431386,17185.60668862772,42964.0167215693,51556.82006588317,68742.42675451087,94520.83678745247,25778.410032941585,103113.64013176634,77335.23009882474,34371.21337725544,60149.623410197026,42964.0167215693,42964.0167215693,25778.410032941585,25778.410032941585,25778.410032941585,60149.623410197026,34371.21337725544,51556.82006588317,42964.0167215693,85928.0334431386,51556.82006588317,60149.623410197026,85928.0334431386,85928.0334431386,34371.21337725544,42964.0167215693,34371.21337725544,60149.623410197026,0.0,25778.410032941585,51556.82006588317,60149.623410197026,34371.21337725544,94520.83678745247,103113.64013176634,137484.85350902175,60149.623410197026,42964.0167215693,51556.82006588317,17185.60668862772,42964.0167215693,42964.0167215693,25778.410032941585,42964.0167215693,34371.21337725544,17185.60668862772,25778.410032941585,34371.21337725544,94520.83678745247,94520.83678745247,42964.0167215693,85928.0334431386,197634.47691921878,85928.0334431386,77335.23009882474,42964.0167215693,51556.82006588317,42964.0167215693,8592.80334431386,25778.410032941585,34371.21337725544,25778.410032941585,25778.410032941585,17185.60668862772,34371.21337725544,17185.60668862772,17185.60668862772,17185.60668862772,34371.21337725544,8592.80334431386,51556.82006588317,34371.21337725544,0.0,8592.80334431386,0.0,8592.80334431386,8592.80334431386,0.0,0.0,25778.410032941585,0.0,17185.60668862772,8592.80334431386,8592.80334431386,0.0,8592.80334431386,0.0,42964.0167215693,8592.80334431386,51556.82006588317,17185.60668862772,25778.410032941585,60149.623410197026,25778.410032941585,34371.21337725544,25778.410032941585,25778.410032941585,94520.83678745247,51556.82006588317,34371.21337725544,34371.21337725544,85928.0334431386,85928.0334431386,85928.0334431386,60149.623410197026,94520.83678745247,77335.23009882474,77335.23009882474,34371.21337725544,120299.24682039405,34371.21337725544,68742.42675451087,94520.83678745247,51556.82006588317,85928.0334431386,42964.0167215693,77335.23009882474,42964.0167215693,8592.80334431386,51556.82006588317,51556.82006588317,25778.410032941585,85928.0334431386,17185.60668862772,103113.64013176634,68742.42675451087,77335.23009882474,25778.410032941585,60149.623410197026,68742.42675451087,60149.623410197026,42964.0167215693,0.0,34371.21337725544,,,,,,,,,,,,,,,,,,,,,,,,,,,,,,,,,,,,,,,,,,,,,,,,,,,,,,,,,
,,,,,,,,,,,,,,,,,,,,,,,,,,,,,,,,,,,,,,,,,,,60149.623410197026,25778.410032941585,25778.410032941585,34371.21337725544,42964.0167215693,25778.410032941585,51556.82006588317,42964.0167215693,85928.0334431386,94520.83678745247,25778.410032941585,77335.23009882474,77335.23009882474,34371.21337725544,60149.623410197026,42964.0167215693,51556.82006588317,60149.623410197026,94520.83678745247,34371.21337725544,94520.83678745247,51556.82006588317,68742.42675451087,85928.0334431386,68742.42675451087,60149.623410197026,68742.42675451087,17185.60668862772,42964.0167215693,60149.623410197026,77335.23009882474,42964.0167215693,51556.82006588317,77335.23009882474,85928.0334431386,51556.82006588317,34371.21337725544,25778.410032941585,68742.42675451087,17185.60668862772,94520.83678745247,60149.623410197026,34371.21337725544,60149.623410197026,34371.21337725544,0.0,34371.21337725544,68742.42675451087,77335.23009882474,42964.0167215693,8592.80334431386,51556.82006588317,25778.410032941585,17185.60668862772,25778.410032941585,68742.42675451087,103113.64013176634,85928.0334431386,60149.623410197026,68742.42675451087,25778.410032941585,51556.82006588317,25778.410032941585,60149.623410197026,34371.21337725544,111706.44347608018,68742.42675451087,68742.42675451087,34371.21337725544,103113.64013176634,103113.64013176634,51556.82006588317,77335.23009882474,42964.0167215693,120299.24682039405,68742.42675451087,60149.623410197026,68742.42675451087,60149.623410197026,34371.21337725544,17185.60668862772,17185.60668862772,34371.21337725544,42964.0167215693,25778.410032941585,25778.410032941585,17185.60668862772,17185.60668862772,17185.60668862772,17185.60668862772,17185.60668862772,25778.410032941585,0.0,17185.60668862772,8592.80334431386,8592.80334431386,25778.410032941585,8592.80334431386,8592.80334431386,8592.80334431386,8592.80334431386,8592.80334431386,17185.60668862772,42964.0167215693,8592.80334431386,34371.21337725544,8592.80334431386,34371.21337725544,34371.21337725544,42964.0167215693,17185.60668862772,0.0,42964.0167215693,25778.410032941585,34371.21337725544,17185.60668862772,25778.410032941585,42964.0167215693,51556.82006588317,60149.623410197026,34371.21337725544,42964.0167215693,25778.410032941585,77335.23009882474,51556.82006588317,77335.23009882474,51556.82006588317,42964.0167215693,77335.23009882474,51556.82006588317,77335.23009882474,77335.23009882474,68742.42675451087,120299.24682039405,94520.83678745247,51556.82006588317,94520.83678745247,60149.623410197026,60149.623410197026,85928.0334431386,34371.21337725544,77335.23009882474,34371.21337725544,77335.23009882474,34371.21337725544,94520.83678745247,60149.623410197026,111706.44347608018,51556.82006588317,77335.23009882474,34371.21337725544,42964.0167215693,51556.82006588317,42964.0167215693,51556.82006588317,60149.623410197026,,,,,,,,,,,,,,,,,,,,,,,,,,,,,,,,,,,,,,,,,,,,,,,,,,,,,,,,,
,,,,,,,,,,,,,,,,,,,,,,,,,,,,,,,,,,,,,,,,,,,,42964.0167215693,34371.21337725544,68742.42675451087,51556.82006588317,34371.21337725544,51556.82006588317,42964.0167215693,51556.82006588317,42964.0167215693,60149.623410197026,42964.0167215693,60149.623410197026,60149.623410197026,51556.82006588317,68742.42675451087,34371.21337725544,17185.60668862772,77335.23009882474,77335.23009882474,42964.0167215693,17185.60668862772,42964.0167215693,51556.82006588317,42964.0167215693,111706.44347608018,60149.623410197026,77335.23009882474,60149.623410197026,42964.0167215693,42964.0167215693,17185.60668862772,60149.623410197026,51556.82006588317,77335.23009882474,34371.21337725544,51556.82006588317,34371.21337725544,42964.0167215693,94520.83678745247,68742.42675451087,34371.21337725544,34371.21337725544,34371.21337725544,34371.21337725544,51556.82006588317,34371.21337725544,60149.623410197026,68742.42675451087,68742.42675451087,34371.21337725544,42964.0167215693,34371.21337725544,60149.623410197026,42964.0167215693,77335.23009882474,42964.0167215693,34371.21337725544,85928.0334431386,34371.21337725544,25778.410032941585,25778.410032941585,42964.0167215693,34371.21337725544,25778.410032941585,42964.0167215693,51556.82006588317,60149.623410197026,68742.42675451087,42964.0167215693,85928.0334431386,68742.42675451087,42964.0167215693,51556.82006588317,103113.64013176634,111706.44347608018,25778.410032941585,34371.21337725544,34371.21337725544,42964.0167215693,34371.21337725544,0.0,8592.80334431386,34371.21337725544,25778.410032941585,0.0,8592.80334431386,8592.80334431386,25778.410032941585,17185.60668862772,25778.410032941585,17185.60668862772,0.0,17185.60668862772,17185.60668862772,0.0,25778.410032941585,8592.80334431386,8592.80334431386,0.0,8592.80334431386,17185.60668862772,0.0,8592.80334431386,17185.60668862772,25778.410032941585,0.0,25778.410032941585,34371.21337725544,0.0,34371.21337725544,60149.623410197026,34371.21337725544,34371.21337725544,25778.410032941585,51556.82006588317,25778.410032941585,42964.0167215693,34371.21337725544,25778.410032941585,25778.410032941585,42964.0167215693,51556.82006588317,42964.0167215693,42964.0167215693,42964.0167215693,42964.0167215693,60149.623410197026,51556.82006588317,85928.0334431386,51556.82006588317,60149.623410197026,60149.623410197026,68742.42675451087,77335.23009882474,111706.44347608018,85928.0334431386,42964.0167215693,60149.623410197026,42964.0167215693,51556.82006588317,68742.42675451087,51556.82006588317,42964.0167215693,85928.0334431386,17185.60668862772,25778.410032941585,51556.82006588317,42964.0167215693,85928.0334431386,77335.23009882474,68742.42675451087,42964.0167215693,60149.623410197026,42964.0167215693,42964.0167215693,,,,,,,,,,,,,,,,,,,,,,,,,,,,,,,,,,,,,,,,,,,,,,,,,,,,,,,,,
,,,,,,,,,,,,,,,,,,,,,,,,,,,,,,,,,,,,,,,,,,,,34371.21337725544,25778.410032941585,25778.410032941585,25778.410032941585,34371.21337725544,25778.410032941585,8592.80334431386,42964.0167215693,120299.24682039405,34371.21337725544,51556.82006588317,103113.64013176634,85928.0334431386,51556.82006588317,60149.623410197026,42964.0167215693,111706.44347608018,25778.410032941585,42964.0167215693,51556.82006588317,77335.23009882474,51556.82006588317,60149.623410197026,34371.21337725544,42964.0167215693,42964.0167215693,42964.0167215693,85928.0334431386,94520.83678745247,42964.0167215693,51556.82006588317,120299.24682039405,68742.42675451087,94520.83678745247,34371.21337725544,42964.0167215693,68742.42675451087,51556.82006588317,68742.42675451087,34371.21337725544,51556.82006588317,60149.623410197026,77335.23009882474,34371.21337725544,34371.21337725544,25778.410032941585,17185.60668862772,77335.23009882474,77335.23009882474,68742.42675451087,25778.410032941585,34371.21337725544,25778.410032941585,60149.623410197026,85928.0334431386,85928.0334431386,34371.21337725544,42964.0167215693,34371.21337725544,42964.0167215693,25778.410032941585,25778.410032941585,0.0,34371.21337725544,51556.82006588317,25778.410032941585,51556.82006588317,60149.623410197026,8592.80334431386,25778.410032941585,68742.42675451087,8592.80334431386,34371.21337725544,42964.0167215693,34371.21337725544,34371.21337725544,60149.623410197026,25778.410032941585,25778.410032941585,17185.60668862772,17185.60668862772,8592.80334431386,34371.21337725544,8592.80334431386,0.0,0.0,0.0,42964.0167215693,0.0,0.0,0.0,0.0,17185.60668862772,0.0,0.0,17185.60668862772,8592.80334431386,8592.80334431386,0.0,17185.60668862772,0.0,0.0,0.0,8592.80334431386,0.0,17185.60668862772,8592.80334431386,25778.410032941585,0.0,51556.82006588317,25778.410032941585,8592.80334431386,42964.0167215693,8592.80334431386,25778.410032941585,42964.0167215693,68742.42675451087,77335.23009882474,25778.410032941585,34371.21337725544,60149.623410197026,60149.623410197026,60149.623410197026,42964.0167215693,51556.82006588317,85928.0334431386,68742.42675451087,103113.64013176634,103113.64013176634,103113.64013176634,85928.0334431386,85928.0334431386,68742.42675451087,68742.42675451087,42964.0167215693,60149.623410197026,94520.83678745247,94520.83678745247,42964.0167215693,68742.42675451087,77335.23009882474,17185.60668862772,85928.0334431386,42964.0167215693,77335.23009882474,120299.24682039405,77335.23009882474,51556.82006588317,77335.23009882474,77335.23009882474,60149.623410197026,51556.82006588317,60149.623410197026,51556.82006588317,,,,,,,,,,,,,,,,,,,,,,,,,,,,,,,,,,,,,,,,,,,,,,,,,,,,,,,,,,
,,,,,,,,,,,,,,,,,,,,,,,,,,,,,,,,,,,,,,,,,,,,85928.0334431386,77335.23009882474,42964.0167215693,51556.82006588317,34371.21337725544,25778.410032941585,34371.21337725544,85928.0334431386,85928.0334431386,68742.42675451087,77335.23009882474,60149.623410197026,25778.410032941585,42964.0167215693,25778.410032941585,77335.23009882474,34371.21337725544,77335.23009882474,60149.623410197026,85928.0334431386,94520.83678745247,60149.623410197026,77335.23009882474,103113.64013176634,77335.23009882474,51556.82006588317,60149.623410197026,85928.0334431386,60149.623410197026,60149.623410197026,34371.21337725544,34371.21337725544,77335.23009882474,68742.42675451087,60149.623410197026,60149.623410197026,60149.623410197026,94520.83678745247,68742.42675451087,111706.44347608018,77335.23009882474,17185.60668862772,68742.42675451087,94520.83678745247,25778.410032941585,34371.21337725544,42964.0167215693,51556.82006588317,51556.82006588317,51556.82006588317,85928.0334431386,51556.82006588317,68742.42675451087,8592.80334431386,51556.82006588317,34371.21337725544,94520.83678745247,51556.82006588317,34371.21337725544,51556.82006588317,34371.21337725544,51556.82006588317,25778.410032941585,8592.80334431386,25778.410032941585,60149.623410197026,77335.23009882474,51556.82006588317,34371.21337725544,60149.623410197026,25778.410032941585,8592.80334431386,25778.410032941585,8592.80334431386,42964.0167215693,25778.410032941585,8592.80334431386,25778.410032941585,25778.410032941585,25778.410032941585,0.0,0.0,8592.80334431386,8592.80334431386,8592.80334431386,0.0,34371.21337725544,8592.80334431386,8592.80334431386,0.0,0.0,8592.80334431386,8592.80334431386,17185.60668862772,0.0,17185.60668862772,8592.80334431386,8592.80334431386,17185.60668862772,0.0,0.0,17185.60668862772,17185.60668862772,8592.80334431386,8592.80334431386,8592.80334431386,42964.0167215693,8592.80334431386,0.0,34371.21337725544,42964.0167215693,34371.21337725544,42964.0167215693,17185.60668862772,0.0,25778.410032941585,34371.21337725544,17185.60668862772,94520.83678745247,77335.23009882474,51556.82006588317,85928.0334431386,17185.60668862772,77335.23009882474,77335.23009882474,85928.0334431386,25778.410032941585,60149.623410197026,51556.82006588317,51556.82006588317,51556.82006588317,0.0,77335.23009882474,51556.82006588317,42964.0167215693,94520.83678745247,85928.0334431386,42964.0167215693,51556.82006588317,42964.0167215693,103113.64013176634,85928.0334431386,103113.64013176634,94520.83678745247,42964.0167215693,94520.83678745247,34371.21337725544,68742.42675451087,85928.0334431386,85928.0334431386,85928.0334431386,17185.60668862772,85928.0334431386,34371.21337725544,,,,,,,,,,,,,,,,,,,,,,,,,,,,,,,,,,,,,,,,,,,,,,,,,,,,,,,,,,
,,,,,,,,,,,,,,,,,,,,,,,,,,,,,,,,,,,,,,,,,,,,68742.42675451087,34371.21337725544,94520.83678745247,34371.21337725544,60149.623410197026,77335.23009882474,42964.0167215693,77335.23009882474,60149.623410197026,68742.42675451087,51556.82006588317,137484.85350902175,42964.0167215693,42964.0167215693,103113.64013176634,42964.0167215693,120299.24682039405,25778.410032941585,60149.623410197026,51556.82006588317,42964.0167215693,60149.623410197026,34371.21337725544,34371.21337725544,51556.82006588317,25778.410032941585,42964.0167215693,85928.0334431386,42964.0167215693,60149.623410197026,68742.42675451087,34371.21337725544,51556.82006588317,42964.0167215693,34371.21337725544,34371.21337725544,60149.623410197026,34371.21337725544,85928.0334431386,34371.21337725544,103113.64013176634,77335.23009882474,85928.0334431386,68742.42675451087,34371.21337725544,42964.0167215693,68742.42675451087,34371.21337725544,42964.0167215693,103113.64013176634,51556.82006588317,51556.82006588317,128892.05016470792,60149.623410197026,77335.23009882474,94520.83678745247,51556.82006588317,25778.410032941585,60149.623410197026,34371.21337725544,17185.60668862772,34371.21337725544,34371.21337725544,25778.410032941585,8592.80334431386,25778.410032941585,60149.623410197026,77335.23009882474,17185.60668862772,25778.410032941585,17185.60668862772,25778.410032941585,17185.60668862772,0.0,25778.410032941585,34371.21337725544,17185.60668862772,25778.410032941585,8592.80334431386,17185.60668862772,0.0,8592.80334431386,8592.80334431386,17185.60668862772,8592.80334431386,8592.80334431386,8592.80334431386,8592.80334431386,34371.21337725544,0.0,0.0,8592.80334431386,25778.410032941585,0.0,0.0,8592.80334431386,0.0,8592.80334431386,17185.60668862772,8592.80334431386,0.0,25778.410032941585,0.0,0.0,8592.80334431386,8592.80334431386,8592.80334431386,25778.410032941585,25778.410032941585,34371.21337725544,8592.80334431386,25778.410032941585,85928.0334431386,17185.60668862772,51556.82006588317,25778.410032941585,25778.410032941585,25778.410032941585,77335.23009882474,103113.64013176634,68742.42675451087,111706.44347608018,51556.82006588317,77335.23009882474,68742.42675451087,34371.21337725544,42964.0167215693,77335.23009882474,85928.0334431386,60149.623410197026,51556.82006588317,42964.0167215693,42964.0167215693,77335.23009882474,34371.21337725544,103113.64013176634,51556.82006588317,25778.410032941585,34371.21337725544,42964.0167215693,60149.623410197026,34371.21337725544,42964.0167215693,51556.82006588317,60149.623410197026,94520.83678745247,111706.44347608018,68742.42675451087,51556.82006588317,77335.23009882474,25778.410032941585,51556.82006588317,34371.21337725544,,,,,,,,,,,,,,,,,,,,,,,,,,,,,,,,,,,,,,,,,,,,,,,,,,,,,,,,,,,
,,,,,,,,,,,,,,,,,,,,,,,,,,,,,,,,,,,,,,,,,,,,,42964.0167215693,34371.21337725544,51556.82006588317,34371.21337725544,51556.82006588317,60149.623410197026,42964.0167215693,42964.0167215693,94520.83678745247,77335.23009882474,51556.82006588317,77335.23009882474,42964.0167215693,42964.0167215693,60149.623410197026,25778.410032941585,68742.42675451087,51556.82006588317,77335.23009882474,60149.623410197026,51556.82006588317,42964.0167215693,51556.82006588317,60149.623410197026,77335.23009882474,94520.83678745247,25778.410032941585,77335.23009882474,51556.82006588317,94520.83678745247,85928.0334431386,128892.05016470792,85928.0334431386,25778.410032941585,51556.82006588317,42964.0167215693,42964.0167215693,51556.82006588317,94520.83678745247,68742.42675451087,60149.623410197026,42964.0167215693,103113.64013176634,60149.623410197026,42964.0167215693,42964.0167215693,51556.82006588317,25778.410032941585,17185.60668862772,77335.23009882474,51556.82006588317,60149.623410197026,68742.42675451087,51556.82006588317,60149.623410197026,60149.623410197026,34371.21337725544,34371.21337725544,17185.60668862772,34371.21337725544,17185.60668862772,42964.0167215693,25778.410032941585,8592.80334431386,17185.60668862772,17185.60668862772,60149.623410197026,17185.60668862772,0.0,25778.410032941585,25778.410032941585,8592.80334431386,17185.60668862772,17185.60668862772,17185.60668862772,8592.80334431386,8592.80334431386,0.0,0.0,8592.80334431386,17185.60668862772,17185.60668862772,25778.410032941585,25778.410032941585,0.0,0.0,0.0,8592.80334431386,8592.80334431386,8592.80334431386,17185.60668862772,0.0,0.0,8592.80334431386,17185.60668862772,8592.80334431386,17185.60668862772,8592.80334431386,8592.80334431386,0.0,0.0,8592.80334431386,17185.60668862772,17185.60668862772,17185.60668862772,8592.80334431386,25778.410032941585,42964.0167215693,51556.82006588317,42964.0167215693,51556.82006588317,17185.60668862772,25778.410032941585,34371.21337725544,42964.0167215693,42964.0167215693,17185.60668862772,42964.0167215693,85928.0334431386,68742.42675451087,85928.0334431386,42964.0167215693,85928.0334431386,42964.0167215693,25778.410032941585,42964.0167215693,42964.0167215693,25778.410032941585,60149.623410197026,68742.42675451087,8592.80334431386,111706.44347608018,68742.42675451087,34371.21337725544,77335.23009882474,17185.60668862772,25778.410032941585,94520.83678745247,60149.623410197026,111706.44347608018,17185.60668862772,77335.23009882474,103113.64013176634,51556.82006588317,34371.21337725544,51556.82006588317,34371.21337725544,17185.60668862772,60149.623410197026,51556.82006588317,,,,,,,,,,,,,,,,,,,,,,,,,,,,,,,,,,,,,,,,,,,,,,,,,,,,,,,,,,,,,
,,,,,,,,,,,,,,,,,,,,,,,,,,,,,,,,,,,,,,,,,,,,,,34371.21337725544,60149.623410197026,60149.623410197026,42964.0167215693,25778.410032941585,60149.623410197026,60149.623410197026,42964.0167215693,34371.21337725544,51556.82006588317,42964.0167215693,94520.83678745247,51556.82006588317,51556.82006588317,68742.42675451087,60149.623410197026,60149.623410197026,77335.23009882474,51556.82006588317,42964.0167215693,103113.64013176634,42964.0167215693,77335.23009882474,34371.21337725544,111706.44347608018,120299.24682039405,60149.623410197026,51556.82006588317,60149.623410197026,51556.82006588317,34371.21337725544,8592.80334431386,42964.0167215693,60149.623410197026,42964.0167215693,34371.21337725544,111706.44347608018,60149.623410197026,68742.42675451087,85928.0334431386,17185.60668862772,85928.0334431386,68742.42675451087,85928.0334431386,42964.0167215693,8592.80334431386,34371.21337725544,60149.623410197026,85928.0334431386,34371.21337725544,25778.410032941585,51556.82006588317,60149.623410197026,77335.23009882474,103113.64013176634,34371.21337725544,17185.60668862772,17185.60668862772,51556.82006588317,51556.82006588317,0.0,34371.21337725544,25778.410032941585,8592.80334431386,8592.80334431386,94520.83678745247,25778.410032941585,25778.410032941585,34371.21337725544,17185.60668862772,17185.60668862772,17185.60668862772,0.0,17185.60668862772,8592.80334431386,8592.80334431386,0.0,8592.80334431386,8592.80334431386,8592.80334431386,17185.60668862772,17185.60668862772,0.0,25778.410032941585,0.0,25778.410032941585,0.0,0.0,8592.80334431386,0.0,17185.60668862772,0.0,0.0,17185.60668862772,8592.80334431386,42964.0167215693,17185.60668862772,8592.80334431386,0.0,8592.80334431386,0.0,0.0,17185.60668862772,0.0,0.0,17185.60668862772,8592.80334431386,34371.21337725544,25778.410032941585,17185.60668862772,25778.410032941585,60149.623410197026,34371.21337725544,42964.0167215693,77335.23009882474,34371.21337725544,42964.0167215693,42964.0167215693,68742.42675451087,60149.623410197026,17185.60668862772,68742.42675451087,77335.23009882474,34371.21337725544,103113.64013176634,25778.410032941585,42964.0167215693,94520.83678745247,68742.42675451087,77335.23009882474,51556.82006588317,60149.623410197026,51556.82006588317,77335.23009882474,51556.82006588317,68742.42675451087,68742.42675451087,60149.623410197026,51556.82006588317,51556.82006588317,42964.0167215693,68742.42675451087,60149.623410197026,25778.410032941585,94520.83678745247,34371.21337725544,42964.0167215693,60149.623410197026,17185.60668862772,,,,,,,,,,,,,,,,,,,,,,,,,,,,,,,,,,,,,,,,,,,,,,,,,,,,,,,,,,,,,
,,,,,,,,,,,,,,,,,,,,,,,,,,,,,,,,,,,,,,,,,,,,,,,60149.623410197026,42964.0167215693,68742.42675451087,17185.60668862772,51556.82006588317,17185.60668862772,51556.82006588317,51556.82006588317,68742.42675451087,94520.83678745247,60149.623410197026,51556.82006588317,51556.82006588317,85928.0334431386,42964.0167215693,60149.623410197026,60149.623410197026,42964.0167215693,94520.83678745247,42964.0167215693,42964.0167215693,60149.623410197026,68742.42675451087,25778.410032941585,8592.80334431386,60149.623410197026,68742.42675451087,51556.82006588317,42964.0167215693,25778.410032941585,60149.623410197026,25778.410032941585,34371.21337725544,34371.21337725544,60149.623410197026,60149.623410197026,60149.623410197026,94520.83678745247,51556.82006588317,103113.64013176634,34371.21337725544,77335.23009882474,137484.85350902175,85928.0334431386,8592.80334431386,8592.80334431386,51556.82006588317,94520.83678745247,68742.42675451087,171856.0668862772,60149.623410197026,94520.83678745247,77335.23009882474,85928.0334431386,34371.21337725544,34371.21337725544,0.0,17185.60668862772,8592.80334431386,0.0,25778.410032941585,17185.60668862772,17185.60668862772,25778.410032941585,25778.410032941585,8592.80334431386,25778.410032941585,17185.60668862772,17185.60668862772,17185.60668862772,8592.80334431386,17185.60668862772,17185.60668862772,0.0,0.0,17185.60668862772,25778.410032941585,0.0,17185.60668862772,0.0,0.0,17185.60668862772,17185.60668862772,0.0,0.0,0.0,0.0,8592.80334431386,17185.60668862772,8592.80334431386,17185.60668862772,0.0,8592.80334431386,34371.21337725544,8592.80334431386,0.0,8592.80334431386,0.0,17185.60668862772,0.0,8592.80334431386,8592.80334431386,0.0,25778.410032941585,34371.21337725544,17185.60668862772,60149.623410197026,34371.21337725544,51556.82006588317,51556.82006588317,77335.23009882474,42964.0167215693,60149.623410197026,34371.21337725544,60149.623410197026,42964.0167215693,94520.83678745247,111706.44347608018,77335.23009882474,60149.623410197026,25778.410032941585,60149.623410197026,34371.21337725544,60149.623410197026,60149.623410197026,17185.60668862772,34371.21337725544,94520.83678745247,42964.0167215693,77335.23009882474,94520.83678745247,94520.83678745247,77335.23009882474,77335.23009882474,68742.42675451087,42964.0167215693,85928.0334431386,68742.42675451087,34371.21337725544,42964.0167215693,60149.623410197026,34371.21337725544,51556.82006588317,60149.623410197026,25778.410032941585,25778.410032941585,51556.82006588317,25778.410032941585,60149.623410197026,,,,,,,,,,,,,,,,,,,,,,,,,,,,,,,,,,,,,,,,,,,,,,,,,,,,,,,,,,,,
,,,,,,,,,,,,,,,,,,,,,,,,,,,,,,,,,,,,,,,,,,,,,,,51556.82006588317,25778.410032941585,60149.623410197026,51556.82006588317,77335.23009882474,,42964.0167215693,34371.21337725544,51556.82006588317,85928.0334431386,42964.0167215693,111706.44347608018,85928.0334431386,68742.42675451087,17185.60668862772,34371.21337725544,77335.23009882474,51556.82006588317,34371.21337725544,51556.82006588317,60149.623410197026,68742.42675451087,60149.623410197026,60149.623410197026,51556.82006588317,60149.623410197026,77335.23009882474,51556.82006588317,120299.24682039405,94520.83678745247,68742.42675451087,51556.82006588317,68742.42675451087,68742.42675451087,68742.42675451087,68742.42675451087,42964.0167215693,60149.623410197026,42964.0167215693,85928.0334431386,94520.83678745247,94520.83678745247,42964.0167215693,68742.42675451087,42964.0167215693,17185.60668862772,34371.21337725544,111706.44347608018,85928.0334431386,51556.82006588317,85928.0334431386,103113.64013176634,137484.85350902175,34371.21337725544,17185.60668862772,17185.60668862772,0.0,42964.0167215693,60149.623410197026,8592.80334431386,0.0,8592.80334431386,8592.80334431386,34371.21337725544,17185.60668862772,34371.21337725544,17185.60668862772,8592.80334431386,8592.80334431386,25778.410032941585,0.0,0.0,17185.60668862772,0.0,0.0,0.0,0.0,0.0,8592.80334431386,8592.80334431386,8592.80334431386,17185.60668862772,17185.60668862772,8592.80334431386,25778.410032941585,8592.80334431386,0.0,0.0,0.0,25778.410032941585,0.0,0.0,8592.80334431386,0.0,25778.410032941585,8592.80334431386,8592.80334431386,8592.80334431386,0.0,8592.80334431386,8592.80334431386,34371.21337725544,25778.410032941585,34371.21337725544,51556.82006588317,34371.21337725544,60149.623410197026,111706.44347608018,60149.623410197026,60149.623410197026,34371.21337725544,25778.410032941585,68742.42675451087,42964.0167215693,34371.21337725544,60149.623410197026,34371.21337725544,68742.42675451087,60149.623410197026,51556.82006588317,42964.0167215693,60149.623410197026,34371.21337725544,60149.623410197026,34371.21337725544,60149.623410197026,25778.410032941585,103113.64013176634,103113.64013176634,51556.82006588317,51556.82006588317,111706.44347608018,68742.42675451087,60149.623410197026,68742.42675451087,42964.0167215693,60149.623410197026,51556.82006588317,42964.0167215693,85928.0334431386,128892.05016470792,77335.23009882474,60149.623410197026,68742.42675451087,42964.0167215693,68742.42675451087,34371.21337725544,51556.82006588317,51556.82006588317,,,,,,,,,,,,,,,,,,,,,,,,,,,,,,,,,,,,,,,,,,,,,,,,,,,,,,,,,,,,
,,,,,,,,,,,,,,,,,,,,,,,,,,,,,,,,,,,,,,,,,,,,,,,,42964.0167215693,85928.0334431386,42964.0167215693,42964.0167215693,,,42964.0167215693,77335.23009882474,17185.60668862772,25778.410032941585,60149.623410197026,42964.0167215693,51556.82006588317,68742.42675451087,77335.23009882474,103113.64013176634,34371.21337725544,8592.80334431386,60149.623410197026,60149.623410197026,60149.623410197026,42964.0167215693,77335.23009882474,77335.23009882474,68742.42675451087,42964.0167215693,42964.0167215693,51556.82006588317,25778.410032941585,51556.82006588317,60149.623410197026,51556.82006588317,0.0,77335.23009882474,68742.42675451087,77335.23009882474,60149.623410197026,111706.44347608018,68742.42675451087,77335.23009882474,34371.21337725544,68742.42675451087,85928.0334431386,85928.0334431386,77335.23009882474,111706.44347608018,77335.23009882474,103113.64013176634,120299.24682039405,68742.42675451087,111706.44347608018,77335.23009882474,60149.623410197026,25778.410032941585,25778.410032941585,17185.60668862772,0.0,25778.410032941585,34371.21337725544,25778.410032941585,8592.80334431386,34371.21337725544,17185.60668862772,8592.80334431386,42964.0167215693,8592.80334431386,8592.80334431386,25778.410032941585,17185.60668862772,8592.80334431386,0.0,8592.80334431386,8592.80334431386,17185.60668862772,0.0,0.0,8592.80334431386,8592.80334431386,0.0,8592.80334431386,17185.60668862772,25778.410032941585,25778.410032941585,8592.80334431386,25778.410032941585,42964.0167215693,17185.60668862772,0.0,0.0,8592.80334431386,8592.80334431386,0.0,8592.80334431386,17185.60668862772,0.0,8592.80334431386,25778.410032941585,0.0,17185.60668862772,17185.60668862772,8592.80334431386,17185.60668862772,8592.80334431386,60149.623410197026,34371.21337725544,85928.0334431386,85928.0334431386,60149.623410197026,77335.23009882474,42964.0167215693,51556.82006588317,77335.23009882474,34371.21337725544,60149.623410197026,60149.623410197026,51556.82006588317,85928.0334431386,60149.623410197026,51556.82006588317,94520.83678745247,51556.82006588317,60149.623410197026,34371.21337725544,42964.0167215693,77335.23009882474,34371.21337725544,42964.0167215693,68742.42675451087,103113.64013176634,60149.623410197026,77335.23009882474,42964.0167215693,34371.21337725544,77335.23009882474,25778.410032941585,25778.410032941585,60149.623410197026,103113.64013176634,42964.0167215693,60149.623410197026,77335.23009882474,51556.82006588317,42964.0167215693,42964.0167215693,51556.82006588317,68742.42675451087,60149.623410197026,120299.24682039405,,,,,,,,,,,,,,,,,,,,,,,,,,,,,,,,,,,,,,,,,,,,,,,,,,,,,,,,,,,,
,,,,,,,,,,,,,,,,,,,,,,,,,,,,,,,,,,,,,,,,,,,,,,,,,,,,,,25778.410032941585,77335.23009882474,51556.82006588317,51556.82006588317,17185.60668862772,85928.0334431386,34371.21337725544,51556.82006588317,42964.0167215693,68742.42675451087,42964.0167215693,68742.42675451087,34371.21337725544,60149.623410197026,25778.410032941585,51556.82006588317,8592.80334431386,60149.623410197026,51556.82006588317,42964.0167215693,42964.0167215693,34371.21337725544,42964.0167215693,68742.42675451087,68742.42675451087,51556.82006588317,77335.23009882474,85928.0334431386,77335.23009882474,85928.0334431386,103113.64013176634,103113.64013176634,120299.24682039405,68742.42675451087,85928.0334431386,94520.83678745247,103113.64013176634,120299.24682039405,111706.44347608018,85928.0334431386,77335.23009882474,94520.83678745247,51556.82006588317,34371.21337725544,17185.60668862772,60149.623410197026,25778.410032941585,34371.21337725544,17185.60668862772,34371.21337725544,34371.21337725544,17185.60668862772,25778.410032941585,17185.60668862772,0.0,25778.410032941585,17185.60668862772,17185.60668862772,17185.60668862772,25778.410032941585,17185.60668862772,8592.80334431386,0.0,8592.80334431386,8592.80334431386,17185.60668862772,0.0,0.0,8592.80334431386,8592.80334431386,0.0,0.0,8592.80334431386,17185.60668862772,0.0,0.0,17185.60668862772,0.0,34371.21337725544,0.0,8592.80334431386,0.0,0.0,0.0,8592.80334431386,0.0,8592.80334431386,17185.60668862772,25778.410032941585,8592.80334431386,0.0,8592.80334431386,8592.80334431386,0.0,17185.60668862772,25778.410032941585,8592.80334431386,34371.21337725544,68742.42675451087,120299.24682039405,77335.23009882474,94520.83678745247,25778.410032941585,25778.410032941585,77335.23009882474,51556.82006588317,68742.42675451087,60149.623410197026,77335.23009882474,0.0,77335.23009882474,60149.623410197026,51556.82006588317,17185.60668862772,77335.23009882474,128892.05016470792,60149.623410197026,51556.82006588317,77335.23009882474,42964.0167215693,77335.23009882474,51556.82006588317,60149.623410197026,51556.82006588317,42964.0167215693,85928.0334431386,51556.82006588317,51556.82006588317,60149.623410197026,68742.42675451087,77335.23009882474,77335.23009882474,77335.23009882474,77335.23009882474,60149.623410197026,68742.42675451087,103113.64013176634,77335.23009882474,68742.42675451087,25778.410032941585,60149.623410197026,25778.410032941585,,,,,,,,,,,,,,,,,,,,,,,,,,,,,,,,,,,,,,,,,,,,,,,,,,,,,,,,,,,,
,,,,,,,,,,,,,,,,,,,,,,,,,,,,,,,,,,,,,,,,,,,,,,,,,,,,,,25778.410032941585,42964.0167215693,42964.0167215693,51556.82006588317,60149.623410197026,42964.0167215693,8592.80334431386,120299.24682039405,34371.21337725544,77335.23009882474,42964.0167215693,60149.623410197026,85928.0334431386,60149.623410197026,42964.0167215693,51556.82006588317,34371.21337725544,60149.623410197026,42964.0167215693,68742.42675451087,77335.23009882474,94520.83678745247,42964.0167215693,85928.0334431386,60149.623410197026,68742.42675451087,34371.21337725544,34371.21337725544,34371.21337725544,77335.23009882474,60149.623410197026,94520.83678745247,85928.0334431386,34371.21337725544,94520.83678745247,154670.4601976495,34371.21337725544,94520.83678745247,77335.23009882474,77335.23009882474,111706.44347608018,85928.0334431386,42964.0167215693,34371.21337725544,8592.80334431386,8592.80334431386,34371.21337725544,17185.60668862772,34371.21337725544,25778.410032941585,25778.410032941585,0.0,25778.410032941585,8592.80334431386,17185.60668862772,8592.80334431386,17185.60668862772,8592.80334431386,17185.60668862772,60149.623410197026,0.0,8592.80334431386,0.0,0.0,0.0,8592.80334431386,25778.410032941585,0.0,8592.80334431386,0.0,0.0,8592.80334431386,17185.60668862772,17185.60668862772,0.0,17185.60668862772,8592.80334431386,0.0,0.0,0.0,8592.80334431386,17185.60668862772,8592.80334431386,0.0,8592.80334431386,8592.80334431386,25778.410032941585,25778.410032941585,17185.60668862772,0.0,0.0,8592.80334431386,17185.60668862772,8592.80334431386,8592.80334431386,17185.60668862772,0.0,34371.21337725544,60149.623410197026,85928.0334431386,146077.6568533356,85928.0334431386,60149.623410197026,60149.623410197026,34371.21337725544,68742.42675451087,8592.80334431386,68742.42675451087,42964.0167215693,25778.410032941585,34371.21337725544,25778.410032941585,8592.80334431386,25778.410032941585,42964.0167215693,60149.623410197026,60149.623410197026,17185.60668862772,42964.0167215693,68742.42675451087,34371.21337725544,68742.42675451087,85928.0334431386,42964.0167215693,42964.0167215693,51556.82006588317,77335.23009882474,51556.82006588317,51556.82006588317,51556.82006588317,85928.0334431386,42964.0167215693,60149.623410197026,77335.23009882474,34371.21337725544,103113.64013176634,60149.623410197026,60149.623410197026,68742.42675451087,25778.410032941585,,,,,,,,,,,,,,,,,,,,,,,,,,,,,,,,,,,,,,,,,,,,,,,,,,,,,,,,,,,,,,
,,,,,,,,,,,,,,,,,,,,,,,,,,,,,,,,,,,,,,,,,,,,,,,,,,,,42964.0167215693,34371.21337725544,51556.82006588317,60149.623410197026,42964.0167215693,51556.82006588317,25778.410032941585,60149.623410197026,77335.23009882474,68742.42675451087,85928.0334431386,51556.82006588317,8592.80334431386,42964.0167215693,34371.21337725544,51556.82006588317,51556.82006588317,17185.60668862772,51556.82006588317,17185.60668862772,51556.82006588317,60149.623410197026,85928.0334431386,85928.0334431386,60149.623410197026,60149.623410197026,68742.42675451087,60149.623410197026,25778.410032941585,34371.21337725544,94520.83678745247,94520.83678745247,120299.24682039405,94520.83678745247,68742.42675451087,17185.60668862772,111706.44347608018,77335.23009882474,94520.83678745247,60149.623410197026,25778.410032941585,68742.42675451087,51556.82006588317,25778.410032941585,17185.60668862772,77335.23009882474,25778.410032941585,17185.60668862772,34371.21337725544,25778.410032941585,51556.82006588317,25778.410032941585,8592.80334431386,25778.410032941585,0.0,8592.80334431386,17185.60668862772,17185.60668862772,25778.410032941585,8592.80334431386,34371.21337725544,8592.80334431386,0.0,17185.60668862772,8592.80334431386,25778.410032941585,0.0,17185.60668862772,0.0,8592.80334431386,0.0,17185.60668862772,8592.80334431386,8592.80334431386,17185.60668862772,0.0,0.0,8592.80334431386,17185.60668862772,0.0,0.0,0.0,8592.80334431386,17185.60668862772,17185.60668862772,8592.80334431386,0.0,8592.80334431386,17185.60668862772,0.0,42964.0167215693,17185.60668862772,0.0,8592.80334431386,8592.80334431386,8592.80334431386,0.0,17185.60668862772,42964.0167215693,42964.0167215693,60149.623410197026,120299.24682039405,111706.44347608018,103113.64013176634,60149.623410197026,60149.623410197026,51556.82006588317,51556.82006588317,77335.23009882474,34371.21337725544,111706.44347608018,60149.623410197026,60149.623410197026,60149.623410197026,68742.42675451087,68742.42675451087,68742.42675451087,60149.623410197026,17185.60668862772,34371.21337725544,60149.623410197026,34371.21337725544,68742.42675451087,42964.0167215693,77335.23009882474,60149.623410197026,42964.0167215693,60149.623410197026,42964.0167215693,25778.410032941585,77335.23009882474,77335.23009882474,60149.623410197026,68742.42675451087,60149.623410197026,77335.23009882474,77335.23009882474,17185.60668862772,85928.0334431386,68742.42675451087,42964.0167215693,,,,,,,,,,,,,,,,,,,,,,,,,,,,,,,,,,,,,,,,,,,,,,,,,,,,,,,,,,,,,,,
,,,,,,,,,,,,,,,,,,,,,,,,,,,,,,,,,,,,,,,,,,,,,,,,,,,42964.0167215693,60149.623410197026,42964.0167215693,8592.80334431386,42964.0167215693,51556.82006588317,60149.623410197026,68742.42675451087,51556.82006588317,85928.0334431386,25778.410032941585,77335.23009882474,68742.42675451087,85928.0334431386,51556.82006588317,51556.82006588317,60149.623410197026,77335.23009882474,85928.0334431386,42964.0167215693,60149.623410197026,103113.64013176634,60149.623410197026,60149.623410197026,34371.21337725544,77335.23009882474,85928.0334431386,42964.0167215693,42964.0167215693,42964.0167215693,77335.23009882474,68742.42675451087,68742.42675451087,103113.64013176634,68742.42675451087,42964.0167215693,77335.23009882474,128892.05016470792,77335.23009882474,85928.0334431386,42964.0167215693,68742.42675451087,42964.0167215693,51556.82006588317,25778.410032941585,8592.80334431386,17185.60668862772,17185.60668862772,17185.60668862772,17185.60668862772,0.0,34371.21337725544,8592.80334431386,51556.82006588317,34371.21337725544,17185.60668862772,0.0,0.0,17185.60668862772,34371.21337725544,17185.60668862772,8592.80334431386,25778.410032941585,0.0,17185.60668862772,0.0,42964.0167215693,8592.80334431386,25778.410032941585,0.0,0.0,0.0,0.0,0.0,0.0,0.0,0.0,0.0,0.0,0.0,8592.80334431386,8592.80334431386,0.0,8592.80334431386,0.0,0.0,8592.80334431386,0.0,8592.80334431386,0.0,8592.80334431386,8592.80334431386,17185.60668862772,17185.60668862772,8592.80334431386,0.0,8592.80334431386,8592.80334431386,17185.60668862772,17185.60668862772,25778.410032941585,94520.83678745247,103113.64013176634,120299.24682039405,60149.623410197026,51556.82006588317,77335.23009882474,68742.42675451087,68742.42675451087,68742.42675451087,85928.0334431386,68742.42675451087,60149.623410197026,103113.64013176634,77335.23009882474,51556.82006588317,77335.23009882474,60149.623410197026,60149.623410197026,68742.42675451087,51556.82006588317,34371.21337725544,103113.64013176634,85928.0334431386,94520.83678745247,77335.23009882474,60149.623410197026,42964.0167215693,42964.0167215693,77335.23009882474,42964.0167215693,34371.21337725544,51556.82006588317,68742.42675451087,77335.23009882474,51556.82006588317,60149.623410197026,25778.410032941585,25778.410032941585,34371.21337725544,60149.623410197026,25778.410032941585,,,,,,,,,,,,,,,,,,,,,,,,,,,,,,,,,,,,,,,,,,,,,,,,,,,,,,,,,,,,,,,
,,,,,,,,,,,,,,,,,,,,,,,,,,,,,,,,,,,,,,,,,,,,,,,,,,,,,,60149.623410197026,60149.623410197026,68742.42675451087,34371.21337725544,34371.21337725544,42964.0167215693,17185.60668862772,68742.42675451087,77335.23009882474,77335.23009882474,68742.42675451087,51556.82006588317,34371.21337725544,42964.0167215693,68742.42675451087,77335.23009882474,51556.82006588317,77335.23009882474,94520.83678745247,128892.05016470792,51556.82006588317,103113.64013176634,51556.82006588317,77335.23009882474,34371.21337725544,51556.82006588317,85928.0334431386,60149.623410197026,68742.42675451087,25778.410032941585,111706.44347608018,60149.623410197026,120299.24682039405,25778.410032941585,137484.85350902175,146077.6568533356,85928.0334431386,60149.623410197026,42964.0167215693,34371.21337725544,25778.410032941585,60149.623410197026,8592.80334431386,17185.60668862772,8592.80334431386,34371.21337725544,42964.0167215693,25778.410032941585,34371.21337725544,25778.410032941585,34371.21337725544,51556.82006588317,25778.410032941585,34371.21337725544,17185.60668862772,17185.60668862772,17185.60668862772,17185.60668862772,8592.80334431386,8592.80334431386,17185.60668862772,25778.410032941585,8592.80334431386,8592.80334431386,8592.80334431386,34371.21337725544,0.0,8592.80334431386,17185.60668862772,0.0,0.0,8592.80334431386,0.0,8592.80334431386,17185.60668862772,8592.80334431386,0.0,0.0,0.0,0.0,17185.60668862772,0.0,17185.60668862772,17185.60668862772,8592.80334431386,0.0,8592.80334431386,8592.80334431386,0.0,17185.60668862772,0.0,17185.60668862772,17185.60668862772,0.0,0.0,8592.80334431386,25778.410032941585,68742.42675451087,77335.23009882474,85928.0334431386,77335.23009882474,25778.410032941585,34371.21337725544,68742.42675451087,85928.0334431386,25778.410032941585,68742.42675451087,25778.410032941585,68742.42675451087,77335.23009882474,51556.82006588317,34371.21337725544,77335.23009882474,34371.21337725544,42964.0167215693,60149.623410197026,94520.83678745247,68742.42675451087,34371.21337725544,42964.0167215693,68742.42675451087,77335.23009882474,68742.42675451087,34371.21337725544,51556.82006588317,51556.82006588317,77335.23009882474,8592.80334431386,42964.0167215693,68742.42675451087,42964.0167215693,77335.23009882474,42964.0167215693,77335.23009882474,60149.623410197026,42964.0167215693,42964.0167215693,42964.0167215693,,,,,,,,,,,,,,,,,,,,,,,,,,,,,,,,,,,,,,,,,,,,,,,,,,,,,,,,,,,,,,,,
,,,,,,,,,,,,,,,,,,,,,,,,,,,,,,,,,,,,,,,,,,,,,,,,,,,,,,,42964.0167215693,60149.623410197026,68742.42675451087,42964.0167215693,77335.23009882474,25778.410032941585,60149.623410197026,42964.0167215693,25778.410032941585,34371.21337725544,60149.623410197026,85928.0334431386,25778.410032941585,77335.23009882474,94520.83678745247,103113.64013176634,68742.42675451087,42964.0167215693,42964.0167215693,94520.83678745247,68742.42675451087,51556.82006588317,51556.82006588317,85928.0334431386,68742.42675451087,94520.83678745247,77335.23009882474,85928.0334431386,68742.42675451087,128892.05016470792,146077.6568533356,94520.83678745247,68742.42675451087,94520.83678745247,77335.23009882474,111706.44347608018,85928.0334431386,34371.21337725544,34371.21337725544,34371.21337725544,17185.60668862772,34371.21337725544,17185.60668862772,60149.623410197026,51556.82006588317,34371.21337725544,34371.21337725544,17185.60668862772,51556.82006588317,68742.42675451087,111706.44347608018,85928.0334431386,103113.64013176634,42964.0167215693,8592.80334431386,8592.80334431386,25778.410032941585,0.0,0.0,8592.80334431386,17185.60668862772,25778.410032941585,17185.60668862772,8592.80334431386,8592.80334431386,17185.60668862772,0.0,0.0,0.0,8592.80334431386,0.0,0.0,0.0,8592.80334431386,8592.80334431386,0.0,8592.80334431386,0.0,8592.80334431386,0.0,17185.60668862772,17185.60668862772,0.0,0.0,0.0,8592.80334431386,8592.80334431386,0.0,0.0,0.0,17185.60668862772,8592.80334431386,0.0,0.0,8592.80334431386,25778.410032941585,25778.410032941585,68742.42675451087,85928.0334431386,51556.82006588317,25778.410032941585,77335.23009882474,25778.410032941585,42964.0167215693,68742.42675451087,60149.623410197026,68742.42675451087,77335.23009882474,34371.21337725544,68742.42675451087,68742.42675451087,85928.0334431386,17185.60668862772,51556.82006588317,42964.0167215693,42964.0167215693,77335.23009882474,42964.0167215693,60149.623410197026,51556.82006588317,51556.82006588317,68742.42675451087,60149.623410197026,34371.21337725544,77335.23009882474,42964.0167215693,77335.23009882474,34371.21337725544,77335.23009882474,51556.82006588317,25778.410032941585,77335.23009882474,25778.410032941585,60149.623410197026,94520.83678745247,60149.623410197026,42964.0167215693,,,,,,,,,,,,,,,,,,,,,,,,,,,,,,,,,,,,,,,,,,,,,,,,,,,,,,,,,,,,,,,,
,,,,,,,,,,,,,,,,,,,,,,,,,,,,,,,,,,,,,,,,,,,,,,,,,,,,,,,,51556.82006588317,42964.0167215693,34371.21337725544,34371.21337725544,17185.60668862772,25778.410032941585,42964.0167215693,60149.623410197026,68742.42675451087,60149.623410197026,60149.623410197026,94520.83678745247,111706.44347608018,77335.23009882474,51556.82006588317,42964.0167215693,42964.0167215693,68742.42675451087,111706.44347608018,103113.64013176634,94520.83678745247,77335.23009882474,42964.0167215693,60149.623410197026,120299.24682039405,51556.82006588317,77335.23009882474,77335.23009882474,77335.23009882474,120299.24682039405,60149.623410197026,77335.23009882474,68742.42675451087,103113.64013176634,51556.82006588317,42964.0167215693,51556.82006588317,42964.0167215693,51556.82006588317,17185.60668862772,42964.0167215693,34371.21337725544,25778.410032941585,42964.0167215693,60149.623410197026,42964.0167215693,51556.82006588317,51556.82006588317,94520.83678745247,137484.85350902175,94520.83678745247,103113.64013176634,51556.82006588317,25778.410032941585,8592.80334431386,0.0,8592.80334431386,8592.80334431386,8592.80334431386,25778.410032941585,25778.410032941585,17185.60668862772,8592.80334431386,0.0,17185.60668862772,0.0,8592.80334431386,8592.80334431386,0.0,0.0,8592.80334431386,34371.21337725544,8592.80334431386,0.0,0.0,8592.80334431386,0.0,0.0,17185.60668862772,8592.80334431386,0.0,17185.60668862772,0.0,8592.80334431386,8592.80334431386,0.0,0.0,8592.80334431386,0.0,0.0,8592.80334431386,8592.80334431386,0.0,25778.410032941585,77335.23009882474,34371.21337725544,42964.0167215693,51556.82006588317,34371.21337725544,0.0,51556.82006588317,17185.60668862772,51556.82006588317,17185.60668862772,85928.0334431386,60149.623410197026,42964.0167215693,60149.623410197026,68742.42675451087,60149.623410197026,34371.21337725544,94520.83678745247,85928.0334431386,25778.410032941585,60149.623410197026,85928.0334431386,85928.0334431386,42964.0167215693,42964.0167215693,25778.410032941585,60149.623410197026,77335.23009882474,111706.44347608018,51556.82006588317,51556.82006588317,34371.21337725544,77335.23009882474,120299.24682039405,68742.42675451087,68742.42675451087,68742.42675451087,25778.410032941585,25778.410032941585,77335.23009882474,42964.0167215693,51556.82006588317,,,,,,,,,,,,,,,,,,,,,,,,,,,,,,,,,,,,,,,,,,,,,,,,,,,,,,,,,,,,,,,,
,,,,,,,,,,,,,,,,,,,,,,,,,,,,,,,,,,,,,,,,,,,,,,,,,,,,94520.83678745247,,,,,,51556.82006588317,17185.60668862772,51556.82006588317,68742.42675451087,25778.410032941585,85928.0334431386,42964.0167215693,51556.82006588317,42964.0167215693,42964.0167215693,120299.24682039405,68742.42675451087,103113.64013176634,51556.82006588317,85928.0334431386,85928.0334431386,42964.0167215693,42964.0167215693,34371.21337725544,42964.0167215693,42964.0167215693,103113.64013176634,103113.64013176634,85928.0334431386,85928.0334431386,128892.05016470792,103113.64013176634,137484.85350902175,85928.0334431386,94520.83678745247,51556.82006588317,137484.85350902175,60149.623410197026,51556.82006588317,51556.82006588317,68742.42675451087,42964.0167215693,42964.0167215693,51556.82006588317,25778.410032941585,68742.42675451087,17185.60668862772,25778.410032941585,34371.21337725544,51556.82006588317,17185.60668862772,8592.80334431386,60149.623410197026,85928.0334431386,42964.0167215693,25778.410032941585,17185.60668862772,8592.80334431386,17185.60668862772,8592.80334431386,0.0,8592.80334431386,0.0,25778.410032941585,0.0,17185.60668862772,0.0,0.0,0.0,8592.80334431386,8592.80334431386,17185.60668862772,17185.60668862772,8592.80334431386,0.0,8592.80334431386,8592.80334431386,8592.80334431386,0.0,8592.80334431386,8592.80334431386,17185.60668862772,0.0,0.0,25778.410032941585,8592.80334431386,8592.80334431386,8592.80334431386,8592.80334431386,25778.410032941585,8592.80334431386,8592.80334431386,17185.60668862772,0.0,8592.80334431386,17185.60668862772,25778.410032941585,34371.21337725544,42964.0167215693,25778.410032941585,60149.623410197026,34371.21337725544,85928.0334431386,60149.623410197026,60149.623410197026,68742.42675451087,77335.23009882474,77335.23009882474,85928.0334431386,77335.23009882474,8592.80334431386,51556.82006588317,34371.21337725544,60149.623410197026,103113.64013176634,68742.42675451087,34371.21337725544,51556.82006588317,51556.82006588317,68742.42675451087,60149.623410197026,60149.623410197026,68742.42675451087,34371.21337725544,51556.82006588317,85928.0334431386,34371.21337725544,34371.21337725544,42964.0167215693,51556.82006588317,51556.82006588317,68742.42675451087,51556.82006588317,68742.42675451087,42964.0167215693,17185.60668862772,42964.0167215693,34371.21337725544,42964.0167215693,0.0,,,,,,,,,,,,,,,,,,,,,,,,,,,,,,,,,,,,,,,,,,,,,,,,,,,,,,,,,,,,,,,
,,,,,,,,,,,,,,,,,,,,,,,,,,,,,,,,,,,,,,,,,,,,,,,,,,,60149.623410197026,42964.0167215693,34371.21337725544,42964.0167215693,77335.23009882474,25778.410032941585,25778.410032941585,42964.0167215693,60149.623410197026,68742.42675451087,94520.83678745247,8592.80334431386,42964.0167215693,25778.410032941585,68742.42675451087,51556.82006588317,51556.82006588317,34371.21337725544,77335.23009882474,60149.623410197026,94520.83678745247,51556.82006588317,68742.42675451087,94520.83678745247,77335.23009882474,42964.0167215693,17185.60668862772,42964.0167215693,42964.0167215693,34371.21337725544,77335.23009882474,111706.44347608018,85928.0334431386,94520.83678745247,77335.23009882474,120299.24682039405,137484.85350902175,103113.64013176634,120299.24682039405,25778.410032941585,60149.623410197026,42964.0167215693,60149.623410197026,51556.82006588317,17185.60668862772,34371.21337725544,60149.623410197026,34371.21337725544,42964.0167215693,8592.80334431386,0.0,42964.0167215693,60149.623410197026,42964.0167215693,42964.0167215693,17185.60668862772,60149.623410197026,42964.0167215693,25778.410032941585,0.0,8592.80334431386,8592.80334431386,17185.60668862772,8592.80334431386,25778.410032941585,8592.80334431386,0.0,0.0,8592.80334431386,8592.80334431386,0.0,8592.80334431386,8592.80334431386,17185.60668862772,17185.60668862772,0.0,8592.80334431386,17185.60668862772,0.0,8592.80334431386,8592.80334431386,17185.60668862772,8592.80334431386,8592.80334431386,0.0,0.0,17185.60668862772,8592.80334431386,17185.60668862772,8592.80334431386,0.0,0.0,0.0,8592.80334431386,17185.60668862772,0.0,0.0,8592.80334431386,25778.410032941585,25778.410032941585,51556.82006588317,51556.82006588317,42964.0167215693,60149.623410197026,85928.0334431386,51556.82006588317,128892.05016470792,77335.23009882474,25778.410032941585,51556.82006588317,120299.24682039405,77335.23009882474,25778.410032941585,25778.410032941585,34371.21337725544,51556.82006588317,77335.23009882474,51556.82006588317,60149.623410197026,51556.82006588317,25778.410032941585,68742.42675451087,77335.23009882474,77335.23009882474,111706.44347608018,25778.410032941585,103113.64013176634,85928.0334431386,42964.0167215693,42964.0167215693,34371.21337725544,34371.21337725544,51556.82006588317,42964.0167215693,85928.0334431386,25778.410032941585,42964.0167215693,51556.82006588317,68742.42675451087,60149.623410197026,77335.23009882474,60149.623410197026,,,,,,,,,,,,,,,,,,,,,,,,,,,,,,,,,,,,,,,,,,,,,,,,,,,,,,,,,,,,,,,
,,,,,,,,,,,,,,,,,,,,,,,,,,,,,,,,,,,,,,,,,,,,,,,,,,,,51556.82006588317,60149.623410197026,51556.82006588317,25778.410032941585,42964.0167215693,60149.623410197026,25778.410032941585,42964.0167215693,25778.410032941585,51556.82006588317,60149.623410197026,85928.0334431386,42964.0167215693,60149.623410197026,51556.82006588317,60149.623410197026,42964.0167215693,94520.83678745247,68742.42675451087,25778.410032941585,85928.0334431386,68742.42675451087,34371.21337725544,60149.623410197026,34371.21337725544,120299.24682039405,77335.23009882474,94520.83678745247,120299.24682039405,60149.623410197026,85928.0334431386,60149.623410197026,103113.64013176634,111706.44347608018,85928.0334431386,103113.64013176634,146077.6568533356,77335.23009882474,51556.82006588317,42964.0167215693,25778.410032941585,68742.42675451087,68742.42675451087,42964.0167215693,42964.0167215693,17185.60668862772,51556.82006588317,42964.0167215693,34371.21337725544,17185.60668862772,17185.60668862772,0.0,17185.60668862772,8592.80334431386,8592.80334431386,34371.21337725544,0.0,8592.80334431386,25778.410032941585,25778.410032941585,0.0,17185.60668862772,0.0,8592.80334431386,0.0,0.0,17185.60668862772,0.0,0.0,17185.60668862772,0.0,0.0,8592.80334431386,0.0,0.0,0.0,8592.80334431386,8592.80334431386,0.0,0.0,8592.80334431386,8592.80334431386,8592.80334431386,0.0,0.0,17185.60668862772,8592.80334431386,0.0,0.0,8592.80334431386,8592.80334431386,17185.60668862772,25778.410032941585,0.0,0.0,8592.80334431386,0.0,25778.410032941585,77335.23009882474,17185.60668862772,42964.0167215693,25778.410032941585,60149.623410197026,60149.623410197026,85928.0334431386,51556.82006588317,60149.623410197026,77335.23009882474,34371.21337725544,17185.60668862772,51556.82006588317,60149.623410197026,77335.23009882474,42964.0167215693,60149.623410197026,17185.60668862772,42964.0167215693,51556.82006588317,77335.23009882474,42964.0167215693,34371.21337725544,25778.410032941585,51556.82006588317,85928.0334431386,51556.82006588317,34371.21337725544,60149.623410197026,42964.0167215693,94520.83678745247,34371.21337725544,51556.82006588317,17185.60668862772,68742.42675451087,42964.0167215693,60149.623410197026,60149.623410197026,77335.23009882474,103113.64013176634,68742.42675451087,8592.80334431386,60149.623410197026,,,,,,,,,,,,,,,,,,,,,,,,,,,,,,,,,,,,,,,,,,,,,,,,,,,,,,,,,,,,,,,
,,,,,,,,,,,,,,,,,,,,,,,,,,,,,,,,,,,,,,,,,,,,,,,,,,,,,34371.21337725544,51556.82006588317,34371.21337725544,60149.623410197026,85928.0334431386,60149.623410197026,85928.0334431386,42964.0167215693,51556.82006588317,42964.0167215693,60149.623410197026,94520.83678745247,68742.42675451087,42964.0167215693,68742.42675451087,68742.42675451087,77335.23009882474,60149.623410197026,128892.05016470792,60149.623410197026,60149.623410197026,68742.42675451087,60149.623410197026,42964.0167215693,34371.21337725544,51556.82006588317,60149.623410197026,68742.42675451087,60149.623410197026,8592.80334431386,120299.24682039405,128892.05016470792,85928.0334431386,51556.82006588317,60149.623410197026,85928.0334431386,77335.23009882474,42964.0167215693,0.0,42964.0167215693,60149.623410197026,34371.21337725544,51556.82006588317,94520.83678745247,85928.0334431386,42964.0167215693,25778.410032941585,34371.21337725544,34371.21337725544,34371.21337725544,0.0,25778.410032941585,8592.80334431386,8592.80334431386,8592.80334431386,25778.410032941585,8592.80334431386,0.0,17185.60668862772,0.0,0.0,42964.0167215693,8592.80334431386,0.0,0.0,0.0,0.0,0.0,8592.80334431386,8592.80334431386,8592.80334431386,8592.80334431386,0.0,0.0,0.0,0.0,0.0,0.0,8592.80334431386,8592.80334431386,8592.80334431386,0.0,8592.80334431386,25778.410032941585,8592.80334431386,0.0,0.0,0.0,0.0,8592.80334431386,25778.410032941585,0.0,8592.80334431386,17185.60668862772,0.0,0.0,34371.21337725544,77335.23009882474,77335.23009882474,68742.42675451087,51556.82006588317,51556.82006588317,25778.410032941585,42964.0167215693,25778.410032941585,51556.82006588317,68742.42675451087,68742.42675451087,60149.623410197026,60149.623410197026,25778.410032941585,17185.60668862772,85928.0334431386,51556.82006588317,34371.21337725544,60149.623410197026,34371.21337725544,25778.410032941585,51556.82006588317,60149.623410197026,8592.80334431386,51556.82006588317,68742.42675451087,94520.83678745247,51556.82006588317,51556.82006588317,42964.0167215693,34371.21337725544,94520.83678745247,60149.623410197026,68742.42675451087,103113.64013176634,94520.83678745247,42964.0167215693,60149.623410197026,51556.82006588317,34371.21337725544,60149.623410197026,51556.82006588317,,,,,,,,,,,,,,,,,,,,,,,,,,,,,,,,,,,,,,,,,,,,,,,,,,,,,,,,,,,,,,,,
,,,,,,,,,,,,,,,,,,,,,,,,,,,,,,,,,,,,,,,,,,,,,,,,,,,,,68742.42675451087,25778.410032941585,77335.23009882474,42964.0167215693,51556.82006588317,17185.60668862772,0.0,60149.623410197026,51556.82006588317,51556.82006588317,94520.83678745247,60149.623410197026,42964.0167215693,51556.82006588317,42964.0167215693,25778.410032941585,60149.623410197026,111706.44347608018,68742.42675451087,85928.0334431386,51556.82006588317,42964.0167215693,103113.64013176634,85928.0334431386,60149.623410197026,77335.23009882474,34371.21337725544,60149.623410197026,94520.83678745247,60149.623410197026,42964.0167215693,77335.23009882474,85928.0334431386,42964.0167215693,103113.64013176634,17185.60668862772,77335.23009882474,77335.23009882474,42964.0167215693,17185.60668862772,51556.82006588317,51556.82006588317,60149.623410197026,60149.623410197026,60149.623410197026,51556.82006588317,77335.23009882474,17185.60668862772,17185.60668862772,8592.80334431386,17185.60668862772,17185.60668862772,8592.80334431386,17185.60668862772,25778.410032941585,8592.80334431386,0.0,8592.80334431386,0.0,8592.80334431386,0.0,0.0,8592.80334431386,17185.60668862772,8592.80334431386,8592.80334431386,0.0,0.0,0.0,0.0,8592.80334431386,8592.80334431386,0.0,0.0,8592.80334431386,17185.60668862772,0.0,8592.80334431386,8592.80334431386,8592.80334431386,8592.80334431386,8592.80334431386,0.0,0.0,0.0,0.0,0.0,8592.80334431386,8592.80334431386,0.0,8592.80334431386,0.0,0.0,17185.60668862772,0.0,51556.82006588317,17185.60668862772,68742.42675451087,94520.83678745247,51556.82006588317,60149.623410197026,42964.0167215693,68742.42675451087,51556.82006588317,25778.410032941585,60149.623410197026,77335.23009882474,42964.0167215693,77335.23009882474,60149.623410197026,94520.83678745247,68742.42675451087,60149.623410197026,42964.0167215693,77335.23009882474,68742.42675451087,68742.42675451087,68742.42675451087,60149.623410197026,34371.21337725544,34371.21337725544,68742.42675451087,42964.0167215693,94520.83678745247,51556.82006588317,60149.623410197026,42964.0167215693,68742.42675451087,60149.623410197026,25778.410032941585,60149.623410197026,42964.0167215693,68742.42675451087,42964.0167215693,42964.0167215693,51556.82006588317,51556.82006588317,51556.82006588317,,,,,,,,,,,,,,,,,,,,,,,,,,,,,,,,,,,,,,,,,,,,,,,,,,,,,,,,,,,,,,,,,
,,,,,,,,,,,,,,,,,,,,,,,,,,,,,,,,,,,,,,,,,,,,,,,,,,,,,,51556.82006588317,42964.0167215693,77335.23009882474,25778.410032941585,60149.623410197026,42964.0167215693,25778.410032941585,51556.82006588317,34371.21337725544,17185.60668862772,60149.623410197026,17185.60668862772,68742.42675451087,77335.23009882474,34371.21337725544,94520.83678745247,60149.623410197026,77335.23009882474,77335.23009882474,17185.60668862772,34371.21337725544,25778.410032941585,111706.44347608018,68742.42675451087,85928.0334431386,103113.64013176634,60149.623410197026,85928.0334431386,60149.623410197026,111706.44347608018,85928.0334431386,77335.23009882474,25778.410032941585,34371.21337725544,60149.623410197026,103113.64013176634,25778.410032941585,34371.21337725544,34371.21337725544,68742.42675451087,42964.0167215693,42964.0167215693,42964.0167215693,25778.410032941585,25778.410032941585,77335.23009882474,42964.0167215693,34371.21337725544,34371.21337725544,25778.410032941585,8592.80334431386,17185.60668862772,17185.60668862772,8592.80334431386,8592.80334431386,8592.80334431386,0.0,0.0,8592.80334431386,8592.80334431386,0.0,8592.80334431386,17185.60668862772,17185.60668862772,8592.80334431386,8592.80334431386,8592.80334431386,17185.60668862772,0.0,34371.21337725544,8592.80334431386,17185.60668862772,8592.80334431386,8592.80334431386,8592.80334431386,0.0,0.0,0.0,8592.80334431386,0.0,0.0,0.0,8592.80334431386,8592.80334431386,0.0,8592.80334431386,0.0,0.0,0.0,8592.80334431386,25778.410032941585,8592.80334431386,8592.80334431386,0.0,17185.60668862772,8592.80334431386,94520.83678745247,85928.0334431386,60149.623410197026,68742.42675451087,42964.0167215693,34371.21337725544,42964.0167215693,60149.623410197026,103113.64013176634,111706.44347608018,60149.623410197026,68742.42675451087,68742.42675451087,94520.83678745247,51556.82006588317,60149.623410197026,42964.0167215693,77335.23009882474,51556.82006588317,60149.623410197026,120299.24682039405,60149.623410197026,85928.0334431386,60149.623410197026,94520.83678745247,60149.623410197026,51556.82006588317,51556.82006588317,85928.0334431386,68742.42675451087,60149.623410197026,34371.21337725544,51556.82006588317,42964.0167215693,60149.623410197026,34371.21337725544,34371.21337725544,42964.0167215693,42964.0167215693,,,,,,,,,,,,,,,,,,,,,,,,,,,,,,,,,,,,,,,,,,,,,,,,,,,,,,,,,,,,,,,,,,,
,,,,,,,,,,,,,,,,,,,,,,,,,,,,,,,,,,,,,,,,,,,,,,,,,,,,,,42964.0167215693,34371.21337725544,68742.42675451087,34371.21337725544,42964.0167215693,51556.82006588317,94520.83678745247,51556.82006588317,60149.623410197026,42964.0167215693,77335.23009882474,51556.82006588317,94520.83678745247,77335.23009882474,77335.23009882474,85928.0334431386,77335.23009882474,94520.83678745247,60149.623410197026,103113.64013176634,94520.83678745247,34371.21337725544,77335.23009882474,94520.83678745247,85928.0334431386,85928.0334431386,51556.82006588317,103113.64013176634,85928.0334431386,103113.64013176634,68742.42675451087,85928.0334431386,60149.623410197026,34371.21337725544,34371.21337725544,85928.0334431386,42964.0167215693,51556.82006588317,60149.623410197026,68742.42675451087,85928.0334431386,17185.60668862772,42964.0167215693,51556.82006588317,34371.21337725544,51556.82006588317,34371.21337725544,17185.60668862772,25778.410032941585,17185.60668862772,17185.60668862772,8592.80334431386,17185.60668862772,8592.80334431386,8592.80334431386,17185.60668862772,0.0,8592.80334431386,0.0,8592.80334431386,0.0,8592.80334431386,8592.80334431386,0.0,25778.410032941585,8592.80334431386,25778.410032941585,0.0,8592.80334431386,8592.80334431386,8592.80334431386,8592.80334431386,0.0,25778.410032941585,17185.60668862772,0.0,8592.80334431386,8592.80334431386,0.0,8592.80334431386,8592.80334431386,0.0,0.0,8592.80334431386,17185.60668862772,8592.80334431386,0.0,0.0,17185.60668862772,0.0,0.0,0.0,8592.80334431386,42964.0167215693,25778.410032941585,60149.623410197026,42964.0167215693,51556.82006588317,34371.21337725544,51556.82006588317,85928.0334431386,85928.0334431386,34371.21337725544,60149.623410197026,60149.623410197026,111706.44347608018,51556.82006588317,103113.64013176634,42964.0167215693,85928.0334431386,42964.0167215693,34371.21337725544,60149.623410197026,85928.0334431386,68742.42675451087,25778.410032941585,17185.60668862772,42964.0167215693,34371.21337725544,60149.623410197026,42964.0167215693,60149.623410197026,34371.21337725544,17185.60668862772,68742.42675451087,77335.23009882474,77335.23009882474,42964.0167215693,25778.410032941585,68742.42675451087,42964.0167215693,42964.0167215693,42964.0167215693,51556.82006588317,,,,,,,,,,,,,,,,,,,,,,,,,,,,,,,,,,,,,,,,,,,,,,,,,,,,,,,,,,,,,,,,,,,,
,,,,,,,,,,,,,,,,,,,,,,,,,,,,,,,,,,,,,,,,,,,,,,,,,,,,,,42964.0167215693,8592.80334431386,42964.0167215693,42964.0167215693,51556.82006588317,25778.410032941585,60149.623410197026,111706.44347608018,60149.623410197026,77335.23009882474,51556.82006588317,42964.0167215693,68742.42675451087,51556.82006588317,111706.44347608018,34371.21337725544,51556.82006588317,60149.623410197026,42964.0167215693,111706.44347608018,42964.0167215693,77335.23009882474,34371.21337725544,34371.21337725544,25778.410032941585,60149.623410197026,77335.23009882474,120299.24682039405,42964.0167215693,94520.83678745247,77335.23009882474,128892.05016470792,77335.23009882474,42964.0167215693,94520.83678745247,51556.82006588317,94520.83678745247,25778.410032941585,34371.21337725544,42964.0167215693,34371.21337725544,60149.623410197026,51556.82006588317,68742.42675451087,94520.83678745247,77335.23009882474,42964.0167215693,25778.410032941585,0.0,17185.60668862772,0.0,8592.80334431386,8592.80334431386,17185.60668862772,0.0,0.0,0.0,0.0,0.0,0.0,0.0,17185.60668862772,0.0,8592.80334431386,8592.80334431386,8592.80334431386,8592.80334431386,0.0,0.0,0.0,17185.60668862772,17185.60668862772,8592.80334431386,0.0,0.0,0.0,0.0,0.0,8592.80334431386,0.0,0.0,8592.80334431386,0.0,17185.60668862772,25778.410032941585,8592.80334431386,25778.410032941585,8592.80334431386,0.0,17185.60668862772,8592.80334431386,17185.60668862772,34371.21337725544,42964.0167215693,34371.21337725544,51556.82006588317,85928.0334431386,77335.23009882474,68742.42675451087,17185.60668862772,68742.42675451087,77335.23009882474,77335.23009882474,85928.0334431386,42964.0167215693,60149.623410197026,51556.82006588317,77335.23009882474,68742.42675451087,51556.82006588317,51556.82006588317,51556.82006588317,85928.0334431386,42964.0167215693,42964.0167215693,25778.410032941585,77335.23009882474,60149.623410197026,51556.82006588317,85928.0334431386,68742.42675451087,25778.410032941585,60149.623410197026,77335.23009882474,60149.623410197026,42964.0167215693,60149.623410197026,68742.42675451087,68742.42675451087,42964.0167215693,68742.42675451087,94520.83678745247,42964.0167215693,,,,,,,,,,,,,,,,,,,,,,,,,,,,,,,,,,,,,,,,,,,,,,,,,,,,,,,,,,,,,,,,,,,,,
,,,,,,,,,,,,,,,,,,,,,,,,,,,,,,,,,,,,,,,,,,,,,,,,,,,,,,,51556.82006588317,42964.0167215693,17185.60668862772,42964.0167215693,25778.410032941585,34371.21337725544,34371.21337725544,42964.0167215693,51556.82006588317,42964.0167215693,94520.83678745247,94520.83678745247,60149.623410197026,51556.82006588317,111706.44347608018,85928.0334431386,77335.23009882474,77335.23009882474,51556.82006588317,103113.64013176634,42964.0167215693,42964.0167215693,34371.21337725544,60149.623410197026,85928.0334431386,146077.6568533356,60149.623410197026,120299.24682039405,51556.82006588317,85928.0334431386,42964.0167215693,60149.623410197026,103113.64013176634,60149.623410197026,163263.26354196333,51556.82006588317,51556.82006588317,51556.82006588317,34371.21337725544,51556.82006588317,77335.23009882474,60149.623410197026,68742.42675451087,60149.623410197026,42964.0167215693,51556.82006588317,51556.82006588317,34371.21337725544,34371.21337725544,17185.60668862772,0.0,8592.80334431386,8592.80334431386,0.0,8592.80334431386,8592.80334431386,8592.80334431386,0.0,8592.80334431386,17185.60668862772,0.0,17185.60668862772,0.0,0.0,0.0,8592.80334431386,25778.410032941585,8592.80334431386,0.0,8592.80334431386,0.0,8592.80334431386,0.0,8592.80334431386,8592.80334431386,0.0,0.0,8592.80334431386,0.0,0.0,8592.80334431386,0.0,0.0,0.0,8592.80334431386,17185.60668862772,17185.60668862772,0.0,0.0,0.0,0.0,25778.410032941585,34371.21337725544,51556.82006588317,34371.21337725544,51556.82006588317,94520.83678745247,42964.0167215693,77335.23009882474,94520.83678745247,68742.42675451087,51556.82006588317,60149.623410197026,103113.64013176634,42964.0167215693,42964.0167215693,42964.0167215693,34371.21337725544,60149.623410197026,42964.0167215693,42964.0167215693,111706.44347608018,42964.0167215693,42964.0167215693,85928.0334431386,94520.83678745247,60149.623410197026,77335.23009882474,68742.42675451087,85928.0334431386,77335.23009882474,51556.82006588317,85928.0334431386,77335.23009882474,68742.42675451087,25778.410032941585,68742.42675451087,0.0,68742.42675451087,68742.42675451087,51556.82006588317,60149.623410197026,,,,,,,,,,,,,,,,,,,,,,,,,,,,,,,,,,,,,,,,,,,,,,,,,,,,,,,,,,,,,,,,,,,,,
,,,,,,,,,,,,,,,,,,,,,,,,,,,,,,,,,,,,,,,,,,,,,,,,,,,,,,,0.0,111706.44347608018,42964.0167215693,42964.0167215693,34371.21337725544,85928.0334431386,51556.82006588317,51556.82006588317,60149.623410197026,60149.623410197026,17185.60668862772,60149.623410197026,0.0,34371.21337725544,51556.82006588317,60149.623410197026,60149.623410197026,103113.64013176634,111706.44347608018,51556.82006588317,77335.23009882474,85928.0334431386,34371.21337725544,17185.60668862772,42964.0167215693,77335.23009882474,111706.44347608018,103113.64013176634,111706.44347608018,85928.0334431386,60149.623410197026,51556.82006588317,34371.21337725544,60149.623410197026,34371.21337725544,51556.82006588317,51556.82006588317,60149.623410197026,68742.42675451087,51556.82006588317,51556.82006588317,60149.623410197026,42964.0167215693,60149.623410197026,77335.23009882474,60149.623410197026,8592.80334431386,17185.60668862772,8592.80334431386,17185.60668862772,17185.60668862772,17185.60668862772,25778.410032941585,8592.80334431386,17185.60668862772,8592.80334431386,8592.80334431386,8592.80334431386,0.0,8592.80334431386,0.0,8592.80334431386,8592.80334431386,0.0,0.0,0.0,0.0,17185.60668862772,0.0,8592.80334431386,0.0,25778.410032941585,8592.80334431386,8592.80334431386,0.0,8592.80334431386,0.0,17185.60668862772,17185.60668862772,8592.80334431386,0.0,0.0,0.0,8592.80334431386,0.0,0.0,17185.60668862772,0.0,0.0,0.0,0.0,34371.21337725544,34371.21337725544,8592.80334431386,77335.23009882474,68742.42675451087,25778.410032941585,85928.0334431386,68742.42675451087,77335.23009882474,68742.42675451087,25778.410032941585,120299.24682039405,94520.83678745247,77335.23009882474,25778.410032941585,8592.80334431386,51556.82006588317,42964.0167215693,77335.23009882474,34371.21337725544,77335.23009882474,51556.82006588317,25778.410032941585,51556.82006588317,42964.0167215693,42964.0167215693,42964.0167215693,94520.83678745247,51556.82006588317,94520.83678745247,94520.83678745247,103113.64013176634,85928.0334431386,42964.0167215693,85928.0334431386,77335.23009882474,34371.21337725544,34371.21337725544,68742.42675451087,68742.42675451087,,,,,,,,,,,,,,,,,,,,,,,,,,,,,,,,,,,,,,,,,,,,,,,,,,,,,,,,,,,,,,,,,,,,,,
,,,,,,,,,,,,,,,,,,,,,,,,,,,,,,,,,,,,,,,,,,,,,,,,,,,,,42964.0167215693,25778.410032941585,42964.0167215693,51556.82006588317,68742.42675451087,60149.623410197026,25778.410032941585,34371.21337725544,51556.82006588317,8592.80334431386,60149.623410197026,68742.42675451087,17185.60668862772,85928.0334431386,60149.623410197026,68742.42675451087,85928.0334431386,85928.0334431386,68742.42675451087,77335.23009882474,51556.82006588317,60149.623410197026,85928.0334431386,17185.60668862772,51556.82006588317,34371.21337725544,68742.42675451087,85928.0334431386,77335.23009882474,51556.82006588317,51556.82006588317,77335.23009882474,51556.82006588317,68742.42675451087,68742.42675451087,60149.623410197026,103113.64013176634,68742.42675451087,42964.0167215693,17185.60668862772,51556.82006588317,68742.42675451087,60149.623410197026,34371.21337725544,68742.42675451087,34371.21337725544,25778.410032941585,17185.60668862772,25778.410032941585,17185.60668862772,25778.410032941585,17185.60668862772,8592.80334431386,0.0,0.0,0.0,0.0,8592.80334431386,25778.410032941585,0.0,0.0,0.0,25778.410032941585,0.0,0.0,0.0,0.0,0.0,0.0,0.0,8592.80334431386,0.0,8592.80334431386,0.0,17185.60668862772,17185.60668862772,0.0,0.0,0.0,0.0,8592.80334431386,0.0,0.0,0.0,17185.60668862772,0.0,0.0,0.0,0.0,8592.80334431386,0.0,25778.410032941585,17185.60668862772,8592.80334431386,17185.60668862772,51556.82006588317,68742.42675451087,51556.82006588317,77335.23009882474,77335.23009882474,42964.0167215693,34371.21337725544,68742.42675451087,85928.0334431386,42964.0167215693,60149.623410197026,34371.21337725544,77335.23009882474,42964.0167215693,8592.80334431386,111706.44347608018,60149.623410197026,34371.21337725544,51556.82006588317,60149.623410197026,51556.82006588317,42964.0167215693,25778.410032941585,51556.82006588317,42964.0167215693,42964.0167215693,51556.82006588317,25778.410032941585,77335.23009882474,137484.85350902175,60149.623410197026,42964.0167215693,85928.0334431386,85928.0334431386,51556.82006588317,51556.82006588317,34371.21337725544,42964.0167215693,,,,,,,,,,,,,,,,,,,,,,,,,,,,,,,,,,,,,,,,,,,,,,,,,,,,,,,,,,,,,,,,,,,,,,
,,,,,,,,,,,,,,,,,,,,,,,,,,,,,,,,,,,,,,,,,,,,,,,,,,,,,68742.42675451087,60149.623410197026,42964.0167215693,25778.410032941585,60149.623410197026,51556.82006588317,51556.82006588317,68742.42675451087,42964.0167215693,51556.82006588317,34371.21337725544,25778.410032941585,42964.0167215693,25778.410032941585,42964.0167215693,51556.82006588317,94520.83678745247,60149.623410197026,94520.83678745247,42964.0167215693,94520.83678745247,94520.83678745247,51556.82006588317,51556.82006588317,51556.82006588317,25778.410032941585,60149.623410197026,60149.623410197026,42964.0167215693,17185.60668862772,77335.23009882474,60149.623410197026,34371.21337725544,34371.21337725544,51556.82006588317,25778.410032941585,42964.0167215693,25778.410032941585,51556.82006588317,68742.42675451087,8592.80334431386,34371.21337725544,60149.623410197026,60149.623410197026,34371.21337725544,25778.410032941585,68742.42675451087,51556.82006588317,51556.82006588317,8592.80334431386,25778.410032941585,0.0,17185.60668862772,8592.80334431386,0.0,8592.80334431386,0.0,8592.80334431386,0.0,0.0,17185.60668862772,8592.80334431386,8592.80334431386,8592.80334431386,0.0,8592.80334431386,0.0,0.0,0.0,0.0,0.0,8592.80334431386,8592.80334431386,0.0,0.0,8592.80334431386,17185.60668862772,34371.21337725544,8592.80334431386,8592.80334431386,17185.60668862772,0.0,0.0,0.0,0.0,8592.80334431386,0.0,0.0,8592.80334431386,0.0,17185.60668862772,42964.0167215693,17185.60668862772,17185.60668862772,8592.80334431386,42964.0167215693,51556.82006588317,128892.05016470792,17185.60668862772,25778.410032941585,60149.623410197026,103113.64013176634,68742.42675451087,17185.60668862772,68742.42675451087,42964.0167215693,51556.82006588317,68742.42675451087,60149.623410197026,51556.82006588317,94520.83678745247,103113.64013176634,68742.42675451087,77335.23009882474,68742.42675451087,42964.0167215693,60149.623410197026,34371.21337725544,42964.0167215693,85928.0334431386,8592.80334431386,77335.23009882474,34371.21337725544,60149.623410197026,51556.82006588317,25778.410032941585,51556.82006588317,25778.410032941585,42964.0167215693,60149.623410197026,60149.623410197026,103113.64013176634,,,,,,,,,,,,,,,,,,,,,,,,,,,,,,,,,,,,,,,,,,,,,,,,,,,,,,,,,,,,,,,,,,,,,,,
,,,,,,,,,,,,,,,,,,,,,,,,,,,,,,,,,,,,,,,,,,,,,,,,,,,,,,,42964.0167215693,42964.0167215693,42964.0167215693,85928.0334431386,42964.0167215693,25778.410032941585,34371.21337725544,34371.21337725544,25778.410032941585,60149.623410197026,60149.623410197026,42964.0167215693,34371.21337725544,0.0,51556.82006588317,51556.82006588317,85928.0334431386,51556.82006588317,51556.82006588317,77335.23009882474,68742.42675451087,68742.42675451087,60149.623410197026,42964.0167215693,34371.21337725544,68742.42675451087,60149.623410197026,42964.0167215693,51556.82006588317,51556.82006588317,34371.21337725544,51556.82006588317,8592.80334431386,85928.0334431386,25778.410032941585,17185.60668862772,17185.60668862772,42964.0167215693,25778.410032941585,42964.0167215693,34371.21337725544,51556.82006588317,17185.60668862772,85928.0334431386,60149.623410197026,8592.80334431386,51556.82006588317,8592.80334431386,34371.21337725544,34371.21337725544,8592.80334431386,8592.80334431386,8592.80334431386,0.0,8592.80334431386,0.0,8592.80334431386,8592.80334431386,8592.80334431386,8592.80334431386,8592.80334431386,0.0,8592.80334431386,8592.80334431386,0.0,25778.410032941585,0.0,8592.80334431386,0.0,0.0,17185.60668862772,8592.80334431386,17185.60668862772,0.0,0.0,0.0,0.0,8592.80334431386,0.0,8592.80334431386,8592.80334431386,0.0,0.0,8592.80334431386,8592.80334431386,0.0,8592.80334431386,0.0,17185.60668862772,0.0,0.0,0.0,42964.0167215693,60149.623410197026,51556.82006588317,34371.21337725544,42964.0167215693,77335.23009882474,77335.23009882474,68742.42675451087,77335.23009882474,51556.82006588317,34371.21337725544,94520.83678745247,60149.623410197026,94520.83678745247,25778.410032941585,51556.82006588317,60149.623410197026,60149.623410197026,34371.21337725544,42964.0167215693,42964.0167215693,85928.0334431386,68742.42675451087,111706.44347608018,51556.82006588317,60149.623410197026,77335.23009882474,68742.42675451087,94520.83678745247,51556.82006588317,60149.623410197026,60149.623410197026,77335.23009882474,60149.623410197026,60149.623410197026,68742.42675451087,51556.82006588317,60149.623410197026,,,,,,,,,,,,,,,,,,,,,,,,,,,,,,,,,,,,,,,,,,,,,,,,,,,,,,,,,,,,,,,,,,,,,,,
,,,,,,,,,,,,,,,,,,,,,,,,,,,,,,,,,,,,,,,,,,,,,,,,,,,,,,,68742.42675451087,51556.82006588317,51556.82006588317,68742.42675451087,42964.0167215693,51556.82006588317,17185.60668862772,60149.623410197026,77335.23009882474,137484.85350902175,51556.82006588317,68742.42675451087,42964.0167215693,85928.0334431386,34371.21337725544,34371.21337725544,60149.623410197026,51556.82006588317,68742.42675451087,51556.82006588317,77335.23009882474,60149.623410197026,68742.42675451087,25778.410032941585,42964.0167215693,17185.60668862772,42964.0167215693,42964.0167215693,51556.82006588317,77335.23009882474,34371.21337725544,51556.82006588317,42964.0167215693,42964.0167215693,17185.60668862772,17185.60668862772,60149.623410197026,51556.82006588317,68742.42675451087,51556.82006588317,51556.82006588317,42964.0167215693,34371.21337725544,34371.21337725544,60149.623410197026,51556.82006588317,8592.80334431386,25778.410032941585,42964.0167215693,34371.21337725544,25778.410032941585,25778.410032941585,0.0,0.0,8592.80334431386,0.0,8592.80334431386,17185.60668862772,0.0,0.0,0.0,8592.80334431386,0.0,8592.80334431386,0.0,8592.80334431386,8592.80334431386,25778.410032941585,8592.80334431386,8592.80334431386,0.0,0.0,8592.80334431386,0.0,8592.80334431386,0.0,0.0,0.0,8592.80334431386,8592.80334431386,0.0,8592.80334431386,8592.80334431386,0.0,8592.80334431386,0.0,8592.80334431386,8592.80334431386,17185.60668862772,0.0,51556.82006588317,34371.21337725544,34371.21337725544,103113.64013176634,68742.42675451087,51556.82006588317,68742.42675451087,60149.623410197026,68742.42675451087,85928.0334431386,111706.44347608018,34371.21337725544,60149.623410197026,77335.23009882474,42964.0167215693,60149.623410197026,51556.82006588317,51556.82006588317,68742.42675451087,68742.42675451087,51556.82006588317,77335.23009882474,68742.42675451087,94520.83678745247,17185.60668862772,51556.82006588317,111706.44347608018,94520.83678745247,42964.0167215693,42964.0167215693,77335.23009882474,34371.21337725544,25778.410032941585,68742.42675451087,128892.05016470792,68742.42675451087,25778.410032941585,77335.23009882474,42964.0167215693,,,,,,,,,,,,,,,,,,,,,,,,,,,,,,,,,,,,,,,,,,,,,,,,,,,,,,,,,,,,,,,,,,,,,,,,
,,,,,,,,,,,,,,,,,,,,,,,,,,,,,,,,,,,,,,,,,,,,,,,,,,,,,,,,51556.82006588317,77335.23009882474,25778.410032941585,60149.623410197026,34371.21337725544,68742.42675451087,34371.21337725544,17185.60668862772,42964.0167215693,60149.623410197026,60149.623410197026,60149.623410197026,77335.23009882474,51556.82006588317,51556.82006588317,77335.23009882474,111706.44347608018,34371.21337725544,42964.0167215693,42964.0167215693,68742.42675451087,85928.0334431386,77335.23009882474,51556.82006588317,42964.0167215693,103113.64013176634,42964.0167215693,60149.623410197026,25778.410032941585,17185.60668862772,68742.42675451087,17185.60668862772,42964.0167215693,51556.82006588317,34371.21337725544,17185.60668862772,42964.0167215693,17185.60668862772,25778.410032941585,8592.80334431386,111706.44347608018,51556.82006588317,94520.83678745247,34371.21337725544,42964.0167215693,34371.21337725544,17185.60668862772,17185.60668862772,25778.410032941585,34371.21337725544,25778.410032941585,8592.80334431386,8592.80334431386,0.0,34371.21337725544,8592.80334431386,0.0,8592.80334431386,8592.80334431386,17185.60668862772,8592.80334431386,17185.60668862772,8592.80334431386,8592.80334431386,0.0,0.0,8592.80334431386,0.0,8592.80334431386,0.0,17185.60668862772,0.0,8592.80334431386,8592.80334431386,0.0,17185.60668862772,0.0,8592.80334431386,17185.60668862772,0.0,8592.80334431386,8592.80334431386,25778.410032941585,0.0,0.0,8592.80334431386,8592.80334431386,8592.80334431386,8592.80334431386,34371.21337725544,17185.60668862772,25778.410032941585,68742.42675451087,25778.410032941585,103113.64013176634,60149.623410197026,94520.83678745247,60149.623410197026,42964.0167215693,120299.24682039405,85928.0334431386,42964.0167215693,85928.0334431386,77335.23009882474,25778.410032941585,51556.82006588317,42964.0167215693,42964.0167215693,68742.42675451087,85928.0334431386,68742.42675451087,103113.64013176634,34371.21337725544,17185.60668862772,42964.0167215693,51556.82006588317,34371.21337725544,42964.0167215693,51556.82006588317,77335.23009882474,34371.21337725544,60149.623410197026,60149.623410197026,51556.82006588317,42964.0167215693,77335.23009882474,68742.42675451087,,,,,,,,,,,,,,,,,,,,,,,,,,,,,,,,,,,,,,,,,,,,,,,,,,,,,,,,,,,,,,,,,,,,,,,,,
,,,,,,,,,,,,,,,,,,,,,,,,,,,,,,,,,,,,,,,,,,,,,,,,,,,,,,,,17185.60668862772,94520.83678745247,51556.82006588317,42964.0167215693,51556.82006588317,34371.21337725544,17185.60668862772,42964.0167215693,51556.82006588317,51556.82006588317,42964.0167215693,42964.0167215693,51556.82006588317,51556.82006588317,42964.0167215693,60149.623410197026,51556.82006588317,51556.82006588317,60149.623410197026,25778.410032941585,68742.42675451087,51556.82006588317,68742.42675451087,85928.0334431386,25778.410032941585,42964.0167215693,25778.410032941585,34371.21337725544,51556.82006588317,77335.23009882474,17185.60668862772,60149.623410197026,34371.21337725544,25778.410032941585,34371.21337725544,51556.82006588317,51556.82006588317,60149.623410197026,34371.21337725544,42964.0167215693,42964.0167215693,25778.410032941585,17185.60668862772,42964.0167215693,34371.21337725544,42964.0167215693,17185.60668862772,8592.80334431386,25778.410032941585,8592.80334431386,0.0,8592.80334431386,8592.80334431386,0.0,0.0,0.0,0.0,0.0,0.0,0.0,0.0,0.0,0.0,8592.80334431386,0.0,8592.80334431386,8592.80334431386,0.0,8592.80334431386,8592.80334431386,0.0,25778.410032941585,0.0,8592.80334431386,0.0,8592.80334431386,0.0,0.0,0.0,0.0,0.0,8592.80334431386,0.0,8592.80334431386,17185.60668862772,8592.80334431386,8592.80334431386,8592.80334431386,25778.410032941585,0.0,51556.82006588317,51556.82006588317,60149.623410197026,77335.23009882474,51556.82006588317,85928.0334431386,103113.64013176634,17185.60668862772,42964.0167215693,94520.83678745247,51556.82006588317,68742.42675451087,103113.64013176634,128892.05016470792,34371.21337725544,68742.42675451087,85928.0334431386,60149.623410197026,77335.23009882474,51556.82006588317,51556.82006588317,51556.82006588317,68742.42675451087,42964.0167215693,42964.0167215693,77335.23009882474,77335.23009882474,60149.623410197026,17185.60668862772,51556.82006588317,42964.0167215693,60149.623410197026,77335.23009882474,42964.0167215693,77335.23009882474,85928.0334431386,34371.21337725544,,,,,,,,,,,,,,,,,,,,,,,,,,,,,,,,,,,,,,,,,,,,,,,,,,,,,,,,,,,,,,,,,,,,,,,,,
,,,,,,,,,,,,,,,,,,,,,,,,,,,,,,,,,,,,,,,,,,,,,,,,,,,,,,,,,,8592.80334431386,68742.42675451087,68742.42675451087,60149.623410197026,60149.623410197026,60149.623410197026,85928.0334431386,60149.623410197026,42964.0167215693,77335.23009882474,51556.82006588317,25778.410032941585,77335.23009882474,34371.21337725544,34371.21337725544,68742.42675451087,42964.0167215693,42964.0167215693,25778.410032941585,42964.0167215693,60149.623410197026,34371.21337725544,77335.23009882474,34371.21337725544,51556.82006588317,42964.0167215693,8592.80334431386,34371.21337725544,34371.21337725544,51556.82006588317,51556.82006588317,34371.21337725544,51556.82006588317,34371.21337725544,17185.60668862772,34371.21337725544,68742.42675451087,34371.21337725544,34371.21337725544,42964.0167215693,25778.410032941585,8592.80334431386,25778.410032941585,0.0,25778.410032941585,17185.60668862772,51556.82006588317,25778.410032941585,8592.80334431386,8592.80334431386,8592.80334431386,8592.80334431386,8592.80334431386,8592.80334431386,8592.80334431386,0.0,17185.60668862772,25778.410032941585,8592.80334431386,8592.80334431386,8592.80334431386,8592.80334431386,8592.80334431386,8592.80334431386,0.0,17185.60668862772,0.0,0.0,17185.60668862772,0.0,0.0,0.0,0.0,0.0,0.0,0.0,8592.80334431386,0.0,8592.80334431386,8592.80334431386,0.0,8592.80334431386,0.0,8592.80334431386,8592.80334431386,42964.0167215693,34371.21337725544,34371.21337725544,60149.623410197026,68742.42675451087,42964.0167215693,103113.64013176634,34371.21337725544,34371.21337725544,68742.42675451087,42964.0167215693,68742.42675451087,60149.623410197026,68742.42675451087,85928.0334431386,94520.83678745247,42964.0167215693,60149.623410197026,34371.21337725544,51556.82006588317,42964.0167215693,42964.0167215693,68742.42675451087,34371.21337725544,68742.42675451087,51556.82006588317,25778.410032941585,42964.0167215693,51556.82006588317,94520.83678745247,103113.64013176634,34371.21337725544,60149.623410197026,68742.42675451087,42964.0167215693,60149.623410197026,77335.23009882474,68742.42675451087,34371.21337725544,,,,,,,,,,,,,,,,,,,,,,,,,,,,,,,,,,,,,,,,,,,,,,,,,,,,,,,,,,,,,,,,,,,,,,,,,,
,,,,,,,,,,,,,,,,,,,,,,,,,,,,,,,,,,,,,,,,,,,,,,,,,,,,,,,,,,,42964.0167215693,42964.0167215693,8592.80334431386,51556.82006588317,34371.21337725544,25778.410032941585,68742.42675451087,34371.21337725544,8592.80334431386,51556.82006588317,34371.21337725544,51556.82006588317,85928.0334431386,85928.0334431386,42964.0167215693,94520.83678745247,68742.42675451087,25778.410032941585,25778.410032941585,60149.623410197026,17185.60668862772,85928.0334431386,85928.0334431386,77335.23009882474,8592.80334431386,68742.42675451087,51556.82006588317,68742.42675451087,60149.623410197026,85928.0334431386,77335.23009882474,34371.21337725544,42964.0167215693,34371.21337725544,94520.83678745247,17185.60668862772,51556.82006588317,42964.0167215693,17185.60668862772,8592.80334431386,34371.21337725544,60149.623410197026,42964.0167215693,51556.82006588317,25778.410032941585,42964.0167215693,25778.410032941585,34371.21337725544,25778.410032941585,0.0,0.0,8592.80334431386,0.0,0.0,0.0,0.0,8592.80334431386,17185.60668862772,8592.80334431386,0.0,0.0,17185.60668862772,0.0,8592.80334431386,0.0,0.0,25778.410032941585,0.0,17185.60668862772,25778.410032941585,8592.80334431386,0.0,8592.80334431386,17185.60668862772,0.0,0.0,17185.60668862772,0.0,0.0,0.0,0.0,0.0,25778.410032941585,25778.410032941585,0.0,34371.21337725544,42964.0167215693,68742.42675451087,25778.410032941585,51556.82006588317,51556.82006588317,42964.0167215693,94520.83678745247,25778.410032941585,25778.410032941585,68742.42675451087,103113.64013176634,51556.82006588317,42964.0167215693,25778.410032941585,42964.0167215693,77335.23009882474,25778.410032941585,42964.0167215693,94520.83678745247,77335.23009882474,34371.21337725544,34371.21337725544,51556.82006588317,51556.82006588317,68742.42675451087,68742.42675451087,25778.410032941585,34371.21337725544,77335.23009882474,85928.0334431386,51556.82006588317,42964.0167215693,60149.623410197026,42964.0167215693,25778.410032941585,25778.410032941585,,,,,,,,,,,,,,,,,,,,,,,,,,,,,,,,,,,,,,,,,,,,,,,,,,,,,,,,,,,,,,,,,,,,,,,,,,,
,,,,,,,,,,,,,,,,,,,,,,,,,,,,,,,,,,,,,,,,,,,,,,,,,,,,,,,,,,,,,34371.21337725544,94520.83678745247,25778.410032941585,42964.0167215693,42964.0167215693,51556.82006588317,60149.623410197026,42964.0167215693,42964.0167215693,42964.0167215693,60149.623410197026,42964.0167215693,77335.23009882474,17185.60668862772,51556.82006588317,25778.410032941585,51556.82006588317,60149.623410197026,60149.623410197026,68742.42675451087,85928.0334431386,94520.83678745247,85928.0334431386,77335.23009882474,111706.44347608018,120299.24682039405,77335.23009882474,60149.623410197026,68742.42675451087,94520.83678745247,85928.0334431386,34371.21337725544,25778.410032941585,60149.623410197026,17185.60668862772,34371.21337725544,42964.0167215693,34371.21337725544,25778.410032941585,42964.0167215693,34371.21337725544,8592.80334431386,42964.0167215693,42964.0167215693,42964.0167215693,25778.410032941585,25778.410032941585,17185.60668862772,0.0,8592.80334431386,25778.410032941585,0.0,0.0,0.0,34371.21337725544,17185.60668862772,0.0,0.0,8592.80334431386,0.0,8592.80334431386,0.0,0.0,8592.80334431386,0.0,8592.80334431386,8592.80334431386,0.0,0.0,8592.80334431386,8592.80334431386,0.0,0.0,0.0,0.0,0.0,8592.80334431386,0.0,8592.80334431386,25778.410032941585,34371.21337725544,17185.60668862772,8592.80334431386,51556.82006588317,17185.60668862772,60149.623410197026,34371.21337725544,85928.0334431386,77335.23009882474,77335.23009882474,68742.42675451087,77335.23009882474,60149.623410197026,68742.42675451087,60149.623410197026,42964.0167215693,51556.82006588317,42964.0167215693,42964.0167215693,68742.42675451087,42964.0167215693,85928.0334431386,60149.623410197026,34371.21337725544,51556.82006588317,17185.60668862772,51556.82006588317,42964.0167215693,60149.623410197026,68742.42675451087,51556.82006588317,68742.42675451087,85928.0334431386,60149.623410197026,34371.21337725544,85928.0334431386,85928.0334431386,60149.623410197026,34371.21337725544,51556.82006588317,,,,,,,,,,,,,,,,,,,,,,,,,,,,,,,,,,,,,,,,,,,,,,,,,,,,,,,,,,,,,,,,,,,,,,,,,,,
,,,,,,,,,,,,,,,,,,,,,,,,,,,,,,,,,,,,,,,,,,,,,,,,,,,,,,,,,,,,,,42964.0167215693,25778.410032941585,51556.82006588317,34371.21337725544,42964.0167215693,77335.23009882474,34371.21337725544,60149.623410197026,68742.42675451087,103113.64013176634,34371.21337725544,60149.623410197026,103113.64013176634,68742.42675451087,51556.82006588317,60149.623410197026,60149.623410197026,68742.42675451087,128892.05016470792,283562.51036235737,111706.44347608018,128892.05016470792,94520.83678745247,120299.24682039405,103113.64013176634,77335.23009882474,77335.23009882474,17185.60668862772,77335.23009882474,60149.623410197026,51556.82006588317,51556.82006588317,34371.21337725544,34371.21337725544,42964.0167215693,34371.21337725544,25778.410032941585,25778.410032941585,34371.21337725544,17185.60668862772,51556.82006588317,34371.21337725544,42964.0167215693,25778.410032941585,34371.21337725544,0.0,8592.80334431386,8592.80334431386,8592.80334431386,8592.80334431386,8592.80334431386,17185.60668862772,0.0,8592.80334431386,25778.410032941585,0.0,0.0,8592.80334431386,0.0,8592.80334431386,8592.80334431386,0.0,0.0,8592.80334431386,0.0,8592.80334431386,0.0,17185.60668862772,0.0,0.0,0.0,8592.80334431386,8592.80334431386,8592.80334431386,8592.80334431386,0.0,0.0,0.0,8592.80334431386,17185.60668862772,42964.0167215693,34371.21337725544,34371.21337725544,68742.42675451087,103113.64013176634,60149.623410197026,25778.410032941585,51556.82006588317,25778.410032941585,25778.410032941585,51556.82006588317,51556.82006588317,85928.0334431386,68742.42675451087,25778.410032941585,34371.21337725544,77335.23009882474,42964.0167215693,60149.623410197026,77335.23009882474,34371.21337725544,111706.44347608018,25778.410032941585,51556.82006588317,51556.82006588317,60149.623410197026,42964.0167215693,60149.623410197026,25778.410032941585,77335.23009882474,8592.80334431386,77335.23009882474,51556.82006588317,60149.623410197026,42964.0167215693,68742.42675451087,51556.82006588317,60149.623410197026,42964.0167215693,,,,,,,,,,,,,,,,,,,,,,,,,,,,,,,,,,,,,,,,,,,,,,,,,,,,,,,,,,,,,,,,,,,,,,,,,,,
,,,,,,,,,,,,,,,,,,,,,,,,,,,,,,,,,,,,,,,,,,,,,,,,,,,,,,,,,,,,,,51556.82006588317,60149.623410197026,77335.23009882474,42964.0167215693,8592.80334431386,51556.82006588317,85928.0334431386,68742.42675451087,17185.60668862772,51556.82006588317,60149.623410197026,34371.21337725544,77335.23009882474,34371.21337725544,94520.83678745247,42964.0167215693,34371.21337725544,94520.83678745247,266376.9036737297,309340.920395299,171856.0668862772,146077.6568533356,223412.88695216036,274969.7070180435,137484.85350902175,77335.23009882474,51556.82006588317,85928.0334431386,77335.23009882474,68742.42675451087,42964.0167215693,51556.82006588317,34371.21337725544,42964.0167215693,68742.42675451087,42964.0167215693,77335.23009882474,51556.82006588317,17185.60668862772,51556.82006588317,25778.410032941585,34371.21337725544,34371.21337725544,34371.21337725544,42964.0167215693,8592.80334431386,17185.60668862772,8592.80334431386,25778.410032941585,8592.80334431386,17185.60668862772,17185.60668862772,8592.80334431386,8592.80334431386,0.0,8592.80334431386,8592.80334431386,17185.60668862772,8592.80334431386,17185.60668862772,8592.80334431386,0.0,0.0,0.0,0.0,8592.80334431386,8592.80334431386,0.0,0.0,0.0,0.0,0.0,8592.80334431386,8592.80334431386,0.0,8592.80334431386,25778.410032941585,8592.80334431386,34371.21337725544,42964.0167215693,34371.21337725544,77335.23009882474,77335.23009882474,42964.0167215693,60149.623410197026,103113.64013176634,68742.42675451087,94520.83678745247,60149.623410197026,103113.64013176634,34371.21337725544,51556.82006588317,51556.82006588317,42964.0167215693,94520.83678745247,68742.42675451087,60149.623410197026,17185.60668862772,68742.42675451087,42964.0167215693,60149.623410197026,51556.82006588317,68742.42675451087,34371.21337725544,34371.21337725544,34371.21337725544,77335.23009882474,8592.80334431386,34371.21337725544,77335.23009882474,51556.82006588317,60149.623410197026,85928.0334431386,85928.0334431386,77335.23009882474,60149.623410197026,68742.42675451087,42964.0167215693,17185.60668862772,,,,,,,,,,,,,,,,,,,,,,,,,,,,,,,,,,,,,,,,,,,,,,,,,,,,,,,,,,,,,,,,,,,,,,,,,,,
,,,,,,,,,,,,,,,,,,,,,,,,,,,,,,,,,,,,,,,,,,,,,,,,,,,,,,,,,,,,51556.82006588317,17185.60668862772,34371.21337725544,34371.21337725544,8592.80334431386,60149.623410197026,51556.82006588317,34371.21337725544,34371.21337725544,25778.410032941585,51556.82006588317,68742.42675451087,51556.82006588317,42964.0167215693,34371.21337725544,34371.21337725544,60149.623410197026,25778.410032941585,60149.623410197026,68742.42675451087,154670.4601976495,421047.3638713792,240598.4936407881,274969.7070180435,257784.10032941584,171856.0668862772,180448.87023059107,137484.85350902175,42964.0167215693,51556.82006588317,94520.83678745247,34371.21337725544,25778.410032941585,77335.23009882474,60149.623410197026,51556.82006588317,51556.82006588317,60149.623410197026,34371.21337725544,42964.0167215693,51556.82006588317,17185.60668862772,42964.0167215693,51556.82006588317,60149.623410197026,42964.0167215693,8592.80334431386,34371.21337725544,8592.80334431386,8592.80334431386,17185.60668862772,8592.80334431386,17185.60668862772,0.0,17185.60668862772,0.0,0.0,0.0,0.0,8592.80334431386,8592.80334431386,8592.80334431386,0.0,8592.80334431386,0.0,0.0,8592.80334431386,17185.60668862772,8592.80334431386,17185.60668862772,8592.80334431386,8592.80334431386,0.0,8592.80334431386,8592.80334431386,8592.80334431386,17185.60668862772,8592.80334431386,0.0,25778.410032941585,25778.410032941585,60149.623410197026,42964.0167215693,51556.82006588317,103113.64013176634,51556.82006588317,42964.0167215693,60149.623410197026,60149.623410197026,77335.23009882474,68742.42675451087,68742.42675451087,94520.83678745247,68742.42675451087,51556.82006588317,60149.623410197026,34371.21337725544,60149.623410197026,60149.623410197026,85928.0334431386,77335.23009882474,51556.82006588317,68742.42675451087,60149.623410197026,25778.410032941585,42964.0167215693,68742.42675451087,8592.80334431386,51556.82006588317,68742.42675451087,51556.82006588317,103113.64013176634,25778.410032941585,42964.0167215693,51556.82006588317,77335.23009882474,25778.410032941585,68742.42675451087,68742.42675451087,68742.42675451087,68742.42675451087,,,,,,,,,,,,,,,,,,,,,,,,,,,,,,,,,,,,,,,,,,,,,,,,,,,,,,,,,,,,,,,,,,,,,,,,,,,
,,,,,,,,,,,,,,,,,,,,,,,,,,,,,,,,,,,,,,,,,,,,,,,,,,,,,,,,,,,34371.21337725544,60149.623410197026,77335.23009882474,42964.0167215693,25778.410032941585,42964.0167215693,42964.0167215693,25778.410032941585,25778.410032941585,42964.0167215693,34371.21337725544,77335.23009882474,25778.410032941585,51556.82006588317,34371.21337725544,68742.42675451087,60149.623410197026,25778.410032941585,51556.82006588317,51556.82006588317,120299.24682039405,335119.33042824053,292155.3137066712,257784.10032941584,274969.7070180435,240598.4936407881,189041.67357490494,171856.0668862772,146077.6568533356,77335.23009882474,68742.42675451087,42964.0167215693,51556.82006588317,60149.623410197026,51556.82006588317,25778.410032941585,68742.42675451087,77335.23009882474,34371.21337725544,42964.0167215693,25778.410032941585,51556.82006588317,25778.410032941585,34371.21337725544,68742.42675451087,42964.0167215693,17185.60668862772,25778.410032941585,17185.60668862772,25778.410032941585,8592.80334431386,8592.80334431386,0.0,8592.80334431386,0.0,17185.60668862772,0.0,17185.60668862772,8592.80334431386,0.0,0.0,0.0,0.0,0.0,0.0,0.0,8592.80334431386,8592.80334431386,8592.80334431386,0.0,0.0,8592.80334431386,8592.80334431386,0.0,0.0,0.0,0.0,17185.60668862772,17185.60668862772,34371.21337725544,51556.82006588317,25778.410032941585,68742.42675451087,60149.623410197026,77335.23009882474,51556.82006588317,51556.82006588317,51556.82006588317,85928.0334431386,42964.0167215693,42964.0167215693,42964.0167215693,42964.0167215693,34371.21337725544,42964.0167215693,42964.0167215693,94520.83678745247,51556.82006588317,103113.64013176634,60149.623410197026,51556.82006588317,94520.83678745247,17185.60668862772,77335.23009882474,77335.23009882474,60149.623410197026,42964.0167215693,42964.0167215693,34371.21337725544,8592.80334431386,68742.42675451087,68742.42675451087,51556.82006588317,60149.623410197026,42964.0167215693,94520.83678745247,103113.64013176634,25778.410032941585,94520.83678745247,17185.60668862772,34371.21337725544,,,,,,,,,,,,,,,,,,,,,,,,,,,,,,,,,,,,,,,,,,,,,,,,,,,,,,,,,,,,,,,,,,,,,,,,,,,,
,,,,,,,,,,,,,,,,,,,,,,,,,,,,,,,,,,,,,,,,,,,,,,,,,,,,,,,,,,,42964.0167215693,68742.42675451087,60149.623410197026,60149.623410197026,51556.82006588317,94520.83678745247,85928.0334431386,34371.21337725544,42964.0167215693,25778.410032941585,17185.60668862772,34371.21337725544,60149.623410197026,68742.42675451087,17185.60668862772,42964.0167215693,42964.0167215693,85928.0334431386,25778.410032941585,68742.42675451087,103113.64013176634,240598.4936407881,240598.4936407881,326526.52708392666,120299.24682039405,197634.47691921878,163263.26354196333,146077.6568533356,77335.23009882474,25778.410032941585,77335.23009882474,60149.623410197026,42964.0167215693,42964.0167215693,25778.410032941585,17185.60668862772,68742.42675451087,34371.21337725544,42964.0167215693,34371.21337725544,60149.623410197026,42964.0167215693,17185.60668862772,25778.410032941585,77335.23009882474,94520.83678745247,25778.410032941585,25778.410032941585,0.0,8592.80334431386,25778.410032941585,8592.80334431386,0.0,25778.410032941585,17185.60668862772,8592.80334431386,17185.60668862772,17185.60668862772,8592.80334431386,0.0,17185.60668862772,8592.80334431386,8592.80334431386,8592.80334431386,0.0,8592.80334431386,8592.80334431386,0.0,0.0,34371.21337725544,17185.60668862772,8592.80334431386,8592.80334431386,0.0,17185.60668862772,17185.60668862772,8592.80334431386,17185.60668862772,17185.60668862772,34371.21337725544,34371.21337725544,60149.623410197026,34371.21337725544,85928.0334431386,85928.0334431386,60149.623410197026,60149.623410197026,34371.21337725544,51556.82006588317,25778.410032941585,51556.82006588317,42964.0167215693,77335.23009882474,51556.82006588317,25778.410032941585,51556.82006588317,85928.0334431386,42964.0167215693,68742.42675451087,68742.42675451087,17185.60668862772,85928.0334431386,34371.21337725544,34371.21337725544,42964.0167215693,34371.21337725544,25778.410032941585,42964.0167215693,34371.21337725544,25778.410032941585,17185.60668862772,42964.0167215693,85928.0334431386,42964.0167215693,77335.23009882474,42964.0167215693,51556.82006588317,17185.60668862772,60149.623410197026,68742.42675451087,51556.82006588317,,,,,,,,,,,,,,,,,,,,,,,,,,,,,,,,,,,,,,,,,,,,,,,,,,,,,,,,,,,,,,,,,,,,,,,,,,,,
,,,,,,,,,,,,,,,,,,,,,,,,,,,,,,,,,,,,,,,,,,,,,,,,,,,,,,,,,,,,,34371.21337725544,68742.42675451087,25778.410032941585,25778.410032941585,42964.0167215693,34371.21337725544,25778.410032941585,68742.42675451087,34371.21337725544,34371.21337725544,51556.82006588317,60149.623410197026,42964.0167215693,68742.42675451087,34371.21337725544,51556.82006588317,51556.82006588317,34371.21337725544,189041.67357490494,163263.26354196333,163263.26354196333,146077.6568533356,77335.23009882474,120299.24682039405,154670.4601976495,77335.23009882474,51556.82006588317,34371.21337725544,51556.82006588317,25778.410032941585,85928.0334431386,42964.0167215693,25778.410032941585,60149.623410197026,51556.82006588317,34371.21337725544,25778.410032941585,25778.410032941585,25778.410032941585,34371.21337725544,42964.0167215693,17185.60668862772,34371.21337725544,42964.0167215693,34371.21337725544,42964.0167215693,42964.0167215693,25778.410032941585,60149.623410197026,34371.21337725544,25778.410032941585,42964.0167215693,42964.0167215693,17185.60668862772,25778.410032941585,8592.80334431386,0.0,0.0,0.0,8592.80334431386,8592.80334431386,0.0,0.0,0.0,8592.80334431386,0.0,0.0,25778.410032941585,8592.80334431386,0.0,42964.0167215693,17185.60668862772,0.0,25778.410032941585,25778.410032941585,17185.60668862772,0.0,25778.410032941585,68742.42675451087,146077.6568533356,283562.51036235737,180448.87023059107,94520.83678745247,68742.42675451087,85928.0334431386,51556.82006588317,51556.82006588317,60149.623410197026,25778.410032941585,60149.623410197026,68742.42675451087,42964.0167215693,68742.42675451087,77335.23009882474,111706.44347608018,77335.23009882474,60149.623410197026,68742.42675451087,94520.83678745247,42964.0167215693,51556.82006588317,103113.64013176634,51556.82006588317,68742.42675451087,77335.23009882474,68742.42675451087,94520.83678745247,60149.623410197026,34371.21337725544,94520.83678745247,60149.623410197026,60149.623410197026,60149.623410197026,60149.623410197026,68742.42675451087,60149.623410197026,77335.23009882474,51556.82006588317,77335.23009882474,,,,,,,,,,,,,,,,,,,,,,,,,,,,,,,,,,,,,,,,,,,,,,,,,,,,,,,,,,,,,,,,,,,,,,,,,,,,
,,,,,,,,,,,,,,,,,,,,,,,,,,,,,,,,,,,,,,,,,,,,,,,,,,,,,,,,,,,,,,,,25778.410032941585,51556.82006588317,60149.623410197026,60149.623410197026,42964.0167215693,51556.82006588317,51556.82006588317,51556.82006588317,94520.83678745247,51556.82006588317,17185.60668862772,51556.82006588317,17185.60668862772,42964.0167215693,77335.23009882474,68742.42675451087,94520.83678745247,94520.83678745247,111706.44347608018,51556.82006588317,34371.21337725544,68742.42675451087,34371.21337725544,111706.44347608018,68742.42675451087,60149.623410197026,60149.623410197026,42964.0167215693,17185.60668862772,34371.21337725544,17185.60668862772,51556.82006588317,34371.21337725544,51556.82006588317,51556.82006588317,42964.0167215693,34371.21337725544,25778.410032941585,34371.21337725544,17185.60668862772,0.0,51556.82006588317,8592.80334431386,25778.410032941585,25778.410032941585,42964.0167215693,60149.623410197026,51556.82006588317,34371.21337725544,60149.623410197026,8592.80334431386,0.0,8592.80334431386,8592.80334431386,8592.80334431386,34371.21337725544,17185.60668862772,25778.410032941585,0.0,17185.60668862772,0.0,0.0,17185.60668862772,17185.60668862772,8592.80334431386,8592.80334431386,8592.80334431386,17185.60668862772,17185.60668862772,8592.80334431386,17185.60668862772,8592.80334431386,17185.60668862772,51556.82006588317,60149.623410197026,68742.42675451087,128892.05016470792,223412.88695216036,206227.28026353268,111706.44347608018,77335.23009882474,51556.82006588317,85928.0334431386,8592.80334431386,68742.42675451087,51556.82006588317,51556.82006588317,60149.623410197026,77335.23009882474,60149.623410197026,51556.82006588317,94520.83678745247,60149.623410197026,8592.80334431386,51556.82006588317,51556.82006588317,42964.0167215693,77335.23009882474,77335.23009882474,68742.42675451087,60149.623410197026,68742.42675451087,60149.623410197026,68742.42675451087,60149.623410197026,85928.0334431386,51556.82006588317,68742.42675451087,60149.623410197026,42964.0167215693,60149.623410197026,42964.0167215693,51556.82006588317,60149.623410197026,34371.21337725544,,,,,,,,,,,,,,,,,,,,,,,,,,,,,,,,,,,,,,,,,,,,,,,,,,,,,,,,,,,,,,,,,,,,,,,,,,,,,
,,,,,,,,,,,,,,,,,,,,,,,,,,,,,,,,,,,,,,,,,,,,,,,,,,,,,,,,,,,,,,,,,60149.623410197026,60149.623410197026,25778.410032941585,51556.82006588317,51556.82006588317,17185.60668862772,60149.623410197026,17185.60668862772,60149.623410197026,42964.0167215693,42964.0167215693,60149.623410197026,68742.42675451087,34371.21337725544,34371.21337725544,42964.0167215693,60149.623410197026,42964.0167215693,42964.0167215693,34371.21337725544,60149.623410197026,68742.42675451087,42964.0167215693,25778.410032941585,60149.623410197026,60149.623410197026,51556.82006588317,25778.410032941585,0.0,25778.410032941585,42964.0167215693,68742.42675451087,42964.0167215693,25778.410032941585,25778.410032941585,34371.21337725544,77335.23009882474,42964.0167215693,34371.21337725544,42964.0167215693,25778.410032941585,17185.60668862772,42964.0167215693,68742.42675451087,34371.21337725544,68742.42675451087,17185.60668862772,51556.82006588317,25778.410032941585,51556.82006588317,17185.60668862772,34371.21337725544,8592.80334431386,8592.80334431386,25778.410032941585,17185.60668862772,42964.0167215693,17185.60668862772,17185.60668862772,0.0,8592.80334431386,17185.60668862772,8592.80334431386,8592.80334431386,34371.21337725544,34371.21337725544,25778.410032941585,25778.410032941585,17185.60668862772,17185.60668862772,34371.21337725544,34371.21337725544,42964.0167215693,34371.21337725544,85928.0334431386,111706.44347608018,223412.88695216036,77335.23009882474,85928.0334431386,77335.23009882474,94520.83678745247,51556.82006588317,60149.623410197026,51556.82006588317,68742.42675451087,51556.82006588317,51556.82006588317,77335.23009882474,60149.623410197026,85928.0334431386,60149.623410197026,34371.21337725544,85928.0334431386,42964.0167215693,103113.64013176634,42964.0167215693,42964.0167215693,42964.0167215693,68742.42675451087,60149.623410197026,85928.0334431386,77335.23009882474,60149.623410197026,42964.0167215693,42964.0167215693,77335.23009882474,85928.0334431386,68742.42675451087,68742.42675451087,25778.410032941585,51556.82006588317,42964.0167215693,51556.82006588317,,,,,,,,,,,,,,,,,,,,,,,,,,,,,,,,,,,,,,,,,,,,,,,,,,,,,,,,,,,,,,,,,,,,,,,,,,,,,,
,,,,,,,,,,,,,,,,,,,,,,,,,,,,,,,,,,,,,,,,,,,,,,,,,,,,,,,,,,,,,,,,,51556.82006588317,25778.410032941585,,,,,25778.410032941585,34371.21337725544,34371.21337725544,60149.623410197026,42964.0167215693,34371.21337725544,68742.42675451087,68742.42675451087,34371.21337725544,34371.21337725544,68742.42675451087,34371.21337725544,51556.82006588317,34371.21337725544,42964.0167215693,77335.23009882474,51556.82006588317,103113.64013176634,51556.82006588317,51556.82006588317,17185.60668862772,17185.60668862772,60149.623410197026,8592.80334431386,42964.0167215693,42964.0167215693,60149.623410197026,17185.60668862772,42964.0167215693,34371.21337725544,34371.21337725544,60149.623410197026,60149.623410197026,8592.80334431386,17185.60668862772,42964.0167215693,51556.82006588317,77335.23009882474,77335.23009882474,34371.21337725544,25778.410032941585,34371.21337725544,51556.82006588317,34371.21337725544,34371.21337725544,34371.21337725544,8592.80334431386,25778.410032941585,8592.80334431386,25778.410032941585,17185.60668862772,0.0,25778.410032941585,17185.60668862772,0.0,0.0,8592.80334431386,42964.0167215693,8592.80334431386,17185.60668862772,17185.60668862772,34371.21337725544,17185.60668862772,25778.410032941585,34371.21337725544,68742.42675451087,51556.82006588317,42964.0167215693,68742.42675451087,60149.623410197026,85928.0334431386,42964.0167215693,51556.82006588317,51556.82006588317,68742.42675451087,85928.0334431386,34371.21337725544,34371.21337725544,94520.83678745247,60149.623410197026,42964.0167215693,51556.82006588317,77335.23009882474,103113.64013176634,42964.0167215693,68742.42675451087,137484.85350902175,51556.82006588317,25778.410032941585,60149.623410197026,85928.0334431386,34371.21337725544,85928.0334431386,42964.0167215693,34371.21337725544,34371.21337725544,103113.64013176634,68742.42675451087,60149.623410197026,34371.21337725544,51556.82006588317,85928.0334431386,68742.42675451087,77335.23009882474,94520.83678745247,42964.0167215693,51556.82006588317,,,,,,,,,,,,,,,,,,,,,,,,,,,,,,,,,,,,,,,,,,,,,,,,,,,,,,,,,,,,,,,,,,,,,,,,,,,,,,
,,,,,,,,,,,,,,,,,,,,,,,,,,,,,,,,,,,,,,,,,,,,,,,,,,,,,,,,,,,,,,,,17185.60668862772,60149.623410197026,,,,,,42964.0167215693,77335.23009882474,34371.21337725544,8592.80334431386,60149.623410197026,42964.0167215693,94520.83678745247,34371.21337725544,77335.23009882474,51556.82006588317,51556.82006588317,34371.21337725544,68742.42675451087,8592.80334431386,94520.83678745247,25778.410032941585,34371.21337725544,94520.83678745247,51556.82006588317,42964.0167215693,51556.82006588317,34371.21337725544,42964.0167215693,17185.60668862772,94520.83678745247,128892.05016470792,154670.4601976495,60149.623410197026,42964.0167215693,34371.21337725544,34371.21337725544,60149.623410197026,0.0,34371.21337725544,51556.82006588317,34371.21337725544,8592.80334431386,8592.80334431386,25778.410032941585,85928.0334431386,60149.623410197026,0.0,34371.21337725544,68742.42675451087,25778.410032941585,42964.0167215693,42964.0167215693,85928.0334431386,34371.21337725544,0.0,0.0,0.0,17185.60668862772,34371.21337725544,8592.80334431386,17185.60668862772,8592.80334431386,25778.410032941585,25778.410032941585,25778.410032941585,8592.80334431386,34371.21337725544,94520.83678745247,68742.42675451087,68742.42675451087,60149.623410197026,85928.0334431386,85928.0334431386,77335.23009882474,60149.623410197026,51556.82006588317,60149.623410197026,77335.23009882474,42964.0167215693,77335.23009882474,60149.623410197026,60149.623410197026,51556.82006588317,60149.623410197026,94520.83678745247,68742.42675451087,94520.83678745247,51556.82006588317,68742.42675451087,25778.410032941585,60149.623410197026,68742.42675451087,68742.42675451087,51556.82006588317,42964.0167215693,94520.83678745247,51556.82006588317,68742.42675451087,60149.623410197026,85928.0334431386,25778.410032941585,51556.82006588317,42964.0167215693,51556.82006588317,34371.21337725544,68742.42675451087,60149.623410197026,51556.82006588317,68742.42675451087,68742.42675451087,60149.623410197026,51556.82006588317,,,,,,,,,,,,,,,,,,,,,,,,,,,,,,,,,,,,,,,,,,,,,,,,,,,,,,,,,,,,,,,,,,,,,,,,,,,,,,
,,,,,,,,,,,,,,,,,,,,,,,,,,,,,,,,,,,,,,,,,,,,,,,,,,,,,,,,,,,,,,,60149.623410197026,42964.0167215693,34371.21337725544,,,,,60149.623410197026,34371.21337725544,42964.0167215693,51556.82006588317,34371.21337725544,68742.42675451087,85928.0334431386,42964.0167215693,60149.623410197026,17185.60668862772,60149.623410197026,25778.410032941585,42964.0167215693,34371.21337725544,85928.0334431386,85928.0334431386,68742.42675451087,17185.60668862772,60149.623410197026,42964.0167215693,51556.82006588317,51556.82006588317,42964.0167215693,34371.21337725544,34371.21337725544,111706.44347608018,197634.47691921878,240598.4936407881,137484.85350902175,42964.0167215693,25778.410032941585,17185.60668862772,42964.0167215693,34371.21337725544,51556.82006588317,8592.80334431386,34371.21337725544,42964.0167215693,60149.623410197026,77335.23009882474,94520.83678745247,17185.60668862772,42964.0167215693,103113.64013176634,60149.623410197026,85928.0334431386,25778.410032941585,94520.83678745247,51556.82006588317,17185.60668862772,8592.80334431386,17185.60668862772,0.0,17185.60668862772,17185.60668862772,17185.60668862772,34371.21337725544,17185.60668862772,8592.80334431386,25778.410032941585,25778.410032941585,51556.82006588317,25778.410032941585,51556.82006588317,85928.0334431386,128892.05016470792,94520.83678745247,137484.85350902175,189041.67357490494,171856.0668862772,42964.0167215693,111706.44347608018,85928.0334431386,51556.82006588317,68742.42675451087,85928.0334431386,94520.83678745247,34371.21337725544,51556.82006588317,77335.23009882474,68742.42675451087,34371.21337725544,51556.82006588317,77335.23009882474,77335.23009882474,51556.82006588317,77335.23009882474,85928.0334431386,51556.82006588317,85928.0334431386,77335.23009882474,25778.410032941585,51556.82006588317,8592.80334431386,51556.82006588317,34371.21337725544,51556.82006588317,42964.0167215693,42964.0167215693,51556.82006588317,111706.44347608018,85928.0334431386,42964.0167215693,77335.23009882474,51556.82006588317,68742.42675451087,34371.21337725544,,,,,,,,,,,,,,,,,,,,,,,,,,,,,,,,,,,,,,,,,,,,,,,,,,,,,,,,,,,,,,,,,,,,,,,,,,,,,,,
,,,,,,,,,,,,,,,,,,,,,,,,,,,,,,,,,,,,,,,,,,,,,,,,,,,,,,,,,,,,,,,,,17185.60668862772,34371.21337725544,42964.0167215693,,,68742.42675451087,42964.0167215693,51556.82006588317,42964.0167215693,34371.21337725544,51556.82006588317,34371.21337725544,25778.410032941585,34371.21337725544,42964.0167215693,51556.82006588317,42964.0167215693,103113.64013176634,120299.24682039405,42964.0167215693,68742.42675451087,17185.60668862772,85928.0334431386,25778.410032941585,34371.21337725544,42964.0167215693,34371.21337725544,34371.21337725544,60149.623410197026,51556.82006588317,85928.0334431386,197634.47691921878,378083.3471498099,111706.44347608018,77335.23009882474,51556.82006588317,60149.623410197026,68742.42675451087,68742.42675451087,51556.82006588317,34371.21337725544,68742.42675451087,34371.21337725544,17185.60668862772,34371.21337725544,51556.82006588317,42964.0167215693,77335.23009882474,60149.623410197026,68742.42675451087,60149.623410197026,85928.0334431386,17185.60668862772,34371.21337725544,17185.60668862772,17185.60668862772,51556.82006588317,0.0,51556.82006588317,8592.80334431386,51556.82006588317,8592.80334431386,8592.80334431386,34371.21337725544,34371.21337725544,51556.82006588317,25778.410032941585,103113.64013176634,34371.21337725544,120299.24682039405,163263.26354196333,223412.88695216036,189041.67357490494,154670.4601976495,85928.0334431386,94520.83678745247,60149.623410197026,25778.410032941585,68742.42675451087,94520.83678745247,85928.0334431386,77335.23009882474,60149.623410197026,42964.0167215693,60149.623410197026,68742.42675451087,77335.23009882474,68742.42675451087,103113.64013176634,94520.83678745247,77335.23009882474,77335.23009882474,85928.0334431386,60149.623410197026,94520.83678745247,77335.23009882474,42964.0167215693,51556.82006588317,25778.410032941585,34371.21337725544,42964.0167215693,34371.21337725544,77335.23009882474,51556.82006588317,68742.42675451087,25778.410032941585,77335.23009882474,68742.42675451087,34371.21337725544,34371.21337725544,51556.82006588317,68742.42675451087,,,,,,,,,,,,,,,,,,,,,,,,,,,,,,,,,,,,,,,,,,,,,,,,,,,,,,,,,,,,,,,,,,,,,,,,,,,,,,,
,,,,,,,,,,,,,,,,,,,,,,,,,,,,,,,,,,,,,,,,,,,,,,,,,,,,,,,,,,,,,,,,,60149.623410197026,51556.82006588317,77335.23009882474,,,34371.21337725544,68742.42675451087,42964.0167215693,25778.410032941585,42964.0167215693,77335.23009882474,68742.42675451087,34371.21337725544,60149.623410197026,77335.23009882474,51556.82006588317,77335.23009882474,94520.83678745247,68742.42675451087,42964.0167215693,34371.21337725544,85928.0334431386,60149.623410197026,34371.21337725544,34371.21337725544,25778.410032941585,42964.0167215693,17185.60668862772,60149.623410197026,85928.0334431386,94520.83678745247,111706.44347608018,85928.0334431386,51556.82006588317,42964.0167215693,51556.82006588317,51556.82006588317,51556.82006588317,77335.23009882474,94520.83678745247,51556.82006588317,51556.82006588317,77335.23009882474,17185.60668862772,42964.0167215693,17185.60668862772,25778.410032941585,34371.21337725544,51556.82006588317,51556.82006588317,68742.42675451087,77335.23009882474,51556.82006588317,60149.623410197026,60149.623410197026,25778.410032941585,0.0,42964.0167215693,25778.410032941585,17185.60668862772,8592.80334431386,17185.60668862772,25778.410032941585,25778.410032941585,17185.60668862772,34371.21337725544,42964.0167215693,25778.410032941585,60149.623410197026,77335.23009882474,163263.26354196333,103113.64013176634,128892.05016470792,111706.44347608018,77335.23009882474,34371.21337725544,103113.64013176634,51556.82006588317,42964.0167215693,77335.23009882474,85928.0334431386,51556.82006588317,60149.623410197026,51556.82006588317,60149.623410197026,51556.82006588317,51556.82006588317,60149.623410197026,51556.82006588317,42964.0167215693,77335.23009882474,68742.42675451087,42964.0167215693,77335.23009882474,60149.623410197026,111706.44347608018,51556.82006588317,42964.0167215693,51556.82006588317,68742.42675451087,25778.410032941585,17185.60668862772,17185.60668862772,60149.623410197026,77335.23009882474,42964.0167215693,17185.60668862772,68742.42675451087,68742.42675451087,25778.410032941585,51556.82006588317,42964.0167215693,,,,,,,,,,,,,,,,,,,,,,,,,,,,,,,,,,,,,,,,,,,,,,,,,,,,,,,,,,,,,,,,,,,,,,,,,,,,,,,
,,,,,,,,,,,,,,,,,,,,,,,,,,,,,,,,,,,,,,,,,,,,,,,,,,,,,,,,,,,,,,,,,,,,,,,60149.623410197026,25778.410032941585,34371.21337725544,77335.23009882474,60149.623410197026,34371.21337725544,51556.82006588317,60149.623410197026,77335.23009882474,42964.0167215693,60149.623410197026,25778.410032941585,60149.623410197026,60149.623410197026,34371.21337725544,51556.82006588317,17185.60668862772,60149.623410197026,60149.623410197026,60149.623410197026,34371.21337725544,42964.0167215693,68742.42675451087,60149.623410197026,77335.23009882474,60149.623410197026,34371.21337725544,85928.0334431386,60149.623410197026,68742.42675451087,51556.82006588317,34371.21337725544,85928.0334431386,51556.82006588317,68742.42675451087,77335.23009882474,68742.42675451087,34371.21337725544,51556.82006588317,8592.80334431386,34371.21337725544,34371.21337725544,68742.42675451087,60149.623410197026,34371.21337725544,68742.42675451087,42964.0167215693,60149.623410197026,25778.410032941585,51556.82006588317,34371.21337725544,8592.80334431386,42964.0167215693,0.0,34371.21337725544,34371.21337725544,60149.623410197026,25778.410032941585,34371.21337725544,60149.623410197026,60149.623410197026,77335.23009882474,68742.42675451087,68742.42675451087,163263.26354196333,163263.26354196333,85928.0334431386,68742.42675451087,60149.623410197026,51556.82006588317,68742.42675451087,42964.0167215693,60149.623410197026,60149.623410197026,42964.0167215693,42964.0167215693,51556.82006588317,60149.623410197026,51556.82006588317,60149.623410197026,42964.0167215693,77335.23009882474,60149.623410197026,42964.0167215693,85928.0334431386,42964.0167215693,77335.23009882474,51556.82006588317,51556.82006588317,17185.60668862772,51556.82006588317,25778.410032941585,60149.623410197026,25778.410032941585,34371.21337725544,85928.0334431386,77335.23009882474,51556.82006588317,34371.21337725544,25778.410032941585,85928.0334431386,68742.42675451087,34371.21337725544,51556.82006588317,60149.623410197026,51556.82006588317,,,,,,,,,,,,,,,,,,,,,,,,,,,,,,,,,,,,,,,,,,,,,,,,,,,,,,,,,,,,,,,,,,,,,,,,,,,,,,,
,,,,,,,,,,,,,,,,,,,,,,,,,,,,,,,,,,,,,,,,,,,,,,,,,,,,,,,,,,,,,,,,,,,,,,,34371.21337725544,51556.82006588317,34371.21337725544,68742.42675451087,25778.410032941585,94520.83678745247,85928.0334431386,25778.410032941585,68742.42675451087,42964.0167215693,51556.82006588317,42964.0167215693,51556.82006588317,42964.0167215693,60149.623410197026,34371.21337725544,25778.410032941585,34371.21337725544,42964.0167215693,42964.0167215693,34371.21337725544,68742.42675451087,128892.05016470792,51556.82006588317,85928.0334431386,51556.82006588317,51556.82006588317,68742.42675451087,85928.0334431386,60149.623410197026,51556.82006588317,68742.42675451087,51556.82006588317,42964.0167215693,42964.0167215693,85928.0334431386,85928.0334431386,42964.0167215693,68742.42675451087,34371.21337725544,77335.23009882474,42964.0167215693,51556.82006588317,68742.42675451087,68742.42675451087,154670.4601976495,85928.0334431386,8592.80334431386,68742.42675451087,8592.80334431386,25778.410032941585,25778.410032941585,34371.21337725544,25778.410032941585,17185.60668862772,25778.410032941585,8592.80334431386,25778.410032941585,42964.0167215693,51556.82006588317,25778.410032941585,77335.23009882474,60149.623410197026,51556.82006588317,189041.67357490494,137484.85350902175,94520.83678745247,85928.0334431386,94520.83678745247,34371.21337725544,42964.0167215693,85928.0334431386,128892.05016470792,51556.82006588317,60149.623410197026,85928.0334431386,51556.82006588317,68742.42675451087,60149.623410197026,34371.21337725544,68742.42675451087,94520.83678745247,51556.82006588317,25778.410032941585,42964.0167215693,51556.82006588317,34371.21337725544,42964.0167215693,17185.60668862772,34371.21337725544,42964.0167215693,42964.0167215693,34371.21337725544,34371.21337725544,60149.623410197026,60149.623410197026,77335.23009882474,60149.623410197026,77335.23009882474,17185.60668862772,68742.42675451087,85928.0334431386,34371.21337725544,85928.0334431386,85928.0334431386,,,,,,,,,,,,,,,,,,,,,,,,,,,,,,,,,,,,,,,,,,,,,,,,,,,,,,,,,,,,,,,,,,,,,,,,,,,,,,,,
,,,,,,,,,,,,,,,,,,,,,,,,,,,,,,,,,,,,,,,,,,,,,,,,,,,,,,,,,,,,,,,,,,,,,,42964.0167215693,42964.0167215693,17185.60668862772,25778.410032941585,25778.410032941585,25778.410032941585,34371.21337725544,25778.410032941585,34371.21337725544,51556.82006588317,25778.410032941585,25778.410032941585,42964.0167215693,120299.24682039405,60149.623410197026,85928.0334431386,42964.0167215693,17185.60668862772,68742.42675451087,25778.410032941585,60149.623410197026,60149.623410197026,94520.83678745247,51556.82006588317,34371.21337725544,77335.23009882474,34371.21337725544,85928.0334431386,68742.42675451087,103113.64013176634,25778.410032941585,103113.64013176634,42964.0167215693,77335.23009882474,68742.42675451087,51556.82006588317,42964.0167215693,77335.23009882474,51556.82006588317,25778.410032941585,60149.623410197026,94520.83678745247,68742.42675451087,42964.0167215693,111706.44347608018,317933.72373961285,214820.08360784652,154670.4601976495,60149.623410197026,94520.83678745247,34371.21337725544,17185.60668862772,25778.410032941585,42964.0167215693,60149.623410197026,51556.82006588317,60149.623410197026,25778.410032941585,34371.21337725544,42964.0167215693,42964.0167215693,60149.623410197026,34371.21337725544,68742.42675451087,77335.23009882474,51556.82006588317,60149.623410197026,77335.23009882474,25778.410032941585,42964.0167215693,137484.85350902175,51556.82006588317,51556.82006588317,77335.23009882474,51556.82006588317,77335.23009882474,103113.64013176634,42964.0167215693,42964.0167215693,103113.64013176634,60149.623410197026,68742.42675451087,25778.410032941585,34371.21337725544,51556.82006588317,85928.0334431386,51556.82006588317,77335.23009882474,60149.623410197026,51556.82006588317,42964.0167215693,60149.623410197026,68742.42675451087,68742.42675451087,77335.23009882474,25778.410032941585,51556.82006588317,42964.0167215693,51556.82006588317,51556.82006588317,94520.83678745247,77335.23009882474,68742.42675451087,51556.82006588317,120299.24682039405,25778.410032941585,,,,,,,,,,,,,,,,,,,,,,,,,,,,,,,,,,,,,,,,,,,,,,,,,,,,,,,,,,,,,,,,,,,,,,,,,,,,,,,,
,,,,,,,,,,,,,,,,,,,,,,,,,,,,,,,,,,,,,,,,,,,,,,,,,,,,,,,,,,,,,,,,,,,,,,77335.23009882474,34371.21337725544,42964.0167215693,60149.623410197026,77335.23009882474,17185.60668862772,60149.623410197026,51556.82006588317,42964.0167215693,34371.21337725544,42964.0167215693,77335.23009882474,51556.82006588317,42964.0167215693,77335.23009882474,25778.410032941585,34371.21337725544,60149.623410197026,103113.64013176634,34371.21337725544,42964.0167215693,42964.0167215693,85928.0334431386,25778.410032941585,68742.42675451087,77335.23009882474,103113.64013176634,77335.23009882474,60149.623410197026,77335.23009882474,94520.83678745247,42964.0167215693,85928.0334431386,51556.82006588317,68742.42675451087,25778.410032941585,17185.60668862772,94520.83678745247,60149.623410197026,60149.623410197026,94520.83678745247,51556.82006588317,51556.82006588317,51556.82006588317,137484.85350902175,360897.74046118214,481196.9872815762,197634.47691921878,34371.21337725544,68742.42675451087,42964.0167215693,51556.82006588317,17185.60668862772,42964.0167215693,68742.42675451087,17185.60668862772,17185.60668862772,8592.80334431386,25778.410032941585,17185.60668862772,0.0,42964.0167215693,25778.410032941585,51556.82006588317,77335.23009882474,25778.410032941585,85928.0334431386,25778.410032941585,60149.623410197026,42964.0167215693,85928.0334431386,68742.42675451087,68742.42675451087,60149.623410197026,34371.21337725544,34371.21337725544,77335.23009882474,77335.23009882474,60149.623410197026,94520.83678745247,94520.83678745247,42964.0167215693,34371.21337725544,42964.0167215693,42964.0167215693,68742.42675451087,146077.6568533356,51556.82006588317,42964.0167215693,51556.82006588317,42964.0167215693,42964.0167215693,68742.42675451087,25778.410032941585,34371.21337725544,51556.82006588317,85928.0334431386,42964.0167215693,51556.82006588317,60149.623410197026,60149.623410197026,51556.82006588317,51556.82006588317,68742.42675451087,34371.21337725544,34371.21337725544,42964.0167215693,,,,,,,,,,,,,,,,,,,,,,,,,,,,,,,,,,,,,,,,,,,,,,,,,,,,,,,,,,,,,,,,,,,,,,,,,,,,,,,
,,,,,,,,,,,,,,,,,,,,,,,,,,,,,,,,,,,,,,,,,,,,,,,,,,,,,,,,,,,,,,,,,,,,,,34371.21337725544,51556.82006588317,25778.410032941585,25778.410032941585,34371.21337725544,68742.42675451087,60149.623410197026,77335.23009882474,42964.0167215693,42964.0167215693,94520.83678745247,103113.64013176634,42964.0167215693,34371.21337725544,51556.82006588317,68742.42675451087,42964.0167215693,25778.410032941585,25778.410032941585,60149.623410197026,34371.21337725544,68742.42675451087,51556.82006588317,34371.21337725544,60149.623410197026,77335.23009882474,42964.0167215693,94520.83678745247,34371.21337725544,42964.0167215693,111706.44347608018,85928.0334431386,34371.21337725544,94520.83678745247,68742.42675451087,51556.82006588317,42964.0167215693,51556.82006588317,51556.82006588317,34371.21337725544,51556.82006588317,77335.23009882474,34371.21337725544,51556.82006588317,103113.64013176634,197634.47691921878,335119.33042824053,103113.64013176634,42964.0167215693,77335.23009882474,77335.23009882474,68742.42675451087,17185.60668862772,25778.410032941585,42964.0167215693,51556.82006588317,42964.0167215693,34371.21337725544,60149.623410197026,25778.410032941585,17185.60668862772,60149.623410197026,68742.42675451087,103113.64013176634,94520.83678745247,154670.4601976495,60149.623410197026,51556.82006588317,51556.82006588317,85928.0334431386,60149.623410197026,120299.24682039405,68742.42675451087,42964.0167215693,51556.82006588317,60149.623410197026,60149.623410197026,51556.82006588317,17185.60668862772,42964.0167215693,60149.623410197026,68742.42675451087,77335.23009882474,51556.82006588317,34371.21337725544,111706.44347608018,34371.21337725544,60149.623410197026,68742.42675451087,68742.42675451087,42964.0167215693,60149.623410197026,103113.64013176634,68742.42675451087,137484.85350902175,51556.82006588317,94520.83678745247,25778.410032941585,68742.42675451087,51556.82006588317,85928.0334431386,34371.21337725544,111706.44347608018,42964.0167215693,77335.23009882474,51556.82006588317,68742.42675451087,,,,,,,,,,,,,,,,,,,,,,,,,,,,,,,,,,,,,,,,,,,,,,,,,,,,,,,,,,,,,,,,,,,,,,,,,,,,,,,
,,,,,,,,,,,,,,,,,,,,,,,,,,,,,,,,,,,,,,,,,,,,,,,,,,,,,,,,,,,,,,,,,,,,,,,17185.60668862772,77335.23009882474,77335.23009882474,60149.623410197026,51556.82006588317,25778.410032941585,42964.0167215693,34371.21337725544,34371.21337725544,77335.23009882474,42964.0167215693,85928.0334431386,42964.0167215693,34371.21337725544,60149.623410197026,42964.0167215693,8592.80334431386,42964.0167215693,25778.410032941585,51556.82006588317,34371.21337725544,42964.0167215693,85928.0334431386,60149.623410197026,25778.410032941585,25778.410032941585,51556.82006588317,68742.42675451087,111706.44347608018,51556.82006588317,34371.21337725544,60149.623410197026,25778.410032941585,77335.23009882474,51556.82006588317,51556.82006588317,60149.623410197026,42964.0167215693,17185.60668862772,77335.23009882474,34371.21337725544,85928.0334431386,85928.0334431386,51556.82006588317,154670.4601976495,111706.44347608018,51556.82006588317,51556.82006588317,68742.42675451087,51556.82006588317,77335.23009882474,42964.0167215693,34371.21337725544,60149.623410197026,51556.82006588317,60149.623410197026,42964.0167215693,85928.0334431386,34371.21337725544,34371.21337725544,68742.42675451087,60149.623410197026,137484.85350902175,77335.23009882474,94520.83678745247,137484.85350902175,111706.44347608018,85928.0334431386,60149.623410197026,51556.82006588317,68742.42675451087,85928.0334431386,68742.42675451087,85928.0334431386,77335.23009882474,103113.64013176634,60149.623410197026,77335.23009882474,51556.82006588317,77335.23009882474,25778.410032941585,77335.23009882474,68742.42675451087,68742.42675451087,17185.60668862772,42964.0167215693,34371.21337725544,51556.82006588317,60149.623410197026,34371.21337725544,42964.0167215693,51556.82006588317,25778.410032941585,60149.623410197026,51556.82006588317,34371.21337725544,34371.21337725544,60149.623410197026,60149.623410197026,68742.42675451087,42964.0167215693,68742.42675451087,17185.60668862772,51556.82006588317,51556.82006588317,42964.0167215693,,,,,,,,,,,,,,,,,,,,,,,,,,,,,,,,,,,,,,,,,,,,,,,,,,,,,,,,,,,,,,,,,,,,,,,,,,,,,,,
,,,,,,,,,,,,,,,,,,,,,,,,,,,,,,,,,,,,,,,,,,,,,,,,,,,,,,,,,,,,,,,,,,,,,,,,51556.82006588317,17185.60668862772,25778.410032941585,51556.82006588317,42964.0167215693,25778.410032941585,34371.21337725544,42964.0167215693,85928.0334431386,68742.42675451087,34371.21337725544,25778.410032941585,34371.21337725544,77335.23009882474,68742.42675451087,34371.21337725544,25778.410032941585,51556.82006588317,77335.23009882474,42964.0167215693,77335.23009882474,68742.42675451087,25778.410032941585,17185.60668862772,51556.82006588317,42964.0167215693,34371.21337725544,68742.42675451087,42964.0167215693,68742.42675451087,77335.23009882474,60149.623410197026,42964.0167215693,34371.21337725544,34371.21337725544,42964.0167215693,51556.82006588317,60149.623410197026,60149.623410197026,60149.623410197026,51556.82006588317,68742.42675451087,94520.83678745247,68742.42675451087,17185.60668862772,34371.21337725544,25778.410032941585,51556.82006588317,60149.623410197026,42964.0167215693,42964.0167215693,25778.410032941585,68742.42675451087,51556.82006588317,34371.21337725544,51556.82006588317,34371.21337725544,68742.42675451087,42964.0167215693,51556.82006588317,85928.0334431386,77335.23009882474,77335.23009882474,103113.64013176634,51556.82006588317,77335.23009882474,68742.42675451087,25778.410032941585,34371.21337725544,103113.64013176634,85928.0334431386,77335.23009882474,60149.623410197026,60149.623410197026,42964.0167215693,60149.623410197026,85928.0334431386,17185.60668862772,68742.42675451087,42964.0167215693,85928.0334431386,85928.0334431386,68742.42675451087,42964.0167215693,42964.0167215693,51556.82006588317,42964.0167215693,34371.21337725544,34371.21337725544,51556.82006588317,85928.0334431386,42964.0167215693,77335.23009882474,60149.623410197026,51556.82006588317,25778.410032941585,68742.42675451087,60149.623410197026,120299.24682039405,60149.623410197026,17185.60668862772,42964.0167215693,77335.23009882474,34371.21337725544,,,,,,,,,,,,,,,,,,,,,,,,,,,,,,,,,,,,,,,,,,,,,,,,,,,,,,,,,,,,,,,,,,,,,,,,,,,,,,,,
,,,,,,,,,,,,,,,,,,,,,,,,,,,,,,,,,,,,,,,,,,,,,,,,,,,,,,,,,,,,,,,,,,,,,,,8592.80334431386,85928.0334431386,0.0,34371.21337725544,25778.410032941585,17185.60668862772,42964.0167215693,51556.82006588317,77335.23009882474,34371.21337725544,34371.21337725544,0.0,51556.82006588317,34371.21337725544,68742.42675451087,25778.410032941585,68742.42675451087,60149.623410197026,60149.623410197026,77335.23009882474,25778.410032941585,25778.410032941585,42964.0167215693,51556.82006588317,17185.60668862772,51556.82006588317,8592.80334431386,51556.82006588317,77335.23009882474,60149.623410197026,60149.623410197026,77335.23009882474,60149.623410197026,51556.82006588317,60149.623410197026,51556.82006588317,42964.0167215693,68742.42675451087,60149.623410197026,60149.623410197026,60149.623410197026,60149.623410197026,42964.0167215693,60149.623410197026,17185.60668862772,68742.42675451087,68742.42675451087,25778.410032941585,51556.82006588317,51556.82006588317,42964.0167215693,42964.0167215693,85928.0334431386,60149.623410197026,51556.82006588317,68742.42675451087,34371.21337725544,85928.0334431386,34371.21337725544,68742.42675451087,77335.23009882474,42964.0167215693,60149.623410197026,68742.42675451087,103113.64013176634,77335.23009882474,68742.42675451087,42964.0167215693,68742.42675451087,60149.623410197026,34371.21337725544,42964.0167215693,60149.623410197026,51556.82006588317,68742.42675451087,51556.82006588317,51556.82006588317,60149.623410197026,85928.0334431386,34371.21337725544,94520.83678745247,103113.64013176634,60149.623410197026,68742.42675451087,42964.0167215693,51556.82006588317,51556.82006588317,68742.42675451087,60149.623410197026,60149.623410197026,51556.82006588317,60149.623410197026,68742.42675451087,77335.23009882474,85928.0334431386,60149.623410197026,60149.623410197026,17185.60668862772,42964.0167215693,60149.623410197026,60149.623410197026,85928.0334431386,60149.623410197026,34371.21337725544,51556.82006588317,,,,,,,,,,,,,,,,,,,,,,,,,,,,,,,,,,,,,,,,,,,,,,,,,,,,,,,,,,,,,,,,,,,,,,,,,,,,,,,,
,,,,,,,,,,,,,,,,,,,,,,,,,,,,,,,,,,,,,,,,,,,,,,,,,,,,,,,,,,,,,,,,,,,,,,25778.410032941585,60149.623410197026,42964.0167215693,68742.42675451087,25778.410032941585,51556.82006588317,68742.42675451087,51556.82006588317,42964.0167215693,42964.0167215693,8592.80334431386,68742.42675451087,25778.410032941585,42964.0167215693,42964.0167215693,34371.21337725544,25778.410032941585,25778.410032941585,17185.60668862772,51556.82006588317,8592.80334431386,34371.21337725544,60149.623410197026,85928.0334431386,60149.623410197026,42964.0167215693,68742.42675451087,42964.0167215693,42964.0167215693,51556.82006588317,60149.623410197026,42964.0167215693,68742.42675451087,34371.21337725544,60149.623410197026,77335.23009882474,51556.82006588317,85928.0334431386,60149.623410197026,77335.23009882474,68742.42675451087,34371.21337725544,77335.23009882474,85928.0334431386,77335.23009882474,42964.0167215693,51556.82006588317,85928.0334431386,42964.0167215693,34371.21337725544,42964.0167215693,42964.0167215693,51556.82006588317,34371.21337725544,77335.23009882474,51556.82006588317,111706.44347608018,60149.623410197026,51556.82006588317,85928.0334431386,51556.82006588317,60149.623410197026,94520.83678745247,120299.24682039405,51556.82006588317,68742.42675451087,85928.0334431386,120299.24682039405,60149.623410197026,68742.42675451087,25778.410032941585,51556.82006588317,51556.82006588317,51556.82006588317,60149.623410197026,94520.83678745247,68742.42675451087,77335.23009882474,34371.21337725544,60149.623410197026,42964.0167215693,68742.42675451087,77335.23009882474,51556.82006588317,94520.83678745247,60149.623410197026,51556.82006588317,68742.42675451087,42964.0167215693,51556.82006588317,25778.410032941585,51556.82006588317,34371.21337725544,60149.623410197026,51556.82006588317,42964.0167215693,42964.0167215693,17185.60668862772,68742.42675451087,51556.82006588317,25778.410032941585,42964.0167215693,60149.623410197026,42964.0167215693,51556.82006588317,60149.623410197026,,,,,,,,,,,,,,,,,,,,,,,,,,,,,,,,,,,,,,,,,,,,,,,,,,,,,,,,,,,,,,,,,,,,,,,,,,,,,,,,
,,,,,,,,,,,,,,,,,,,,,,,,,,,,,,,,,,,,,,,,,,,,,,,,,,,,,,,,,,,,,,,,,,,,,,42964.0167215693,60149.623410197026,25778.410032941585,25778.410032941585,42964.0167215693,68742.42675451087,25778.410032941585,25778.410032941585,77335.23009882474,85928.0334431386,34371.21337725544,60149.623410197026,34371.21337725544,42964.0167215693,0.0,60149.623410197026,34371.21337725544,34371.21337725544,60149.623410197026,77335.23009882474,42964.0167215693,60149.623410197026,68742.42675451087,94520.83678745247,60149.623410197026,51556.82006588317,51556.82006588317,42964.0167215693,60149.623410197026,34371.21337725544,17185.60668862772,42964.0167215693,85928.0334431386,85928.0334431386,34371.21337725544,51556.82006588317,51556.82006588317,42964.0167215693,25778.410032941585,68742.42675451087,51556.82006588317,94520.83678745247,120299.24682039405,60149.623410197026,51556.82006588317,94520.83678745247,68742.42675451087,77335.23009882474,51556.82006588317,60149.623410197026,34371.21337725544,51556.82006588317,68742.42675451087,77335.23009882474,51556.82006588317,77335.23009882474,128892.05016470792,77335.23009882474,77335.23009882474,68742.42675451087,51556.82006588317,85928.0334431386,60149.623410197026,42964.0167215693,51556.82006588317,85928.0334431386,103113.64013176634,68742.42675451087,68742.42675451087,60149.623410197026,51556.82006588317,103113.64013176634,68742.42675451087,77335.23009882474,60149.623410197026,103113.64013176634,42964.0167215693,17185.60668862772,60149.623410197026,51556.82006588317,42964.0167215693,68742.42675451087,42964.0167215693,85928.0334431386,77335.23009882474,42964.0167215693,68742.42675451087,8592.80334431386,77335.23009882474,111706.44347608018,77335.23009882474,51556.82006588317,60149.623410197026,42964.0167215693,77335.23009882474,42964.0167215693,85928.0334431386,60149.623410197026,60149.623410197026,77335.23009882474,60149.623410197026,17185.60668862772,42964.0167215693,51556.82006588317,68742.42675451087,,,,,,,,,,,,,,,,,,,,,,,,,,,,,,,,,,,,,,,,,,,,,,,,,,,,,,,,,,,,,,,,,,,,,,,,,,,,,,,,,
,,,,,,,,,,,,,,,,,,,,,,,,,,,,,,,,,,,,,,,,,,,,,,,,,,,,,,,,,,,,,,,,,,,,,,68742.42675451087,25778.410032941585,51556.82006588317,,42964.0167215693,51556.82006588317,42964.0167215693,8592.80334431386,42964.0167215693,42964.0167215693,60149.623410197026,77335.23009882474,42964.0167215693,8592.80334431386,42964.0167215693,60149.623410197026,25778.410032941585,60149.623410197026,60149.623410197026,77335.23009882474,60149.623410197026,68742.42675451087,25778.410032941585,85928.0334431386,34371.21337725544,34371.21337725544,42964.0167215693,51556.82006588317,42964.0167215693,68742.42675451087,103113.64013176634,85928.0334431386,77335.23009882474,51556.82006588317,8592.80334431386,25778.410032941585,51556.82006588317,42964.0167215693,42964.0167215693,34371.21337725544,68742.42675451087,77335.23009882474,103113.64013176634,94520.83678745247,94520.83678745247,34371.21337725544,17185.60668862772,60149.623410197026,60149.623410197026,77335.23009882474,68742.42675451087,42964.0167215693,77335.23009882474,42964.0167215693,42964.0167215693,25778.410032941585,85928.0334431386,103113.64013176634,94520.83678745247,68742.42675451087,60149.623410197026,34371.21337725544,60149.623410197026,51556.82006588317,51556.82006588317,68742.42675451087,68742.42675451087,42964.0167215693,60149.623410197026,51556.82006588317,51556.82006588317,17185.60668862772,68742.42675451087,60149.623410197026,42964.0167215693,68742.42675451087,60149.623410197026,120299.24682039405,34371.21337725544,51556.82006588317,34371.21337725544,85928.0334431386,42964.0167215693,60149.623410197026,42964.0167215693,68742.42675451087,51556.82006588317,34371.21337725544,51556.82006588317,103113.64013176634,51556.82006588317,34371.21337725544,60149.623410197026,60149.623410197026,51556.82006588317,68742.42675451087,51556.82006588317,85928.0334431386,25778.410032941585,85928.0334431386,77335.23009882474,60149.623410197026,60149.623410197026,60149.623410197026,60149.623410197026,,,,,,,,,,,,,,,,,,,,,,,,,,,,,,,,,,,,,,,,,,,,,,,,,,,,,,,,,,,,,,,,,,,,,,,,,,,,,,,,,
,,,,,,,,,,,,,,,,,,,,,,,,,,,,,,,,,,,,,,,,,,,,,,,,,,,,,,,,,,,,,,,,,,,,,,,,,,,68742.42675451087,25778.410032941585,25778.410032941585,77335.23009882474,34371.21337725544,60149.623410197026,94520.83678745247,60149.623410197026,8592.80334431386,34371.21337725544,42964.0167215693,25778.410032941585,77335.23009882474,60149.623410197026,42964.0167215693,34371.21337725544,34371.21337725544,25778.410032941585,42964.0167215693,68742.42675451087,60149.623410197026,17185.60668862772,34371.21337725544,51556.82006588317,51556.82006588317,77335.23009882474,77335.23009882474,25778.410032941585,42964.0167215693,68742.42675451087,42964.0167215693,68742.42675451087,34371.21337725544,68742.42675451087,42964.0167215693,68742.42675451087,42964.0167215693,51556.82006588317,111706.44347608018,68742.42675451087,60149.623410197026,94520.83678745247,17185.60668862772,77335.23009882474,42964.0167215693,60149.623410197026,17185.60668862772,25778.410032941585,60149.623410197026,68742.42675451087,94520.83678745247,77335.23009882474,42964.0167215693,68742.42675451087,120299.24682039405,85928.0334431386,60149.623410197026,51556.82006588317,51556.82006588317,8592.80334431386,60149.623410197026,60149.623410197026,68742.42675451087,51556.82006588317,42964.0167215693,17185.60668862772,51556.82006588317,42964.0167215693,94520.83678745247,25778.410032941585,8592.80334431386,34371.21337725544,85928.0334431386,42964.0167215693,60149.623410197026,34371.21337725544,68742.42675451087,68742.42675451087,85928.0334431386,17185.60668862772,51556.82006588317,60149.623410197026,34371.21337725544,94520.83678745247,94520.83678745247,77335.23009882474,25778.410032941585,77335.23009882474,42964.0167215693,60149.623410197026,77335.23009882474,51556.82006588317,51556.82006588317,68742.42675451087,77335.23009882474,25778.410032941585,68742.42675451087,34371.21337725544,60149.623410197026,,,,,,,,,,,,,,,,,,,,,,,,,,,,,,,,,,,,,,,,,,,,,,,,,,,,,,,,,,,,,,,,,,,,,,,,,,,,,,,,,,
,,,,,,,,,,,,,,,,,,,,,,,,,,,,,,,,,,,,,,,,,,,,,,,,,,,,,,,,,,,,,,,,,,,,,,,,,,,,60149.623410197026,25778.410032941585,77335.23009882474,8592.80334431386,77335.23009882474,25778.410032941585,60149.623410197026,42964.0167215693,68742.42675451087,68742.42675451087,34371.21337725544,34371.21337725544,34371.21337725544,68742.42675451087,42964.0167215693,34371.21337725544,85928.0334431386,25778.410032941585,68742.42675451087,17185.60668862772,94520.83678745247,42964.0167215693,25778.410032941585,85928.0334431386,51556.82006588317,42964.0167215693,77335.23009882474,0.0,25778.410032941585,25778.410032941585,51556.82006588317,68742.42675451087,51556.82006588317,42964.0167215693,103113.64013176634,60149.623410197026,34371.21337725544,94520.83678745247,111706.44347608018,128892.05016470792,77335.23009882474,51556.82006588317,68742.42675451087,60149.623410197026,42964.0167215693,34371.21337725544,60149.623410197026,42964.0167215693,85928.0334431386,94520.83678745247,60149.623410197026,85928.0334431386,111706.44347608018,42964.0167215693,94520.83678745247,94520.83678745247,60149.623410197026,51556.82006588317,34371.21337725544,51556.82006588317,77335.23009882474,42964.0167215693,34371.21337725544,60149.623410197026,42964.0167215693,51556.82006588317,94520.83678745247,17185.60668862772,68742.42675451087,60149.623410197026,85928.0334431386,60149.623410197026,51556.82006588317,51556.82006588317,25778.410032941585,94520.83678745247,51556.82006588317,51556.82006588317,77335.23009882474,51556.82006588317,51556.82006588317,51556.82006588317,77335.23009882474,77335.23009882474,94520.83678745247,51556.82006588317,42964.0167215693,68742.42675451087,60149.623410197026,42964.0167215693,25778.410032941585,68742.42675451087,103113.64013176634,51556.82006588317,8592.80334431386,103113.64013176634,77335.23009882474,34371.21337725544,,,,,,,,,,,,,,,,,,,,,,,,,,,,,,,,,,,,,,,,,,,,,,,,,,,,,,,,,,,,,,,,,,,,,,,,,,,,,,,,,,
,,,,,,,,,,,,,,,,,,,,,,,,,,,,,,,,,,,,,,,,,,,,,,,,,,,,,,,,,,,,,,,,,,,,,,,,,,,,,25778.410032941585,77335.23009882474,68742.42675451087,51556.82006588317,34371.21337725544,25778.410032941585,42964.0167215693,60149.623410197026,51556.82006588317,8592.80334431386,85928.0334431386,42964.0167215693,34371.21337725544,34371.21337725544,85928.0334431386,128892.05016470792,60149.623410197026,25778.410032941585,42964.0167215693,17185.60668862772,60149.623410197026,94520.83678745247,60149.623410197026,51556.82006588317,68742.42675451087,17185.60668862772,17185.60668862772,77335.23009882474,103113.64013176634,77335.23009882474,85928.0334431386,51556.82006588317,60149.623410197026,68742.42675451087,8592.80334431386,77335.23009882474,85928.0334431386,103113.64013176634,77335.23009882474,94520.83678745247,77335.23009882474,60149.623410197026,34371.21337725544,60149.623410197026,34371.21337725544,137484.85350902175,25778.410032941585,103113.64013176634,34371.21337725544,68742.42675451087,34371.21337725544,60149.623410197026,103113.64013176634,94520.83678745247,60149.623410197026,34371.21337725544,42964.0167215693,34371.21337725544,60149.623410197026,51556.82006588317,60149.623410197026,42964.0167215693,51556.82006588317,42964.0167215693,60149.623410197026,17185.60668862772,34371.21337725544,77335.23009882474,60149.623410197026,34371.21337725544,60149.623410197026,34371.21337725544,25778.410032941585,42964.0167215693,68742.42675451087,34371.21337725544,77335.23009882474,34371.21337725544,85928.0334431386,51556.82006588317,68742.42675451087,25778.410032941585,17185.60668862772,111706.44347608018,34371.21337725544,51556.82006588317,77335.23009882474,34371.21337725544,103113.64013176634,42964.0167215693,51556.82006588317,51556.82006588317,68742.42675451087,137484.85350902175,51556.82006588317,94520.83678745247,42964.0167215693,,,,,,,,,,,,,,,,,,,,,,,,,,,,,,,,,,,,,,,,,,,,,,,,,,,,,,,,,,,,,,,,,,,,,,,,,,,,,,,,,,
,,,,,,,,,,,,,,,,,,,,,,,,,,,,,,,,,,,,,,,,,,,,,,,,,,,,,,,,,,,,,,,,,,,,,,,,,,,,,,,34371.21337725544,34371.21337725544,,,34371.21337725544,34371.21337725544,,,42964.0167215693,51556.82006588317,60149.623410197026,68742.42675451087,60149.623410197026,128892.05016470792,60149.623410197026,60149.623410197026,34371.21337725544,42964.0167215693,17185.60668862772,60149.623410197026,17185.60668862772,51556.82006588317,42964.0167215693,51556.82006588317,68742.42675451087,34371.21337725544,68742.42675451087,60149.623410197026,51556.82006588317,68742.42675451087,68742.42675451087,85928.0334431386,42964.0167215693,60149.623410197026,111706.44347608018,60149.623410197026,120299.24682039405,94520.83678745247,34371.21337725544,77335.23009882474,51556.82006588317,51556.82006588317,85928.0334431386,42964.0167215693,42964.0167215693,85928.0334431386,120299.24682039405,94520.83678745247,85928.0334431386,42964.0167215693,51556.82006588317,60149.623410197026,120299.24682039405,42964.0167215693,25778.410032941585,60149.623410197026,68742.42675451087,85928.0334431386,68742.42675451087,42964.0167215693,60149.623410197026,77335.23009882474,68742.42675451087,34371.21337725544,85928.0334431386,60149.623410197026,25778.410032941585,25778.410032941585,77335.23009882474,60149.623410197026,42964.0167215693,60149.623410197026,60149.623410197026,51556.82006588317,77335.23009882474,34371.21337725544,68742.42675451087,34371.21337725544,25778.410032941585,25778.410032941585,51556.82006588317,25778.410032941585,68742.42675451087,34371.21337725544,42964.0167215693,42964.0167215693,60149.623410197026,51556.82006588317,51556.82006588317,77335.23009882474,68742.42675451087,34371.21337725544,120299.24682039405,25778.410032941585,,,,,,,,,,,,,,,,,,,,,,,,,,,,,,,,,,,,,,,,,,,,,,,,,,,,,,,,,,,,,,,,,,,,,,,,,,,,,,,,,,,
,,,,,,,,,,,,,,,,,,,,,,,,,,,,,,,,,,,,,,,,,,,,,,,,,,,,,,,,,,,,,,,,,,,,,,,,,,,,,,,,,,,,,,,,42964.0167215693,51556.82006588317,68742.42675451087,8592.80334431386,77335.23009882474,17185.60668862772,42964.0167215693,42964.0167215693,77335.23009882474,25778.410032941585,60149.623410197026,68742.42675451087,68742.42675451087,60149.623410197026,34371.21337725544,60149.623410197026,51556.82006588317,51556.82006588317,34371.21337725544,42964.0167215693,103113.64013176634,34371.21337725544,34371.21337725544,60149.623410197026,85928.0334431386,51556.82006588317,60149.623410197026,68742.42675451087,111706.44347608018,77335.23009882474,42964.0167215693,68742.42675451087,77335.23009882474,60149.623410197026,68742.42675451087,42964.0167215693,68742.42675451087,77335.23009882474,68742.42675451087,25778.410032941585,94520.83678745247,68742.42675451087,68742.42675451087,42964.0167215693,34371.21337725544,17185.60668862772,42964.0167215693,77335.23009882474,51556.82006588317,34371.21337725544,77335.23009882474,42964.0167215693,42964.0167215693,51556.82006588317,17185.60668862772,51556.82006588317,85928.0334431386,60149.623410197026,68742.42675451087,111706.44347608018,34371.21337725544,68742.42675451087,60149.623410197026,68742.42675451087,60149.623410197026,42964.0167215693,42964.0167215693,77335.23009882474,51556.82006588317,85928.0334431386,34371.21337725544,68742.42675451087,68742.42675451087,34371.21337725544,17185.60668862772,85928.0334431386,42964.0167215693,68742.42675451087,68742.42675451087,42964.0167215693,42964.0167215693,77335.23009882474,60149.623410197026,85928.0334431386,42964.0167215693,,,,,,,,,,,,,,,,,,,,,,,,,,,,,,,,,,,,,,,,,,,,,,,,,,,,,,,,,,,,,,,,,,,,,,,,,,,,,,,,,,,
,,,,,,,,,,,,,,,,,,,,,,,,,,,,,,,,,,,,,,,,,,,,,,,,,,,,,,,,,,,,,,,,,,,,,,,,,,,,,,,,,,,,,,,,,,42964.0167215693,60149.623410197026,42964.0167215693,85928.0334431386,34371.21337725544,68742.42675451087,42964.0167215693,51556.82006588317,34371.21337725544,42964.0167215693,51556.82006588317,25778.410032941585,42964.0167215693,25778.410032941585,42964.0167215693,68742.42675451087,68742.42675451087,34371.21337725544,77335.23009882474,51556.82006588317,51556.82006588317,68742.42675451087,85928.0334431386,68742.42675451087,25778.410032941585,68742.42675451087,34371.21337725544,60149.623410197026,34371.21337725544,51556.82006588317,17185.60668862772,60149.623410197026,42964.0167215693,77335.23009882474,85928.0334431386,77335.23009882474,51556.82006588317,77335.23009882474,42964.0167215693,85928.0334431386,34371.21337725544,94520.83678745247,51556.82006588317,42964.0167215693,34371.21337725544,77335.23009882474,85928.0334431386,60149.623410197026,42964.0167215693,25778.410032941585,42964.0167215693,94520.83678745247,51556.82006588317,51556.82006588317,68742.42675451087,42964.0167215693,34371.21337725544,34371.21337725544,25778.410032941585,17185.60668862772,42964.0167215693,60149.623410197026,60149.623410197026,42964.0167215693,60149.623410197026,51556.82006588317,68742.42675451087,77335.23009882474,85928.0334431386,68742.42675451087,51556.82006588317,77335.23009882474,42964.0167215693,51556.82006588317,60149.623410197026,51556.82006588317,51556.82006588317,77335.23009882474,68742.42675451087,34371.21337725544,68742.42675451087,68742.42675451087,42964.0167215693,,,,,,,,,,,,,,,,,,,,,,,,,,,,,,,,,,,,,,,,,,,,,,,,,,,,,,,,,,,,,,,,,,,,,,,,,,,,,,,,,,,
,,,,,,,,,,,,,,,,,,,,,,,,,,,,,,,,,,,,,,,,,,,,,,,,,,,,,,,,,,,,,,,,,,,,,,,,,,,,,,,,,,,,,,,,,,,,,34371.21337725544,25778.410032941585,51556.82006588317,60149.623410197026,60149.623410197026,25778.410032941585,42964.0167215693,51556.82006588317,42964.0167215693,25778.410032941585,68742.42675451087,42964.0167215693,60149.623410197026,94520.83678745247,77335.23009882474,51556.82006588317,77335.23009882474,94520.83678745247,77335.23009882474,85928.0334431386,42964.0167215693,34371.21337725544,51556.82006588317,25778.410032941585,77335.23009882474,111706.44347608018,68742.42675451087,42964.0167215693,51556.82006588317,51556.82006588317,60149.623410197026,25778.410032941585,68742.42675451087,77335.23009882474,94520.83678745247,25778.410032941585,77335.23009882474,25778.410032941585,85928.0334431386,51556.82006588317,68742.42675451087,51556.82006588317,68742.42675451087,51556.82006588317,68742.42675451087,103113.64013176634,42964.0167215693,51556.82006588317,25778.410032941585,77335.23009882474,25778.410032941585,42964.0167215693,25778.410032941585,51556.82006588317,51556.82006588317,60149.623410197026,34371.21337725544,68742.42675451087,60149.623410197026,60149.623410197026,68742.42675451087,68742.42675451087,42964.0167215693,77335.23009882474,51556.82006588317,25778.410032941585,85928.0334431386,60149.623410197026,51556.82006588317,51556.82006588317,94520.83678745247,42964.0167215693,68742.42675451087,94520.83678745247,17185.60668862772,94520.83678745247,68742.42675451087,60149.623410197026,60149.623410197026,34371.21337725544,,,,,,,,,,,,,,,,,,,,,,,,,,,,,,,,,,,,,,,,,,,,,,,,,,,,,,,,,,,,,,,,,,,,,,,,,,,,,,,,,,,
,,,,,,,,,,,,,,,,,,,,,,,,,,,,,,,,,,,,,,,,,,,,,,,,,,,,,,,,,,,,,,,,,,,,,,,,,,,,,,,,,,,,,,,,,,,,,,34371.21337725544,34371.21337725544,34371.21337725544,34371.21337725544,34371.21337725544,51556.82006588317,60149.623410197026,42964.0167215693,42964.0167215693,42964.0167215693,34371.21337725544,34371.21337725544,68742.42675451087,51556.82006588317,60149.623410197026,42964.0167215693,42964.0167215693,34371.21337725544,25778.410032941585,60149.623410197026,51556.82006588317,34371.21337725544,51556.82006588317,60149.623410197026,42964.0167215693,42964.0167215693,17185.60668862772,42964.0167215693,34371.21337725544,51556.82006588317,42964.0167215693,25778.410032941585,42964.0167215693,51556.82006588317,68742.42675451087,68742.42675451087,68742.42675451087,34371.21337725544,34371.21337725544,51556.82006588317,77335.23009882474,60149.623410197026,51556.82006588317,34371.21337725544,25778.410032941585,42964.0167215693,42964.0167215693,42964.0167215693,60149.623410197026,34371.21337725544,25778.410032941585,17185.60668862772,25778.410032941585,25778.410032941585,25778.410032941585,42964.0167215693,51556.82006588317,51556.82006588317,51556.82006588317,51556.82006588317,60149.623410197026,60149.623410197026,25778.410032941585,51556.82006588317,34371.21337725544,51556.82006588317,77335.23009882474,51556.82006588317,51556.82006588317,111706.44347608018,25778.410032941585,77335.23009882474,42964.0167215693,77335.23009882474,34371.21337725544,42964.0167215693,42964.0167215693,103113.64013176634,17185.60668862772,,,,,,,,,,,,,,,,,,,,,,,,,,,,,,,,,,,,,,,,,,,,,,,,,,,,,,,,,,,,,,,,,,,,,,,,,,,,,,,,,,,
,,,,,,,,,,,,,,,,,,,,,,,,,,,,,,,,,,,,,,,,,,,,,,,,,,,,,,,,,,,,,,,,,,,,,,,,,,,,,,,,,,,,,,,,,,,,,,60149.623410197026,42964.0167215693,51556.82006588317,42964.0167215693,34371.21337725544,51556.82006588317,68742.42675451087,68742.42675451087,60149.623410197026,68742.42675451087,60149.623410197026,103113.64013176634,51556.82006588317,42964.0167215693,85928.0334431386,51556.82006588317,42964.0167215693,85928.0334431386,77335.23009882474,51556.82006588317,25778.410032941585,34371.21337725544,34371.21337725544,77335.23009882474,25778.410032941585,42964.0167215693,103113.64013176634,42964.0167215693,68742.42675451087,60149.623410197026,60149.623410197026,51556.82006588317,68742.42675451087,42964.0167215693,68742.42675451087,60149.623410197026,25778.410032941585,51556.82006588317,17185.60668862772,60149.623410197026,42964.0167215693,51556.82006588317,51556.82006588317,68742.42675451087,60149.623410197026,42964.0167215693,60149.623410197026,77335.23009882474,51556.82006588317,68742.42675451087,42964.0167215693,51556.82006588317,17185.60668862772,68742.42675451087,51556.82006588317,60149.623410197026,60149.623410197026,68742.42675451087,34371.21337725544,42964.0167215693,77335.23009882474,51556.82006588317,77335.23009882474,85928.0334431386,94520.83678745247,34371.21337725544,51556.82006588317,34371.21337725544,68742.42675451087,42964.0167215693,51556.82006588317,51556.82006588317,77335.23009882474,42964.0167215693,85928.0334431386,68742.42675451087,34371.21337725544,94520.83678745247,,,,,,,,,,,,,,,,,,,,,,,,,,,,,,,,,,,,,,,,,,,,,,,,,,,,,,,,,,,,,,,,,,,,,,,,,,,,,,,,,,,,
,,,,,,,,,,,,,,,,,,,,,,,,,,,,,,,,,,,,,,,,,,,,,,,,,,,,,,,,,,,,,,,,,,,,,,,,,,,,,,,,,,,,,,,,,,,,,,,,,,77335.23009882474,51556.82006588317,42964.0167215693,85928.0334431386,34371.21337725544,60149.623410197026,51556.82006588317,68742.42675451087,25778.410032941585,42964.0167215693,51556.82006588317,68742.42675451087,34371.21337725544,68742.42675451087,17185.60668862772,17185.60668862772,42964.0167215693,77335.23009882474,60149.623410197026,42964.0167215693,68742.42675451087,25778.410032941585,25778.410032941585,85928.0334431386,51556.82006588317,51556.82006588317,51556.82006588317,51556.82006588317,68742.42675451087,42964.0167215693,25778.410032941585,34371.21337725544,68742.42675451087,34371.21337725544,77335.23009882474,94520.83678745247,17185.60668862772,42964.0167215693,60149.623410197026,17185.60668862772,25778.410032941585,85928.0334431386,25778.410032941585,77335.23009882474,34371.21337725544,25778.410032941585,17185.60668862772,51556.82006588317,42964.0167215693,42964.0167215693,25778.410032941585,34371.21337725544,8592.80334431386,68742.42675451087,25778.410032941585,85928.0334431386,68742.42675451087,85928.0334431386,17185.60668862772,60149.623410197026,42964.0167215693,60149.623410197026,51556.82006588317,51556.82006588317,51556.82006588317,51556.82006588317,77335.23009882474,17185.60668862772,34371.21337725544,42964.0167215693,42964.0167215693,85928.0334431386,77335.23009882474,42964.0167215693,,,,,,,,,,,,,,,,,,,,,,,,,,,,,,,,,,,,,,,,,,,,,,,,,,,,,,,,,,,,,,,,,,,,,,,,,,,,,,,,,,,,
,,,,,,,,,,,,,,,,,,,,,,,,,,,,,,,,,,,,,,,,,,,,,,,,,,,,,,,,,,,,,,,,,,,,,,,,,,,,,,,,,,,,,,,,,,,,,,,,,,25778.410032941585,51556.82006588317,51556.82006588317,34371.21337725544,42964.0167215693,60149.623410197026,42964.0167215693,85928.0334431386,51556.82006588317,51556.82006588317,25778.410032941585,51556.82006588317,60149.623410197026,51556.82006588317,34371.21337725544,68742.42675451087,68742.42675451087,42964.0167215693,34371.21337725544,34371.21337725544,111706.44347608018,85928.0334431386,60149.623410197026,68742.42675451087,0.0,77335.23009882474,42964.0167215693,34371.21337725544,34371.21337725544,94520.83678745247,,,60149.623410197026,17185.60668862772,25778.410032941585,34371.21337725544,25778.410032941585,25778.410032941585,60149.623410197026,,,17185.60668862772,42964.0167215693,25778.410032941585,25778.410032941585,42964.0167215693,60149.623410197026,60149.623410197026,60149.623410197026,103113.64013176634,68742.42675451087,51556.82006588317,42964.0167215693,85928.0334431386,51556.82006588317,51556.82006588317,51556.82006588317,60149.623410197026,68742.42675451087,17185.60668862772,42964.0167215693,42964.0167215693,128892.05016470792,85928.0334431386,42964.0167215693,34371.21337725544,17185.60668862772,68742.42675451087,34371.21337725544,103113.64013176634,17185.60668862772,68742.42675451087,25778.410032941585,,,,,,,,,,,,,,,,,,,,,,,,,,,,,,,,,,,,,,,,,,,,,,,,,,,,,,,,,,,,,,,,,,,,,,,,,,,,,,,,,,,,,
,,,,,,,,,,,,,,,,,,,,,,,,,,,,,,,,,,,,,,,,,,,,,,,,,,,,,,,,,,,,,,,,,,,,,,,,,,,,,,,,,,,,,,,,,,,,,,,,,,,,,,,,34371.21337725544,51556.82006588317,51556.82006588317,34371.21337725544,8592.80334431386,85928.0334431386,103113.64013176634,25778.410032941585,42964.0167215693,85928.0334431386,60149.623410197026,68742.42675451087,25778.410032941585,60149.623410197026,17185.60668862772,42964.0167215693,25778.410032941585,85928.0334431386,51556.82006588317,,,68742.42675451087,51556.82006588317,,,,17185.60668862772,42964.0167215693,,,,42964.0167215693,34371.21337725544,,,,,25778.410032941585,60149.623410197026,42964.0167215693,51556.82006588317,51556.82006588317,51556.82006588317,85928.0334431386,42964.0167215693,42964.0167215693,25778.410032941585,42964.0167215693,25778.410032941585,42964.0167215693,42964.0167215693,42964.0167215693,77335.23009882474,51556.82006588317,34371.21337725544,17185.60668862772,60149.623410197026,25778.410032941585,51556.82006588317,120299.24682039405,42964.0167215693,68742.42675451087,51556.82006588317,42964.0167215693,60149.623410197026,,,,,,,,,,,,,,,,,,,,,,,,,,,,,,,,,,,,,,,,,,,,,,,,,,,,,,,,,,,,,,,,,,,,,,,,,,,,,,,,,,,,,,,
,,,,,,,,,,,,,,,,,,,,,,,,,,,,,,,,,,,,,,,,,,,,,,,,,,,,,,,,,,,,,,,,,,,,,,,,,,,,,,,,,,,,,,,,,,,,,,,,,,,,,,,,,,77335.23009882474,42964.0167215693,85928.0334431386,94520.83678745247,68742.42675451087,42964.0167215693,103113.64013176634,77335.23009882474,34371.21337725544,51556.82006588317,25778.410032941585,17185.60668862772,34371.21337725544,51556.82006588317,42964.0167215693,25778.410032941585,,,,,,,,60149.623410197026,85928.0334431386,42964.0167215693,,,,,60149.623410197026,,,,,77335.23009882474,25778.410032941585,51556.82006588317,25778.410032941585,42964.0167215693,34371.21337725544,34371.21337725544,77335.23009882474,68742.42675451087,17185.60668862772,25778.410032941585,51556.82006588317,68742.42675451087,51556.82006588317,51556.82006588317,25778.410032941585,17185.60668862772,60149.623410197026,77335.23009882474,42964.0167215693,77335.23009882474,25778.410032941585,42964.0167215693,68742.42675451087,77335.23009882474,60149.623410197026,25778.410032941585,60149.623410197026,,,,,,,,,,,,,,,,,,,,,,,,,,,,,,,,,,,,,,,,,,,,,,,,,,,,,,,,,,,,,,,,,,,,,,,,,,,,,,,,,,,,,,,
,,,,,,,,,,,,,,,,,,,,,,,,,,,,,,,,,,,,,,,,,,,,,,,,,,,,,,,,,,,,,,,,,,,,,,,,,,,,,,,,,,,,,,,,,,,,,,,,,,,,,,,,,,,34371.21337725544,17185.60668862772,34371.21337725544,17185.60668862772,42964.0167215693,94520.83678745247,34371.21337725544,17185.60668862772,51556.82006588317,51556.82006588317,68742.42675451087,77335.23009882474,60149.623410197026,51556.82006588317,34371.21337725544,34371.21337725544,,,,,42964.0167215693,85928.0334431386,25778.410032941585,51556.82006588317,68742.42675451087,,,,,,,,,,42964.0167215693,51556.82006588317,34371.21337725544,51556.82006588317,,,42964.0167215693,42964.0167215693,25778.410032941585,51556.82006588317,25778.410032941585,60149.623410197026,42964.0167215693,68742.42675451087,34371.21337725544,34371.21337725544,42964.0167215693,51556.82006588317,25778.410032941585,68742.42675451087,34371.21337725544,25778.410032941585,34371.21337725544,42964.0167215693,42964.0167215693,51556.82006588317,68742.42675451087,,,,,,,,,,,,,,,,,,,,,,,,,,,,,,,,,,,,,,,,,,,,,,,,,,,,,,,,,,,,,,,,,,,,,,,,,,,,,,,,,,,,,,,,
,,,,,,,,,,,,,,,,,,,,,,,,,,,,,,,,,,,,,,,,,,,,,,,,,,,,,,,,,,,,,,,,,,,,,,,,,,,,,,,,,,,,,,,,,,,,,,,,,,,,,,,,,,,77335.23009882474,68742.42675451087,60149.623410197026,68742.42675451087,17185.60668862772,25778.410032941585,42964.0167215693,34371.21337725544,68742.42675451087,17185.60668862772,,25778.410032941585,42964.0167215693,42964.0167215693,42964.0167215693,60149.623410197026,42964.0167215693,25778.410032941585,,,34371.21337725544,34371.21337725544,51556.82006588317,25778.410032941585,51556.82006588317,34371.21337725544,60149.623410197026,,,,,,,,,34371.21337725544,51556.82006588317,51556.82006588317,,,,60149.623410197026,42964.0167215693,60149.623410197026,34371.21337725544,8592.80334431386,25778.410032941585,17185.60668862772,120299.24682039405,51556.82006588317,77335.23009882474,77335.23009882474,68742.42675451087,68742.42675451087,42964.0167215693,60149.623410197026,42964.0167215693,,68742.42675451087,,,,,,,,,,,,,,,,,,,,,,,,,,,,,,,,,,,,,,,,,,,,,,,,,,,,,,,,,,,,,,,,,,,,,,,,,,,,,,,,,,,,,,,,,,
,,,,,,,,,,,,,,,,,,,,,,,,,,,,,,,,,,,,,,,,,,,,,,,,,,,,,,,,,,,,,,,,,,,,,,,,,,,,,,,,,,,,,,,,,,,,,,,,,,,,,,,,,,60149.623410197026,60149.623410197026,42964.0167215693,42964.0167215693,,,,42964.0167215693,60149.623410197026,42964.0167215693,,,,,,,17185.60668862772,42964.0167215693,85928.0334431386,,,,,34371.21337725544,60149.623410197026,68742.42675451087,51556.82006588317,51556.82006588317,,,,,,,,,51556.82006588317,17185.60668862772,60149.623410197026,42964.0167215693,,,,42964.0167215693,34371.21337725544,51556.82006588317,51556.82006588317,42964.0167215693,51556.82006588317,60149.623410197026,34371.21337725544,42964.0167215693,111706.44347608018,60149.623410197026,68742.42675451087,85928.0334431386,34371.21337725544,25778.410032941585,,,,,,,,,,,,,,,,,,,,,,,,,,,,,,,,,,,,,,,,,,,,,,,,,,,,,,,,,,,,,,,,,,,,,,,,,,,,,,,,,,,,,,,,,,,,
,,,,,,,,,,,,,,,,,,,,,,,,,,,,,,,,,,,,,,,,,,,,,,,,,,,,,,,,,,,,,,,,,,,,,,,,,,,,,,,,,,,,,,,,,,,,,,,,,,,,,,,,,,,,,,,,,42964.0167215693,34371.21337725544,17185.60668862772,,,,,,,,,,,,,,60149.623410197026,34371.21337725544,77335.23009882474,42964.0167215693,,,,,,,,,,60149.623410197026,42964.0167215693,34371.21337725544,,,,25778.410032941585,60149.623410197026,94520.83678745247,42964.0167215693,51556.82006588317,51556.82006588317,68742.42675451087,68742.42675451087,34371.21337725544,25778.410032941585,60149.623410197026,8592.80334431386,34371.21337725544,77335.23009882474,60149.623410197026,51556.82006588317,,,,,,,,,,,,,,,,,,,,,,,,,,,,,,,,,,,,,,,,,,,,,,,,,,,,,,,,,,,,,,,,,,,,,,,,,,,,,,,,,,,,,,,,,,,,
,,,,,,,,,,,,,,,,,,,,,,,,,,,,,,,,,,,,,,,,,,,,,,,,,,,,,,,,,,,,,,,,,,,,,,,,,,,,,,,,,,,,,,,,,,,,,,,,,,,,,,,,,,,,,,,,,51556.82006588317,77335.23009882474,51556.82006588317,,,,,,,,,,,,,,34371.21337725544,77335.23009882474,51556.82006588317,34371.21337725544,,,,,,,,,,,,,,,25778.410032941585,60149.623410197026,77335.23009882474,68742.42675451087,42964.0167215693,34371.21337725544,77335.23009882474,60149.623410197026,34371.21337725544,25778.410032941585,51556.82006588317,42964.0167215693,68742.42675451087,77335.23009882474,60149.623410197026,68742.42675451087,42964.0167215693,,,,,,,,,,,,,,,,,,,,,,,,,,,,,,,,,,,,,,,,,,,,,,,,,,,,,,,,,,,,,,,,,,,,,,,,,,,,,,,,,,,,,,,,,,,,
,,,,,,,,,,,,,,,,,,,,,,,,,,,,,,,,,,,,,,,,,,,,,,,,,,,,,,,,,,,,,,,,,,,,,,,,,,,,,,,,,,,,,,,,,,,,,,,,,,,,,,,,,,,,,,,,,,,34371.21337725544,,,,,,,,,,,,,,,,,,,,,,,,,,,,,,,,51556.82006588317,42964.0167215693,60149.623410197026,34371.21337725544,103113.64013176634,34371.21337725544,42964.0167215693,42964.0167215693,60149.623410197026,25778.410032941585,17185.60668862772,68742.42675451087,60149.623410197026,77335.23009882474,42964.0167215693,68742.42675451087,51556.82006588317,,,,,,,,,,,,,,,,,,,,,,,,,,,,,,,,,,,,,,,,,,,,,,,,,,,,,,,,,,,,,,,,,,,,,,,,,,,,,,,,,,,,,,,,,,,,
,,,,,,,,,,,,,,,,,,,,,,,,,,,,,,,,,,,,,,,,,,,,,,,,,,,,,,,,,,,,,,,,,,,,,,,,,,,,,,,,,,,,,,,,,,,,,,,,,,,,,,,,,,,,,,,,,,,,,,,,,,,,,,,,,,,,,,,,,,,,,,,,,,,60149.623410197026,60149.623410197026,68742.42675451087,60149.623410197026,60149.623410197026,77335.23009882474,77335.23009882474,25778.410032941585,34371.21337725544,85928.0334431386,25778.410032941585,51556.82006588317,34371.21337725544,17185.60668862772,25778.410032941585,51556.82006588317,,,,,,,,,,,,,,,,,,,,,,,,,,,,,,,,,,,,,,,,,,,,,,,,,,,,,,,,,,,,,,,,,,,,,,,,,,,,,,,,,,,,,,,,,,,,,
,,,,,,,,,,,,,,,,,,,,,,,,,,,,,,,,,,,,,,,,,,,,,,,,,,,,,,,,,,,,,,,,,,,,,,,,,,,,,,,,,,,,,,,,,,,,,,,,,,,,,,,,,,,,,,,,,,,,,,,,,,,,,,,,,,,,,,,,,,,,,,,,,,42964.0167215693,25778.410032941585,8592.80334431386,51556.82006588317,42964.0167215693,68742.42675451087,94520.83678745247,17185.60668862772,17185.60668862772,60149.623410197026,51556.82006588317,34371.21337725544,77335.23009882474,34371.21337725544,94520.83678745247,51556.82006588317,68742.42675451087,,,,,,,,,,,,,,,,,,,,,,,,,,,,,,,,,,,,,,,,,,,,,,,,,,,,,,,,,,,,,,,,,,,,,,,,,,,,,,,,,,,,,,,,,,,,,
,,,,,,,,,,,,,,,,,,,,,,,,,,,,,,,,,,,,,,,,,,,,,,,,,,,,,,,,,,,,,,,,,,,,,,,,,,,,,,,,,,,,,,,,,,,,,,,,,,,,,,,,,,,,,,,,,,,,,,,,,,,,,,,,,,,,,,,,,,,,,,,,,,51556.82006588317,68742.42675451087,51556.82006588317,17185.60668862772,60149.623410197026,25778.410032941585,17185.60668862772,42964.0167215693,25778.410032941585,42964.0167215693,42964.0167215693,51556.82006588317,68742.42675451087,34371.21337725544,85928.0334431386,51556.82006588317,51556.82006588317,,,,,,,,,,,,,,,,,,,,,,,,,,,,,,,,,,,,,,,,,,,,,,,,,,,,,,,,,,,,,,,,,,,,,,,,,,,,,,,,,,,,,,,,,,,,,
,,,,,,,,,,,,,,,,,,,,,,,,,,,,,,,,,,,,,,,,,,,,,,,,,,,,,,,,,,,,,,,,,,,,,,,,,,,,,,,,,,,,,,,,,,,,,,,,,,,,,,,,,,,,,,,,,,,,,,,,,,,,,,,,,,,,,,,,,,,,,,,,,,34371.21337725544,60149.623410197026,68742.42675451087,60149.623410197026,42964.0167215693,,,,60149.623410197026,68742.42675451087,42964.0167215693,77335.23009882474,51556.82006588317,8592.80334431386,8592.80334431386,34371.21337725544,42964.0167215693,,,,,,,,,,,,,,,,,,,,,,,,,,,,,,,,,,,,,,,,,,,,,,,,,,,,,,,,,,,,,,,,,,,,,,,,,,,,,,,,,,,,,,,,,,,,,
,,,,,,,,,,,,,,,,,,,,,,,,,,,,,,,,,,,,,,,,,,,,,,,,,,,,,,,,,,,,,,,,,,,,,,,,,,,,,,,,,,,,,,,,,,,,,,,,,,,,,,,,,,,,,,,,,,,,,,,,,,,,,,,,,,,,,,,,,,,,,,,,,,,42964.0167215693,34371.21337725544,51556.82006588317,51556.82006588317,42964.0167215693,,,,8592.80334431386,60149.623410197026,60149.623410197026,25778.410032941585,,60149.623410197026,68742.42675451087,,,,,,,,,,,,,,,,,,,,,,,,,,,,,,,,,,,,,,,,,,,,,,,,,,,,,,,,,,,,,,,,,,,,,,,,,,,,,,,,,,,,,,,,,,,,,,
,,,,,,,,,,,,,,,,,,,,,,,,,,,,,,,,,,,,,,,,,,,,,,,,,,,,,,,,,,,,,,,,,,,,,,,,,,,,,,,,,,,,,,,,,,,,,,,,,,,,,,,,,,,,,,,,,,,,,,,,,,,,,,,,,,,,,,,,,,,,,,,,,,25778.410032941585,68742.42675451087,51556.82006588317,42964.0167215693,42964.0167215693,34371.21337725544,,,,60149.623410197026,60149.623410197026,34371.21337725544,25778.410032941585,,,,,,,,,,,,,,,,,,,,,,,,,,,,,,,,,,,,,,,,,,,,,,,,,,,,,,,,,,,,,,,,,,,,,,,,,,,,,,,,,,,,,,,,,,,,,,,,,
,,,,,,,,,,,,,,,,,,,,,,,,,,,,,,,,,,,,,,,,,,,,,,,,,,,,,,,,,,,,,,,,,,,,,,,,,,,,,,,,,,,,,,,,,,,,,,,,,,,,,,,,,,,,,,,,,,,,,,,,,,,,,,,,,,,,,,,,,,,,,,,,,,42964.0167215693,68742.42675451087,68742.42675451087,34371.21337725544,,,,,25778.410032941585,68742.42675451087,60149.623410197026,34371.21337725544,60149.623410197026,,,,,,,,,,,,,,,,,,,,,,,,,,,,,,,,,,,,,,,,,,,,,,,,,,,,,,,,,,,,,,,,,,,,,,,,,,,,,,,,,,,,,,,,,,,,,,,,,
,,,,,,,,,,,,,,,,,,,,,,,,,,,,,,,,,,,,,,,,,,,,,,,,,,,,,,,,,,,,,,,,,,,,,,,,,,,,,,,,,,,,,,,,,,,,,,,,,,,,,,,,,,,,,,,,,,,,,,,,,,,,,,,,,,,,,,,,,,,,,,,,,42964.0167215693,34371.21337725544,60149.623410197026,25778.410032941585,,,,34371.21337725544,51556.82006588317,60149.623410197026,51556.82006588317,42964.0167215693,,,,,,,,,,,,,,,,,,,,,,,,,,,,,,,,,,,,,,,,,,,,,,,,,,,,,,,,,,,,,,,,,,,,,,,,,,,,,,,,,,,,,,,,,,,,,,,,,,,
,,,,,,,,,,,,,,,,,,,,,,,,,,,,,,,,,,,,,,,,,,,,,,,,,,,,,,,,,,,,,,,,,,,,,,,,,,,,,,,,,,,,,,,,,,,,,,,,,,,,,,,,,,,,,,,,,,,,,,,,,,,,,,,,,,,,,,,,,,,,,,,,,,,,,,,,,42964.0167215693,17185.60668862772,,,,,,,,,,,,,,,,,,,,,,,,,,,,,,,,,,,,,,,,,,,,,,,,,,,,,,,,,,,,,,,,,,,,,,,,,,,,,,,,,,,,,,,,,,,,,,,,,,,,,
,,,,,,,,,,,,,,,,,,,,,,,,,,,,,,,,,,,,,,,,,,,,,,,,,,,,,,,,,,,,,,,,,,,,,,,,,,,,,,,,,,,,,,,,,,,,,,,,,,,,,,,,,,,,,,,,,,,,,,,,,,,,,,,,,,,,,,,,,,,,,,,,,,,,,,,,,,,,,,,,,,,,,,,,,,,,,,,,,,,,,,,,,,,,,,,,,,,,,,,,,,,,,,,,,,,,,,,,,,,,,,,,,,,,,,,,,,,,,,,,,,,,,,,,,,,,,,,
,,,,,,,,,,,,,,,,,,,,,,,,,,,,,,,,,,,,,,,,,,,,,,,,,,,,,,,,,,,,,,,,,,,,,,,,,,,,,,,,,,,,,,,,,,,,,,,,,,,,,,,,,,,,,,,,,,,,,,,,,,,,,,,,,,,,,,,,,,,,,,,,,,,,,,,,,,,,,,,,,,,,,,,,,,,,,,,,,,,,,,,,,,,,,,,,,,,,,,,,,,,,,,,,,,,,,,,,,,,,,,,,,,,,,,,,,,,,,,,,,,,,,,,,,,,,,,,
,,,,,,,,,,,,,,,,,,,,,,,,,,,,,,,,,,,,,,,,,,,,,,,,,,,,,,,,,,,,,,,,,,,,,,,,,,,,,,,,,,,,,,,,,,,,,,,,,,,,,,,,,,,,,,,,,,,,,,,,,,,,,,,,,,,,,,,,,,,,,,,,,,,,,,,,,,,,,,,,,,,,,,,,,,,,,,,,,,,,,,,,,,,,,,,,,,,,,,,,,,,,,,,,,,,,,,,,,,,,,,,,,,,,,,,,,,,,,,,,,,,,,,,,,,,,,,,
,,,,,,,,,,,,,,,,,,,,,,,,,,,,,,,,,,,,,,,,,,,,,,,,,,,,,,,,,,,,,,,,,,,,,,,,,,,,,,,,,,,,,,,,,,,,,,,,,,,,,,,,,,,,,,,,,,,,,,,,,,,,,,,,,,,,,,,,,,,,,,,,,,,,,,,,,,,,,,,,,,,,,,,,,,,,,,,,,,,,,,,,,,,,,,,,,,,,,,,,,,,,,,,,,,,,,,,,,,,,,,,,,,,,,,,,,,,,,,,,,,,,,,,,,,,,,,,
,,,,,,,,,,,,,,,,,,,,,,,,,,,,,,,,,,,,,,,,,,,,,,,,,,,,,,,,,,,,,,,,,,,,,,,,,,,,,,,,,,,,,,,,,,,,,,,,,,,,,,,,,,,,,,,,,,,,,,,,,,,,,,,,,,,,,,,,,,,,,,,,,,,,,,,,,,,,,,,,,,,,,,,,,,,,,,,,,,,,,,,,,,,,,,,,,,,,,,,,,,,,,,,,,,,,,,,,,,,,,,,,,,,,,,,,,,,,,,,,,,,,,,,,,,,,,,,
,,,,,,,,,,,,,,,,,,,,,,,,,,,,,,,,,,,,,,,,,,,,,,,,,,,,,,,,,,,,,,,,,,,,,,,,,,,,,,,,,,,,,,,,,,,,,,,,,,,,,,,,,,,,,,,,,,,,,,,,,,,,,,,,,,,,,,,,,,,,,,,,,,,,,,,,,,,,,,,,,,,,,,,,,,,,,,,,,,,,,,,,,,,,,,,,,,,,,,,,,,,,,,,,,,,,,,,,,,,,,,,,,,,,,,,,,,,,,,,,,,,,,,,,,,,,,,,
,,,,,,,,,,,,,,,,,,,,,,,,,,,,,,,,,,,,,,,,,,,,,,,,,,,,,,,,,,,,,,,,,,,,,,,,,,,,,,,,,,,,,,,,,,,,,,,,,,,,,,,,,,,,,,,,,,,,,,,,,,,,,,,,,,,,,,,,,,,,,,,,,,,,,,,,,,,,,,,,,,,,,,,,,,,,,,,,,,,,,,,,,,,,,,,,,,,,,,,,,,,,,,,,,,,,,,,,,,,,,,,,,,,,,,,,,,,,,,,,,,,,,,,,,,,,,,,
,,,,,,,,,,,,,,,,,,,,,,,,,,,,,,,,,,,,,,,,,,,,,,,,,,,,,,,,,,,,,,,,,,,,,,,,,,,,,,,,,,,,,,,,,,,,,,,,,,,,,,,,,,,,,,,,,,,,,,,,,,,,,,,,,,,,,,,,,,,,,,,,,,,,,,,,,,,,,,,,,,,,,,,,,,,,,,,,,,,,,,,,,,,,,,,,,,,,,,,,,,,,,,,,,,,,,,,,,,,,,,,,,,,,,,,,,,,,,,,,,,,,,,,,,,,,,,,
,,,,,,,,,,,,,,,,,,,,,,,,,,,,,,,,,,,,,,,,,,,,,,,,,,,,,,,,,,,,,,,,,,,,,,,,,,,,,,,,,,,,,,,,,,,,,,,,,,,,,,,,,,,,,,,,,,,,,,,,,,,,,,,,,,,,,,,,,,,,,,,,,,,,,,,,,,,,,,,,,,,,,,,,,,,,,,,,,,,,,,,,,,,,,,,,,,,,,,,,,,,,,,,,,,,,,,,,,,,,,,,,,,,,,,,,,,,,,,,,,,,,,,,,,,,,,,,
,,,,,,,,,,,,,,,,,,,,,,,,,,,,,,,,,,,,,,,,,,,,,,,,,,,,,,,,,,,,,,,,,,,,,,,,,,,,,,,,,,,,,,,,,,,,,,,,,,,,,,,,,,,,,,,,,,,,,,,,,,,,,,,,,,,,,,,,,,,,,,,,,,,,,,,,,,,,,,,,,,,,,,,,,,,,,,,,,,,,,,,,,,,,,,,,,,,,,,,,,,,,,,,,,,,,,,,,,,,,,,,,,,,,,,,,,,,,,,,,,,,,,,,,,,,,,,,
,,,,,,,,,,,,,,,,,,,,,,,,,,,,,,,,,,,,,,,,,,,,,,,,,,,,,,,,,,,,,,,,,,,,,,,,,,,,,,,,,,,,,,,,,,,,,,,,,,,,,,,,,,,,,,,,,,,,,,,,,,,,,,,,,,,,,,,,,,,,,,,,,,,,,,,,,,,,,,,,,,,,,,,,,,,,,,,,,,,,,,,,,,,,,,,,,,,,,,,,,,,,,,,,,,,,,,,,,,,,,,,,,,,,,,,,,,,,,,,,,,,,,,,,,,,,,,,
,,,,,,,,,,,,,,,,,,,,,,,,,,,,,,,,,,,,,,,,,,,,,,,,,,,,,,,,,,,,,,,,,,,,,,,,,,,,,,,,,,,,,,,,,,,,,,,,,,,,,,,,,,,,,,,,,,,,,,,,,,,,,,,,,,,,,,,,,,,,,,,,,,,,,,,,,,,,,,,,,,,,,,,,,,,,,,,,,,,,,,,,,,,,,,,,,,,,,,,,,,,,,,,,,,,,,,,,,,,,,,,,,,,,,,,,,,,,,,,,,,,,,,,,,,,,,,,
,,,,,,,,,,,,,,,,,,,,,,,,,,,,,,,,,,,,,,,,,,,,,,,,,,,,,,,,,,,,,,,,,,,,,,,,,,,,,,,,,,,,,,,,,,,,,,,,,,,,,,,,,,,,,,,,,,,,,,,,,,,,,,,,,,,,,,,,,,,,,,,,,,,,,,,,,,,,,,,,,,,,,,,,,,,,,,,,,,,,,,,,,,,,,,,,,,,,,,,,,,,,,,,,,,,,,,,,,,,,,,,,,,,,,,,,,,,,,,,,,,,,,,,,,,,,,,,
,,,,,,,,,,,,,,,,,,,,,,,,,,,,,,,,,,,,,,,,,,,,,,,,,,,,,,,,,,,,,,,,,,,,,,,,,,,,,,,,,,,,,,,,,,,,,,,,,,,,,,,,,,,,,,,,,,,,,,,,,,,,,,,,,,,,,,,,,,,,,,,,,,,,,,,,,,,,,,,,,,,,,,,,,,,,,,,,,,,,,,,,,,,,,,,,,,,,,,,,,,,,,,,,,,,,,,,,,,,,,,,,,,,,,,,,,,,,,,,,,,,,,,,,,,,,,,,
,,,,,,,,,,,,,,,,,,,,,,,,,,,,,,,,,,,,,,,,,,,,,,,,,,,,,,,,,,,,,,,,,,,,,,,,,,,,,,,,,,,,,,,,,,,,,,,,,,,,,,,,,,,,,,,,,,,,,,,,,,,,,,,,,,,,,,,,,,,,,,,,,,,,,,,,,,,,,,,,,,,,,,,,,,,,,,,,,,,,,,,,,,,,,,,,,,,,,,,,,,,,,,,,,,,,,,,,,,,,,,,,,,,,,,,,,,,,,,,,,,,,,,,,,,,,,,,
,,,,,,,,,,,,,,,,,,,,,,,,,,,,,,,,,,,,,,,,,,,,,,,,,,,,,,,,,,,,,,,,,,,,,,,,,,,,,,,,,,,,,,,,,,,,,,,,,,,,,,,,,,,,,,,,,,,,,,,,,,,,,,,,,,,,,,,,,,,,,,,,,,,,,,,,,,,,,,,,,,,,,,,,,,,,,,,,,,,,,,,,,,,,,,,,,,,,,,,,,,,,,,,,,,,,,,,,,,,,,,,,,,,,,,,,,,,,,,,,,,,,,,,,,,,,,,,
,,,,,,,,,,,,,,,,,,,,,,,,,,,,,,,,,,,,,,,,,,,,,,,,,,,,,,,,,,,,,,,,,,,,,,,,,,,,,,,,,,,,,,,,,,,,,,,,,,,,,,,,,,,,,,,,,,,,,,,,,,,,,,,,,,,,,,,,,,,,,,,,,,,,,,,,,,,,,,,,,,,,,,,,,,,,,,,,,,,,,,,,,,,,,,,,,,,,,,,,,,,,,,,,,,,,,,,,,,,,,,,,,,,,,,,,,,,,,,,,,,,,,,,,,,,,,,,
,,,,,,,,,,,,,,,,,,,,,,,,,,,,,,,,,,,,,,,,,,,,,,,,,,,,,,,,,,,,,,,,,,,,,,,,,,,,,,,,,,,,,,,,,,,,,,,,,,,,,,,,,,,,,,,,,,,,,,,,,,,,,,,,,,,,,,,,,,,,,,,,,,,,,,,,,,,,,,,,,,,,,,,,,,,,,,,,,,,,,,,,,,,,,,,,,,,,,,,,,,,,,,,,,,,,,,,,,,,,,,,,,,,,,,,,,,,,,,,,,,,,,,,,,,,,,,,
,,,,,,,,,,,,,,,,,,,,,,,,,,,,,,,,,,,,,,,,,,,,,,,,,,,,,,,,,,,,,,,,,,,,,,,,,,,,,,,,,,,,,,,,,,,,,,,,,,,,,,,,,,,,,,,,,,,,,,,,,,,,,,,,,,,,,,,,,,,,,,,,,,,,,,,,,,,,,,,,,,,,,,,,,,,,,,,,,,,,,,,,,,,,,,,,,,,,,,,,,,,,,,,,,,,,,,,,,,,,,,,,,,,,,,,,,,,,,,,,,,,,,,,,,,,,,,,
,,,,,,,,,,,,,,,,,,,,,,,,,,,,,,,,,,,,,,,,,,,,,,,,,,,,,,,,,,,,,,,,,,,,,,,,,,,,,,,,,,,,,,,,,,,,,,,,,,,,,,,,,,,,,,,,,,,,,,,,,,,,,,,,,,,,,,,,,,,,,,,,,,,,,,,,,,,,,,,,,,,,,,,,,,,,,,,,,,,,,,,,,,,,,,,,,,,,,,,,,,,,,,,,,,,,,,,,,,,,,,,,,,,,,,,,,,,,,,,,,,,,,,,,,,,,,,,
,,,,,,,,,,,,,,,,,,,,,,,,,,,,,,,,,,,,,,,,,,,,,,,,,,,,,,,,,,,,,,,,,,,,,,,,,,,,,,,,,,,,,,,,,,,,,,,,,,,,,,,,,,,,,,,,,,,,,,,,,,,,,,,,,,,,,,,,,,,,,,,,,,,,,,,,,,,,,,,,,,,,,,,,,,,,,,,,,,,,,,,,,,,,,,,,,,,,,,,,,,,,,,,,,,,,,,,,,,,,,,,,,,,,,,,,,,,,,,,,,,,,,,,,,,,,,,,
,,,,,,,,,,,,,,,,,,,,,,,,,,,,,,,,,,,,,,,,,,,,,,,,,,,,,,,,,,,,,,,,,,,,,,,,,,,,,,,,,,,,,,,,,,,,,,,,,,,,,,,,,,,,,,,,,,,,,,,,,,,,,,,,,,,,,,,,,,,,,,,,,,,,,,,,,,,,,,,,,,,,,,,,,,,,,,,,,,,,,,,,,,,,,,,,,,,,,,,,,,,,,,,,,,,,,,,,,,,,,,,,,,,,,,,,,,,,,,,,,,,,,,,,,,,,,,,
,,,,,,,,,,,,,,,,,,,,,,,,,,,,,,,,,,,,,,,,,,,,,,,,,,,,,,,,,,,,,,,,,,,,,,,,,,,,,,,,,,,,,,,,,,,,,,,,,,,,,,,,,,,,,,,,,,,,,,,,,,,,,,,,,,,,,,,,,,,,,,,,,,,,,,,,,,,,,,,,,,,,,,,,,,,,,,,,,,,,,,,,,,,,,,,,,,,,,,,,,,,,,,,,,,,,,,,,,,,,,,,,,,,,,,,,,,,,,,,,,,,,,,,,,,,,,,,
,,,,,,,,,,,,,,,,,,,,,,,,,,,,,,,,,,,,,,,,,,,,,,,,,,,,,,,,,,,,,,,,,,,,,,,,,,,,,,,,,,,,,,,,,,,,,,,,,,,,,,,,,,,,,,,,,,,,,,,,,,,,,,,,,,,,,,,,,,,,,,,,,,,,,,,,,,,,,,,,,,,,,,,,,,,,,,,,,,,,,,,,,,,,,,,,,,,,,,,,,,,,,,,,,,,,,,,,,,,,,,,,,,,,,,,,,,,,,,,,,,,,,,,,,,,,,,,
,,,,,,,,,,,,,,,,,,,,,,,,,,,,,,,,,,,,,,,,,,,,,,,,,,,,,,,,,,,,,,,,,,,,,,,,,,,,,,,,,,,,,,,,,,,,,,,,,,,,,,,,,,,,,,,,,,,,,,,,,,,,,,,,,,,,,,,,,,,,,,,,,,,,,,,,,,,,,,,,,,,,,,,,,,,,,,,,,,,,,,,,,,,,,,,,,,,,,,,,,,,,,,,,,,,,,,,,,,,,,,,,,,,,,,,,,,,,,,,,,,,,,,,,,,,,,,,
,,,,,,,,,,,,,,,,,,,,,,,,,,,,,,,,,,,,,,,,,,,,,,,,,,,,,,,,,,,,,,,,,,,,,,,,,,,,,,,,,,,,,,,,,,,,,,,,,,,,,,,,,,,,,,,,,,,,,,,,,,,,,,,,,,,,,,,,,,,,,,,,,,,,,,,,,,,,,,,,,,,,,,,,,,,,,,,,,,,,,,,,,,,,,,,,,,,,,,,,,,,,,,,,,,,,,,,,,,,,,,,,,,,,,,,,,,,,,,,,,,,,,,,,,,,,,,,
,,,,,,,,,,,,,,,,,,,,,,,,,,,,,,,,,,,,,,,,,,,,,,,,,,,,,,,,,,,,,,,,,,,,,,,,,,,,,,,,,,,,,,,,,,,,,,,,,,,,,,,,,,,,,,,,,,,,,,,,,,,,,,,,,,,,,,,,,,,,,,,,,,,,,,,,,,,,,,,,,,,,,,,,,,,,,,,,,,,,,,,,,,,,,,,,,,,,,,,,,,,,,,,,,,,,,,,,,,,,,,,,,,,,,,,,,,,,,,,,,,,,,,,,,,,,,,,
,,,,,,,,,,,,,,,,,,,,,,,,,,,,,,,,,,,,,,,,,,,,,,,,,,,,,,,,,,,,,,,,,,,,,,,,,,,,,,,,,,,,,,,,,,,,,,,,,,,,,,,,,,,,,,,,,,,,,,,,,,,,,,,,,,,,,,,,,,,,,,,,,,,,,,,,,,,,,,,,,,,,,,,,,,,,,,,,,,,,,,,,,,,,,,,,,,,,,,,,,,,,,,,,,,,,,,,,,,,,,,,,,,,,,,,,,,,,,,,,,,,,,,,,,,,,,,,
