,,,,,,,,,,,,,,,,,,,,,,,,,,,,,,,,,,,,,,,,,,,,,,,,,,,,,,,,,,,,,,,,,,,,,,,,,,,,,,,,,,,,,,,,,,,,,,,,,,,,,,,,,,,,,,,,,,,,,,,,,,,,,,,,,,,,,,,,,,,,,,,,,,,,,,,,,,,,,,,,,,,,,,,,,,,,,,,,,,,,,,,,,,,,,,,,,,,,,,,,,,,,,,,,,,,,,,,,,,,,,,,,,,,,,,,,,,,,,,,,,,,,,,,,,,,,,,,
,,,,,,,,,,,,,,,,,,,,,,,,,,,,,,,,,,,,,,,,,,,,,,,,,,,,,,,,,,,,,,,,,,,,,,,,,,,,,,,,,,,,,,,,,,,,,,,,,,,,,,,,,,,,,,,,,,,,,,,,,,,,,,,,,,,,,,,,,,,,,,,,,,,,,,,,,,,,,,,,,,,,,,,,,,,,,,,,,,,,,,,,,,,,,,,,,,,,,,,,,,,,,,,,,,,,,,,,,,,,,,,,,,,,,,,,,,,,,,,,,,,,,,,,,,,,,,,
,,,,,,,,,,,,,,,,,,,,,,,,,,,,,,,,,,,,,,,,,,,,,,,,,,,,,,,,,,,,,,,,,,,,,,,,,,,,,,,,,,,,,,,,,,,,,,,,,,,,,,,,,,,,,,,,,,,,,,,,,,,,,,,,,,,,,,,,,,,,,,,,,,,,,,,,,,,,,,,,,,,,,,,,,,,,,,,,,,,,,,,,,,,,,,,,,,,,,,,,,,,,,,,,,,,,,,,,,,,,,,,,,,,,,,,,,,,,,,,,,,,,,,,,,,,,,,,
,,,,,,,,,,,,,,,,,,,,,,,,,,,,,,,,,,,,,,,,,,,,,,,,,,,,,,,,,,,,,,,,,,,,,,,,,,,,,,,,,,,,,,,,,,,,,,,,,,,,,,,,,,,,,,,,,,,,,,,,,,,,,,,,,,,,,,,,,,,,,,,,,,,,,,,,,,,,,,,,,,,,,,,,,,,,,,,,,,,,,,,,,,,,,,,,,,,,,,,,,,,,,,,,,,,,,,,,,,,,,,,,,,,,,,,,,,,,,,,,,,,,,,,,,,,,,,,
,,,,,,,,,,,,,,,,,,,,,,,,,,,,,,,,,,,,,,,,,,,,,,,,,,,,,,,,,,,,,,,,,,,,,,,,,,,,,,,,,,,,,,,,,,,,,,,,,,,,,,,,,,,,,,,,,,,,,,,,,,,,,,,,,,,,,,,,,,,,,,,,,,,,,,,,,,,,,,,,,,,,,,,,,,,,,,,,,,,,,,,,,,,,,,,,,,,,,,,,,,,,,,,,,,,,,,,,,,,,,,,,,,,,,,,,,,,,,,,,,,,,,,,,,,,,,,,
,,,,,,,,,,,,,,,,,,,,,,,,,,,,,,,,,,,,,,,,,,,,,,,,,,,,,,,,,,,,,,,,,,,,,,,,,,,,,,,,,,,,,,,,,,,,,,,,,,,,,,,,,,,,,,,,,,,,,,,,,,,,,,,,,,,,,,,,,,,,,,,,,,,,,,,,,,,,,,,,,,,,,,,,,,,,,,,,,,,,,,,,,,,,,,,,,,,,,,,,,,,,,,,,,,,,,,,,,,,,,,,,,,,,,,,,,,,,,,,,,,,,,,,,,,,,,,,
,,,,,,,,,,,,,,,,,,,,,,,,,,,,,,,,,,,,,,,,,,,,,,,,,,,,,,,,,,,,,,,,,,,,,,,,,,,,,,,,,,,,,,,,,,,,,,,,,,,,,,,,,,,,,,,,,,,,,,,,,,,,,,,,,,,,,,,,,,,,,,,,,,,,,,,,,,,,,,,,,,,,,,,,,,,,,,,,,,,,,,,,,,,,,,,,,,,,,,,,,,,,,,,,,,,,,,,,,,,,,,,,,,,,,,,,,,,,,,,,,,,,,,,,,,,,,,,
,,,,,,,,,,,,,,,,,,,,,,,,,,,,,,,,,,,,,,,,,,,,,,,,,,,,,,,,,,,,,,,,,,,,,,,,,,,,,,,,,,,,,,,,,,,,,,,,,,,,,,,,,,,,,,,,,,,,,,,,,,,,,,,,,,,,,,,,,,,,,,,,,,,,,,,,,,,,,,,,,,,,,,,,,,,,,,,,,,,,,,,,,,,,,,,,,,,,,,,,,,,,,,,,,,,,,,,,,,,,,,,,,,,,,,,,,,,,,,,,,,,,,,,,,,,,,,,
,,,,,,,,,,,,,,,,,,,,,,,,,,,,,,,,,,,,,,,,,,,,,,,,,,,,,,,,,,,,,,,,,,,,,,,,,,,,,,,,,,,,,,,,,,,,,,,,,,,,,,,,,,,,,,,,,,,,,,,,,,,,,,,,,,,,,,,,,,,,,,,,,,,,,,,,,,,,,,,,,,,,,,,,,,,,,,,,,,,,,,,,,,,,,,,,,,,,,,,,,,,,,,,,,,,,,,,,,,,,,,,,,,,,,,,,,,,,,,,,,,,,,,,,,,,,,,,
,,,,,,,,,,,,,,,,,,,,,,,,,,,,,,,,,,,,,,,,,,,,,,,,,,,,,,,,,,,,,,,,,,,,,,,,,,,,,,,,,,,,,,,,,,,,,,,,,,,,,,,,,,,,,,,,,,,,,,,,,,,,,,,,,,,,,,,,,,,,,,,,,,,,,,,,,,,,,,,,,,,,,,,,,,,,,,,,,,,,,,,,,,,,,,,,,,,,,,,,,,,,,,,,,,,,,,,,,,,,,,,,,,,,,,,,,,,,,,,,,,,,,,,,,,,,,,,
,,,,,,,,,,,,,,,,,,,,,,,,,,,,,,,,,,,,,,,,,,,,,,,,,,,,,,,,,,,,,,,,,,,,,,,,,,,,,,,,,,,,,,,,,,,,,,,,,,,,,,,,,,,,,,,,,,,,,,,,,,,,,,,,,,,,,,,,,,,,,,,,,,,,,,,,,,,,,,,,,,,,,,,,,,,,,,,,,,,,,,,,,,,,,,,,,,,,,,,,,,,,,,,,,,,,,,,,,,,,,,,,,,,,,,,,,,,,,,,,,,,,,,,,,,,,,,,
,,,,,,,,,,,,,,,,,,,,,,,,,,,,,,,,,,,,,,,,,,,,,,,,,,,,,,,,,,,,,,,,,,,,,,,,,,,,,,,,,,,,,,,,,,,,,,,,,,,,,,,,,,,,,,,,,,,,,,,,,,,,,,,,,,,,,,,,,,,,,,,,,,,,,,,,,,,,,,,,,,,,,,,,,,,,,,,,,,,,,,,,,,,,,,,,,,,,,,,,,,,,,,,,,,,,,,,,,,,,,,,,,,,,,,,,,,,,,,,,,,,,,,,,,,,,,,,
,,,,,,,,,,,,,,,,,,,,,,,,,,,,,,,,,,,,,,,,,,,,,,,,,,,,,,,,,,,,,,,,,,,,,,,,,,,,,,,,,,,,,,,,,,,,,,,,,,,,,,,,,,,,,,,,,,,,,,,,,,,,,,,,,,,,,,,,,,,,,,,,,,,,,,,,,,,,,,,,,,,,,,,,,,,,,,,,,,,,,,,,,,,,,,,,,,,,,,,,,,,,,,,,,,,,,,,,,,,,,,,,,,,,,,,,,,,,,,,,,,,,,,,,,,,,,,,
,,,,,,,,,,,,,,,,,,,,,,,,,,,,,,,,,,,,,,,,,,,,,,,,,,,,,,,,,,,,,,,,,,,,,,,,,,,,,,,,,,,,,,,,,,,,,,,,,,,,,,,,,,,,,,,,,,,,,,,,,,,,,,,,,,,,,,,,,,,,,,,,,,,,,,,,,,,,,,,,,,,,,,,,,,,,,,,,,,,,,,,,,,,,,,,,,,,,,,,,,,,,,,,,,,,,,,,,,,,,,,,,,,,,,,,,,,,,,,,,,,,,,,,,,,,,,,,
,,,,,,,,,,,,,,,,,,,,,,,,,,,,,,,,,,,,,,,,,,,,,,,,,,,,,,,,,,,,,,,,,,,,,,,,,,,,,,,,,,,,,,,,,,,,,,,,,,,,,,,,,,,,,,,,,,,,,,,,,,,,,,,,,,,,,,,,,,,,,,,,,,,,,,,,,,,,,,,,,,,,,,,,,,,,,,,,,,,,,,,,,,,,,,,,,,,,,,,,,,,,,,,,,,,,,,,,,,,,,,,,,,,,,,,,,,,,,,,,,,,,,,,,,,,,,,,
,,,,,,,,,,,,,,,,,,,,,,,,,,,,,,,,,,,,,,,,,,,,,,,,,,,,,,,,,,,,,,,,,,,,,,,,,,,,,,,,,,,,,,,,,,,,,,,,,,,,,,,,,,,,,,,,,,,,,,,,,,,,,,,,,,,,,,,,,,,,,,,,,,,,,,,,,,,,,,,,,,,,,,,,,,,,,,,,,,,,,,,,,,,,,,,,,,,,,,,,,,,,,,,,,,,,,,,,,,,,,,,,,,,,,,,,,,,,,,,,,,,,,,,,,,,,,,,
,,,,,,,,,,,,,,,,,,,,,,,,,,,,,,,,,,,,,,,,,,,,,,,,,,,,,,,,,,,,,,,,,,,,,,,,,,,,,,,,,,,,,,,,,,,,,,,,,,,,,,,,,,,,,,,,,,,,,,,,,,,,,,,,,,,,,,,,,,,,,,,,,,,,,,,,,,,,,,,,,,,,,,,,,,,,,,,,,,,,,,,,,,,,,,,,,,,,,,,,,,,,,,,,,,,,,,,,,,,,,,,,,,,,,,,,,,,,,,,,,,,,,,,,,,,,,,,
,,,,,,,,,,,,,,,,,,,,,,,,,,,,,,,,,,,,,,,,,,,,,,,,,,,,,,,,,,,,,,,,,,,,,,,,,,,,,,,,,,,,,,,,,,,,,,,,,,,,,,,,,,,,,,,,,,,,,,,,,,,,,,,,,,,,,,,,,,,,,,,,,,,,,,,,,,,,,,,,,,,,,,,,,,,,,,,,,,,,,,,,,,,,,,,,,,,,,,,,,,,,,,,,,,,,,,,,,,,,,,,,,,,,,,,,,,,,,,,,,,,,,,,,,,,,,,,
,,,,,,,,,,,,,,,,,,,,,,,,,,,,,,,,,,,,,,,,,,,,,,,,,,,,,,,,,,,,,,,,,,,,,,,,,,,,,,,,,,,,,,,,,,,,,,,,,,,,,,,,,,,,,,,,,,,,,,,,,,,,,,,,,,,,,,,,,,,,,,,,,,,,,,,,,,,,,,,,,,,,,,,,,,,,,,,,,,,,,,,,,,,,,,,,,,,,,,,,,,,,,,,,,,,,,,,,,,,,,,,,,,,,,,,,,,,,,,,,,,,,,,,,,,,,,,,
,,,,,,,,,,,,,,,,,,,,,,,,,,,,,,,,,,,,,,,,,,,,,,,,,,,,,,,,,,,,,,,,,,,,,,,,,,,,,,,,,,,,,,,,,,,,,,,,,,,,,,,,,,,,,,,,,,,,,,,,,,,,,,,,,,,,,,,,,,,,,,,,,,,,,,,,,,,,,,,,,,,,,,,,,,,,,,,,,,,,,,,,,,,,,,,,,,,,,,,,,,,,,,,,,,,,,,,,,,,,,,,,,,,,,,,,,,,,,,,,,,,,,,,,,,,,,,,
,,,,,,,,,,,,,,,,,,,,,,,,,,,,,,,,,,,,,,,,,,,,,,,,,,,,,,,,,,,,,,,,,,,,,,,,,,,,,,,,,,,,,,,,,,,,,,,,,,,,,,,,,,,,,,,,,,,,,,,,,,,,,,,,,,,,,,,,,,,,,,,,,,,,,,,,,,,,,,,,,,,,,,,,,,,,,,,,,,,,,,,,,,,,,,,,,,,,,,,,,,,,,,,,,,,,,,,,,,,,,,,,,,,,,,,,,,,,,,,,,,,,,,,,,,,,,,,
,,,,,,,,,,,,,,,,,,,,,,,,,,,,,,,,,,,,,,,,,,,,,,,,,,,,,,,,,,,,,,,,,,,,,,,,,,,,,,,,,,,,,,,,,,,,,,,,,,,,,,,,,,,,,,,,,,,,,,,,,,,,,,,,,,,,,,,,,,,,,,,,,,,,,,,,,,,,,,,,,,,,,,,,,,,,,,,,,,,,,,,,,,,,,,,,,,,,,,,,,,,,,,,,,,,,,,,,,,,,,,,,,,,,,,,,,,,,,,,,,,,,,,,,,,,,,,,
,,,,,,,,,,,,,,,,,,,,,,,,,,,,,,,,,,,,,,,,,,,,,,,,,,,,,,,,,,,,,,,,,,,,,,,,,,,,,,,,,,,,,,,,,,,,,,,,,,,,,,,,,,,,,,,,,,,,,,,,,,,,,,,,,,,,,,,,,,,,,,,,,,,,,,,,,,,,,,,,,,,,,,,,,,,,,,,,,,,,,,,,,,,,,,,,,,,,,,,,,,,,,,,,,,,,,,,,,,,,,,,,,,,,,,,,,,,,,,,,,,,,,,,,,,,,,,,
,,,,,,,,,,,,,,,,,,,,,,,,,,,,,,,,,,,,,,,,,,,,,,,,,,,,,,,,,,,,,,,,,,,,,,,,,,,,,,,,,,,,,,,,,,,,,,,,,,,,,,,,,,,,,,,,,,,,,,,,,,,,,,,,,,,,,,,,,,,,,,,,,,,,,,,,,,,,,,,,,,,,,,,,,,,,,,,,,,,,,,,,,,,,,,,,,,,,,,,,,,,,,,,,,,,,,,,,,,,,,,,,,,,,,,,,,,,,,,,,,,,,,,,,,,,,,,,
,,,,,,,,,,,,,,,,,,,,,,,,,,,,,,,,,,,,,,,,,,,,,,,,,,,,,,,,,,,,,,,,,,,,,,,,,,,,,,,,,,,,,,,,,,,,,,,,,,,,,,,,,,,,,,,,,,,,,,,,,,,,,,,,,,,,,,,,,,,,,,,,,,,,,,,,,,,,,,,,,,,,,,,,,,,,,,,,,,,,,,,,,,,,,,,,,,,,,,,,,,,,,,,,,,,,,,,,,,,,,,,,,,,,,,,,,,,,,,,,,,,,,,,,,,,,,,,
,,,,,,,,,,,,,,,,,,,,,,,,,,,,,,,,,,,,,,,,,,,,,,,,,,,,,,,,,,,,,,,,,,,,,,,,,,,,,,,,,,,,,,,,,,,,,,,,,,,,,,,,,,,,,,,,,,,,,,,,,,,,,,,,,,,,,,,,,,,,,,,,,,,,,,,,,,,,,,,,,,,,,,,,,,,,,,,,,,,,,,,,,,,,,,,,,,,,,,,,,,,,,,,,,,,,,,,,,,,,,,,,,,,,,,,,,,,,,,,,,,,,,,,,,,,,,,,
,,,,,,,,,,,,,,,,,,,,,,,,,,,,,,,,,,,,,,,,,,,,,,,,,,,,,,,,,,,,,,,,,,,,,,,,,,,,,,,,,,,,,,,,,,,,,,,,,,,,,,,,,,,,,,,,,,,,,,,,,,,,,,,,,,,,,,,,,,,,,,,,,,,,,,,,,,,,,,,,,,,,,,,,,,,,,,,,,,,,,,,,,,,,,,,,,,,,,,,,,,,,,,,,,,,,,,,,,,,,,,,,,,,,,,,,,,,,,,,,,,,,,,,,,,,,,,,
,,,,,,,,,,,,,,,,,,,,,,,,,,,,,,,,,,,,,,,,,,,,,,,,,,,,,,,,,,,,,,,,,,,,,,,,,,,,,,,,,,,,,,,,,,,,,,,,,,,,,,,,,,,,,,,,,,,,,,,,,,,,,,,,,,,,,,,,,,,,,,,,,,,,,,,,,,,,,,,,,,,,,,,,,,,,,,,,,,,,,,,,,,,,,,,,,,,,,,,,,,,,,,,,,,,,,,,,,,,,,,,,,,,,,,,,,,,,,,,,,,,,,,,,,,,,,,,
,,,,,,,,,,,,,,,,,,,,,,,,,,,,,,,,,,,,,,,,,,,,,,,,,,,,,,,,,,,,,,,,,,,,,,,,,,,,,,,,,,,,,,,,,,,,,,,,,,,,,,,,,,,,,,,,,,,,,,,,,,,,,,,,,,,,,,,,,,,,,,,,,,,,,,,,,,,,,,,,,,,,,,,,,,,,,,,,,,,,,,,,,,,,,,,,,,,,,,,,,,,,,,,,,,,,,,,,,,,,,,,,,,,,,,,,,,,,,,,,,,,,,,,,,,,,,,,
,,,,,,,,,,,,,,,,,,,,,,,,,,,,,,,,,,,,,,,,,,,,,,,,,,,,,,,,,,,,,,,,,,,,,,,,,,,,,,,,,,,,,,,,,,,,,,,,,,,,,,,,,,,,,,,,,,,,,,,,,,,,,,,,,,,,,,,,,,,,,,,,,,,,,,,,,,,,,,,,,,,,,,,,,,,,,,,,,,,,,,,,,,,,,,,,,,,,,,,,,,,,,,,,,,,,,,,,,,,,,,,,,,,,,,,,,,,,,,,,,,,,,,,,,,,,,,,
,,,,,,,,,,,,,,,,,,,,,,,,,,,,,,,,,,,,,,,,,,,,,,,,,,,,,,,,,,,,,,,,,,,,,,,,,,,,,,,,,,,,,,,,,,,,,,,,,,,,,,,,,,,,,,,,,,,,,,,,,,,,,,,,,,,,,,,,,,,,,,,,,,,,,,,,,,,,,,,,,,,,,,,,,,,,,,,,,,,,,,,,,,,,,,,,,,,,,,,,,,,,,,,,,,,,,,,,,,,,,,,,,,,,,,,,,,,,,,,,,,,,,,,,,,,,,,,
,,,,,,,,,,,,,,,,,,,,,,,,,,,,,,,,,,,,,,,,,,,,,,,,,,,,,,,,,,,,,,,,,,,,,,,,,,,,,,,,,,,,,,,,,,,,,,,,,,,,,,,,,,,,,,,,,,,,,,,,,,,,,,,,,,,,,,,,,,,,,,,,,,,,,,,,,,,,,,,,,,,,,,,,,,,,,,,,,,,,,,,,,,,,,,,,,,,,,,,,,,,,,,,,,,,,,,,,,,,,,,,,,,,,,,,,,,,,,,,,,,,,,,,,,,,,,,,
,,,,,,,,,,,,,,,,,,,,,,,,,,,,,,,,,,,,,,,,,,,,,,,,,,,,,,,,,,,,,,,,,,,,,,,,,,,,,,,,,,,,,,,,,,,,,,,,,,,,,,,,3457.655248720668,10372.965746162005,,,,,,,,,,,,,,,,,,,,,,,,,,,,,,,,,,,,,,,,,,,,,,,,,,,,,,,,,,,,,,,,,,,,,,,,,,,,,,,,,,,,,,,,,,,,,,,,,,,,,,,,,,,,,,,,,,,,,,,,,,,,,,,,,,,,,,,,,,,,,,,,,,,,,,
,,,,,,,,,,,,,,,,,,,,,,,,,,,,,,,,,,,,,,,,,,,,,,,,,,,,,,,,,,,,,,,,,,,,,,,,,,,,,,,,,,,,,,,,,,,,,,,,,,,,,,,,8067.862247014892,5762.75874786778,,,,,2305.103499147112,,,,,,,,,,,,,,,,,,,,,,,,,,,,,,,,,,,,,,,,,,,,,,,,,,,,,,,,,,,,,,,,,,,,,,,,,,,,,,,,,,,,,,,,,,,,,,,,,,,,,,,,,,,,,,,,,,,,,,,,,,,,,,,,,,,,,,,,,,,,,,,,,
,,,,,,,,,,,,,,,,,,,,,,,,,,,,,,,,,,,,,,,,,,,,,,,,,,,,,,,,,,,,,,,,,,,,,,,,,,,,,,,,,,,,,,,,,,,,,,,,,,,,,,,,8067.862247014892,,,,2305.103499147112,4610.206998294224,9220.413996588448,5762.75874786778,,,,,,,,,,,,,,,,,,,,,,,,,,,,,,,,,,,,,,,,,,,,,,,,,,,,,,,,,,,,,,,,,,,,,,,,,,,,,,,,,,,,,,,,,,,,,,,,,,,,,,,,,,,,,,,,,,,,,,,,,,,,,,,,,,,,,,,,,,,,,,,,
,,,,,,,,,,,,,,,,,,,,,,,,,,,,,,,,,,,,,,,,,,,,,,,,,,,,,,,,,,,,,,,,,,,,,,,,,,,,,,,,,,,,,,,,,,,,,,,,,,,,,,,,5762.75874786778,,,,9220.413996588448,10372.965746162005,8067.862247014892,4610.206998294224,,,,,,,,,,,,,,,,,,,,,,,,,,,,,,,,,,,,,,,,,,,,,,,,,,,,,,,,,,,,,,,,,,,,,,,,,,,,,,,,,,,,,,,,,,,,,,,,,,,,,,,,,,,,,,,,,,,,,,,,,,,,,,,,,,,,,,,,,,,,,,,,
,,,,,,,,,,,,,,,,,,,,,,,,,,,,,,,,,,,,,,,,,,,,,,,,,,,,,,,,,,,,,,,,,,,,,,,,,,,,,,,,,,,,,,,,,,,,,,,,,,,,,,,,6915.310497441336,8067.862247014892,11525.51749573556,3457.655248720668,3457.655248720668,5762.75874786778,2305.103499147112,9220.413996588448,6915.310497441336,,,,,,,,,,,,,,,,,,,,,,,,,,,,,,,,,,,,,,,,,,,,,,,,,,,,,,,,,,,,,,,,,,,,,,,,,,,,,,,,,,,,,,,,,,,,,,,,,,,,,,,,,,,,,,,,,,,,,,,,,,,,,,,,,,,,,,,,,,,,,,,
,,,,,,,,,,,,,,,,,,,,,,,,,,,,,,,,,,,,,,,,,,,,,,,,,,,,,,,,,,,,,,,,,,,,,,,,,,,,,,,,,,,,,,,,,,,,,,,,,,,,,,,,4610.206998294224,5762.75874786778,6915.310497441336,5762.75874786778,8067.862247014892,6915.310497441336,9220.413996588448,4610.206998294224,,,,,,,,,,,,,,,,,,,,4610.206998294224,,,,,,,,,,,,,,,,,,,,,,,,,,,,,,,,,,,,,,,,,,,,,,,,,,,,,,,,,,,,,,,,,,,,,,,,,,,,,,,,,,,,,,,,,,,,,,,,,,,,,,,,,,,,,,,,,,,,,,,,,,,,
,,,,,,,,,,,,,,,,,,,,,,,,,,,,,,,,,,,,,,,,,,,,,,,,,,,,,,,,,,,,,,,,,,,,,,,,,,,,,,,,,,,,,,,,,,,,,,,,,,,,,,,,2305.103499147112,8067.862247014892,3457.655248720668,2305.103499147112,3457.655248720668,3457.655248720668,8067.862247014892,6915.310497441336,,,,,,,,,,,,,,,,,,,4610.206998294224,13830.620994882673,,,,,,,,,,,,,,,,,,,,,,,,,,,,,,,,,,,,,,,,,,,,,,,,,,,,,,,,,,,,,,,,,,,,,,,,,,,,,,,,,,,,,,,,,,,,,,,,,,,,,,,,,,,,,,,,,,,,,,,,,,,,
,,,,,,,,,,,,,,,,,,,,,,,,,,,,,,,,,,,,,,,,,,,,,,,,,,,,,,,,,,,,,,,,,,,,,,,,,,,,,,,,,,,,,,,,,,,,,,,,,,,,,,,,5762.75874786778,8067.862247014892,2305.103499147112,3457.655248720668,4610.206998294224,4610.206998294224,11525.51749573556,5762.75874786778,,,,8067.862247014892,5762.75874786778,5762.75874786778,9220.413996588448,4610.206998294224,,,,,,,,,,,0.0,0.0,6915.310497441336,,,,5762.75874786778,9220.413996588448,2305.103499147112,,,,6915.310497441336,,,,,,,,,,,,,,,,,,,,,,,,,,,,,,,,,,,,,,,,,,,,,,,,,,,,,,,,,,,,,,,,,,,,,,,,,,,,,,,,,,,,,,,,,,,,,,,,,,,,,,,,,,,,,,,,,
,,,,,,,,,,,,,,,,,,,,,,,,,,,,,,,,,,,,,,,,,,,,,,,,,,,,,,,,,,,,,,,,,,,,,,,,,,,,,,,,,,,,,,,,,,,,,,,,,,,,8067.862247014892,5762.75874786778,,,6915.310497441336,5762.75874786778,10372.965746162005,3457.655248720668,4610.206998294224,13830.620994882673,3457.655248720668,,,,,3457.655248720668,10372.965746162005,1152.551749573556,11525.51749573556,6915.310497441336,,,,,,4610.206998294224,,,,,,13830.620994882673,8067.862247014892,4610.206998294224,9220.413996588448,5762.75874786778,2305.103499147112,10372.965746162005,8067.862247014892,8067.862247014892,4610.206998294224,4610.206998294224,5762.75874786778,3457.655248720668,,,,,,,,,,,,,,,,,,,,,,,,,,,,,,,,,,,,,,,,,,,,,,,,,,,,,,,,,,,,,,,,,,,,,,,,,,,,,,,,,,,,,,,,,,,,,,,,,,,,,,,,,,,,,,,,
,,,,,,,,,,,,,,,,,,,,,,,,,,,,,,,,,,,,,,,,,,,,,,,,,,,,,,,,,,,,,,,,,,,,,,,,,,,,,,,,,,,,,,,,,,,,,,,,,,,6915.310497441336,4610.206998294224,9220.413996588448,2305.103499147112,6915.310497441336,4610.206998294224,3457.655248720668,6915.310497441336,3457.655248720668,4610.206998294224,12678.069245309116,4610.206998294224,5762.75874786778,4610.206998294224,,,4610.206998294224,6915.310497441336,5762.75874786778,11525.51749573556,3457.655248720668,,,,,6915.310497441336,5762.75874786778,,,,,,3457.655248720668,4610.206998294224,9220.413996588448,5762.75874786778,1152.551749573556,10372.965746162005,2305.103499147112,4610.206998294224,3457.655248720668,8067.862247014892,9220.413996588448,2305.103499147112,4610.206998294224,,,,,,,,,,,,,,,,,,,,,,,,,,,,,,,,,,,,,,,,,,,,,,,,,,,,,,,,,,,,,,,,,,,,,,,,,,,,,,,,,,,,,,,,,,,,,,,,,,,,,,,,,,,,,,,,
,,,,,,,,,,,,,,,,,,,,,,,,,,,,,,,,,,,,,,,,,,,,,,,,,,,,,,,,,,,,,,,,,,,,,,,,,,,,,,,,,,,,,,,,,,,,,,,,,,6915.310497441336,6915.310497441336,6915.310497441336,5762.75874786778,5762.75874786778,4610.206998294224,10372.965746162005,3457.655248720668,9220.413996588448,6915.310497441336,5762.75874786778,3457.655248720668,3457.655248720668,5762.75874786778,8067.862247014892,6915.310497441336,1152.551749573556,9220.413996588448,8067.862247014892,2305.103499147112,,,,,,,8067.862247014892,,,,,,5762.75874786778,5762.75874786778,5762.75874786778,6915.310497441336,3457.655248720668,8067.862247014892,3457.655248720668,5762.75874786778,10372.965746162005,4610.206998294224,12678.069245309116,5762.75874786778,8067.862247014892,10372.965746162005,,,,,,,,,,,,,,,,,,,,,,,,,,,,,,,,,,,,,,,,,,,,,,,,,,,,,,,,,,,,,,,,,,,,,,,,,,,,,,,,,,,,,,,,,,,,,,,,,,,,,,,,,,,,,,,,
,,,,,,,,,,,,,,,,,,,,,,,,,,,,,,,,,,,,,,,,,,,,,,,,,,,,,,,,,,,,,,,,,,,,,,,,,,,,,,,,,,,,,,,,,,,,,,,,6915.310497441336,6915.310497441336,6915.310497441336,4610.206998294224,4610.206998294224,2305.103499147112,8067.862247014892,6915.310497441336,6915.310497441336,8067.862247014892,6915.310497441336,9220.413996588448,4610.206998294224,8067.862247014892,9220.413996588448,9220.413996588448,8067.862247014892,13830.620994882673,2305.103499147112,4610.206998294224,8067.862247014892,4610.206998294224,2305.103499147112,9220.413996588448,1152.551749573556,6915.310497441336,6915.310497441336,3457.655248720668,2305.103499147112,,,,,,8067.862247014892,8067.862247014892,4610.206998294224,11525.51749573556,4610.206998294224,5762.75874786778,1152.551749573556,4610.206998294224,3457.655248720668,3457.655248720668,9220.413996588448,4610.206998294224,6915.310497441336,3457.655248720668,,,,,,,,,,,,,,,,,,,,,,,,,,,,,,,,,,,,,,,,,,,,,,,,,,,,,,,,,,,,,,,,,,,,,,,,,,,,,,,,,,,,,,,,,,,,,,,,,,,,,,,,,,,,,,,,
,,,,,,,,,,,,,,,,,,,,,,,,,,,,,,,,,,,,,,,,,,,,,,,,,,,,,,,,,,,,,,,,,,,,,,,,,,,,,,,,,,,,,,,,,,,,,,,,9220.413996588448,3457.655248720668,5762.75874786778,4610.206998294224,3457.655248720668,4610.206998294224,4610.206998294224,9220.413996588448,4610.206998294224,4610.206998294224,8067.862247014892,9220.413996588448,11525.51749573556,5762.75874786778,8067.862247014892,5762.75874786778,6915.310497441336,6915.310497441336,5762.75874786778,8067.862247014892,10372.965746162005,5762.75874786778,9220.413996588448,5762.75874786778,6915.310497441336,11525.51749573556,4610.206998294224,9220.413996588448,5762.75874786778,,5762.75874786778,6915.310497441336,6915.310497441336,4610.206998294224,4610.206998294224,5762.75874786778,11525.51749573556,8067.862247014892,5762.75874786778,5762.75874786778,4610.206998294224,3457.655248720668,3457.655248720668,4610.206998294224,9220.413996588448,3457.655248720668,3457.655248720668,9220.413996588448,5762.75874786778,,,,,10372.965746162005,5762.75874786778,,,,,,,,,,,,,,,,,,,,,,,,,,,,,,,,,,,,,,,,,,,,,,,,,,,,,,,,,,,,,,,,,,,,,,,,,,,,,,,,,,,,,,,,,,,,,,,,,,,,,,,,,
,,,,,,,,,,,,,,,,,,,,,,,,,,,,,,,,,,,,,,,,,,,,,,,,,,,,,,,,,,,,,,,,,,,,,,,,,,,,,,,,,,,,,,,,,,,,,,,4610.206998294224,3457.655248720668,8067.862247014892,3457.655248720668,2305.103499147112,5762.75874786778,8067.862247014892,9220.413996588448,6915.310497441336,12678.069245309116,6915.310497441336,11525.51749573556,4610.206998294224,8067.862247014892,9220.413996588448,6915.310497441336,11525.51749573556,9220.413996588448,10372.965746162005,5762.75874786778,3457.655248720668,3457.655248720668,6915.310497441336,4610.206998294224,5762.75874786778,5762.75874786778,10372.965746162005,5762.75874786778,6915.310497441336,5762.75874786778,2305.103499147112,6915.310497441336,3457.655248720668,8067.862247014892,5762.75874786778,5762.75874786778,5762.75874786778,8067.862247014892,4610.206998294224,8067.862247014892,6915.310497441336,8067.862247014892,6915.310497441336,10372.965746162005,2305.103499147112,4610.206998294224,6915.310497441336,4610.206998294224,4610.206998294224,5762.75874786778,,,,5762.75874786778,8067.862247014892,5762.75874786778,,,,,,,,,,,,,,,,,,,,,,,,,,,,,,,,,,,,,,,,,,,,,,,,,,,,,,,,,,,,,,,,,,,,,,,,,,,,,,,,,,,,,,,,,,,,,,,,,,,,,,,,,
,,,,,,,,,,,,,,,,,,,,,,,,,,,,,,,,,,,,,,,,,,,,,,,,,,,,,,,,,,,,,,,,,,,,,,,,,,,,,,,,,,,,,,,,,,,,,,10372.965746162005,2305.103499147112,3457.655248720668,9220.413996588448,5762.75874786778,8067.862247014892,3457.655248720668,4610.206998294224,8067.862247014892,5762.75874786778,4610.206998294224,5762.75874786778,4610.206998294224,1152.551749573556,16135.724494029784,4610.206998294224,3457.655248720668,8067.862247014892,3457.655248720668,4610.206998294224,3457.655248720668,8067.862247014892,8067.862247014892,3457.655248720668,3457.655248720668,9220.413996588448,5762.75874786778,3457.655248720668,8067.862247014892,3457.655248720668,4610.206998294224,5762.75874786778,8067.862247014892,8067.862247014892,3457.655248720668,3457.655248720668,3457.655248720668,9220.413996588448,5762.75874786778,4610.206998294224,4610.206998294224,8067.862247014892,5762.75874786778,9220.413996588448,11525.51749573556,5762.75874786778,3457.655248720668,2305.103499147112,0.0,5762.75874786778,6915.310497441336,4610.206998294224,,4610.206998294224,6915.310497441336,1152.551749573556,,,,,,,,,,,,,,,,,,,,,,,,,,,,,,,,,,,,,,,,,,,,,,,,,,,,,,,,,,,,,,,,,,,,,,,,,,,,,,,,,,,,,,,,,,,,,,,,,,,,,,,,,,
,,,,,,,,,,,,,,,,,,,,,,,,,,,,,,,,,,,,,,,,,,,,,,,,,,,,,,,,,,,,,,,,,,,,,,,,,,,,,,,,,,,,,,,,,,,,,,5762.75874786778,4610.206998294224,3457.655248720668,4610.206998294224,8067.862247014892,6915.310497441336,5762.75874786778,5762.75874786778,13830.620994882673,10372.965746162005,3457.655248720668,5762.75874786778,8067.862247014892,5762.75874786778,9220.413996588448,10372.965746162005,8067.862247014892,6915.310497441336,6915.310497441336,5762.75874786778,5762.75874786778,9220.413996588448,2305.103499147112,2305.103499147112,8067.862247014892,6915.310497441336,3457.655248720668,4610.206998294224,3457.655248720668,4610.206998294224,5762.75874786778,6915.310497441336,3457.655248720668,8067.862247014892,4610.206998294224,6915.310497441336,9220.413996588448,5762.75874786778,6915.310497441336,13830.620994882673,12678.069245309116,10372.965746162005,2305.103499147112,9220.413996588448,2305.103499147112,3457.655248720668,4610.206998294224,10372.965746162005,5762.75874786778,2305.103499147112,5762.75874786778,5762.75874786778,6915.310497441336,9220.413996588448,6915.310497441336,9220.413996588448,,,4610.206998294224,5762.75874786778,,,,,,,,,,,,,,,,,,,,,,,,,,,,,,,,,,,,,,,,,,,,,,,,,,,,,,,,,,,,,,,,,,,,,,,,,,,,,,,,,,,,,,,,,,,,,,,,,,,,,,
,,,,,,,,,,,,,,,,,,,,,,,,,,,,,,,,,,,,,,,,,,,,,,,,,,,,,,,,,,,,,,,,,,,,,,,,,,,,,,,,,,,,,,,,,,,,,,8067.862247014892,3457.655248720668,6915.310497441336,9220.413996588448,8067.862247014892,5762.75874786778,5762.75874786778,9220.413996588448,6915.310497441336,4610.206998294224,4610.206998294224,4610.206998294224,9220.413996588448,8067.862247014892,12678.069245309116,3457.655248720668,4610.206998294224,3457.655248720668,2305.103499147112,10372.965746162005,5762.75874786778,4610.206998294224,5762.75874786778,4610.206998294224,6915.310497441336,5762.75874786778,4610.206998294224,4610.206998294224,6915.310497441336,8067.862247014892,4610.206998294224,4610.206998294224,5762.75874786778,4610.206998294224,5762.75874786778,13830.620994882673,6915.310497441336,3457.655248720668,11525.51749573556,3457.655248720668,11525.51749573556,6915.310497441336,3457.655248720668,6915.310497441336,2305.103499147112,5762.75874786778,3457.655248720668,6915.310497441336,3457.655248720668,3457.655248720668,1152.551749573556,1152.551749573556,3457.655248720668,4610.206998294224,5762.75874786778,0.0,6915.310497441336,9220.413996588448,8067.862247014892,11525.51749573556,4610.206998294224,,,,6915.310497441336,3457.655248720668,,,,,,,,,,,,,,,,,,,,,,,,,,,,,,,,,,,,,,,,,,,,,,,,,,,,,,,,,,,,,,,,,,,,,,,,,,,,,,,,,,,,,,,,,,,,,,,,
,,,,,,,,,,,,,,,,,,,,,,,,,,,,,,,,,,,,,,,,,,,,,,,,,,,,,,,,,,,,,,,,,,,,,,,,,,,,,,,,,,,,,,,,,,,,,,9220.413996588448,4610.206998294224,6915.310497441336,8067.862247014892,8067.862247014892,8067.862247014892,13830.620994882673,9220.413996588448,4610.206998294224,6915.310497441336,5762.75874786778,6915.310497441336,5762.75874786778,9220.413996588448,0.0,14983.172744456228,11525.51749573556,4610.206998294224,5762.75874786778,3457.655248720668,6915.310497441336,8067.862247014892,8067.862247014892,3457.655248720668,5762.75874786778,9220.413996588448,6915.310497441336,4610.206998294224,3457.655248720668,5762.75874786778,8067.862247014892,4610.206998294224,8067.862247014892,4610.206998294224,4610.206998294224,5762.75874786778,9220.413996588448,4610.206998294224,9220.413996588448,6915.310497441336,4610.206998294224,9220.413996588448,4610.206998294224,9220.413996588448,5762.75874786778,16135.724494029784,5762.75874786778,8067.862247014892,6915.310497441336,4610.206998294224,9220.413996588448,11525.51749573556,8067.862247014892,6915.310497441336,3457.655248720668,8067.862247014892,8067.862247014892,0.0,3457.655248720668,6915.310497441336,8067.862247014892,4610.206998294224,,,11525.51749573556,8067.862247014892,8067.862247014892,,,,,,,,,,,,,,,,,,,,,,,,,,,,,,,,,,,,,,,,,,,,,,,,,,,,,,,,,,,,,,,,,,,,,,,,,,,,,,,,,,,,,,,,,,,,,,,
,,,,,,,,,,,,,,,,,,,,,,,,,,,,,,,,,,,,,,,,,,,,,,,,,,,,,,,,,,,,,,,,,,,,,,,,,,,,,,,,,,,,,,,,,9220.413996588448,5762.75874786778,,,4610.206998294224,6915.310497441336,11525.51749573556,8067.862247014892,1152.551749573556,5762.75874786778,4610.206998294224,11525.51749573556,4610.206998294224,6915.310497441336,3457.655248720668,1152.551749573556,4610.206998294224,4610.206998294224,2305.103499147112,4610.206998294224,3457.655248720668,10372.965746162005,11525.51749573556,1152.551749573556,10372.965746162005,6915.310497441336,3457.655248720668,3457.655248720668,9220.413996588448,10372.965746162005,9220.413996588448,9220.413996588448,6915.310497441336,4610.206998294224,2305.103499147112,6915.310497441336,2305.103499147112,11525.51749573556,6915.310497441336,8067.862247014892,6915.310497441336,4610.206998294224,8067.862247014892,9220.413996588448,5762.75874786778,9220.413996588448,9220.413996588448,6915.310497441336,3457.655248720668,6915.310497441336,6915.310497441336,14983.172744456228,12678.069245309116,6915.310497441336,8067.862247014892,9220.413996588448,5762.75874786778,4610.206998294224,10372.965746162005,9220.413996588448,4610.206998294224,11525.51749573556,10372.965746162005,9220.413996588448,3457.655248720668,6915.310497441336,5762.75874786778,,,5762.75874786778,9220.413996588448,5762.75874786778,4610.206998294224,,,,,,,,,,,,,,,,,,,,,,,,,,,,,,,,,,,,,,,,,,,,,,,,,,,,,,,,,,,,,,,,,,,,,,,,,,,,,,,,,,,,,,,,,,,,,,
,,,,,,,,,,,,,,,,,,,,,,,,,,,,,,,,,,,,,,,,,,,,,,,,,,,,,,,,,,,,,,,,,,,,,,,,,,,,,,,,,,,,,,,,,5762.75874786778,4610.206998294224,5762.75874786778,4610.206998294224,4610.206998294224,5762.75874786778,10372.965746162005,5762.75874786778,4610.206998294224,11525.51749573556,4610.206998294224,11525.51749573556,8067.862247014892,5762.75874786778,9220.413996588448,9220.413996588448,6915.310497441336,5762.75874786778,12678.069245309116,3457.655248720668,9220.413996588448,9220.413996588448,4610.206998294224,3457.655248720668,9220.413996588448,4610.206998294224,5762.75874786778,3457.655248720668,9220.413996588448,4610.206998294224,6915.310497441336,4610.206998294224,3457.655248720668,5762.75874786778,5762.75874786778,3457.655248720668,8067.862247014892,3457.655248720668,5762.75874786778,4610.206998294224,3457.655248720668,9220.413996588448,3457.655248720668,10372.965746162005,2305.103499147112,4610.206998294224,10372.965746162005,5762.75874786778,8067.862247014892,3457.655248720668,4610.206998294224,8067.862247014892,6915.310497441336,3457.655248720668,8067.862247014892,6915.310497441336,8067.862247014892,11525.51749573556,5762.75874786778,10372.965746162005,6915.310497441336,8067.862247014892,8067.862247014892,18440.827993176896,5762.75874786778,6915.310497441336,4610.206998294224,8067.862247014892,3457.655248720668,4610.206998294224,11525.51749573556,3457.655248720668,4610.206998294224,5762.75874786778,,,4610.206998294224,8067.862247014892,4610.206998294224,,,,,,,,,,,,,,,,,,,,,,,,,,,,,,,,,,,,,,,,,,,,,,,,,,,,,,,,,,,,,,,,,,,,,,,,,,,,,,,,,,,,,,,,
,,,,,,,,,,,,,,,,,,,,,,,,,,,,,,,,,,,,,,,,,,,,,,,,,,,,,,,,,,,,,,,,,,,,,,,,,,,,,,,,,,,,,,,,,5762.75874786778,11525.51749573556,5762.75874786778,9220.413996588448,2305.103499147112,4610.206998294224,5762.75874786778,3457.655248720668,5762.75874786778,8067.862247014892,6915.310497441336,8067.862247014892,6915.310497441336,9220.413996588448,11525.51749573556,8067.862247014892,10372.965746162005,2305.103499147112,9220.413996588448,2305.103499147112,12678.069245309116,5762.75874786778,13830.620994882673,5762.75874786778,9220.413996588448,3457.655248720668,2305.103499147112,8067.862247014892,5762.75874786778,4610.206998294224,9220.413996588448,6915.310497441336,5762.75874786778,6915.310497441336,9220.413996588448,6915.310497441336,11525.51749573556,9220.413996588448,10372.965746162005,9220.413996588448,3457.655248720668,4610.206998294224,5762.75874786778,8067.862247014892,6915.310497441336,9220.413996588448,0.0,9220.413996588448,8067.862247014892,6915.310497441336,6915.310497441336,3457.655248720668,12678.069245309116,9220.413996588448,13830.620994882673,10372.965746162005,4610.206998294224,4610.206998294224,3457.655248720668,8067.862247014892,2305.103499147112,5762.75874786778,9220.413996588448,5762.75874786778,5762.75874786778,5762.75874786778,8067.862247014892,6915.310497441336,6915.310497441336,4610.206998294224,4610.206998294224,8067.862247014892,8067.862247014892,4610.206998294224,11525.51749573556,5762.75874786778,6915.310497441336,10372.965746162005,4610.206998294224,6915.310497441336,,9220.413996588448,4610.206998294224,,,,,,,,,,,,,,,,,,,,,,,,,,,,,,,,,,,,,,,,,,,,,,,,,,,,,,,,,,,,,,,,,,,,,,,,,,,,,,,,,,,,
,,,,,,,,,,,,,,,,,,,,,,,,,,,,,,,,,,,,,,,,,,,,,,,,,,,,,,,,,,,,,,,,,,,,,,,,,,,,,,,,,,,,,,,,,2305.103499147112,4610.206998294224,6915.310497441336,5762.75874786778,4610.206998294224,6915.310497441336,0.0,6915.310497441336,9220.413996588448,3457.655248720668,6915.310497441336,5762.75874786778,5762.75874786778,4610.206998294224,3457.655248720668,5762.75874786778,3457.655248720668,10372.965746162005,8067.862247014892,6915.310497441336,6915.310497441336,3457.655248720668,12678.069245309116,8067.862247014892,3457.655248720668,11525.51749573556,4610.206998294224,8067.862247014892,8067.862247014892,3457.655248720668,6915.310497441336,5762.75874786778,5762.75874786778,6915.310497441336,4610.206998294224,3457.655248720668,6915.310497441336,8067.862247014892,6915.310497441336,6915.310497441336,10372.965746162005,10372.965746162005,8067.862247014892,6915.310497441336,5762.75874786778,3457.655248720668,4610.206998294224,5762.75874786778,10372.965746162005,12678.069245309116,17288.27624360334,29966.345488912455,19593.37974275045,2305.103499147112,2305.103499147112,10372.965746162005,6915.310497441336,5762.75874786778,5762.75874786778,4610.206998294224,5762.75874786778,11525.51749573556,6915.310497441336,6915.310497441336,6915.310497441336,8067.862247014892,8067.862247014892,5762.75874786778,6915.310497441336,8067.862247014892,4610.206998294224,3457.655248720668,9220.413996588448,8067.862247014892,1152.551749573556,4610.206998294224,5762.75874786778,5762.75874786778,10372.965746162005,6915.310497441336,6915.310497441336,11525.51749573556,6915.310497441336,,,,,,,,,,,,,,,,,,,,,,,,,,,,,,,,,,,,,,,,,,,,,,,,,,,,,,,,,,,,,,,,,,,,,,,,,,,,,,,,,,,,
,,,,,,,,,,,,,,,,,,,,,,,,,,,,,,,,,,,,,,,,,,,,,,,,,,,,,,,,,,,,,,,,,,,,,,,,,,,,,,,,,,,,,,,,3457.655248720668,6915.310497441336,2305.103499147112,2305.103499147112,0.0,6915.310497441336,8067.862247014892,6915.310497441336,9220.413996588448,2305.103499147112,4610.206998294224,5762.75874786778,4610.206998294224,5762.75874786778,8067.862247014892,2305.103499147112,2305.103499147112,14983.172744456228,9220.413996588448,10372.965746162005,11525.51749573556,4610.206998294224,8067.862247014892,8067.862247014892,6915.310497441336,8067.862247014892,9220.413996588448,8067.862247014892,4610.206998294224,9220.413996588448,6915.310497441336,11525.51749573556,10372.965746162005,5762.75874786778,8067.862247014892,9220.413996588448,9220.413996588448,10372.965746162005,5762.75874786778,13830.620994882673,8067.862247014892,9220.413996588448,9220.413996588448,4610.206998294224,2305.103499147112,8067.862247014892,1152.551749573556,5762.75874786778,3457.655248720668,11525.51749573556,23051.03499147112,24203.586741044677,24203.586741044677,8067.862247014892,12678.069245309116,8067.862247014892,6915.310497441336,10372.965746162005,5762.75874786778,4610.206998294224,10372.965746162005,4610.206998294224,5762.75874786778,9220.413996588448,4610.206998294224,3457.655248720668,9220.413996588448,5762.75874786778,4610.206998294224,2305.103499147112,8067.862247014892,2305.103499147112,4610.206998294224,3457.655248720668,6915.310497441336,3457.655248720668,3457.655248720668,4610.206998294224,4610.206998294224,4610.206998294224,6915.310497441336,5762.75874786778,3457.655248720668,3457.655248720668,,,4610.206998294224,9220.413996588448,5762.75874786778,,,4610.206998294224,,,,,,,,,,,,,,,,,,,,,,,,,,,,,,,,,,,,,,,,,,,,,,,,,,,,,,,,,,,,,,,,,,,,,,,,,,,,
,,,,,,,,,,,,,,,,,,,,,,,,,,,,,,,,,,,,,,,,,,,,,,,,,,,,,,,,,,,,,,,,,,,,,,,,,,,,,,,,,,,,,,,6915.310497441336,9220.413996588448,6915.310497441336,12678.069245309116,9220.413996588448,10372.965746162005,6915.310497441336,4610.206998294224,0.0,4610.206998294224,5762.75874786778,14983.172744456228,5762.75874786778,5762.75874786778,6915.310497441336,2305.103499147112,9220.413996588448,9220.413996588448,8067.862247014892,9220.413996588448,3457.655248720668,11525.51749573556,6915.310497441336,10372.965746162005,5762.75874786778,6915.310497441336,8067.862247014892,9220.413996588448,8067.862247014892,9220.413996588448,5762.75874786778,5762.75874786778,6915.310497441336,13830.620994882673,3457.655248720668,9220.413996588448,9220.413996588448,6915.310497441336,6915.310497441336,14983.172744456228,3457.655248720668,6915.310497441336,5762.75874786778,10372.965746162005,6915.310497441336,10372.965746162005,11525.51749573556,4610.206998294224,6915.310497441336,3457.655248720668,9220.413996588448,17288.27624360334,27661.241989765345,26508.690240191787,25356.138490618232,14983.172744456228,5762.75874786778,4610.206998294224,8067.862247014892,4610.206998294224,8067.862247014892,8067.862247014892,11525.51749573556,10372.965746162005,5762.75874786778,14983.172744456228,8067.862247014892,10372.965746162005,6915.310497441336,6915.310497441336,5762.75874786778,4610.206998294224,3457.655248720668,6915.310497441336,4610.206998294224,11525.51749573556,5762.75874786778,3457.655248720668,9220.413996588448,5762.75874786778,2305.103499147112,9220.413996588448,6915.310497441336,5762.75874786778,6915.310497441336,,,11525.51749573556,5762.75874786778,9220.413996588448,3457.655248720668,9220.413996588448,6915.310497441336,,,,,,,,,,,,,,,,,,,,,,,,,,,,,,,,,,,,,,,,,,,,,,,,,,,,,,,,,,,,,,,,,,,,,,,,,,,,
,,,,,,,,,,,,,,,,,,,,,,,,,,,,,,,,,,,,,,,,,,,,,,,,,,,,,,,,,,,,,,,,,,,,,,,,,,,,,,,,,,,,,,,3457.655248720668,6915.310497441336,9220.413996588448,9220.413996588448,6915.310497441336,4610.206998294224,1152.551749573556,13830.620994882673,4610.206998294224,6915.310497441336,4610.206998294224,5762.75874786778,6915.310497441336,4610.206998294224,2305.103499147112,4610.206998294224,5762.75874786778,8067.862247014892,10372.965746162005,8067.862247014892,9220.413996588448,3457.655248720668,8067.862247014892,5762.75874786778,8067.862247014892,5762.75874786778,4610.206998294224,6915.310497441336,5762.75874786778,9220.413996588448,10372.965746162005,5762.75874786778,6915.310497441336,5762.75874786778,5762.75874786778,4610.206998294224,9220.413996588448,6915.310497441336,6915.310497441336,6915.310497441336,6915.310497441336,5762.75874786778,3457.655248720668,10372.965746162005,13830.620994882673,9220.413996588448,3457.655248720668,2305.103499147112,6915.310497441336,9220.413996588448,3457.655248720668,14983.172744456228,21898.483241897564,23051.03499147112,6915.310497441336,6915.310497441336,8067.862247014892,8067.862247014892,10372.965746162005,8067.862247014892,5762.75874786778,10372.965746162005,5762.75874786778,4610.206998294224,5762.75874786778,4610.206998294224,6915.310497441336,5762.75874786778,3457.655248720668,5762.75874786778,2305.103499147112,3457.655248720668,8067.862247014892,4610.206998294224,4610.206998294224,3457.655248720668,6915.310497441336,5762.75874786778,2305.103499147112,5762.75874786778,5762.75874786778,5762.75874786778,5762.75874786778,5762.75874786778,6915.310497441336,,3457.655248720668,4610.206998294224,6915.310497441336,6915.310497441336,4610.206998294224,,,,,,,,,,,,,,,,,,,,,,,,,,,,,,,,,,,,,,,,,,,,,,,,,,,,,,,,,,,,,,,,,,,,,,,,,,,,,,
,,,,,,,,,,,,,,,,,,,,,,,,,,,,,,,,,,,,,,,,,,,,,,,,,,,,,,,,,,,,,,,,,,,,,,,,,,,,,,,,,,,,,,5762.75874786778,14983.172744456228,5762.75874786778,11525.51749573556,6915.310497441336,4610.206998294224,6915.310497441336,9220.413996588448,3457.655248720668,9220.413996588448,8067.862247014892,8067.862247014892,9220.413996588448,6915.310497441336,8067.862247014892,11525.51749573556,9220.413996588448,11525.51749573556,6915.310497441336,4610.206998294224,2305.103499147112,3457.655248720668,5762.75874786778,11525.51749573556,6915.310497441336,13830.620994882673,10372.965746162005,9220.413996588448,17288.27624360334,11525.51749573556,4610.206998294224,11525.51749573556,9220.413996588448,5762.75874786778,5762.75874786778,5762.75874786778,4610.206998294224,9220.413996588448,10372.965746162005,9220.413996588448,6915.310497441336,6915.310497441336,13830.620994882673,3457.655248720668,13830.620994882673,5762.75874786778,6915.310497441336,8067.862247014892,5762.75874786778,8067.862247014892,11525.51749573556,10372.965746162005,14983.172744456228,17288.27624360334,21898.483241897564,13830.620994882673,6915.310497441336,8067.862247014892,9220.413996588448,8067.862247014892,4610.206998294224,6915.310497441336,8067.862247014892,16135.724494029784,8067.862247014892,8067.862247014892,2305.103499147112,5762.75874786778,8067.862247014892,10372.965746162005,4610.206998294224,6915.310497441336,1152.551749573556,5762.75874786778,4610.206998294224,4610.206998294224,4610.206998294224,0.0,9220.413996588448,2305.103499147112,4610.206998294224,5762.75874786778,5762.75874786778,3457.655248720668,5762.75874786778,3457.655248720668,5762.75874786778,3457.655248720668,8067.862247014892,9220.413996588448,8067.862247014892,2305.103499147112,,,,,,,,,,,,,,,,,,,,,,,,,,,,,,,,,,,,,,,,,,,,,,,,,,,,,,,,,,,,,,,,,,,,,,,,,,,,,,
,,,,,,,,,,,,,,,,,,,,,,,,,,,,,,,,,,,,,,,,,,,,,,,,,,,,,,,,,,,,,,,,,,,,,,,,,,,,,,,,,,,,,3457.655248720668,6915.310497441336,5762.75874786778,11525.51749573556,9220.413996588448,9220.413996588448,9220.413996588448,6915.310497441336,5762.75874786778,10372.965746162005,6915.310497441336,5762.75874786778,6915.310497441336,6915.310497441336,2305.103499147112,6915.310497441336,2305.103499147112,3457.655248720668,10372.965746162005,5762.75874786778,2305.103499147112,5762.75874786778,8067.862247014892,12678.069245309116,11525.51749573556,8067.862247014892,11525.51749573556,6915.310497441336,1152.551749573556,8067.862247014892,4610.206998294224,9220.413996588448,3457.655248720668,4610.206998294224,10372.965746162005,2305.103499147112,8067.862247014892,8067.862247014892,6915.310497441336,3457.655248720668,3457.655248720668,6915.310497441336,10372.965746162005,6915.310497441336,4610.206998294224,5762.75874786778,6915.310497441336,13830.620994882673,11525.51749573556,6915.310497441336,14983.172744456228,8067.862247014892,10372.965746162005,8067.862247014892,17288.27624360334,24203.586741044677,11525.51749573556,6915.310497441336,8067.862247014892,8067.862247014892,8067.862247014892,8067.862247014892,5762.75874786778,6915.310497441336,9220.413996588448,6915.310497441336,4610.206998294224,13830.620994882673,6915.310497441336,6915.310497441336,6915.310497441336,2305.103499147112,3457.655248720668,9220.413996588448,6915.310497441336,5762.75874786778,6915.310497441336,2305.103499147112,4610.206998294224,8067.862247014892,2305.103499147112,8067.862247014892,8067.862247014892,3457.655248720668,11525.51749573556,8067.862247014892,3457.655248720668,8067.862247014892,9220.413996588448,19593.37974275045,6915.310497441336,10372.965746162005,5762.75874786778,9220.413996588448,,,,,,,,,,,,,,,,,,,,,,,,,,,,,,,,,,,,,,,,,,,,,,,,,,,,,,,,,,,,,,,,,,,,,,,,,,,,,
,,,,,,,,,,,,,,,,,,,,,,,,,,,,,,,,,,,,,,,,,,,,,,,,,,,,,,,,,,,,,,,,,,,,,,,,,,,,,,,,,,,,,6915.310497441336,5762.75874786778,4610.206998294224,6915.310497441336,4610.206998294224,5762.75874786778,10372.965746162005,1152.551749573556,5762.75874786778,5762.75874786778,4610.206998294224,4610.206998294224,4610.206998294224,1152.551749573556,2305.103499147112,8067.862247014892,12678.069245309116,8067.862247014892,5762.75874786778,3457.655248720668,5762.75874786778,3457.655248720668,11525.51749573556,6915.310497441336,5762.75874786778,9220.413996588448,5762.75874786778,5762.75874786778,4610.206998294224,6915.310497441336,4610.206998294224,9220.413996588448,10372.965746162005,8067.862247014892,6915.310497441336,5762.75874786778,8067.862247014892,5762.75874786778,8067.862247014892,8067.862247014892,10372.965746162005,8067.862247014892,4610.206998294224,10372.965746162005,5762.75874786778,4610.206998294224,6915.310497441336,5762.75874786778,10372.965746162005,9220.413996588448,13830.620994882673,9220.413996588448,10372.965746162005,13830.620994882673,26508.690240191787,14983.172744456228,19593.37974275045,9220.413996588448,12678.069245309116,2305.103499147112,8067.862247014892,19593.37974275045,5762.75874786778,12678.069245309116,5762.75874786778,6915.310497441336,6915.310497441336,2305.103499147112,4610.206998294224,9220.413996588448,5762.75874786778,2305.103499147112,4610.206998294224,2305.103499147112,4610.206998294224,2305.103499147112,2305.103499147112,3457.655248720668,6915.310497441336,3457.655248720668,3457.655248720668,6915.310497441336,5762.75874786778,6915.310497441336,3457.655248720668,4610.206998294224,4610.206998294224,6915.310497441336,5762.75874786778,11525.51749573556,16135.724494029784,11525.51749573556,4610.206998294224,4610.206998294224,,,,,,,,,,,,,,,,,,,,,,,,,,,,,,,,,,,,,,,,,,,,,,,,,,,,,,,,,,,,,,,,,,,,,,,,,,,,,
,,,,,,,,,,,,,,,,,,,,,,,,,,,,,,,,,,,,,,,,,,,,,,,,,,,,,,,,,,,,,,,,,,,,,,,,,,,,,,,,,,,,,5762.75874786778,8067.862247014892,11525.51749573556,8067.862247014892,10372.965746162005,12678.069245309116,9220.413996588448,6915.310497441336,3457.655248720668,8067.862247014892,10372.965746162005,12678.069245309116,9220.413996588448,5762.75874786778,5762.75874786778,8067.862247014892,5762.75874786778,4610.206998294224,6915.310497441336,9220.413996588448,6915.310497441336,10372.965746162005,8067.862247014892,13830.620994882673,8067.862247014892,2305.103499147112,5762.75874786778,11525.51749573556,9220.413996588448,8067.862247014892,8067.862247014892,5762.75874786778,10372.965746162005,4610.206998294224,8067.862247014892,11525.51749573556,9220.413996588448,6915.310497441336,5762.75874786778,5762.75874786778,3457.655248720668,11525.51749573556,6915.310497441336,8067.862247014892,11525.51749573556,8067.862247014892,10372.965746162005,6915.310497441336,9220.413996588448,8067.862247014892,8067.862247014892,13830.620994882673,9220.413996588448,10372.965746162005,20745.93149232401,11525.51749573556,11525.51749573556,8067.862247014892,5762.75874786778,3457.655248720668,4610.206998294224,4610.206998294224,12678.069245309116,6915.310497441336,6915.310497441336,4610.206998294224,11525.51749573556,4610.206998294224,5762.75874786778,3457.655248720668,5762.75874786778,4610.206998294224,4610.206998294224,6915.310497441336,11525.51749573556,9220.413996588448,4610.206998294224,5762.75874786778,8067.862247014892,9220.413996588448,3457.655248720668,5762.75874786778,8067.862247014892,5762.75874786778,6915.310497441336,3457.655248720668,5762.75874786778,4610.206998294224,5762.75874786778,9220.413996588448,6915.310497441336,8067.862247014892,8067.862247014892,4610.206998294224,6915.310497441336,,,,,,,,,,,,,,,,,,,,,,,,,,,,,,,,,,,,,,,,,,,,,,,,,,,,,,,,,,,,,,,,,,,,,,,,,,,,
,,,,,,,,,,,,,,,,,,,,,,,,,,,,,,,,,,,,,,,,,,,,,,,,,,,,,,,,,,,,,,,,,,,,,,,,,,,,,,,,,,,,6915.310497441336,3457.655248720668,6915.310497441336,11525.51749573556,11525.51749573556,5762.75874786778,11525.51749573556,11525.51749573556,5762.75874786778,11525.51749573556,8067.862247014892,9220.413996588448,11525.51749573556,20745.93149232401,13830.620994882673,11525.51749573556,12678.069245309116,5762.75874786778,6915.310497441336,5762.75874786778,5762.75874786778,4610.206998294224,9220.413996588448,4610.206998294224,10372.965746162005,8067.862247014892,4610.206998294224,5762.75874786778,8067.862247014892,3457.655248720668,9220.413996588448,9220.413996588448,10372.965746162005,3457.655248720668,4610.206998294224,13830.620994882673,2305.103499147112,8067.862247014892,1152.551749573556,9220.413996588448,8067.862247014892,4610.206998294224,12678.069245309116,5762.75874786778,11525.51749573556,11525.51749573556,6915.310497441336,11525.51749573556,6915.310497441336,9220.413996588448,8067.862247014892,9220.413996588448,3457.655248720668,4610.206998294224,12678.069245309116,11525.51749573556,16135.724494029784,6915.310497441336,9220.413996588448,5762.75874786778,4610.206998294224,5762.75874786778,12678.069245309116,6915.310497441336,12678.069245309116,5762.75874786778,5762.75874786778,8067.862247014892,4610.206998294224,5762.75874786778,8067.862247014892,6915.310497441336,4610.206998294224,6915.310497441336,3457.655248720668,6915.310497441336,4610.206998294224,5762.75874786778,6915.310497441336,8067.862247014892,10372.965746162005,2305.103499147112,8067.862247014892,3457.655248720668,6915.310497441336,6915.310497441336,4610.206998294224,6915.310497441336,2305.103499147112,1152.551749573556,6915.310497441336,5762.75874786778,4610.206998294224,3457.655248720668,8067.862247014892,5762.75874786778,,,,,,4610.206998294224,5762.75874786778,,,,,,,,,,,,,,,4610.206998294224,4610.206998294224,,,,,,,,,,,,,,,,,,,,,,,,,,,,,,,,,,,,,,,,,,,,,,,,,,,,,
,,,,,,,,,,,,,,,,,,,,,,,,,,,,,,,,,,,,,,,,,,,,,,,,,,,,,,,,,,,,,,,,,,,,,,,,,,,,,,,,,6915.310497441336,4610.206998294224,6915.310497441336,4610.206998294224,6915.310497441336,3457.655248720668,23051.03499147112,19593.37974275045,9220.413996588448,12678.069245309116,4610.206998294224,13830.620994882673,11525.51749573556,10372.965746162005,4610.206998294224,20745.93149232401,20745.93149232401,24203.586741044677,20745.93149232401,13830.620994882673,12678.069245309116,5762.75874786778,8067.862247014892,5762.75874786778,11525.51749573556,8067.862247014892,2305.103499147112,11525.51749573556,5762.75874786778,9220.413996588448,6915.310497441336,6915.310497441336,9220.413996588448,3457.655248720668,6915.310497441336,6915.310497441336,5762.75874786778,5762.75874786778,8067.862247014892,10372.965746162005,5762.75874786778,12678.069245309116,11525.51749573556,6915.310497441336,11525.51749573556,4610.206998294224,6915.310497441336,8067.862247014892,12678.069245309116,10372.965746162005,6915.310497441336,4610.206998294224,8067.862247014892,10372.965746162005,16135.724494029784,6915.310497441336,6915.310497441336,9220.413996588448,8067.862247014892,8067.862247014892,9220.413996588448,8067.862247014892,6915.310497441336,3457.655248720668,3457.655248720668,6915.310497441336,14983.172744456228,14983.172744456228,11525.51749573556,13830.620994882673,10372.965746162005,9220.413996588448,4610.206998294224,3457.655248720668,16135.724494029784,9220.413996588448,3457.655248720668,2305.103499147112,0.0,8067.862247014892,10372.965746162005,6915.310497441336,2305.103499147112,10372.965746162005,6915.310497441336,4610.206998294224,5762.75874786778,4610.206998294224,5762.75874786778,5762.75874786778,6915.310497441336,2305.103499147112,3457.655248720668,1152.551749573556,2305.103499147112,5762.75874786778,3457.655248720668,,,,,,,12678.069245309116,3457.655248720668,10372.965746162005,,,,,,,,,,,,,,,8067.862247014892,6915.310497441336,5762.75874786778,,,,,,,,,,,,,,,,,,,,,,,,,,,,,,,,,,,,,,,,,,,,,,,,,,,,
,,,,,,,,,,,,,,,,,,,,,,,,,,,,,,,,,,,,,,,,,,,,,,,,,,,,,,,,,,,,,,,,,,,,,,,,,,,,,,,,6915.310497441336,6915.310497441336,6915.310497441336,5762.75874786778,3457.655248720668,2305.103499147112,20745.93149232401,20745.93149232401,19593.37974275045,12678.069245309116,5762.75874786778,9220.413996588448,5762.75874786778,5762.75874786778,12678.069245309116,14983.172744456228,9220.413996588448,16135.724494029784,18440.827993176896,18440.827993176896,21898.483241897564,8067.862247014892,5762.75874786778,4610.206998294224,6915.310497441336,11525.51749573556,11525.51749573556,3457.655248720668,6915.310497441336,11525.51749573556,9220.413996588448,11525.51749573556,5762.75874786778,6915.310497441336,8067.862247014892,8067.862247014892,6915.310497441336,10372.965746162005,17288.27624360334,11525.51749573556,8067.862247014892,6915.310497441336,12678.069245309116,4610.206998294224,5762.75874786778,6915.310497441336,5762.75874786778,12678.069245309116,8067.862247014892,9220.413996588448,6915.310497441336,16135.724494029784,10372.965746162005,11525.51749573556,9220.413996588448,9220.413996588448,14983.172744456228,11525.51749573556,3457.655248720668,5762.75874786778,5762.75874786778,6915.310497441336,13830.620994882673,10372.965746162005,4610.206998294224,6915.310497441336,8067.862247014892,5762.75874786778,5762.75874786778,10372.965746162005,8067.862247014892,9220.413996588448,4610.206998294224,4610.206998294224,4610.206998294224,8067.862247014892,6915.310497441336,5762.75874786778,2305.103499147112,3457.655248720668,4610.206998294224,8067.862247014892,8067.862247014892,6915.310497441336,4610.206998294224,1152.551749573556,6915.310497441336,2305.103499147112,2305.103499147112,3457.655248720668,5762.75874786778,4610.206998294224,12678.069245309116,10372.965746162005,3457.655248720668,2305.103499147112,6915.310497441336,6915.310497441336,,,,,,,9220.413996588448,4610.206998294224,4610.206998294224,,,,,,,,,,,,,4610.206998294224,3457.655248720668,8067.862247014892,14983.172744456228,3457.655248720668,,,,,,,,,,,,,,,,,,,,,,,,,,,,,,,,,,,,,,,,,,,,,,,,,,,,
,,,,,,,,,,,,,,,,,,,,,,,,,,,,,,,,,,,,,,,,,,,,,,,,,,,,,,,,,,,,,,,,,,,,,,,,,,,,,,,,4610.206998294224,12678.069245309116,10372.965746162005,6915.310497441336,12678.069245309116,13830.620994882673,17288.27624360334,14983.172744456228,13830.620994882673,9220.413996588448,6915.310497441336,8067.862247014892,6915.310497441336,8067.862247014892,6915.310497441336,9220.413996588448,6915.310497441336,21898.483241897564,25356.138490618232,16135.724494029784,18440.827993176896,9220.413996588448,9220.413996588448,3457.655248720668,4610.206998294224,5762.75874786778,8067.862247014892,9220.413996588448,4610.206998294224,11525.51749573556,3457.655248720668,6915.310497441336,9220.413996588448,5762.75874786778,11525.51749573556,5762.75874786778,9220.413996588448,9220.413996588448,3457.655248720668,6915.310497441336,8067.862247014892,9220.413996588448,5762.75874786778,9220.413996588448,8067.862247014892,9220.413996588448,8067.862247014892,3457.655248720668,13830.620994882673,11525.51749573556,8067.862247014892,9220.413996588448,9220.413996588448,5762.75874786778,8067.862247014892,6915.310497441336,6915.310497441336,18440.827993176896,6915.310497441336,6915.310497441336,10372.965746162005,5762.75874786778,6915.310497441336,8067.862247014892,8067.862247014892,8067.862247014892,5762.75874786778,10372.965746162005,11525.51749573556,9220.413996588448,6915.310497441336,14983.172744456228,6915.310497441336,6915.310497441336,8067.862247014892,4610.206998294224,8067.862247014892,6915.310497441336,10372.965746162005,5762.75874786778,9220.413996588448,8067.862247014892,11525.51749573556,6915.310497441336,11525.51749573556,5762.75874786778,4610.206998294224,2305.103499147112,5762.75874786778,1152.551749573556,5762.75874786778,5762.75874786778,1152.551749573556,9220.413996588448,6915.310497441336,1152.551749573556,12678.069245309116,8067.862247014892,,,,,,,3457.655248720668,8067.862247014892,9220.413996588448,,,,,,,,,,,5762.75874786778,12678.069245309116,5762.75874786778,6915.310497441336,3457.655248720668,5762.75874786778,,,,,,,,,,,,,,,,,,,,,,,,,,,,,,,,,,,,,,,,,,,,,,,,,,,,,
,,,,,,,,,,,,,,,,,,,,,,,,,,,,,,,,,,,,,,,,,,,,,,,,,,,,,,,,,,,,,,,,,,,,,,,,,,,,,,,,6915.310497441336,2305.103499147112,4610.206998294224,5762.75874786778,10372.965746162005,26508.690240191787,20745.93149232401,16135.724494029784,16135.724494029784,4610.206998294224,10372.965746162005,8067.862247014892,6915.310497441336,5762.75874786778,1152.551749573556,4610.206998294224,11525.51749573556,13830.620994882673,10372.965746162005,21898.483241897564,13830.620994882673,3457.655248720668,10372.965746162005,9220.413996588448,10372.965746162005,12678.069245309116,6915.310497441336,10372.965746162005,18440.827993176896,8067.862247014892,6915.310497441336,8067.862247014892,9220.413996588448,10372.965746162005,6915.310497441336,2305.103499147112,5762.75874786778,10372.965746162005,4610.206998294224,9220.413996588448,6915.310497441336,8067.862247014892,6915.310497441336,2305.103499147112,5762.75874786778,2305.103499147112,6915.310497441336,8067.862247014892,16135.724494029784,12678.069245309116,11525.51749573556,14983.172744456228,14983.172744456228,14983.172744456228,5762.75874786778,11525.51749573556,8067.862247014892,2305.103499147112,6915.310497441336,13830.620994882673,10372.965746162005,9220.413996588448,8067.862247014892,5762.75874786778,6915.310497441336,9220.413996588448,3457.655248720668,5762.75874786778,4610.206998294224,10372.965746162005,6915.310497441336,9220.413996588448,11525.51749573556,5762.75874786778,8067.862247014892,5762.75874786778,4610.206998294224,2305.103499147112,5762.75874786778,5762.75874786778,11525.51749573556,8067.862247014892,10372.965746162005,1152.551749573556,6915.310497441336,4610.206998294224,4610.206998294224,3457.655248720668,3457.655248720668,3457.655248720668,2305.103499147112,3457.655248720668,3457.655248720668,2305.103499147112,8067.862247014892,10372.965746162005,1152.551749573556,,,,,,,,,5762.75874786778,6915.310497441336,,,,,,,,,8067.862247014892,4610.206998294224,4610.206998294224,12678.069245309116,4610.206998294224,,,,,,,,,,,,,,,,,,,,,,,,,,,,,,,,,,,,,,,,,,,,,,,,,,,,,,,,
,,,,,,,,,,,,,,,,,,,,,,,,,,,,,,,,,,,,,,,,,,,,,,,,,,,,,,,,,,,,,,,,,,,,,,,,,,,,,6915.310497441336,3457.655248720668,,,,3457.655248720668,9220.413996588448,13830.620994882673,11525.51749573556,17288.27624360334,11525.51749573556,11525.51749573556,4610.206998294224,9220.413996588448,8067.862247014892,12678.069245309116,6915.310497441336,12678.069245309116,13830.620994882673,13830.620994882673,11525.51749573556,27661.241989765345,20745.93149232401,6915.310497441336,4610.206998294224,8067.862247014892,6915.310497441336,3457.655248720668,9220.413996588448,11525.51749573556,2305.103499147112,10372.965746162005,4610.206998294224,9220.413996588448,8067.862247014892,5762.75874786778,5762.75874786778,4610.206998294224,11525.51749573556,1152.551749573556,6915.310497441336,5762.75874786778,9220.413996588448,3457.655248720668,5762.75874786778,5762.75874786778,9220.413996588448,4610.206998294224,8067.862247014892,11525.51749573556,5762.75874786778,11525.51749573556,6915.310497441336,11525.51749573556,8067.862247014892,10372.965746162005,9220.413996588448,11525.51749573556,1152.551749573556,8067.862247014892,3457.655248720668,2305.103499147112,4610.206998294224,6915.310497441336,8067.862247014892,9220.413996588448,4610.206998294224,6915.310497441336,12678.069245309116,3457.655248720668,4610.206998294224,11525.51749573556,4610.206998294224,10372.965746162005,4610.206998294224,3457.655248720668,4610.206998294224,6915.310497441336,8067.862247014892,10372.965746162005,6915.310497441336,1152.551749573556,3457.655248720668,6915.310497441336,6915.310497441336,5762.75874786778,8067.862247014892,8067.862247014892,4610.206998294224,5762.75874786778,3457.655248720668,11525.51749573556,5762.75874786778,5762.75874786778,2305.103499147112,5762.75874786778,10372.965746162005,,,,,,,,,,,,3457.655248720668,8067.862247014892,,,,,,,,,2305.103499147112,3457.655248720668,5762.75874786778,4610.206998294224,6915.310497441336,,,,,5762.75874786778,5762.75874786778,,,,,,,,,,,,,,,,,,,,,,,,,,,,,,,,,,,,,,,,,,,,,,,,,,
,,,,,,,,,,,,,,,,,,,,,,,,,,,,,,,,,,,,,,,,,,,,,,,,,,,,,,,,,,,,,,,,,,,,,,,,,,6915.310497441336,6915.310497441336,3457.655248720668,11525.51749573556,8067.862247014892,6915.310497441336,,,3457.655248720668,4610.206998294224,8067.862247014892,13830.620994882673,16135.724494029784,23051.03499147112,8067.862247014892,8067.862247014892,8067.862247014892,6915.310497441336,8067.862247014892,2305.103499147112,4610.206998294224,5762.75874786778,14983.172744456228,8067.862247014892,17288.27624360334,12678.069245309116,12678.069245309116,9220.413996588448,12678.069245309116,9220.413996588448,10372.965746162005,14983.172744456228,10372.965746162005,6915.310497441336,6915.310497441336,4610.206998294224,10372.965746162005,14983.172744456228,9220.413996588448,4610.206998294224,8067.862247014892,4610.206998294224,8067.862247014892,4610.206998294224,9220.413996588448,9220.413996588448,9220.413996588448,9220.413996588448,9220.413996588448,5762.75874786778,10372.965746162005,9220.413996588448,6915.310497441336,2305.103499147112,8067.862247014892,6915.310497441336,9220.413996588448,9220.413996588448,12678.069245309116,5762.75874786778,6915.310497441336,9220.413996588448,3457.655248720668,6915.310497441336,2305.103499147112,6915.310497441336,4610.206998294224,8067.862247014892,9220.413996588448,8067.862247014892,5762.75874786778,8067.862247014892,5762.75874786778,5762.75874786778,9220.413996588448,4610.206998294224,3457.655248720668,6915.310497441336,12678.069245309116,10372.965746162005,6915.310497441336,13830.620994882673,5762.75874786778,6915.310497441336,4610.206998294224,4610.206998294224,4610.206998294224,3457.655248720668,8067.862247014892,3457.655248720668,6915.310497441336,10372.965746162005,4610.206998294224,4610.206998294224,8067.862247014892,4610.206998294224,11525.51749573556,5762.75874786778,6915.310497441336,8067.862247014892,,,,,,,,,,,5762.75874786778,6915.310497441336,8067.862247014892,8067.862247014892,,,,,,,,3457.655248720668,9220.413996588448,4610.206998294224,3457.655248720668,,,,,3457.655248720668,9220.413996588448,9220.413996588448,6915.310497441336,,,,,,,,,,,,,,,,,,,,,,,,,,,,,,,,,,,,,,,,,,,,,,,,,
,,,,,,,,,,,,,,,,,,,,,,,,,,,,,,,,,,,,,,,,,,,,,,,,,,,,,,,,,,,,,,,,,,,,,,,,,,4610.206998294224,8067.862247014892,9220.413996588448,6915.310497441336,4610.206998294224,4610.206998294224,,,8067.862247014892,10372.965746162005,11525.51749573556,3457.655248720668,8067.862247014892,8067.862247014892,13830.620994882673,8067.862247014892,4610.206998294224,9220.413996588448,6915.310497441336,5762.75874786778,6915.310497441336,6915.310497441336,5762.75874786778,5762.75874786778,8067.862247014892,9220.413996588448,5762.75874786778,11525.51749573556,6915.310497441336,9220.413996588448,3457.655248720668,8067.862247014892,11525.51749573556,6915.310497441336,8067.862247014892,8067.862247014892,9220.413996588448,14983.172744456228,4610.206998294224,9220.413996588448,8067.862247014892,4610.206998294224,6915.310497441336,6915.310497441336,5762.75874786778,6915.310497441336,9220.413996588448,5762.75874786778,5762.75874786778,5762.75874786778,6915.310497441336,3457.655248720668,8067.862247014892,5762.75874786778,8067.862247014892,2305.103499147112,4610.206998294224,9220.413996588448,4610.206998294224,6915.310497441336,10372.965746162005,2305.103499147112,9220.413996588448,9220.413996588448,4610.206998294224,4610.206998294224,8067.862247014892,6915.310497441336,9220.413996588448,6915.310497441336,10372.965746162005,6915.310497441336,5762.75874786778,12678.069245309116,10372.965746162005,9220.413996588448,10372.965746162005,4610.206998294224,11525.51749573556,9220.413996588448,11525.51749573556,12678.069245309116,5762.75874786778,2305.103499147112,11525.51749573556,3457.655248720668,11525.51749573556,5762.75874786778,11525.51749573556,1152.551749573556,5762.75874786778,5762.75874786778,1152.551749573556,4610.206998294224,9220.413996588448,10372.965746162005,3457.655248720668,9220.413996588448,3457.655248720668,8067.862247014892,,,,,,,,,,6915.310497441336,8067.862247014892,5762.75874786778,8067.862247014892,4610.206998294224,6915.310497441336,8067.862247014892,6915.310497441336,,,8067.862247014892,8067.862247014892,4610.206998294224,4610.206998294224,4610.206998294224,10372.965746162005,1152.551749573556,9220.413996588448,6915.310497441336,2305.103499147112,5762.75874786778,8067.862247014892,4610.206998294224,5762.75874786778,,,,,,,,,,,,,,,,,,,,,,,,,,,,,,,,,,,,,,,,,,,,,,,,,
,,,,,,,,,,,,,,,,,,,,,,,,,,,,,,,,,,,,,,,,,,,,,,,,,,,,,,,,,,,,,,,,,,,,,,,,,,,4610.206998294224,8067.862247014892,9220.413996588448,8067.862247014892,5762.75874786778,12678.069245309116,3457.655248720668,5762.75874786778,6915.310497441336,5762.75874786778,8067.862247014892,13830.620994882673,4610.206998294224,9220.413996588448,8067.862247014892,9220.413996588448,5762.75874786778,4610.206998294224,5762.75874786778,8067.862247014892,5762.75874786778,1152.551749573556,6915.310497441336,9220.413996588448,9220.413996588448,12678.069245309116,10372.965746162005,5762.75874786778,5762.75874786778,10372.965746162005,10372.965746162005,10372.965746162005,8067.862247014892,8067.862247014892,5762.75874786778,10372.965746162005,3457.655248720668,4610.206998294224,6915.310497441336,9220.413996588448,17288.27624360334,9220.413996588448,6915.310497441336,6915.310497441336,4610.206998294224,9220.413996588448,12678.069245309116,11525.51749573556,6915.310497441336,11525.51749573556,6915.310497441336,5762.75874786778,4610.206998294224,6915.310497441336,12678.069245309116,6915.310497441336,6915.310497441336,13830.620994882673,10372.965746162005,8067.862247014892,2305.103499147112,2305.103499147112,3457.655248720668,8067.862247014892,6915.310497441336,8067.862247014892,6915.310497441336,5762.75874786778,9220.413996588448,12678.069245309116,10372.965746162005,11525.51749573556,10372.965746162005,12678.069245309116,8067.862247014892,5762.75874786778,11525.51749573556,4610.206998294224,11525.51749573556,6915.310497441336,5762.75874786778,4610.206998294224,9220.413996588448,10372.965746162005,4610.206998294224,8067.862247014892,4610.206998294224,11525.51749573556,8067.862247014892,2305.103499147112,5762.75874786778,8067.862247014892,12678.069245309116,9220.413996588448,1152.551749573556,8067.862247014892,5762.75874786778,,,,,,,,,,,,6915.310497441336,3457.655248720668,5762.75874786778,3457.655248720668,3457.655248720668,5762.75874786778,6915.310497441336,5762.75874786778,,8067.862247014892,6915.310497441336,2305.103499147112,5762.75874786778,9220.413996588448,4610.206998294224,9220.413996588448,9220.413996588448,1152.551749573556,4610.206998294224,8067.862247014892,5762.75874786778,3457.655248720668,9220.413996588448,4610.206998294224,,,,,,,,,,,,,,,,,,,,,,,,,,,,,,,,,,,,,,,,,,,,,,,,,
,,,,,,,,,,,,,,,,,,,,,,,,,,,,,,,,,,,,,,,,,,,,,,,,,,,,,,,,,,,,,,,,,,,,,,,5762.75874786778,14983.172744456228,3457.655248720668,,5762.75874786778,4610.206998294224,8067.862247014892,12678.069245309116,6915.310497441336,4610.206998294224,6915.310497441336,5762.75874786778,5762.75874786778,5762.75874786778,9220.413996588448,9220.413996588448,4610.206998294224,8067.862247014892,3457.655248720668,8067.862247014892,6915.310497441336,8067.862247014892,6915.310497441336,8067.862247014892,9220.413996588448,3457.655248720668,9220.413996588448,2305.103499147112,8067.862247014892,2305.103499147112,3457.655248720668,8067.862247014892,6915.310497441336,14983.172744456228,14983.172744456228,9220.413996588448,3457.655248720668,5762.75874786778,5762.75874786778,12678.069245309116,4610.206998294224,8067.862247014892,8067.862247014892,10372.965746162005,9220.413996588448,6915.310497441336,9220.413996588448,12678.069245309116,5762.75874786778,2305.103499147112,14983.172744456228,9220.413996588448,8067.862247014892,3457.655248720668,4610.206998294224,4610.206998294224,5762.75874786778,2305.103499147112,4610.206998294224,9220.413996588448,3457.655248720668,4610.206998294224,6915.310497441336,4610.206998294224,1152.551749573556,4610.206998294224,2305.103499147112,4610.206998294224,4610.206998294224,8067.862247014892,6915.310497441336,4610.206998294224,13830.620994882673,6915.310497441336,11525.51749573556,3457.655248720668,4610.206998294224,4610.206998294224,8067.862247014892,10372.965746162005,6915.310497441336,4610.206998294224,8067.862247014892,5762.75874786778,12678.069245309116,8067.862247014892,9220.413996588448,9220.413996588448,12678.069245309116,6915.310497441336,10372.965746162005,13830.620994882673,6915.310497441336,4610.206998294224,8067.862247014892,4610.206998294224,6915.310497441336,8067.862247014892,4610.206998294224,8067.862247014892,6915.310497441336,,,,,,,,,,,,,,,,5762.75874786778,5762.75874786778,,,,4610.206998294224,9220.413996588448,9220.413996588448,12678.069245309116,4610.206998294224,6915.310497441336,5762.75874786778,9220.413996588448,8067.862247014892,8067.862247014892,5762.75874786778,6915.310497441336,6915.310497441336,,,,,,,,,,2305.103499147112,,,,,,,,,,,,,,,,,,,,,,,,,,,,,,,,,,,,,,,,,
,,,,,,,,,,,,,,,,,,,,,,,,,,,,,,,,,,,,,,,,,,,,,,,,,,,,,,,,,,,,,,,,,,,,,,,,3457.655248720668,6915.310497441336,4610.206998294224,8067.862247014892,5762.75874786778,4610.206998294224,10372.965746162005,5762.75874786778,4610.206998294224,2305.103499147112,5762.75874786778,9220.413996588448,10372.965746162005,5762.75874786778,8067.862247014892,11525.51749573556,8067.862247014892,8067.862247014892,12678.069245309116,6915.310497441336,2305.103499147112,9220.413996588448,8067.862247014892,4610.206998294224,11525.51749573556,12678.069245309116,8067.862247014892,12678.069245309116,5762.75874786778,5762.75874786778,5762.75874786778,3457.655248720668,3457.655248720668,5762.75874786778,8067.862247014892,6915.310497441336,2305.103499147112,8067.862247014892,1152.551749573556,6915.310497441336,5762.75874786778,9220.413996588448,9220.413996588448,8067.862247014892,12678.069245309116,8067.862247014892,9220.413996588448,5762.75874786778,6915.310497441336,6915.310497441336,4610.206998294224,5762.75874786778,6915.310497441336,4610.206998294224,6915.310497441336,5762.75874786778,4610.206998294224,3457.655248720668,3457.655248720668,6915.310497441336,4610.206998294224,6915.310497441336,2305.103499147112,4610.206998294224,6915.310497441336,3457.655248720668,5762.75874786778,3457.655248720668,6915.310497441336,6915.310497441336,3457.655248720668,4610.206998294224,12678.069245309116,10372.965746162005,6915.310497441336,10372.965746162005,4610.206998294224,8067.862247014892,4610.206998294224,8067.862247014892,14983.172744456228,6915.310497441336,4610.206998294224,3457.655248720668,2305.103499147112,4610.206998294224,5762.75874786778,5762.75874786778,6915.310497441336,6915.310497441336,10372.965746162005,9220.413996588448,8067.862247014892,9220.413996588448,8067.862247014892,10372.965746162005,12678.069245309116,6915.310497441336,6915.310497441336,4610.206998294224,4610.206998294224,,,,,3457.655248720668,9220.413996588448,,,,,,,,5762.75874786778,6915.310497441336,4610.206998294224,,,,8067.862247014892,9220.413996588448,2305.103499147112,9220.413996588448,2305.103499147112,3457.655248720668,4610.206998294224,4610.206998294224,3457.655248720668,6915.310497441336,,,,,,,5762.75874786778,,,,,4610.206998294224,9220.413996588448,5762.75874786778,,,,,,,,,,,,,,,,,,,,,,,,,,,,,,,,,,,,,,,,
,,,,,,,,,,,,,,,,,,,,,,,,,,,,,,,,,,,,,,,,,,,,,,,,,,,,,,,,,,,,,,,,,,,,,,,,5762.75874786778,4610.206998294224,3457.655248720668,10372.965746162005,3457.655248720668,10372.965746162005,8067.862247014892,9220.413996588448,8067.862247014892,5762.75874786778,4610.206998294224,11525.51749573556,6915.310497441336,4610.206998294224,11525.51749573556,2305.103499147112,6915.310497441336,8067.862247014892,3457.655248720668,10372.965746162005,9220.413996588448,10372.965746162005,4610.206998294224,5762.75874786778,4610.206998294224,2305.103499147112,11525.51749573556,8067.862247014892,10372.965746162005,8067.862247014892,3457.655248720668,5762.75874786778,3457.655248720668,3457.655248720668,5762.75874786778,8067.862247014892,3457.655248720668,5762.75874786778,8067.862247014892,8067.862247014892,8067.862247014892,9220.413996588448,12678.069245309116,9220.413996588448,16135.724494029784,8067.862247014892,9220.413996588448,6915.310497441336,8067.862247014892,6915.310497441336,3457.655248720668,9220.413996588448,3457.655248720668,2305.103499147112,5762.75874786778,1152.551749573556,9220.413996588448,3457.655248720668,6915.310497441336,9220.413996588448,4610.206998294224,1152.551749573556,4610.206998294224,8067.862247014892,3457.655248720668,6915.310497441336,4610.206998294224,2305.103499147112,8067.862247014892,3457.655248720668,10372.965746162005,1152.551749573556,5762.75874786778,10372.965746162005,10372.965746162005,8067.862247014892,6915.310497441336,4610.206998294224,12678.069245309116,3457.655248720668,6915.310497441336,12678.069245309116,3457.655248720668,8067.862247014892,6915.310497441336,5762.75874786778,4610.206998294224,6915.310497441336,9220.413996588448,9220.413996588448,11525.51749573556,3457.655248720668,5762.75874786778,9220.413996588448,5762.75874786778,4610.206998294224,4610.206998294224,9220.413996588448,4610.206998294224,6915.310497441336,4610.206998294224,,,,,6915.310497441336,9220.413996588448,4610.206998294224,,,,,6915.310497441336,6915.310497441336,4610.206998294224,5762.75874786778,6915.310497441336,1152.551749573556,,5762.75874786778,3457.655248720668,9220.413996588448,2305.103499147112,10372.965746162005,4610.206998294224,4610.206998294224,6915.310497441336,12678.069245309116,8067.862247014892,2305.103499147112,,,,,,3457.655248720668,10372.965746162005,4610.206998294224,,,,,3457.655248720668,8067.862247014892,5762.75874786778,,,,,,,,,,,,,,,,,,,,,,,,,,,,,,,,,,,,,,,
,,,,,,,,,,,,,,,,,,,,,,,,,,,,,,,,,,,,,,,,,,,,,,,,,,,,,,,,,,,,,,,,,,,,,,,8067.862247014892,4610.206998294224,3457.655248720668,4610.206998294224,4610.206998294224,9220.413996588448,8067.862247014892,8067.862247014892,4610.206998294224,9220.413996588448,6915.310497441336,8067.862247014892,9220.413996588448,4610.206998294224,3457.655248720668,6915.310497441336,4610.206998294224,6915.310497441336,8067.862247014892,6915.310497441336,2305.103499147112,12678.069245309116,6915.310497441336,2305.103499147112,8067.862247014892,9220.413996588448,6915.310497441336,5762.75874786778,3457.655248720668,1152.551749573556,5762.75874786778,8067.862247014892,5762.75874786778,5762.75874786778,9220.413996588448,9220.413996588448,9220.413996588448,11525.51749573556,4610.206998294224,10372.965746162005,8067.862247014892,3457.655248720668,3457.655248720668,4610.206998294224,6915.310497441336,9220.413996588448,11525.51749573556,9220.413996588448,6915.310497441336,10372.965746162005,5762.75874786778,9220.413996588448,12678.069245309116,3457.655248720668,9220.413996588448,3457.655248720668,5762.75874786778,9220.413996588448,2305.103499147112,8067.862247014892,3457.655248720668,6915.310497441336,8067.862247014892,2305.103499147112,1152.551749573556,4610.206998294224,5762.75874786778,4610.206998294224,2305.103499147112,3457.655248720668,4610.206998294224,8067.862247014892,4610.206998294224,5762.75874786778,12678.069245309116,14983.172744456228,13830.620994882673,9220.413996588448,1152.551749573556,12678.069245309116,13830.620994882673,5762.75874786778,9220.413996588448,9220.413996588448,8067.862247014892,8067.862247014892,2305.103499147112,5762.75874786778,13830.620994882673,6915.310497441336,10372.965746162005,3457.655248720668,4610.206998294224,5762.75874786778,8067.862247014892,8067.862247014892,3457.655248720668,5762.75874786778,5762.75874786778,12678.069245309116,2305.103499147112,4610.206998294224,9220.413996588448,1152.551749573556,,,2305.103499147112,5762.75874786778,9220.413996588448,,,,10372.965746162005,5762.75874786778,4610.206998294224,4610.206998294224,5762.75874786778,10372.965746162005,8067.862247014892,8067.862247014892,6915.310497441336,6915.310497441336,6915.310497441336,4610.206998294224,2305.103499147112,8067.862247014892,2305.103499147112,9220.413996588448,12678.069245309116,4610.206998294224,5762.75874786778,8067.862247014892,10372.965746162005,,,12678.069245309116,8067.862247014892,6915.310497441336,8067.862247014892,,,,5762.75874786778,2305.103499147112,5762.75874786778,8067.862247014892,,,3457.655248720668,10372.965746162005,,,,,,,,,,,,,,,,,,,,,,,,,,,,,,,,,,,
,,,,,,,,,,,,,,,,,,,,,,,,,,,,,,,,,,,,,,,,,,,,,,,,,,,,,,,,,,,,,,,,,,,,,4610.206998294224,6915.310497441336,10372.965746162005,6915.310497441336,5762.75874786778,5762.75874786778,12678.069245309116,4610.206998294224,9220.413996588448,6915.310497441336,11525.51749573556,4610.206998294224,8067.862247014892,8067.862247014892,11525.51749573556,3457.655248720668,9220.413996588448,5762.75874786778,4610.206998294224,8067.862247014892,8067.862247014892,4610.206998294224,8067.862247014892,8067.862247014892,4610.206998294224,5762.75874786778,4610.206998294224,5762.75874786778,11525.51749573556,5762.75874786778,2305.103499147112,6915.310497441336,13830.620994882673,6915.310497441336,4610.206998294224,13830.620994882673,4610.206998294224,3457.655248720668,3457.655248720668,5762.75874786778,8067.862247014892,8067.862247014892,6915.310497441336,10372.965746162005,5762.75874786778,4610.206998294224,9220.413996588448,4610.206998294224,6915.310497441336,10372.965746162005,11525.51749573556,10372.965746162005,9220.413996588448,11525.51749573556,9220.413996588448,4610.206998294224,2305.103499147112,3457.655248720668,8067.862247014892,6915.310497441336,1152.551749573556,3457.655248720668,6915.310497441336,10372.965746162005,6915.310497441336,2305.103499147112,2305.103499147112,3457.655248720668,8067.862247014892,4610.206998294224,6915.310497441336,4610.206998294224,9220.413996588448,2305.103499147112,9220.413996588448,6915.310497441336,12678.069245309116,16135.724494029784,16135.724494029784,13830.620994882673,12678.069245309116,14983.172744456228,16135.724494029784,9220.413996588448,13830.620994882673,3457.655248720668,6915.310497441336,13830.620994882673,6915.310497441336,6915.310497441336,4610.206998294224,10372.965746162005,12678.069245309116,6915.310497441336,10372.965746162005,11525.51749573556,12678.069245309116,8067.862247014892,4610.206998294224,8067.862247014892,9220.413996588448,2305.103499147112,3457.655248720668,5762.75874786778,1152.551749573556,9220.413996588448,5762.75874786778,5762.75874786778,6915.310497441336,3457.655248720668,6915.310497441336,,,,,,,5762.75874786778,10372.965746162005,6915.310497441336,5762.75874786778,6915.310497441336,6915.310497441336,5762.75874786778,9220.413996588448,5762.75874786778,6915.310497441336,8067.862247014892,4610.206998294224,9220.413996588448,4610.206998294224,6915.310497441336,3457.655248720668,11525.51749573556,1152.551749573556,,,3457.655248720668,4610.206998294224,4610.206998294224,4610.206998294224,,,3457.655248720668,3457.655248720668,13830.620994882673,5762.75874786778,8067.862247014892,3457.655248720668,6915.310497441336,6915.310497441336,5762.75874786778,,,,,,,,,,,,,,,,,,,,,,,,,,,,,,,,,,,
,,,,,,,,,,,,,,,,,,,,,,,,,,,,,,,,,,,,,,,,,,,,,,,,,,,,,,,,,,,,,,,,,8067.862247014892,8067.862247014892,,,3457.655248720668,10372.965746162005,5762.75874786778,8067.862247014892,8067.862247014892,4610.206998294224,6915.310497441336,6915.310497441336,4610.206998294224,1152.551749573556,3457.655248720668,8067.862247014892,6915.310497441336,9220.413996588448,10372.965746162005,9220.413996588448,11525.51749573556,0.0,6915.310497441336,8067.862247014892,9220.413996588448,11525.51749573556,8067.862247014892,9220.413996588448,4610.206998294224,2305.103499147112,0.0,10372.965746162005,5762.75874786778,4610.206998294224,4610.206998294224,5762.75874786778,5762.75874786778,6915.310497441336,5762.75874786778,12678.069245309116,5762.75874786778,10372.965746162005,10372.965746162005,8067.862247014892,8067.862247014892,6915.310497441336,10372.965746162005,5762.75874786778,10372.965746162005,6915.310497441336,6915.310497441336,12678.069245309116,8067.862247014892,6915.310497441336,12678.069245309116,6915.310497441336,11525.51749573556,3457.655248720668,12678.069245309116,9220.413996588448,5762.75874786778,10372.965746162005,6915.310497441336,8067.862247014892,12678.069245309116,3457.655248720668,4610.206998294224,9220.413996588448,3457.655248720668,6915.310497441336,6915.310497441336,6915.310497441336,5762.75874786778,4610.206998294224,5762.75874786778,2305.103499147112,4610.206998294224,4610.206998294224,11525.51749573556,5762.75874786778,11525.51749573556,12678.069245309116,26508.690240191787,16135.724494029784,16135.724494029784,16135.724494029784,13830.620994882673,5762.75874786778,12678.069245309116,4610.206998294224,11525.51749573556,11525.51749573556,3457.655248720668,9220.413996588448,10372.965746162005,13830.620994882673,5762.75874786778,5762.75874786778,6915.310497441336,10372.965746162005,9220.413996588448,5762.75874786778,2305.103499147112,12678.069245309116,9220.413996588448,3457.655248720668,5762.75874786778,11525.51749573556,5762.75874786778,4610.206998294224,3457.655248720668,5762.75874786778,9220.413996588448,8067.862247014892,,,,,,,3457.655248720668,4610.206998294224,4610.206998294224,9220.413996588448,3457.655248720668,6915.310497441336,3457.655248720668,6915.310497441336,4610.206998294224,4610.206998294224,8067.862247014892,5762.75874786778,3457.655248720668,3457.655248720668,4610.206998294224,5762.75874786778,1152.551749573556,6915.310497441336,5762.75874786778,,,3457.655248720668,11525.51749573556,5762.75874786778,5762.75874786778,3457.655248720668,8067.862247014892,10372.965746162005,4610.206998294224,6915.310497441336,8067.862247014892,4610.206998294224,3457.655248720668,8067.862247014892,4610.206998294224,5762.75874786778,,,,,,,,,,,,,,,,,,,,,,,,,,,,,,,,,,,
,,,,,,,,,,,,,,,,,,,,,,,,,,,,,,,,,,,,,,,,,,,,,,,,,,,,,,,,,,,,5762.75874786778,9220.413996588448,,8067.862247014892,6915.310497441336,3457.655248720668,4610.206998294224,4610.206998294224,6915.310497441336,4610.206998294224,5762.75874786778,4610.206998294224,8067.862247014892,6915.310497441336,3457.655248720668,5762.75874786778,5762.75874786778,6915.310497441336,6915.310497441336,5762.75874786778,3457.655248720668,8067.862247014892,8067.862247014892,5762.75874786778,9220.413996588448,10372.965746162005,8067.862247014892,4610.206998294224,1152.551749573556,5762.75874786778,5762.75874786778,3457.655248720668,3457.655248720668,6915.310497441336,0.0,5762.75874786778,10372.965746162005,2305.103499147112,5762.75874786778,8067.862247014892,10372.965746162005,5762.75874786778,4610.206998294224,8067.862247014892,3457.655248720668,10372.965746162005,12678.069245309116,6915.310497441336,3457.655248720668,4610.206998294224,8067.862247014892,5762.75874786778,4610.206998294224,11525.51749573556,5762.75874786778,4610.206998294224,5762.75874786778,6915.310497441336,4610.206998294224,6915.310497441336,8067.862247014892,8067.862247014892,5762.75874786778,9220.413996588448,6915.310497441336,9220.413996588448,8067.862247014892,6915.310497441336,10372.965746162005,3457.655248720668,5762.75874786778,8067.862247014892,5762.75874786778,3457.655248720668,4610.206998294224,1152.551749573556,5762.75874786778,4610.206998294224,5762.75874786778,5762.75874786778,6915.310497441336,4610.206998294224,4610.206998294224,11525.51749573556,5762.75874786778,10372.965746162005,10372.965746162005,16135.724494029784,12678.069245309116,10372.965746162005,12678.069245309116,11525.51749573556,12678.069245309116,4610.206998294224,12678.069245309116,9220.413996588448,4610.206998294224,8067.862247014892,8067.862247014892,10372.965746162005,9220.413996588448,9220.413996588448,4610.206998294224,6915.310497441336,9220.413996588448,5762.75874786778,0.0,4610.206998294224,3457.655248720668,6915.310497441336,4610.206998294224,10372.965746162005,2305.103499147112,3457.655248720668,13830.620994882673,6915.310497441336,4610.206998294224,2305.103499147112,5762.75874786778,,,,,,,6915.310497441336,6915.310497441336,5762.75874786778,3457.655248720668,4610.206998294224,5762.75874786778,4610.206998294224,9220.413996588448,10372.965746162005,2305.103499147112,10372.965746162005,6915.310497441336,6915.310497441336,10372.965746162005,4610.206998294224,4610.206998294224,9220.413996588448,5762.75874786778,4610.206998294224,6915.310497441336,6915.310497441336,9220.413996588448,3457.655248720668,8067.862247014892,6915.310497441336,9220.413996588448,4610.206998294224,9220.413996588448,6915.310497441336,6915.310497441336,2305.103499147112,9220.413996588448,3457.655248720668,5762.75874786778,4610.206998294224,,,,,,,,,,,,,,,,,,,,,,,,,,,,,,,,,,,,
,,,,,,,,,,,,,,,,,,,,,,,,,,,,,,,,,,,,,,,,,,,,,,,,,,,,,,,,,,,11525.51749573556,8067.862247014892,3457.655248720668,6915.310497441336,8067.862247014892,3457.655248720668,4610.206998294224,5762.75874786778,5762.75874786778,4610.206998294224,8067.862247014892,4610.206998294224,9220.413996588448,6915.310497441336,4610.206998294224,9220.413996588448,3457.655248720668,3457.655248720668,5762.75874786778,4610.206998294224,2305.103499147112,5762.75874786778,3457.655248720668,6915.310497441336,3457.655248720668,5762.75874786778,6915.310497441336,12678.069245309116,6915.310497441336,11525.51749573556,6915.310497441336,8067.862247014892,3457.655248720668,9220.413996588448,4610.206998294224,3457.655248720668,3457.655248720668,2305.103499147112,4610.206998294224,4610.206998294224,8067.862247014892,4610.206998294224,4610.206998294224,5762.75874786778,9220.413996588448,9220.413996588448,5762.75874786778,4610.206998294224,4610.206998294224,3457.655248720668,8067.862247014892,8067.862247014892,4610.206998294224,8067.862247014892,9220.413996588448,14983.172744456228,8067.862247014892,8067.862247014892,4610.206998294224,10372.965746162005,11525.51749573556,8067.862247014892,8067.862247014892,4610.206998294224,9220.413996588448,8067.862247014892,10372.965746162005,11525.51749573556,9220.413996588448,8067.862247014892,5762.75874786778,4610.206998294224,9220.413996588448,8067.862247014892,2305.103499147112,1152.551749573556,0.0,4610.206998294224,6915.310497441336,9220.413996588448,3457.655248720668,1152.551749573556,3457.655248720668,4610.206998294224,11525.51749573556,10372.965746162005,5762.75874786778,8067.862247014892,23051.03499147112,18440.827993176896,4610.206998294224,10372.965746162005,8067.862247014892,4610.206998294224,10372.965746162005,2305.103499147112,5762.75874786778,4610.206998294224,5762.75874786778,12678.069245309116,11525.51749573556,6915.310497441336,5762.75874786778,6915.310497441336,10372.965746162005,11525.51749573556,5762.75874786778,4610.206998294224,3457.655248720668,6915.310497441336,8067.862247014892,8067.862247014892,2305.103499147112,3457.655248720668,5762.75874786778,4610.206998294224,4610.206998294224,5762.75874786778,11525.51749573556,3457.655248720668,,,10372.965746162005,6915.310497441336,,,9220.413996588448,4610.206998294224,10372.965746162005,6915.310497441336,10372.965746162005,9220.413996588448,4610.206998294224,3457.655248720668,9220.413996588448,5762.75874786778,4610.206998294224,9220.413996588448,3457.655248720668,4610.206998294224,4610.206998294224,8067.862247014892,9220.413996588448,5762.75874786778,6915.310497441336,4610.206998294224,2305.103499147112,8067.862247014892,5762.75874786778,5762.75874786778,5762.75874786778,6915.310497441336,6915.310497441336,5762.75874786778,8067.862247014892,4610.206998294224,8067.862247014892,4610.206998294224,10372.965746162005,5762.75874786778,6915.310497441336,,,,3457.655248720668,5762.75874786778,,,,,,,,,,,,,,,,,,,,,,,,,,,,,,,
,,,,,,,,,,,,,,,,,,,,,,,,,,,,,,,,,,,,,,,,,,,,,,,,,,,,,,,,,,,3457.655248720668,2305.103499147112,3457.655248720668,5762.75874786778,4610.206998294224,10372.965746162005,6915.310497441336,1152.551749573556,8067.862247014892,5762.75874786778,8067.862247014892,5762.75874786778,5762.75874786778,5762.75874786778,5762.75874786778,3457.655248720668,5762.75874786778,3457.655248720668,5762.75874786778,8067.862247014892,4610.206998294224,3457.655248720668,5762.75874786778,5762.75874786778,10372.965746162005,5762.75874786778,6915.310497441336,10372.965746162005,9220.413996588448,14983.172744456228,10372.965746162005,3457.655248720668,4610.206998294224,9220.413996588448,6915.310497441336,2305.103499147112,5762.75874786778,4610.206998294224,6915.310497441336,2305.103499147112,8067.862247014892,5762.75874786778,5762.75874786778,10372.965746162005,5762.75874786778,8067.862247014892,10372.965746162005,8067.862247014892,8067.862247014892,6915.310497441336,9220.413996588448,9220.413996588448,8067.862247014892,4610.206998294224,10372.965746162005,5762.75874786778,2305.103499147112,3457.655248720668,6915.310497441336,4610.206998294224,8067.862247014892,12678.069245309116,12678.069245309116,8067.862247014892,6915.310497441336,5762.75874786778,6915.310497441336,6915.310497441336,9220.413996588448,6915.310497441336,9220.413996588448,9220.413996588448,8067.862247014892,2305.103499147112,1152.551749573556,4610.206998294224,3457.655248720668,8067.862247014892,4610.206998294224,3457.655248720668,4610.206998294224,12678.069245309116,14983.172744456228,12678.069245309116,26508.690240191787,26508.690240191787,12678.069245309116,6915.310497441336,11525.51749573556,8067.862247014892,9220.413996588448,11525.51749573556,14983.172744456228,16135.724494029784,13830.620994882673,10372.965746162005,6915.310497441336,11525.51749573556,6915.310497441336,4610.206998294224,9220.413996588448,10372.965746162005,12678.069245309116,9220.413996588448,6915.310497441336,5762.75874786778,8067.862247014892,6915.310497441336,8067.862247014892,3457.655248720668,5762.75874786778,12678.069245309116,11525.51749573556,5762.75874786778,5762.75874786778,10372.965746162005,13830.620994882673,3457.655248720668,4610.206998294224,6915.310497441336,8067.862247014892,2305.103499147112,4610.206998294224,5762.75874786778,,,1152.551749573556,4610.206998294224,13830.620994882673,6915.310497441336,4610.206998294224,5762.75874786778,6915.310497441336,3457.655248720668,9220.413996588448,5762.75874786778,3457.655248720668,13830.620994882673,3457.655248720668,8067.862247014892,10372.965746162005,2305.103499147112,2305.103499147112,8067.862247014892,6915.310497441336,4610.206998294224,5762.75874786778,5762.75874786778,8067.862247014892,3457.655248720668,6915.310497441336,2305.103499147112,0.0,6915.310497441336,5762.75874786778,4610.206998294224,3457.655248720668,6915.310497441336,5762.75874786778,5762.75874786778,2305.103499147112,,,3457.655248720668,13830.620994882673,8067.862247014892,2305.103499147112,,,,,,,,,,,,,,,,,,,,,,,,,,,,,,
,,,,,,,,,,,,,,,,,,,,,,,,,,,,,,,,,,,,,,,,,,,,,,,,,,,,,,,,,,,6915.310497441336,6915.310497441336,4610.206998294224,3457.655248720668,4610.206998294224,5762.75874786778,3457.655248720668,6915.310497441336,9220.413996588448,6915.310497441336,5762.75874786778,3457.655248720668,8067.862247014892,5762.75874786778,8067.862247014892,6915.310497441336,5762.75874786778,1152.551749573556,2305.103499147112,3457.655248720668,5762.75874786778,4610.206998294224,5762.75874786778,5762.75874786778,4610.206998294224,9220.413996588448,9220.413996588448,8067.862247014892,6915.310497441336,6915.310497441336,5762.75874786778,6915.310497441336,6915.310497441336,6915.310497441336,6915.310497441336,5762.75874786778,9220.413996588448,3457.655248720668,3457.655248720668,6915.310497441336,9220.413996588448,6915.310497441336,3457.655248720668,8067.862247014892,8067.862247014892,6915.310497441336,16135.724494029784,6915.310497441336,11525.51749573556,16135.724494029784,2305.103499147112,4610.206998294224,9220.413996588448,8067.862247014892,6915.310497441336,11525.51749573556,2305.103499147112,10372.965746162005,6915.310497441336,6915.310497441336,8067.862247014892,6915.310497441336,5762.75874786778,4610.206998294224,4610.206998294224,3457.655248720668,4610.206998294224,8067.862247014892,8067.862247014892,10372.965746162005,5762.75874786778,4610.206998294224,5762.75874786778,5762.75874786778,3457.655248720668,5762.75874786778,3457.655248720668,4610.206998294224,8067.862247014892,9220.413996588448,6915.310497441336,9220.413996588448,16135.724494029784,33424.00073763313,47254.62173251579,47254.62173251579,14983.172744456228,9220.413996588448,11525.51749573556,17288.27624360334,13830.620994882673,9220.413996588448,10372.965746162005,8067.862247014892,8067.862247014892,14983.172744456228,12678.069245309116,10372.965746162005,8067.862247014892,13830.620994882673,9220.413996588448,6915.310497441336,5762.75874786778,5762.75874786778,5762.75874786778,8067.862247014892,5762.75874786778,6915.310497441336,8067.862247014892,3457.655248720668,3457.655248720668,5762.75874786778,6915.310497441336,9220.413996588448,5762.75874786778,2305.103499147112,6915.310497441336,9220.413996588448,9220.413996588448,4610.206998294224,8067.862247014892,8067.862247014892,9220.413996588448,5762.75874786778,5762.75874786778,6915.310497441336,4610.206998294224,9220.413996588448,8067.862247014892,6915.310497441336,6915.310497441336,8067.862247014892,6915.310497441336,3457.655248720668,8067.862247014892,8067.862247014892,6915.310497441336,5762.75874786778,9220.413996588448,5762.75874786778,8067.862247014892,5762.75874786778,4610.206998294224,4610.206998294224,6915.310497441336,5762.75874786778,2305.103499147112,9220.413996588448,8067.862247014892,4610.206998294224,6915.310497441336,3457.655248720668,4610.206998294224,6915.310497441336,3457.655248720668,6915.310497441336,9220.413996588448,2305.103499147112,6915.310497441336,,,,,6915.310497441336,10372.965746162005,11525.51749573556,6915.310497441336,,,,,,,,,,,,,,,,,,,,,,,,,,,,,,
,,,,,,,,,,,,,,,,,,,,,,,,,,,,,,,,,,,,,,,,,,,,,,,,,,,,,,8067.862247014892,,,,,6915.310497441336,8067.862247014892,8067.862247014892,4610.206998294224,10372.965746162005,6915.310497441336,6915.310497441336,14983.172744456228,5762.75874786778,3457.655248720668,3457.655248720668,4610.206998294224,6915.310497441336,5762.75874786778,1152.551749573556,6915.310497441336,2305.103499147112,3457.655248720668,1152.551749573556,10372.965746162005,6915.310497441336,6915.310497441336,4610.206998294224,2305.103499147112,3457.655248720668,8067.862247014892,6915.310497441336,6915.310497441336,5762.75874786778,10372.965746162005,6915.310497441336,2305.103499147112,9220.413996588448,1152.551749573556,1152.551749573556,4610.206998294224,4610.206998294224,5762.75874786778,10372.965746162005,3457.655248720668,6915.310497441336,9220.413996588448,8067.862247014892,8067.862247014892,4610.206998294224,2305.103499147112,5762.75874786778,6915.310497441336,9220.413996588448,9220.413996588448,6915.310497441336,3457.655248720668,5762.75874786778,4610.206998294224,9220.413996588448,9220.413996588448,4610.206998294224,4610.206998294224,6915.310497441336,5762.75874786778,6915.310497441336,5762.75874786778,12678.069245309116,8067.862247014892,10372.965746162005,6915.310497441336,4610.206998294224,5762.75874786778,3457.655248720668,8067.862247014892,8067.862247014892,8067.862247014892,10372.965746162005,4610.206998294224,4610.206998294224,3457.655248720668,2305.103499147112,3457.655248720668,2305.103499147112,2305.103499147112,4610.206998294224,9220.413996588448,16135.724494029784,24203.586741044677,49559.72523166291,24203.586741044677,10372.965746162005,6915.310497441336,6915.310497441336,5762.75874786778,8067.862247014892,16135.724494029784,4610.206998294224,4610.206998294224,2305.103499147112,5762.75874786778,8067.862247014892,3457.655248720668,6915.310497441336,8067.862247014892,3457.655248720668,9220.413996588448,6915.310497441336,8067.862247014892,9220.413996588448,2305.103499147112,9220.413996588448,10372.965746162005,5762.75874786778,5762.75874786778,9220.413996588448,3457.655248720668,9220.413996588448,11525.51749573556,8067.862247014892,3457.655248720668,5762.75874786778,3457.655248720668,13830.620994882673,4610.206998294224,6915.310497441336,6915.310497441336,9220.413996588448,10372.965746162005,3457.655248720668,9220.413996588448,4610.206998294224,6915.310497441336,5762.75874786778,3457.655248720668,8067.862247014892,6915.310497441336,11525.51749573556,4610.206998294224,5762.75874786778,8067.862247014892,5762.75874786778,3457.655248720668,9220.413996588448,4610.206998294224,6915.310497441336,3457.655248720668,4610.206998294224,4610.206998294224,11525.51749573556,6915.310497441336,3457.655248720668,4610.206998294224,3457.655248720668,3457.655248720668,3457.655248720668,6915.310497441336,3457.655248720668,8067.862247014892,4610.206998294224,8067.862247014892,4610.206998294224,5762.75874786778,,,6915.310497441336,6915.310497441336,5762.75874786778,5762.75874786778,1152.551749573556,3457.655248720668,4610.206998294224,,,,,,,,,,,,,,,,,,,,,,,,,,,,,,
,,,,,,,,,,,,,,,,,,,,,,,,,,,,,,,,,,,,,,,,,,,,,,,,,,,,8067.862247014892,8067.862247014892,5762.75874786778,,,,8067.862247014892,4610.206998294224,5762.75874786778,8067.862247014892,2305.103499147112,4610.206998294224,3457.655248720668,6915.310497441336,8067.862247014892,4610.206998294224,9220.413996588448,6915.310497441336,5762.75874786778,10372.965746162005,5762.75874786778,6915.310497441336,5762.75874786778,4610.206998294224,3457.655248720668,5762.75874786778,3457.655248720668,6915.310497441336,2305.103499147112,2305.103499147112,8067.862247014892,3457.655248720668,11525.51749573556,5762.75874786778,2305.103499147112,5762.75874786778,8067.862247014892,8067.862247014892,4610.206998294224,3457.655248720668,4610.206998294224,9220.413996588448,5762.75874786778,3457.655248720668,5762.75874786778,5762.75874786778,5762.75874786778,9220.413996588448,6915.310497441336,6915.310497441336,11525.51749573556,8067.862247014892,2305.103499147112,11525.51749573556,6915.310497441336,5762.75874786778,9220.413996588448,5762.75874786778,12678.069245309116,4610.206998294224,2305.103499147112,8067.862247014892,5762.75874786778,8067.862247014892,13830.620994882673,6915.310497441336,10372.965746162005,10372.965746162005,5762.75874786778,11525.51749573556,3457.655248720668,10372.965746162005,11525.51749573556,4610.206998294224,6915.310497441336,2305.103499147112,11525.51749573556,6915.310497441336,8067.862247014892,3457.655248720668,6915.310497441336,5762.75874786778,1152.551749573556,0.0,2305.103499147112,5762.75874786778,5762.75874786778,1152.551749573556,5762.75874786778,11525.51749573556,12678.069245309116,25356.138490618232,12678.069245309116,8067.862247014892,4610.206998294224,5762.75874786778,8067.862247014892,5762.75874786778,10372.965746162005,4610.206998294224,3457.655248720668,9220.413996588448,9220.413996588448,10372.965746162005,10372.965746162005,1152.551749573556,8067.862247014892,5762.75874786778,2305.103499147112,3457.655248720668,10372.965746162005,5762.75874786778,6915.310497441336,8067.862247014892,4610.206998294224,9220.413996588448,6915.310497441336,6915.310497441336,3457.655248720668,8067.862247014892,8067.862247014892,8067.862247014892,3457.655248720668,4610.206998294224,4610.206998294224,6915.310497441336,6915.310497441336,11525.51749573556,1152.551749573556,4610.206998294224,6915.310497441336,5762.75874786778,3457.655248720668,5762.75874786778,9220.413996588448,11525.51749573556,5762.75874786778,4610.206998294224,5762.75874786778,8067.862247014892,9220.413996588448,2305.103499147112,3457.655248720668,8067.862247014892,11525.51749573556,5762.75874786778,6915.310497441336,4610.206998294224,8067.862247014892,6915.310497441336,11525.51749573556,10372.965746162005,5762.75874786778,8067.862247014892,10372.965746162005,10372.965746162005,4610.206998294224,4610.206998294224,8067.862247014892,8067.862247014892,11525.51749573556,6915.310497441336,11525.51749573556,6915.310497441336,3457.655248720668,,,5762.75874786778,8067.862247014892,6915.310497441336,5762.75874786778,6915.310497441336,3457.655248720668,9220.413996588448,5762.75874786778,,,,,,,,,,,,,,,,,,,,,,,,,,,,,
,,,,,,,,,,,,,,,,,,,,,,,,,,,,,,,,,,,,,,,,,,,,,,,,,,,,6915.310497441336,5762.75874786778,5762.75874786778,8067.862247014892,3457.655248720668,6915.310497441336,8067.862247014892,4610.206998294224,4610.206998294224,6915.310497441336,9220.413996588448,8067.862247014892,10372.965746162005,4610.206998294224,8067.862247014892,10372.965746162005,4610.206998294224,4610.206998294224,9220.413996588448,8067.862247014892,11525.51749573556,3457.655248720668,8067.862247014892,1152.551749573556,9220.413996588448,3457.655248720668,4610.206998294224,4610.206998294224,3457.655248720668,4610.206998294224,2305.103499147112,6915.310497441336,2305.103499147112,1152.551749573556,10372.965746162005,3457.655248720668,3457.655248720668,3457.655248720668,3457.655248720668,12678.069245309116,4610.206998294224,6915.310497441336,4610.206998294224,1152.551749573556,5762.75874786778,6915.310497441336,5762.75874786778,9220.413996588448,8067.862247014892,4610.206998294224,11525.51749573556,8067.862247014892,6915.310497441336,9220.413996588448,2305.103499147112,2305.103499147112,13830.620994882673,9220.413996588448,9220.413996588448,4610.206998294224,8067.862247014892,9220.413996588448,8067.862247014892,10372.965746162005,4610.206998294224,3457.655248720668,9220.413996588448,9220.413996588448,9220.413996588448,8067.862247014892,5762.75874786778,11525.51749573556,5762.75874786778,11525.51749573556,9220.413996588448,5762.75874786778,10372.965746162005,6915.310497441336,4610.206998294224,5762.75874786778,3457.655248720668,5762.75874786778,4610.206998294224,2305.103499147112,4610.206998294224,9220.413996588448,6915.310497441336,8067.862247014892,12678.069245309116,18440.827993176896,18440.827993176896,12678.069245309116,10372.965746162005,10372.965746162005,8067.862247014892,8067.862247014892,5762.75874786778,8067.862247014892,8067.862247014892,8067.862247014892,9220.413996588448,16135.724494029784,10372.965746162005,5762.75874786778,11525.51749573556,5762.75874786778,6915.310497441336,10372.965746162005,4610.206998294224,4610.206998294224,3457.655248720668,10372.965746162005,3457.655248720668,8067.862247014892,6915.310497441336,3457.655248720668,4610.206998294224,5762.75874786778,4610.206998294224,5762.75874786778,6915.310497441336,3457.655248720668,3457.655248720668,12678.069245309116,4610.206998294224,8067.862247014892,4610.206998294224,9220.413996588448,3457.655248720668,8067.862247014892,4610.206998294224,8067.862247014892,9220.413996588448,3457.655248720668,5762.75874786778,9220.413996588448,4610.206998294224,5762.75874786778,1152.551749573556,6915.310497441336,8067.862247014892,6915.310497441336,3457.655248720668,8067.862247014892,11525.51749573556,5762.75874786778,3457.655248720668,6915.310497441336,1152.551749573556,4610.206998294224,4610.206998294224,6915.310497441336,4610.206998294224,2305.103499147112,5762.75874786778,5762.75874786778,6915.310497441336,5762.75874786778,5762.75874786778,8067.862247014892,4610.206998294224,4610.206998294224,9220.413996588448,4610.206998294224,6915.310497441336,,,8067.862247014892,6915.310497441336,5762.75874786778,6915.310497441336,3457.655248720668,5762.75874786778,10372.965746162005,6915.310497441336,6915.310497441336,,,,,,,,,,,,,,,,,,,,,,,,,,,,
,,,,,,,,,,,,,,,,,,,,,,,,,,,,,,,,,,,,,,,,,,,,,,,,,,,,,2305.103499147112,11525.51749573556,6915.310497441336,5762.75874786778,10372.965746162005,10372.965746162005,6915.310497441336,5762.75874786778,2305.103499147112,8067.862247014892,6915.310497441336,6915.310497441336,10372.965746162005,6915.310497441336,6915.310497441336,2305.103499147112,5762.75874786778,4610.206998294224,8067.862247014892,1152.551749573556,6915.310497441336,6915.310497441336,10372.965746162005,3457.655248720668,8067.862247014892,6915.310497441336,6915.310497441336,3457.655248720668,1152.551749573556,3457.655248720668,6915.310497441336,8067.862247014892,9220.413996588448,4610.206998294224,8067.862247014892,4610.206998294224,1152.551749573556,3457.655248720668,2305.103499147112,6915.310497441336,11525.51749573556,9220.413996588448,10372.965746162005,1152.551749573556,14983.172744456228,10372.965746162005,11525.51749573556,6915.310497441336,2305.103499147112,4610.206998294224,10372.965746162005,5762.75874786778,6915.310497441336,9220.413996588448,8067.862247014892,6915.310497441336,6915.310497441336,10372.965746162005,8067.862247014892,8067.862247014892,2305.103499147112,5762.75874786778,2305.103499147112,9220.413996588448,6915.310497441336,4610.206998294224,3457.655248720668,3457.655248720668,12678.069245309116,6915.310497441336,6915.310497441336,9220.413996588448,16135.724494029784,4610.206998294224,0.0,6915.310497441336,4610.206998294224,3457.655248720668,4610.206998294224,4610.206998294224,4610.206998294224,5762.75874786778,2305.103499147112,4610.206998294224,3457.655248720668,2305.103499147112,8067.862247014892,31118.89723848601,35729.10423678024,24203.586741044677,17288.27624360334,6915.310497441336,4610.206998294224,0.0,4610.206998294224,6915.310497441336,6915.310497441336,5762.75874786778,8067.862247014892,6915.310497441336,9220.413996588448,11525.51749573556,8067.862247014892,6915.310497441336,5762.75874786778,12678.069245309116,8067.862247014892,3457.655248720668,8067.862247014892,11525.51749573556,2305.103499147112,6915.310497441336,11525.51749573556,11525.51749573556,10372.965746162005,8067.862247014892,6915.310497441336,14983.172744456228,3457.655248720668,5762.75874786778,1152.551749573556,5762.75874786778,6915.310497441336,4610.206998294224,3457.655248720668,8067.862247014892,5762.75874786778,8067.862247014892,5762.75874786778,10372.965746162005,8067.862247014892,8067.862247014892,2305.103499147112,2305.103499147112,3457.655248720668,2305.103499147112,9220.413996588448,8067.862247014892,2305.103499147112,8067.862247014892,6915.310497441336,4610.206998294224,4610.206998294224,3457.655248720668,4610.206998294224,5762.75874786778,10372.965746162005,3457.655248720668,5762.75874786778,5762.75874786778,12678.069245309116,3457.655248720668,5762.75874786778,5762.75874786778,4610.206998294224,4610.206998294224,6915.310497441336,6915.310497441336,9220.413996588448,3457.655248720668,6915.310497441336,8067.862247014892,5762.75874786778,6915.310497441336,2305.103499147112,5762.75874786778,4610.206998294224,4610.206998294224,8067.862247014892,2305.103499147112,8067.862247014892,8067.862247014892,3457.655248720668,8067.862247014892,4610.206998294224,8067.862247014892,,,,,,,,,,,,,,,,,,,,,,,,,,,
,,,,,,,,,,,,,,,,,,,,,,,,,,,,,,,,,,,,,,,,,,,,,,,,,,,,,8067.862247014892,4610.206998294224,10372.965746162005,20745.93149232401,8067.862247014892,8067.862247014892,8067.862247014892,10372.965746162005,5762.75874786778,3457.655248720668,3457.655248720668,5762.75874786778,8067.862247014892,5762.75874786778,11525.51749573556,2305.103499147112,8067.862247014892,2305.103499147112,3457.655248720668,5762.75874786778,5762.75874786778,3457.655248720668,3457.655248720668,4610.206998294224,8067.862247014892,3457.655248720668,6915.310497441336,2305.103499147112,8067.862247014892,8067.862247014892,6915.310497441336,5762.75874786778,4610.206998294224,11525.51749573556,10372.965746162005,3457.655248720668,13830.620994882673,6915.310497441336,9220.413996588448,9220.413996588448,9220.413996588448,4610.206998294224,6915.310497441336,9220.413996588448,12678.069245309116,10372.965746162005,11525.51749573556,4610.206998294224,5762.75874786778,5762.75874786778,5762.75874786778,10372.965746162005,5762.75874786778,12678.069245309116,5762.75874786778,6915.310497441336,10372.965746162005,3457.655248720668,9220.413996588448,11525.51749573556,9220.413996588448,9220.413996588448,8067.862247014892,5762.75874786778,5762.75874786778,4610.206998294224,3457.655248720668,8067.862247014892,10372.965746162005,6915.310497441336,5762.75874786778,11525.51749573556,12678.069245309116,10372.965746162005,9220.413996588448,6915.310497441336,4610.206998294224,9220.413996588448,3457.655248720668,0.0,4610.206998294224,4610.206998294224,0.0,8067.862247014892,3457.655248720668,4610.206998294224,4610.206998294224,28813.7937393389,43796.96648379513,23051.03499147112,9220.413996588448,6915.310497441336,9220.413996588448,4610.206998294224,9220.413996588448,9220.413996588448,2305.103499147112,13830.620994882673,6915.310497441336,3457.655248720668,10372.965746162005,4610.206998294224,5762.75874786778,14983.172744456228,17288.27624360334,12678.069245309116,6915.310497441336,6915.310497441336,2305.103499147112,6915.310497441336,8067.862247014892,14983.172744456228,4610.206998294224,6915.310497441336,5762.75874786778,6915.310497441336,11525.51749573556,9220.413996588448,9220.413996588448,5762.75874786778,6915.310497441336,6915.310497441336,2305.103499147112,10372.965746162005,3457.655248720668,5762.75874786778,3457.655248720668,2305.103499147112,9220.413996588448,8067.862247014892,3457.655248720668,10372.965746162005,8067.862247014892,4610.206998294224,4610.206998294224,8067.862247014892,9220.413996588448,4610.206998294224,5762.75874786778,6915.310497441336,10372.965746162005,10372.965746162005,11525.51749573556,6915.310497441336,5762.75874786778,10372.965746162005,4610.206998294224,4610.206998294224,2305.103499147112,3457.655248720668,3457.655248720668,12678.069245309116,5762.75874786778,6915.310497441336,5762.75874786778,4610.206998294224,4610.206998294224,4610.206998294224,8067.862247014892,8067.862247014892,5762.75874786778,4610.206998294224,11525.51749573556,5762.75874786778,5762.75874786778,9220.413996588448,4610.206998294224,5762.75874786778,5762.75874786778,4610.206998294224,5762.75874786778,3457.655248720668,6915.310497441336,3457.655248720668,8067.862247014892,9220.413996588448,,,,,,,,,,,,,,,,,,,,,,,,,,,
,,,,,,,,,,,,,,,,,,,,,,,,,,,,,,,,,,,,,,,,,,,,,,,,6915.310497441336,5762.75874786778,6915.310497441336,6915.310497441336,4610.206998294224,6915.310497441336,5762.75874786778,6915.310497441336,6915.310497441336,6915.310497441336,8067.862247014892,5762.75874786778,4610.206998294224,8067.862247014892,8067.862247014892,2305.103499147112,9220.413996588448,6915.310497441336,11525.51749573556,5762.75874786778,17288.27624360334,3457.655248720668,5762.75874786778,4610.206998294224,5762.75874786778,6915.310497441336,11525.51749573556,5762.75874786778,6915.310497441336,4610.206998294224,4610.206998294224,8067.862247014892,4610.206998294224,6915.310497441336,10372.965746162005,4610.206998294224,11525.51749573556,4610.206998294224,9220.413996588448,6915.310497441336,8067.862247014892,3457.655248720668,6915.310497441336,6915.310497441336,10372.965746162005,5762.75874786778,10372.965746162005,9220.413996588448,14983.172744456228,5762.75874786778,16135.724494029784,11525.51749573556,14983.172744456228,11525.51749573556,4610.206998294224,3457.655248720668,8067.862247014892,6915.310497441336,9220.413996588448,10372.965746162005,9220.413996588448,5762.75874786778,9220.413996588448,6915.310497441336,9220.413996588448,8067.862247014892,4610.206998294224,5762.75874786778,4610.206998294224,2305.103499147112,8067.862247014892,4610.206998294224,10372.965746162005,2305.103499147112,5762.75874786778,10372.965746162005,9220.413996588448,2305.103499147112,9220.413996588448,3457.655248720668,5762.75874786778,3457.655248720668,4610.206998294224,8067.862247014892,4610.206998294224,4610.206998294224,5762.75874786778,5762.75874786778,5762.75874786778,4610.206998294224,2305.103499147112,4610.206998294224,12678.069245309116,11525.51749573556,11525.51749573556,8067.862247014892,10372.965746162005,2305.103499147112,10372.965746162005,9220.413996588448,10372.965746162005,12678.069245309116,3457.655248720668,5762.75874786778,6915.310497441336,10372.965746162005,3457.655248720668,9220.413996588448,9220.413996588448,4610.206998294224,9220.413996588448,11525.51749573556,13830.620994882673,6915.310497441336,3457.655248720668,8067.862247014892,6915.310497441336,4610.206998294224,11525.51749573556,4610.206998294224,9220.413996588448,13830.620994882673,11525.51749573556,4610.206998294224,5762.75874786778,6915.310497441336,14983.172744456228,9220.413996588448,10372.965746162005,9220.413996588448,8067.862247014892,9220.413996588448,11525.51749573556,3457.655248720668,5762.75874786778,5762.75874786778,10372.965746162005,5762.75874786778,2305.103499147112,9220.413996588448,4610.206998294224,8067.862247014892,5762.75874786778,5762.75874786778,9220.413996588448,4610.206998294224,4610.206998294224,6915.310497441336,1152.551749573556,11525.51749573556,11525.51749573556,5762.75874786778,5762.75874786778,3457.655248720668,10372.965746162005,11525.51749573556,1152.551749573556,4610.206998294224,3457.655248720668,6915.310497441336,8067.862247014892,4610.206998294224,5762.75874786778,1152.551749573556,10372.965746162005,8067.862247014892,4610.206998294224,1152.551749573556,8067.862247014892,9220.413996588448,2305.103499147112,5762.75874786778,9220.413996588448,4610.206998294224,10372.965746162005,5762.75874786778,6915.310497441336,3457.655248720668,4610.206998294224,4610.206998294224,3457.655248720668,8067.862247014892,5762.75874786778,6915.310497441336,,,,,,,,,,,,,,,,,,,,,,,,
,,,,,,,,,,,,,,,,,,,,,,,,,,,,,,,,,,,,,,,,,,,,,,,,9220.413996588448,4610.206998294224,8067.862247014892,6915.310497441336,6915.310497441336,8067.862247014892,4610.206998294224,4610.206998294224,6915.310497441336,10372.965746162005,9220.413996588448,8067.862247014892,3457.655248720668,5762.75874786778,4610.206998294224,8067.862247014892,3457.655248720668,9220.413996588448,6915.310497441336,8067.862247014892,10372.965746162005,6915.310497441336,8067.862247014892,9220.413996588448,4610.206998294224,4610.206998294224,3457.655248720668,2305.103499147112,2305.103499147112,2305.103499147112,2305.103499147112,5762.75874786778,3457.655248720668,3457.655248720668,6915.310497441336,6915.310497441336,6915.310497441336,2305.103499147112,6915.310497441336,11525.51749573556,5762.75874786778,9220.413996588448,10372.965746162005,9220.413996588448,4610.206998294224,6915.310497441336,10372.965746162005,12678.069245309116,4610.206998294224,6915.310497441336,9220.413996588448,10372.965746162005,11525.51749573556,10372.965746162005,9220.413996588448,10372.965746162005,14983.172744456228,11525.51749573556,14983.172744456228,10372.965746162005,8067.862247014892,10372.965746162005,13830.620994882673,8067.862247014892,8067.862247014892,10372.965746162005,3457.655248720668,6915.310497441336,1152.551749573556,3457.655248720668,5762.75874786778,5762.75874786778,3457.655248720668,4610.206998294224,4610.206998294224,5762.75874786778,3457.655248720668,10372.965746162005,9220.413996588448,6915.310497441336,9220.413996588448,4610.206998294224,3457.655248720668,5762.75874786778,6915.310497441336,3457.655248720668,4610.206998294224,9220.413996588448,5762.75874786778,0.0,2305.103499147112,1152.551749573556,3457.655248720668,8067.862247014892,6915.310497441336,8067.862247014892,10372.965746162005,5762.75874786778,6915.310497441336,10372.965746162005,4610.206998294224,10372.965746162005,10372.965746162005,9220.413996588448,4610.206998294224,8067.862247014892,8067.862247014892,9220.413996588448,8067.862247014892,9220.413996588448,3457.655248720668,3457.655248720668,9220.413996588448,10372.965746162005,10372.965746162005,6915.310497441336,9220.413996588448,13830.620994882673,4610.206998294224,4610.206998294224,5762.75874786778,16135.724494029784,5762.75874786778,8067.862247014892,10372.965746162005,8067.862247014892,5762.75874786778,5762.75874786778,8067.862247014892,8067.862247014892,3457.655248720668,6915.310497441336,2305.103499147112,6915.310497441336,9220.413996588448,8067.862247014892,2305.103499147112,3457.655248720668,5762.75874786778,4610.206998294224,6915.310497441336,10372.965746162005,1152.551749573556,5762.75874786778,6915.310497441336,9220.413996588448,4610.206998294224,3457.655248720668,14983.172744456228,9220.413996588448,8067.862247014892,5762.75874786778,8067.862247014892,3457.655248720668,13830.620994882673,8067.862247014892,8067.862247014892,3457.655248720668,6915.310497441336,9220.413996588448,6915.310497441336,4610.206998294224,10372.965746162005,6915.310497441336,5762.75874786778,4610.206998294224,10372.965746162005,5762.75874786778,4610.206998294224,3457.655248720668,5762.75874786778,5762.75874786778,6915.310497441336,9220.413996588448,0.0,8067.862247014892,5762.75874786778,6915.310497441336,5762.75874786778,6915.310497441336,8067.862247014892,8067.862247014892,4610.206998294224,5762.75874786778,,,,,,,,,,,,,,,,,,,,,,,,
,,,,,,,,,,,,,,,,,,,,,,,,,,,,,,,,,,,,,,,,,,,,,,,,11525.51749573556,8067.862247014892,3457.655248720668,9220.413996588448,5762.75874786778,6915.310497441336,4610.206998294224,10372.965746162005,8067.862247014892,4610.206998294224,4610.206998294224,5762.75874786778,6915.310497441336,3457.655248720668,8067.862247014892,6915.310497441336,8067.862247014892,2305.103499147112,8067.862247014892,6915.310497441336,8067.862247014892,3457.655248720668,12678.069245309116,6915.310497441336,10372.965746162005,4610.206998294224,8067.862247014892,3457.655248720668,8067.862247014892,6915.310497441336,4610.206998294224,4610.206998294224,9220.413996588448,5762.75874786778,8067.862247014892,5762.75874786778,2305.103499147112,6915.310497441336,6915.310497441336,4610.206998294224,6915.310497441336,6915.310497441336,5762.75874786778,5762.75874786778,8067.862247014892,6915.310497441336,8067.862247014892,9220.413996588448,4610.206998294224,4610.206998294224,12678.069245309116,10372.965746162005,14983.172744456228,11525.51749573556,12678.069245309116,11525.51749573556,6915.310497441336,9220.413996588448,16135.724494029784,16135.724494029784,10372.965746162005,14983.172744456228,10372.965746162005,10372.965746162005,17288.27624360334,5762.75874786778,12678.069245309116,1152.551749573556,3457.655248720668,8067.862247014892,1152.551749573556,2305.103499147112,10372.965746162005,13830.620994882673,5762.75874786778,9220.413996588448,11525.51749573556,10372.965746162005,5762.75874786778,5762.75874786778,8067.862247014892,5762.75874786778,4610.206998294224,3457.655248720668,4610.206998294224,2305.103499147112,6915.310497441336,9220.413996588448,8067.862247014892,4610.206998294224,5762.75874786778,4610.206998294224,6915.310497441336,3457.655248720668,5762.75874786778,4610.206998294224,6915.310497441336,2305.103499147112,12678.069245309116,9220.413996588448,5762.75874786778,10372.965746162005,8067.862247014892,2305.103499147112,10372.965746162005,5762.75874786778,5762.75874786778,6915.310497441336,6915.310497441336,3457.655248720668,3457.655248720668,5762.75874786778,11525.51749573556,6915.310497441336,5762.75874786778,11525.51749573556,4610.206998294224,10372.965746162005,5762.75874786778,5762.75874786778,5762.75874786778,5762.75874786778,4610.206998294224,5762.75874786778,2305.103499147112,9220.413996588448,4610.206998294224,5762.75874786778,1152.551749573556,3457.655248720668,4610.206998294224,8067.862247014892,2305.103499147112,8067.862247014892,5762.75874786778,5762.75874786778,8067.862247014892,5762.75874786778,2305.103499147112,6915.310497441336,5762.75874786778,10372.965746162005,9220.413996588448,9220.413996588448,5762.75874786778,5762.75874786778,4610.206998294224,11525.51749573556,5762.75874786778,5762.75874786778,2305.103499147112,3457.655248720668,5762.75874786778,6915.310497441336,6915.310497441336,3457.655248720668,13830.620994882673,11525.51749573556,1152.551749573556,17288.27624360334,1152.551749573556,6915.310497441336,5762.75874786778,8067.862247014892,3457.655248720668,9220.413996588448,8067.862247014892,5762.75874786778,2305.103499147112,4610.206998294224,4610.206998294224,3457.655248720668,3457.655248720668,6915.310497441336,4610.206998294224,,,,3457.655248720668,6915.310497441336,8067.862247014892,5762.75874786778,8067.862247014892,,,,,,,,,,,,,,,,,,,,,,,,,
,,,,,,,,,,,,,,,,,,,,,,,,,,,,,,,,,,,,,,,,,,,9220.413996588448,10372.965746162005,,,,0.0,4610.206998294224,8067.862247014892,4610.206998294224,12678.069245309116,6915.310497441336,1152.551749573556,4610.206998294224,4610.206998294224,4610.206998294224,6915.310497441336,3457.655248720668,9220.413996588448,6915.310497441336,6915.310497441336,11525.51749573556,5762.75874786778,13830.620994882673,6915.310497441336,4610.206998294224,4610.206998294224,4610.206998294224,3457.655248720668,5762.75874786778,8067.862247014892,2305.103499147112,5762.75874786778,5762.75874786778,5762.75874786778,4610.206998294224,8067.862247014892,5762.75874786778,4610.206998294224,9220.413996588448,6915.310497441336,9220.413996588448,9220.413996588448,2305.103499147112,4610.206998294224,8067.862247014892,10372.965746162005,2305.103499147112,3457.655248720668,9220.413996588448,8067.862247014892,4610.206998294224,4610.206998294224,11525.51749573556,11525.51749573556,6915.310497441336,6915.310497441336,12678.069245309116,10372.965746162005,10372.965746162005,16135.724494029784,13830.620994882673,10372.965746162005,10372.965746162005,12678.069245309116,13830.620994882673,5762.75874786778,16135.724494029784,17288.27624360334,10372.965746162005,8067.862247014892,5762.75874786778,9220.413996588448,4610.206998294224,8067.862247014892,1152.551749573556,3457.655248720668,3457.655248720668,9220.413996588448,8067.862247014892,4610.206998294224,8067.862247014892,6915.310497441336,3457.655248720668,8067.862247014892,5762.75874786778,3457.655248720668,1152.551749573556,4610.206998294224,0.0,4610.206998294224,9220.413996588448,2305.103499147112,9220.413996588448,1152.551749573556,3457.655248720668,2305.103499147112,5762.75874786778,3457.655248720668,3457.655248720668,8067.862247014892,6915.310497441336,4610.206998294224,3457.655248720668,9220.413996588448,6915.310497441336,10372.965746162005,4610.206998294224,5762.75874786778,9220.413996588448,6915.310497441336,2305.103499147112,4610.206998294224,6915.310497441336,8067.862247014892,5762.75874786778,9220.413996588448,6915.310497441336,5762.75874786778,6915.310497441336,8067.862247014892,6915.310497441336,4610.206998294224,6915.310497441336,10372.965746162005,9220.413996588448,8067.862247014892,10372.965746162005,8067.862247014892,16135.724494029784,9220.413996588448,3457.655248720668,9220.413996588448,4610.206998294224,11525.51749573556,8067.862247014892,5762.75874786778,6915.310497441336,5762.75874786778,10372.965746162005,6915.310497441336,9220.413996588448,4610.206998294224,5762.75874786778,4610.206998294224,8067.862247014892,10372.965746162005,4610.206998294224,9220.413996588448,4610.206998294224,5762.75874786778,5762.75874786778,3457.655248720668,4610.206998294224,4610.206998294224,5762.75874786778,10372.965746162005,6915.310497441336,2305.103499147112,9220.413996588448,3457.655248720668,6915.310497441336,5762.75874786778,4610.206998294224,4610.206998294224,8067.862247014892,4610.206998294224,12678.069245309116,4610.206998294224,10372.965746162005,5762.75874786778,2305.103499147112,6915.310497441336,6915.310497441336,4610.206998294224,5762.75874786778,6915.310497441336,4610.206998294224,4610.206998294224,4610.206998294224,6915.310497441336,,,,,,8067.862247014892,3457.655248720668,,,,,,,,,,,,,,,,,,,,,,,,,,
,,,,,,,,,,,,,,,,,,,,,,,,,,,,,,,,,,,,,,,,,,,6915.310497441336,5762.75874786778,5762.75874786778,,,,2305.103499147112,9220.413996588448,10372.965746162005,8067.862247014892,8067.862247014892,9220.413996588448,10372.965746162005,10372.965746162005,8067.862247014892,6915.310497441336,8067.862247014892,5762.75874786778,5762.75874786778,11525.51749573556,8067.862247014892,3457.655248720668,17288.27624360334,5762.75874786778,9220.413996588448,4610.206998294224,6915.310497441336,9220.413996588448,5762.75874786778,4610.206998294224,4610.206998294224,2305.103499147112,3457.655248720668,8067.862247014892,9220.413996588448,6915.310497441336,6915.310497441336,3457.655248720668,9220.413996588448,9220.413996588448,3457.655248720668,5762.75874786778,6915.310497441336,10372.965746162005,4610.206998294224,8067.862247014892,6915.310497441336,6915.310497441336,4610.206998294224,1152.551749573556,13830.620994882673,6915.310497441336,10372.965746162005,10372.965746162005,10372.965746162005,11525.51749573556,18440.827993176896,13830.620994882673,8067.862247014892,12678.069245309116,12678.069245309116,8067.862247014892,9220.413996588448,13830.620994882673,10372.965746162005,11525.51749573556,14983.172744456228,14983.172744456228,14983.172744456228,6915.310497441336,8067.862247014892,6915.310497441336,10372.965746162005,5762.75874786778,1152.551749573556,4610.206998294224,9220.413996588448,8067.862247014892,9220.413996588448,5762.75874786778,6915.310497441336,5762.75874786778,6915.310497441336,10372.965746162005,2305.103499147112,5762.75874786778,2305.103499147112,6915.310497441336,3457.655248720668,2305.103499147112,5762.75874786778,3457.655248720668,8067.862247014892,2305.103499147112,5762.75874786778,1152.551749573556,6915.310497441336,8067.862247014892,5762.75874786778,5762.75874786778,8067.862247014892,4610.206998294224,9220.413996588448,3457.655248720668,4610.206998294224,9220.413996588448,4610.206998294224,1152.551749573556,9220.413996588448,5762.75874786778,10372.965746162005,1152.551749573556,6915.310497441336,4610.206998294224,12678.069245309116,6915.310497441336,9220.413996588448,8067.862247014892,3457.655248720668,4610.206998294224,8067.862247014892,4610.206998294224,4610.206998294224,6915.310497441336,10372.965746162005,3457.655248720668,5762.75874786778,12678.069245309116,9220.413996588448,4610.206998294224,12678.069245309116,8067.862247014892,4610.206998294224,5762.75874786778,12678.069245309116,5762.75874786778,9220.413996588448,4610.206998294224,9220.413996588448,5762.75874786778,3457.655248720668,5762.75874786778,6915.310497441336,5762.75874786778,4610.206998294224,12678.069245309116,8067.862247014892,5762.75874786778,5762.75874786778,5762.75874786778,4610.206998294224,5762.75874786778,3457.655248720668,4610.206998294224,8067.862247014892,5762.75874786778,6915.310497441336,6915.310497441336,10372.965746162005,5762.75874786778,4610.206998294224,4610.206998294224,8067.862247014892,4610.206998294224,13830.620994882673,8067.862247014892,6915.310497441336,6915.310497441336,3457.655248720668,10372.965746162005,4610.206998294224,11525.51749573556,10372.965746162005,3457.655248720668,1152.551749573556,5762.75874786778,4610.206998294224,3457.655248720668,5762.75874786778,4610.206998294224,,,,,,,,,,,,,,,,,,,,,,,,,,,,,,,,,
,,,,,,,,,,,,,,,,,,,,,,,,,,,,,,,,,,,,,,,,,,3457.655248720668,5762.75874786778,2305.103499147112,9220.413996588448,4610.206998294224,2305.103499147112,6915.310497441336,9220.413996588448,4610.206998294224,3457.655248720668,4610.206998294224,5762.75874786778,10372.965746162005,9220.413996588448,8067.862247014892,5762.75874786778,5762.75874786778,8067.862247014892,10372.965746162005,8067.862247014892,3457.655248720668,5762.75874786778,13830.620994882673,8067.862247014892,6915.310497441336,4610.206998294224,10372.965746162005,3457.655248720668,9220.413996588448,6915.310497441336,3457.655248720668,3457.655248720668,10372.965746162005,5762.75874786778,2305.103499147112,6915.310497441336,10372.965746162005,4610.206998294224,5762.75874786778,8067.862247014892,9220.413996588448,8067.862247014892,10372.965746162005,8067.862247014892,3457.655248720668,1152.551749573556,11525.51749573556,3457.655248720668,6915.310497441336,5762.75874786778,11525.51749573556,4610.206998294224,4610.206998294224,8067.862247014892,5762.75874786778,10372.965746162005,6915.310497441336,10372.965746162005,12678.069245309116,10372.965746162005,14983.172744456228,8067.862247014892,14983.172744456228,9220.413996588448,9220.413996588448,6915.310497441336,10372.965746162005,6915.310497441336,12678.069245309116,8067.862247014892,8067.862247014892,11525.51749573556,9220.413996588448,6915.310497441336,11525.51749573556,6915.310497441336,4610.206998294224,2305.103499147112,1152.551749573556,11525.51749573556,3457.655248720668,4610.206998294224,6915.310497441336,9220.413996588448,2305.103499147112,6915.310497441336,2305.103499147112,5762.75874786778,10372.965746162005,6915.310497441336,10372.965746162005,8067.862247014892,10372.965746162005,1152.551749573556,5762.75874786778,2305.103499147112,4610.206998294224,5762.75874786778,3457.655248720668,6915.310497441336,2305.103499147112,2305.103499147112,5762.75874786778,5762.75874786778,9220.413996588448,2305.103499147112,10372.965746162005,13830.620994882673,9220.413996588448,2305.103499147112,1152.551749573556,14983.172744456228,8067.862247014892,6915.310497441336,12678.069245309116,4610.206998294224,4610.206998294224,11525.51749573556,4610.206998294224,10372.965746162005,10372.965746162005,5762.75874786778,3457.655248720668,6915.310497441336,3457.655248720668,4610.206998294224,13830.620994882673,8067.862247014892,8067.862247014892,4610.206998294224,6915.310497441336,5762.75874786778,11525.51749573556,4610.206998294224,10372.965746162005,3457.655248720668,4610.206998294224,5762.75874786778,5762.75874786778,3457.655248720668,4610.206998294224,5762.75874786778,3457.655248720668,11525.51749573556,5762.75874786778,10372.965746162005,3457.655248720668,11525.51749573556,10372.965746162005,4610.206998294224,8067.862247014892,2305.103499147112,6915.310497441336,3457.655248720668,12678.069245309116,5762.75874786778,5762.75874786778,6915.310497441336,10372.965746162005,4610.206998294224,5762.75874786778,9220.413996588448,3457.655248720668,10372.965746162005,3457.655248720668,6915.310497441336,10372.965746162005,11525.51749573556,9220.413996588448,11525.51749573556,4610.206998294224,9220.413996588448,5762.75874786778,10372.965746162005,5762.75874786778,8067.862247014892,8067.862247014892,6915.310497441336,8067.862247014892,2305.103499147112,,,,,,,,,,,,,,,,,,,,,,,,,,,,,,,,,,
,,,,,,,,,,,,,,,,,,,,,,,,,,,,,,,,,,,,,,,,,6915.310497441336,8067.862247014892,6915.310497441336,6915.310497441336,12678.069245309116,5762.75874786778,8067.862247014892,5762.75874786778,4610.206998294224,8067.862247014892,8067.862247014892,11525.51749573556,5762.75874786778,10372.965746162005,9220.413996588448,12678.069245309116,8067.862247014892,8067.862247014892,5762.75874786778,4610.206998294224,6915.310497441336,2305.103499147112,6915.310497441336,3457.655248720668,4610.206998294224,6915.310497441336,8067.862247014892,8067.862247014892,10372.965746162005,5762.75874786778,6915.310497441336,5762.75874786778,4610.206998294224,4610.206998294224,8067.862247014892,8067.862247014892,4610.206998294224,11525.51749573556,5762.75874786778,11525.51749573556,5762.75874786778,8067.862247014892,5762.75874786778,9220.413996588448,8067.862247014892,10372.965746162005,2305.103499147112,8067.862247014892,4610.206998294224,6915.310497441336,6915.310497441336,8067.862247014892,12678.069245309116,16135.724494029784,8067.862247014892,18440.827993176896,6915.310497441336,14983.172744456228,16135.724494029784,6915.310497441336,13830.620994882673,12678.069245309116,4610.206998294224,6915.310497441336,18440.827993176896,6915.310497441336,14983.172744456228,8067.862247014892,20745.93149232401,11525.51749573556,17288.27624360334,10372.965746162005,5762.75874786778,6915.310497441336,11525.51749573556,9220.413996588448,6915.310497441336,8067.862247014892,6915.310497441336,8067.862247014892,5762.75874786778,5762.75874786778,6915.310497441336,9220.413996588448,4610.206998294224,6915.310497441336,3457.655248720668,5762.75874786778,4610.206998294224,6915.310497441336,6915.310497441336,8067.862247014892,11525.51749573556,4610.206998294224,10372.965746162005,2305.103499147112,2305.103499147112,3457.655248720668,5762.75874786778,4610.206998294224,5762.75874786778,4610.206998294224,5762.75874786778,2305.103499147112,8067.862247014892,2305.103499147112,4610.206998294224,2305.103499147112,5762.75874786778,5762.75874786778,14983.172744456228,16135.724494029784,9220.413996588448,11525.51749573556,9220.413996588448,13830.620994882673,6915.310497441336,6915.310497441336,9220.413996588448,13830.620994882673,9220.413996588448,8067.862247014892,9220.413996588448,10372.965746162005,5762.75874786778,3457.655248720668,6915.310497441336,4610.206998294224,9220.413996588448,6915.310497441336,8067.862247014892,4610.206998294224,4610.206998294224,4610.206998294224,5762.75874786778,10372.965746162005,6915.310497441336,5762.75874786778,11525.51749573556,12678.069245309116,4610.206998294224,6915.310497441336,4610.206998294224,5762.75874786778,4610.206998294224,8067.862247014892,6915.310497441336,5762.75874786778,1152.551749573556,3457.655248720668,6915.310497441336,9220.413996588448,11525.51749573556,4610.206998294224,2305.103499147112,5762.75874786778,10372.965746162005,4610.206998294224,13830.620994882673,3457.655248720668,8067.862247014892,4610.206998294224,3457.655248720668,6915.310497441336,8067.862247014892,3457.655248720668,2305.103499147112,8067.862247014892,8067.862247014892,8067.862247014892,3457.655248720668,5762.75874786778,4610.206998294224,11525.51749573556,5762.75874786778,5762.75874786778,3457.655248720668,8067.862247014892,2305.103499147112,3457.655248720668,5762.75874786778,4610.206998294224,,,,,,,,,,,,,,,,,,,,,,,,,,,,,,,,,
,,,,,,,,,,,,,,,,,,,,,,,,,,,,,,,,,,,,,,,,,11525.51749573556,4610.206998294224,6915.310497441336,3457.655248720668,3457.655248720668,4610.206998294224,3457.655248720668,10372.965746162005,6915.310497441336,4610.206998294224,5762.75874786778,8067.862247014892,12678.069245309116,10372.965746162005,10372.965746162005,4610.206998294224,11525.51749573556,8067.862247014892,3457.655248720668,6915.310497441336,5762.75874786778,8067.862247014892,6915.310497441336,4610.206998294224,18440.827993176896,5762.75874786778,5762.75874786778,4610.206998294224,10372.965746162005,6915.310497441336,9220.413996588448,11525.51749573556,10372.965746162005,6915.310497441336,6915.310497441336,4610.206998294224,1152.551749573556,8067.862247014892,6915.310497441336,3457.655248720668,6915.310497441336,6915.310497441336,12678.069245309116,8067.862247014892,11525.51749573556,4610.206998294224,13830.620994882673,6915.310497441336,6915.310497441336,3457.655248720668,5762.75874786778,8067.862247014892,12678.069245309116,3457.655248720668,10372.965746162005,19593.37974275045,6915.310497441336,9220.413996588448,10372.965746162005,8067.862247014892,14983.172744456228,11525.51749573556,10372.965746162005,14983.172744456228,16135.724494029784,8067.862247014892,14983.172744456228,20745.93149232401,14983.172744456228,20745.93149232401,16135.724494029784,8067.862247014892,3457.655248720668,11525.51749573556,8067.862247014892,6915.310497441336,9220.413996588448,10372.965746162005,2305.103499147112,4610.206998294224,3457.655248720668,5762.75874786778,6915.310497441336,8067.862247014892,5762.75874786778,2305.103499147112,9220.413996588448,5762.75874786778,5762.75874786778,4610.206998294224,3457.655248720668,6915.310497441336,5762.75874786778,8067.862247014892,8067.862247014892,5762.75874786778,3457.655248720668,3457.655248720668,8067.862247014892,0.0,10372.965746162005,2305.103499147112,2305.103499147112,5762.75874786778,0.0,3457.655248720668,2305.103499147112,3457.655248720668,3457.655248720668,4610.206998294224,6915.310497441336,5762.75874786778,6915.310497441336,3457.655248720668,4610.206998294224,8067.862247014892,5762.75874786778,2305.103499147112,9220.413996588448,6915.310497441336,3457.655248720668,10372.965746162005,11525.51749573556,10372.965746162005,3457.655248720668,13830.620994882673,2305.103499147112,9220.413996588448,10372.965746162005,6915.310497441336,1152.551749573556,5762.75874786778,8067.862247014892,9220.413996588448,6915.310497441336,2305.103499147112,4610.206998294224,8067.862247014892,6915.310497441336,9220.413996588448,6915.310497441336,2305.103499147112,3457.655248720668,6915.310497441336,8067.862247014892,6915.310497441336,4610.206998294224,6915.310497441336,2305.103499147112,8067.862247014892,6915.310497441336,8067.862247014892,6915.310497441336,6915.310497441336,13830.620994882673,6915.310497441336,4610.206998294224,4610.206998294224,9220.413996588448,9220.413996588448,9220.413996588448,4610.206998294224,5762.75874786778,6915.310497441336,14983.172744456228,3457.655248720668,9220.413996588448,8067.862247014892,10372.965746162005,2305.103499147112,8067.862247014892,10372.965746162005,6915.310497441336,5762.75874786778,4610.206998294224,5762.75874786778,0.0,8067.862247014892,3457.655248720668,6915.310497441336,9220.413996588448,6915.310497441336,8067.862247014892,,,,,,,,,,,,,,,,,,,,,,,,,,,,,,,,
,,,,,,,,,,,,,,,,,,,,,,,,,,,,,,,,,,,,,,,,,4610.206998294224,4610.206998294224,3457.655248720668,9220.413996588448,6915.310497441336,3457.655248720668,8067.862247014892,2305.103499147112,4610.206998294224,5762.75874786778,3457.655248720668,12678.069245309116,6915.310497441336,8067.862247014892,14983.172744456228,9220.413996588448,6915.310497441336,9220.413996588448,5762.75874786778,4610.206998294224,9220.413996588448,8067.862247014892,3457.655248720668,5762.75874786778,8067.862247014892,3457.655248720668,6915.310497441336,4610.206998294224,2305.103499147112,4610.206998294224,4610.206998294224,5762.75874786778,5762.75874786778,6915.310497441336,10372.965746162005,8067.862247014892,6915.310497441336,9220.413996588448,8067.862247014892,9220.413996588448,13830.620994882673,12678.069245309116,11525.51749573556,1152.551749573556,9220.413996588448,6915.310497441336,8067.862247014892,10372.965746162005,6915.310497441336,3457.655248720668,0.0,9220.413996588448,12678.069245309116,11525.51749573556,9220.413996588448,5762.75874786778,11525.51749573556,10372.965746162005,10372.965746162005,6915.310497441336,9220.413996588448,10372.965746162005,11525.51749573556,13830.620994882673,6915.310497441336,10372.965746162005,9220.413996588448,4610.206998294224,12678.069245309116,10372.965746162005,12678.069245309116,4610.206998294224,4610.206998294224,9220.413996588448,3457.655248720668,6915.310497441336,6915.310497441336,3457.655248720668,8067.862247014892,3457.655248720668,12678.069245309116,10372.965746162005,2305.103499147112,8067.862247014892,8067.862247014892,8067.862247014892,5762.75874786778,6915.310497441336,5762.75874786778,4610.206998294224,2305.103499147112,8067.862247014892,2305.103499147112,4610.206998294224,8067.862247014892,3457.655248720668,3457.655248720668,2305.103499147112,3457.655248720668,6915.310497441336,1152.551749573556,2305.103499147112,4610.206998294224,4610.206998294224,4610.206998294224,6915.310497441336,4610.206998294224,2305.103499147112,9220.413996588448,2305.103499147112,5762.75874786778,6915.310497441336,6915.310497441336,4610.206998294224,6915.310497441336,10372.965746162005,5762.75874786778,12678.069245309116,12678.069245309116,11525.51749573556,3457.655248720668,9220.413996588448,8067.862247014892,5762.75874786778,10372.965746162005,8067.862247014892,3457.655248720668,12678.069245309116,6915.310497441336,11525.51749573556,5762.75874786778,3457.655248720668,5762.75874786778,4610.206998294224,4610.206998294224,5762.75874786778,10372.965746162005,8067.862247014892,9220.413996588448,3457.655248720668,6915.310497441336,6915.310497441336,11525.51749573556,3457.655248720668,5762.75874786778,5762.75874786778,6915.310497441336,9220.413996588448,4610.206998294224,12678.069245309116,8067.862247014892,5762.75874786778,12678.069245309116,6915.310497441336,12678.069245309116,12678.069245309116,11525.51749573556,10372.965746162005,10372.965746162005,8067.862247014892,9220.413996588448,13830.620994882673,8067.862247014892,6915.310497441336,11525.51749573556,11525.51749573556,9220.413996588448,2305.103499147112,6915.310497441336,8067.862247014892,6915.310497441336,5762.75874786778,8067.862247014892,10372.965746162005,9220.413996588448,6915.310497441336,5762.75874786778,3457.655248720668,2305.103499147112,8067.862247014892,4610.206998294224,3457.655248720668,8067.862247014892,,,,,,,,,,,,,,,,,,,,,,,,,,,,,,,,
,,,,,,,,,,,,,,,,,,,,,,,,,,,,,,,,,,,,,13830.620994882673,4610.206998294224,6915.310497441336,3457.655248720668,2305.103499147112,5762.75874786778,3457.655248720668,3457.655248720668,6915.310497441336,9220.413996588448,5762.75874786778,8067.862247014892,2305.103499147112,8067.862247014892,4610.206998294224,6915.310497441336,16135.724494029784,14983.172744456228,10372.965746162005,12678.069245309116,5762.75874786778,13830.620994882673,5762.75874786778,10372.965746162005,11525.51749573556,4610.206998294224,14983.172744456228,3457.655248720668,9220.413996588448,4610.206998294224,14983.172744456228,10372.965746162005,5762.75874786778,9220.413996588448,6915.310497441336,2305.103499147112,5762.75874786778,8067.862247014892,3457.655248720668,5762.75874786778,5762.75874786778,16135.724494029784,5762.75874786778,14983.172744456228,17288.27624360334,8067.862247014892,12678.069245309116,4610.206998294224,3457.655248720668,9220.413996588448,8067.862247014892,6915.310497441336,6915.310497441336,13830.620994882673,9220.413996588448,13830.620994882673,12678.069245309116,9220.413996588448,18440.827993176896,11525.51749573556,6915.310497441336,10372.965746162005,8067.862247014892,2305.103499147112,8067.862247014892,4610.206998294224,9220.413996588448,4610.206998294224,8067.862247014892,6915.310497441336,5762.75874786778,11525.51749573556,11525.51749573556,10372.965746162005,8067.862247014892,5762.75874786778,10372.965746162005,13830.620994882673,19593.37974275045,9220.413996588448,6915.310497441336,11525.51749573556,13830.620994882673,6915.310497441336,3457.655248720668,10372.965746162005,4610.206998294224,5762.75874786778,4610.206998294224,4610.206998294224,12678.069245309116,3457.655248720668,4610.206998294224,5762.75874786778,3457.655248720668,3457.655248720668,3457.655248720668,6915.310497441336,1152.551749573556,2305.103499147112,0.0,3457.655248720668,3457.655248720668,0.0,2305.103499147112,3457.655248720668,2305.103499147112,1152.551749573556,4610.206998294224,2305.103499147112,2305.103499147112,4610.206998294224,6915.310497441336,6915.310497441336,6915.310497441336,3457.655248720668,6915.310497441336,6915.310497441336,4610.206998294224,8067.862247014892,5762.75874786778,10372.965746162005,8067.862247014892,4610.206998294224,8067.862247014892,10372.965746162005,6915.310497441336,12678.069245309116,4610.206998294224,9220.413996588448,10372.965746162005,8067.862247014892,8067.862247014892,6915.310497441336,8067.862247014892,5762.75874786778,3457.655248720668,9220.413996588448,6915.310497441336,10372.965746162005,4610.206998294224,9220.413996588448,13830.620994882673,4610.206998294224,6915.310497441336,10372.965746162005,6915.310497441336,6915.310497441336,13830.620994882673,3457.655248720668,5762.75874786778,14983.172744456228,5762.75874786778,6915.310497441336,5762.75874786778,4610.206998294224,5762.75874786778,10372.965746162005,8067.862247014892,10372.965746162005,10372.965746162005,6915.310497441336,6915.310497441336,6915.310497441336,6915.310497441336,8067.862247014892,8067.862247014892,5762.75874786778,13830.620994882673,3457.655248720668,10372.965746162005,3457.655248720668,11525.51749573556,4610.206998294224,2305.103499147112,12678.069245309116,9220.413996588448,4610.206998294224,10372.965746162005,3457.655248720668,8067.862247014892,4610.206998294224,3457.655248720668,8067.862247014892,9220.413996588448,8067.862247014892,,,,,,,,,,,,,,,,,,,,,,,,,,,,,,,,,
,,,,,,,,,,,,,,,,,,,,,,,,,,,,,,,,,,,,2305.103499147112,5762.75874786778,1152.551749573556,10372.965746162005,5762.75874786778,6915.310497441336,16135.724494029784,8067.862247014892,5762.75874786778,6915.310497441336,4610.206998294224,3457.655248720668,8067.862247014892,9220.413996588448,5762.75874786778,5762.75874786778,10372.965746162005,4610.206998294224,6915.310497441336,8067.862247014892,5762.75874786778,6915.310497441336,10372.965746162005,9220.413996588448,5762.75874786778,12678.069245309116,4610.206998294224,8067.862247014892,13830.620994882673,11525.51749573556,2305.103499147112,5762.75874786778,4610.206998294224,4610.206998294224,5762.75874786778,6915.310497441336,2305.103499147112,4610.206998294224,3457.655248720668,5762.75874786778,5762.75874786778,8067.862247014892,16135.724494029784,2305.103499147112,9220.413996588448,3457.655248720668,8067.862247014892,9220.413996588448,8067.862247014892,0.0,5762.75874786778,1152.551749573556,6915.310497441336,6915.310497441336,2305.103499147112,5762.75874786778,3457.655248720668,8067.862247014892,4610.206998294224,13830.620994882673,12678.069245309116,10372.965746162005,6915.310497441336,4610.206998294224,4610.206998294224,5762.75874786778,10372.965746162005,6915.310497441336,9220.413996588448,11525.51749573556,8067.862247014892,13830.620994882673,5762.75874786778,8067.862247014892,12678.069245309116,10372.965746162005,13830.620994882673,17288.27624360334,13830.620994882673,17288.27624360334,14983.172744456228,16135.724494029784,19593.37974275045,16135.724494029784,4610.206998294224,6915.310497441336,4610.206998294224,4610.206998294224,3457.655248720668,5762.75874786778,4610.206998294224,4610.206998294224,6915.310497441336,3457.655248720668,1152.551749573556,1152.551749573556,3457.655248720668,1152.551749573556,4610.206998294224,2305.103499147112,2305.103499147112,1152.551749573556,2305.103499147112,4610.206998294224,0.0,3457.655248720668,3457.655248720668,3457.655248720668,1152.551749573556,3457.655248720668,2305.103499147112,1152.551749573556,6915.310497441336,5762.75874786778,6915.310497441336,3457.655248720668,5762.75874786778,2305.103499147112,2305.103499147112,9220.413996588448,6915.310497441336,6915.310497441336,4610.206998294224,8067.862247014892,3457.655248720668,8067.862247014892,5762.75874786778,9220.413996588448,4610.206998294224,6915.310497441336,11525.51749573556,6915.310497441336,12678.069245309116,10372.965746162005,8067.862247014892,5762.75874786778,9220.413996588448,16135.724494029784,10372.965746162005,8067.862247014892,6915.310497441336,10372.965746162005,3457.655248720668,6915.310497441336,2305.103499147112,8067.862247014892,3457.655248720668,5762.75874786778,1152.551749573556,12678.069245309116,16135.724494029784,5762.75874786778,10372.965746162005,6915.310497441336,3457.655248720668,13830.620994882673,6915.310497441336,13830.620994882673,2305.103499147112,8067.862247014892,4610.206998294224,2305.103499147112,17288.27624360334,18440.827993176896,8067.862247014892,8067.862247014892,11525.51749573556,6915.310497441336,3457.655248720668,10372.965746162005,5762.75874786778,5762.75874786778,5762.75874786778,3457.655248720668,6915.310497441336,4610.206998294224,5762.75874786778,3457.655248720668,4610.206998294224,5762.75874786778,3457.655248720668,6915.310497441336,8067.862247014892,4610.206998294224,6915.310497441336,6915.310497441336,4610.206998294224,,,,,,,,,,,,,,,,,,,,,,,,,,,,,,,,,
,,,,,,,,,,,,,,,,,,,,,,,,,,,,,,,,,,,3457.655248720668,11525.51749573556,6915.310497441336,4610.206998294224,5762.75874786778,4610.206998294224,5762.75874786778,4610.206998294224,5762.75874786778,6915.310497441336,5762.75874786778,9220.413996588448,8067.862247014892,4610.206998294224,6915.310497441336,12678.069245309116,4610.206998294224,4610.206998294224,8067.862247014892,5762.75874786778,11525.51749573556,6915.310497441336,11525.51749573556,6915.310497441336,10372.965746162005,8067.862247014892,4610.206998294224,5762.75874786778,11525.51749573556,1152.551749573556,9220.413996588448,4610.206998294224,8067.862247014892,4610.206998294224,11525.51749573556,8067.862247014892,5762.75874786778,3457.655248720668,10372.965746162005,4610.206998294224,8067.862247014892,1152.551749573556,4610.206998294224,8067.862247014892,9220.413996588448,10372.965746162005,11525.51749573556,8067.862247014892,12678.069245309116,5762.75874786778,5762.75874786778,11525.51749573556,4610.206998294224,8067.862247014892,11525.51749573556,10372.965746162005,5762.75874786778,10372.965746162005,3457.655248720668,9220.413996588448,9220.413996588448,6915.310497441336,5762.75874786778,1152.551749573556,9220.413996588448,5762.75874786778,5762.75874786778,4610.206998294224,12678.069245309116,10372.965746162005,12678.069245309116,17288.27624360334,10372.965746162005,11525.51749573556,12678.069245309116,4610.206998294224,6915.310497441336,11525.51749573556,13830.620994882673,5762.75874786778,16135.724494029784,9220.413996588448,14983.172744456228,20745.93149232401,11525.51749573556,3457.655248720668,9220.413996588448,3457.655248720668,10372.965746162005,3457.655248720668,6915.310497441336,2305.103499147112,8067.862247014892,3457.655248720668,1152.551749573556,2305.103499147112,2305.103499147112,8067.862247014892,1152.551749573556,3457.655248720668,2305.103499147112,3457.655248720668,4610.206998294224,1152.551749573556,2305.103499147112,2305.103499147112,1152.551749573556,1152.551749573556,0.0,3457.655248720668,1152.551749573556,3457.655248720668,3457.655248720668,4610.206998294224,4610.206998294224,4610.206998294224,5762.75874786778,3457.655248720668,9220.413996588448,9220.413996588448,6915.310497441336,9220.413996588448,5762.75874786778,5762.75874786778,5762.75874786778,11525.51749573556,17288.27624360334,4610.206998294224,6915.310497441336,4610.206998294224,8067.862247014892,6915.310497441336,3457.655248720668,3457.655248720668,10372.965746162005,11525.51749573556,9220.413996588448,4610.206998294224,10372.965746162005,5762.75874786778,5762.75874786778,4610.206998294224,8067.862247014892,10372.965746162005,12678.069245309116,9220.413996588448,5762.75874786778,4610.206998294224,6915.310497441336,9220.413996588448,9220.413996588448,8067.862247014892,2305.103499147112,9220.413996588448,4610.206998294224,9220.413996588448,10372.965746162005,3457.655248720668,10372.965746162005,10372.965746162005,2305.103499147112,11525.51749573556,8067.862247014892,16135.724494029784,13830.620994882673,18440.827993176896,20745.93149232401,13830.620994882673,8067.862247014892,9220.413996588448,9220.413996588448,10372.965746162005,8067.862247014892,6915.310497441336,11525.51749573556,5762.75874786778,8067.862247014892,6915.310497441336,4610.206998294224,4610.206998294224,5762.75874786778,4610.206998294224,2305.103499147112,6915.310497441336,6915.310497441336,6915.310497441336,4610.206998294224,4610.206998294224,,,,,,,,,,,,,,,,,,,,,,,,,,,,,,,,,
,,,,,,,,,,,,,,,,,,,,,,,,,,,,,,,,,,,5762.75874786778,8067.862247014892,13830.620994882673,9220.413996588448,8067.862247014892,5762.75874786778,6915.310497441336,4610.206998294224,11525.51749573556,6915.310497441336,6915.310497441336,3457.655248720668,0.0,8067.862247014892,9220.413996588448,9220.413996588448,6915.310497441336,8067.862247014892,11525.51749573556,1152.551749573556,8067.862247014892,6915.310497441336,5762.75874786778,5762.75874786778,8067.862247014892,9220.413996588448,4610.206998294224,8067.862247014892,6915.310497441336,9220.413996588448,2305.103499147112,9220.413996588448,5762.75874786778,6915.310497441336,8067.862247014892,6915.310497441336,5762.75874786778,3457.655248720668,6915.310497441336,6915.310497441336,5762.75874786778,5762.75874786778,8067.862247014892,3457.655248720668,6915.310497441336,5762.75874786778,8067.862247014892,6915.310497441336,11525.51749573556,8067.862247014892,3457.655248720668,14983.172744456228,6915.310497441336,9220.413996588448,3457.655248720668,2305.103499147112,6915.310497441336,9220.413996588448,8067.862247014892,4610.206998294224,10372.965746162005,4610.206998294224,1152.551749573556,6915.310497441336,8067.862247014892,8067.862247014892,6915.310497441336,8067.862247014892,9220.413996588448,6915.310497441336,11525.51749573556,21898.483241897564,20745.93149232401,16135.724494029784,4610.206998294224,11525.51749573556,9220.413996588448,12678.069245309116,13830.620994882673,6915.310497441336,18440.827993176896,13830.620994882673,14983.172744456228,9220.413996588448,16135.724494029784,11525.51749573556,9220.413996588448,3457.655248720668,2305.103499147112,9220.413996588448,5762.75874786778,11525.51749573556,4610.206998294224,0.0,3457.655248720668,2305.103499147112,3457.655248720668,1152.551749573556,2305.103499147112,0.0,5762.75874786778,1152.551749573556,2305.103499147112,2305.103499147112,3457.655248720668,2305.103499147112,3457.655248720668,3457.655248720668,2305.103499147112,1152.551749573556,0.0,2305.103499147112,5762.75874786778,4610.206998294224,2305.103499147112,5762.75874786778,0.0,2305.103499147112,4610.206998294224,6915.310497441336,1152.551749573556,4610.206998294224,5762.75874786778,4610.206998294224,4610.206998294224,4610.206998294224,4610.206998294224,9220.413996588448,5762.75874786778,8067.862247014892,8067.862247014892,13830.620994882673,5762.75874786778,9220.413996588448,10372.965746162005,3457.655248720668,10372.965746162005,8067.862247014892,5762.75874786778,8067.862247014892,9220.413996588448,3457.655248720668,5762.75874786778,4610.206998294224,5762.75874786778,8067.862247014892,3457.655248720668,5762.75874786778,4610.206998294224,5762.75874786778,2305.103499147112,2305.103499147112,5762.75874786778,4610.206998294224,8067.862247014892,8067.862247014892,6915.310497441336,10372.965746162005,4610.206998294224,8067.862247014892,8067.862247014892,10372.965746162005,8067.862247014892,9220.413996588448,13830.620994882673,25356.138490618232,18440.827993176896,6915.310497441336,8067.862247014892,11525.51749573556,5762.75874786778,8067.862247014892,4610.206998294224,6915.310497441336,3457.655248720668,8067.862247014892,8067.862247014892,4610.206998294224,8067.862247014892,6915.310497441336,6915.310497441336,5762.75874786778,8067.862247014892,4610.206998294224,13830.620994882673,8067.862247014892,2305.103499147112,,,,,,,,,,,,,,,,,,,,,,,,,,,,,,,,,,
,,,,,,,,,,,,,,,,,,,,,,,,,,,,,,,,,,,6915.310497441336,5762.75874786778,3457.655248720668,6915.310497441336,9220.413996588448,5762.75874786778,5762.75874786778,4610.206998294224,4610.206998294224,8067.862247014892,10372.965746162005,4610.206998294224,3457.655248720668,6915.310497441336,3457.655248720668,8067.862247014892,11525.51749573556,9220.413996588448,8067.862247014892,6915.310497441336,4610.206998294224,11525.51749573556,9220.413996588448,11525.51749573556,8067.862247014892,5762.75874786778,8067.862247014892,3457.655248720668,6915.310497441336,2305.103499147112,10372.965746162005,8067.862247014892,11525.51749573556,5762.75874786778,6915.310497441336,2305.103499147112,5762.75874786778,11525.51749573556,4610.206998294224,2305.103499147112,10372.965746162005,5762.75874786778,5762.75874786778,2305.103499147112,4610.206998294224,6915.310497441336,9220.413996588448,5762.75874786778,5762.75874786778,6915.310497441336,5762.75874786778,11525.51749573556,5762.75874786778,4610.206998294224,6915.310497441336,1152.551749573556,6915.310497441336,5762.75874786778,8067.862247014892,8067.862247014892,8067.862247014892,5762.75874786778,6915.310497441336,5762.75874786778,2305.103499147112,8067.862247014892,4610.206998294224,11525.51749573556,8067.862247014892,19593.37974275045,11525.51749573556,11525.51749573556,10372.965746162005,6915.310497441336,9220.413996588448,8067.862247014892,9220.413996588448,2305.103499147112,5762.75874786778,11525.51749573556,12678.069245309116,17288.27624360334,11525.51749573556,13830.620994882673,10372.965746162005,8067.862247014892,11525.51749573556,8067.862247014892,5762.75874786778,9220.413996588448,3457.655248720668,6915.310497441336,4610.206998294224,1152.551749573556,2305.103499147112,4610.206998294224,2305.103499147112,0.0,1152.551749573556,0.0,2305.103499147112,1152.551749573556,2305.103499147112,6915.310497441336,16135.724494029784,17288.27624360334,4610.206998294224,6915.310497441336,2305.103499147112,5762.75874786778,0.0,3457.655248720668,1152.551749573556,3457.655248720668,2305.103499147112,2305.103499147112,3457.655248720668,1152.551749573556,2305.103499147112,1152.551749573556,4610.206998294224,6915.310497441336,4610.206998294224,3457.655248720668,4610.206998294224,2305.103499147112,14983.172744456228,6915.310497441336,9220.413996588448,8067.862247014892,9220.413996588448,5762.75874786778,5762.75874786778,6915.310497441336,10372.965746162005,5762.75874786778,13830.620994882673,5762.75874786778,6915.310497441336,6915.310497441336,5762.75874786778,2305.103499147112,8067.862247014892,8067.862247014892,9220.413996588448,8067.862247014892,4610.206998294224,2305.103499147112,5762.75874786778,5762.75874786778,5762.75874786778,4610.206998294224,5762.75874786778,4610.206998294224,3457.655248720668,5762.75874786778,3457.655248720668,8067.862247014892,10372.965746162005,5762.75874786778,9220.413996588448,10372.965746162005,18440.827993176896,13830.620994882673,13830.620994882673,26508.690240191787,20745.93149232401,13830.620994882673,9220.413996588448,8067.862247014892,12678.069245309116,6915.310497441336,10372.965746162005,2305.103499147112,6915.310497441336,12678.069245309116,10372.965746162005,3457.655248720668,6915.310497441336,6915.310497441336,5762.75874786778,6915.310497441336,11525.51749573556,8067.862247014892,4610.206998294224,4610.206998294224,4610.206998294224,,,,,,,,,,,,,,,,,,,,,,,,,,,,,,,,,,
,,,,,,,,,,,,,,,,,,,,,,,,,,,,,,,,10372.965746162005,6915.310497441336,4610.206998294224,12678.069245309116,4610.206998294224,5762.75874786778,6915.310497441336,9220.413996588448,3457.655248720668,6915.310497441336,8067.862247014892,4610.206998294224,6915.310497441336,9220.413996588448,6915.310497441336,6915.310497441336,8067.862247014892,10372.965746162005,14983.172744456228,9220.413996588448,6915.310497441336,8067.862247014892,9220.413996588448,11525.51749573556,9220.413996588448,10372.965746162005,9220.413996588448,14983.172744456228,5762.75874786778,8067.862247014892,8067.862247014892,5762.75874786778,9220.413996588448,5762.75874786778,11525.51749573556,4610.206998294224,4610.206998294224,1152.551749573556,2305.103499147112,4610.206998294224,5762.75874786778,4610.206998294224,6915.310497441336,3457.655248720668,9220.413996588448,4610.206998294224,8067.862247014892,8067.862247014892,9220.413996588448,4610.206998294224,3457.655248720668,9220.413996588448,5762.75874786778,2305.103499147112,8067.862247014892,4610.206998294224,10372.965746162005,3457.655248720668,3457.655248720668,10372.965746162005,6915.310497441336,9220.413996588448,4610.206998294224,8067.862247014892,6915.310497441336,4610.206998294224,5762.75874786778,8067.862247014892,3457.655248720668,9220.413996588448,10372.965746162005,13830.620994882673,14983.172744456228,4610.206998294224,11525.51749573556,11525.51749573556,5762.75874786778,10372.965746162005,9220.413996588448,14983.172744456228,5762.75874786778,6915.310497441336,6915.310497441336,10372.965746162005,10372.965746162005,10372.965746162005,13830.620994882673,4610.206998294224,10372.965746162005,8067.862247014892,10372.965746162005,2305.103499147112,4610.206998294224,4610.206998294224,4610.206998294224,5762.75874786778,2305.103499147112,3457.655248720668,1152.551749573556,2305.103499147112,2305.103499147112,2305.103499147112,1152.551749573556,1152.551749573556,4610.206998294224,5762.75874786778,10372.965746162005,8067.862247014892,12678.069245309116,9220.413996588448,3457.655248720668,1152.551749573556,4610.206998294224,1152.551749573556,1152.551749573556,2305.103499147112,0.0,2305.103499147112,1152.551749573556,2305.103499147112,2305.103499147112,1152.551749573556,0.0,1152.551749573556,1152.551749573556,1152.551749573556,8067.862247014892,13830.620994882673,9220.413996588448,3457.655248720668,4610.206998294224,4610.206998294224,4610.206998294224,5762.75874786778,5762.75874786778,6915.310497441336,5762.75874786778,13830.620994882673,8067.862247014892,3457.655248720668,6915.310497441336,4610.206998294224,9220.413996588448,3457.655248720668,4610.206998294224,8067.862247014892,9220.413996588448,11525.51749573556,5762.75874786778,10372.965746162005,8067.862247014892,3457.655248720668,4610.206998294224,9220.413996588448,4610.206998294224,3457.655248720668,10372.965746162005,9220.413996588448,8067.862247014892,4610.206998294224,5762.75874786778,6915.310497441336,8067.862247014892,17288.27624360334,13830.620994882673,12678.069245309116,18440.827993176896,17288.27624360334,29966.345488912455,13830.620994882673,12678.069245309116,10372.965746162005,16135.724494029784,11525.51749573556,11525.51749573556,3457.655248720668,8067.862247014892,8067.862247014892,4610.206998294224,6915.310497441336,6915.310497441336,3457.655248720668,13830.620994882673,8067.862247014892,3457.655248720668,10372.965746162005,6915.310497441336,5762.75874786778,12678.069245309116,2305.103499147112,,,,,,,,,,,,,,,,,,,,,,,,,,,,,,,,,,
,,,,,,,,,,,,,,,,,,,,,,,,,,,,,,,2305.103499147112,8067.862247014892,4610.206998294224,8067.862247014892,2305.103499147112,6915.310497441336,6915.310497441336,3457.655248720668,8067.862247014892,3457.655248720668,3457.655248720668,10372.965746162005,3457.655248720668,5762.75874786778,2305.103499147112,6915.310497441336,9220.413996588448,10372.965746162005,6915.310497441336,4610.206998294224,2305.103499147112,11525.51749573556,10372.965746162005,8067.862247014892,11525.51749573556,6915.310497441336,17288.27624360334,9220.413996588448,12678.069245309116,12678.069245309116,11525.51749573556,4610.206998294224,3457.655248720668,4610.206998294224,3457.655248720668,10372.965746162005,1152.551749573556,6915.310497441336,8067.862247014892,8067.862247014892,9220.413996588448,3457.655248720668,3457.655248720668,2305.103499147112,10372.965746162005,8067.862247014892,6915.310497441336,10372.965746162005,3457.655248720668,1152.551749573556,5762.75874786778,6915.310497441336,9220.413996588448,13830.620994882673,4610.206998294224,9220.413996588448,10372.965746162005,9220.413996588448,4610.206998294224,11525.51749573556,13830.620994882673,8067.862247014892,18440.827993176896,9220.413996588448,5762.75874786778,6915.310497441336,9220.413996588448,4610.206998294224,10372.965746162005,9220.413996588448,17288.27624360334,21898.483241897564,20745.93149232401,23051.03499147112,13830.620994882673,6915.310497441336,10372.965746162005,5762.75874786778,8067.862247014892,6915.310497441336,9220.413996588448,4610.206998294224,8067.862247014892,13830.620994882673,8067.862247014892,12678.069245309116,17288.27624360334,14983.172744456228,11525.51749573556,8067.862247014892,3457.655248720668,6915.310497441336,6915.310497441336,5762.75874786778,2305.103499147112,0.0,1152.551749573556,3457.655248720668,4610.206998294224,1152.551749573556,0.0,1152.551749573556,1152.551749573556,1152.551749573556,3457.655248720668,1152.551749573556,8067.862247014892,12678.069245309116,12678.069245309116,9220.413996588448,3457.655248720668,2305.103499147112,2305.103499147112,1152.551749573556,0.0,2305.103499147112,3457.655248720668,4610.206998294224,2305.103499147112,1152.551749573556,3457.655248720668,2305.103499147112,0.0,0.0,10372.965746162005,1152.551749573556,2305.103499147112,6915.310497441336,4610.206998294224,8067.862247014892,6915.310497441336,6915.310497441336,8067.862247014892,6915.310497441336,5762.75874786778,8067.862247014892,8067.862247014892,6915.310497441336,6915.310497441336,9220.413996588448,16135.724494029784,14983.172744456228,8067.862247014892,10372.965746162005,6915.310497441336,2305.103499147112,8067.862247014892,6915.310497441336,3457.655248720668,6915.310497441336,3457.655248720668,4610.206998294224,8067.862247014892,9220.413996588448,5762.75874786778,4610.206998294224,1152.551749573556,3457.655248720668,3457.655248720668,2305.103499147112,6915.310497441336,10372.965746162005,11525.51749573556,10372.965746162005,11525.51749573556,14983.172744456228,17288.27624360334,24203.586741044677,14983.172744456228,13830.620994882673,25356.138490618232,16135.724494029784,13830.620994882673,8067.862247014892,8067.862247014892,3457.655248720668,5762.75874786778,5762.75874786778,4610.206998294224,8067.862247014892,6915.310497441336,5762.75874786778,5762.75874786778,10372.965746162005,10372.965746162005,4610.206998294224,6915.310497441336,3457.655248720668,5762.75874786778,3457.655248720668,,,,,,,,,,,,,,,,,,,,,,,,,,,,,,,,,,,
,,,,,,,,,,,,,,,,,,,,,,,,,,,,,,,5762.75874786778,4610.206998294224,8067.862247014892,10372.965746162005,5762.75874786778,5762.75874786778,5762.75874786778,12678.069245309116,6915.310497441336,8067.862247014892,6915.310497441336,8067.862247014892,5762.75874786778,2305.103499147112,4610.206998294224,6915.310497441336,8067.862247014892,5762.75874786778,5762.75874786778,6915.310497441336,4610.206998294224,9220.413996588448,4610.206998294224,6915.310497441336,6915.310497441336,12678.069245309116,14983.172744456228,18440.827993176896,13830.620994882673,10372.965746162005,10372.965746162005,4610.206998294224,5762.75874786778,10372.965746162005,4610.206998294224,9220.413996588448,5762.75874786778,4610.206998294224,1152.551749573556,4610.206998294224,2305.103499147112,1152.551749573556,4610.206998294224,5762.75874786778,4610.206998294224,8067.862247014892,11525.51749573556,8067.862247014892,6915.310497441336,5762.75874786778,5762.75874786778,4610.206998294224,5762.75874786778,8067.862247014892,9220.413996588448,8067.862247014892,10372.965746162005,5762.75874786778,9220.413996588448,12678.069245309116,12678.069245309116,12678.069245309116,9220.413996588448,14983.172744456228,3457.655248720668,9220.413996588448,8067.862247014892,10372.965746162005,3457.655248720668,14983.172744456228,21898.483241897564,19593.37974275045,23051.03499147112,21898.483241897564,14983.172744456228,14983.172744456228,12678.069245309116,9220.413996588448,9220.413996588448,2305.103499147112,5762.75874786778,1152.551749573556,9220.413996588448,8067.862247014892,6915.310497441336,11525.51749573556,10372.965746162005,12678.069245309116,4610.206998294224,6915.310497441336,8067.862247014892,2305.103499147112,2305.103499147112,1152.551749573556,2305.103499147112,2305.103499147112,0.0,5762.75874786778,0.0,1152.551749573556,2305.103499147112,3457.655248720668,2305.103499147112,0.0,1152.551749573556,1152.551749573556,2305.103499147112,8067.862247014892,5762.75874786778,4610.206998294224,3457.655248720668,1152.551749573556,0.0,2305.103499147112,1152.551749573556,3457.655248720668,4610.206998294224,2305.103499147112,1152.551749573556,1152.551749573556,3457.655248720668,0.0,3457.655248720668,2305.103499147112,0.0,3457.655248720668,2305.103499147112,8067.862247014892,2305.103499147112,16135.724494029784,4610.206998294224,9220.413996588448,8067.862247014892,5762.75874786778,11525.51749573556,5762.75874786778,3457.655248720668,4610.206998294224,9220.413996588448,8067.862247014892,9220.413996588448,11525.51749573556,8067.862247014892,6915.310497441336,9220.413996588448,5762.75874786778,11525.51749573556,5762.75874786778,3457.655248720668,8067.862247014892,9220.413996588448,11525.51749573556,8067.862247014892,5762.75874786778,4610.206998294224,5762.75874786778,5762.75874786778,10372.965746162005,9220.413996588448,4610.206998294224,11525.51749573556,17288.27624360334,21898.483241897564,13830.620994882673,9220.413996588448,9220.413996588448,18440.827993176896,28813.7937393389,56475.035729104246,38034.207735927346,38034.207735927346,32271.44898805957,34576.55248720668,5762.75874786778,12678.069245309116,11525.51749573556,5762.75874786778,6915.310497441336,9220.413996588448,8067.862247014892,4610.206998294224,10372.965746162005,3457.655248720668,3457.655248720668,5762.75874786778,11525.51749573556,10372.965746162005,6915.310497441336,6915.310497441336,,,,,,,,,,,,,,,,,,,,,,,,,,,,,,,,,,,,
,,,,,,,,,,,,,,,,,,,,,,,,,,,,,,,5762.75874786778,5762.75874786778,5762.75874786778,4610.206998294224,4610.206998294224,8067.862247014892,10372.965746162005,5762.75874786778,5762.75874786778,6915.310497441336,3457.655248720668,6915.310497441336,8067.862247014892,12678.069245309116,4610.206998294224,9220.413996588448,5762.75874786778,9220.413996588448,4610.206998294224,6915.310497441336,10372.965746162005,6915.310497441336,11525.51749573556,13830.620994882673,9220.413996588448,20745.93149232401,23051.03499147112,16135.724494029784,16135.724494029784,8067.862247014892,9220.413996588448,14983.172744456228,10372.965746162005,8067.862247014892,11525.51749573556,3457.655248720668,4610.206998294224,4610.206998294224,3457.655248720668,3457.655248720668,1152.551749573556,6915.310497441336,6915.310497441336,5762.75874786778,4610.206998294224,11525.51749573556,8067.862247014892,4610.206998294224,2305.103499147112,2305.103499147112,3457.655248720668,3457.655248720668,13830.620994882673,14983.172744456228,10372.965746162005,19593.37974275045,13830.620994882673,10372.965746162005,10372.965746162005,12678.069245309116,9220.413996588448,16135.724494029784,10372.965746162005,14983.172744456228,10372.965746162005,9220.413996588448,8067.862247014892,4610.206998294224,11525.51749573556,10372.965746162005,14983.172744456228,19593.37974275045,13830.620994882673,12678.069245309116,12678.069245309116,14983.172744456228,6915.310497441336,4610.206998294224,5762.75874786778,2305.103499147112,1152.551749573556,2305.103499147112,1152.551749573556,1152.551749573556,8067.862247014892,9220.413996588448,4610.206998294224,10372.965746162005,3457.655248720668,4610.206998294224,6915.310497441336,9220.413996588448,2305.103499147112,5762.75874786778,2305.103499147112,0.0,3457.655248720668,2305.103499147112,2305.103499147112,2305.103499147112,9220.413996588448,4610.206998294224,3457.655248720668,4610.206998294224,1152.551749573556,1152.551749573556,0.0,4610.206998294224,6915.310497441336,2305.103499147112,2305.103499147112,0.0,0.0,2305.103499147112,1152.551749573556,1152.551749573556,2305.103499147112,0.0,0.0,1152.551749573556,3457.655248720668,2305.103499147112,2305.103499147112,1152.551749573556,2305.103499147112,3457.655248720668,3457.655248720668,6915.310497441336,3457.655248720668,9220.413996588448,2305.103499147112,4610.206998294224,3457.655248720668,11525.51749573556,8067.862247014892,8067.862247014892,6915.310497441336,9220.413996588448,10372.965746162005,17288.27624360334,19593.37974275045,14983.172744456228,10372.965746162005,8067.862247014892,11525.51749573556,9220.413996588448,6915.310497441336,14983.172744456228,5762.75874786778,11525.51749573556,2305.103499147112,4610.206998294224,8067.862247014892,6915.310497441336,9220.413996588448,10372.965746162005,6915.310497441336,4610.206998294224,3457.655248720668,4610.206998294224,14983.172744456228,23051.03499147112,16135.724494029784,13830.620994882673,8067.862247014892,4610.206998294224,25356.138490618232,61085.242727398465,72610.76022313403,73763.31197270758,53017.380480383574,58780.139228251355,25356.138490618232,5762.75874786778,9220.413996588448,8067.862247014892,3457.655248720668,8067.862247014892,11525.51749573556,3457.655248720668,6915.310497441336,6915.310497441336,13830.620994882673,3457.655248720668,11525.51749573556,8067.862247014892,6915.310497441336,5762.75874786778,8067.862247014892,8067.862247014892,,,,,,,,,,,,,,,,,,,,,,,,,,,,,,,,,,,
,,,,,,,,,,,,,,,,,,,,,,,,,,,,,,,5762.75874786778,6915.310497441336,5762.75874786778,6915.310497441336,10372.965746162005,9220.413996588448,5762.75874786778,6915.310497441336,8067.862247014892,4610.206998294224,6915.310497441336,4610.206998294224,3457.655248720668,9220.413996588448,12678.069245309116,6915.310497441336,4610.206998294224,6915.310497441336,6915.310497441336,11525.51749573556,12678.069245309116,6915.310497441336,5762.75874786778,8067.862247014892,6915.310497441336,17288.27624360334,18440.827993176896,14983.172744456228,13830.620994882673,11525.51749573556,5762.75874786778,3457.655248720668,9220.413996588448,9220.413996588448,11525.51749573556,10372.965746162005,5762.75874786778,4610.206998294224,2305.103499147112,6915.310497441336,3457.655248720668,8067.862247014892,6915.310497441336,2305.103499147112,2305.103499147112,2305.103499147112,4610.206998294224,4610.206998294224,6915.310497441336,9220.413996588448,3457.655248720668,9220.413996588448,11525.51749573556,19593.37974275045,24203.586741044677,21898.483241897564,21898.483241897564,31118.89723848601,31118.89723848601,19593.37974275045,5762.75874786778,10372.965746162005,4610.206998294224,9220.413996588448,10372.965746162005,12678.069245309116,6915.310497441336,13830.620994882673,5762.75874786778,9220.413996588448,13830.620994882673,27661.241989765345,14983.172744456228,12678.069245309116,13830.620994882673,12678.069245309116,16135.724494029784,8067.862247014892,3457.655248720668,2305.103499147112,4610.206998294224,1152.551749573556,2305.103499147112,8067.862247014892,8067.862247014892,6915.310497441336,8067.862247014892,9220.413996588448,4610.206998294224,3457.655248720668,5762.75874786778,2305.103499147112,4610.206998294224,2305.103499147112,1152.551749573556,1152.551749573556,1152.551749573556,3457.655248720668,2305.103499147112,3457.655248720668,4610.206998294224,0.0,3457.655248720668,0.0,1152.551749573556,0.0,0.0,1152.551749573556,4610.206998294224,1152.551749573556,1152.551749573556,2305.103499147112,1152.551749573556,2305.103499147112,1152.551749573556,0.0,1152.551749573556,0.0,8067.862247014892,3457.655248720668,1152.551749573556,1152.551749573556,1152.551749573556,5762.75874786778,1152.551749573556,3457.655248720668,6915.310497441336,2305.103499147112,2305.103499147112,6915.310497441336,6915.310497441336,6915.310497441336,10372.965746162005,10372.965746162005,3457.655248720668,11525.51749573556,8067.862247014892,8067.862247014892,5762.75874786778,11525.51749573556,16135.724494029784,12678.069245309116,9220.413996588448,11525.51749573556,6915.310497441336,13830.620994882673,6915.310497441336,4610.206998294224,8067.862247014892,4610.206998294224,9220.413996588448,5762.75874786778,6915.310497441336,9220.413996588448,5762.75874786778,4610.206998294224,6915.310497441336,8067.862247014892,10372.965746162005,8067.862247014892,8067.862247014892,11525.51749573556,14983.172744456228,16135.724494029784,11525.51749573556,4610.206998294224,16135.724494029784,44949.51823336868,77220.96722142825,80678.62247014891,70305.65672398692,35729.10423678024,20745.93149232401,8067.862247014892,10372.965746162005,11525.51749573556,13830.620994882673,6915.310497441336,11525.51749573556,5762.75874786778,5762.75874786778,10372.965746162005,9220.413996588448,5762.75874786778,8067.862247014892,9220.413996588448,2305.103499147112,10372.965746162005,6915.310497441336,2305.103499147112,,,,,,,,,,,,,,,,,,,,,,,,,,,,,,,,,,,
,,,,,,,,,,,,,,,,,,,,,,,,,,,,,,,,,3457.655248720668,5762.75874786778,6915.310497441336,10372.965746162005,8067.862247014892,5762.75874786778,9220.413996588448,8067.862247014892,5762.75874786778,8067.862247014892,6915.310497441336,8067.862247014892,1152.551749573556,2305.103499147112,12678.069245309116,14983.172744456228,6915.310497441336,3457.655248720668,4610.206998294224,8067.862247014892,5762.75874786778,10372.965746162005,13830.620994882673,2305.103499147112,10372.965746162005,10372.965746162005,10372.965746162005,8067.862247014892,9220.413996588448,4610.206998294224,11525.51749573556,5762.75874786778,2305.103499147112,5762.75874786778,1152.551749573556,11525.51749573556,4610.206998294224,3457.655248720668,6915.310497441336,4610.206998294224,5762.75874786778,10372.965746162005,3457.655248720668,1152.551749573556,8067.862247014892,5762.75874786778,5762.75874786778,3457.655248720668,9220.413996588448,16135.724494029784,16135.724494029784,17288.27624360334,13830.620994882673,16135.724494029784,26508.690240191787,28813.7937393389,33424.00073763313,25356.138490618232,13830.620994882673,16135.724494029784,5762.75874786778,13830.620994882673,6915.310497441336,4610.206998294224,10372.965746162005,12678.069245309116,13830.620994882673,8067.862247014892,20745.93149232401,16135.724494029784,17288.27624360334,17288.27624360334,17288.27624360334,10372.965746162005,5762.75874786778,4610.206998294224,2305.103499147112,1152.551749573556,3457.655248720668,2305.103499147112,5762.75874786778,4610.206998294224,9220.413996588448,10372.965746162005,10372.965746162005,18440.827993176896,10372.965746162005,10372.965746162005,4610.206998294224,3457.655248720668,2305.103499147112,2305.103499147112,3457.655248720668,4610.206998294224,4610.206998294224,2305.103499147112,1152.551749573556,3457.655248720668,3457.655248720668,2305.103499147112,1152.551749573556,4610.206998294224,1152.551749573556,0.0,0.0,1152.551749573556,1152.551749573556,0.0,1152.551749573556,0.0,0.0,2305.103499147112,0.0,2305.103499147112,3457.655248720668,1152.551749573556,3457.655248720668,2305.103499147112,3457.655248720668,2305.103499147112,5762.75874786778,1152.551749573556,3457.655248720668,0.0,1152.551749573556,5762.75874786778,0.0,4610.206998294224,6915.310497441336,9220.413996588448,8067.862247014892,5762.75874786778,3457.655248720668,16135.724494029784,8067.862247014892,1152.551749573556,6915.310497441336,6915.310497441336,8067.862247014892,12678.069245309116,8067.862247014892,12678.069245309116,2305.103499147112,11525.51749573556,4610.206998294224,9220.413996588448,4610.206998294224,5762.75874786778,8067.862247014892,6915.310497441336,8067.862247014892,3457.655248720668,6915.310497441336,4610.206998294224,5762.75874786778,10372.965746162005,5762.75874786778,2305.103499147112,4610.206998294224,8067.862247014892,5762.75874786778,6915.310497441336,4610.206998294224,8067.862247014892,17288.27624360334,32271.44898805957,39186.7594855009,33424.00073763313,25356.138490618232,11525.51749573556,6915.310497441336,6915.310497441336,13830.620994882673,10372.965746162005,4610.206998294224,10372.965746162005,9220.413996588448,8067.862247014892,12678.069245309116,3457.655248720668,2305.103499147112,4610.206998294224,13830.620994882673,11525.51749573556,5762.75874786778,8067.862247014892,8067.862247014892,8067.862247014892,,,,,,,,,,,,,,,,,,,,,,,,,,,,,,,,,,,
,,,,,,,,,,,,,,,,,,,,,,,,,,,,,,,,,5762.75874786778,6915.310497441336,11525.51749573556,6915.310497441336,3457.655248720668,5762.75874786778,5762.75874786778,6915.310497441336,3457.655248720668,9220.413996588448,6915.310497441336,11525.51749573556,6915.310497441336,8067.862247014892,13830.620994882673,8067.862247014892,10372.965746162005,10372.965746162005,14983.172744456228,11525.51749573556,8067.862247014892,4610.206998294224,11525.51749573556,6915.310497441336,3457.655248720668,8067.862247014892,3457.655248720668,9220.413996588448,4610.206998294224,8067.862247014892,4610.206998294224,8067.862247014892,4610.206998294224,11525.51749573556,5762.75874786778,2305.103499147112,10372.965746162005,5762.75874786778,5762.75874786778,4610.206998294224,3457.655248720668,9220.413996588448,9220.413996588448,4610.206998294224,9220.413996588448,9220.413996588448,5762.75874786778,10372.965746162005,8067.862247014892,17288.27624360334,16135.724494029784,12678.069245309116,14983.172744456228,14983.172744456228,18440.827993176896,26508.690240191787,40339.311235074456,29966.345488912455,17288.27624360334,17288.27624360334,10372.965746162005,12678.069245309116,11525.51749573556,8067.862247014892,9220.413996588448,11525.51749573556,4610.206998294224,8067.862247014892,24203.586741044677,25356.138490618232,12678.069245309116,11525.51749573556,11525.51749573556,9220.413996588448,2305.103499147112,5762.75874786778,2305.103499147112,1152.551749573556,0.0,3457.655248720668,2305.103499147112,1152.551749573556,3457.655248720668,6915.310497441336,6915.310497441336,8067.862247014892,6915.310497441336,6915.310497441336,4610.206998294224,3457.655248720668,2305.103499147112,3457.655248720668,10372.965746162005,6915.310497441336,8067.862247014892,12678.069245309116,14983.172744456228,6915.310497441336,4610.206998294224,4610.206998294224,4610.206998294224,3457.655248720668,2305.103499147112,1152.551749573556,0.0,1152.551749573556,1152.551749573556,4610.206998294224,0.0,0.0,1152.551749573556,2305.103499147112,0.0,1152.551749573556,2305.103499147112,0.0,1152.551749573556,3457.655248720668,1152.551749573556,1152.551749573556,1152.551749573556,3457.655248720668,2305.103499147112,1152.551749573556,1152.551749573556,3457.655248720668,4610.206998294224,6915.310497441336,1152.551749573556,3457.655248720668,10372.965746162005,5762.75874786778,9220.413996588448,5762.75874786778,14983.172744456228,10372.965746162005,10372.965746162005,8067.862247014892,6915.310497441336,5762.75874786778,12678.069245309116,11525.51749573556,6915.310497441336,8067.862247014892,5762.75874786778,8067.862247014892,9220.413996588448,4610.206998294224,11525.51749573556,8067.862247014892,8067.862247014892,9220.413996588448,6915.310497441336,10372.965746162005,8067.862247014892,11525.51749573556,6915.310497441336,6915.310497441336,11525.51749573556,6915.310497441336,9220.413996588448,11525.51749573556,5762.75874786778,11525.51749573556,19593.37974275045,12678.069245309116,16135.724494029784,11525.51749573556,9220.413996588448,13830.620994882673,9220.413996588448,10372.965746162005,11525.51749573556,11525.51749573556,6915.310497441336,9220.413996588448,10372.965746162005,6915.310497441336,6915.310497441336,8067.862247014892,6915.310497441336,4610.206998294224,3457.655248720668,13830.620994882673,9220.413996588448,4610.206998294224,4610.206998294224,,,,,,,,,,,,,,,,,,,,,,,,,,,,,,,,,,,,
,,,,,,,,,,,,,,,,,,,,,,,,,,,,5762.75874786778,5762.75874786778,2305.103499147112,,,4610.206998294224,10372.965746162005,9220.413996588448,10372.965746162005,11525.51749573556,5762.75874786778,2305.103499147112,8067.862247014892,8067.862247014892,8067.862247014892,5762.75874786778,5762.75874786778,8067.862247014892,5762.75874786778,12678.069245309116,3457.655248720668,4610.206998294224,5762.75874786778,14983.172744456228,5762.75874786778,8067.862247014892,11525.51749573556,5762.75874786778,12678.069245309116,5762.75874786778,6915.310497441336,2305.103499147112,5762.75874786778,4610.206998294224,9220.413996588448,6915.310497441336,3457.655248720668,5762.75874786778,11525.51749573556,10372.965746162005,6915.310497441336,4610.206998294224,6915.310497441336,4610.206998294224,5762.75874786778,4610.206998294224,3457.655248720668,5762.75874786778,2305.103499147112,5762.75874786778,8067.862247014892,10372.965746162005,10372.965746162005,14983.172744456228,16135.724494029784,18440.827993176896,10372.965746162005,19593.37974275045,11525.51749573556,21898.483241897564,25356.138490618232,25356.138490618232,23051.03499147112,23051.03499147112,16135.724494029784,11525.51749573556,10372.965746162005,5762.75874786778,9220.413996588448,8067.862247014892,10372.965746162005,6915.310497441336,12678.069245309116,11525.51749573556,13830.620994882673,16135.724494029784,10372.965746162005,4610.206998294224,3457.655248720668,0.0,1152.551749573556,8067.862247014892,1152.551749573556,3457.655248720668,1152.551749573556,1152.551749573556,0.0,5762.75874786778,8067.862247014892,3457.655248720668,3457.655248720668,4610.206998294224,3457.655248720668,5762.75874786778,6915.310497441336,5762.75874786778,8067.862247014892,19593.37974275045,4610.206998294224,6915.310497441336,10372.965746162005,16135.724494029784,13830.620994882673,5762.75874786778,1152.551749573556,0.0,1152.551749573556,1152.551749573556,0.0,0.0,0.0,2305.103499147112,1152.551749573556,0.0,6915.310497441336,1152.551749573556,1152.551749573556,1152.551749573556,1152.551749573556,2305.103499147112,4610.206998294224,2305.103499147112,1152.551749573556,2305.103499147112,1152.551749573556,1152.551749573556,3457.655248720668,3457.655248720668,2305.103499147112,2305.103499147112,1152.551749573556,6915.310497441336,5762.75874786778,5762.75874786778,5762.75874786778,6915.310497441336,4610.206998294224,11525.51749573556,9220.413996588448,6915.310497441336,11525.51749573556,5762.75874786778,8067.862247014892,11525.51749573556,8067.862247014892,10372.965746162005,8067.862247014892,9220.413996588448,8067.862247014892,14983.172744456228,9220.413996588448,2305.103499147112,10372.965746162005,4610.206998294224,6915.310497441336,9220.413996588448,6915.310497441336,2305.103499147112,5762.75874786778,4610.206998294224,4610.206998294224,3457.655248720668,18440.827993176896,4610.206998294224,14983.172744456228,8067.862247014892,8067.862247014892,6915.310497441336,4610.206998294224,12678.069245309116,26508.690240191787,23051.03499147112,6915.310497441336,4610.206998294224,8067.862247014892,8067.862247014892,3457.655248720668,6915.310497441336,8067.862247014892,9220.413996588448,10372.965746162005,5762.75874786778,17288.27624360334,5762.75874786778,5762.75874786778,3457.655248720668,6915.310497441336,5762.75874786778,8067.862247014892,6915.310497441336,6915.310497441336,,,,,,,,,,,,,,,,,,,,,,,,,,,,,,,,,,,,,
,,,,,,,,,,,,,,,,,,,,,,,,,,,,8067.862247014892,6915.310497441336,9220.413996588448,4610.206998294224,6915.310497441336,3457.655248720668,5762.75874786778,6915.310497441336,4610.206998294224,14983.172744456228,8067.862247014892,6915.310497441336,6915.310497441336,4610.206998294224,2305.103499147112,3457.655248720668,10372.965746162005,1152.551749573556,9220.413996588448,11525.51749573556,5762.75874786778,11525.51749573556,9220.413996588448,10372.965746162005,8067.862247014892,6915.310497441336,6915.310497441336,5762.75874786778,4610.206998294224,10372.965746162005,4610.206998294224,5762.75874786778,10372.965746162005,6915.310497441336,9220.413996588448,10372.965746162005,8067.862247014892,6915.310497441336,9220.413996588448,4610.206998294224,11525.51749573556,5762.75874786778,6915.310497441336,11525.51749573556,2305.103499147112,6915.310497441336,9220.413996588448,4610.206998294224,3457.655248720668,6915.310497441336,14983.172744456228,8067.862247014892,6915.310497441336,9220.413996588448,11525.51749573556,11525.51749573556,9220.413996588448,8067.862247014892,18440.827993176896,17288.27624360334,24203.586741044677,21898.483241897564,16135.724494029784,16135.724494029784,10372.965746162005,8067.862247014892,11525.51749573556,3457.655248720668,5762.75874786778,6915.310497441336,5762.75874786778,13830.620994882673,8067.862247014892,10372.965746162005,8067.862247014892,14983.172744456228,11525.51749573556,8067.862247014892,6915.310497441336,5762.75874786778,9220.413996588448,1152.551749573556,3457.655248720668,2305.103499147112,3457.655248720668,1152.551749573556,0.0,1152.551749573556,8067.862247014892,2305.103499147112,9220.413996588448,0.0,1152.551749573556,1152.551749573556,6915.310497441336,3457.655248720668,8067.862247014892,10372.965746162005,8067.862247014892,6915.310497441336,6915.310497441336,5762.75874786778,11525.51749573556,3457.655248720668,1152.551749573556,2305.103499147112,0.0,2305.103499147112,1152.551749573556,1152.551749573556,1152.551749573556,4610.206998294224,2305.103499147112,2305.103499147112,1152.551749573556,0.0,1152.551749573556,1152.551749573556,3457.655248720668,0.0,2305.103499147112,4610.206998294224,1152.551749573556,0.0,1152.551749573556,2305.103499147112,1152.551749573556,0.0,2305.103499147112,1152.551749573556,5762.75874786778,3457.655248720668,1152.551749573556,4610.206998294224,1152.551749573556,9220.413996588448,4610.206998294224,6915.310497441336,5762.75874786778,0.0,8067.862247014892,4610.206998294224,10372.965746162005,10372.965746162005,5762.75874786778,6915.310497441336,9220.413996588448,6915.310497441336,6915.310497441336,18440.827993176896,5762.75874786778,4610.206998294224,6915.310497441336,8067.862247014892,6915.310497441336,4610.206998294224,10372.965746162005,9220.413996588448,16135.724494029784,10372.965746162005,4610.206998294224,3457.655248720668,8067.862247014892,8067.862247014892,4610.206998294224,8067.862247014892,21898.483241897564,17288.27624360334,9220.413996588448,13830.620994882673,17288.27624360334,8067.862247014892,9220.413996588448,9220.413996588448,10372.965746162005,1152.551749573556,4610.206998294224,6915.310497441336,5762.75874786778,6915.310497441336,8067.862247014892,6915.310497441336,11525.51749573556,13830.620994882673,4610.206998294224,4610.206998294224,2305.103499147112,5762.75874786778,3457.655248720668,5762.75874786778,8067.862247014892,,,,,,,,,,,,,,,,,,,,,,,,,,,,,,,,,,,,,
,,,,,,,,,,,,,,,,,,,,,,,,,,,,,1152.551749573556,5762.75874786778,5762.75874786778,9220.413996588448,6915.310497441336,9220.413996588448,8067.862247014892,3457.655248720668,11525.51749573556,10372.965746162005,8067.862247014892,11525.51749573556,8067.862247014892,9220.413996588448,5762.75874786778,10372.965746162005,4610.206998294224,5762.75874786778,8067.862247014892,6915.310497441336,3457.655248720668,8067.862247014892,4610.206998294224,8067.862247014892,3457.655248720668,6915.310497441336,4610.206998294224,3457.655248720668,6915.310497441336,4610.206998294224,6915.310497441336,6915.310497441336,6915.310497441336,10372.965746162005,6915.310497441336,11525.51749573556,8067.862247014892,11525.51749573556,4610.206998294224,8067.862247014892,0.0,2305.103499147112,4610.206998294224,4610.206998294224,8067.862247014892,6915.310497441336,8067.862247014892,5762.75874786778,11525.51749573556,13830.620994882673,13830.620994882673,14983.172744456228,10372.965746162005,12678.069245309116,9220.413996588448,3457.655248720668,11525.51749573556,12678.069245309116,13830.620994882673,18440.827993176896,33424.00073763313,13830.620994882673,12678.069245309116,13830.620994882673,17288.27624360334,14983.172744456228,10372.965746162005,6915.310497441336,6915.310497441336,3457.655248720668,3457.655248720668,8067.862247014892,12678.069245309116,11525.51749573556,11525.51749573556,11525.51749573556,6915.310497441336,8067.862247014892,5762.75874786778,3457.655248720668,1152.551749573556,1152.551749573556,3457.655248720668,0.0,2305.103499147112,3457.655248720668,0.0,2305.103499147112,2305.103499147112,1152.551749573556,3457.655248720668,1152.551749573556,4610.206998294224,4610.206998294224,5762.75874786778,3457.655248720668,9220.413996588448,5762.75874786778,9220.413996588448,9220.413996588448,2305.103499147112,5762.75874786778,4610.206998294224,3457.655248720668,1152.551749573556,1152.551749573556,3457.655248720668,2305.103499147112,2305.103499147112,0.0,1152.551749573556,0.0,1152.551749573556,1152.551749573556,1152.551749573556,1152.551749573556,0.0,0.0,1152.551749573556,0.0,0.0,1152.551749573556,1152.551749573556,1152.551749573556,1152.551749573556,0.0,0.0,3457.655248720668,1152.551749573556,2305.103499147112,0.0,3457.655248720668,5762.75874786778,4610.206998294224,2305.103499147112,5762.75874786778,9220.413996588448,8067.862247014892,8067.862247014892,4610.206998294224,13830.620994882673,6915.310497441336,13830.620994882673,5762.75874786778,4610.206998294224,2305.103499147112,9220.413996588448,4610.206998294224,11525.51749573556,11525.51749573556,9220.413996588448,8067.862247014892,8067.862247014892,8067.862247014892,13830.620994882673,6915.310497441336,9220.413996588448,10372.965746162005,2305.103499147112,6915.310497441336,3457.655248720668,6915.310497441336,6915.310497441336,9220.413996588448,6915.310497441336,9220.413996588448,6915.310497441336,8067.862247014892,3457.655248720668,5762.75874786778,8067.862247014892,5762.75874786778,5762.75874786778,3457.655248720668,3457.655248720668,8067.862247014892,10372.965746162005,6915.310497441336,5762.75874786778,2305.103499147112,9220.413996588448,5762.75874786778,11525.51749573556,11525.51749573556,11525.51749573556,2305.103499147112,8067.862247014892,6915.310497441336,6915.310497441336,5762.75874786778,,,,,,,,,,,,,,,,,,,,,,,,,,,,,,,,,,,,,
,,,,,,,,,,,,,,,,,,,,,,,,,,,,,,6915.310497441336,4610.206998294224,5762.75874786778,5762.75874786778,9220.413996588448,4610.206998294224,6915.310497441336,4610.206998294224,1152.551749573556,8067.862247014892,9220.413996588448,4610.206998294224,8067.862247014892,6915.310497441336,13830.620994882673,6915.310497441336,3457.655248720668,6915.310497441336,9220.413996588448,6915.310497441336,6915.310497441336,4610.206998294224,8067.862247014892,6915.310497441336,3457.655248720668,6915.310497441336,6915.310497441336,5762.75874786778,8067.862247014892,9220.413996588448,8067.862247014892,6915.310497441336,4610.206998294224,3457.655248720668,11525.51749573556,8067.862247014892,8067.862247014892,6915.310497441336,6915.310497441336,1152.551749573556,2305.103499147112,5762.75874786778,5762.75874786778,10372.965746162005,10372.965746162005,12678.069245309116,14983.172744456228,18440.827993176896,13830.620994882673,16135.724494029784,5762.75874786778,10372.965746162005,8067.862247014892,8067.862247014892,14983.172744456228,8067.862247014892,11525.51749573556,11525.51749573556,9220.413996588448,14983.172744456228,14983.172744456228,6915.310497441336,14983.172744456228,8067.862247014892,13830.620994882673,6915.310497441336,13830.620994882673,8067.862247014892,6915.310497441336,3457.655248720668,1152.551749573556,5762.75874786778,4610.206998294224,5762.75874786778,8067.862247014892,5762.75874786778,4610.206998294224,2305.103499147112,1152.551749573556,3457.655248720668,1152.551749573556,5762.75874786778,4610.206998294224,2305.103499147112,3457.655248720668,3457.655248720668,2305.103499147112,1152.551749573556,2305.103499147112,1152.551749573556,3457.655248720668,1152.551749573556,6915.310497441336,2305.103499147112,5762.75874786778,8067.862247014892,4610.206998294224,3457.655248720668,6915.310497441336,9220.413996588448,0.0,0.0,2305.103499147112,1152.551749573556,1152.551749573556,1152.551749573556,0.0,2305.103499147112,2305.103499147112,4610.206998294224,1152.551749573556,0.0,0.0,1152.551749573556,2305.103499147112,1152.551749573556,0.0,1152.551749573556,2305.103499147112,0.0,0.0,1152.551749573556,0.0,2305.103499147112,1152.551749573556,2305.103499147112,4610.206998294224,0.0,2305.103499147112,3457.655248720668,3457.655248720668,1152.551749573556,1152.551749573556,8067.862247014892,3457.655248720668,9220.413996588448,10372.965746162005,9220.413996588448,11525.51749573556,6915.310497441336,11525.51749573556,3457.655248720668,9220.413996588448,6915.310497441336,10372.965746162005,9220.413996588448,2305.103499147112,12678.069245309116,9220.413996588448,6915.310497441336,4610.206998294224,8067.862247014892,6915.310497441336,12678.069245309116,6915.310497441336,9220.413996588448,13830.620994882673,10372.965746162005,3457.655248720668,10372.965746162005,5762.75874786778,12678.069245309116,10372.965746162005,9220.413996588448,8067.862247014892,11525.51749573556,4610.206998294224,8067.862247014892,12678.069245309116,9220.413996588448,9220.413996588448,11525.51749573556,9220.413996588448,4610.206998294224,5762.75874786778,2305.103499147112,6915.310497441336,10372.965746162005,9220.413996588448,11525.51749573556,6915.310497441336,10372.965746162005,9220.413996588448,3457.655248720668,4610.206998294224,8067.862247014892,4610.206998294224,8067.862247014892,6915.310497441336,,,,,,,,,,,,,,,,,,,,,,,,,,,,,,,,,,,,,
,,,,,,,,,,,,,,,,,,,,,,,,,,,,,,5762.75874786778,10372.965746162005,1152.551749573556,4610.206998294224,3457.655248720668,3457.655248720668,5762.75874786778,8067.862247014892,9220.413996588448,11525.51749573556,9220.413996588448,11525.51749573556,8067.862247014892,6915.310497441336,5762.75874786778,2305.103499147112,10372.965746162005,6915.310497441336,6915.310497441336,4610.206998294224,4610.206998294224,6915.310497441336,6915.310497441336,5762.75874786778,6915.310497441336,5762.75874786778,6915.310497441336,6915.310497441336,9220.413996588448,1152.551749573556,5762.75874786778,6915.310497441336,9220.413996588448,6915.310497441336,8067.862247014892,5762.75874786778,8067.862247014892,8067.862247014892,3457.655248720668,8067.862247014892,10372.965746162005,11525.51749573556,4610.206998294224,5762.75874786778,8067.862247014892,11525.51749573556,13830.620994882673,11525.51749573556,17288.27624360334,5762.75874786778,9220.413996588448,8067.862247014892,8067.862247014892,6915.310497441336,13830.620994882673,10372.965746162005,9220.413996588448,4610.206998294224,9220.413996588448,8067.862247014892,8067.862247014892,10372.965746162005,9220.413996588448,6915.310497441336,12678.069245309116,3457.655248720668,4610.206998294224,9220.413996588448,4610.206998294224,4610.206998294224,3457.655248720668,4610.206998294224,6915.310497441336,5762.75874786778,4610.206998294224,5762.75874786778,8067.862247014892,2305.103499147112,2305.103499147112,1152.551749573556,1152.551749573556,5762.75874786778,2305.103499147112,0.0,1152.551749573556,8067.862247014892,3457.655248720668,3457.655248720668,2305.103499147112,0.0,1152.551749573556,1152.551749573556,2305.103499147112,2305.103499147112,4610.206998294224,4610.206998294224,2305.103499147112,2305.103499147112,0.0,3457.655248720668,1152.551749573556,2305.103499147112,1152.551749573556,2305.103499147112,0.0,3457.655248720668,2305.103499147112,3457.655248720668,1152.551749573556,1152.551749573556,1152.551749573556,3457.655248720668,0.0,1152.551749573556,0.0,0.0,0.0,3457.655248720668,1152.551749573556,0.0,2305.103499147112,2305.103499147112,0.0,2305.103499147112,0.0,0.0,1152.551749573556,2305.103499147112,1152.551749573556,4610.206998294224,3457.655248720668,6915.310497441336,1152.551749573556,10372.965746162005,9220.413996588448,5762.75874786778,8067.862247014892,10372.965746162005,14983.172744456228,6915.310497441336,6915.310497441336,6915.310497441336,4610.206998294224,5762.75874786778,10372.965746162005,8067.862247014892,4610.206998294224,11525.51749573556,5762.75874786778,9220.413996588448,10372.965746162005,3457.655248720668,4610.206998294224,4610.206998294224,4610.206998294224,4610.206998294224,4610.206998294224,16135.724494029784,4610.206998294224,4610.206998294224,2305.103499147112,11525.51749573556,8067.862247014892,5762.75874786778,1152.551749573556,4610.206998294224,6915.310497441336,5762.75874786778,11525.51749573556,11525.51749573556,9220.413996588448,10372.965746162005,5762.75874786778,5762.75874786778,3457.655248720668,9220.413996588448,5762.75874786778,3457.655248720668,9220.413996588448,10372.965746162005,6915.310497441336,5762.75874786778,12678.069245309116,4610.206998294224,11525.51749573556,3457.655248720668,11525.51749573556,4610.206998294224,5762.75874786778,,,,,,,,,,,,,,,,,,,,,,,,,,,,,,,,,,,,,
,,,,,,,,,,,,,,,,,,,,,,,,,,,,,4610.206998294224,5762.75874786778,4610.206998294224,9220.413996588448,3457.655248720668,5762.75874786778,6915.310497441336,6915.310497441336,10372.965746162005,5762.75874786778,9220.413996588448,11525.51749573556,10372.965746162005,4610.206998294224,6915.310497441336,8067.862247014892,10372.965746162005,8067.862247014892,11525.51749573556,2305.103499147112,4610.206998294224,8067.862247014892,6915.310497441336,4610.206998294224,8067.862247014892,2305.103499147112,9220.413996588448,9220.413996588448,6915.310497441336,6915.310497441336,9220.413996588448,8067.862247014892,3457.655248720668,2305.103499147112,4610.206998294224,2305.103499147112,10372.965746162005,8067.862247014892,5762.75874786778,6915.310497441336,6915.310497441336,4610.206998294224,9220.413996588448,4610.206998294224,4610.206998294224,13830.620994882673,14983.172744456228,18440.827993176896,9220.413996588448,8067.862247014892,9220.413996588448,10372.965746162005,6915.310497441336,10372.965746162005,9220.413996588448,4610.206998294224,8067.862247014892,4610.206998294224,9220.413996588448,10372.965746162005,13830.620994882673,3457.655248720668,6915.310497441336,4610.206998294224,5762.75874786778,4610.206998294224,5762.75874786778,5762.75874786778,11525.51749573556,11525.51749573556,5762.75874786778,8067.862247014892,5762.75874786778,2305.103499147112,5762.75874786778,2305.103499147112,8067.862247014892,2305.103499147112,1152.551749573556,3457.655248720668,1152.551749573556,6915.310497441336,2305.103499147112,2305.103499147112,0.0,0.0,4610.206998294224,1152.551749573556,3457.655248720668,3457.655248720668,0.0,0.0,1152.551749573556,1152.551749573556,1152.551749573556,2305.103499147112,1152.551749573556,0.0,1152.551749573556,4610.206998294224,0.0,4610.206998294224,2305.103499147112,0.0,1152.551749573556,2305.103499147112,0.0,3457.655248720668,1152.551749573556,2305.103499147112,0.0,0.0,0.0,0.0,1152.551749573556,2305.103499147112,1152.551749573556,3457.655248720668,0.0,1152.551749573556,1152.551749573556,0.0,0.0,0.0,0.0,1152.551749573556,0.0,0.0,2305.103499147112,0.0,3457.655248720668,2305.103499147112,1152.551749573556,9220.413996588448,4610.206998294224,5762.75874786778,6915.310497441336,5762.75874786778,9220.413996588448,9220.413996588448,13830.620994882673,12678.069245309116,6915.310497441336,5762.75874786778,8067.862247014892,13830.620994882673,5762.75874786778,3457.655248720668,9220.413996588448,6915.310497441336,5762.75874786778,11525.51749573556,10372.965746162005,5762.75874786778,10372.965746162005,13830.620994882673,5762.75874786778,8067.862247014892,6915.310497441336,9220.413996588448,8067.862247014892,3457.655248720668,5762.75874786778,2305.103499147112,5762.75874786778,8067.862247014892,4610.206998294224,6915.310497441336,4610.206998294224,5762.75874786778,10372.965746162005,9220.413996588448,5762.75874786778,8067.862247014892,8067.862247014892,8067.862247014892,6915.310497441336,5762.75874786778,10372.965746162005,3457.655248720668,3457.655248720668,5762.75874786778,3457.655248720668,6915.310497441336,11525.51749573556,6915.310497441336,3457.655248720668,9220.413996588448,8067.862247014892,2305.103499147112,9220.413996588448,,,,,,,,,,,,,,,,,,,,,,,,,,,,,,,,,,,,
,,,,,,,,,,,,,,,,,,,,,,,,,,,,4610.206998294224,5762.75874786778,3457.655248720668,3457.655248720668,8067.862247014892,10372.965746162005,10372.965746162005,2305.103499147112,9220.413996588448,9220.413996588448,2305.103499147112,11525.51749573556,5762.75874786778,11525.51749573556,11525.51749573556,1152.551749573556,5762.75874786778,14983.172744456228,13830.620994882673,3457.655248720668,4610.206998294224,8067.862247014892,6915.310497441336,3457.655248720668,1152.551749573556,9220.413996588448,12678.069245309116,6915.310497441336,8067.862247014892,3457.655248720668,6915.310497441336,8067.862247014892,8067.862247014892,9220.413996588448,5762.75874786778,4610.206998294224,5762.75874786778,4610.206998294224,5762.75874786778,6915.310497441336,8067.862247014892,8067.862247014892,4610.206998294224,6915.310497441336,8067.862247014892,6915.310497441336,13830.620994882673,11525.51749573556,11525.51749573556,9220.413996588448,12678.069245309116,9220.413996588448,4610.206998294224,13830.620994882673,3457.655248720668,11525.51749573556,4610.206998294224,5762.75874786778,9220.413996588448,12678.069245309116,12678.069245309116,9220.413996588448,8067.862247014892,2305.103499147112,3457.655248720668,3457.655248720668,1152.551749573556,5762.75874786778,6915.310497441336,9220.413996588448,10372.965746162005,4610.206998294224,5762.75874786778,0.0,1152.551749573556,3457.655248720668,2305.103499147112,4610.206998294224,0.0,2305.103499147112,2305.103499147112,1152.551749573556,1152.551749573556,5762.75874786778,0.0,3457.655248720668,4610.206998294224,3457.655248720668,1152.551749573556,1152.551749573556,1152.551749573556,0.0,2305.103499147112,0.0,2305.103499147112,0.0,2305.103499147112,1152.551749573556,2305.103499147112,1152.551749573556,2305.103499147112,3457.655248720668,8067.862247014892,4610.206998294224,2305.103499147112,2305.103499147112,1152.551749573556,0.0,2305.103499147112,1152.551749573556,0.0,2305.103499147112,1152.551749573556,6915.310497441336,0.0,1152.551749573556,3457.655248720668,1152.551749573556,0.0,1152.551749573556,2305.103499147112,0.0,2305.103499147112,1152.551749573556,1152.551749573556,3457.655248720668,1152.551749573556,0.0,2305.103499147112,2305.103499147112,2305.103499147112,0.0,5762.75874786778,4610.206998294224,9220.413996588448,4610.206998294224,9220.413996588448,2305.103499147112,10372.965746162005,9220.413996588448,13830.620994882673,11525.51749573556,6915.310497441336,9220.413996588448,6915.310497441336,3457.655248720668,8067.862247014892,4610.206998294224,5762.75874786778,6915.310497441336,3457.655248720668,9220.413996588448,9220.413996588448,2305.103499147112,9220.413996588448,8067.862247014892,2305.103499147112,8067.862247014892,5762.75874786778,16135.724494029784,5762.75874786778,3457.655248720668,5762.75874786778,9220.413996588448,6915.310497441336,8067.862247014892,2305.103499147112,8067.862247014892,5762.75874786778,12678.069245309116,9220.413996588448,4610.206998294224,4610.206998294224,6915.310497441336,3457.655248720668,4610.206998294224,3457.655248720668,4610.206998294224,4610.206998294224,8067.862247014892,2305.103499147112,13830.620994882673,10372.965746162005,4610.206998294224,3457.655248720668,5762.75874786778,8067.862247014892,11525.51749573556,6915.310497441336,3457.655248720668,11525.51749573556,3457.655248720668,8067.862247014892,,,,,,,,,,,,,,,,,,,,,,,,,,,,,,,,,,,
,,,,,,,,,,,,,,,,,,,,,,,,,,,5762.75874786778,6915.310497441336,9220.413996588448,9220.413996588448,5762.75874786778,4610.206998294224,6915.310497441336,5762.75874786778,8067.862247014892,2305.103499147112,9220.413996588448,4610.206998294224,8067.862247014892,10372.965746162005,8067.862247014892,1152.551749573556,6915.310497441336,6915.310497441336,10372.965746162005,9220.413996588448,11525.51749573556,11525.51749573556,8067.862247014892,5762.75874786778,8067.862247014892,10372.965746162005,1152.551749573556,6915.310497441336,4610.206998294224,8067.862247014892,3457.655248720668,11525.51749573556,4610.206998294224,6915.310497441336,10372.965746162005,3457.655248720668,5762.75874786778,4610.206998294224,3457.655248720668,1152.551749573556,8067.862247014892,8067.862247014892,12678.069245309116,4610.206998294224,8067.862247014892,4610.206998294224,10372.965746162005,3457.655248720668,11525.51749573556,10372.965746162005,4610.206998294224,12678.069245309116,11525.51749573556,11525.51749573556,12678.069245309116,17288.27624360334,16135.724494029784,16135.724494029784,8067.862247014892,6915.310497441336,5762.75874786778,10372.965746162005,14983.172744456228,12678.069245309116,11525.51749573556,5762.75874786778,3457.655248720668,4610.206998294224,6915.310497441336,9220.413996588448,8067.862247014892,10372.965746162005,6915.310497441336,5762.75874786778,3457.655248720668,1152.551749573556,2305.103499147112,2305.103499147112,1152.551749573556,1152.551749573556,2305.103499147112,3457.655248720668,1152.551749573556,0.0,1152.551749573556,2305.103499147112,3457.655248720668,2305.103499147112,1152.551749573556,2305.103499147112,2305.103499147112,1152.551749573556,2305.103499147112,1152.551749573556,1152.551749573556,3457.655248720668,1152.551749573556,1152.551749573556,2305.103499147112,0.0,4610.206998294224,4610.206998294224,5762.75874786778,5762.75874786778,4610.206998294224,3457.655248720668,1152.551749573556,1152.551749573556,1152.551749573556,3457.655248720668,2305.103499147112,2305.103499147112,0.0,1152.551749573556,0.0,0.0,0.0,0.0,1152.551749573556,3457.655248720668,0.0,1152.551749573556,0.0,0.0,1152.551749573556,2305.103499147112,2305.103499147112,0.0,0.0,1152.551749573556,0.0,2305.103499147112,1152.551749573556,4610.206998294224,5762.75874786778,5762.75874786778,6915.310497441336,4610.206998294224,4610.206998294224,3457.655248720668,12678.069245309116,9220.413996588448,12678.069245309116,4610.206998294224,6915.310497441336,13830.620994882673,5762.75874786778,9220.413996588448,9220.413996588448,1152.551749573556,4610.206998294224,9220.413996588448,1152.551749573556,2305.103499147112,10372.965746162005,1152.551749573556,5762.75874786778,2305.103499147112,10372.965746162005,9220.413996588448,3457.655248720668,4610.206998294224,3457.655248720668,8067.862247014892,12678.069245309116,6915.310497441336,8067.862247014892,9220.413996588448,10372.965746162005,9220.413996588448,6915.310497441336,10372.965746162005,4610.206998294224,4610.206998294224,12678.069245309116,9220.413996588448,5762.75874786778,6915.310497441336,3457.655248720668,6915.310497441336,8067.862247014892,10372.965746162005,9220.413996588448,9220.413996588448,6915.310497441336,6915.310497441336,8067.862247014892,10372.965746162005,3457.655248720668,10372.965746162005,1152.551749573556,2305.103499147112,10372.965746162005,6915.310497441336,,,,,,,,,,,,,,,,,,,,,,,,,,,,,,,,,,,
,,,,,,,,,,,,,,,,,,,,,,,,,,,2305.103499147112,9220.413996588448,6915.310497441336,6915.310497441336,6915.310497441336,6915.310497441336,6915.310497441336,3457.655248720668,8067.862247014892,9220.413996588448,5762.75874786778,8067.862247014892,5762.75874786778,10372.965746162005,8067.862247014892,5762.75874786778,6915.310497441336,5762.75874786778,9220.413996588448,6915.310497441336,8067.862247014892,5762.75874786778,8067.862247014892,5762.75874786778,3457.655248720668,8067.862247014892,10372.965746162005,9220.413996588448,9220.413996588448,6915.310497441336,12678.069245309116,3457.655248720668,6915.310497441336,10372.965746162005,5762.75874786778,2305.103499147112,4610.206998294224,1152.551749573556,6915.310497441336,4610.206998294224,4610.206998294224,5762.75874786778,4610.206998294224,4610.206998294224,11525.51749573556,11525.51749573556,11525.51749573556,8067.862247014892,11525.51749573556,4610.206998294224,12678.069245309116,6915.310497441336,10372.965746162005,18440.827993176896,10372.965746162005,13830.620994882673,10372.965746162005,17288.27624360334,9220.413996588448,4610.206998294224,8067.862247014892,9220.413996588448,8067.862247014892,9220.413996588448,9220.413996588448,1152.551749573556,11525.51749573556,1152.551749573556,11525.51749573556,24203.586741044677,12678.069245309116,8067.862247014892,5762.75874786778,4610.206998294224,3457.655248720668,3457.655248720668,0.0,0.0,5762.75874786778,1152.551749573556,0.0,1152.551749573556,1152.551749573556,0.0,3457.655248720668,1152.551749573556,1152.551749573556,2305.103499147112,0.0,0.0,0.0,2305.103499147112,3457.655248720668,2305.103499147112,3457.655248720668,2305.103499147112,2305.103499147112,0.0,2305.103499147112,3457.655248720668,1152.551749573556,3457.655248720668,2305.103499147112,9220.413996588448,5762.75874786778,4610.206998294224,1152.551749573556,5762.75874786778,1152.551749573556,2305.103499147112,3457.655248720668,1152.551749573556,3457.655248720668,0.0,0.0,2305.103499147112,0.0,0.0,1152.551749573556,5762.75874786778,0.0,1152.551749573556,2305.103499147112,0.0,0.0,1152.551749573556,1152.551749573556,0.0,0.0,0.0,0.0,0.0,2305.103499147112,5762.75874786778,3457.655248720668,2305.103499147112,9220.413996588448,5762.75874786778,8067.862247014892,5762.75874786778,9220.413996588448,5762.75874786778,6915.310497441336,11525.51749573556,8067.862247014892,5762.75874786778,8067.862247014892,6915.310497441336,8067.862247014892,4610.206998294224,1152.551749573556,3457.655248720668,8067.862247014892,8067.862247014892,12678.069245309116,5762.75874786778,4610.206998294224,5762.75874786778,4610.206998294224,10372.965746162005,10372.965746162005,11525.51749573556,6915.310497441336,5762.75874786778,10372.965746162005,11525.51749573556,3457.655248720668,4610.206998294224,12678.069245309116,8067.862247014892,4610.206998294224,12678.069245309116,10372.965746162005,5762.75874786778,6915.310497441336,10372.965746162005,5762.75874786778,6915.310497441336,5762.75874786778,13830.620994882673,8067.862247014892,12678.069245309116,8067.862247014892,6915.310497441336,10372.965746162005,9220.413996588448,9220.413996588448,6915.310497441336,6915.310497441336,4610.206998294224,5762.75874786778,10372.965746162005,4610.206998294224,,,,,,,,,,,,,,,,,,,,,,,,,,,,,,,,,,,,
,,,,,,,,,,,,,,,,,,,,,,,,,,,,9220.413996588448,5762.75874786778,3457.655248720668,6915.310497441336,4610.206998294224,1152.551749573556,2305.103499147112,10372.965746162005,4610.206998294224,11525.51749573556,5762.75874786778,4610.206998294224,8067.862247014892,9220.413996588448,6915.310497441336,4610.206998294224,4610.206998294224,10372.965746162005,6915.310497441336,4610.206998294224,4610.206998294224,2305.103499147112,6915.310497441336,8067.862247014892,10372.965746162005,11525.51749573556,11525.51749573556,6915.310497441336,4610.206998294224,9220.413996588448,10372.965746162005,8067.862247014892,8067.862247014892,5762.75874786778,9220.413996588448,8067.862247014892,9220.413996588448,4610.206998294224,8067.862247014892,1152.551749573556,10372.965746162005,13830.620994882673,11525.51749573556,14983.172744456228,12678.069245309116,10372.965746162005,5762.75874786778,13830.620994882673,11525.51749573556,11525.51749573556,11525.51749573556,13830.620994882673,12678.069245309116,12678.069245309116,16135.724494029784,5762.75874786778,9220.413996588448,13830.620994882673,9220.413996588448,6915.310497441336,3457.655248720668,5762.75874786778,6915.310497441336,6915.310497441336,8067.862247014892,16135.724494029784,19593.37974275045,31118.89723848601,14983.172744456228,13830.620994882673,2305.103499147112,6915.310497441336,17288.27624360334,4610.206998294224,1152.551749573556,2305.103499147112,1152.551749573556,2305.103499147112,0.0,3457.655248720668,0.0,1152.551749573556,2305.103499147112,0.0,3457.655248720668,1152.551749573556,1152.551749573556,2305.103499147112,5762.75874786778,5762.75874786778,4610.206998294224,1152.551749573556,4610.206998294224,1152.551749573556,1152.551749573556,1152.551749573556,1152.551749573556,2305.103499147112,3457.655248720668,1152.551749573556,1152.551749573556,4610.206998294224,2305.103499147112,12678.069245309116,13830.620994882673,3457.655248720668,2305.103499147112,5762.75874786778,4610.206998294224,0.0,2305.103499147112,0.0,2305.103499147112,0.0,1152.551749573556,1152.551749573556,1152.551749573556,4610.206998294224,1152.551749573556,1152.551749573556,3457.655248720668,1152.551749573556,2305.103499147112,1152.551749573556,1152.551749573556,1152.551749573556,1152.551749573556,1152.551749573556,1152.551749573556,2305.103499147112,1152.551749573556,1152.551749573556,3457.655248720668,2305.103499147112,8067.862247014892,6915.310497441336,6915.310497441336,4610.206998294224,9220.413996588448,6915.310497441336,8067.862247014892,6915.310497441336,8067.862247014892,6915.310497441336,8067.862247014892,4610.206998294224,3457.655248720668,8067.862247014892,2305.103499147112,2305.103499147112,2305.103499147112,6915.310497441336,3457.655248720668,9220.413996588448,13830.620994882673,10372.965746162005,5762.75874786778,6915.310497441336,10372.965746162005,13830.620994882673,9220.413996588448,4610.206998294224,12678.069245309116,4610.206998294224,4610.206998294224,9220.413996588448,3457.655248720668,6915.310497441336,4610.206998294224,4610.206998294224,6915.310497441336,8067.862247014892,4610.206998294224,9220.413996588448,3457.655248720668,5762.75874786778,2305.103499147112,14983.172744456228,10372.965746162005,10372.965746162005,11525.51749573556,6915.310497441336,5762.75874786778,16135.724494029784,6915.310497441336,3457.655248720668,0.0,2305.103499147112,10372.965746162005,5762.75874786778,5762.75874786778,,,,,,,,,,,,,,,,,,,,,,,,,,,,,,,,,,,,,
,,,,,,,,,,,,,,,,,,,,,,,,,,,,3457.655248720668,3457.655248720668,6915.310497441336,4610.206998294224,4610.206998294224,3457.655248720668,8067.862247014892,8067.862247014892,5762.75874786778,4610.206998294224,8067.862247014892,3457.655248720668,10372.965746162005,4610.206998294224,3457.655248720668,10372.965746162005,5762.75874786778,6915.310497441336,4610.206998294224,10372.965746162005,3457.655248720668,12678.069245309116,5762.75874786778,10372.965746162005,10372.965746162005,6915.310497441336,5762.75874786778,10372.965746162005,5762.75874786778,12678.069245309116,11525.51749573556,5762.75874786778,4610.206998294224,3457.655248720668,2305.103499147112,10372.965746162005,9220.413996588448,4610.206998294224,10372.965746162005,10372.965746162005,6915.310497441336,9220.413996588448,16135.724494029784,16135.724494029784,16135.724494029784,4610.206998294224,10372.965746162005,8067.862247014892,5762.75874786778,11525.51749573556,10372.965746162005,12678.069245309116,9220.413996588448,10372.965746162005,9220.413996588448,13830.620994882673,5762.75874786778,6915.310497441336,8067.862247014892,4610.206998294224,4610.206998294224,3457.655248720668,5762.75874786778,4610.206998294224,5762.75874786778,13830.620994882673,23051.03499147112,36881.65598635379,20745.93149232401,13830.620994882673,10372.965746162005,4610.206998294224,5762.75874786778,1152.551749573556,3457.655248720668,0.0,0.0,1152.551749573556,0.0,1152.551749573556,1152.551749573556,1152.551749573556,1152.551749573556,1152.551749573556,3457.655248720668,2305.103499147112,1152.551749573556,3457.655248720668,17288.27624360334,9220.413996588448,5762.75874786778,4610.206998294224,0.0,0.0,0.0,1152.551749573556,3457.655248720668,1152.551749573556,1152.551749573556,1152.551749573556,3457.655248720668,2305.103499147112,1152.551749573556,5762.75874786778,3457.655248720668,2305.103499147112,2305.103499147112,1152.551749573556,3457.655248720668,0.0,1152.551749573556,1152.551749573556,0.0,2305.103499147112,1152.551749573556,1152.551749573556,2305.103499147112,2305.103499147112,1152.551749573556,1152.551749573556,0.0,2305.103499147112,1152.551749573556,0.0,1152.551749573556,2305.103499147112,2305.103499147112,2305.103499147112,2305.103499147112,1152.551749573556,2305.103499147112,0.0,2305.103499147112,4610.206998294224,5762.75874786778,9220.413996588448,0.0,10372.965746162005,11525.51749573556,5762.75874786778,5762.75874786778,5762.75874786778,4610.206998294224,8067.862247014892,1152.551749573556,4610.206998294224,2305.103499147112,2305.103499147112,9220.413996588448,3457.655248720668,9220.413996588448,16135.724494029784,4610.206998294224,12678.069245309116,21898.483241897564,10372.965746162005,5762.75874786778,8067.862247014892,8067.862247014892,8067.862247014892,8067.862247014892,12678.069245309116,6915.310497441336,5762.75874786778,5762.75874786778,12678.069245309116,6915.310497441336,5762.75874786778,6915.310497441336,6915.310497441336,6915.310497441336,4610.206998294224,3457.655248720668,2305.103499147112,10372.965746162005,9220.413996588448,5762.75874786778,14983.172744456228,4610.206998294224,8067.862247014892,6915.310497441336,8067.862247014892,8067.862247014892,6915.310497441336,5762.75874786778,9220.413996588448,6915.310497441336,4610.206998294224,5762.75874786778,11525.51749573556,3457.655248720668,,,,,,,,,,,,,,,,,,,,,,,,,,,,,,,,,,,,,
,,,,,,,,,,,,,,,,,,,,,,,,,,,,,10372.965746162005,8067.862247014892,13830.620994882673,3457.655248720668,8067.862247014892,8067.862247014892,6915.310497441336,5762.75874786778,4610.206998294224,11525.51749573556,13830.620994882673,4610.206998294224,9220.413996588448,10372.965746162005,4610.206998294224,10372.965746162005,9220.413996588448,11525.51749573556,4610.206998294224,12678.069245309116,12678.069245309116,4610.206998294224,10372.965746162005,6915.310497441336,4610.206998294224,4610.206998294224,4610.206998294224,3457.655248720668,4610.206998294224,5762.75874786778,9220.413996588448,10372.965746162005,3457.655248720668,4610.206998294224,12678.069245309116,9220.413996588448,11525.51749573556,5762.75874786778,8067.862247014892,6915.310497441336,11525.51749573556,12678.069245309116,12678.069245309116,13830.620994882673,9220.413996588448,12678.069245309116,10372.965746162005,9220.413996588448,20745.93149232401,9220.413996588448,9220.413996588448,6915.310497441336,13830.620994882673,12678.069245309116,5762.75874786778,13830.620994882673,9220.413996588448,11525.51749573556,14983.172744456228,9220.413996588448,9220.413996588448,6915.310497441336,2305.103499147112,8067.862247014892,14983.172744456228,25356.138490618232,28813.7937393389,16135.724494029784,23051.03499147112,5762.75874786778,4610.206998294224,3457.655248720668,0.0,2305.103499147112,1152.551749573556,1152.551749573556,3457.655248720668,1152.551749573556,1152.551749573556,0.0,0.0,0.0,1152.551749573556,1152.551749573556,5762.75874786778,0.0,6915.310497441336,9220.413996588448,11525.51749573556,12678.069245309116,3457.655248720668,0.0,3457.655248720668,2305.103499147112,4610.206998294224,3457.655248720668,0.0,1152.551749573556,0.0,2305.103499147112,3457.655248720668,2305.103499147112,2305.103499147112,0.0,4610.206998294224,0.0,4610.206998294224,1152.551749573556,0.0,0.0,1152.551749573556,1152.551749573556,0.0,2305.103499147112,1152.551749573556,2305.103499147112,0.0,2305.103499147112,1152.551749573556,1152.551749573556,0.0,2305.103499147112,2305.103499147112,0.0,1152.551749573556,2305.103499147112,1152.551749573556,2305.103499147112,3457.655248720668,2305.103499147112,4610.206998294224,3457.655248720668,3457.655248720668,5762.75874786778,8067.862247014892,0.0,2305.103499147112,4610.206998294224,5762.75874786778,6915.310497441336,3457.655248720668,9220.413996588448,9220.413996588448,6915.310497441336,6915.310497441336,6915.310497441336,11525.51749573556,10372.965746162005,4610.206998294224,5762.75874786778,3457.655248720668,8067.862247014892,9220.413996588448,6915.310497441336,4610.206998294224,3457.655248720668,3457.655248720668,8067.862247014892,9220.413996588448,5762.75874786778,11525.51749573556,8067.862247014892,12678.069245309116,8067.862247014892,8067.862247014892,8067.862247014892,17288.27624360334,8067.862247014892,5762.75874786778,0.0,14983.172744456228,6915.310497441336,6915.310497441336,4610.206998294224,11525.51749573556,11525.51749573556,11525.51749573556,10372.965746162005,9220.413996588448,10372.965746162005,10372.965746162005,11525.51749573556,4610.206998294224,10372.965746162005,14983.172744456228,12678.069245309116,9220.413996588448,10372.965746162005,6915.310497441336,3457.655248720668,6915.310497441336,5762.75874786778,6915.310497441336,,,,,,,,,,,,,,,,,,,,,,,,,,,,,,,,,,
,,,,,,,,,,,,,,,,,,,,,,,,,,,,,4610.206998294224,5762.75874786778,9220.413996588448,4610.206998294224,5762.75874786778,5762.75874786778,4610.206998294224,6915.310497441336,8067.862247014892,6915.310497441336,10372.965746162005,3457.655248720668,5762.75874786778,12678.069245309116,10372.965746162005,4610.206998294224,12678.069245309116,12678.069245309116,8067.862247014892,2305.103499147112,5762.75874786778,4610.206998294224,4610.206998294224,9220.413996588448,3457.655248720668,8067.862247014892,8067.862247014892,8067.862247014892,10372.965746162005,5762.75874786778,4610.206998294224,12678.069245309116,16135.724494029784,8067.862247014892,2305.103499147112,4610.206998294224,5762.75874786778,8067.862247014892,2305.103499147112,8067.862247014892,5762.75874786778,6915.310497441336,13830.620994882673,18440.827993176896,8067.862247014892,20745.93149232401,9220.413996588448,13830.620994882673,12678.069245309116,12678.069245309116,6915.310497441336,11525.51749573556,8067.862247014892,4610.206998294224,16135.724494029784,11525.51749573556,20745.93149232401,20745.93149232401,17288.27624360334,8067.862247014892,4610.206998294224,4610.206998294224,1152.551749573556,4610.206998294224,8067.862247014892,12678.069245309116,13830.620994882673,21898.483241897564,20745.93149232401,8067.862247014892,2305.103499147112,3457.655248720668,2305.103499147112,1152.551749573556,1152.551749573556,4610.206998294224,0.0,3457.655248720668,2305.103499147112,1152.551749573556,0.0,0.0,0.0,1152.551749573556,1152.551749573556,3457.655248720668,12678.069245309116,10372.965746162005,9220.413996588448,5762.75874786778,3457.655248720668,0.0,1152.551749573556,1152.551749573556,3457.655248720668,3457.655248720668,5762.75874786778,2305.103499147112,2305.103499147112,1152.551749573556,1152.551749573556,1152.551749573556,2305.103499147112,0.0,1152.551749573556,2305.103499147112,0.0,2305.103499147112,2305.103499147112,2305.103499147112,1152.551749573556,1152.551749573556,3457.655248720668,0.0,1152.551749573556,1152.551749573556,1152.551749573556,0.0,2305.103499147112,2305.103499147112,0.0,1152.551749573556,2305.103499147112,1152.551749573556,1152.551749573556,0.0,2305.103499147112,1152.551749573556,0.0,3457.655248720668,4610.206998294224,3457.655248720668,2305.103499147112,4610.206998294224,8067.862247014892,10372.965746162005,4610.206998294224,12678.069245309116,9220.413996588448,4610.206998294224,2305.103499147112,5762.75874786778,8067.862247014892,12678.069245309116,10372.965746162005,4610.206998294224,4610.206998294224,2305.103499147112,6915.310497441336,4610.206998294224,13830.620994882673,18440.827993176896,12678.069245309116,9220.413996588448,4610.206998294224,9220.413996588448,14983.172744456228,8067.862247014892,6915.310497441336,5762.75874786778,8067.862247014892,9220.413996588448,10372.965746162005,11525.51749573556,14983.172744456228,13830.620994882673,6915.310497441336,5762.75874786778,2305.103499147112,8067.862247014892,5762.75874786778,10372.965746162005,9220.413996588448,8067.862247014892,11525.51749573556,4610.206998294224,6915.310497441336,9220.413996588448,13830.620994882673,5762.75874786778,4610.206998294224,5762.75874786778,3457.655248720668,10372.965746162005,12678.069245309116,8067.862247014892,12678.069245309116,6915.310497441336,10372.965746162005,4610.206998294224,3457.655248720668,5762.75874786778,11525.51749573556,,,,,,,,,,,,,,,,,,,,,,,,,,,,,,,,,,
,,,,,,,,,,,,,,,,,,,,,,,,,,,,,,5762.75874786778,4610.206998294224,5762.75874786778,5762.75874786778,4610.206998294224,4610.206998294224,4610.206998294224,6915.310497441336,9220.413996588448,6915.310497441336,4610.206998294224,8067.862247014892,10372.965746162005,5762.75874786778,2305.103499147112,11525.51749573556,6915.310497441336,4610.206998294224,8067.862247014892,4610.206998294224,11525.51749573556,3457.655248720668,5762.75874786778,11525.51749573556,8067.862247014892,6915.310497441336,9220.413996588448,5762.75874786778,6915.310497441336,13830.620994882673,9220.413996588448,12678.069245309116,5762.75874786778,12678.069245309116,10372.965746162005,3457.655248720668,6915.310497441336,8067.862247014892,4610.206998294224,5762.75874786778,6915.310497441336,5762.75874786778,16135.724494029784,12678.069245309116,16135.724494029784,24203.586741044677,16135.724494029784,9220.413996588448,4610.206998294224,11525.51749573556,6915.310497441336,4610.206998294224,16135.724494029784,11525.51749573556,17288.27624360334,28813.7937393389,5762.75874786778,12678.069245309116,3457.655248720668,6915.310497441336,3457.655248720668,3457.655248720668,4610.206998294224,6915.310497441336,16135.724494029784,17288.27624360334,9220.413996588448,14983.172744456228,2305.103499147112,3457.655248720668,2305.103499147112,1152.551749573556,3457.655248720668,0.0,0.0,2305.103499147112,2305.103499147112,0.0,2305.103499147112,0.0,1152.551749573556,0.0,1152.551749573556,2305.103499147112,1152.551749573556,9220.413996588448,17288.27624360334,4610.206998294224,3457.655248720668,0.0,1152.551749573556,4610.206998294224,3457.655248720668,0.0,2305.103499147112,4610.206998294224,3457.655248720668,2305.103499147112,3457.655248720668,1152.551749573556,1152.551749573556,2305.103499147112,1152.551749573556,1152.551749573556,0.0,1152.551749573556,0.0,0.0,1152.551749573556,2305.103499147112,3457.655248720668,1152.551749573556,1152.551749573556,1152.551749573556,3457.655248720668,2305.103499147112,0.0,0.0,1152.551749573556,3457.655248720668,0.0,4610.206998294224,0.0,3457.655248720668,1152.551749573556,2305.103499147112,4610.206998294224,2305.103499147112,4610.206998294224,3457.655248720668,3457.655248720668,3457.655248720668,4610.206998294224,11525.51749573556,8067.862247014892,5762.75874786778,5762.75874786778,5762.75874786778,4610.206998294224,5762.75874786778,9220.413996588448,6915.310497441336,4610.206998294224,1152.551749573556,9220.413996588448,5762.75874786778,5762.75874786778,4610.206998294224,13830.620994882673,14983.172744456228,11525.51749573556,11525.51749573556,9220.413996588448,6915.310497441336,11525.51749573556,4610.206998294224,8067.862247014892,5762.75874786778,10372.965746162005,8067.862247014892,9220.413996588448,5762.75874786778,12678.069245309116,2305.103499147112,10372.965746162005,11525.51749573556,6915.310497441336,4610.206998294224,11525.51749573556,6915.310497441336,6915.310497441336,12678.069245309116,6915.310497441336,8067.862247014892,12678.069245309116,3457.655248720668,10372.965746162005,10372.965746162005,9220.413996588448,4610.206998294224,6915.310497441336,12678.069245309116,1152.551749573556,9220.413996588448,3457.655248720668,10372.965746162005,4610.206998294224,4610.206998294224,5762.75874786778,3457.655248720668,4610.206998294224,,,,,,,,,,,,,,,,,,,,,,,,,,,,,,,,,,,
,,,,,,,,,,,,,,,,,,,,,,,,,,,,,,,,6915.310497441336,2305.103499147112,,,4610.206998294224,10372.965746162005,10372.965746162005,4610.206998294224,11525.51749573556,6915.310497441336,2305.103499147112,8067.862247014892,9220.413996588448,8067.862247014892,8067.862247014892,5762.75874786778,5762.75874786778,5762.75874786778,5762.75874786778,5762.75874786778,8067.862247014892,10372.965746162005,4610.206998294224,10372.965746162005,8067.862247014892,8067.862247014892,11525.51749573556,5762.75874786778,9220.413996588448,4610.206998294224,12678.069245309116,3457.655248720668,6915.310497441336,3457.655248720668,8067.862247014892,6915.310497441336,8067.862247014892,5762.75874786778,8067.862247014892,11525.51749573556,11525.51749573556,8067.862247014892,9220.413996588448,16135.724494029784,11525.51749573556,9220.413996588448,10372.965746162005,5762.75874786778,5762.75874786778,11525.51749573556,13830.620994882673,12678.069245309116,18440.827993176896,25356.138490618232,11525.51749573556,10372.965746162005,4610.206998294224,8067.862247014892,2305.103499147112,1152.551749573556,3457.655248720668,9220.413996588448,20745.93149232401,21898.483241897564,17288.27624360334,8067.862247014892,4610.206998294224,1152.551749573556,2305.103499147112,3457.655248720668,0.0,0.0,3457.655248720668,1152.551749573556,9220.413996588448,4610.206998294224,0.0,0.0,0.0,0.0,1152.551749573556,0.0,2305.103499147112,9220.413996588448,12678.069245309116,1152.551749573556,0.0,0.0,2305.103499147112,3457.655248720668,1152.551749573556,3457.655248720668,4610.206998294224,1152.551749573556,1152.551749573556,2305.103499147112,1152.551749573556,0.0,2305.103499147112,1152.551749573556,2305.103499147112,1152.551749573556,2305.103499147112,0.0,1152.551749573556,1152.551749573556,0.0,3457.655248720668,2305.103499147112,0.0,0.0,1152.551749573556,0.0,0.0,2305.103499147112,1152.551749573556,4610.206998294224,2305.103499147112,4610.206998294224,2305.103499147112,0.0,2305.103499147112,1152.551749573556,3457.655248720668,2305.103499147112,2305.103499147112,3457.655248720668,1152.551749573556,2305.103499147112,2305.103499147112,3457.655248720668,4610.206998294224,5762.75874786778,5762.75874786778,9220.413996588448,6915.310497441336,18440.827993176896,13830.620994882673,5762.75874786778,6915.310497441336,9220.413996588448,5762.75874786778,2305.103499147112,10372.965746162005,11525.51749573556,8067.862247014892,10372.965746162005,6915.310497441336,8067.862247014892,19593.37974275045,17288.27624360334,9220.413996588448,8067.862247014892,5762.75874786778,10372.965746162005,18440.827993176896,8067.862247014892,9220.413996588448,10372.965746162005,12678.069245309116,13830.620994882673,11525.51749573556,13830.620994882673,12678.069245309116,9220.413996588448,10372.965746162005,14983.172744456228,6915.310497441336,6915.310497441336,9220.413996588448,8067.862247014892,13830.620994882673,9220.413996588448,6915.310497441336,8067.862247014892,13830.620994882673,12678.069245309116,10372.965746162005,4610.206998294224,6915.310497441336,8067.862247014892,4610.206998294224,5762.75874786778,5762.75874786778,0.0,6915.310497441336,6915.310497441336,5762.75874786778,5762.75874786778,,,,,,,,,,,,,,,,,,,,,,,,,,,,,,,,,,,
,,,,,,,,,,,,,,,,,,,,,,,,,,,,,,,,,,,,5762.75874786778,5762.75874786778,3457.655248720668,9220.413996588448,9220.413996588448,9220.413996588448,8067.862247014892,5762.75874786778,3457.655248720668,3457.655248720668,6915.310497441336,4610.206998294224,9220.413996588448,8067.862247014892,9220.413996588448,3457.655248720668,1152.551749573556,8067.862247014892,8067.862247014892,11525.51749573556,2305.103499147112,9220.413996588448,6915.310497441336,8067.862247014892,13830.620994882673,5762.75874786778,4610.206998294224,5762.75874786778,6915.310497441336,4610.206998294224,2305.103499147112,1152.551749573556,9220.413996588448,3457.655248720668,4610.206998294224,5762.75874786778,6915.310497441336,6915.310497441336,9220.413996588448,4610.206998294224,10372.965746162005,8067.862247014892,8067.862247014892,13830.620994882673,12678.069245309116,9220.413996588448,14983.172744456228,9220.413996588448,9220.413996588448,12678.069245309116,5762.75874786778,8067.862247014892,4610.206998294224,8067.862247014892,3457.655248720668,6915.310497441336,5762.75874786778,10372.965746162005,13830.620994882673,24203.586741044677,21898.483241897564,18440.827993176896,5762.75874786778,3457.655248720668,1152.551749573556,0.0,0.0,2305.103499147112,3457.655248720668,3457.655248720668,5762.75874786778,1152.551749573556,1152.551749573556,2305.103499147112,1152.551749573556,0.0,0.0,0.0,0.0,1152.551749573556,6915.310497441336,0.0,0.0,3457.655248720668,0.0,2305.103499147112,4610.206998294224,0.0,3457.655248720668,3457.655248720668,1152.551749573556,2305.103499147112,5762.75874786778,1152.551749573556,4610.206998294224,0.0,1152.551749573556,3457.655248720668,1152.551749573556,4610.206998294224,1152.551749573556,2305.103499147112,2305.103499147112,3457.655248720668,0.0,0.0,0.0,0.0,0.0,0.0,1152.551749573556,0.0,0.0,1152.551749573556,0.0,2305.103499147112,1152.551749573556,2305.103499147112,0.0,2305.103499147112,0.0,2305.103499147112,3457.655248720668,0.0,3457.655248720668,2305.103499147112,4610.206998294224,6915.310497441336,8067.862247014892,10372.965746162005,10372.965746162005,10372.965746162005,3457.655248720668,9220.413996588448,8067.862247014892,8067.862247014892,9220.413996588448,11525.51749573556,5762.75874786778,10372.965746162005,12678.069245309116,6915.310497441336,9220.413996588448,8067.862247014892,12678.069245309116,8067.862247014892,14983.172744456228,18440.827993176896,12678.069245309116,4610.206998294224,8067.862247014892,4610.206998294224,8067.862247014892,8067.862247014892,4610.206998294224,4610.206998294224,8067.862247014892,8067.862247014892,9220.413996588448,4610.206998294224,5762.75874786778,3457.655248720668,10372.965746162005,8067.862247014892,11525.51749573556,9220.413996588448,10372.965746162005,6915.310497441336,6915.310497441336,8067.862247014892,10372.965746162005,13830.620994882673,11525.51749573556,9220.413996588448,6915.310497441336,9220.413996588448,5762.75874786778,10372.965746162005,14983.172744456228,8067.862247014892,5762.75874786778,5762.75874786778,4610.206998294224,9220.413996588448,,,,,,,,,,,,,,,,,,,,,,,,,,,,,,,,,,,,
,,,,,,,,,,,,,,,,,,,,,,,,,,,,,,,,,,,4610.206998294224,9220.413996588448,6915.310497441336,3457.655248720668,10372.965746162005,5762.75874786778,4610.206998294224,10372.965746162005,6915.310497441336,5762.75874786778,3457.655248720668,9220.413996588448,4610.206998294224,6915.310497441336,5762.75874786778,9220.413996588448,9220.413996588448,8067.862247014892,9220.413996588448,2305.103499147112,9220.413996588448,12678.069245309116,6915.310497441336,5762.75874786778,6915.310497441336,5762.75874786778,3457.655248720668,5762.75874786778,6915.310497441336,6915.310497441336,3457.655248720668,4610.206998294224,2305.103499147112,4610.206998294224,2305.103499147112,2305.103499147112,10372.965746162005,4610.206998294224,8067.862247014892,8067.862247014892,8067.862247014892,8067.862247014892,12678.069245309116,9220.413996588448,5762.75874786778,6915.310497441336,8067.862247014892,8067.862247014892,9220.413996588448,11525.51749573556,8067.862247014892,10372.965746162005,5762.75874786778,13830.620994882673,10372.965746162005,6915.310497441336,0.0,9220.413996588448,11525.51749573556,17288.27624360334,14983.172744456228,10372.965746162005,10372.965746162005,8067.862247014892,3457.655248720668,3457.655248720668,1152.551749573556,0.0,0.0,1152.551749573556,2305.103499147112,3457.655248720668,3457.655248720668,0.0,0.0,1152.551749573556,2305.103499147112,0.0,0.0,1152.551749573556,3457.655248720668,0.0,2305.103499147112,1152.551749573556,1152.551749573556,3457.655248720668,1152.551749573556,1152.551749573556,2305.103499147112,1152.551749573556,3457.655248720668,2305.103499147112,1152.551749573556,1152.551749573556,3457.655248720668,4610.206998294224,4610.206998294224,4610.206998294224,2305.103499147112,1152.551749573556,1152.551749573556,0.0,2305.103499147112,2305.103499147112,1152.551749573556,1152.551749573556,4610.206998294224,1152.551749573556,4610.206998294224,0.0,1152.551749573556,1152.551749573556,0.0,1152.551749573556,2305.103499147112,0.0,1152.551749573556,1152.551749573556,2305.103499147112,1152.551749573556,0.0,3457.655248720668,1152.551749573556,2305.103499147112,4610.206998294224,3457.655248720668,6915.310497441336,6915.310497441336,3457.655248720668,5762.75874786778,14983.172744456228,8067.862247014892,5762.75874786778,12678.069245309116,9220.413996588448,10372.965746162005,9220.413996588448,4610.206998294224,11525.51749573556,5762.75874786778,8067.862247014892,11525.51749573556,8067.862247014892,11525.51749573556,3457.655248720668,14983.172744456228,12678.069245309116,9220.413996588448,5762.75874786778,6915.310497441336,5762.75874786778,6915.310497441336,8067.862247014892,9220.413996588448,8067.862247014892,9220.413996588448,4610.206998294224,12678.069245309116,6915.310497441336,9220.413996588448,12678.069245309116,3457.655248720668,4610.206998294224,6915.310497441336,9220.413996588448,9220.413996588448,10372.965746162005,6915.310497441336,2305.103499147112,6915.310497441336,5762.75874786778,9220.413996588448,5762.75874786778,4610.206998294224,6915.310497441336,17288.27624360334,3457.655248720668,9220.413996588448,16135.724494029784,4610.206998294224,4610.206998294224,10372.965746162005,13830.620994882673,8067.862247014892,5762.75874786778,,,,,,,,,,,,,,,,,,,,,,,,,,,,,,,,,,,,
,,,,,,,,,,,,,,,,,,,,,,,,,,,,,,,,,,,5762.75874786778,9220.413996588448,3457.655248720668,4610.206998294224,3457.655248720668,8067.862247014892,3457.655248720668,10372.965746162005,6915.310497441336,9220.413996588448,13830.620994882673,4610.206998294224,4610.206998294224,9220.413996588448,6915.310497441336,8067.862247014892,5762.75874786778,9220.413996588448,8067.862247014892,13830.620994882673,5762.75874786778,2305.103499147112,13830.620994882673,6915.310497441336,3457.655248720668,6915.310497441336,4610.206998294224,10372.965746162005,4610.206998294224,5762.75874786778,2305.103499147112,3457.655248720668,1152.551749573556,2305.103499147112,4610.206998294224,6915.310497441336,8067.862247014892,5762.75874786778,2305.103499147112,6915.310497441336,4610.206998294224,9220.413996588448,4610.206998294224,4610.206998294224,8067.862247014892,5762.75874786778,18440.827993176896,20745.93149232401,11525.51749573556,8067.862247014892,11525.51749573556,13830.620994882673,2305.103499147112,8067.862247014892,5762.75874786778,5762.75874786778,5762.75874786778,11525.51749573556,17288.27624360334,18440.827993176896,21898.483241897564,11525.51749573556,4610.206998294224,8067.862247014892,3457.655248720668,0.0,3457.655248720668,4610.206998294224,1152.551749573556,1152.551749573556,2305.103499147112,0.0,0.0,2305.103499147112,2305.103499147112,1152.551749573556,1152.551749573556,0.0,1152.551749573556,2305.103499147112,0.0,0.0,1152.551749573556,3457.655248720668,1152.551749573556,0.0,0.0,2305.103499147112,1152.551749573556,1152.551749573556,2305.103499147112,0.0,5762.75874786778,3457.655248720668,4610.206998294224,9220.413996588448,2305.103499147112,5762.75874786778,2305.103499147112,2305.103499147112,3457.655248720668,4610.206998294224,2305.103499147112,0.0,3457.655248720668,2305.103499147112,1152.551749573556,1152.551749573556,0.0,0.0,3457.655248720668,5762.75874786778,1152.551749573556,0.0,1152.551749573556,1152.551749573556,0.0,2305.103499147112,3457.655248720668,1152.551749573556,1152.551749573556,2305.103499147112,3457.655248720668,1152.551749573556,3457.655248720668,2305.103499147112,6915.310497441336,2305.103499147112,9220.413996588448,3457.655248720668,10372.965746162005,3457.655248720668,14983.172744456228,3457.655248720668,4610.206998294224,4610.206998294224,14983.172744456228,4610.206998294224,4610.206998294224,3457.655248720668,6915.310497441336,6915.310497441336,10372.965746162005,13830.620994882673,6915.310497441336,10372.965746162005,6915.310497441336,9220.413996588448,4610.206998294224,9220.413996588448,12678.069245309116,11525.51749573556,4610.206998294224,10372.965746162005,8067.862247014892,2305.103499147112,4610.206998294224,14983.172744456228,6915.310497441336,11525.51749573556,8067.862247014892,5762.75874786778,6915.310497441336,5762.75874786778,8067.862247014892,4610.206998294224,8067.862247014892,8067.862247014892,9220.413996588448,5762.75874786778,12678.069245309116,6915.310497441336,9220.413996588448,8067.862247014892,8067.862247014892,5762.75874786778,10372.965746162005,6915.310497441336,12678.069245309116,2305.103499147112,10372.965746162005,6915.310497441336,8067.862247014892,3457.655248720668,,,,,,,,,,,,,,,,,,,,,,,,,,,,,,,,,,,,,
,,,,,,,,,,,,,,,,,,,,,,,,,,,,,,,,,,,,2305.103499147112,4610.206998294224,6915.310497441336,5762.75874786778,4610.206998294224,9220.413996588448,5762.75874786778,4610.206998294224,9220.413996588448,10372.965746162005,17288.27624360334,6915.310497441336,4610.206998294224,6915.310497441336,4610.206998294224,2305.103499147112,8067.862247014892,8067.862247014892,9220.413996588448,4610.206998294224,6915.310497441336,5762.75874786778,5762.75874786778,3457.655248720668,9220.413996588448,4610.206998294224,6915.310497441336,2305.103499147112,3457.655248720668,4610.206998294224,3457.655248720668,8067.862247014892,6915.310497441336,2305.103499147112,2305.103499147112,2305.103499147112,5762.75874786778,3457.655248720668,1152.551749573556,0.0,5762.75874786778,5762.75874786778,5762.75874786778,12678.069245309116,5762.75874786778,10372.965746162005,14983.172744456228,10372.965746162005,11525.51749573556,11525.51749573556,11525.51749573556,4610.206998294224,1152.551749573556,5762.75874786778,6915.310497441336,4610.206998294224,4610.206998294224,10372.965746162005,13830.620994882673,12678.069245309116,3457.655248720668,1152.551749573556,1152.551749573556,2305.103499147112,2305.103499147112,2305.103499147112,0.0,1152.551749573556,0.0,0.0,1152.551749573556,0.0,1152.551749573556,0.0,2305.103499147112,1152.551749573556,4610.206998294224,3457.655248720668,0.0,0.0,0.0,2305.103499147112,2305.103499147112,3457.655248720668,1152.551749573556,0.0,2305.103499147112,2305.103499147112,2305.103499147112,2305.103499147112,2305.103499147112,4610.206998294224,4610.206998294224,1152.551749573556,3457.655248720668,2305.103499147112,1152.551749573556,3457.655248720668,3457.655248720668,4610.206998294224,1152.551749573556,1152.551749573556,6915.310497441336,1152.551749573556,3457.655248720668,1152.551749573556,0.0,0.0,1152.551749573556,0.0,2305.103499147112,1152.551749573556,0.0,0.0,0.0,1152.551749573556,5762.75874786778,8067.862247014892,2305.103499147112,1152.551749573556,2305.103499147112,5762.75874786778,2305.103499147112,2305.103499147112,5762.75874786778,6915.310497441336,4610.206998294224,4610.206998294224,8067.862247014892,4610.206998294224,12678.069245309116,11525.51749573556,5762.75874786778,9220.413996588448,6915.310497441336,10372.965746162005,11525.51749573556,13830.620994882673,3457.655248720668,12678.069245309116,6915.310497441336,6915.310497441336,13830.620994882673,12678.069245309116,5762.75874786778,8067.862247014892,9220.413996588448,4610.206998294224,17288.27624360334,2305.103499147112,10372.965746162005,5762.75874786778,11525.51749573556,6915.310497441336,4610.206998294224,5762.75874786778,11525.51749573556,5762.75874786778,10372.965746162005,4610.206998294224,9220.413996588448,5762.75874786778,10372.965746162005,8067.862247014892,9220.413996588448,8067.862247014892,8067.862247014892,3457.655248720668,11525.51749573556,5762.75874786778,9220.413996588448,9220.413996588448,8067.862247014892,11525.51749573556,10372.965746162005,6915.310497441336,5762.75874786778,4610.206998294224,12678.069245309116,5762.75874786778,6915.310497441336,8067.862247014892,10372.965746162005,,,,,,,,,,,,,,,,,,,,,,,,,,,,,,,,,,,,,
,,,,,,,,,,,,,,,,,,,,,,,,,,,,,,,,,,,,5762.75874786778,4610.206998294224,9220.413996588448,6915.310497441336,11525.51749573556,8067.862247014892,10372.965746162005,18440.827993176896,20745.93149232401,25356.138490618232,20745.93149232401,14983.172744456228,14983.172744456228,9220.413996588448,3457.655248720668,5762.75874786778,4610.206998294224,4610.206998294224,6915.310497441336,4610.206998294224,9220.413996588448,5762.75874786778,5762.75874786778,2305.103499147112,5762.75874786778,5762.75874786778,8067.862247014892,4610.206998294224,6915.310497441336,3457.655248720668,4610.206998294224,4610.206998294224,8067.862247014892,6915.310497441336,4610.206998294224,4610.206998294224,3457.655248720668,2305.103499147112,1152.551749573556,6915.310497441336,6915.310497441336,6915.310497441336,5762.75874786778,11525.51749573556,13830.620994882673,11525.51749573556,13830.620994882673,9220.413996588448,14983.172744456228,5762.75874786778,5762.75874786778,5762.75874786778,9220.413996588448,10372.965746162005,10372.965746162005,8067.862247014892,10372.965746162005,6915.310497441336,9220.413996588448,10372.965746162005,3457.655248720668,4610.206998294224,1152.551749573556,1152.551749573556,1152.551749573556,0.0,1152.551749573556,2305.103499147112,2305.103499147112,1152.551749573556,2305.103499147112,3457.655248720668,2305.103499147112,2305.103499147112,3457.655248720668,2305.103499147112,4610.206998294224,2305.103499147112,1152.551749573556,0.0,1152.551749573556,2305.103499147112,1152.551749573556,0.0,2305.103499147112,2305.103499147112,1152.551749573556,2305.103499147112,2305.103499147112,1152.551749573556,5762.75874786778,9220.413996588448,6915.310497441336,5762.75874786778,5762.75874786778,2305.103499147112,4610.206998294224,3457.655248720668,2305.103499147112,5762.75874786778,1152.551749573556,3457.655248720668,0.0,1152.551749573556,1152.551749573556,0.0,2305.103499147112,0.0,2305.103499147112,2305.103499147112,3457.655248720668,3457.655248720668,0.0,2305.103499147112,1152.551749573556,1152.551749573556,1152.551749573556,3457.655248720668,2305.103499147112,3457.655248720668,2305.103499147112,3457.655248720668,2305.103499147112,6915.310497441336,4610.206998294224,3457.655248720668,0.0,5762.75874786778,4610.206998294224,11525.51749573556,4610.206998294224,9220.413996588448,4610.206998294224,5762.75874786778,11525.51749573556,11525.51749573556,8067.862247014892,12678.069245309116,13830.620994882673,16135.724494029784,6915.310497441336,11525.51749573556,13830.620994882673,10372.965746162005,9220.413996588448,5762.75874786778,8067.862247014892,5762.75874786778,4610.206998294224,1152.551749573556,6915.310497441336,6915.310497441336,11525.51749573556,5762.75874786778,5762.75874786778,8067.862247014892,9220.413996588448,5762.75874786778,13830.620994882673,9220.413996588448,11525.51749573556,1152.551749573556,3457.655248720668,5762.75874786778,5762.75874786778,8067.862247014892,9220.413996588448,11525.51749573556,11525.51749573556,5762.75874786778,14983.172744456228,6915.310497441336,2305.103499147112,5762.75874786778,4610.206998294224,8067.862247014892,6915.310497441336,14983.172744456228,6915.310497441336,8067.862247014892,6915.310497441336,2305.103499147112,4610.206998294224,,,,,,,,,,,,,,,,,,,,,,,,,,,,,,,,,,,,,
,,,,,,,,,,,,,,,,,,,,,,,,,,,,,,,,,,,,2305.103499147112,5762.75874786778,9220.413996588448,3457.655248720668,10372.965746162005,10372.965746162005,11525.51749573556,20745.93149232401,40339.311235074456,34576.55248720668,38034.207735927346,24203.586741044677,12678.069245309116,5762.75874786778,6915.310497441336,4610.206998294224,8067.862247014892,10372.965746162005,5762.75874786778,12678.069245309116,11525.51749573556,3457.655248720668,2305.103499147112,6915.310497441336,3457.655248720668,6915.310497441336,3457.655248720668,8067.862247014892,6915.310497441336,5762.75874786778,5762.75874786778,4610.206998294224,2305.103499147112,9220.413996588448,5762.75874786778,10372.965746162005,4610.206998294224,2305.103499147112,6915.310497441336,0.0,1152.551749573556,6915.310497441336,6915.310497441336,11525.51749573556,8067.862247014892,10372.965746162005,2305.103499147112,8067.862247014892,2305.103499147112,6915.310497441336,2305.103499147112,3457.655248720668,3457.655248720668,2305.103499147112,10372.965746162005,16135.724494029784,12678.069245309116,11525.51749573556,9220.413996588448,11525.51749573556,11525.51749573556,3457.655248720668,2305.103499147112,1152.551749573556,4610.206998294224,2305.103499147112,4610.206998294224,1152.551749573556,0.0,0.0,2305.103499147112,0.0,1152.551749573556,0.0,1152.551749573556,1152.551749573556,1152.551749573556,3457.655248720668,2305.103499147112,3457.655248720668,0.0,1152.551749573556,3457.655248720668,1152.551749573556,0.0,2305.103499147112,0.0,2305.103499147112,4610.206998294224,1152.551749573556,5762.75874786778,5762.75874786778,3457.655248720668,12678.069245309116,3457.655248720668,3457.655248720668,4610.206998294224,0.0,2305.103499147112,2305.103499147112,1152.551749573556,6915.310497441336,2305.103499147112,2305.103499147112,1152.551749573556,1152.551749573556,2305.103499147112,2305.103499147112,1152.551749573556,1152.551749573556,1152.551749573556,0.0,2305.103499147112,1152.551749573556,1152.551749573556,0.0,1152.551749573556,5762.75874786778,5762.75874786778,5762.75874786778,10372.965746162005,8067.862247014892,8067.862247014892,4610.206998294224,2305.103499147112,2305.103499147112,5762.75874786778,9220.413996588448,5762.75874786778,5762.75874786778,5762.75874786778,9220.413996588448,4610.206998294224,6915.310497441336,2305.103499147112,3457.655248720668,11525.51749573556,12678.069245309116,10372.965746162005,4610.206998294224,8067.862247014892,12678.069245309116,10372.965746162005,14983.172744456228,13830.620994882673,6915.310497441336,12678.069245309116,12678.069245309116,12678.069245309116,10372.965746162005,6915.310497441336,11525.51749573556,9220.413996588448,4610.206998294224,4610.206998294224,12678.069245309116,4610.206998294224,5762.75874786778,6915.310497441336,11525.51749573556,6915.310497441336,6915.310497441336,14983.172744456228,4610.206998294224,11525.51749573556,10372.965746162005,10372.965746162005,4610.206998294224,5762.75874786778,5762.75874786778,8067.862247014892,16135.724494029784,8067.862247014892,11525.51749573556,8067.862247014892,3457.655248720668,3457.655248720668,16135.724494029784,4610.206998294224,10372.965746162005,8067.862247014892,6915.310497441336,,,,,,,,,,,,,,,,,,,,,,,,,,,,,,,,,,,,,,
,,,,,,,,,,,,,,,,,,,,,,,,,,,,,,,,,,,,6915.310497441336,9220.413996588448,10372.965746162005,2305.103499147112,6915.310497441336,11525.51749573556,6915.310497441336,21898.483241897564,25356.138490618232,25356.138490618232,34576.55248720668,26508.690240191787,25356.138490618232,8067.862247014892,4610.206998294224,12678.069245309116,4610.206998294224,6915.310497441336,4610.206998294224,3457.655248720668,4610.206998294224,6915.310497441336,6915.310497441336,6915.310497441336,6915.310497441336,9220.413996588448,0.0,2305.103499147112,4610.206998294224,11525.51749573556,6915.310497441336,4610.206998294224,5762.75874786778,5762.75874786778,4610.206998294224,4610.206998294224,5762.75874786778,2305.103499147112,1152.551749573556,3457.655248720668,8067.862247014892,4610.206998294224,2305.103499147112,4610.206998294224,3457.655248720668,4610.206998294224,5762.75874786778,6915.310497441336,4610.206998294224,2305.103499147112,3457.655248720668,4610.206998294224,6915.310497441336,2305.103499147112,9220.413996588448,27661.241989765345,33424.00073763313,21898.483241897564,9220.413996588448,5762.75874786778,5762.75874786778,3457.655248720668,1152.551749573556,1152.551749573556,2305.103499147112,1152.551749573556,3457.655248720668,0.0,3457.655248720668,1152.551749573556,8067.862247014892,2305.103499147112,2305.103499147112,2305.103499147112,5762.75874786778,4610.206998294224,2305.103499147112,2305.103499147112,0.0,2305.103499147112,2305.103499147112,1152.551749573556,3457.655248720668,3457.655248720668,3457.655248720668,2305.103499147112,2305.103499147112,4610.206998294224,1152.551749573556,1152.551749573556,2305.103499147112,4610.206998294224,4610.206998294224,10372.965746162005,4610.206998294224,4610.206998294224,1152.551749573556,6915.310497441336,3457.655248720668,1152.551749573556,4610.206998294224,4610.206998294224,3457.655248720668,2305.103499147112,0.0,2305.103499147112,1152.551749573556,1152.551749573556,2305.103499147112,1152.551749573556,0.0,1152.551749573556,5762.75874786778,0.0,2305.103499147112,0.0,0.0,5762.75874786778,6915.310497441336,0.0,5762.75874786778,4610.206998294224,4610.206998294224,5762.75874786778,3457.655248720668,0.0,2305.103499147112,5762.75874786778,8067.862247014892,3457.655248720668,9220.413996588448,4610.206998294224,3457.655248720668,4610.206998294224,8067.862247014892,12678.069245309116,8067.862247014892,5762.75874786778,9220.413996588448,10372.965746162005,10372.965746162005,9220.413996588448,5762.75874786778,11525.51749573556,4610.206998294224,10372.965746162005,3457.655248720668,5762.75874786778,5762.75874786778,9220.413996588448,5762.75874786778,10372.965746162005,9220.413996588448,3457.655248720668,9220.413996588448,8067.862247014892,9220.413996588448,11525.51749573556,8067.862247014892,6915.310497441336,8067.862247014892,12678.069245309116,8067.862247014892,8067.862247014892,3457.655248720668,6915.310497441336,13830.620994882673,12678.069245309116,4610.206998294224,8067.862247014892,3457.655248720668,6915.310497441336,12678.069245309116,8067.862247014892,5762.75874786778,8067.862247014892,8067.862247014892,10372.965746162005,12678.069245309116,4610.206998294224,5762.75874786778,8067.862247014892,,,,,,,,,,,,,,,,,,,,,,,,,,,,,,,,,,,,,,
,,,,,,,,,,,,,,,,,,,,,,,,,,,,,,,,,,,,,6915.310497441336,5762.75874786778,5762.75874786778,3457.655248720668,3457.655248720668,5762.75874786778,8067.862247014892,9220.413996588448,16135.724494029784,17288.27624360334,16135.724494029784,16135.724494029784,6915.310497441336,6915.310497441336,5762.75874786778,6915.310497441336,5762.75874786778,6915.310497441336,10372.965746162005,5762.75874786778,2305.103499147112,4610.206998294224,6915.310497441336,2305.103499147112,2305.103499147112,5762.75874786778,2305.103499147112,3457.655248720668,4610.206998294224,5762.75874786778,8067.862247014892,10372.965746162005,10372.965746162005,5762.75874786778,2305.103499147112,11525.51749573556,5762.75874786778,2305.103499147112,8067.862247014892,6915.310497441336,10372.965746162005,4610.206998294224,3457.655248720668,2305.103499147112,5762.75874786778,2305.103499147112,3457.655248720668,2305.103499147112,6915.310497441336,2305.103499147112,2305.103499147112,0.0,9220.413996588448,10372.965746162005,20745.93149232401,32271.44898805957,51864.82873081002,11525.51749573556,3457.655248720668,4610.206998294224,2305.103499147112,3457.655248720668,2305.103499147112,4610.206998294224,2305.103499147112,9220.413996588448,1152.551749573556,2305.103499147112,2305.103499147112,0.0,8067.862247014892,2305.103499147112,0.0,0.0,2305.103499147112,0.0,1152.551749573556,2305.103499147112,5762.75874786778,0.0,2305.103499147112,3457.655248720668,4610.206998294224,1152.551749573556,3457.655248720668,2305.103499147112,2305.103499147112,5762.75874786778,4610.206998294224,1152.551749573556,4610.206998294224,1152.551749573556,5762.75874786778,0.0,3457.655248720668,4610.206998294224,4610.206998294224,1152.551749573556,1152.551749573556,1152.551749573556,1152.551749573556,3457.655248720668,0.0,2305.103499147112,1152.551749573556,0.0,0.0,1152.551749573556,1152.551749573556,1152.551749573556,1152.551749573556,0.0,2305.103499147112,3457.655248720668,1152.551749573556,1152.551749573556,1152.551749573556,0.0,4610.206998294224,4610.206998294224,6915.310497441336,6915.310497441336,5762.75874786778,2305.103499147112,4610.206998294224,4610.206998294224,4610.206998294224,8067.862247014892,8067.862247014892,10372.965746162005,2305.103499147112,4610.206998294224,8067.862247014892,11525.51749573556,6915.310497441336,14983.172744456228,9220.413996588448,9220.413996588448,5762.75874786778,13830.620994882673,9220.413996588448,4610.206998294224,6915.310497441336,8067.862247014892,8067.862247014892,5762.75874786778,10372.965746162005,4610.206998294224,13830.620994882673,10372.965746162005,6915.310497441336,9220.413996588448,6915.310497441336,6915.310497441336,8067.862247014892,6915.310497441336,6915.310497441336,13830.620994882673,5762.75874786778,5762.75874786778,10372.965746162005,4610.206998294224,8067.862247014892,10372.965746162005,5762.75874786778,8067.862247014892,1152.551749573556,8067.862247014892,3457.655248720668,2305.103499147112,5762.75874786778,5762.75874786778,6915.310497441336,5762.75874786778,4610.206998294224,6915.310497441336,4610.206998294224,9220.413996588448,5762.75874786778,3457.655248720668,,,,,,,,,,,,,,,,,,,,,,,,,,,,,,,,,,,,,,,
,,,,,,,,,,,,,,,,,,,,,,,,,,,,,,,,,,,,,6915.310497441336,9220.413996588448,4610.206998294224,5762.75874786778,6915.310497441336,9220.413996588448,6915.310497441336,8067.862247014892,8067.862247014892,5762.75874786778,8067.862247014892,5762.75874786778,4610.206998294224,8067.862247014892,13830.620994882673,6915.310497441336,9220.413996588448,10372.965746162005,3457.655248720668,9220.413996588448,9220.413996588448,8067.862247014892,3457.655248720668,3457.655248720668,6915.310497441336,6915.310497441336,0.0,5762.75874786778,6915.310497441336,5762.75874786778,4610.206998294224,6915.310497441336,3457.655248720668,12678.069245309116,9220.413996588448,4610.206998294224,6915.310497441336,9220.413996588448,6915.310497441336,9220.413996588448,3457.655248720668,6915.310497441336,4610.206998294224,5762.75874786778,3457.655248720668,5762.75874786778,1152.551749573556,6915.310497441336,4610.206998294224,6915.310497441336,6915.310497441336,4610.206998294224,6915.310497441336,6915.310497441336,12678.069245309116,25356.138490618232,44949.51823336868,38034.207735927346,10372.965746162005,5762.75874786778,2305.103499147112,5762.75874786778,3457.655248720668,1152.551749573556,2305.103499147112,1152.551749573556,3457.655248720668,0.0,1152.551749573556,1152.551749573556,1152.551749573556,4610.206998294224,5762.75874786778,1152.551749573556,2305.103499147112,2305.103499147112,0.0,0.0,2305.103499147112,0.0,1152.551749573556,4610.206998294224,5762.75874786778,10372.965746162005,5762.75874786778,6915.310497441336,1152.551749573556,2305.103499147112,2305.103499147112,2305.103499147112,4610.206998294224,2305.103499147112,2305.103499147112,2305.103499147112,4610.206998294224,0.0,5762.75874786778,2305.103499147112,4610.206998294224,1152.551749573556,1152.551749573556,2305.103499147112,2305.103499147112,2305.103499147112,2305.103499147112,3457.655248720668,2305.103499147112,1152.551749573556,2305.103499147112,1152.551749573556,0.0,0.0,2305.103499147112,3457.655248720668,1152.551749573556,0.0,1152.551749573556,2305.103499147112,5762.75874786778,4610.206998294224,6915.310497441336,4610.206998294224,1152.551749573556,5762.75874786778,3457.655248720668,5762.75874786778,12678.069245309116,2305.103499147112,5762.75874786778,5762.75874786778,6915.310497441336,4610.206998294224,4610.206998294224,10372.965746162005,6915.310497441336,8067.862247014892,6915.310497441336,8067.862247014892,9220.413996588448,10372.965746162005,3457.655248720668,2305.103499147112,6915.310497441336,11525.51749573556,9220.413996588448,4610.206998294224,11525.51749573556,10372.965746162005,3457.655248720668,6915.310497441336,4610.206998294224,9220.413996588448,9220.413996588448,6915.310497441336,9220.413996588448,4610.206998294224,5762.75874786778,10372.965746162005,10372.965746162005,10372.965746162005,5762.75874786778,3457.655248720668,9220.413996588448,10372.965746162005,3457.655248720668,9220.413996588448,2305.103499147112,6915.310497441336,11525.51749573556,8067.862247014892,11525.51749573556,6915.310497441336,4610.206998294224,5762.75874786778,6915.310497441336,10372.965746162005,2305.103499147112,5762.75874786778,10372.965746162005,10372.965746162005,,,,,,,,,,,,,,,,,,,,,,,,,,,,,,,,,,,,,,,
,,,,,,,,,,,,,,,,,,,,,,,,,,,,,,,,,,,,,,9220.413996588448,10372.965746162005,4610.206998294224,10372.965746162005,9220.413996588448,6915.310497441336,6915.310497441336,6915.310497441336,9220.413996588448,2305.103499147112,3457.655248720668,8067.862247014892,5762.75874786778,8067.862247014892,4610.206998294224,3457.655248720668,9220.413996588448,9220.413996588448,4610.206998294224,9220.413996588448,10372.965746162005,5762.75874786778,2305.103499147112,3457.655248720668,4610.206998294224,5762.75874786778,4610.206998294224,0.0,5762.75874786778,6915.310497441336,2305.103499147112,8067.862247014892,2305.103499147112,6915.310497441336,8067.862247014892,9220.413996588448,9220.413996588448,6915.310497441336,5762.75874786778,3457.655248720668,6915.310497441336,5762.75874786778,4610.206998294224,4610.206998294224,3457.655248720668,2305.103499147112,4610.206998294224,8067.862247014892,10372.965746162005,3457.655248720668,6915.310497441336,10372.965746162005,9220.413996588448,10372.965746162005,18440.827993176896,57627.5874786778,48407.173482089354,14983.172744456228,4610.206998294224,3457.655248720668,8067.862247014892,2305.103499147112,0.0,0.0,3457.655248720668,4610.206998294224,3457.655248720668,3457.655248720668,1152.551749573556,1152.551749573556,0.0,0.0,1152.551749573556,2305.103499147112,1152.551749573556,2305.103499147112,3457.655248720668,0.0,0.0,3457.655248720668,4610.206998294224,14983.172744456228,12678.069245309116,13830.620994882673,4610.206998294224,1152.551749573556,1152.551749573556,2305.103499147112,3457.655248720668,0.0,2305.103499147112,2305.103499147112,3457.655248720668,4610.206998294224,2305.103499147112,3457.655248720668,4610.206998294224,1152.551749573556,3457.655248720668,1152.551749573556,5762.75874786778,5762.75874786778,1152.551749573556,2305.103499147112,0.0,0.0,2305.103499147112,2305.103499147112,1152.551749573556,3457.655248720668,1152.551749573556,0.0,1152.551749573556,1152.551749573556,2305.103499147112,2305.103499147112,2305.103499147112,5762.75874786778,6915.310497441336,1152.551749573556,4610.206998294224,2305.103499147112,1152.551749573556,8067.862247014892,8067.862247014892,0.0,3457.655248720668,10372.965746162005,8067.862247014892,8067.862247014892,5762.75874786778,12678.069245309116,4610.206998294224,11525.51749573556,12678.069245309116,9220.413996588448,3457.655248720668,8067.862247014892,11525.51749573556,10372.965746162005,14983.172744456228,6915.310497441336,6915.310497441336,13830.620994882673,10372.965746162005,10372.965746162005,6915.310497441336,6915.310497441336,11525.51749573556,9220.413996588448,9220.413996588448,9220.413996588448,6915.310497441336,11525.51749573556,11525.51749573556,8067.862247014892,10372.965746162005,6915.310497441336,6915.310497441336,11525.51749573556,16135.724494029784,8067.862247014892,5762.75874786778,10372.965746162005,8067.862247014892,,,6915.310497441336,3457.655248720668,4610.206998294224,5762.75874786778,8067.862247014892,9220.413996588448,4610.206998294224,16135.724494029784,8067.862247014892,5762.75874786778,10372.965746162005,5762.75874786778,,,,,,,,,,,,,,,,,,,,,,,,,,,,,,,,,,,,,,,
,,,,,,,,,,,,,,,,,,,,,,,,,,,,,,,,,,,,,,8067.862247014892,5762.75874786778,1152.551749573556,4610.206998294224,6915.310497441336,5762.75874786778,9220.413996588448,5762.75874786778,6915.310497441336,4610.206998294224,2305.103499147112,5762.75874786778,6915.310497441336,6915.310497441336,6915.310497441336,9220.413996588448,12678.069245309116,5762.75874786778,4610.206998294224,11525.51749573556,11525.51749573556,3457.655248720668,2305.103499147112,12678.069245309116,6915.310497441336,4610.206998294224,4610.206998294224,3457.655248720668,2305.103499147112,5762.75874786778,4610.206998294224,5762.75874786778,6915.310497441336,9220.413996588448,6915.310497441336,9220.413996588448,8067.862247014892,9220.413996588448,4610.206998294224,9220.413996588448,6915.310497441336,3457.655248720668,3457.655248720668,3457.655248720668,4610.206998294224,6915.310497441336,6915.310497441336,4610.206998294224,6915.310497441336,2305.103499147112,4610.206998294224,8067.862247014892,13830.620994882673,12678.069245309116,18440.827993176896,33424.00073763313,20745.93149232401,13830.620994882673,8067.862247014892,6915.310497441336,6915.310497441336,4610.206998294224,2305.103499147112,0.0,1152.551749573556,2305.103499147112,2305.103499147112,3457.655248720668,0.0,3457.655248720668,3457.655248720668,2305.103499147112,0.0,2305.103499147112,2305.103499147112,0.0,0.0,5762.75874786778,3457.655248720668,2305.103499147112,3457.655248720668,11525.51749573556,23051.03499147112,25356.138490618232,9220.413996588448,4610.206998294224,2305.103499147112,1152.551749573556,5762.75874786778,1152.551749573556,2305.103499147112,2305.103499147112,2305.103499147112,2305.103499147112,4610.206998294224,2305.103499147112,6915.310497441336,3457.655248720668,6915.310497441336,4610.206998294224,0.0,4610.206998294224,4610.206998294224,3457.655248720668,1152.551749573556,1152.551749573556,0.0,2305.103499147112,1152.551749573556,1152.551749573556,4610.206998294224,3457.655248720668,1152.551749573556,2305.103499147112,4610.206998294224,0.0,6915.310497441336,4610.206998294224,5762.75874786778,8067.862247014892,6915.310497441336,2305.103499147112,5762.75874786778,5762.75874786778,6915.310497441336,9220.413996588448,6915.310497441336,9220.413996588448,4610.206998294224,11525.51749573556,5762.75874786778,3457.655248720668,8067.862247014892,8067.862247014892,4610.206998294224,10372.965746162005,4610.206998294224,8067.862247014892,10372.965746162005,4610.206998294224,8067.862247014892,6915.310497441336,6915.310497441336,11525.51749573556,6915.310497441336,3457.655248720668,3457.655248720668,12678.069245309116,6915.310497441336,5762.75874786778,11525.51749573556,6915.310497441336,3457.655248720668,11525.51749573556,5762.75874786778,5762.75874786778,4610.206998294224,6915.310497441336,4610.206998294224,9220.413996588448,4610.206998294224,10372.965746162005,4610.206998294224,6915.310497441336,1152.551749573556,,,,,9220.413996588448,8067.862247014892,8067.862247014892,3457.655248720668,4610.206998294224,0.0,5762.75874786778,2305.103499147112,4610.206998294224,,,,,,,,,,,,,,,,,,,,,,,,,,,,,,,,,,,,,,,,
,,,,,,,,,,,,,,,,,,,,,,,,,,,,,,,,,,,,,,,6915.310497441336,5762.75874786778,9220.413996588448,8067.862247014892,6915.310497441336,6915.310497441336,2305.103499147112,5762.75874786778,5762.75874786778,3457.655248720668,1152.551749573556,3457.655248720668,6915.310497441336,1152.551749573556,8067.862247014892,8067.862247014892,4610.206998294224,8067.862247014892,8067.862247014892,3457.655248720668,1152.551749573556,8067.862247014892,5762.75874786778,5762.75874786778,8067.862247014892,3457.655248720668,9220.413996588448,4610.206998294224,2305.103499147112,5762.75874786778,6915.310497441336,5762.75874786778,6915.310497441336,9220.413996588448,12678.069245309116,6915.310497441336,5762.75874786778,11525.51749573556,9220.413996588448,2305.103499147112,2305.103499147112,1152.551749573556,5762.75874786778,9220.413996588448,4610.206998294224,9220.413996588448,13830.620994882673,9220.413996588448,6915.310497441336,8067.862247014892,5762.75874786778,8067.862247014892,11525.51749573556,12678.069245309116,16135.724494029784,11525.51749573556,9220.413996588448,11525.51749573556,5762.75874786778,5762.75874786778,4610.206998294224,1152.551749573556,2305.103499147112,2305.103499147112,1152.551749573556,1152.551749573556,1152.551749573556,1152.551749573556,2305.103499147112,1152.551749573556,3457.655248720668,0.0,2305.103499147112,4610.206998294224,2305.103499147112,3457.655248720668,2305.103499147112,2305.103499147112,6915.310497441336,4610.206998294224,4610.206998294224,13830.620994882673,19593.37974275045,10372.965746162005,1152.551749573556,3457.655248720668,4610.206998294224,3457.655248720668,0.0,1152.551749573556,0.0,3457.655248720668,3457.655248720668,3457.655248720668,0.0,3457.655248720668,4610.206998294224,9220.413996588448,5762.75874786778,3457.655248720668,2305.103499147112,2305.103499147112,1152.551749573556,2305.103499147112,1152.551749573556,2305.103499147112,2305.103499147112,1152.551749573556,0.0,0.0,0.0,2305.103499147112,1152.551749573556,0.0,2305.103499147112,0.0,8067.862247014892,4610.206998294224,5762.75874786778,3457.655248720668,5762.75874786778,11525.51749573556,11525.51749573556,1152.551749573556,10372.965746162005,9220.413996588448,6915.310497441336,6915.310497441336,9220.413996588448,10372.965746162005,12678.069245309116,10372.965746162005,2305.103499147112,5762.75874786778,4610.206998294224,5762.75874786778,9220.413996588448,6915.310497441336,5762.75874786778,8067.862247014892,6915.310497441336,17288.27624360334,6915.310497441336,9220.413996588448,2305.103499147112,12678.069245309116,14983.172744456228,9220.413996588448,12678.069245309116,9220.413996588448,5762.75874786778,6915.310497441336,10372.965746162005,5762.75874786778,5762.75874786778,3457.655248720668,12678.069245309116,11525.51749573556,8067.862247014892,8067.862247014892,16135.724494029784,5762.75874786778,6915.310497441336,9220.413996588448,6915.310497441336,6915.310497441336,,,,3457.655248720668,8067.862247014892,4610.206998294224,,,,,,,,,,,,,,,,,,,,,,,,,,,,,,,,,,,,,,,,,,,,,
,,,,,,,,,,,,,,,,,,,,,,,,,,,,,,,,,,,,,,,,4610.206998294224,3457.655248720668,1152.551749573556,2305.103499147112,4610.206998294224,1152.551749573556,5762.75874786778,3457.655248720668,6915.310497441336,2305.103499147112,3457.655248720668,5762.75874786778,5762.75874786778,6915.310497441336,9220.413996588448,4610.206998294224,5762.75874786778,13830.620994882673,9220.413996588448,6915.310497441336,13830.620994882673,6915.310497441336,6915.310497441336,6915.310497441336,5762.75874786778,6915.310497441336,4610.206998294224,5762.75874786778,4610.206998294224,10372.965746162005,10372.965746162005,9220.413996588448,13830.620994882673,10372.965746162005,5762.75874786778,10372.965746162005,10372.965746162005,5762.75874786778,2305.103499147112,3457.655248720668,4610.206998294224,5762.75874786778,4610.206998294224,6915.310497441336,9220.413996588448,10372.965746162005,4610.206998294224,4610.206998294224,8067.862247014892,5762.75874786778,12678.069245309116,5762.75874786778,13830.620994882673,12678.069245309116,10372.965746162005,8067.862247014892,13830.620994882673,5762.75874786778,3457.655248720668,8067.862247014892,4610.206998294224,0.0,1152.551749573556,1152.551749573556,1152.551749573556,3457.655248720668,1152.551749573556,0.0,3457.655248720668,5762.75874786778,3457.655248720668,4610.206998294224,4610.206998294224,1152.551749573556,2305.103499147112,2305.103499147112,4610.206998294224,5762.75874786778,10372.965746162005,5762.75874786778,4610.206998294224,0.0,4610.206998294224,1152.551749573556,2305.103499147112,3457.655248720668,3457.655248720668,3457.655248720668,1152.551749573556,0.0,4610.206998294224,1152.551749573556,1152.551749573556,5762.75874786778,5762.75874786778,4610.206998294224,5762.75874786778,1152.551749573556,1152.551749573556,3457.655248720668,0.0,1152.551749573556,1152.551749573556,0.0,4610.206998294224,1152.551749573556,0.0,1152.551749573556,2305.103499147112,0.0,2305.103499147112,0.0,1152.551749573556,4610.206998294224,3457.655248720668,5762.75874786778,4610.206998294224,10372.965746162005,3457.655248720668,6915.310497441336,4610.206998294224,8067.862247014892,10372.965746162005,6915.310497441336,9220.413996588448,4610.206998294224,6915.310497441336,11525.51749573556,5762.75874786778,12678.069245309116,3457.655248720668,8067.862247014892,4610.206998294224,16135.724494029784,3457.655248720668,8067.862247014892,4610.206998294224,2305.103499147112,6915.310497441336,13830.620994882673,12678.069245309116,8067.862247014892,13830.620994882673,8067.862247014892,12678.069245309116,6915.310497441336,6915.310497441336,11525.51749573556,13830.620994882673,10372.965746162005,10372.965746162005,10372.965746162005,5762.75874786778,5762.75874786778,8067.862247014892,17288.27624360334,11525.51749573556,6915.310497441336,6915.310497441336,3457.655248720668,3457.655248720668,2305.103499147112,12678.069245309116,6915.310497441336,9220.413996588448,9220.413996588448,,,,,,,,,,,,,,,,,,,,,,,,,,,,,,,,,,,,,,,,,,,,,,,,,,
,,,,,,,,,,,,,,,,,,,,,,,,,,,,,,,,,,,,,,,,,5762.75874786778,6915.310497441336,4610.206998294224,8067.862247014892,11525.51749573556,2305.103499147112,3457.655248720668,9220.413996588448,9220.413996588448,3457.655248720668,5762.75874786778,4610.206998294224,3457.655248720668,6915.310497441336,9220.413996588448,9220.413996588448,6915.310497441336,9220.413996588448,9220.413996588448,3457.655248720668,6915.310497441336,5762.75874786778,2305.103499147112,10372.965746162005,10372.965746162005,6915.310497441336,6915.310497441336,2305.103499147112,8067.862247014892,4610.206998294224,12678.069245309116,4610.206998294224,4610.206998294224,4610.206998294224,8067.862247014892,6915.310497441336,4610.206998294224,3457.655248720668,5762.75874786778,1152.551749573556,2305.103499147112,4610.206998294224,4610.206998294224,3457.655248720668,9220.413996588448,8067.862247014892,9220.413996588448,9220.413996588448,11525.51749573556,10372.965746162005,10372.965746162005,6915.310497441336,5762.75874786778,12678.069245309116,3457.655248720668,4610.206998294224,2305.103499147112,2305.103499147112,3457.655248720668,1152.551749573556,0.0,0.0,1152.551749573556,2305.103499147112,1152.551749573556,1152.551749573556,1152.551749573556,9220.413996588448,3457.655248720668,3457.655248720668,5762.75874786778,5762.75874786778,4610.206998294224,4610.206998294224,4610.206998294224,14983.172744456228,14983.172744456228,16135.724494029784,4610.206998294224,2305.103499147112,8067.862247014892,6915.310497441336,6915.310497441336,5762.75874786778,5762.75874786778,3457.655248720668,1152.551749573556,1152.551749573556,5762.75874786778,2305.103499147112,1152.551749573556,2305.103499147112,4610.206998294224,4610.206998294224,6915.310497441336,8067.862247014892,5762.75874786778,3457.655248720668,0.0,3457.655248720668,1152.551749573556,2305.103499147112,2305.103499147112,1152.551749573556,3457.655248720668,3457.655248720668,1152.551749573556,3457.655248720668,1152.551749573556,1152.551749573556,3457.655248720668,1152.551749573556,2305.103499147112,2305.103499147112,5762.75874786778,8067.862247014892,6915.310497441336,6915.310497441336,6915.310497441336,6915.310497441336,8067.862247014892,2305.103499147112,9220.413996588448,8067.862247014892,6915.310497441336,11525.51749573556,1152.551749573556,10372.965746162005,14983.172744456228,11525.51749573556,8067.862247014892,9220.413996588448,6915.310497441336,9220.413996588448,6915.310497441336,9220.413996588448,9220.413996588448,12678.069245309116,10372.965746162005,10372.965746162005,6915.310497441336,6915.310497441336,3457.655248720668,4610.206998294224,10372.965746162005,10372.965746162005,11525.51749573556,8067.862247014892,11525.51749573556,5762.75874786778,3457.655248720668,2305.103499147112,4610.206998294224,9220.413996588448,9220.413996588448,10372.965746162005,5762.75874786778,8067.862247014892,4610.206998294224,8067.862247014892,10372.965746162005,5762.75874786778,8067.862247014892,4610.206998294224,,,,,,,,,,,,,,,,,,,,,,,,,,,,,,,,,,,,,,,,,,,,,,,,,,,
,,,,,,,,,,,,,,,,,,,,,,,,,,,,,,,,,,,,,,,,,6915.310497441336,8067.862247014892,8067.862247014892,8067.862247014892,11525.51749573556,5762.75874786778,5762.75874786778,3457.655248720668,6915.310497441336,6915.310497441336,11525.51749573556,6915.310497441336,6915.310497441336,3457.655248720668,8067.862247014892,8067.862247014892,10372.965746162005,3457.655248720668,9220.413996588448,6915.310497441336,4610.206998294224,12678.069245309116,6915.310497441336,3457.655248720668,8067.862247014892,2305.103499147112,8067.862247014892,11525.51749573556,4610.206998294224,8067.862247014892,8067.862247014892,6915.310497441336,8067.862247014892,9220.413996588448,4610.206998294224,4610.206998294224,0.0,5762.75874786778,6915.310497441336,6915.310497441336,5762.75874786778,5762.75874786778,1152.551749573556,2305.103499147112,10372.965746162005,8067.862247014892,6915.310497441336,1152.551749573556,4610.206998294224,10372.965746162005,10372.965746162005,2305.103499147112,10372.965746162005,5762.75874786778,3457.655248720668,5762.75874786778,4610.206998294224,1152.551749573556,4610.206998294224,3457.655248720668,1152.551749573556,3457.655248720668,0.0,0.0,1152.551749573556,2305.103499147112,2305.103499147112,3457.655248720668,4610.206998294224,5762.75874786778,12678.069245309116,8067.862247014892,10372.965746162005,5762.75874786778,4610.206998294224,16135.724494029784,14983.172744456228,11525.51749573556,10372.965746162005,6915.310497441336,4610.206998294224,4610.206998294224,3457.655248720668,4610.206998294224,4610.206998294224,5762.75874786778,3457.655248720668,4610.206998294224,1152.551749573556,4610.206998294224,3457.655248720668,2305.103499147112,2305.103499147112,8067.862247014892,0.0,3457.655248720668,1152.551749573556,1152.551749573556,3457.655248720668,0.0,3457.655248720668,8067.862247014892,0.0,6915.310497441336,0.0,2305.103499147112,1152.551749573556,2305.103499147112,0.0,2305.103499147112,1152.551749573556,6915.310497441336,1152.551749573556,4610.206998294224,4610.206998294224,3457.655248720668,4610.206998294224,9220.413996588448,3457.655248720668,8067.862247014892,3457.655248720668,9220.413996588448,12678.069245309116,10372.965746162005,9220.413996588448,6915.310497441336,6915.310497441336,1152.551749573556,1152.551749573556,4610.206998294224,12678.069245309116,8067.862247014892,9220.413996588448,6915.310497441336,8067.862247014892,11525.51749573556,9220.413996588448,9220.413996588448,3457.655248720668,8067.862247014892,9220.413996588448,11525.51749573556,12678.069245309116,6915.310497441336,8067.862247014892,11525.51749573556,10372.965746162005,10372.965746162005,9220.413996588448,5762.75874786778,4610.206998294224,6915.310497441336,6915.310497441336,10372.965746162005,10372.965746162005,6915.310497441336,16135.724494029784,6915.310497441336,4610.206998294224,4610.206998294224,8067.862247014892,8067.862247014892,6915.310497441336,,,,,,,,,,,,,,,,,,,,,,,,,,,,,,,,,,,,,,,,,,,,,,,,,,,,
,,,,,,,,,,,,,,,,,,,,,,,,,,,,,,,,,,,,,,,,,,3457.655248720668,3457.655248720668,5762.75874786778,6915.310497441336,3457.655248720668,6915.310497441336,10372.965746162005,4610.206998294224,4610.206998294224,5762.75874786778,6915.310497441336,5762.75874786778,10372.965746162005,4610.206998294224,3457.655248720668,9220.413996588448,6915.310497441336,8067.862247014892,1152.551749573556,6915.310497441336,9220.413996588448,5762.75874786778,9220.413996588448,11525.51749573556,6915.310497441336,4610.206998294224,6915.310497441336,8067.862247014892,6915.310497441336,5762.75874786778,11525.51749573556,4610.206998294224,3457.655248720668,4610.206998294224,2305.103499147112,3457.655248720668,1152.551749573556,2305.103499147112,5762.75874786778,8067.862247014892,5762.75874786778,4610.206998294224,3457.655248720668,4610.206998294224,6915.310497441336,6915.310497441336,3457.655248720668,5762.75874786778,8067.862247014892,5762.75874786778,4610.206998294224,3457.655248720668,6915.310497441336,9220.413996588448,9220.413996588448,10372.965746162005,9220.413996588448,5762.75874786778,6915.310497441336,4610.206998294224,1152.551749573556,1152.551749573556,0.0,4610.206998294224,3457.655248720668,1152.551749573556,1152.551749573556,4610.206998294224,8067.862247014892,6915.310497441336,17288.27624360334,5762.75874786778,6915.310497441336,4610.206998294224,8067.862247014892,17288.27624360334,10372.965746162005,5762.75874786778,2305.103499147112,1152.551749573556,3457.655248720668,4610.206998294224,5762.75874786778,10372.965746162005,3457.655248720668,2305.103499147112,0.0,1152.551749573556,4610.206998294224,0.0,2305.103499147112,3457.655248720668,3457.655248720668,5762.75874786778,2305.103499147112,1152.551749573556,3457.655248720668,3457.655248720668,3457.655248720668,3457.655248720668,6915.310497441336,5762.75874786778,1152.551749573556,1152.551749573556,2305.103499147112,0.0,0.0,0.0,0.0,1152.551749573556,0.0,3457.655248720668,3457.655248720668,5762.75874786778,3457.655248720668,5762.75874786778,3457.655248720668,5762.75874786778,3457.655248720668,2305.103499147112,6915.310497441336,11525.51749573556,11525.51749573556,3457.655248720668,5762.75874786778,4610.206998294224,6915.310497441336,9220.413996588448,10372.965746162005,6915.310497441336,9220.413996588448,5762.75874786778,3457.655248720668,16135.724494029784,13830.620994882673,2305.103499147112,13830.620994882673,8067.862247014892,3457.655248720668,9220.413996588448,6915.310497441336,6915.310497441336,10372.965746162005,5762.75874786778,9220.413996588448,5762.75874786778,9220.413996588448,8067.862247014892,5762.75874786778,6915.310497441336,5762.75874786778,5762.75874786778,12678.069245309116,12678.069245309116,6915.310497441336,13830.620994882673,2305.103499147112,5762.75874786778,1152.551749573556,6915.310497441336,8067.862247014892,,,,,,,,,,,,,,,,,,,,,,,,,,,,,,,,,,,,,,,,,,,,,,,,,,,,,
,,,,,,,,,,,,,,,,,,,,,,,,,,,,,,,,,,,,,,,,,,5762.75874786778,5762.75874786778,8067.862247014892,8067.862247014892,2305.103499147112,5762.75874786778,8067.862247014892,5762.75874786778,9220.413996588448,10372.965746162005,5762.75874786778,6915.310497441336,4610.206998294224,8067.862247014892,6915.310497441336,14983.172744456228,11525.51749573556,5762.75874786778,10372.965746162005,3457.655248720668,12678.069245309116,9220.413996588448,8067.862247014892,9220.413996588448,11525.51749573556,6915.310497441336,10372.965746162005,9220.413996588448,8067.862247014892,3457.655248720668,9220.413996588448,5762.75874786778,6915.310497441336,6915.310497441336,2305.103499147112,3457.655248720668,3457.655248720668,2305.103499147112,5762.75874786778,3457.655248720668,8067.862247014892,5762.75874786778,3457.655248720668,9220.413996588448,6915.310497441336,6915.310497441336,3457.655248720668,4610.206998294224,4610.206998294224,3457.655248720668,3457.655248720668,2305.103499147112,4610.206998294224,10372.965746162005,4610.206998294224,9220.413996588448,17288.27624360334,6915.310497441336,6915.310497441336,6915.310497441336,5762.75874786778,4610.206998294224,1152.551749573556,1152.551749573556,5762.75874786778,4610.206998294224,5762.75874786778,1152.551749573556,5762.75874786778,8067.862247014892,6915.310497441336,4610.206998294224,14983.172744456228,5762.75874786778,5762.75874786778,12678.069245309116,6915.310497441336,3457.655248720668,2305.103499147112,1152.551749573556,3457.655248720668,4610.206998294224,1152.551749573556,3457.655248720668,0.0,0.0,1152.551749573556,2305.103499147112,2305.103499147112,2305.103499147112,2305.103499147112,1152.551749573556,2305.103499147112,4610.206998294224,2305.103499147112,0.0,2305.103499147112,1152.551749573556,1152.551749573556,0.0,1152.551749573556,2305.103499147112,3457.655248720668,1152.551749573556,1152.551749573556,6915.310497441336,1152.551749573556,2305.103499147112,2305.103499147112,1152.551749573556,1152.551749573556,5762.75874786778,4610.206998294224,8067.862247014892,4610.206998294224,3457.655248720668,2305.103499147112,6915.310497441336,6915.310497441336,5762.75874786778,8067.862247014892,4610.206998294224,10372.965746162005,6915.310497441336,5762.75874786778,9220.413996588448,9220.413996588448,9220.413996588448,8067.862247014892,8067.862247014892,11525.51749573556,8067.862247014892,13830.620994882673,11525.51749573556,12678.069245309116,11525.51749573556,10372.965746162005,8067.862247014892,10372.965746162005,3457.655248720668,6915.310497441336,11525.51749573556,12678.069245309116,9220.413996588448,10372.965746162005,11525.51749573556,6915.310497441336,11525.51749573556,9220.413996588448,5762.75874786778,9220.413996588448,6915.310497441336,9220.413996588448,5762.75874786778,9220.413996588448,8067.862247014892,6915.310497441336,8067.862247014892,,,,,,,,,,,,,,,,,,,,,,,,,,,,,,,,,,,,,,,,,,,,,,,,,,,,,,,,
,,,,,,,,,,,,,,,,,,,,,,,,,,,,,,,,,,,,,,,,,,10372.965746162005,2305.103499147112,5762.75874786778,10372.965746162005,8067.862247014892,8067.862247014892,6915.310497441336,3457.655248720668,3457.655248720668,2305.103499147112,4610.206998294224,4610.206998294224,10372.965746162005,9220.413996588448,12678.069245309116,6915.310497441336,1152.551749573556,11525.51749573556,2305.103499147112,4610.206998294224,9220.413996588448,10372.965746162005,6915.310497441336,6915.310497441336,6915.310497441336,3457.655248720668,10372.965746162005,9220.413996588448,3457.655248720668,8067.862247014892,6915.310497441336,5762.75874786778,11525.51749573556,3457.655248720668,3457.655248720668,3457.655248720668,5762.75874786778,8067.862247014892,5762.75874786778,2305.103499147112,9220.413996588448,3457.655248720668,8067.862247014892,16135.724494029784,10372.965746162005,10372.965746162005,10372.965746162005,3457.655248720668,3457.655248720668,10372.965746162005,6915.310497441336,6915.310497441336,6915.310497441336,5762.75874786778,6915.310497441336,11525.51749573556,12678.069245309116,14983.172744456228,10372.965746162005,6915.310497441336,5762.75874786778,4610.206998294224,2305.103499147112,4610.206998294224,0.0,5762.75874786778,3457.655248720668,4610.206998294224,5762.75874786778,3457.655248720668,1152.551749573556,5762.75874786778,6915.310497441336,13830.620994882673,5762.75874786778,4610.206998294224,4610.206998294224,4610.206998294224,2305.103499147112,4610.206998294224,6915.310497441336,1152.551749573556,2305.103499147112,2305.103499147112,3457.655248720668,5762.75874786778,0.0,3457.655248720668,4610.206998294224,1152.551749573556,2305.103499147112,4610.206998294224,5762.75874786778,3457.655248720668,1152.551749573556,4610.206998294224,4610.206998294224,2305.103499147112,0.0,6915.310497441336,0.0,4610.206998294224,2305.103499147112,4610.206998294224,2305.103499147112,0.0,2305.103499147112,2305.103499147112,0.0,2305.103499147112,0.0,3457.655248720668,1152.551749573556,5762.75874786778,1152.551749573556,5762.75874786778,3457.655248720668,1152.551749573556,5762.75874786778,9220.413996588448,6915.310497441336,10372.965746162005,4610.206998294224,10372.965746162005,9220.413996588448,5762.75874786778,6915.310497441336,4610.206998294224,19593.37974275045,16135.724494029784,13830.620994882673,8067.862247014892,9220.413996588448,6915.310497441336,6915.310497441336,2305.103499147112,5762.75874786778,4610.206998294224,5762.75874786778,2305.103499147112,13830.620994882673,9220.413996588448,8067.862247014892,10372.965746162005,11525.51749573556,6915.310497441336,10372.965746162005,6915.310497441336,4610.206998294224,11525.51749573556,5762.75874786778,9220.413996588448,10372.965746162005,2305.103499147112,9220.413996588448,8067.862247014892,9220.413996588448,,,,,,,,,,,,,,,,,,,,,,,,,,,,,,,,,,,,,,,,,,,,,,,,,,,,,,,,,
,,,,,,,,,,,,,,,,,,,,,,,,,,,,,,,,,,,,,,,,,,,4610.206998294224,5762.75874786778,11525.51749573556,6915.310497441336,8067.862247014892,10372.965746162005,6915.310497441336,8067.862247014892,4610.206998294224,6915.310497441336,3457.655248720668,9220.413996588448,6915.310497441336,4610.206998294224,6915.310497441336,6915.310497441336,5762.75874786778,8067.862247014892,13830.620994882673,12678.069245309116,6915.310497441336,11525.51749573556,2305.103499147112,5762.75874786778,6915.310497441336,9220.413996588448,12678.069245309116,3457.655248720668,13830.620994882673,10372.965746162005,4610.206998294224,8067.862247014892,5762.75874786778,5762.75874786778,3457.655248720668,3457.655248720668,3457.655248720668,8067.862247014892,4610.206998294224,6915.310497441336,5762.75874786778,11525.51749573556,6915.310497441336,8067.862247014892,11525.51749573556,11525.51749573556,4610.206998294224,5762.75874786778,4610.206998294224,8067.862247014892,0.0,3457.655248720668,6915.310497441336,8067.862247014892,4610.206998294224,12678.069245309116,13830.620994882673,18440.827993176896,8067.862247014892,5762.75874786778,6915.310497441336,2305.103499147112,5762.75874786778,5762.75874786778,3457.655248720668,5762.75874786778,4610.206998294224,2305.103499147112,3457.655248720668,4610.206998294224,12678.069245309116,12678.069245309116,5762.75874786778,11525.51749573556,26508.690240191787,11525.51749573556,10372.965746162005,5762.75874786778,6915.310497441336,5762.75874786778,1152.551749573556,3457.655248720668,4610.206998294224,3457.655248720668,3457.655248720668,2305.103499147112,4610.206998294224,2305.103499147112,2305.103499147112,2305.103499147112,4610.206998294224,1152.551749573556,6915.310497441336,4610.206998294224,0.0,1152.551749573556,0.0,1152.551749573556,1152.551749573556,0.0,0.0,3457.655248720668,0.0,2305.103499147112,1152.551749573556,1152.551749573556,0.0,1152.551749573556,0.0,5762.75874786778,1152.551749573556,6915.310497441336,2305.103499147112,3457.655248720668,8067.862247014892,3457.655248720668,4610.206998294224,3457.655248720668,3457.655248720668,12678.069245309116,6915.310497441336,4610.206998294224,4610.206998294224,11525.51749573556,11525.51749573556,11525.51749573556,8067.862247014892,12678.069245309116,10372.965746162005,10372.965746162005,4610.206998294224,16135.724494029784,4610.206998294224,9220.413996588448,12678.069245309116,6915.310497441336,11525.51749573556,5762.75874786778,10372.965746162005,5762.75874786778,1152.551749573556,6915.310497441336,6915.310497441336,3457.655248720668,11525.51749573556,2305.103499147112,13830.620994882673,9220.413996588448,10372.965746162005,3457.655248720668,8067.862247014892,9220.413996588448,8067.862247014892,5762.75874786778,0.0,4610.206998294224,,,,,,,,,,,,,,,,,,,,,,,,,,,,,,,,,,,,,,,,,,,,,,,,,,,,,,,,,
,,,,,,,,,,,,,,,,,,,,,,,,,,,,,,,,,,,,,,,,,,,8067.862247014892,3457.655248720668,3457.655248720668,4610.206998294224,5762.75874786778,3457.655248720668,6915.310497441336,5762.75874786778,11525.51749573556,12678.069245309116,3457.655248720668,10372.965746162005,10372.965746162005,4610.206998294224,8067.862247014892,5762.75874786778,6915.310497441336,8067.862247014892,12678.069245309116,4610.206998294224,12678.069245309116,6915.310497441336,9220.413996588448,11525.51749573556,9220.413996588448,8067.862247014892,9220.413996588448,2305.103499147112,5762.75874786778,8067.862247014892,10372.965746162005,5762.75874786778,6915.310497441336,10372.965746162005,11525.51749573556,6915.310497441336,4610.206998294224,3457.655248720668,9220.413996588448,2305.103499147112,12678.069245309116,8067.862247014892,4610.206998294224,8067.862247014892,4610.206998294224,0.0,4610.206998294224,9220.413996588448,10372.965746162005,5762.75874786778,1152.551749573556,6915.310497441336,3457.655248720668,2305.103499147112,3457.655248720668,9220.413996588448,13830.620994882673,11525.51749573556,8067.862247014892,9220.413996588448,3457.655248720668,6915.310497441336,3457.655248720668,8067.862247014892,4610.206998294224,14983.172744456228,9220.413996588448,9220.413996588448,4610.206998294224,13830.620994882673,13830.620994882673,6915.310497441336,10372.965746162005,5762.75874786778,16135.724494029784,9220.413996588448,8067.862247014892,9220.413996588448,8067.862247014892,4610.206998294224,2305.103499147112,2305.103499147112,4610.206998294224,5762.75874786778,3457.655248720668,3457.655248720668,2305.103499147112,2305.103499147112,2305.103499147112,2305.103499147112,2305.103499147112,3457.655248720668,0.0,2305.103499147112,1152.551749573556,1152.551749573556,3457.655248720668,1152.551749573556,1152.551749573556,1152.551749573556,1152.551749573556,1152.551749573556,2305.103499147112,5762.75874786778,1152.551749573556,4610.206998294224,1152.551749573556,4610.206998294224,4610.206998294224,5762.75874786778,2305.103499147112,0.0,5762.75874786778,3457.655248720668,4610.206998294224,2305.103499147112,3457.655248720668,5762.75874786778,6915.310497441336,8067.862247014892,4610.206998294224,5762.75874786778,3457.655248720668,10372.965746162005,6915.310497441336,10372.965746162005,6915.310497441336,5762.75874786778,10372.965746162005,6915.310497441336,10372.965746162005,10372.965746162005,9220.413996588448,16135.724494029784,12678.069245309116,6915.310497441336,12678.069245309116,8067.862247014892,8067.862247014892,11525.51749573556,4610.206998294224,10372.965746162005,4610.206998294224,10372.965746162005,4610.206998294224,12678.069245309116,8067.862247014892,14983.172744456228,6915.310497441336,10372.965746162005,4610.206998294224,5762.75874786778,6915.310497441336,5762.75874786778,6915.310497441336,8067.862247014892,,,,,,,,,,,,,,,,,,,,,,,,,,,,,,,,,,,,,,,,,,,,,,,,,,,,,,,,,
,,,,,,,,,,,,,,,,,,,,,,,,,,,,,,,,,,,,,,,,,,,,5762.75874786778,4610.206998294224,9220.413996588448,6915.310497441336,4610.206998294224,6915.310497441336,5762.75874786778,6915.310497441336,5762.75874786778,8067.862247014892,5762.75874786778,8067.862247014892,8067.862247014892,6915.310497441336,9220.413996588448,4610.206998294224,2305.103499147112,10372.965746162005,10372.965746162005,5762.75874786778,2305.103499147112,5762.75874786778,6915.310497441336,5762.75874786778,14983.172744456228,8067.862247014892,10372.965746162005,8067.862247014892,5762.75874786778,5762.75874786778,2305.103499147112,8067.862247014892,6915.310497441336,10372.965746162005,4610.206998294224,6915.310497441336,4610.206998294224,5762.75874786778,12678.069245309116,9220.413996588448,4610.206998294224,4610.206998294224,4610.206998294224,4610.206998294224,6915.310497441336,4610.206998294224,8067.862247014892,9220.413996588448,9220.413996588448,4610.206998294224,5762.75874786778,4610.206998294224,8067.862247014892,5762.75874786778,10372.965746162005,5762.75874786778,4610.206998294224,11525.51749573556,4610.206998294224,3457.655248720668,3457.655248720668,5762.75874786778,4610.206998294224,3457.655248720668,5762.75874786778,6915.310497441336,8067.862247014892,9220.413996588448,5762.75874786778,11525.51749573556,9220.413996588448,5762.75874786778,6915.310497441336,13830.620994882673,14983.172744456228,3457.655248720668,4610.206998294224,4610.206998294224,5762.75874786778,4610.206998294224,0.0,1152.551749573556,4610.206998294224,3457.655248720668,0.0,1152.551749573556,1152.551749573556,3457.655248720668,2305.103499147112,3457.655248720668,2305.103499147112,0.0,2305.103499147112,2305.103499147112,0.0,3457.655248720668,1152.551749573556,1152.551749573556,0.0,1152.551749573556,2305.103499147112,0.0,1152.551749573556,2305.103499147112,3457.655248720668,0.0,3457.655248720668,4610.206998294224,0.0,4610.206998294224,8067.862247014892,4610.206998294224,4610.206998294224,3457.655248720668,6915.310497441336,3457.655248720668,5762.75874786778,4610.206998294224,3457.655248720668,3457.655248720668,5762.75874786778,6915.310497441336,5762.75874786778,5762.75874786778,5762.75874786778,5762.75874786778,8067.862247014892,6915.310497441336,11525.51749573556,6915.310497441336,8067.862247014892,8067.862247014892,9220.413996588448,10372.965746162005,14983.172744456228,11525.51749573556,5762.75874786778,8067.862247014892,5762.75874786778,6915.310497441336,9220.413996588448,6915.310497441336,5762.75874786778,11525.51749573556,2305.103499147112,3457.655248720668,6915.310497441336,5762.75874786778,11525.51749573556,10372.965746162005,9220.413996588448,5762.75874786778,8067.862247014892,5762.75874786778,5762.75874786778,,,,,,,,,,,,,,,,,,,,,,,,,,,,,,,,,,,,,,,,,,,,,,,,,,,,,,,,,
,,,,,,,,,,,,,,,,,,,,,,,,,,,,,,,,,,,,,,,,,,,,4610.206998294224,3457.655248720668,3457.655248720668,3457.655248720668,4610.206998294224,3457.655248720668,1152.551749573556,5762.75874786778,16135.724494029784,4610.206998294224,6915.310497441336,13830.620994882673,11525.51749573556,6915.310497441336,8067.862247014892,5762.75874786778,14983.172744456228,3457.655248720668,5762.75874786778,6915.310497441336,10372.965746162005,6915.310497441336,8067.862247014892,4610.206998294224,5762.75874786778,5762.75874786778,5762.75874786778,11525.51749573556,12678.069245309116,5762.75874786778,6915.310497441336,16135.724494029784,9220.413996588448,12678.069245309116,4610.206998294224,5762.75874786778,9220.413996588448,6915.310497441336,9220.413996588448,4610.206998294224,6915.310497441336,8067.862247014892,10372.965746162005,4610.206998294224,4610.206998294224,3457.655248720668,2305.103499147112,10372.965746162005,10372.965746162005,9220.413996588448,3457.655248720668,4610.206998294224,3457.655248720668,8067.862247014892,11525.51749573556,11525.51749573556,4610.206998294224,5762.75874786778,4610.206998294224,5762.75874786778,3457.655248720668,3457.655248720668,0.0,4610.206998294224,6915.310497441336,3457.655248720668,6915.310497441336,8067.862247014892,1152.551749573556,3457.655248720668,9220.413996588448,1152.551749573556,4610.206998294224,5762.75874786778,4610.206998294224,4610.206998294224,8067.862247014892,3457.655248720668,3457.655248720668,2305.103499147112,2305.103499147112,1152.551749573556,4610.206998294224,1152.551749573556,0.0,0.0,0.0,5762.75874786778,0.0,0.0,0.0,0.0,2305.103499147112,0.0,0.0,2305.103499147112,1152.551749573556,1152.551749573556,0.0,2305.103499147112,0.0,0.0,0.0,1152.551749573556,0.0,2305.103499147112,1152.551749573556,3457.655248720668,0.0,6915.310497441336,3457.655248720668,1152.551749573556,5762.75874786778,1152.551749573556,3457.655248720668,5762.75874786778,9220.413996588448,10372.965746162005,3457.655248720668,4610.206998294224,8067.862247014892,8067.862247014892,8067.862247014892,5762.75874786778,6915.310497441336,11525.51749573556,9220.413996588448,13830.620994882673,13830.620994882673,13830.620994882673,11525.51749573556,11525.51749573556,9220.413996588448,9220.413996588448,5762.75874786778,8067.862247014892,12678.069245309116,12678.069245309116,5762.75874786778,9220.413996588448,10372.965746162005,2305.103499147112,11525.51749573556,5762.75874786778,10372.965746162005,16135.724494029784,10372.965746162005,6915.310497441336,10372.965746162005,10372.965746162005,8067.862247014892,6915.310497441336,8067.862247014892,6915.310497441336,,,,,,,,,,,,,,,,,,,,,,,,,,,,,,,,,,,,,,,,,,,,,,,,,,,,,,,,,,
,,,,,,,,,,,,,,,,,,,,,,,,,,,,,,,,,,,,,,,,,,,,11525.51749573556,10372.965746162005,5762.75874786778,6915.310497441336,4610.206998294224,3457.655248720668,4610.206998294224,11525.51749573556,11525.51749573556,9220.413996588448,10372.965746162005,8067.862247014892,3457.655248720668,5762.75874786778,3457.655248720668,10372.965746162005,4610.206998294224,10372.965746162005,8067.862247014892,11525.51749573556,12678.069245309116,8067.862247014892,10372.965746162005,13830.620994882673,10372.965746162005,6915.310497441336,8067.862247014892,11525.51749573556,8067.862247014892,8067.862247014892,4610.206998294224,4610.206998294224,10372.965746162005,9220.413996588448,8067.862247014892,8067.862247014892,8067.862247014892,12678.069245309116,9220.413996588448,14983.172744456228,10372.965746162005,2305.103499147112,9220.413996588448,12678.069245309116,3457.655248720668,4610.206998294224,5762.75874786778,6915.310497441336,6915.310497441336,6915.310497441336,11525.51749573556,6915.310497441336,9220.413996588448,1152.551749573556,6915.310497441336,4610.206998294224,12678.069245309116,6915.310497441336,4610.206998294224,6915.310497441336,4610.206998294224,6915.310497441336,3457.655248720668,1152.551749573556,3457.655248720668,8067.862247014892,10372.965746162005,6915.310497441336,4610.206998294224,8067.862247014892,3457.655248720668,1152.551749573556,3457.655248720668,1152.551749573556,5762.75874786778,3457.655248720668,1152.551749573556,3457.655248720668,3457.655248720668,3457.655248720668,0.0,0.0,1152.551749573556,1152.551749573556,1152.551749573556,0.0,4610.206998294224,1152.551749573556,1152.551749573556,0.0,0.0,1152.551749573556,1152.551749573556,2305.103499147112,0.0,2305.103499147112,1152.551749573556,1152.551749573556,2305.103499147112,0.0,0.0,2305.103499147112,2305.103499147112,1152.551749573556,1152.551749573556,1152.551749573556,5762.75874786778,1152.551749573556,0.0,4610.206998294224,5762.75874786778,4610.206998294224,5762.75874786778,2305.103499147112,0.0,3457.655248720668,4610.206998294224,2305.103499147112,12678.069245309116,10372.965746162005,6915.310497441336,11525.51749573556,2305.103499147112,10372.965746162005,10372.965746162005,11525.51749573556,3457.655248720668,8067.862247014892,6915.310497441336,6915.310497441336,6915.310497441336,0.0,10372.965746162005,6915.310497441336,5762.75874786778,12678.069245309116,11525.51749573556,5762.75874786778,6915.310497441336,5762.75874786778,13830.620994882673,11525.51749573556,13830.620994882673,12678.069245309116,5762.75874786778,12678.069245309116,4610.206998294224,9220.413996588448,11525.51749573556,11525.51749573556,11525.51749573556,2305.103499147112,11525.51749573556,4610.206998294224,,,,,,,,,,,,,,,,,,,,,,,,,,,,,,,,,,,,,,,,,,,,,,,,,,,,,,,,,,
,,,,,,,,,,,,,,,,,,,,,,,,,,,,,,,,,,,,,,,,,,,,9220.413996588448,4610.206998294224,12678.069245309116,4610.206998294224,8067.862247014892,10372.965746162005,5762.75874786778,10372.965746162005,8067.862247014892,9220.413996588448,6915.310497441336,18440.827993176896,5762.75874786778,5762.75874786778,13830.620994882673,5762.75874786778,16135.724494029784,3457.655248720668,8067.862247014892,6915.310497441336,5762.75874786778,8067.862247014892,4610.206998294224,4610.206998294224,6915.310497441336,3457.655248720668,5762.75874786778,11525.51749573556,5762.75874786778,8067.862247014892,9220.413996588448,4610.206998294224,6915.310497441336,5762.75874786778,4610.206998294224,4610.206998294224,8067.862247014892,4610.206998294224,11525.51749573556,4610.206998294224,13830.620994882673,10372.965746162005,11525.51749573556,9220.413996588448,4610.206998294224,5762.75874786778,9220.413996588448,4610.206998294224,5762.75874786778,13830.620994882673,6915.310497441336,6915.310497441336,17288.27624360334,8067.862247014892,10372.965746162005,12678.069245309116,6915.310497441336,3457.655248720668,8067.862247014892,4610.206998294224,2305.103499147112,4610.206998294224,4610.206998294224,3457.655248720668,1152.551749573556,3457.655248720668,8067.862247014892,10372.965746162005,2305.103499147112,3457.655248720668,2305.103499147112,3457.655248720668,2305.103499147112,0.0,3457.655248720668,4610.206998294224,2305.103499147112,3457.655248720668,1152.551749573556,2305.103499147112,0.0,1152.551749573556,1152.551749573556,2305.103499147112,1152.551749573556,1152.551749573556,1152.551749573556,1152.551749573556,4610.206998294224,0.0,0.0,1152.551749573556,3457.655248720668,0.0,0.0,1152.551749573556,0.0,1152.551749573556,2305.103499147112,1152.551749573556,0.0,3457.655248720668,0.0,0.0,1152.551749573556,1152.551749573556,1152.551749573556,3457.655248720668,3457.655248720668,4610.206998294224,1152.551749573556,3457.655248720668,11525.51749573556,2305.103499147112,6915.310497441336,3457.655248720668,3457.655248720668,3457.655248720668,10372.965746162005,13830.620994882673,9220.413996588448,14983.172744456228,6915.310497441336,10372.965746162005,9220.413996588448,4610.206998294224,5762.75874786778,10372.965746162005,11525.51749573556,8067.862247014892,6915.310497441336,5762.75874786778,5762.75874786778,10372.965746162005,4610.206998294224,13830.620994882673,6915.310497441336,3457.655248720668,4610.206998294224,5762.75874786778,8067.862247014892,4610.206998294224,5762.75874786778,6915.310497441336,8067.862247014892,12678.069245309116,14983.172744456228,9220.413996588448,6915.310497441336,10372.965746162005,3457.655248720668,6915.310497441336,4610.206998294224,,,,,,,,,,,,,,,,,,,,,,,,,,,,,,,,,,,,,,,,,,,,,,,,,,,,,,,,,,,
,,,,,,,,,,,,,,,,,,,,,,,,,,,,,,,,,,,,,,,,,,,,,5762.75874786778,4610.206998294224,6915.310497441336,4610.206998294224,6915.310497441336,8067.862247014892,5762.75874786778,5762.75874786778,12678.069245309116,10372.965746162005,6915.310497441336,10372.965746162005,5762.75874786778,5762.75874786778,8067.862247014892,3457.655248720668,9220.413996588448,6915.310497441336,10372.965746162005,8067.862247014892,6915.310497441336,5762.75874786778,6915.310497441336,8067.862247014892,10372.965746162005,12678.069245309116,3457.655248720668,10372.965746162005,6915.310497441336,12678.069245309116,11525.51749573556,17288.27624360334,11525.51749573556,3457.655248720668,6915.310497441336,5762.75874786778,5762.75874786778,6915.310497441336,12678.069245309116,9220.413996588448,8067.862247014892,5762.75874786778,13830.620994882673,8067.862247014892,5762.75874786778,5762.75874786778,6915.310497441336,3457.655248720668,2305.103499147112,10372.965746162005,6915.310497441336,8067.862247014892,9220.413996588448,6915.310497441336,8067.862247014892,8067.862247014892,4610.206998294224,4610.206998294224,2305.103499147112,4610.206998294224,2305.103499147112,5762.75874786778,3457.655248720668,1152.551749573556,2305.103499147112,2305.103499147112,8067.862247014892,2305.103499147112,0.0,3457.655248720668,3457.655248720668,1152.551749573556,2305.103499147112,2305.103499147112,2305.103499147112,1152.551749573556,1152.551749573556,0.0,0.0,1152.551749573556,2305.103499147112,2305.103499147112,3457.655248720668,3457.655248720668,0.0,0.0,0.0,1152.551749573556,1152.551749573556,1152.551749573556,2305.103499147112,0.0,0.0,1152.551749573556,2305.103499147112,1152.551749573556,2305.103499147112,1152.551749573556,1152.551749573556,0.0,0.0,1152.551749573556,2305.103499147112,2305.103499147112,2305.103499147112,1152.551749573556,3457.655248720668,5762.75874786778,6915.310497441336,5762.75874786778,6915.310497441336,2305.103499147112,3457.655248720668,4610.206998294224,5762.75874786778,5762.75874786778,2305.103499147112,5762.75874786778,11525.51749573556,9220.413996588448,11525.51749573556,5762.75874786778,11525.51749573556,5762.75874786778,3457.655248720668,5762.75874786778,5762.75874786778,3457.655248720668,8067.862247014892,9220.413996588448,1152.551749573556,14983.172744456228,9220.413996588448,4610.206998294224,10372.965746162005,2305.103499147112,3457.655248720668,12678.069245309116,8067.862247014892,14983.172744456228,2305.103499147112,10372.965746162005,13830.620994882673,6915.310497441336,4610.206998294224,6915.310497441336,4610.206998294224,2305.103499147112,8067.862247014892,6915.310497441336,,,,,,,,,,,,,,,,,,,,,,,,,,,,,,,,,,,,,,,,,,,,,,,,,,,,,,,,,,,,,
,,,,,,,,,,,,,,,,,,,,,,,,,,,,,,,,,,,,,,,,,,,,,,4610.206998294224,8067.862247014892,8067.862247014892,5762.75874786778,3457.655248720668,8067.862247014892,8067.862247014892,5762.75874786778,4610.206998294224,6915.310497441336,5762.75874786778,12678.069245309116,6915.310497441336,6915.310497441336,9220.413996588448,8067.862247014892,8067.862247014892,10372.965746162005,6915.310497441336,5762.75874786778,13830.620994882673,5762.75874786778,10372.965746162005,4610.206998294224,14983.172744456228,16135.724494029784,8067.862247014892,6915.310497441336,8067.862247014892,6915.310497441336,4610.206998294224,1152.551749573556,5762.75874786778,8067.862247014892,5762.75874786778,4610.206998294224,14983.172744456228,8067.862247014892,9220.413996588448,11525.51749573556,2305.103499147112,11525.51749573556,9220.413996588448,11525.51749573556,5762.75874786778,1152.551749573556,4610.206998294224,8067.862247014892,11525.51749573556,4610.206998294224,3457.655248720668,6915.310497441336,8067.862247014892,10372.965746162005,13830.620994882673,4610.206998294224,2305.103499147112,2305.103499147112,6915.310497441336,6915.310497441336,0.0,4610.206998294224,3457.655248720668,1152.551749573556,1152.551749573556,12678.069245309116,3457.655248720668,3457.655248720668,4610.206998294224,2305.103499147112,2305.103499147112,2305.103499147112,0.0,2305.103499147112,1152.551749573556,1152.551749573556,0.0,1152.551749573556,1152.551749573556,1152.551749573556,2305.103499147112,2305.103499147112,0.0,3457.655248720668,0.0,3457.655248720668,0.0,0.0,1152.551749573556,0.0,2305.103499147112,0.0,0.0,2305.103499147112,1152.551749573556,5762.75874786778,2305.103499147112,1152.551749573556,0.0,1152.551749573556,0.0,0.0,2305.103499147112,0.0,0.0,2305.103499147112,1152.551749573556,4610.206998294224,3457.655248720668,2305.103499147112,3457.655248720668,8067.862247014892,4610.206998294224,5762.75874786778,10372.965746162005,4610.206998294224,5762.75874786778,5762.75874786778,9220.413996588448,8067.862247014892,2305.103499147112,9220.413996588448,10372.965746162005,4610.206998294224,13830.620994882673,3457.655248720668,5762.75874786778,12678.069245309116,9220.413996588448,10372.965746162005,6915.310497441336,8067.862247014892,6915.310497441336,10372.965746162005,6915.310497441336,9220.413996588448,9220.413996588448,8067.862247014892,6915.310497441336,6915.310497441336,5762.75874786778,9220.413996588448,8067.862247014892,3457.655248720668,12678.069245309116,4610.206998294224,5762.75874786778,8067.862247014892,2305.103499147112,,,,,,,,,,,,,,,,,,,,,,,,,,,,,,,,,,,,,,,,,,,,,,,,,,,,,,,,,,,,,
,,,,,,,,,,,,,,,,,,,,,,,,,,,,,,,,,,,,,,,,,,,,,,,8067.862247014892,5762.75874786778,9220.413996588448,2305.103499147112,6915.310497441336,2305.103499147112,6915.310497441336,6915.310497441336,9220.413996588448,12678.069245309116,8067.862247014892,6915.310497441336,6915.310497441336,11525.51749573556,5762.75874786778,8067.862247014892,8067.862247014892,5762.75874786778,12678.069245309116,5762.75874786778,5762.75874786778,8067.862247014892,9220.413996588448,3457.655248720668,1152.551749573556,8067.862247014892,9220.413996588448,6915.310497441336,5762.75874786778,3457.655248720668,8067.862247014892,3457.655248720668,4610.206998294224,4610.206998294224,8067.862247014892,8067.862247014892,8067.862247014892,12678.069245309116,6915.310497441336,13830.620994882673,4610.206998294224,10372.965746162005,18440.827993176896,11525.51749573556,1152.551749573556,1152.551749573556,6915.310497441336,12678.069245309116,9220.413996588448,23051.03499147112,8067.862247014892,12678.069245309116,10372.965746162005,11525.51749573556,4610.206998294224,4610.206998294224,0.0,2305.103499147112,1152.551749573556,0.0,3457.655248720668,2305.103499147112,2305.103499147112,3457.655248720668,3457.655248720668,1152.551749573556,3457.655248720668,2305.103499147112,2305.103499147112,2305.103499147112,1152.551749573556,2305.103499147112,2305.103499147112,0.0,0.0,2305.103499147112,3457.655248720668,0.0,2305.103499147112,0.0,0.0,2305.103499147112,2305.103499147112,0.0,0.0,0.0,0.0,1152.551749573556,2305.103499147112,1152.551749573556,2305.103499147112,0.0,1152.551749573556,4610.206998294224,1152.551749573556,0.0,1152.551749573556,0.0,2305.103499147112,0.0,1152.551749573556,1152.551749573556,0.0,3457.655248720668,4610.206998294224,2305.103499147112,8067.862247014892,4610.206998294224,6915.310497441336,6915.310497441336,10372.965746162005,5762.75874786778,8067.862247014892,4610.206998294224,8067.862247014892,5762.75874786778,12678.069245309116,14983.172744456228,10372.965746162005,8067.862247014892,3457.655248720668,8067.862247014892,4610.206998294224,8067.862247014892,8067.862247014892,2305.103499147112,4610.206998294224,12678.069245309116,5762.75874786778,10372.965746162005,12678.069245309116,12678.069245309116,10372.965746162005,10372.965746162005,9220.413996588448,5762.75874786778,11525.51749573556,9220.413996588448,4610.206998294224,5762.75874786778,8067.862247014892,4610.206998294224,6915.310497441336,8067.862247014892,3457.655248720668,3457.655248720668,6915.310497441336,3457.655248720668,8067.862247014892,,,,,,,,,,,,,,,,,,,,,,,,,,,,,,,,,,,,,,,,,,,,,,,,,,,,,,,,,,,,
,,,,,,,,,,,,,,,,,,,,,,,,,,,,,,,,,,,,,,,,,,,,,,,6915.310497441336,3457.655248720668,8067.862247014892,6915.310497441336,10372.965746162005,,5762.75874786778,4610.206998294224,6915.310497441336,11525.51749573556,5762.75874786778,14983.172744456228,11525.51749573556,9220.413996588448,2305.103499147112,4610.206998294224,10372.965746162005,6915.310497441336,4610.206998294224,6915.310497441336,8067.862247014892,9220.413996588448,8067.862247014892,8067.862247014892,6915.310497441336,8067.862247014892,10372.965746162005,6915.310497441336,16135.724494029784,12678.069245309116,9220.413996588448,6915.310497441336,9220.413996588448,9220.413996588448,9220.413996588448,9220.413996588448,5762.75874786778,8067.862247014892,5762.75874786778,11525.51749573556,12678.069245309116,12678.069245309116,5762.75874786778,9220.413996588448,5762.75874786778,2305.103499147112,4610.206998294224,14983.172744456228,11525.51749573556,6915.310497441336,11525.51749573556,13830.620994882673,18440.827993176896,4610.206998294224,2305.103499147112,2305.103499147112,0.0,5762.75874786778,8067.862247014892,1152.551749573556,0.0,1152.551749573556,1152.551749573556,4610.206998294224,2305.103499147112,4610.206998294224,2305.103499147112,1152.551749573556,1152.551749573556,3457.655248720668,0.0,0.0,2305.103499147112,0.0,0.0,0.0,0.0,0.0,1152.551749573556,1152.551749573556,1152.551749573556,2305.103499147112,2305.103499147112,1152.551749573556,3457.655248720668,1152.551749573556,0.0,0.0,0.0,3457.655248720668,0.0,0.0,1152.551749573556,0.0,3457.655248720668,1152.551749573556,1152.551749573556,1152.551749573556,0.0,1152.551749573556,1152.551749573556,4610.206998294224,3457.655248720668,4610.206998294224,6915.310497441336,4610.206998294224,8067.862247014892,14983.172744456228,8067.862247014892,8067.862247014892,4610.206998294224,3457.655248720668,9220.413996588448,5762.75874786778,4610.206998294224,8067.862247014892,4610.206998294224,9220.413996588448,8067.862247014892,6915.310497441336,5762.75874786778,8067.862247014892,4610.206998294224,8067.862247014892,4610.206998294224,8067.862247014892,3457.655248720668,13830.620994882673,13830.620994882673,6915.310497441336,6915.310497441336,14983.172744456228,9220.413996588448,8067.862247014892,9220.413996588448,5762.75874786778,8067.862247014892,6915.310497441336,5762.75874786778,11525.51749573556,17288.27624360334,10372.965746162005,8067.862247014892,9220.413996588448,5762.75874786778,9220.413996588448,4610.206998294224,6915.310497441336,6915.310497441336,,,,,,,,,,,,,,,,,,,,,,,,,,,,,,,,,,,,,,,,,,,,,,,,,,,,,,,,,,,,
,,,,,,,,,,,,,,,,,,,,,,,,,,,,,,,,,,,,,,,,,,,,,,,,5762.75874786778,11525.51749573556,5762.75874786778,5762.75874786778,,,5762.75874786778,10372.965746162005,2305.103499147112,3457.655248720668,8067.862247014892,5762.75874786778,6915.310497441336,9220.413996588448,10372.965746162005,13830.620994882673,4610.206998294224,1152.551749573556,8067.862247014892,8067.862247014892,8067.862247014892,5762.75874786778,10372.965746162005,10372.965746162005,9220.413996588448,5762.75874786778,5762.75874786778,6915.310497441336,3457.655248720668,6915.310497441336,8067.862247014892,6915.310497441336,0.0,10372.965746162005,9220.413996588448,10372.965746162005,8067.862247014892,14983.172744456228,9220.413996588448,10372.965746162005,4610.206998294224,9220.413996588448,11525.51749573556,11525.51749573556,10372.965746162005,14983.172744456228,10372.965746162005,13830.620994882673,16135.724494029784,9220.413996588448,14983.172744456228,10372.965746162005,8067.862247014892,3457.655248720668,3457.655248720668,2305.103499147112,0.0,3457.655248720668,4610.206998294224,3457.655248720668,1152.551749573556,4610.206998294224,2305.103499147112,1152.551749573556,5762.75874786778,1152.551749573556,1152.551749573556,3457.655248720668,2305.103499147112,1152.551749573556,0.0,1152.551749573556,1152.551749573556,2305.103499147112,0.0,0.0,1152.551749573556,1152.551749573556,0.0,1152.551749573556,2305.103499147112,3457.655248720668,3457.655248720668,1152.551749573556,3457.655248720668,5762.75874786778,2305.103499147112,0.0,0.0,1152.551749573556,1152.551749573556,0.0,1152.551749573556,2305.103499147112,0.0,1152.551749573556,3457.655248720668,0.0,2305.103499147112,2305.103499147112,1152.551749573556,2305.103499147112,1152.551749573556,8067.862247014892,4610.206998294224,11525.51749573556,11525.51749573556,8067.862247014892,10372.965746162005,5762.75874786778,6915.310497441336,10372.965746162005,4610.206998294224,8067.862247014892,8067.862247014892,6915.310497441336,11525.51749573556,8067.862247014892,6915.310497441336,12678.069245309116,6915.310497441336,8067.862247014892,4610.206998294224,5762.75874786778,10372.965746162005,4610.206998294224,5762.75874786778,9220.413996588448,13830.620994882673,8067.862247014892,10372.965746162005,5762.75874786778,4610.206998294224,10372.965746162005,3457.655248720668,3457.655248720668,8067.862247014892,13830.620994882673,5762.75874786778,8067.862247014892,10372.965746162005,6915.310497441336,5762.75874786778,5762.75874786778,6915.310497441336,9220.413996588448,8067.862247014892,16135.724494029784,,,,,,,,,,,,,,,,,,,,,,,,,,,,,,,,,,,,,,,,,,,,,,,,,,,,,,,,,,,,
,,,,,,,,,,,,,,,,,,,,,,,,,,,,,,,,,,,,,,,,,,,,,,,,,,,,,,3457.655248720668,10372.965746162005,6915.310497441336,6915.310497441336,2305.103499147112,11525.51749573556,4610.206998294224,6915.310497441336,5762.75874786778,9220.413996588448,5762.75874786778,9220.413996588448,4610.206998294224,8067.862247014892,3457.655248720668,6915.310497441336,1152.551749573556,8067.862247014892,6915.310497441336,5762.75874786778,5762.75874786778,4610.206998294224,5762.75874786778,9220.413996588448,9220.413996588448,6915.310497441336,10372.965746162005,11525.51749573556,10372.965746162005,11525.51749573556,13830.620994882673,13830.620994882673,16135.724494029784,9220.413996588448,11525.51749573556,12678.069245309116,13830.620994882673,16135.724494029784,14983.172744456228,11525.51749573556,10372.965746162005,12678.069245309116,6915.310497441336,4610.206998294224,2305.103499147112,8067.862247014892,3457.655248720668,4610.206998294224,2305.103499147112,4610.206998294224,4610.206998294224,2305.103499147112,3457.655248720668,2305.103499147112,0.0,3457.655248720668,2305.103499147112,2305.103499147112,2305.103499147112,3457.655248720668,2305.103499147112,1152.551749573556,0.0,1152.551749573556,1152.551749573556,2305.103499147112,0.0,0.0,1152.551749573556,1152.551749573556,0.0,0.0,1152.551749573556,2305.103499147112,0.0,0.0,2305.103499147112,0.0,4610.206998294224,0.0,1152.551749573556,0.0,0.0,0.0,1152.551749573556,0.0,1152.551749573556,2305.103499147112,3457.655248720668,1152.551749573556,0.0,1152.551749573556,1152.551749573556,0.0,2305.103499147112,3457.655248720668,1152.551749573556,4610.206998294224,9220.413996588448,16135.724494029784,10372.965746162005,12678.069245309116,3457.655248720668,3457.655248720668,10372.965746162005,6915.310497441336,9220.413996588448,8067.862247014892,10372.965746162005,0.0,10372.965746162005,8067.862247014892,6915.310497441336,2305.103499147112,10372.965746162005,17288.27624360334,8067.862247014892,6915.310497441336,10372.965746162005,5762.75874786778,10372.965746162005,6915.310497441336,8067.862247014892,6915.310497441336,5762.75874786778,11525.51749573556,6915.310497441336,6915.310497441336,8067.862247014892,9220.413996588448,10372.965746162005,10372.965746162005,10372.965746162005,10372.965746162005,8067.862247014892,9220.413996588448,13830.620994882673,10372.965746162005,9220.413996588448,3457.655248720668,8067.862247014892,3457.655248720668,,,,,,,,,,,,,,,,,,,,,,,,,,,,,,,,,,,,,,,,,,,,,,,,,,,,,,,,,,,,
,,,,,,,,,,,,,,,,,,,,,,,,,,,,,,,,,,,,,,,,,,,,,,,,,,,,,,3457.655248720668,5762.75874786778,5762.75874786778,6915.310497441336,8067.862247014892,5762.75874786778,1152.551749573556,16135.724494029784,4610.206998294224,10372.965746162005,5762.75874786778,8067.862247014892,11525.51749573556,8067.862247014892,5762.75874786778,6915.310497441336,4610.206998294224,8067.862247014892,5762.75874786778,9220.413996588448,10372.965746162005,12678.069245309116,5762.75874786778,11525.51749573556,8067.862247014892,9220.413996588448,4610.206998294224,4610.206998294224,4610.206998294224,10372.965746162005,8067.862247014892,12678.069245309116,11525.51749573556,4610.206998294224,12678.069245309116,20745.93149232401,4610.206998294224,12678.069245309116,10372.965746162005,10372.965746162005,14983.172744456228,11525.51749573556,5762.75874786778,4610.206998294224,1152.551749573556,1152.551749573556,4610.206998294224,2305.103499147112,4610.206998294224,3457.655248720668,3457.655248720668,0.0,3457.655248720668,1152.551749573556,2305.103499147112,1152.551749573556,2305.103499147112,1152.551749573556,2305.103499147112,8067.862247014892,0.0,1152.551749573556,0.0,0.0,0.0,1152.551749573556,3457.655248720668,0.0,1152.551749573556,0.0,0.0,1152.551749573556,2305.103499147112,2305.103499147112,0.0,2305.103499147112,1152.551749573556,0.0,0.0,0.0,1152.551749573556,2305.103499147112,1152.551749573556,0.0,1152.551749573556,1152.551749573556,3457.655248720668,3457.655248720668,2305.103499147112,0.0,0.0,1152.551749573556,2305.103499147112,1152.551749573556,1152.551749573556,2305.103499147112,0.0,4610.206998294224,8067.862247014892,11525.51749573556,19593.37974275045,11525.51749573556,8067.862247014892,8067.862247014892,4610.206998294224,9220.413996588448,1152.551749573556,9220.413996588448,5762.75874786778,3457.655248720668,4610.206998294224,3457.655248720668,1152.551749573556,3457.655248720668,5762.75874786778,8067.862247014892,8067.862247014892,2305.103499147112,5762.75874786778,9220.413996588448,4610.206998294224,9220.413996588448,11525.51749573556,5762.75874786778,5762.75874786778,6915.310497441336,10372.965746162005,6915.310497441336,6915.310497441336,6915.310497441336,11525.51749573556,5762.75874786778,8067.862247014892,10372.965746162005,4610.206998294224,13830.620994882673,8067.862247014892,8067.862247014892,9220.413996588448,3457.655248720668,,,,,,,,,,,,,,,,,,,,,,,,,,,,,,,,,,,,,,,,,,,,,,,,,,,,,,,,,,,,,,
,,,,,,,,,,,,,,,,,,,,,,,,,,,,,,,,,,,,,,,,,,,,,,,,,,,,5762.75874786778,4610.206998294224,6915.310497441336,8067.862247014892,5762.75874786778,6915.310497441336,3457.655248720668,8067.862247014892,10372.965746162005,9220.413996588448,11525.51749573556,6915.310497441336,1152.551749573556,5762.75874786778,4610.206998294224,6915.310497441336,6915.310497441336,2305.103499147112,6915.310497441336,2305.103499147112,6915.310497441336,8067.862247014892,11525.51749573556,11525.51749573556,8067.862247014892,8067.862247014892,9220.413996588448,8067.862247014892,3457.655248720668,4610.206998294224,12678.069245309116,12678.069245309116,16135.724494029784,12678.069245309116,9220.413996588448,2305.103499147112,14983.172744456228,10372.965746162005,12678.069245309116,8067.862247014892,3457.655248720668,9220.413996588448,6915.310497441336,3457.655248720668,2305.103499147112,10372.965746162005,3457.655248720668,2305.103499147112,4610.206998294224,3457.655248720668,6915.310497441336,3457.655248720668,1152.551749573556,3457.655248720668,0.0,1152.551749573556,2305.103499147112,2305.103499147112,3457.655248720668,1152.551749573556,4610.206998294224,1152.551749573556,0.0,2305.103499147112,1152.551749573556,3457.655248720668,0.0,2305.103499147112,0.0,1152.551749573556,0.0,2305.103499147112,1152.551749573556,1152.551749573556,2305.103499147112,0.0,0.0,1152.551749573556,2305.103499147112,0.0,0.0,0.0,1152.551749573556,2305.103499147112,2305.103499147112,1152.551749573556,0.0,1152.551749573556,2305.103499147112,0.0,5762.75874786778,2305.103499147112,0.0,1152.551749573556,1152.551749573556,1152.551749573556,0.0,2305.103499147112,5762.75874786778,5762.75874786778,8067.862247014892,16135.724494029784,14983.172744456228,13830.620994882673,8067.862247014892,8067.862247014892,6915.310497441336,6915.310497441336,10372.965746162005,4610.206998294224,14983.172744456228,8067.862247014892,8067.862247014892,8067.862247014892,9220.413996588448,9220.413996588448,9220.413996588448,8067.862247014892,2305.103499147112,4610.206998294224,8067.862247014892,4610.206998294224,9220.413996588448,5762.75874786778,10372.965746162005,8067.862247014892,5762.75874786778,8067.862247014892,5762.75874786778,3457.655248720668,10372.965746162005,10372.965746162005,8067.862247014892,9220.413996588448,8067.862247014892,10372.965746162005,10372.965746162005,2305.103499147112,11525.51749573556,9220.413996588448,5762.75874786778,,,,,,,,,,,,,,,,,,,,,,,,,,,,,,,,,,,,,,,,,,,,,,,,,,,,,,,,,,,,,,,
,,,,,,,,,,,,,,,,,,,,,,,,,,,,,,,,,,,,,,,,,,,,,,,,,,,5762.75874786778,8067.862247014892,5762.75874786778,1152.551749573556,5762.75874786778,6915.310497441336,8067.862247014892,9220.413996588448,6915.310497441336,11525.51749573556,3457.655248720668,10372.965746162005,9220.413996588448,11525.51749573556,6915.310497441336,6915.310497441336,8067.862247014892,10372.965746162005,11525.51749573556,5762.75874786778,8067.862247014892,13830.620994882673,8067.862247014892,8067.862247014892,4610.206998294224,10372.965746162005,11525.51749573556,5762.75874786778,5762.75874786778,5762.75874786778,10372.965746162005,9220.413996588448,9220.413996588448,13830.620994882673,9220.413996588448,5762.75874786778,10372.965746162005,17288.27624360334,10372.965746162005,11525.51749573556,5762.75874786778,9220.413996588448,5762.75874786778,6915.310497441336,3457.655248720668,1152.551749573556,2305.103499147112,2305.103499147112,2305.103499147112,2305.103499147112,0.0,4610.206998294224,1152.551749573556,6915.310497441336,4610.206998294224,2305.103499147112,0.0,0.0,2305.103499147112,4610.206998294224,2305.103499147112,1152.551749573556,3457.655248720668,0.0,2305.103499147112,0.0,5762.75874786778,1152.551749573556,3457.655248720668,0.0,0.0,0.0,0.0,0.0,0.0,0.0,0.0,0.0,0.0,0.0,1152.551749573556,1152.551749573556,0.0,1152.551749573556,0.0,0.0,1152.551749573556,0.0,1152.551749573556,0.0,1152.551749573556,1152.551749573556,2305.103499147112,2305.103499147112,1152.551749573556,0.0,1152.551749573556,1152.551749573556,2305.103499147112,2305.103499147112,3457.655248720668,12678.069245309116,13830.620994882673,16135.724494029784,8067.862247014892,6915.310497441336,10372.965746162005,9220.413996588448,9220.413996588448,9220.413996588448,11525.51749573556,9220.413996588448,8067.862247014892,13830.620994882673,10372.965746162005,6915.310497441336,10372.965746162005,8067.862247014892,8067.862247014892,9220.413996588448,6915.310497441336,4610.206998294224,13830.620994882673,11525.51749573556,12678.069245309116,10372.965746162005,8067.862247014892,5762.75874786778,5762.75874786778,10372.965746162005,5762.75874786778,4610.206998294224,6915.310497441336,9220.413996588448,10372.965746162005,6915.310497441336,8067.862247014892,3457.655248720668,3457.655248720668,4610.206998294224,8067.862247014892,3457.655248720668,,,,,,,,,,,,,,,,,,,,,,,,,,,,,,,,,,,,,,,,,,,,,,,,,,,,,,,,,,,,,,,
,,,,,,,,,,,,,,,,,,,,,,,,,,,,,,,,,,,,,,,,,,,,,,,,,,,,,,8067.862247014892,8067.862247014892,9220.413996588448,4610.206998294224,4610.206998294224,5762.75874786778,2305.103499147112,9220.413996588448,10372.965746162005,10372.965746162005,9220.413996588448,6915.310497441336,4610.206998294224,5762.75874786778,9220.413996588448,10372.965746162005,6915.310497441336,10372.965746162005,12678.069245309116,17288.27624360334,6915.310497441336,13830.620994882673,6915.310497441336,10372.965746162005,4610.206998294224,6915.310497441336,11525.51749573556,8067.862247014892,9220.413996588448,3457.655248720668,14983.172744456228,8067.862247014892,16135.724494029784,3457.655248720668,18440.827993176896,19593.37974275045,11525.51749573556,8067.862247014892,5762.75874786778,4610.206998294224,3457.655248720668,8067.862247014892,1152.551749573556,2305.103499147112,1152.551749573556,4610.206998294224,5762.75874786778,3457.655248720668,4610.206998294224,3457.655248720668,4610.206998294224,6915.310497441336,3457.655248720668,4610.206998294224,2305.103499147112,2305.103499147112,2305.103499147112,2305.103499147112,1152.551749573556,1152.551749573556,2305.103499147112,3457.655248720668,1152.551749573556,1152.551749573556,1152.551749573556,4610.206998294224,0.0,1152.551749573556,2305.103499147112,0.0,0.0,1152.551749573556,0.0,1152.551749573556,2305.103499147112,1152.551749573556,0.0,0.0,0.0,0.0,2305.103499147112,0.0,2305.103499147112,2305.103499147112,1152.551749573556,0.0,1152.551749573556,1152.551749573556,0.0,2305.103499147112,0.0,2305.103499147112,2305.103499147112,0.0,0.0,1152.551749573556,3457.655248720668,9220.413996588448,10372.965746162005,11525.51749573556,10372.965746162005,3457.655248720668,4610.206998294224,9220.413996588448,11525.51749573556,3457.655248720668,9220.413996588448,3457.655248720668,9220.413996588448,10372.965746162005,6915.310497441336,4610.206998294224,10372.965746162005,4610.206998294224,5762.75874786778,8067.862247014892,12678.069245309116,9220.413996588448,4610.206998294224,5762.75874786778,9220.413996588448,10372.965746162005,9220.413996588448,4610.206998294224,6915.310497441336,6915.310497441336,10372.965746162005,1152.551749573556,5762.75874786778,9220.413996588448,5762.75874786778,10372.965746162005,5762.75874786778,10372.965746162005,8067.862247014892,5762.75874786778,5762.75874786778,5762.75874786778,,,,,,,,,,,,,,,,,,,,,,,,,,,,,,,,,,,,,,,,,,,,,,,,,,,,,,,,,,,,,,,,
,,,,,,,,,,,,,,,,,,,,,,,,,,,,,,,,,,,,,,,,,,,,,,,,,,,,,,,5762.75874786778,8067.862247014892,9220.413996588448,5762.75874786778,10372.965746162005,3457.655248720668,8067.862247014892,5762.75874786778,3457.655248720668,4610.206998294224,8067.862247014892,11525.51749573556,3457.655248720668,10372.965746162005,12678.069245309116,13830.620994882673,9220.413996588448,5762.75874786778,5762.75874786778,12678.069245309116,9220.413996588448,6915.310497441336,6915.310497441336,11525.51749573556,9220.413996588448,12678.069245309116,10372.965746162005,11525.51749573556,9220.413996588448,17288.27624360334,19593.37974275045,12678.069245309116,9220.413996588448,12678.069245309116,10372.965746162005,14983.172744456228,11525.51749573556,4610.206998294224,4610.206998294224,4610.206998294224,2305.103499147112,4610.206998294224,2305.103499147112,8067.862247014892,6915.310497441336,4610.206998294224,4610.206998294224,2305.103499147112,6915.310497441336,9220.413996588448,14983.172744456228,11525.51749573556,13830.620994882673,5762.75874786778,1152.551749573556,1152.551749573556,3457.655248720668,0.0,0.0,1152.551749573556,2305.103499147112,3457.655248720668,2305.103499147112,1152.551749573556,1152.551749573556,2305.103499147112,0.0,0.0,0.0,1152.551749573556,0.0,0.0,0.0,1152.551749573556,1152.551749573556,0.0,1152.551749573556,0.0,1152.551749573556,0.0,2305.103499147112,2305.103499147112,0.0,0.0,0.0,1152.551749573556,1152.551749573556,0.0,0.0,0.0,2305.103499147112,1152.551749573556,0.0,0.0,1152.551749573556,3457.655248720668,3457.655248720668,9220.413996588448,11525.51749573556,6915.310497441336,3457.655248720668,10372.965746162005,3457.655248720668,5762.75874786778,9220.413996588448,8067.862247014892,9220.413996588448,10372.965746162005,4610.206998294224,9220.413996588448,9220.413996588448,11525.51749573556,2305.103499147112,6915.310497441336,5762.75874786778,5762.75874786778,10372.965746162005,5762.75874786778,8067.862247014892,6915.310497441336,6915.310497441336,9220.413996588448,8067.862247014892,4610.206998294224,10372.965746162005,5762.75874786778,10372.965746162005,4610.206998294224,10372.965746162005,6915.310497441336,3457.655248720668,10372.965746162005,3457.655248720668,8067.862247014892,12678.069245309116,8067.862247014892,5762.75874786778,,,,,,,,,,,,,,,,,,,,,,,,,,,,,,,,,,,,,,,,,,,,,,,,,,,,,,,,,,,,,,,,
,,,,,,,,,,,,,,,,,,,,,,,,,,,,,,,,,,,,,,,,,,,,,,,,,,,,,,,,6915.310497441336,5762.75874786778,4610.206998294224,4610.206998294224,2305.103499147112,3457.655248720668,5762.75874786778,8067.862247014892,9220.413996588448,8067.862247014892,8067.862247014892,12678.069245309116,14983.172744456228,10372.965746162005,6915.310497441336,5762.75874786778,5762.75874786778,9220.413996588448,14983.172744456228,13830.620994882673,12678.069245309116,10372.965746162005,5762.75874786778,8067.862247014892,16135.724494029784,6915.310497441336,10372.965746162005,10372.965746162005,10372.965746162005,16135.724494029784,8067.862247014892,10372.965746162005,9220.413996588448,13830.620994882673,6915.310497441336,5762.75874786778,6915.310497441336,5762.75874786778,6915.310497441336,2305.103499147112,5762.75874786778,4610.206998294224,3457.655248720668,5762.75874786778,8067.862247014892,5762.75874786778,6915.310497441336,6915.310497441336,12678.069245309116,18440.827993176896,12678.069245309116,13830.620994882673,6915.310497441336,3457.655248720668,1152.551749573556,0.0,1152.551749573556,1152.551749573556,1152.551749573556,3457.655248720668,3457.655248720668,2305.103499147112,1152.551749573556,0.0,2305.103499147112,0.0,1152.551749573556,1152.551749573556,0.0,0.0,1152.551749573556,4610.206998294224,1152.551749573556,0.0,0.0,1152.551749573556,0.0,0.0,2305.103499147112,1152.551749573556,0.0,2305.103499147112,0.0,1152.551749573556,1152.551749573556,0.0,0.0,1152.551749573556,0.0,0.0,1152.551749573556,1152.551749573556,0.0,3457.655248720668,10372.965746162005,4610.206998294224,5762.75874786778,6915.310497441336,4610.206998294224,0.0,6915.310497441336,2305.103499147112,6915.310497441336,2305.103499147112,11525.51749573556,8067.862247014892,5762.75874786778,8067.862247014892,9220.413996588448,8067.862247014892,4610.206998294224,12678.069245309116,11525.51749573556,3457.655248720668,8067.862247014892,11525.51749573556,11525.51749573556,5762.75874786778,5762.75874786778,3457.655248720668,8067.862247014892,10372.965746162005,14983.172744456228,6915.310497441336,6915.310497441336,4610.206998294224,10372.965746162005,16135.724494029784,9220.413996588448,9220.413996588448,9220.413996588448,3457.655248720668,3457.655248720668,10372.965746162005,5762.75874786778,6915.310497441336,,,,,,,,,,,,,,,,,,,,,,,,,,,,,,,,,,,,,,,,,,,,,,,,,,,,,,,,,,,,,,,,
,,,,,,,,,,,,,,,,,,,,,,,,,,,,,,,,,,,,,,,,,,,,,,,,,,,,12678.069245309116,,,,,,6915.310497441336,2305.103499147112,6915.310497441336,9220.413996588448,3457.655248720668,11525.51749573556,5762.75874786778,6915.310497441336,5762.75874786778,5762.75874786778,16135.724494029784,9220.413996588448,13830.620994882673,6915.310497441336,11525.51749573556,11525.51749573556,5762.75874786778,5762.75874786778,4610.206998294224,5762.75874786778,5762.75874786778,13830.620994882673,13830.620994882673,11525.51749573556,11525.51749573556,17288.27624360334,13830.620994882673,18440.827993176896,11525.51749573556,12678.069245309116,6915.310497441336,18440.827993176896,8067.862247014892,6915.310497441336,6915.310497441336,9220.413996588448,5762.75874786778,5762.75874786778,6915.310497441336,3457.655248720668,9220.413996588448,2305.103499147112,3457.655248720668,4610.206998294224,6915.310497441336,2305.103499147112,1152.551749573556,8067.862247014892,11525.51749573556,5762.75874786778,3457.655248720668,2305.103499147112,1152.551749573556,2305.103499147112,1152.551749573556,0.0,1152.551749573556,0.0,3457.655248720668,0.0,2305.103499147112,0.0,0.0,0.0,1152.551749573556,1152.551749573556,2305.103499147112,2305.103499147112,1152.551749573556,0.0,1152.551749573556,1152.551749573556,1152.551749573556,0.0,1152.551749573556,1152.551749573556,2305.103499147112,0.0,0.0,3457.655248720668,1152.551749573556,1152.551749573556,1152.551749573556,1152.551749573556,3457.655248720668,1152.551749573556,1152.551749573556,2305.103499147112,0.0,1152.551749573556,2305.103499147112,3457.655248720668,4610.206998294224,5762.75874786778,3457.655248720668,8067.862247014892,4610.206998294224,11525.51749573556,8067.862247014892,8067.862247014892,9220.413996588448,10372.965746162005,10372.965746162005,11525.51749573556,10372.965746162005,1152.551749573556,6915.310497441336,4610.206998294224,8067.862247014892,13830.620994882673,9220.413996588448,4610.206998294224,6915.310497441336,6915.310497441336,9220.413996588448,8067.862247014892,8067.862247014892,9220.413996588448,4610.206998294224,6915.310497441336,11525.51749573556,4610.206998294224,4610.206998294224,5762.75874786778,6915.310497441336,6915.310497441336,9220.413996588448,6915.310497441336,9220.413996588448,5762.75874786778,2305.103499147112,5762.75874786778,4610.206998294224,5762.75874786778,0.0,,,,,,,,,,,,,,,,,,,,,,,,,,,,,,,,,,,,,,,,,,,,,,,,,,,,,,,,,,,,,,,
,,,,,,,,,,,,,,,,,,,,,,,,,,,,,,,,,,,,,,,,,,,,,,,,,,,8067.862247014892,5762.75874786778,4610.206998294224,5762.75874786778,10372.965746162005,3457.655248720668,3457.655248720668,5762.75874786778,8067.862247014892,9220.413996588448,12678.069245309116,1152.551749573556,5762.75874786778,3457.655248720668,9220.413996588448,6915.310497441336,6915.310497441336,4610.206998294224,10372.965746162005,8067.862247014892,12678.069245309116,6915.310497441336,9220.413996588448,12678.069245309116,10372.965746162005,5762.75874786778,2305.103499147112,5762.75874786778,5762.75874786778,4610.206998294224,10372.965746162005,14983.172744456228,11525.51749573556,12678.069245309116,10372.965746162005,16135.724494029784,18440.827993176896,13830.620994882673,16135.724494029784,3457.655248720668,8067.862247014892,5762.75874786778,8067.862247014892,6915.310497441336,2305.103499147112,4610.206998294224,8067.862247014892,4610.206998294224,5762.75874786778,1152.551749573556,0.0,5762.75874786778,8067.862247014892,5762.75874786778,5762.75874786778,2305.103499147112,8067.862247014892,5762.75874786778,3457.655248720668,0.0,1152.551749573556,1152.551749573556,2305.103499147112,1152.551749573556,3457.655248720668,1152.551749573556,0.0,0.0,1152.551749573556,1152.551749573556,0.0,1152.551749573556,1152.551749573556,2305.103499147112,2305.103499147112,0.0,1152.551749573556,2305.103499147112,0.0,1152.551749573556,1152.551749573556,2305.103499147112,1152.551749573556,1152.551749573556,0.0,0.0,2305.103499147112,1152.551749573556,2305.103499147112,1152.551749573556,0.0,0.0,0.0,1152.551749573556,2305.103499147112,0.0,0.0,1152.551749573556,3457.655248720668,3457.655248720668,6915.310497441336,6915.310497441336,5762.75874786778,8067.862247014892,11525.51749573556,6915.310497441336,17288.27624360334,10372.965746162005,3457.655248720668,6915.310497441336,16135.724494029784,10372.965746162005,3457.655248720668,3457.655248720668,4610.206998294224,6915.310497441336,10372.965746162005,6915.310497441336,8067.862247014892,6915.310497441336,3457.655248720668,9220.413996588448,10372.965746162005,10372.965746162005,14983.172744456228,3457.655248720668,13830.620994882673,11525.51749573556,5762.75874786778,5762.75874786778,4610.206998294224,4610.206998294224,6915.310497441336,5762.75874786778,11525.51749573556,3457.655248720668,5762.75874786778,6915.310497441336,9220.413996588448,8067.862247014892,10372.965746162005,8067.862247014892,,,,,,,,,,,,,,,,,,,,,,,,,,,,,,,,,,,,,,,,,,,,,,,,,,,,,,,,,,,,,,,
,,,,,,,,,,,,,,,,,,,,,,,,,,,,,,,,,,,,,,,,,,,,,,,,,,,,6915.310497441336,8067.862247014892,6915.310497441336,3457.655248720668,5762.75874786778,8067.862247014892,3457.655248720668,5762.75874786778,3457.655248720668,6915.310497441336,8067.862247014892,11525.51749573556,5762.75874786778,8067.862247014892,6915.310497441336,8067.862247014892,5762.75874786778,12678.069245309116,9220.413996588448,3457.655248720668,11525.51749573556,9220.413996588448,4610.206998294224,8067.862247014892,4610.206998294224,16135.724494029784,10372.965746162005,12678.069245309116,16135.724494029784,8067.862247014892,11525.51749573556,8067.862247014892,13830.620994882673,14983.172744456228,11525.51749573556,13830.620994882673,19593.37974275045,10372.965746162005,6915.310497441336,5762.75874786778,3457.655248720668,9220.413996588448,9220.413996588448,5762.75874786778,5762.75874786778,2305.103499147112,6915.310497441336,5762.75874786778,4610.206998294224,2305.103499147112,2305.103499147112,0.0,2305.103499147112,1152.551749573556,1152.551749573556,4610.206998294224,0.0,1152.551749573556,3457.655248720668,3457.655248720668,0.0,2305.103499147112,0.0,1152.551749573556,0.0,0.0,2305.103499147112,0.0,0.0,2305.103499147112,0.0,0.0,1152.551749573556,0.0,0.0,0.0,1152.551749573556,1152.551749573556,0.0,0.0,1152.551749573556,1152.551749573556,1152.551749573556,0.0,0.0,2305.103499147112,1152.551749573556,0.0,0.0,1152.551749573556,1152.551749573556,2305.103499147112,3457.655248720668,0.0,0.0,1152.551749573556,0.0,3457.655248720668,10372.965746162005,2305.103499147112,5762.75874786778,3457.655248720668,8067.862247014892,8067.862247014892,11525.51749573556,6915.310497441336,8067.862247014892,10372.965746162005,4610.206998294224,2305.103499147112,6915.310497441336,8067.862247014892,10372.965746162005,5762.75874786778,8067.862247014892,2305.103499147112,5762.75874786778,6915.310497441336,10372.965746162005,5762.75874786778,4610.206998294224,3457.655248720668,6915.310497441336,11525.51749573556,6915.310497441336,4610.206998294224,8067.862247014892,5762.75874786778,12678.069245309116,4610.206998294224,6915.310497441336,2305.103499147112,9220.413996588448,5762.75874786778,8067.862247014892,8067.862247014892,10372.965746162005,13830.620994882673,9220.413996588448,1152.551749573556,8067.862247014892,,,,,,,,,,,,,,,,,,,,,,,,,,,,,,,,,,,,,,,,,,,,,,,,,,,,,,,,,,,,,,,
,,,,,,,,,,,,,,,,,,,,,,,,,,,,,,,,,,,,,,,,,,,,,,,,,,,,,4610.206998294224,6915.310497441336,4610.206998294224,8067.862247014892,11525.51749573556,8067.862247014892,11525.51749573556,5762.75874786778,6915.310497441336,5762.75874786778,8067.862247014892,12678.069245309116,9220.413996588448,5762.75874786778,9220.413996588448,9220.413996588448,10372.965746162005,8067.862247014892,17288.27624360334,8067.862247014892,8067.862247014892,9220.413996588448,8067.862247014892,5762.75874786778,4610.206998294224,6915.310497441336,8067.862247014892,9220.413996588448,8067.862247014892,1152.551749573556,16135.724494029784,17288.27624360334,11525.51749573556,6915.310497441336,8067.862247014892,11525.51749573556,10372.965746162005,5762.75874786778,0.0,5762.75874786778,8067.862247014892,4610.206998294224,6915.310497441336,12678.069245309116,11525.51749573556,5762.75874786778,3457.655248720668,4610.206998294224,4610.206998294224,4610.206998294224,0.0,3457.655248720668,1152.551749573556,1152.551749573556,1152.551749573556,3457.655248720668,1152.551749573556,0.0,2305.103499147112,0.0,0.0,5762.75874786778,1152.551749573556,0.0,0.0,0.0,0.0,0.0,1152.551749573556,1152.551749573556,1152.551749573556,1152.551749573556,0.0,0.0,0.0,0.0,0.0,0.0,1152.551749573556,1152.551749573556,1152.551749573556,0.0,1152.551749573556,3457.655248720668,1152.551749573556,0.0,0.0,0.0,0.0,1152.551749573556,3457.655248720668,0.0,1152.551749573556,2305.103499147112,0.0,0.0,4610.206998294224,10372.965746162005,10372.965746162005,9220.413996588448,6915.310497441336,6915.310497441336,3457.655248720668,5762.75874786778,3457.655248720668,6915.310497441336,9220.413996588448,9220.413996588448,8067.862247014892,8067.862247014892,3457.655248720668,2305.103499147112,11525.51749573556,6915.310497441336,4610.206998294224,8067.862247014892,4610.206998294224,3457.655248720668,6915.310497441336,8067.862247014892,1152.551749573556,6915.310497441336,9220.413996588448,12678.069245309116,6915.310497441336,6915.310497441336,5762.75874786778,4610.206998294224,12678.069245309116,8067.862247014892,9220.413996588448,13830.620994882673,12678.069245309116,5762.75874786778,8067.862247014892,6915.310497441336,4610.206998294224,8067.862247014892,6915.310497441336,,,,,,,,,,,,,,,,,,,,,,,,,,,,,,,,,,,,,,,,,,,,,,,,,,,,,,,,,,,,,,,,
,,,,,,,,,,,,,,,,,,,,,,,,,,,,,,,,,,,,,,,,,,,,,,,,,,,,,9220.413996588448,3457.655248720668,10372.965746162005,5762.75874786778,6915.310497441336,2305.103499147112,0.0,8067.862247014892,6915.310497441336,6915.310497441336,12678.069245309116,8067.862247014892,5762.75874786778,6915.310497441336,5762.75874786778,3457.655248720668,8067.862247014892,14983.172744456228,9220.413996588448,11525.51749573556,6915.310497441336,5762.75874786778,13830.620994882673,11525.51749573556,8067.862247014892,10372.965746162005,4610.206998294224,8067.862247014892,12678.069245309116,8067.862247014892,5762.75874786778,10372.965746162005,11525.51749573556,5762.75874786778,13830.620994882673,2305.103499147112,10372.965746162005,10372.965746162005,5762.75874786778,2305.103499147112,6915.310497441336,6915.310497441336,8067.862247014892,8067.862247014892,8067.862247014892,6915.310497441336,10372.965746162005,2305.103499147112,2305.103499147112,1152.551749573556,2305.103499147112,2305.103499147112,1152.551749573556,2305.103499147112,3457.655248720668,1152.551749573556,0.0,1152.551749573556,0.0,1152.551749573556,0.0,0.0,1152.551749573556,2305.103499147112,1152.551749573556,1152.551749573556,0.0,0.0,0.0,0.0,1152.551749573556,1152.551749573556,0.0,0.0,1152.551749573556,2305.103499147112,0.0,1152.551749573556,1152.551749573556,1152.551749573556,1152.551749573556,1152.551749573556,0.0,0.0,0.0,0.0,0.0,1152.551749573556,1152.551749573556,0.0,1152.551749573556,0.0,0.0,2305.103499147112,0.0,6915.310497441336,2305.103499147112,9220.413996588448,12678.069245309116,6915.310497441336,8067.862247014892,5762.75874786778,9220.413996588448,6915.310497441336,3457.655248720668,8067.862247014892,10372.965746162005,5762.75874786778,10372.965746162005,8067.862247014892,12678.069245309116,9220.413996588448,8067.862247014892,5762.75874786778,10372.965746162005,9220.413996588448,9220.413996588448,9220.413996588448,8067.862247014892,4610.206998294224,4610.206998294224,9220.413996588448,5762.75874786778,12678.069245309116,6915.310497441336,8067.862247014892,5762.75874786778,9220.413996588448,8067.862247014892,3457.655248720668,8067.862247014892,5762.75874786778,9220.413996588448,5762.75874786778,5762.75874786778,6915.310497441336,6915.310497441336,6915.310497441336,,,,,,,,,,,,,,,,,,,,,,,,,,,,,,,,,,,,,,,,,,,,,,,,,,,,,,,,,,,,,,,,,
,,,,,,,,,,,,,,,,,,,,,,,,,,,,,,,,,,,,,,,,,,,,,,,,,,,,,,6915.310497441336,5762.75874786778,10372.965746162005,3457.655248720668,8067.862247014892,5762.75874786778,3457.655248720668,6915.310497441336,4610.206998294224,2305.103499147112,8067.862247014892,2305.103499147112,9220.413996588448,10372.965746162005,4610.206998294224,12678.069245309116,8067.862247014892,10372.965746162005,10372.965746162005,2305.103499147112,4610.206998294224,3457.655248720668,14983.172744456228,9220.413996588448,11525.51749573556,13830.620994882673,8067.862247014892,11525.51749573556,8067.862247014892,14983.172744456228,11525.51749573556,10372.965746162005,3457.655248720668,4610.206998294224,8067.862247014892,13830.620994882673,3457.655248720668,4610.206998294224,4610.206998294224,9220.413996588448,5762.75874786778,5762.75874786778,5762.75874786778,3457.655248720668,3457.655248720668,10372.965746162005,5762.75874786778,4610.206998294224,4610.206998294224,3457.655248720668,1152.551749573556,2305.103499147112,2305.103499147112,1152.551749573556,1152.551749573556,1152.551749573556,0.0,0.0,1152.551749573556,1152.551749573556,0.0,1152.551749573556,2305.103499147112,2305.103499147112,1152.551749573556,1152.551749573556,1152.551749573556,2305.103499147112,0.0,4610.206998294224,1152.551749573556,2305.103499147112,1152.551749573556,1152.551749573556,1152.551749573556,0.0,0.0,0.0,1152.551749573556,0.0,0.0,0.0,1152.551749573556,1152.551749573556,0.0,1152.551749573556,0.0,0.0,0.0,1152.551749573556,3457.655248720668,1152.551749573556,1152.551749573556,0.0,2305.103499147112,1152.551749573556,12678.069245309116,11525.51749573556,8067.862247014892,9220.413996588448,5762.75874786778,4610.206998294224,5762.75874786778,8067.862247014892,13830.620994882673,14983.172744456228,8067.862247014892,9220.413996588448,9220.413996588448,12678.069245309116,6915.310497441336,8067.862247014892,5762.75874786778,10372.965746162005,6915.310497441336,8067.862247014892,16135.724494029784,8067.862247014892,11525.51749573556,8067.862247014892,12678.069245309116,8067.862247014892,6915.310497441336,6915.310497441336,11525.51749573556,9220.413996588448,8067.862247014892,4610.206998294224,6915.310497441336,5762.75874786778,8067.862247014892,4610.206998294224,4610.206998294224,5762.75874786778,5762.75874786778,,,,,,,,,,,,,,,,,,,,,,,,,,,,,,,,,,,,,,,,,,,,,,,,,,,,,,,,,,,,,,,,,,,
,,,,,,,,,,,,,,,,,,,,,,,,,,,,,,,,,,,,,,,,,,,,,,,,,,,,,,5762.75874786778,4610.206998294224,9220.413996588448,4610.206998294224,5762.75874786778,6915.310497441336,12678.069245309116,6915.310497441336,8067.862247014892,5762.75874786778,10372.965746162005,6915.310497441336,12678.069245309116,10372.965746162005,10372.965746162005,11525.51749573556,10372.965746162005,12678.069245309116,8067.862247014892,13830.620994882673,12678.069245309116,4610.206998294224,10372.965746162005,12678.069245309116,11525.51749573556,11525.51749573556,6915.310497441336,13830.620994882673,11525.51749573556,13830.620994882673,9220.413996588448,11525.51749573556,8067.862247014892,4610.206998294224,4610.206998294224,11525.51749573556,5762.75874786778,6915.310497441336,8067.862247014892,9220.413996588448,11525.51749573556,2305.103499147112,5762.75874786778,6915.310497441336,4610.206998294224,6915.310497441336,4610.206998294224,2305.103499147112,3457.655248720668,2305.103499147112,2305.103499147112,1152.551749573556,2305.103499147112,1152.551749573556,1152.551749573556,2305.103499147112,0.0,1152.551749573556,0.0,1152.551749573556,0.0,1152.551749573556,1152.551749573556,0.0,3457.655248720668,1152.551749573556,3457.655248720668,0.0,1152.551749573556,1152.551749573556,1152.551749573556,1152.551749573556,0.0,3457.655248720668,2305.103499147112,0.0,1152.551749573556,1152.551749573556,0.0,1152.551749573556,1152.551749573556,0.0,0.0,1152.551749573556,2305.103499147112,1152.551749573556,0.0,0.0,2305.103499147112,0.0,0.0,0.0,1152.551749573556,5762.75874786778,3457.655248720668,8067.862247014892,5762.75874786778,6915.310497441336,4610.206998294224,6915.310497441336,11525.51749573556,11525.51749573556,4610.206998294224,8067.862247014892,8067.862247014892,14983.172744456228,6915.310497441336,13830.620994882673,5762.75874786778,11525.51749573556,5762.75874786778,4610.206998294224,8067.862247014892,11525.51749573556,9220.413996588448,3457.655248720668,2305.103499147112,5762.75874786778,4610.206998294224,8067.862247014892,5762.75874786778,8067.862247014892,4610.206998294224,2305.103499147112,9220.413996588448,10372.965746162005,10372.965746162005,5762.75874786778,3457.655248720668,9220.413996588448,5762.75874786778,5762.75874786778,5762.75874786778,6915.310497441336,,,,,,,,,,,,,,,,,,,,,,,,,,,,,,,,,,,,,,,,,,,,,,,,,,,,,,,,,,,,,,,,,,,,
,,,,,,,,,,,,,,,,,,,,,,,,,,,,,,,,,,,,,,,,,,,,,,,,,,,,,,5762.75874786778,1152.551749573556,5762.75874786778,5762.75874786778,6915.310497441336,3457.655248720668,8067.862247014892,14983.172744456228,8067.862247014892,10372.965746162005,6915.310497441336,5762.75874786778,9220.413996588448,6915.310497441336,14983.172744456228,4610.206998294224,6915.310497441336,8067.862247014892,5762.75874786778,14983.172744456228,5762.75874786778,10372.965746162005,4610.206998294224,4610.206998294224,3457.655248720668,8067.862247014892,10372.965746162005,16135.724494029784,5762.75874786778,12678.069245309116,10372.965746162005,17288.27624360334,10372.965746162005,5762.75874786778,12678.069245309116,6915.310497441336,12678.069245309116,3457.655248720668,4610.206998294224,5762.75874786778,4610.206998294224,8067.862247014892,6915.310497441336,9220.413996588448,12678.069245309116,10372.965746162005,5762.75874786778,3457.655248720668,0.0,2305.103499147112,0.0,1152.551749573556,1152.551749573556,2305.103499147112,0.0,0.0,0.0,0.0,0.0,0.0,0.0,2305.103499147112,0.0,1152.551749573556,1152.551749573556,1152.551749573556,1152.551749573556,0.0,0.0,0.0,2305.103499147112,2305.103499147112,1152.551749573556,0.0,0.0,0.0,0.0,0.0,1152.551749573556,0.0,0.0,1152.551749573556,0.0,2305.103499147112,3457.655248720668,1152.551749573556,3457.655248720668,1152.551749573556,0.0,2305.103499147112,1152.551749573556,2305.103499147112,4610.206998294224,5762.75874786778,4610.206998294224,6915.310497441336,11525.51749573556,10372.965746162005,9220.413996588448,2305.103499147112,9220.413996588448,10372.965746162005,10372.965746162005,11525.51749573556,5762.75874786778,8067.862247014892,6915.310497441336,10372.965746162005,9220.413996588448,6915.310497441336,6915.310497441336,6915.310497441336,11525.51749573556,5762.75874786778,5762.75874786778,3457.655248720668,10372.965746162005,8067.862247014892,6915.310497441336,11525.51749573556,9220.413996588448,3457.655248720668,8067.862247014892,10372.965746162005,8067.862247014892,5762.75874786778,8067.862247014892,9220.413996588448,9220.413996588448,5762.75874786778,9220.413996588448,12678.069245309116,5762.75874786778,,,,,,,,,,,,,,,,,,,,,,,,,,,,,,,,,,,,,,,,,,,,,,,,,,,,,,,,,,,,,,,,,,,,,
,,,,,,,,,,,,,,,,,,,,,,,,,,,,,,,,,,,,,,,,,,,,,,,,,,,,,,,6915.310497441336,5762.75874786778,2305.103499147112,5762.75874786778,3457.655248720668,4610.206998294224,4610.206998294224,5762.75874786778,6915.310497441336,5762.75874786778,12678.069245309116,12678.069245309116,8067.862247014892,6915.310497441336,14983.172744456228,11525.51749573556,10372.965746162005,10372.965746162005,6915.310497441336,13830.620994882673,5762.75874786778,5762.75874786778,4610.206998294224,8067.862247014892,11525.51749573556,19593.37974275045,8067.862247014892,16135.724494029784,6915.310497441336,11525.51749573556,5762.75874786778,8067.862247014892,13830.620994882673,8067.862247014892,21898.483241897564,6915.310497441336,6915.310497441336,6915.310497441336,4610.206998294224,6915.310497441336,10372.965746162005,8067.862247014892,9220.413996588448,8067.862247014892,5762.75874786778,6915.310497441336,6915.310497441336,4610.206998294224,4610.206998294224,2305.103499147112,0.0,1152.551749573556,1152.551749573556,0.0,1152.551749573556,1152.551749573556,1152.551749573556,0.0,1152.551749573556,2305.103499147112,0.0,2305.103499147112,0.0,0.0,0.0,1152.551749573556,3457.655248720668,1152.551749573556,0.0,1152.551749573556,0.0,1152.551749573556,0.0,1152.551749573556,1152.551749573556,0.0,0.0,1152.551749573556,0.0,0.0,1152.551749573556,0.0,0.0,0.0,1152.551749573556,2305.103499147112,2305.103499147112,0.0,0.0,0.0,0.0,3457.655248720668,4610.206998294224,6915.310497441336,4610.206998294224,6915.310497441336,12678.069245309116,5762.75874786778,10372.965746162005,12678.069245309116,9220.413996588448,6915.310497441336,8067.862247014892,13830.620994882673,5762.75874786778,5762.75874786778,5762.75874786778,4610.206998294224,8067.862247014892,5762.75874786778,5762.75874786778,14983.172744456228,5762.75874786778,5762.75874786778,11525.51749573556,12678.069245309116,8067.862247014892,10372.965746162005,9220.413996588448,11525.51749573556,10372.965746162005,6915.310497441336,11525.51749573556,10372.965746162005,9220.413996588448,3457.655248720668,9220.413996588448,0.0,9220.413996588448,9220.413996588448,6915.310497441336,8067.862247014892,,,,,,,,,,,,,,,,,,,,,,,,,,,,,,,,,,,,,,,,,,,,,,,,,,,,,,,,,,,,,,,,,,,,,
,,,,,,,,,,,,,,,,,,,,,,,,,,,,,,,,,,,,,,,,,,,,,,,,,,,,,,,0.0,14983.172744456228,5762.75874786778,5762.75874786778,4610.206998294224,11525.51749573556,6915.310497441336,6915.310497441336,8067.862247014892,8067.862247014892,2305.103499147112,8067.862247014892,0.0,4610.206998294224,6915.310497441336,8067.862247014892,8067.862247014892,13830.620994882673,14983.172744456228,6915.310497441336,10372.965746162005,11525.51749573556,4610.206998294224,2305.103499147112,5762.75874786778,10372.965746162005,14983.172744456228,13830.620994882673,14983.172744456228,11525.51749573556,8067.862247014892,6915.310497441336,4610.206998294224,8067.862247014892,4610.206998294224,6915.310497441336,6915.310497441336,8067.862247014892,9220.413996588448,6915.310497441336,6915.310497441336,8067.862247014892,5762.75874786778,8067.862247014892,10372.965746162005,8067.862247014892,1152.551749573556,2305.103499147112,1152.551749573556,2305.103499147112,2305.103499147112,2305.103499147112,3457.655248720668,1152.551749573556,2305.103499147112,1152.551749573556,1152.551749573556,1152.551749573556,0.0,1152.551749573556,0.0,1152.551749573556,1152.551749573556,0.0,0.0,0.0,0.0,2305.103499147112,0.0,1152.551749573556,0.0,3457.655248720668,1152.551749573556,1152.551749573556,0.0,1152.551749573556,0.0,2305.103499147112,2305.103499147112,1152.551749573556,0.0,0.0,0.0,1152.551749573556,0.0,0.0,2305.103499147112,0.0,0.0,0.0,0.0,4610.206998294224,4610.206998294224,1152.551749573556,10372.965746162005,9220.413996588448,3457.655248720668,11525.51749573556,9220.413996588448,10372.965746162005,9220.413996588448,3457.655248720668,16135.724494029784,12678.069245309116,10372.965746162005,3457.655248720668,1152.551749573556,6915.310497441336,5762.75874786778,10372.965746162005,4610.206998294224,10372.965746162005,6915.310497441336,3457.655248720668,6915.310497441336,5762.75874786778,5762.75874786778,5762.75874786778,12678.069245309116,6915.310497441336,12678.069245309116,12678.069245309116,13830.620994882673,11525.51749573556,5762.75874786778,11525.51749573556,10372.965746162005,4610.206998294224,4610.206998294224,9220.413996588448,9220.413996588448,,,,,,,,,,,,,,,,,,,,,,,,,,,,,,,,,,,,,,,,,,,,,,,,,,,,,,,,,,,,,,,,,,,,,,
,,,,,,,,,,,,,,,,,,,,,,,,,,,,,,,,,,,,,,,,,,,,,,,,,,,,,5762.75874786778,3457.655248720668,5762.75874786778,6915.310497441336,9220.413996588448,8067.862247014892,3457.655248720668,4610.206998294224,6915.310497441336,1152.551749573556,8067.862247014892,9220.413996588448,2305.103499147112,11525.51749573556,8067.862247014892,9220.413996588448,11525.51749573556,11525.51749573556,9220.413996588448,10372.965746162005,6915.310497441336,8067.862247014892,11525.51749573556,2305.103499147112,6915.310497441336,4610.206998294224,9220.413996588448,11525.51749573556,10372.965746162005,6915.310497441336,6915.310497441336,10372.965746162005,6915.310497441336,9220.413996588448,9220.413996588448,8067.862247014892,13830.620994882673,9220.413996588448,5762.75874786778,2305.103499147112,6915.310497441336,9220.413996588448,8067.862247014892,4610.206998294224,9220.413996588448,4610.206998294224,3457.655248720668,2305.103499147112,3457.655248720668,2305.103499147112,3457.655248720668,2305.103499147112,1152.551749573556,0.0,0.0,0.0,0.0,1152.551749573556,3457.655248720668,0.0,0.0,0.0,3457.655248720668,0.0,0.0,0.0,0.0,0.0,0.0,0.0,1152.551749573556,0.0,1152.551749573556,0.0,2305.103499147112,2305.103499147112,0.0,0.0,0.0,0.0,1152.551749573556,0.0,0.0,0.0,2305.103499147112,0.0,0.0,0.0,0.0,1152.551749573556,0.0,3457.655248720668,2305.103499147112,1152.551749573556,2305.103499147112,6915.310497441336,9220.413996588448,6915.310497441336,10372.965746162005,10372.965746162005,5762.75874786778,4610.206998294224,9220.413996588448,11525.51749573556,5762.75874786778,8067.862247014892,4610.206998294224,10372.965746162005,5762.75874786778,1152.551749573556,14983.172744456228,8067.862247014892,4610.206998294224,6915.310497441336,8067.862247014892,6915.310497441336,5762.75874786778,3457.655248720668,6915.310497441336,5762.75874786778,5762.75874786778,6915.310497441336,3457.655248720668,10372.965746162005,18440.827993176896,8067.862247014892,5762.75874786778,11525.51749573556,11525.51749573556,6915.310497441336,6915.310497441336,4610.206998294224,5762.75874786778,,,,,,,,,,,,,,,,,,,,,,,,,,,,,,,,,,,,,,,,,,,,,,,,,,,,,,,,,,,,,,,,,,,,,,
,,,,,,,,,,,,,,,,,,,,,,,,,,,,,,,,,,,,,,,,,,,,,,,,,,,,,9220.413996588448,8067.862247014892,5762.75874786778,3457.655248720668,8067.862247014892,6915.310497441336,6915.310497441336,9220.413996588448,5762.75874786778,6915.310497441336,4610.206998294224,3457.655248720668,5762.75874786778,3457.655248720668,5762.75874786778,6915.310497441336,12678.069245309116,8067.862247014892,12678.069245309116,5762.75874786778,12678.069245309116,12678.069245309116,6915.310497441336,6915.310497441336,6915.310497441336,3457.655248720668,8067.862247014892,8067.862247014892,5762.75874786778,2305.103499147112,10372.965746162005,8067.862247014892,4610.206998294224,4610.206998294224,6915.310497441336,3457.655248720668,5762.75874786778,3457.655248720668,6915.310497441336,9220.413996588448,1152.551749573556,4610.206998294224,8067.862247014892,8067.862247014892,4610.206998294224,3457.655248720668,9220.413996588448,6915.310497441336,6915.310497441336,1152.551749573556,3457.655248720668,0.0,2305.103499147112,1152.551749573556,0.0,1152.551749573556,0.0,1152.551749573556,0.0,0.0,2305.103499147112,1152.551749573556,1152.551749573556,1152.551749573556,0.0,1152.551749573556,0.0,0.0,0.0,0.0,0.0,1152.551749573556,1152.551749573556,0.0,0.0,1152.551749573556,2305.103499147112,4610.206998294224,1152.551749573556,1152.551749573556,2305.103499147112,0.0,0.0,0.0,0.0,1152.551749573556,0.0,0.0,1152.551749573556,0.0,2305.103499147112,5762.75874786778,2305.103499147112,2305.103499147112,1152.551749573556,5762.75874786778,6915.310497441336,17288.27624360334,2305.103499147112,3457.655248720668,8067.862247014892,13830.620994882673,9220.413996588448,2305.103499147112,9220.413996588448,5762.75874786778,6915.310497441336,9220.413996588448,8067.862247014892,6915.310497441336,12678.069245309116,13830.620994882673,9220.413996588448,10372.965746162005,9220.413996588448,5762.75874786778,8067.862247014892,4610.206998294224,5762.75874786778,11525.51749573556,1152.551749573556,10372.965746162005,4610.206998294224,8067.862247014892,6915.310497441336,3457.655248720668,6915.310497441336,3457.655248720668,5762.75874786778,8067.862247014892,8067.862247014892,13830.620994882673,,,,,,,,,,,,,,,,,,,,,,,,,,,,,,,,,,,,,,,,,,,,,,,,,,,,,,,,,,,,,,,,,,,,,,,
,,,,,,,,,,,,,,,,,,,,,,,,,,,,,,,,,,,,,,,,,,,,,,,,,,,,,,,5762.75874786778,5762.75874786778,5762.75874786778,11525.51749573556,5762.75874786778,3457.655248720668,4610.206998294224,4610.206998294224,3457.655248720668,8067.862247014892,8067.862247014892,5762.75874786778,4610.206998294224,0.0,6915.310497441336,6915.310497441336,11525.51749573556,6915.310497441336,6915.310497441336,10372.965746162005,9220.413996588448,9220.413996588448,8067.862247014892,5762.75874786778,4610.206998294224,9220.413996588448,8067.862247014892,5762.75874786778,6915.310497441336,6915.310497441336,4610.206998294224,6915.310497441336,1152.551749573556,11525.51749573556,3457.655248720668,2305.103499147112,2305.103499147112,5762.75874786778,3457.655248720668,5762.75874786778,4610.206998294224,6915.310497441336,2305.103499147112,11525.51749573556,8067.862247014892,1152.551749573556,6915.310497441336,1152.551749573556,4610.206998294224,4610.206998294224,1152.551749573556,1152.551749573556,1152.551749573556,0.0,1152.551749573556,0.0,1152.551749573556,1152.551749573556,1152.551749573556,1152.551749573556,1152.551749573556,0.0,1152.551749573556,1152.551749573556,0.0,3457.655248720668,0.0,1152.551749573556,0.0,0.0,2305.103499147112,1152.551749573556,2305.103499147112,0.0,0.0,0.0,0.0,1152.551749573556,0.0,1152.551749573556,1152.551749573556,0.0,0.0,1152.551749573556,1152.551749573556,0.0,1152.551749573556,0.0,2305.103499147112,0.0,0.0,0.0,5762.75874786778,8067.862247014892,6915.310497441336,4610.206998294224,5762.75874786778,10372.965746162005,10372.965746162005,9220.413996588448,10372.965746162005,6915.310497441336,4610.206998294224,12678.069245309116,8067.862247014892,12678.069245309116,3457.655248720668,6915.310497441336,8067.862247014892,8067.862247014892,4610.206998294224,5762.75874786778,5762.75874786778,11525.51749573556,9220.413996588448,14983.172744456228,6915.310497441336,8067.862247014892,10372.965746162005,9220.413996588448,12678.069245309116,6915.310497441336,8067.862247014892,8067.862247014892,10372.965746162005,8067.862247014892,8067.862247014892,9220.413996588448,6915.310497441336,8067.862247014892,,,,,,,,,,,,,,,,,,,,,,,,,,,,,,,,,,,,,,,,,,,,,,,,,,,,,,,,,,,,,,,,,,,,,,,
,,,,,,,,,,,,,,,,,,,,,,,,,,,,,,,,,,,,,,,,,,,,,,,,,,,,,,,9220.413996588448,6915.310497441336,6915.310497441336,9220.413996588448,5762.75874786778,6915.310497441336,2305.103499147112,8067.862247014892,10372.965746162005,18440.827993176896,6915.310497441336,9220.413996588448,5762.75874786778,11525.51749573556,4610.206998294224,4610.206998294224,8067.862247014892,6915.310497441336,9220.413996588448,6915.310497441336,10372.965746162005,8067.862247014892,9220.413996588448,3457.655248720668,5762.75874786778,2305.103499147112,5762.75874786778,5762.75874786778,6915.310497441336,10372.965746162005,4610.206998294224,6915.310497441336,5762.75874786778,5762.75874786778,2305.103499147112,2305.103499147112,8067.862247014892,6915.310497441336,9220.413996588448,6915.310497441336,6915.310497441336,5762.75874786778,4610.206998294224,4610.206998294224,8067.862247014892,6915.310497441336,1152.551749573556,3457.655248720668,5762.75874786778,4610.206998294224,3457.655248720668,3457.655248720668,0.0,0.0,1152.551749573556,0.0,1152.551749573556,2305.103499147112,0.0,0.0,0.0,1152.551749573556,0.0,1152.551749573556,0.0,1152.551749573556,1152.551749573556,3457.655248720668,1152.551749573556,1152.551749573556,0.0,0.0,1152.551749573556,0.0,1152.551749573556,0.0,0.0,0.0,1152.551749573556,1152.551749573556,0.0,1152.551749573556,1152.551749573556,0.0,1152.551749573556,0.0,1152.551749573556,1152.551749573556,2305.103499147112,0.0,6915.310497441336,4610.206998294224,4610.206998294224,13830.620994882673,9220.413996588448,6915.310497441336,9220.413996588448,8067.862247014892,9220.413996588448,11525.51749573556,14983.172744456228,4610.206998294224,8067.862247014892,10372.965746162005,5762.75874786778,8067.862247014892,6915.310497441336,6915.310497441336,9220.413996588448,9220.413996588448,6915.310497441336,10372.965746162005,9220.413996588448,12678.069245309116,2305.103499147112,6915.310497441336,14983.172744456228,12678.069245309116,5762.75874786778,5762.75874786778,10372.965746162005,4610.206998294224,3457.655248720668,9220.413996588448,17288.27624360334,9220.413996588448,3457.655248720668,10372.965746162005,5762.75874786778,,,,,,,,,,,,,,,,,,,,,,,,,,,,,,,,,,,,,,,,,,,,,,,,,,,,,,,,,,,,,,,,,,,,,,,,
,,,,,,,,,,,,,,,,,,,,,,,,,,,,,,,,,,,,,,,,,,,,,,,,,,,,,,,,6915.310497441336,10372.965746162005,3457.655248720668,8067.862247014892,4610.206998294224,9220.413996588448,4610.206998294224,2305.103499147112,5762.75874786778,8067.862247014892,8067.862247014892,8067.862247014892,10372.965746162005,6915.310497441336,6915.310497441336,10372.965746162005,14983.172744456228,4610.206998294224,5762.75874786778,5762.75874786778,9220.413996588448,11525.51749573556,10372.965746162005,6915.310497441336,5762.75874786778,13830.620994882673,5762.75874786778,8067.862247014892,3457.655248720668,2305.103499147112,9220.413996588448,2305.103499147112,5762.75874786778,6915.310497441336,4610.206998294224,2305.103499147112,5762.75874786778,2305.103499147112,3457.655248720668,1152.551749573556,14983.172744456228,6915.310497441336,12678.069245309116,4610.206998294224,5762.75874786778,4610.206998294224,2305.103499147112,2305.103499147112,3457.655248720668,4610.206998294224,3457.655248720668,1152.551749573556,1152.551749573556,0.0,4610.206998294224,1152.551749573556,0.0,1152.551749573556,1152.551749573556,2305.103499147112,1152.551749573556,2305.103499147112,1152.551749573556,1152.551749573556,0.0,0.0,1152.551749573556,0.0,1152.551749573556,0.0,2305.103499147112,0.0,1152.551749573556,1152.551749573556,0.0,2305.103499147112,0.0,1152.551749573556,2305.103499147112,0.0,1152.551749573556,1152.551749573556,3457.655248720668,0.0,0.0,1152.551749573556,1152.551749573556,1152.551749573556,1152.551749573556,4610.206998294224,2305.103499147112,3457.655248720668,9220.413996588448,3457.655248720668,13830.620994882673,8067.862247014892,12678.069245309116,8067.862247014892,5762.75874786778,16135.724494029784,11525.51749573556,5762.75874786778,11525.51749573556,10372.965746162005,3457.655248720668,6915.310497441336,5762.75874786778,5762.75874786778,9220.413996588448,11525.51749573556,9220.413996588448,13830.620994882673,4610.206998294224,2305.103499147112,5762.75874786778,6915.310497441336,4610.206998294224,5762.75874786778,6915.310497441336,10372.965746162005,4610.206998294224,8067.862247014892,8067.862247014892,6915.310497441336,5762.75874786778,10372.965746162005,9220.413996588448,,,,,,,,,,,,,,,,,,,,,,,,,,,,,,,,,,,,,,,,,,,,,,,,,,,,,,,,,,,,,,,,,,,,,,,,,
,,,,,,,,,,,,,,,,,,,,,,,,,,,,,,,,,,,,,,,,,,,,,,,,,,,,,,,,2305.103499147112,12678.069245309116,6915.310497441336,5762.75874786778,6915.310497441336,4610.206998294224,2305.103499147112,5762.75874786778,6915.310497441336,6915.310497441336,5762.75874786778,5762.75874786778,6915.310497441336,6915.310497441336,5762.75874786778,8067.862247014892,6915.310497441336,6915.310497441336,8067.862247014892,3457.655248720668,9220.413996588448,6915.310497441336,9220.413996588448,11525.51749573556,3457.655248720668,5762.75874786778,3457.655248720668,4610.206998294224,6915.310497441336,10372.965746162005,2305.103499147112,8067.862247014892,4610.206998294224,3457.655248720668,4610.206998294224,6915.310497441336,6915.310497441336,8067.862247014892,4610.206998294224,5762.75874786778,5762.75874786778,3457.655248720668,2305.103499147112,5762.75874786778,4610.206998294224,5762.75874786778,2305.103499147112,1152.551749573556,3457.655248720668,1152.551749573556,0.0,1152.551749573556,1152.551749573556,0.0,0.0,0.0,0.0,0.0,0.0,0.0,0.0,0.0,0.0,1152.551749573556,0.0,1152.551749573556,1152.551749573556,0.0,1152.551749573556,1152.551749573556,0.0,3457.655248720668,0.0,1152.551749573556,0.0,1152.551749573556,0.0,0.0,0.0,0.0,0.0,1152.551749573556,0.0,1152.551749573556,2305.103499147112,1152.551749573556,1152.551749573556,1152.551749573556,3457.655248720668,0.0,6915.310497441336,6915.310497441336,8067.862247014892,10372.965746162005,6915.310497441336,11525.51749573556,13830.620994882673,2305.103499147112,5762.75874786778,12678.069245309116,6915.310497441336,9220.413996588448,13830.620994882673,17288.27624360334,4610.206998294224,9220.413996588448,11525.51749573556,8067.862247014892,10372.965746162005,6915.310497441336,6915.310497441336,6915.310497441336,9220.413996588448,5762.75874786778,5762.75874786778,10372.965746162005,10372.965746162005,8067.862247014892,2305.103499147112,6915.310497441336,5762.75874786778,8067.862247014892,10372.965746162005,5762.75874786778,10372.965746162005,11525.51749573556,4610.206998294224,,,,,,,,,,,,,,,,,,,,,,,,,,,,,,,,,,,,,,,,,,,,,,,,,,,,,,,,,,,,,,,,,,,,,,,,,
,,,,,,,,,,,,,,,,,,,,,,,,,,,,,,,,,,,,,,,,,,,,,,,,,,,,,,,,,,1152.551749573556,9220.413996588448,9220.413996588448,8067.862247014892,8067.862247014892,8067.862247014892,11525.51749573556,8067.862247014892,5762.75874786778,10372.965746162005,6915.310497441336,3457.655248720668,10372.965746162005,4610.206998294224,4610.206998294224,9220.413996588448,5762.75874786778,5762.75874786778,3457.655248720668,5762.75874786778,8067.862247014892,4610.206998294224,10372.965746162005,4610.206998294224,6915.310497441336,5762.75874786778,1152.551749573556,4610.206998294224,4610.206998294224,6915.310497441336,6915.310497441336,4610.206998294224,6915.310497441336,4610.206998294224,2305.103499147112,4610.206998294224,9220.413996588448,4610.206998294224,4610.206998294224,5762.75874786778,3457.655248720668,1152.551749573556,3457.655248720668,0.0,3457.655248720668,2305.103499147112,6915.310497441336,3457.655248720668,1152.551749573556,1152.551749573556,1152.551749573556,1152.551749573556,1152.551749573556,1152.551749573556,1152.551749573556,0.0,2305.103499147112,3457.655248720668,1152.551749573556,1152.551749573556,1152.551749573556,1152.551749573556,1152.551749573556,1152.551749573556,0.0,2305.103499147112,0.0,0.0,2305.103499147112,0.0,0.0,0.0,0.0,0.0,0.0,0.0,1152.551749573556,0.0,1152.551749573556,1152.551749573556,0.0,1152.551749573556,0.0,1152.551749573556,1152.551749573556,5762.75874786778,4610.206998294224,4610.206998294224,8067.862247014892,9220.413996588448,5762.75874786778,13830.620994882673,4610.206998294224,4610.206998294224,9220.413996588448,5762.75874786778,9220.413996588448,8067.862247014892,9220.413996588448,11525.51749573556,12678.069245309116,5762.75874786778,8067.862247014892,4610.206998294224,6915.310497441336,5762.75874786778,5762.75874786778,9220.413996588448,4610.206998294224,9220.413996588448,6915.310497441336,3457.655248720668,5762.75874786778,6915.310497441336,12678.069245309116,13830.620994882673,4610.206998294224,8067.862247014892,9220.413996588448,5762.75874786778,8067.862247014892,10372.965746162005,9220.413996588448,4610.206998294224,,,,,,,,,,,,,,,,,,,,,,,,,,,,,,,,,,,,,,,,,,,,,,,,,,,,,,,,,,,,,,,,,,,,,,,,,,
,,,,,,,,,,,,,,,,,,,,,,,,,,,,,,,,,,,,,,,,,,,,,,,,,,,,,,,,,,,5762.75874786778,5762.75874786778,1152.551749573556,6915.310497441336,4610.206998294224,3457.655248720668,9220.413996588448,4610.206998294224,1152.551749573556,6915.310497441336,4610.206998294224,6915.310497441336,11525.51749573556,11525.51749573556,5762.75874786778,12678.069245309116,9220.413996588448,3457.655248720668,3457.655248720668,8067.862247014892,2305.103499147112,11525.51749573556,11525.51749573556,10372.965746162005,1152.551749573556,9220.413996588448,6915.310497441336,9220.413996588448,8067.862247014892,11525.51749573556,10372.965746162005,4610.206998294224,5762.75874786778,4610.206998294224,12678.069245309116,2305.103499147112,6915.310497441336,5762.75874786778,2305.103499147112,1152.551749573556,4610.206998294224,8067.862247014892,5762.75874786778,6915.310497441336,3457.655248720668,5762.75874786778,3457.655248720668,4610.206998294224,3457.655248720668,0.0,0.0,1152.551749573556,0.0,0.0,0.0,0.0,1152.551749573556,2305.103499147112,1152.551749573556,0.0,0.0,2305.103499147112,0.0,1152.551749573556,0.0,0.0,3457.655248720668,0.0,2305.103499147112,3457.655248720668,1152.551749573556,0.0,1152.551749573556,2305.103499147112,0.0,0.0,2305.103499147112,0.0,0.0,0.0,0.0,0.0,3457.655248720668,3457.655248720668,0.0,4610.206998294224,5762.75874786778,9220.413996588448,3457.655248720668,6915.310497441336,6915.310497441336,5762.75874786778,12678.069245309116,3457.655248720668,3457.655248720668,9220.413996588448,13830.620994882673,6915.310497441336,5762.75874786778,3457.655248720668,5762.75874786778,10372.965746162005,3457.655248720668,5762.75874786778,12678.069245309116,10372.965746162005,4610.206998294224,4610.206998294224,6915.310497441336,6915.310497441336,9220.413996588448,9220.413996588448,3457.655248720668,4610.206998294224,10372.965746162005,11525.51749573556,6915.310497441336,5762.75874786778,8067.862247014892,5762.75874786778,3457.655248720668,3457.655248720668,,,,,,,,,,,,,,,,,,,,,,,,,,,,,,,,,,,,,,,,,,,,,,,,,,,,,,,,,,,,,,,,,,,,,,,,,,,
,,,,,,,,,,,,,,,,,,,,,,,,,,,,,,,,,,,,,,,,,,,,,,,,,,,,,,,,,,,,,4610.206998294224,12678.069245309116,3457.655248720668,5762.75874786778,5762.75874786778,6915.310497441336,8067.862247014892,5762.75874786778,5762.75874786778,5762.75874786778,8067.862247014892,5762.75874786778,10372.965746162005,2305.103499147112,6915.310497441336,3457.655248720668,6915.310497441336,8067.862247014892,8067.862247014892,9220.413996588448,11525.51749573556,12678.069245309116,11525.51749573556,10372.965746162005,14983.172744456228,16135.724494029784,10372.965746162005,8067.862247014892,9220.413996588448,12678.069245309116,11525.51749573556,4610.206998294224,3457.655248720668,8067.862247014892,2305.103499147112,4610.206998294224,5762.75874786778,4610.206998294224,3457.655248720668,5762.75874786778,4610.206998294224,1152.551749573556,5762.75874786778,5762.75874786778,5762.75874786778,3457.655248720668,3457.655248720668,2305.103499147112,0.0,1152.551749573556,3457.655248720668,0.0,0.0,0.0,4610.206998294224,2305.103499147112,0.0,0.0,1152.551749573556,0.0,1152.551749573556,0.0,0.0,1152.551749573556,0.0,1152.551749573556,1152.551749573556,0.0,0.0,1152.551749573556,1152.551749573556,0.0,0.0,0.0,0.0,0.0,1152.551749573556,0.0,1152.551749573556,3457.655248720668,4610.206998294224,2305.103499147112,1152.551749573556,6915.310497441336,2305.103499147112,8067.862247014892,4610.206998294224,11525.51749573556,10372.965746162005,10372.965746162005,9220.413996588448,10372.965746162005,8067.862247014892,9220.413996588448,8067.862247014892,5762.75874786778,6915.310497441336,5762.75874786778,5762.75874786778,9220.413996588448,5762.75874786778,11525.51749573556,8067.862247014892,4610.206998294224,6915.310497441336,2305.103499147112,6915.310497441336,5762.75874786778,8067.862247014892,9220.413996588448,6915.310497441336,9220.413996588448,11525.51749573556,8067.862247014892,4610.206998294224,11525.51749573556,11525.51749573556,8067.862247014892,4610.206998294224,6915.310497441336,,,,,,,,,,,,,,,,,,,,,,,,,,,,,,,,,,,,,,,,,,,,,,,,,,,,,,,,,,,,,,,,,,,,,,,,,,,
,,,,,,,,,,,,,,,,,,,,,,,,,,,,,,,,,,,,,,,,,,,,,,,,,,,,,,,,,,,,,,5762.75874786778,3457.655248720668,6915.310497441336,4610.206998294224,5762.75874786778,10372.965746162005,4610.206998294224,8067.862247014892,9220.413996588448,13830.620994882673,4610.206998294224,8067.862247014892,13830.620994882673,9220.413996588448,6915.310497441336,8067.862247014892,8067.862247014892,9220.413996588448,17288.27624360334,38034.207735927346,14983.172744456228,17288.27624360334,12678.069245309116,16135.724494029784,13830.620994882673,10372.965746162005,10372.965746162005,2305.103499147112,10372.965746162005,8067.862247014892,6915.310497441336,6915.310497441336,4610.206998294224,4610.206998294224,5762.75874786778,4610.206998294224,3457.655248720668,3457.655248720668,4610.206998294224,2305.103499147112,6915.310497441336,4610.206998294224,5762.75874786778,3457.655248720668,4610.206998294224,0.0,1152.551749573556,1152.551749573556,1152.551749573556,1152.551749573556,1152.551749573556,2305.103499147112,0.0,1152.551749573556,3457.655248720668,0.0,0.0,1152.551749573556,0.0,1152.551749573556,1152.551749573556,0.0,0.0,1152.551749573556,0.0,1152.551749573556,0.0,2305.103499147112,0.0,0.0,0.0,1152.551749573556,1152.551749573556,1152.551749573556,1152.551749573556,0.0,0.0,0.0,1152.551749573556,2305.103499147112,5762.75874786778,4610.206998294224,4610.206998294224,9220.413996588448,13830.620994882673,8067.862247014892,3457.655248720668,6915.310497441336,3457.655248720668,3457.655248720668,6915.310497441336,6915.310497441336,11525.51749573556,9220.413996588448,3457.655248720668,4610.206998294224,10372.965746162005,5762.75874786778,8067.862247014892,10372.965746162005,4610.206998294224,14983.172744456228,3457.655248720668,6915.310497441336,6915.310497441336,8067.862247014892,5762.75874786778,8067.862247014892,3457.655248720668,10372.965746162005,1152.551749573556,10372.965746162005,6915.310497441336,8067.862247014892,5762.75874786778,9220.413996588448,6915.310497441336,8067.862247014892,5762.75874786778,,,,,,,,,,,,,,,,,,,,,,,,,,,,,,,,,,,,,,,,,,,,,,,,,,,,,,,,,,,,,,,,,,,,,,,,,,,
,,,,,,,,,,,,,,,,,,,,,,,,,,,,,,,,,,,,,,,,,,,,,,,,,,,,,,,,,,,,,,6915.310497441336,8067.862247014892,10372.965746162005,5762.75874786778,1152.551749573556,6915.310497441336,11525.51749573556,9220.413996588448,2305.103499147112,6915.310497441336,8067.862247014892,4610.206998294224,10372.965746162005,4610.206998294224,12678.069245309116,5762.75874786778,4610.206998294224,12678.069245309116,35729.10423678024,41491.86298464802,23051.03499147112,19593.37974275045,29966.345488912455,36881.65598635379,18440.827993176896,10372.965746162005,6915.310497441336,11525.51749573556,10372.965746162005,9220.413996588448,5762.75874786778,6915.310497441336,4610.206998294224,5762.75874786778,9220.413996588448,5762.75874786778,10372.965746162005,6915.310497441336,2305.103499147112,6915.310497441336,3457.655248720668,4610.206998294224,4610.206998294224,4610.206998294224,5762.75874786778,1152.551749573556,2305.103499147112,1152.551749573556,3457.655248720668,1152.551749573556,2305.103499147112,2305.103499147112,1152.551749573556,1152.551749573556,0.0,1152.551749573556,1152.551749573556,2305.103499147112,1152.551749573556,2305.103499147112,1152.551749573556,0.0,0.0,0.0,0.0,1152.551749573556,1152.551749573556,0.0,0.0,0.0,0.0,0.0,1152.551749573556,1152.551749573556,0.0,1152.551749573556,3457.655248720668,1152.551749573556,4610.206998294224,5762.75874786778,4610.206998294224,10372.965746162005,10372.965746162005,5762.75874786778,8067.862247014892,13830.620994882673,9220.413996588448,12678.069245309116,8067.862247014892,13830.620994882673,4610.206998294224,6915.310497441336,6915.310497441336,5762.75874786778,12678.069245309116,9220.413996588448,8067.862247014892,2305.103499147112,9220.413996588448,5762.75874786778,8067.862247014892,6915.310497441336,9220.413996588448,4610.206998294224,4610.206998294224,4610.206998294224,10372.965746162005,1152.551749573556,4610.206998294224,10372.965746162005,6915.310497441336,8067.862247014892,11525.51749573556,11525.51749573556,10372.965746162005,8067.862247014892,9220.413996588448,5762.75874786778,2305.103499147112,,,,,,,,,,,,,,,,,,,,,,,,,,,,,,,,,,,,,,,,,,,,,,,,,,,,,,,,,,,,,,,,,,,,,,,,,,,
,,,,,,,,,,,,,,,,,,,,,,,,,,,,,,,,,,,,,,,,,,,,,,,,,,,,,,,,,,,,6915.310497441336,2305.103499147112,4610.206998294224,4610.206998294224,1152.551749573556,8067.862247014892,6915.310497441336,4610.206998294224,4610.206998294224,3457.655248720668,6915.310497441336,9220.413996588448,6915.310497441336,5762.75874786778,4610.206998294224,4610.206998294224,8067.862247014892,3457.655248720668,8067.862247014892,9220.413996588448,20745.93149232401,56475.035729104246,32271.44898805957,36881.65598635379,34576.55248720668,23051.03499147112,24203.586741044677,18440.827993176896,5762.75874786778,6915.310497441336,12678.069245309116,4610.206998294224,3457.655248720668,10372.965746162005,8067.862247014892,6915.310497441336,6915.310497441336,8067.862247014892,4610.206998294224,5762.75874786778,6915.310497441336,2305.103499147112,5762.75874786778,6915.310497441336,8067.862247014892,5762.75874786778,1152.551749573556,4610.206998294224,1152.551749573556,1152.551749573556,2305.103499147112,1152.551749573556,2305.103499147112,0.0,2305.103499147112,0.0,0.0,0.0,0.0,1152.551749573556,1152.551749573556,1152.551749573556,0.0,1152.551749573556,0.0,0.0,1152.551749573556,2305.103499147112,1152.551749573556,2305.103499147112,1152.551749573556,1152.551749573556,0.0,1152.551749573556,1152.551749573556,1152.551749573556,2305.103499147112,1152.551749573556,0.0,3457.655248720668,3457.655248720668,8067.862247014892,5762.75874786778,6915.310497441336,13830.620994882673,6915.310497441336,5762.75874786778,8067.862247014892,8067.862247014892,10372.965746162005,9220.413996588448,9220.413996588448,12678.069245309116,9220.413996588448,6915.310497441336,8067.862247014892,4610.206998294224,8067.862247014892,8067.862247014892,11525.51749573556,10372.965746162005,6915.310497441336,9220.413996588448,8067.862247014892,3457.655248720668,5762.75874786778,9220.413996588448,1152.551749573556,6915.310497441336,9220.413996588448,6915.310497441336,13830.620994882673,3457.655248720668,5762.75874786778,6915.310497441336,10372.965746162005,3457.655248720668,9220.413996588448,9220.413996588448,9220.413996588448,9220.413996588448,,,,,,,,,,,,,,,,,,,,,,,,,,,,,,,,,,,,,,,,,,,,,,,,,,,,,,,,,,,,,,,,,,,,,,,,,,,
,,,,,,,,,,,,,,,,,,,,,,,,,,,,,,,,,,,,,,,,,,,,,,,,,,,,,,,,,,,4610.206998294224,8067.862247014892,10372.965746162005,5762.75874786778,3457.655248720668,5762.75874786778,5762.75874786778,3457.655248720668,3457.655248720668,5762.75874786778,4610.206998294224,10372.965746162005,3457.655248720668,6915.310497441336,4610.206998294224,9220.413996588448,8067.862247014892,3457.655248720668,6915.310497441336,6915.310497441336,16135.724494029784,44949.51823336868,39186.7594855009,34576.55248720668,36881.65598635379,32271.44898805957,25356.138490618232,23051.03499147112,19593.37974275045,10372.965746162005,9220.413996588448,5762.75874786778,6915.310497441336,8067.862247014892,6915.310497441336,3457.655248720668,9220.413996588448,10372.965746162005,4610.206998294224,5762.75874786778,3457.655248720668,6915.310497441336,3457.655248720668,4610.206998294224,9220.413996588448,5762.75874786778,2305.103499147112,3457.655248720668,2305.103499147112,3457.655248720668,1152.551749573556,1152.551749573556,0.0,1152.551749573556,0.0,2305.103499147112,0.0,2305.103499147112,1152.551749573556,0.0,0.0,0.0,0.0,0.0,0.0,0.0,1152.551749573556,1152.551749573556,1152.551749573556,0.0,0.0,1152.551749573556,1152.551749573556,0.0,0.0,0.0,0.0,2305.103499147112,2305.103499147112,4610.206998294224,6915.310497441336,3457.655248720668,9220.413996588448,8067.862247014892,10372.965746162005,6915.310497441336,6915.310497441336,6915.310497441336,11525.51749573556,5762.75874786778,5762.75874786778,5762.75874786778,5762.75874786778,4610.206998294224,5762.75874786778,5762.75874786778,12678.069245309116,6915.310497441336,13830.620994882673,8067.862247014892,6915.310497441336,12678.069245309116,2305.103499147112,10372.965746162005,10372.965746162005,8067.862247014892,5762.75874786778,5762.75874786778,4610.206998294224,1152.551749573556,9220.413996588448,9220.413996588448,6915.310497441336,8067.862247014892,5762.75874786778,12678.069245309116,13830.620994882673,3457.655248720668,12678.069245309116,2305.103499147112,4610.206998294224,,,,,,,,,,,,,,,,,,,,,,,,,,,,,,,,,,,,,,,,,,,,,,,,,,,,,,,,,,,,,,,,,,,,,,,,,,,,
,,,,,,,,,,,,,,,,,,,,,,,,,,,,,,,,,,,,,,,,,,,,,,,,,,,,,,,,,,,5762.75874786778,9220.413996588448,8067.862247014892,8067.862247014892,6915.310497441336,12678.069245309116,11525.51749573556,4610.206998294224,5762.75874786778,3457.655248720668,2305.103499147112,4610.206998294224,8067.862247014892,9220.413996588448,2305.103499147112,5762.75874786778,5762.75874786778,11525.51749573556,3457.655248720668,9220.413996588448,13830.620994882673,32271.44898805957,32271.44898805957,43796.96648379513,16135.724494029784,26508.690240191787,21898.483241897564,19593.37974275045,10372.965746162005,3457.655248720668,10372.965746162005,8067.862247014892,5762.75874786778,5762.75874786778,3457.655248720668,2305.103499147112,9220.413996588448,4610.206998294224,5762.75874786778,4610.206998294224,8067.862247014892,5762.75874786778,2305.103499147112,3457.655248720668,10372.965746162005,12678.069245309116,3457.655248720668,3457.655248720668,0.0,1152.551749573556,3457.655248720668,1152.551749573556,0.0,3457.655248720668,2305.103499147112,1152.551749573556,2305.103499147112,2305.103499147112,1152.551749573556,0.0,2305.103499147112,1152.551749573556,1152.551749573556,1152.551749573556,0.0,1152.551749573556,1152.551749573556,0.0,0.0,4610.206998294224,2305.103499147112,1152.551749573556,1152.551749573556,0.0,2305.103499147112,2305.103499147112,1152.551749573556,2305.103499147112,2305.103499147112,4610.206998294224,4610.206998294224,8067.862247014892,4610.206998294224,11525.51749573556,11525.51749573556,8067.862247014892,8067.862247014892,4610.206998294224,6915.310497441336,3457.655248720668,6915.310497441336,5762.75874786778,10372.965746162005,6915.310497441336,3457.655248720668,6915.310497441336,11525.51749573556,5762.75874786778,9220.413996588448,9220.413996588448,2305.103499147112,11525.51749573556,4610.206998294224,4610.206998294224,5762.75874786778,4610.206998294224,3457.655248720668,5762.75874786778,4610.206998294224,3457.655248720668,2305.103499147112,5762.75874786778,11525.51749573556,5762.75874786778,10372.965746162005,5762.75874786778,6915.310497441336,2305.103499147112,8067.862247014892,9220.413996588448,6915.310497441336,,,,,,,,,,,,,,,,,,,,,,,,,,,,,,,,,,,,,,,,,,,,,,,,,,,,,,,,,,,,,,,,,,,,,,,,,,,,
,,,,,,,,,,,,,,,,,,,,,,,,,,,,,,,,,,,,,,,,,,,,,,,,,,,,,,,,,,,,,4610.206998294224,9220.413996588448,3457.655248720668,3457.655248720668,5762.75874786778,4610.206998294224,3457.655248720668,9220.413996588448,4610.206998294224,4610.206998294224,6915.310497441336,8067.862247014892,5762.75874786778,9220.413996588448,4610.206998294224,6915.310497441336,6915.310497441336,4610.206998294224,25356.138490618232,21898.483241897564,21898.483241897564,19593.37974275045,10372.965746162005,16135.724494029784,20745.93149232401,10372.965746162005,6915.310497441336,4610.206998294224,6915.310497441336,3457.655248720668,11525.51749573556,5762.75874786778,3457.655248720668,8067.862247014892,6915.310497441336,4610.206998294224,3457.655248720668,3457.655248720668,3457.655248720668,4610.206998294224,5762.75874786778,2305.103499147112,4610.206998294224,5762.75874786778,4610.206998294224,5762.75874786778,5762.75874786778,3457.655248720668,8067.862247014892,4610.206998294224,3457.655248720668,5762.75874786778,5762.75874786778,2305.103499147112,3457.655248720668,1152.551749573556,0.0,0.0,0.0,1152.551749573556,1152.551749573556,0.0,0.0,0.0,1152.551749573556,0.0,0.0,3457.655248720668,1152.551749573556,0.0,5762.75874786778,2305.103499147112,0.0,3457.655248720668,3457.655248720668,2305.103499147112,0.0,3457.655248720668,9220.413996588448,19593.37974275045,38034.207735927346,24203.586741044677,12678.069245309116,9220.413996588448,11525.51749573556,6915.310497441336,6915.310497441336,8067.862247014892,3457.655248720668,8067.862247014892,9220.413996588448,5762.75874786778,9220.413996588448,10372.965746162005,14983.172744456228,10372.965746162005,8067.862247014892,9220.413996588448,12678.069245309116,5762.75874786778,6915.310497441336,13830.620994882673,6915.310497441336,9220.413996588448,10372.965746162005,9220.413996588448,12678.069245309116,8067.862247014892,4610.206998294224,12678.069245309116,8067.862247014892,8067.862247014892,8067.862247014892,8067.862247014892,9220.413996588448,8067.862247014892,10372.965746162005,6915.310497441336,10372.965746162005,,,,,,,,,,,,,,,,,,,,,,,,,,,,,,,,,,,,,,,,,,,,,,,,,,,,,,,,,,,,,,,,,,,,,,,,,,,,
,,,,,,,,,,,,,,,,,,,,,,,,,,,,,,,,,,,,,,,,,,,,,,,,,,,,,,,,,,,,,,,,3457.655248720668,6915.310497441336,8067.862247014892,8067.862247014892,5762.75874786778,6915.310497441336,6915.310497441336,6915.310497441336,12678.069245309116,6915.310497441336,2305.103499147112,6915.310497441336,2305.103499147112,5762.75874786778,10372.965746162005,9220.413996588448,12678.069245309116,12678.069245309116,14983.172744456228,6915.310497441336,4610.206998294224,9220.413996588448,4610.206998294224,14983.172744456228,9220.413996588448,8067.862247014892,8067.862247014892,5762.75874786778,2305.103499147112,4610.206998294224,2305.103499147112,6915.310497441336,4610.206998294224,6915.310497441336,6915.310497441336,5762.75874786778,4610.206998294224,3457.655248720668,4610.206998294224,2305.103499147112,0.0,6915.310497441336,1152.551749573556,3457.655248720668,3457.655248720668,5762.75874786778,8067.862247014892,6915.310497441336,4610.206998294224,8067.862247014892,1152.551749573556,0.0,1152.551749573556,1152.551749573556,1152.551749573556,4610.206998294224,2305.103499147112,3457.655248720668,0.0,2305.103499147112,0.0,0.0,2305.103499147112,2305.103499147112,1152.551749573556,1152.551749573556,1152.551749573556,2305.103499147112,2305.103499147112,1152.551749573556,2305.103499147112,1152.551749573556,2305.103499147112,6915.310497441336,8067.862247014892,9220.413996588448,17288.27624360334,29966.345488912455,27661.241989765345,14983.172744456228,10372.965746162005,6915.310497441336,11525.51749573556,1152.551749573556,9220.413996588448,6915.310497441336,6915.310497441336,8067.862247014892,10372.965746162005,8067.862247014892,6915.310497441336,12678.069245309116,8067.862247014892,1152.551749573556,6915.310497441336,6915.310497441336,5762.75874786778,10372.965746162005,10372.965746162005,9220.413996588448,8067.862247014892,9220.413996588448,8067.862247014892,9220.413996588448,8067.862247014892,11525.51749573556,6915.310497441336,9220.413996588448,8067.862247014892,5762.75874786778,8067.862247014892,5762.75874786778,6915.310497441336,8067.862247014892,4610.206998294224,,,,,,,,,,,,,,,,,,,,,,,,,,,,,,,,,,,,,,,,,,,,,,,,,,,,,,,,,,,,,,,,,,,,,,,,,,,,,
,,,,,,,,,,,,,,,,,,,,,,,,,,,,,,,,,,,,,,,,,,,,,,,,,,,,,,,,,,,,,,,,,8067.862247014892,8067.862247014892,3457.655248720668,6915.310497441336,6915.310497441336,2305.103499147112,8067.862247014892,2305.103499147112,8067.862247014892,5762.75874786778,5762.75874786778,8067.862247014892,9220.413996588448,4610.206998294224,4610.206998294224,5762.75874786778,8067.862247014892,5762.75874786778,5762.75874786778,4610.206998294224,8067.862247014892,9220.413996588448,5762.75874786778,3457.655248720668,8067.862247014892,8067.862247014892,6915.310497441336,3457.655248720668,0.0,3457.655248720668,5762.75874786778,9220.413996588448,5762.75874786778,3457.655248720668,3457.655248720668,4610.206998294224,10372.965746162005,5762.75874786778,4610.206998294224,5762.75874786778,3457.655248720668,2305.103499147112,5762.75874786778,9220.413996588448,4610.206998294224,9220.413996588448,2305.103499147112,6915.310497441336,3457.655248720668,6915.310497441336,2305.103499147112,4610.206998294224,1152.551749573556,1152.551749573556,3457.655248720668,2305.103499147112,5762.75874786778,2305.103499147112,2305.103499147112,0.0,1152.551749573556,2305.103499147112,1152.551749573556,1152.551749573556,4610.206998294224,4610.206998294224,3457.655248720668,3457.655248720668,2305.103499147112,2305.103499147112,4610.206998294224,4610.206998294224,5762.75874786778,4610.206998294224,11525.51749573556,14983.172744456228,29966.345488912455,10372.965746162005,11525.51749573556,10372.965746162005,12678.069245309116,6915.310497441336,8067.862247014892,6915.310497441336,9220.413996588448,6915.310497441336,6915.310497441336,10372.965746162005,8067.862247014892,11525.51749573556,8067.862247014892,4610.206998294224,11525.51749573556,5762.75874786778,13830.620994882673,5762.75874786778,5762.75874786778,5762.75874786778,9220.413996588448,8067.862247014892,11525.51749573556,10372.965746162005,8067.862247014892,5762.75874786778,5762.75874786778,10372.965746162005,11525.51749573556,9220.413996588448,9220.413996588448,3457.655248720668,6915.310497441336,5762.75874786778,6915.310497441336,,,,,,,,,,,,,,,,,,,,,,,,,,,,,,,,,,,,,,,,,,,,,,,,,,,,,,,,,,,,,,,,,,,,,,,,,,,,,,
,,,,,,,,,,,,,,,,,,,,,,,,,,,,,,,,,,,,,,,,,,,,,,,,,,,,,,,,,,,,,,,,,6915.310497441336,3457.655248720668,,,,,3457.655248720668,4610.206998294224,4610.206998294224,8067.862247014892,5762.75874786778,4610.206998294224,9220.413996588448,9220.413996588448,4610.206998294224,4610.206998294224,9220.413996588448,4610.206998294224,6915.310497441336,4610.206998294224,5762.75874786778,10372.965746162005,6915.310497441336,13830.620994882673,6915.310497441336,6915.310497441336,2305.103499147112,2305.103499147112,8067.862247014892,1152.551749573556,5762.75874786778,5762.75874786778,8067.862247014892,2305.103499147112,5762.75874786778,4610.206998294224,4610.206998294224,8067.862247014892,8067.862247014892,1152.551749573556,2305.103499147112,5762.75874786778,6915.310497441336,10372.965746162005,10372.965746162005,4610.206998294224,3457.655248720668,4610.206998294224,6915.310497441336,4610.206998294224,4610.206998294224,4610.206998294224,1152.551749573556,3457.655248720668,1152.551749573556,3457.655248720668,2305.103499147112,0.0,3457.655248720668,2305.103499147112,0.0,0.0,1152.551749573556,5762.75874786778,1152.551749573556,2305.103499147112,2305.103499147112,4610.206998294224,2305.103499147112,3457.655248720668,4610.206998294224,9220.413996588448,6915.310497441336,5762.75874786778,9220.413996588448,8067.862247014892,11525.51749573556,5762.75874786778,6915.310497441336,6915.310497441336,9220.413996588448,11525.51749573556,4610.206998294224,4610.206998294224,12678.069245309116,8067.862247014892,5762.75874786778,6915.310497441336,10372.965746162005,13830.620994882673,5762.75874786778,9220.413996588448,18440.827993176896,6915.310497441336,3457.655248720668,8067.862247014892,11525.51749573556,4610.206998294224,11525.51749573556,5762.75874786778,4610.206998294224,4610.206998294224,13830.620994882673,9220.413996588448,8067.862247014892,4610.206998294224,6915.310497441336,11525.51749573556,9220.413996588448,10372.965746162005,12678.069245309116,5762.75874786778,6915.310497441336,,,,,,,,,,,,,,,,,,,,,,,,,,,,,,,,,,,,,,,,,,,,,,,,,,,,,,,,,,,,,,,,,,,,,,,,,,,,,,
,,,,,,,,,,,,,,,,,,,,,,,,,,,,,,,,,,,,,,,,,,,,,,,,,,,,,,,,,,,,,,,,2305.103499147112,8067.862247014892,,,,,,5762.75874786778,10372.965746162005,4610.206998294224,1152.551749573556,8067.862247014892,5762.75874786778,12678.069245309116,4610.206998294224,10372.965746162005,6915.310497441336,6915.310497441336,4610.206998294224,9220.413996588448,1152.551749573556,12678.069245309116,3457.655248720668,4610.206998294224,12678.069245309116,6915.310497441336,5762.75874786778,6915.310497441336,4610.206998294224,5762.75874786778,2305.103499147112,12678.069245309116,17288.27624360334,20745.93149232401,8067.862247014892,5762.75874786778,4610.206998294224,4610.206998294224,8067.862247014892,0.0,4610.206998294224,6915.310497441336,4610.206998294224,1152.551749573556,1152.551749573556,3457.655248720668,11525.51749573556,8067.862247014892,0.0,4610.206998294224,9220.413996588448,3457.655248720668,5762.75874786778,5762.75874786778,11525.51749573556,4610.206998294224,0.0,0.0,0.0,2305.103499147112,4610.206998294224,1152.551749573556,2305.103499147112,1152.551749573556,3457.655248720668,3457.655248720668,3457.655248720668,1152.551749573556,4610.206998294224,12678.069245309116,9220.413996588448,9220.413996588448,8067.862247014892,11525.51749573556,11525.51749573556,10372.965746162005,8067.862247014892,6915.310497441336,8067.862247014892,10372.965746162005,5762.75874786778,10372.965746162005,8067.862247014892,8067.862247014892,6915.310497441336,8067.862247014892,12678.069245309116,9220.413996588448,12678.069245309116,6915.310497441336,9220.413996588448,3457.655248720668,8067.862247014892,9220.413996588448,9220.413996588448,6915.310497441336,5762.75874786778,12678.069245309116,6915.310497441336,9220.413996588448,8067.862247014892,11525.51749573556,3457.655248720668,6915.310497441336,5762.75874786778,6915.310497441336,4610.206998294224,9220.413996588448,8067.862247014892,6915.310497441336,9220.413996588448,9220.413996588448,8067.862247014892,6915.310497441336,,,,,,,,,,,,,,,,,,,,,,,,,,,,,,,,,,,,,,,,,,,,,,,,,,,,,,,,,,,,,,,,,,,,,,,,,,,,,,
,,,,,,,,,,,,,,,,,,,,,,,,,,,,,,,,,,,,,,,,,,,,,,,,,,,,,,,,,,,,,,,8067.862247014892,5762.75874786778,4610.206998294224,,,,,8067.862247014892,4610.206998294224,5762.75874786778,6915.310497441336,4610.206998294224,9220.413996588448,11525.51749573556,5762.75874786778,8067.862247014892,2305.103499147112,8067.862247014892,3457.655248720668,5762.75874786778,4610.206998294224,11525.51749573556,11525.51749573556,9220.413996588448,2305.103499147112,8067.862247014892,5762.75874786778,6915.310497441336,6915.310497441336,5762.75874786778,4610.206998294224,4610.206998294224,14983.172744456228,26508.690240191787,32271.44898805957,18440.827993176896,5762.75874786778,3457.655248720668,2305.103499147112,5762.75874786778,4610.206998294224,6915.310497441336,1152.551749573556,4610.206998294224,5762.75874786778,8067.862247014892,10372.965746162005,12678.069245309116,2305.103499147112,5762.75874786778,13830.620994882673,8067.862247014892,11525.51749573556,3457.655248720668,12678.069245309116,6915.310497441336,2305.103499147112,1152.551749573556,2305.103499147112,0.0,2305.103499147112,2305.103499147112,2305.103499147112,4610.206998294224,2305.103499147112,1152.551749573556,3457.655248720668,3457.655248720668,6915.310497441336,3457.655248720668,6915.310497441336,11525.51749573556,17288.27624360334,12678.069245309116,18440.827993176896,25356.138490618232,23051.03499147112,5762.75874786778,14983.172744456228,11525.51749573556,6915.310497441336,9220.413996588448,11525.51749573556,12678.069245309116,4610.206998294224,6915.310497441336,10372.965746162005,9220.413996588448,4610.206998294224,6915.310497441336,10372.965746162005,10372.965746162005,6915.310497441336,10372.965746162005,11525.51749573556,6915.310497441336,11525.51749573556,10372.965746162005,3457.655248720668,6915.310497441336,1152.551749573556,6915.310497441336,4610.206998294224,6915.310497441336,5762.75874786778,5762.75874786778,6915.310497441336,14983.172744456228,11525.51749573556,5762.75874786778,10372.965746162005,6915.310497441336,9220.413996588448,4610.206998294224,,,,,,,,,,,,,,,,,,,,,,,,,,,,,,,,,,,,,,,,,,,,,,,,,,,,,,,,,,,,,,,,,,,,,,,,,,,,,,,
,,,,,,,,,,,,,,,,,,,,,,,,,,,,,,,,,,,,,,,,,,,,,,,,,,,,,,,,,,,,,,,,,2305.103499147112,4610.206998294224,5762.75874786778,,,9220.413996588448,5762.75874786778,6915.310497441336,5762.75874786778,4610.206998294224,6915.310497441336,4610.206998294224,3457.655248720668,4610.206998294224,5762.75874786778,6915.310497441336,5762.75874786778,13830.620994882673,16135.724494029784,5762.75874786778,9220.413996588448,2305.103499147112,11525.51749573556,3457.655248720668,4610.206998294224,5762.75874786778,4610.206998294224,4610.206998294224,8067.862247014892,6915.310497441336,11525.51749573556,26508.690240191787,50712.276981236464,14983.172744456228,10372.965746162005,6915.310497441336,8067.862247014892,9220.413996588448,9220.413996588448,6915.310497441336,4610.206998294224,9220.413996588448,4610.206998294224,2305.103499147112,4610.206998294224,6915.310497441336,5762.75874786778,10372.965746162005,8067.862247014892,9220.413996588448,8067.862247014892,11525.51749573556,2305.103499147112,4610.206998294224,2305.103499147112,2305.103499147112,6915.310497441336,0.0,6915.310497441336,1152.551749573556,6915.310497441336,1152.551749573556,1152.551749573556,4610.206998294224,4610.206998294224,6915.310497441336,3457.655248720668,13830.620994882673,4610.206998294224,16135.724494029784,21898.483241897564,29966.345488912455,25356.138490618232,20745.93149232401,11525.51749573556,12678.069245309116,8067.862247014892,3457.655248720668,9220.413996588448,12678.069245309116,11525.51749573556,10372.965746162005,8067.862247014892,5762.75874786778,8067.862247014892,9220.413996588448,10372.965746162005,9220.413996588448,13830.620994882673,12678.069245309116,10372.965746162005,10372.965746162005,11525.51749573556,8067.862247014892,12678.069245309116,10372.965746162005,5762.75874786778,6915.310497441336,3457.655248720668,4610.206998294224,5762.75874786778,4610.206998294224,10372.965746162005,6915.310497441336,9220.413996588448,3457.655248720668,10372.965746162005,9220.413996588448,4610.206998294224,4610.206998294224,6915.310497441336,9220.413996588448,,,,,,,,,,,,,,,,,,,,,,,,,,,,,,,,,,,,,,,,,,,,,,,,,,,,,,,,,,,,,,,,,,,,,,,,,,,,,,,
,,,,,,,,,,,,,,,,,,,,,,,,,,,,,,,,,,,,,,,,,,,,,,,,,,,,,,,,,,,,,,,,,8067.862247014892,6915.310497441336,10372.965746162005,,,4610.206998294224,9220.413996588448,5762.75874786778,3457.655248720668,5762.75874786778,10372.965746162005,9220.413996588448,4610.206998294224,8067.862247014892,10372.965746162005,6915.310497441336,10372.965746162005,12678.069245309116,9220.413996588448,5762.75874786778,4610.206998294224,11525.51749573556,8067.862247014892,4610.206998294224,4610.206998294224,3457.655248720668,5762.75874786778,2305.103499147112,8067.862247014892,11525.51749573556,12678.069245309116,14983.172744456228,11525.51749573556,6915.310497441336,5762.75874786778,6915.310497441336,6915.310497441336,6915.310497441336,10372.965746162005,12678.069245309116,6915.310497441336,6915.310497441336,10372.965746162005,2305.103499147112,5762.75874786778,2305.103499147112,3457.655248720668,4610.206998294224,6915.310497441336,6915.310497441336,9220.413996588448,10372.965746162005,6915.310497441336,8067.862247014892,8067.862247014892,3457.655248720668,0.0,5762.75874786778,3457.655248720668,2305.103499147112,1152.551749573556,2305.103499147112,3457.655248720668,3457.655248720668,2305.103499147112,4610.206998294224,5762.75874786778,3457.655248720668,8067.862247014892,10372.965746162005,21898.483241897564,13830.620994882673,17288.27624360334,14983.172744456228,10372.965746162005,4610.206998294224,13830.620994882673,6915.310497441336,5762.75874786778,10372.965746162005,11525.51749573556,6915.310497441336,8067.862247014892,6915.310497441336,8067.862247014892,6915.310497441336,6915.310497441336,8067.862247014892,6915.310497441336,5762.75874786778,10372.965746162005,9220.413996588448,5762.75874786778,10372.965746162005,8067.862247014892,14983.172744456228,6915.310497441336,5762.75874786778,6915.310497441336,9220.413996588448,3457.655248720668,2305.103499147112,2305.103499147112,8067.862247014892,10372.965746162005,5762.75874786778,2305.103499147112,9220.413996588448,9220.413996588448,3457.655248720668,6915.310497441336,5762.75874786778,,,,,,,,,,,,,,,,,,,,,,,,,,,,,,,,,,,,,,,,,,,,,,,,,,,,,,,,,,,,,,,,,,,,,,,,,,,,,,,
,,,,,,,,,,,,,,,,,,,,,,,,,,,,,,,,,,,,,,,,,,,,,,,,,,,,,,,,,,,,,,,,,,,,,,,8067.862247014892,3457.655248720668,4610.206998294224,10372.965746162005,8067.862247014892,4610.206998294224,6915.310497441336,8067.862247014892,10372.965746162005,5762.75874786778,8067.862247014892,3457.655248720668,8067.862247014892,8067.862247014892,4610.206998294224,6915.310497441336,2305.103499147112,8067.862247014892,8067.862247014892,8067.862247014892,4610.206998294224,5762.75874786778,9220.413996588448,8067.862247014892,10372.965746162005,8067.862247014892,4610.206998294224,11525.51749573556,8067.862247014892,9220.413996588448,6915.310497441336,4610.206998294224,11525.51749573556,6915.310497441336,9220.413996588448,10372.965746162005,9220.413996588448,4610.206998294224,6915.310497441336,1152.551749573556,4610.206998294224,4610.206998294224,9220.413996588448,8067.862247014892,4610.206998294224,9220.413996588448,5762.75874786778,8067.862247014892,3457.655248720668,6915.310497441336,4610.206998294224,1152.551749573556,5762.75874786778,0.0,4610.206998294224,4610.206998294224,8067.862247014892,3457.655248720668,4610.206998294224,8067.862247014892,8067.862247014892,10372.965746162005,9220.413996588448,9220.413996588448,21898.483241897564,21898.483241897564,11525.51749573556,9220.413996588448,8067.862247014892,6915.310497441336,9220.413996588448,5762.75874786778,8067.862247014892,8067.862247014892,5762.75874786778,5762.75874786778,6915.310497441336,8067.862247014892,6915.310497441336,8067.862247014892,5762.75874786778,10372.965746162005,8067.862247014892,5762.75874786778,11525.51749573556,5762.75874786778,10372.965746162005,6915.310497441336,6915.310497441336,2305.103499147112,6915.310497441336,3457.655248720668,8067.862247014892,3457.655248720668,4610.206998294224,11525.51749573556,10372.965746162005,6915.310497441336,4610.206998294224,3457.655248720668,11525.51749573556,9220.413996588448,4610.206998294224,6915.310497441336,8067.862247014892,6915.310497441336,,,,,,,,,,,,,,,,,,,,,,,,,,,,,,,,,,,,,,,,,,,,,,,,,,,,,,,,,,,,,,,,,,,,,,,,,,,,,,,
,,,,,,,,,,,,,,,,,,,,,,,,,,,,,,,,,,,,,,,,,,,,,,,,,,,,,,,,,,,,,,,,,,,,,,,4610.206998294224,6915.310497441336,4610.206998294224,9220.413996588448,3457.655248720668,12678.069245309116,11525.51749573556,3457.655248720668,9220.413996588448,5762.75874786778,6915.310497441336,5762.75874786778,6915.310497441336,5762.75874786778,8067.862247014892,4610.206998294224,3457.655248720668,4610.206998294224,5762.75874786778,5762.75874786778,4610.206998294224,9220.413996588448,17288.27624360334,6915.310497441336,11525.51749573556,6915.310497441336,6915.310497441336,9220.413996588448,11525.51749573556,8067.862247014892,6915.310497441336,9220.413996588448,6915.310497441336,5762.75874786778,5762.75874786778,11525.51749573556,11525.51749573556,5762.75874786778,9220.413996588448,4610.206998294224,10372.965746162005,5762.75874786778,6915.310497441336,9220.413996588448,9220.413996588448,20745.93149232401,11525.51749573556,1152.551749573556,9220.413996588448,1152.551749573556,3457.655248720668,3457.655248720668,4610.206998294224,3457.655248720668,2305.103499147112,3457.655248720668,1152.551749573556,3457.655248720668,5762.75874786778,6915.310497441336,3457.655248720668,10372.965746162005,8067.862247014892,6915.310497441336,25356.138490618232,18440.827993176896,12678.069245309116,11525.51749573556,12678.069245309116,4610.206998294224,5762.75874786778,11525.51749573556,17288.27624360334,6915.310497441336,8067.862247014892,11525.51749573556,6915.310497441336,9220.413996588448,8067.862247014892,4610.206998294224,9220.413996588448,12678.069245309116,6915.310497441336,3457.655248720668,5762.75874786778,6915.310497441336,4610.206998294224,5762.75874786778,2305.103499147112,4610.206998294224,5762.75874786778,5762.75874786778,4610.206998294224,4610.206998294224,8067.862247014892,8067.862247014892,10372.965746162005,8067.862247014892,10372.965746162005,2305.103499147112,9220.413996588448,11525.51749573556,4610.206998294224,11525.51749573556,11525.51749573556,,,,,,,,,,,,,,,,,,,,,,,,,,,,,,,,,,,,,,,,,,,,,,,,,,,,,,,,,,,,,,,,,,,,,,,,,,,,,,,,
,,,,,,,,,,,,,,,,,,,,,,,,,,,,,,,,,,,,,,,,,,,,,,,,,,,,,,,,,,,,,,,,,,,,,,5762.75874786778,5762.75874786778,2305.103499147112,3457.655248720668,3457.655248720668,3457.655248720668,4610.206998294224,3457.655248720668,4610.206998294224,6915.310497441336,3457.655248720668,3457.655248720668,5762.75874786778,16135.724494029784,8067.862247014892,11525.51749573556,5762.75874786778,2305.103499147112,9220.413996588448,3457.655248720668,8067.862247014892,8067.862247014892,12678.069245309116,6915.310497441336,4610.206998294224,10372.965746162005,4610.206998294224,11525.51749573556,9220.413996588448,13830.620994882673,3457.655248720668,13830.620994882673,5762.75874786778,10372.965746162005,9220.413996588448,6915.310497441336,5762.75874786778,10372.965746162005,6915.310497441336,3457.655248720668,8067.862247014892,12678.069245309116,9220.413996588448,5762.75874786778,14983.172744456228,42644.41473422157,28813.7937393389,20745.93149232401,8067.862247014892,12678.069245309116,4610.206998294224,2305.103499147112,3457.655248720668,5762.75874786778,8067.862247014892,6915.310497441336,8067.862247014892,3457.655248720668,4610.206998294224,5762.75874786778,5762.75874786778,8067.862247014892,4610.206998294224,9220.413996588448,10372.965746162005,6915.310497441336,8067.862247014892,10372.965746162005,3457.655248720668,5762.75874786778,18440.827993176896,6915.310497441336,6915.310497441336,10372.965746162005,6915.310497441336,10372.965746162005,13830.620994882673,5762.75874786778,5762.75874786778,13830.620994882673,8067.862247014892,9220.413996588448,3457.655248720668,4610.206998294224,6915.310497441336,11525.51749573556,6915.310497441336,10372.965746162005,8067.862247014892,6915.310497441336,5762.75874786778,8067.862247014892,9220.413996588448,9220.413996588448,10372.965746162005,3457.655248720668,6915.310497441336,5762.75874786778,6915.310497441336,6915.310497441336,12678.069245309116,10372.965746162005,9220.413996588448,6915.310497441336,16135.724494029784,3457.655248720668,,,,,,,,,,,,,,,,,,,,,,,,,,,,,,,,,,,,,,,,,,,,,,,,,,,,,,,,,,,,,,,,,,,,,,,,,,,,,,,,
,,,,,,,,,,,,,,,,,,,,,,,,,,,,,,,,,,,,,,,,,,,,,,,,,,,,,,,,,,,,,,,,,,,,,,10372.965746162005,4610.206998294224,5762.75874786778,8067.862247014892,10372.965746162005,2305.103499147112,8067.862247014892,6915.310497441336,5762.75874786778,4610.206998294224,5762.75874786778,10372.965746162005,6915.310497441336,5762.75874786778,10372.965746162005,3457.655248720668,4610.206998294224,8067.862247014892,13830.620994882673,4610.206998294224,5762.75874786778,5762.75874786778,11525.51749573556,3457.655248720668,9220.413996588448,10372.965746162005,13830.620994882673,10372.965746162005,8067.862247014892,10372.965746162005,12678.069245309116,5762.75874786778,11525.51749573556,6915.310497441336,9220.413996588448,3457.655248720668,2305.103499147112,12678.069245309116,8067.862247014892,8067.862247014892,12678.069245309116,6915.310497441336,6915.310497441336,6915.310497441336,18440.827993176896,48407.173482089354,64542.89797611914,26508.690240191787,4610.206998294224,9220.413996588448,5762.75874786778,6915.310497441336,2305.103499147112,5762.75874786778,9220.413996588448,2305.103499147112,2305.103499147112,1152.551749573556,3457.655248720668,2305.103499147112,0.0,5762.75874786778,3457.655248720668,6915.310497441336,10372.965746162005,3457.655248720668,11525.51749573556,3457.655248720668,8067.862247014892,5762.75874786778,11525.51749573556,9220.413996588448,9220.413996588448,8067.862247014892,4610.206998294224,4610.206998294224,10372.965746162005,10372.965746162005,8067.862247014892,12678.069245309116,12678.069245309116,5762.75874786778,4610.206998294224,5762.75874786778,5762.75874786778,9220.413996588448,19593.37974275045,6915.310497441336,5762.75874786778,6915.310497441336,5762.75874786778,5762.75874786778,9220.413996588448,3457.655248720668,4610.206998294224,6915.310497441336,11525.51749573556,5762.75874786778,6915.310497441336,8067.862247014892,8067.862247014892,6915.310497441336,6915.310497441336,9220.413996588448,4610.206998294224,4610.206998294224,5762.75874786778,,,,,,,,,,,,,,,,,,,,,,,,,,,,,,,,,,,,,,,,,,,,,,,,,,,,,,,,,,,,,,,,,,,,,,,,,,,,,,,
,,,,,,,,,,,,,,,,,,,,,,,,,,,,,,,,,,,,,,,,,,,,,,,,,,,,,,,,,,,,,,,,,,,,,,4610.206998294224,6915.310497441336,3457.655248720668,3457.655248720668,4610.206998294224,9220.413996588448,8067.862247014892,10372.965746162005,5762.75874786778,5762.75874786778,12678.069245309116,13830.620994882673,5762.75874786778,4610.206998294224,6915.310497441336,9220.413996588448,5762.75874786778,3457.655248720668,3457.655248720668,8067.862247014892,4610.206998294224,9220.413996588448,6915.310497441336,4610.206998294224,8067.862247014892,10372.965746162005,5762.75874786778,12678.069245309116,4610.206998294224,5762.75874786778,14983.172744456228,11525.51749573556,4610.206998294224,12678.069245309116,9220.413996588448,6915.310497441336,5762.75874786778,6915.310497441336,6915.310497441336,4610.206998294224,6915.310497441336,10372.965746162005,4610.206998294224,6915.310497441336,13830.620994882673,26508.690240191787,44949.51823336868,13830.620994882673,5762.75874786778,10372.965746162005,10372.965746162005,9220.413996588448,2305.103499147112,3457.655248720668,5762.75874786778,6915.310497441336,5762.75874786778,4610.206998294224,8067.862247014892,3457.655248720668,2305.103499147112,8067.862247014892,9220.413996588448,13830.620994882673,12678.069245309116,20745.93149232401,8067.862247014892,6915.310497441336,6915.310497441336,11525.51749573556,8067.862247014892,16135.724494029784,9220.413996588448,5762.75874786778,6915.310497441336,8067.862247014892,8067.862247014892,6915.310497441336,2305.103499147112,5762.75874786778,8067.862247014892,9220.413996588448,10372.965746162005,6915.310497441336,4610.206998294224,14983.172744456228,4610.206998294224,8067.862247014892,9220.413996588448,9220.413996588448,5762.75874786778,8067.862247014892,13830.620994882673,9220.413996588448,18440.827993176896,6915.310497441336,12678.069245309116,3457.655248720668,9220.413996588448,6915.310497441336,11525.51749573556,4610.206998294224,14983.172744456228,5762.75874786778,10372.965746162005,6915.310497441336,9220.413996588448,,,,,,,,,,,,,,,,,,,,,,,,,,,,,,,,,,,,,,,,,,,,,,,,,,,,,,,,,,,,,,,,,,,,,,,,,,,,,,,
,,,,,,,,,,,,,,,,,,,,,,,,,,,,,,,,,,,,,,,,,,,,,,,,,,,,,,,,,,,,,,,,,,,,,,,2305.103499147112,10372.965746162005,10372.965746162005,8067.862247014892,6915.310497441336,3457.655248720668,5762.75874786778,4610.206998294224,4610.206998294224,10372.965746162005,5762.75874786778,11525.51749573556,5762.75874786778,4610.206998294224,8067.862247014892,5762.75874786778,1152.551749573556,5762.75874786778,3457.655248720668,6915.310497441336,4610.206998294224,5762.75874786778,11525.51749573556,8067.862247014892,3457.655248720668,3457.655248720668,6915.310497441336,9220.413996588448,14983.172744456228,6915.310497441336,4610.206998294224,8067.862247014892,3457.655248720668,10372.965746162005,6915.310497441336,6915.310497441336,8067.862247014892,5762.75874786778,2305.103499147112,10372.965746162005,4610.206998294224,11525.51749573556,11525.51749573556,6915.310497441336,20745.93149232401,14983.172744456228,6915.310497441336,6915.310497441336,9220.413996588448,6915.310497441336,10372.965746162005,5762.75874786778,4610.206998294224,8067.862247014892,6915.310497441336,8067.862247014892,5762.75874786778,11525.51749573556,4610.206998294224,4610.206998294224,9220.413996588448,8067.862247014892,18440.827993176896,10372.965746162005,12678.069245309116,18440.827993176896,14983.172744456228,11525.51749573556,8067.862247014892,6915.310497441336,9220.413996588448,11525.51749573556,9220.413996588448,11525.51749573556,10372.965746162005,13830.620994882673,8067.862247014892,10372.965746162005,6915.310497441336,10372.965746162005,3457.655248720668,10372.965746162005,9220.413996588448,9220.413996588448,2305.103499147112,5762.75874786778,4610.206998294224,6915.310497441336,8067.862247014892,4610.206998294224,5762.75874786778,6915.310497441336,3457.655248720668,8067.862247014892,6915.310497441336,4610.206998294224,4610.206998294224,8067.862247014892,8067.862247014892,9220.413996588448,5762.75874786778,9220.413996588448,2305.103499147112,6915.310497441336,6915.310497441336,5762.75874786778,,,,,,,,,,,,,,,,,,,,,,,,,,,,,,,,,,,,,,,,,,,,,,,,,,,,,,,,,,,,,,,,,,,,,,,,,,,,,,,
,,,,,,,,,,,,,,,,,,,,,,,,,,,,,,,,,,,,,,,,,,,,,,,,,,,,,,,,,,,,,,,,,,,,,,,,6915.310497441336,2305.103499147112,3457.655248720668,6915.310497441336,5762.75874786778,3457.655248720668,4610.206998294224,5762.75874786778,11525.51749573556,9220.413996588448,4610.206998294224,3457.655248720668,4610.206998294224,10372.965746162005,9220.413996588448,4610.206998294224,3457.655248720668,6915.310497441336,10372.965746162005,5762.75874786778,10372.965746162005,9220.413996588448,3457.655248720668,2305.103499147112,6915.310497441336,5762.75874786778,4610.206998294224,9220.413996588448,5762.75874786778,9220.413996588448,10372.965746162005,8067.862247014892,5762.75874786778,4610.206998294224,4610.206998294224,5762.75874786778,6915.310497441336,8067.862247014892,8067.862247014892,8067.862247014892,6915.310497441336,9220.413996588448,12678.069245309116,9220.413996588448,2305.103499147112,4610.206998294224,3457.655248720668,6915.310497441336,8067.862247014892,5762.75874786778,5762.75874786778,3457.655248720668,9220.413996588448,6915.310497441336,4610.206998294224,6915.310497441336,4610.206998294224,9220.413996588448,5762.75874786778,6915.310497441336,11525.51749573556,10372.965746162005,10372.965746162005,13830.620994882673,6915.310497441336,10372.965746162005,9220.413996588448,3457.655248720668,4610.206998294224,13830.620994882673,11525.51749573556,10372.965746162005,8067.862247014892,8067.862247014892,5762.75874786778,8067.862247014892,11525.51749573556,2305.103499147112,9220.413996588448,5762.75874786778,11525.51749573556,11525.51749573556,9220.413996588448,5762.75874786778,5762.75874786778,6915.310497441336,5762.75874786778,4610.206998294224,4610.206998294224,6915.310497441336,11525.51749573556,5762.75874786778,10372.965746162005,8067.862247014892,6915.310497441336,3457.655248720668,9220.413996588448,8067.862247014892,16135.724494029784,8067.862247014892,2305.103499147112,5762.75874786778,10372.965746162005,4610.206998294224,,,,,,,,,,,,,,,,,,,,,,,,,,,,,,,,,,,,,,,,,,,,,,,,,,,,,,,,,,,,,,,,,,,,,,,,,,,,,,,,
,,,,,,,,,,,,,,,,,,,,,,,,,,,,,,,,,,,,,,,,,,,,,,,,,,,,,,,,,,,,,,,,,,,,,,,1152.551749573556,11525.51749573556,0.0,4610.206998294224,3457.655248720668,2305.103499147112,5762.75874786778,6915.310497441336,10372.965746162005,4610.206998294224,4610.206998294224,0.0,6915.310497441336,4610.206998294224,9220.413996588448,3457.655248720668,9220.413996588448,8067.862247014892,8067.862247014892,10372.965746162005,3457.655248720668,3457.655248720668,5762.75874786778,6915.310497441336,2305.103499147112,6915.310497441336,1152.551749573556,6915.310497441336,10372.965746162005,8067.862247014892,8067.862247014892,10372.965746162005,8067.862247014892,6915.310497441336,8067.862247014892,6915.310497441336,5762.75874786778,9220.413996588448,8067.862247014892,8067.862247014892,8067.862247014892,8067.862247014892,5762.75874786778,8067.862247014892,2305.103499147112,9220.413996588448,9220.413996588448,3457.655248720668,6915.310497441336,6915.310497441336,5762.75874786778,5762.75874786778,11525.51749573556,8067.862247014892,6915.310497441336,9220.413996588448,4610.206998294224,11525.51749573556,4610.206998294224,9220.413996588448,10372.965746162005,5762.75874786778,8067.862247014892,9220.413996588448,13830.620994882673,10372.965746162005,9220.413996588448,5762.75874786778,9220.413996588448,8067.862247014892,4610.206998294224,5762.75874786778,8067.862247014892,6915.310497441336,9220.413996588448,6915.310497441336,6915.310497441336,8067.862247014892,11525.51749573556,4610.206998294224,12678.069245309116,13830.620994882673,8067.862247014892,9220.413996588448,5762.75874786778,6915.310497441336,6915.310497441336,9220.413996588448,8067.862247014892,8067.862247014892,6915.310497441336,8067.862247014892,9220.413996588448,10372.965746162005,11525.51749573556,8067.862247014892,8067.862247014892,2305.103499147112,5762.75874786778,8067.862247014892,8067.862247014892,11525.51749573556,8067.862247014892,4610.206998294224,6915.310497441336,,,,,,,,,,,,,,,,,,,,,,,,,,,,,,,,,,,,,,,,,,,,,,,,,,,,,,,,,,,,,,,,,,,,,,,,,,,,,,,,
,,,,,,,,,,,,,,,,,,,,,,,,,,,,,,,,,,,,,,,,,,,,,,,,,,,,,,,,,,,,,,,,,,,,,,3457.655248720668,8067.862247014892,5762.75874786778,9220.413996588448,3457.655248720668,6915.310497441336,9220.413996588448,6915.310497441336,5762.75874786778,5762.75874786778,1152.551749573556,9220.413996588448,3457.655248720668,5762.75874786778,5762.75874786778,4610.206998294224,3457.655248720668,3457.655248720668,2305.103499147112,6915.310497441336,1152.551749573556,4610.206998294224,8067.862247014892,11525.51749573556,8067.862247014892,5762.75874786778,9220.413996588448,5762.75874786778,5762.75874786778,6915.310497441336,8067.862247014892,5762.75874786778,9220.413996588448,4610.206998294224,8067.862247014892,10372.965746162005,6915.310497441336,11525.51749573556,8067.862247014892,10372.965746162005,9220.413996588448,4610.206998294224,10372.965746162005,11525.51749573556,10372.965746162005,5762.75874786778,6915.310497441336,11525.51749573556,5762.75874786778,4610.206998294224,5762.75874786778,5762.75874786778,6915.310497441336,4610.206998294224,10372.965746162005,6915.310497441336,14983.172744456228,8067.862247014892,6915.310497441336,11525.51749573556,6915.310497441336,8067.862247014892,12678.069245309116,16135.724494029784,6915.310497441336,9220.413996588448,11525.51749573556,16135.724494029784,8067.862247014892,9220.413996588448,3457.655248720668,6915.310497441336,6915.310497441336,6915.310497441336,8067.862247014892,12678.069245309116,9220.413996588448,10372.965746162005,4610.206998294224,8067.862247014892,5762.75874786778,9220.413996588448,10372.965746162005,6915.310497441336,12678.069245309116,8067.862247014892,6915.310497441336,9220.413996588448,5762.75874786778,6915.310497441336,3457.655248720668,6915.310497441336,4610.206998294224,8067.862247014892,6915.310497441336,5762.75874786778,5762.75874786778,2305.103499147112,9220.413996588448,6915.310497441336,3457.655248720668,5762.75874786778,8067.862247014892,5762.75874786778,6915.310497441336,8067.862247014892,,,,,,,,,,,,,,,,,,,,,,,,,,,,,,,,,,,,,,,,,,,,,,,,,,,,,,,,,,,,,,,,,,,,,,,,,,,,,,,,
,,,,,,,,,,,,,,,,,,,,,,,,,,,,,,,,,,,,,,,,,,,,,,,,,,,,,,,,,,,,,,,,,,,,,,5762.75874786778,8067.862247014892,3457.655248720668,3457.655248720668,5762.75874786778,9220.413996588448,3457.655248720668,3457.655248720668,10372.965746162005,11525.51749573556,4610.206998294224,8067.862247014892,4610.206998294224,5762.75874786778,0.0,8067.862247014892,4610.206998294224,4610.206998294224,8067.862247014892,10372.965746162005,5762.75874786778,8067.862247014892,9220.413996588448,12678.069245309116,8067.862247014892,6915.310497441336,6915.310497441336,5762.75874786778,8067.862247014892,4610.206998294224,2305.103499147112,5762.75874786778,11525.51749573556,11525.51749573556,4610.206998294224,6915.310497441336,6915.310497441336,5762.75874786778,3457.655248720668,9220.413996588448,6915.310497441336,12678.069245309116,16135.724494029784,8067.862247014892,6915.310497441336,12678.069245309116,9220.413996588448,10372.965746162005,6915.310497441336,8067.862247014892,4610.206998294224,6915.310497441336,9220.413996588448,10372.965746162005,6915.310497441336,10372.965746162005,17288.27624360334,10372.965746162005,10372.965746162005,9220.413996588448,6915.310497441336,11525.51749573556,8067.862247014892,5762.75874786778,6915.310497441336,11525.51749573556,13830.620994882673,9220.413996588448,9220.413996588448,8067.862247014892,6915.310497441336,13830.620994882673,9220.413996588448,10372.965746162005,8067.862247014892,13830.620994882673,5762.75874786778,2305.103499147112,8067.862247014892,6915.310497441336,5762.75874786778,9220.413996588448,5762.75874786778,11525.51749573556,10372.965746162005,5762.75874786778,9220.413996588448,1152.551749573556,10372.965746162005,14983.172744456228,10372.965746162005,6915.310497441336,8067.862247014892,5762.75874786778,10372.965746162005,5762.75874786778,11525.51749573556,8067.862247014892,8067.862247014892,10372.965746162005,8067.862247014892,2305.103499147112,5762.75874786778,6915.310497441336,9220.413996588448,,,,,,,,,,,,,,,,,,,,,,,,,,,,,,,,,,,,,,,,,,,,,,,,,,,,,,,,,,,,,,,,,,,,,,,,,,,,,,,,,
,,,,,,,,,,,,,,,,,,,,,,,,,,,,,,,,,,,,,,,,,,,,,,,,,,,,,,,,,,,,,,,,,,,,,,9220.413996588448,3457.655248720668,6915.310497441336,,5762.75874786778,6915.310497441336,5762.75874786778,1152.551749573556,5762.75874786778,5762.75874786778,8067.862247014892,10372.965746162005,5762.75874786778,1152.551749573556,5762.75874786778,8067.862247014892,3457.655248720668,8067.862247014892,8067.862247014892,10372.965746162005,8067.862247014892,9220.413996588448,3457.655248720668,11525.51749573556,4610.206998294224,4610.206998294224,5762.75874786778,6915.310497441336,5762.75874786778,9220.413996588448,13830.620994882673,11525.51749573556,10372.965746162005,6915.310497441336,1152.551749573556,3457.655248720668,6915.310497441336,5762.75874786778,5762.75874786778,4610.206998294224,9220.413996588448,10372.965746162005,13830.620994882673,12678.069245309116,12678.069245309116,4610.206998294224,2305.103499147112,8067.862247014892,8067.862247014892,10372.965746162005,9220.413996588448,5762.75874786778,10372.965746162005,5762.75874786778,5762.75874786778,3457.655248720668,11525.51749573556,13830.620994882673,12678.069245309116,9220.413996588448,8067.862247014892,4610.206998294224,8067.862247014892,6915.310497441336,6915.310497441336,9220.413996588448,9220.413996588448,5762.75874786778,8067.862247014892,6915.310497441336,6915.310497441336,2305.103499147112,9220.413996588448,8067.862247014892,5762.75874786778,9220.413996588448,8067.862247014892,16135.724494029784,4610.206998294224,6915.310497441336,4610.206998294224,11525.51749573556,5762.75874786778,8067.862247014892,5762.75874786778,9220.413996588448,6915.310497441336,4610.206998294224,6915.310497441336,13830.620994882673,6915.310497441336,4610.206998294224,8067.862247014892,8067.862247014892,6915.310497441336,9220.413996588448,6915.310497441336,11525.51749573556,3457.655248720668,11525.51749573556,10372.965746162005,8067.862247014892,8067.862247014892,8067.862247014892,8067.862247014892,,,,,,,,,,,,,,,,,,,,,,,,,,,,,,,,,,,,,,,,,,,,,,,,,,,,,,,,,,,,,,,,,,,,,,,,,,,,,,,,,
,,,,,,,,,,,,,,,,,,,,,,,,,,,,,,,,,,,,,,,,,,,,,,,,,,,,,,,,,,,,,,,,,,,,,,,,,,,9220.413996588448,3457.655248720668,3457.655248720668,10372.965746162005,4610.206998294224,8067.862247014892,12678.069245309116,8067.862247014892,1152.551749573556,4610.206998294224,5762.75874786778,3457.655248720668,10372.965746162005,8067.862247014892,5762.75874786778,4610.206998294224,4610.206998294224,3457.655248720668,5762.75874786778,9220.413996588448,8067.862247014892,2305.103499147112,4610.206998294224,6915.310497441336,6915.310497441336,10372.965746162005,10372.965746162005,3457.655248720668,5762.75874786778,9220.413996588448,5762.75874786778,9220.413996588448,4610.206998294224,9220.413996588448,5762.75874786778,9220.413996588448,5762.75874786778,6915.310497441336,14983.172744456228,9220.413996588448,8067.862247014892,12678.069245309116,2305.103499147112,10372.965746162005,5762.75874786778,8067.862247014892,2305.103499147112,3457.655248720668,8067.862247014892,9220.413996588448,12678.069245309116,10372.965746162005,5762.75874786778,9220.413996588448,16135.724494029784,11525.51749573556,8067.862247014892,6915.310497441336,6915.310497441336,1152.551749573556,8067.862247014892,8067.862247014892,9220.413996588448,6915.310497441336,5762.75874786778,2305.103499147112,6915.310497441336,5762.75874786778,12678.069245309116,3457.655248720668,1152.551749573556,4610.206998294224,11525.51749573556,5762.75874786778,8067.862247014892,4610.206998294224,9220.413996588448,9220.413996588448,11525.51749573556,2305.103499147112,6915.310497441336,8067.862247014892,4610.206998294224,12678.069245309116,12678.069245309116,10372.965746162005,3457.655248720668,10372.965746162005,5762.75874786778,8067.862247014892,10372.965746162005,6915.310497441336,6915.310497441336,9220.413996588448,10372.965746162005,3457.655248720668,9220.413996588448,4610.206998294224,8067.862247014892,,,,,,,,,,,,,,,,,,,,,,,,,,,,,,,,,,,,,,,,,,,,,,,,,,,,,,,,,,,,,,,,,,,,,,,,,,,,,,,,,,
,,,,,,,,,,,,,,,,,,,,,,,,,,,,,,,,,,,,,,,,,,,,,,,,,,,,,,,,,,,,,,,,,,,,,,,,,,,,8067.862247014892,3457.655248720668,10372.965746162005,1152.551749573556,10372.965746162005,3457.655248720668,8067.862247014892,5762.75874786778,9220.413996588448,9220.413996588448,4610.206998294224,4610.206998294224,4610.206998294224,9220.413996588448,5762.75874786778,4610.206998294224,11525.51749573556,3457.655248720668,9220.413996588448,2305.103499147112,12678.069245309116,5762.75874786778,3457.655248720668,11525.51749573556,6915.310497441336,5762.75874786778,10372.965746162005,0.0,3457.655248720668,3457.655248720668,6915.310497441336,9220.413996588448,6915.310497441336,5762.75874786778,13830.620994882673,8067.862247014892,4610.206998294224,12678.069245309116,14983.172744456228,17288.27624360334,10372.965746162005,6915.310497441336,9220.413996588448,8067.862247014892,5762.75874786778,4610.206998294224,8067.862247014892,5762.75874786778,11525.51749573556,12678.069245309116,8067.862247014892,11525.51749573556,14983.172744456228,5762.75874786778,12678.069245309116,12678.069245309116,8067.862247014892,6915.310497441336,4610.206998294224,6915.310497441336,10372.965746162005,5762.75874786778,4610.206998294224,8067.862247014892,5762.75874786778,6915.310497441336,12678.069245309116,2305.103499147112,9220.413996588448,8067.862247014892,11525.51749573556,8067.862247014892,6915.310497441336,6915.310497441336,3457.655248720668,12678.069245309116,6915.310497441336,6915.310497441336,10372.965746162005,6915.310497441336,6915.310497441336,6915.310497441336,10372.965746162005,10372.965746162005,12678.069245309116,6915.310497441336,5762.75874786778,9220.413996588448,8067.862247014892,5762.75874786778,3457.655248720668,9220.413996588448,13830.620994882673,6915.310497441336,1152.551749573556,13830.620994882673,10372.965746162005,4610.206998294224,,,,,,,,,,,,,,,,,,,,,,,,,,,,,,,,,,,,,,,,,,,,,,,,,,,,,,,,,,,,,,,,,,,,,,,,,,,,,,,,,,
,,,,,,,,,,,,,,,,,,,,,,,,,,,,,,,,,,,,,,,,,,,,,,,,,,,,,,,,,,,,,,,,,,,,,,,,,,,,,3457.655248720668,10372.965746162005,9220.413996588448,6915.310497441336,4610.206998294224,3457.655248720668,5762.75874786778,8067.862247014892,6915.310497441336,1152.551749573556,11525.51749573556,5762.75874786778,4610.206998294224,4610.206998294224,11525.51749573556,17288.27624360334,8067.862247014892,3457.655248720668,5762.75874786778,2305.103499147112,8067.862247014892,12678.069245309116,8067.862247014892,6915.310497441336,9220.413996588448,2305.103499147112,2305.103499147112,10372.965746162005,13830.620994882673,10372.965746162005,11525.51749573556,6915.310497441336,8067.862247014892,9220.413996588448,1152.551749573556,10372.965746162005,11525.51749573556,13830.620994882673,10372.965746162005,12678.069245309116,10372.965746162005,8067.862247014892,4610.206998294224,8067.862247014892,4610.206998294224,18440.827993176896,3457.655248720668,13830.620994882673,4610.206998294224,9220.413996588448,4610.206998294224,8067.862247014892,13830.620994882673,12678.069245309116,8067.862247014892,4610.206998294224,5762.75874786778,4610.206998294224,8067.862247014892,6915.310497441336,8067.862247014892,5762.75874786778,6915.310497441336,5762.75874786778,8067.862247014892,2305.103499147112,4610.206998294224,10372.965746162005,8067.862247014892,4610.206998294224,8067.862247014892,4610.206998294224,3457.655248720668,5762.75874786778,9220.413996588448,4610.206998294224,10372.965746162005,4610.206998294224,11525.51749573556,6915.310497441336,9220.413996588448,3457.655248720668,2305.103499147112,14983.172744456228,4610.206998294224,6915.310497441336,10372.965746162005,4610.206998294224,13830.620994882673,5762.75874786778,6915.310497441336,6915.310497441336,9220.413996588448,18440.827993176896,6915.310497441336,12678.069245309116,5762.75874786778,,,,,,,,,,,,,,,,,,,,,,,,,,,,,,,,,,,,,,,,,,,,,,,,,,,,,,,,,,,,,,,,,,,,,,,,,,,,,,,,,,
,,,,,,,,,,,,,,,,,,,,,,,,,,,,,,,,,,,,,,,,,,,,,,,,,,,,,,,,,,,,,,,,,,,,,,,,,,,,,,,4610.206998294224,4610.206998294224,,,4610.206998294224,4610.206998294224,,,5762.75874786778,6915.310497441336,8067.862247014892,9220.413996588448,8067.862247014892,17288.27624360334,8067.862247014892,8067.862247014892,4610.206998294224,5762.75874786778,2305.103499147112,8067.862247014892,2305.103499147112,6915.310497441336,5762.75874786778,6915.310497441336,9220.413996588448,4610.206998294224,9220.413996588448,8067.862247014892,6915.310497441336,9220.413996588448,9220.413996588448,11525.51749573556,5762.75874786778,8067.862247014892,14983.172744456228,8067.862247014892,16135.724494029784,12678.069245309116,4610.206998294224,10372.965746162005,6915.310497441336,6915.310497441336,11525.51749573556,5762.75874786778,5762.75874786778,11525.51749573556,16135.724494029784,12678.069245309116,11525.51749573556,5762.75874786778,6915.310497441336,8067.862247014892,16135.724494029784,5762.75874786778,3457.655248720668,8067.862247014892,9220.413996588448,11525.51749573556,9220.413996588448,5762.75874786778,8067.862247014892,10372.965746162005,9220.413996588448,4610.206998294224,11525.51749573556,8067.862247014892,3457.655248720668,3457.655248720668,10372.965746162005,8067.862247014892,5762.75874786778,8067.862247014892,8067.862247014892,6915.310497441336,10372.965746162005,4610.206998294224,9220.413996588448,4610.206998294224,3457.655248720668,3457.655248720668,6915.310497441336,3457.655248720668,9220.413996588448,4610.206998294224,5762.75874786778,5762.75874786778,8067.862247014892,6915.310497441336,6915.310497441336,10372.965746162005,9220.413996588448,4610.206998294224,16135.724494029784,3457.655248720668,,,,,,,,,,,,,,,,,,,,,,,,,,,,,,,,,,,,,,,,,,,,,,,,,,,,,,,,,,,,,,,,,,,,,,,,,,,,,,,,,,,
,,,,,,,,,,,,,,,,,,,,,,,,,,,,,,,,,,,,,,,,,,,,,,,,,,,,,,,,,,,,,,,,,,,,,,,,,,,,,,,,,,,,,,,,5762.75874786778,6915.310497441336,9220.413996588448,1152.551749573556,10372.965746162005,2305.103499147112,5762.75874786778,5762.75874786778,10372.965746162005,3457.655248720668,8067.862247014892,9220.413996588448,9220.413996588448,8067.862247014892,4610.206998294224,8067.862247014892,6915.310497441336,6915.310497441336,4610.206998294224,5762.75874786778,13830.620994882673,4610.206998294224,4610.206998294224,8067.862247014892,11525.51749573556,6915.310497441336,8067.862247014892,9220.413996588448,14983.172744456228,10372.965746162005,5762.75874786778,9220.413996588448,10372.965746162005,8067.862247014892,9220.413996588448,5762.75874786778,9220.413996588448,10372.965746162005,9220.413996588448,3457.655248720668,12678.069245309116,9220.413996588448,9220.413996588448,5762.75874786778,4610.206998294224,2305.103499147112,5762.75874786778,10372.965746162005,6915.310497441336,4610.206998294224,10372.965746162005,5762.75874786778,5762.75874786778,6915.310497441336,2305.103499147112,6915.310497441336,11525.51749573556,8067.862247014892,9220.413996588448,14983.172744456228,4610.206998294224,9220.413996588448,8067.862247014892,9220.413996588448,8067.862247014892,5762.75874786778,5762.75874786778,10372.965746162005,6915.310497441336,11525.51749573556,4610.206998294224,9220.413996588448,9220.413996588448,4610.206998294224,2305.103499147112,11525.51749573556,5762.75874786778,9220.413996588448,9220.413996588448,5762.75874786778,5762.75874786778,10372.965746162005,8067.862247014892,11525.51749573556,5762.75874786778,,,,,,,,,,,,,,,,,,,,,,,,,,,,,,,,,,,,,,,,,,,,,,,,,,,,,,,,,,,,,,,,,,,,,,,,,,,,,,,,,,,
,,,,,,,,,,,,,,,,,,,,,,,,,,,,,,,,,,,,,,,,,,,,,,,,,,,,,,,,,,,,,,,,,,,,,,,,,,,,,,,,,,,,,,,,,,5762.75874786778,8067.862247014892,5762.75874786778,11525.51749573556,4610.206998294224,9220.413996588448,5762.75874786778,6915.310497441336,4610.206998294224,5762.75874786778,6915.310497441336,3457.655248720668,5762.75874786778,3457.655248720668,5762.75874786778,9220.413996588448,9220.413996588448,4610.206998294224,10372.965746162005,6915.310497441336,6915.310497441336,9220.413996588448,11525.51749573556,9220.413996588448,3457.655248720668,9220.413996588448,4610.206998294224,8067.862247014892,4610.206998294224,6915.310497441336,2305.103499147112,8067.862247014892,5762.75874786778,10372.965746162005,11525.51749573556,10372.965746162005,6915.310497441336,10372.965746162005,5762.75874786778,11525.51749573556,4610.206998294224,12678.069245309116,6915.310497441336,5762.75874786778,4610.206998294224,10372.965746162005,11525.51749573556,8067.862247014892,5762.75874786778,3457.655248720668,5762.75874786778,12678.069245309116,6915.310497441336,6915.310497441336,9220.413996588448,5762.75874786778,4610.206998294224,4610.206998294224,3457.655248720668,2305.103499147112,5762.75874786778,8067.862247014892,8067.862247014892,5762.75874786778,8067.862247014892,6915.310497441336,9220.413996588448,10372.965746162005,11525.51749573556,9220.413996588448,6915.310497441336,10372.965746162005,5762.75874786778,6915.310497441336,8067.862247014892,6915.310497441336,6915.310497441336,10372.965746162005,9220.413996588448,4610.206998294224,9220.413996588448,9220.413996588448,5762.75874786778,,,,,,,,,,,,,,,,,,,,,,,,,,,,,,,,,,,,,,,,,,,,,,,,,,,,,,,,,,,,,,,,,,,,,,,,,,,,,,,,,,,
,,,,,,,,,,,,,,,,,,,,,,,,,,,,,,,,,,,,,,,,,,,,,,,,,,,,,,,,,,,,,,,,,,,,,,,,,,,,,,,,,,,,,,,,,,,,,4610.206998294224,3457.655248720668,6915.310497441336,8067.862247014892,8067.862247014892,3457.655248720668,5762.75874786778,6915.310497441336,5762.75874786778,3457.655248720668,9220.413996588448,5762.75874786778,8067.862247014892,12678.069245309116,10372.965746162005,6915.310497441336,10372.965746162005,12678.069245309116,10372.965746162005,11525.51749573556,5762.75874786778,4610.206998294224,6915.310497441336,3457.655248720668,10372.965746162005,14983.172744456228,9220.413996588448,5762.75874786778,6915.310497441336,6915.310497441336,8067.862247014892,3457.655248720668,9220.413996588448,10372.965746162005,12678.069245309116,3457.655248720668,10372.965746162005,3457.655248720668,11525.51749573556,6915.310497441336,9220.413996588448,6915.310497441336,9220.413996588448,6915.310497441336,9220.413996588448,13830.620994882673,5762.75874786778,6915.310497441336,3457.655248720668,10372.965746162005,3457.655248720668,5762.75874786778,3457.655248720668,6915.310497441336,6915.310497441336,8067.862247014892,4610.206998294224,9220.413996588448,8067.862247014892,8067.862247014892,9220.413996588448,9220.413996588448,5762.75874786778,10372.965746162005,6915.310497441336,3457.655248720668,11525.51749573556,8067.862247014892,6915.310497441336,6915.310497441336,12678.069245309116,5762.75874786778,9220.413996588448,12678.069245309116,2305.103499147112,12678.069245309116,9220.413996588448,8067.862247014892,8067.862247014892,4610.206998294224,,,,,,,,,,,,,,,,,,,,,,,,,,,,,,,,,,,,,,,,,,,,,,,,,,,,,,,,,,,,,,,,,,,,,,,,,,,,,,,,,,,
,,,,,,,,,,,,,,,,,,,,,,,,,,,,,,,,,,,,,,,,,,,,,,,,,,,,,,,,,,,,,,,,,,,,,,,,,,,,,,,,,,,,,,,,,,,,,,4610.206998294224,4610.206998294224,4610.206998294224,4610.206998294224,4610.206998294224,6915.310497441336,8067.862247014892,5762.75874786778,5762.75874786778,5762.75874786778,4610.206998294224,4610.206998294224,9220.413996588448,6915.310497441336,8067.862247014892,5762.75874786778,5762.75874786778,4610.206998294224,3457.655248720668,8067.862247014892,6915.310497441336,4610.206998294224,6915.310497441336,8067.862247014892,5762.75874786778,5762.75874786778,2305.103499147112,5762.75874786778,4610.206998294224,6915.310497441336,5762.75874786778,3457.655248720668,5762.75874786778,6915.310497441336,9220.413996588448,9220.413996588448,9220.413996588448,4610.206998294224,4610.206998294224,6915.310497441336,10372.965746162005,8067.862247014892,6915.310497441336,4610.206998294224,3457.655248720668,5762.75874786778,5762.75874786778,5762.75874786778,8067.862247014892,4610.206998294224,3457.655248720668,2305.103499147112,3457.655248720668,3457.655248720668,3457.655248720668,5762.75874786778,6915.310497441336,6915.310497441336,6915.310497441336,6915.310497441336,8067.862247014892,8067.862247014892,3457.655248720668,6915.310497441336,4610.206998294224,6915.310497441336,10372.965746162005,6915.310497441336,6915.310497441336,14983.172744456228,3457.655248720668,10372.965746162005,5762.75874786778,10372.965746162005,4610.206998294224,5762.75874786778,5762.75874786778,13830.620994882673,2305.103499147112,,,,,,,,,,,,,,,,,,,,,,,,,,,,,,,,,,,,,,,,,,,,,,,,,,,,,,,,,,,,,,,,,,,,,,,,,,,,,,,,,,,
,,,,,,,,,,,,,,,,,,,,,,,,,,,,,,,,,,,,,,,,,,,,,,,,,,,,,,,,,,,,,,,,,,,,,,,,,,,,,,,,,,,,,,,,,,,,,,8067.862247014892,5762.75874786778,6915.310497441336,5762.75874786778,4610.206998294224,6915.310497441336,9220.413996588448,9220.413996588448,8067.862247014892,9220.413996588448,8067.862247014892,13830.620994882673,6915.310497441336,5762.75874786778,11525.51749573556,6915.310497441336,5762.75874786778,11525.51749573556,10372.965746162005,6915.310497441336,3457.655248720668,4610.206998294224,4610.206998294224,10372.965746162005,3457.655248720668,5762.75874786778,13830.620994882673,5762.75874786778,9220.413996588448,8067.862247014892,8067.862247014892,6915.310497441336,9220.413996588448,5762.75874786778,9220.413996588448,8067.862247014892,3457.655248720668,6915.310497441336,2305.103499147112,8067.862247014892,5762.75874786778,6915.310497441336,6915.310497441336,9220.413996588448,8067.862247014892,5762.75874786778,8067.862247014892,10372.965746162005,6915.310497441336,9220.413996588448,5762.75874786778,6915.310497441336,2305.103499147112,9220.413996588448,6915.310497441336,8067.862247014892,8067.862247014892,9220.413996588448,4610.206998294224,5762.75874786778,10372.965746162005,6915.310497441336,10372.965746162005,11525.51749573556,12678.069245309116,4610.206998294224,6915.310497441336,4610.206998294224,9220.413996588448,5762.75874786778,6915.310497441336,6915.310497441336,10372.965746162005,5762.75874786778,11525.51749573556,9220.413996588448,4610.206998294224,12678.069245309116,,,,,,,,,,,,,,,,,,,,,,,,,,,,,,,,,,,,,,,,,,,,,,,,,,,,,,,,,,,,,,,,,,,,,,,,,,,,,,,,,,,,
,,,,,,,,,,,,,,,,,,,,,,,,,,,,,,,,,,,,,,,,,,,,,,,,,,,,,,,,,,,,,,,,,,,,,,,,,,,,,,,,,,,,,,,,,,,,,,,,,,10372.965746162005,6915.310497441336,5762.75874786778,11525.51749573556,4610.206998294224,8067.862247014892,6915.310497441336,9220.413996588448,3457.655248720668,5762.75874786778,6915.310497441336,9220.413996588448,4610.206998294224,9220.413996588448,2305.103499147112,2305.103499147112,5762.75874786778,10372.965746162005,8067.862247014892,5762.75874786778,9220.413996588448,3457.655248720668,3457.655248720668,11525.51749573556,6915.310497441336,6915.310497441336,6915.310497441336,6915.310497441336,9220.413996588448,5762.75874786778,3457.655248720668,4610.206998294224,9220.413996588448,4610.206998294224,10372.965746162005,12678.069245309116,2305.103499147112,5762.75874786778,8067.862247014892,2305.103499147112,3457.655248720668,11525.51749573556,3457.655248720668,10372.965746162005,4610.206998294224,3457.655248720668,2305.103499147112,6915.310497441336,5762.75874786778,5762.75874786778,3457.655248720668,4610.206998294224,1152.551749573556,9220.413996588448,3457.655248720668,11525.51749573556,9220.413996588448,11525.51749573556,2305.103499147112,8067.862247014892,5762.75874786778,8067.862247014892,6915.310497441336,6915.310497441336,6915.310497441336,6915.310497441336,10372.965746162005,2305.103499147112,4610.206998294224,5762.75874786778,5762.75874786778,11525.51749573556,10372.965746162005,5762.75874786778,,,,,,,,,,,,,,,,,,,,,,,,,,,,,,,,,,,,,,,,,,,,,,,,,,,,,,,,,,,,,,,,,,,,,,,,,,,,,,,,,,,,
,,,,,,,,,,,,,,,,,,,,,,,,,,,,,,,,,,,,,,,,,,,,,,,,,,,,,,,,,,,,,,,,,,,,,,,,,,,,,,,,,,,,,,,,,,,,,,,,,,3457.655248720668,6915.310497441336,6915.310497441336,4610.206998294224,5762.75874786778,8067.862247014892,5762.75874786778,11525.51749573556,6915.310497441336,6915.310497441336,3457.655248720668,6915.310497441336,8067.862247014892,6915.310497441336,4610.206998294224,9220.413996588448,9220.413996588448,5762.75874786778,4610.206998294224,4610.206998294224,14983.172744456228,11525.51749573556,8067.862247014892,9220.413996588448,0.0,10372.965746162005,5762.75874786778,4610.206998294224,4610.206998294224,12678.069245309116,,,8067.862247014892,2305.103499147112,3457.655248720668,4610.206998294224,3457.655248720668,3457.655248720668,8067.862247014892,,,2305.103499147112,5762.75874786778,3457.655248720668,3457.655248720668,5762.75874786778,8067.862247014892,8067.862247014892,8067.862247014892,13830.620994882673,9220.413996588448,6915.310497441336,5762.75874786778,11525.51749573556,6915.310497441336,6915.310497441336,6915.310497441336,8067.862247014892,9220.413996588448,2305.103499147112,5762.75874786778,5762.75874786778,17288.27624360334,11525.51749573556,5762.75874786778,4610.206998294224,2305.103499147112,9220.413996588448,4610.206998294224,13830.620994882673,2305.103499147112,9220.413996588448,3457.655248720668,,,,,,,,,,,,,,,,,,,,,,,,,,,,,,,,,,,,,,,,,,,,,,,,,,,,,,,,,,,,,,,,,,,,,,,,,,,,,,,,,,,,,
,,,,,,,,,,,,,,,,,,,,,,,,,,,,,,,,,,,,,,,,,,,,,,,,,,,,,,,,,,,,,,,,,,,,,,,,,,,,,,,,,,,,,,,,,,,,,,,,,,,,,,,,4610.206998294224,6915.310497441336,6915.310497441336,4610.206998294224,1152.551749573556,11525.51749573556,13830.620994882673,3457.655248720668,5762.75874786778,11525.51749573556,8067.862247014892,9220.413996588448,3457.655248720668,8067.862247014892,2305.103499147112,5762.75874786778,3457.655248720668,11525.51749573556,6915.310497441336,,,9220.413996588448,6915.310497441336,,,,2305.103499147112,5762.75874786778,,,,5762.75874786778,4610.206998294224,,,,,3457.655248720668,8067.862247014892,5762.75874786778,6915.310497441336,6915.310497441336,6915.310497441336,11525.51749573556,5762.75874786778,5762.75874786778,3457.655248720668,5762.75874786778,3457.655248720668,5762.75874786778,5762.75874786778,5762.75874786778,10372.965746162005,6915.310497441336,4610.206998294224,2305.103499147112,8067.862247014892,3457.655248720668,6915.310497441336,16135.724494029784,5762.75874786778,9220.413996588448,6915.310497441336,5762.75874786778,8067.862247014892,,,,,,,,,,,,,,,,,,,,,,,,,,,,,,,,,,,,,,,,,,,,,,,,,,,,,,,,,,,,,,,,,,,,,,,,,,,,,,,,,,,,,,,
,,,,,,,,,,,,,,,,,,,,,,,,,,,,,,,,,,,,,,,,,,,,,,,,,,,,,,,,,,,,,,,,,,,,,,,,,,,,,,,,,,,,,,,,,,,,,,,,,,,,,,,,,,10372.965746162005,5762.75874786778,11525.51749573556,12678.069245309116,9220.413996588448,5762.75874786778,13830.620994882673,10372.965746162005,4610.206998294224,6915.310497441336,3457.655248720668,2305.103499147112,4610.206998294224,6915.310497441336,5762.75874786778,3457.655248720668,,,,,,,,8067.862247014892,11525.51749573556,5762.75874786778,,,,,8067.862247014892,,,,,10372.965746162005,3457.655248720668,6915.310497441336,3457.655248720668,5762.75874786778,4610.206998294224,4610.206998294224,10372.965746162005,9220.413996588448,2305.103499147112,3457.655248720668,6915.310497441336,9220.413996588448,6915.310497441336,6915.310497441336,3457.655248720668,2305.103499147112,8067.862247014892,10372.965746162005,5762.75874786778,10372.965746162005,3457.655248720668,5762.75874786778,9220.413996588448,10372.965746162005,8067.862247014892,3457.655248720668,8067.862247014892,,,,,,,,,,,,,,,,,,,,,,,,,,,,,,,,,,,,,,,,,,,,,,,,,,,,,,,,,,,,,,,,,,,,,,,,,,,,,,,,,,,,,,,
,,,,,,,,,,,,,,,,,,,,,,,,,,,,,,,,,,,,,,,,,,,,,,,,,,,,,,,,,,,,,,,,,,,,,,,,,,,,,,,,,,,,,,,,,,,,,,,,,,,,,,,,,,,4610.206998294224,2305.103499147112,4610.206998294224,2305.103499147112,5762.75874786778,12678.069245309116,4610.206998294224,2305.103499147112,6915.310497441336,6915.310497441336,9220.413996588448,10372.965746162005,8067.862247014892,6915.310497441336,4610.206998294224,4610.206998294224,,,,,5762.75874786778,11525.51749573556,3457.655248720668,6915.310497441336,9220.413996588448,,,,,,,,,,5762.75874786778,6915.310497441336,4610.206998294224,6915.310497441336,,,5762.75874786778,5762.75874786778,3457.655248720668,6915.310497441336,3457.655248720668,8067.862247014892,5762.75874786778,9220.413996588448,4610.206998294224,4610.206998294224,5762.75874786778,6915.310497441336,3457.655248720668,9220.413996588448,4610.206998294224,3457.655248720668,4610.206998294224,5762.75874786778,5762.75874786778,6915.310497441336,9220.413996588448,,,,,,,,,,,,,,,,,,,,,,,,,,,,,,,,,,,,,,,,,,,,,,,,,,,,,,,,,,,,,,,,,,,,,,,,,,,,,,,,,,,,,,,,
,,,,,,,,,,,,,,,,,,,,,,,,,,,,,,,,,,,,,,,,,,,,,,,,,,,,,,,,,,,,,,,,,,,,,,,,,,,,,,,,,,,,,,,,,,,,,,,,,,,,,,,,,,,10372.965746162005,9220.413996588448,8067.862247014892,9220.413996588448,2305.103499147112,3457.655248720668,5762.75874786778,4610.206998294224,9220.413996588448,2305.103499147112,,3457.655248720668,5762.75874786778,5762.75874786778,5762.75874786778,8067.862247014892,5762.75874786778,3457.655248720668,,,4610.206998294224,4610.206998294224,6915.310497441336,3457.655248720668,6915.310497441336,4610.206998294224,8067.862247014892,,,,,,,,,4610.206998294224,6915.310497441336,6915.310497441336,,,,8067.862247014892,5762.75874786778,8067.862247014892,4610.206998294224,1152.551749573556,3457.655248720668,2305.103499147112,16135.724494029784,6915.310497441336,10372.965746162005,10372.965746162005,9220.413996588448,9220.413996588448,5762.75874786778,8067.862247014892,5762.75874786778,,9220.413996588448,,,,,,,,,,,,,,,,,,,,,,,,,,,,,,,,,,,,,,,,,,,,,,,,,,,,,,,,,,,,,,,,,,,,,,,,,,,,,,,,,,,,,,,,,,
,,,,,,,,,,,,,,,,,,,,,,,,,,,,,,,,,,,,,,,,,,,,,,,,,,,,,,,,,,,,,,,,,,,,,,,,,,,,,,,,,,,,,,,,,,,,,,,,,,,,,,,,,,8067.862247014892,8067.862247014892,5762.75874786778,5762.75874786778,,,,5762.75874786778,8067.862247014892,5762.75874786778,,,,,,,2305.103499147112,5762.75874786778,11525.51749573556,,,,,4610.206998294224,8067.862247014892,9220.413996588448,6915.310497441336,6915.310497441336,,,,,,,,,6915.310497441336,2305.103499147112,8067.862247014892,5762.75874786778,,,,5762.75874786778,4610.206998294224,6915.310497441336,6915.310497441336,5762.75874786778,6915.310497441336,8067.862247014892,4610.206998294224,5762.75874786778,14983.172744456228,8067.862247014892,9220.413996588448,11525.51749573556,4610.206998294224,3457.655248720668,,,,,,,,,,,,,,,,,,,,,,,,,,,,,,,,,,,,,,,,,,,,,,,,,,,,,,,,,,,,,,,,,,,,,,,,,,,,,,,,,,,,,,,,,,,,
,,,,,,,,,,,,,,,,,,,,,,,,,,,,,,,,,,,,,,,,,,,,,,,,,,,,,,,,,,,,,,,,,,,,,,,,,,,,,,,,,,,,,,,,,,,,,,,,,,,,,,,,,,,,,,,,,5762.75874786778,4610.206998294224,2305.103499147112,,,,,,,,,,,,,,8067.862247014892,4610.206998294224,10372.965746162005,5762.75874786778,,,,,,,,,,8067.862247014892,5762.75874786778,4610.206998294224,,,,3457.655248720668,8067.862247014892,12678.069245309116,5762.75874786778,6915.310497441336,6915.310497441336,9220.413996588448,9220.413996588448,4610.206998294224,3457.655248720668,8067.862247014892,1152.551749573556,4610.206998294224,10372.965746162005,8067.862247014892,6915.310497441336,,,,,,,,,,,,,,,,,,,,,,,,,,,,,,,,,,,,,,,,,,,,,,,,,,,,,,,,,,,,,,,,,,,,,,,,,,,,,,,,,,,,,,,,,,,,
,,,,,,,,,,,,,,,,,,,,,,,,,,,,,,,,,,,,,,,,,,,,,,,,,,,,,,,,,,,,,,,,,,,,,,,,,,,,,,,,,,,,,,,,,,,,,,,,,,,,,,,,,,,,,,,,,6915.310497441336,10372.965746162005,6915.310497441336,,,,,,,,,,,,,,4610.206998294224,10372.965746162005,6915.310497441336,4610.206998294224,,,,,,,,,,,,,,,3457.655248720668,8067.862247014892,10372.965746162005,9220.413996588448,5762.75874786778,4610.206998294224,10372.965746162005,8067.862247014892,4610.206998294224,3457.655248720668,6915.310497441336,5762.75874786778,9220.413996588448,10372.965746162005,8067.862247014892,9220.413996588448,5762.75874786778,,,,,,,,,,,,,,,,,,,,,,,,,,,,,,,,,,,,,,,,,,,,,,,,,,,,,,,,,,,,,,,,,,,,,,,,,,,,,,,,,,,,,,,,,,,,
,,,,,,,,,,,,,,,,,,,,,,,,,,,,,,,,,,,,,,,,,,,,,,,,,,,,,,,,,,,,,,,,,,,,,,,,,,,,,,,,,,,,,,,,,,,,,,,,,,,,,,,,,,,,,,,,,,,4610.206998294224,,,,,,,,,,,,,,,,,,,,,,,,,,,,,,,,6915.310497441336,5762.75874786778,8067.862247014892,4610.206998294224,13830.620994882673,4610.206998294224,5762.75874786778,5762.75874786778,8067.862247014892,3457.655248720668,2305.103499147112,9220.413996588448,8067.862247014892,10372.965746162005,5762.75874786778,9220.413996588448,6915.310497441336,,,,,,,,,,,,,,,,,,,,,,,,,,,,,,,,,,,,,,,,,,,,,,,,,,,,,,,,,,,,,,,,,,,,,,,,,,,,,,,,,,,,,,,,,,,,
,,,,,,,,,,,,,,,,,,,,,,,,,,,,,,,,,,,,,,,,,,,,,,,,,,,,,,,,,,,,,,,,,,,,,,,,,,,,,,,,,,,,,,,,,,,,,,,,,,,,,,,,,,,,,,,,,,,,,,,,,,,,,,,,,,,,,,,,,,,,,,,,,,,8067.862247014892,8067.862247014892,9220.413996588448,8067.862247014892,8067.862247014892,10372.965746162005,10372.965746162005,3457.655248720668,4610.206998294224,11525.51749573556,3457.655248720668,6915.310497441336,4610.206998294224,2305.103499147112,3457.655248720668,6915.310497441336,,,,,,,,,,,,,,,,,,,,,,,,,,,,,,,,,,,,,,,,,,,,,,,,,,,,,,,,,,,,,,,,,,,,,,,,,,,,,,,,,,,,,,,,,,,,,
,,,,,,,,,,,,,,,,,,,,,,,,,,,,,,,,,,,,,,,,,,,,,,,,,,,,,,,,,,,,,,,,,,,,,,,,,,,,,,,,,,,,,,,,,,,,,,,,,,,,,,,,,,,,,,,,,,,,,,,,,,,,,,,,,,,,,,,,,,,,,,,,,,5762.75874786778,3457.655248720668,1152.551749573556,6915.310497441336,5762.75874786778,9220.413996588448,12678.069245309116,2305.103499147112,2305.103499147112,8067.862247014892,6915.310497441336,4610.206998294224,10372.965746162005,4610.206998294224,12678.069245309116,6915.310497441336,9220.413996588448,,,,,,,,,,,,,,,,,,,,,,,,,,,,,,,,,,,,,,,,,,,,,,,,,,,,,,,,,,,,,,,,,,,,,,,,,,,,,,,,,,,,,,,,,,,,,
,,,,,,,,,,,,,,,,,,,,,,,,,,,,,,,,,,,,,,,,,,,,,,,,,,,,,,,,,,,,,,,,,,,,,,,,,,,,,,,,,,,,,,,,,,,,,,,,,,,,,,,,,,,,,,,,,,,,,,,,,,,,,,,,,,,,,,,,,,,,,,,,,,6915.310497441336,9220.413996588448,6915.310497441336,2305.103499147112,8067.862247014892,3457.655248720668,2305.103499147112,5762.75874786778,3457.655248720668,5762.75874786778,5762.75874786778,6915.310497441336,9220.413996588448,4610.206998294224,11525.51749573556,6915.310497441336,6915.310497441336,,,,,,,,,,,,,,,,,,,,,,,,,,,,,,,,,,,,,,,,,,,,,,,,,,,,,,,,,,,,,,,,,,,,,,,,,,,,,,,,,,,,,,,,,,,,,
,,,,,,,,,,,,,,,,,,,,,,,,,,,,,,,,,,,,,,,,,,,,,,,,,,,,,,,,,,,,,,,,,,,,,,,,,,,,,,,,,,,,,,,,,,,,,,,,,,,,,,,,,,,,,,,,,,,,,,,,,,,,,,,,,,,,,,,,,,,,,,,,,,4610.206998294224,8067.862247014892,9220.413996588448,8067.862247014892,5762.75874786778,,,,8067.862247014892,9220.413996588448,5762.75874786778,10372.965746162005,6915.310497441336,1152.551749573556,1152.551749573556,4610.206998294224,5762.75874786778,,,,,,,,,,,,,,,,,,,,,,,,,,,,,,,,,,,,,,,,,,,,,,,,,,,,,,,,,,,,,,,,,,,,,,,,,,,,,,,,,,,,,,,,,,,,,
,,,,,,,,,,,,,,,,,,,,,,,,,,,,,,,,,,,,,,,,,,,,,,,,,,,,,,,,,,,,,,,,,,,,,,,,,,,,,,,,,,,,,,,,,,,,,,,,,,,,,,,,,,,,,,,,,,,,,,,,,,,,,,,,,,,,,,,,,,,,,,,,,,,5762.75874786778,4610.206998294224,6915.310497441336,6915.310497441336,5762.75874786778,,,,1152.551749573556,8067.862247014892,8067.862247014892,3457.655248720668,,8067.862247014892,9220.413996588448,,,,,,,,,,,,,,,,,,,,,,,,,,,,,,,,,,,,,,,,,,,,,,,,,,,,,,,,,,,,,,,,,,,,,,,,,,,,,,,,,,,,,,,,,,,,,,
,,,,,,,,,,,,,,,,,,,,,,,,,,,,,,,,,,,,,,,,,,,,,,,,,,,,,,,,,,,,,,,,,,,,,,,,,,,,,,,,,,,,,,,,,,,,,,,,,,,,,,,,,,,,,,,,,,,,,,,,,,,,,,,,,,,,,,,,,,,,,,,,,,3457.655248720668,9220.413996588448,6915.310497441336,5762.75874786778,5762.75874786778,4610.206998294224,,,,8067.862247014892,8067.862247014892,4610.206998294224,3457.655248720668,,,,,,,,,,,,,,,,,,,,,,,,,,,,,,,,,,,,,,,,,,,,,,,,,,,,,,,,,,,,,,,,,,,,,,,,,,,,,,,,,,,,,,,,,,,,,,,,,
,,,,,,,,,,,,,,,,,,,,,,,,,,,,,,,,,,,,,,,,,,,,,,,,,,,,,,,,,,,,,,,,,,,,,,,,,,,,,,,,,,,,,,,,,,,,,,,,,,,,,,,,,,,,,,,,,,,,,,,,,,,,,,,,,,,,,,,,,,,,,,,,,,5762.75874786778,9220.413996588448,9220.413996588448,4610.206998294224,,,,,3457.655248720668,9220.413996588448,8067.862247014892,4610.206998294224,8067.862247014892,,,,,,,,,,,,,,,,,,,,,,,,,,,,,,,,,,,,,,,,,,,,,,,,,,,,,,,,,,,,,,,,,,,,,,,,,,,,,,,,,,,,,,,,,,,,,,,,,
,,,,,,,,,,,,,,,,,,,,,,,,,,,,,,,,,,,,,,,,,,,,,,,,,,,,,,,,,,,,,,,,,,,,,,,,,,,,,,,,,,,,,,,,,,,,,,,,,,,,,,,,,,,,,,,,,,,,,,,,,,,,,,,,,,,,,,,,,,,,,,,,,5762.75874786778,4610.206998294224,8067.862247014892,3457.655248720668,,,,4610.206998294224,6915.310497441336,8067.862247014892,6915.310497441336,5762.75874786778,,,,,,,,,,,,,,,,,,,,,,,,,,,,,,,,,,,,,,,,,,,,,,,,,,,,,,,,,,,,,,,,,,,,,,,,,,,,,,,,,,,,,,,,,,,,,,,,,,,
,,,,,,,,,,,,,,,,,,,,,,,,,,,,,,,,,,,,,,,,,,,,,,,,,,,,,,,,,,,,,,,,,,,,,,,,,,,,,,,,,,,,,,,,,,,,,,,,,,,,,,,,,,,,,,,,,,,,,,,,,,,,,,,,,,,,,,,,,,,,,,,,,,,,,,,,,5762.75874786778,2305.103499147112,,,,,,,,,,,,,,,,,,,,,,,,,,,,,,,,,,,,,,,,,,,,,,,,,,,,,,,,,,,,,,,,,,,,,,,,,,,,,,,,,,,,,,,,,,,,,,,,,,,,,
,,,,,,,,,,,,,,,,,,,,,,,,,,,,,,,,,,,,,,,,,,,,,,,,,,,,,,,,,,,,,,,,,,,,,,,,,,,,,,,,,,,,,,,,,,,,,,,,,,,,,,,,,,,,,,,,,,,,,,,,,,,,,,,,,,,,,,,,,,,,,,,,,,,,,,,,,,,,,,,,,,,,,,,,,,,,,,,,,,,,,,,,,,,,,,,,,,,,,,,,,,,,,,,,,,,,,,,,,,,,,,,,,,,,,,,,,,,,,,,,,,,,,,,,,,,,,,,
,,,,,,,,,,,,,,,,,,,,,,,,,,,,,,,,,,,,,,,,,,,,,,,,,,,,,,,,,,,,,,,,,,,,,,,,,,,,,,,,,,,,,,,,,,,,,,,,,,,,,,,,,,,,,,,,,,,,,,,,,,,,,,,,,,,,,,,,,,,,,,,,,,,,,,,,,,,,,,,,,,,,,,,,,,,,,,,,,,,,,,,,,,,,,,,,,,,,,,,,,,,,,,,,,,,,,,,,,,,,,,,,,,,,,,,,,,,,,,,,,,,,,,,,,,,,,,,
,,,,,,,,,,,,,,,,,,,,,,,,,,,,,,,,,,,,,,,,,,,,,,,,,,,,,,,,,,,,,,,,,,,,,,,,,,,,,,,,,,,,,,,,,,,,,,,,,,,,,,,,,,,,,,,,,,,,,,,,,,,,,,,,,,,,,,,,,,,,,,,,,,,,,,,,,,,,,,,,,,,,,,,,,,,,,,,,,,,,,,,,,,,,,,,,,,,,,,,,,,,,,,,,,,,,,,,,,,,,,,,,,,,,,,,,,,,,,,,,,,,,,,,,,,,,,,,
,,,,,,,,,,,,,,,,,,,,,,,,,,,,,,,,,,,,,,,,,,,,,,,,,,,,,,,,,,,,,,,,,,,,,,,,,,,,,,,,,,,,,,,,,,,,,,,,,,,,,,,,,,,,,,,,,,,,,,,,,,,,,,,,,,,,,,,,,,,,,,,,,,,,,,,,,,,,,,,,,,,,,,,,,,,,,,,,,,,,,,,,,,,,,,,,,,,,,,,,,,,,,,,,,,,,,,,,,,,,,,,,,,,,,,,,,,,,,,,,,,,,,,,,,,,,,,,
,,,,,,,,,,,,,,,,,,,,,,,,,,,,,,,,,,,,,,,,,,,,,,,,,,,,,,,,,,,,,,,,,,,,,,,,,,,,,,,,,,,,,,,,,,,,,,,,,,,,,,,,,,,,,,,,,,,,,,,,,,,,,,,,,,,,,,,,,,,,,,,,,,,,,,,,,,,,,,,,,,,,,,,,,,,,,,,,,,,,,,,,,,,,,,,,,,,,,,,,,,,,,,,,,,,,,,,,,,,,,,,,,,,,,,,,,,,,,,,,,,,,,,,,,,,,,,,
,,,,,,,,,,,,,,,,,,,,,,,,,,,,,,,,,,,,,,,,,,,,,,,,,,,,,,,,,,,,,,,,,,,,,,,,,,,,,,,,,,,,,,,,,,,,,,,,,,,,,,,,,,,,,,,,,,,,,,,,,,,,,,,,,,,,,,,,,,,,,,,,,,,,,,,,,,,,,,,,,,,,,,,,,,,,,,,,,,,,,,,,,,,,,,,,,,,,,,,,,,,,,,,,,,,,,,,,,,,,,,,,,,,,,,,,,,,,,,,,,,,,,,,,,,,,,,,
,,,,,,,,,,,,,,,,,,,,,,,,,,,,,,,,,,,,,,,,,,,,,,,,,,,,,,,,,,,,,,,,,,,,,,,,,,,,,,,,,,,,,,,,,,,,,,,,,,,,,,,,,,,,,,,,,,,,,,,,,,,,,,,,,,,,,,,,,,,,,,,,,,,,,,,,,,,,,,,,,,,,,,,,,,,,,,,,,,,,,,,,,,,,,,,,,,,,,,,,,,,,,,,,,,,,,,,,,,,,,,,,,,,,,,,,,,,,,,,,,,,,,,,,,,,,,,,
,,,,,,,,,,,,,,,,,,,,,,,,,,,,,,,,,,,,,,,,,,,,,,,,,,,,,,,,,,,,,,,,,,,,,,,,,,,,,,,,,,,,,,,,,,,,,,,,,,,,,,,,,,,,,,,,,,,,,,,,,,,,,,,,,,,,,,,,,,,,,,,,,,,,,,,,,,,,,,,,,,,,,,,,,,,,,,,,,,,,,,,,,,,,,,,,,,,,,,,,,,,,,,,,,,,,,,,,,,,,,,,,,,,,,,,,,,,,,,,,,,,,,,,,,,,,,,,
,,,,,,,,,,,,,,,,,,,,,,,,,,,,,,,,,,,,,,,,,,,,,,,,,,,,,,,,,,,,,,,,,,,,,,,,,,,,,,,,,,,,,,,,,,,,,,,,,,,,,,,,,,,,,,,,,,,,,,,,,,,,,,,,,,,,,,,,,,,,,,,,,,,,,,,,,,,,,,,,,,,,,,,,,,,,,,,,,,,,,,,,,,,,,,,,,,,,,,,,,,,,,,,,,,,,,,,,,,,,,,,,,,,,,,,,,,,,,,,,,,,,,,,,,,,,,,,
,,,,,,,,,,,,,,,,,,,,,,,,,,,,,,,,,,,,,,,,,,,,,,,,,,,,,,,,,,,,,,,,,,,,,,,,,,,,,,,,,,,,,,,,,,,,,,,,,,,,,,,,,,,,,,,,,,,,,,,,,,,,,,,,,,,,,,,,,,,,,,,,,,,,,,,,,,,,,,,,,,,,,,,,,,,,,,,,,,,,,,,,,,,,,,,,,,,,,,,,,,,,,,,,,,,,,,,,,,,,,,,,,,,,,,,,,,,,,,,,,,,,,,,,,,,,,,,
,,,,,,,,,,,,,,,,,,,,,,,,,,,,,,,,,,,,,,,,,,,,,,,,,,,,,,,,,,,,,,,,,,,,,,,,,,,,,,,,,,,,,,,,,,,,,,,,,,,,,,,,,,,,,,,,,,,,,,,,,,,,,,,,,,,,,,,,,,,,,,,,,,,,,,,,,,,,,,,,,,,,,,,,,,,,,,,,,,,,,,,,,,,,,,,,,,,,,,,,,,,,,,,,,,,,,,,,,,,,,,,,,,,,,,,,,,,,,,,,,,,,,,,,,,,,,,,
,,,,,,,,,,,,,,,,,,,,,,,,,,,,,,,,,,,,,,,,,,,,,,,,,,,,,,,,,,,,,,,,,,,,,,,,,,,,,,,,,,,,,,,,,,,,,,,,,,,,,,,,,,,,,,,,,,,,,,,,,,,,,,,,,,,,,,,,,,,,,,,,,,,,,,,,,,,,,,,,,,,,,,,,,,,,,,,,,,,,,,,,,,,,,,,,,,,,,,,,,,,,,,,,,,,,,,,,,,,,,,,,,,,,,,,,,,,,,,,,,,,,,,,,,,,,,,,
,,,,,,,,,,,,,,,,,,,,,,,,,,,,,,,,,,,,,,,,,,,,,,,,,,,,,,,,,,,,,,,,,,,,,,,,,,,,,,,,,,,,,,,,,,,,,,,,,,,,,,,,,,,,,,,,,,,,,,,,,,,,,,,,,,,,,,,,,,,,,,,,,,,,,,,,,,,,,,,,,,,,,,,,,,,,,,,,,,,,,,,,,,,,,,,,,,,,,,,,,,,,,,,,,,,,,,,,,,,,,,,,,,,,,,,,,,,,,,,,,,,,,,,,,,,,,,,
,,,,,,,,,,,,,,,,,,,,,,,,,,,,,,,,,,,,,,,,,,,,,,,,,,,,,,,,,,,,,,,,,,,,,,,,,,,,,,,,,,,,,,,,,,,,,,,,,,,,,,,,,,,,,,,,,,,,,,,,,,,,,,,,,,,,,,,,,,,,,,,,,,,,,,,,,,,,,,,,,,,,,,,,,,,,,,,,,,,,,,,,,,,,,,,,,,,,,,,,,,,,,,,,,,,,,,,,,,,,,,,,,,,,,,,,,,,,,,,,,,,,,,,,,,,,,,,
,,,,,,,,,,,,,,,,,,,,,,,,,,,,,,,,,,,,,,,,,,,,,,,,,,,,,,,,,,,,,,,,,,,,,,,,,,,,,,,,,,,,,,,,,,,,,,,,,,,,,,,,,,,,,,,,,,,,,,,,,,,,,,,,,,,,,,,,,,,,,,,,,,,,,,,,,,,,,,,,,,,,,,,,,,,,,,,,,,,,,,,,,,,,,,,,,,,,,,,,,,,,,,,,,,,,,,,,,,,,,,,,,,,,,,,,,,,,,,,,,,,,,,,,,,,,,,,
,,,,,,,,,,,,,,,,,,,,,,,,,,,,,,,,,,,,,,,,,,,,,,,,,,,,,,,,,,,,,,,,,,,,,,,,,,,,,,,,,,,,,,,,,,,,,,,,,,,,,,,,,,,,,,,,,,,,,,,,,,,,,,,,,,,,,,,,,,,,,,,,,,,,,,,,,,,,,,,,,,,,,,,,,,,,,,,,,,,,,,,,,,,,,,,,,,,,,,,,,,,,,,,,,,,,,,,,,,,,,,,,,,,,,,,,,,,,,,,,,,,,,,,,,,,,,,,
,,,,,,,,,,,,,,,,,,,,,,,,,,,,,,,,,,,,,,,,,,,,,,,,,,,,,,,,,,,,,,,,,,,,,,,,,,,,,,,,,,,,,,,,,,,,,,,,,,,,,,,,,,,,,,,,,,,,,,,,,,,,,,,,,,,,,,,,,,,,,,,,,,,,,,,,,,,,,,,,,,,,,,,,,,,,,,,,,,,,,,,,,,,,,,,,,,,,,,,,,,,,,,,,,,,,,,,,,,,,,,,,,,,,,,,,,,,,,,,,,,,,,,,,,,,,,,,
,,,,,,,,,,,,,,,,,,,,,,,,,,,,,,,,,,,,,,,,,,,,,,,,,,,,,,,,,,,,,,,,,,,,,,,,,,,,,,,,,,,,,,,,,,,,,,,,,,,,,,,,,,,,,,,,,,,,,,,,,,,,,,,,,,,,,,,,,,,,,,,,,,,,,,,,,,,,,,,,,,,,,,,,,,,,,,,,,,,,,,,,,,,,,,,,,,,,,,,,,,,,,,,,,,,,,,,,,,,,,,,,,,,,,,,,,,,,,,,,,,,,,,,,,,,,,,,
,,,,,,,,,,,,,,,,,,,,,,,,,,,,,,,,,,,,,,,,,,,,,,,,,,,,,,,,,,,,,,,,,,,,,,,,,,,,,,,,,,,,,,,,,,,,,,,,,,,,,,,,,,,,,,,,,,,,,,,,,,,,,,,,,,,,,,,,,,,,,,,,,,,,,,,,,,,,,,,,,,,,,,,,,,,,,,,,,,,,,,,,,,,,,,,,,,,,,,,,,,,,,,,,,,,,,,,,,,,,,,,,,,,,,,,,,,,,,,,,,,,,,,,,,,,,,,,
,,,,,,,,,,,,,,,,,,,,,,,,,,,,,,,,,,,,,,,,,,,,,,,,,,,,,,,,,,,,,,,,,,,,,,,,,,,,,,,,,,,,,,,,,,,,,,,,,,,,,,,,,,,,,,,,,,,,,,,,,,,,,,,,,,,,,,,,,,,,,,,,,,,,,,,,,,,,,,,,,,,,,,,,,,,,,,,,,,,,,,,,,,,,,,,,,,,,,,,,,,,,,,,,,,,,,,,,,,,,,,,,,,,,,,,,,,,,,,,,,,,,,,,,,,,,,,,
,,,,,,,,,,,,,,,,,,,,,,,,,,,,,,,,,,,,,,,,,,,,,,,,,,,,,,,,,,,,,,,,,,,,,,,,,,,,,,,,,,,,,,,,,,,,,,,,,,,,,,,,,,,,,,,,,,,,,,,,,,,,,,,,,,,,,,,,,,,,,,,,,,,,,,,,,,,,,,,,,,,,,,,,,,,,,,,,,,,,,,,,,,,,,,,,,,,,,,,,,,,,,,,,,,,,,,,,,,,,,,,,,,,,,,,,,,,,,,,,,,,,,,,,,,,,,,,
,,,,,,,,,,,,,,,,,,,,,,,,,,,,,,,,,,,,,,,,,,,,,,,,,,,,,,,,,,,,,,,,,,,,,,,,,,,,,,,,,,,,,,,,,,,,,,,,,,,,,,,,,,,,,,,,,,,,,,,,,,,,,,,,,,,,,,,,,,,,,,,,,,,,,,,,,,,,,,,,,,,,,,,,,,,,,,,,,,,,,,,,,,,,,,,,,,,,,,,,,,,,,,,,,,,,,,,,,,,,,,,,,,,,,,,,,,,,,,,,,,,,,,,,,,,,,,,
,,,,,,,,,,,,,,,,,,,,,,,,,,,,,,,,,,,,,,,,,,,,,,,,,,,,,,,,,,,,,,,,,,,,,,,,,,,,,,,,,,,,,,,,,,,,,,,,,,,,,,,,,,,,,,,,,,,,,,,,,,,,,,,,,,,,,,,,,,,,,,,,,,,,,,,,,,,,,,,,,,,,,,,,,,,,,,,,,,,,,,,,,,,,,,,,,,,,,,,,,,,,,,,,,,,,,,,,,,,,,,,,,,,,,,,,,,,,,,,,,,,,,,,,,,,,,,,
,,,,,,,,,,,,,,,,,,,,,,,,,,,,,,,,,,,,,,,,,,,,,,,,,,,,,,,,,,,,,,,,,,,,,,,,,,,,,,,,,,,,,,,,,,,,,,,,,,,,,,,,,,,,,,,,,,,,,,,,,,,,,,,,,,,,,,,,,,,,,,,,,,,,,,,,,,,,,,,,,,,,,,,,,,,,,,,,,,,,,,,,,,,,,,,,,,,,,,,,,,,,,,,,,,,,,,,,,,,,,,,,,,,,,,,,,,,,,,,,,,,,,,,,,,,,,,,
,,,,,,,,,,,,,,,,,,,,,,,,,,,,,,,,,,,,,,,,,,,,,,,,,,,,,,,,,,,,,,,,,,,,,,,,,,,,,,,,,,,,,,,,,,,,,,,,,,,,,,,,,,,,,,,,,,,,,,,,,,,,,,,,,,,,,,,,,,,,,,,,,,,,,,,,,,,,,,,,,,,,,,,,,,,,,,,,,,,,,,,,,,,,,,,,,,,,,,,,,,,,,,,,,,,,,,,,,,,,,,,,,,,,,,,,,,,,,,,,,,,,,,,,,,,,,,,
,,,,,,,,,,,,,,,,,,,,,,,,,,,,,,,,,,,,,,,,,,,,,,,,,,,,,,,,,,,,,,,,,,,,,,,,,,,,,,,,,,,,,,,,,,,,,,,,,,,,,,,,,,,,,,,,,,,,,,,,,,,,,,,,,,,,,,,,,,,,,,,,,,,,,,,,,,,,,,,,,,,,,,,,,,,,,,,,,,,,,,,,,,,,,,,,,,,,,,,,,,,,,,,,,,,,,,,,,,,,,,,,,,,,,,,,,,,,,,,,,,,,,,,,,,,,,,,
,,,,,,,,,,,,,,,,,,,,,,,,,,,,,,,,,,,,,,,,,,,,,,,,,,,,,,,,,,,,,,,,,,,,,,,,,,,,,,,,,,,,,,,,,,,,,,,,,,,,,,,,,,,,,,,,,,,,,,,,,,,,,,,,,,,,,,,,,,,,,,,,,,,,,,,,,,,,,,,,,,,,,,,,,,,,,,,,,,,,,,,,,,,,,,,,,,,,,,,,,,,,,,,,,,,,,,,,,,,,,,,,,,,,,,,,,,,,,,,,,,,,,,,,,,,,,,,
,,,,,,,,,,,,,,,,,,,,,,,,,,,,,,,,,,,,,,,,,,,,,,,,,,,,,,,,,,,,,,,,,,,,,,,,,,,,,,,,,,,,,,,,,,,,,,,,,,,,,,,,,,,,,,,,,,,,,,,,,,,,,,,,,,,,,,,,,,,,,,,,,,,,,,,,,,,,,,,,,,,,,,,,,,,,,,,,,,,,,,,,,,,,,,,,,,,,,,,,,,,,,,,,,,,,,,,,,,,,,,,,,,,,,,,,,,,,,,,,,,,,,,,,,,,,,,,
