0.0,2237.8589994610074,0.0,0.0,2237.792188469011,2237.8589994610074,0.0,2237.8589994610074,2237.8589994610074,0.0,0.0,2237.8589994610074,2237.8589994610074,2237.8254084471782,2237.8589994610074,0.0,2237.8254084471782,0.0,0.0,0.0,0.0,0.0,0.0,2237.8589994610074,2237.8589994610074,2237.8254084471782,2237.8589994610074,2237.8589994610074,0.0,0.0,0.0,0.0,2237.8589994610074,2237.8254084471782,2237.8589994610074,0.0,0.0,0.0,0.0,2237.8254084471782,0.0,0.0,2237.8589994610074,0.0,0.0,0.0,0.0,0.0,0.0,0.0,0.0,0.0,2237.8589994610074,0.0,0.0,0.0,0.0,2237.8589994610074,0.0,2237.8589994610074,2237.8589994610074,0.0,0.0,0.0,0.0,2237.8254084471782,2237.8589994610074,0.0,0.0,2237.8589994610074,0.0,0.0,0.0,0.0,0.0,2237.8254084471782,2237.8589994610074,2237.8589994610074,0.0,0.0,2237.8589994610074,2237.8589994610074,0.0,2237.8589994610074,0.0,2237.792188469011,0.0,0.0,0.0,0.0,2237.8254084471782,0.0,0.0,0.0,0.0,0.0,0.0,0.0,0.0,2237.7593395430285,0.0,0.0,0.0,2237.8589994610074,2237.8589994610074,0.0,0.0,0.0,0.0,0.0,0.0,2237.8589994610074,0.0,0.0,0.0,0.0,0.0,0.0,0.0,0.0,0.0,2237.8589994610074,0.0,2237.8589994610074,0.0,0.0,2237.8589994610074,2237.8589994610074,0.0,0.0,2237.8589994610074,0.0,2237.8254084471782,0.0,0.0,0.0,0.0,0.0,2237.8589994610074,0.0,0.0,0.0,2237.8589994610074,2237.8589994610074,0.0,0.0,0.0,2237.8589994610074,2237.8254084471782,0.0,2237.8254084471782,0.0,0.0,0.0,0.0,0.0,2237.8589994610074,0.0,0.0,0.0,2237.8589994610074,2237.8589994610074,0.0,0.0,0.0,0.0,0.0,0.0,0.0,0.0,0.0,0.0,0.0,0.0,2237.8589994610074,2237.8589994610074,0.0,0.0,0.0,0.0,2237.8254084471782,0.0,0.0,0.0,2237.8589994610074,0.0,0.0,2237.8589994610074,2237.8589994610074,0.0,0.0,0.0,0.0,2237.8589994610074,0.0,0.0,0.0,0.0,0.0,0.0,0.0,0.0,0.0,0.0,0.0,2237.8589994610074,0.0,0.0,2237.8589994610074,2237.8589994610074,2237.8589994610074,2237.8589994610074,0.0,2237.8589994610074,0.0,0.0,0.0,0.0,0.0,2237.8589994610074,0.0,2237.8589994610074,0.0,0.0,0.0,0.0,2237.8589994610074,0.0,0.0,0.0,2237.8589994610074,2237.8589994610074,2237.8254084471782,0.0,0.0,0.0,2237.8589994610074,0.0,0.0,2237.8589994610074,0.0,0.0,0.0,0.0,0.0,0.0,0.0,0.0,0.0,0.0,0.0,0.0,0.0,0.0,0.0,0.0
2237.8589994610074,2237.8254084471782,2237.8589994610074,0.0,0.0,2237.8589994610074,0.0,2237.8589994610074,0.0,0.0,0.0,0.0,0.0,0.0,2237.8589994610074,0.0,0.0,2237.8589994610074,0.0,0.0,0.0,0.0,0.0,0.0,0.0,0.0,0.0,0.0,2237.8589994610074,0.0,0.0,2237.8254084471782,2237.8589994610074,0.0,2237.8254084471782,0.0,0.0,0.0,0.0,2237.8589994610074,0.0,0.0,0.0,2237.8589994610074,2237.8589994610074,0.0,0.0,2237.8254084471782,0.0,2237.8254084471782,0.0,2237.8589994610074,0.0,2237.8589994610074,0.0,2237.8589994610074,2237.792188469011,0.0,2237.8254084471782,2237.8589994610074,2237.8589994610074,0.0,0.0,0.0,2237.8589994610074,2237.8589994610074,0.0,0.0,0.0,0.0,2237.8589994610074,0.0,0.0,0.0,0.0,0.0,0.0,2237.8589994610074,0.0,0.0,0.0,2237.8589994610074,0.0,0.0,0.0,2237.8254084471782,2237.8589994610074,0.0,2237.8589994610074,0.0,2237.8589994610074,2237.8589994610074,2237.8254084471782,0.0,0.0,2237.8589994610074,2237.8589994610074,0.0,0.0,2237.8589994610074,0.0,2237.8589994610074,0.0,0.0,2237.8254084471782,0.0,0.0,0.0,2237.8589994610074,0.0,0.0,0.0,0.0,0.0,0.0,0.0,2237.8254084471782,0.0,2237.8589994610074,0.0,0.0,2237.8589994610074,2237.8254084471782,0.0,0.0,0.0,0.0,0.0,0.0,0.0,0.0,2237.8589994610074,2237.8589994610074,0.0,0.0,0.0,0.0,2237.8254084471782,2237.8589994610074,0.0,0.0,2237.8589994610074,0.0,0.0,0.0,0.0,2237.8254084471782,0.0,0.0,0.0,0.0,0.0,2237.8589994610074,0.0,0.0,0.0,0.0,0.0,2237.8589994610074,2237.8589994610074,0.0,0.0,2237.8589994610074,0.0,0.0,0.0,0.0,0.0,0.0,0.0,0.0,2237.8589994610074,0.0,2237.8589994610074,0.0,0.0,0.0,0.0,0.0,2237.8589994610074,0.0,0.0,0.0,0.0,2237.8589994610074,0.0,0.0,0.0,0.0,0.0,2237.792188469011,2237.8589994610074,0.0,2237.8589994610074,2237.8589994610074,2237.8589994610074,0.0,0.0,0.0,0.0,0.0,0.0,0.0,2237.8254084471782,0.0,0.0,0.0,0.0,0.0,0.0,2237.8589994610074,0.0,0.0,0.0,0.0,0.0,0.0,0.0,0.0,0.0,2237.8589994610074,0.0,0.0,0.0,2237.8589994610074,2237.8589994610074,0.0,0.0,2237.8589994610074,0.0,0.0,0.0,2237.8589994610074,2237.8589994610074,0.0,0.0,2237.8589994610074,0.0,2237.8589994610074,0.0,0.0,0.0,0.0,2237.8589994610074,0.0,0.0,2237.8589994610074,0.0,0.0,0.0,2237.8589994610074,0.0,2237.8589994610074,0.0,0.0,0.0
0.0,0.0,0.0,2237.792188469011,2237.8589994610074,0.0,0.0,2237.8589994610074,0.0,0.0,0.0,0.0,0.0,2237.8589994610074,0.0,0.0,0.0,0.0,0.0,2237.8254084471782,2237.8589994610074,0.0,0.0,0.0,0.0,0.0,0.0,0.0,0.0,0.0,2237.8589994610074,0.0,0.0,0.0,2237.8254084471782,0.0,0.0,0.0,2237.792188469011,0.0,2237.8589994610074,0.0,2237.8589994610074,0.0,2237.8589994610074,0.0,2237.8589994610074,2237.8589994610074,0.0,0.0,2237.8589994610074,0.0,0.0,2237.8589994610074,0.0,0.0,0.0,2237.8589994610074,2237.8254084471782,0.0,2237.8589994610074,2237.8589994610074,2237.792188469011,0.0,0.0,2237.8589994610074,0.0,0.0,2237.8589994610074,0.0,2237.8589994610074,0.0,2237.8589994610074,0.0,0.0,2237.8589994610074,0.0,0.0,0.0,2237.8589994610074,0.0,0.0,2237.8254084471782,0.0,2237.8254084471782,0.0,2237.8589994610074,0.0,2237.8589994610074,0.0,0.0,0.0,2237.8589994610074,2237.8589994610074,0.0,2237.8589994610074,0.0,0.0,0.0,2237.8589994610074,0.0,2237.8589994610074,0.0,0.0,0.0,0.0,0.0,0.0,2237.8589994610074,0.0,0.0,2237.8589994610074,0.0,2237.8589994610074,0.0,0.0,0.0,0.0,0.0,0.0,2237.8589994610074,0.0,2237.8254084471782,0.0,0.0,0.0,2237.8589994610074,0.0,0.0,0.0,0.0,0.0,2237.8589994610074,0.0,0.0,0.0,2237.8589994610074,0.0,0.0,0.0,0.0,0.0,0.0,2237.8589994610074,2237.8589994610074,0.0,0.0,0.0,2237.8589994610074,2237.8589994610074,0.0,0.0,0.0,0.0,0.0,2237.8589994610074,0.0,0.0,0.0,0.0,0.0,0.0,2237.8589994610074,0.0,0.0,2237.8589994610074,0.0,0.0,0.0,2237.8254084471782,0.0,0.0,0.0,0.0,0.0,0.0,0.0,2237.8589994610074,0.0,0.0,2237.8589994610074,0.0,0.0,0.0,0.0,0.0,0.0,0.0,0.0,2237.8589994610074,0.0,0.0,0.0,0.0,0.0,0.0,0.0,0.0,0.0,0.0,0.0,0.0,2237.8589994610074,0.0,2237.8589994610074,2237.8589994610074,0.0,0.0,0.0,0.0,0.0,0.0,0.0,0.0,0.0,0.0,0.0,0.0,0.0,0.0,2237.8589994610074,0.0,0.0,0.0,0.0,0.0,0.0,0.0,2237.8589994610074,0.0,0.0,0.0,0.0,0.0,0.0,0.0,0.0,0.0,2237.8589994610074,2237.8589994610074,0.0,0.0,0.0,0.0,2237.8589994610074,0.0,0.0,0.0,0.0,0.0,2237.8589994610074,2237.8589994610074,2237.8589994610074,2237.8589994610074,0.0,0.0
2237.8589994610074,0.0,0.0,0.0,0.0,0.0,0.0,0.0,0.0,2237.8589994610074,0.0,2237.8589994610074,0.0,0.0,0.0,0.0,0.0,0.0,0.0,0.0,0.0,0.0,0.0,0.0,0.0,0.0,0.0,0.0,0.0,2237.8589994610074,0.0,0.0,2237.8589994610074,2237.8589994610074,2237.8589994610074,2237.8589994610074,0.0,2237.8589994610074,2237.8254084471782,2237.8589994610074,2237.8589994610074,0.0,0.0,2237.8589994610074,0.0,2237.8589994610074,0.0,0.0,2237.8589994610074,2237.8589994610074,0.0,0.0,2237.8589994610074,2237.8589994610074,0.0,0.0,0.0,0.0,0.0,0.0,2237.8254084471782,0.0,0.0,2237.8589994610074,0.0,0.0,2237.8589994610074,2237.8254084471782,0.0,0.0,0.0,0.0,0.0,0.0,0.0,0.0,0.0,0.0,0.0,2237.8589994610074,2237.8254084471782,0.0,0.0,2237.8589994610074,0.0,0.0,0.0,0.0,2237.8589994610074,0.0,0.0,2237.8589994610074,0.0,0.0,0.0,0.0,2237.8589994610074,0.0,0.0,2237.8254084471782,0.0,0.0,0.0,2237.8589994610074,0.0,0.0,0.0,0.0,0.0,0.0,0.0,0.0,0.0,0.0,0.0,2237.8589994610074,2237.792188469011,0.0,0.0,2237.8589994610074,0.0,2237.8589994610074,0.0,0.0,0.0,2237.8589994610074,0.0,0.0,0.0,2237.8589994610074,0.0,2237.8589994610074,0.0,2237.8589994610074,0.0,0.0,0.0,0.0,2237.8254084471782,2237.8589994610074,0.0,0.0,0.0,0.0,0.0,0.0,0.0,2237.8589994610074,0.0,0.0,2237.8589994610074,0.0,0.0,2237.8589994610074,2237.8589994610074,0.0,0.0,0.0,0.0,0.0,0.0,0.0,0.0,0.0,0.0,0.0,0.0,0.0,2237.8589994610074,2237.8589994610074,0.0,2237.8589994610074,0.0,2237.8589994610074,0.0,2237.8589994610074,0.0,0.0,0.0,0.0,0.0,2237.8589994610074,0.0,2237.8589994610074,0.0,0.0,0.0,2237.8589994610074,0.0,0.0,0.0,0.0,0.0,2237.8254084471782,0.0,0.0,0.0,0.0,0.0,0.0,0.0,0.0,0.0,0.0,2237.8589994610074,0.0,0.0,0.0,0.0,0.0,0.0,2237.8589994610074,0.0,0.0,2237.8589994610074,0.0,0.0,2237.8589994610074,2237.8589994610074,0.0,2237.8589994610074,0.0,0.0,0.0,0.0,0.0,2237.8589994610074,2237.8589994610074,0.0,0.0,0.0,0.0,0.0,0.0,2237.8589994610074,2237.8589994610074,0.0,0.0,0.0,0.0,0.0,0.0,0.0,0.0,0.0,0.0,0.0,0.0,2237.8589994610074,2237.8589994610074,0.0,0.0,0.0,0.0,0.0,0.0
2237.8589994610074,2237.8589994610074,0.0,0.0,0.0,0.0,0.0,0.0,0.0,2237.8589994610074,2237.8589994610074,0.0,0.0,0.0,0.0,0.0,0.0,0.0,0.0,0.0,2237.8589994610074,0.0,0.0,2237.8589994610074,2237.8589994610074,0.0,0.0,0.0,0.0,0.0,0.0,0.0,0.0,2237.8589994610074,2237.8589994610074,2237.8589994610074,2237.8589994610074,0.0,2237.8589994610074,0.0,0.0,2237.8589994610074,0.0,2237.8589994610074,0.0,0.0,2237.8589994610074,0.0,0.0,2237.8254084471782,0.0,0.0,0.0,0.0,0.0,2237.8589994610074,0.0,0.0,0.0,2237.8589994610074,0.0,2237.8589994610074,0.0,0.0,0.0,2237.8589994610074,0.0,0.0,0.0,0.0,0.0,2237.8589994610074,0.0,0.0,0.0,2237.8589994610074,2237.8589994610074,2237.8589994610074,2237.8589994610074,0.0,2237.8589994610074,2237.8589994610074,2237.8589994610074,0.0,0.0,0.0,0.0,0.0,0.0,0.0,2237.8589994610074,2237.8589994610074,2237.8589994610074,0.0,0.0,0.0,0.0,2237.8589994610074,0.0,2237.8589994610074,2237.8589994610074,0.0,0.0,0.0,0.0,0.0,2237.8589994610074,0.0,2237.8589994610074,2237.8589994610074,0.0,2237.8254084471782,0.0,0.0,0.0,2237.8589994610074,0.0,2237.8589994610074,0.0,0.0,0.0,2237.8589994610074,0.0,0.0,2237.8589994610074,0.0,0.0,0.0,0.0,0.0,0.0,0.0,0.0,0.0,0.0,2237.8254084471782,2237.8589994610074,0.0,2237.8254084471782,0.0,0.0,0.0,0.0,0.0,2237.8254084471782,2237.8589994610074,2237.8254084471782,2237.8589994610074,0.0,0.0,2237.8589994610074,0.0,0.0,0.0,2237.8589994610074,2237.8589994610074,2237.8589994610074,0.0,0.0,0.0,0.0,0.0,0.0,0.0,0.0,0.0,2237.8589994610074,2237.8589994610074,0.0,0.0,0.0,0.0,2237.8589994610074,2237.8254084471782,0.0,0.0,0.0,0.0,0.0,0.0,2237.8254084471782,0.0,0.0,2237.8589994610074,0.0,0.0,2237.8589994610074,2237.8589994610074,0.0,0.0,0.0,2237.8589994610074,2237.792188469011,2237.8589994610074,0.0,0.0,2237.8589994610074,0.0,2237.8589994610074,0.0,0.0,0.0,0.0,0.0,0.0,0.0,2237.8254084471782,0.0,0.0,0.0,0.0,0.0,0.0,0.0,0.0,0.0,0.0,2237.8589994610074,0.0,2237.8589994610074,0.0,0.0,2237.8589994610074,0.0,0.0,0.0,0.0,0.0,0.0,0.0,2237.8589994610074,0.0,0.0,0.0,0.0,0.0,0.0,0.0,0.0,0.0,0.0,2237.8589994610074,0.0,0.0,0.0,2237.8589994610074,0.0,0.0,2237.8589994610074,0.0,2237.8589994610074,2237.8589994610074,0.0,0.0,0.0,0.0
0.0,0.0,2237.8589994610074,2237.8589994610074,0.0,2237.8589994610074,2237.8589994610074,0.0,2237.8589994610074,0.0,0.0,0.0,0.0,2237.8589994610074,0.0,0.0,0.0,2237.8254084471782,2237.8254084471782,2237.8589994610074,2237.8589994610074,2237.8589994610074,0.0,0.0,0.0,0.0,0.0,0.0,0.0,0.0,0.0,0.0,0.0,2237.8589994610074,0.0,0.0,0.0,2237.8589994610074,2237.792188469011,0.0,2237.8589994610074,0.0,2237.8589994610074,0.0,2237.8589994610074,0.0,0.0,0.0,0.0,0.0,0.0,0.0,2237.8589994610074,0.0,2237.8589994610074,0.0,0.0,0.0,0.0,0.0,2237.8589994610074,0.0,0.0,2237.8589994610074,0.0,0.0,0.0,2237.8589994610074,0.0,2237.8589994610074,0.0,2237.8589994610074,0.0,0.0,0.0,0.0,0.0,0.0,0.0,0.0,0.0,0.0,0.0,0.0,0.0,0.0,0.0,0.0,2237.8589994610074,0.0,0.0,0.0,0.0,0.0,2237.8589994610074,0.0,2237.8254084471782,2237.8589994610074,0.0,2237.8254084471782,0.0,2237.8589994610074,2237.8589994610074,2237.8589994610074,2237.8589994610074,0.0,2237.8254084471782,2237.8589994610074,2237.8589994610074,2237.8589994610074,0.0,0.0,0.0,0.0,0.0,2237.8254084471782,0.0,0.0,0.0,2237.8589994610074,0.0,0.0,0.0,0.0,0.0,2237.8589994610074,2237.8589994610074,2237.8589994610074,0.0,2237.8254084471782,0.0,0.0,0.0,0.0,0.0,2237.8589994610074,2237.792188469011,0.0,2237.8589994610074,0.0,0.0,2237.8589994610074,0.0,0.0,2237.8589994610074,0.0,2237.8589994610074,0.0,0.0,0.0,0.0,2237.8589994610074,0.0,0.0,0.0,0.0,0.0,0.0,0.0,0.0,0.0,0.0,0.0,0.0,0.0,0.0,0.0,2237.8589994610074,0.0,0.0,0.0,0.0,0.0,0.0,0.0,0.0,0.0,0.0,2237.8589994610074,0.0,2237.8589994610074,2237.792188469011,2237.8254084471782,0.0,0.0,0.0,0.0,0.0,0.0,0.0,0.0,0.0,0.0,0.0,0.0,0.0,2237.8589994610074,0.0,0.0,0.0,2237.8589994610074,0.0,2237.8589994610074,0.0,0.0,0.0,0.0,0.0,0.0,0.0,2237.8589994610074,0.0,0.0,0.0,0.0,0.0,2237.8589994610074,0.0,0.0,0.0,2237.8589994610074,2237.8589994610074,0.0,0.0,0.0,2237.8589994610074,2237.8589994610074,0.0,0.0,2237.8589994610074,0.0,2237.8589994610074,0.0,0.0,0.0,0.0,0.0,0.0,0.0,0.0,0.0,0.0,0.0,0.0,0.0,0.0,0.0,0.0,0.0,0.0,0.0,2237.8589994610074,0.0,2237.8589994610074,0.0,2237.8254084471782
2237.8589994610074,2237.8589994610074,2237.8589994610074,2237.8589994610074,0.0,0.0,0.0,0.0,0.0,0.0,0.0,0.0,0.0,0.0,2237.8589994610074,2237.8589994610074,0.0,0.0,0.0,0.0,2237.8589994610074,0.0,0.0,0.0,2237.8589994610074,0.0,0.0,0.0,0.0,2237.8589994610074,0.0,0.0,0.0,0.0,0.0,2237.8589994610074,0.0,2237.8589994610074,2237.8589994610074,0.0,2237.8589994610074,0.0,0.0,0.0,0.0,2237.8589994610074,2237.8589994610074,0.0,2237.8589994610074,0.0,0.0,0.0,0.0,0.0,0.0,0.0,2237.8589994610074,2237.8254084471782,0.0,2237.8589994610074,2237.8589994610074,0.0,0.0,0.0,2237.8589994610074,0.0,0.0,0.0,0.0,0.0,0.0,2237.8589994610074,0.0,0.0,2237.8589994610074,0.0,0.0,0.0,2237.8589994610074,0.0,2237.8589994610074,2237.8589994610074,0.0,0.0,2237.8589994610074,0.0,2237.8589994610074,0.0,2237.8254084471782,2237.8589994610074,0.0,0.0,2237.8254084471782,0.0,0.0,0.0,0.0,0.0,0.0,0.0,0.0,0.0,0.0,0.0,0.0,0.0,0.0,0.0,0.0,0.0,0.0,2237.8589994610074,0.0,0.0,0.0,2237.8589994610074,2237.8589994610074,0.0,0.0,2237.8589994610074,0.0,0.0,2237.8589994610074,2237.8589994610074,2237.7593395430285,2237.8254084471782,2237.8589994610074,2237.7593395430285,0.0,2237.8589994610074,0.0,0.0,2237.8589994610074,0.0,0.0,0.0,2237.8589994610074,2237.8589994610074,2237.792188469011,0.0,2237.8589994610074,2237.8589994610074,2237.8589994610074,0.0,0.0,0.0,2237.8589994610074,0.0,0.0,0.0,2237.8589994610074,2237.8589994610074,0.0,0.0,0.0,0.0,2237.8589994610074,2237.8589994610074,0.0,0.0,2237.8589994610074,0.0,2237.8589994610074,0.0,0.0,0.0,0.0,0.0,0.0,0.0,0.0,2237.8589994610074,2237.8589994610074,0.0,0.0,2237.792188469011,0.0,0.0,0.0,2237.8589994610074,0.0,2237.8589994610074,2237.8254084471782,0.0,2237.8589994610074,0.0,0.0,0.0,0.0,0.0,0.0,2237.8589994610074,2237.8589994610074,0.0,0.0,2237.8589994610074,0.0,0.0,0.0,0.0,0.0,2237.8589994610074,2237.8254084471782,2237.8589994610074,2237.8589994610074,2237.8589994610074,0.0,0.0,2237.8589994610074,0.0,2237.8589994610074,2237.8589994610074,0.0,0.0,0.0,0.0,0.0,0.0,0.0,0.0,0.0,2237.8589994610074,0.0,0.0,0.0,0.0,0.0,0.0,0.0,2237.8589994610074,0.0,2237.8589994610074,0.0,0.0,0.0,0.0,0.0,0.0,0.0,0.0,0.0,2237.8589994610074,0.0,2237.8589994610074,0.0,0.0,0.0,0.0,0.0,2237.7593395430285,2237.8589994610074,0.0,0.0,0.0,0.0,0.0
0.0,2237.8589994610074,2237.8589994610074,0.0,2237.8254084471782,2237.8589994610074,0.0,0.0,2237.8254084471782,2237.8589994610074,2237.8589994610074,2237.8589994610074,0.0,0.0,0.0,2237.8589994610074,0.0,0.0,2237.8254084471782,0.0,2237.8589994610074,0.0,2237.8254084471782,0.0,0.0,0.0,0.0,2237.8589994610074,0.0,0.0,2237.8589994610074,0.0,2237.8589994610074,0.0,0.0,0.0,2237.8589994610074,2237.8254084471782,2237.8589994610074,0.0,2237.8589994610074,0.0,2237.8589994610074,2237.8589994610074,0.0,2237.8254084471782,0.0,2237.8254084471782,2237.8589994610074,2237.8589994610074,0.0,2237.8589994610074,0.0,0.0,0.0,0.0,2237.8589994610074,0.0,0.0,2237.8589994610074,0.0,2237.8589994610074,2237.8589994610074,0.0,2237.8589994610074,2237.8589994610074,0.0,0.0,2237.8589994610074,2237.8254084471782,0.0,2237.8254084471782,0.0,2237.8589994610074,2237.8589994610074,0.0,2237.8589994610074,0.0,0.0,0.0,0.0,2237.8589994610074,2237.8589994610074,2237.8589994610074,0.0,0.0,0.0,2237.8589994610074,0.0,2237.8589994610074,2237.792188469011,0.0,0.0,0.0,0.0,0.0,0.0,0.0,0.0,0.0,0.0,0.0,0.0,0.0,2237.8254084471782,2237.8589994610074,0.0,0.0,2237.8589994610074,2237.8589994610074,0.0,2237.8589994610074,0.0,0.0,0.0,0.0,0.0,2237.8589994610074,0.0,2237.8254084471782,2237.8254084471782,0.0,0.0,0.0,0.0,2237.8589994610074,2237.7593395430285,2237.8589994610074,2237.8254084471782,2237.8589994610074,2237.8589994610074,0.0,2237.8254084471782,2237.8589994610074,2237.8589994610074,2237.8589994610074,0.0,2237.8254084471782,2237.8589994610074,0.0,0.0,2237.8254084471782,0.0,2237.8589994610074,0.0,0.0,0.0,0.0,0.0,0.0,0.0,0.0,0.0,0.0,0.0,2237.8254084471782,2237.8589994610074,0.0,0.0,0.0,0.0,2237.8589994610074,0.0,0.0,0.0,0.0,0.0,0.0,0.0,0.0,0.0,0.0,0.0,0.0,0.0,0.0,0.0,0.0,2237.8589994610074,2237.8589994610074,0.0,0.0,0.0,0.0,0.0,2237.8589994610074,0.0,0.0,0.0,2237.8254084471782,0.0,0.0,0.0,2237.8589994610074,0.0,0.0,0.0,0.0,0.0,2237.8589994610074,0.0,2237.8589994610074,2237.8589994610074,0.0,0.0,0.0,0.0,0.0,0.0,2237.8589994610074,0.0,0.0,0.0,0.0,0.0,2237.8589994610074,0.0,2237.8589994610074,0.0,2237.8589994610074,2237.8589994610074,0.0,2237.8589994610074,0.0,0.0,0.0,2237.8589994610074,0.0,0.0,0.0,2237.8589994610074,2237.8589994610074,0.0,0.0,0.0,0.0,0.0,0.0,0.0,0.0,0.0,0.0,0.0,0.0,2237.8254084471782,0.0,0.0,0.0,0.0,0.0,0.0,2237.8589994610074,0.0,0.0,2237.8589994610074,0.0
0.0,2237.8254084471782,0.0,2237.792188469011,2237.8589994610074,0.0,0.0,2237.8589994610074,0.0,2237.8254084471782,2237.8254084471782,0.0,0.0,2237.8589994610074,2237.8589994610074,0.0,0.0,2237.8254084471782,0.0,0.0,0.0,2237.8589994610074,0.0,0.0,2237.8589994610074,2237.8254084471782,0.0,0.0,0.0,2237.8254084471782,0.0,0.0,2237.8589994610074,0.0,2237.8589994610074,0.0,0.0,0.0,0.0,2237.8589994610074,2237.8589994610074,0.0,2237.8589994610074,0.0,0.0,2237.8589994610074,0.0,0.0,2237.792188469011,2237.8254084471782,2237.8589994610074,2237.8589994610074,2237.8589994610074,2237.8589994610074,0.0,0.0,2237.8589994610074,0.0,0.0,2237.8589994610074,0.0,2237.8589994610074,0.0,0.0,2237.8589994610074,0.0,2237.8589994610074,0.0,0.0,2237.8589994610074,0.0,0.0,2237.8589994610074,0.0,0.0,0.0,0.0,0.0,0.0,0.0,0.0,0.0,2237.8589994610074,0.0,0.0,0.0,2237.8589994610074,2237.8589994610074,0.0,0.0,0.0,0.0,0.0,0.0,2237.8254084471782,2237.8589994610074,0.0,0.0,0.0,0.0,2237.8589994610074,0.0,2237.8589994610074,0.0,2237.8589994610074,0.0,2237.8254084471782,0.0,0.0,2237.8589994610074,2237.8589994610074,0.0,0.0,0.0,2237.8589994610074,0.0,0.0,0.0,2237.8254084471782,0.0,2237.8589994610074,0.0,0.0,0.0,0.0,0.0,0.0,0.0,0.0,2237.8589994610074,0.0,2237.8254084471782,2237.8254084471782,2237.8254084471782,2237.8254084471782,2237.8254084471782,0.0,2237.8589994610074,2237.8254084471782,0.0,2237.8589994610074,0.0,0.0,0.0,2237.8254084471782,0.0,2237.8589994610074,0.0,2237.8589994610074,2237.8254084471782,2237.8589994610074,2237.792188469011,0.0,0.0,0.0,0.0,0.0,2237.8589994610074,2237.8254084471782,0.0,0.0,2237.8589994610074,0.0,0.0,0.0,2237.8589994610074,0.0,0.0,0.0,0.0,2237.8589994610074,0.0,2237.8589994610074,0.0,0.0,0.0,0.0,0.0,2237.8589994610074,0.0,0.0,0.0,2237.8589994610074,2237.8589994610074,0.0,0.0,0.0,2237.8589994610074,0.0,0.0,0.0,0.0,0.0,0.0,0.0,0.0,0.0,0.0,0.0,0.0,2237.8589994610074,0.0,0.0,0.0,0.0,0.0,0.0,0.0,2237.8589994610074,0.0,0.0,0.0,0.0,0.0,0.0,0.0,0.0,0.0,0.0,0.0,0.0,0.0,0.0,0.0,0.0,0.0,0.0,0.0,0.0,0.0,2237.8589994610074,0.0,0.0,0.0,0.0,2237.8589994610074,0.0,0.0,0.0,0.0,2237.8589994610074,2237.792188469011,0.0,0.0,0.0,0.0,0.0,0.0,2237.8589994610074,0.0,0.0,2237.8589994610074,0.0,0.0,0.0,0.0
2237.8254084471782,2237.8589994610074,2237.8589994610074,2237.8589994610074,2237.8589994610074,2237.8589994610074,0.0,0.0,0.0,0.0,2237.8589994610074,0.0,0.0,0.0,0.0,2237.8589994610074,2237.8589994610074,2237.792188469011,2237.8254084471782,0.0,0.0,2237.8589994610074,0.0,2237.792188469011,0.0,0.0,0.0,0.0,0.0,0.0,0.0,0.0,0.0,0.0,0.0,0.0,0.0,0.0,0.0,0.0,2237.8254084471782,0.0,0.0,2237.8589994610074,0.0,0.0,0.0,2237.8254084471782,2237.8589994610074,0.0,2237.8589994610074,2237.792188469011,2237.8254084471782,0.0,2237.8589994610074,2237.8254084471782,2237.8589994610074,2237.8589994610074,0.0,0.0,0.0,0.0,0.0,0.0,0.0,0.0,2237.8589994610074,0.0,0.0,2237.8254084471782,0.0,0.0,0.0,2237.8589994610074,2237.8589994610074,2237.8589994610074,0.0,0.0,2237.8589994610074,2237.8589994610074,0.0,2237.8254084471782,0.0,0.0,0.0,0.0,0.0,0.0,2237.8254084471782,0.0,2237.8254084471782,0.0,0.0,0.0,0.0,0.0,0.0,2237.8589994610074,0.0,0.0,0.0,0.0,2237.8589994610074,2237.8589994610074,2237.8589994610074,2237.8254084471782,2237.8589994610074,2237.8589994610074,2237.8589994610074,0.0,0.0,2237.792188469011,2237.8589994610074,0.0,0.0,0.0,0.0,0.0,0.0,2237.8589994610074,0.0,0.0,2237.8589994610074,2237.8589994610074,2237.8589994610074,0.0,2237.8589994610074,2237.8589994610074,2237.792188469011,0.0,2237.7593395430285,2237.8254084471782,2237.8254084471782,2237.8589994610074,2237.8589994610074,2237.8254084471782,2237.8254084471782,0.0,0.0,2237.8589994610074,0.0,2237.8589994610074,0.0,2237.8254084471782,2237.8254084471782,0.0,2237.8589994610074,0.0,0.0,0.0,2237.8254084471782,0.0,0.0,0.0,0.0,0.0,0.0,0.0,0.0,2237.8589994610074,0.0,0.0,0.0,0.0,0.0,2237.8589994610074,0.0,0.0,0.0,2237.8589994610074,0.0,0.0,2237.8589994610074,0.0,0.0,0.0,2237.8589994610074,0.0,0.0,0.0,0.0,0.0,2237.8254084471782,0.0,0.0,2237.8589994610074,0.0,0.0,0.0,0.0,0.0,2237.8589994610074,0.0,2237.8589994610074,0.0,0.0,0.0,2237.8589994610074,0.0,0.0,0.0,0.0,0.0,0.0,0.0,0.0,0.0,0.0,0.0,0.0,2237.8589994610074,0.0,0.0,0.0,2237.8589994610074,0.0,0.0,2237.8589994610074,0.0,2237.8589994610074,0.0,2237.8589994610074,0.0,0.0,0.0,0.0,0.0,2237.8589994610074,0.0,2237.8589994610074,0.0,0.0,0.0,0.0,0.0,2237.8589994610074,0.0,2237.8589994610074,0.0,0.0,0.0,2237.8589994610074,0.0,0.0,0.0,0.0,0.0,0.0,2237.8589994610074,0.0,0.0,0.0,0.0,0.0,0.0,2237.8589994610074
2237.8254084471782,2237.8254084471782,0.0,0.0,0.0,2237.8589994610074,0.0,0.0,0.0,0.0,0.0,2237.8589994610074,0.0,0.0,2237.8589994610074,0.0,2237.8589994610074,0.0,2237.8589994610074,0.0,0.0,0.0,0.0,0.0,0.0,0.0,2237.8589994610074,0.0,0.0,2237.8254084471782,2237.8254084471782,2237.8589994610074,0.0,2237.8589994610074,2237.8589994610074,0.0,0.0,0.0,0.0,2237.8254084471782,0.0,2237.8254084471782,0.0,2237.8589994610074,2237.8254084471782,0.0,0.0,2237.8589994610074,2237.8589994610074,2237.8589994610074,2237.8254084471782,0.0,0.0,2237.8589994610074,0.0,2237.8589994610074,2237.792188469011,0.0,2237.8254084471782,2237.8589994610074,0.0,0.0,0.0,0.0,0.0,2237.8254084471782,0.0,0.0,0.0,0.0,0.0,0.0,0.0,0.0,0.0,0.0,0.0,0.0,0.0,0.0,0.0,2237.8589994610074,2237.8589994610074,0.0,0.0,0.0,0.0,0.0,0.0,0.0,2237.8589994610074,0.0,0.0,0.0,0.0,0.0,0.0,0.0,2237.8254084471782,0.0,0.0,2237.8589994610074,2237.8589994610074,2237.8589994610074,2237.8254084471782,0.0,2237.8589994610074,2237.8589994610074,0.0,0.0,2237.8589994610074,2237.8254084471782,2237.8589994610074,0.0,0.0,0.0,0.0,2237.8589994610074,2237.792188469011,0.0,2237.8589994610074,2237.8254084471782,2237.8589994610074,0.0,0.0,2237.8589994610074,0.0,2237.8589994610074,0.0,0.0,2237.8254084471782,2237.8589994610074,2237.8589994610074,2237.7593395430285,2237.8589994610074,2237.792188469011,0.0,2237.8589994610074,0.0,0.0,0.0,2237.8589994610074,2237.8254084471782,2237.8254084471782,0.0,2237.8589994610074,2237.8589994610074,0.0,0.0,2237.8254084471782,2237.8589994610074,2237.8254084471782,0.0,0.0,0.0,0.0,0.0,2237.8589994610074,2237.8589994610074,0.0,0.0,0.0,2237.8254084471782,0.0,0.0,2237.8589994610074,0.0,0.0,0.0,0.0,0.0,0.0,0.0,0.0,0.0,0.0,0.0,2237.8589994610074,0.0,0.0,0.0,0.0,0.0,0.0,0.0,0.0,0.0,0.0,0.0,2237.8589994610074,0.0,0.0,0.0,0.0,0.0,0.0,0.0,0.0,0.0,0.0,0.0,0.0,2237.8589994610074,0.0,0.0,0.0,0.0,0.0,0.0,0.0,2237.8589994610074,2237.8589994610074,0.0,0.0,2237.8589994610074,0.0,2237.8589994610074,0.0,2237.8589994610074,2237.8589994610074,0.0,0.0,0.0,2237.8589994610074,0.0,0.0,0.0,0.0,0.0,2237.8589994610074,0.0,0.0,0.0,0.0,2237.8589994610074,0.0,0.0,0.0,0.0,0.0,0.0,0.0,0.0,0.0,0.0,0.0,0.0,0.0,2237.8589994610074,0.0,0.0,2237.8589994610074,2237.8254084471782,0.0,2237.8254084471782,0.0
2237.8254084471782,0.0,2237.8254084471782,0.0,0.0,0.0,0.0,0.0,0.0,0.0,0.0,2237.8589994610074,0.0,2237.8254084471782,0.0,2237.8589994610074,2237.8589994610074,0.0,0.0,0.0,0.0,0.0,0.0,0.0,2237.8254084471782,0.0,0.0,0.0,0.0,0.0,0.0,2237.8254084471782,0.0,0.0,2237.8589994610074,2237.8589994610074,0.0,0.0,0.0,0.0,0.0,2237.8589994610074,0.0,0.0,2237.8254084471782,0.0,0.0,0.0,0.0,2237.8589994610074,0.0,0.0,0.0,2237.8589994610074,2237.8589994610074,0.0,0.0,2237.8589994610074,2237.8589994610074,0.0,0.0,0.0,0.0,2237.8589994610074,2237.8589994610074,0.0,0.0,0.0,0.0,0.0,0.0,0.0,0.0,0.0,0.0,0.0,0.0,0.0,0.0,0.0,0.0,0.0,0.0,0.0,0.0,2237.8254084471782,0.0,0.0,0.0,0.0,0.0,0.0,2237.8589994610074,0.0,0.0,0.0,0.0,0.0,0.0,0.0,0.0,0.0,2237.8589994610074,2237.8589994610074,0.0,2237.8589994610074,0.0,2237.792188469011,0.0,0.0,2237.8589994610074,2237.8589994610074,0.0,0.0,2237.8589994610074,0.0,2237.8589994610074,0.0,0.0,2237.8589994610074,2237.8589994610074,0.0,2237.792188469011,2237.8589994610074,2237.8589994610074,0.0,2237.8589994610074,0.0,2237.8589994610074,2237.8589994610074,0.0,2237.7593395430285,2237.792188469011,0.0,2237.8589994610074,2237.792188469011,0.0,0.0,2237.8589994610074,0.0,2237.8589994610074,0.0,2237.8589994610074,2237.8589994610074,2237.8254084471782,0.0,0.0,0.0,2237.8589994610074,2237.8254084471782,0.0,2237.8589994610074,0.0,2237.8589994610074,0.0,0.0,0.0,0.0,0.0,2237.8589994610074,0.0,2237.8589994610074,0.0,0.0,2237.8254084471782,0.0,0.0,2237.8589994610074,0.0,0.0,0.0,2237.8254084471782,0.0,0.0,0.0,0.0,2237.8589994610074,2237.8589994610074,2237.8589994610074,0.0,0.0,0.0,0.0,0.0,2237.8589994610074,0.0,2237.8589994610074,0.0,0.0,0.0,0.0,2237.8254084471782,0.0,0.0,0.0,0.0,0.0,0.0,0.0,0.0,0.0,2237.8589994610074,0.0,0.0,0.0,0.0,0.0,0.0,0.0,0.0,0.0,0.0,0.0,2237.8589994610074,0.0,0.0,0.0,2237.8254084471782,0.0,0.0,0.0,0.0,0.0,0.0,2237.8589994610074,0.0,0.0,0.0,0.0,0.0,0.0,0.0,0.0,0.0,0.0,0.0,0.0,2237.8589994610074,0.0,0.0,2237.8589994610074,2237.8589994610074,0.0,0.0,0.0,0.0,0.0,0.0,0.0,0.0,0.0,0.0,0.0,0.0,2237.8589994610074,0.0
0.0,0.0,0.0,0.0,0.0,0.0,0.0,0.0,2237.8254084471782,0.0,0.0,2237.8589994610074,2237.8254084471782,2237.8254084471782,0.0,2237.792188469011,2237.8589994610074,2237.8589994610074,0.0,2237.8589994610074,2237.8589994610074,2237.8589994610074,0.0,0.0,0.0,2237.8589994610074,0.0,0.0,0.0,0.0,2237.8589994610074,2237.8589994610074,0.0,2237.792188469011,0.0,0.0,0.0,0.0,0.0,0.0,0.0,0.0,0.0,2237.8589994610074,2237.8589994610074,0.0,2237.8589994610074,2237.8589994610074,0.0,2237.8254084471782,0.0,0.0,2237.8254084471782,2237.8589994610074,0.0,0.0,2237.8589994610074,0.0,0.0,0.0,0.0,2237.8589994610074,0.0,0.0,0.0,0.0,0.0,0.0,0.0,0.0,2237.8589994610074,2237.8589994610074,0.0,2237.8589994610074,0.0,0.0,2237.8589994610074,0.0,0.0,0.0,2237.8589994610074,2237.8589994610074,0.0,0.0,0.0,0.0,0.0,2237.8254084471782,0.0,0.0,0.0,2237.8589994610074,0.0,0.0,0.0,0.0,0.0,0.0,0.0,2237.8589994610074,2237.8254084471782,0.0,2237.8589994610074,0.0,0.0,0.0,0.0,0.0,2237.8589994610074,0.0,2237.8589994610074,0.0,0.0,0.0,2237.8589994610074,0.0,0.0,0.0,0.0,0.0,0.0,0.0,0.0,2237.8589994610074,2237.8254084471782,0.0,2237.8254084471782,0.0,2237.8589994610074,2237.7593395430285,2237.8589994610074,2237.8589994610074,2237.7593395430285,2237.8254084471782,2237.8254084471782,2237.792188469011,2237.8589994610074,0.0,0.0,0.0,2237.8589994610074,2237.8589994610074,2237.8589994610074,2237.8254084471782,0.0,2237.8254084471782,2237.8589994610074,2237.8589994610074,2237.8589994610074,0.0,0.0,2237.8589994610074,2237.8589994610074,2237.8589994610074,0.0,0.0,2237.8589994610074,2237.8254084471782,2237.8589994610074,2237.8589994610074,0.0,0.0,0.0,2237.8589994610074,0.0,0.0,2237.8589994610074,0.0,0.0,0.0,0.0,0.0,2237.8589994610074,0.0,2237.8589994610074,0.0,0.0,0.0,0.0,0.0,2237.8589994610074,2237.8589994610074,2237.8589994610074,0.0,0.0,0.0,2237.8254084471782,0.0,0.0,0.0,2237.8589994610074,0.0,0.0,0.0,2237.8589994610074,0.0,2237.8589994610074,0.0,2237.8589994610074,2237.8254084471782,0.0,0.0,0.0,0.0,0.0,0.0,0.0,0.0,0.0,0.0,0.0,0.0,2237.8589994610074,0.0,0.0,0.0,0.0,0.0,0.0,0.0,2237.8589994610074,0.0,0.0,0.0,0.0,2237.8589994610074,0.0,0.0,2237.8254084471782,0.0,0.0,0.0,0.0,0.0,0.0,0.0,0.0,0.0,0.0,0.0,0.0,2237.8589994610074,2237.8589994610074,2237.8589994610074,0.0,0.0,0.0,0.0,0.0,0.0,0.0,0.0,0.0,0.0,0.0,0.0
0.0,2237.8589994610074,2237.8254084471782,2237.8589994610074,0.0,2237.8589994610074,0.0,0.0,2237.8589994610074,0.0,2237.8589994610074,2237.8254084471782,2237.8589994610074,0.0,0.0,2237.7593395430285,2237.8254084471782,0.0,0.0,0.0,0.0,0.0,0.0,0.0,0.0,2237.8589994610074,2237.8589994610074,0.0,0.0,0.0,0.0,0.0,0.0,0.0,0.0,0.0,0.0,0.0,0.0,2237.8589994610074,0.0,0.0,0.0,0.0,0.0,2237.8254084471782,0.0,2237.8589994610074,2237.8589994610074,0.0,2237.8589994610074,0.0,2237.8589994610074,0.0,0.0,0.0,0.0,0.0,2237.8589994610074,0.0,0.0,0.0,2237.8589994610074,0.0,2237.8589994610074,0.0,0.0,0.0,0.0,0.0,2237.8254084471782,0.0,2237.8589994610074,2237.8589994610074,0.0,2237.8589994610074,0.0,2237.8589994610074,0.0,2237.8589994610074,2237.8589994610074,2237.8589994610074,0.0,0.0,0.0,0.0,0.0,0.0,0.0,2237.8589994610074,2237.8589994610074,2237.8589994610074,2237.8589994610074,0.0,0.0,0.0,2237.8589994610074,0.0,2237.8589994610074,0.0,0.0,0.0,0.0,0.0,0.0,0.0,0.0,0.0,2237.8589994610074,2237.8589994610074,2237.8589994610074,0.0,0.0,2237.8589994610074,2237.8589994610074,2237.8589994610074,0.0,0.0,0.0,2237.8589994610074,0.0,0.0,2237.8589994610074,0.0,0.0,2237.7593395430285,2237.8589994610074,2237.792188469011,2237.792188469011,2237.8254084471782,2237.8589994610074,0.0,2237.8589994610074,0.0,2237.792188469011,2237.8589994610074,0.0,2237.8254084471782,2237.8254084471782,2237.8589994610074,2237.8589994610074,2237.8589994610074,2237.8589994610074,0.0,0.0,0.0,0.0,0.0,0.0,0.0,0.0,0.0,2237.8589994610074,2237.8589994610074,2237.8589994610074,2237.8589994610074,0.0,2237.792188469011,2237.792188469011,2237.8589994610074,0.0,0.0,0.0,0.0,0.0,2237.8589994610074,2237.8254084471782,2237.8589994610074,0.0,0.0,0.0,2237.8254084471782,2237.8589994610074,0.0,0.0,0.0,0.0,0.0,0.0,0.0,0.0,0.0,0.0,0.0,0.0,0.0,0.0,0.0,0.0,0.0,0.0,2237.8589994610074,2237.8589994610074,0.0,2237.8589994610074,0.0,0.0,0.0,0.0,0.0,0.0,2237.8254084471782,0.0,0.0,0.0,2237.8589994610074,2237.8589994610074,0.0,0.0,2237.8589994610074,2237.8589994610074,0.0,0.0,0.0,0.0,0.0,0.0,0.0,2237.8589994610074,0.0,0.0,2237.8589994610074,0.0,2237.8589994610074,0.0,0.0,2237.8589994610074,2237.8589994610074,2237.8254084471782,0.0,0.0,2237.8589994610074,0.0,2237.8589994610074,0.0,0.0,0.0,2237.8589994610074,0.0,0.0,2237.8589994610074,0.0,0.0,0.0,2237.8589994610074,0.0,0.0,0.0,0.0,0.0,2237.8589994610074,2237.8589994610074,2237.8589994610074,2237.8589994610074,0.0,0.0
2237.8589994610074,0.0,0.0,0.0,2237.8589994610074,0.0,2237.8254084471782,0.0,0.0,0.0,0.0,2237.8254084471782,2237.8589994610074,2237.7593395430285,0.0,2237.8589994610074,2237.8589994610074,2237.8589994610074,2237.8254084471782,0.0,2237.8589994610074,0.0,0.0,0.0,0.0,2237.8589994610074,0.0,0.0,0.0,2237.8589994610074,0.0,0.0,0.0,0.0,0.0,0.0,0.0,0.0,2237.8589994610074,0.0,0.0,0.0,0.0,0.0,0.0,0.0,0.0,0.0,0.0,2237.8589994610074,0.0,2237.8589994610074,0.0,2237.8589994610074,2237.8254084471782,2237.8589994610074,2237.8589994610074,0.0,0.0,0.0,0.0,2237.8589994610074,2237.8589994610074,0.0,0.0,0.0,0.0,0.0,2237.8589994610074,0.0,0.0,0.0,2237.8254084471782,2237.8589994610074,0.0,0.0,0.0,2237.8589994610074,0.0,0.0,0.0,2237.8589994610074,0.0,0.0,0.0,2237.8589994610074,0.0,0.0,2237.8589994610074,2237.8254084471782,2237.8589994610074,2237.8589994610074,0.0,0.0,2237.792188469011,0.0,2237.8589994610074,0.0,0.0,0.0,2237.8589994610074,0.0,0.0,0.0,2237.8589994610074,0.0,0.0,0.0,2237.8589994610074,2237.8589994610074,0.0,2237.8589994610074,0.0,2237.8254084471782,2237.8589994610074,0.0,0.0,2237.8589994610074,2237.8589994610074,2237.8589994610074,0.0,0.0,0.0,0.0,2237.8589994610074,2237.8589994610074,2237.8589994610074,2237.8589994610074,0.0,2237.8589994610074,0.0,2237.8254084471782,0.0,2237.7593395430285,0.0,2237.8589994610074,2237.8254084471782,2237.8254084471782,0.0,2237.8589994610074,2237.8589994610074,0.0,0.0,0.0,2237.8589994610074,0.0,0.0,0.0,2237.8254084471782,2237.8589994610074,2237.8589994610074,0.0,0.0,2237.8254084471782,2237.8254084471782,0.0,2237.8254084471782,2237.8589994610074,0.0,0.0,0.0,2237.8589994610074,0.0,0.0,0.0,0.0,2237.8589994610074,0.0,0.0,0.0,0.0,0.0,0.0,0.0,0.0,0.0,2237.8589994610074,2237.8589994610074,0.0,2237.8589994610074,0.0,0.0,2237.8589994610074,0.0,0.0,2237.8589994610074,0.0,0.0,0.0,0.0,0.0,0.0,0.0,0.0,0.0,2237.8589994610074,2237.8589994610074,0.0,0.0,0.0,0.0,0.0,0.0,2237.792188469011,0.0,0.0,0.0,0.0,0.0,0.0,2237.8589994610074,2237.8589994610074,0.0,0.0,2237.8589994610074,0.0,0.0,2237.8589994610074,0.0,0.0,0.0,0.0,0.0,0.0,0.0,2237.8589994610074,0.0,0.0,0.0,2237.8254084471782,0.0,0.0,0.0,0.0,0.0,2237.8589994610074,0.0,0.0,0.0,0.0,0.0,0.0,0.0,0.0,2237.8589994610074,0.0,0.0,2237.8589994610074,0.0,0.0,2237.8589994610074,0.0,0.0,0.0,2237.8589994610074,2237.8589994610074
0.0,2237.8254084471782,0.0,0.0,0.0,0.0,2237.8254084471782,2237.8254084471782,2237.8589994610074,0.0,0.0,2237.792188469011,2237.8589994610074,2237.8254084471782,2237.8589994610074,0.0,0.0,2237.8254084471782,2237.8589994610074,2237.7593395430285,0.0,0.0,0.0,0.0,0.0,2237.8589994610074,2237.8589994610074,0.0,0.0,0.0,0.0,2237.8589994610074,2237.8589994610074,0.0,0.0,2237.8254084471782,0.0,2237.8589994610074,0.0,0.0,0.0,0.0,2237.8254084471782,0.0,0.0,2237.8589994610074,2237.8254084471782,0.0,0.0,0.0,2237.8589994610074,2237.8254084471782,0.0,0.0,0.0,0.0,0.0,0.0,0.0,0.0,2237.8589994610074,0.0,0.0,0.0,2237.8589994610074,2237.8254084471782,0.0,2237.8589994610074,0.0,0.0,2237.8589994610074,0.0,0.0,2237.8589994610074,0.0,0.0,2237.8254084471782,0.0,2237.8589994610074,2237.8589994610074,0.0,0.0,0.0,0.0,0.0,0.0,0.0,0.0,2237.8589994610074,0.0,2237.8589994610074,0.0,0.0,0.0,2237.8589994610074,0.0,0.0,0.0,2237.8254084471782,0.0,0.0,0.0,0.0,2237.8254084471782,0.0,0.0,2237.8254084471782,2237.8589994610074,0.0,0.0,0.0,0.0,0.0,0.0,2237.8254084471782,0.0,0.0,2237.8254084471782,0.0,2237.8589994610074,2237.8589994610074,2237.8254084471782,0.0,0.0,0.0,2237.8254084471782,0.0,2237.8254084471782,2237.8589994610074,2237.8254084471782,2237.8589994610074,2237.792188469011,2237.792188469011,0.0,2237.8589994610074,2237.8254084471782,2237.8589994610074,2237.7593395430285,0.0,0.0,2237.8589994610074,2237.8589994610074,0.0,0.0,2237.8589994610074,2237.8254084471782,2237.8254084471782,0.0,0.0,0.0,0.0,2237.8589994610074,2237.8589994610074,2237.8254084471782,0.0,0.0,0.0,2237.8589994610074,2237.8589994610074,2237.8254084471782,2237.8254084471782,0.0,2237.8589994610074,2237.8589994610074,0.0,2237.8254084471782,0.0,0.0,0.0,2237.8589994610074,2237.8589994610074,0.0,0.0,0.0,0.0,0.0,0.0,2237.8589994610074,0.0,0.0,2237.8589994610074,0.0,0.0,0.0,0.0,0.0,2237.8589994610074,0.0,0.0,2237.8589994610074,0.0,0.0,0.0,0.0,2237.8589994610074,0.0,0.0,0.0,0.0,2237.8589994610074,0.0,0.0,0.0,0.0,0.0,2237.8589994610074,0.0,0.0,0.0,0.0,0.0,0.0,0.0,0.0,2237.8589994610074,0.0,2237.8589994610074,0.0,0.0,0.0,0.0,0.0,0.0,0.0,0.0,0.0,0.0,2237.8589994610074,2237.8254084471782,0.0,0.0,0.0,0.0,0.0,0.0,0.0,0.0,0.0,0.0,0.0,0.0,0.0,0.0,0.0,0.0,2237.8254084471782,0.0,0.0,0.0,0.0,0.0,2237.8589994610074,0.0,0.0,2237.8589994610074,0.0
2237.8254084471782,0.0,0.0,2237.8589994610074,0.0,0.0,0.0,0.0,0.0,0.0,0.0,0.0,2237.8589994610074,2237.792188469011,0.0,2237.8254084471782,2237.726861685573,0.0,2237.8254084471782,2237.8589994610074,0.0,0.0,0.0,0.0,0.0,2237.8589994610074,0.0,0.0,0.0,2237.8589994610074,0.0,0.0,0.0,0.0,0.0,2237.8589994610074,0.0,2237.8589994610074,0.0,2237.8589994610074,0.0,0.0,0.0,0.0,2237.8254084471782,0.0,2237.8589994610074,0.0,2237.8254084471782,0.0,0.0,0.0,2237.8589994610074,0.0,0.0,0.0,0.0,2237.8589994610074,2237.8589994610074,0.0,0.0,2237.8589994610074,2237.8589994610074,0.0,0.0,0.0,0.0,0.0,0.0,0.0,0.0,0.0,0.0,2237.8589994610074,2237.8589994610074,0.0,0.0,2237.8589994610074,2237.8589994610074,2237.8589994610074,0.0,0.0,2237.8589994610074,0.0,2237.8589994610074,0.0,0.0,0.0,0.0,2237.8589994610074,0.0,0.0,0.0,0.0,2237.8589994610074,0.0,0.0,0.0,2237.8589994610074,0.0,0.0,2237.8589994610074,0.0,0.0,0.0,0.0,0.0,0.0,0.0,2237.8589994610074,0.0,0.0,2237.8589994610074,0.0,0.0,0.0,0.0,0.0,0.0,0.0,2237.8589994610074,2237.8254084471782,2237.8589994610074,2237.8589994610074,2237.8254084471782,2237.8254084471782,2237.8254084471782,0.0,2237.8589994610074,2237.8589994610074,2237.8254084471782,2237.726861685573,2237.8254084471782,0.0,0.0,2237.8254084471782,2237.8589994610074,2237.8254084471782,2237.8589994610074,2237.8589994610074,0.0,0.0,0.0,2237.792188469011,2237.8254084471782,0.0,0.0,2237.8589994610074,0.0,2237.8589994610074,2237.8589994610074,0.0,2237.8589994610074,2237.8589994610074,2237.8589994610074,0.0,0.0,2237.8589994610074,2237.8589994610074,0.0,0.0,2237.8589994610074,2237.8589994610074,0.0,0.0,2237.8589994610074,0.0,0.0,0.0,0.0,0.0,2237.8589994610074,0.0,0.0,0.0,2237.8589994610074,2237.8254084471782,0.0,2237.8589994610074,0.0,0.0,2237.8254084471782,0.0,2237.8589994610074,2237.8589994610074,2237.8589994610074,0.0,0.0,0.0,2237.8254084471782,0.0,2237.8589994610074,0.0,0.0,0.0,0.0,2237.8589994610074,0.0,2237.8589994610074,2237.8589994610074,0.0,0.0,0.0,0.0,0.0,0.0,0.0,0.0,2237.8589994610074,0.0,0.0,0.0,0.0,2237.8589994610074,0.0,0.0,0.0,0.0,0.0,0.0,0.0,0.0,0.0,0.0,2237.8589994610074,0.0,0.0,2237.8254084471782,0.0,0.0,2237.8589994610074,0.0,0.0,2237.8589994610074,2237.8589994610074,0.0,0.0,0.0,0.0,0.0,2237.8254084471782,0.0,0.0,0.0,0.0,0.0,0.0,0.0,0.0,0.0,0.0,0.0,0.0,0.0,0.0,0.0
2237.8254084471782,2237.8589994610074,0.0,2237.8589994610074,0.0,0.0,0.0,0.0,0.0,0.0,0.0,0.0,2237.8589994610074,0.0,2237.792188469011,2237.8589994610074,2237.8254084471782,0.0,0.0,2237.792188469011,2237.8254084471782,0.0,2237.8589994610074,0.0,0.0,0.0,0.0,0.0,0.0,2237.8589994610074,0.0,0.0,0.0,2237.8589994610074,0.0,0.0,0.0,0.0,0.0,0.0,0.0,0.0,0.0,2237.792188469011,0.0,0.0,2237.8589994610074,0.0,0.0,0.0,0.0,0.0,2237.8589994610074,0.0,0.0,0.0,0.0,0.0,0.0,0.0,0.0,0.0,0.0,2237.8589994610074,0.0,0.0,0.0,0.0,2237.8589994610074,2237.8589994610074,0.0,0.0,0.0,2237.8589994610074,2237.8589994610074,0.0,2237.8589994610074,0.0,0.0,0.0,0.0,0.0,0.0,0.0,2237.8589994610074,0.0,0.0,0.0,2237.8589994610074,2237.8589994610074,2237.8589994610074,0.0,0.0,0.0,0.0,0.0,2237.8589994610074,0.0,2237.8254084471782,0.0,0.0,0.0,0.0,2237.8254084471782,0.0,0.0,2237.8589994610074,0.0,0.0,2237.8254084471782,2237.8589994610074,2237.8589994610074,0.0,0.0,2237.8589994610074,0.0,2237.8589994610074,2237.8589994610074,0.0,0.0,0.0,0.0,0.0,2237.8589994610074,0.0,2237.8254084471782,2237.8589994610074,0.0,2237.8589994610074,2237.8254084471782,2237.792188469011,2237.8254084471782,0.0,2237.8254084471782,2237.8589994610074,2237.792188469011,2237.8589994610074,2237.8589994610074,0.0,0.0,2237.8589994610074,0.0,2237.8589994610074,0.0,2237.8254084471782,0.0,0.0,0.0,2237.8589994610074,0.0,0.0,2237.8589994610074,2237.8589994610074,0.0,2237.7593395430285,0.0,0.0,2237.8589994610074,0.0,2237.8589994610074,2237.8254084471782,0.0,2237.8589994610074,2237.8589994610074,2237.8589994610074,0.0,0.0,0.0,0.0,2237.8589994610074,2237.8589994610074,0.0,0.0,2237.8589994610074,2237.8589994610074,0.0,0.0,0.0,2237.8589994610074,2237.8589994610074,0.0,0.0,0.0,0.0,0.0,0.0,0.0,2237.8589994610074,0.0,2237.8589994610074,2237.8589994610074,0.0,0.0,0.0,0.0,0.0,0.0,0.0,0.0,0.0,2237.8589994610074,0.0,2237.8589994610074,2237.8254084471782,0.0,0.0,0.0,0.0,0.0,0.0,0.0,0.0,0.0,0.0,2237.8589994610074,0.0,2237.8254084471782,0.0,2237.8589994610074,0.0,0.0,0.0,0.0,0.0,0.0,2237.8589994610074,0.0,2237.8589994610074,0.0,2237.8589994610074,0.0,2237.8589994610074,0.0,0.0,0.0,0.0,0.0,0.0,0.0,0.0,0.0,0.0,0.0,0.0,0.0,0.0,0.0,0.0,2237.8589994610074,0.0,0.0,0.0,0.0,2237.8589994610074,0.0,0.0
0.0,0.0,0.0,0.0,2237.8589994610074,0.0,0.0,0.0,0.0,0.0,0.0,2237.8589994610074,2237.8589994610074,0.0,0.0,0.0,0.0,0.0,2237.792188469011,0.0,0.0,2237.8589994610074,0.0,0.0,0.0,0.0,0.0,0.0,2237.8589994610074,2237.8589994610074,0.0,0.0,0.0,0.0,0.0,0.0,2237.8589994610074,0.0,0.0,0.0,2237.8589994610074,0.0,0.0,2237.8589994610074,0.0,2237.8589994610074,0.0,0.0,0.0,0.0,2237.8254084471782,0.0,2237.8589994610074,0.0,2237.8589994610074,0.0,0.0,0.0,0.0,0.0,2237.8589994610074,2237.8254084471782,0.0,0.0,2237.8589994610074,2237.8589994610074,0.0,0.0,0.0,0.0,2237.8589994610074,2237.8589994610074,0.0,0.0,2237.8589994610074,0.0,0.0,0.0,0.0,2237.8589994610074,0.0,0.0,0.0,0.0,0.0,0.0,2237.8589994610074,2237.8254084471782,0.0,0.0,2237.8589994610074,0.0,2237.792188469011,0.0,2237.8589994610074,0.0,0.0,0.0,2237.792188469011,2237.8589994610074,2237.8589994610074,2237.8254084471782,2237.8589994610074,2237.8589994610074,2237.8589994610074,0.0,0.0,0.0,2237.8589994610074,2237.8254084471782,0.0,0.0,0.0,2237.792188469011,2237.8589994610074,2237.8589994610074,2237.8254084471782,2237.8254084471782,2237.8254084471782,0.0,0.0,2237.8254084471782,2237.8254084471782,0.0,2237.8589994610074,0.0,2237.792188469011,2237.8589994610074,2237.8589994610074,2237.8589994610074,0.0,2237.8254084471782,2237.8589994610074,2237.8254084471782,2237.8589994610074,2237.8254084471782,2237.8589994610074,0.0,0.0,2237.792188469011,0.0,0.0,0.0,2237.8589994610074,0.0,0.0,0.0,0.0,2237.8589994610074,2237.8589994610074,0.0,0.0,0.0,0.0,0.0,2237.8589994610074,2237.8254084471782,0.0,0.0,0.0,0.0,0.0,0.0,0.0,2237.8254084471782,0.0,2237.8589994610074,0.0,0.0,0.0,0.0,0.0,0.0,2237.8589994610074,0.0,0.0,0.0,0.0,0.0,0.0,0.0,0.0,2237.8589994610074,0.0,0.0,0.0,0.0,0.0,0.0,0.0,0.0,0.0,2237.8589994610074,0.0,2237.8589994610074,2237.8589994610074,0.0,2237.8589994610074,0.0,2237.8589994610074,2237.8589994610074,0.0,2237.8589994610074,0.0,0.0,2237.8254084471782,0.0,0.0,0.0,0.0,0.0,0.0,0.0,0.0,0.0,0.0,0.0,0.0,0.0,0.0,0.0,0.0,0.0,0.0,0.0,0.0,0.0,0.0,0.0,0.0,0.0,0.0,0.0,0.0,0.0,0.0,0.0,2237.8254084471782,2237.8589994610074,0.0,0.0,0.0,0.0,0.0,0.0,0.0,0.0,0.0,2237.8589994610074,2237.8589994610074,0.0,2237.8589994610074,0.0,0.0,2237.8589994610074,0.0
0.0,2237.8589994610074,0.0,0.0,0.0,0.0,2237.8589994610074,2237.8589994610074,2237.8589994610074,2237.8254084471782,0.0,0.0,2237.8589994610074,2237.8589994610074,0.0,0.0,0.0,0.0,0.0,0.0,0.0,0.0,0.0,2237.8589994610074,0.0,2237.8589994610074,2237.8589994610074,2237.8589994610074,0.0,0.0,0.0,0.0,0.0,0.0,0.0,0.0,0.0,2237.8589994610074,0.0,0.0,0.0,2237.8254084471782,2237.8589994610074,2237.8589994610074,0.0,0.0,0.0,0.0,0.0,0.0,2237.8589994610074,0.0,0.0,0.0,2237.8254084471782,0.0,0.0,0.0,0.0,2237.8589994610074,0.0,2237.8589994610074,0.0,0.0,0.0,0.0,0.0,0.0,0.0,0.0,0.0,0.0,0.0,0.0,0.0,0.0,0.0,2237.8589994610074,2237.8589994610074,0.0,2237.8589994610074,0.0,0.0,2237.8589994610074,0.0,0.0,0.0,0.0,2237.8589994610074,2237.8589994610074,2237.8589994610074,2237.8254084471782,0.0,0.0,0.0,2237.8254084471782,0.0,0.0,0.0,0.0,0.0,0.0,2237.8589994610074,2237.8589994610074,2237.8254084471782,0.0,0.0,0.0,0.0,0.0,2237.8254084471782,0.0,2237.8589994610074,2237.8589994610074,2237.8254084471782,0.0,2237.8254084471782,2237.8589994610074,2237.8254084471782,0.0,2237.8589994610074,2237.792188469011,2237.8589994610074,0.0,2237.792188469011,0.0,0.0,2237.792188469011,2237.8589994610074,2237.8589994610074,2237.8589994610074,0.0,2237.7593395430285,0.0,2237.8589994610074,2237.792188469011,2237.8589994610074,2237.8589994610074,0.0,0.0,2237.8589994610074,0.0,2237.8589994610074,2237.8589994610074,2237.8589994610074,2237.8589994610074,2237.8589994610074,0.0,0.0,0.0,2237.8589994610074,2237.8589994610074,0.0,2237.8254084471782,0.0,0.0,2237.792188469011,2237.8254084471782,0.0,0.0,2237.8589994610074,2237.8254084471782,2237.8589994610074,0.0,0.0,2237.8589994610074,0.0,2237.8589994610074,0.0,0.0,2237.8589994610074,2237.8589994610074,0.0,0.0,0.0,0.0,0.0,0.0,0.0,2237.8589994610074,2237.8589994610074,0.0,0.0,0.0,0.0,0.0,0.0,0.0,2237.8589994610074,0.0,0.0,0.0,0.0,0.0,0.0,0.0,2237.8589994610074,0.0,0.0,0.0,2237.8589994610074,0.0,2237.8589994610074,0.0,0.0,0.0,0.0,0.0,0.0,0.0,2237.8589994610074,0.0,0.0,0.0,0.0,0.0,0.0,0.0,2237.8589994610074,0.0,0.0,0.0,0.0,2237.8589994610074,0.0,0.0,2237.8589994610074,0.0,2237.8589994610074,0.0,0.0,0.0,0.0,0.0,0.0,0.0,0.0,0.0,0.0,2237.8254084471782,0.0,2237.8589994610074,0.0,0.0,0.0,0.0,2237.8589994610074,2237.8589994610074,0.0,0.0,0.0,2237.8589994610074,0.0,2237.8589994610074,0.0,0.0
2237.8589994610074,0.0,2237.8589994610074,2237.8589994610074,0.0,2237.8589994610074,2237.8254084471782,2237.792188469011,0.0,0.0,2237.8589994610074,0.0,2237.8254084471782,0.0,0.0,0.0,0.0,0.0,2237.8589994610074,0.0,0.0,0.0,2237.8589994610074,2237.8589994610074,2237.8589994610074,2237.792188469011,0.0,0.0,0.0,0.0,0.0,0.0,0.0,0.0,0.0,0.0,0.0,2237.8589994610074,0.0,2237.8254084471782,0.0,0.0,2237.8589994610074,0.0,0.0,0.0,0.0,0.0,0.0,0.0,0.0,0.0,0.0,0.0,2237.8589994610074,0.0,0.0,2237.8589994610074,0.0,0.0,0.0,0.0,2237.8589994610074,0.0,0.0,0.0,0.0,0.0,0.0,0.0,0.0,0.0,0.0,0.0,2237.8589994610074,0.0,2237.8589994610074,0.0,2237.8589994610074,2237.8589994610074,0.0,2237.8589994610074,0.0,0.0,0.0,0.0,0.0,0.0,0.0,0.0,0.0,0.0,0.0,2237.8589994610074,0.0,2237.8589994610074,2237.8589994610074,2237.8589994610074,0.0,2237.792188469011,0.0,0.0,2237.8589994610074,2237.8589994610074,2237.8254084471782,2237.792188469011,0.0,2237.8589994610074,2237.8589994610074,2237.8254084471782,2237.8589994610074,0.0,2237.792188469011,2237.8589994610074,0.0,2237.8589994610074,2237.8589994610074,2237.8589994610074,2237.8589994610074,0.0,0.0,2237.8589994610074,2237.8589994610074,2237.8254084471782,2237.8589994610074,2237.792188469011,2237.792188469011,2237.7593395430285,2237.8254084471782,2237.8589994610074,2237.8254084471782,2237.792188469011,0.0,2237.8589994610074,2237.8254084471782,2237.792188469011,2237.8589994610074,2237.7593395430285,2237.8589994610074,2237.8589994610074,0.0,0.0,0.0,0.0,2237.8254084471782,0.0,0.0,2237.8589994610074,0.0,2237.8589994610074,0.0,2237.8589994610074,2237.8589994610074,2237.8254084471782,0.0,2237.8589994610074,2237.8589994610074,0.0,0.0,2237.8254084471782,2237.8254084471782,2237.8254084471782,2237.8254084471782,0.0,2237.8589994610074,2237.8254084471782,0.0,2237.8589994610074,2237.8254084471782,0.0,0.0,0.0,0.0,0.0,0.0,0.0,0.0,2237.8589994610074,0.0,0.0,0.0,0.0,0.0,2237.8589994610074,0.0,0.0,0.0,0.0,0.0,0.0,0.0,0.0,0.0,0.0,0.0,0.0,2237.8589994610074,0.0,0.0,0.0,0.0,0.0,0.0,0.0,0.0,0.0,0.0,0.0,0.0,0.0,2237.8589994610074,0.0,0.0,0.0,0.0,0.0,0.0,2237.8589994610074,2237.8589994610074,0.0,0.0,0.0,0.0,0.0,0.0,0.0,0.0,0.0,0.0,0.0,0.0,0.0,0.0,0.0,0.0,0.0,0.0,0.0,0.0,0.0,0.0,0.0,0.0,2237.8589994610074,0.0,0.0,2237.8589994610074,0.0,0.0,0.0,0.0,2237.8589994610074,0.0,0.0,0.0,0.0
0.0,0.0,0.0,2237.8254084471782,2237.8589994610074,2237.8254084471782,2237.792188469011,2237.8589994610074,2237.8589994610074,2237.8589994610074,0.0,0.0,0.0,2237.8254084471782,0.0,2237.8589994610074,0.0,0.0,2237.8589994610074,2237.8589994610074,0.0,0.0,2237.8589994610074,2237.8254084471782,2237.8589994610074,2237.8589994610074,2237.8589994610074,0.0,2237.8589994610074,0.0,0.0,2237.8589994610074,0.0,0.0,2237.8589994610074,2237.8589994610074,0.0,2237.8589994610074,0.0,0.0,2237.8254084471782,2237.8254084471782,0.0,0.0,0.0,0.0,0.0,0.0,0.0,2237.8589994610074,0.0,2237.8589994610074,0.0,0.0,0.0,2237.8589994610074,2237.8254084471782,2237.8589994610074,2237.8589994610074,2237.8254084471782,0.0,0.0,0.0,0.0,2237.8589994610074,0.0,0.0,2237.8589994610074,0.0,0.0,0.0,0.0,2237.8589994610074,2237.8589994610074,0.0,0.0,0.0,0.0,0.0,2237.8589994610074,0.0,0.0,0.0,0.0,0.0,0.0,0.0,0.0,2237.8589994610074,0.0,2237.8589994610074,0.0,0.0,0.0,2237.8589994610074,0.0,0.0,0.0,0.0,0.0,0.0,2237.8589994610074,0.0,2237.8589994610074,0.0,2237.8589994610074,0.0,0.0,2237.8589994610074,2237.7593395430285,2237.792188469011,0.0,2237.8589994610074,0.0,2237.7593395430285,2237.8589994610074,2237.8589994610074,2237.792188469011,2237.8254084471782,2237.8589994610074,2237.8254084471782,2237.7593395430285,2237.792188469011,0.0,2237.8589994610074,2237.8589994610074,2237.8589994610074,2237.8589994610074,2237.8589994610074,2237.8254084471782,2237.8254084471782,2237.8254084471782,2237.8589994610074,2237.8589994610074,2237.8589994610074,2237.8254084471782,2237.792188469011,0.0,2237.792188469011,2237.8254084471782,2237.8254084471782,0.0,2237.8254084471782,0.0,0.0,2237.8589994610074,2237.8589994610074,0.0,2237.8589994610074,0.0,2237.8589994610074,0.0,0.0,0.0,2237.8254084471782,2237.8589994610074,2237.8589994610074,0.0,2237.792188469011,2237.792188469011,2237.8589994610074,0.0,2237.8589994610074,0.0,2237.8254084471782,0.0,2237.8254084471782,2237.8589994610074,0.0,0.0,0.0,2237.8589994610074,0.0,2237.8589994610074,0.0,0.0,2237.8254084471782,2237.8589994610074,0.0,0.0,0.0,0.0,0.0,0.0,0.0,0.0,0.0,0.0,0.0,0.0,0.0,0.0,0.0,2237.8589994610074,0.0,0.0,2237.8589994610074,0.0,0.0,0.0,0.0,0.0,0.0,0.0,2237.8589994610074,0.0,2237.8589994610074,0.0,0.0,0.0,0.0,0.0,0.0,0.0,0.0,2237.8589994610074,0.0,0.0,0.0,2237.8254084471782,0.0,0.0,0.0,2237.8589994610074,0.0,0.0,0.0,0.0,0.0,0.0,0.0,0.0,0.0,0.0,0.0,0.0,0.0,0.0,0.0,0.0,0.0,0.0,0.0,2237.8589994610074,0.0,0.0,0.0,0.0,0.0,0.0,0.0,0.0,0.0,0.0,0.0,0.0
2237.8254084471782,2237.8589994610074,2237.8254084471782,0.0,2237.8254084471782,2237.8589994610074,0.0,2237.8589994610074,2237.8589994610074,2237.8254084471782,2237.8254084471782,0.0,2237.8254084471782,2237.792188469011,2237.8589994610074,2237.8589994610074,0.0,0.0,2237.8589994610074,0.0,0.0,0.0,0.0,2237.8589994610074,0.0,2237.8254084471782,2237.8589994610074,0.0,0.0,0.0,2237.8589994610074,0.0,0.0,0.0,0.0,0.0,0.0,0.0,2237.8589994610074,0.0,0.0,0.0,2237.8589994610074,0.0,0.0,2237.8589994610074,2237.8589994610074,2237.8589994610074,0.0,2237.8589994610074,0.0,2237.8589994610074,0.0,0.0,2237.8589994610074,2237.8589994610074,0.0,0.0,2237.8254084471782,0.0,0.0,0.0,0.0,0.0,0.0,0.0,0.0,2237.8589994610074,2237.8589994610074,2237.8589994610074,0.0,2237.8589994610074,0.0,2237.8589994610074,2237.8589994610074,2237.8589994610074,2237.8589994610074,0.0,0.0,0.0,0.0,2237.8589994610074,0.0,0.0,0.0,0.0,0.0,2237.8254084471782,0.0,0.0,2237.8254084471782,0.0,0.0,0.0,0.0,2237.8589994610074,0.0,2237.8254084471782,0.0,2237.8589994610074,0.0,0.0,2237.8254084471782,0.0,0.0,0.0,2237.8589994610074,0.0,2237.8254084471782,2237.8589994610074,2237.8589994610074,2237.8589994610074,2237.8589994610074,2237.8589994610074,2237.792188469011,0.0,2237.8589994610074,2237.792188469011,2237.8589994610074,2237.8254084471782,0.0,2237.8589994610074,0.0,2237.8254084471782,2237.8589994610074,2237.8589994610074,2237.8589994610074,2237.8589994610074,2237.8254084471782,2237.8254084471782,2237.8589994610074,2237.8589994610074,2237.8254084471782,2237.8589994610074,2237.792188469011,2237.8254084471782,2237.792188469011,2237.8589994610074,0.0,2237.8589994610074,0.0,0.0,2237.792188469011,0.0,2237.8589994610074,0.0,2237.8254084471782,0.0,2237.8254084471782,0.0,0.0,0.0,2237.8589994610074,0.0,2237.8589994610074,0.0,2237.8254084471782,2237.8589994610074,0.0,2237.8589994610074,2237.8254084471782,0.0,0.0,2237.8589994610074,0.0,0.0,2237.8254084471782,0.0,2237.8589994610074,2237.8254084471782,2237.8589994610074,0.0,0.0,0.0,0.0,0.0,0.0,0.0,0.0,0.0,0.0,2237.8589994610074,2237.8589994610074,0.0,0.0,0.0,0.0,0.0,0.0,0.0,0.0,2237.8589994610074,2237.8589994610074,0.0,0.0,0.0,0.0,0.0,0.0,2237.8589994610074,0.0,0.0,2237.8589994610074,0.0,0.0,0.0,0.0,2237.8589994610074,2237.8589994610074,0.0,0.0,0.0,0.0,0.0,0.0,0.0,0.0,0.0,2237.8589994610074,2237.8589994610074,2237.8254084471782,0.0,0.0,2237.8589994610074,0.0,0.0,0.0,0.0,0.0,0.0,0.0,0.0,0.0,2237.8589994610074,2237.8254084471782,0.0,2237.8589994610074,0.0,0.0,2237.8589994610074,0.0,0.0,0.0,0.0,0.0,0.0,0.0,0.0,0.0,0.0,2237.8589994610074,0.0,0.0,0.0,0.0,2237.8589994610074
2237.8589994610074,2237.8589994610074,2237.8589994610074,2237.8589994610074,0.0,2237.8254084471782,0.0,0.0,2237.8254084471782,2237.8589994610074,0.0,0.0,0.0,0.0,0.0,0.0,0.0,0.0,0.0,0.0,0.0,0.0,0.0,2237.8589994610074,0.0,0.0,2237.8589994610074,2237.8589994610074,0.0,0.0,0.0,0.0,0.0,0.0,2237.8589994610074,2237.8589994610074,0.0,2237.8589994610074,2237.8589994610074,0.0,2237.8254084471782,0.0,2237.8589994610074,0.0,0.0,2237.8589994610074,2237.8589994610074,2237.8589994610074,0.0,0.0,2237.8589994610074,0.0,0.0,2237.8589994610074,2237.8589994610074,0.0,0.0,2237.8589994610074,2237.8589994610074,2237.792188469011,2237.8589994610074,0.0,2237.8589994610074,0.0,0.0,2237.8254084471782,0.0,0.0,2237.8589994610074,0.0,0.0,0.0,0.0,0.0,2237.8589994610074,0.0,0.0,0.0,0.0,0.0,0.0,0.0,0.0,0.0,0.0,0.0,0.0,2237.8254084471782,0.0,0.0,0.0,0.0,0.0,0.0,2237.8589994610074,0.0,0.0,2237.8589994610074,0.0,0.0,2237.8254084471782,0.0,2237.8589994610074,2237.8589994610074,0.0,0.0,2237.8589994610074,2237.8589994610074,2237.7593395430285,2237.7593395430285,2237.8589994610074,2237.792188469011,2237.8589994610074,2237.792188469011,2237.8589994610074,2237.8589994610074,2237.8254084471782,2237.8589994610074,2237.8254084471782,2237.792188469011,2237.8254084471782,2237.8589994610074,2237.8589994610074,2237.8254084471782,2237.7593395430285,2237.8589994610074,2237.726861685573,2237.8254084471782,2237.8254084471782,2237.8589994610074,2237.8254084471782,2237.8589994610074,2237.8589994610074,2237.8254084471782,2237.7593395430285,2237.8254084471782,2237.8254084471782,0.0,0.0,2237.8254084471782,2237.8589994610074,2237.8589994610074,2237.8589994610074,2237.8254084471782,0.0,2237.792188469011,2237.8589994610074,2237.7593395430285,0.0,2237.8589994610074,2237.7593395430285,2237.8254084471782,0.0,0.0,0.0,2237.8254084471782,2237.8589994610074,2237.8589994610074,2237.8589994610074,0.0,2237.8589994610074,0.0,0.0,2237.8589994610074,2237.8589994610074,0.0,2237.8589994610074,0.0,2237.8589994610074,2237.8254084471782,2237.8254084471782,0.0,2237.8589994610074,0.0,0.0,2237.8589994610074,2237.8589994610074,0.0,0.0,0.0,0.0,2237.8589994610074,0.0,0.0,0.0,0.0,0.0,2237.8589994610074,0.0,0.0,0.0,0.0,0.0,0.0,2237.8589994610074,0.0,0.0,2237.8254084471782,0.0,0.0,0.0,2237.8589994610074,0.0,0.0,0.0,0.0,0.0,0.0,2237.8254084471782,0.0,0.0,0.0,0.0,0.0,0.0,0.0,0.0,2237.8589994610074,0.0,0.0,0.0,0.0,0.0,2237.8589994610074,0.0,2237.8254084471782,0.0,2237.8589994610074,0.0,0.0,0.0,2237.8589994610074,0.0,0.0,2237.8589994610074,0.0,0.0,0.0,0.0,0.0,2237.8589994610074,0.0,0.0,0.0,0.0,0.0,0.0,0.0,0.0,0.0,2237.8589994610074,0.0,2237.8589994610074,0.0,0.0,2237.8589994610074
0.0,2237.7593395430285,2237.7593395430285,0.0,0.0,0.0,0.0,2237.8254084471782,0.0,0.0,2237.8589994610074,0.0,0.0,2237.8589994610074,0.0,0.0,0.0,2237.8254084471782,0.0,2237.8589994610074,2237.8589994610074,2237.8589994610074,2237.8589994610074,0.0,2237.8589994610074,2237.8589994610074,2237.8589994610074,0.0,0.0,0.0,2237.8589994610074,0.0,0.0,0.0,0.0,0.0,2237.8589994610074,0.0,0.0,2237.8589994610074,0.0,0.0,0.0,0.0,0.0,0.0,0.0,2237.8254084471782,0.0,0.0,0.0,2237.8589994610074,2237.8589994610074,0.0,2237.8589994610074,0.0,2237.8254084471782,0.0,0.0,0.0,0.0,0.0,0.0,2237.8254084471782,0.0,0.0,0.0,2237.8254084471782,0.0,2237.8254084471782,0.0,0.0,0.0,0.0,2237.8589994610074,0.0,0.0,0.0,0.0,0.0,0.0,0.0,0.0,0.0,2237.8589994610074,0.0,0.0,0.0,2237.8254084471782,0.0,0.0,0.0,0.0,2237.8589994610074,2237.8589994610074,0.0,2237.8589994610074,2237.8254084471782,0.0,0.0,0.0,0.0,2237.8254084471782,2237.8254084471782,2237.8589994610074,2237.792188469011,0.0,2237.8589994610074,2237.8254084471782,2237.8254084471782,2237.7593395430285,2237.8254084471782,0.0,2237.792188469011,2237.8254084471782,2237.7593395430285,0.0,2237.8589994610074,2237.8254084471782,2237.792188469011,2237.8589994610074,2237.8589994610074,2237.8589994610074,2237.8254084471782,2237.8254084471782,2237.792188469011,2237.792188469011,2237.792188469011,2237.8589994610074,2237.792188469011,2237.8589994610074,0.0,2237.726861685573,2237.8589994610074,2237.8589994610074,2237.8589994610074,2237.792188469011,2237.8254084471782,2237.8589994610074,2237.8589994610074,2237.8254084471782,2237.8254084471782,2237.7593395430285,2237.8589994610074,0.0,2237.8589994610074,0.0,2237.8589994610074,2237.8589994610074,2237.792188469011,0.0,2237.8589994610074,2237.8254084471782,2237.8254084471782,0.0,0.0,2237.8589994610074,2237.8589994610074,2237.8254084471782,0.0,0.0,2237.8589994610074,0.0,2237.8589994610074,2237.8589994610074,2237.8589994610074,2237.8589994610074,0.0,0.0,0.0,2237.8589994610074,2237.8589994610074,2237.792188469011,0.0,0.0,2237.8254084471782,2237.8254084471782,2237.8254084471782,2237.8589994610074,2237.8589994610074,2237.8589994610074,0.0,0.0,0.0,0.0,0.0,2237.8254084471782,2237.8589994610074,0.0,0.0,0.0,0.0,0.0,0.0,0.0,2237.8589994610074,0.0,2237.8589994610074,2237.8589994610074,0.0,0.0,0.0,0.0,0.0,0.0,2237.8254084471782,0.0,0.0,0.0,0.0,0.0,2237.8589994610074,0.0,0.0,0.0,0.0,0.0,2237.8589994610074,0.0,0.0,0.0,0.0,0.0,2237.8589994610074,2237.8254084471782,0.0,2237.8589994610074,0.0,0.0,0.0,0.0,2237.8589994610074,0.0,0.0,0.0,0.0,0.0,0.0,2237.8589994610074,2237.8589994610074,0.0,0.0,0.0,0.0,0.0,2237.8589994610074,0.0,0.0,0.0,0.0,0.0,0.0,2237.8254084471782,0.0,0.0,0.0
2237.8589994610074,2237.8589994610074,0.0,0.0,0.0,0.0,0.0,2237.8589994610074,0.0,2237.8589994610074,2237.8589994610074,2237.8589994610074,0.0,0.0,0.0,2237.8589994610074,0.0,0.0,0.0,2237.8589994610074,2237.8254084471782,2237.8589994610074,2237.8589994610074,0.0,0.0,2237.8589994610074,0.0,0.0,0.0,0.0,0.0,0.0,0.0,0.0,0.0,2237.8589994610074,0.0,2237.8589994610074,0.0,0.0,0.0,0.0,0.0,0.0,2237.8589994610074,0.0,2237.8589994610074,0.0,2237.8254084471782,0.0,0.0,0.0,0.0,0.0,0.0,0.0,2237.8589994610074,0.0,0.0,0.0,0.0,0.0,2237.8589994610074,0.0,0.0,0.0,0.0,0.0,0.0,2237.8589994610074,2237.8589994610074,0.0,2237.8589994610074,0.0,2237.8589994610074,0.0,0.0,0.0,0.0,0.0,0.0,0.0,0.0,2237.8254084471782,0.0,2237.8589994610074,2237.8589994610074,0.0,0.0,2237.8589994610074,0.0,2237.8254084471782,0.0,2237.8589994610074,0.0,0.0,0.0,0.0,2237.8589994610074,0.0,2237.8589994610074,0.0,0.0,0.0,2237.8254084471782,2237.8254084471782,2237.8254084471782,0.0,0.0,2237.792188469011,2237.7593395430285,2237.792188469011,2237.6947549128004,2237.792188469011,2237.8589994610074,2237.7593395430285,2237.792188469011,2237.8254084471782,2237.8254084471782,2237.8254084471782,2237.8589994610074,2237.7593395430285,2237.8589994610074,2237.8589994610074,2237.792188469011,2237.7593395430285,2237.8589994610074,2237.8254084471782,2237.8254084471782,2237.7593395430285,2237.726861685573,0.0,2237.8589994610074,2237.7593395430285,2237.792188469011,2237.7593395430285,0.0,2237.8254084471782,2237.8589994610074,2237.792188469011,2237.8589994610074,2237.726861685573,2237.8589994610074,2237.8589994610074,2237.792188469011,2237.8589994610074,0.0,2237.8254084471782,2237.8254084471782,2237.8254084471782,0.0,2237.8589994610074,2237.8589994610074,0.0,2237.8589994610074,2237.7593395430285,2237.8589994610074,2237.726861685573,2237.8589994610074,0.0,0.0,0.0,2237.8589994610074,2237.792188469011,0.0,0.0,2237.792188469011,2237.8589994610074,0.0,2237.8589994610074,0.0,2237.8254084471782,2237.8254084471782,0.0,2237.8589994610074,2237.8589994610074,2237.8589994610074,0.0,0.0,0.0,0.0,0.0,0.0,0.0,2237.8589994610074,0.0,0.0,2237.8589994610074,0.0,0.0,0.0,0.0,0.0,0.0,2237.8254084471782,0.0,2237.8589994610074,0.0,0.0,0.0,0.0,0.0,0.0,0.0,0.0,2237.8589994610074,0.0,0.0,0.0,0.0,0.0,0.0,2237.8589994610074,0.0,0.0,0.0,0.0,0.0,0.0,2237.8254084471782,0.0,0.0,0.0,0.0,0.0,0.0,2237.8589994610074,0.0,0.0,0.0,0.0,0.0,0.0,2237.8589994610074,0.0,0.0,2237.8589994610074,0.0,2237.8589994610074,0.0,2237.8254084471782,0.0,0.0,0.0,2237.8589994610074,0.0,2237.8589994610074,0.0,0.0,0.0,0.0,0.0,0.0,0.0,0.0,2237.8589994610074
0.0,0.0,0.0,0.0,0.0,2237.8589994610074,2237.8254084471782,2237.8589994610074,0.0,0.0,0.0,0.0,2237.8589994610074,0.0,0.0,0.0,2237.8589994610074,0.0,0.0,2237.8589994610074,0.0,0.0,0.0,0.0,2237.8589994610074,0.0,2237.8589994610074,0.0,2237.8589994610074,0.0,0.0,0.0,0.0,0.0,0.0,0.0,0.0,0.0,2237.8589994610074,0.0,2237.8589994610074,0.0,0.0,2237.8589994610074,2237.8589994610074,0.0,0.0,0.0,2237.8589994610074,0.0,0.0,2237.8254084471782,0.0,0.0,0.0,0.0,0.0,2237.8589994610074,0.0,0.0,2237.8589994610074,0.0,0.0,0.0,0.0,2237.8589994610074,0.0,0.0,0.0,0.0,0.0,0.0,0.0,2237.8254084471782,0.0,0.0,2237.8589994610074,0.0,0.0,2237.8589994610074,0.0,0.0,0.0,0.0,0.0,0.0,0.0,2237.8589994610074,0.0,0.0,0.0,0.0,0.0,0.0,2237.8254084471782,2237.8589994610074,0.0,0.0,0.0,2237.8589994610074,2237.8254084471782,0.0,2237.8254084471782,0.0,2237.792188469011,2237.792188469011,2237.792188469011,2237.792188469011,2237.8589994610074,2237.8589994610074,0.0,2237.8254084471782,2237.8254084471782,2237.792188469011,2237.8589994610074,2237.7593395430285,2237.726861685573,2237.8254084471782,2237.8254084471782,2237.8589994610074,2237.792188469011,2237.8589994610074,2237.8589994610074,2237.792188469011,2237.8589994610074,2237.8254084471782,2237.8254084471782,2237.8254084471782,2237.7593395430285,2237.792188469011,0.0,2237.8254084471782,2237.8254084471782,2237.8589994610074,2237.8589994610074,0.0,2237.8254084471782,2237.6947549128004,2237.726861685573,2237.7593395430285,2237.8254084471782,2237.792188469011,0.0,0.0,2237.8589994610074,0.0,2237.8589994610074,2237.8254084471782,0.0,2237.8589994610074,0.0,2237.8254084471782,0.0,2237.8589994610074,0.0,2237.8589994610074,2237.8254084471782,2237.8254084471782,2237.8589994610074,2237.8589994610074,0.0,2237.8254084471782,2237.8254084471782,2237.792188469011,0.0,2237.8589994610074,0.0,0.0,0.0,2237.8589994610074,0.0,2237.8254084471782,0.0,0.0,0.0,2237.8589994610074,0.0,0.0,0.0,2237.8589994610074,0.0,0.0,0.0,0.0,0.0,2237.792188469011,0.0,0.0,2237.8589994610074,0.0,2237.8589994610074,0.0,0.0,0.0,2237.8589994610074,2237.8589994610074,0.0,0.0,0.0,2237.8589994610074,0.0,0.0,0.0,0.0,0.0,0.0,2237.8589994610074,0.0,2237.8589994610074,0.0,2237.8589994610074,0.0,0.0,0.0,0.0,0.0,0.0,0.0,0.0,0.0,2237.8589994610074,0.0,0.0,2237.8589994610074,0.0,0.0,0.0,2237.8589994610074,0.0,2237.8589994610074,0.0,0.0,0.0,0.0,2237.8589994610074,0.0,2237.8589994610074,2237.8589994610074,0.0,0.0,2237.8589994610074,0.0,2237.8589994610074,0.0,2237.8589994610074,0.0,0.0,0.0,0.0,0.0,0.0,0.0,2237.8589994610074,2237.8589994610074,0.0,0.0
2237.8589994610074,2237.8589994610074,2237.8589994610074,0.0,0.0,2237.8589994610074,0.0,0.0,0.0,0.0,0.0,0.0,0.0,2237.8589994610074,0.0,0.0,2237.8254084471782,2237.8589994610074,0.0,0.0,0.0,0.0,0.0,0.0,2237.8254084471782,0.0,2237.8589994610074,0.0,2237.8254084471782,0.0,0.0,0.0,2237.8589994610074,0.0,2237.8589994610074,0.0,0.0,2237.8589994610074,0.0,0.0,0.0,0.0,2237.8589994610074,0.0,0.0,0.0,2237.8589994610074,0.0,0.0,0.0,2237.8589994610074,2237.8589994610074,0.0,2237.8589994610074,0.0,0.0,0.0,2237.8589994610074,0.0,0.0,0.0,0.0,0.0,2237.8589994610074,0.0,0.0,2237.8589994610074,2237.8254084471782,2237.8589994610074,2237.8589994610074,0.0,0.0,0.0,2237.8589994610074,2237.8254084471782,0.0,0.0,2237.8589994610074,0.0,0.0,0.0,0.0,0.0,2237.8254084471782,0.0,0.0,0.0,0.0,2237.8254084471782,0.0,0.0,2237.8589994610074,0.0,2237.8589994610074,2237.8589994610074,0.0,0.0,2237.8589994610074,0.0,0.0,2237.792188469011,2237.8589994610074,2237.8589994610074,2237.8589994610074,2237.8589994610074,2237.726861685573,2237.792188469011,2237.792188469011,2237.7593395430285,2237.8254084471782,2237.8589994610074,2237.8254084471782,2237.792188469011,2237.8254084471782,2237.7593395430285,2237.726861685573,2237.7593395430285,0.0,2237.792188469011,2237.7593395430285,2237.8254084471782,2237.8254084471782,2237.792188469011,2237.8254084471782,2237.8589994610074,2237.8254084471782,2237.7593395430285,2237.8254084471782,2237.8254084471782,2237.8254084471782,2237.8589994610074,2237.8254084471782,2237.8254084471782,2237.7593395430285,2237.792188469011,2237.792188469011,2237.8254084471782,2237.7593395430285,2237.792188469011,2237.8254084471782,2237.8254084471782,2237.8589994610074,2237.8254084471782,2237.8589994610074,0.0,2237.8589994610074,2237.8254084471782,2237.8589994610074,2237.8589994610074,2237.8589994610074,2237.8589994610074,0.0,0.0,2237.8254084471782,0.0,2237.8589994610074,2237.8589994610074,2237.8254084471782,2237.8589994610074,2237.8589994610074,2237.8589994610074,0.0,0.0,2237.8254084471782,0.0,0.0,0.0,0.0,2237.8254084471782,0.0,2237.8589994610074,2237.8589994610074,0.0,0.0,2237.8589994610074,0.0,0.0,0.0,2237.8589994610074,2237.8589994610074,0.0,0.0,2237.8589994610074,0.0,2237.8589994610074,2237.8589994610074,0.0,0.0,0.0,0.0,2237.8589994610074,0.0,0.0,0.0,2237.8589994610074,0.0,0.0,0.0,0.0,2237.8589994610074,2237.8589994610074,0.0,0.0,0.0,2237.8589994610074,0.0,0.0,0.0,2237.8589994610074,0.0,2237.8589994610074,2237.8589994610074,0.0,0.0,0.0,0.0,0.0,0.0,0.0,0.0,0.0,0.0,0.0,0.0,0.0,0.0,0.0,0.0,0.0,0.0,0.0,0.0,0.0,0.0,0.0,0.0,0.0,0.0,2237.8589994610074,2237.8589994610074,0.0,0.0,0.0,0.0,0.0,0.0,2237.8589994610074,0.0,0.0,2237.8589994610074,0.0,0.0,0.0,0.0,0.0,0.0
0.0,2237.8589994610074,2237.8254084471782,0.0,0.0,0.0,0.0,2237.8589994610074,0.0,2237.8589994610074,0.0,0.0,0.0,2237.8254084471782,0.0,2237.8254084471782,2237.8254084471782,0.0,0.0,2237.8589994610074,2237.8589994610074,0.0,0.0,0.0,2237.8589994610074,2237.8589994610074,0.0,2237.8589994610074,0.0,0.0,0.0,2237.8254084471782,0.0,0.0,0.0,0.0,0.0,0.0,0.0,0.0,0.0,0.0,2237.8254084471782,0.0,0.0,0.0,0.0,0.0,0.0,2237.8589994610074,0.0,0.0,0.0,0.0,0.0,0.0,2237.8589994610074,0.0,0.0,0.0,2237.8589994610074,0.0,0.0,0.0,0.0,0.0,2237.8589994610074,2237.8254084471782,0.0,2237.8589994610074,2237.8589994610074,0.0,2237.8589994610074,0.0,0.0,0.0,0.0,0.0,0.0,0.0,0.0,0.0,2237.8589994610074,0.0,0.0,0.0,0.0,0.0,2237.8589994610074,2237.8589994610074,0.0,0.0,0.0,0.0,0.0,0.0,0.0,0.0,0.0,0.0,2237.8589994610074,0.0,0.0,2237.8254084471782,2237.726861685573,2237.792188469011,2237.726861685573,2237.792188469011,2237.8254084471782,2237.792188469011,2237.792188469011,2237.726861685573,2237.6947549128004,2237.8589994610074,2237.8589994610074,0.0,2237.792188469011,2237.8254084471782,2237.726861685573,2237.7593395430285,2237.8254084471782,2237.6947549128004,2237.792188469011,2237.726861685573,2237.8254084471782,2237.8589994610074,0.0,2237.792188469011,2237.792188469011,2237.792188469011,2237.7593395430285,2237.7593395430285,2237.8589994610074,2237.663019240684,2237.792188469011,2237.8254084471782,2237.663019240684,2237.8589994610074,2237.726861685573,2237.8254084471782,2237.8254084471782,2237.8254084471782,0.0,2237.792188469011,0.0,2237.726861685573,2237.792188469011,0.0,2237.8254084471782,2237.8254084471782,0.0,2237.7593395430285,2237.8589994610074,2237.8589994610074,2237.8589994610074,2237.8254084471782,2237.8589994610074,0.0,0.0,2237.8589994610074,0.0,0.0,2237.8254084471782,2237.8589994610074,0.0,0.0,0.0,0.0,2237.8589994610074,0.0,0.0,0.0,0.0,0.0,2237.8589994610074,0.0,2237.8589994610074,0.0,0.0,0.0,0.0,0.0,2237.8589994610074,2237.8254084471782,2237.8589994610074,0.0,2237.8589994610074,0.0,2237.8254084471782,2237.8589994610074,0.0,2237.8589994610074,0.0,0.0,0.0,0.0,0.0,0.0,0.0,0.0,0.0,0.0,0.0,0.0,0.0,2237.8589994610074,0.0,0.0,0.0,2237.8589994610074,0.0,0.0,0.0,2237.8589994610074,0.0,0.0,0.0,2237.8589994610074,0.0,0.0,0.0,0.0,2237.8589994610074,0.0,0.0,0.0,0.0,2237.8589994610074,2237.8589994610074,0.0,0.0,0.0,0.0,2237.8589994610074,2237.8589994610074,2237.8589994610074,2237.8589994610074,0.0,0.0,0.0,0.0,0.0,0.0,0.0,0.0,2237.8589994610074,0.0,0.0,0.0,2237.8589994610074,0.0,2237.8589994610074,0.0,2237.8589994610074,0.0,2237.8254084471782
2237.8589994610074,2237.8254084471782,2237.8589994610074,0.0,0.0,0.0,0.0,0.0,0.0,0.0,0.0,2237.8589994610074,0.0,2237.8589994610074,0.0,0.0,2237.8254084471782,0.0,0.0,0.0,2237.8589994610074,0.0,0.0,0.0,0.0,0.0,2237.8589994610074,0.0,2237.8589994610074,0.0,0.0,2237.8589994610074,0.0,0.0,0.0,0.0,0.0,0.0,0.0,2237.8589994610074,0.0,2237.8254084471782,2237.8589994610074,0.0,2237.8589994610074,0.0,0.0,0.0,0.0,0.0,0.0,0.0,0.0,0.0,0.0,0.0,0.0,0.0,2237.8589994610074,0.0,0.0,0.0,0.0,0.0,0.0,0.0,0.0,0.0,2237.8589994610074,0.0,2237.7593395430285,2237.8589994610074,0.0,2237.8589994610074,0.0,0.0,0.0,0.0,0.0,2237.8589994610074,0.0,0.0,0.0,0.0,2237.8589994610074,0.0,0.0,0.0,0.0,0.0,0.0,0.0,0.0,0.0,0.0,0.0,0.0,0.0,0.0,0.0,2237.8589994610074,2237.8589994610074,2237.8254084471782,2237.8589994610074,2237.726861685573,2237.792188469011,2237.7593395430285,2237.6947549128004,2237.6006612613974,2237.726861685573,2237.792188469011,2237.8254084471782,2237.792188469011,2237.726861685573,2237.726861685573,2237.792188469011,2237.7593395430285,2237.792188469011,2237.792188469011,2237.726861685573,0.0,2237.8254084471782,2237.7593395430285,2237.726861685573,2237.7593395430285,2237.792188469011,2237.8254084471782,2237.8589994610074,2237.726861685573,0.0,2237.792188469011,2237.663019240684,2237.726861685573,2237.7593395430285,2237.8254084471782,2237.8589994610074,0.0,2237.8254084471782,2237.726861685573,2237.7593395430285,2237.6947549128004,2237.792188469011,2237.6947549128004,2237.792188469011,2237.792188469011,2237.8589994610074,0.0,2237.8589994610074,2237.792188469011,2237.8589994610074,2237.8589994610074,2237.792188469011,2237.792188469011,2237.8254084471782,0.0,2237.726861685573,0.0,2237.8254084471782,2237.8254084471782,2237.8589994610074,2237.8589994610074,0.0,2237.792188469011,0.0,2237.8589994610074,0.0,2237.8254084471782,2237.8589994610074,0.0,0.0,0.0,2237.8589994610074,2237.8589994610074,0.0,2237.8589994610074,0.0,2237.8589994610074,0.0,2237.8589994610074,0.0,0.0,0.0,0.0,2237.8254084471782,2237.8589994610074,0.0,0.0,2237.8254084471782,0.0,0.0,0.0,0.0,0.0,2237.8589994610074,0.0,2237.8589994610074,0.0,0.0,2237.8254084471782,0.0,2237.8589994610074,0.0,0.0,2237.8589994610074,0.0,0.0,0.0,0.0,0.0,0.0,0.0,0.0,0.0,0.0,0.0,0.0,0.0,0.0,2237.8589994610074,0.0,2237.8589994610074,0.0,2237.8589994610074,0.0,0.0,0.0,0.0,0.0,2237.8589994610074,0.0,0.0,0.0,0.0,2237.8589994610074,0.0,0.0,2237.8589994610074,2237.8589994610074,0.0,0.0,0.0,0.0,0.0,0.0,0.0,0.0,0.0,0.0,2237.8589994610074,0.0,0.0,0.0,0.0,0.0,0.0,0.0
0.0,2237.8589994610074,0.0,0.0,0.0,0.0,0.0,2237.8589994610074,2237.8589994610074,0.0,0.0,2237.8254084471782,2237.8589994610074,0.0,0.0,2237.8589994610074,2237.792188469011,2237.8589994610074,2237.8589994610074,0.0,0.0,0.0,0.0,0.0,0.0,0.0,0.0,0.0,0.0,2237.8254084471782,0.0,2237.8589994610074,0.0,0.0,2237.8589994610074,2237.8254084471782,0.0,2237.8589994610074,0.0,2237.8589994610074,0.0,0.0,0.0,2237.8254084471782,0.0,2237.8589994610074,0.0,0.0,0.0,0.0,2237.8589994610074,0.0,0.0,0.0,2237.8589994610074,2237.8589994610074,0.0,0.0,2237.8589994610074,2237.8589994610074,0.0,0.0,2237.792188469011,0.0,2237.8589994610074,0.0,0.0,0.0,2237.8254084471782,0.0,0.0,2237.8589994610074,2237.8589994610074,0.0,2237.8589994610074,0.0,0.0,0.0,0.0,2237.8589994610074,0.0,0.0,2237.8589994610074,2237.8589994610074,0.0,0.0,0.0,2237.8589994610074,0.0,0.0,0.0,2237.8589994610074,2237.8589994610074,2237.8589994610074,0.0,2237.8589994610074,0.0,0.0,0.0,0.0,2237.8589994610074,2237.8589994610074,2237.8589994610074,2237.8254084471782,2237.6947549128004,2237.792188469011,2237.663019240684,2237.8254084471782,2237.7593395430285,2237.8589994610074,2237.7593395430285,2237.8254084471782,2237.8254084471782,2237.726861685573,2237.8254084471782,2237.6947549128004,2237.6947549128004,2237.8254084471782,2237.8254084471782,2237.792188469011,2237.8589994610074,2237.8589994610074,2237.792188469011,2237.8589994610074,2237.7593395430285,2237.792188469011,2237.7593395430285,2237.792188469011,2237.8254084471782,2237.792188469011,2237.7593395430285,2237.792188469011,2237.792188469011,2237.792188469011,2237.792188469011,2237.7593395430285,2237.792188469011,2237.663019240684,2237.7593395430285,2237.8589994610074,2237.8254084471782,0.0,2237.726861685573,2237.792188469011,2237.7593395430285,2237.792188469011,2237.8254084471782,0.0,2237.8254084471782,2237.8254084471782,2237.8589994610074,2237.7593395430285,2237.8254084471782,2237.8254084471782,2237.792188469011,2237.8589994610074,2237.8254084471782,2237.8254084471782,0.0,2237.792188469011,2237.7593395430285,2237.8589994610074,0.0,2237.8589994610074,0.0,2237.8589994610074,0.0,2237.8589994610074,0.0,0.0,0.0,2237.8589994610074,0.0,0.0,0.0,2237.8589994610074,2237.8589994610074,0.0,2237.8589994610074,0.0,2237.8589994610074,2237.8589994610074,0.0,0.0,2237.8589994610074,2237.8589994610074,0.0,0.0,0.0,0.0,0.0,0.0,0.0,0.0,0.0,0.0,0.0,2237.8589994610074,0.0,0.0,2237.8589994610074,0.0,0.0,0.0,0.0,2237.8589994610074,0.0,0.0,0.0,0.0,0.0,2237.8589994610074,2237.8589994610074,0.0,0.0,0.0,0.0,0.0,0.0,2237.8589994610074,0.0,0.0,0.0,0.0,2237.8589994610074,0.0,0.0,0.0,0.0,0.0,0.0,2237.8589994610074,2237.8589994610074,0.0,2237.8254084471782,0.0,2237.8589994610074,0.0,0.0,0.0,0.0,2237.8589994610074,0.0,0.0,0.0,0.0,2237.8589994610074,0.0,2237.8254084471782,2237.8589994610074,0.0,2237.8589994610074,0.0,2237.8254084471782,0.0,0.0
2237.8589994610074,0.0,0.0,2237.8254084471782,0.0,0.0,0.0,2237.8254084471782,0.0,0.0,2237.8589994610074,2237.8589994610074,0.0,0.0,0.0,0.0,2237.8589994610074,0.0,0.0,2237.8589994610074,0.0,0.0,0.0,2237.8589994610074,0.0,2237.8589994610074,0.0,0.0,0.0,0.0,0.0,0.0,0.0,0.0,2237.8589994610074,0.0,0.0,0.0,0.0,0.0,0.0,0.0,0.0,0.0,0.0,0.0,0.0,0.0,0.0,0.0,0.0,2237.8589994610074,0.0,0.0,0.0,0.0,0.0,2237.8589994610074,0.0,0.0,2237.8589994610074,0.0,0.0,0.0,0.0,0.0,2237.8589994610074,0.0,0.0,0.0,0.0,2237.8589994610074,0.0,0.0,2237.8254084471782,0.0,2237.8589994610074,2237.8589994610074,0.0,2237.8589994610074,0.0,2237.8589994610074,0.0,2237.8589994610074,2237.8589994610074,2237.8589994610074,0.0,0.0,2237.8589994610074,2237.8589994610074,0.0,0.0,2237.8254084471782,0.0,0.0,2237.8589994610074,0.0,0.0,0.0,2237.8589994610074,2237.8589994610074,2237.8254084471782,2237.8254084471782,2237.8254084471782,2237.792188469011,2237.7593395430285,2237.8589994610074,2237.8254084471782,2237.8589994610074,2237.7593395430285,2237.8254084471782,2237.792188469011,2237.6316546850153,2237.6316546850153,2237.6947549128004,2237.8254084471782,2237.792188469011,2237.726861685573,2237.726861685573,0.0,2237.792188469011,2237.792188469011,2237.6947549128004,2237.792188469011,2237.792188469011,2237.8254084471782,2237.792188469011,2237.8254084471782,2237.8589994610074,2237.726861685573,2237.7593395430285,2237.792188469011,2237.6947549128004,2237.726861685573,2237.6006612613974,2237.726861685573,2237.792188469011,2237.7593395430285,2237.726861685573,2237.792188469011,2237.8589994610074,2237.7593395430285,2237.792188469011,2237.7593395430285,2237.8589994610074,2237.8254084471782,2237.8254084471782,2237.726861685573,0.0,2237.8589994610074,0.0,2237.726861685573,2237.8254084471782,2237.8254084471782,2237.8589994610074,2237.8254084471782,2237.792188469011,2237.792188469011,2237.8254084471782,2237.792188469011,2237.792188469011,0.0,0.0,2237.8589994610074,0.0,0.0,0.0,2237.8589994610074,2237.8254084471782,0.0,0.0,2237.8589994610074,0.0,0.0,0.0,0.0,0.0,0.0,0.0,0.0,0.0,2237.8589994610074,0.0,2237.8589994610074,0.0,2237.8589994610074,2237.8589994610074,2237.8589994610074,0.0,0.0,0.0,2237.8589994610074,2237.8254084471782,0.0,0.0,0.0,0.0,0.0,0.0,0.0,0.0,0.0,0.0,0.0,0.0,0.0,2237.8589994610074,2237.8589994610074,0.0,2237.8589994610074,2237.8589994610074,0.0,0.0,0.0,0.0,0.0,0.0,0.0,0.0,0.0,0.0,0.0,0.0,0.0,0.0,0.0,2237.8254084471782,0.0,0.0,0.0,0.0,0.0,0.0,2237.8589994610074,0.0,0.0,0.0,0.0,2237.8589994610074,0.0,2237.8589994610074,0.0,0.0,0.0,0.0,0.0,0.0,0.0,0.0,0.0,0.0,0.0,0.0,2237.8589994610074,0.0,0.0
0.0,2237.8589994610074,0.0,0.0,0.0,0.0,0.0,0.0,2237.8254084471782,0.0,0.0,0.0,2237.8254084471782,0.0,0.0,0.0,2237.8589994610074,0.0,0.0,0.0,2237.8589994610074,0.0,2237.8589994610074,2237.8589994610074,0.0,0.0,0.0,2237.8589994610074,0.0,0.0,0.0,0.0,0.0,0.0,0.0,0.0,0.0,0.0,2237.8589994610074,0.0,2237.8589994610074,2237.8254084471782,0.0,2237.8589994610074,0.0,0.0,2237.8589994610074,0.0,0.0,2237.8589994610074,0.0,0.0,2237.8254084471782,0.0,0.0,2237.8254084471782,0.0,0.0,0.0,2237.8589994610074,0.0,2237.8589994610074,0.0,2237.792188469011,2237.8589994610074,0.0,2237.8589994610074,2237.8589994610074,0.0,0.0,2237.8589994610074,0.0,0.0,0.0,0.0,2237.8589994610074,0.0,0.0,0.0,0.0,0.0,0.0,0.0,0.0,2237.8589994610074,2237.8589994610074,0.0,2237.8254084471782,2237.8589994610074,0.0,0.0,0.0,2237.8589994610074,0.0,0.0,2237.8589994610074,0.0,0.0,2237.8589994610074,2237.8254084471782,0.0,2237.8254084471782,2237.792188469011,2237.6316546850153,2237.792188469011,2237.6006612613974,2237.663019240684,2237.7593395430285,2237.792188469011,2237.7593395430285,2237.8254084471782,2237.7593395430285,2237.8254084471782,2237.7593395430285,2237.8254084471782,2237.792188469011,2237.726861685573,2237.792188469011,2237.8254084471782,2237.792188469011,2237.6316546850153,2237.8589994610074,2237.663019240684,2237.8254084471782,2237.8589994610074,2237.7593395430285,2237.8254084471782,2237.792188469011,2237.792188469011,2237.8254084471782,0.0,2237.792188469011,0.0,2237.8254084471782,2237.726861685573,2237.792188469011,2237.7593395430285,2237.8254084471782,2237.792188469011,2237.726861685573,2237.792188469011,2237.792188469011,2237.8254084471782,0.0,2237.792188469011,2237.7593395430285,2237.8589994610074,2237.8589994610074,2237.7593395430285,2237.8254084471782,2237.8254084471782,2237.8254084471782,2237.8589994610074,2237.8589994610074,2237.6947549128004,0.0,2237.8589994610074,2237.8254084471782,2237.726861685573,2237.8589994610074,2237.8589994610074,2237.8589994610074,2237.8589994610074,2237.7593395430285,0.0,2237.8254084471782,2237.8254084471782,0.0,2237.8589994610074,0.0,2237.792188469011,2237.8589994610074,0.0,0.0,2237.8254084471782,2237.8589994610074,2237.8589994610074,0.0,0.0,2237.8589994610074,2237.8589994610074,2237.8589994610074,0.0,0.0,2237.8254084471782,0.0,0.0,0.0,0.0,0.0,0.0,0.0,2237.8589994610074,0.0,0.0,2237.8589994610074,0.0,2237.8589994610074,0.0,0.0,0.0,0.0,0.0,2237.8589994610074,0.0,0.0,0.0,2237.8589994610074,0.0,0.0,0.0,0.0,2237.8589994610074,0.0,2237.8589994610074,0.0,0.0,2237.8589994610074,0.0,2237.8589994610074,0.0,0.0,0.0,0.0,0.0,0.0,0.0,0.0,0.0,0.0,0.0,2237.8589994610074,0.0,0.0,0.0,0.0,0.0,0.0,0.0,0.0,2237.8589994610074,0.0,0.0,2237.8589994610074,0.0,0.0,0.0,0.0,2237.8589994610074,2237.8589994610074,0.0,0.0,2237.8254084471782,0.0,0.0,2237.8254084471782
0.0,0.0,2237.8589994610074,2237.8589994610074,0.0,0.0,0.0,0.0,2237.8589994610074,2237.8254084471782,2237.8589994610074,2237.8589994610074,2237.8589994610074,0.0,2237.8589994610074,0.0,0.0,0.0,2237.8589994610074,0.0,2237.8589994610074,0.0,0.0,0.0,2237.8254084471782,0.0,0.0,0.0,2237.8589994610074,2237.8589994610074,2237.8254084471782,0.0,0.0,2237.8589994610074,0.0,0.0,0.0,0.0,0.0,0.0,2237.8589994610074,0.0,2237.8589994610074,0.0,0.0,2237.8254084471782,2237.792188469011,0.0,0.0,0.0,2237.8589994610074,2237.8589994610074,0.0,0.0,0.0,0.0,0.0,0.0,0.0,0.0,2237.8589994610074,2237.8589994610074,0.0,2237.8589994610074,0.0,0.0,0.0,0.0,2237.8589994610074,0.0,0.0,0.0,0.0,2237.8254084471782,0.0,2237.8589994610074,0.0,0.0,2237.8254084471782,0.0,0.0,0.0,2237.8589994610074,0.0,0.0,0.0,0.0,0.0,0.0,0.0,0.0,0.0,0.0,2237.8589994610074,0.0,2237.8589994610074,0.0,0.0,0.0,2237.7593395430285,2237.7593395430285,2237.792188469011,2237.8254084471782,2237.8254084471782,2237.663019240684,2237.726861685573,2237.8254084471782,2237.7593395430285,2237.726861685573,2237.663019240684,2237.8254084471782,2237.663019240684,2237.726861685573,2237.8589994610074,2237.8589994610074,2237.726861685573,2237.7593395430285,2237.7593395430285,2237.6947549128004,2237.7593395430285,2237.792188469011,2237.663019240684,2237.7593395430285,2237.6947549128004,2237.792188469011,2237.792188469011,2237.792188469011,2237.726861685573,2237.792188469011,2237.792188469011,2237.7593395430285,2237.792188469011,2237.8254084471782,2237.8589994610074,2237.6947549128004,2237.8254084471782,2237.792188469011,2237.792188469011,2237.6947549128004,2237.8589994610074,2237.792188469011,2237.8254084471782,2237.8254084471782,2237.8254084471782,2237.663019240684,2237.7593395430285,2237.792188469011,2237.8589994610074,2237.726861685573,2237.8254084471782,2237.8589994610074,2237.792188469011,2237.7593395430285,2237.8254084471782,2237.8589994610074,2237.8254084471782,2237.8254084471782,0.0,2237.8589994610074,2237.8589994610074,2237.8254084471782,2237.792188469011,2237.8254084471782,2237.8254084471782,2237.6947549128004,2237.8254084471782,2237.8254084471782,2237.8254084471782,2237.8589994610074,2237.8254084471782,0.0,2237.8589994610074,2237.8589994610074,0.0,2237.8589994610074,2237.8589994610074,0.0,2237.8589994610074,0.0,2237.8589994610074,0.0,2237.8254084471782,0.0,0.0,0.0,2237.8589994610074,2237.8254084471782,2237.8589994610074,0.0,2237.8254084471782,0.0,0.0,0.0,0.0,0.0,0.0,0.0,0.0,2237.8589994610074,0.0,0.0,0.0,0.0,0.0,0.0,2237.8589994610074,0.0,0.0,0.0,0.0,2237.8589994610074,0.0,0.0,0.0,0.0,0.0,0.0,0.0,2237.8589994610074,0.0,0.0,0.0,0.0,0.0,0.0,0.0,0.0,0.0,0.0,0.0,0.0,0.0,2237.8589994610074,0.0,0.0,0.0,0.0,2237.8589994610074,2237.8589994610074,0.0,0.0,0.0,0.0,0.0,0.0,0.0,0.0,0.0,2237.8589994610074,0.0,0.0,0.0,0.0,2237.8589994610074,2237.8589994610074,2237.8589994610074
0.0,2237.8589994610074,2237.8254084471782,0.0,0.0,0.0,0.0,0.0,0.0,0.0,2237.8589994610074,0.0,0.0,0.0,0.0,0.0,2237.8589994610074,2237.8589994610074,2237.8589994610074,2237.8589994610074,0.0,2237.8589994610074,2237.8589994610074,0.0,0.0,0.0,0.0,0.0,0.0,0.0,0.0,0.0,0.0,0.0,0.0,0.0,0.0,0.0,0.0,0.0,0.0,0.0,2237.8589994610074,0.0,2237.8589994610074,0.0,0.0,0.0,0.0,0.0,0.0,0.0,2237.8589994610074,2237.8254084471782,0.0,0.0,0.0,0.0,0.0,2237.8254084471782,0.0,2237.8589994610074,0.0,0.0,0.0,2237.8589994610074,2237.8589994610074,2237.8589994610074,2237.8589994610074,0.0,2237.8589994610074,0.0,2237.8254084471782,0.0,0.0,0.0,0.0,2237.8589994610074,0.0,0.0,2237.8254084471782,0.0,2237.8589994610074,0.0,0.0,0.0,2237.8254084471782,0.0,0.0,0.0,0.0,0.0,0.0,0.0,0.0,2237.8589994610074,0.0,2237.8589994610074,2237.8589994610074,2237.6006612613974,2237.792188469011,2237.6947549128004,2237.792188469011,2237.663019240684,2237.663019240684,2237.8254084471782,2237.792188469011,2237.7593395430285,2237.8254084471782,2237.7593395430285,2237.6316546850153,2237.726861685573,0.0,2237.8254084471782,2237.6947549128004,2237.726861685573,2237.663019240684,2237.6947549128004,2237.7593395430285,2237.6947549128004,2237.726861685573,2237.726861685573,2237.7593395430285,2237.726861685573,2237.6947549128004,2237.8589994610074,2237.7593395430285,2237.7593395430285,0.0,2237.792188469011,2237.792188469011,2237.726861685573,2237.726861685573,2237.8254084471782,2237.8589994610074,2237.726861685573,2237.8254084471782,2237.8254084471782,0.0,2237.7593395430285,2237.8254084471782,2237.7593395430285,2237.792188469011,2237.7593395430285,2237.7593395430285,2237.8589994610074,2237.8254084471782,2237.8589994610074,2237.8254084471782,2237.7593395430285,2237.8254084471782,2237.8589994610074,0.0,2237.7593395430285,2237.8254084471782,2237.8254084471782,0.0,2237.792188469011,2237.8589994610074,2237.8254084471782,2237.8254084471782,2237.6947549128004,0.0,2237.8254084471782,2237.8254084471782,0.0,2237.726861685573,0.0,2237.8254084471782,2237.8254084471782,0.0,2237.792188469011,2237.8589994610074,0.0,0.0,2237.8589994610074,0.0,0.0,2237.8589994610074,0.0,0.0,2237.8254084471782,0.0,0.0,0.0,2237.792188469011,2237.8589994610074,2237.792188469011,0.0,0.0,0.0,0.0,0.0,2237.8589994610074,0.0,0.0,0.0,2237.8589994610074,0.0,0.0,0.0,0.0,2237.8589994610074,0.0,2237.8589994610074,0.0,2237.8254084471782,0.0,0.0,2237.8589994610074,2237.8589994610074,0.0,2237.8589994610074,2237.8589994610074,0.0,2237.8589994610074,0.0,0.0,0.0,2237.8589994610074,0.0,0.0,0.0,0.0,0.0,2237.8589994610074,0.0,0.0,0.0,2237.8589994610074,2237.8589994610074,0.0,2237.8589994610074,0.0,0.0,0.0,0.0,0.0,2237.8254084471782,0.0,2237.792188469011,0.0,0.0,0.0,0.0,2237.8589994610074,0.0,0.0,2237.8589994610074,0.0,2237.8589994610074,0.0,0.0,0.0,2237.8589994610074,2237.8589994610074
0.0,0.0,2237.8589994610074,0.0,0.0,0.0,2237.8589994610074,2237.8589994610074,0.0,0.0,0.0,2237.8254084471782,2237.8589994610074,0.0,0.0,2237.8589994610074,0.0,2237.8589994610074,0.0,0.0,0.0,2237.8589994610074,0.0,0.0,0.0,0.0,0.0,0.0,0.0,2237.8589994610074,0.0,0.0,0.0,0.0,0.0,0.0,0.0,0.0,0.0,0.0,0.0,0.0,0.0,0.0,0.0,2237.8589994610074,0.0,2237.8589994610074,2237.8589994610074,2237.8589994610074,2237.8589994610074,0.0,0.0,0.0,2237.8589994610074,0.0,0.0,0.0,2237.8589994610074,2237.8589994610074,0.0,2237.792188469011,2237.8589994610074,0.0,0.0,2237.8589994610074,0.0,2237.8589994610074,0.0,0.0,0.0,0.0,2237.8254084471782,2237.8589994610074,0.0,0.0,0.0,0.0,0.0,0.0,0.0,0.0,0.0,2237.8589994610074,0.0,0.0,2237.8589994610074,0.0,0.0,0.0,0.0,0.0,0.0,0.0,0.0,0.0,0.0,2237.8589994610074,2237.8589994610074,2237.7593395430285,2237.8254084471782,2237.8254084471782,2237.8254084471782,2237.7593395430285,2237.726861685573,2237.792188469011,2237.8589994610074,2237.7593395430285,2237.6316546850153,2237.6006612613974,2237.663019240684,2237.7593395430285,2237.7593395430285,2237.726861685573,2237.792188469011,2237.663019240684,2237.726861685573,2237.5397878718245,2237.6947549128004,2237.8254084471782,2237.792188469011,2237.7593395430285,2237.726861685573,2237.7593395430285,2237.726861685573,2237.663019240684,2237.792188469011,2237.792188469011,2237.8589994610074,0.0,2237.7593395430285,2237.6947549128004,2237.6947549128004,2237.792188469011,2237.6947549128004,2237.8589994610074,2237.792188469011,2237.7593395430285,2237.8254084471782,2237.792188469011,2237.792188469011,2237.726861685573,0.0,2237.8254084471782,2237.726861685573,2237.8254084471782,2237.7593395430285,2237.726861685573,2237.792188469011,2237.7593395430285,2237.726861685573,2237.792188469011,2237.8254084471782,2237.7593395430285,0.0,2237.8589994610074,2237.8254084471782,2237.8254084471782,2237.8254084471782,2237.726861685573,2237.726861685573,2237.8254084471782,0.0,2237.6947549128004,2237.8254084471782,2237.792188469011,0.0,2237.8254084471782,0.0,2237.8589994610074,2237.8589994610074,2237.8254084471782,2237.8589994610074,0.0,2237.792188469011,2237.8254084471782,0.0,0.0,2237.8589994610074,0.0,0.0,0.0,0.0,0.0,0.0,0.0,0.0,0.0,2237.8254084471782,0.0,0.0,2237.8589994610074,0.0,2237.8589994610074,2237.8589994610074,2237.8589994610074,0.0,0.0,2237.8589994610074,0.0,0.0,0.0,0.0,0.0,0.0,2237.8589994610074,0.0,0.0,0.0,0.0,0.0,0.0,0.0,0.0,2237.8589994610074,0.0,0.0,0.0,0.0,0.0,0.0,0.0,2237.8589994610074,0.0,0.0,0.0,2237.8589994610074,0.0,0.0,0.0,0.0,0.0,0.0,0.0,0.0,2237.8589994610074,0.0,0.0,2237.8589994610074,0.0,2237.8254084471782,2237.8254084471782,2237.8254084471782,0.0,0.0,0.0,0.0,0.0,2237.8254084471782,0.0,2237.8589994610074,0.0,0.0,0.0,0.0,0.0
0.0,0.0,2237.8589994610074,0.0,0.0,0.0,0.0,2237.8589994610074,0.0,2237.8589994610074,0.0,0.0,0.0,0.0,2237.8589994610074,0.0,0.0,0.0,2237.792188469011,2237.8589994610074,0.0,0.0,0.0,0.0,0.0,0.0,0.0,2237.8589994610074,0.0,0.0,2237.8589994610074,2237.8589994610074,0.0,0.0,0.0,0.0,0.0,0.0,0.0,0.0,0.0,2237.8589994610074,0.0,0.0,0.0,0.0,0.0,0.0,0.0,2237.8254084471782,0.0,0.0,0.0,0.0,2237.8254084471782,0.0,0.0,0.0,0.0,2237.8589994610074,0.0,2237.8589994610074,0.0,0.0,2237.8589994610074,0.0,2237.8589994610074,0.0,0.0,2237.8589994610074,0.0,0.0,0.0,0.0,0.0,0.0,0.0,2237.8589994610074,0.0,2237.8589994610074,0.0,0.0,0.0,0.0,0.0,0.0,0.0,0.0,0.0,2237.8589994610074,0.0,2237.8589994610074,0.0,0.0,0.0,0.0,0.0,2237.8254084471782,2237.8589994610074,2237.663019240684,2237.7593395430285,2237.7593395430285,2237.792188469011,2237.8254084471782,2237.6947549128004,2237.663019240684,2237.570038985255,2237.792188469011,2237.792188469011,2237.726861685573,2237.8254084471782,2237.6316546850153,2237.6947549128004,2237.6947549128004,2237.792188469011,2237.6316546850153,2237.726861685573,2237.8589994610074,2237.7593395430285,2237.8589994610074,2237.8254084471782,2237.8589994610074,2237.8254084471782,2237.8254084471782,2237.8254084471782,2237.8254084471782,2237.8254084471782,2237.792188469011,2237.8589994610074,2237.8254084471782,2237.792188469011,2237.7593395430285,2237.7593395430285,2237.8254084471782,2237.792188469011,2237.726861685573,2237.8254084471782,2237.792188469011,2237.6947549128004,2237.726861685573,2237.8254084471782,2237.6316546850153,2237.7593395430285,2237.792188469011,2237.8254084471782,2237.726861685573,2237.792188469011,2237.792188469011,2237.792188469011,2237.8589994610074,2237.8254084471782,2237.8254084471782,2237.792188469011,2237.792188469011,2237.8254084471782,2237.8254084471782,2237.8254084471782,0.0,0.0,2237.8254084471782,2237.8254084471782,2237.8254084471782,2237.8254084471782,2237.8254084471782,2237.8254084471782,2237.8589994610074,2237.7593395430285,2237.7593395430285,2237.8254084471782,2237.8589994610074,2237.8589994610074,0.0,2237.8254084471782,0.0,2237.8254084471782,0.0,0.0,2237.8589994610074,2237.8589994610074,2237.8589994610074,2237.8589994610074,0.0,2237.8589994610074,2237.8589994610074,0.0,0.0,0.0,2237.8254084471782,0.0,0.0,0.0,0.0,2237.8589994610074,2237.8589994610074,0.0,2237.8589994610074,2237.8589994610074,0.0,0.0,0.0,0.0,0.0,0.0,2237.8589994610074,0.0,2237.8589994610074,2237.8589994610074,0.0,0.0,2237.8589994610074,0.0,0.0,0.0,0.0,0.0,0.0,0.0,0.0,2237.8589994610074,0.0,2237.8254084471782,0.0,0.0,0.0,0.0,2237.8589994610074,2237.8589994610074,0.0,0.0,0.0,2237.8589994610074,2237.8589994610074,2237.8589994610074,2237.8589994610074,0.0,0.0,0.0,0.0,0.0,0.0,0.0,0.0,2237.8589994610074,0.0,0.0,2237.8589994610074,0.0,0.0,2237.8589994610074,0.0,2237.8589994610074,0.0,2237.8589994610074,0.0,0.0,0.0
0.0,2237.8589994610074,0.0,0.0,0.0,0.0,0.0,0.0,2237.8589994610074,0.0,0.0,0.0,0.0,0.0,0.0,0.0,0.0,2237.8589994610074,2237.8589994610074,2237.8589994610074,2237.8589994610074,0.0,0.0,0.0,0.0,0.0,0.0,0.0,0.0,0.0,0.0,0.0,2237.8589994610074,0.0,0.0,0.0,0.0,0.0,0.0,0.0,0.0,2237.8589994610074,0.0,0.0,0.0,0.0,0.0,0.0,0.0,0.0,0.0,0.0,0.0,2237.8589994610074,0.0,0.0,0.0,0.0,0.0,0.0,0.0,0.0,0.0,0.0,0.0,0.0,0.0,0.0,0.0,0.0,0.0,0.0,0.0,0.0,0.0,0.0,2237.8589994610074,0.0,2237.8589994610074,0.0,0.0,0.0,0.0,0.0,0.0,0.0,0.0,0.0,0.0,0.0,2237.8589994610074,0.0,0.0,0.0,2237.8254084471782,2237.8589994610074,2237.8589994610074,2237.792188469011,2237.7593395430285,2237.7593395430285,0.0,2237.7593395430285,2237.570038985255,2237.792188469011,2237.7593395430285,2237.726861685573,2237.6947549128004,2237.726861685573,2237.663019240684,2237.6947549128004,2237.6316546850153,2237.7593395430285,2237.792188469011,2237.8254084471782,2237.726861685573,2237.8254084471782,2237.8254084471782,2237.792188469011,2237.7593395430285,2237.8254084471782,2237.7593395430285,2237.8589994610074,2237.8254084471782,2237.6947549128004,2237.8254084471782,2237.8589994610074,2237.792188469011,2237.726861685573,2237.7593395430285,2237.7593395430285,2237.7593395430285,2237.7593395430285,2237.792188469011,2237.792188469011,2237.792188469011,2237.8254084471782,2237.7593395430285,2237.7593395430285,2237.726861685573,0.0,2237.792188469011,2237.792188469011,2237.726861685573,2237.8254084471782,2237.8254084471782,2237.8254084471782,2237.726861685573,2237.792188469011,2237.726861685573,2237.726861685573,2237.8254084471782,2237.8589994610074,2237.8589994610074,2237.8589994610074,2237.8254084471782,0.0,2237.7593395430285,2237.8254084471782,2237.792188469011,2237.792188469011,2237.6316546850153,2237.792188469011,2237.8589994610074,2237.8254084471782,2237.792188469011,2237.8254084471782,2237.792188469011,2237.7593395430285,2237.8589994610074,0.0,2237.8589994610074,2237.792188469011,2237.726861685573,2237.8589994610074,0.0,0.0,0.0,2237.8589994610074,0.0,2237.8254084471782,0.0,0.0,0.0,0.0,2237.8589994610074,0.0,0.0,0.0,2237.8589994610074,2237.8589994610074,0.0,0.0,0.0,0.0,0.0,0.0,0.0,0.0,0.0,0.0,0.0,0.0,0.0,0.0,0.0,0.0,0.0,0.0,0.0,2237.8589994610074,0.0,2237.8589994610074,0.0,0.0,0.0,0.0,0.0,2237.8254084471782,0.0,2237.8589994610074,0.0,0.0,0.0,0.0,2237.8254084471782,0.0,0.0,0.0,0.0,0.0,0.0,0.0,0.0,0.0,2237.8589994610074,0.0,0.0,0.0,0.0,2237.8589994610074,0.0,0.0,0.0,2237.8589994610074,0.0,0.0,0.0,0.0,0.0,0.0,0.0,2237.8589994610074,0.0,2237.8254084471782,2237.8589994610074,0.0
2237.8589994610074,0.0,0.0,0.0,2237.8589994610074,0.0,0.0,2237.8589994610074,2237.8589994610074,0.0,2237.8589994610074,0.0,2237.8589994610074,2237.8589994610074,2237.8589994610074,2237.8589994610074,0.0,0.0,0.0,2237.792188469011,0.0,0.0,2237.8589994610074,2237.8589994610074,0.0,2237.8589994610074,0.0,0.0,0.0,0.0,0.0,0.0,0.0,0.0,0.0,0.0,0.0,0.0,0.0,2237.8254084471782,0.0,0.0,0.0,0.0,0.0,0.0,0.0,2237.8589994610074,0.0,0.0,0.0,2237.8254084471782,0.0,0.0,0.0,0.0,0.0,0.0,0.0,2237.8254084471782,0.0,0.0,2237.792188469011,0.0,0.0,0.0,0.0,0.0,0.0,2237.8254084471782,0.0,0.0,0.0,2237.8589994610074,0.0,0.0,2237.8589994610074,0.0,0.0,0.0,0.0,0.0,0.0,0.0,2237.8589994610074,0.0,2237.8589994610074,0.0,0.0,2237.8589994610074,0.0,2237.8589994610074,2237.8254084471782,0.0,2237.8589994610074,0.0,2237.8589994610074,0.0,2237.7593395430285,2237.726861685573,2237.8254084471782,2237.6947549128004,2237.726861685573,2237.726861685573,2237.8254084471782,2237.663019240684,2237.792188469011,2237.8254084471782,2237.792188469011,2237.792188469011,2237.663019240684,2237.6947549128004,2237.6947549128004,2237.8254084471782,2237.8254084471782,2237.726861685573,2237.792188469011,2237.7593395430285,2237.8589994610074,2237.792188469011,2237.7593395430285,2237.6947549128004,2237.726861685573,2237.7593395430285,2237.8254084471782,2237.6316546850153,2237.8589994610074,2237.8254084471782,2237.8254084471782,2237.6006612613974,2237.7593395430285,2237.5099079361603,2237.6947549128004,0.0,2237.792188469011,2237.6947549128004,2237.792188469011,2237.792188469011,2237.7593395430285,2237.6947549128004,2237.8589994610074,2237.792188469011,2237.792188469011,2237.6316546850153,2237.7593395430285,2237.7593395430285,2237.792188469011,2237.8589994610074,2237.663019240684,2237.8254084471782,2237.8254084471782,2237.792188469011,2237.726861685573,0.0,2237.8254084471782,2237.792188469011,2237.8589994610074,2237.8254084471782,0.0,2237.792188469011,2237.8254084471782,2237.726861685573,2237.8589994610074,2237.792188469011,2237.8254084471782,2237.8589994610074,2237.792188469011,2237.7593395430285,2237.792188469011,2237.792188469011,2237.7593395430285,2237.8254084471782,2237.7593395430285,2237.8589994610074,2237.8254084471782,2237.8589994610074,0.0,2237.8589994610074,0.0,0.0,2237.8589994610074,2237.8589994610074,2237.8254084471782,0.0,2237.8254084471782,0.0,2237.8589994610074,0.0,0.0,0.0,2237.8589994610074,0.0,0.0,2237.8254084471782,0.0,0.0,0.0,0.0,0.0,0.0,0.0,0.0,0.0,0.0,0.0,0.0,0.0,0.0,0.0,0.0,0.0,0.0,0.0,0.0,0.0,0.0,0.0,0.0,2237.8589994610074,0.0,0.0,0.0,0.0,0.0,0.0,0.0,2237.8589994610074,2237.8589994610074,2237.8254084471782,0.0,0.0,0.0,0.0,0.0,0.0,0.0,0.0,0.0,0.0,2237.8589994610074,0.0,2237.8589994610074,0.0,0.0,0.0,0.0,0.0,0.0,0.0,2237.8589994610074,0.0,2237.8589994610074,0.0,0.0,0.0,2237.8254084471782
2237.8589994610074,0.0,2237.8589994610074,0.0,0.0,0.0,0.0,2237.8589994610074,0.0,2237.8589994610074,2237.8589994610074,0.0,0.0,0.0,0.0,0.0,0.0,0.0,2237.8254084471782,0.0,0.0,2237.8589994610074,2237.8589994610074,2237.8589994610074,0.0,0.0,2237.8589994610074,2237.8589994610074,0.0,2237.8589994610074,0.0,0.0,2237.8589994610074,2237.8589994610074,0.0,2237.8589994610074,2237.8254084471782,0.0,0.0,0.0,0.0,2237.8589994610074,0.0,0.0,2237.8589994610074,0.0,0.0,0.0,2237.8589994610074,0.0,2237.8589994610074,0.0,2237.8589994610074,0.0,2237.8589994610074,0.0,0.0,0.0,2237.8254084471782,0.0,2237.8589994610074,0.0,2237.8589994610074,0.0,0.0,0.0,0.0,2237.8589994610074,0.0,0.0,0.0,2237.8589994610074,0.0,2237.8589994610074,0.0,0.0,0.0,0.0,0.0,0.0,0.0,0.0,0.0,0.0,2237.8589994610074,2237.8589994610074,0.0,2237.8589994610074,0.0,0.0,0.0,0.0,0.0,2237.8589994610074,0.0,2237.8254084471782,2237.8589994610074,2237.792188469011,2237.7593395430285,2237.8254084471782,2237.6947549128004,2237.792188469011,2237.8254084471782,2237.7593395430285,2237.726861685573,2237.663019240684,2237.8254084471782,2237.792188469011,2237.7593395430285,2237.7593395430285,2237.570038985255,2237.726861685573,0.0,2237.792188469011,2237.7593395430285,2237.663019240684,2237.726861685573,2237.726861685573,2237.6316546850153,2237.7593395430285,2237.8254084471782,2237.726861685573,2237.726861685573,2237.6947549128004,2237.7593395430285,2237.6947549128004,2237.726861685573,2237.792188469011,2237.8254084471782,2237.6947549128004,0.0,0.0,2237.6947549128004,2237.792188469011,2237.792188469011,2237.726861685573,2237.726861685573,2237.6316546850153,2237.8254084471782,2237.8589994610074,2237.726861685573,2237.6947549128004,2237.6947549128004,2237.7593395430285,2237.8254084471782,2237.792188469011,2237.8254084471782,2237.726861685573,2237.726861685573,2237.663019240684,2237.7593395430285,2237.792188469011,0.0,2237.8589994610074,2237.6947549128004,0.0,2237.792188469011,2237.8589994610074,2237.8589994610074,2237.8254084471782,2237.792188469011,2237.726861685573,2237.726861685573,2237.8589994610074,2237.8589994610074,0.0,0.0,0.0,2237.8589994610074,2237.8589994610074,0.0,2237.8589994610074,2237.8589994610074,2237.8254084471782,2237.8254084471782,0.0,0.0,2237.8589994610074,2237.8589994610074,0.0,2237.792188469011,0.0,0.0,0.0,0.0,2237.8589994610074,0.0,2237.8589994610074,0.0,0.0,0.0,0.0,0.0,0.0,2237.8589994610074,0.0,0.0,0.0,0.0,2237.8589994610074,0.0,0.0,0.0,0.0,2237.8589994610074,0.0,2237.8589994610074,0.0,0.0,0.0,2237.8589994610074,0.0,2237.8589994610074,0.0,0.0,0.0,0.0,0.0,0.0,0.0,0.0,2237.8589994610074,0.0,0.0,0.0,0.0,0.0,0.0,0.0,0.0,2237.8589994610074,2237.8589994610074,2237.8254084471782,2237.8589994610074,2237.8589994610074,0.0,2237.8589994610074,0.0,0.0,0.0,0.0,0.0,0.0,2237.8589994610074,2237.8589994610074,2237.8589994610074,0.0,0.0,2237.8589994610074,0.0,0.0,0.0,0.0,2237.8589994610074,0.0,0.0
0.0,0.0,0.0,0.0,0.0,0.0,2237.8254084471782,2237.8589994610074,0.0,2237.8589994610074,2237.8589994610074,0.0,0.0,0.0,0.0,0.0,0.0,0.0,2237.7593395430285,2237.8589994610074,0.0,2237.8589994610074,2237.8589994610074,0.0,0.0,0.0,0.0,0.0,0.0,0.0,0.0,0.0,2237.8589994610074,0.0,0.0,2237.8254084471782,0.0,0.0,0.0,2237.8589994610074,0.0,2237.8589994610074,0.0,0.0,0.0,0.0,0.0,0.0,2237.8589994610074,0.0,0.0,0.0,0.0,0.0,0.0,0.0,0.0,2237.8589994610074,0.0,0.0,0.0,2237.8589994610074,0.0,0.0,2237.8254084471782,0.0,0.0,2237.8589994610074,2237.8589994610074,0.0,0.0,0.0,2237.8589994610074,2237.8254084471782,0.0,2237.8589994610074,0.0,0.0,0.0,0.0,0.0,2237.8589994610074,0.0,0.0,0.0,0.0,0.0,2237.8589994610074,0.0,2237.8589994610074,0.0,0.0,0.0,2237.8589994610074,0.0,2237.8254084471782,2237.792188469011,2237.792188469011,2237.792188469011,2237.6947549128004,2237.663019240684,2237.726861685573,2237.7593395430285,2237.8254084471782,2237.6947549128004,2237.726861685573,2237.6006612613974,2237.792188469011,2237.7593395430285,2237.5099079361603,2237.792188469011,2237.7593395430285,0.0,2237.7593395430285,2237.7593395430285,2237.792188469011,2237.6006612613974,2237.8589994610074,2237.570038985255,2237.6947549128004,2237.726861685573,2237.726861685573,2237.8254084471782,2237.8589994610074,2237.7593395430285,2237.7593395430285,2237.792188469011,2237.6947549128004,2237.726861685573,2237.7593395430285,2237.7593395430285,2237.5099079361603,2237.663019240684,2237.7593395430285,2237.6316546850153,2237.726861685573,2237.8254084471782,2237.6006612613974,2237.663019240684,2237.663019240684,2237.7593395430285,2237.7593395430285,2237.726861685573,2237.792188469011,2237.6316546850153,2237.663019240684,2237.8254084471782,2237.726861685573,2237.792188469011,2237.7593395430285,2237.7593395430285,2237.7593395430285,2237.8589994610074,2237.7593395430285,2237.8589994610074,2237.8589994610074,2237.726861685573,2237.792188469011,2237.8254084471782,2237.792188469011,2237.8254084471782,2237.726861685573,2237.8589994610074,2237.7593395430285,2237.8254084471782,2237.8254084471782,2237.8589994610074,2237.792188469011,2237.8589994610074,2237.8589994610074,2237.8589994610074,2237.7593395430285,2237.792188469011,2237.8254084471782,2237.8254084471782,0.0,2237.792188469011,0.0,2237.8589994610074,0.0,0.0,0.0,2237.8589994610074,0.0,2237.8589994610074,2237.792188469011,2237.8589994610074,0.0,0.0,2237.8254084471782,2237.8589994610074,0.0,0.0,0.0,0.0,0.0,0.0,2237.8589994610074,0.0,2237.8589994610074,0.0,0.0,0.0,0.0,2237.8589994610074,0.0,0.0,2237.8589994610074,0.0,0.0,0.0,2237.8589994610074,0.0,0.0,0.0,0.0,0.0,2237.8589994610074,2237.8589994610074,0.0,0.0,0.0,0.0,0.0,0.0,0.0,0.0,0.0,0.0,0.0,0.0,0.0,0.0,0.0,0.0,0.0,2237.8589994610074,2237.792188469011,0.0,0.0,0.0,2237.8589994610074,0.0,0.0,0.0,0.0,0.0,0.0,0.0,2237.8589994610074,0.0,2237.8589994610074,2237.8589994610074,0.0,0.0,2237.8589994610074
0.0,2237.8589994610074,0.0,0.0,0.0,0.0,0.0,2237.8589994610074,0.0,2237.8589994610074,0.0,2237.8589994610074,0.0,0.0,0.0,0.0,0.0,0.0,0.0,0.0,0.0,0.0,2237.8589994610074,0.0,2237.8254084471782,0.0,0.0,0.0,0.0,0.0,0.0,0.0,0.0,0.0,0.0,0.0,0.0,0.0,2237.8589994610074,0.0,0.0,0.0,0.0,0.0,0.0,0.0,0.0,0.0,2237.8254084471782,0.0,0.0,0.0,0.0,0.0,0.0,2237.8589994610074,0.0,0.0,2237.8589994610074,0.0,0.0,0.0,0.0,0.0,0.0,0.0,0.0,0.0,2237.8589994610074,0.0,0.0,0.0,2237.8589994610074,0.0,0.0,0.0,0.0,2237.8589994610074,2237.8589994610074,0.0,0.0,0.0,2237.8589994610074,2237.792188469011,2237.8589994610074,0.0,0.0,0.0,0.0,0.0,0.0,0.0,0.0,2237.8589994610074,2237.8589994610074,2237.792188469011,2237.8254084471782,2237.726861685573,0.0,2237.6947549128004,2237.7593395430285,2237.6316546850153,2237.8254084471782,2237.6947549128004,2237.7593395430285,2237.792188469011,2237.6947549128004,2237.792188469011,2237.7593395430285,2237.5397878718245,2237.7593395430285,2237.726861685573,2237.7593395430285,2237.663019240684,2237.8254084471782,2237.7593395430285,2237.6947549128004,2237.726861685573,2237.570038985255,2237.792188469011,2237.8254084471782,2237.792188469011,2237.6316546850153,2237.792188469011,2237.6947549128004,2237.726861685573,2237.6947549128004,2237.8254084471782,2237.726861685573,2237.8254084471782,2237.7593395430285,2237.792188469011,2237.7593395430285,2237.6316546850153,2237.726861685573,2237.8589994610074,2237.6006612613974,2237.8254084471782,2237.7593395430285,2237.792188469011,2237.663019240684,2237.6316546850153,2237.8254084471782,2237.7593395430285,2237.792188469011,2237.8254084471782,2237.792188469011,2237.7593395430285,2237.8589994610074,2237.8254084471782,2237.792188469011,2237.663019240684,2237.6947549128004,2237.792188469011,2237.8254084471782,2237.7593395430285,0.0,2237.7593395430285,2237.8254084471782,2237.7593395430285,0.0,2237.8589994610074,2237.8254084471782,2237.726861685573,2237.8589994610074,2237.792188469011,2237.7593395430285,2237.8589994610074,2237.6947549128004,2237.792188469011,2237.8254084471782,2237.792188469011,2237.8589994610074,2237.8589994610074,2237.8589994610074,2237.8589994610074,2237.8589994610074,2237.7593395430285,0.0,2237.792188469011,0.0,2237.8589994610074,2237.792188469011,0.0,0.0,2237.8589994610074,0.0,0.0,0.0,0.0,0.0,0.0,0.0,0.0,0.0,0.0,0.0,0.0,0.0,0.0,2237.8589994610074,0.0,0.0,0.0,0.0,0.0,0.0,2237.8589994610074,0.0,0.0,0.0,0.0,0.0,0.0,2237.8254084471782,0.0,0.0,0.0,0.0,2237.8589994610074,0.0,0.0,0.0,2237.8254084471782,2237.8589994610074,2237.8589994610074,0.0,0.0,0.0,0.0,2237.8589994610074,0.0,0.0,0.0,2237.8589994610074,0.0,0.0,2237.8589994610074,0.0,2237.8254084471782,0.0,0.0,0.0,0.0,2237.8589994610074,0.0,2237.8589994610074,0.0,0.0,2237.8589994610074,2237.8589994610074,0.0,0.0,0.0,0.0,0.0
0.0,0.0,0.0,0.0,0.0,0.0,0.0,2237.8589994610074,0.0,0.0,0.0,2237.8589994610074,2237.8589994610074,2237.8589994610074,2237.8589994610074,2237.8589994610074,0.0,2237.8589994610074,2237.8254084471782,0.0,0.0,2237.8589994610074,0.0,0.0,0.0,0.0,0.0,0.0,0.0,0.0,0.0,0.0,0.0,2237.8589994610074,0.0,0.0,0.0,0.0,0.0,2237.8589994610074,0.0,0.0,0.0,0.0,0.0,0.0,0.0,0.0,0.0,0.0,0.0,2237.8254084471782,0.0,0.0,0.0,0.0,0.0,2237.8589994610074,0.0,2237.8589994610074,0.0,2237.8254084471782,0.0,0.0,0.0,2237.8589994610074,0.0,2237.8589994610074,0.0,0.0,2237.8589994610074,2237.8589994610074,0.0,0.0,0.0,0.0,0.0,0.0,0.0,0.0,0.0,0.0,0.0,0.0,0.0,0.0,0.0,0.0,2237.8589994610074,0.0,0.0,2237.8589994610074,2237.8589994610074,2237.8589994610074,2237.6947549128004,2237.6947549128004,2237.8254084471782,2237.726861685573,2237.6947549128004,2237.6947549128004,2237.6947549128004,2237.726861685573,2237.726861685573,2237.7593395430285,2237.6006612613974,2237.792188469011,2237.6316546850153,2237.6947549128004,2237.726861685573,2237.792188469011,2237.792188469011,2237.726861685573,2237.663019240684,2237.6947549128004,2237.8589994610074,2237.6316546850153,2237.663019240684,2237.8254084471782,2237.8589994610074,2237.7593395430285,2237.7593395430285,2237.8589994610074,2237.792188469011,2237.7593395430285,2237.663019240684,2237.6316546850153,0.0,2237.8254084471782,2237.8589994610074,2237.726861685573,2237.726861685573,2237.726861685573,2237.726861685573,2237.6947549128004,2237.792188469011,2237.663019240684,2237.792188469011,2237.726861685573,2237.6006612613974,2237.7593395430285,2237.5397878718245,2237.726861685573,2237.663019240684,2237.6006612613974,2237.7593395430285,2237.663019240684,2237.792188469011,2237.792188469011,2237.663019240684,2237.8254084471782,2237.8254084471782,2237.8254084471782,2237.726861685573,2237.6947549128004,2237.8254084471782,2237.6947549128004,2237.8254084471782,2237.792188469011,2237.726861685573,2237.7593395430285,2237.7593395430285,2237.8589994610074,2237.792188469011,2237.8254084471782,2237.8254084471782,2237.792188469011,2237.7593395430285,0.0,2237.792188469011,0.0,0.0,2237.792188469011,2237.8589994610074,2237.792188469011,2237.8254084471782,0.0,0.0,2237.8589994610074,2237.8254084471782,2237.8254084471782,0.0,0.0,2237.8254084471782,0.0,2237.8589994610074,2237.8589994610074,0.0,2237.8254084471782,0.0,0.0,0.0,0.0,0.0,0.0,0.0,0.0,0.0,2237.8589994610074,0.0,2237.8589994610074,2237.8589994610074,0.0,2237.8589994610074,2237.8254084471782,0.0,0.0,0.0,2237.8589994610074,0.0,0.0,0.0,0.0,0.0,2237.8254084471782,0.0,0.0,0.0,0.0,0.0,2237.792188469011,0.0,0.0,0.0,0.0,0.0,0.0,0.0,0.0,2237.8254084471782,0.0,0.0,2237.8589994610074,0.0,0.0,0.0,0.0,0.0,2237.8589994610074,0.0,2237.8589994610074,2237.8589994610074,2237.8589994610074,2237.8589994610074,0.0,0.0,0.0,2237.8589994610074,0.0,0.0,0.0,2237.8589994610074,0.0,0.0,0.0,0.0,0.0
0.0,0.0,2237.8589994610074,0.0,2237.8589994610074,0.0,2237.8589994610074,0.0,2237.8589994610074,0.0,0.0,0.0,0.0,0.0,0.0,0.0,0.0,2237.8589994610074,0.0,0.0,0.0,0.0,2237.8589994610074,0.0,0.0,0.0,0.0,0.0,2237.8589994610074,0.0,0.0,0.0,0.0,0.0,0.0,2237.8254084471782,0.0,2237.8589994610074,0.0,0.0,0.0,2237.8589994610074,0.0,0.0,0.0,0.0,0.0,2237.8589994610074,0.0,2237.8254084471782,0.0,0.0,0.0,0.0,0.0,2237.8589994610074,2237.8589994610074,2237.8589994610074,0.0,0.0,2237.8254084471782,0.0,0.0,0.0,0.0,0.0,0.0,0.0,0.0,2237.8589994610074,0.0,0.0,0.0,0.0,2237.8589994610074,0.0,0.0,0.0,0.0,0.0,0.0,2237.8589994610074,0.0,0.0,2237.8589994610074,2237.8589994610074,0.0,0.0,0.0,0.0,2237.8254084471782,2237.8589994610074,2237.8589994610074,2237.8254084471782,2237.726861685573,2237.8254084471782,2237.6947549128004,2237.6947549128004,2237.6947549128004,2237.7593395430285,2237.7593395430285,2237.8254084471782,2237.663019240684,2237.6947549128004,2237.6947549128004,2237.663019240684,2237.6947549128004,2237.6316546850153,2237.7593395430285,2237.663019240684,2237.6316546850153,2237.6316546850153,2237.663019240684,2237.5099079361603,2237.8254084471782,2237.7593395430285,2237.663019240684,2237.7593395430285,2237.8254084471782,2237.6316546850153,2237.8589994610074,2237.6947549128004,2237.6947549128004,2237.792188469011,2237.8254084471782,2237.8254084471782,2237.8254084471782,2237.6947549128004,2237.6947549128004,2237.8254084471782,2237.663019240684,2237.663019240684,2237.7593395430285,2237.570038985255,2237.7593395430285,2237.726861685573,2237.8589994610074,2237.7593395430285,2237.792188469011,2237.792188469011,2237.6316546850153,2237.7593395430285,2237.6947549128004,2237.792188469011,2237.792188469011,2237.8254084471782,2237.792188469011,2237.726861685573,2237.8589994610074,2237.6947549128004,2237.8254084471782,2237.792188469011,2237.792188469011,2237.8589994610074,2237.726861685573,2237.6947549128004,2237.8254084471782,2237.7593395430285,2237.8254084471782,2237.6006612613974,2237.6947549128004,2237.792188469011,2237.8589994610074,2237.8589994610074,2237.726861685573,2237.8589994610074,2237.8589994610074,2237.8254084471782,2237.7593395430285,2237.8254084471782,2237.792188469011,0.0,2237.792188469011,2237.8589994610074,2237.8254084471782,2237.8589994610074,2237.8589994610074,2237.8589994610074,0.0,2237.8589994610074,2237.8589994610074,2237.8589994610074,2237.8589994610074,2237.8589994610074,0.0,0.0,2237.8589994610074,2237.8589994610074,0.0,2237.8589994610074,0.0,0.0,0.0,0.0,0.0,0.0,0.0,0.0,0.0,0.0,0.0,0.0,0.0,0.0,0.0,0.0,0.0,2237.8589994610074,0.0,0.0,0.0,0.0,0.0,0.0,2237.8254084471782,2237.8589994610074,0.0,0.0,0.0,0.0,0.0,0.0,0.0,0.0,0.0,0.0,0.0,0.0,2237.8589994610074,0.0,2237.8254084471782,0.0,0.0,0.0,0.0,0.0,0.0,0.0,0.0,0.0,2237.8589994610074,2237.8589994610074,2237.8589994610074,2237.8589994610074,2237.8589994610074,0.0,2237.8589994610074,0.0,2237.8589994610074,0.0,0.0,0.0,0.0,0.0,0.0,2237.8589994610074
2237.8589994610074,0.0,0.0,2237.8589994610074,2237.792188469011,2237.8589994610074,2237.8589994610074,0.0,0.0,2237.8589994610074,0.0,2237.8589994610074,0.0,0.0,2237.8589994610074,0.0,0.0,2237.8589994610074,2237.8589994610074,0.0,0.0,0.0,0.0,0.0,0.0,2237.8589994610074,0.0,2237.8589994610074,0.0,2237.8589994610074,0.0,0.0,2237.8589994610074,0.0,0.0,0.0,0.0,0.0,0.0,0.0,0.0,2237.8589994610074,0.0,0.0,2237.8589994610074,0.0,0.0,0.0,0.0,0.0,2237.8589994610074,0.0,0.0,0.0,0.0,2237.8589994610074,0.0,0.0,0.0,0.0,0.0,0.0,0.0,0.0,0.0,2237.792188469011,0.0,0.0,0.0,0.0,0.0,0.0,2237.8589994610074,0.0,0.0,0.0,0.0,0.0,0.0,0.0,0.0,0.0,2237.8589994610074,2237.8589994610074,2237.8589994610074,0.0,0.0,0.0,0.0,0.0,0.0,2237.8589994610074,2237.8254084471782,2237.8254084471782,2237.7593395430285,2237.792188469011,2237.6316546850153,2237.792188469011,2237.726861685573,2237.7593395430285,2237.792188469011,2237.7593395430285,2237.7593395430285,2237.6316546850153,2237.7593395430285,2237.7593395430285,2237.663019240684,2237.6316546850153,2237.570038985255,2237.726861685573,2237.663019240684,2237.726861685573,2237.6947549128004,2237.6947549128004,2237.726861685573,2237.663019240684,2237.6006612613974,2237.726861685573,2237.6316546850153,2237.726861685573,2237.6947549128004,2237.570038985255,2237.7593395430285,2237.6316546850153,2237.726861685573,2237.663019240684,2237.726861685573,2237.6947549128004,2237.6947549128004,2237.7593395430285,2237.7593395430285,2237.726861685573,2237.570038985255,2237.663019240684,2237.726861685573,2237.726861685573,2237.7593395430285,2237.792188469011,2237.792188469011,2237.7593395430285,2237.6316546850153,2237.792188469011,2237.792188469011,2237.6316546850153,2237.726861685573,2237.7593395430285,2237.8254084471782,2237.8589994610074,2237.726861685573,2237.6006612613974,2237.726861685573,2237.8254084471782,2237.726861685573,2237.6316546850153,2237.792188469011,2237.6947549128004,2237.663019240684,2237.726861685573,2237.726861685573,2237.792188469011,2237.7593395430285,2237.7593395430285,2237.7593395430285,2237.7593395430285,2237.7593395430285,2237.726861685573,2237.8254084471782,2237.726861685573,2237.7593395430285,2237.8589994610074,2237.7593395430285,2237.792188469011,2237.8254084471782,2237.8589994610074,2237.792188469011,2237.8254084471782,2237.8254084471782,2237.8589994610074,2237.792188469011,2237.7593395430285,0.0,2237.8589994610074,0.0,0.0,0.0,0.0,2237.8589994610074,0.0,0.0,0.0,2237.8589994610074,0.0,0.0,2237.8589994610074,2237.8589994610074,2237.8589994610074,0.0,2237.8589994610074,0.0,0.0,0.0,0.0,0.0,0.0,0.0,0.0,0.0,0.0,2237.8589994610074,0.0,0.0,0.0,0.0,0.0,2237.8589994610074,0.0,0.0,0.0,0.0,2237.8254084471782,0.0,0.0,0.0,0.0,0.0,0.0,0.0,0.0,0.0,0.0,0.0,2237.8589994610074,0.0,0.0,2237.8589994610074,2237.8589994610074,0.0,0.0,0.0,2237.8589994610074,2237.8589994610074,2237.8589994610074,0.0,0.0,0.0,0.0,2237.8589994610074,0.0,0.0,0.0,2237.8589994610074,0.0,0.0,0.0,0.0,0.0
0.0,0.0,0.0,2237.8589994610074,2237.8589994610074,2237.8589994610074,0.0,0.0,2237.8589994610074,2237.8589994610074,2237.8589994610074,0.0,2237.792188469011,0.0,0.0,2237.8589994610074,0.0,0.0,0.0,0.0,0.0,0.0,0.0,0.0,2237.8589994610074,0.0,2237.8254084471782,2237.8589994610074,0.0,0.0,0.0,0.0,0.0,0.0,2237.8589994610074,0.0,2237.8589994610074,0.0,0.0,2237.8589994610074,0.0,0.0,2237.8254084471782,0.0,2237.8589994610074,2237.8589994610074,0.0,0.0,2237.8589994610074,0.0,0.0,0.0,2237.8589994610074,2237.8589994610074,0.0,2237.8589994610074,0.0,0.0,0.0,0.0,0.0,0.0,0.0,0.0,0.0,2237.8589994610074,0.0,0.0,0.0,0.0,2237.8589994610074,2237.8589994610074,2237.8589994610074,0.0,0.0,0.0,0.0,0.0,0.0,0.0,0.0,2237.8589994610074,0.0,2237.8589994610074,0.0,0.0,0.0,2237.8589994610074,2237.8589994610074,0.0,0.0,2237.8254084471782,2237.8589994610074,2237.8254084471782,2237.6316546850153,2237.7593395430285,2237.792188469011,2237.663019240684,2237.792188469011,2237.8254084471782,2237.726861685573,2237.663019240684,2237.6316546850153,2237.6947549128004,2237.5397878718245,2237.6947549128004,2237.570038985255,2237.7593395430285,2237.663019240684,2237.6316546850153,2237.6947549128004,2237.570038985255,2237.6316546850153,2237.6006612613974,2237.726861685573,2237.792188469011,2237.792188469011,2237.6947549128004,2237.7593395430285,2237.726861685573,2237.726861685573,2237.6006612613974,2237.726861685573,2237.6947549128004,2237.726861685573,2237.8254084471782,2237.6947549128004,2237.792188469011,2237.663019240684,2237.726861685573,2237.726861685573,2237.726861685573,2237.663019240684,2237.7593395430285,2237.663019240684,2237.6947549128004,2237.663019240684,2237.6947549128004,2237.6006612613974,2237.8254084471782,2237.7593395430285,2237.6947549128004,2237.7593395430285,2237.7593395430285,2237.726861685573,2237.663019240684,2237.792188469011,2237.7593395430285,2237.726861685573,2237.663019240684,2237.726861685573,2237.6316546850153,0.0,2237.8254084471782,2237.792188469011,2237.7593395430285,2237.7593395430285,2237.8589994610074,2237.726861685573,2237.8589994610074,2237.6006612613974,2237.792188469011,2237.792188469011,2237.792188469011,2237.792188469011,2237.8589994610074,2237.726861685573,2237.7593395430285,2237.792188469011,2237.7593395430285,2237.8254084471782,2237.7593395430285,2237.8254084471782,2237.6947549128004,2237.8589994610074,2237.792188469011,2237.8589994610074,2237.8254084471782,0.0,2237.8589994610074,2237.8254084471782,2237.8254084471782,2237.7593395430285,2237.8589994610074,0.0,0.0,0.0,2237.8589994610074,0.0,2237.8589994610074,2237.8589994610074,0.0,0.0,0.0,0.0,0.0,0.0,2237.8254084471782,0.0,2237.8589994610074,0.0,0.0,2237.792188469011,0.0,0.0,0.0,0.0,2237.8589994610074,0.0,2237.8589994610074,2237.8589994610074,0.0,0.0,0.0,0.0,2237.8589994610074,0.0,2237.8589994610074,0.0,0.0,0.0,0.0,2237.8589994610074,0.0,2237.8589994610074,0.0,0.0,2237.8589994610074,2237.8589994610074,0.0,2237.8589994610074,0.0,0.0,0.0,0.0,0.0,2237.8589994610074,0.0,0.0,2237.792188469011,0.0,0.0,0.0,0.0,0.0,0.0,2237.8589994610074,0.0,0.0,0.0,0.0,0.0,2237.8589994610074,0.0,0.0,0.0
0.0,0.0,0.0,2237.8589994610074,2237.8589994610074,0.0,2237.8254084471782,2237.8589994610074,2237.8589994610074,0.0,0.0,2237.8254084471782,0.0,0.0,0.0,0.0,0.0,2237.8589994610074,0.0,0.0,0.0,0.0,2237.8254084471782,0.0,0.0,0.0,0.0,2237.8589994610074,0.0,0.0,2237.8589994610074,0.0,2237.8589994610074,0.0,0.0,0.0,0.0,0.0,0.0,0.0,0.0,2237.8589994610074,0.0,2237.8254084471782,2237.8254084471782,0.0,2237.8589994610074,2237.8589994610074,0.0,0.0,0.0,0.0,2237.8589994610074,0.0,0.0,2237.8589994610074,0.0,0.0,0.0,0.0,2237.8589994610074,2237.8589994610074,0.0,0.0,0.0,0.0,0.0,0.0,0.0,2237.8254084471782,2237.8589994610074,2237.792188469011,0.0,0.0,0.0,0.0,0.0,0.0,0.0,0.0,2237.8589994610074,0.0,0.0,2237.8589994610074,0.0,2237.8589994610074,0.0,2237.8589994610074,2237.8254084471782,0.0,2237.8589994610074,2237.8589994610074,2237.8254084471782,2237.726861685573,2237.6006612613974,2237.8254084471782,2237.792188469011,2237.6316546850153,2237.726861685573,2237.663019240684,2237.792188469011,2237.7593395430285,2237.663019240684,2237.726861685573,2237.7593395430285,2237.726861685573,2237.7593395430285,2237.8589994610074,2237.4512616574316,2237.7593395430285,2237.792188469011,2237.663019240684,2237.792188469011,2237.7593395430285,2237.792188469011,2237.663019240684,2237.663019240684,2237.792188469011,2237.792188469011,2237.6316546850153,2237.726861685573,2237.792188469011,2237.663019240684,2237.792188469011,2237.7593395430285,2237.726861685573,2237.663019240684,2237.663019240684,2237.792188469011,2237.792188469011,2237.792188469011,2237.6316546850153,2237.726861685573,2237.7593395430285,2237.7593395430285,2237.663019240684,2237.726861685573,2237.6316546850153,2237.570038985255,2237.726861685573,2237.792188469011,2237.8254084471782,0.0,2237.726861685573,2237.6947549128004,2237.7593395430285,2237.792188469011,2237.7593395430285,2237.6947549128004,2237.8589994610074,2237.792188469011,2237.8254084471782,2237.8254084471782,2237.7593395430285,2237.792188469011,2237.726861685573,0.0,2237.792188469011,2237.792188469011,2237.6006612613974,2237.663019240684,2237.726861685573,2237.726861685573,2237.7593395430285,2237.726861685573,2237.8589994610074,2237.663019240684,2237.8254084471782,2237.7593395430285,2237.8254084471782,2237.726861685573,2237.8254084471782,2237.8589994610074,2237.792188469011,2237.7593395430285,2237.8589994610074,2237.8254084471782,2237.8254084471782,0.0,2237.792188469011,0.0,2237.8589994610074,2237.8254084471782,2237.8589994610074,0.0,2237.8254084471782,2237.8254084471782,0.0,0.0,2237.8589994610074,2237.8589994610074,0.0,2237.8589994610074,0.0,0.0,0.0,0.0,2237.8589994610074,2237.792188469011,0.0,2237.8589994610074,0.0,0.0,0.0,0.0,2237.8589994610074,0.0,0.0,2237.8589994610074,0.0,0.0,2237.8589994610074,0.0,0.0,0.0,2237.8589994610074,0.0,0.0,0.0,0.0,2237.8589994610074,0.0,2237.8254084471782,0.0,2237.8589994610074,0.0,0.0,0.0,0.0,0.0,2237.8589994610074,0.0,0.0,0.0,0.0,0.0,2237.8589994610074,0.0,2237.8589994610074,0.0,2237.8589994610074,0.0,0.0,2237.8589994610074,2237.8589994610074,0.0,2237.8254084471782,2237.8589994610074,0.0,0.0,0.0,0.0,2237.8589994610074,0.0,0.0,0.0
2237.8589994610074,0.0,0.0,0.0,0.0,0.0,0.0,0.0,0.0,0.0,0.0,0.0,2237.8589994610074,2237.8589994610074,0.0,2237.8589994610074,0.0,0.0,0.0,2237.8589994610074,2237.8589994610074,0.0,0.0,0.0,0.0,2237.8589994610074,0.0,0.0,0.0,0.0,0.0,0.0,0.0,2237.8589994610074,2237.8254084471782,0.0,0.0,0.0,0.0,2237.792188469011,0.0,0.0,2237.8589994610074,2237.8589994610074,2237.8589994610074,0.0,0.0,2237.8589994610074,0.0,0.0,0.0,0.0,0.0,0.0,2237.8254084471782,2237.8589994610074,0.0,0.0,0.0,0.0,0.0,0.0,0.0,0.0,0.0,0.0,0.0,0.0,2237.8254084471782,2237.8589994610074,0.0,2237.8589994610074,0.0,0.0,0.0,0.0,2237.8589994610074,0.0,0.0,0.0,2237.8254084471782,0.0,0.0,2237.8589994610074,2237.8589994610074,2237.8589994610074,0.0,0.0,2237.8589994610074,2237.792188469011,2237.7593395430285,2237.8254084471782,2237.8254084471782,2237.7593395430285,2237.726861685573,2237.7593395430285,2237.792188469011,2237.7593395430285,2237.663019240684,2237.6947549128004,2237.726861685573,2237.726861685573,2237.5099079361603,2237.6006612613974,2237.792188469011,2237.726861685573,2237.663019240684,2237.726861685573,2237.6316546850153,2237.6006612613974,2237.663019240684,2237.6947549128004,2237.6947549128004,2237.726861685573,2237.726861685573,2237.6316546850153,2237.8254084471782,2237.8254084471782,2237.663019240684,2237.6947549128004,2237.792188469011,2237.7593395430285,2237.792188469011,2237.7593395430285,2237.726861685573,2237.6947549128004,2237.792188469011,2237.663019240684,2237.7593395430285,2237.6947549128004,2237.6316546850153,2237.726861685573,2237.6947549128004,2237.5099079361603,2237.5397878718245,2237.6006612613974,2237.8254084471782,2237.6316546850153,2237.8254084471782,2237.792188469011,2237.7593395430285,2237.6006612613974,2237.726861685573,2237.8254084471782,2237.726861685573,2237.726861685573,2237.6947549128004,2237.6316546850153,2237.6947549128004,2237.6316546850153,2237.7593395430285,2237.792188469011,2237.7593395430285,2237.726861685573,2237.7593395430285,2237.7593395430285,2237.726861685573,2237.8254084471782,2237.726861685573,2237.8254084471782,2237.8589994610074,2237.8254084471782,2237.792188469011,2237.726861685573,2237.7593395430285,2237.8254084471782,2237.726861685573,2237.792188469011,2237.792188469011,2237.7593395430285,2237.7593395430285,2237.7593395430285,2237.7593395430285,2237.8589994610074,2237.8254084471782,2237.8589994610074,2237.8589994610074,2237.570038985255,2237.7593395430285,0.0,2237.792188469011,2237.7593395430285,2237.8589994610074,0.0,2237.792188469011,0.0,0.0,2237.8589994610074,2237.8254084471782,0.0,0.0,0.0,2237.8589994610074,0.0,0.0,0.0,2237.8589994610074,2237.8589994610074,0.0,2237.8589994610074,2237.8589994610074,0.0,0.0,0.0,0.0,0.0,0.0,2237.8589994610074,0.0,0.0,2237.8589994610074,2237.8589994610074,2237.8254084471782,2237.8589994610074,0.0,0.0,0.0,0.0,2237.8589994610074,2237.8589994610074,0.0,2237.8589994610074,0.0,2237.8589994610074,0.0,0.0,2237.8589994610074,2237.8589994610074,0.0,0.0,0.0,0.0,0.0,2237.8589994610074,2237.8589994610074,2237.8589994610074,0.0,2237.8589994610074,0.0,0.0,2237.8589994610074,0.0,0.0,0.0,0.0,0.0,0.0,2237.8589994610074,2237.8589994610074,0.0,0.0,0.0,0.0,0.0,0.0,0.0
2237.8589994610074,0.0,0.0,2237.8589994610074,2237.8589994610074,2237.8589994610074,0.0,0.0,0.0,0.0,0.0,0.0,0.0,0.0,0.0,2237.8589994610074,0.0,0.0,2237.8589994610074,0.0,2237.8589994610074,0.0,0.0,0.0,0.0,2237.8254084471782,0.0,0.0,0.0,0.0,0.0,0.0,2237.8254084471782,0.0,0.0,0.0,0.0,2237.8589994610074,0.0,0.0,2237.792188469011,0.0,0.0,0.0,0.0,0.0,0.0,0.0,0.0,0.0,0.0,0.0,0.0,0.0,2237.8589994610074,0.0,2237.8589994610074,0.0,0.0,0.0,2237.8589994610074,0.0,0.0,2237.8254084471782,2237.8589994610074,0.0,0.0,0.0,0.0,0.0,0.0,2237.8589994610074,0.0,0.0,0.0,0.0,2237.8589994610074,0.0,0.0,0.0,0.0,2237.8254084471782,0.0,0.0,0.0,0.0,2237.8589994610074,2237.792188469011,0.0,2237.7593395430285,2237.792188469011,0.0,2237.8589994610074,2237.7593395430285,2237.663019240684,2237.792188469011,2237.6947549128004,2237.6316546850153,2237.663019240684,2237.726861685573,2237.726861685573,2237.6316546850153,2237.6947549128004,2237.7593395430285,2237.7593395430285,2237.7593395430285,2237.6316546850153,2237.663019240684,2237.5397878718245,2237.792188469011,2237.7593395430285,2237.792188469011,2237.8254084471782,2237.6006612613974,2237.726861685573,2237.7593395430285,2237.726861685573,2237.7593395430285,2237.6947549128004,2237.726861685573,2237.7593395430285,2237.7593395430285,2237.6947549128004,2237.663019240684,2237.7593395430285,2237.7593395430285,2237.726861685573,2237.7593395430285,2237.726861685573,2237.5099079361603,2237.6947549128004,2237.792188469011,2237.570038985255,2237.792188469011,2237.570038985255,2237.6947549128004,2237.792188469011,2237.6947549128004,2237.8254084471782,2237.726861685573,2237.792188469011,2237.6947549128004,2237.792188469011,2237.792188469011,2237.8589994610074,2237.8589994610074,2237.792188469011,2237.7593395430285,2237.726861685573,0.0,2237.6947549128004,2237.6316546850153,2237.663019240684,2237.570038985255,2237.7593395430285,2237.792188469011,2237.6947549128004,2237.726861685573,2237.6947549128004,2237.792188469011,2237.7593395430285,2237.792188469011,2237.7593395430285,2237.7593395430285,2237.8589994610074,2237.8254084471782,2237.8589994610074,2237.6947549128004,2237.8589994610074,2237.7593395430285,2237.6316546850153,2237.8589994610074,2237.7593395430285,2237.7593395430285,2237.792188469011,2237.792188469011,2237.8589994610074,0.0,2237.792188469011,2237.8254084471782,2237.8254084471782,2237.8589994610074,2237.792188469011,2237.8589994610074,2237.8254084471782,0.0,2237.8589994610074,2237.792188469011,2237.8254084471782,2237.8589994610074,2237.7593395430285,2237.8589994610074,2237.8589994610074,0.0,0.0,2237.8254084471782,0.0,0.0,2237.8589994610074,0.0,0.0,0.0,2237.8589994610074,0.0,0.0,0.0,0.0,2237.8589994610074,2237.8589994610074,2237.8589994610074,2237.8589994610074,0.0,0.0,2237.8589994610074,0.0,0.0,0.0,0.0,0.0,0.0,0.0,2237.8589994610074,0.0,0.0,0.0,0.0,2237.8589994610074,0.0,0.0,2237.8589994610074,0.0,0.0,0.0,0.0,0.0,0.0,2237.8589994610074,0.0,2237.8589994610074,0.0,0.0,2237.8254084471782,0.0,2237.8589994610074,2237.8589994610074,2237.8254084471782,0.0,0.0,0.0,0.0,0.0,0.0,0.0,2237.8589994610074,0.0,2237.8589994610074
0.0,0.0,2237.8589994610074,0.0,0.0,2237.8254084471782,0.0,0.0,0.0,0.0,0.0,2237.8589994610074,0.0,0.0,0.0,0.0,0.0,2237.8589994610074,0.0,0.0,0.0,0.0,0.0,0.0,0.0,0.0,0.0,0.0,2237.8589994610074,0.0,2237.8589994610074,0.0,0.0,0.0,0.0,0.0,0.0,0.0,0.0,2237.8589994610074,0.0,0.0,0.0,0.0,0.0,0.0,0.0,0.0,0.0,0.0,0.0,2237.8589994610074,0.0,0.0,0.0,0.0,0.0,0.0,2237.8589994610074,2237.8589994610074,0.0,0.0,0.0,0.0,0.0,0.0,0.0,0.0,0.0,0.0,0.0,0.0,0.0,0.0,0.0,0.0,0.0,0.0,0.0,0.0,0.0,0.0,2237.8589994610074,0.0,0.0,0.0,2237.8589994610074,2237.8254084471782,2237.7593395430285,2237.7593395430285,2237.726861685573,2237.8589994610074,2237.726861685573,2237.792188469011,2237.6316546850153,2237.7593395430285,2237.6947549128004,2237.663019240684,2237.663019240684,2237.663019240684,2237.5099079361603,2237.6316546850153,2237.7593395430285,2237.6947549128004,2237.726861685573,2237.6947549128004,2237.726861685573,2237.6316546850153,0.0,2237.480399193134,2237.570038985255,2237.7593395430285,2237.726861685573,2237.792188469011,2237.6947549128004,2237.663019240684,2237.663019240684,2237.792188469011,2237.726861685573,2237.6316546850153,2237.6947549128004,2237.7593395430285,2237.792188469011,2237.726861685573,2237.663019240684,2237.7593395430285,2237.663019240684,2237.7593395430285,2237.7593395430285,2237.726861685573,2237.6316546850153,2237.7593395430285,2237.6316546850153,2237.6947549128004,2237.7593395430285,2237.6316546850153,2237.7593395430285,2237.6316546850153,2237.726861685573,2237.4512616574316,2237.726861685573,2237.663019240684,2237.6947549128004,2237.7593395430285,2237.6316546850153,2237.570038985255,2237.663019240684,2237.6947549128004,2237.792188469011,2237.663019240684,2237.663019240684,0.0,2237.792188469011,2237.6947549128004,2237.663019240684,2237.7593395430285,2237.8254084471782,0.0,2237.570038985255,2237.663019240684,2237.663019240684,2237.792188469011,2237.7593395430285,2237.6006612613974,2237.792188469011,2237.8254084471782,2237.8254084471782,2237.726861685573,2237.6316546850153,2237.792188469011,2237.8589994610074,2237.6947549128004,2237.7593395430285,2237.8254084471782,2237.726861685573,2237.7593395430285,2237.8254084471782,2237.6947549128004,2237.8254084471782,2237.6947549128004,0.0,2237.726861685573,2237.8589994610074,2237.8589994610074,2237.8589994610074,2237.8589994610074,0.0,2237.7593395430285,2237.8254084471782,2237.8589994610074,0.0,2237.8589994610074,2237.8254084471782,0.0,0.0,0.0,2237.792188469011,2237.8589994610074,0.0,2237.8589994610074,0.0,2237.8589994610074,0.0,0.0,0.0,0.0,0.0,2237.8589994610074,0.0,0.0,0.0,0.0,0.0,0.0,0.0,0.0,2237.8589994610074,0.0,0.0,0.0,0.0,0.0,2237.8589994610074,0.0,0.0,0.0,0.0,0.0,0.0,0.0,2237.8589994610074,2237.8589994610074,0.0,0.0,2237.8589994610074,0.0,0.0,0.0,0.0,0.0,2237.8589994610074,0.0,0.0,2237.8589994610074,0.0,2237.8589994610074,0.0,0.0,0.0,0.0,2237.8589994610074,2237.8589994610074,2237.8589994610074,0.0,0.0,0.0
0.0,0.0,0.0,0.0,0.0,2237.8254084471782,0.0,2237.8589994610074,2237.8589994610074,0.0,2237.8254084471782,0.0,0.0,0.0,2237.8254084471782,2237.8589994610074,0.0,0.0,0.0,0.0,0.0,0.0,2237.8589994610074,2237.8589994610074,0.0,0.0,0.0,0.0,2237.8589994610074,0.0,2237.8589994610074,0.0,0.0,0.0,0.0,0.0,0.0,0.0,2237.8589994610074,0.0,0.0,0.0,0.0,0.0,0.0,2237.8589994610074,0.0,0.0,0.0,0.0,2237.8589994610074,0.0,0.0,0.0,0.0,2237.8254084471782,0.0,2237.8589994610074,0.0,0.0,0.0,0.0,0.0,2237.8589994610074,2237.8589994610074,0.0,0.0,0.0,0.0,0.0,0.0,0.0,2237.8589994610074,0.0,2237.8589994610074,0.0,2237.8254084471782,0.0,0.0,0.0,2237.8589994610074,0.0,0.0,2237.8589994610074,2237.8589994610074,2237.792188469011,2237.8589994610074,2237.8589994610074,2237.792188469011,2237.6316546850153,2237.726861685573,2237.726861685573,2237.7593395430285,2237.7593395430285,2237.6947549128004,2237.570038985255,2237.663019240684,2237.8589994610074,2237.726861685573,2237.7593395430285,2237.570038985255,2237.7593395430285,2237.6947549128004,2237.792188469011,2237.8589994610074,2237.7593395430285,2237.7593395430285,2237.8254084471782,2237.7593395430285,2237.792188469011,2237.6006612613974,2237.570038985255,2237.8589994610074,2237.6006612613974,2237.6947549128004,2237.792188469011,2237.792188469011,2237.6316546850153,2237.6006612613974,2237.6316546850153,2237.6316546850153,2237.6947549128004,2237.7593395430285,2237.8254084471782,2237.6947549128004,2237.8254084471782,2237.570038985255,2237.6947549128004,2237.663019240684,2237.6947549128004,2237.7593395430285,2237.663019240684,2237.6316546850153,2237.726861685573,2237.6316546850153,2237.6316546850153,2237.6947549128004,2237.792188469011,2237.6947549128004,2237.6947549128004,2237.480399193134,2237.5397878718245,2237.6947549128004,2237.663019240684,2237.6316546850153,2237.726861685573,2237.7593395430285,2237.6006612613974,2237.6316546850153,2237.7593395430285,2237.570038985255,2237.6006612613974,2237.6316546850153,2237.792188469011,2237.6947549128004,2237.726861685573,2237.6947549128004,2237.8254084471782,2237.726861685573,2237.6316546850153,2237.726861685573,2237.7593395430285,2237.6947549128004,2237.792188469011,2237.8254084471782,2237.7593395430285,2237.726861685573,2237.726861685573,2237.7593395430285,2237.8254084471782,2237.7593395430285,2237.8254084471782,2237.8254084471782,2237.6947549128004,2237.8254084471782,2237.792188469011,2237.8589994610074,2237.726861685573,2237.7593395430285,2237.8254084471782,2237.8254084471782,2237.8254084471782,2237.8589994610074,2237.8589994610074,2237.8254084471782,2237.8589994610074,2237.8589994610074,2237.8254084471782,2237.8589994610074,0.0,2237.8254084471782,2237.8254084471782,0.0,2237.8589994610074,0.0,2237.8589994610074,0.0,2237.8254084471782,0.0,0.0,0.0,0.0,0.0,0.0,0.0,2237.8589994610074,0.0,2237.8254084471782,0.0,0.0,0.0,2237.8589994610074,0.0,0.0,0.0,0.0,0.0,2237.8589994610074,0.0,2237.8589994610074,0.0,0.0,0.0,2237.8589994610074,0.0,2237.8589994610074,2237.8254084471782,0.0,0.0,2237.8589994610074,0.0,2237.8589994610074,0.0,2237.8589994610074,0.0,2237.8254084471782,2237.8254084471782,0.0,0.0,0.0,0.0,2237.8589994610074,2237.8589994610074,2237.8589994610074,2237.8589994610074,0.0,0.0,2237.8589994610074,0.0,2237.8589994610074,0.0,0.0,0.0,2237.8589994610074,2237.8589994610074,0.0
0.0,0.0,0.0,0.0,2237.8589994610074,0.0,0.0,0.0,2237.8589994610074,2237.8254084471782,2237.8589994610074,0.0,0.0,0.0,0.0,0.0,0.0,0.0,2237.8589994610074,0.0,0.0,2237.8589994610074,0.0,0.0,0.0,0.0,2237.8589994610074,0.0,0.0,0.0,0.0,0.0,2237.8254084471782,2237.8589994610074,0.0,0.0,0.0,2237.8254084471782,0.0,0.0,0.0,0.0,2237.8589994610074,0.0,0.0,0.0,0.0,0.0,0.0,0.0,0.0,2237.8589994610074,2237.8589994610074,2237.8254084471782,0.0,0.0,0.0,0.0,0.0,0.0,0.0,0.0,2237.8589994610074,0.0,0.0,0.0,0.0,2237.8589994610074,2237.8589994610074,2237.8254084471782,0.0,0.0,2237.8589994610074,0.0,0.0,0.0,0.0,0.0,0.0,2237.8589994610074,2237.8254084471782,2237.8589994610074,0.0,0.0,2237.792188469011,2237.792188469011,2237.8254084471782,2237.663019240684,2237.792188469011,2237.726861685573,2237.7593395430285,2237.726861685573,2237.7593395430285,2237.7593395430285,2237.726861685573,2237.6006612613974,2237.726861685573,2237.7593395430285,2237.570038985255,2237.7593395430285,2237.570038985255,2237.663019240684,2237.726861685573,2237.6316546850153,2237.6316546850153,2237.6947549128004,2237.726861685573,2237.5397878718245,2237.792188469011,2237.6316546850153,2237.6316546850153,2237.7593395430285,2237.792188469011,2237.6316546850153,2237.7593395430285,2237.726861685573,2237.792188469011,2237.6316546850153,2237.7593395430285,2237.6947549128004,2237.7593395430285,2237.792188469011,2237.726861685573,2237.726861685573,2237.792188469011,2237.663019240684,2237.792188469011,2237.726861685573,2237.7593395430285,2237.792188469011,2237.6316546850153,2237.792188469011,2237.6006612613974,2237.8254084471782,2237.7593395430285,2237.6006612613974,2237.726861685573,2237.663019240684,2237.792188469011,2237.7593395430285,2237.663019240684,2237.6947549128004,2237.792188469011,2237.663019240684,2237.6947549128004,2237.663019240684,2237.570038985255,2237.726861685573,2237.6006612613974,2237.6947549128004,2237.663019240684,2237.663019240684,2237.3941002658235,2237.726861685573,2237.6947549128004,2237.7593395430285,2237.663019240684,2237.792188469011,2237.7593395430285,2237.570038985255,2237.792188469011,2237.7593395430285,2237.726861685573,2237.8589994610074,2237.7593395430285,2237.7593395430285,2237.663019240684,2237.7593395430285,2237.792188469011,2237.8589994610074,2237.8254084471782,2237.792188469011,2237.6316546850153,2237.6947549128004,2237.7593395430285,2237.792188469011,2237.8254084471782,2237.792188469011,0.0,2237.8589994610074,2237.792188469011,2237.8589994610074,2237.8254084471782,0.0,2237.8254084471782,2237.792188469011,2237.8254084471782,2237.8589994610074,0.0,2237.792188469011,0.0,2237.8589994610074,0.0,2237.8254084471782,2237.8589994610074,2237.8589994610074,0.0,2237.8589994610074,0.0,0.0,0.0,2237.8589994610074,2237.8589994610074,2237.8589994610074,0.0,0.0,0.0,0.0,2237.8589994610074,0.0,0.0,0.0,2237.8589994610074,2237.8589994610074,0.0,0.0,0.0,0.0,0.0,0.0,2237.8589994610074,2237.8254084471782,0.0,0.0,0.0,2237.8254084471782,0.0,0.0,0.0,0.0,0.0,2237.8589994610074,2237.8589994610074,0.0,2237.8589994610074,0.0,0.0,0.0,0.0,0.0,0.0,0.0,0.0,2237.8589994610074,0.0,0.0,2237.8589994610074,2237.8589994610074,0.0,0.0,0.0,2237.7593395430285,2237.8589994610074,0.0,0.0,2237.8589994610074
0.0,2237.8589994610074,0.0,0.0,0.0,2237.8254084471782,0.0,0.0,0.0,0.0,2237.8589994610074,0.0,0.0,0.0,0.0,2237.792188469011,0.0,0.0,0.0,2237.8589994610074,0.0,0.0,0.0,0.0,0.0,0.0,0.0,0.0,0.0,0.0,0.0,2237.8589994610074,0.0,0.0,0.0,0.0,0.0,2237.8589994610074,0.0,0.0,0.0,0.0,0.0,2237.8589994610074,0.0,0.0,0.0,0.0,0.0,0.0,0.0,0.0,2237.8589994610074,2237.8254084471782,0.0,0.0,0.0,0.0,2237.8589994610074,0.0,0.0,0.0,0.0,0.0,0.0,0.0,0.0,0.0,0.0,0.0,2237.8589994610074,2237.8589994610074,0.0,0.0,0.0,0.0,2237.8589994610074,0.0,2237.8589994610074,2237.8589994610074,0.0,0.0,0.0,0.0,2237.8589994610074,2237.8254084471782,2237.726861685573,2237.8254084471782,2237.6947549128004,2237.726861685573,2237.570038985255,2237.726861685573,2237.6316546850153,2237.8254084471782,2237.7593395430285,2237.726861685573,2237.792188469011,2237.726861685573,2237.663019240684,2237.6947549128004,2237.663019240684,2237.6947549128004,2237.6316546850153,2237.570038985255,2237.663019240684,2237.6006612613974,2237.8254084471782,2237.6316546850153,2237.8254084471782,2237.5397878718245,2237.726861685573,2237.5099079361603,2237.726861685573,2237.6316546850153,2237.792188469011,2237.8254084471782,2237.663019240684,2237.726861685573,2237.7593395430285,2237.6316546850153,2237.6947549128004,2237.726861685573,2237.6947549128004,2237.6316546850153,2237.6947549128004,2237.570038985255,2237.6316546850153,2237.6006612613974,2237.6316546850153,2237.792188469011,2237.7593395430285,2237.726861685573,2237.663019240684,2237.6947549128004,2237.6316546850153,0.0,2237.6316546850153,2237.663019240684,2237.6947549128004,2237.6947549128004,2237.792188469011,2237.5397878718245,2237.6316546850153,2237.5099079361603,2237.6006612613974,2237.7593395430285,2237.7593395430285,2237.792188469011,2237.663019240684,2237.8254084471782,2237.726861685573,2237.6316546850153,2237.726861685573,2237.726861685573,2237.726861685573,2237.663019240684,2237.6947549128004,2237.6947549128004,2237.7593395430285,2237.7593395430285,2237.663019240684,2237.663019240684,2237.7593395430285,2237.570038985255,2237.726861685573,2237.6947549128004,2237.6006612613974,2237.7593395430285,2237.6947549128004,2237.8589994610074,2237.6316546850153,2237.7593395430285,2237.792188469011,2237.7593395430285,2237.8254084471782,2237.8589994610074,2237.8589994610074,2237.726861685573,2237.7593395430285,2237.6947549128004,2237.8254084471782,2237.8589994610074,2237.8254084471782,2237.663019240684,2237.8589994610074,2237.8254084471782,2237.8254084471782,0.0,2237.8254084471782,0.0,2237.8589994610074,0.0,2237.8589994610074,0.0,2237.8589994610074,2237.8254084471782,0.0,0.0,0.0,0.0,2237.8589994610074,0.0,2237.8589994610074,0.0,0.0,0.0,0.0,0.0,0.0,2237.8589994610074,2237.8589994610074,0.0,0.0,0.0,2237.8589994610074,2237.8589994610074,0.0,0.0,0.0,0.0,2237.8589994610074,0.0,0.0,2237.8589994610074,0.0,2237.8589994610074,2237.8589994610074,0.0,0.0,0.0,2237.8254084471782,2237.8254084471782,0.0,0.0,2237.8589994610074,0.0,2237.8254084471782,2237.8589994610074,0.0,0.0,0.0,2237.8589994610074,0.0,0.0,0.0,2237.8589994610074,0.0,0.0,2237.8589994610074,0.0,0.0,2237.8589994610074,0.0,0.0,2237.8589994610074,2237.8589994610074
0.0,0.0,2237.8589994610074,0.0,2237.8589994610074,0.0,0.0,0.0,2237.8589994610074,0.0,2237.8589994610074,2237.792188469011,0.0,2237.8254084471782,2237.8589994610074,0.0,0.0,2237.8589994610074,0.0,0.0,0.0,2237.8589994610074,0.0,0.0,0.0,0.0,0.0,2237.8589994610074,0.0,0.0,0.0,0.0,0.0,2237.8589994610074,0.0,0.0,0.0,0.0,0.0,2237.8589994610074,0.0,0.0,2237.8589994610074,0.0,2237.792188469011,0.0,2237.8589994610074,0.0,0.0,0.0,0.0,0.0,0.0,0.0,0.0,0.0,0.0,2237.8589994610074,2237.8589994610074,0.0,2237.8589994610074,0.0,0.0,0.0,0.0,0.0,0.0,2237.8589994610074,2237.8589994610074,0.0,0.0,0.0,0.0,0.0,0.0,0.0,2237.8589994610074,0.0,2237.8589994610074,2237.8589994610074,0.0,2237.8589994610074,0.0,2237.8589994610074,2237.8254084471782,2237.8589994610074,0.0,2237.6947549128004,2237.792188469011,2237.8254084471782,2237.7593395430285,2237.6947549128004,2237.726861685573,2237.7593395430285,2237.6947549128004,0.0,2237.6947549128004,2237.6316546850153,2237.792188469011,2237.6947549128004,2237.726861685573,2237.726861685573,2237.7593395430285,2237.792188469011,2237.726861685573,2237.792188469011,2237.6006612613974,2237.663019240684,2237.6947549128004,2237.6947549128004,2237.792188469011,2237.5397878718245,2237.663019240684,2237.792188469011,2237.570038985255,2237.7593395430285,2237.663019240684,2237.663019240684,2237.792188469011,2237.6947549128004,2237.726861685573,2237.726861685573,2237.6947549128004,2237.7593395430285,2237.792188469011,2237.6947549128004,2237.663019240684,2237.6947549128004,2237.6947549128004,2237.6006612613974,2237.6006612613974,2237.663019240684,2237.6947549128004,2237.726861685573,2237.792188469011,2237.7593395430285,2237.726861685573,2237.6006612613974,2237.5397878718245,2237.422495343555,2237.1305704948786,2237.366076438371,2237.8254084471782,2237.8254084471782,2237.6006612613974,2237.6947549128004,2237.726861685573,2237.726861685573,2237.7593395430285,2237.726861685573,2237.570038985255,2237.6947549128004,2237.6947549128004,2237.6947549128004,2237.663019240684,2237.663019240684,2237.726861685573,2237.6947549128004,2237.663019240684,2237.7593395430285,2237.792188469011,2237.6316546850153,2237.663019240684,2237.8589994610074,2237.7593395430285,2237.726861685573,2237.726861685573,2237.6006612613974,2237.6947549128004,2237.6947549128004,2237.570038985255,2237.6947549128004,2237.726861685573,2237.8589994610074,2237.726861685573,2237.8254084471782,2237.792188469011,2237.792188469011,2237.792188469011,2237.726861685573,2237.792188469011,2237.7593395430285,0.0,2237.7593395430285,2237.7593395430285,2237.8254084471782,2237.8589994610074,2237.8254084471782,2237.7593395430285,0.0,2237.792188469011,2237.8254084471782,2237.8589994610074,2237.8589994610074,2237.8589994610074,0.0,0.0,0.0,2237.8589994610074,2237.8254084471782,2237.8589994610074,2237.8589994610074,0.0,2237.8254084471782,2237.8589994610074,0.0,2237.8589994610074,2237.8589994610074,2237.8589994610074,0.0,2237.8254084471782,2237.8589994610074,2237.792188469011,2237.8254084471782,2237.8589994610074,0.0,0.0,2237.8589994610074,2237.8589994610074,0.0,2237.8254084471782,2237.8589994610074,0.0,2237.8589994610074,0.0,0.0,0.0,0.0,0.0,2237.8589994610074,0.0,0.0,0.0,2237.8589994610074,2237.8589994610074,0.0,0.0,0.0,0.0,0.0,0.0,2237.8589994610074,0.0,0.0,0.0,0.0,0.0,0.0,2237.8589994610074,0.0,2237.8589994610074,2237.8589994610074,0.0,0.0,2237.8589994610074,2237.8589994610074
0.0,2237.8589994610074,0.0,0.0,0.0,0.0,0.0,2237.8589994610074,2237.8589994610074,2237.8589994610074,0.0,2237.8589994610074,0.0,0.0,0.0,0.0,2237.8589994610074,0.0,0.0,0.0,0.0,0.0,2237.8589994610074,0.0,2237.8589994610074,2237.8589994610074,2237.8589994610074,0.0,0.0,0.0,0.0,2237.8589994610074,0.0,2237.8589994610074,2237.8589994610074,0.0,2237.8589994610074,0.0,2237.8589994610074,2237.8254084471782,0.0,0.0,0.0,0.0,2237.8589994610074,0.0,0.0,0.0,0.0,2237.8589994610074,2237.8589994610074,0.0,0.0,0.0,0.0,0.0,0.0,0.0,2237.8589994610074,0.0,0.0,0.0,0.0,0.0,2237.8254084471782,0.0,0.0,2237.792188469011,0.0,0.0,0.0,2237.8589994610074,2237.8589994610074,2237.8589994610074,0.0,0.0,0.0,0.0,0.0,0.0,2237.8589994610074,0.0,0.0,0.0,2237.8589994610074,2237.8589994610074,2237.6947549128004,2237.792188469011,2237.792188469011,2237.6947549128004,2237.8254084471782,2237.8254084471782,0.0,2237.6947549128004,2237.663019240684,2237.6947549128004,2237.6316546850153,2237.8254084471782,2237.7593395430285,2237.726861685573,2237.7593395430285,2237.726861685573,2237.663019240684,2237.8254084471782,2237.8254084471782,2237.480399193134,2237.6316546850153,2237.6006612613974,2237.570038985255,2237.7593395430285,2237.663019240684,2237.663019240684,2237.6947549128004,2237.663019240684,2237.6316546850153,2237.663019240684,2237.7593395430285,2237.6316546850153,2237.6947549128004,2237.570038985255,2237.6006612613974,2237.726861685573,2237.663019240684,2237.6316546850153,2237.6316546850153,2237.6006612613974,2237.726861685573,2237.5099079361603,2237.663019240684,2237.6316546850153,2237.6316546850153,2237.7593395430285,2237.8254084471782,2237.663019240684,2237.8589994610074,2237.726861685573,2237.792188469011,2237.570038985255,2237.2842325962692,2237.2576939075952,2237.2576939075952,2237.663019240684,2237.5397878718245,2237.663019240684,2237.6947549128004,2237.6006612613974,2237.726861685573,2237.7593395430285,2237.6006612613974,2237.7593395430285,2237.726861685573,2237.6316546850153,2237.7593395430285,2237.792188469011,2237.6316546850153,2237.726861685573,2237.7593395430285,2237.8254084471782,2237.663019240684,2237.8254084471782,2237.7593395430285,2237.792188469011,2237.6947549128004,2237.792188469011,2237.792188469011,2237.7593395430285,2237.7593395430285,2237.7593395430285,2237.6947549128004,2237.726861685573,2237.792188469011,2237.792188469011,2237.792188469011,2237.7593395430285,2237.7593395430285,2237.6316546850153,2237.726861685573,2237.8254084471782,2237.726861685573,2237.7593395430285,2237.726861685573,2237.792188469011,2237.8589994610074,2237.8254084471782,2237.7593395430285,2237.8589994610074,2237.8589994610074,2237.8589994610074,2237.8589994610074,2237.792188469011,0.0,2237.8589994610074,0.0,0.0,2237.792188469011,0.0,2237.8254084471782,2237.8589994610074,2237.8589994610074,2237.8589994610074,0.0,2237.8589994610074,0.0,0.0,2237.8589994610074,2237.8254084471782,0.0,2237.8589994610074,0.0,2237.8589994610074,2237.8589994610074,2237.7593395430285,0.0,0.0,2237.8589994610074,0.0,0.0,0.0,2237.8589994610074,0.0,0.0,2237.8589994610074,2237.8589994610074,0.0,0.0,0.0,0.0,0.0,0.0,0.0,0.0,0.0,2237.8589994610074,0.0,2237.8589994610074,0.0,0.0,0.0,0.0,0.0,0.0,0.0,2237.8589994610074,2237.8589994610074,2237.8589994610074,2237.8589994610074,0.0,0.0,0.0,0.0,2237.8589994610074,2237.7593395430285,2237.8589994610074,0.0,0.0,0.0
0.0,0.0,0.0,0.0,0.0,0.0,2237.8254084471782,2237.8589994610074,0.0,2237.8254084471782,2237.8589994610074,0.0,0.0,0.0,2237.8589994610074,0.0,2237.8589994610074,2237.8589994610074,2237.8589994610074,0.0,0.0,2237.8589994610074,0.0,2237.8589994610074,0.0,0.0,0.0,0.0,0.0,0.0,0.0,2237.8589994610074,0.0,0.0,0.0,0.0,0.0,0.0,0.0,0.0,2237.8254084471782,0.0,0.0,0.0,2237.8589994610074,0.0,0.0,2237.8589994610074,0.0,0.0,0.0,0.0,2237.8254084471782,0.0,0.0,0.0,2237.8589994610074,0.0,2237.8589994610074,0.0,0.0,0.0,0.0,0.0,2237.8589994610074,0.0,0.0,0.0,0.0,0.0,2237.8589994610074,0.0,2237.8589994610074,0.0,0.0,0.0,0.0,0.0,0.0,0.0,0.0,2237.8254084471782,2237.8589994610074,0.0,2237.8254084471782,2237.792188469011,2237.792188469011,2237.6947549128004,2237.6316546850153,2237.6947549128004,2237.5397878718245,2237.6316546850153,2237.6006612613974,2237.6947549128004,2237.7593395430285,0.0,2237.7593395430285,2237.726861685573,2237.480399193134,2237.726861685573,2237.726861685573,2237.6947549128004,2237.8254084471782,2237.6316546850153,2237.6316546850153,2237.663019240684,2237.6316546850153,2237.792188469011,2237.570038985255,2237.6947549128004,2237.6006612613974,2237.726861685573,2237.6947549128004,2237.663019240684,2237.6316546850153,2237.663019240684,2237.6316546850153,2237.726861685573,2237.726861685573,2237.6947549128004,2237.5099079361603,2237.792188469011,2237.6316546850153,2237.6316546850153,2237.6947549128004,2237.6947549128004,2237.480399193134,2237.792188469011,2237.6947549128004,2237.726861685573,2237.6006612613974,2237.6947549128004,2237.6006612613974,2237.570038985255,2237.7593395430285,2237.6947549128004,2237.792188469011,2237.6316546850153,2237.422495343555,2237.1803058026376,2237.205730497842,2237.23152653711,2237.480399193134,2237.726861685573,2237.7593395430285,2237.663019240684,2237.7593395430285,2237.663019240684,2237.663019240684,2237.570038985255,2237.6006612613974,2237.726861685573,2237.480399193134,2237.663019240684,2237.6006612613974,2237.6947549128004,2237.6947549128004,2237.726861685573,2237.7593395430285,2237.792188469011,2237.6947549128004,2237.7593395430285,2237.570038985255,2237.726861685573,2237.792188469011,2237.6316546850153,2237.726861685573,2237.8254084471782,2237.6316546850153,2237.6947549128004,2237.726861685573,2237.6947549128004,2237.6947549128004,2237.8254084471782,2237.570038985255,2237.726861685573,2237.6316546850153,2237.792188469011,2237.6316546850153,2237.6947549128004,2237.663019240684,2237.8254084471782,2237.7593395430285,2237.8589994610074,2237.6947549128004,0.0,2237.792188469011,2237.792188469011,2237.792188469011,2237.8589994610074,2237.792188469011,2237.726861685573,2237.8254084471782,2237.8254084471782,0.0,0.0,2237.8254084471782,2237.8589994610074,2237.8589994610074,0.0,2237.8589994610074,2237.8589994610074,2237.8589994610074,2237.8589994610074,2237.792188469011,2237.8254084471782,2237.8589994610074,0.0,2237.8589994610074,2237.8589994610074,2237.8254084471782,2237.8589994610074,2237.8589994610074,2237.8589994610074,0.0,2237.8589994610074,2237.8589994610074,0.0,2237.8589994610074,2237.8589994610074,0.0,2237.8589994610074,0.0,0.0,0.0,0.0,0.0,0.0,2237.8254084471782,0.0,0.0,2237.8589994610074,0.0,2237.8589994610074,0.0,0.0,0.0,0.0,0.0,2237.8589994610074,2237.8589994610074,2237.8589994610074,0.0,0.0,2237.8589994610074,0.0,2237.8254084471782,0.0,0.0,0.0,2237.8589994610074,2237.8589994610074,2237.8589994610074,0.0,2237.8589994610074,0.0
0.0,2237.8589994610074,0.0,0.0,0.0,2237.8254084471782,2237.8589994610074,0.0,0.0,0.0,2237.8589994610074,0.0,2237.792188469011,0.0,0.0,0.0,0.0,0.0,0.0,0.0,0.0,0.0,0.0,0.0,0.0,2237.8589994610074,0.0,0.0,2237.8589994610074,0.0,0.0,0.0,0.0,0.0,0.0,0.0,2237.8254084471782,0.0,0.0,2237.8254084471782,2237.8589994610074,0.0,0.0,2237.8589994610074,0.0,0.0,0.0,0.0,0.0,0.0,0.0,0.0,0.0,0.0,0.0,2237.8589994610074,2237.8589994610074,2237.8589994610074,2237.8589994610074,2237.8589994610074,0.0,0.0,0.0,2237.8589994610074,0.0,2237.8589994610074,0.0,0.0,0.0,0.0,0.0,2237.8589994610074,0.0,0.0,0.0,0.0,0.0,2237.8589994610074,0.0,0.0,2237.8254084471782,2237.8589994610074,0.0,2237.792188469011,2237.8589994610074,2237.8589994610074,2237.7593395430285,2237.792188469011,2237.6947549128004,2237.6316546850153,2237.6316546850153,2237.6947549128004,2237.7593395430285,2237.8589994610074,2237.5099079361603,2237.7593395430285,2237.6947549128004,2237.7593395430285,2237.726861685573,2237.6947549128004,2237.7593395430285,2237.8254084471782,2237.7593395430285,2237.726861685573,2237.663019240684,2237.6006612613974,2237.663019240684,2237.6316546850153,2237.792188469011,2237.663019240684,2237.726861685573,2237.663019240684,2237.726861685573,2237.7593395430285,2237.6947549128004,2237.726861685573,2237.6316546850153,2237.6006612613974,2237.726861685573,2237.6947549128004,2237.726861685573,2237.726861685573,2237.7593395430285,2237.6316546850153,2237.6947549128004,2237.6947549128004,2237.6947549128004,2237.6947549128004,2237.726861685573,2237.792188469011,2237.6006612613974,2237.5099079361603,2237.6316546850153,2237.792188469011,2237.8254084471782,2237.6947549128004,2237.6316546850153,2237.792188469011,2237.480399193134,2237.3111425899197,2237.2842325962692,2237.6947549128004,2237.6947549128004,2237.663019240684,2237.663019240684,2237.6006612613974,2237.663019240684,2237.726861685573,2237.6006612613974,2237.726861685573,2237.7593395430285,2237.726861685573,2237.7593395430285,2237.6947549128004,2237.726861685573,2237.792188469011,2237.726861685573,2237.8254084471782,2237.792188469011,2237.663019240684,2237.7593395430285,2237.7593395430285,2237.792188469011,2237.6947549128004,2237.726861685573,2237.8254084471782,2237.726861685573,2237.726861685573,2237.726861685573,2237.726861685573,2237.726861685573,2237.6947549128004,2237.792188469011,2237.792188469011,2237.7593395430285,2237.6947549128004,2237.6947549128004,2237.7593395430285,2237.7593395430285,2237.792188469011,2237.7593395430285,2237.7593395430285,2237.792188469011,2237.8254084471782,2237.8254084471782,2237.8589994610074,2237.6947549128004,2237.792188469011,2237.8254084471782,2237.8254084471782,2237.7593395430285,2237.8589994610074,0.0,2237.8589994610074,2237.792188469011,0.0,2237.792188469011,2237.7593395430285,2237.8589994610074,2237.7593395430285,2237.8254084471782,0.0,2237.8589994610074,2237.8254084471782,2237.8254084471782,0.0,2237.8254084471782,2237.8589994610074,0.0,2237.8254084471782,2237.8589994610074,2237.8589994610074,2237.792188469011,0.0,2237.8589994610074,2237.8589994610074,2237.8589994610074,0.0,0.0,0.0,0.0,0.0,2237.8589994610074,0.0,0.0,0.0,0.0,2237.8589994610074,0.0,2237.8589994610074,2237.8589994610074,0.0,2237.8589994610074,0.0,0.0,0.0,0.0,0.0,2237.8589994610074,0.0,0.0,0.0,2237.8589994610074,0.0,0.0,0.0,2237.8254084471782,0.0,2237.8589994610074,0.0,0.0,0.0,2237.8589994610074,0.0,2237.8589994610074,0.0
0.0,0.0,2237.8589994610074,0.0,0.0,2237.8589994610074,0.0,0.0,0.0,2237.8589994610074,2237.8254084471782,0.0,0.0,0.0,2237.8589994610074,0.0,0.0,0.0,0.0,0.0,2237.8589994610074,0.0,0.0,0.0,2237.8589994610074,0.0,0.0,0.0,2237.8589994610074,0.0,0.0,0.0,2237.8254084471782,2237.8589994610074,2237.8589994610074,2237.8589994610074,0.0,2237.8254084471782,0.0,0.0,2237.8589994610074,0.0,0.0,0.0,0.0,0.0,0.0,0.0,2237.8589994610074,0.0,2237.8589994610074,0.0,0.0,0.0,0.0,2237.8589994610074,2237.8589994610074,2237.8589994610074,0.0,0.0,0.0,2237.8589994610074,0.0,2237.8589994610074,0.0,0.0,2237.8589994610074,0.0,2237.8589994610074,2237.8589994610074,0.0,0.0,2237.8254084471782,0.0,2237.8254084471782,2237.8589994610074,0.0,0.0,0.0,2237.8589994610074,0.0,2237.8254084471782,2237.8254084471782,2237.726861685573,2237.7593395430285,2237.6947549128004,2237.726861685573,2237.480399193134,2237.726861685573,2237.570038985255,2237.6947549128004,2237.7593395430285,2237.6947549128004,2237.6316546850153,2237.792188469011,2237.6316546850153,2237.663019240684,2237.663019240684,2237.6316546850153,2237.6947549128004,2237.663019240684,2237.570038985255,2237.6316546850153,2237.570038985255,2237.6947549128004,2237.7593395430285,2237.8254084471782,2237.792188469011,2237.726861685573,2237.570038985255,2237.6947549128004,2237.5099079361603,2237.6006612613974,2237.6316546850153,2237.422495343555,2237.570038985255,2237.7593395430285,2237.570038985255,2237.6316546850153,2237.726861685573,2237.726861685573,2237.726861685573,2237.7593395430285,2237.6316546850153,2237.6006612613974,2237.6316546850153,2237.6947549128004,2237.6947549128004,2237.5099079361603,2237.792188469011,2237.5099079361603,2237.726861685573,2237.6947549128004,2237.663019240684,2237.726861685573,2237.663019240684,2237.570038985255,2237.6006612613974,2237.480399193134,2237.422495343555,2237.3111425899197,2237.5099079361603,2237.6947549128004,2237.663019240684,2237.6316546850153,2237.663019240684,2237.7593395430285,2237.6947549128004,2237.663019240684,2237.4512616574316,2237.663019240684,2237.663019240684,2237.8254084471782,2237.726861685573,2237.663019240684,2237.6006612613974,2237.7593395430285,2237.6947549128004,2237.8589994610074,2237.726861685573,2237.7593395430285,2237.7593395430285,2237.7593395430285,0.0,2237.6316546850153,2237.8254084471782,2237.7593395430285,2237.726861685573,2237.726861685573,2237.792188469011,2237.726861685573,2237.792188469011,2237.726861685573,2237.792188469011,2237.663019240684,2237.6316546850153,2237.663019240684,2237.8254084471782,2237.726861685573,2237.8589994610074,2237.7593395430285,0.0,2237.792188469011,2237.663019240684,2237.8254084471782,2237.792188469011,2237.792188469011,2237.8589994610074,2237.8589994610074,2237.792188469011,2237.6947549128004,0.0,2237.8254084471782,2237.8589994610074,2237.8254084471782,2237.792188469011,2237.8254084471782,2237.792188469011,2237.8254084471782,2237.792188469011,2237.8589994610074,2237.8254084471782,2237.726861685573,2237.8254084471782,2237.7593395430285,2237.792188469011,0.0,2237.8589994610074,2237.8254084471782,0.0,2237.792188469011,2237.8589994610074,2237.8254084471782,2237.792188469011,2237.792188469011,0.0,2237.8589994610074,2237.792188469011,2237.8254084471782,0.0,2237.8589994610074,0.0,2237.8589994610074,0.0,0.0,0.0,2237.8589994610074,0.0,2237.8589994610074,0.0,0.0,0.0,2237.8589994610074,2237.8254084471782,0.0,0.0,0.0,0.0,0.0,2237.8254084471782,0.0,2237.8589994610074,2237.8589994610074,2237.8589994610074,0.0,0.0,2237.8589994610074,0.0,0.0,0.0,0.0,2237.8254084471782,0.0,2237.8589994610074,0.0,0.0
0.0,2237.8589994610074,2237.8589994610074,0.0,0.0,0.0,2237.8589994610074,2237.8254084471782,2237.8589994610074,2237.792188469011,0.0,2237.8589994610074,2237.8589994610074,2237.8589994610074,0.0,0.0,0.0,2237.8589994610074,0.0,0.0,0.0,0.0,0.0,2237.8589994610074,0.0,0.0,0.0,2237.8254084471782,2237.8589994610074,0.0,0.0,2237.8589994610074,0.0,0.0,2237.8254084471782,0.0,0.0,0.0,2237.8589994610074,0.0,0.0,0.0,0.0,2237.8589994610074,2237.8589994610074,2237.8254084471782,2237.8589994610074,0.0,0.0,0.0,0.0,0.0,0.0,0.0,0.0,2237.8254084471782,2237.8589994610074,2237.8589994610074,0.0,0.0,0.0,0.0,0.0,0.0,2237.8589994610074,2237.8589994610074,0.0,0.0,0.0,2237.8589994610074,0.0,0.0,0.0,0.0,0.0,0.0,0.0,0.0,0.0,0.0,2237.8589994610074,2237.8254084471782,2237.8589994610074,2237.7593395430285,2237.792188469011,2237.792188469011,2237.6947549128004,2237.726861685573,2237.570038985255,2237.6316546850153,2237.6316546850153,2237.6316546850153,2237.6947549128004,2237.726861685573,2237.6006612613974,2237.6947549128004,2237.726861685573,2237.6947549128004,2237.6947549128004,2237.8254084471782,2237.6947549128004,2237.8254084471782,2237.792188469011,2237.6006612613974,2237.726861685573,2237.8254084471782,2237.726861685573,2237.663019240684,2237.5397878718245,2237.570038985255,2237.663019240684,2237.570038985255,2237.6947549128004,2237.8589994610074,2237.663019240684,2237.7593395430285,2237.6316546850153,2237.792188469011,2237.7593395430285,2237.6006612613974,2237.8254084471782,2237.663019240684,2237.663019240684,2237.6947549128004,2237.792188469011,2237.792188469011,2237.6947549128004,2237.6006612613974,2237.6947549128004,2237.7593395430285,2237.726861685573,2237.6947549128004,2237.5099079361603,2237.570038985255,2237.6947549128004,2237.480399193134,2237.663019240684,2237.6006612613974,2237.663019240684,2237.422495343555,2237.2576939075952,2237.570038985255,2237.6947549128004,2237.663019240684,2237.663019240684,2237.663019240684,2237.663019240684,2237.726861685573,2237.6947549128004,2237.6316546850153,2237.6947549128004,2237.7593395430285,2237.5099079361603,2237.6947549128004,2237.6947549128004,2237.6947549128004,2237.8254084471782,2237.792188469011,2237.6316546850153,2237.6947549128004,2237.726861685573,2237.6947549128004,2237.8254084471782,2237.7593395430285,2237.663019240684,2237.8254084471782,2237.663019240684,2237.663019240684,2237.792188469011,2237.570038985255,2237.663019240684,2237.792188469011,2237.663019240684,2237.6316546850153,2237.366076438371,2237.6947549128004,2237.6006612613974,2237.726861685573,2237.6316546850153,2237.7593395430285,2237.8589994610074,2237.7593395430285,2237.726861685573,2237.8254084471782,2237.8254084471782,0.0,2237.7593395430285,2237.8254084471782,2237.8589994610074,2237.8589994610074,2237.792188469011,2237.6947549128004,2237.663019240684,2237.726861685573,2237.8254084471782,2237.6947549128004,2237.8254084471782,0.0,2237.726861685573,2237.7593395430285,2237.8254084471782,2237.6947549128004,2237.8254084471782,2237.8589994610074,2237.8254084471782,2237.7593395430285,2237.8589994610074,2237.792188469011,2237.7593395430285,2237.792188469011,2237.7593395430285,2237.7593395430285,2237.792188469011,2237.8254084471782,2237.8589994610074,2237.8254084471782,2237.8589994610074,2237.8589994610074,2237.8254084471782,0.0,0.0,0.0,2237.8254084471782,0.0,2237.8589994610074,2237.8589994610074,0.0,0.0,0.0,2237.8589994610074,0.0,0.0,0.0,0.0,2237.8589994610074,0.0,2237.8589994610074,2237.8254084471782,0.0,2237.8589994610074,0.0,0.0,0.0,2237.8589994610074,2237.8589994610074,0.0,2237.8589994610074,0.0,0.0,0.0,0.0,0.0,0.0,2237.8589994610074,0.0,0.0
0.0,0.0,0.0,0.0,0.0,0.0,0.0,0.0,0.0,0.0,0.0,0.0,0.0,2237.8589994610074,0.0,0.0,0.0,0.0,0.0,2237.8254084471782,0.0,0.0,0.0,0.0,0.0,0.0,0.0,0.0,0.0,0.0,2237.8254084471782,0.0,2237.8589994610074,0.0,2237.8254084471782,0.0,0.0,0.0,0.0,0.0,2237.8254084471782,0.0,0.0,0.0,0.0,0.0,0.0,2237.8589994610074,2237.8589994610074,2237.8589994610074,0.0,0.0,0.0,2237.8589994610074,0.0,0.0,0.0,0.0,0.0,0.0,0.0,0.0,0.0,2237.8589994610074,0.0,2237.8589994610074,2237.8589994610074,0.0,0.0,0.0,0.0,0.0,2237.8254084471782,2237.8589994610074,0.0,0.0,0.0,0.0,0.0,0.0,2237.8254084471782,2237.8254084471782,2237.8254084471782,2237.7593395430285,2237.7593395430285,2237.6947549128004,2237.726861685573,2237.7593395430285,2237.6947549128004,2237.7593395430285,2237.726861685573,2237.6006612613974,2237.8589994610074,2237.726861685573,2237.726861685573,2237.7593395430285,2237.7593395430285,2237.7593395430285,2237.8589994610074,2237.8254084471782,2237.663019240684,2237.5397878718245,2237.663019240684,2237.726861685573,2237.792188469011,2237.726861685573,2237.792188469011,2237.570038985255,2237.6947549128004,2237.726861685573,2237.6316546850153,2237.726861685573,2237.726861685573,2237.7593395430285,2237.6947549128004,2237.7593395430285,2237.6316546850153,2237.6006612613974,2237.663019240684,2237.6947549128004,2237.726861685573,2237.663019240684,2237.726861685573,2237.663019240684,2237.663019240684,2237.6006612613974,2237.663019240684,2237.7593395430285,2237.6006612613974,2237.726861685573,2237.7593395430285,2237.6947549128004,2237.726861685573,2237.6006612613974,2237.6316546850153,2237.5099079361603,2237.6316546850153,2237.6006612613974,2237.5099079361603,2237.205730497842,2237.480399193134,2237.366076438371,2237.6316546850153,2237.5397878718245,2237.8254084471782,2237.663019240684,2237.366076438371,2237.726861685573,2237.5397878718245,2237.726861685573,2237.6947549128004,2237.6947549128004,2237.8254084471782,2237.7593395430285,2237.6316546850153,2237.726861685573,2237.8254084471782,2237.7593395430285,2237.8254084471782,2237.7593395430285,2237.8254084471782,2237.8254084471782,2237.792188469011,2237.6947549128004,2237.792188469011,2237.792188469011,2237.6947549128004,2237.726861685573,2237.6947549128004,2237.792188469011,2237.7593395430285,2237.7593395430285,2237.6947549128004,2237.726861685573,2237.570038985255,2237.4512616574316,2237.570038985255,2237.7593395430285,2237.7593395430285,2237.726861685573,2237.8254084471782,2237.792188469011,2237.8254084471782,2237.792188469011,0.0,2237.7593395430285,2237.7593395430285,2237.8254084471782,2237.8254084471782,2237.8589994610074,2237.792188469011,2237.792188469011,2237.8589994610074,2237.8589994610074,2237.792188469011,2237.7593395430285,2237.792188469011,2237.6947549128004,2237.726861685573,2237.792188469011,2237.6947549128004,2237.8254084471782,2237.792188469011,2237.8254084471782,2237.792188469011,2237.792188469011,2237.8254084471782,2237.6316546850153,2237.792188469011,2237.8254084471782,2237.8254084471782,2237.8589994610074,2237.8589994610074,2237.8589994610074,2237.8589994610074,0.0,0.0,2237.8589994610074,2237.8589994610074,0.0,0.0,2237.8589994610074,0.0,0.0,0.0,0.0,2237.8254084471782,2237.8589994610074,0.0,0.0,0.0,0.0,0.0,0.0,2237.8589994610074,2237.8589994610074,0.0,0.0,0.0,0.0,2237.8589994610074,0.0,0.0,0.0,0.0,0.0,2237.8589994610074,0.0,0.0,0.0,0.0,2237.8589994610074,0.0,2237.8254084471782,2237.8589994610074,2237.8589994610074
0.0,0.0,2237.8589994610074,0.0,2237.8589994610074,2237.792188469011,0.0,0.0,0.0,0.0,2237.8589994610074,0.0,0.0,0.0,2237.8589994610074,2237.8589994610074,0.0,0.0,2237.8254084471782,0.0,0.0,0.0,0.0,0.0,0.0,0.0,0.0,0.0,0.0,0.0,0.0,0.0,0.0,2237.8589994610074,2237.8589994610074,2237.8589994610074,2237.8589994610074,2237.8589994610074,0.0,0.0,0.0,2237.8589994610074,0.0,0.0,0.0,0.0,0.0,0.0,2237.8589994610074,0.0,0.0,0.0,0.0,0.0,0.0,0.0,0.0,2237.792188469011,0.0,0.0,0.0,0.0,0.0,2237.8589994610074,0.0,2237.8589994610074,2237.8589994610074,2237.8589994610074,0.0,0.0,0.0,0.0,2237.8589994610074,0.0,0.0,2237.8589994610074,0.0,2237.8589994610074,2237.8589994610074,2237.8589994610074,2237.8254084471782,2237.663019240684,2237.8589994610074,2237.7593395430285,2237.7593395430285,2237.726861685573,2237.663019240684,2237.570038985255,2237.663019240684,2237.6006612613974,2237.5397878718245,2237.6316546850153,2237.6947549128004,2237.792188469011,2237.663019240684,2237.6006612613974,2237.5397878718245,2237.6316546850153,2237.726861685573,2237.726861685573,2237.663019240684,2237.726861685573,2237.7593395430285,2237.6947549128004,2237.6316546850153,2237.6947549128004,2237.6006612613974,2237.663019240684,2237.5099079361603,2237.663019240684,2237.8254084471782,2237.726861685573,2237.570038985255,2237.6316546850153,2237.663019240684,2237.663019240684,2237.726861685573,2237.6006612613974,2237.7593395430285,2237.663019240684,2237.570038985255,2237.6316546850153,2237.6947549128004,2237.726861685573,2237.726861685573,2237.792188469011,2237.570038985255,2237.6947549128004,2237.663019240684,2237.570038985255,2237.663019240684,2237.6006612613974,2237.6947549128004,2237.6316546850153,2237.663019240684,2237.663019240684,2237.5099079361603,2237.6316546850153,2237.6006612613974,2237.3384238751473,2237.570038985255,2237.570038985255,2237.663019240684,2237.726861685573,2237.792188469011,2237.7593395430285,2237.7593395430285,2237.5397878718245,2237.6947549128004,2237.6947549128004,2237.7593395430285,2237.570038985255,2237.7593395430285,2237.726861685573,2237.792188469011,2237.726861685573,2237.7593395430285,2237.7593395430285,2237.6947549128004,2237.570038985255,2237.6316546850153,2237.7593395430285,2237.726861685573,2237.663019240684,2237.6316546850153,2237.792188469011,2237.726861685573,2237.663019240684,2237.726861685573,2237.6947549128004,2237.792188469011,2237.726861685573,2237.7593395430285,2237.726861685573,2237.6316546850153,2237.6947549128004,2237.663019240684,2237.663019240684,2237.7593395430285,2237.6947549128004,2237.7593395430285,2237.792188469011,0.0,2237.792188469011,2237.6947549128004,2237.726861685573,2237.792188469011,2237.7593395430285,2237.792188469011,2237.792188469011,2237.8254084471782,2237.7593395430285,2237.8589994610074,2237.8589994610074,2237.7593395430285,2237.726861685573,2237.8589994610074,2237.8254084471782,2237.7593395430285,2237.6947549128004,2237.7593395430285,2237.663019240684,2237.792188469011,2237.792188469011,2237.8589994610074,2237.792188469011,2237.6947549128004,2237.8589994610074,2237.8254084471782,2237.792188469011,2237.7593395430285,2237.6947549128004,2237.8589994610074,2237.7593395430285,2237.792188469011,2237.7593395430285,2237.8254084471782,2237.8589994610074,2237.8589994610074,0.0,2237.8589994610074,2237.8589994610074,0.0,2237.8254084471782,2237.8589994610074,0.0,0.0,2237.8589994610074,0.0,0.0,0.0,2237.8589994610074,2237.8254084471782,0.0,2237.8589994610074,0.0,2237.8589994610074,0.0,2237.8589994610074,0.0,0.0,0.0,0.0,2237.8589994610074,0.0,0.0,0.0,0.0,0.0,2237.8589994610074,0.0,0.0,0.0,2237.792188469011,0.0,0.0
2237.8589994610074,2237.8589994610074,2237.8589994610074,0.0,0.0,0.0,2237.8589994610074,2237.8589994610074,0.0,0.0,0.0,0.0,0.0,0.0,0.0,0.0,0.0,0.0,0.0,0.0,2237.8589994610074,0.0,2237.8254084471782,0.0,0.0,0.0,2237.8589994610074,2237.8589994610074,0.0,0.0,0.0,0.0,0.0,0.0,2237.8589994610074,0.0,2237.8254084471782,0.0,0.0,0.0,0.0,0.0,0.0,0.0,0.0,0.0,0.0,2237.8589994610074,0.0,0.0,0.0,0.0,0.0,0.0,0.0,0.0,0.0,0.0,0.0,0.0,0.0,0.0,0.0,0.0,0.0,0.0,0.0,0.0,2237.8589994610074,2237.8589994610074,0.0,0.0,0.0,2237.8589994610074,0.0,2237.8589994610074,0.0,2237.8589994610074,0.0,2237.8589994610074,2237.8254084471782,2237.792188469011,2237.663019240684,2237.792188469011,2237.6947549128004,2237.792188469011,2237.6947549128004,2237.570038985255,2237.570038985255,2237.726861685573,2237.570038985255,2237.570038985255,2237.726861685573,2237.570038985255,2237.663019240684,2237.6316546850153,2237.570038985255,2237.3384238751473,2237.5099079361603,2237.570038985255,2237.5397878718245,2237.726861685573,2237.6947549128004,2237.726861685573,2237.726861685573,2237.7593395430285,2237.6316546850153,2237.7593395430285,2237.6006612613974,2237.663019240684,2237.7593395430285,2237.726861685573,2237.663019240684,2237.792188469011,2237.6316546850153,2237.6316546850153,2237.6006612613974,2237.792188469011,2237.7593395430285,2237.5099079361603,2237.8254084471782,2237.663019240684,2237.8589994610074,2237.6316546850153,2237.663019240684,2237.7593395430285,2237.5397878718245,2237.726861685573,2237.570038985255,2237.570038985255,2237.6947549128004,2237.570038985255,2237.6947549128004,2237.6316546850153,2237.663019240684,2237.6316546850153,2237.792188469011,2237.7593395430285,2237.5397878718245,2237.570038985255,2237.4512616574316,2237.6947549128004,2237.6316546850153,2237.726861685573,2237.7593395430285,2237.726861685573,2237.5397878718245,2237.6947549128004,2237.5397878718245,2237.726861685573,2237.726861685573,2237.663019240684,2237.7593395430285,2237.726861685573,2237.663019240684,2237.6947549128004,2237.7593395430285,2237.6947549128004,2237.792188469011,2237.6947549128004,2237.7593395430285,2237.726861685573,2237.6947549128004,2237.663019240684,2237.6006612613974,2237.8254084471782,2237.663019240684,2237.792188469011,2237.6947549128004,2237.6947549128004,2237.7593395430285,2237.6947549128004,2237.8254084471782,2237.8589994610074,2237.6947549128004,2237.726861685573,2237.7593395430285,2237.792188469011,2237.663019240684,2237.726861685573,2237.726861685573,2237.726861685573,2237.792188469011,0.0,2237.726861685573,2237.7593395430285,2237.726861685573,2237.7593395430285,2237.726861685573,2237.8254084471782,2237.663019240684,2237.726861685573,2237.6947549128004,2237.6006612613974,2237.663019240684,2237.7593395430285,2237.726861685573,2237.7593395430285,2237.792188469011,2237.8589994610074,2237.792188469011,2237.7593395430285,2237.7593395430285,2237.6947549128004,2237.8589994610074,2237.8589994610074,2237.8589994610074,2237.6316546850153,2237.663019240684,2237.7593395430285,2237.7593395430285,2237.8254084471782,2237.8254084471782,2237.792188469011,2237.7593395430285,0.0,2237.7593395430285,2237.8254084471782,0.0,2237.8589994610074,2237.792188469011,0.0,2237.8254084471782,2237.8589994610074,0.0,2237.8254084471782,2237.8589994610074,0.0,2237.8589994610074,0.0,0.0,0.0,2237.8589994610074,2237.8254084471782,2237.8589994610074,0.0,2237.8589994610074,0.0,2237.8254084471782,0.0,0.0,0.0,0.0,0.0,2237.8589994610074,0.0,0.0,0.0,2237.8254084471782,0.0,0.0,2237.792188469011,2237.8589994610074,0.0,0.0,0.0
0.0,0.0,0.0,2237.8589994610074,0.0,0.0,0.0,2237.8589994610074,2237.8589994610074,2237.8589994610074,0.0,0.0,0.0,2237.8589994610074,0.0,2237.8589994610074,0.0,0.0,0.0,2237.8589994610074,2237.8589994610074,2237.7593395430285,0.0,0.0,0.0,0.0,0.0,2237.8589994610074,0.0,0.0,0.0,0.0,0.0,0.0,2237.8589994610074,2237.8589994610074,0.0,2237.8589994610074,0.0,0.0,0.0,0.0,2237.8589994610074,0.0,0.0,2237.8589994610074,2237.8589994610074,2237.8589994610074,2237.8589994610074,2237.8589994610074,0.0,0.0,2237.8589994610074,0.0,0.0,0.0,0.0,0.0,2237.8589994610074,0.0,0.0,0.0,0.0,0.0,0.0,0.0,0.0,0.0,2237.8589994610074,0.0,0.0,0.0,0.0,2237.8589994610074,0.0,2237.8589994610074,0.0,2237.8254084471782,2237.8254084471782,2237.726861685573,2237.792188469011,2237.6947549128004,2237.7593395430285,2237.6947549128004,2237.7593395430285,2237.6947549128004,2237.792188469011,2237.2842325962692,2237.366076438371,2237.6316546850153,2237.5397878718245,2237.7593395430285,2237.5099079361603,2237.570038985255,2237.6006612613974,2237.7593395430285,2237.3384238751473,2237.3384238751473,2237.2576939075952,2237.3384238751473,2237.5099079361603,2237.5397878718245,2237.726861685573,2237.663019240684,2237.726861685573,2237.570038985255,2237.663019240684,2237.8254084471782,2237.570038985255,2237.726861685573,2237.6316546850153,2237.6947549128004,2237.6947549128004,2237.6316546850153,2237.792188469011,2237.6947549128004,2237.6947549128004,2237.726861685573,2237.726861685573,2237.663019240684,2237.6006612613974,2237.726861685573,2237.5397878718245,2237.570038985255,2237.6947549128004,2237.570038985255,2237.7593395430285,2237.6947549128004,2237.663019240684,2237.5397878718245,2237.6006612613974,2237.6947549128004,2237.7593395430285,2237.663019240684,2237.6006612613974,2237.4512616574316,2237.6947549128004,2237.6947549128004,2237.6316546850153,2237.663019240684,2237.663019240684,2237.6316546850153,2237.663019240684,2237.6947549128004,2237.792188469011,2237.792188469011,2237.6947549128004,2237.480399193134,2237.480399193134,2237.570038985255,2237.5099079361603,2237.6006612613974,2237.6316546850153,2237.7593395430285,2237.792188469011,2237.4512616574316,2237.6316546850153,2237.792188469011,2237.8254084471782,0.0,2237.663019240684,2237.6006612613974,2237.6947549128004,2237.8254084471782,2237.6006612613974,2237.6947549128004,2237.7593395430285,2237.726861685573,2237.7593395430285,2237.726861685573,2237.726861685573,2237.6947549128004,2237.8254084471782,2237.792188469011,2237.8589994610074,2237.8254084471782,2237.726861685573,2237.792188469011,2237.726861685573,2237.8589994610074,2237.726861685573,2237.726861685573,2237.8254084471782,2237.792188469011,2237.5397878718245,2237.792188469011,2237.6006612613974,2237.726861685573,2237.8589994610074,2237.792188469011,2237.6316546850153,2237.726861685573,2237.6947549128004,2237.726861685573,0.0,2237.726861685573,2237.8254084471782,2237.8254084471782,2237.792188469011,2237.7593395430285,2237.7593395430285,2237.663019240684,2237.6947549128004,2237.726861685573,2237.7593395430285,2237.6947549128004,2237.792188469011,2237.726861685573,2237.8254084471782,2237.6947549128004,2237.7593395430285,2237.8589994610074,2237.8254084471782,2237.8254084471782,2237.8254084471782,2237.792188469011,2237.792188469011,2237.8589994610074,0.0,2237.8254084471782,2237.8589994610074,2237.8589994610074,0.0,2237.8589994610074,2237.8254084471782,2237.8589994610074,0.0,2237.8589994610074,2237.8589994610074,2237.8589994610074,0.0,2237.8254084471782,0.0,0.0,2237.8589994610074,2237.8589994610074,2237.8254084471782,0.0,0.0,0.0,2237.8254084471782,2237.8254084471782,0.0,0.0,2237.8589994610074,2237.8589994610074,0.0,2237.8254084471782,2237.8254084471782,0.0,0.0,0.0,0.0,2237.8589994610074,0.0,2237.8589994610074
0.0,0.0,0.0,0.0,2237.8589994610074,2237.8254084471782,0.0,0.0,0.0,2237.8589994610074,0.0,0.0,2237.8254084471782,2237.8589994610074,0.0,2237.8589994610074,0.0,0.0,0.0,0.0,0.0,2237.8589994610074,0.0,0.0,0.0,0.0,0.0,0.0,0.0,0.0,0.0,0.0,0.0,0.0,0.0,0.0,0.0,0.0,0.0,2237.8589994610074,2237.8254084471782,0.0,0.0,0.0,0.0,0.0,0.0,2237.8589994610074,0.0,2237.8589994610074,2237.8589994610074,0.0,2237.8589994610074,0.0,0.0,2237.8589994610074,0.0,0.0,2237.8589994610074,0.0,0.0,0.0,0.0,0.0,0.0,2237.792188469011,0.0,0.0,0.0,0.0,0.0,0.0,2237.8589994610074,0.0,2237.8589994610074,2237.792188469011,2237.8254084471782,2237.792188469011,2237.7593395430285,2237.8254084471782,2237.6947549128004,2237.6947549128004,2237.6947549128004,2237.726861685573,2237.792188469011,2237.8254084471782,2237.3384238751473,2237.3384238751473,2237.366076438371,2237.5397878718245,2237.726861685573,2237.6316546850153,2237.726861685573,2237.726861685573,2237.5397878718245,2237.480399193134,2237.6316546850153,2237.4512616574316,2237.3941002658235,2237.3941002658235,2237.3111425899197,2237.663019240684,2237.726861685573,2237.7593395430285,2237.6947549128004,2237.570038985255,2237.570038985255,2237.792188469011,2237.6947549128004,2237.570038985255,2237.6316546850153,2237.570038985255,2237.726861685573,2237.6947549128004,2237.663019240684,2237.663019240684,2237.6947549128004,2237.6006612613974,2237.422495343555,2237.570038985255,2237.663019240684,2237.6947549128004,2237.5397878718245,2237.7593395430285,2237.726861685573,2237.6947549128004,2237.726861685573,2237.5397878718245,2237.663019240684,2237.6316546850153,2237.6947549128004,2237.4512616574316,2237.6006612613974,2237.570038985255,2237.6316546850153,2237.6316546850153,2237.480399193134,2237.570038985255,2237.792188469011,2237.726861685573,2237.726861685573,2237.6947549128004,2237.5099079361603,2237.6006612613974,2237.7593395430285,2237.6947549128004,2237.663019240684,2237.726861685573,2237.726861685573,2237.6006612613974,2237.663019240684,2237.6316546850153,2237.7593395430285,2237.7593395430285,2237.7593395430285,2237.663019240684,2237.6947549128004,2237.726861685573,2237.8254084471782,2237.792188469011,2237.7593395430285,2237.663019240684,2237.663019240684,2237.6947549128004,2237.7593395430285,2237.8589994610074,2237.6947549128004,2237.8254084471782,2237.8254084471782,2237.792188469011,2237.726861685573,2237.7593395430285,2237.5397878718245,2237.6006612613974,2237.792188469011,2237.8254084471782,2237.6947549128004,2237.6947549128004,2237.726861685573,2237.792188469011,2237.726861685573,2237.6316546850153,0.0,2237.8254084471782,2237.6316546850153,2237.7593395430285,2237.7593395430285,2237.792188469011,2237.8589994610074,2237.6947549128004,2237.792188469011,2237.792188469011,2237.8254084471782,2237.8589994610074,2237.8589994610074,2237.8254084471782,2237.792188469011,2237.8254084471782,2237.7593395430285,2237.7593395430285,2237.792188469011,2237.663019240684,2237.480399193134,2237.792188469011,2237.8254084471782,2237.792188469011,2237.663019240684,2237.7593395430285,2237.7593395430285,2237.8254084471782,2237.792188469011,2237.792188469011,2237.6947549128004,2237.792188469011,2237.792188469011,2237.7593395430285,2237.8254084471782,2237.8254084471782,2237.8589994610074,2237.8254084471782,2237.792188469011,2237.8589994610074,2237.8589994610074,2237.8254084471782,2237.792188469011,2237.8254084471782,0.0,2237.8589994610074,2237.7593395430285,2237.8589994610074,0.0,2237.8589994610074,2237.792188469011,2237.8589994610074,2237.8254084471782,0.0,2237.8589994610074,0.0,0.0,2237.8589994610074,0.0,0.0,0.0,0.0,2237.8589994610074,0.0,2237.8589994610074,0.0,0.0,2237.8589994610074,0.0,0.0,0.0,0.0,2237.8589994610074,0.0
0.0,2237.8589994610074,2237.8589994610074,2237.8589994610074,0.0,0.0,0.0,0.0,0.0,2237.8589994610074,2237.8589994610074,0.0,0.0,0.0,2237.8589994610074,0.0,0.0,0.0,0.0,0.0,0.0,0.0,2237.8589994610074,0.0,0.0,0.0,0.0,0.0,0.0,0.0,0.0,0.0,0.0,0.0,0.0,2237.8254084471782,2237.8254084471782,0.0,0.0,0.0,2237.8589994610074,2237.8589994610074,0.0,0.0,0.0,0.0,0.0,0.0,0.0,0.0,2237.8589994610074,0.0,2237.8589994610074,2237.8589994610074,0.0,0.0,0.0,0.0,0.0,0.0,0.0,0.0,0.0,2237.8589994610074,2237.8589994610074,0.0,0.0,0.0,0.0,0.0,0.0,0.0,2237.8589994610074,0.0,2237.8254084471782,2237.8254084471782,2237.792188469011,2237.8589994610074,2237.8589994610074,2237.7593395430285,2237.7593395430285,2237.5397878718245,2237.6006612613974,2237.6947549128004,2237.5397878718245,2237.5099079361603,2237.422495343555,2237.480399193134,2237.5099079361603,2237.6316546850153,2237.6947549128004,2237.663019240684,2237.6947549128004,2237.663019240684,2237.6947549128004,2237.6316546850153,2237.6947549128004,2237.3111425899197,2237.23152653711,2237.4512616574316,2237.3941002658235,2237.6316546850153,2237.6316546850153,2237.792188469011,2237.7593395430285,2237.726861685573,2237.663019240684,2237.6316546850153,2237.7593395430285,2237.570038985255,2237.792188469011,2237.6947549128004,2237.6316546850153,2237.726861685573,2237.570038985255,2237.726861685573,2237.6316546850153,2237.6316546850153,2237.792188469011,2237.6947549128004,2237.663019240684,2237.6316546850153,2237.726861685573,2237.6316546850153,2237.663019240684,2237.6316546850153,2237.663019240684,2237.792188469011,2237.5099079361603,2237.570038985255,2237.663019240684,2237.6316546850153,2237.6316546850153,2237.726861685573,2237.663019240684,2237.6947549128004,2237.6947549128004,2237.3941002658235,2237.6947549128004,2237.6947549128004,2237.6006612613974,2237.726861685573,2237.6947549128004,2237.663019240684,2237.663019240684,2237.663019240684,2237.726861685573,2237.6006612613974,2237.570038985255,2237.6316546850153,2237.6947549128004,2237.480399193134,2237.6947549128004,2237.6947549128004,2237.663019240684,2237.7593395430285,2237.663019240684,2237.6947549128004,2237.6006612613974,2237.726861685573,2237.6316546850153,2237.663019240684,2237.570038985255,2237.6947549128004,2237.570038985255,2237.726861685573,2237.7593395430285,2237.8254084471782,2237.726861685573,2237.8589994610074,2237.726861685573,2237.726861685573,2237.8589994610074,2237.6316546850153,2237.6947549128004,2237.8589994610074,2237.5397878718245,2237.663019240684,2237.792188469011,2237.792188469011,2237.8254084471782,2237.8254084471782,2237.726861685573,2237.7593395430285,2237.792188469011,2237.663019240684,2237.6316546850153,2237.8254084471782,2237.792188469011,2237.8589994610074,2237.792188469011,2237.8254084471782,2237.7593395430285,2237.6316546850153,2237.7593395430285,2237.7593395430285,2237.7593395430285,2237.726861685573,2237.5397878718245,2237.726861685573,2237.6947549128004,2237.792188469011,2237.726861685573,2237.792188469011,2237.8254084471782,2237.8254084471782,2237.726861685573,2237.6947549128004,2237.8589994610074,2237.7593395430285,2237.792188469011,2237.7593395430285,2237.7593395430285,0.0,2237.792188469011,2237.7593395430285,2237.726861685573,2237.8254084471782,2237.726861685573,2237.8254084471782,2237.8254084471782,2237.8254084471782,2237.792188469011,2237.8589994610074,2237.726861685573,2237.8589994610074,2237.7593395430285,2237.726861685573,2237.8254084471782,2237.8589994610074,0.0,2237.8589994610074,0.0,0.0,2237.8589994610074,2237.8589994610074,2237.8589994610074,2237.8254084471782,2237.8589994610074,2237.8589994610074,0.0,2237.8589994610074,0.0,0.0,0.0,0.0,0.0,0.0,0.0,0.0,0.0,0.0,2237.8589994610074,2237.8589994610074,0.0,2237.8254084471782
2237.8589994610074,0.0,0.0,0.0,0.0,0.0,0.0,2237.8589994610074,2237.8589994610074,0.0,0.0,2237.8589994610074,2237.8589994610074,0.0,2237.8589994610074,0.0,0.0,0.0,0.0,2237.8589994610074,0.0,0.0,0.0,2237.8254084471782,0.0,0.0,0.0,2237.8589994610074,0.0,2237.8589994610074,0.0,0.0,0.0,2237.8589994610074,0.0,0.0,0.0,0.0,0.0,2237.8589994610074,0.0,2237.8589994610074,0.0,0.0,0.0,0.0,2237.8589994610074,0.0,0.0,2237.8254084471782,0.0,0.0,0.0,2237.8589994610074,0.0,2237.8589994610074,0.0,0.0,0.0,0.0,0.0,0.0,2237.8254084471782,2237.8254084471782,0.0,0.0,0.0,0.0,0.0,2237.8589994610074,2237.8589994610074,0.0,0.0,2237.8254084471782,2237.8589994610074,2237.792188469011,2237.726861685573,2237.8254084471782,2237.726861685573,2237.7593395430285,2237.6947549128004,2237.8254084471782,2237.7593395430285,2237.726861685573,2237.6006612613974,2237.205730497842,2237.3384238751473,2237.4512616574316,2237.4512616574316,2237.7593395430285,2237.6006612613974,2237.663019240684,2237.6947549128004,2237.726861685573,2237.8589994610074,2237.7593395430285,2237.570038985255,2237.5099079361603,2237.6006612613974,2237.3111425899197,2237.5099079361603,2237.792188469011,2237.6006612613974,2237.6316546850153,2237.6006612613974,2237.5397878718245,2237.6947549128004,2237.6006612613974,2237.3941002658235,2237.663019240684,2237.6947549128004,2237.663019240684,2237.6316546850153,2237.6006612613974,2237.6947549128004,2237.8254084471782,2237.726861685573,2237.6006612613974,2237.7593395430285,2237.6316546850153,2237.6947549128004,2237.663019240684,2237.6947549128004,2237.8254084471782,2237.726861685573,2237.8254084471782,2237.6947549128004,2237.663019240684,2237.4512616574316,2237.5397878718245,2237.570038985255,2237.480399193134,2237.480399193134,2237.480399193134,2237.726861685573,2237.570038985255,2237.663019240684,2237.8254084471782,2237.6947549128004,2237.5099079361603,2237.6006612613974,2237.6316546850153,2237.663019240684,2237.726861685573,2237.6947549128004,2237.6316546850153,2237.792188469011,2237.726861685573,2237.7593395430285,2237.6006612613974,2237.6947549128004,2237.6316546850153,2237.570038985255,2237.726861685573,2237.663019240684,2237.726861685573,2237.7593395430285,2237.8254084471782,2237.726861685573,2237.726861685573,2237.570038985255,2237.663019240684,2237.6006612613974,2237.8589994610074,2237.6947549128004,2237.7593395430285,2237.7593395430285,2237.792188469011,2237.792188469011,2237.792188469011,2237.8254084471782,2237.792188469011,2237.792188469011,2237.8254084471782,2237.663019240684,2237.6006612613974,2237.8589994610074,2237.792188469011,2237.726861685573,2237.8254084471782,2237.7593395430285,2237.7593395430285,2237.726861685573,2237.7593395430285,2237.792188469011,2237.726861685573,2237.6947549128004,2237.8254084471782,2237.8589994610074,2237.792188469011,2237.792188469011,2237.8589994610074,2237.8589994610074,2237.8589994610074,2237.6947549128004,2237.663019240684,2237.7593395430285,2237.7593395430285,2237.5397878718245,2237.7593395430285,2237.7593395430285,0.0,2237.792188469011,2237.8254084471782,2237.7593395430285,2237.8254084471782,2237.792188469011,2237.6006612613974,2237.792188469011,2237.792188469011,2237.8254084471782,2237.726861685573,2237.6947549128004,2237.8254084471782,2237.8589994610074,2237.792188469011,2237.7593395430285,2237.792188469011,2237.792188469011,2237.792188469011,2237.6947549128004,2237.792188469011,2237.726861685573,2237.8589994610074,2237.7593395430285,2237.726861685573,2237.8589994610074,2237.792188469011,2237.7593395430285,2237.8589994610074,2237.792188469011,2237.7593395430285,0.0,2237.8589994610074,2237.8589994610074,2237.8589994610074,2237.8589994610074,0.0,2237.8589994610074,2237.792188469011,2237.8589994610074,2237.8589994610074,2237.8589994610074,0.0,0.0,0.0,2237.8589994610074,2237.8589994610074,0.0,0.0,0.0,0.0,0.0,0.0,0.0,2237.8589994610074
0.0,0.0,2237.792188469011,0.0,0.0,0.0,0.0,0.0,0.0,0.0,2237.8589994610074,0.0,0.0,0.0,0.0,0.0,0.0,0.0,0.0,2237.8589994610074,0.0,0.0,0.0,0.0,0.0,0.0,0.0,0.0,2237.8589994610074,0.0,0.0,0.0,0.0,0.0,2237.8254084471782,0.0,0.0,0.0,0.0,2237.8254084471782,0.0,0.0,0.0,0.0,2237.8589994610074,0.0,0.0,0.0,0.0,0.0,0.0,0.0,0.0,0.0,2237.8589994610074,0.0,2237.8254084471782,2237.8589994610074,0.0,0.0,0.0,0.0,0.0,2237.8589994610074,2237.8589994610074,2237.8589994610074,0.0,0.0,0.0,0.0,2237.8589994610074,0.0,2237.7593395430285,2237.663019240684,2237.792188469011,2237.792188469011,2237.8254084471782,2237.6947549128004,2237.792188469011,2237.726861685573,2237.792188469011,2237.726861685573,2237.792188469011,2237.6316546850153,2237.5099079361603,2237.570038985255,2237.422495343555,2237.570038985255,2237.570038985255,2237.7593395430285,2237.6316546850153,2237.663019240684,2237.5397878718245,2237.6947549128004,2237.5397878718245,2237.5099079361603,2237.5099079361603,2237.570038985255,2237.1803058026376,2237.3384238751473,2237.6947549128004,2237.7593395430285,2237.663019240684,2237.6947549128004,2237.792188469011,2237.6316546850153,2237.570038985255,2237.8254084471782,2237.6006612613974,2237.7593395430285,2237.6316546850153,2237.663019240684,2237.726861685573,2237.726861685573,2237.7593395430285,2237.570038985255,2237.8589994610074,2237.6947549128004,2237.726861685573,2237.6316546850153,2237.792188469011,2237.726861685573,2237.726861685573,2237.6316546850153,2237.7593395430285,2237.663019240684,2237.570038985255,2237.726861685573,2237.570038985255,2237.6947549128004,2237.570038985255,2237.663019240684,2237.6006612613974,2237.6316546850153,2237.570038985255,2237.8589994610074,2237.663019240684,2237.792188469011,2237.8254084471782,2237.7593395430285,2237.6947549128004,2237.663019240684,2237.6316546850153,2237.7593395430285,2237.6947549128004,2237.5397878718245,2237.792188469011,2237.7593395430285,2237.570038985255,2237.7593395430285,2237.6006612613974,2237.7593395430285,2237.792188469011,2237.7593395430285,2237.6947549128004,2237.663019240684,2237.6006612613974,2237.6947549128004,2237.8589994610074,2237.792188469011,2237.6947549128004,2237.6947549128004,2237.726861685573,2237.663019240684,2237.663019240684,2237.7593395430285,2237.726861685573,2237.792188469011,2237.570038985255,2237.726861685573,2237.726861685573,2237.8254084471782,2237.726861685573,2237.6006612613974,0.0,2237.663019240684,2237.792188469011,2237.7593395430285,2237.792188469011,2237.792188469011,2237.6947549128004,2237.8254084471782,2237.7593395430285,2237.7593395430285,2237.792188469011,2237.792188469011,2237.663019240684,2237.8589994610074,2237.6947549128004,2237.8254084471782,2237.792188469011,2237.8254084471782,2237.792188469011,2237.792188469011,2237.6006612613974,2237.8254084471782,2237.792188469011,2237.726861685573,2237.7593395430285,2237.6947549128004,2237.7593395430285,2237.663019240684,2237.726861685573,2237.726861685573,2237.726861685573,2237.726861685573,2237.7593395430285,2237.8254084471782,2237.7593395430285,2237.7593395430285,2237.726861685573,2237.792188469011,2237.6947549128004,2237.792188469011,2237.8254084471782,2237.792188469011,2237.7593395430285,2237.8589994610074,2237.8589994610074,2237.792188469011,2237.792188469011,2237.792188469011,2237.792188469011,2237.726861685573,2237.7593395430285,2237.726861685573,2237.6947549128004,2237.8589994610074,2237.8589994610074,2237.792188469011,2237.726861685573,2237.8589994610074,2237.8254084471782,2237.8254084471782,2237.8254084471782,0.0,0.0,2237.792188469011,2237.8254084471782,2237.8254084471782,0.0,2237.8589994610074,0.0,0.0,0.0,0.0,0.0,0.0,0.0,2237.8254084471782,0.0,0.0,0.0,0.0,0.0,2237.8589994610074
2237.8254084471782,0.0,0.0,0.0,0.0,0.0,0.0,2237.8589994610074,2237.8589994610074,2237.8589994610074,2237.8589994610074,2237.8589994610074,2237.8589994610074,0.0,2237.8589994610074,0.0,0.0,0.0,2237.8589994610074,0.0,2237.8589994610074,0.0,2237.8589994610074,0.0,0.0,0.0,0.0,2237.8254084471782,0.0,0.0,0.0,2237.8589994610074,0.0,0.0,0.0,0.0,0.0,2237.8589994610074,0.0,2237.8589994610074,0.0,0.0,0.0,0.0,0.0,0.0,0.0,2237.8589994610074,0.0,0.0,0.0,2237.8254084471782,2237.8589994610074,2237.8589994610074,2237.8589994610074,0.0,2237.8589994610074,0.0,0.0,0.0,0.0,0.0,0.0,0.0,0.0,0.0,0.0,0.0,0.0,0.0,2237.8589994610074,2237.8254084471782,2237.792188469011,2237.663019240684,2237.6947549128004,2237.6947549128004,2237.792188469011,2237.570038985255,2237.663019240684,2237.6947549128004,2237.8254084471782,2237.792188469011,2237.792188469011,2237.7593395430285,2237.663019240684,2237.5099079361603,2237.4512616574316,2237.2842325962692,2237.663019240684,2237.663019240684,2237.663019240684,2237.6947549128004,2237.663019240684,2237.8254084471782,2237.7593395430285,2237.726861685573,2237.480399193134,2237.663019240684,2237.422495343555,2237.5397878718245,2237.5397878718245,2237.6316546850153,2237.5397878718245,2237.6316546850153,2237.6006612613974,2237.480399193134,2237.6006612613974,2237.6947549128004,2237.6947549128004,2237.7593395430285,2237.6006612613974,2237.480399193134,2237.6316546850153,2237.7593395430285,2237.663019240684,2237.7593395430285,2237.663019240684,2237.7593395430285,2237.6316546850153,2237.6316546850153,2237.6316546850153,2237.6316546850153,2237.6316546850153,2237.726861685573,2237.6006612613974,2237.6316546850153,2237.6947549128004,2237.8254084471782,2237.663019240684,2237.6947549128004,2237.6316546850153,2237.6316546850153,2237.5397878718245,2237.726861685573,2237.6947549128004,2237.6316546850153,2237.792188469011,2237.6947549128004,2237.8254084471782,2237.6947549128004,2237.7593395430285,2237.663019240684,2237.6316546850153,2237.663019240684,2237.726861685573,2237.663019240684,2237.726861685573,2237.726861685573,2237.6316546850153,2237.7593395430285,2237.792188469011,2237.6947549128004,2237.5397878718245,2237.6006612613974,2237.6947549128004,2237.5099079361603,2237.726861685573,2237.6947549128004,2237.7593395430285,2237.7593395430285,2237.7593395430285,2237.792188469011,2237.663019240684,2237.792188469011,2237.6947549128004,2237.6006612613974,2237.7593395430285,2237.7593395430285,2237.663019240684,2237.7593395430285,2237.570038985255,2237.726861685573,2237.6947549128004,2237.663019240684,0.0,2237.8254084471782,0.0,2237.726861685573,2237.726861685573,2237.7593395430285,2237.8589994610074,2237.792188469011,2237.8254084471782,2237.7593395430285,2237.726861685573,2237.6947549128004,2237.663019240684,2237.663019240684,2237.792188469011,2237.7593395430285,2237.7593395430285,2237.6947549128004,0.0,0.0,2237.726861685573,2237.792188469011,2237.6316546850153,2237.7593395430285,2237.792188469011,2237.8254084471782,2237.7593395430285,2237.8254084471782,2237.726861685573,2237.792188469011,2237.6316546850153,2237.6316546850153,2237.6947549128004,2237.792188469011,2237.8254084471782,0.0,2237.792188469011,2237.6947549128004,2237.7593395430285,2237.792188469011,2237.663019240684,2237.7593395430285,2237.7593395430285,2237.7593395430285,2237.726861685573,2237.792188469011,2237.8254084471782,2237.663019240684,2237.792188469011,2237.6947549128004,2237.8589994610074,2237.7593395430285,2237.7593395430285,2237.792188469011,2237.7593395430285,2237.726861685573,2237.792188469011,2237.792188469011,2237.8254084471782,2237.792188469011,2237.8589994610074,2237.8254084471782,2237.8254084471782,2237.8589994610074,0.0,0.0,2237.8254084471782,0.0,0.0,0.0,0.0,0.0,0.0,0.0,0.0,0.0,0.0,0.0,2237.8589994610074,0.0,0.0,0.0
2237.8589994610074,0.0,0.0,0.0,0.0,0.0,0.0,0.0,0.0,0.0,0.0,0.0,0.0,0.0,0.0,2237.8589994610074,2237.8589994610074,0.0,0.0,2237.8589994610074,0.0,0.0,2237.8254084471782,0.0,0.0,2237.8254084471782,0.0,0.0,0.0,0.0,2237.8254084471782,2237.8589994610074,0.0,0.0,0.0,2237.8589994610074,0.0,0.0,0.0,2237.8254084471782,2237.8589994610074,0.0,0.0,0.0,0.0,0.0,2237.8589994610074,0.0,0.0,2237.8589994610074,0.0,0.0,0.0,0.0,0.0,0.0,0.0,0.0,0.0,2237.8589994610074,0.0,0.0,0.0,0.0,0.0,2237.8589994610074,0.0,2237.8589994610074,0.0,0.0,2237.8254084471782,0.0,2237.8589994610074,2237.8254084471782,2237.7593395430285,2237.663019240684,2237.6316546850153,2237.6947549128004,2237.7593395430285,2237.7593395430285,2237.8254084471782,2237.792188469011,2237.663019240684,2237.6006612613974,2237.570038985255,2237.792188469011,2237.663019240684,2237.663019240684,2237.5099079361603,2237.663019240684,2237.7593395430285,2237.6316546850153,2237.6947549128004,2237.726861685573,2237.6947549128004,2237.6947549128004,2237.726861685573,2237.726861685573,2237.663019240684,2237.6316546850153,2237.726861685573,2237.570038985255,2237.6947549128004,2237.6316546850153,2237.792188469011,2237.663019240684,2237.570038985255,2237.6947549128004,2237.663019240684,2237.663019240684,2237.6316546850153,2237.480399193134,2237.7593395430285,2237.6316546850153,2237.663019240684,2237.7593395430285,2237.6947549128004,2237.6947549128004,2237.726861685573,2237.6947549128004,2237.6316546850153,2237.726861685573,2237.726861685573,2237.726861685573,2237.6947549128004,2237.792188469011,2237.663019240684,2237.726861685573,2237.663019240684,2237.8254084471782,2237.7593395430285,2237.6316546850153,2237.7593395430285,2237.6947549128004,2237.6006612613974,2237.8254084471782,2237.6316546850153,2237.6316546850153,2237.7593395430285,2237.7593395430285,2237.663019240684,2237.6947549128004,2237.6316546850153,2237.6947549128004,2237.6006612613974,2237.6947549128004,2237.726861685573,2237.5397878718245,2237.6006612613974,2237.6316546850153,2237.6006612613974,2237.7593395430285,2237.570038985255,2237.6316546850153,2237.570038985255,2237.5397878718245,2237.726861685573,2237.8254084471782,2237.570038985255,2237.792188469011,2237.570038985255,2237.726861685573,2237.570038985255,2237.8589994610074,2237.726861685573,2237.726861685573,2237.8589994610074,2237.7593395430285,2237.6316546850153,2237.6006612613974,2237.792188469011,2237.6316546850153,2237.792188469011,2237.663019240684,2237.6947549128004,2237.663019240684,2237.726861685573,0.0,2237.8589994610074,2237.663019240684,2237.792188469011,2237.726861685573,2237.792188469011,2237.6947549128004,2237.663019240684,2237.726861685573,2237.663019240684,2237.7593395430285,2237.6947549128004,2237.663019240684,2237.6947549128004,2237.792188469011,2237.6947549128004,2237.663019240684,2237.663019240684,2237.7593395430285,2237.7593395430285,2237.7593395430285,2237.6006612613974,2237.8589994610074,2237.6316546850153,2237.6947549128004,2237.8254084471782,2237.726861685573,2237.663019240684,2237.7593395430285,2237.726861685573,2237.7593395430285,2237.726861685573,2237.7593395430285,2237.8254084471782,2237.792188469011,2237.6316546850153,2237.726861685573,2237.792188469011,2237.726861685573,2237.7593395430285,2237.726861685573,2237.7593395430285,2237.8589994610074,2237.792188469011,2237.792188469011,2237.8254084471782,2237.8254084471782,2237.7593395430285,2237.663019240684,2237.792188469011,2237.792188469011,2237.8254084471782,2237.726861685573,2237.792188469011,2237.8589994610074,2237.663019240684,2237.8589994610074,2237.8254084471782,2237.8589994610074,2237.8589994610074,2237.726861685573,0.0,0.0,2237.792188469011,0.0,0.0,0.0,2237.8589994610074,0.0,2237.8589994610074,2237.8589994610074,2237.8589994610074,0.0,2237.8589994610074,0.0,0.0,0.0,0.0,0.0
0.0,2237.8254084471782,0.0,2237.8589994610074,2237.8589994610074,0.0,0.0,0.0,0.0,0.0,0.0,0.0,0.0,0.0,0.0,0.0,0.0,0.0,0.0,0.0,0.0,0.0,2237.8589994610074,0.0,0.0,0.0,0.0,0.0,2237.8589994610074,0.0,0.0,0.0,2237.8589994610074,0.0,0.0,0.0,0.0,2237.8589994610074,2237.8589994610074,2237.8589994610074,0.0,0.0,2237.8589994610074,0.0,0.0,0.0,0.0,0.0,2237.8589994610074,0.0,2237.8589994610074,2237.8589994610074,2237.8589994610074,2237.8589994610074,0.0,2237.8589994610074,2237.8589994610074,0.0,2237.8589994610074,0.0,0.0,0.0,0.0,0.0,0.0,0.0,2237.8589994610074,0.0,0.0,2237.792188469011,2237.8589994610074,2237.6947549128004,2237.7593395430285,2237.792188469011,2237.726861685573,2237.7593395430285,2237.663019240684,2237.6316546850153,2237.663019240684,2237.726861685573,2237.5397878718245,2237.792188469011,2237.726861685573,2237.6947549128004,2237.726861685573,2237.663019240684,2237.5099079361603,2237.7593395430285,2237.6316546850153,2237.663019240684,2237.6316546850153,2237.726861685573,2237.7593395430285,2237.726861685573,2237.663019240684,2237.726861685573,2237.8589994610074,2237.6947549128004,2237.6316546850153,2237.6316546850153,2237.5397878718245,2237.6006612613974,2237.726861685573,2237.726861685573,2237.6006612613974,2237.6006612613974,2237.6006612613974,2237.663019240684,2237.663019240684,2237.726861685573,2237.6006612613974,2237.792188469011,2237.7593395430285,2237.6947549128004,2237.6316546850153,2237.422495343555,2237.6316546850153,2237.6947549128004,2237.6947549128004,2237.7593395430285,2237.6316546850153,2237.5397878718245,2237.570038985255,2237.6947549128004,2237.570038985255,2237.6947549128004,2237.726861685573,2237.7593395430285,2237.6947549128004,2237.5397878718245,2237.6947549128004,2237.6947549128004,2237.5099079361603,2237.6006612613974,2237.663019240684,2237.8254084471782,2237.8254084471782,2237.792188469011,2237.663019240684,2237.6947549128004,2237.663019240684,2237.6947549128004,2237.726861685573,2237.6316546850153,2237.5397878718245,2237.6006612613974,2237.570038985255,2237.6006612613974,2237.5397878718245,2237.663019240684,2237.726861685573,2237.570038985255,2237.7593395430285,2237.570038985255,2237.6947549128004,2237.726861685573,2237.7593395430285,2237.6316546850153,2237.6006612613974,2237.7593395430285,2237.663019240684,2237.7593395430285,2237.570038985255,2237.663019240684,2237.8254084471782,2237.726861685573,2237.663019240684,2237.5397878718245,2237.6316546850153,2237.8589994610074,2237.663019240684,2237.726861685573,2237.792188469011,0.0,2237.726861685573,2237.8589994610074,2237.8589994610074,2237.8254084471782,2237.792188469011,2237.663019240684,2237.8254084471782,2237.726861685573,2237.792188469011,2237.6947549128004,2237.792188469011,2237.726861685573,2237.792188469011,2237.792188469011,2237.726861685573,2237.6947549128004,2237.726861685573,2237.8254084471782,2237.663019240684,2237.6947549128004,2237.8254084471782,2237.726861685573,2237.6316546850153,2237.7593395430285,2237.6316546850153,2237.6316546850153,2237.8589994610074,2237.7593395430285,2237.663019240684,2237.726861685573,2237.792188469011,2237.6316546850153,2237.7593395430285,2237.663019240684,2237.8589994610074,2237.726861685573,2237.7593395430285,2237.8589994610074,0.0,2237.792188469011,2237.6947549128004,2237.7593395430285,2237.6947549128004,2237.7593395430285,2237.6006612613974,2237.792188469011,2237.792188469011,2237.7593395430285,2237.792188469011,2237.7593395430285,2237.8589994610074,2237.726861685573,2237.726861685573,2237.6947549128004,2237.726861685573,2237.8254084471782,2237.8254084471782,2237.8254084471782,2237.726861685573,2237.8254084471782,2237.8589994610074,2237.8254084471782,0.0,0.0,0.0,0.0,2237.8589994610074,2237.792188469011,0.0,2237.792188469011,0.0,0.0,2237.8589994610074,0.0,0.0,0.0,0.0,0.0,0.0,2237.8254084471782,2237.8589994610074,0.0
0.0,0.0,2237.8589994610074,2237.8589994610074,2237.8589994610074,2237.8254084471782,0.0,0.0,0.0,0.0,0.0,0.0,0.0,0.0,0.0,0.0,2237.8589994610074,2237.8589994610074,0.0,0.0,2237.8589994610074,0.0,0.0,0.0,0.0,0.0,0.0,2237.8589994610074,2237.8589994610074,0.0,2237.8589994610074,2237.8589994610074,0.0,0.0,0.0,0.0,0.0,2237.8589994610074,0.0,0.0,2237.8589994610074,0.0,0.0,0.0,2237.8589994610074,0.0,0.0,0.0,0.0,0.0,0.0,0.0,0.0,2237.8589994610074,0.0,0.0,2237.8589994610074,0.0,2237.8589994610074,0.0,0.0,2237.8589994610074,2237.8589994610074,0.0,0.0,2237.8589994610074,2237.8589994610074,2237.8589994610074,2237.8589994610074,2237.792188469011,2237.7593395430285,2237.726861685573,2237.480399193134,2237.792188469011,2237.8589994610074,2237.726861685573,2237.7593395430285,2237.663019240684,2237.5397878718245,2237.6947549128004,2237.7593395430285,2237.6947549128004,2237.726861685573,2237.726861685573,2237.726861685573,2237.6316546850153,2237.6316546850153,2237.7593395430285,2237.663019240684,2237.792188469011,2237.663019240684,2237.6947549128004,2237.663019240684,2237.6947549128004,2237.663019240684,2237.6316546850153,2237.792188469011,2237.6316546850153,2237.8254084471782,2237.663019240684,2237.8254084471782,2237.792188469011,2237.663019240684,2237.6947549128004,2237.480399193134,2237.480399193134,2237.6316546850153,2237.792188469011,2237.726861685573,2237.726861685573,2237.5397878718245,2237.7593395430285,2237.663019240684,2237.663019240684,2237.6006612613974,2237.6316546850153,2237.6947549128004,2237.6316546850153,2237.5397878718245,2237.726861685573,2237.8254084471782,2237.480399193134,2237.6316546850153,2237.663019240684,2237.792188469011,2237.7593395430285,2237.7593395430285,2237.726861685573,2237.8254084471782,2237.7593395430285,2237.6316546850153,2237.792188469011,2237.7593395430285,2237.6947549128004,2237.7593395430285,2237.8589994610074,2237.7593395430285,2237.8254084471782,2237.7593395430285,2237.7593395430285,2237.663019240684,2237.6947549128004,2237.7593395430285,2237.5099079361603,2237.6947549128004,2237.570038985255,2237.792188469011,2237.7593395430285,2237.7593395430285,2237.663019240684,2237.6006612613974,2237.6947549128004,2237.7593395430285,2237.663019240684,2237.726861685573,2237.5397878718245,2237.663019240684,2237.6316546850153,2237.6316546850153,2237.5397878718245,2237.6947549128004,2237.6006612613974,2237.5099079361603,2237.6947549128004,2237.7593395430285,2237.663019240684,2237.7593395430285,2237.6947549128004,2237.663019240684,2237.7593395430285,2237.663019240684,2237.6947549128004,2237.726861685573,2237.792188469011,2237.7593395430285,2237.6006612613974,2237.792188469011,2237.663019240684,2237.792188469011,2237.792188469011,2237.792188469011,2237.8589994610074,2237.7593395430285,2237.6947549128004,2237.726861685573,2237.7593395430285,2237.7593395430285,2237.726861685573,2237.726861685573,2237.7593395430285,2237.7593395430285,2237.8254084471782,2237.7593395430285,2237.6316546850153,2237.6316546850153,2237.5397878718245,2237.7593395430285,2237.6947549128004,2237.726861685573,2237.6316546850153,2237.663019240684,2237.663019240684,2237.726861685573,2237.6947549128004,2237.6947549128004,2237.8254084471782,2237.792188469011,2237.6947549128004,2237.792188469011,2237.7593395430285,2237.726861685573,2237.792188469011,2237.726861685573,2237.6316546850153,2237.8254084471782,2237.792188469011,2237.7593395430285,2237.726861685573,2237.726861685573,2237.8589994610074,2237.6947549128004,2237.7593395430285,2237.8254084471782,2237.726861685573,2237.8589994610074,2237.726861685573,2237.8589994610074,2237.6006612613974,2237.726861685573,2237.792188469011,2237.792188469011,2237.8589994610074,2237.792188469011,2237.8254084471782,2237.8254084471782,2237.792188469011,2237.8589994610074,2237.8254084471782,2237.8254084471782,2237.8254084471782,2237.8589994610074,2237.792188469011,2237.8589994610074,2237.8254084471782,2237.8589994610074,0.0,0.0,0.0,0.0,2237.8254084471782,2237.8589994610074,0.0,0.0,0.0,2237.8589994610074,2237.8589994610074
0.0,2237.8589994610074,0.0,0.0,0.0,0.0,2237.8589994610074,0.0,2237.8589994610074,2237.8589994610074,2237.8589994610074,2237.8589994610074,2237.8589994610074,0.0,0.0,2237.8589994610074,0.0,0.0,2237.8589994610074,0.0,0.0,0.0,0.0,0.0,0.0,0.0,0.0,0.0,0.0,0.0,0.0,2237.8589994610074,2237.8589994610074,0.0,2237.8589994610074,0.0,0.0,0.0,0.0,0.0,0.0,0.0,0.0,0.0,0.0,0.0,2237.8589994610074,2237.8589994610074,0.0,0.0,2237.8589994610074,2237.8589994610074,2237.8254084471782,2237.8589994610074,0.0,2237.8254084471782,2237.8589994610074,2237.8589994610074,0.0,0.0,0.0,0.0,2237.792188469011,0.0,2237.8589994610074,2237.8589994610074,2237.792188469011,2237.792188469011,0.0,2237.8254084471782,2237.7593395430285,2237.7593395430285,2237.792188469011,2237.6947549128004,2237.7593395430285,2237.663019240684,2237.726861685573,2237.7593395430285,2237.6006612613974,2237.726861685573,2237.7593395430285,2237.8254084471782,2237.726861685573,2237.6316546850153,2237.6006612613974,2237.726861685573,2237.663019240684,2237.570038985255,2237.663019240684,2237.663019240684,2237.5397878718245,2237.6947549128004,2237.8254084471782,2237.6316546850153,2237.663019240684,2237.7593395430285,2237.570038985255,2237.5397878718245,2237.663019240684,2237.5397878718245,2237.726861685573,2237.726861685573,2237.726861685573,2237.792188469011,2237.792188469011,2237.726861685573,2237.663019240684,2237.6947549128004,2237.8254084471782,2237.663019240684,2237.8589994610074,2237.6947549128004,2237.726861685573,2237.6316546850153,2237.6316546850153,2237.663019240684,2237.5397878718245,2237.663019240684,2237.6316546850153,2237.726861685573,2237.6947549128004,2237.6947549128004,2237.7593395430285,2237.726861685573,2237.6947549128004,2237.7593395430285,2237.6947549128004,2237.726861685573,2237.7593395430285,2237.792188469011,2237.792188469011,2237.6947549128004,2237.7593395430285,2237.6947549128004,2237.8254084471782,2237.7593395430285,2237.6947549128004,2237.792188469011,2237.726861685573,2237.792188469011,2237.6947549128004,2237.6947549128004,2237.792188469011,2237.7593395430285,2237.5397878718245,2237.6006612613974,2237.6947549128004,2237.6006612613974,2237.7593395430285,2237.663019240684,2237.7593395430285,2237.663019240684,2237.480399193134,2237.6947549128004,2237.7593395430285,2237.792188469011,2237.8254084471782,2237.7593395430285,2237.726861685573,2237.726861685573,2237.6947549128004,2237.6947549128004,2237.6006612613974,2237.6316546850153,2237.663019240684,2237.6316546850153,2237.663019240684,2237.6006612613974,2237.5397878718245,2237.6947549128004,2237.6947549128004,2237.7593395430285,2237.7593395430285,2237.6947549128004,2237.792188469011,2237.8589994610074,2237.7593395430285,2237.792188469011,2237.6316546850153,2237.8589994610074,2237.7593395430285,2237.792188469011,2237.6947549128004,2237.792188469011,2237.8589994610074,2237.726861685573,2237.726861685573,2237.6947549128004,2237.7593395430285,2237.792188469011,2237.792188469011,2237.726861685573,2237.663019240684,2237.6316546850153,2237.8254084471782,2237.6316546850153,2237.8254084471782,2237.792188469011,2237.7593395430285,2237.7593395430285,2237.792188469011,2237.6947549128004,2237.792188469011,2237.7593395430285,2237.6947549128004,2237.7593395430285,2237.726861685573,2237.792188469011,2237.726861685573,2237.7593395430285,2237.792188469011,2237.8254084471782,2237.7593395430285,2237.7593395430285,2237.6316546850153,2237.726861685573,2237.726861685573,2237.8589994610074,2237.792188469011,2237.792188469011,2237.7593395430285,2237.8589994610074,2237.6947549128004,2237.726861685573,2237.7593395430285,2237.792188469011,2237.726861685573,2237.792188469011,2237.7593395430285,2237.726861685573,2237.6947549128004,2237.8254084471782,2237.6947549128004,2237.7593395430285,2237.792188469011,2237.8589994610074,0.0,2237.6947549128004,2237.8589994610074,0.0,0.0,0.0,2237.8589994610074,2237.8589994610074,2237.8254084471782,2237.8254084471782,0.0,0.0,0.0,0.0,0.0,2237.8589994610074,0.0,0.0,0.0,2237.8589994610074
0.0,0.0,0.0,0.0,2237.8589994610074,0.0,2237.8589994610074,2237.8589994610074,0.0,0.0,0.0,0.0,0.0,0.0,0.0,0.0,0.0,0.0,2237.8589994610074,0.0,0.0,0.0,0.0,2237.8589994610074,2237.8589994610074,0.0,0.0,0.0,0.0,2237.8589994610074,0.0,0.0,0.0,0.0,0.0,2237.8589994610074,0.0,0.0,0.0,0.0,2237.8589994610074,0.0,2237.8589994610074,0.0,0.0,2237.8589994610074,2237.8589994610074,2237.8589994610074,2237.8589994610074,0.0,0.0,0.0,0.0,0.0,0.0,2237.8589994610074,0.0,0.0,0.0,2237.8589994610074,2237.8589994610074,0.0,0.0,2237.8589994610074,2237.792188469011,2237.792188469011,2237.726861685573,2237.8254084471782,2237.792188469011,2237.792188469011,0.0,2237.726861685573,2237.726861685573,2237.7593395430285,2237.792188469011,2237.6006612613974,2237.792188469011,2237.6006612613974,2237.663019240684,2237.6316546850153,2237.663019240684,2237.726861685573,2237.7593395430285,2237.570038985255,2237.6947549128004,2237.7593395430285,2237.570038985255,2237.8254084471782,2237.6947549128004,2237.663019240684,2237.792188469011,2237.6006612613974,2237.6316546850153,2237.6006612613974,2237.7593395430285,2237.726861685573,2237.7593395430285,2237.8254084471782,2237.570038985255,2237.663019240684,2237.6006612613974,2237.663019240684,2237.792188469011,2237.726861685573,2237.792188469011,2237.792188469011,2237.726861685573,2237.663019240684,2237.792188469011,2237.726861685573,2237.663019240684,2237.663019240684,2237.663019240684,2237.6316546850153,2237.5397878718245,2237.6316546850153,2237.4512616574316,2237.663019240684,2237.6316546850153,2237.6947549128004,2237.663019240684,2237.6947549128004,2237.792188469011,2237.6316546850153,2237.792188469011,2237.8254084471782,2237.726861685573,2237.8589994610074,2237.6316546850153,2237.792188469011,2237.6947549128004,2237.6316546850153,2237.7593395430285,2237.8589994610074,2237.7593395430285,2237.663019240684,2237.792188469011,2237.6947549128004,2237.7593395430285,2237.8254084471782,2237.663019240684,2237.792188469011,2237.6006612613974,2237.8589994610074,2237.726861685573,2237.6006612613974,2237.6006612613974,2237.663019240684,2237.6947549128004,2237.7593395430285,2237.5397878718245,2237.792188469011,2237.6947549128004,2237.5397878718245,2237.792188469011,2237.663019240684,2237.6947549128004,2237.726861685573,2237.7593395430285,2237.6947549128004,2237.6316546850153,2237.6316546850153,2237.570038985255,2237.792188469011,2237.726861685573,2237.6316546850153,2237.726861685573,2237.7593395430285,2237.7593395430285,2237.6316546850153,2237.7593395430285,2237.6947549128004,2237.7593395430285,2237.7593395430285,2237.726861685573,2237.6947549128004,2237.8254084471782,2237.6947549128004,2237.6316546850153,2237.7593395430285,2237.726861685573,2237.726861685573,2237.7593395430285,2237.792188469011,2237.6947549128004,2237.6947549128004,2237.7593395430285,2237.726861685573,2237.6947549128004,2237.8589994610074,2237.792188469011,2237.726861685573,2237.792188469011,2237.6316546850153,2237.8254084471782,2237.6006612613974,2237.7593395430285,2237.7593395430285,2237.6947549128004,2237.5397878718245,2237.663019240684,2237.8254084471782,2237.8254084471782,2237.7593395430285,2237.8254084471782,2237.792188469011,2237.8589994610074,2237.792188469011,2237.6006612613974,2237.7593395430285,2237.792188469011,2237.792188469011,2237.792188469011,2237.726861685573,2237.792188469011,2237.663019240684,2237.726861685573,2237.726861685573,2237.7593395430285,2237.6316546850153,2237.792188469011,2237.8589994610074,2237.792188469011,2237.6947549128004,2237.6947549128004,2237.726861685573,2237.7593395430285,2237.7593395430285,2237.8254084471782,2237.663019240684,2237.7593395430285,2237.6947549128004,2237.8254084471782,2237.792188469011,0.0,2237.792188469011,0.0,2237.8589994610074,2237.7593395430285,2237.7593395430285,0.0,2237.8254084471782,2237.8589994610074,0.0,0.0,0.0,0.0,0.0,0.0,0.0,0.0,2237.8589994610074,0.0,2237.8589994610074,0.0,2237.8589994610074
0.0,0.0,2237.8589994610074,2237.8589994610074,2237.8254084471782,0.0,2237.8589994610074,2237.8589994610074,2237.8589994610074,0.0,0.0,0.0,0.0,0.0,0.0,0.0,0.0,0.0,0.0,2237.8254084471782,2237.8589994610074,0.0,0.0,0.0,0.0,0.0,2237.8589994610074,2237.8589994610074,0.0,0.0,0.0,2237.8589994610074,0.0,2237.8254084471782,0.0,0.0,0.0,0.0,0.0,2237.8254084471782,0.0,2237.8589994610074,0.0,0.0,0.0,0.0,0.0,2237.8589994610074,2237.8254084471782,0.0,2237.8589994610074,0.0,2237.8254084471782,0.0,0.0,2237.8254084471782,2237.8589994610074,0.0,0.0,0.0,0.0,2237.8254084471782,2237.7593395430285,2237.7593395430285,2237.7593395430285,2237.8254084471782,2237.6947549128004,2237.8254084471782,2237.7593395430285,2237.726861685573,2237.792188469011,2237.663019240684,2237.7593395430285,2237.792188469011,2237.7593395430285,2237.7593395430285,2237.6316546850153,2237.663019240684,2237.663019240684,2237.7593395430285,2237.6316546850153,2237.6947549128004,2237.663019240684,2237.6316546850153,2237.7593395430285,2237.792188469011,2237.6947549128004,2237.7593395430285,2237.6947549128004,2237.663019240684,2237.6947549128004,2237.8254084471782,2237.5397878718245,2237.6947549128004,2237.8254084471782,2237.663019240684,2237.6316546850153,2237.6947549128004,2237.726861685573,2237.792188469011,2237.8589994610074,2237.726861685573,2237.663019240684,2237.726861685573,2237.726861685573,2237.6316546850153,2237.6316546850153,2237.6316546850153,2237.570038985255,2237.7593395430285,2237.6006612613974,2237.663019240684,2237.792188469011,2237.792188469011,2237.7593395430285,2237.6947549128004,2237.6316546850153,2237.570038985255,2237.6316546850153,2237.6947549128004,2237.6006612613974,2237.726861685573,2237.6316546850153,2237.5397878718245,2237.792188469011,2237.6316546850153,2237.792188469011,2237.726861685573,2237.6316546850153,2237.8254084471782,2237.663019240684,2237.792188469011,2237.6947549128004,2237.663019240684,2237.8254084471782,2237.8589994610074,2237.7593395430285,2237.726861685573,2237.7593395430285,2237.8254084471782,2237.792188469011,2237.7593395430285,2237.663019240684,2237.7593395430285,2237.726861685573,2237.5397878718245,2237.480399193134,2237.5099079361603,2237.6316546850153,2237.8589994610074,2237.5397878718245,2237.5099079361603,2237.726861685573,2237.6316546850153,2237.6316546850153,2237.663019240684,2237.663019240684,2237.8254084471782,2237.726861685573,2237.5099079361603,2237.6947549128004,2237.6006612613974,2237.792188469011,2237.7593395430285,2237.726861685573,2237.663019240684,2237.663019240684,2237.792188469011,2237.726861685573,2237.726861685573,2237.5397878718245,2237.8254084471782,2237.7593395430285,2237.6316546850153,2237.8589994610074,2237.6947549128004,2237.8254084471782,2237.8254084471782,2237.726861685573,2237.6316546850153,2237.8254084471782,0.0,2237.792188469011,2237.6006612613974,2237.726861685573,2237.7593395430285,2237.7593395430285,2237.726861685573,2237.6006612613974,2237.663019240684,2237.663019240684,2237.6947549128004,2237.6947549128004,2237.6947549128004,2237.7593395430285,2237.8254084471782,2237.663019240684,2237.8254084471782,2237.6316546850153,2237.5397878718245,2237.7593395430285,2237.726861685573,2237.663019240684,2237.6006612613974,0.0,2237.663019240684,2237.5397878718245,2237.663019240684,2237.6947549128004,2237.663019240684,2237.7593395430285,2237.7593395430285,2237.7593395430285,2237.726861685573,2237.8254084471782,2237.726861685573,2237.663019240684,2237.8254084471782,2237.792188469011,2237.792188469011,2237.6006612613974,2237.792188469011,2237.7593395430285,2237.663019240684,2237.7593395430285,2237.7593395430285,2237.6006612613974,0.0,2237.8254084471782,2237.6006612613974,2237.792188469011,2237.792188469011,2237.6947549128004,2237.7593395430285,2237.8589994610074,2237.8589994610074,2237.792188469011,2237.8589994610074,2237.792188469011,2237.8589994610074,0.0,0.0,0.0,0.0,0.0,0.0,0.0,2237.8589994610074,0.0,2237.8589994610074,0.0,0.0,0.0,2237.8254084471782,0.0,0.0
0.0,0.0,0.0,0.0,0.0,2237.8589994610074,2237.8589994610074,0.0,2237.8589994610074,0.0,2237.8589994610074,0.0,0.0,0.0,0.0,0.0,2237.8589994610074,0.0,2237.8589994610074,0.0,2237.8589994610074,0.0,0.0,2237.8589994610074,0.0,2237.8589994610074,0.0,2237.8589994610074,0.0,0.0,0.0,0.0,2237.8589994610074,2237.8589994610074,0.0,0.0,0.0,2237.8589994610074,2237.8589994610074,2237.8589994610074,0.0,2237.8589994610074,0.0,2237.8254084471782,0.0,0.0,0.0,0.0,2237.8589994610074,2237.8589994610074,2237.8589994610074,0.0,0.0,0.0,0.0,0.0,2237.792188469011,2237.8589994610074,2237.8589994610074,2237.8589994610074,2237.8254084471782,2237.792188469011,2237.792188469011,2237.726861685573,2237.792188469011,2237.726861685573,2237.792188469011,2237.6947549128004,2237.726861685573,2237.7593395430285,2237.6947549128004,2237.6006612613974,2237.6947549128004,2237.726861685573,2237.726861685573,2237.5397878718245,2237.7593395430285,2237.6316546850153,2237.6947549128004,2237.570038985255,2237.7593395430285,2237.663019240684,2237.663019240684,2237.570038985255,2237.792188469011,2237.6316546850153,2237.726861685573,2237.7593395430285,2237.663019240684,2237.663019240684,2237.7593395430285,2237.663019240684,2237.663019240684,2237.7593395430285,2237.726861685573,2237.7593395430285,2237.726861685573,2237.570038985255,2237.726861685573,2237.8254084471782,2237.6947549128004,2237.5099079361603,2237.6947549128004,2237.7593395430285,2237.5099079361603,2237.7593395430285,2237.792188469011,2237.792188469011,2237.726861685573,2237.663019240684,2237.663019240684,2237.6947549128004,2237.6006612613974,2237.726861685573,2237.7593395430285,2237.6316546850153,2237.7593395430285,2237.6947549128004,2237.6006612613974,2237.570038985255,2237.6006612613974,2237.6316546850153,2237.570038985255,2237.6316546850153,2237.7593395430285,2237.8254084471782,2237.792188469011,2237.663019240684,2237.6947549128004,2237.8589994610074,2237.792188469011,2237.6947549128004,2237.6006612613974,2237.6947549128004,2237.8254084471782,2237.8254084471782,2237.792188469011,2237.663019240684,2237.7593395430285,2237.6947549128004,2237.7593395430285,2237.6316546850153,2237.8254084471782,2237.6316546850153,2237.6947549128004,2237.5397878718245,2237.4512616574316,2237.4512616574316,2237.5099079361603,2237.5397878718245,2237.480399193134,2237.4512616574316,2237.6316546850153,2237.5099079361603,2237.792188469011,2237.6947549128004,2237.5099079361603,2237.6947549128004,2237.6947549128004,2237.7593395430285,2237.6006612613974,2237.5397878718245,2237.6947549128004,2237.6006612613974,2237.570038985255,2237.5397878718245,2237.663019240684,2237.7593395430285,2237.663019240684,2237.6316546850153,2237.8254084471782,2237.792188469011,2237.726861685573,2237.8589994610074,2237.6316546850153,2237.726861685573,2237.726861685573,2237.6947549128004,2237.792188469011,2237.6947549128004,2237.6947549128004,2237.726861685573,2237.792188469011,2237.6316546850153,2237.8589994610074,2237.726861685573,2237.726861685573,2237.6006612613974,2237.6947549128004,2237.726861685573,2237.6947549128004,2237.6947549128004,2237.726861685573,2237.6316546850153,2237.726861685573,2237.6947549128004,2237.663019240684,2237.7593395430285,2237.6316546850153,2237.7593395430285,2237.6947549128004,2237.792188469011,2237.570038985255,2237.8589994610074,2237.726861685573,2237.792188469011,2237.792188469011,2237.7593395430285,2237.7593395430285,2237.7593395430285,2237.7593395430285,2237.792188469011,2237.792188469011,2237.792188469011,2237.5099079361603,2237.726861685573,2237.663019240684,2237.792188469011,2237.6947549128004,2237.6947549128004,2237.726861685573,2237.726861685573,2237.7593395430285,2237.7593395430285,2237.7593395430285,2237.8254084471782,2237.6947549128004,2237.6006612613974,2237.7593395430285,2237.8254084471782,2237.792188469011,2237.6006612613974,2237.792188469011,2237.792188469011,2237.663019240684,2237.7593395430285,2237.8254084471782,2237.8589994610074,2237.792188469011,2237.8254084471782,0.0,0.0,2237.8589994610074,0.0,2237.8254084471782,0.0,0.0,0.0,0.0,0.0,2237.8254084471782,0.0,0.0,0.0,0.0,0.0
0.0,0.0,0.0,0.0,0.0,0.0,0.0,0.0,2237.8589994610074,0.0,0.0,0.0,0.0,2237.8254084471782,0.0,0.0,0.0,2237.8589994610074,0.0,0.0,2237.8589994610074,2237.8589994610074,0.0,2237.8589994610074,0.0,0.0,0.0,2237.8589994610074,0.0,0.0,0.0,2237.8589994610074,0.0,0.0,2237.8589994610074,0.0,0.0,0.0,2237.8589994610074,0.0,0.0,0.0,0.0,2237.8589994610074,0.0,0.0,0.0,0.0,0.0,0.0,0.0,0.0,0.0,2237.8589994610074,2237.8589994610074,0.0,2237.8589994610074,0.0,2237.8589994610074,2237.726861685573,2237.792188469011,2237.7593395430285,2237.8254084471782,2237.792188469011,2237.792188469011,2237.663019240684,2237.663019240684,2237.7593395430285,2237.8254084471782,2237.792188469011,2237.6006612613974,2237.726861685573,2237.663019240684,2237.663019240684,2237.7593395430285,2237.6947549128004,2237.6947549128004,2237.7593395430285,2237.8589994610074,2237.792188469011,2237.663019240684,2237.6947549128004,2237.6316546850153,2237.6006612613974,2237.6316546850153,2237.570038985255,0.0,2237.6947549128004,2237.663019240684,2237.6316546850153,2237.570038985255,2237.663019240684,2237.6316546850153,2237.7593395430285,2237.8254084471782,0.0,2237.6006612613974,2237.726861685573,2237.7593395430285,2237.7593395430285,2237.726861685573,2237.726861685573,2237.6947549128004,2237.726861685573,2237.5397878718245,2237.726861685573,2237.6006612613974,2237.6006612613974,2237.663019240684,2237.663019240684,2237.6947549128004,2237.6006612613974,2237.726861685573,2237.6006612613974,2237.6947549128004,2237.6947549128004,2237.5397878718245,2237.663019240684,2237.6947549128004,2237.5397878718245,2237.6947549128004,2237.570038985255,2237.792188469011,2237.5397878718245,2237.6316546850153,2237.726861685573,2237.6006612613974,2237.6947549128004,2237.663019240684,2237.5397878718245,2237.792188469011,2237.7593395430285,2237.6316546850153,2237.792188469011,2237.6947549128004,2237.6947549128004,2237.6947549128004,2237.726861685573,2237.7593395430285,2237.726861685573,2237.8254084471782,2237.7593395430285,2237.7593395430285,2237.570038985255,2237.726861685573,2237.570038985255,2237.5397878718245,2237.205730497842,2237.4512616574316,2237.4512616574316,2237.4512616574316,2237.5099079361603,2237.726861685573,2237.5397878718245,2237.7593395430285,2237.570038985255,2237.570038985255,2237.792188469011,2237.6316546850153,2237.6006612613974,2237.5099079361603,2237.726861685573,2237.726861685573,2237.6947549128004,2237.6006612613974,2237.6316546850153,2237.726861685573,2237.8254084471782,2237.5397878718245,2237.6316546850153,2237.792188469011,2237.726861685573,2237.570038985255,2237.726861685573,2237.7593395430285,2237.792188469011,2237.726861685573,2237.6316546850153,2237.663019240684,2237.726861685573,2237.7593395430285,2237.726861685573,2237.8254084471782,2237.8254084471782,2237.6947549128004,2237.792188469011,2237.7593395430285,2237.7593395430285,2237.6316546850153,2237.792188469011,2237.6947549128004,2237.792188469011,2237.6947549128004,2237.7593395430285,2237.7593395430285,2237.663019240684,2237.726861685573,2237.792188469011,2237.792188469011,2237.7593395430285,2237.726861685573,2237.8589994610074,2237.6947549128004,2237.726861685573,2237.7593395430285,2237.8254084471782,2237.792188469011,2237.570038985255,2237.726861685573,2237.726861685573,2237.792188469011,2237.663019240684,2237.6006612613974,2237.7593395430285,2237.6947549128004,2237.663019240684,2237.7593395430285,2237.792188469011,2237.663019240684,2237.7593395430285,2237.726861685573,2237.7593395430285,2237.8254084471782,2237.726861685573,2237.7593395430285,2237.6006612613974,2237.8254084471782,2237.6947549128004,2237.726861685573,2237.726861685573,2237.570038985255,2237.7593395430285,2237.6947549128004,2237.6316546850153,0.0,2237.8589994610074,2237.8589994610074,0.0,2237.726861685573,2237.8254084471782,2237.8589994610074,0.0,0.0,2237.8589994610074,0.0,2237.8589994610074,0.0,0.0,0.0,2237.8589994610074,0.0,2237.8589994610074,2237.792188469011,2237.8589994610074,0.0,2237.8589994610074
0.0,2237.8589994610074,2237.8589994610074,2237.792188469011,0.0,2237.8589994610074,0.0,0.0,2237.8589994610074,0.0,0.0,0.0,0.0,0.0,0.0,2237.8589994610074,0.0,0.0,0.0,2237.8589994610074,0.0,0.0,0.0,0.0,0.0,0.0,0.0,0.0,0.0,0.0,0.0,0.0,0.0,0.0,0.0,0.0,0.0,0.0,0.0,0.0,2237.8589994610074,0.0,0.0,0.0,0.0,2237.8589994610074,0.0,2237.8589994610074,0.0,2237.8254084471782,0.0,0.0,0.0,0.0,2237.8254084471782,2237.8589994610074,2237.792188469011,2237.8254084471782,2237.792188469011,2237.726861685573,2237.726861685573,2237.6316546850153,2237.8254084471782,2237.663019240684,2237.6947549128004,2237.792188469011,2237.7593395430285,2237.7593395430285,2237.6947549128004,2237.7593395430285,2237.726861685573,2237.7593395430285,2237.663019240684,2237.6947549128004,2237.792188469011,2237.726861685573,2237.726861685573,2237.6947549128004,2237.6947549128004,2237.726861685573,2237.792188469011,2237.663019240684,2237.663019240684,2237.726861685573,2237.6316546850153,2237.6006612613974,2237.663019240684,2237.7593395430285,2237.8589994610074,2237.726861685573,2237.726861685573,2237.792188469011,2237.792188469011,2237.6947549128004,0.0,2237.726861685573,2237.6006612613974,2237.8254084471782,2237.726861685573,2237.663019240684,2237.6006612613974,2237.726861685573,2237.7593395430285,2237.663019240684,2237.792188469011,2237.6006612613974,2237.5397878718245,2237.6947549128004,2237.792188469011,2237.7593395430285,2237.663019240684,2237.726861685573,2237.7593395430285,2237.570038985255,2237.726861685573,2237.7593395430285,2237.726861685573,2237.6947549128004,2237.7593395430285,2237.6947549128004,2237.663019240684,2237.663019240684,2237.726861685573,2237.6316546850153,2237.6947549128004,2237.6316546850153,2237.663019240684,2237.6947549128004,2237.6006612613974,2237.792188469011,2237.726861685573,2237.663019240684,2237.726861685573,2237.792188469011,2237.7593395430285,2237.8589994610074,2237.726861685573,2237.7593395430285,2237.726861685573,2237.726861685573,2237.6947549128004,2237.7593395430285,2237.7593395430285,2237.570038985255,2237.726861685573,2237.6006612613974,2237.6006612613974,2237.4512616574316,2237.5397878718245,2237.6006612613974,2237.5397878718245,2237.570038985255,2237.5397878718245,2237.7593395430285,2237.5397878718245,2237.6316546850153,2237.7593395430285,2237.663019240684,2237.663019240684,2237.6006612613974,2237.6316546850153,2237.6316546850153,2237.7593395430285,2237.6947549128004,2237.6316546850153,2237.726861685573,0.0,2237.7593395430285,2237.792188469011,2237.6947549128004,2237.7593395430285,2237.6006612613974,2237.8254084471782,2237.792188469011,2237.5099079361603,2237.6947549128004,2237.7593395430285,2237.8254084471782,2237.726861685573,0.0,2237.8589994610074,2237.663019240684,2237.8254084471782,2237.792188469011,2237.792188469011,2237.6947549128004,2237.6947549128004,2237.726861685573,2237.792188469011,2237.7593395430285,2237.726861685573,2237.7593395430285,2237.6316546850153,2237.6006612613974,2237.8254084471782,2237.6006612613974,2237.6947549128004,2237.6947549128004,2237.6006612613974,2237.7593395430285,2237.7593395430285,2237.6316546850153,2237.726861685573,2237.7593395430285,2237.6947549128004,2237.6947549128004,2237.6316546850153,2237.792188469011,2237.663019240684,2237.6947549128004,2237.6316546850153,2237.7593395430285,2237.6316546850153,2237.6947549128004,2237.6947549128004,2237.8254084471782,2237.6316546850153,2237.792188469011,2237.726861685573,2237.7593395430285,2237.8254084471782,2237.6947549128004,2237.726861685573,0.0,2237.6947549128004,2237.8254084471782,2237.8254084471782,2237.726861685573,2237.6947549128004,2237.6947549128004,2237.726861685573,2237.7593395430285,0.0,2237.7593395430285,2237.8254084471782,0.0,2237.792188469011,2237.8589994610074,2237.792188469011,2237.8589994610074,0.0,2237.8254084471782,0.0,2237.8589994610074,0.0,0.0,0.0,0.0,2237.8254084471782,0.0,2237.8589994610074,0.0,0.0,2237.8589994610074,0.0,2237.8589994610074
0.0,0.0,0.0,0.0,0.0,0.0,0.0,0.0,2237.8589994610074,0.0,0.0,0.0,0.0,0.0,2237.8254084471782,0.0,2237.8589994610074,0.0,2237.8589994610074,0.0,0.0,2237.8589994610074,0.0,0.0,0.0,0.0,0.0,0.0,0.0,0.0,0.0,2237.8589994610074,0.0,2237.8589994610074,0.0,0.0,2237.8589994610074,0.0,2237.8589994610074,0.0,2237.8589994610074,0.0,0.0,2237.8254084471782,0.0,0.0,0.0,0.0,0.0,0.0,0.0,2237.8254084471782,2237.8589994610074,2237.8254084471782,2237.792188469011,2237.8254084471782,2237.8589994610074,2237.7593395430285,2237.7593395430285,2237.570038985255,2237.663019240684,2237.792188469011,2237.6947549128004,2237.663019240684,2237.792188469011,2237.7593395430285,2237.726861685573,2237.726861685573,2237.7593395430285,2237.663019240684,2237.7593395430285,2237.6316546850153,2237.6947549128004,2237.7593395430285,2237.6316546850153,2237.792188469011,2237.792188469011,2237.726861685573,2237.7593395430285,2237.8254084471782,2237.726861685573,2237.792188469011,2237.6947549128004,2237.792188469011,2237.726861685573,2237.6947549128004,2237.5397878718245,2237.6947549128004,2237.570038985255,2237.6947549128004,2237.663019240684,2237.792188469011,2237.6316546850153,2237.7593395430285,2237.792188469011,2237.792188469011,2237.8254084471782,2237.7593395430285,2237.7593395430285,2237.663019240684,2237.7593395430285,2237.7593395430285,2237.726861685573,2237.6316546850153,2237.6316546850153,2237.726861685573,2237.7593395430285,2237.7593395430285,2237.792188469011,2237.663019240684,2237.663019240684,2237.7593395430285,2237.663019240684,2237.6316546850153,2237.480399193134,2237.663019240684,2237.663019240684,2237.7593395430285,2237.6006612613974,2237.570038985255,2237.663019240684,2237.663019240684,2237.7593395430285,2237.6316546850153,2237.663019240684,2237.6006612613974,2237.570038985255,2237.6316546850153,2237.663019240684,2237.726861685573,2237.7593395430285,2237.6316546850153,2237.663019240684,2237.8254084471782,2237.8589994610074,0.0,2237.7593395430285,2237.6947549128004,2237.6316546850153,2237.792188469011,2237.8589994610074,2237.792188469011,2237.7593395430285,2237.570038985255,2237.6006612613974,2237.726861685573,2237.663019240684,2237.2842325962692,2237.3941002658235,2237.7593395430285,2237.6006612613974,2237.663019240684,2237.7593395430285,2237.6006612613974,2237.8254084471782,2237.726861685573,2237.7593395430285,2237.726861685573,2237.5397878718245,2237.570038985255,2237.6947549128004,2237.726861685573,2237.6947549128004,2237.6006612613974,2237.570038985255,2237.726861685573,2237.7593395430285,2237.792188469011,2237.6947549128004,2237.663019240684,2237.663019240684,2237.8254084471782,2237.792188469011,2237.726861685573,2237.7593395430285,2237.7593395430285,2237.726861685573,2237.570038985255,2237.792188469011,2237.726861685573,2237.7593395430285,2237.6006612613974,2237.6947549128004,2237.7593395430285,2237.7593395430285,2237.6316546850153,2237.7593395430285,2237.6006612613974,2237.6947549128004,2237.6006612613974,2237.6316546850153,2237.7593395430285,2237.792188469011,2237.6316546850153,2237.726861685573,2237.7593395430285,2237.6316546850153,2237.792188469011,2237.7593395430285,2237.7593395430285,2237.663019240684,2237.6316546850153,2237.726861685573,2237.6947549128004,2237.7593395430285,2237.8254084471782,2237.663019240684,2237.726861685573,2237.726861685573,2237.726861685573,2237.6947549128004,2237.6947549128004,2237.726861685573,2237.663019240684,2237.7593395430285,2237.663019240684,2237.7593395430285,2237.6006612613974,2237.726861685573,2237.6947549128004,2237.726861685573,2237.7593395430285,2237.8254084471782,2237.792188469011,2237.726861685573,2237.7593395430285,2237.8589994610074,2237.6947549128004,2237.6006612613974,2237.7593395430285,2237.570038985255,2237.726861685573,2237.6316546850153,2237.7593395430285,2237.7593395430285,2237.8254084471782,2237.8589994610074,2237.8589994610074,2237.8254084471782,2237.8589994610074,2237.8589994610074,0.0,0.0,2237.8589994610074,2237.8589994610074,0.0,0.0,2237.8589994610074,2237.8589994610074,0.0,2237.8589994610074,0.0,2237.8254084471782,0.0,2237.8589994610074,0.0
0.0,0.0,0.0,0.0,0.0,0.0,2237.8589994610074,0.0,0.0,0.0,0.0,0.0,0.0,2237.8254084471782,0.0,2237.8589994610074,0.0,0.0,0.0,0.0,0.0,0.0,0.0,0.0,0.0,0.0,2237.8589994610074,2237.8589994610074,2237.8589994610074,0.0,2237.8589994610074,0.0,0.0,0.0,0.0,0.0,0.0,0.0,0.0,0.0,2237.8589994610074,0.0,0.0,2237.8589994610074,0.0,2237.8254084471782,2237.8589994610074,2237.8254084471782,0.0,0.0,0.0,2237.8589994610074,2237.8589994610074,2237.792188469011,2237.792188469011,2237.792188469011,2237.7593395430285,2237.6947549128004,2237.8254084471782,2237.792188469011,2237.8254084471782,2237.792188469011,2237.726861685573,2237.7593395430285,2237.6006612613974,2237.6947549128004,2237.8589994610074,2237.663019240684,2237.726861685573,2237.663019240684,2237.726861685573,2237.726861685573,2237.726861685573,2237.726861685573,2237.792188469011,2237.726861685573,2237.792188469011,2237.726861685573,2237.663019240684,2237.7593395430285,2237.792188469011,2237.726861685573,2237.726861685573,2237.6006612613974,2237.726861685573,2237.6947549128004,2237.6006612613974,2237.6316546850153,2237.480399193134,2237.6006612613974,2237.792188469011,2237.7593395430285,2237.6316546850153,2237.6947549128004,2237.8254084471782,2237.726861685573,2237.7593395430285,2237.6947549128004,2237.8254084471782,2237.663019240684,2237.726861685573,2237.726861685573,2237.6006612613974,2237.726861685573,2237.663019240684,2237.6006612613974,2237.663019240684,2237.663019240684,2237.6947549128004,2237.6316546850153,2237.6316546850153,2237.663019240684,2237.7593395430285,2237.6006612613974,2237.726861685573,2237.8254084471782,2237.792188469011,2237.6947549128004,2237.7593395430285,2237.663019240684,2237.5397878718245,2237.5397878718245,2237.663019240684,2237.6947549128004,2237.726861685573,2237.6947549128004,2237.6947549128004,2237.6316546850153,2237.6947549128004,2237.6316546850153,2237.6316546850153,2237.663019240684,2237.8254084471782,2237.8589994610074,2237.7593395430285,2237.792188469011,2237.663019240684,2237.7593395430285,2237.792188469011,2237.7593395430285,2237.5397878718245,2237.480399193134,2237.5397878718245,2237.205730497842,2237.205730497842,2237.5397878718245,2237.6947549128004,2237.570038985255,2237.663019240684,2237.6316546850153,2237.570038985255,2237.480399193134,2237.4512616574316,2237.5099079361603,2237.6006612613974,2237.6947549128004,2237.570038985255,2237.6947549128004,2237.7593395430285,2237.6316546850153,2237.6006612613974,2237.5397878718245,2237.6316546850153,2237.6947549128004,2237.726861685573,2237.663019240684,2237.6947549128004,2237.663019240684,2237.792188469011,2237.726861685573,2237.5397878718245,2237.570038985255,2237.726861685573,2237.726861685573,2237.6006612613974,2237.5099079361603,2237.792188469011,2237.7593395430285,2237.6947549128004,2237.663019240684,2237.8254084471782,2237.7593395430285,2237.726861685573,2237.792188469011,2237.792188469011,2237.8589994610074,2237.7593395430285,2237.5099079361603,2237.6947549128004,2237.7593395430285,2237.726861685573,2237.6947549128004,2237.792188469011,2237.6316546850153,2237.726861685573,2237.792188469011,2237.5099079361603,2237.792188469011,2237.663019240684,2237.6006612613974,2237.8254084471782,2237.8254084471782,2237.663019240684,2237.6947549128004,2237.7593395430285,2237.726861685573,2237.726861685573,2237.663019240684,2237.792188469011,2237.6947549128004,2237.8254084471782,0.0,2237.6947549128004,2237.726861685573,2237.7593395430285,2237.792188469011,2237.6947549128004,2237.726861685573,2237.726861685573,2237.8254084471782,2237.663019240684,2237.6947549128004,2237.792188469011,2237.5099079361603,2237.663019240684,2237.8254084471782,2237.7593395430285,2237.792188469011,2237.6006612613974,2237.726861685573,2237.663019240684,2237.8589994610074,2237.792188469011,2237.8254084471782,2237.792188469011,2237.792188469011,2237.8589994610074,2237.792188469011,0.0,2237.8254084471782,2237.8589994610074,2237.8589994610074,0.0,0.0,0.0,2237.8589994610074,2237.8589994610074,0.0,0.0,0.0,0.0,0.0,0.0,0.0,0.0,0.0
0.0,0.0,0.0,0.0,0.0,2237.8589994610074,0.0,0.0,2237.8589994610074,0.0,0.0,2237.8589994610074,0.0,2237.8589994610074,0.0,0.0,0.0,0.0,0.0,0.0,0.0,0.0,0.0,0.0,0.0,0.0,0.0,2237.8589994610074,0.0,0.0,2237.8589994610074,2237.8589994610074,0.0,0.0,0.0,0.0,0.0,0.0,0.0,0.0,0.0,0.0,0.0,2237.8254084471782,2237.8589994610074,0.0,2237.8589994610074,0.0,0.0,0.0,0.0,0.0,2237.8589994610074,2237.7593395430285,2237.726861685573,2237.792188469011,2237.8254084471782,2237.726861685573,2237.792188469011,2237.6947549128004,2237.6947549128004,2237.7593395430285,2237.792188469011,2237.7593395430285,2237.726861685573,2237.792188469011,2237.6947549128004,2237.6316546850153,2237.6947549128004,2237.726861685573,2237.792188469011,2237.663019240684,2237.726861685573,2237.663019240684,2237.6947549128004,2237.726861685573,2237.8589994610074,2237.8254084471782,2237.792188469011,2237.726861685573,2237.7593395430285,2237.726861685573,2237.726861685573,2237.7593395430285,2237.6316546850153,2237.6316546850153,2237.663019240684,2237.6947549128004,2237.6947549128004,2237.726861685573,2237.6947549128004,2237.6947549128004,2237.6947549128004,2237.6947549128004,2237.726861685573,2237.6316546850153,2237.792188469011,2237.792188469011,2237.6947549128004,2237.6316546850153,2237.6947549128004,2237.792188469011,2237.663019240684,2237.663019240684,2237.6947549128004,2237.4512616574316,2237.6947549128004,2237.570038985255,2237.4512616574316,2237.8254084471782,2237.7593395430285,2237.6316546850153,2237.663019240684,2237.6947549128004,2237.570038985255,2237.8254084471782,2237.6006612613974,2237.6947549128004,2237.6947549128004,2237.663019240684,2237.6947549128004,2237.726861685573,2237.7593395430285,2237.7593395430285,2237.792188469011,2237.7593395430285,2237.663019240684,2237.663019240684,2237.6006612613974,2237.726861685573,2237.7593395430285,2237.726861685573,2237.726861685573,2237.792188469011,2237.726861685573,2237.792188469011,2237.7593395430285,2237.663019240684,2237.6316546850153,2237.6947549128004,2237.6316546850153,2237.4512616574316,2237.0587529242384,2236.8049131791367,2236.8049131791367,2237.480399193134,2237.6316546850153,2237.570038985255,2237.422495343555,2237.5099079361603,2237.6316546850153,2237.6006612613974,2237.663019240684,2237.663019240684,2237.480399193134,2237.5397878718245,2237.6006612613974,2237.663019240684,2237.5099079361603,2237.6316546850153,2237.6947549128004,2237.726861685573,2237.726861685573,2237.726861685573,2237.663019240684,2237.726861685573,2237.6947549128004,2237.663019240684,2237.792188469011,2237.792188469011,2237.726861685573,2237.6947549128004,2237.6316546850153,2237.726861685573,2237.8254084471782,2237.6947549128004,2237.6316546850153,2237.6316546850153,2237.7593395430285,2237.663019240684,2237.663019240684,2237.6316546850153,2237.726861685573,2237.726861685573,2237.6947549128004,2237.7593395430285,2237.6316546850153,2237.663019240684,2237.6947549128004,2237.6947549128004,2237.663019240684,2237.6947549128004,2237.792188469011,2237.663019240684,2237.663019240684,2237.6947549128004,2237.726861685573,2237.6316546850153,2237.726861685573,2237.663019240684,2237.726861685573,2237.7593395430285,2237.7593395430285,2237.6947549128004,2237.726861685573,2237.8254084471782,2237.6316546850153,2237.663019240684,2237.7593395430285,2237.6947549128004,2237.792188469011,2237.7593395430285,2237.6947549128004,2237.792188469011,2237.6947549128004,2237.6316546850153,2237.8254084471782,2237.6947549128004,2237.7593395430285,2237.6947549128004,0.0,2237.8254084471782,2237.6947549128004,2237.6006612613974,2237.570038985255,2237.6947549128004,2237.7593395430285,2237.792188469011,2237.792188469011,2237.8254084471782,2237.7593395430285,2237.792188469011,2237.8589994610074,2237.7593395430285,2237.8254084471782,2237.6006612613974,2237.792188469011,2237.8589994610074,2237.8254084471782,2237.8589994610074,0.0,0.0,2237.8589994610074,2237.8254084471782,0.0,0.0,2237.8589994610074,2237.8589994610074,2237.8589994610074,0.0,2237.8254084471782,0.0,0.0,0.0,2237.8589994610074,0.0
0.0,0.0,0.0,0.0,0.0,0.0,2237.8589994610074,0.0,2237.8589994610074,0.0,0.0,0.0,0.0,2237.792188469011,0.0,0.0,0.0,0.0,0.0,0.0,0.0,2237.8589994610074,2237.8589994610074,0.0,0.0,0.0,2237.8589994610074,0.0,0.0,0.0,0.0,0.0,0.0,2237.8589994610074,0.0,0.0,2237.8589994610074,0.0,2237.8589994610074,0.0,0.0,0.0,0.0,2237.8589994610074,0.0,0.0,2237.8589994610074,0.0,0.0,2237.8254084471782,2237.792188469011,2237.7593395430285,2237.8254084471782,2237.792188469011,2237.663019240684,2237.726861685573,2237.6947549128004,2237.8254084471782,2237.792188469011,2237.6947549128004,2237.663019240684,2237.663019240684,2237.7593395430285,2237.6006612613974,2237.6947549128004,2237.6947549128004,2237.480399193134,2237.726861685573,2237.792188469011,2237.792188469011,2237.7593395430285,2237.6947549128004,2237.726861685573,2237.8589994610074,2237.6947549128004,2237.8254084471782,2237.792188469011,2237.8589994610074,2237.6006612613974,2237.6947549128004,2237.6947549128004,2237.7593395430285,2237.8254084471782,2237.792188469011,2237.663019240684,2237.6947549128004,2237.6947549128004,2237.726861685573,2237.6006612613974,2237.6947549128004,2237.8254084471782,2237.6316546850153,2237.8589994610074,2237.8589994610074,2237.7593395430285,2237.7593395430285,2237.726861685573,2237.6006612613974,2237.792188469011,2237.6947549128004,2237.6316546850153,2237.663019240684,2237.663019240684,2237.7593395430285,2237.8254084471782,2237.726861685573,2237.6947549128004,2237.6316546850153,2237.6316546850153,2237.6947549128004,2237.792188469011,2237.726861685573,2237.7593395430285,2237.6316546850153,2237.6316546850153,2237.7593395430285,2237.7593395430285,2237.6947549128004,2237.726861685573,2237.6947549128004,2237.726861685573,2237.5397878718245,2237.663019240684,2237.6006612613974,2237.6947549128004,2237.7593395430285,2237.726861685573,2237.792188469011,2237.663019240684,2237.663019240684,2237.663019240684,2237.6006612613974,2237.7593395430285,2237.7593395430285,2237.792188469011,2237.8254084471782,2237.792188469011,2237.8254084471782,2237.8254084471782,2237.7593395430285,2237.6316546850153,2237.4512616574316,2237.2576939075952,2236.767807700506,2237.2576939075952,2237.6006612613974,2237.6947549128004,2237.6947549128004,2237.726861685573,2237.663019240684,2237.4512616574316,2237.7593395430285,2237.7593395430285,2237.8254084471782,2237.726861685573,2237.663019240684,2237.792188469011,2237.6947549128004,2237.663019240684,2237.792188469011,2237.6316546850153,2237.6947549128004,2237.663019240684,2237.6316546850153,2237.8254084471782,2237.6316546850153,2237.6006612613974,2237.726861685573,2237.726861685573,2237.6316546850153,2237.792188469011,2237.6316546850153,2237.570038985255,2237.663019240684,2237.792188469011,2237.726861685573,2237.792188469011,2237.5099079361603,2237.7593395430285,2237.6947549128004,2237.6947549128004,2237.6316546850153,2237.6006612613974,2237.792188469011,2237.6316546850153,2237.7593395430285,2237.6947549128004,2237.726861685573,2237.792188469011,2237.663019240684,2237.6947549128004,2237.570038985255,2237.7593395430285,2237.726861685573,2237.663019240684,2237.726861685573,2237.792188469011,2237.6316546850153,2237.7593395430285,2237.6947549128004,2237.792188469011,2237.7593395430285,2237.7593395430285,2237.570038985255,2237.6947549128004,2237.792188469011,2237.7593395430285,2237.792188469011,2237.792188469011,2237.792188469011,2237.6947549128004,2237.792188469011,2237.663019240684,2237.7593395430285,2237.663019240684,2237.7593395430285,2237.726861685573,2237.7593395430285,2237.8254084471782,2237.6947549128004,2237.6947549128004,2237.726861685573,2237.726861685573,2237.8589994610074,2237.792188469011,2237.7593395430285,2237.792188469011,2237.7593395430285,2237.6947549128004,2237.6947549128004,2237.6006612613974,2237.8254084471782,2237.6006612613974,2237.8254084471782,2237.8589994610074,2237.6316546850153,2237.792188469011,2237.8589994610074,2237.8254084471782,2237.8254084471782,0.0,0.0,0.0,0.0,0.0,2237.8589994610074,2237.8589994610074,0.0,2237.8589994610074,0.0,0.0,0.0,0.0,0.0,0.0,0.0
0.0,0.0,0.0,0.0,2237.8589994610074,0.0,2237.8589994610074,0.0,0.0,2237.8589994610074,2237.8254084471782,0.0,0.0,2237.8589994610074,2237.8589994610074,0.0,2237.8589994610074,2237.8589994610074,0.0,0.0,2237.8589994610074,2237.8589994610074,2237.8254084471782,2237.8589994610074,0.0,0.0,0.0,0.0,2237.8589994610074,0.0,0.0,0.0,0.0,2237.8589994610074,2237.8589994610074,0.0,0.0,2237.8589994610074,0.0,0.0,0.0,0.0,2237.8589994610074,0.0,0.0,2237.8589994610074,2237.8589994610074,0.0,0.0,0.0,2237.792188469011,2237.8254084471782,2237.663019240684,2237.663019240684,2237.726861685573,2237.8254084471782,2237.8254084471782,2237.8589994610074,2237.663019240684,2237.7593395430285,2237.726861685573,2237.663019240684,2237.8254084471782,2237.7593395430285,2237.792188469011,2237.6947549128004,2237.663019240684,2237.7593395430285,2237.6316546850153,2237.6947549128004,2237.726861685573,2237.6006612613974,2237.726861685573,2237.6947549128004,2237.726861685573,2237.7593395430285,2237.792188469011,2237.726861685573,2237.792188469011,2237.6947549128004,2237.8254084471782,2237.8254084471782,2237.663019240684,2237.792188469011,2237.570038985255,2237.726861685573,2237.8254084471782,2237.726861685573,2237.663019240684,2237.663019240684,2237.7593395430285,2237.792188469011,2237.7593395430285,2237.6316546850153,2237.726861685573,2237.792188469011,2237.726861685573,2237.726861685573,2237.726861685573,2237.6316546850153,2237.6947549128004,2237.6947549128004,2237.570038985255,2237.663019240684,2237.8254084471782,2237.570038985255,2237.6947549128004,2237.726861685573,2237.6316546850153,2237.726861685573,2237.5397878718245,2237.7593395430285,2237.8254084471782,2237.663019240684,2237.726861685573,2237.663019240684,2237.5099079361603,2237.6947549128004,2237.6006612613974,2237.6006612613974,2237.726861685573,2237.570038985255,2237.792188469011,2237.6006612613974,2237.570038985255,2237.7593395430285,2237.6947549128004,2237.8254084471782,2237.570038985255,2237.6947549128004,2237.663019240684,2237.792188469011,2237.6947549128004,2237.726861685573,2237.8589994610074,0.0,2237.8254084471782,2237.726861685573,2237.726861685573,2237.8589994610074,2237.726861685573,2237.570038985255,2237.5397878718245,2237.23152653711,2237.5397878718245,2237.663019240684,2237.7593395430285,2237.726861685573,2237.663019240684,2237.726861685573,2237.6006612613974,2237.7593395430285,2237.792188469011,2237.6316546850153,2237.6316546850153,2237.6006612613974,2237.6006612613974,2237.8589994610074,2237.663019240684,2237.726861685573,2237.8254084471782,2237.792188469011,2237.6006612613974,2237.726861685573,2237.6947549128004,2237.663019240684,2237.7593395430285,2237.6316546850153,2237.6947549128004,2237.6947549128004,2237.792188469011,2237.663019240684,2237.663019240684,2237.663019240684,2237.792188469011,2237.7593395430285,2237.7593395430285,2237.6947549128004,2237.6947549128004,2237.570038985255,2237.8589994610074,2237.7593395430285,2237.6947549128004,2237.726861685573,2237.792188469011,2237.726861685573,2237.6316546850153,2237.570038985255,2237.726861685573,2237.7593395430285,2237.726861685573,2237.663019240684,2237.6316546850153,2237.8254084471782,2237.792188469011,2237.663019240684,2237.570038985255,2237.726861685573,2237.6947549128004,2237.7593395430285,2237.663019240684,2237.6947549128004,2237.570038985255,2237.6006612613974,2237.726861685573,2237.663019240684,2237.6006612613974,2237.6006612613974,2237.7593395430285,2237.7593395430285,2237.663019240684,2237.663019240684,2237.570038985255,2237.6947549128004,2237.570038985255,2237.6947549128004,2237.792188469011,2237.6947549128004,2237.8589994610074,2237.726861685573,2237.663019240684,2237.6947549128004,2237.726861685573,2237.6947549128004,2237.792188469011,2237.6316546850153,2237.726861685573,2237.7593395430285,2237.8254084471782,2237.8254084471782,2237.663019240684,2237.7593395430285,2237.663019240684,2237.726861685573,2237.8589994610074,2237.7593395430285,2237.792188469011,2237.8254084471782,2237.8589994610074,2237.8589994610074,2237.8589994610074,0.0,0.0,0.0,0.0,0.0,0.0,2237.8254084471782,0.0,2237.8589994610074,0.0,0.0,2237.8589994610074,0.0,0.0,2237.8589994610074
0.0,0.0,2237.8589994610074,0.0,0.0,0.0,2237.8589994610074,2237.8589994610074,0.0,2237.8589994610074,0.0,0.0,0.0,2237.8589994610074,2237.8254084471782,0.0,0.0,0.0,2237.8254084471782,2237.8589994610074,0.0,0.0,2237.8254084471782,0.0,0.0,0.0,2237.8589994610074,0.0,0.0,0.0,0.0,0.0,0.0,0.0,0.0,0.0,0.0,0.0,0.0,2237.8254084471782,0.0,0.0,2237.8589994610074,0.0,0.0,2237.8254084471782,2237.8589994610074,2237.7593395430285,2237.8254084471782,2237.8254084471782,2237.792188469011,2237.6947549128004,2237.6947549128004,2237.726861685573,2237.726861685573,2237.663019240684,2237.792188469011,2237.6947549128004,2237.663019240684,2237.7593395430285,2237.7593395430285,2237.6947549128004,2237.6316546850153,2237.663019240684,2237.6006612613974,2237.7593395430285,2237.663019240684,2237.6006612613974,2237.7593395430285,2237.7593395430285,2237.6316546850153,2237.663019240684,2237.570038985255,2237.792188469011,2237.663019240684,2237.8589994610074,2237.6316546850153,2237.792188469011,2237.7593395430285,2237.7593395430285,2237.792188469011,2237.7593395430285,2237.8254084471782,2237.6947549128004,2237.8254084471782,2237.8589994610074,2237.6006612613974,2237.792188469011,2237.792188469011,2237.792188469011,2237.792188469011,2237.5397878718245,2237.7593395430285,2237.6947549128004,2237.7593395430285,2237.8589994610074,2237.726861685573,2237.6947549128004,2237.726861685573,2237.6316546850153,2237.663019240684,2237.7593395430285,2237.570038985255,2237.663019240684,2237.6947549128004,2237.6316546850153,2237.8254084471782,2237.8254084471782,2237.5099079361603,2237.6316546850153,2237.6316546850153,2237.7593395430285,2237.663019240684,2237.6316546850153,2237.663019240684,2237.6006612613974,2237.7593395430285,2237.792188469011,2237.6316546850153,2237.6316546850153,2237.6316546850153,2237.663019240684,2237.726861685573,2237.570038985255,2237.726861685573,2237.570038985255,2237.6316546850153,2237.726861685573,2237.6006612613974,2237.6947549128004,2237.7593395430285,2237.726861685573,2237.792188469011,2237.726861685573,2237.7593395430285,2237.8254084471782,2237.7593395430285,2237.6316546850153,2237.6947549128004,2237.663019240684,2237.5397878718245,2237.3941002658235,2237.3941002658235,2237.5397878718245,2237.6006612613974,2237.6006612613974,2237.663019240684,2237.663019240684,2237.726861685573,2237.663019240684,2237.663019240684,2237.663019240684,2237.6316546850153,2237.4512616574316,2237.6006612613974,2237.726861685573,2237.570038985255,2237.726861685573,2237.6947549128004,2237.6006612613974,2237.7593395430285,2237.7593395430285,2237.792188469011,2237.6006612613974,2237.792188469011,2237.663019240684,2237.6947549128004,2237.792188469011,2237.7593395430285,2237.726861685573,2237.7593395430285,2237.726861685573,2237.6947549128004,2237.792188469011,2237.792188469011,2237.5397878718245,2237.7593395430285,2237.663019240684,2237.7593395430285,2237.6316546850153,2237.792188469011,2237.663019240684,2237.7593395430285,2237.663019240684,2237.6316546850153,2237.792188469011,2237.726861685573,2237.6316546850153,2237.7593395430285,2237.726861685573,2237.8589994610074,2237.6947549128004,2237.663019240684,2237.6947549128004,2237.792188469011,2237.663019240684,2237.570038985255,2237.726861685573,2237.792188469011,2237.6947549128004,2237.8589994610074,2237.7593395430285,2237.7593395430285,2237.6947549128004,2237.7593395430285,2237.8254084471782,2237.726861685573,2237.726861685573,2237.6947549128004,2237.726861685573,2237.726861685573,2237.663019240684,2237.7593395430285,2237.7593395430285,2237.6316546850153,2237.7593395430285,2237.6947549128004,2237.792188469011,2237.7593395430285,2237.663019240684,2237.6947549128004,2237.726861685573,2237.6947549128004,2237.792188469011,2237.726861685573,2237.6006612613974,2237.6947549128004,2237.6947549128004,2237.792188469011,2237.7593395430285,2237.8254084471782,2237.792188469011,2237.792188469011,2237.663019240684,2237.8589994610074,2237.8589994610074,0.0,2237.8589994610074,0.0,0.0,2237.8589994610074,2237.8589994610074,2237.8589994610074,0.0,2237.8589994610074,0.0,2237.8589994610074,2237.8589994610074,0.0,2237.8589994610074,0.0,2237.8589994610074,0.0,2237.8589994610074,0.0,0.0
2237.8589994610074,2237.8589994610074,0.0,0.0,2237.8589994610074,0.0,2237.8589994610074,0.0,0.0,0.0,0.0,0.0,0.0,0.0,0.0,0.0,2237.8589994610074,0.0,0.0,0.0,0.0,0.0,0.0,2237.8589994610074,2237.8254084471782,0.0,0.0,0.0,0.0,0.0,2237.8589994610074,2237.8589994610074,0.0,0.0,0.0,0.0,2237.8589994610074,0.0,0.0,0.0,2237.8589994610074,2237.8589994610074,2237.8589994610074,0.0,2237.792188469011,2237.8589994610074,2237.8254084471782,2237.792188469011,2237.792188469011,2237.792188469011,2237.8589994610074,2237.7593395430285,2237.726861685573,2237.8254084471782,2237.570038985255,2237.6947549128004,2237.726861685573,2237.6006612613974,2237.6006612613974,2237.6947549128004,2237.726861685573,2237.8254084471782,2237.663019240684,2237.6947549128004,2237.6947549128004,2237.6006612613974,2237.6947549128004,2237.6947549128004,2237.8254084471782,2237.726861685573,2237.7593395430285,2237.663019240684,2237.8589994610074,2237.6947549128004,2237.6947549128004,2237.6006612613974,2237.792188469011,2237.663019240684,2237.6947549128004,2237.6947549128004,2237.792188469011,2237.8589994610074,2237.792188469011,2237.6947549128004,2237.663019240684,2237.6316546850153,2237.7593395430285,2237.663019240684,2237.7593395430285,2237.8589994610074,2237.792188469011,2237.8254084471782,2237.6947549128004,2237.570038985255,2237.6316546850153,2237.6006612613974,2237.8589994610074,2237.480399193134,2237.6006612613974,2237.570038985255,2237.6947549128004,2237.8254084471782,2237.7593395430285,2237.6006612613974,2237.726861685573,2237.6947549128004,2237.6316546850153,2237.663019240684,2237.6947549128004,2237.6947549128004,2237.6006612613974,2237.663019240684,2237.663019240684,2237.8254084471782,2237.726861685573,2237.8254084471782,2237.6316546850153,2237.6947549128004,2237.7593395430285,2237.792188469011,2237.792188469011,2237.5397878718245,2237.6947549128004,2237.6947549128004,2237.6316546850153,2237.4512616574316,2237.7593395430285,0.0,2237.6947549128004,2237.7593395430285,2237.792188469011,2237.7593395430285,2237.7593395430285,2237.7593395430285,2237.726861685573,2237.8254084471782,2237.7593395430285,2237.792188469011,2237.8254084471782,2237.663019240684,2237.106259907091,2237.0127316102476,2237.2576939075952,2237.422495343555,2237.6947549128004,2237.7593395430285,0.0,2237.7593395430285,2237.6947549128004,2237.6947549128004,2237.726861685573,2237.663019240684,2237.6947549128004,2237.6316546850153,2237.570038985255,2237.663019240684,2237.6947549128004,2237.726861685573,2237.5397878718245,2237.663019240684,2237.792188469011,2237.663019240684,2237.570038985255,2237.8254084471782,2237.6947549128004,2237.570038985255,2237.570038985255,2237.6006612613974,2237.663019240684,2237.6947549128004,2237.480399193134,2237.792188469011,2237.726861685573,2237.8589994610074,2237.726861685573,2237.6947549128004,2237.7593395430285,2237.792188469011,2237.663019240684,2237.726861685573,2237.663019240684,2237.726861685573,2237.6006612613974,2237.663019240684,2237.663019240684,2237.8254084471782,2237.8254084471782,2237.792188469011,2237.8254084471782,2237.6316546850153,2237.663019240684,2237.8254084471782,2237.663019240684,2237.6947549128004,2237.7593395430285,2237.7593395430285,2237.792188469011,2237.7593395430285,2237.726861685573,2237.6006612613974,2237.792188469011,2237.726861685573,2237.726861685573,2237.5397878718245,2237.792188469011,2237.726861685573,2237.726861685573,2237.7593395430285,2237.7593395430285,2237.6947549128004,2237.6947549128004,2237.6316546850153,2237.792188469011,2237.6947549128004,2237.663019240684,2237.726861685573,2237.6947549128004,2237.8254084471782,2237.726861685573,2237.7593395430285,2237.7593395430285,2237.663019240684,2237.8254084471782,2237.663019240684,2237.663019240684,2237.792188469011,2237.663019240684,2237.7593395430285,2237.663019240684,2237.8589994610074,2237.792188469011,2237.726861685573,2237.726861685573,2237.792188469011,2237.8254084471782,2237.792188469011,2237.726861685573,2237.8254084471782,2237.8589994610074,2237.8589994610074,0.0,2237.8589994610074,0.0,0.0,2237.8589994610074,2237.8589994610074,2237.8589994610074,2237.8589994610074,0.0,0.0,0.0,0.0,2237.8589994610074,0.0,0.0,2237.8589994610074
0.0,0.0,2237.8589994610074,2237.8589994610074,2237.8589994610074,0.0,0.0,0.0,0.0,0.0,0.0,0.0,0.0,0.0,0.0,2237.8589994610074,0.0,0.0,0.0,2237.8254084471782,0.0,0.0,0.0,2237.8589994610074,0.0,2237.8589994610074,0.0,0.0,2237.8589994610074,0.0,0.0,0.0,0.0,2237.8589994610074,0.0,2237.8589994610074,2237.8589994610074,0.0,2237.8254084471782,0.0,2237.8589994610074,0.0,0.0,0.0,0.0,2237.8254084471782,2237.8589994610074,2237.8254084471782,2237.7593395430285,2237.663019240684,2237.8254084471782,2237.726861685573,2237.8589994610074,2237.663019240684,2237.7593395430285,2237.6006612613974,2237.3384238751473,2237.663019240684,2237.663019240684,2237.663019240684,2237.6006612613974,2237.726861685573,2237.792188469011,2237.792188469011,2237.726861685573,2237.663019240684,2237.726861685573,2237.570038985255,2237.8254084471782,2237.663019240684,2237.8254084471782,2237.792188469011,2237.726861685573,2237.726861685573,2237.792188469011,2237.792188469011,2237.7593395430285,2237.663019240684,2237.792188469011,2237.6947549128004,2237.8254084471782,2237.663019240684,2237.663019240684,2237.6947549128004,2237.726861685573,2237.7593395430285,2237.570038985255,2237.6006612613974,2237.792188469011,2237.5099079361603,2237.6947549128004,2237.6316546850153,2237.6316546850153,2237.6316546850153,2237.7593395430285,2237.6947549128004,2237.6316546850153,2237.5397878718245,2237.6006612613974,2237.570038985255,2237.7593395430285,2237.726861685573,2237.726861685573,2237.726861685573,2237.6006612613974,2237.726861685573,2237.5397878718245,2237.726861685573,2237.6947549128004,2237.6006612613974,2237.792188469011,2237.6316546850153,2237.570038985255,2237.6316546850153,2237.6316546850153,2237.663019240684,2237.726861685573,2237.726861685573,2237.7593395430285,2237.792188469011,2237.663019240684,2237.6006612613974,2237.6947549128004,2237.726861685573,2237.570038985255,2237.5397878718245,2237.6006612613974,2237.6316546850153,2237.6947549128004,2237.7593395430285,2237.6316546850153,2237.792188469011,0.0,2237.7593395430285,2237.7593395430285,0.0,2237.663019240684,2237.792188469011,2237.7593395430285,2237.7593395430285,2237.155252464158,2236.863357950749,2237.2842325962692,2237.6316546850153,2237.6947549128004,2237.6316546850153,2237.7593395430285,2237.6316546850153,2237.6316546850153,2237.8254084471782,2237.5099079361603,2237.6947549128004,2237.792188469011,2237.6006612613974,2237.7593395430285,2237.726861685573,2237.480399193134,2237.422495343555,2237.5397878718245,2237.6947549128004,2237.6947549128004,2237.8254084471782,2237.6947549128004,2237.663019240684,2237.480399193134,2237.7593395430285,2237.6947549128004,2237.726861685573,2237.6947549128004,2237.570038985255,2237.6316546850153,2237.6316546850153,2237.726861685573,2237.6947549128004,2237.6947549128004,2237.8254084471782,2237.6006612613974,2237.792188469011,2237.726861685573,2237.792188469011,2237.8254084471782,2237.6316546850153,2237.663019240684,2237.792188469011,2237.6006612613974,2237.663019240684,2237.7593395430285,2237.7593395430285,2237.663019240684,2237.6316546850153,2237.7593395430285,2237.726861685573,2237.6947549128004,2237.6006612613974,2237.6006612613974,2237.570038985255,2237.6947549128004,2237.726861685573,2237.6006612613974,2237.7593395430285,2237.7593395430285,2237.8254084471782,2237.792188469011,2237.792188469011,2237.5397878718245,2237.726861685573,2237.6947549128004,2237.726861685573,2237.7593395430285,2237.7593395430285,2237.7593395430285,2237.663019240684,2237.663019240684,2237.726861685573,2237.7593395430285,2237.570038985255,2237.726861685573,2237.726861685573,2237.6316546850153,2237.7593395430285,2237.726861685573,2237.726861685573,2237.7593395430285,2237.726861685573,2237.792188469011,2237.6947549128004,2237.792188469011,2237.663019240684,2237.6316546850153,2237.8254084471782,2237.792188469011,2237.7593395430285,2237.726861685573,2237.8254084471782,2237.7593395430285,2237.6316546850153,2237.7593395430285,2237.8589994610074,0.0,2237.8589994610074,0.0,0.0,0.0,0.0,0.0,0.0,0.0,0.0,0.0,0.0,2237.8254084471782,0.0,2237.8589994610074,2237.8589994610074,0.0,0.0
2237.8589994610074,2237.792188469011,0.0,2237.8589994610074,2237.8589994610074,0.0,2237.8589994610074,2237.8589994610074,0.0,0.0,0.0,0.0,0.0,2237.8589994610074,0.0,0.0,0.0,0.0,0.0,0.0,0.0,0.0,0.0,2237.8589994610074,2237.8254084471782,0.0,0.0,0.0,0.0,0.0,2237.8589994610074,0.0,0.0,2237.8254084471782,0.0,0.0,0.0,0.0,0.0,0.0,0.0,2237.8589994610074,0.0,2237.8254084471782,2237.8254084471782,0.0,2237.7593395430285,2237.7593395430285,2237.6947549128004,2237.726861685573,2237.6947549128004,2237.6947549128004,2237.7593395430285,2237.6947549128004,2237.726861685573,2237.6947549128004,2237.6947549128004,2237.6947549128004,2237.663019240684,2237.726861685573,2237.7593395430285,2237.663019240684,2237.663019240684,2237.8254084471782,2237.6316546850153,2237.6947549128004,2237.570038985255,2237.726861685573,2237.422495343555,2237.792188469011,2237.726861685573,2237.7593395430285,2237.726861685573,2237.6947549128004,2237.570038985255,2237.726861685573,2237.6947549128004,2237.7593395430285,2237.7593395430285,2237.663019240684,2237.7593395430285,2237.6947549128004,2237.6006612613974,2237.7593395430285,2237.570038985255,2237.7593395430285,2237.6316546850153,2237.6947549128004,2237.663019240684,2237.792188469011,2237.6947549128004,2237.6947549128004,2237.6006612613974,2237.726861685573,2237.6006612613974,2237.6316546850153,2237.480399193134,2237.726861685573,2237.4512616574316,2237.570038985255,2237.480399193134,2237.570038985255,2237.7593395430285,2237.792188469011,2237.663019240684,2237.6947549128004,2237.6316546850153,2237.6006612613974,2237.6316546850153,2237.726861685573,2237.6316546850153,2237.6947549128004,2237.6316546850153,2237.663019240684,2237.7593395430285,2237.726861685573,2237.7593395430285,2237.8254084471782,2237.663019240684,2237.7593395430285,2237.6006612613974,2237.8254084471782,2237.726861685573,2237.6006612613974,2237.6316546850153,2237.8254084471782,2237.6316546850153,2237.792188469011,2237.726861685573,2237.792188469011,2237.7593395430285,2237.663019240684,2237.7593395430285,2237.7593395430285,2237.726861685573,2237.726861685573,2237.726861685573,2237.7593395430285,2237.8254084471782,2237.7593395430285,2237.5397878718245,2237.570038985255,2237.570038985255,2237.663019240684,2237.6006612613974,2237.8254084471782,2237.6006612613974,2237.6316546850153,2237.6006612613974,2237.5397878718245,2237.792188469011,2237.726861685573,2237.6947549128004,2237.6006612613974,2237.792188469011,2237.6316546850153,2237.6316546850153,2237.7593395430285,2237.6316546850153,2237.570038985255,2237.5099079361603,2237.6947549128004,2237.792188469011,2237.663019240684,2237.6947549128004,2237.7593395430285,2237.570038985255,2237.7593395430285,2237.6316546850153,2237.5099079361603,2237.570038985255,2237.7593395430285,2237.726861685573,2237.6947549128004,2237.480399193134,2237.6316546850153,2237.6006612613974,2237.6316546850153,2237.663019240684,2237.6316546850153,2237.570038985255,2237.792188469011,2237.726861685573,2237.726861685573,2237.6006612613974,2237.726861685573,2237.8254084471782,2237.6316546850153,2237.7593395430285,2237.663019240684,2237.726861685573,2237.726861685573,2237.6316546850153,2237.7593395430285,2237.7593395430285,2237.6947549128004,2237.8589994610074,2237.570038985255,2237.570038985255,2237.726861685573,2237.726861685573,2237.792188469011,2237.6006612613974,2237.570038985255,2237.8589994610074,2237.7593395430285,2237.792188469011,2237.6947549128004,2237.663019240684,2237.7593395430285,2237.726861685573,2237.8589994610074,2237.6006612613974,2237.663019240684,2237.7593395430285,2237.8589994610074,2237.663019240684,2237.6316546850153,2237.8254084471782,2237.726861685573,2237.6316546850153,2237.7593395430285,2237.6006612613974,2237.726861685573,2237.6947549128004,2237.792188469011,2237.7593395430285,2237.7593395430285,2237.792188469011,2237.663019240684,2237.726861685573,2237.6947549128004,2237.6947549128004,0.0,2237.8254084471782,2237.8589994610074,2237.8589994610074,2237.8589994610074,2237.8589994610074,2237.8589994610074,2237.8589994610074,0.0,0.0,0.0,0.0,0.0,0.0,0.0,2237.8589994610074,0.0,2237.8254084471782,2237.8589994610074,0.0,0.0,0.0,0.0
0.0,2237.8254084471782,0.0,2237.8589994610074,0.0,0.0,0.0,2237.8589994610074,2237.8589994610074,0.0,0.0,0.0,2237.8589994610074,0.0,0.0,0.0,2237.8589994610074,0.0,0.0,2237.8589994610074,0.0,0.0,0.0,2237.8589994610074,0.0,2237.8589994610074,2237.8589994610074,0.0,2237.8589994610074,2237.8254084471782,2237.8254084471782,0.0,0.0,0.0,0.0,0.0,0.0,2237.8254084471782,0.0,2237.8254084471782,0.0,0.0,2237.7593395430285,0.0,2237.8254084471782,2237.8254084471782,2237.792188469011,2237.792188469011,2237.6316546850153,2237.7593395430285,2237.663019240684,2237.6947549128004,2237.6947549128004,2237.663019240684,2237.7593395430285,2237.7593395430285,2237.6947549128004,2237.6006612613974,2237.6316546850153,2237.663019240684,2237.792188469011,2237.726861685573,2237.7593395430285,2237.663019240684,2237.792188469011,2237.6316546850153,2237.6947549128004,2237.663019240684,2237.6006612613974,2237.6947549128004,2237.663019240684,2237.6316546850153,2237.7593395430285,2237.7593395430285,2237.792188469011,2237.8254084471782,2237.8254084471782,2237.8254084471782,2237.8254084471782,2237.726861685573,2237.792188469011,2237.792188469011,2237.6947549128004,2237.6947549128004,2237.6947549128004,2237.8254084471782,2237.6947549128004,2237.570038985255,2237.726861685573,2237.6316546850153,2237.6006612613974,2237.6316546850153,2237.7593395430285,2237.6947549128004,2237.6006612613974,2237.5397878718245,2237.7593395430285,2237.6947549128004,2237.6316546850153,2237.6006612613974,2237.570038985255,2237.6006612613974,2237.6316546850153,2237.6006612613974,2237.480399193134,2237.570038985255,2237.480399193134,2237.6006612613974,2237.663019240684,2237.6006612613974,2237.5099079361603,2237.663019240684,2237.663019240684,2237.6006612613974,2237.792188469011,2237.6947549128004,2237.8589994610074,2237.792188469011,2237.726861685573,2237.726861685573,2237.792188469011,2237.7593395430285,2237.7593395430285,2237.726861685573,2237.792188469011,2237.6006612613974,2237.6316546850153,2237.6947549128004,2237.6316546850153,2237.7593395430285,2237.792188469011,2237.726861685573,2237.6947549128004,2237.792188469011,2237.7593395430285,2237.6316546850153,2237.726861685573,0.0,2237.8254084471782,2237.8589994610074,2237.792188469011,2237.663019240684,2237.6947549128004,2237.663019240684,2237.6006612613974,2237.726861685573,2237.6947549128004,2237.6006612613974,2237.7593395430285,2237.6006612613974,2237.6006612613974,2237.6316546850153,2237.7593395430285,2237.663019240684,2237.663019240684,2237.6316546850153,2237.663019240684,2237.6316546850153,2237.792188469011,2237.792188469011,2237.6316546850153,2237.6006612613974,2237.6006612613974,2237.6947549128004,2237.6316546850153,2237.5099079361603,2237.7593395430285,2237.7593395430285,2237.726861685573,2237.4512616574316,2237.726861685573,2237.663019240684,2237.6006612613974,2237.663019240684,2237.726861685573,2237.726861685573,2237.663019240684,2237.663019240684,2237.792188469011,2237.6947549128004,2237.8254084471782,2237.6947549128004,2237.6316546850153,2237.663019240684,2237.8254084471782,2237.792188469011,2237.726861685573,2237.7593395430285,2237.6947549128004,2237.6006612613974,2237.8589994610074,2237.726861685573,2237.6947549128004,2237.6316546850153,2237.7593395430285,2237.792188469011,2237.480399193134,2237.6316546850153,2237.663019240684,2237.726861685573,2237.663019240684,2237.792188469011,2237.5099079361603,2237.663019240684,2237.663019240684,2237.792188469011,2237.6947549128004,2237.6316546850153,2237.6947549128004,2237.7593395430285,2237.6006612613974,2237.6947549128004,2237.726861685573,2237.7593395430285,2237.6006612613974,2237.726861685573,2237.7593395430285,2237.792188469011,2237.726861685573,2237.726861685573,2237.6947549128004,2237.6316546850153,0.0,2237.663019240684,2237.726861685573,2237.6947549128004,2237.726861685573,2237.6947549128004,2237.663019240684,2237.663019240684,2237.7593395430285,2237.726861685573,2237.726861685573,2237.7593395430285,2237.7593395430285,2237.792188469011,2237.8254084471782,2237.7593395430285,0.0,2237.8589994610074,2237.8589994610074,0.0,2237.8589994610074,0.0,0.0,0.0,0.0,0.0,2237.792188469011,0.0,2237.8254084471782,0.0,0.0,0.0,0.0,2237.8589994610074
0.0,0.0,0.0,0.0,0.0,0.0,0.0,0.0,2237.8589994610074,0.0,0.0,0.0,0.0,2237.8589994610074,2237.8589994610074,0.0,2237.8589994610074,0.0,0.0,0.0,0.0,0.0,0.0,0.0,0.0,0.0,0.0,2237.8589994610074,0.0,0.0,2237.8589994610074,0.0,0.0,0.0,0.0,0.0,0.0,2237.792188469011,2237.8254084471782,2237.792188469011,2237.7593395430285,2237.7593395430285,2237.8589994610074,2237.726861685573,2237.7593395430285,2237.726861685573,2237.8589994610074,2237.726861685573,2237.570038985255,2237.663019240684,2237.792188469011,2237.6316546850153,2237.726861685573,2237.6947549128004,2237.7593395430285,2237.6006612613974,2237.663019240684,2237.7593395430285,2237.7593395430285,2237.726861685573,2237.6947549128004,2237.792188469011,2237.663019240684,2237.6947549128004,2237.663019240684,2237.8254084471782,2237.663019240684,2237.6947549128004,2237.663019240684,2237.792188469011,2237.5397878718245,2237.6947549128004,2237.6006612613974,2237.7593395430285,2237.663019240684,2237.792188469011,2237.663019240684,2237.6947549128004,2237.7593395430285,2237.7593395430285,2237.6316546850153,2237.726861685573,2237.663019240684,2237.726861685573,2237.8254084471782,2237.6947549128004,2237.6947549128004,2237.7593395430285,2237.6947549128004,2237.6947549128004,2237.726861685573,2237.726861685573,2237.663019240684,2237.6947549128004,2237.663019240684,2237.6316546850153,2237.7593395430285,2237.7593395430285,2237.5397878718245,2237.6006612613974,2237.480399193134,2237.570038985255,2237.5397878718245,2237.570038985255,2237.6947549128004,2237.6316546850153,2237.4512616574316,2237.4512616574316,2237.6006612613974,2237.480399193134,2237.6006612613974,2237.6006612613974,2237.422495343555,2237.726861685573,2237.5397878718245,2237.8589994610074,2237.792188469011,2237.663019240684,2237.8589994610074,2237.8254084471782,2237.6006612613974,2237.5099079361603,2237.726861685573,2237.6316546850153,2237.570038985255,2237.6006612613974,2237.726861685573,2237.726861685573,2237.663019240684,2237.726861685573,2237.7593395430285,2237.792188469011,2237.7593395430285,2237.8254084471782,2237.6947549128004,2237.6316546850153,2237.663019240684,2237.7593395430285,2237.726861685573,2237.7593395430285,2237.6947549128004,2237.792188469011,2237.726861685573,2237.7593395430285,2237.6947549128004,2237.8254084471782,2237.5397878718245,2237.6316546850153,2237.726861685573,2237.6006612613974,2237.663019240684,2237.8254084471782,2237.6006612613974,2237.726861685573,2237.726861685573,2237.6947549128004,2237.6947549128004,2237.792188469011,2237.792188469011,2237.726861685573,2237.570038985255,2237.6947549128004,2237.726861685573,2237.570038985255,2237.7593395430285,2237.6006612613974,2237.726861685573,2237.726861685573,2237.726861685573,2237.726861685573,2237.7593395430285,2237.726861685573,2237.8254084471782,2237.6316546850153,2237.7593395430285,2237.726861685573,2237.8589994610074,2237.792188469011,2237.7593395430285,2237.663019240684,2237.8254084471782,2237.663019240684,2237.726861685573,2237.726861685573,2237.663019240684,2237.726861685573,2237.8254084471782,2237.6947549128004,2237.726861685573,2237.6006612613974,2237.6316546850153,2237.6316546850153,2237.726861685573,2237.726861685573,2237.7593395430285,2237.570038985255,2237.726861685573,2237.726861685573,2237.8254084471782,2237.792188469011,2237.726861685573,2237.6947549128004,2237.6947549128004,2237.792188469011,2237.5099079361603,2237.570038985255,2237.8589994610074,2237.422495343555,2237.8589994610074,2237.6947549128004,2237.726861685573,2237.663019240684,2237.792188469011,2237.6316546850153,2237.663019240684,2237.726861685573,2237.8254084471782,2237.7593395430285,2237.7593395430285,2237.792188469011,2237.792188469011,2237.6947549128004,2237.7593395430285,2237.7593395430285,0.0,2237.6006612613974,2237.792188469011,2237.6947549128004,2237.663019240684,2237.726861685573,2237.663019240684,2237.7593395430285,2237.792188469011,2237.7593395430285,2237.8589994610074,2237.8254084471782,2237.8589994610074,2237.8589994610074,2237.8589994610074,2237.8589994610074,0.0,2237.8589994610074,2237.8589994610074,0.0,0.0,0.0,0.0,2237.8589994610074,0.0,0.0,0.0,0.0,0.0,2237.8589994610074,0.0,0.0
0.0,0.0,0.0,0.0,0.0,0.0,0.0,0.0,0.0,0.0,0.0,0.0,0.0,0.0,0.0,0.0,0.0,0.0,0.0,2237.8254084471782,0.0,0.0,0.0,0.0,2237.8589994610074,0.0,0.0,0.0,0.0,0.0,2237.8589994610074,0.0,2237.8254084471782,2237.8589994610074,0.0,0.0,0.0,2237.8254084471782,2237.726861685573,2237.792188469011,2237.8254084471782,2237.6947549128004,2237.8589994610074,2237.6316546850153,2237.6006612613974,2237.8254084471782,2237.792188469011,2237.6947549128004,0.0,2237.7593395430285,2237.663019240684,2237.7593395430285,2237.5397878718245,2237.6947549128004,2237.8589994610074,2237.7593395430285,2237.7593395430285,2237.7593395430285,2237.6947549128004,2237.792188469011,2237.6316546850153,2237.6947549128004,2237.6947549128004,2237.570038985255,2237.726861685573,2237.5099079361603,2237.6947549128004,2237.7593395430285,2237.7593395430285,2237.7593395430285,2237.792188469011,2237.726861685573,2237.663019240684,2237.8254084471782,2237.726861685573,2237.726861685573,2237.726861685573,2237.7593395430285,2237.663019240684,2237.726861685573,2237.7593395430285,2237.6316546850153,2237.6947549128004,2237.6316546850153,2237.6316546850153,2237.8254084471782,2237.7593395430285,2237.663019240684,2237.6006612613974,2237.8254084471782,2237.792188469011,2237.6316546850153,2237.663019240684,2237.7593395430285,2237.7593395430285,2237.570038985255,2237.570038985255,2237.6947549128004,2237.6947549128004,2237.5397878718245,2237.6006612613974,2237.6006612613974,2237.4512616574316,2237.5099079361603,2237.6006612613974,2237.6006612613974,2237.5397878718245,2237.5099079361603,2237.726861685573,2237.4512616574316,2237.422495343555,2237.6006612613974,2237.663019240684,2237.726861685573,2237.6316546850153,2237.7593395430285,2237.663019240684,2237.8589994610074,2237.792188469011,2237.792188469011,2237.6316546850153,2237.663019240684,2237.7593395430285,2237.663019240684,2237.6947549128004,2237.792188469011,2237.663019240684,2237.726861685573,2237.792188469011,2237.8589994610074,2237.7593395430285,0.0,2237.7593395430285,2237.6316546850153,2237.8254084471782,2237.6316546850153,2237.8589994610074,2237.792188469011,2237.8254084471782,2237.726861685573,2237.792188469011,2237.792188469011,2237.663019240684,2237.6947549128004,2237.7593395430285,2237.792188469011,2237.6316546850153,2237.6947549128004,2237.6006612613974,2237.7593395430285,2237.726861685573,2237.6316546850153,2237.6947549128004,2237.8254084471782,2237.7593395430285,2237.6947549128004,2237.663019240684,2237.726861685573,2237.6316546850153,2237.6947549128004,2237.726861685573,2237.6947549128004,2237.663019240684,2237.6947549128004,2237.7593395430285,2237.6947549128004,2237.6006612613974,2237.6316546850153,2237.663019240684,2237.6006612613974,2237.663019240684,2237.4512616574316,2237.6316546850153,2237.792188469011,2237.6316546850153,2237.7593395430285,2237.570038985255,2237.663019240684,2237.726861685573,2237.6947549128004,2237.726861685573,2237.6006612613974,2237.6947549128004,2237.6316546850153,2237.7593395430285,2237.726861685573,2237.7593395430285,2237.663019240684,2237.6006612613974,2237.7593395430285,2237.6316546850153,2237.7593395430285,2237.726861685573,2237.726861685573,2237.792188469011,2237.7593395430285,2237.7593395430285,2237.726861685573,2237.6006612613974,2237.6947549128004,2237.8254084471782,2237.6316546850153,2237.792188469011,2237.6947549128004,2237.726861685573,2237.7593395430285,2237.7593395430285,2237.663019240684,2237.7593395430285,2237.5397878718245,2237.7593395430285,2237.6006612613974,2237.726861685573,2237.8254084471782,2237.6947549128004,2237.6947549128004,2237.7593395430285,2237.726861685573,2237.6947549128004,2237.7593395430285,2237.7593395430285,2237.7593395430285,2237.6947549128004,2237.6947549128004,2237.792188469011,2237.792188469011,2237.792188469011,2237.8254084471782,2237.663019240684,2237.792188469011,2237.7593395430285,2237.792188469011,2237.726861685573,2237.8254084471782,0.0,2237.8589994610074,2237.8589994610074,0.0,0.0,2237.8589994610074,0.0,0.0,2237.8589994610074,0.0,0.0,2237.8589994610074,0.0,2237.8254084471782,0.0,0.0,2237.8589994610074,0.0,0.0,0.0,0.0,0.0
2237.8589994610074,0.0,2237.8254084471782,0.0,0.0,0.0,0.0,2237.8589994610074,0.0,0.0,0.0,0.0,0.0,0.0,0.0,2237.8589994610074,0.0,0.0,0.0,0.0,2237.8589994610074,0.0,0.0,0.0,0.0,2237.8589994610074,2237.8589994610074,0.0,0.0,0.0,2237.8589994610074,2237.8589994610074,2237.8254084471782,2237.792188469011,2237.8589994610074,0.0,0.0,2237.8254084471782,2237.8254084471782,2237.8254084471782,2237.8254084471782,2237.726861685573,2237.7593395430285,2237.6947549128004,2237.726861685573,2237.726861685573,2237.792188469011,2237.7593395430285,2237.7593395430285,2237.8254084471782,2237.6316546850153,2237.6006612613974,2237.663019240684,2237.663019240684,2237.6316546850153,2237.6006612613974,2237.6006612613974,2237.663019240684,2237.6947549128004,2237.663019240684,2237.726861685573,2237.726861685573,2237.570038985255,2237.663019240684,2237.792188469011,2237.422495343555,2237.726861685573,2237.6316546850153,2237.7593395430285,2237.6947549128004,2237.6316546850153,2237.726861685573,2237.7593395430285,2237.7593395430285,2237.8254084471782,2237.792188469011,2237.663019240684,2237.6316546850153,2237.6947549128004,2237.6947549128004,2237.792188469011,2237.6316546850153,2237.6316546850153,2237.792188469011,2237.726861685573,2237.6947549128004,2237.6006612613974,2237.7593395430285,2237.663019240684,2237.6947549128004,2237.6947549128004,2237.7593395430285,2237.8589994610074,2237.5099079361603,2237.6947549128004,2237.6006612613974,2237.6006612613974,2237.6006612613974,2237.570038985255,2237.3941002658235,2237.5099079361603,2237.663019240684,2237.5397878718245,2237.5397878718245,2237.663019240684,2237.6316546850153,2237.5099079361603,2237.6006612613974,2237.570038985255,2237.480399193134,2237.480399193134,2237.480399193134,2237.6947549128004,2237.663019240684,2237.6947549128004,2237.6006612613974,2237.726861685573,2237.8589994610074,2237.7593395430285,2237.6316546850153,2237.663019240684,2237.6316546850153,2237.726861685573,2237.6947549128004,2237.726861685573,2237.6947549128004,2237.6006612613974,2237.8254084471782,2237.726861685573,2237.8254084471782,2237.6947549128004,2237.792188469011,2237.8254084471782,2237.726861685573,2237.792188469011,2237.663019240684,2237.8254084471782,2237.726861685573,2237.8589994610074,2237.6947549128004,2237.663019240684,2237.726861685573,2237.726861685573,2237.663019240684,2237.7593395430285,2237.6316546850153,2237.792188469011,2237.7593395430285,2237.6316546850153,2237.7593395430285,2237.8589994610074,2237.6316546850153,2237.726861685573,2237.6006612613974,2237.8589994610074,2237.6947549128004,2237.7593395430285,2237.5397878718245,2237.6947549128004,2237.6316546850153,2237.663019240684,2237.792188469011,2237.7593395430285,2237.663019240684,2237.7593395430285,2237.7593395430285,2237.6947549128004,2237.6006612613974,2237.792188469011,2237.726861685573,2237.5397878718245,2237.6316546850153,2237.7593395430285,2237.5397878718245,2237.663019240684,2237.7593395430285,2237.726861685573,2237.5397878718245,2237.726861685573,2237.6316546850153,2237.7593395430285,2237.6316546850153,2237.726861685573,2237.792188469011,2237.726861685573,2237.6947549128004,2237.726861685573,2237.7593395430285,2237.5397878718245,2237.663019240684,2237.726861685573,2237.726861685573,2237.726861685573,2237.7593395430285,2237.726861685573,2237.792188469011,2237.7593395430285,2237.663019240684,2237.726861685573,2237.6947549128004,2237.6947549128004,2237.6006612613974,2237.726861685573,2237.7593395430285,2237.7593395430285,2237.663019240684,2237.7593395430285,2237.5099079361603,2237.663019240684,2237.6947549128004,2237.6947549128004,2237.792188469011,2237.6006612613974,2237.7593395430285,2237.570038985255,2237.6006612613974,2237.792188469011,2237.8589994610074,2237.726861685573,2237.7593395430285,2237.792188469011,2237.726861685573,2237.7593395430285,2237.726861685573,2237.792188469011,2237.7593395430285,2237.7593395430285,2237.8254084471782,2237.726861685573,2237.792188469011,2237.7593395430285,2237.7593395430285,2237.8254084471782,2237.8589994610074,2237.7593395430285,0.0,0.0,0.0,0.0,0.0,0.0,2237.8589994610074,0.0,0.0,0.0,0.0,2237.8589994610074,0.0,0.0,0.0,0.0,0.0,0.0,0.0,0.0,0.0
0.0,2237.8589994610074,0.0,0.0,2237.8254084471782,0.0,0.0,0.0,0.0,0.0,0.0,0.0,0.0,0.0,0.0,0.0,2237.8254084471782,0.0,0.0,0.0,0.0,0.0,0.0,0.0,0.0,0.0,2237.8589994610074,2237.792188469011,2237.8589994610074,2237.8589994610074,2237.8589994610074,2237.8254084471782,2237.8254084471782,2237.792188469011,2237.792188469011,2237.792188469011,2237.792188469011,2237.663019240684,2237.8589994610074,2237.792188469011,2237.8589994610074,2237.7593395430285,2237.792188469011,2237.726861685573,2237.8254084471782,2237.6316546850153,2237.7593395430285,2237.8254084471782,2237.6947549128004,2237.6316546850153,2237.7593395430285,2237.792188469011,2237.7593395430285,2237.726861685573,2237.6006612613974,2237.6316546850153,2237.663019240684,2237.726861685573,2237.726861685573,2237.663019240684,2237.6006612613974,2237.663019240684,2237.792188469011,2237.726861685573,2237.5099079361603,2237.663019240684,2237.6947549128004,2237.7593395430285,2237.6006612613974,2237.792188469011,2237.6316546850153,2237.6947549128004,2237.792188469011,2237.792188469011,2237.6006612613974,2237.726861685573,2237.8254084471782,2237.6947549128004,2237.6006612613974,2237.7593395430285,2237.726861685573,2237.663019240684,2237.6316546850153,2237.663019240684,2237.6006612613974,2237.663019240684,2237.792188469011,2237.8589994610074,2237.570038985255,2237.792188469011,2237.6947549128004,2237.726861685573,2237.570038985255,2237.7593395430285,2237.7593395430285,2237.663019240684,2237.726861685573,2237.6006612613974,2237.6947549128004,2237.6006612613974,2237.5397878718245,2237.6006612613974,2237.480399193134,2237.663019240684,2237.480399193134,2237.6316546850153,2237.6316546850153,2237.6947549128004,2237.6006612613974,2237.6947549128004,2237.5397878718245,2237.663019240684,2237.663019240684,2237.570038985255,2237.6316546850153,2237.6947549128004,2237.570038985255,2237.6947549128004,2237.7593395430285,2237.8254084471782,2237.8589994610074,2237.570038985255,2237.792188469011,2237.7593395430285,2237.6947549128004,2237.6316546850153,2237.8254084471782,2237.6947549128004,2237.8254084471782,2237.726861685573,2237.6006612613974,2237.6947549128004,2237.6006612613974,2237.663019240684,2237.6006612613974,2237.8589994610074,2237.726861685573,2237.8254084471782,2237.7593395430285,2237.726861685573,2237.792188469011,2237.6947549128004,2237.8254084471782,2237.8254084471782,2237.726861685573,2237.726861685573,2237.6316546850153,2237.8254084471782,2237.6006612613974,2237.5099079361603,2237.6316546850153,2237.8254084471782,2237.8589994610074,2237.480399193134,2237.663019240684,2237.6947549128004,2237.5397878718245,2237.7593395430285,2237.7593395430285,2237.570038985255,2237.7593395430285,2237.6006612613974,2237.6006612613974,2237.726861685573,2237.792188469011,2237.6947549128004,2237.792188469011,2237.7593395430285,2237.5099079361603,2237.663019240684,2237.663019240684,2237.7593395430285,2237.6947549128004,2237.726861685573,2237.570038985255,2237.7593395430285,2237.6006612613974,2237.792188469011,2237.7593395430285,2237.726861685573,2237.726861685573,2237.792188469011,2237.7593395430285,2237.726861685573,2237.792188469011,2237.570038985255,2237.726861685573,2237.6006612613974,2237.792188469011,2237.570038985255,2237.6006612613974,2237.7593395430285,2237.663019240684,2237.8254084471782,2237.6947549128004,2237.792188469011,2237.5397878718245,2237.726861685573,2237.726861685573,2237.6947549128004,2237.6006612613974,2237.7593395430285,2237.726861685573,2237.6316546850153,2237.792188469011,2237.6006612613974,2237.792188469011,2237.6947549128004,2237.6006612613974,2237.570038985255,2237.6316546850153,2237.570038985255,2237.7593395430285,2237.6316546850153,2237.726861685573,2237.6006612613974,2237.726861685573,2237.663019240684,2237.663019240684,2237.6947549128004,2237.663019240684,2237.8254084471782,2237.663019240684,2237.8254084471782,2237.7593395430285,2237.8254084471782,2237.726861685573,2237.726861685573,2237.792188469011,2237.8254084471782,2237.8254084471782,0.0,2237.7593395430285,2237.8589994610074,0.0,0.0,0.0,0.0,0.0,2237.8589994610074,0.0,0.0,0.0,0.0,0.0,0.0,2237.8589994610074,0.0,2237.8589994610074,2237.8589994610074,0.0,2237.8254084471782,0.0,0.0,0.0,0.0
2237.8589994610074,2237.8589994610074,0.0,0.0,0.0,0.0,0.0,0.0,0.0,2237.8254084471782,0.0,0.0,0.0,0.0,2237.8589994610074,0.0,2237.8589994610074,2237.8254084471782,0.0,0.0,0.0,2237.8589994610074,2237.8589994610074,0.0,0.0,2237.8589994610074,0.0,0.0,2237.8589994610074,2237.7593395430285,2237.8589994610074,2237.8254084471782,0.0,2237.8589994610074,2237.8254084471782,2237.8589994610074,2237.8254084471782,2237.6947549128004,2237.792188469011,2237.8254084471782,2237.726861685573,2237.6947549128004,2237.663019240684,2237.6947549128004,2237.6947549128004,2237.5397878718245,2237.726861685573,2237.663019240684,2237.726861685573,2237.7593395430285,2237.663019240684,2237.663019240684,2237.570038985255,2237.726861685573,2237.6006612613974,2237.6316546850153,2237.5397878718245,2237.663019240684,2237.663019240684,2237.726861685573,2237.7593395430285,2237.6947549128004,2237.8254084471782,2237.6947549128004,2237.792188469011,2237.7593395430285,2237.6947549128004,2237.663019240684,2237.663019240684,2237.6006612613974,2237.726861685573,2237.6947549128004,2237.726861685573,2237.7593395430285,2237.7593395430285,2237.663019240684,2237.663019240684,2237.7593395430285,2237.570038985255,2237.726861685573,2237.570038985255,2237.726861685573,2237.663019240684,2237.726861685573,2237.6316546850153,2237.663019240684,2237.6006612613974,2237.8254084471782,2237.663019240684,2237.7593395430285,2237.6947549128004,2237.6947549128004,2237.663019240684,2237.5397878718245,2237.4512616574316,2237.663019240684,2237.3941002658235,2237.6947549128004,2237.480399193134,2237.4512616574316,2237.6947549128004,2237.5099079361603,2237.5397878718245,2237.7593395430285,2237.6947549128004,2237.3941002658235,2237.6947549128004,2237.480399193134,2237.663019240684,2237.3384238751473,2237.570038985255,2237.422495343555,2237.6006612613974,2237.726861685573,2237.6947549128004,2237.570038985255,2237.6316546850153,2237.6947549128004,2237.663019240684,2237.6947549128004,2237.663019240684,2237.726861685573,2237.726861685573,2237.6947549128004,2237.6316546850153,2237.7593395430285,2237.6947549128004,2237.792188469011,2237.726861685573,2237.7593395430285,2237.6947549128004,2237.6947549128004,2237.663019240684,2237.570038985255,2237.7593395430285,2237.6006612613974,2237.8254084471782,2237.8254084471782,2237.792188469011,2237.726861685573,2237.7593395430285,2237.726861685573,2237.7593395430285,2237.726861685573,2237.8254084471782,2237.663019240684,2237.8254084471782,2237.7593395430285,2237.8254084471782,2237.726861685573,2237.726861685573,2237.480399193134,2237.4512616574316,2237.6316546850153,2237.570038985255,2237.6316546850153,2237.5099079361603,2237.6947549128004,2237.6947549128004,2237.6316546850153,2237.5099079361603,2237.6316546850153,2237.663019240684,2237.6316546850153,2237.6006612613974,2237.726861685573,2237.792188469011,2237.6947549128004,2237.7593395430285,2237.6316546850153,2237.6947549128004,2237.663019240684,2237.7593395430285,2237.7593395430285,2237.7593395430285,2237.726861685573,2237.6006612613974,2237.6947549128004,2237.726861685573,2237.570038985255,2237.5397878718245,2237.7593395430285,2237.6947549128004,2237.7593395430285,2237.726861685573,2237.7593395430285,2237.663019240684,2237.6947549128004,2237.726861685573,2237.8589994610074,2237.792188469011,2237.6947549128004,2237.6316546850153,2237.570038985255,2237.7593395430285,2237.8254084471782,2237.726861685573,2237.6006612613974,2237.7593395430285,2237.5099079361603,2237.792188469011,2237.663019240684,2237.7593395430285,2237.792188469011,2237.6947549128004,2237.663019240684,2237.792188469011,2237.8254084471782,2237.663019240684,2237.663019240684,2237.663019240684,2237.792188469011,2237.726861685573,2237.7593395430285,2237.570038985255,2237.726861685573,2237.726861685573,2237.792188469011,2237.663019240684,2237.8254084471782,2237.792188469011,2237.726861685573,2237.7593395430285,2237.8254084471782,2237.8254084471782,2237.663019240684,2237.8254084471782,2237.6316546850153,2237.8589994610074,0.0,2237.8254084471782,2237.8254084471782,0.0,0.0,0.0,0.0,0.0,2237.8589994610074,0.0,0.0,0.0,0.0,0.0,2237.8589994610074,0.0,2237.8589994610074,0.0,0.0,2237.8589994610074,0.0,0.0,2237.8589994610074,0.0,0.0,0.0,0.0
2237.8589994610074,0.0,0.0,0.0,2237.8589994610074,0.0,2237.8589994610074,2237.8589994610074,0.0,2237.8589994610074,0.0,0.0,2237.8589994610074,2237.8589994610074,2237.8589994610074,0.0,0.0,0.0,0.0,0.0,2237.8589994610074,0.0,0.0,0.0,0.0,0.0,2237.8589994610074,0.0,0.0,2237.792188469011,0.0,2237.8589994610074,2237.8254084471782,2237.792188469011,2237.8254084471782,2237.7593395430285,2237.7593395430285,2237.792188469011,2237.6947549128004,2237.726861685573,2237.8254084471782,2237.570038985255,2237.7593395430285,2237.6947549128004,2237.792188469011,2237.792188469011,2237.7593395430285,2237.792188469011,2237.6006612613974,2237.6947549128004,2237.7593395430285,2237.726861685573,2237.663019240684,2237.5397878718245,2237.6006612613974,2237.6006612613974,2237.7593395430285,2237.570038985255,2237.663019240684,2237.792188469011,2237.6947549128004,2237.726861685573,2237.663019240684,2237.6947549128004,2237.7593395430285,2237.3941002658235,2237.726861685573,2237.726861685573,2237.7593395430285,2237.6006612613974,2237.6947549128004,2237.6316546850153,2237.570038985255,2237.6006612613974,2237.6947549128004,2237.6947549128004,2237.7593395430285,2237.8589994610074,2237.663019240684,2237.6947549128004,2237.792188469011,2237.6947549128004,2237.6947549128004,2237.5397878718245,2237.663019240684,2237.570038985255,2237.7593395430285,2237.5099079361603,2237.6947549128004,2237.6947549128004,2237.792188469011,2237.726861685573,2237.663019240684,2237.5397878718245,2237.792188469011,2237.6006612613974,2237.366076438371,2237.6947549128004,2237.6316546850153,2237.6006612613974,2237.663019240684,2237.480399193134,2237.570038985255,2237.6006612613974,2237.480399193134,2237.4512616574316,2237.663019240684,2237.480399193134,2237.3384238751473,2237.480399193134,2237.3384238751473,2237.4512616574316,2237.663019240684,2237.792188469011,2237.570038985255,2237.663019240684,2237.6947549128004,2237.6316546850153,2237.6006612613974,2237.8254084471782,2237.7593395430285,2237.792188469011,2237.726861685573,2237.6947549128004,2237.663019240684,2237.726861685573,2237.8254084471782,2237.6316546850153,2237.726861685573,2237.726861685573,2237.7593395430285,2237.792188469011,2237.6947549128004,2237.726861685573,2237.663019240684,2237.663019240684,2237.726861685573,2237.792188469011,2237.792188469011,2237.663019240684,0.0,2237.6006612613974,2237.8254084471782,2237.8254084471782,2237.726861685573,0.0,2237.792188469011,2237.8254084471782,2237.792188469011,2237.792188469011,2237.7593395430285,2237.6947549128004,2237.726861685573,2237.6947549128004,2237.792188469011,2237.7593395430285,2237.663019240684,2237.726861685573,2237.8254084471782,2237.6316546850153,2237.6947549128004,2237.792188469011,2237.6006612613974,2237.570038985255,2237.6006612613974,2237.792188469011,2237.5099079361603,2237.8254084471782,2237.6316546850153,2237.6006612613974,2237.6947549128004,2237.8589994610074,2237.726861685573,2237.663019240684,2237.6316546850153,2237.6947549128004,2237.8254084471782,2237.7593395430285,2237.663019240684,2237.6947549128004,2237.6316546850153,2237.6947549128004,2237.8254084471782,2237.792188469011,2237.6947549128004,2237.663019240684,2237.6947549128004,2237.7593395430285,2237.6947549128004,2237.8254084471782,2237.663019240684,2237.6947549128004,2237.663019240684,2237.6947549128004,2237.6947549128004,2237.5099079361603,2237.6947549128004,2237.7593395430285,2237.7593395430285,2237.6316546850153,2237.6316546850153,2237.6316546850153,2237.7593395430285,2237.726861685573,2237.6947549128004,2237.480399193134,2237.792188469011,2237.6316546850153,2237.663019240684,2237.6006612613974,2237.8254084471782,2237.663019240684,2237.6006612613974,2237.6947549128004,2237.726861685573,2237.7593395430285,2237.726861685573,0.0,2237.663019240684,2237.792188469011,2237.6947549128004,2237.6316546850153,2237.6947549128004,2237.663019240684,2237.6947549128004,0.0,2237.8254084471782,2237.792188469011,2237.792188469011,2237.6947549128004,0.0,0.0,2237.8589994610074,2237.8589994610074,2237.8589994610074,0.0,2237.8254084471782,0.0,2237.8254084471782,2237.8589994610074,2237.8589994610074,2237.8589994610074,2237.8589994610074,0.0,0.0,0.0,0.0,0.0,0.0,0.0,2237.8589994610074,2237.8589994610074,0.0,0.0,0.0,0.0
0.0,0.0,0.0,0.0,2237.8254084471782,2237.8589994610074,2237.8589994610074,2237.8589994610074,0.0,0.0,0.0,0.0,0.0,2237.8589994610074,0.0,2237.8589994610074,0.0,0.0,2237.8589994610074,0.0,0.0,0.0,0.0,0.0,0.0,2237.8254084471782,2237.792188469011,2237.8589994610074,2237.8589994610074,2237.8254084471782,0.0,0.0,2237.8254084471782,2237.8254084471782,2237.8589994610074,2237.8254084471782,2237.8254084471782,2237.8254084471782,2237.792188469011,2237.8254084471782,2237.726861685573,2237.7593395430285,2237.7593395430285,2237.792188469011,2237.6316546850153,2237.6947549128004,2237.792188469011,2237.663019240684,2237.8254084471782,2237.7593395430285,2237.726861685573,2237.792188469011,2237.5397878718245,2237.6947549128004,2237.663019240684,2237.480399193134,2237.6316546850153,2237.6947549128004,2237.6316546850153,2237.726861685573,2237.7593395430285,2237.6316546850153,2237.663019240684,2237.792188469011,2237.726861685573,2237.663019240684,2237.792188469011,2237.6947549128004,2237.7593395430285,2237.8254084471782,2237.7593395430285,2237.7593395430285,2237.726861685573,2237.726861685573,2237.6947549128004,2237.6006612613974,2237.663019240684,2237.6947549128004,2237.6316546850153,2237.663019240684,2237.6316546850153,2237.5099079361603,2237.5397878718245,2237.570038985255,2237.8589994610074,2237.6316546850153,2237.6947549128004,2237.663019240684,2237.6006612613974,2237.6947549128004,2237.792188469011,0.0,2237.6316546850153,2237.5397878718245,2237.570038985255,2237.6316546850153,2237.726861685573,2237.570038985255,2237.6006612613974,2237.6006612613974,2237.6947549128004,2237.6316546850153,2237.6006612613974,2237.570038985255,2237.5099079361603,2237.6947549128004,2237.6006612613974,2237.6316546850153,2237.7593395430285,2237.5397878718245,2237.6006612613974,2237.5397878718245,2237.7593395430285,2237.7593395430285,2237.6316546850153,2237.792188469011,2237.6947549128004,2237.6947549128004,2237.792188469011,2237.663019240684,2237.792188469011,2237.5397878718245,2237.6006612613974,2237.8254084471782,2237.663019240684,2237.663019240684,2237.663019240684,2237.726861685573,2237.6947549128004,2237.726861685573,2237.7593395430285,2237.8254084471782,2237.663019240684,2237.8254084471782,2237.7593395430285,2237.663019240684,2237.792188469011,2237.792188469011,2237.8254084471782,2237.792188469011,2237.6947549128004,2237.8589994610074,2237.8254084471782,2237.7593395430285,2237.7593395430285,2237.7593395430285,2237.6947549128004,2237.7593395430285,2237.8254084471782,2237.6316546850153,2237.8254084471782,2237.726861685573,2237.6947549128004,2237.6947549128004,2237.7593395430285,2237.6947549128004,2237.6006612613974,2237.726861685573,2237.5397878718245,2237.5397878718245,2237.570038985255,2237.792188469011,2237.6316546850153,2237.663019240684,2237.726861685573,2237.6006612613974,2237.663019240684,2237.792188469011,2237.5397878718245,2237.6947549128004,2237.570038985255,2237.726861685573,2237.792188469011,2237.726861685573,2237.7593395430285,2237.7593395430285,2237.726861685573,2237.6006612613974,2237.663019240684,2237.6316546850153,2237.792188469011,2237.6947549128004,2237.6947549128004,2237.570038985255,2237.792188469011,2237.726861685573,2237.726861685573,2237.6947549128004,2237.6316546850153,2237.7593395430285,2237.5397878718245,2237.663019240684,2237.726861685573,2237.5397878718245,2237.6947549128004,2237.5397878718245,2237.5397878718245,2237.570038985255,2237.6006612613974,2237.6006612613974,2237.663019240684,2237.6316546850153,2237.5099079361603,2237.663019240684,2237.6947549128004,2237.570038985255,2237.570038985255,2237.6316546850153,2237.8254084471782,2237.6947549128004,2237.663019240684,2237.6947549128004,2237.726861685573,2237.663019240684,2237.6006612613974,2237.6316546850153,2237.6947549128004,2237.726861685573,2237.792188469011,2237.8254084471782,2237.663019240684,2237.7593395430285,2237.792188469011,2237.663019240684,2237.726861685573,2237.7593395430285,2237.8254084471782,2237.8254084471782,2237.8254084471782,2237.8254084471782,2237.8589994610074,2237.8589994610074,2237.8589994610074,2237.8589994610074,2237.8589994610074,2237.8589994610074,0.0,2237.792188469011,2237.792188469011,2237.792188469011,0.0,0.0,0.0,2237.8589994610074,0.0,2237.8589994610074,0.0,0.0,0.0,0.0,2237.8589994610074,0.0,0.0,0.0,0.0,2237.8589994610074
2237.8589994610074,0.0,0.0,2237.8589994610074,2237.8254084471782,0.0,2237.8254084471782,0.0,0.0,0.0,0.0,0.0,2237.8589994610074,0.0,0.0,2237.8589994610074,0.0,0.0,0.0,0.0,0.0,2237.8589994610074,2237.8254084471782,0.0,0.0,2237.8589994610074,2237.8254084471782,2237.8589994610074,2237.7593395430285,2237.792188469011,2237.8254084471782,2237.792188469011,2237.792188469011,2237.792188469011,2237.7593395430285,2237.792188469011,2237.792188469011,2237.5099079361603,2237.7593395430285,2237.6947549128004,2237.792188469011,2237.8254084471782,2237.726861685573,2237.792188469011,2237.792188469011,2237.6947549128004,2237.6316546850153,2237.726861685573,2237.663019240684,2237.8254084471782,2237.663019240684,2237.7593395430285,2237.6947549128004,2237.4512616574316,2237.480399193134,2237.6006612613974,2237.5397878718245,2237.726861685573,2237.5099079361603,2237.726861685573,2237.6006612613974,2237.570038985255,2237.7593395430285,2237.480399193134,2237.792188469011,2237.6316546850153,2237.7593395430285,2237.480399193134,2237.6006612613974,2237.726861685573,2237.6316546850153,2237.6947549128004,2237.8254084471782,2237.726861685573,2237.663019240684,2237.792188469011,2237.726861685573,2237.726861685573,2237.4512616574316,2237.726861685573,2237.480399193134,2237.422495343555,2237.663019240684,2237.5397878718245,2237.7593395430285,2237.792188469011,2237.6316546850153,2237.663019240684,2237.6947549128004,2237.6947549128004,2237.5099079361603,2237.6316546850153,2237.5099079361603,2237.5397878718245,2237.6316546850153,2237.3941002658235,2237.570038985255,2237.6947549128004,2237.6006612613974,2237.663019240684,2237.8254084471782,2237.663019240684,2237.7593395430285,2237.6316546850153,2237.7593395430285,2237.663019240684,2237.6947549128004,2237.726861685573,2237.570038985255,2237.570038985255,2237.6006612613974,2237.663019240684,2237.726861685573,2237.6006612613974,2237.5099079361603,2237.366076438371,2237.6316546850153,2237.6947549128004,2237.570038985255,2237.5099079361603,2237.6947549128004,2237.792188469011,2237.6006612613974,2237.7593395430285,2237.726861685573,2237.7593395430285,2237.7593395430285,2237.5397878718245,2237.792188469011,2237.7593395430285,2237.726861685573,2237.792188469011,2237.792188469011,2237.792188469011,2237.6947549128004,2237.8589994610074,2237.8254084471782,0.0,2237.792188469011,2237.792188469011,0.0,2237.8254084471782,2237.792188469011,2237.8254084471782,2237.8589994610074,2237.7593395430285,2237.8254084471782,2237.8254084471782,2237.7593395430285,2237.6947549128004,2237.6947549128004,2237.6947549128004,2237.792188469011,2237.6947549128004,2237.6947549128004,2237.7593395430285,2237.663019240684,2237.726861685573,2237.6006612613974,2237.663019240684,2237.7593395430285,2237.663019240684,2237.6006612613974,2237.6947549128004,2237.5397878718245,2237.7593395430285,2237.6316546850153,2237.6006612613974,2237.663019240684,2237.663019240684,2237.6947549128004,2237.663019240684,2237.726861685573,2237.792188469011,2237.6316546850153,2237.6947549128004,2237.6006612613974,2237.7593395430285,2237.6316546850153,2237.5099079361603,2237.7593395430285,2237.6947549128004,2237.6006612613974,2237.6947549128004,2237.6947549128004,2237.5099079361603,2237.792188469011,2237.726861685573,2237.480399193134,2237.726861685573,2237.6947549128004,2237.726861685573,2237.7593395430285,2237.726861685573,2237.6006612613974,2237.663019240684,2237.6006612613974,2237.6006612613974,2237.6947549128004,2237.6947549128004,2237.6947549128004,2237.6947549128004,2237.663019240684,2237.663019240684,2237.726861685573,2237.5099079361603,2237.792188469011,2237.6006612613974,2237.792188469011,2237.570038985255,2237.7593395430285,2237.8254084471782,2237.5397878718245,2237.6316546850153,2237.7593395430285,2237.6006612613974,2237.792188469011,2237.663019240684,2237.7593395430285,2237.792188469011,2237.663019240684,2237.6316546850153,2237.663019240684,2237.726861685573,2237.8254084471782,2237.7593395430285,2237.7593395430285,2237.8589994610074,2237.792188469011,2237.8589994610074,2237.8254084471782,2237.8589994610074,2237.792188469011,2237.8589994610074,2237.8589994610074,0.0,2237.8254084471782,2237.8589994610074,0.0,0.0,2237.8254084471782,2237.8254084471782,2237.792188469011,2237.792188469011,2237.8254084471782,0.0,0.0,0.0,2237.8589994610074,0.0,2237.8589994610074,2237.8589994610074,0.0,2237.8589994610074,2237.8589994610074,0.0
0.0,2237.8589994610074,0.0,0.0,2237.8589994610074,2237.8589994610074,0.0,0.0,0.0,0.0,0.0,2237.8589994610074,0.0,0.0,0.0,0.0,0.0,2237.8589994610074,2237.8254084471782,0.0,0.0,0.0,0.0,2237.8589994610074,2237.7593395430285,0.0,0.0,2237.8589994610074,2237.7593395430285,2237.792188469011,2237.8589994610074,2237.7593395430285,2237.8589994610074,2237.8589994610074,2237.6006612613974,2237.7593395430285,2237.8254084471782,2237.726861685573,2237.8589994610074,2237.6006612613974,2237.726861685573,2237.6947549128004,2237.4512616574316,2237.663019240684,2237.726861685573,2237.6947549128004,2237.7593395430285,2237.792188469011,2237.663019240684,2237.6316546850153,2237.726861685573,2237.726861685573,2237.6006612613974,2237.7593395430285,2237.6947549128004,2237.663019240684,2237.726861685573,2237.6947549128004,2237.6006612613974,2237.6316546850153,2237.726861685573,2237.5397878718245,2237.7593395430285,2237.663019240684,2237.5099079361603,2237.570038985255,2237.8254084471782,2237.726861685573,2237.7593395430285,2237.7593395430285,2237.726861685573,2237.6947549128004,2237.8254084471782,2237.7593395430285,2237.792188469011,2237.726861685573,2237.726861685573,2237.663019240684,2237.4512616574316,2237.8254084471782,2237.6316546850153,2237.792188469011,2237.663019240684,2237.6316546850153,2237.663019240684,0.0,2237.726861685573,2237.8589994610074,2237.6947549128004,2237.6947549128004,2237.8254084471782,2237.726861685573,2237.792188469011,2237.663019240684,2237.7593395430285,2237.5099079361603,2237.5397878718245,2237.6006612613974,2237.6947549128004,2237.7593395430285,2237.7593395430285,2237.726861685573,2237.6006612613974,2237.6947549128004,2237.6316546850153,2237.570038985255,2237.663019240684,2237.5099079361603,2237.726861685573,2237.663019240684,2237.5397878718245,2237.6006612613974,2237.5099079361603,2237.422495343555,2237.5099079361603,2237.422495343555,2237.480399193134,2237.4512616574316,2237.366076438371,2237.4512616574316,2237.7593395430285,2237.6947549128004,2237.7593395430285,2237.7593395430285,2237.792188469011,2237.726861685573,2237.7593395430285,2237.7593395430285,2237.6947549128004,2237.792188469011,2237.8589994610074,2237.8589994610074,2237.792188469011,2237.8589994610074,2237.7593395430285,2237.8254084471782,2237.8254084471782,2237.8589994610074,2237.8254084471782,2237.7593395430285,0.0,2237.792188469011,2237.792188469011,2237.792188469011,2237.8589994610074,2237.792188469011,2237.8254084471782,2237.8589994610074,2237.6947549128004,2237.726861685573,2237.6947549128004,2237.792188469011,2237.726861685573,2237.8254084471782,2237.8254084471782,2237.6316546850153,2237.6947549128004,2237.6947549128004,2237.7593395430285,2237.663019240684,2237.792188469011,2237.663019240684,2237.726861685573,2237.6316546850153,2237.7593395430285,2237.6947549128004,2237.570038985255,2237.6947549128004,2237.5397878718245,2237.6006612613974,2237.663019240684,2237.726861685573,2237.6316546850153,2237.4512616574316,2237.6006612613974,2237.663019240684,2237.6947549128004,2237.6006612613974,2237.792188469011,2237.6947549128004,2237.8254084471782,2237.663019240684,2237.792188469011,2237.726861685573,2237.8589994610074,2237.5397878718245,2237.4512616574316,2237.726861685573,2237.6006612613974,2237.6947549128004,2237.792188469011,2237.5099079361603,2237.6947549128004,2237.5099079361603,2237.8254084471782,2237.663019240684,2237.7593395430285,2237.8254084471782,2237.422495343555,2237.3941002658235,2237.663019240684,2237.663019240684,2237.570038985255,2237.6947549128004,2237.792188469011,2237.6006612613974,2237.726861685573,2237.726861685573,2237.726861685573,2237.792188469011,2237.6947549128004,2237.7593395430285,2237.726861685573,2237.792188469011,2237.7593395430285,2237.726861685573,2237.792188469011,2237.6947549128004,2237.663019240684,2237.7593395430285,2237.6947549128004,2237.6947549128004,2237.7593395430285,2237.8254084471782,2237.8254084471782,2237.8589994610074,2237.726861685573,0.0,0.0,2237.8589994610074,2237.8589994610074,0.0,0.0,2237.8254084471782,0.0,2237.792188469011,0.0,2237.7593395430285,2237.8589994610074,0.0,2237.8254084471782,2237.8589994610074,2237.8589994610074,2237.8589994610074,0.0,0.0,0.0,2237.8589994610074,2237.8589994610074,0.0,2237.8589994610074,0.0,0.0,0.0,0.0,2237.8254084471782
2237.8589994610074,0.0,0.0,2237.8589994610074,2237.8589994610074,0.0,2237.8589994610074,0.0,2237.8589994610074,0.0,0.0,0.0,0.0,0.0,0.0,2237.8589994610074,2237.8589994610074,2237.8589994610074,2237.8589994610074,0.0,0.0,2237.8254084471782,0.0,0.0,2237.8589994610074,0.0,2237.8589994610074,2237.8254084471782,2237.8254084471782,2237.792188469011,2237.726861685573,2237.792188469011,2237.726861685573,2237.6947549128004,2237.792188469011,2237.792188469011,2237.570038985255,2237.6947549128004,2237.7593395430285,2237.726861685573,2237.7593395430285,2237.726861685573,2237.7593395430285,2237.726861685573,2237.6947549128004,2237.726861685573,2237.6316546850153,2237.663019240684,2237.7593395430285,2237.6947549128004,2237.5397878718245,2237.7593395430285,2237.7593395430285,2237.663019240684,2237.726861685573,2237.570038985255,2237.6947549128004,2237.570038985255,2237.6947549128004,2237.6006612613974,2237.663019240684,2237.7593395430285,2237.726861685573,2237.570038985255,2237.8589994610074,2237.6316546850153,2237.7593395430285,2237.663019240684,2237.7593395430285,2237.570038985255,2237.663019240684,2237.726861685573,2237.792188469011,2237.6006612613974,2237.7593395430285,2237.663019240684,2237.8589994610074,2237.7593395430285,2237.663019240684,2237.6316546850153,2237.6006612613974,2237.570038985255,2237.663019240684,2237.5397878718245,2237.726861685573,2237.726861685573,2237.570038985255,2237.7593395430285,2237.663019240684,2237.570038985255,2237.6006612613974,2237.726861685573,2237.6006612613974,2237.792188469011,2237.6316546850153,2237.6316546850153,2237.6947549128004,2237.726861685573,2237.8589994610074,2237.6316546850153,2237.726861685573,2237.726861685573,2237.7593395430285,2237.5397878718245,2237.6006612613974,2237.5397878718245,2237.422495343555,2237.6006612613974,2237.570038985255,2237.5397878718245,2237.7593395430285,2237.6947549128004,2237.570038985255,2237.5099079361603,2237.726861685573,2237.4512616574316,2237.6316546850153,2237.480399193134,2237.3384238751473,2237.570038985255,2237.792188469011,2237.6316546850153,2237.792188469011,2237.6006612613974,2237.792188469011,2237.6947549128004,2237.8254084471782,2237.663019240684,2237.792188469011,2237.8589994610074,2237.8254084471782,2237.8254084471782,2237.663019240684,2237.8589994610074,2237.792188469011,2237.8254084471782,2237.792188469011,2237.7593395430285,2237.8589994610074,2237.8254084471782,2237.8254084471782,2237.8589994610074,2237.8589994610074,0.0,2237.792188469011,2237.8589994610074,2237.792188469011,2237.792188469011,2237.7593395430285,2237.7593395430285,2237.7593395430285,2237.726861685573,2237.792188469011,2237.6316546850153,2237.6316546850153,2237.6947549128004,2237.6316546850153,2237.726861685573,2237.726861685573,2237.726861685573,2237.570038985255,2237.422495343555,2237.7593395430285,2237.6947549128004,2237.7593395430285,2237.663019240684,2237.6947549128004,2237.792188469011,2237.792188469011,2237.6006612613974,2237.570038985255,2237.6316546850153,2237.7593395430285,2237.6006612613974,2237.726861685573,2237.726861685573,2237.7593395430285,2237.663019240684,2237.6006612613974,2237.5397878718245,2237.6316546850153,2237.726861685573,2237.7593395430285,2237.6947549128004,2237.6316546850153,2237.6316546850153,2237.663019240684,2237.8254084471782,2237.6316546850153,2237.7593395430285,2237.6316546850153,2237.6006612613974,2237.792188469011,2237.6006612613974,2237.6006612613974,2237.8254084471782,2237.570038985255,2237.663019240684,2237.4512616574316,2237.5099079361603,2237.3941002658235,2237.3384238751473,2237.5099079361603,2237.663019240684,2237.6316546850153,2237.6316546850153,2237.6006612613974,2237.663019240684,2237.6947549128004,2237.570038985255,2237.726861685573,2237.663019240684,2237.6947549128004,2237.7593395430285,2237.7593395430285,2237.726861685573,2237.7593395430285,2237.8254084471782,2237.6947549128004,2237.6947549128004,2237.6947549128004,2237.7593395430285,2237.7593395430285,2237.6947549128004,2237.726861685573,2237.8589994610074,2237.8589994610074,2237.8254084471782,0.0,0.0,0.0,0.0,2237.8589994610074,2237.792188469011,0.0,2237.8254084471782,0.0,2237.8254084471782,0.0,2237.8589994610074,0.0,0.0,0.0,2237.8589994610074,0.0,0.0,0.0,2237.8589994610074,0.0,2237.8589994610074,0.0,0.0,0.0,0.0,0.0,2237.8589994610074
0.0,2237.8589994610074,2237.8254084471782,0.0,0.0,0.0,0.0,0.0,2237.8254084471782,0.0,0.0,2237.8589994610074,2237.8589994610074,0.0,0.0,0.0,2237.8589994610074,0.0,0.0,0.0,2237.8589994610074,2237.8589994610074,2237.8589994610074,0.0,2237.8254084471782,2237.8254084471782,2237.8589994610074,2237.8254084471782,0.0,2237.792188469011,2237.726861685573,2237.726861685573,2237.8254084471782,2237.792188469011,2237.8254084471782,2237.726861685573,2237.663019240684,2237.5099079361603,2237.6316546850153,2237.663019240684,2237.726861685573,2237.6947549128004,2237.7593395430285,2237.570038985255,2237.6947549128004,2237.6947549128004,2237.792188469011,0.0,2237.663019240684,2237.6316546850153,2237.6316546850153,2237.6947549128004,2237.663019240684,2237.570038985255,2237.8589994610074,2237.663019240684,2237.6947549128004,2237.726861685573,2237.726861685573,2237.663019240684,2237.6316546850153,2237.7593395430285,2237.663019240684,2237.6947549128004,2237.6316546850153,2237.8254084471782,2237.6316546850153,2237.726861685573,2237.6947549128004,2237.663019240684,2237.6947549128004,2237.726861685573,2237.792188469011,2237.6947549128004,2237.6947549128004,2237.726861685573,2237.726861685573,2237.663019240684,2237.792188469011,2237.6947549128004,2237.726861685573,2237.663019240684,2237.6947549128004,2237.570038985255,2237.663019240684,2237.792188469011,2237.480399193134,2237.6947549128004,2237.6316546850153,2237.792188469011,2237.8254084471782,2237.6947549128004,2237.6316546850153,2237.663019240684,2237.7593395430285,2237.6006612613974,2237.7593395430285,2237.8589994610074,2237.6947549128004,2237.663019240684,2237.663019240684,2237.6947549128004,2237.663019240684,2237.6316546850153,2237.6947549128004,2237.570038985255,2237.3111425899197,2237.3384238751473,2237.4512616574316,2237.7593395430285,2237.570038985255,2237.6316546850153,2237.5397878718245,2237.5099079361603,2237.6947549128004,2237.3941002658235,2237.5099079361603,2237.480399193134,2237.6316546850153,2237.4512616574316,2237.570038985255,2237.6316546850153,2237.792188469011,2237.8254084471782,2237.6316546850153,2237.726861685573,2237.570038985255,2237.7593395430285,0.0,2237.792188469011,2237.8254084471782,2237.792188469011,2237.8589994610074,2237.8254084471782,0.0,2237.726861685573,2237.8589994610074,2237.8254084471782,2237.8254084471782,2237.792188469011,2237.8254084471782,2237.792188469011,2237.792188469011,2237.8254084471782,2237.8589994610074,0.0,2237.8254084471782,2237.726861685573,2237.7593395430285,2237.8254084471782,2237.726861685573,0.0,2237.8254084471782,2237.7593395430285,2237.6947549128004,2237.8589994610074,2237.7593395430285,2237.726861685573,2237.7593395430285,2237.7593395430285,2237.7593395430285,2237.7593395430285,2237.6316546850153,2237.726861685573,2237.663019240684,2237.663019240684,2237.5099079361603,2237.726861685573,2237.6316546850153,2237.6006612613974,2237.792188469011,2237.6006612613974,2237.663019240684,2237.726861685573,2237.663019240684,2237.6316546850153,2237.792188469011,2237.726861685573,2237.7593395430285,2237.726861685573,2237.663019240684,2237.792188469011,2237.726861685573,2237.7593395430285,2237.726861685573,2237.8254084471782,2237.8254084471782,2237.726861685573,2237.7593395430285,2237.663019240684,2237.663019240684,2237.6947549128004,2237.6006612613974,2237.7593395430285,2237.663019240684,2237.663019240684,2237.6006612613974,2237.663019240684,2237.6316546850153,2237.5099079361603,2237.23152653711,2237.3941002658235,2237.6947549128004,2237.663019240684,2237.570038985255,2237.726861685573,2237.663019240684,2237.7593395430285,2237.6947549128004,2237.792188469011,2237.663019240684,2237.663019240684,2237.7593395430285,2237.663019240684,2237.6947549128004,2237.6947549128004,2237.726861685573,2237.663019240684,2237.7593395430285,2237.5099079361603,2237.663019240684,2237.8254084471782,2237.663019240684,2237.792188469011,2237.792188469011,2237.8589994610074,2237.792188469011,0.0,0.0,2237.8589994610074,0.0,0.0,0.0,0.0,2237.8589994610074,0.0,2237.8254084471782,0.0,0.0,0.0,2237.8589994610074,2237.8589994610074,0.0,0.0,0.0,0.0,0.0,0.0,0.0,0.0,2237.8589994610074,2237.8589994610074,0.0,0.0,2237.8589994610074,2237.8254084471782
0.0,0.0,2237.8589994610074,0.0,2237.8254084471782,2237.8589994610074,0.0,2237.8589994610074,0.0,2237.8589994610074,0.0,0.0,2237.8589994610074,0.0,0.0,2237.8254084471782,2237.8589994610074,2237.8254084471782,2237.8589994610074,2237.8589994610074,0.0,2237.8254084471782,0.0,2237.792188469011,2237.8589994610074,2237.792188469011,2237.8254084471782,2237.792188469011,0.0,2237.792188469011,2237.8254084471782,2237.7593395430285,2237.8589994610074,2237.6947549128004,2237.8589994610074,2237.6947549128004,2237.726861685573,2237.792188469011,2237.6947549128004,2237.6316546850153,2237.726861685573,2237.726861685573,2237.7593395430285,2237.7593395430285,2237.663019240684,2237.6006612613974,2237.7593395430285,2237.792188469011,2237.6947549128004,2237.792188469011,2237.663019240684,2237.570038985255,2237.6316546850153,2237.663019240684,2237.6947549128004,2237.7593395430285,2237.570038985255,2237.6316546850153,2237.570038985255,2237.663019240684,2237.726861685573,2237.663019240684,2237.792188469011,2237.6947549128004,2237.8254084471782,2237.6006612613974,2237.663019240684,2237.570038985255,2237.726861685573,2237.6947549128004,2237.8254084471782,2237.726861685573,2237.570038985255,2237.7593395430285,2237.8254084471782,2237.6006612613974,2237.726861685573,2237.726861685573,2237.8254084471782,2237.7593395430285,2237.6947549128004,2237.6316546850153,2237.726861685573,2237.726861685573,2237.6947549128004,2237.726861685573,2237.570038985255,2237.726861685573,2237.7593395430285,2237.6947549128004,2237.8589994610074,2237.6947549128004,2237.726861685573,2237.663019240684,2237.663019240684,2237.663019240684,2237.726861685573,2237.6947549128004,2237.726861685573,2237.8254084471782,2237.663019240684,2237.7593395430285,2237.570038985255,2237.663019240684,2237.366076438371,2237.570038985255,2237.570038985255,2237.6006612613974,2237.6947549128004,2237.6316546850153,2237.663019240684,2237.6316546850153,2237.8254084471782,2237.726861685573,2237.570038985255,2237.5397878718245,2237.422495343555,2237.570038985255,2237.5099079361603,2237.6006612613974,2237.663019240684,2237.570038985255,2237.663019240684,2237.726861685573,2237.6316546850153,2237.792188469011,2237.6947549128004,2237.7593395430285,2237.8589994610074,2237.8254084471782,2237.7593395430285,2237.8254084471782,0.0,2237.8589994610074,0.0,2237.8254084471782,2237.8589994610074,2237.8254084471782,2237.6947549128004,2237.4512616574316,2237.422495343555,2237.7593395430285,2237.6947549128004,2237.8254084471782,2237.726861685573,0.0,2237.792188469011,2237.8589994610074,2237.792188469011,2237.8254084471782,2237.8254084471782,2237.792188469011,2237.8589994610074,2237.8254084471782,2237.8589994610074,2237.7593395430285,2237.6947549128004,2237.7593395430285,2237.792188469011,2237.7593395430285,2237.8254084471782,2237.480399193134,2237.6947549128004,2237.6316546850153,2237.663019240684,2237.6316546850153,2237.726861685573,2237.726861685573,2237.6947549128004,2237.6006612613974,2237.726861685573,2237.5099079361603,2237.726861685573,2237.6947549128004,2237.6947549128004,2237.726861685573,2237.8254084471782,2237.663019240684,2237.663019240684,2237.6316546850153,2237.663019240684,2237.7593395430285,2237.8254084471782,2237.726861685573,2237.726861685573,2237.726861685573,2237.7593395430285,2237.726861685573,2237.7593395430285,2237.792188469011,2237.726861685573,2237.792188469011,2237.663019240684,2237.6006612613974,2237.726861685573,2237.6316546850153,2237.6006612613974,2237.3941002658235,2237.5099079361603,2237.5099079361603,2237.205730497842,2237.3384238751473,2237.5099079361603,2237.6316546850153,2237.663019240684,2237.5397878718245,2237.6947549128004,2237.6006612613974,2237.8254084471782,2237.6947549128004,2237.5397878718245,2237.6006612613974,2237.792188469011,2237.6947549128004,2237.6947549128004,2237.726861685573,2237.6947549128004,2237.570038985255,2237.663019240684,2237.7593395430285,2237.7593395430285,2237.7593395430285,2237.7593395430285,2237.792188469011,2237.792188469011,2237.8254084471782,0.0,0.0,2237.8254084471782,0.0,2237.8589994610074,0.0,2237.8589994610074,0.0,2237.8589994610074,2237.8589994610074,2237.8589994610074,2237.8254084471782,0.0,2237.8589994610074,0.0,0.0,0.0,0.0,2237.792188469011,0.0,0.0,2237.8589994610074,2237.8589994610074,0.0,0.0,2237.8589994610074,0.0,0.0,0.0,0.0
0.0,0.0,2237.8589994610074,2237.8589994610074,0.0,0.0,2237.8254084471782,2237.8589994610074,2237.8254084471782,2237.8589994610074,2237.8589994610074,0.0,2237.8589994610074,0.0,2237.8589994610074,2237.8589994610074,2237.8254084471782,2237.8589994610074,2237.8589994610074,2237.8589994610074,2237.8589994610074,2237.792188469011,0.0,0.0,2237.792188469011,2237.792188469011,2237.792188469011,2237.792188469011,2237.8589994610074,2237.7593395430285,2237.726861685573,2237.6947549128004,2237.6006612613974,2237.6947549128004,2237.7593395430285,2237.5397878718245,2237.7593395430285,2237.726861685573,2237.6947549128004,2237.6316546850153,2237.792188469011,2237.6947549128004,2237.663019240684,2237.7593395430285,2237.6947549128004,2237.6316546850153,2237.6947549128004,2237.6947549128004,2237.663019240684,2237.6006612613974,2237.480399193134,2237.6316546850153,2237.6947549128004,2237.663019240684,2237.6316546850153,2237.570038985255,2237.6316546850153,2237.6006612613974,2237.6316546850153,2237.480399193134,2237.726861685573,2237.663019240684,2237.663019240684,2237.726861685573,2237.6316546850153,2237.726861685573,2237.570038985255,2237.7593395430285,2237.7593395430285,2237.8589994610074,2237.8254084471782,2237.7593395430285,2237.726861685573,2237.7593395430285,2237.6947549128004,2237.792188469011,2237.6316546850153,2237.7593395430285,2237.663019240684,2237.663019240684,2237.6316546850153,2237.7593395430285,2237.792188469011,2237.6316546850153,2237.726861685573,2237.8254084471782,2237.663019240684,2237.7593395430285,2237.6006612613974,2237.792188469011,2237.792188469011,2237.6006612613974,2237.6947549128004,2237.6316546850153,2237.7593395430285,2237.663019240684,2237.6947549128004,2237.7593395430285,2237.726861685573,2237.663019240684,2237.792188469011,2237.6316546850153,2237.6006612613974,2237.5099079361603,2237.480399193134,2237.7593395430285,2237.570038985255,2237.570038985255,2237.726861685573,2237.6006612613974,2237.6316546850153,2237.480399193134,2237.726861685573,2237.6947549128004,2237.6947549128004,2237.6006612613974,2237.6006612613974,2237.6006612613974,2237.5099079361603,2237.7593395430285,2237.6006612613974,2237.663019240684,2237.6006612613974,2237.8254084471782,2237.7593395430285,2237.7593395430285,2237.7593395430285,2237.726861685573,2237.8254084471782,2237.792188469011,2237.8589994610074,2237.8254084471782,2237.8254084471782,2237.8254084471782,2237.8589994610074,2237.8589994610074,2237.7593395430285,2237.726861685573,2237.6006612613974,2237.663019240684,2237.5397878718245,2237.6316546850153,2237.792188469011,2237.8589994610074,2237.7593395430285,2237.8589994610074,2237.8589994610074,2237.8254084471782,0.0,2237.8254084471782,2237.8589994610074,2237.8254084471782,2237.8254084471782,2237.8589994610074,0.0,2237.8589994610074,2237.8589994610074,2237.8589994610074,2237.663019240684,2237.5099079361603,2237.6316546850153,2237.792188469011,2237.7593395430285,2237.7593395430285,2237.7593395430285,2237.726861685573,2237.726861685573,2237.6947549128004,2237.726861685573,2237.5099079361603,2237.663019240684,2237.792188469011,2237.6947549128004,2237.7593395430285,2237.6316546850153,2237.792188469011,2237.7593395430285,2237.663019240684,2237.6316546850153,2237.570038985255,2237.726861685573,2237.6006612613974,2237.663019240684,2237.792188469011,2237.7593395430285,2237.6316546850153,2237.7593395430285,2237.792188469011,2237.6006612613974,2237.6316546850153,2237.663019240684,2237.7593395430285,2237.726861685573,2237.6947549128004,2237.663019240684,2237.422495343555,2237.5099079361603,2237.5397878718245,2237.3941002658235,2237.422495343555,2237.1305704948786,2237.5099079361603,2237.5397878718245,2237.6006612613974,2237.4512616574316,2237.570038985255,2237.570038985255,2237.792188469011,2237.663019240684,2237.663019240684,2237.7593395430285,2237.6947549128004,2237.6947549128004,2237.792188469011,2237.5099079361603,2237.663019240684,2237.792188469011,2237.6006612613974,2237.6947549128004,2237.726861685573,2237.5397878718245,2237.8254084471782,2237.6947549128004,2237.7593395430285,2237.8254084471782,0.0,2237.792188469011,0.0,0.0,2237.8589994610074,2237.8254084471782,2237.8589994610074,0.0,2237.8589994610074,0.0,0.0,0.0,0.0,0.0,0.0,0.0,0.0,0.0,0.0,0.0,0.0,0.0,0.0,0.0,0.0,2237.8589994610074,0.0,0.0,0.0,0.0,0.0
2237.8254084471782,2237.8589994610074,2237.8589994610074,0.0,0.0,0.0,0.0,0.0,2237.8589994610074,0.0,2237.792188469011,2237.8254084471782,0.0,0.0,0.0,0.0,0.0,0.0,0.0,0.0,2237.8589994610074,2237.8589994610074,2237.8589994610074,2237.8589994610074,2237.792188469011,2237.8254084471782,2237.792188469011,2237.6947549128004,2237.8589994610074,2237.792188469011,2237.8589994610074,2237.8254084471782,2237.663019240684,2237.7593395430285,2237.663019240684,2237.8254084471782,2237.6947549128004,2237.6947549128004,2237.792188469011,2237.663019240684,2237.792188469011,2237.792188469011,2237.6006612613974,2237.792188469011,2237.726861685573,2237.8254084471782,2237.6947549128004,2237.6316546850153,2237.6006612613974,2237.6947549128004,2237.7593395430285,2237.8254084471782,2237.570038985255,2237.6006612613974,2237.663019240684,2237.570038985255,2237.6947549128004,2237.422495343555,2237.6316546850153,2237.5397878718245,2237.5397878718245,2237.570038985255,2237.7593395430285,2237.792188469011,2237.7593395430285,2237.792188469011,2237.6006612613974,2237.8589994610074,2237.6947549128004,2237.663019240684,2237.663019240684,2237.6316546850153,2237.792188469011,2237.792188469011,2237.8254084471782,2237.6006612613974,2237.663019240684,2237.6947549128004,2237.6006612613974,2237.792188469011,2237.8589994610074,2237.726861685573,2237.6947549128004,2237.6316546850153,2237.5099079361603,2237.7593395430285,2237.6316546850153,2237.6006612613974,2237.6316546850153,2237.7593395430285,2237.570038985255,2237.5099079361603,2237.663019240684,2237.3941002658235,2237.6316546850153,2237.726861685573,2237.6947549128004,2237.6316546850153,2237.7593395430285,2237.6006612613974,2237.6316546850153,2237.422495343555,2237.3111425899197,2237.3384238751473,2237.2842325962692,2237.5099079361603,2237.6947549128004,2237.6006612613974,2237.726861685573,2237.663019240684,2237.6947549128004,2237.6316546850153,2237.7593395430285,2237.663019240684,2237.5099079361603,2237.663019240684,2237.5397878718245,2237.422495343555,2237.480399193134,2237.570038985255,2237.663019240684,2237.792188469011,2237.6947549128004,2237.6947549128004,2237.726861685573,2237.8254084471782,0.0,2237.8589994610074,2237.792188469011,2237.7593395430285,2237.8589994610074,0.0,2237.8589994610074,2237.8589994610074,2237.8589994610074,2237.792188469011,2237.8589994610074,2237.663019240684,2237.5397878718245,2237.5397878718245,2237.6316546850153,2237.792188469011,2237.8254084471782,2237.8254084471782,2237.8589994610074,0.0,2237.8254084471782,2237.792188469011,2237.7593395430285,2237.8254084471782,2237.8589994610074,2237.792188469011,2237.8254084471782,0.0,0.0,2237.6006612613974,2237.8589994610074,2237.8254084471782,2237.6947549128004,2237.7593395430285,2237.663019240684,2237.6947549128004,2237.6947549128004,2237.663019240684,2237.6947549128004,2237.726861685573,2237.663019240684,2237.663019240684,2237.6947549128004,2237.6947549128004,2237.6316546850153,2237.4512616574316,2237.480399193134,2237.663019240684,2237.6006612613974,2237.6947549128004,2237.8254084471782,2237.663019240684,2237.6947549128004,2237.792188469011,2237.6947549128004,2237.792188469011,2237.7593395430285,2237.663019240684,2237.6316546850153,2237.726861685573,2237.7593395430285,2237.8589994610074,2237.792188469011,2237.792188469011,2237.8254084471782,2237.6947549128004,2237.6006612613974,2237.570038985255,2237.6006612613974,2237.570038985255,2237.480399193134,2237.422495343555,2237.2576939075952,2237.480399193134,2237.5099079361603,2237.23152653711,2237.4512616574316,2237.5099079361603,2237.663019240684,2237.663019240684,2237.792188469011,2237.726861685573,2237.726861685573,2237.7593395430285,2237.663019240684,2237.6947549128004,2237.726861685573,2237.726861685573,2237.6006612613974,2237.6006612613974,2237.7593395430285,2237.6947549128004,2237.792188469011,2237.726861685573,2237.792188469011,2237.792188469011,2237.6947549128004,0.0,2237.8254084471782,0.0,2237.8589994610074,0.0,0.0,0.0,0.0,0.0,2237.8589994610074,0.0,0.0,0.0,2237.8589994610074,0.0,0.0,0.0,0.0,2237.8589994610074,0.0,0.0,0.0,2237.8589994610074,0.0,0.0,2237.8589994610074,0.0,0.0,0.0,0.0,0.0,2237.8589994610074,2237.8589994610074
0.0,0.0,0.0,2237.8589994610074,0.0,0.0,0.0,0.0,0.0,2237.8254084471782,0.0,2237.8589994610074,0.0,0.0,2237.8254084471782,0.0,2237.8254084471782,2237.8254084471782,2237.8254084471782,2237.8589994610074,0.0,2237.8589994610074,0.0,2237.8254084471782,2237.792188469011,2237.8589994610074,2237.792188469011,2237.792188469011,2237.8254084471782,2237.792188469011,2237.663019240684,2237.726861685573,2237.7593395430285,2237.663019240684,2237.6006612613974,2237.726861685573,2237.726861685573,2237.726861685573,2237.5397878718245,2237.6947549128004,2237.663019240684,2237.6947549128004,2237.663019240684,2237.726861685573,2237.8254084471782,2237.7593395430285,2237.6947549128004,2237.663019240684,2237.726861685573,2237.726861685573,2237.6947549128004,2237.7593395430285,2237.6316546850153,2237.7593395430285,2237.6947549128004,2237.6947549128004,2237.5397878718245,2237.480399193134,2237.3941002658235,2237.5099079361603,2237.6006612613974,2237.6006612613974,2237.7593395430285,2237.726861685573,2237.6006612613974,2237.7593395430285,2237.6316546850153,2237.726861685573,2237.7593395430285,2237.8589994610074,2237.7593395430285,2237.8254084471782,2237.8589994610074,2237.7593395430285,2237.726861685573,2237.7593395430285,2237.663019240684,2237.570038985255,2237.663019240684,2237.6947549128004,2237.726861685573,2237.726861685573,2237.7593395430285,2237.726861685573,2237.663019240684,2237.6316546850153,2237.663019240684,2237.6006612613974,2237.726861685573,2237.6316546850153,2237.5397878718245,2237.5397878718245,2237.5397878718245,2237.6316546850153,2237.480399193134,2237.792188469011,2237.6316546850153,2237.663019240684,2237.6006612613974,2237.792188469011,2237.480399193134,2237.3111425899197,2237.366076438371,2237.2842325962692,2237.3111425899197,2237.480399193134,2237.480399193134,2237.5397878718245,2237.6316546850153,2237.6316546850153,2237.8254084471782,2237.726861685573,2237.8589994610074,2237.6316546850153,2237.663019240684,2237.6947549128004,2237.570038985255,2237.6006612613974,2237.5397878718245,2237.7593395430285,2237.6947549128004,2237.663019240684,2237.8254084471782,2237.8254084471782,2237.8589994610074,2237.8254084471782,2237.8254084471782,0.0,2237.726861685573,0.0,2237.8589994610074,2237.8254084471782,2237.792188469011,2237.8254084471782,0.0,2237.8589994610074,2237.8589994610074,2237.8254084471782,2237.663019240684,2237.726861685573,2237.7593395430285,2237.792188469011,2237.8589994610074,0.0,2237.8254084471782,2237.8589994610074,2237.792188469011,2237.7593395430285,2237.8254084471782,2237.8589994610074,2237.8589994610074,2237.792188469011,0.0,2237.792188469011,2237.8254084471782,0.0,2237.792188469011,2237.8254084471782,2237.663019240684,2237.8254084471782,2237.4512616574316,2237.7593395430285,2237.6316546850153,2237.663019240684,2237.726861685573,2237.570038985255,2237.726861685573,2237.792188469011,2237.7593395430285,2237.6316546850153,2237.663019240684,2237.6316546850153,2237.570038985255,2237.663019240684,2237.6947549128004,2237.6316546850153,2237.726861685573,2237.570038985255,2237.726861685573,2237.792188469011,2237.663019240684,2237.6316546850153,2237.570038985255,2237.663019240684,2237.726861685573,2237.7593395430285,2237.726861685573,2237.726861685573,2237.6006612613974,2237.6316546850153,2237.7593395430285,2237.570038985255,2237.422495343555,2237.3111425899197,2237.5099079361603,2237.6316546850153,2237.6316546850153,2237.3941002658235,2237.155252464158,2236.6654090377356,2236.9681960568123,2236.9681960568123,2237.0823207129033,2237.0355565528357,2237.726861685573,2237.5397878718245,2237.570038985255,2237.726861685573,2237.6947549128004,2237.6316546850153,2237.663019240684,2237.7593395430285,2237.6006612613974,2237.792188469011,2237.792188469011,2237.726861685573,2237.570038985255,2237.6006612613974,2237.6947549128004,2237.6947549128004,2237.7593395430285,2237.8589994610074,2237.6947549128004,2237.8254084471782,0.0,0.0,0.0,0.0,2237.8589994610074,0.0,0.0,2237.8589994610074,0.0,2237.8254084471782,0.0,0.0,0.0,2237.8589994610074,0.0,0.0,0.0,0.0,0.0,0.0,0.0,0.0,0.0,2237.8589994610074,0.0,0.0,0.0,0.0,0.0,0.0,0.0,2237.8589994610074
2237.8589994610074,2237.8589994610074,0.0,0.0,0.0,0.0,0.0,0.0,0.0,2237.8589994610074,2237.8589994610074,2237.8589994610074,2237.792188469011,0.0,2237.8589994610074,2237.8589994610074,2237.7593395430285,2237.8589994610074,2237.792188469011,2237.8589994610074,0.0,2237.8254084471782,2237.8589994610074,0.0,2237.8254084471782,2237.8589994610074,0.0,2237.8589994610074,2237.663019240684,2237.726861685573,2237.8254084471782,2237.726861685573,2237.726861685573,2237.726861685573,2237.7593395430285,2237.7593395430285,2237.663019240684,2237.6006612613974,2237.726861685573,2237.726861685573,2237.6947549128004,2237.792188469011,2237.6947549128004,2237.663019240684,2237.5397878718245,2237.7593395430285,2237.6316546850153,2237.726861685573,2237.6316546850153,2237.7593395430285,2237.6947549128004,2237.6006612613974,2237.6947549128004,2237.570038985255,2237.5099079361603,2237.6316546850153,2237.3384238751473,2237.2842325962692,2237.4512616574316,2237.4512616574316,2237.663019240684,2237.6316546850153,2237.480399193134,2237.6006612613974,2237.663019240684,2237.570038985255,2237.792188469011,2237.7593395430285,2237.7593395430285,2237.792188469011,2237.792188469011,2237.8589994610074,2237.6947549128004,2237.6947549128004,2237.726861685573,2237.7593395430285,2237.570038985255,2237.663019240684,2237.7593395430285,2237.8254084471782,2237.8254084471782,2237.792188469011,2237.792188469011,2237.5099079361603,2237.480399193134,2237.6006612613974,2237.366076438371,2237.5099079361603,2237.6006612613974,2237.6006612613974,2237.5397878718245,2237.6316546850153,2237.4512616574316,2237.6006612613974,2237.480399193134,2237.6006612613974,2237.6316546850153,2237.663019240684,2237.7593395430285,2237.570038985255,2237.6006612613974,2237.480399193134,2237.366076438371,2237.5099079361603,2237.5397878718245,2237.5397878718245,2237.480399193134,2237.6947549128004,2237.7593395430285,2237.726861685573,2237.8254084471782,2237.8589994610074,2237.8254084471782,2237.8589994610074,2237.8589994610074,2237.663019240684,2237.6316546850153,2237.7593395430285,2237.6006612613974,2237.792188469011,2237.7593395430285,2237.6947549128004,2237.6316546850153,2237.8254084471782,2237.726861685573,2237.8254084471782,0.0,2237.792188469011,2237.8254084471782,2237.8254084471782,2237.8254084471782,2237.6316546850153,2237.7593395430285,2237.792188469011,2237.7593395430285,2237.8589994610074,2237.8589994610074,0.0,2237.7593395430285,2237.6947549128004,2237.8254084471782,2237.8254084471782,0.0,0.0,2237.8254084471782,2237.8589994610074,2237.8589994610074,2237.8254084471782,0.0,0.0,2237.8589994610074,2237.792188469011,2237.8254084471782,2237.8254084471782,2237.8589994610074,2237.8254084471782,2237.792188469011,2237.792188469011,2237.6947549128004,2237.792188469011,2237.6316546850153,2237.8254084471782,2237.7593395430285,2237.792188469011,2237.570038985255,2237.663019240684,2237.663019240684,2237.6947549128004,2237.6316546850153,2237.6006612613974,2237.422495343555,2237.366076438371,2237.480399193134,2237.6006612613974,2237.663019240684,2237.570038985255,2237.6316546850153,2237.6947549128004,2237.480399193134,2237.726861685573,2237.570038985255,2237.8254084471782,2237.7593395430285,2237.663019240684,2237.6947549128004,2237.6316546850153,2237.6006612613974,2237.6947549128004,2237.7593395430285,2237.792188469011,2237.7593395430285,2237.480399193134,2237.2842325962692,2237.4512616574316,2237.5099079361603,2237.663019240684,2237.7593395430285,2237.23152653711,2236.604575413222,2236.478507330612,2236.46794481162,2236.7149362211335,2236.634248968008,2237.23152653711,2237.726861685573,2237.6316546850153,2237.663019240684,2237.792188469011,2237.663019240684,2237.570038985255,2237.792188469011,2237.6947549128004,2237.6947549128004,2237.5099079361603,2237.792188469011,2237.570038985255,2237.663019240684,2237.6947549128004,2237.726861685573,2237.663019240684,2237.663019240684,2237.7593395430285,2237.8589994610074,2237.8589994610074,2237.8254084471782,0.0,0.0,2237.8589994610074,0.0,2237.8589994610074,0.0,2237.8589994610074,0.0,0.0,0.0,0.0,0.0,0.0,0.0,0.0,2237.792188469011,0.0,0.0,2237.8589994610074,2237.8589994610074,0.0,0.0,2237.8589994610074,2237.8589994610074,0.0,0.0,0.0,0.0,2237.8589994610074,0.0,0.0
2237.8254084471782,2237.8254084471782,0.0,0.0,2237.8589994610074,0.0,0.0,0.0,2237.8589994610074,2237.8254084471782,0.0,0.0,2237.8589994610074,0.0,2237.8254084471782,0.0,2237.792188469011,0.0,2237.8254084471782,2237.8589994610074,0.0,2237.8254084471782,2237.792188469011,2237.8589994610074,2237.8589994610074,2237.7593395430285,2237.8589994610074,2237.6947549128004,2237.8254084471782,2237.7593395430285,2237.726861685573,2237.726861685573,2237.6947549128004,2237.726861685573,2237.6947549128004,2237.6006612613974,2237.6316546850153,2237.726861685573,2237.6947549128004,2237.663019240684,2237.7593395430285,2237.6947549128004,2237.7593395430285,2237.792188469011,2237.6316546850153,2237.5397878718245,2237.6947549128004,2237.7593395430285,2237.6947549128004,2237.6947549128004,2237.570038985255,2237.5397878718245,2237.6947549128004,2237.726861685573,2237.663019240684,2237.6947549128004,2237.422495343555,2237.3941002658235,2237.480399193134,2237.5099079361603,2237.570038985255,2237.726861685573,2237.792188469011,2237.6316546850153,2237.6316546850153,2237.570038985255,2237.6006612613974,2237.726861685573,2237.7593395430285,2237.8254084471782,2237.6947549128004,2237.792188469011,2237.663019240684,2237.6947549128004,2237.8254084471782,2237.8254084471782,2237.8254084471782,2237.7593395430285,2237.7593395430285,2237.6947549128004,2237.6316546850153,2237.792188469011,2237.6316546850153,2237.570038985255,2237.366076438371,2237.2576939075952,2237.3111425899197,2237.3111425899197,2237.106259907091,2237.106259907091,2237.366076438371,2237.726861685573,2237.6006612613974,2237.7593395430285,2237.6316546850153,2237.6006612613974,2237.5397878718245,2237.6947549128004,2237.5099079361603,2237.726861685573,2237.6316546850153,2237.5099079361603,2237.1803058026376,2237.480399193134,2237.5397878718245,2237.5099079361603,2237.5397878718245,2237.4512616574316,2237.663019240684,2237.792188469011,2237.8254084471782,2237.7593395430285,2237.8589994610074,2237.8254084471782,2237.663019240684,2237.663019240684,2237.6947549128004,2237.663019240684,2237.6316546850153,2237.7593395430285,2237.792188469011,2237.726861685573,2237.8254084471782,2237.7593395430285,2237.8254084471782,2237.8589994610074,2237.8589994610074,2237.8589994610074,2237.792188469011,2237.8254084471782,2237.792188469011,2237.7593395430285,0.0,2237.792188469011,0.0,2237.8589994610074,0.0,0.0,2237.8589994610074,2237.7593395430285,2237.8589994610074,2237.8589994610074,2237.8254084471782,2237.8589994610074,2237.8254084471782,2237.8589994610074,0.0,2237.8589994610074,0.0,2237.663019240684,2237.792188469011,2237.8589994610074,2237.8589994610074,2237.8589994610074,2237.726861685573,2237.8589994610074,2237.792188469011,2237.6947549128004,2237.8254084471782,2237.8254084471782,2237.6947549128004,2237.6947549128004,2237.6947549128004,2237.6006612613974,2237.6006612613974,2237.792188469011,2237.570038985255,2237.663019240684,2237.663019240684,2237.726861685573,2237.570038985255,2237.4512616574316,2237.5397878718245,2237.6316546850153,2237.570038985255,2237.6947549128004,2237.5099079361603,2237.6947549128004,2237.7593395430285,2237.663019240684,2237.7593395430285,2237.6316546850153,2237.726861685573,2237.6947549128004,2237.6316546850153,2237.726861685573,2237.7593395430285,2237.6947549128004,2237.663019240684,2237.6006612613974,2237.663019240684,2237.663019240684,2237.570038985255,2237.480399193134,2237.4512616574316,2237.570038985255,2237.7593395430285,2237.4512616574316,2236.8435048324814,2236.438487544933,2236.412375814549,2236.5007474824174,2237.0127316102476,2237.3384238751473,2237.663019240684,2237.6006612613974,2237.570038985255,2237.5099079361603,2237.6947549128004,2237.570038985255,2237.726861685573,2237.726861685573,2237.6006612613974,2237.6316546850153,2237.726861685573,2237.663019240684,2237.6316546850153,2237.8254084471782,2237.6006612613974,2237.6947549128004,2237.8254084471782,2237.8589994610074,2237.8254084471782,2237.792188469011,0.0,0.0,0.0,0.0,0.0,2237.8254084471782,0.0,0.0,0.0,0.0,2237.8589994610074,0.0,0.0,0.0,0.0,0.0,2237.8589994610074,0.0,0.0,0.0,0.0,2237.8589994610074,2237.8589994610074,0.0,0.0,0.0,0.0,0.0,2237.8589994610074,0.0,0.0,2237.8254084471782
0.0,2237.8589994610074,2237.8589994610074,0.0,0.0,0.0,2237.792188469011,2237.8589994610074,2237.8589994610074,2237.8589994610074,2237.8589994610074,0.0,2237.8254084471782,0.0,0.0,0.0,2237.8589994610074,2237.8254084471782,2237.8589994610074,2237.8589994610074,2237.8254084471782,2237.8254084471782,0.0,2237.8254084471782,2237.7593395430285,2237.7593395430285,2237.8254084471782,2237.792188469011,2237.8254084471782,2237.7593395430285,2237.6947549128004,2237.6947549128004,2237.8589994610074,2237.792188469011,2237.726861685573,2237.6947549128004,2237.6006612613974,2237.663019240684,2237.726861685573,2237.6316546850153,2237.663019240684,2237.726861685573,2237.663019240684,2237.6947549128004,2237.663019240684,2237.8589994610074,2237.8254084471782,2237.5397878718245,2237.480399193134,2237.6947549128004,2237.792188469011,2237.7593395430285,2237.663019240684,2237.726861685573,2237.6006612613974,2237.5099079361603,2237.8254084471782,2237.6006612613974,2237.6006612613974,2237.6006612613974,2237.663019240684,2237.6316546850153,2237.7593395430285,2237.570038985255,2237.726861685573,2237.8254084471782,2237.726861685573,2237.8589994610074,2237.570038985255,2237.7593395430285,2237.792188469011,2237.6947549128004,2237.7593395430285,2237.726861685573,2237.6006612613974,2237.792188469011,2237.8589994610074,2237.663019240684,2237.726861685573,2237.726861685573,2237.792188469011,2237.6316546850153,2237.4512616574316,2237.4512616574316,2237.422495343555,2237.5099079361603,2237.4512616574316,2237.205730497842,2237.155252464158,2237.0587529242384,2237.23152653711,2237.5099079361603,2237.4512616574316,2237.726861685573,2237.5099079361603,2237.6947549128004,2237.7593395430285,2237.6006612613974,2237.5397878718245,2237.5099079361603,2237.663019240684,2237.3384238751473,2237.4512616574316,2237.422495343555,2237.422495343555,2237.422495343555,2237.6006612613974,2237.726861685573,2237.7593395430285,2237.8254084471782,2237.8589994610074,2237.792188469011,2237.8254084471782,2237.726861685573,2237.7593395430285,2237.6316546850153,2237.6006612613974,2237.6006612613974,2237.3941002658235,2237.6006612613974,2237.6006612613974,2237.7593395430285,2237.792188469011,2237.8254084471782,2237.8254084471782,2237.792188469011,2237.7593395430285,2237.7593395430285,2237.8254084471782,2237.8589994610074,2237.792188469011,2237.792188469011,2237.8254084471782,2237.8589994610074,2237.7593395430285,2237.8589994610074,0.0,0.0,2237.8589994610074,2237.8589994610074,0.0,2237.8589994610074,0.0,0.0,2237.8254084471782,0.0,2237.8254084471782,2237.792188469011,2237.8589994610074,2237.792188469011,2237.8254084471782,2237.792188469011,2237.8254084471782,2237.726861685573,2237.8589994610074,2237.792188469011,0.0,2237.8589994610074,2237.726861685573,0.0,2237.7593395430285,2237.6947549128004,2237.6316546850153,2237.663019240684,2237.726861685573,2237.792188469011,2237.4512616574316,2237.663019240684,2237.8589994610074,2237.6947549128004,2237.6947549128004,2237.663019240684,2237.5397878718245,2237.663019240684,2237.5397878718245,2237.8254084471782,2237.570038985255,2237.7593395430285,2237.6316546850153,2237.7593395430285,2237.726861685573,2237.663019240684,2237.6947549128004,2237.663019240684,2237.792188469011,2237.6947549128004,2237.7593395430285,2237.726861685573,2237.6006612613974,2237.726861685573,2237.8254084471782,2237.7593395430285,2237.663019240684,2237.726861685573,2237.6947549128004,2237.7593395430285,2237.663019240684,2237.422495343555,2237.0823207129033,2236.94648546815,2237.0587529242384,2237.23152653711,2237.570038985255,2237.6947549128004,2237.6947549128004,2237.5099079361603,2237.6006612613974,2237.7593395430285,2237.6006612613974,2237.6316546850153,2237.663019240684,2237.5397878718245,2237.792188469011,2237.8254084471782,2237.7593395430285,2237.5099079361603,2237.570038985255,2237.726861685573,2237.663019240684,2237.663019240684,2237.663019240684,2237.7593395430285,2237.8254084471782,2237.8589994610074,0.0,0.0,0.0,0.0,0.0,0.0,0.0,0.0,2237.8589994610074,0.0,2237.8589994610074,0.0,0.0,2237.8589994610074,0.0,0.0,0.0,0.0,0.0,0.0,2237.8589994610074,0.0,0.0,2237.8589994610074,0.0,2237.8589994610074,0.0,2237.8589994610074,0.0,2237.8589994610074,0.0,0.0
0.0,0.0,2237.8589994610074,2237.8589994610074,0.0,0.0,0.0,0.0,0.0,0.0,2237.7593395430285,0.0,0.0,0.0,2237.8254084471782,2237.8589994610074,0.0,0.0,2237.8589994610074,2237.8589994610074,2237.8589994610074,2237.8589994610074,2237.8589994610074,2237.8254084471782,2237.792188469011,2237.8589994610074,2237.7593395430285,2237.7593395430285,2237.6947549128004,2237.7593395430285,2237.792188469011,2237.8589994610074,2237.792188469011,2237.726861685573,2237.6947549128004,2237.570038985255,2237.6947549128004,2237.792188469011,2237.726861685573,2237.726861685573,2237.6947549128004,2237.792188469011,2237.6316546850153,2237.6947549128004,2237.570038985255,2237.6947549128004,2237.663019240684,2237.5099079361603,2237.663019240684,2237.6006612613974,2237.6006612613974,2237.480399193134,2237.570038985255,2237.663019240684,2237.7593395430285,2237.570038985255,2237.6947549128004,2237.792188469011,2237.663019240684,2237.792188469011,2237.6316546850153,2237.7593395430285,2237.663019240684,2237.7593395430285,2237.663019240684,2237.7593395430285,2237.570038985255,2237.726861685573,2237.8254084471782,2237.6006612613974,2237.726861685573,2237.726861685573,2237.7593395430285,2237.792188469011,2237.6316546850153,2237.6316546850153,2237.7593395430285,2237.6316546850153,2237.6316546850153,2237.726861685573,2237.6006612613974,2237.663019240684,2237.422495343555,2237.4512616574316,2237.5397878718245,2237.480399193134,2237.480399193134,2237.3941002658235,2237.205730497842,2236.925146352674,2237.1305704948786,2237.422495343555,2237.422495343555,2237.6006612613974,2237.5397878718245,2237.570038985255,2237.663019240684,2237.6316546850153,2237.570038985255,2237.7593395430285,2237.663019240684,2237.2576939075952,2237.23152653711,2237.5397878718245,2237.570038985255,2237.570038985255,2237.6316546850153,2237.8254084471782,2237.726861685573,2237.8254084471782,2237.8589994610074,0.0,2237.792188469011,2237.8254084471782,2237.8589994610074,2237.792188469011,2237.6947549128004,2237.6947549128004,2237.663019240684,2237.6947549128004,2237.6947549128004,2237.7593395430285,2237.792188469011,2237.8254084471782,2237.792188469011,2237.6006612613974,2237.6947549128004,2237.663019240684,2237.5397878718245,2237.480399193134,2237.6947549128004,2237.7593395430285,2237.7593395430285,2237.7593395430285,2237.792188469011,2237.8254084471782,2237.8589994610074,0.0,2237.8589994610074,2237.8589994610074,2237.7593395430285,0.0,0.0,2237.8589994610074,2237.8254084471782,0.0,2237.8589994610074,2237.8254084471782,0.0,2237.8589994610074,2237.792188469011,2237.8589994610074,2237.8589994610074,2237.8589994610074,2237.792188469011,2237.8254084471782,2237.8589994610074,2237.8589994610074,2237.792188469011,2237.7593395430285,2237.6947549128004,2237.8589994610074,2237.792188469011,2237.6006612613974,2237.726861685573,2237.6316546850153,2237.726861685573,2237.480399193134,2237.6006612613974,2237.6006612613974,2237.663019240684,2237.6947549128004,2237.726861685573,2237.5397878718245,2237.570038985255,2237.6947549128004,2237.663019240684,2237.726861685573,2237.663019240684,2237.6316546850153,2237.7593395430285,2237.570038985255,2237.663019240684,2237.663019240684,2237.6316546850153,2237.6947549128004,2237.6006612613974,2237.663019240684,2237.570038985255,2237.6947549128004,2237.6947549128004,2237.570038985255,2237.6947549128004,2237.6316546850153,2237.570038985255,2237.726861685573,2237.570038985255,2237.366076438371,2237.5397878718245,2237.4512616574316,2237.570038985255,2237.6316546850153,2237.5099079361603,2237.6316546850153,2237.6006612613974,2237.570038985255,2237.570038985255,2237.6947549128004,2237.6316546850153,2237.6006612613974,2237.6947549128004,2237.6947549128004,2237.663019240684,2237.6947549128004,2237.7593395430285,2237.792188469011,2237.5099079361603,2237.6316546850153,2237.7593395430285,2237.7593395430285,2237.6947549128004,2237.7593395430285,0.0,0.0,2237.8589994610074,0.0,0.0,0.0,0.0,0.0,0.0,0.0,0.0,2237.8254084471782,0.0,0.0,2237.8589994610074,0.0,2237.8589994610074,2237.8589994610074,2237.8589994610074,0.0,0.0,0.0,0.0,2237.8254084471782,0.0,0.0,0.0,0.0,0.0,0.0,0.0,0.0,0.0,2237.8589994610074
0.0,0.0,0.0,0.0,2237.8589994610074,2237.8589994610074,2237.8589994610074,2237.8589994610074,0.0,2237.8254084471782,0.0,0.0,2237.8589994610074,0.0,0.0,2237.8589994610074,0.0,2237.8254084471782,2237.8589994610074,0.0,2237.792188469011,2237.8254084471782,2237.8254084471782,2237.792188469011,2237.8254084471782,2237.792188469011,2237.8589994610074,2237.6947549128004,2237.726861685573,2237.726861685573,2237.8254084471782,2237.663019240684,2237.7593395430285,2237.7593395430285,2237.6006612613974,2237.6316546850153,2237.6006612613974,2237.570038985255,2237.726861685573,2237.8254084471782,2237.663019240684,2237.663019240684,2237.663019240684,2237.726861685573,2237.726861685573,2237.663019240684,2237.726861685573,2237.5397878718245,2237.792188469011,2237.7593395430285,2237.726861685573,2237.480399193134,2237.726861685573,2237.663019240684,2237.570038985255,2237.726861685573,2237.5397878718245,2237.726861685573,2237.6947549128004,2237.8254084471782,2237.726861685573,2237.7593395430285,2237.6316546850153,2237.6947549128004,2237.792188469011,2237.726861685573,2237.570038985255,2237.6006612613974,2237.6947549128004,2237.7593395430285,2237.6947549128004,2237.7593395430285,2237.726861685573,2237.7593395430285,2237.792188469011,2237.726861685573,2237.8254084471782,2237.726861685573,2237.663019240684,2237.6006612613974,2237.6006612613974,2237.480399193134,2237.4512616574316,2237.3941002658235,2237.6006612613974,2237.366076438371,2237.570038985255,2237.3111425899197,2237.23152653711,2237.23152653711,2237.2842325962692,2237.2842325962692,2237.4512616574316,2237.570038985255,2237.6006612613974,2237.726861685573,2237.6316546850153,2237.663019240684,2237.6006612613974,2237.6947549128004,2237.5397878718245,2237.570038985255,2237.5099079361603,2237.4512616574316,2237.6006612613974,2237.7593395430285,2237.792188469011,0.0,2237.8589994610074,2237.663019240684,2237.8589994610074,2237.792188469011,2237.8589994610074,2237.8589994610074,0.0,2237.726861685573,2237.663019240684,2237.792188469011,2237.792188469011,2237.7593395430285,2237.792188469011,2237.726861685573,2237.6947549128004,2237.726861685573,2237.663019240684,2237.366076438371,2237.7593395430285,2237.6947549128004,2237.6006612613974,2237.4512616574316,2237.5099079361603,2237.726861685573,2237.8589994610074,0.0,2237.8589994610074,2237.8589994610074,0.0,0.0,0.0,2237.8254084471782,2237.8589994610074,0.0,2237.6947549128004,2237.8589994610074,2237.8589994610074,2237.8589994610074,2237.8589994610074,2237.8254084471782,2237.7593395430285,2237.8254084471782,2237.8589994610074,2237.8254084471782,2237.8589994610074,2237.8589994610074,2237.792188469011,2237.792188469011,2237.8254084471782,2237.8254084471782,2237.8589994610074,2237.6947549128004,2237.726861685573,2237.726861685573,2237.726861685573,2237.6947549128004,2237.7593395430285,2237.570038985255,2237.6316546850153,2237.6947549128004,2237.570038985255,2237.726861685573,2237.663019240684,2237.570038985255,2237.663019240684,2237.6006612613974,2237.663019240684,2237.6316546850153,2237.663019240684,2237.480399193134,2237.6316546850153,2237.8254084471782,2237.6006612613974,2237.7593395430285,2237.6947549128004,2237.6316546850153,2237.6947549128004,2237.8254084471782,2237.726861685573,2237.7593395430285,2237.7593395430285,2237.792188469011,2237.3941002658235,2237.7593395430285,2237.480399193134,2237.663019240684,2237.663019240684,2237.6947549128004,2237.7593395430285,2237.5397878718245,2237.205730497842,2237.2842325962692,2237.6947549128004,2237.7593395430285,2237.663019240684,2237.663019240684,2237.792188469011,2237.6947549128004,2237.663019240684,2237.6316546850153,2237.6006612613974,2237.726861685573,2237.422495343555,2237.726861685573,2237.726861685573,2237.792188469011,2237.6947549128004,2237.726861685573,2237.663019240684,2237.6947549128004,2237.6947549128004,2237.6947549128004,2237.8254084471782,0.0,0.0,2237.8589994610074,0.0,0.0,0.0,0.0,0.0,0.0,2237.8589994610074,0.0,0.0,0.0,0.0,0.0,2237.8589994610074,2237.8589994610074,0.0,2237.8589994610074,2237.8589994610074,0.0,2237.8589994610074,2237.8589994610074,0.0,2237.8254084471782,0.0,0.0,2237.8589994610074,2237.8589994610074,2237.8589994610074,0.0,0.0,0.0,2237.8589994610074,0.0
0.0,0.0,0.0,0.0,2237.8254084471782,2237.8589994610074,0.0,2237.8254084471782,2237.8589994610074,0.0,0.0,0.0,2237.8589994610074,0.0,2237.8589994610074,2237.8254084471782,0.0,2237.8589994610074,2237.8589994610074,2237.8254084471782,2237.8254084471782,2237.8589994610074,0.0,2237.8254084471782,0.0,2237.792188469011,2237.726861685573,2237.726861685573,2237.663019240684,2237.6947549128004,2237.6316546850153,2237.7593395430285,2237.6947549128004,2237.792188469011,2237.726861685573,2237.6947549128004,2237.7593395430285,2237.480399193134,2237.663019240684,2237.6947549128004,2237.6947549128004,2237.7593395430285,2237.8254084471782,2237.792188469011,2237.6006612613974,2237.8589994610074,2237.6316546850153,2237.570038985255,2237.726861685573,2237.570038985255,2237.6316546850153,2237.6006612613974,2237.663019240684,2237.6947549128004,2237.6947549128004,2237.726861685573,2237.7593395430285,2237.6006612613974,2237.7593395430285,2237.726861685573,2237.6006612613974,2237.6947549128004,2237.6316546850153,2237.6006612613974,2237.663019240684,2237.6947549128004,2237.6316546850153,2237.7593395430285,2237.570038985255,2237.726861685573,2237.6947549128004,2237.570038985255,2237.8254084471782,2237.6947549128004,2237.6316546850153,2237.7593395430285,2237.792188469011,2237.6947549128004,2237.480399193134,2237.663019240684,2237.6947549128004,2237.6316546850153,2237.570038985255,2237.570038985255,2237.6316546850153,2237.663019240684,2237.3941002658235,2237.422495343555,2237.2576939075952,2237.3111425899197,2237.4512616574316,2237.4512616574316,2237.6006612613974,2237.663019240684,2237.570038985255,2237.792188469011,2237.726861685573,2237.6947549128004,2237.726861685573,2237.5099079361603,2237.663019240684,2237.6006612613974,2237.663019240684,2237.480399193134,2237.570038985255,2237.663019240684,2237.6947549128004,2237.726861685573,2237.6316546850153,2237.8589994610074,2237.792188469011,2237.8254084471782,2237.792188469011,2237.8589994610074,0.0,2237.8589994610074,2237.663019240684,2237.8254084471782,2237.6316546850153,0.0,2237.8589994610074,2237.8589994610074,2237.6947549128004,2237.792188469011,2237.663019240684,2237.6006612613974,2237.663019240684,2237.6947549128004,2237.6947549128004,2237.726861685573,2237.570038985255,2237.792188469011,2237.8589994610074,2237.8254084471782,0.0,2237.8254084471782,2237.8589994610074,2237.8589994610074,2237.8589994610074,2237.7593395430285,2237.8254084471782,2237.8254084471782,2237.8589994610074,0.0,2237.8589994610074,2237.8589994610074,2237.792188469011,0.0,2237.8254084471782,2237.7593395430285,2237.8589994610074,0.0,2237.8589994610074,2237.8254084471782,2237.8589994610074,0.0,2237.8254084471782,2237.8589994610074,2237.726861685573,2237.792188469011,2237.8589994610074,2237.7593395430285,2237.8589994610074,2237.6316546850153,2237.7593395430285,2237.6947549128004,2237.726861685573,0.0,2237.663019240684,2237.7593395430285,2237.6006612613974,2237.6006612613974,2237.726861685573,2237.6947549128004,2237.6316546850153,2237.6947549128004,2237.6947549128004,2237.3941002658235,2237.726861685573,2237.7593395430285,2237.6947549128004,2237.663019240684,2237.6947549128004,2237.7593395430285,2237.6006612613974,2237.6316546850153,2237.4512616574316,2237.6006612613974,2237.7593395430285,2237.792188469011,2237.663019240684,2237.663019240684,2237.7593395430285,2237.663019240684,2237.3111425899197,2237.422495343555,2237.6316546850153,2237.5099079361603,2237.422495343555,2237.663019240684,2237.6316546850153,2237.6316546850153,2237.6006612613974,2237.8589994610074,2237.7593395430285,2237.6947549128004,2237.726861685573,2237.6947549128004,2237.663019240684,2237.6947549128004,2237.570038985255,2237.5099079361603,2237.7593395430285,2237.7593395430285,2237.8254084471782,2237.726861685573,2237.792188469011,2237.726861685573,2237.663019240684,2237.7593395430285,0.0,2237.8254084471782,2237.8589994610074,2237.8589994610074,2237.8254084471782,2237.8254084471782,2237.8589994610074,0.0,2237.8589994610074,0.0,2237.8589994610074,0.0,2237.8589994610074,0.0,2237.8589994610074,0.0,0.0,0.0,0.0,0.0,0.0,0.0,0.0,0.0,2237.8589994610074,0.0,0.0,0.0,0.0,2237.8589994610074,0.0,0.0,0.0,0.0,0.0,0.0
0.0,2237.8589994610074,0.0,2237.8589994610074,2237.8589994610074,2237.8589994610074,0.0,0.0,0.0,0.0,2237.8589994610074,0.0,0.0,0.0,0.0,0.0,0.0,2237.8589994610074,2237.8589994610074,2237.8589994610074,0.0,0.0,2237.792188469011,2237.8254084471782,2237.8254084471782,2237.8254084471782,2237.8589994610074,2237.8589994610074,2237.6947549128004,2237.8589994610074,2237.726861685573,2237.726861685573,2237.6316546850153,2237.6947549128004,2237.6316546850153,2237.663019240684,2237.792188469011,2237.570038985255,2237.6006612613974,2237.663019240684,2237.570038985255,2237.663019240684,2237.6316546850153,2237.726861685573,2237.6006612613974,2237.7593395430285,2237.726861685573,2237.663019240684,2237.6947549128004,2237.792188469011,2237.663019240684,2237.7593395430285,2237.663019240684,2237.792188469011,2237.6947549128004,2237.7593395430285,2237.792188469011,2237.6947549128004,2237.7593395430285,2237.6947549128004,2237.6947549128004,2237.6947549128004,2237.6006612613974,2237.6947549128004,2237.570038985255,2237.663019240684,2237.570038985255,2237.7593395430285,2237.663019240684,0.0,2237.8254084471782,2237.7593395430285,2237.7593395430285,2237.663019240684,2237.6947549128004,2237.663019240684,2237.726861685573,2237.570038985255,2237.5099079361603,2237.5099079361603,2237.480399193134,2237.6006612613974,2237.5397878718245,2237.6316546850153,2237.792188469011,2237.570038985255,2237.5397878718245,2237.5099079361603,2237.3941002658235,2237.0587529242384,2237.5099079361603,2237.5397878718245,2237.5099079361603,2237.422495343555,2237.480399193134,2237.6006612613974,2237.6947549128004,2237.6947549128004,2237.792188469011,2237.792188469011,2237.663019240684,2237.5397878718245,2237.570038985255,2237.570038985255,2237.570038985255,2237.6947549128004,2237.663019240684,2237.726861685573,2237.792188469011,2237.8589994610074,2237.8589994610074,2237.792188469011,0.0,2237.8254084471782,2237.792188469011,0.0,2237.8254084471782,2237.8254084471782,2237.8589994610074,2237.792188469011,2237.8589994610074,2237.7593395430285,2237.7593395430285,2237.726861685573,2237.792188469011,2237.6316546850153,2237.726861685573,2237.6316546850153,2237.6316546850153,2237.8254084471782,2237.726861685573,2237.7593395430285,2237.792188469011,2237.8589994610074,2237.8589994610074,2237.792188469011,2237.8254084471782,2237.8254084471782,0.0,2237.8589994610074,0.0,2237.8589994610074,2237.8589994610074,2237.8589994610074,2237.8589994610074,0.0,0.0,2237.8589994610074,0.0,0.0,2237.8589994610074,2237.8589994610074,2237.8589994610074,2237.8589994610074,0.0,0.0,2237.792188469011,2237.8589994610074,2237.8254084471782,0.0,2237.792188469011,2237.726861685573,2237.7593395430285,2237.8254084471782,2237.726861685573,2237.6316546850153,2237.663019240684,2237.663019240684,2237.7593395430285,2237.5099079361603,2237.6947549128004,2237.5099079361603,2237.726861685573,2237.7593395430285,2237.8254084471782,2237.6316546850153,2237.7593395430285,2237.570038985255,2237.570038985255,2237.6316546850153,2237.663019240684,2237.663019240684,2237.663019240684,2237.5099079361603,2237.6947549128004,2237.6316546850153,2237.6006612613974,2237.8254084471782,2237.6947549128004,2237.792188469011,2237.6947549128004,2237.6947549128004,2237.6316546850153,2237.6947549128004,2237.6316546850153,2237.6947549128004,2237.663019240684,2237.792188469011,2237.726861685573,2237.663019240684,2237.726861685573,2237.726861685573,2237.792188469011,2237.792188469011,2237.663019240684,2237.6006612613974,2237.6947549128004,2237.726861685573,2237.8254084471782,2237.6316546850153,2237.726861685573,2237.570038985255,2237.570038985255,2237.570038985255,2237.8254084471782,2237.663019240684,2237.6947549128004,2237.6947549128004,2237.726861685573,2237.8254084471782,2237.726861685573,2237.8254084471782,0.0,2237.8254084471782,0.0,2237.8589994610074,0.0,0.0,0.0,0.0,2237.8589994610074,0.0,0.0,2237.8589994610074,0.0,2237.8254084471782,0.0,0.0,2237.8589994610074,0.0,2237.8589994610074,0.0,2237.8589994610074,2237.8589994610074,0.0,0.0,0.0,0.0,0.0,0.0,0.0,0.0,0.0,0.0,2237.8589994610074,2237.8254084471782
0.0,0.0,2237.8589994610074,2237.8254084471782,0.0,0.0,0.0,2237.8589994610074,0.0,0.0,0.0,0.0,0.0,2237.8589994610074,0.0,0.0,0.0,0.0,2237.8589994610074,0.0,2237.8589994610074,2237.8254084471782,2237.8589994610074,2237.8254084471782,2237.8254084471782,2237.8254084471782,2237.792188469011,2237.6947549128004,2237.7593395430285,2237.792188469011,2237.6947549128004,2237.7593395430285,2237.726861685573,2237.726861685573,2237.6316546850153,2237.7593395430285,2237.6947549128004,2237.7593395430285,2237.8589994610074,2237.663019240684,2237.6316546850153,2237.7593395430285,2237.663019240684,2237.6947549128004,2237.5099079361603,2237.6947549128004,2237.792188469011,2237.6947549128004,2237.6316546850153,2237.6947549128004,2237.6947549128004,2237.7593395430285,2237.663019240684,2237.6947549128004,2237.792188469011,2237.6947549128004,2237.6947549128004,2237.726861685573,2237.663019240684,2237.6316546850153,2237.663019240684,2237.6947549128004,2237.7593395430285,2237.792188469011,2237.570038985255,2237.663019240684,2237.663019240684,2237.6947549128004,2237.6947549128004,2237.8589994610074,2237.8254084471782,2237.726861685573,2237.726861685573,2237.6006612613974,2237.6006612613974,2237.5397878718245,2237.480399193134,2237.3941002658235,2237.5099079361603,2237.4512616574316,2237.726861685573,2237.6006612613974,2237.663019240684,2237.663019240684,2237.480399193134,2237.663019240684,2237.570038985255,2237.570038985255,2237.6316546850153,2237.480399193134,2237.480399193134,2237.6947549128004,2237.480399193134,2237.663019240684,2237.5099079361603,2237.6947549128004,2237.5099079361603,2237.663019240684,2237.6947549128004,2237.792188469011,2237.8589994610074,2237.726861685573,2237.7593395430285,2237.726861685573,2237.663019240684,2237.726861685573,2237.7593395430285,2237.8254084471782,2237.8589994610074,2237.792188469011,2237.8589994610074,2237.726861685573,2237.7593395430285,2237.8254084471782,2237.792188469011,2237.792188469011,2237.8254084471782,2237.8589994610074,2237.8254084471782,2237.8589994610074,2237.792188469011,2237.8589994610074,2237.6947549128004,2237.8254084471782,2237.726861685573,2237.663019240684,2237.7593395430285,2237.792188469011,2237.6947549128004,2237.6316546850153,0.0,0.0,2237.8254084471782,2237.8589994610074,2237.8589994610074,2237.8589994610074,0.0,2237.8254084471782,2237.8254084471782,2237.7593395430285,2237.8589994610074,0.0,0.0,2237.8589994610074,2237.8254084471782,2237.8589994610074,0.0,2237.8589994610074,2237.8254084471782,0.0,0.0,2237.8589994610074,0.0,2237.8254084471782,2237.8589994610074,2237.8254084471782,2237.7593395430285,0.0,2237.8254084471782,2237.792188469011,2237.792188469011,2237.8589994610074,2237.8589994610074,2237.663019240684,2237.792188469011,2237.6316546850153,2237.6006612613974,2237.6316546850153,2237.570038985255,2237.6947549128004,2237.570038985255,2237.792188469011,2237.6316546850153,2237.6947549128004,2237.6006612613974,2237.6316546850153,2237.8254084471782,2237.5397878718245,2237.6316546850153,2237.6947549128004,2237.7593395430285,2237.663019240684,2237.6947549128004,2237.5397878718245,2237.6947549128004,2237.6316546850153,2237.5099079361603,2237.6006612613974,2237.792188469011,2237.6006612613974,2237.726861685573,2237.5397878718245,2237.6006612613974,2237.6316546850153,2237.663019240684,2237.570038985255,2237.7593395430285,2237.663019240684,2237.5397878718245,2237.6316546850153,2237.6316546850153,2237.570038985255,2237.6316546850153,2237.7593395430285,2237.726861685573,2237.8254084471782,2237.6947549128004,2237.6006612613974,2237.6316546850153,2237.570038985255,2237.6947549128004,2237.6006612613974,2237.6316546850153,2237.792188469011,2237.7593395430285,2237.663019240684,2237.7593395430285,2237.663019240684,2237.6947549128004,2237.8254084471782,2237.792188469011,0.0,0.0,0.0,2237.8254084471782,0.0,2237.8589994610074,0.0,0.0,0.0,2237.8589994610074,0.0,0.0,2237.8589994610074,2237.8589994610074,2237.8589994610074,0.0,0.0,0.0,0.0,0.0,0.0,0.0,0.0,2237.8589994610074,2237.8589994610074,0.0,2237.8589994610074,0.0,2237.8589994610074,0.0,0.0,2237.8589994610074,0.0,2237.8254084471782,0.0
0.0,0.0,0.0,0.0,2237.8589994610074,2237.8589994610074,0.0,2237.8589994610074,0.0,2237.8589994610074,0.0,0.0,0.0,2237.8589994610074,0.0,2237.8254084471782,0.0,0.0,0.0,0.0,0.0,0.0,2237.8254084471782,2237.6947549128004,2237.7593395430285,2237.663019240684,2237.7593395430285,2237.792188469011,2237.726861685573,2237.726861685573,2237.726861685573,2237.6006612613974,2237.8589994610074,2237.7593395430285,2237.792188469011,2237.792188469011,2237.726861685573,2237.663019240684,2237.6316546850153,2237.570038985255,2237.6316546850153,2237.570038985255,2237.663019240684,2237.6947549128004,2237.726861685573,2237.8254084471782,2237.6006612613974,2237.6947549128004,2237.6947549128004,2237.7593395430285,2237.7593395430285,2237.6947549128004,2237.6947549128004,2237.726861685573,2237.6947549128004,2237.726861685573,2237.6947549128004,2237.6947549128004,2237.6316546850153,2237.8589994610074,2237.726861685573,2237.6947549128004,2237.6316546850153,2237.6947549128004,2237.663019240684,2237.726861685573,2237.663019240684,2237.663019240684,2237.792188469011,2237.663019240684,2237.6006612613974,2237.570038985255,2237.7593395430285,2237.726861685573,2237.663019240684,2237.570038985255,2237.5099079361603,2237.570038985255,2237.422495343555,2237.726861685573,2237.6316546850153,2237.663019240684,2237.663019240684,2237.6947549128004,2237.5099079361603,2237.6006612613974,2237.6316546850153,2237.7593395430285,2237.6316546850153,2237.663019240684,2237.663019240684,2237.6006612613974,2237.6316546850153,2237.6947549128004,2237.5397878718245,2237.792188469011,2237.7593395430285,2237.6316546850153,2237.7593395430285,2237.7593395430285,2237.792188469011,2237.7593395430285,2237.6947549128004,2237.726861685573,2237.7593395430285,2237.726861685573,2237.663019240684,2237.8254084471782,2237.8254084471782,2237.8589994610074,2237.8589994610074,2237.726861685573,2237.8254084471782,0.0,2237.8589994610074,2237.663019240684,2237.792188469011,2237.792188469011,2237.8254084471782,0.0,2237.8589994610074,2237.8589994610074,2237.8254084471782,2237.8254084471782,2237.7593395430285,2237.7593395430285,2237.8254084471782,2237.8254084471782,0.0,2237.792188469011,2237.8589994610074,2237.8254084471782,2237.8589994610074,2237.8254084471782,0.0,2237.792188469011,2237.8254084471782,2237.792188469011,2237.8589994610074,2237.8589994610074,2237.8589994610074,2237.792188469011,0.0,2237.8589994610074,0.0,0.0,0.0,2237.792188469011,2237.8589994610074,0.0,2237.8254084471782,2237.8254084471782,0.0,2237.8254084471782,0.0,0.0,2237.8589994610074,2237.8254084471782,2237.8589994610074,2237.7593395430285,2237.792188469011,2237.6947549128004,2237.8589994610074,2237.6006612613974,2237.6316546850153,2237.726861685573,2237.663019240684,2237.6006612613974,2237.480399193134,2237.6947549128004,2237.6947549128004,2237.6947549128004,2237.7593395430285,2237.726861685573,2237.6006612613974,2237.663019240684,2237.7593395430285,2237.570038985255,2237.726861685573,2237.6316546850153,2237.6006612613974,2237.792188469011,2237.7593395430285,2237.7593395430285,2237.7593395430285,2237.7593395430285,2237.7593395430285,2237.4512616574316,2237.7593395430285,2237.7593395430285,2237.8254084471782,2237.570038985255,2237.663019240684,2237.726861685573,2237.8589994610074,2237.7593395430285,2237.6947549128004,2237.726861685573,2237.570038985255,2237.570038985255,2237.6316546850153,2237.6006612613974,2237.726861685573,2237.726861685573,2237.792188469011,2237.6316546850153,2237.726861685573,2237.792188469011,2237.6316546850153,2237.6006612613974,2237.6947549128004,2237.726861685573,2237.5397878718245,2237.7593395430285,2237.570038985255,2237.792188469011,2237.570038985255,2237.7593395430285,2237.726861685573,2237.663019240684,0.0,2237.792188469011,2237.792188469011,2237.8589994610074,2237.8589994610074,0.0,2237.8589994610074,0.0,2237.8589994610074,0.0,0.0,2237.8589994610074,0.0,2237.8589994610074,0.0,0.0,0.0,0.0,0.0,0.0,0.0,0.0,0.0,0.0,0.0,0.0,0.0,0.0,2237.8589994610074,0.0,0.0,0.0,0.0,0.0,2237.8589994610074,0.0
0.0,0.0,0.0,2237.8589994610074,2237.8589994610074,2237.8589994610074,2237.8589994610074,0.0,2237.8254084471782,0.0,2237.8589994610074,2237.8589994610074,2237.8589994610074,0.0,0.0,2237.8589994610074,0.0,0.0,2237.8589994610074,0.0,0.0,0.0,2237.8589994610074,2237.8589994610074,2237.726861685573,2237.8589994610074,2237.8254084471782,2237.663019240684,2237.8254084471782,2237.7593395430285,2237.726861685573,2237.7593395430285,2237.6316546850153,2237.792188469011,2237.726861685573,2237.6947549128004,2237.6947549128004,2237.6006612613974,2237.726861685573,2237.6316546850153,2237.570038985255,2237.6006612613974,2237.7593395430285,2237.6947549128004,2237.663019240684,2237.6006612613974,2237.663019240684,2237.570038985255,2237.8254084471782,2237.7593395430285,2237.663019240684,2237.6947549128004,2237.7593395430285,2237.663019240684,2237.8254084471782,2237.6316546850153,2237.6316546850153,2237.6947549128004,2237.6947549128004,2237.6316546850153,2237.663019240684,2237.792188469011,2237.8254084471782,2237.7593395430285,2237.8254084471782,2237.6006612613974,2237.663019240684,2237.726861685573,2237.6947549128004,2237.6947549128004,2237.7593395430285,2237.6316546850153,2237.7593395430285,2237.7593395430285,2237.5099079361603,2237.480399193134,2237.3941002658235,2237.6316546850153,2237.663019240684,2237.6316546850153,2237.6006612613974,2237.6947549128004,2237.6006612613974,2237.6316546850153,2237.7593395430285,2237.663019240684,2237.7593395430285,2237.6316546850153,2237.6006612613974,2237.5099079361603,2237.792188469011,2237.6947549128004,2237.7593395430285,2237.726861685573,2237.7593395430285,2237.726861685573,2237.726861685573,2237.570038985255,2237.570038985255,2237.726861685573,2237.663019240684,2237.726861685573,2237.8254084471782,2237.726861685573,2237.8254084471782,2237.663019240684,2237.8254084471782,2237.8589994610074,2237.792188469011,2237.8589994610074,2237.6947549128004,2237.8254084471782,2237.8254084471782,0.0,0.0,2237.7593395430285,2237.8589994610074,2237.792188469011,2237.792188469011,0.0,0.0,2237.8589994610074,2237.8589994610074,2237.8589994610074,2237.8254084471782,2237.8589994610074,0.0,2237.8589994610074,2237.7593395430285,0.0,2237.7593395430285,2237.8254084471782,0.0,2237.8589994610074,2237.8254084471782,0.0,2237.792188469011,2237.8589994610074,2237.8254084471782,0.0,0.0,0.0,0.0,2237.8589994610074,2237.8254084471782,2237.8589994610074,2237.792188469011,0.0,2237.8589994610074,2237.8589994610074,0.0,0.0,0.0,0.0,2237.8589994610074,0.0,0.0,2237.8254084471782,0.0,2237.792188469011,2237.8254084471782,2237.8589994610074,2237.6316546850153,2237.7593395430285,2237.726861685573,2237.6947549128004,2237.726861685573,2237.6316546850153,2237.6316546850153,2237.5099079361603,2237.5397878718245,2237.6947549128004,2237.726861685573,2237.663019240684,2237.5099079361603,2237.726861685573,2237.792188469011,2237.6316546850153,2237.6947549128004,2237.726861685573,2237.570038985255,2237.6006612613974,2237.726861685573,2237.6006612613974,2237.5099079361603,2237.726861685573,2237.663019240684,2237.6947549128004,2237.6316546850153,2237.663019240684,2237.792188469011,2237.726861685573,2237.8254084471782,2237.726861685573,2237.663019240684,2237.7593395430285,2237.6947549128004,2237.7593395430285,2237.726861685573,2237.6006612613974,2237.6316546850153,2237.726861685573,2237.663019240684,2237.663019240684,2237.663019240684,2237.6947549128004,2237.726861685573,2237.6006612613974,2237.792188469011,2237.792188469011,2237.726861685573,2237.792188469011,2237.6947549128004,2237.570038985255,2237.6947549128004,2237.792188469011,2237.6316546850153,2237.663019240684,2237.8254084471782,2237.6316546850153,2237.792188469011,2237.7593395430285,2237.7593395430285,2237.8254084471782,2237.8589994610074,0.0,0.0,0.0,2237.8589994610074,0.0,0.0,0.0,2237.8589994610074,2237.8254084471782,0.0,0.0,0.0,0.0,0.0,0.0,0.0,2237.8589994610074,0.0,0.0,2237.8589994610074,0.0,0.0,0.0,0.0,0.0,0.0,0.0,0.0,2237.8589994610074,2237.8589994610074,0.0
0.0,0.0,0.0,0.0,0.0,0.0,0.0,0.0,0.0,0.0,0.0,0.0,2237.8589994610074,0.0,2237.8589994610074,0.0,0.0,0.0,0.0,2237.8589994610074,2237.8589994610074,0.0,2237.8589994610074,2237.8589994610074,2237.726861685573,2237.726861685573,2237.8254084471782,2237.6947549128004,2237.7593395430285,2237.726861685573,2237.792188469011,2237.792188469011,2237.663019240684,2237.6006612613974,2237.6006612613974,2237.8254084471782,2237.6316546850153,2237.6316546850153,2237.8254084471782,2237.570038985255,2237.726861685573,2237.570038985255,2237.570038985255,2237.8589994610074,2237.726861685573,2237.480399193134,2237.5099079361603,2237.792188469011,2237.7593395430285,2237.663019240684,2237.6947549128004,2237.792188469011,2237.8589994610074,2237.6316546850153,2237.5397878718245,2237.6947549128004,2237.663019240684,2237.792188469011,2237.6947549128004,2237.663019240684,2237.663019240684,2237.6316546850153,2237.726861685573,2237.7593395430285,2237.726861685573,2237.7593395430285,2237.726861685573,2237.6947549128004,2237.663019240684,2237.663019240684,2237.7593395430285,2237.6947549128004,2237.663019240684,2237.6947549128004,2237.5099079361603,2237.570038985255,2237.570038985255,2237.6316546850153,2237.5397878718245,2237.6316546850153,2237.7593395430285,2237.5099079361603,2237.792188469011,2237.570038985255,2237.7593395430285,2237.726861685573,2237.6316546850153,2237.5397878718245,2237.5397878718245,2237.6316546850153,2237.663019240684,2237.8254084471782,2237.792188469011,2237.792188469011,2237.8589994610074,2237.726861685573,2237.6947549128004,2237.6316546850153,2237.6006612613974,2237.7593395430285,2237.726861685573,0.0,2237.8589994610074,2237.792188469011,2237.8254084471782,2237.7593395430285,0.0,2237.8254084471782,2237.8254084471782,2237.8589994610074,2237.8589994610074,2237.726861685573,0.0,2237.792188469011,2237.7593395430285,2237.792188469011,2237.8589994610074,2237.8589994610074,2237.8589994610074,0.0,2237.8254084471782,0.0,2237.8254084471782,0.0,2237.8254084471782,2237.8589994610074,2237.8254084471782,2237.8589994610074,2237.8254084471782,2237.792188469011,2237.663019240684,2237.7593395430285,2237.8254084471782,2237.8254084471782,2237.8589994610074,0.0,2237.8254084471782,2237.8589994610074,0.0,2237.8254084471782,2237.8589994610074,2237.6947549128004,0.0,2237.8589994610074,2237.792188469011,2237.8589994610074,0.0,2237.8589994610074,2237.8254084471782,0.0,2237.8254084471782,2237.8589994610074,2237.8589994610074,2237.792188469011,2237.8589994610074,0.0,2237.8254084471782,2237.8254084471782,2237.8254084471782,0.0,2237.726861685573,2237.7593395430285,2237.6316546850153,2237.7593395430285,2237.6316546850153,2237.8254084471782,2237.6006612613974,2237.6316546850153,2237.5099079361603,2237.570038985255,2237.6947549128004,2237.6316546850153,2237.6947549128004,2237.792188469011,2237.663019240684,2237.7593395430285,2237.726861685573,2237.6947549128004,2237.792188469011,2237.6316546850153,2237.6316546850153,2237.8254084471782,2237.6316546850153,2237.663019240684,2237.8254084471782,2237.663019240684,2237.726861685573,2237.4512616574316,2237.726861685573,2237.792188469011,2237.726861685573,2237.6316546850153,2237.6947549128004,2237.663019240684,2237.8254084471782,2237.663019240684,2237.726861685573,2237.5397878718245,2237.6316546850153,2237.7593395430285,2237.7593395430285,2237.6947549128004,2237.792188469011,2237.7593395430285,2237.792188469011,2237.7593395430285,2237.7593395430285,2237.663019240684,2237.8254084471782,2237.5099079361603,2237.6006612613974,2237.7593395430285,2237.792188469011,2237.726861685573,2237.663019240684,2237.570038985255,2237.6947549128004,2237.792188469011,2237.570038985255,2237.792188469011,2237.663019240684,2237.726861685573,0.0,0.0,0.0,2237.8254084471782,0.0,2237.8589994610074,2237.8589994610074,0.0,0.0,0.0,0.0,0.0,0.0,0.0,0.0,0.0,0.0,0.0,2237.8589994610074,0.0,0.0,0.0,0.0,0.0,0.0,0.0,0.0,0.0,0.0,0.0,0.0,2237.8589994610074,0.0,2237.8589994610074
2237.8589994610074,0.0,0.0,0.0,0.0,2237.8589994610074,0.0,0.0,2237.8589994610074,0.0,0.0,0.0,0.0,0.0,0.0,0.0,0.0,2237.8589994610074,0.0,0.0,2237.8589994610074,0.0,0.0,0.0,2237.8254084471782,2237.7593395430285,2237.726861685573,2237.726861685573,2237.6947549128004,2237.6316546850153,2237.6316546850153,2237.726861685573,2237.7593395430285,2237.6947549128004,2237.726861685573,2237.663019240684,2237.8254084471782,2237.6316546850153,2237.7593395430285,2237.663019240684,2237.6006612613974,2237.663019240684,2237.8589994610074,2237.6947549128004,2237.6947549128004,2237.6006612613974,2237.6316546850153,2237.570038985255,2237.570038985255,2237.663019240684,2237.726861685573,2237.663019240684,2237.6006612613974,2237.8589994610074,2237.6947549128004,2237.7593395430285,2237.663019240684,2237.792188469011,2237.570038985255,2237.7593395430285,2237.6947549128004,2237.6006612613974,2237.792188469011,2237.726861685573,2237.7593395430285,2237.792188469011,2237.8589994610074,2237.663019240684,2237.663019240684,2237.5397878718245,2237.7593395430285,2237.663019240684,2237.7593395430285,2237.6006612613974,2237.792188469011,2237.570038985255,2237.6006612613974,2237.7593395430285,2237.5397878718245,2237.570038985255,2237.570038985255,2237.5397878718245,2237.422495343555,2237.4512616574316,2237.4512616574316,2237.663019240684,2237.6947549128004,2237.726861685573,2237.6006612613974,2237.480399193134,2237.5397878718245,2237.570038985255,2237.726861685573,2237.792188469011,2237.7593395430285,2237.6947549128004,2237.6316546850153,2237.663019240684,2237.6006612613974,2237.6947549128004,2237.726861685573,2237.792188469011,2237.8589994610074,2237.8254084471782,2237.8254084471782,2237.8589994610074,2237.8589994610074,2237.8254084471782,2237.792188469011,2237.8589994610074,0.0,2237.8589994610074,2237.8254084471782,2237.792188469011,2237.8254084471782,2237.8589994610074,2237.8254084471782,2237.8254084471782,2237.8589994610074,2237.8254084471782,2237.8589994610074,2237.8589994610074,2237.792188469011,2237.8589994610074,2237.8589994610074,2237.8254084471782,0.0,2237.7593395430285,2237.7593395430285,2237.726861685573,2237.726861685573,2237.7593395430285,2237.792188469011,2237.8589994610074,2237.8589994610074,2237.8589994610074,2237.792188469011,2237.8254084471782,2237.8254084471782,0.0,2237.8589994610074,0.0,0.0,0.0,0.0,2237.8589994610074,2237.792188469011,0.0,2237.8589994610074,0.0,0.0,2237.8589994610074,2237.8254084471782,2237.8254084471782,0.0,0.0,2237.8589994610074,0.0,2237.8254084471782,2237.8589994610074,2237.7593395430285,2237.726861685573,2237.726861685573,2237.6947549128004,2237.7593395430285,2237.7593395430285,2237.792188469011,2237.5397878718245,2237.6316546850153,2237.5397878718245,2237.7593395430285,2237.6947549128004,2237.5099079361603,2237.726861685573,2237.6316546850153,2237.6316546850153,2237.8589994610074,2237.7593395430285,2237.6316546850153,2237.8589994610074,2237.8254084471782,2237.6006612613974,2237.8589994610074,2237.726861685573,2237.8254084471782,2237.6006612613974,2237.6316546850153,2237.792188469011,2237.7593395430285,2237.792188469011,2237.663019240684,2237.5397878718245,2237.6947549128004,2237.663019240684,2237.6316546850153,2237.6006612613974,2237.6316546850153,2237.6947549128004,2237.6006612613974,2237.7593395430285,2237.7593395430285,2237.5397878718245,2237.6316546850153,2237.726861685573,2237.6947549128004,2237.792188469011,2237.6947549128004,2237.663019240684,2237.6006612613974,2237.6316546850153,2237.6316546850153,2237.6947549128004,2237.6947549128004,2237.663019240684,2237.6006612613974,2237.792188469011,2237.6006612613974,2237.8589994610074,2237.8254084471782,2237.6006612613974,2237.6947549128004,2237.7593395430285,2237.792188469011,2237.8589994610074,2237.8589994610074,0.0,0.0,2237.8589994610074,0.0,2237.8589994610074,0.0,0.0,0.0,0.0,2237.8589994610074,0.0,0.0,0.0,0.0,0.0,2237.8589994610074,0.0,0.0,0.0,0.0,0.0,0.0,0.0,2237.8589994610074,0.0,2237.8589994610074,0.0,0.0,0.0,0.0,0.0
2237.8589994610074,0.0,0.0,0.0,2237.8589994610074,2237.8589994610074,0.0,0.0,0.0,0.0,2237.8589994610074,2237.8589994610074,2237.8254084471782,0.0,0.0,0.0,0.0,2237.8254084471782,2237.8589994610074,0.0,0.0,0.0,0.0,2237.8254084471782,2237.8589994610074,2237.8589994610074,2237.7593395430285,2237.8254084471782,2237.6316546850153,2237.6947549128004,2237.6947549128004,2237.6947549128004,2237.6947549128004,2237.6947549128004,2237.792188469011,2237.663019240684,2237.6316546850153,2237.726861685573,2237.663019240684,2237.726861685573,2237.6006612613974,2237.663019240684,2237.726861685573,2237.6947549128004,2237.726861685573,2237.6316546850153,2237.6947549128004,2237.663019240684,2237.726861685573,2237.663019240684,2237.726861685573,2237.792188469011,2237.663019240684,2237.6006612613974,2237.6316546850153,2237.6316546850153,2237.6947549128004,2237.5397878718245,2237.792188469011,2237.6947549128004,2237.6006612613974,2237.726861685573,2237.8254084471782,2237.7593395430285,2237.8589994610074,2237.6947549128004,2237.7593395430285,2237.7593395430285,2237.726861685573,2237.7593395430285,2237.7593395430285,2237.570038985255,2237.570038985255,2237.570038985255,2237.663019240684,2237.570038985255,2237.7593395430285,2237.5397878718245,2237.6947549128004,2237.6006612613974,2237.3941002658235,2237.6006612613974,2237.5099079361603,2237.6006612613974,2237.422495343555,2237.6316546850153,2237.7593395430285,2237.663019240684,2237.6316546850153,2237.663019240684,2237.6316546850153,2237.6316546850153,2237.8589994610074,2237.570038985255,2237.8589994610074,2237.570038985255,2237.2576939075952,2237.5397878718245,2237.663019240684,2237.726861685573,2237.7593395430285,2237.792188469011,2237.792188469011,0.0,0.0,2237.726861685573,2237.8589994610074,0.0,2237.8589994610074,2237.8589994610074,0.0,2237.792188469011,2237.8589994610074,2237.8589994610074,2237.8254084471782,0.0,0.0,0.0,2237.8254084471782,2237.792188469011,2237.8254084471782,2237.792188469011,2237.8254084471782,2237.8254084471782,0.0,2237.8254084471782,2237.792188469011,2237.8589994610074,2237.792188469011,2237.8254084471782,2237.6316546850153,2237.726861685573,2237.7593395430285,2237.8589994610074,2237.726861685573,2237.8589994610074,2237.8254084471782,2237.792188469011,2237.8589994610074,2237.792188469011,0.0,0.0,2237.8254084471782,0.0,0.0,2237.8589994610074,2237.726861685573,0.0,2237.8589994610074,2237.8254084471782,0.0,0.0,2237.8589994610074,2237.8589994610074,0.0,0.0,0.0,0.0,0.0,2237.8254084471782,2237.726861685573,2237.792188469011,2237.8254084471782,2237.6316546850153,2237.726861685573,2237.663019240684,2237.726861685573,2237.6316546850153,2237.726861685573,2237.6947549128004,2237.570038985255,2237.663019240684,2237.726861685573,2237.663019240684,2237.6947549128004,2237.663019240684,2237.7593395430285,2237.8589994610074,2237.792188469011,2237.663019240684,2237.663019240684,2237.5397878718245,2237.726861685573,2237.7593395430285,2237.726861685573,2237.7593395430285,2237.6006612613974,2237.6006612613974,2237.570038985255,2237.6947549128004,2237.726861685573,2237.6006612613974,2237.570038985255,2237.792188469011,2237.7593395430285,2237.5397878718245,2237.663019240684,2237.7593395430285,2237.5397878718245,2237.6006612613974,2237.726861685573,2237.6947549128004,2237.6006612613974,2237.726861685573,2237.6947549128004,2237.726861685573,2237.5099079361603,2237.663019240684,2237.5397878718245,2237.663019240684,2237.6947549128004,2237.6006612613974,2237.6316546850153,2237.6316546850153,2237.6947549128004,2237.6947549128004,2237.7593395430285,2237.726861685573,2237.6006612613974,2237.7593395430285,2237.663019240684,0.0,2237.8589994610074,0.0,2237.8589994610074,2237.8254084471782,2237.8254084471782,0.0,0.0,2237.8589994610074,2237.8589994610074,2237.792188469011,0.0,2237.8589994610074,2237.8254084471782,0.0,0.0,2237.8589994610074,0.0,2237.8589994610074,0.0,0.0,2237.8589994610074,0.0,2237.8589994610074,0.0,0.0,0.0,0.0,0.0,0.0,2237.8589994610074,0.0,2237.8589994610074,0.0,0.0
2237.8589994610074,2237.8589994610074,0.0,0.0,0.0,0.0,0.0,0.0,2237.8589994610074,0.0,0.0,0.0,2237.8589994610074,2237.8589994610074,2237.8589994610074,0.0,0.0,0.0,2237.8589994610074,0.0,0.0,0.0,0.0,0.0,0.0,2237.792188469011,2237.8254084471782,2237.6316546850153,2237.6316546850153,2237.726861685573,2237.792188469011,2237.6947549128004,2237.7593395430285,2237.8589994610074,2237.8254084471782,2237.6006612613974,2237.7593395430285,2237.570038985255,2237.726861685573,2237.7593395430285,2237.663019240684,2237.6316546850153,2237.6947549128004,2237.7593395430285,2237.7593395430285,2237.6006612613974,2237.6947549128004,2237.7593395430285,2237.7593395430285,2237.8254084471782,2237.6947549128004,2237.663019240684,2237.6006612613974,2237.570038985255,2237.570038985255,2237.6947549128004,2237.7593395430285,2237.6316546850153,2237.6006612613974,2237.663019240684,2237.663019240684,2237.726861685573,2237.6316546850153,2237.663019240684,2237.6316546850153,2237.7593395430285,2237.663019240684,2237.8589994610074,2237.6006612613974,2237.5099079361603,2237.570038985255,2237.480399193134,2237.5397878718245,2237.6006612613974,2237.726861685573,2237.5099079361603,2237.570038985255,2237.570038985255,2237.570038985255,2237.5099079361603,2237.5397878718245,2237.5397878718245,2237.4512616574316,2237.726861685573,2237.6316546850153,2237.5099079361603,2237.6316546850153,2237.6947549128004,2237.792188469011,2237.726861685573,2237.6947549128004,2237.6947549128004,2237.663019240684,2237.4512616574316,2237.366076438371,2237.106259907091,2237.480399193134,2237.5099079361603,2237.8254084471782,2237.6947549128004,2237.422495343555,2237.7593395430285,2237.8589994610074,2237.8254084471782,2237.8589994610074,2237.8254084471782,0.0,2237.792188469011,0.0,2237.8589994610074,2237.8254084471782,0.0,2237.792188469011,2237.8589994610074,2237.8589994610074,2237.8254084471782,2237.726861685573,2237.726861685573,2237.7593395430285,2237.8589994610074,2237.7593395430285,2237.8589994610074,2237.8589994610074,2237.8589994610074,2237.8589994610074,2237.8254084471782,2237.792188469011,2237.8589994610074,2237.8589994610074,2237.7593395430285,2237.8254084471782,2237.5397878718245,2237.5099079361603,2237.792188469011,2237.8254084471782,2237.726861685573,2237.7593395430285,0.0,2237.8254084471782,0.0,2237.8254084471782,0.0,2237.8589994610074,2237.8589994610074,2237.8589994610074,2237.7593395430285,2237.8589994610074,2237.8589994610074,2237.792188469011,2237.8589994610074,2237.8254084471782,2237.8589994610074,2237.8589994610074,2237.8589994610074,2237.8589994610074,2237.8589994610074,2237.8589994610074,2237.8254084471782,2237.8589994610074,2237.8589994610074,2237.792188469011,2237.8254084471782,2237.663019240684,2237.6947549128004,2237.6947549128004,2237.7593395430285,2237.6316546850153,2237.6947549128004,2237.663019240684,2237.6947549128004,2237.663019240684,2237.6947549128004,2237.663019240684,2237.7593395430285,2237.792188469011,2237.663019240684,2237.8254084471782,2237.8254084471782,2237.8254084471782,2237.6947549128004,2237.792188469011,2237.6316546850153,2237.5099079361603,2237.6006612613974,2237.726861685573,2237.6947549128004,2237.6006612613974,2237.5099079361603,2237.6316546850153,2237.7593395430285,2237.5397878718245,2237.7593395430285,2237.7593395430285,2237.6316546850153,2237.792188469011,2237.6947549128004,2237.7593395430285,2237.7593395430285,2237.6947549128004,2237.663019240684,2237.7593395430285,2237.6316546850153,2237.792188469011,2237.726861685573,2237.8254084471782,2237.480399193134,2237.6006612613974,2237.6006612613974,2237.570038985255,2237.6947549128004,2237.726861685573,2237.4512616574316,2237.6947549128004,2237.792188469011,0.0,2237.8254084471782,2237.6006612613974,2237.726861685573,2237.726861685573,2237.8254084471782,2237.8254084471782,2237.8254084471782,2237.8589994610074,2237.8254084471782,0.0,0.0,0.0,2237.8589994610074,2237.8589994610074,2237.8254084471782,0.0,0.0,2237.8589994610074,2237.8254084471782,0.0,0.0,0.0,0.0,0.0,2237.8589994610074,0.0,0.0,0.0,0.0,0.0,0.0,0.0,0.0,2237.8589994610074,2237.8589994610074,0.0,0.0,0.0,0.0,2237.8589994610074,0.0
0.0,0.0,2237.8254084471782,0.0,0.0,0.0,0.0,2237.8589994610074,0.0,0.0,2237.8589994610074,0.0,0.0,2237.8589994610074,0.0,2237.8589994610074,0.0,2237.8589994610074,0.0,0.0,0.0,2237.8589994610074,2237.8589994610074,2237.8589994610074,2237.8589994610074,2237.8589994610074,0.0,2237.792188469011,2237.792188469011,2237.792188469011,2237.6947549128004,2237.7593395430285,2237.7593395430285,2237.792188469011,2237.663019240684,2237.663019240684,2237.726861685573,2237.7593395430285,2237.663019240684,2237.792188469011,2237.6006612613974,2237.7593395430285,2237.792188469011,2237.6006612613974,2237.726861685573,2237.6947549128004,2237.7593395430285,2237.6006612613974,2237.792188469011,2237.5397878718245,2237.726861685573,2237.6006612613974,2237.6006612613974,2237.6947549128004,2237.726861685573,2237.6006612613974,2237.726861685573,2237.5397878718245,2237.570038985255,2237.726861685573,2237.7593395430285,2237.792188469011,2237.8254084471782,2237.6006612613974,2237.6316546850153,2237.7593395430285,2237.6006612613974,2237.6006612613974,2237.6947549128004,2237.6316546850153,2237.4512616574316,2237.4512616574316,2237.4512616574316,2237.7593395430285,2237.6006612613974,2237.663019240684,2237.726861685573,2237.570038985255,2237.6006612613974,2237.5397878718245,2237.6316546850153,2237.6006612613974,2237.6316546850153,2237.5099079361603,2237.726861685573,2237.6947549128004,2237.663019240684,2237.7593395430285,2237.7593395430285,2237.792188469011,2237.726861685573,2237.7593395430285,2237.726861685573,2237.5099079361603,2237.2842325962692,2236.990278107845,2237.3384238751473,2237.5099079361603,2237.6006612613974,2237.7593395430285,2237.726861685573,2237.8589994610074,2237.792188469011,0.0,0.0,2237.8589994610074,0.0,2237.8589994610074,2237.8589994610074,2237.8589994610074,2237.8589994610074,2237.8589994610074,2237.792188469011,2237.8254084471782,2237.8589994610074,2237.792188469011,2237.422495343555,2237.6316546850153,2237.726861685573,2237.7593395430285,0.0,0.0,0.0,2237.8589994610074,2237.792188469011,2237.8589994610074,2237.8589994610074,2237.8589994610074,2237.792188469011,2237.8254084471782,2237.8589994610074,2237.726861685573,2237.792188469011,2237.8254084471782,2237.8254084471782,2237.8589994610074,2237.792188469011,0.0,2237.8589994610074,2237.8589994610074,0.0,2237.8254084471782,2237.8589994610074,2237.8589994610074,2237.8254084471782,2237.8254084471782,2237.8589994610074,2237.8589994610074,0.0,2237.8254084471782,2237.8589994610074,0.0,2237.8589994610074,2237.8254084471782,2237.8254084471782,2237.8254084471782,2237.8254084471782,2237.8589994610074,2237.8254084471782,0.0,2237.8254084471782,2237.7593395430285,2237.726861685573,2237.6316546850153,0.0,2237.6006612613974,2237.570038985255,2237.726861685573,2237.726861685573,2237.726861685573,2237.7593395430285,2237.663019240684,2237.8589994610074,2237.7593395430285,2237.8254084471782,2237.8254084471782,2237.6316546850153,2237.792188469011,2237.6316546850153,2237.4512616574316,2237.7593395430285,2237.5397878718245,2237.3111425899197,2237.6006612613974,2237.726861685573,2237.663019240684,2237.663019240684,2237.663019240684,2237.663019240684,2237.5397878718245,2237.6947549128004,2237.726861685573,2237.726861685573,2237.5397878718245,2237.6947549128004,2237.726861685573,2237.6947549128004,2237.6947549128004,2237.6947549128004,2237.7593395430285,2237.792188469011,2237.8254084471782,2237.6006612613974,2237.6316546850153,2237.726861685573,2237.480399193134,2237.7593395430285,2237.663019240684,2237.6947549128004,2237.663019240684,2237.663019240684,2237.6947549128004,2237.726861685573,2237.6316546850153,2237.6947549128004,2237.7593395430285,2237.726861685573,2237.570038985255,2237.792188469011,2237.726861685573,2237.726861685573,2237.7593395430285,2237.7593395430285,0.0,2237.8589994610074,2237.8589994610074,0.0,0.0,2237.8589994610074,0.0,0.0,0.0,0.0,0.0,0.0,0.0,0.0,0.0,0.0,0.0,0.0,0.0,0.0,2237.8589994610074,0.0,0.0,2237.8589994610074,0.0,0.0,0.0,2237.8589994610074,0.0,0.0,0.0,0.0,2237.8589994610074
0.0,0.0,0.0,0.0,2237.8589994610074,0.0,0.0,2237.8589994610074,2237.8589994610074,2237.8254084471782,0.0,0.0,0.0,0.0,0.0,2237.8589994610074,0.0,0.0,0.0,0.0,2237.8589994610074,0.0,0.0,0.0,0.0,2237.8589994610074,0.0,2237.8589994610074,2237.6947549128004,2237.6006612613974,2237.663019240684,2237.5099079361603,2237.792188469011,2237.663019240684,2237.663019240684,2237.6947549128004,2237.726861685573,2237.7593395430285,2237.570038985255,2237.5099079361603,2237.7593395430285,2237.6316546850153,2237.6006612613974,2237.7593395430285,2237.6006612613974,2237.6316546850153,2237.570038985255,2237.7593395430285,2237.5397878718245,2237.5397878718245,2237.7593395430285,2237.6006612613974,2237.6947549128004,2237.7593395430285,2237.7593395430285,2237.7593395430285,2237.792188469011,2237.7593395430285,2237.726861685573,2237.6316546850153,2237.6006612613974,2237.792188469011,2237.7593395430285,2237.5397878718245,2237.6316546850153,2237.570038985255,2237.726861685573,2237.663019240684,2237.6947549128004,2237.570038985255,2237.5397878718245,2237.5397878718245,2237.5099079361603,2237.6316546850153,2237.5397878718245,2237.6006612613974,2237.6316546850153,2237.3384238751473,2237.6316546850153,2237.6316546850153,2237.6947549128004,2237.5099079361603,2237.5397878718245,2237.726861685573,2237.5099079361603,2237.6316546850153,2237.570038985255,2237.480399193134,2237.6316546850153,2237.6316546850153,2237.6947549128004,2237.8254084471782,2237.663019240684,2237.480399193134,2237.23152653711,2237.155252464158,2237.4512616574316,2237.2842325962692,2237.726861685573,2237.7593395430285,2237.792188469011,0.0,2237.8254084471782,2237.8589994610074,2237.8589994610074,2237.792188469011,2237.8589994610074,2237.8589994610074,0.0,0.0,0.0,2237.8589994610074,2237.8589994610074,2237.726861685573,0.0,2237.6947549128004,2237.6316546850153,2237.570038985255,2237.5397878718245,2237.792188469011,0.0,2237.792188469011,2237.8254084471782,2237.7593395430285,2237.792188469011,0.0,2237.8589994610074,0.0,2237.8254084471782,2237.792188469011,2237.8254084471782,2237.8254084471782,0.0,2237.7593395430285,0.0,2237.7593395430285,2237.8589994610074,0.0,0.0,2237.8589994610074,2237.8589994610074,0.0,2237.8254084471782,2237.8589994610074,2237.8254084471782,0.0,2237.8254084471782,2237.8589994610074,2237.8589994610074,0.0,2237.8254084471782,2237.8254084471782,0.0,2237.8589994610074,2237.8254084471782,2237.8589994610074,2237.8254084471782,2237.792188469011,2237.8254084471782,2237.7593395430285,2237.792188469011,2237.792188469011,2237.726861685573,2237.663019240684,0.0,2237.8254084471782,2237.7593395430285,2237.726861685573,2237.6947549128004,2237.792188469011,2237.6316546850153,2237.6316546850153,2237.6947549128004,2237.6947549128004,2237.6947549128004,2237.570038985255,2237.6006612613974,2237.7593395430285,2237.726861685573,2237.792188469011,2237.663019240684,2237.6316546850153,2237.6947549128004,2237.7593395430285,2237.792188469011,2237.792188469011,2237.663019240684,2237.6316546850153,2237.726861685573,2237.570038985255,2237.663019240684,2237.5397878718245,2237.663019240684,2237.663019240684,2237.663019240684,2237.422495343555,2237.663019240684,2237.726861685573,0.0,2237.480399193134,2237.6947549128004,2237.6947549128004,2237.7593395430285,2237.570038985255,2237.570038985255,2237.570038985255,2237.6006612613974,2237.6316546850153,2237.6006612613974,2237.6006612613974,2237.570038985255,2237.7593395430285,2237.6006612613974,2237.480399193134,2237.5397878718245,2237.6316546850153,2237.6006612613974,2237.6947549128004,2237.792188469011,2237.6947549128004,2237.726861685573,2237.6947549128004,2237.8254084471782,2237.792188469011,0.0,0.0,2237.8589994610074,0.0,2237.8589994610074,2237.8254084471782,0.0,0.0,0.0,0.0,0.0,0.0,0.0,0.0,2237.8589994610074,0.0,0.0,2237.8254084471782,0.0,0.0,0.0,2237.8589994610074,0.0,2237.792188469011,0.0,0.0,0.0,0.0,0.0,0.0,0.0,0.0
0.0,2237.8589994610074,2237.8589994610074,0.0,2237.8589994610074,0.0,0.0,0.0,2237.8254084471782,0.0,0.0,0.0,2237.8589994610074,0.0,2237.8589994610074,2237.8589994610074,0.0,0.0,2237.8589994610074,0.0,0.0,2237.8589994610074,0.0,2237.8589994610074,2237.8589994610074,0.0,0.0,0.0,2237.6947549128004,2237.7593395430285,2237.726861685573,2237.6316546850153,2237.7593395430285,2237.726861685573,2237.726861685573,2237.7593395430285,2237.6947549128004,2237.663019240684,2237.6947549128004,2237.6006612613974,2237.792188469011,2237.726861685573,2237.5397878718245,2237.6006612613974,2237.7593395430285,2237.5397878718245,2237.5397878718245,2237.663019240684,2237.8254084471782,2237.726861685573,2237.7593395430285,2237.7593395430285,2237.6316546850153,2237.792188469011,2237.663019240684,2237.663019240684,2237.663019240684,2237.6006612613974,2237.726861685573,2237.7593395430285,2237.5397878718245,2237.4512616574316,2237.663019240684,2237.8254084471782,2237.7593395430285,2237.726861685573,2237.663019240684,2237.8254084471782,2237.663019240684,2237.726861685573,2237.6947549128004,2237.5099079361603,2237.3941002658235,2237.663019240684,2237.3384238751473,2237.6316546850153,2237.5099079361603,2237.5397878718245,2237.5397878718245,2237.6947549128004,2237.570038985255,2237.663019240684,2237.7593395430285,2237.4512616574316,2237.570038985255,2237.3384238751473,2237.3384238751473,2237.422495343555,2237.663019240684,2237.7593395430285,2237.7593395430285,2237.8589994610074,2237.7593395430285,2237.663019240684,2237.5397878718245,2237.5099079361603,2237.3111425899197,2237.3384238751473,2237.663019240684,2237.8254084471782,2237.792188469011,2237.8254084471782,2237.8589994610074,2237.8589994610074,2237.7593395430285,0.0,2237.792188469011,2237.8254084471782,2237.8589994610074,0.0,0.0,0.0,2237.8589994610074,2237.8589994610074,2237.792188469011,2237.5397878718245,2237.6006612613974,2237.6316546850153,2237.726861685573,2237.792188469011,0.0,2237.8589994610074,2237.8589994610074,2237.792188469011,2237.792188469011,2237.726861685573,2237.8254084471782,2237.8254084471782,2237.8589994610074,2237.8589994610074,2237.8589994610074,2237.8254084471782,0.0,2237.8589994610074,2237.8254084471782,0.0,2237.8254084471782,2237.8254084471782,2237.8254084471782,2237.8589994610074,2237.8589994610074,2237.792188469011,0.0,2237.8589994610074,2237.8589994610074,2237.8589994610074,0.0,2237.8254084471782,2237.8254084471782,0.0,2237.8589994610074,2237.8254084471782,2237.8589994610074,2237.8589994610074,0.0,2237.8254084471782,2237.8589994610074,0.0,2237.792188469011,2237.7593395430285,2237.792188469011,2237.8254084471782,2237.7593395430285,2237.663019240684,2237.6006612613974,2237.7593395430285,2237.5397878718245,2237.6316546850153,2237.7593395430285,2237.8254084471782,2237.726861685573,2237.663019240684,2237.5397878718245,2237.6006612613974,2237.7593395430285,2237.7593395430285,2237.8254084471782,2237.6947549128004,2237.7593395430285,2237.5099079361603,2237.3941002658235,2237.5397878718245,2237.6316546850153,2237.7593395430285,2237.6316546850153,2237.480399193134,2237.663019240684,2237.6947549128004,2237.726861685573,2237.663019240684,2237.6316546850153,2237.6006612613974,2237.570038985255,2237.480399193134,2237.5099079361603,2237.6947549128004,2237.726861685573,2237.8254084471782,2237.663019240684,2237.726861685573,2237.6006612613974,2237.6316546850153,2237.663019240684,2237.570038985255,2237.7593395430285,2237.6947549128004,2237.6316546850153,2237.5099079361603,2237.726861685573,2237.7593395430285,2237.726861685573,2237.792188469011,2237.6006612613974,2237.5397878718245,2237.663019240684,2237.5397878718245,2237.6947549128004,2237.6006612613974,2237.7593395430285,2237.792188469011,2237.726861685573,2237.570038985255,2237.7593395430285,2237.8589994610074,0.0,2237.8589994610074,0.0,0.0,2237.8254084471782,0.0,0.0,0.0,0.0,2237.8589994610074,0.0,0.0,0.0,0.0,2237.8589994610074,0.0,0.0,0.0,0.0,0.0,0.0,0.0,0.0,0.0,2237.8589994610074,0.0,2237.8589994610074,2237.8589994610074,0.0,0.0,0.0,0.0
0.0,0.0,0.0,0.0,2237.8589994610074,0.0,2237.8589994610074,0.0,2237.8589994610074,2237.8254084471782,0.0,0.0,0.0,0.0,0.0,0.0,0.0,0.0,2237.8589994610074,0.0,0.0,2237.8589994610074,0.0,2237.8589994610074,0.0,2237.8589994610074,2237.8589994610074,0.0,2237.8254084471782,2237.726861685573,2237.726861685573,2237.7593395430285,2237.726861685573,2237.726861685573,2237.7593395430285,2237.7593395430285,2237.7593395430285,2237.6947549128004,2237.6316546850153,2237.6947549128004,2237.7593395430285,2237.663019240684,2237.6006612613974,2237.726861685573,2237.8254084471782,2237.570038985255,2237.6947549128004,2237.7593395430285,2237.663019240684,2237.7593395430285,2237.570038985255,2237.792188469011,2237.726861685573,2237.570038985255,2237.663019240684,2237.6947549128004,2237.6316546850153,2237.726861685573,2237.6947549128004,2237.5099079361603,2237.6316546850153,2237.5397878718245,2237.726861685573,2237.5397878718245,2237.6006612613974,2237.792188469011,2237.6947549128004,2237.663019240684,2237.7593395430285,2237.726861685573,2237.6947549128004,2237.726861685573,2237.4512616574316,2237.5397878718245,2237.4512616574316,2237.2576939075952,2237.4512616574316,2237.6316546850153,2237.7593395430285,2237.570038985255,2237.6947549128004,2237.7593395430285,2237.4512616574316,2237.570038985255,2237.422495343555,2237.155252464158,2237.726861685573,2237.5397878718245,2237.792188469011,2237.6947549128004,2237.792188469011,2237.792188469011,2237.7593395430285,2237.6947549128004,2237.4512616574316,2237.422495343555,2237.6316546850153,2237.480399193134,2237.8254084471782,2237.792188469011,2237.8254084471782,2237.8589994610074,2237.792188469011,0.0,0.0,2237.8254084471782,2237.8254084471782,0.0,2237.8254084471782,0.0,2237.8589994610074,0.0,2237.8589994610074,2237.8254084471782,2237.8589994610074,2237.6316546850153,2237.422495343555,2237.7593395430285,2237.792188469011,0.0,2237.8589994610074,2237.7593395430285,2237.792188469011,0.0,2237.8254084471782,2237.7593395430285,2237.792188469011,2237.8254084471782,2237.792188469011,2237.8589994610074,2237.8589994610074,2237.8254084471782,2237.8589994610074,2237.8589994610074,0.0,2237.8589994610074,0.0,0.0,2237.8589994610074,2237.8254084471782,2237.792188469011,2237.8589994610074,2237.8589994610074,2237.8589994610074,2237.792188469011,2237.8254084471782,0.0,0.0,2237.8589994610074,2237.792188469011,0.0,2237.7593395430285,0.0,2237.792188469011,2237.8589994610074,2237.8254084471782,2237.7593395430285,2237.8254084471782,2237.7593395430285,2237.792188469011,2237.792188469011,2237.792188469011,2237.7593395430285,2237.570038985255,2237.663019240684,2237.726861685573,2237.726861685573,2237.726861685573,2237.7593395430285,2237.726861685573,2237.6316546850153,2237.6947549128004,2237.7593395430285,2237.8589994610074,2237.6316546850153,2237.726861685573,2237.726861685573,2237.7593395430285,2237.5099079361603,2237.480399193134,2237.570038985255,2237.570038985255,2237.6316546850153,2237.6947549128004,2237.570038985255,2237.7593395430285,2237.663019240684,2237.726861685573,2237.6006612613974,2237.663019240684,2237.6316546850153,2237.726861685573,2237.5397878718245,2237.8254084471782,2237.6006612613974,2237.570038985255,2237.6947549128004,2237.7593395430285,2237.570038985255,2237.6947549128004,2237.6947549128004,2237.5397878718245,2237.6947549128004,2237.663019240684,2237.5397878718245,2237.792188469011,2237.6006612613974,2237.6006612613974,2237.6316546850153,2237.7593395430285,2237.6947549128004,2237.5397878718245,2237.8589994610074,2237.6316546850153,2237.792188469011,2237.6006612613974,2237.7593395430285,2237.7593395430285,2237.726861685573,2237.792188469011,2237.7593395430285,2237.726861685573,2237.7593395430285,0.0,2237.8589994610074,0.0,0.0,0.0,0.0,0.0,0.0,0.0,2237.8589994610074,0.0,0.0,0.0,0.0,0.0,2237.8589994610074,0.0,0.0,0.0,0.0,0.0,0.0,0.0,0.0,2237.8589994610074,0.0,0.0,0.0,2237.8254084471782,2237.8254084471782,0.0,0.0,2237.8589994610074
0.0,0.0,0.0,0.0,2237.8589994610074,0.0,2237.8589994610074,0.0,0.0,0.0,0.0,0.0,0.0,0.0,0.0,2237.8254084471782,0.0,0.0,2237.8589994610074,2237.7593395430285,0.0,0.0,2237.8589994610074,0.0,0.0,0.0,0.0,2237.8254084471782,2237.8589994610074,2237.8254084471782,2237.792188469011,2237.7593395430285,2237.6947549128004,2237.8254084471782,2237.663019240684,2237.7593395430285,2237.7593395430285,2237.6006612613974,2237.6006612613974,2237.7593395430285,2237.570038985255,2237.6947549128004,2237.8254084471782,2237.663019240684,2237.6316546850153,2237.663019240684,2237.663019240684,2237.726861685573,2237.726861685573,2237.726861685573,2237.726861685573,2237.726861685573,2237.663019240684,2237.6006612613974,2237.7593395430285,2237.6006612613974,2237.663019240684,2237.663019240684,2237.570038985255,2237.726861685573,2237.6316546850153,2237.7593395430285,2237.5397878718245,2237.792188469011,2237.6947549128004,2237.792188469011,2237.663019240684,2237.6947549128004,2237.663019240684,2237.726861685573,2237.663019240684,2237.570038985255,2237.570038985255,2237.663019240684,2237.6316546850153,2237.4512616574316,2237.570038985255,2237.6316546850153,2237.6006612613974,2237.726861685573,2237.726861685573,2237.570038985255,2237.5099079361603,2237.5397878718245,2237.3941002658235,2237.23152653711,2237.570038985255,2237.6006612613974,2237.7593395430285,2237.663019240684,2237.8254084471782,2237.8589994610074,2237.792188469011,2237.6316546850153,2237.3384238751473,2237.3111425899197,2237.422495343555,2237.663019240684,2237.7593395430285,2237.8589994610074,2237.8254084471782,2237.792188469011,0.0,0.0,2237.792188469011,2237.8589994610074,2237.6316546850153,2237.7593395430285,0.0,0.0,0.0,0.0,2237.8589994610074,0.0,2237.8254084471782,2237.6316546850153,2237.5397878718245,2237.8589994610074,0.0,0.0,2237.8254084471782,2237.792188469011,2237.8589994610074,2237.792188469011,2237.7593395430285,2237.8589994610074,2237.8589994610074,2237.8254084471782,2237.8589994610074,0.0,2237.8254084471782,2237.8589994610074,2237.8254084471782,2237.8589994610074,2237.8254084471782,0.0,2237.8589994610074,2237.8589994610074,0.0,2237.792188469011,2237.8254084471782,0.0,0.0,2237.8589994610074,0.0,0.0,2237.8254084471782,2237.8589994610074,2237.7593395430285,2237.8254084471782,2237.7593395430285,2237.8254084471782,0.0,2237.8254084471782,2237.8589994610074,2237.792188469011,2237.8254084471782,2237.8254084471782,2237.792188469011,2237.8589994610074,2237.8254084471782,2237.8254084471782,2237.792188469011,2237.7593395430285,2237.726861685573,2237.726861685573,2237.6316546850153,2237.6947549128004,2237.3941002658235,2237.5099079361603,2237.726861685573,2237.6947549128004,2237.6316546850153,2237.726861685573,2237.8254084471782,2237.6006612613974,2237.570038985255,2237.663019240684,2237.6006612613974,2237.6947549128004,2237.663019240684,2237.366076438371,2237.422495343555,2237.6316546850153,2237.663019240684,2237.726861685573,2237.6006612613974,2237.3941002658235,2237.663019240684,2237.6316546850153,2237.6006612613974,2237.5397878718245,2237.5099079361603,2237.570038985255,2237.5099079361603,2237.5397878718245,2237.6316546850153,2237.6006612613974,2237.480399193134,2237.6947549128004,2237.6947549128004,2237.6316546850153,2237.663019240684,2237.5099079361603,2237.6316546850153,2237.6947549128004,2237.663019240684,2237.5099079361603,2237.5397878718245,2237.6006612613974,2237.7593395430285,2237.6947549128004,2237.663019240684,2237.7593395430285,2237.726861685573,2237.726861685573,0.0,2237.6947549128004,2237.6947549128004,2237.726861685573,2237.726861685573,2237.726861685573,2237.8589994610074,0.0,0.0,0.0,0.0,2237.8589994610074,2237.8589994610074,2237.8589994610074,2237.8589994610074,0.0,0.0,2237.8589994610074,2237.8589994610074,0.0,0.0,0.0,0.0,0.0,0.0,0.0,0.0,0.0,0.0,2237.8589994610074,0.0,2237.8589994610074,0.0,0.0,0.0,2237.8589994610074,2237.8589994610074,2237.8589994610074,0.0,0.0
0.0,0.0,0.0,0.0,0.0,0.0,2237.8589994610074,0.0,0.0,0.0,0.0,0.0,0.0,2237.8589994610074,2237.8589994610074,2237.8589994610074,2237.8254084471782,0.0,2237.8254084471782,2237.8589994610074,0.0,0.0,0.0,0.0,0.0,0.0,0.0,2237.8589994610074,2237.8589994610074,2237.8589994610074,2237.792188469011,2237.7593395430285,2237.663019240684,2237.663019240684,2237.8254084471782,2237.792188469011,2237.726861685573,2237.726861685573,2237.792188469011,2237.6316546850153,2237.6316546850153,2237.6316546850153,2237.663019240684,2237.726861685573,2237.792188469011,2237.792188469011,2237.6947549128004,2237.7593395430285,2237.6316546850153,2237.663019240684,2237.6316546850153,2237.792188469011,2237.8589994610074,2237.663019240684,2237.663019240684,2237.570038985255,2237.8254084471782,2237.6316546850153,2237.6947549128004,2237.663019240684,2237.5099079361603,2237.726861685573,2237.7593395430285,2237.726861685573,2237.6947549128004,2237.7593395430285,2237.8254084471782,2237.8589994610074,2237.6316546850153,2237.792188469011,2237.7593395430285,2237.726861685573,2237.6947549128004,2237.6947549128004,2237.6316546850153,2237.7593395430285,2237.6006612613974,2237.663019240684,2237.663019240684,2237.5099079361603,2237.5397878718245,2237.6316546850153,2237.480399193134,2237.6316546850153,2237.6316546850153,2237.5397878718245,2237.726861685573,2237.663019240684,2237.7593395430285,2237.663019240684,2237.792188469011,2237.6947549128004,2237.726861685573,2237.6006612613974,2237.5099079361603,2237.2576939075952,2237.3111425899197,2237.3941002658235,2237.726861685573,2237.792188469011,2237.8589994610074,0.0,0.0,2237.8254084471782,2237.792188469011,2237.792188469011,2237.726861685573,2237.8589994610074,2237.8589994610074,2237.8254084471782,2237.8589994610074,0.0,0.0,0.0,0.0,2237.8589994610074,2237.6947549128004,0.0,0.0,2237.792188469011,0.0,2237.8254084471782,2237.7593395430285,0.0,2237.792188469011,2237.792188469011,2237.8589994610074,2237.8254084471782,2237.726861685573,2237.8589994610074,2237.7593395430285,0.0,2237.8589994610074,2237.792188469011,2237.8589994610074,2237.7593395430285,2237.8589994610074,2237.8254084471782,2237.8254084471782,2237.792188469011,0.0,0.0,0.0,0.0,0.0,0.0,2237.8589994610074,0.0,0.0,2237.8589994610074,0.0,2237.8254084471782,2237.8589994610074,2237.8254084471782,0.0,2237.8254084471782,0.0,2237.8254084471782,2237.792188469011,0.0,2237.792188469011,2237.8254084471782,2237.7593395430285,2237.6947549128004,2237.663019240684,2237.6006612613974,2237.6006612613974,2237.6006612613974,2237.792188469011,2237.6316546850153,2237.663019240684,2237.663019240684,2237.6316546850153,2237.570038985255,2237.726861685573,2237.6006612613974,2237.5397878718245,2237.6947549128004,2237.6316546850153,2237.663019240684,2237.5397878718245,2237.663019240684,2237.480399193134,2237.3941002658235,2237.5397878718245,2237.7593395430285,2237.663019240684,2237.7593395430285,2237.663019240684,2237.663019240684,2237.7593395430285,2237.7593395430285,2237.663019240684,2237.663019240684,2237.6316546850153,2237.7593395430285,2237.726861685573,2237.792188469011,2237.6006612613974,2237.663019240684,2237.570038985255,2237.6316546850153,2237.6006612613974,2237.6947549128004,2237.6947549128004,2237.663019240684,2237.6006612613974,2237.5099079361603,2237.570038985255,2237.6316546850153,2237.6947549128004,2237.6316546850153,2237.726861685573,2237.6006612613974,2237.480399193134,2237.663019240684,2237.726861685573,2237.726861685573,2237.7593395430285,2237.6316546850153,2237.663019240684,0.0,0.0,0.0,2237.8589994610074,0.0,0.0,0.0,0.0,0.0,0.0,0.0,0.0,0.0,0.0,0.0,0.0,0.0,0.0,0.0,0.0,2237.8589994610074,0.0,0.0,0.0,2237.8589994610074,0.0,0.0,0.0,0.0,0.0,0.0,0.0,0.0,0.0,2237.8589994610074
0.0,0.0,0.0,2237.8589994610074,2237.8589994610074,2237.8589994610074,0.0,0.0,0.0,0.0,0.0,0.0,0.0,2237.8589994610074,0.0,2237.8589994610074,0.0,0.0,0.0,2237.8589994610074,2237.8589994610074,0.0,0.0,2237.8589994610074,2237.8254084471782,2237.8589994610074,0.0,0.0,0.0,0.0,2237.8254084471782,2237.8589994610074,2237.792188469011,2237.8589994610074,2237.7593395430285,2237.7593395430285,2237.6316546850153,2237.6947549128004,2237.792188469011,2237.6006612613974,2237.726861685573,2237.7593395430285,2237.6006612613974,2237.6947549128004,2237.726861685573,2237.792188469011,2237.6316546850153,2237.7593395430285,2237.6947549128004,2237.726861685573,2237.6316546850153,2237.6316546850153,2237.663019240684,2237.6316546850153,2237.8254084471782,2237.6316546850153,2237.5397878718245,2237.6947549128004,2237.726861685573,2237.6947549128004,2237.726861685573,2237.792188469011,2237.726861685573,2237.6947549128004,2237.6947549128004,2237.792188469011,2237.7593395430285,2237.8254084471782,2237.7593395430285,2237.8254084471782,2237.8254084471782,2237.6006612613974,2237.7593395430285,2237.663019240684,2237.663019240684,2237.663019240684,2237.663019240684,2237.5397878718245,2237.6316546850153,2237.726861685573,2237.6947549128004,2237.663019240684,2237.663019240684,2237.6316546850153,2237.570038985255,2237.663019240684,2237.6006612613974,2237.726861685573,2237.5099079361603,2237.6006612613974,2237.6947549128004,0.0,2237.6316546850153,2237.570038985255,2237.422495343555,2237.480399193134,2237.6006612613974,2237.6006612613974,2237.663019240684,2237.792188469011,2237.792188469011,2237.8589994610074,0.0,0.0,2237.8589994610074,2237.8254084471782,2237.792188469011,2237.792188469011,0.0,0.0,2237.8589994610074,2237.8254084471782,0.0,0.0,2237.8589994610074,2237.792188469011,0.0,2237.8254084471782,2237.8589994610074,2237.8589994610074,2237.792188469011,2237.8589994610074,2237.8589994610074,2237.8254084471782,2237.8589994610074,2237.792188469011,2237.8254084471782,2237.8589994610074,2237.8589994610074,2237.792188469011,2237.7593395430285,2237.7593395430285,2237.7593395430285,2237.8254084471782,2237.8589994610074,2237.8589994610074,0.0,2237.8254084471782,2237.8254084471782,2237.8589994610074,2237.8589994610074,2237.7593395430285,2237.8589994610074,2237.7593395430285,0.0,2237.8589994610074,2237.8589994610074,0.0,2237.8589994610074,2237.8254084471782,0.0,2237.8589994610074,2237.8589994610074,2237.8254084471782,2237.8589994610074,0.0,2237.792188469011,2237.8589994610074,2237.8254084471782,2237.7593395430285,2237.792188469011,2237.6947549128004,2237.6947549128004,2237.792188469011,2237.726861685573,2237.480399193134,2237.663019240684,2237.726861685573,2237.5397878718245,2237.6316546850153,2237.6006612613974,2237.6316546850153,2237.7593395430285,2237.570038985255,2237.726861685573,2237.663019240684,2237.570038985255,2237.663019240684,2237.570038985255,2237.792188469011,2237.480399193134,2237.5397878718245,2237.6316546850153,2237.726861685573,2237.6947549128004,2237.726861685573,2237.6947549128004,2237.663019240684,2237.6316546850153,2237.663019240684,2237.6316546850153,2237.7593395430285,2237.5397878718245,2237.6947549128004,2237.6316546850153,2237.5397878718245,2237.792188469011,2237.7593395430285,2237.6947549128004,2237.6316546850153,2237.6316546850153,2237.6006612613974,2237.6947549128004,2237.8254084471782,2237.6947549128004,2237.726861685573,2237.6316546850153,2237.726861685573,2237.7593395430285,2237.6947549128004,2237.422495343555,2237.792188469011,2237.6316546850153,2237.4512616574316,2237.7593395430285,2237.7593395430285,2237.6006612613974,2237.5099079361603,2237.663019240684,2237.726861685573,2237.792188469011,0.0,2237.8589994610074,0.0,0.0,0.0,2237.8589994610074,2237.8589994610074,2237.8589994610074,2237.8589994610074,0.0,2237.8254084471782,0.0,0.0,0.0,0.0,0.0,0.0,0.0,0.0,0.0,0.0,0.0,2237.8589994610074,0.0,0.0,2237.8589994610074,0.0,0.0,2237.8254084471782,2237.8589994610074,2237.8589994610074,0.0,0.0,0.0,0.0
0.0,0.0,0.0,2237.8589994610074,0.0,0.0,0.0,0.0,0.0,0.0,2237.8589994610074,0.0,0.0,0.0,0.0,0.0,0.0,0.0,0.0,2237.8589994610074,0.0,0.0,0.0,0.0,2237.8589994610074,0.0,0.0,2237.8254084471782,0.0,0.0,0.0,2237.792188469011,2237.7593395430285,2237.726861685573,2237.6947549128004,2237.726861685573,2237.6316546850153,2237.792188469011,2237.7593395430285,2237.792188469011,2237.663019240684,2237.792188469011,2237.6006612613974,2237.6947549128004,2237.6316546850153,2237.5099079361603,2237.7593395430285,2237.7593395430285,2237.6316546850153,2237.6947549128004,2237.663019240684,2237.726861685573,2237.6316546850153,2237.663019240684,2237.5099079361603,2237.726861685573,2237.8254084471782,2237.5099079361603,2237.6947549128004,2237.792188469011,2237.6947549128004,2237.7593395430285,2237.6006612613974,2237.7593395430285,2237.726861685573,2237.8254084471782,2237.792188469011,2237.8589994610074,2237.8254084471782,2237.7593395430285,2237.6947549128004,2237.663019240684,2237.726861685573,2237.8254084471782,2237.6947549128004,2237.7593395430285,2237.6316546850153,2237.7593395430285,2237.7593395430285,2237.663019240684,2237.726861685573,2237.3941002658235,2237.3384238751473,2237.570038985255,2237.663019240684,2237.570038985255,2237.5099079361603,2237.8254084471782,2237.663019240684,2237.726861685573,2237.726861685573,2237.726861685573,2237.570038985255,2237.422495343555,2237.3941002658235,2237.3111425899197,2237.570038985255,2237.7593395430285,2237.663019240684,2237.792188469011,0.0,2237.792188469011,2237.7593395430285,2237.8589994610074,2237.8589994610074,2237.8254084471782,0.0,0.0,2237.8254084471782,2237.8254084471782,2237.8589994610074,2237.8589994610074,0.0,2237.8589994610074,2237.8254084471782,0.0,0.0,2237.8589994610074,2237.792188469011,2237.8589994610074,0.0,0.0,2237.8254084471782,2237.8589994610074,2237.8589994610074,2237.8254084471782,0.0,2237.726861685573,2237.792188469011,2237.7593395430285,2237.6316546850153,2237.8254084471782,2237.726861685573,2237.8254084471782,2237.8254084471782,2237.792188469011,2237.7593395430285,2237.8254084471782,0.0,2237.792188469011,2237.8254084471782,2237.8589994610074,2237.8589994610074,0.0,0.0,2237.792188469011,2237.726861685573,2237.8589994610074,0.0,2237.8589994610074,2237.8589994610074,0.0,2237.8254084471782,2237.792188469011,2237.8589994610074,2237.8589994610074,2237.8254084471782,2237.792188469011,2237.8589994610074,2237.792188469011,2237.8254084471782,2237.6947549128004,2237.8254084471782,2237.6316546850153,2237.792188469011,2237.6006612613974,2237.792188469011,2237.480399193134,2237.792188469011,2237.7593395430285,2237.7593395430285,2237.480399193134,2237.7593395430285,2237.7593395430285,2237.792188469011,2237.6947549128004,2237.6947549128004,2237.6006612613974,2237.5099079361603,2237.6947549128004,2237.6006612613974,2237.6947549128004,2237.6316546850153,2237.7593395430285,2237.6316546850153,2237.5397878718245,2237.570038985255,2237.7593395430285,2237.6006612613974,2237.663019240684,2237.8254084471782,2237.7593395430285,2237.480399193134,2237.6947549128004,2237.570038985255,2237.663019240684,2237.726861685573,2237.6947549128004,2237.726861685573,2237.663019240684,2237.7593395430285,2237.663019240684,2237.663019240684,2237.6316546850153,2237.726861685573,2237.5397878718245,2237.6947549128004,2237.6316546850153,2237.663019240684,2237.663019240684,2237.726861685573,2237.6006612613974,2237.6947549128004,2237.5397878718245,2237.8254084471782,2237.6006612613974,2237.6947549128004,2237.663019240684,2237.792188469011,2237.6947549128004,2237.8589994610074,0.0,0.0,0.0,0.0,0.0,2237.8589994610074,2237.8589994610074,0.0,0.0,0.0,0.0,0.0,0.0,0.0,0.0,0.0,0.0,0.0,2237.8589994610074,0.0,0.0,0.0,2237.8589994610074,0.0,0.0,0.0,0.0,0.0,0.0,0.0,0.0,0.0,0.0,0.0,2237.8589994610074
0.0,0.0,0.0,2237.8589994610074,0.0,0.0,0.0,0.0,0.0,0.0,0.0,0.0,0.0,2237.8589994610074,0.0,0.0,0.0,0.0,0.0,0.0,0.0,0.0,0.0,2237.8589994610074,0.0,0.0,0.0,0.0,0.0,0.0,2237.8589994610074,0.0,0.0,2237.8254084471782,2237.8254084471782,2237.726861685573,2237.8254084471782,2237.7593395430285,2237.6947549128004,2237.726861685573,2237.7593395430285,2237.6316546850153,2237.726861685573,2237.7593395430285,2237.6316546850153,2237.6006612613974,2237.422495343555,2237.6947549128004,2237.7593395430285,2237.6947549128004,2237.7593395430285,2237.8254084471782,2237.663019240684,2237.663019240684,2237.6316546850153,2237.7593395430285,2237.6947549128004,2237.726861685573,2237.726861685573,2237.792188469011,2237.6316546850153,2237.7593395430285,2237.6947549128004,2237.8254084471782,2237.792188469011,2237.7593395430285,2237.792188469011,2237.663019240684,2237.6947549128004,2237.8254084471782,2237.8254084471782,2237.8254084471782,2237.726861685573,2237.792188469011,2237.8589994610074,0.0,2237.726861685573,2237.726861685573,2237.726861685573,2237.5397878718245,2237.726861685573,2237.6006612613974,2237.480399193134,2237.6006612613974,2237.570038985255,2237.570038985255,2237.570038985255,2237.7593395430285,2237.8589994610074,2237.726861685573,2237.6947549128004,2237.7593395430285,2237.7593395430285,2237.6006612613974,2237.5099079361603,2237.5397878718245,2237.792188469011,2237.8589994610074,2237.8589994610074,2237.8254084471782,2237.8254084471782,2237.8254084471782,0.0,2237.8589994610074,0.0,0.0,2237.8589994610074,0.0,2237.8589994610074,0.0,2237.8254084471782,2237.8589994610074,2237.7593395430285,2237.792188469011,0.0,0.0,0.0,2237.8254084471782,2237.8254084471782,2237.792188469011,2237.8589994610074,0.0,2237.8254084471782,2237.8254084471782,2237.8254084471782,2237.8254084471782,2237.8254084471782,2237.7593395430285,2237.7593395430285,2237.8589994610074,2237.792188469011,2237.8254084471782,2237.8589994610074,2237.792188469011,2237.792188469011,2237.7593395430285,2237.8589994610074,2237.8589994610074,2237.6947549128004,2237.8589994610074,2237.792188469011,2237.8589994610074,0.0,0.0,2237.8589994610074,0.0,2237.8254084471782,2237.8589994610074,0.0,0.0,0.0,2237.8589994610074,2237.726861685573,2237.663019240684,2237.8254084471782,2237.8589994610074,2237.8254084471782,2237.726861685573,2237.8254084471782,2237.8254084471782,2237.726861685573,2237.6947549128004,2237.7593395430285,2237.7593395430285,2237.663019240684,2237.7593395430285,2237.5397878718245,2237.570038985255,2237.726861685573,2237.6316546850153,2237.6947549128004,2237.6006612613974,2237.570038985255,2237.5099079361603,2237.792188469011,2237.5397878718245,2237.6947549128004,2237.6947549128004,2237.5099079361603,2237.5397878718245,2237.726861685573,2237.663019240684,2237.6316546850153,2237.7593395430285,2237.422495343555,2237.8254084471782,2237.6006612613974,2237.726861685573,2237.570038985255,2237.6947549128004,2237.7593395430285,2237.726861685573,2237.570038985255,2237.726861685573,2237.6006612613974,2237.7593395430285,2237.6316546850153,2237.726861685573,2237.6006612613974,2237.663019240684,2237.6316546850153,2237.663019240684,2237.663019240684,2237.792188469011,2237.570038985255,2237.726861685573,2237.6316546850153,2237.6316546850153,2237.663019240684,2237.570038985255,2237.6006612613974,2237.6947549128004,2237.726861685573,2237.7593395430285,2237.5397878718245,2237.726861685573,2237.6947549128004,2237.663019240684,2237.6006612613974,2237.7593395430285,2237.8254084471782,0.0,2237.8589994610074,0.0,2237.8254084471782,0.0,0.0,2237.8589994610074,0.0,0.0,2237.8589994610074,0.0,0.0,0.0,0.0,0.0,0.0,0.0,2237.8254084471782,0.0,0.0,0.0,2237.8589994610074,0.0,0.0,0.0,0.0,0.0,2237.8589994610074,0.0,2237.8589994610074,0.0,0.0,0.0,0.0,0.0
0.0,0.0,0.0,0.0,0.0,0.0,0.0,0.0,0.0,0.0,0.0,0.0,0.0,0.0,0.0,0.0,0.0,2237.8254084471782,0.0,0.0,2237.792188469011,0.0,0.0,0.0,0.0,2237.8589994610074,2237.8254084471782,0.0,0.0,0.0,0.0,0.0,2237.8589994610074,2237.7593395430285,2237.8254084471782,2237.6947549128004,2237.726861685573,2237.7593395430285,2237.6316546850153,2237.6947549128004,2237.570038985255,2237.663019240684,2237.6006612613974,2237.3941002658235,2237.3384238751473,2237.23152653711,2237.3384238751473,2237.480399193134,2237.480399193134,2237.6316546850153,2237.792188469011,2237.726861685573,2237.7593395430285,2237.7593395430285,2237.6947549128004,2237.7593395430285,2237.6316546850153,2237.726861685573,2237.726861685573,2237.8254084471782,2237.726861685573,2237.726861685573,2237.663019240684,2237.7593395430285,2237.6947549128004,2237.792188469011,2237.7593395430285,2237.7593395430285,2237.663019240684,2237.6947549128004,2237.7593395430285,2237.7593395430285,2237.792188469011,2237.8254084471782,2237.8589994610074,2237.6947549128004,2237.6947549128004,2237.6947549128004,2237.726861685573,2237.570038985255,2237.5099079361603,2237.570038985255,2237.5099079361603,2237.6316546850153,2237.480399193134,2237.726861685573,2237.726861685573,2237.726861685573,2237.6316546850153,2237.6006612613974,2237.6006612613974,2237.663019240684,2237.6006612613974,2237.6947549128004,2237.6316546850153,2237.6006612613974,2237.792188469011,2237.7593395430285,2237.8589994610074,2237.8589994610074,2237.8589994610074,0.0,2237.8589994610074,2237.8254084471782,2237.8254084471782,2237.8589994610074,2237.8254084471782,2237.792188469011,2237.8254084471782,2237.8254084471782,2237.792188469011,2237.8254084471782,2237.7593395430285,2237.8254084471782,2237.8589994610074,0.0,2237.8589994610074,2237.8254084471782,2237.8589994610074,0.0,2237.8254084471782,2237.8254084471782,2237.8589994610074,2237.8254084471782,2237.8254084471782,2237.8589994610074,2237.726861685573,2237.6316546850153,2237.6947549128004,2237.726861685573,2237.726861685573,2237.8254084471782,2237.7593395430285,2237.792188469011,2237.8254084471782,2237.726861685573,2237.8589994610074,2237.792188469011,0.0,2237.8589994610074,2237.8589994610074,0.0,2237.8254084471782,0.0,2237.8254084471782,2237.8254084471782,2237.792188469011,2237.792188469011,0.0,2237.8254084471782,2237.8589994610074,2237.8589994610074,2237.8589994610074,2237.792188469011,2237.8254084471782,2237.792188469011,2237.8254084471782,2237.792188469011,2237.8254084471782,2237.6947549128004,2237.7593395430285,2237.792188469011,0.0,2237.726861685573,2237.7593395430285,2237.570038985255,2237.7593395430285,2237.6316546850153,2237.7593395430285,2237.726861685573,2237.570038985255,2237.570038985255,2237.663019240684,2237.5397878718245,2237.5099079361603,2237.4512616574316,2237.6947549128004,2237.570038985255,2237.5099079361603,2237.6006612613974,2237.6316546850153,2237.726861685573,2237.663019240684,2237.726861685573,2237.7593395430285,2237.8589994610074,2237.6947549128004,2237.6947549128004,2237.570038985255,2237.726861685573,2237.726861685573,2237.663019240684,2237.6316546850153,2237.726861685573,2237.5099079361603,2237.6316546850153,2237.570038985255,2237.8589994610074,2237.792188469011,2237.726861685573,2237.726861685573,2237.663019240684,2237.6316546850153,2237.570038985255,2237.570038985255,2237.726861685573,2237.480399193134,2237.6947549128004,2237.8254084471782,2237.726861685573,2237.7593395430285,2237.663019240684,2237.6947549128004,2237.480399193134,2237.6947549128004,2237.663019240684,2237.6947549128004,2237.8254084471782,2237.7593395430285,2237.726861685573,2237.8254084471782,0.0,0.0,0.0,0.0,0.0,0.0,0.0,2237.8589994610074,0.0,2237.8589994610074,2237.8254084471782,0.0,0.0,2237.8589994610074,0.0,0.0,0.0,0.0,2237.8589994610074,0.0,0.0,2237.8254084471782,0.0,0.0,0.0,2237.8589994610074,0.0,0.0,2237.8589994610074,2237.8589994610074,0.0,0.0,2237.8589994610074,0.0,0.0
2237.8589994610074,0.0,2237.8589994610074,0.0,0.0,0.0,0.0,0.0,0.0,0.0,0.0,0.0,0.0,2237.8589994610074,0.0,0.0,0.0,0.0,0.0,0.0,0.0,0.0,0.0,0.0,0.0,0.0,0.0,0.0,0.0,0.0,0.0,2237.8589994610074,0.0,0.0,2237.8254084471782,2237.6006612613974,2237.8254084471782,2237.726861685573,2237.6316546850153,2237.792188469011,2237.6006612613974,2237.6006612613974,2237.570038985255,2237.3384238751473,2236.925146352674,2237.0355565528357,2236.9681960568123,2237.2576939075952,2237.5397878718245,2237.726861685573,2237.6947549128004,2237.7593395430285,2237.663019240684,2237.6006612613974,2237.726861685573,2237.5397878718245,2237.570038985255,2237.792188469011,2237.8254084471782,2237.6947549128004,2237.792188469011,2237.6947549128004,2237.792188469011,2237.663019240684,2237.6947549128004,2237.726861685573,2237.726861685573,2237.7593395430285,2237.8254084471782,2237.6316546850153,2237.726861685573,2237.6006612613974,2237.7593395430285,2237.8254084471782,2237.6947549128004,0.0,2237.8589994610074,2237.6947549128004,2237.6947549128004,2237.570038985255,2237.663019240684,2237.6006612613974,2237.8254084471782,2237.663019240684,2237.8254084471782,2237.6947549128004,2237.8254084471782,2237.792188469011,2237.792188469011,2237.8254084471782,2237.6006612613974,2237.4512616574316,2237.5397878718245,2237.570038985255,2237.6316546850153,2237.570038985255,2237.570038985255,2237.792188469011,2237.8254084471782,2237.8589994610074,2237.7593395430285,2237.8254084471782,2237.7593395430285,2237.8589994610074,0.0,0.0,2237.8254084471782,0.0,2237.8589994610074,0.0,2237.8589994610074,2237.8589994610074,2237.8589994610074,2237.792188469011,2237.8254084471782,2237.792188469011,0.0,2237.8589994610074,2237.792188469011,2237.8589994610074,0.0,2237.8254084471782,0.0,2237.8254084471782,2237.7593395430285,2237.8589994610074,2237.726861685573,2237.726861685573,2237.792188469011,2237.5397878718245,2237.792188469011,2237.792188469011,2237.7593395430285,0.0,2237.8254084471782,2237.8254084471782,2237.8589994610074,2237.6947549128004,2237.8254084471782,2237.8254084471782,2237.8589994610074,2237.8589994610074,2237.8254084471782,2237.8254084471782,2237.8589994610074,2237.8589994610074,2237.8589994610074,0.0,2237.8254084471782,2237.8589994610074,2237.8589994610074,0.0,2237.8589994610074,2237.726861685573,2237.726861685573,2237.726861685573,2237.6006612613974,2237.663019240684,2237.663019240684,2237.7593395430285,2237.8254084471782,2237.8254084471782,2237.726861685573,2237.6316546850153,2237.726861685573,2237.726861685573,2237.726861685573,2237.6316546850153,2237.7593395430285,2237.6947549128004,2237.8254084471782,2237.792188469011,2237.570038985255,2237.5397878718245,2237.6006612613974,2237.7593395430285,2237.663019240684,2237.5397878718245,2237.6006612613974,2237.480399193134,2237.5099079361603,2237.6947549128004,2237.5397878718245,2237.5397878718245,2237.5397878718245,2237.6006612613974,2237.6947549128004,2237.570038985255,2237.6316546850153,2237.7593395430285,2237.7593395430285,2237.5397878718245,2237.7593395430285,2237.726861685573,2237.6947549128004,2237.570038985255,2237.6947549128004,2237.6947549128004,2237.480399193134,2237.7593395430285,2237.570038985255,2237.6006612613974,2237.6006612613974,2237.7593395430285,2237.726861685573,2237.726861685573,2237.663019240684,2237.4512616574316,2237.663019240684,2237.570038985255,2237.663019240684,2237.792188469011,2237.792188469011,2237.4512616574316,2237.7593395430285,2237.6006612613974,2237.663019240684,2237.6947549128004,2237.792188469011,2237.792188469011,0.0,0.0,0.0,2237.8589994610074,0.0,0.0,0.0,0.0,0.0,2237.8589994610074,0.0,2237.8589994610074,0.0,0.0,0.0,0.0,2237.8589994610074,0.0,0.0,0.0,2237.8589994610074,2237.8589994610074,0.0,0.0,0.0,2237.8589994610074,0.0,0.0,0.0,2237.8589994610074,0.0,2237.8589994610074,0.0,0.0,0.0,0.0
0.0,2237.8589994610074,0.0,0.0,0.0,0.0,2237.8589994610074,0.0,0.0,0.0,0.0,0.0,2237.792188469011,0.0,0.0,0.0,0.0,0.0,0.0,0.0,2237.8589994610074,0.0,0.0,2237.8254084471782,2237.8254084471782,0.0,2237.8589994610074,0.0,0.0,0.0,0.0,0.0,0.0,2237.8589994610074,0.0,2237.726861685573,2237.6947549128004,2237.6316546850153,2237.6006612613974,2237.8254084471782,2237.6947549128004,2237.570038985255,2237.6947549128004,2237.3111425899197,2237.23152653711,2237.23152653711,2237.0355565528357,2237.205730497842,2237.23152653711,2237.663019240684,2237.7593395430285,2237.5397878718245,2237.7593395430285,2237.6947549128004,2237.7593395430285,2237.792188469011,2237.7593395430285,2237.6947549128004,2237.6947549128004,2237.6947549128004,2237.6947549128004,2237.6316546850153,0.0,2237.8254084471782,2237.7593395430285,2237.570038985255,2237.6947549128004,2237.7593395430285,2237.726861685573,2237.726861685573,2237.7593395430285,2237.7593395430285,2237.726861685573,2237.8254084471782,2237.8589994610074,2237.792188469011,2237.663019240684,2237.7593395430285,2237.8254084471782,2237.7593395430285,2237.792188469011,2237.7593395430285,2237.726861685573,2237.6947549128004,2237.7593395430285,2237.8254084471782,2237.792188469011,2237.7593395430285,2237.6947549128004,2237.8254084471782,2237.6316546850153,2237.1803058026376,2237.0587529242384,2237.3111425899197,2237.6316546850153,2237.726861685573,2237.726861685573,2237.792188469011,2237.8589994610074,2237.8589994610074,2237.8254084471782,2237.8589994610074,2237.792188469011,0.0,2237.792188469011,2237.8589994610074,2237.663019240684,2237.8254084471782,2237.8254084471782,2237.8254084471782,2237.726861685573,2237.7593395430285,2237.8254084471782,2237.8254084471782,0.0,2237.8254084471782,2237.8254084471782,2237.8589994610074,2237.792188469011,2237.792188469011,2237.792188469011,2237.8254084471782,2237.8254084471782,2237.7593395430285,2237.8589994610074,2237.8589994610074,2237.8254084471782,2237.7593395430285,2237.7593395430285,2237.6006612613974,2237.7593395430285,2237.7593395430285,2237.8589994610074,2237.6947549128004,2237.792188469011,2237.8589994610074,2237.7593395430285,2237.7593395430285,2237.792188469011,2237.8254084471782,0.0,2237.8254084471782,2237.8589994610074,2237.8589994610074,2237.8254084471782,2237.8589994610074,0.0,2237.8589994610074,2237.726861685573,0.0,2237.8254084471782,0.0,0.0,2237.726861685573,2237.6947549128004,0.0,2237.726861685573,2237.7593395430285,2237.7593395430285,2237.726861685573,2237.792188469011,0.0,2237.8254084471782,2237.726861685573,2237.663019240684,2237.792188469011,2237.6316546850153,2237.7593395430285,2237.792188469011,2237.7593395430285,2237.663019240684,2237.5397878718245,2237.663019240684,2237.726861685573,2237.6316546850153,2237.6006612613974,2237.6006612613974,2237.6316546850153,2237.726861685573,2237.570038985255,2237.7593395430285,2237.6006612613974,2237.792188469011,2237.726861685573,2237.726861685573,2237.6316546850153,2237.726861685573,2237.6006612613974,2237.6316546850153,2237.792188469011,2237.6316546850153,2237.663019240684,2237.6316546850153,2237.570038985255,2237.663019240684,2237.6947549128004,2237.663019240684,2237.5397878718245,2237.663019240684,2237.663019240684,2237.792188469011,2237.6947549128004,2237.5099079361603,2237.5397878718245,2237.7593395430285,2237.663019240684,2237.792188469011,2237.6947549128004,2237.5397878718245,2237.663019240684,2237.726861685573,2237.663019240684,2237.663019240684,2237.6006612613974,2237.5397878718245,2237.7593395430285,2237.726861685573,2237.663019240684,2237.792188469011,2237.726861685573,2237.8589994610074,0.0,0.0,0.0,2237.7593395430285,0.0,2237.8589994610074,2237.8589994610074,0.0,2237.8254084471782,0.0,0.0,0.0,0.0,0.0,2237.8589994610074,0.0,0.0,0.0,0.0,0.0,0.0,2237.8589994610074,0.0,2237.8589994610074,2237.8589994610074,0.0,0.0,0.0,2237.8589994610074,0.0,2237.8589994610074,2237.8589994610074,0.0,0.0,0.0
0.0,0.0,0.0,2237.792188469011,2237.8589994610074,0.0,2237.8589994610074,0.0,0.0,2237.8589994610074,0.0,0.0,2237.8589994610074,0.0,0.0,0.0,2237.8589994610074,0.0,0.0,2237.8589994610074,2237.8589994610074,0.0,0.0,0.0,0.0,0.0,0.0,0.0,2237.8589994610074,0.0,0.0,2237.8589994610074,0.0,0.0,2237.8589994610074,2237.8589994610074,2237.7593395430285,2237.6947549128004,2237.726861685573,2237.726861685573,2237.792188469011,2237.792188469011,2237.726861685573,2237.663019240684,2237.6316546850153,2237.4512616574316,2237.422495343555,2237.4512616574316,2237.4512616574316,2237.6947549128004,2237.6947549128004,2237.726861685573,2237.6947549128004,2237.726861685573,2237.6947549128004,2237.6006612613974,2237.726861685573,2237.8254084471782,2237.7593395430285,2237.6947549128004,2237.8254084471782,2237.8254084471782,2237.726861685573,2237.8254084471782,2237.792188469011,2237.7593395430285,2237.726861685573,2237.663019240684,2237.6006612613974,2237.6006612613974,2237.726861685573,2237.8254084471782,2237.570038985255,2237.726861685573,2237.8254084471782,2237.663019240684,2237.6947549128004,2237.6006612613974,2237.7593395430285,2237.792188469011,2237.8254084471782,2237.726861685573,2237.8254084471782,2237.792188469011,2237.8254084471782,2237.6947549128004,2237.8254084471782,2237.8254084471782,0.0,2237.6316546850153,2237.6006612613974,2237.3384238751473,2237.0823207129033,2236.7321884705516,2237.570038985255,2237.792188469011,2237.7593395430285,2237.8254084471782,2237.792188469011,2237.8254084471782,2237.7593395430285,2237.8254084471782,2237.6316546850153,2237.8589994610074,2237.8254084471782,2237.8254084471782,0.0,2237.663019240684,2237.8254084471782,0.0,0.0,2237.8254084471782,0.0,2237.8589994610074,2237.8254084471782,2237.726861685573,0.0,2237.8254084471782,2237.792188469011,2237.7593395430285,2237.8589994610074,2237.792188469011,2237.8254084471782,2237.8254084471782,2237.726861685573,2237.7593395430285,2237.8589994610074,2237.7593395430285,2237.8589994610074,2237.726861685573,0.0,2237.792188469011,2237.7593395430285,2237.7593395430285,2237.8589994610074,2237.8589994610074,2237.8589994610074,2237.8589994610074,2237.792188469011,0.0,2237.8254084471782,2237.8589994610074,0.0,0.0,2237.8589994610074,2237.8589994610074,2237.8589994610074,2237.8589994610074,0.0,2237.8254084471782,2237.792188469011,2237.8589994610074,2237.8589994610074,2237.8589994610074,0.0,2237.7593395430285,2237.7593395430285,2237.6947549128004,2237.6947549128004,2237.726861685573,2237.8254084471782,2237.7593395430285,2237.7593395430285,2237.7593395430285,2237.663019240684,2237.663019240684,2237.6006612613974,2237.8254084471782,2237.7593395430285,2237.663019240684,2237.570038985255,2237.6947549128004,2237.480399193134,2237.6316546850153,2237.6316546850153,2237.726861685573,2237.5099079361603,2237.6316546850153,2237.7593395430285,2237.6947549128004,2237.663019240684,2237.663019240684,2237.726861685573,2237.6006612613974,2237.7593395430285,2237.5099079361603,2237.6006612613974,2237.6947549128004,2237.6316546850153,2237.6947549128004,2237.6947549128004,2237.663019240684,2237.6947549128004,2237.6947549128004,2237.5099079361603,2237.726861685573,2237.726861685573,2237.6006612613974,2237.7593395430285,2237.663019240684,2237.6006612613974,2237.726861685573,2237.663019240684,2237.8589994610074,2237.663019240684,2237.792188469011,2237.8254084471782,2237.726861685573,2237.726861685573,2237.6947549128004,2237.726861685573,2237.7593395430285,2237.6947549128004,2237.7593395430285,2237.6316546850153,2237.726861685573,2237.792188469011,2237.792188469011,2237.792188469011,2237.7593395430285,2237.8589994610074,2237.8589994610074,0.0,0.0,0.0,2237.8589994610074,0.0,2237.8589994610074,2237.8254084471782,0.0,0.0,0.0,2237.8589994610074,0.0,0.0,0.0,0.0,2237.8589994610074,0.0,2237.8589994610074,0.0,0.0,2237.8589994610074,2237.8589994610074,0.0,2237.8589994610074,0.0,0.0,2237.8589994610074,0.0,2237.8589994610074,0.0,2237.8589994610074,2237.8589994610074,0.0,0.0
0.0,0.0,2237.8589994610074,0.0,2237.8589994610074,0.0,0.0,2237.8589994610074,2237.8589994610074,0.0,2237.8589994610074,2237.792188469011,0.0,2237.8589994610074,2237.8589994610074,2237.8589994610074,0.0,0.0,0.0,0.0,0.0,0.0,0.0,2237.8589994610074,2237.8589994610074,0.0,2237.8589994610074,0.0,2237.8589994610074,0.0,0.0,0.0,2237.8589994610074,2237.8254084471782,0.0,0.0,2237.7593395430285,2237.6947549128004,2237.6316546850153,2237.7593395430285,2237.726861685573,2237.6947549128004,2237.6316546850153,2237.6947549128004,2237.663019240684,2237.663019240684,2237.726861685573,2237.663019240684,2237.726861685573,2237.7593395430285,2237.663019240684,2237.5099079361603,2237.6947549128004,2237.6316546850153,2237.6006612613974,2237.792188469011,2237.6316546850153,2237.6316546850153,2237.663019240684,2237.792188469011,2237.792188469011,2237.6947549128004,2237.6947549128004,0.0,2237.726861685573,2237.6947549128004,2237.726861685573,2237.7593395430285,2237.6947549128004,2237.792188469011,2237.5397878718245,2237.6316546850153,2237.7593395430285,2237.6947549128004,2237.6316546850153,2237.6947549128004,2237.6316546850153,2237.792188469011,2237.6947549128004,2237.7593395430285,2237.726861685573,2237.792188469011,2237.726861685573,2237.8589994610074,2237.6947549128004,2237.7593395430285,2237.6947549128004,2237.6947549128004,2237.7593395430285,2237.6947549128004,2237.6947549128004,2237.5397878718245,2237.23152653711,2236.8435048324814,2236.9681960568123,2237.6006612613974,2237.726861685573,2237.8254084471782,2237.726861685573,2237.792188469011,2237.8589994610074,2237.8254084471782,2237.8589994610074,2237.792188469011,0.0,2237.8589994610074,2237.8589994610074,2237.8589994610074,2237.7593395430285,2237.726861685573,2237.8589994610074,2237.8254084471782,2237.8254084471782,0.0,0.0,2237.8254084471782,0.0,2237.8589994610074,2237.7593395430285,2237.726861685573,2237.6006612613974,2237.726861685573,2237.6947549128004,2237.8589994610074,2237.8254084471782,2237.8254084471782,2237.8254084471782,2237.7593395430285,2237.8254084471782,2237.8254084471782,2237.8254084471782,2237.7593395430285,0.0,2237.726861685573,2237.8254084471782,2237.7593395430285,2237.8589994610074,2237.8589994610074,2237.8254084471782,2237.8254084471782,2237.8254084471782,2237.8254084471782,2237.792188469011,2237.8254084471782,2237.8589994610074,2237.8254084471782,2237.8589994610074,0.0,0.0,2237.8254084471782,2237.792188469011,2237.8589994610074,0.0,2237.8589994610074,2237.8254084471782,2237.726861685573,2237.7593395430285,2237.6947549128004,2237.7593395430285,2237.8589994610074,2237.726861685573,2237.792188469011,2237.726861685573,2237.5397878718245,2237.8254084471782,2237.726861685573,2237.726861685573,2237.6947549128004,2237.7593395430285,2237.7593395430285,2237.6006612613974,2237.6947549128004,2237.663019240684,2237.6947549128004,2237.663019240684,2237.6316546850153,2237.6006612613974,2237.792188469011,2237.8254084471782,2237.6947549128004,2237.570038985255,2237.6316546850153,2237.7593395430285,2237.570038985255,2237.6006612613974,2237.792188469011,2237.6947549128004,2237.7593395430285,2237.6316546850153,2237.6316546850153,2237.6947549128004,2237.6316546850153,2237.7593395430285,2237.726861685573,2237.6006612613974,2237.6006612613974,2237.6006612613974,2237.726861685573,2237.792188469011,2237.6316546850153,2237.6006612613974,2237.792188469011,2237.6316546850153,2237.8254084471782,2237.6947549128004,2237.570038985255,2237.663019240684,2237.570038985255,2237.6947549128004,2237.7593395430285,2237.726861685573,2237.6947549128004,2237.6006612613974,2237.8254084471782,2237.726861685573,2237.6006612613974,2237.6006612613974,2237.8254084471782,2237.792188469011,2237.792188469011,2237.8254084471782,0.0,0.0,0.0,2237.8589994610074,2237.8589994610074,0.0,0.0,2237.8254084471782,0.0,2237.8589994610074,0.0,0.0,0.0,2237.8254084471782,0.0,0.0,2237.8589994610074,0.0,0.0,0.0,0.0,0.0,2237.8254084471782,2237.8254084471782,2237.8589994610074,0.0,0.0,0.0,2237.8254084471782,2237.8589994610074,2237.8589994610074,0.0,0.0,0.0,0.0
0.0,0.0,0.0,2237.8589994610074,2237.8589994610074,2237.8589994610074,0.0,0.0,0.0,2237.8589994610074,0.0,0.0,0.0,0.0,2237.8589994610074,0.0,2237.8589994610074,0.0,2237.8589994610074,0.0,0.0,2237.8589994610074,2237.8589994610074,0.0,0.0,2237.8589994610074,0.0,0.0,0.0,0.0,0.0,0.0,0.0,0.0,0.0,0.0,2237.8589994610074,2237.726861685573,2237.6316546850153,2237.6006612613974,2237.7593395430285,2237.6006612613974,2237.6316546850153,2237.6947549128004,2237.6947549128004,2237.6947549128004,2237.6316546850153,2237.8254084471782,2237.792188469011,2237.663019240684,2237.726861685573,2237.663019240684,2237.7593395430285,2237.792188469011,2237.6316546850153,2237.6316546850153,2237.7593395430285,2237.6316546850153,2237.6006612613974,2237.726861685573,2237.8254084471782,2237.792188469011,2237.7593395430285,2237.726861685573,2237.7593395430285,0.0,2237.726861685573,2237.6947549128004,2237.8254084471782,2237.663019240684,2237.8254084471782,2237.6947549128004,2237.663019240684,2237.6316546850153,2237.6316546850153,2237.6947549128004,2237.726861685573,2237.792188469011,2237.6947549128004,2237.726861685573,2237.7593395430285,2237.7593395430285,2237.792188469011,2237.8254084471782,2237.7593395430285,2237.663019240684,2237.6006612613974,2237.792188469011,2237.6947549128004,2237.6006612613974,2237.6316546850153,2237.6006612613974,2237.3941002658235,2236.649643192318,2236.7861746632907,2237.480399193134,2237.7593395430285,2237.792188469011,2237.663019240684,2237.8254084471782,0.0,0.0,2237.792188469011,2237.7593395430285,2237.792188469011,2237.792188469011,2237.8589994610074,2237.8589994610074,0.0,0.0,2237.8589994610074,2237.8254084471782,2237.8589994610074,2237.8254084471782,2237.792188469011,0.0,0.0,2237.792188469011,2237.7593395430285,2237.480399193134,2237.5397878718245,2237.5099079361603,2237.7593395430285,2237.8589994610074,2237.8589994610074,2237.8254084471782,2237.792188469011,0.0,2237.8254084471782,2237.8254084471782,2237.792188469011,2237.7593395430285,2237.8254084471782,2237.792188469011,2237.7593395430285,2237.8589994610074,2237.792188469011,2237.8589994610074,2237.726861685573,2237.726861685573,2237.8589994610074,2237.8254084471782,0.0,0.0,2237.8254084471782,2237.8254084471782,2237.8589994610074,2237.792188469011,2237.8589994610074,0.0,2237.8589994610074,2237.8589994610074,2237.8254084471782,2237.8254084471782,2237.8254084471782,2237.726861685573,2237.6947549128004,2237.8589994610074,2237.7593395430285,2237.8254084471782,2237.8589994610074,2237.663019240684,2237.663019240684,0.0,2237.792188469011,2237.6006612613974,2237.663019240684,2237.663019240684,2237.726861685573,2237.5397878718245,2237.7593395430285,2237.570038985255,2237.5397878718245,2237.6316546850153,2237.792188469011,2237.663019240684,2237.570038985255,2237.6006612613974,2237.480399193134,2237.6947549128004,2237.6947549128004,2237.5099079361603,2237.6006612613974,2237.6006612613974,2237.6947549128004,2237.6947549128004,2237.570038985255,2237.6316546850153,2237.6316546850153,2237.6316546850153,2237.6947549128004,2237.570038985255,2237.570038985255,2237.663019240684,2237.6006612613974,2237.6947549128004,2237.6947549128004,2237.570038985255,2237.4512616574316,2237.663019240684,2237.726861685573,2237.6006612613974,2237.663019240684,2237.8589994610074,2237.792188469011,2237.6947549128004,2237.792188469011,2237.7593395430285,2237.726861685573,2237.663019240684,2237.6316546850153,2237.7593395430285,2237.4512616574316,2237.663019240684,2237.726861685573,2237.6006612613974,2237.726861685573,2237.7593395430285,2237.8589994610074,2237.792188469011,0.0,0.0,0.0,0.0,2237.8589994610074,0.0,0.0,0.0,0.0,0.0,0.0,0.0,2237.8589994610074,0.0,0.0,0.0,2237.8589994610074,0.0,0.0,0.0,2237.8589994610074,0.0,0.0,2237.8589994610074,2237.8589994610074,0.0,0.0,0.0,0.0,0.0,0.0,2237.8589994610074,0.0,0.0,0.0,0.0
0.0,0.0,0.0,0.0,0.0,0.0,2237.8589994610074,0.0,0.0,0.0,2237.8589994610074,0.0,2237.8254084471782,2237.8589994610074,0.0,0.0,0.0,0.0,0.0,0.0,0.0,2237.8589994610074,0.0,2237.8589994610074,0.0,0.0,0.0,0.0,0.0,0.0,2237.8589994610074,0.0,0.0,2237.8589994610074,0.0,0.0,2237.8589994610074,2237.792188469011,2237.663019240684,2237.726861685573,2237.8589994610074,2237.7593395430285,2237.6947549128004,2237.726861685573,2237.6316546850153,2237.726861685573,2237.6947549128004,2237.7593395430285,2237.8254084471782,2237.726861685573,2237.6947549128004,2237.6947549128004,2237.6947549128004,2237.6316546850153,2237.5397878718245,2237.726861685573,2237.7593395430285,2237.570038985255,2237.570038985255,2237.792188469011,2237.8254084471782,2237.5397878718245,2237.6947549128004,2237.7593395430285,2237.7593395430285,2237.792188469011,2237.8254084471782,2237.726861685573,2237.7593395430285,2237.726861685573,2237.6947549128004,2237.6316546850153,2237.6947549128004,2237.6316546850153,2237.663019240684,2237.6316546850153,2237.7593395430285,2237.6316546850153,2237.6947549128004,2237.792188469011,2237.792188469011,2237.792188469011,2237.7593395430285,2237.6947549128004,2237.6947549128004,2237.7593395430285,2237.6947549128004,2237.8254084471782,2237.7593395430285,2237.663019240684,2237.5099079361603,2237.5397878718245,2237.3941002658235,2237.0587529242384,2237.3384238751473,2237.5099079361603,2237.663019240684,2237.6947549128004,2237.6947549128004,2237.7593395430285,2237.8254084471782,0.0,2237.8589994610074,2237.8254084471782,2237.8254084471782,2237.792188469011,0.0,2237.792188469011,2237.792188469011,2237.8254084471782,0.0,2237.8254084471782,2237.8254084471782,0.0,0.0,2237.726861685573,2237.792188469011,2237.8254084471782,2237.792188469011,2237.570038985255,2237.2842325962692,2237.23152653711,2237.6316546850153,2237.7593395430285,2237.8254084471782,2237.8589994610074,2237.726861685573,2237.8589994610074,2237.8254084471782,2237.8254084471782,2237.8254084471782,2237.8254084471782,2237.7593395430285,2237.8254084471782,2237.6947549128004,2237.792188469011,2237.6947549128004,2237.7593395430285,0.0,2237.7593395430285,2237.7593395430285,2237.792188469011,2237.8589994610074,2237.8589994610074,0.0,2237.8254084471782,2237.8589994610074,2237.8589994610074,2237.7593395430285,2237.792188469011,2237.8589994610074,2237.8254084471782,2237.7593395430285,0.0,2237.6947549128004,2237.7593395430285,2237.726861685573,2237.663019240684,2237.6947549128004,2237.8254084471782,2237.726861685573,2237.726861685573,2237.6947549128004,2237.6316546850153,2237.6947549128004,2237.6316546850153,2237.7593395430285,2237.570038985255,2237.726861685573,2237.792188469011,2237.663019240684,2237.663019240684,2237.7593395430285,2237.6006612613974,2237.7593395430285,2237.663019240684,2237.6006612613974,2237.7593395430285,2237.663019240684,2237.6947549128004,2237.6947549128004,2237.570038985255,2237.6947549128004,2237.792188469011,2237.792188469011,2237.5397878718245,2237.6947549128004,2237.726861685573,2237.570038985255,2237.6947549128004,2237.792188469011,2237.570038985255,2237.726861685573,2237.726861685573,2237.7593395430285,2237.6947549128004,2237.7593395430285,2237.6316546850153,2237.7593395430285,2237.6006612613974,2237.7593395430285,2237.6947549128004,2237.8589994610074,2237.8254084471782,2237.792188469011,2237.792188469011,2237.7593395430285,2237.6316546850153,2237.663019240684,2237.663019240684,2237.792188469011,2237.7593395430285,0.0,2237.726861685573,2237.8254084471782,2237.7593395430285,2237.7593395430285,0.0,2237.8589994610074,2237.8254084471782,2237.8254084471782,2237.8254084471782,0.0,0.0,2237.8589994610074,0.0,2237.8589994610074,0.0,0.0,0.0,0.0,2237.8254084471782,2237.8254084471782,0.0,0.0,2237.8589994610074,2237.8589994610074,0.0,0.0,0.0,2237.8589994610074,0.0,0.0,0.0,0.0,2237.8589994610074,0.0,0.0,0.0,2237.8254084471782,0.0,0.0,0.0,0.0,0.0,0.0
2237.8589994610074,0.0,0.0,0.0,2237.8589994610074,2237.8589994610074,2237.8589994610074,0.0,0.0,0.0,0.0,0.0,0.0,0.0,0.0,0.0,0.0,2237.8589994610074,0.0,0.0,0.0,2237.8589994610074,2237.8589994610074,2237.8589994610074,2237.8589994610074,0.0,0.0,0.0,2237.8589994610074,0.0,0.0,0.0,0.0,0.0,2237.8589994610074,2237.8589994610074,0.0,2237.8254084471782,2237.726861685573,2237.6947549128004,2237.726861685573,2237.6316546850153,2237.663019240684,2237.6947549128004,2237.6947549128004,2237.8254084471782,2237.726861685573,2237.726861685573,2237.792188469011,2237.8589994610074,2237.792188469011,2237.6947549128004,2237.8589994610074,2237.663019240684,2237.663019240684,2237.7593395430285,2237.663019240684,2237.663019240684,2237.792188469011,2237.8589994610074,2237.663019240684,2237.726861685573,2237.726861685573,2237.663019240684,2237.792188469011,2237.6316546850153,2237.7593395430285,2237.8254084471782,2237.726861685573,2237.6947549128004,2237.726861685573,2237.6947549128004,2237.6316546850153,2237.5397878718245,2237.6947549128004,2237.726861685573,2237.570038985255,2237.6316546850153,2237.8254084471782,2237.8254084471782,2237.8589994610074,2237.726861685573,2237.6316546850153,2237.7593395430285,2237.6316546850153,2237.5099079361603,2237.6316546850153,2237.6947549128004,2237.663019240684,2237.726861685573,2237.663019240684,2237.570038985255,2237.5397878718245,2237.4512616574316,2237.570038985255,2237.6316546850153,2237.570038985255,2237.726861685573,2237.726861685573,2237.7593395430285,2237.8589994610074,2237.8254084471782,2237.8254084471782,2237.8589994610074,2237.8589994610074,2237.8589994610074,2237.8589994610074,2237.8254084471782,2237.8589994610074,2237.792188469011,0.0,2237.8254084471782,2237.7593395430285,2237.8254084471782,2237.792188469011,2237.8254084471782,2237.8254084471782,2237.6947549128004,2237.7593395430285,2237.7593395430285,2237.5099079361603,2237.366076438371,2237.6006612613974,2237.8589994610074,2237.792188469011,2237.7593395430285,2237.792188469011,0.0,2237.8589994610074,0.0,2237.792188469011,2237.792188469011,2237.792188469011,0.0,2237.792188469011,2237.7593395430285,2237.6316546850153,2237.726861685573,2237.792188469011,2237.8254084471782,2237.8254084471782,2237.8589994610074,2237.8254084471782,2237.8589994610074,2237.8254084471782,2237.8254084471782,2237.8589994610074,0.0,0.0,0.0,2237.8254084471782,2237.8589994610074,0.0,2237.8254084471782,0.0,2237.663019240684,2237.7593395430285,2237.726861685573,2237.792188469011,2237.726861685573,2237.570038985255,2237.570038985255,2237.8589994610074,2237.6006612613974,2237.6316546850153,2237.6947549128004,2237.6947549128004,2237.6316546850153,2237.6006612613974,2237.5397878718245,2237.6006612613974,2237.8254084471782,2237.726861685573,2237.7593395430285,2237.726861685573,2237.6316546850153,2237.6947549128004,2237.726861685573,2237.663019240684,2237.6947549128004,2237.422495343555,2237.6947549128004,2237.6316546850153,2237.8254084471782,2237.5397878718245,2237.480399193134,2237.6316546850153,2237.5397878718245,2237.6316546850153,2237.726861685573,2237.6947549128004,2237.6006612613974,2237.726861685573,2237.726861685573,2237.792188469011,2237.5397878718245,2237.570038985255,2237.663019240684,2237.663019240684,2237.4512616574316,2237.726861685573,2237.6947549128004,2237.6316546850153,2237.6947549128004,2237.6947549128004,0.0,2237.7593395430285,2237.7593395430285,2237.792188469011,2237.663019240684,2237.7593395430285,2237.726861685573,2237.726861685573,2237.8254084471782,2237.6006612613974,2237.726861685573,0.0,2237.792188469011,2237.8589994610074,2237.8589994610074,0.0,2237.8589994610074,0.0,2237.8589994610074,2237.8254084471782,0.0,2237.8589994610074,0.0,0.0,0.0,2237.8589994610074,0.0,2237.8589994610074,0.0,0.0,0.0,0.0,0.0,0.0,2237.8589994610074,2237.8589994610074,0.0,0.0,0.0,2237.8589994610074,0.0,0.0,0.0,0.0,0.0,0.0,0.0,0.0,0.0,0.0,0.0
0.0,2237.8589994610074,2237.8589994610074,0.0,0.0,0.0,0.0,2237.8589994610074,0.0,0.0,2237.8589994610074,0.0,0.0,0.0,0.0,0.0,2237.8589994610074,0.0,0.0,2237.8589994610074,0.0,0.0,0.0,0.0,0.0,2237.8589994610074,0.0,0.0,2237.8589994610074,0.0,0.0,0.0,0.0,0.0,2237.8254084471782,2237.8254084471782,2237.8254084471782,2237.8254084471782,2237.792188469011,2237.726861685573,2237.7593395430285,2237.792188469011,2237.8589994610074,2237.8254084471782,2237.7593395430285,2237.8589994610074,2237.726861685573,2237.792188469011,2237.6947549128004,2237.8254084471782,2237.792188469011,2237.726861685573,2237.726861685573,2237.6947549128004,2237.6316546850153,2237.7593395430285,2237.726861685573,2237.5099079361603,2237.6316546850153,2237.6947549128004,2237.5099079361603,2237.6947549128004,2237.6947549128004,2237.6947549128004,2237.726861685573,2237.6947549128004,2237.7593395430285,2237.726861685573,2237.7593395430285,2237.6006612613974,2237.6006612613974,2237.6316546850153,2237.5099079361603,2237.6006612613974,2237.726861685573,2237.6006612613974,2237.6006612613974,2237.726861685573,2237.8254084471782,2237.792188469011,2237.7593395430285,2237.726861685573,2237.7593395430285,2237.6947549128004,2237.6316546850153,2237.6006612613974,2237.7593395430285,2237.7593395430285,2237.663019240684,2237.726861685573,2237.5397878718245,2237.726861685573,2237.5099079361603,2237.5397878718245,2237.6006612613974,2237.663019240684,2237.5099079361603,2237.726861685573,2237.792188469011,2237.663019240684,2237.7593395430285,0.0,2237.8589994610074,2237.8589994610074,2237.8589994610074,2237.792188469011,2237.8589994610074,0.0,2237.792188469011,2237.726861685573,2237.792188469011,2237.7593395430285,2237.7593395430285,2237.8589994610074,2237.8254084471782,2237.8254084471782,2237.7593395430285,2237.726861685573,2237.6006612613974,2237.726861685573,2237.7593395430285,0.0,2237.7593395430285,2237.8589994610074,2237.8254084471782,2237.792188469011,2237.792188469011,2237.792188469011,2237.8589994610074,0.0,2237.7593395430285,2237.8589994610074,2237.8589994610074,2237.726861685573,2237.726861685573,2237.7593395430285,2237.726861685573,2237.8589994610074,2237.8589994610074,2237.792188469011,0.0,2237.8589994610074,2237.8589994610074,0.0,2237.7593395430285,2237.8589994610074,0.0,2237.8589994610074,2237.8254084471782,0.0,2237.8254084471782,0.0,2237.8589994610074,2237.7593395430285,2237.792188469011,2237.726861685573,2237.7593395430285,2237.6006612613974,2237.792188469011,2237.6947549128004,2237.7593395430285,2237.663019240684,2237.6006612613974,2237.6947549128004,2237.6316546850153,2237.7593395430285,2237.6947549128004,2237.570038985255,2237.726861685573,2237.5397878718245,2237.792188469011,2237.663019240684,2237.7593395430285,2237.4512616574316,2237.792188469011,2237.663019240684,2237.7593395430285,2237.8254084471782,2237.6947549128004,2237.5099079361603,2237.5397878718245,2237.663019240684,2237.5099079361603,2237.663019240684,2237.5397878718245,2237.6947549128004,2237.6947549128004,2237.570038985255,2237.5099079361603,2237.6006612613974,2237.6006612613974,2237.6006612613974,2237.726861685573,2237.726861685573,2237.663019240684,2237.422495343555,2237.570038985255,2237.6947549128004,2237.6947549128004,2237.792188469011,2237.792188469011,2237.8254084471782,2237.5397878718245,2237.6947549128004,2237.6316546850153,2237.6316546850153,2237.8254084471782,2237.6947549128004,2237.792188469011,2237.7593395430285,2237.726861685573,2237.7593395430285,2237.726861685573,2237.6947549128004,2237.8254084471782,2237.7593395430285,0.0,2237.8589994610074,0.0,2237.8254084471782,2237.8589994610074,0.0,2237.8254084471782,2237.8254084471782,0.0,2237.8589994610074,0.0,0.0,0.0,0.0,0.0,0.0,0.0,2237.8589994610074,0.0,0.0,2237.8589994610074,0.0,0.0,2237.8254084471782,0.0,0.0,0.0,0.0,2237.8589994610074,0.0,2237.8589994610074,2237.8254084471782,0.0,0.0,0.0,0.0,2237.8589994610074,0.0,2237.8589994610074,0.0
0.0,0.0,0.0,0.0,0.0,0.0,0.0,0.0,2237.8589994610074,0.0,0.0,0.0,0.0,2237.8589994610074,2237.8589994610074,0.0,2237.8589994610074,0.0,0.0,0.0,0.0,0.0,0.0,2237.8254084471782,0.0,2237.8589994610074,0.0,0.0,2237.8589994610074,0.0,2237.8589994610074,0.0,0.0,0.0,0.0,2237.8589994610074,2237.8589994610074,0.0,2237.8589994610074,2237.7593395430285,2237.726861685573,2237.726861685573,2237.6947549128004,2237.7593395430285,2237.663019240684,2237.570038985255,2237.8254084471782,2237.792188469011,2237.6316546850153,2237.6316546850153,2237.792188469011,2237.726861685573,2237.7593395430285,2237.792188469011,2237.6947549128004,2237.6316546850153,2237.6316546850153,2237.6947549128004,2237.6316546850153,2237.6316546850153,2237.792188469011,2237.6947549128004,2237.726861685573,2237.8254084471782,2237.6006612613974,2237.6006612613974,2237.6947549128004,2237.6947549128004,2237.8254084471782,2237.663019240684,2237.7593395430285,2237.5397878718245,2237.7593395430285,2237.7593395430285,2237.7593395430285,2237.663019240684,2237.6947549128004,2237.7593395430285,2237.792188469011,2237.726861685573,2237.8589994610074,2237.8254084471782,2237.7593395430285,2237.7593395430285,2237.792188469011,2237.6316546850153,2237.663019240684,2237.6316546850153,2237.6316546850153,2237.570038985255,2237.6006612613974,2237.6006612613974,2237.6947549128004,2237.726861685573,2237.5397878718245,2237.792188469011,2237.7593395430285,2237.8254084471782,2237.8254084471782,2237.792188469011,2237.8589994610074,0.0,0.0,2237.8589994610074,2237.8254084471782,2237.8589994610074,2237.8589994610074,2237.8589994610074,2237.6316546850153,2237.792188469011,2237.792188469011,2237.726861685573,2237.726861685573,2237.7593395430285,2237.7593395430285,2237.7593395430285,2237.480399193134,2237.480399193134,2237.4512616574316,2237.7593395430285,2237.8254084471782,2237.663019240684,2237.6947549128004,2237.6947549128004,2237.726861685573,2237.726861685573,2237.792188469011,2237.8589994610074,2237.8589994610074,2237.726861685573,2237.8254084471782,2237.8589994610074,2237.8254084471782,2237.7593395430285,2237.7593395430285,2237.6947549128004,2237.663019240684,2237.726861685573,2237.792188469011,0.0,2237.792188469011,2237.8589994610074,2237.8254084471782,2237.8254084471782,2237.8589994610074,2237.792188469011,2237.792188469011,2237.8589994610074,2237.792188469011,2237.8589994610074,2237.8589994610074,2237.792188469011,2237.8589994610074,2237.8254084471782,2237.8254084471782,2237.726861685573,2237.663019240684,2237.6947549128004,2237.6947549128004,2237.6947549128004,2237.6947549128004,2237.663019240684,2237.8254084471782,2237.6316546850153,2237.663019240684,2237.6947549128004,2237.570038985255,2237.8589994610074,2237.6006612613974,2237.480399193134,2237.570038985255,2237.663019240684,2237.6316546850153,2237.6947549128004,2237.6316546850153,2237.6947549128004,2237.6316546850153,2237.6316546850153,2237.5397878718245,2237.6006612613974,2237.6006612613974,2237.6947549128004,2237.6947549128004,2237.792188469011,2237.7593395430285,2237.6006612613974,2237.6006612613974,2237.570038985255,2237.663019240684,2237.570038985255,2237.726861685573,2237.792188469011,2237.8254084471782,2237.7593395430285,2237.6316546850153,2237.6316546850153,2237.6006612613974,2237.726861685573,2237.663019240684,2237.7593395430285,2237.663019240684,2237.6006612613974,2237.726861685573,2237.663019240684,2237.7593395430285,2237.7593395430285,2237.792188469011,2237.8254084471782,2237.8254084471782,2237.8254084471782,2237.792188469011,2237.792188469011,2237.8589994610074,2237.7593395430285,2237.8589994610074,2237.8589994610074,0.0,2237.8589994610074,2237.8254084471782,0.0,0.0,2237.8254084471782,0.0,2237.8254084471782,2237.8589994610074,0.0,0.0,0.0,0.0,0.0,0.0,0.0,0.0,0.0,0.0,0.0,0.0,0.0,0.0,0.0,2237.8589994610074,0.0,2237.8254084471782,2237.8589994610074,0.0,0.0,2237.8589994610074,2237.8589994610074,2237.8589994610074,2237.8589994610074,0.0,0.0,2237.8589994610074,0.0,0.0,0.0
0.0,0.0,2237.8589994610074,0.0,0.0,0.0,2237.8589994610074,2237.8254084471782,0.0,0.0,0.0,2237.8589994610074,0.0,0.0,0.0,0.0,2237.8589994610074,0.0,0.0,0.0,2237.8589994610074,0.0,0.0,2237.8589994610074,0.0,2237.8589994610074,2237.8589994610074,0.0,2237.8589994610074,2237.8589994610074,0.0,0.0,0.0,0.0,0.0,2237.8589994610074,2237.8589994610074,2237.8589994610074,2237.8254084471782,2237.8254084471782,2237.7593395430285,2237.6947549128004,2237.663019240684,2237.663019240684,2237.663019240684,2237.570038985255,2237.726861685573,2237.726861685573,2237.792188469011,2237.6947549128004,2237.6947549128004,2237.570038985255,2237.6947549128004,2237.6947549128004,2237.792188469011,2237.663019240684,2237.663019240684,2237.6006612613974,2237.792188469011,2237.6316546850153,2237.6947549128004,2237.7593395430285,2237.5397878718245,2237.6947549128004,2237.792188469011,2237.663019240684,2237.8254084471782,2237.663019240684,2237.570038985255,2237.7593395430285,2237.663019240684,2237.663019240684,2237.6947549128004,2237.663019240684,2237.6316546850153,2237.7593395430285,2237.7593395430285,0.0,2237.726861685573,2237.6947549128004,2237.6947549128004,2237.726861685573,2237.726861685573,2237.8589994610074,2237.8254084471782,2237.6006612613974,2237.663019240684,2237.6947549128004,2237.8589994610074,2237.7593395430285,2237.6006612613974,2237.6006612613974,2237.8254084471782,2237.6006612613974,2237.726861685573,2237.792188469011,2237.726861685573,2237.7593395430285,2237.8589994610074,2237.7593395430285,2237.792188469011,2237.8589994610074,2237.792188469011,0.0,0.0,2237.8589994610074,2237.8254084471782,2237.8254084471782,2237.792188469011,2237.7593395430285,2237.726861685573,2237.5397878718245,2237.663019240684,2237.6006612613974,2237.726861685573,2237.7593395430285,2237.4512616574316,2237.480399193134,2237.570038985255,2237.6006612613974,2237.6947549128004,2237.7593395430285,2237.7593395430285,2237.792188469011,2237.7593395430285,2237.7593395430285,2237.726861685573,2237.792188469011,2237.7593395430285,2237.8589994610074,2237.7593395430285,2237.792188469011,2237.8254084471782,2237.8254084471782,2237.663019240684,0.0,2237.792188469011,2237.8589994610074,2237.8589994610074,2237.792188469011,0.0,2237.792188469011,2237.663019240684,0.0,2237.6947549128004,0.0,2237.8254084471782,2237.8589994610074,2237.8254084471782,0.0,2237.8254084471782,2237.8589994610074,2237.6947549128004,2237.8589994610074,2237.7593395430285,2237.7593395430285,2237.792188469011,2237.7593395430285,2237.6316546850153,2237.792188469011,2237.663019240684,2237.792188469011,2237.6316546850153,2237.5397878718245,2237.6006612613974,2237.6316546850153,2237.6947549128004,2237.6947549128004,2237.8589994610074,2237.8589994610074,2237.7593395430285,2237.5397878718245,2237.663019240684,2237.6316546850153,2237.6947549128004,2237.663019240684,2237.570038985255,2237.6316546850153,2237.6316546850153,2237.792188469011,2237.663019240684,2237.6316546850153,2237.570038985255,2237.5397878718245,2237.6947549128004,2237.663019240684,2237.570038985255,2237.6006612613974,2237.6006612613974,2237.6316546850153,2237.726861685573,2237.7593395430285,2237.6947549128004,2237.6947549128004,2237.6006612613974,2237.6006612613974,2237.6947549128004,2237.4512616574316,2237.6947549128004,2237.7593395430285,2237.7593395430285,2237.663019240684,2237.663019240684,2237.6947549128004,2237.726861685573,2237.792188469011,2237.8589994610074,2237.726861685573,2237.792188469011,2237.7593395430285,0.0,2237.7593395430285,2237.8254084471782,2237.8589994610074,2237.8254084471782,0.0,0.0,0.0,2237.8254084471782,0.0,0.0,0.0,0.0,2237.8589994610074,0.0,0.0,2237.8589994610074,2237.8589994610074,0.0,2237.8589994610074,2237.8589994610074,0.0,0.0,2237.8254084471782,2237.8589994610074,0.0,0.0,0.0,0.0,2237.8589994610074,0.0,0.0,2237.8589994610074,0.0,2237.8589994610074,2237.8589994610074,0.0,0.0,2237.8589994610074,0.0,0.0,0.0,0.0,0.0,2237.8589994610074,0.0
0.0,0.0,0.0,0.0,2237.8589994610074,2237.8589994610074,0.0,0.0,0.0,0.0,0.0,0.0,2237.8589994610074,0.0,0.0,2237.8589994610074,2237.8589994610074,0.0,0.0,0.0,0.0,2237.8589994610074,0.0,0.0,0.0,0.0,0.0,0.0,2237.8589994610074,2237.792188469011,0.0,0.0,0.0,0.0,0.0,0.0,0.0,2237.8589994610074,2237.792188469011,2237.792188469011,2237.792188469011,2237.7593395430285,2237.792188469011,2237.792188469011,2237.726861685573,2237.6947549128004,2237.792188469011,2237.6947549128004,2237.6006612613974,2237.7593395430285,2237.7593395430285,2237.726861685573,2237.6947549128004,2237.726861685573,2237.6006612613974,2237.7593395430285,2237.792188469011,2237.6316546850153,2237.6947549128004,2237.663019240684,2237.8589994610074,2237.6947549128004,2237.6316546850153,2237.726861685573,2237.6316546850153,2237.570038985255,2237.6947549128004,2237.7593395430285,2237.6947549128004,2237.663019240684,2237.6947549128004,2237.726861685573,2237.570038985255,2237.7593395430285,2237.792188469011,2237.7593395430285,2237.8254084471782,2237.792188469011,2237.8589994610074,2237.8254084471782,2237.726861685573,2237.663019240684,2237.726861685573,2237.7593395430285,2237.792188469011,2237.7593395430285,2237.6947549128004,2237.6947549128004,2237.792188469011,2237.726861685573,2237.663019240684,2237.726861685573,2237.7593395430285,2237.792188469011,2237.6947549128004,2237.6316546850153,2237.6316546850153,2237.6006612613974,2237.6316546850153,2237.726861685573,2237.6947549128004,2237.7593395430285,2237.8589994610074,2237.8589994610074,0.0,2237.7593395430285,2237.792188469011,2237.8589994610074,2237.8589994610074,2237.7593395430285,2237.663019240684,2237.6947549128004,2237.422495343555,2237.726861685573,2237.6947549128004,2237.7593395430285,2237.663019240684,2237.422495343555,2237.6006612613974,2237.726861685573,2237.8254084471782,2237.8589994610074,2237.792188469011,2237.7593395430285,2237.726861685573,2237.6006612613974,2237.792188469011,2237.8254084471782,0.0,2237.8589994610074,2237.7593395430285,0.0,2237.8254084471782,2237.792188469011,2237.792188469011,2237.726861685573,2237.8254084471782,2237.8589994610074,2237.792188469011,2237.792188469011,2237.792188469011,2237.792188469011,2237.6947549128004,2237.726861685573,2237.8589994610074,2237.8589994610074,2237.8254084471782,0.0,0.0,0.0,0.0,2237.8589994610074,0.0,2237.792188469011,2237.792188469011,2237.726861685573,2237.792188469011,2237.726861685573,2237.792188469011,2237.726861685573,2237.792188469011,2237.8254084471782,2237.6947549128004,2237.570038985255,2237.570038985255,2237.792188469011,2237.726861685573,2237.7593395430285,2237.6947549128004,2237.6316546850153,2237.6006612613974,2237.6947549128004,2237.6316546850153,2237.726861685573,2237.792188469011,2237.4512616574316,2237.5099079361603,2237.8254084471782,2237.5099079361603,2237.663019240684,2237.792188469011,2237.6316546850153,2237.6947549128004,2237.6947549128004,2237.6006612613974,2237.726861685573,2237.6316546850153,2237.726861685573,2237.6316546850153,2237.663019240684,2237.726861685573,2237.6947549128004,2237.726861685573,2237.726861685573,2237.5397878718245,2237.5397878718245,2237.6947549128004,2237.5099079361603,2237.8254084471782,2237.726861685573,2237.8589994610074,2237.6947549128004,2237.663019240684,2237.792188469011,2237.792188469011,2237.8589994610074,0.0,0.0,0.0,0.0,2237.792188469011,2237.8589994610074,2237.8589994610074,0.0,2237.8589994610074,2237.8254084471782,0.0,0.0,0.0,0.0,2237.8589994610074,2237.8589994610074,0.0,2237.8589994610074,0.0,2237.8589994610074,0.0,0.0,2237.8254084471782,2237.8589994610074,0.0,0.0,0.0,2237.8254084471782,2237.8589994610074,0.0,0.0,0.0,0.0,0.0,0.0,0.0,0.0,0.0,0.0,0.0,2237.8589994610074,0.0,0.0,2237.8589994610074,0.0,0.0,0.0,0.0,2237.8589994610074,0.0
0.0,0.0,0.0,0.0,0.0,2237.8589994610074,2237.8589994610074,0.0,2237.8589994610074,0.0,0.0,0.0,0.0,0.0,0.0,2237.8589994610074,0.0,2237.8254084471782,2237.8589994610074,2237.8254084471782,0.0,0.0,0.0,0.0,2237.8589994610074,0.0,2237.8254084471782,0.0,0.0,0.0,0.0,0.0,2237.8589994610074,2237.8589994610074,0.0,0.0,0.0,2237.8589994610074,0.0,2237.7593395430285,2237.7593395430285,2237.7593395430285,2237.726861685573,2237.726861685573,2237.663019240684,2237.663019240684,2237.8254084471782,2237.726861685573,2237.663019240684,2237.726861685573,2237.6316546850153,2237.6006612613974,2237.726861685573,2237.6947549128004,2237.7593395430285,2237.663019240684,2237.6947549128004,2237.480399193134,2237.570038985255,2237.726861685573,2237.6006612613974,2237.792188469011,2237.5397878718245,2237.6316546850153,2237.663019240684,2237.6316546850153,2237.570038985255,2237.6947549128004,2237.6006612613974,2237.6316546850153,2237.663019240684,2237.792188469011,2237.6316546850153,2237.726861685573,2237.6947549128004,2237.6947549128004,2237.8254084471782,2237.792188469011,2237.792188469011,2237.8254084471782,2237.726861685573,2237.792188469011,2237.663019240684,2237.726861685573,2237.792188469011,2237.6316546850153,2237.6947549128004,2237.6947549128004,2237.792188469011,2237.7593395430285,2237.7593395430285,2237.792188469011,2237.792188469011,2237.8254084471782,2237.7593395430285,2237.6006612613974,2237.7593395430285,2237.6316546850153,2237.422495343555,2237.6947549128004,2237.6947549128004,2237.6947549128004,2237.726861685573,2237.7593395430285,2237.8589994610074,2237.8589994610074,2237.726861685573,2237.7593395430285,2237.726861685573,2237.8589994610074,2237.726861685573,2237.663019240684,2237.6947549128004,2237.7593395430285,2237.480399193134,2237.726861685573,2237.726861685573,2237.5397878718245,2237.6947549128004,2237.792188469011,2237.8254084471782,2237.8589994610074,2237.792188469011,2237.7593395430285,2237.8589994610074,2237.792188469011,0.0,0.0,2237.8589994610074,2237.8254084471782,2237.8254084471782,2237.8254084471782,2237.8254084471782,2237.8589994610074,2237.8254084471782,2237.7593395430285,2237.8254084471782,0.0,2237.8254084471782,2237.8589994610074,2237.8589994610074,0.0,2237.8589994610074,2237.8254084471782,2237.792188469011,2237.8589994610074,2237.8589994610074,2237.6947549128004,2237.8589994610074,2237.8254084471782,2237.8254084471782,2237.8589994610074,2237.8589994610074,2237.726861685573,2237.7593395430285,2237.663019240684,2237.7593395430285,2237.792188469011,2237.8254084471782,2237.6947549128004,2237.6947549128004,2237.726861685573,2237.663019240684,2237.7593395430285,2237.6006612613974,2237.6947549128004,2237.726861685573,2237.6316546850153,2237.6316546850153,2237.6316546850153,2237.663019240684,2237.663019240684,2237.570038985255,2237.663019240684,2237.5099079361603,2237.570038985255,2237.5397878718245,2237.570038985255,2237.6006612613974,2237.663019240684,2237.6006612613974,2237.792188469011,2237.6947549128004,2237.570038985255,2237.5397878718245,2237.6316546850153,2237.6006612613974,2237.570038985255,2237.6947549128004,2237.570038985255,2237.6316546850153,2237.726861685573,2237.6316546850153,2237.6947549128004,2237.6316546850153,2237.726861685573,2237.6316546850153,2237.663019240684,2237.6947549128004,2237.663019240684,2237.663019240684,2237.792188469011,2237.7593395430285,0.0,2237.7593395430285,2237.792188469011,2237.8589994610074,2237.8589994610074,0.0,2237.8589994610074,0.0,0.0,2237.8254084471782,0.0,0.0,2237.8589994610074,0.0,0.0,2237.8589994610074,0.0,0.0,0.0,2237.8589994610074,0.0,2237.8589994610074,0.0,2237.8589994610074,0.0,0.0,0.0,2237.8589994610074,2237.8589994610074,0.0,0.0,0.0,2237.8254084471782,0.0,0.0,0.0,2237.8254084471782,2237.8254084471782,0.0,0.0,2237.8589994610074,0.0,0.0,0.0,0.0,0.0,0.0,0.0,0.0,2237.8589994610074,0.0,0.0,0.0
0.0,0.0,0.0,0.0,0.0,0.0,0.0,0.0,0.0,0.0,0.0,2237.8589994610074,2237.8589994610074,2237.8589994610074,2237.8589994610074,2237.8589994610074,2237.8254084471782,2237.8589994610074,2237.8589994610074,0.0,0.0,0.0,0.0,0.0,2237.8589994610074,2237.8254084471782,0.0,0.0,0.0,0.0,0.0,0.0,0.0,0.0,0.0,0.0,0.0,0.0,0.0,2237.8589994610074,2237.8254084471782,2237.726861685573,2237.6006612613974,2237.8254084471782,2237.726861685573,2237.6006612613974,2237.663019240684,2237.663019240684,2237.6947549128004,2237.792188469011,2237.792188469011,2237.8254084471782,2237.7593395430285,2237.7593395430285,2237.6006612613974,2237.6316546850153,2237.5397878718245,2237.6947549128004,2237.8589994610074,2237.570038985255,2237.8254084471782,2237.7593395430285,2237.6316546850153,2237.6006612613974,2237.6947549128004,2237.6947549128004,2237.6947549128004,2237.792188469011,2237.6006612613974,2237.6316546850153,2237.792188469011,2237.663019240684,2237.6947549128004,2237.726861685573,2237.570038985255,2237.792188469011,2237.792188469011,2237.792188469011,2237.726861685573,2237.663019240684,2237.726861685573,2237.8254084471782,2237.6316546850153,2237.792188469011,2237.663019240684,2237.4512616574316,2237.6006612613974,2237.6006612613974,2237.6006612613974,2237.792188469011,2237.792188469011,2237.6006612613974,2237.6947549128004,2237.6947549128004,2237.6947549128004,2237.726861685573,2237.6947549128004,2237.570038985255,2237.5397878718245,2237.480399193134,2237.6006612613974,2237.6947549128004,2237.726861685573,2237.7593395430285,2237.8254084471782,2237.7593395430285,0.0,2237.726861685573,2237.792188469011,2237.7593395430285,2237.726861685573,2237.792188469011,2237.8589994610074,2237.726861685573,2237.6947549128004,2237.5099079361603,2237.726861685573,2237.7593395430285,2237.7593395430285,2237.7593395430285,2237.8254084471782,2237.7593395430285,2237.6947549128004,2237.8589994610074,2237.8254084471782,2237.8254084471782,2237.792188469011,2237.726861685573,0.0,2237.792188469011,2237.7593395430285,2237.8589994610074,2237.8254084471782,2237.7593395430285,2237.726861685573,2237.792188469011,2237.8589994610074,2237.7593395430285,2237.7593395430285,2237.8254084471782,0.0,2237.6947549128004,0.0,2237.7593395430285,2237.8254084471782,2237.7593395430285,2237.8254084471782,0.0,2237.8254084471782,2237.8254084471782,0.0,2237.8254084471782,0.0,2237.792188469011,2237.8589994610074,2237.726861685573,2237.8589994610074,2237.726861685573,2237.792188469011,2237.8589994610074,2237.726861685573,2237.6316546850153,2237.6947549128004,2237.6006612613974,2237.7593395430285,2237.6006612613974,2237.6316546850153,2237.726861685573,2237.6947549128004,2237.7593395430285,2237.366076438371,2237.4512616574316,2237.5099079361603,2237.663019240684,2237.6316546850153,2237.6947549128004,2237.6947549128004,2237.8254084471782,2237.726861685573,2237.7593395430285,2237.726861685573,2237.8254084471782,2237.5099079361603,2237.6316546850153,2237.663019240684,2237.6006612613974,2237.570038985255,2237.6947549128004,2237.6006612613974,2237.6947549128004,2237.7593395430285,2237.570038985255,2237.726861685573,2237.6316546850153,2237.6006612613974,2237.8254084471782,2237.6316546850153,2237.663019240684,2237.6316546850153,2237.792188469011,2237.8254084471782,2237.792188469011,2237.792188469011,0.0,0.0,0.0,0.0,2237.8589994610074,0.0,2237.8589994610074,2237.8589994610074,2237.8589994610074,0.0,0.0,0.0,0.0,0.0,0.0,0.0,0.0,0.0,2237.8589994610074,0.0,2237.8589994610074,0.0,0.0,0.0,0.0,0.0,0.0,2237.8589994610074,0.0,0.0,0.0,0.0,0.0,0.0,0.0,2237.8589994610074,0.0,0.0,0.0,0.0,0.0,0.0,0.0,2237.8254084471782,2237.8589994610074,0.0,0.0,2237.8589994610074,2237.8589994610074,0.0,2237.8254084471782,0.0,0.0
0.0,2237.8589994610074,0.0,0.0,0.0,0.0,2237.8254084471782,2237.8589994610074,0.0,0.0,0.0,0.0,2237.8589994610074,2237.8589994610074,0.0,0.0,0.0,2237.8589994610074,0.0,2237.8589994610074,2237.8589994610074,2237.8589994610074,2237.8589994610074,0.0,0.0,0.0,0.0,2237.8589994610074,2237.8589994610074,0.0,0.0,0.0,2237.8589994610074,0.0,0.0,2237.8589994610074,0.0,0.0,0.0,2237.8254084471782,2237.792188469011,2237.8589994610074,2237.726861685573,2237.7593395430285,2237.726861685573,2237.570038985255,2237.6947549128004,2237.663019240684,2237.6006612613974,2237.6947549128004,2237.663019240684,2237.7593395430285,2237.6947549128004,2237.792188469011,2237.6316546850153,2237.6947549128004,2237.7593395430285,2237.6947549128004,2237.6947549128004,2237.726861685573,2237.663019240684,2237.5099079361603,2237.5397878718245,2237.6947549128004,2237.570038985255,2237.8254084471782,2237.726861685573,2237.6947549128004,2237.6316546850153,2237.5397878718245,2237.792188469011,2237.5099079361603,2237.6006612613974,2237.7593395430285,2237.663019240684,2237.726861685573,2237.726861685573,2237.792188469011,2237.792188469011,2237.792188469011,2237.663019240684,2237.7593395430285,2237.6947549128004,2237.726861685573,2237.570038985255,2237.6947549128004,2237.663019240684,2237.570038985255,2237.570038985255,2237.7593395430285,2237.726861685573,2237.7593395430285,2237.663019240684,0.0,2237.792188469011,2237.6947549128004,2237.663019240684,2237.7593395430285,2237.5397878718245,2237.5099079361603,2237.3941002658235,2237.663019240684,2237.726861685573,2237.6947549128004,2237.8254084471782,2237.726861685573,2237.726861685573,2237.792188469011,2237.726861685573,2237.7593395430285,2237.8254084471782,2237.792188469011,2237.7593395430285,2237.5397878718245,2237.5397878718245,2237.726861685573,2237.570038985255,2237.205730497842,2237.570038985255,2237.6006612613974,2237.726861685573,2237.6947549128004,2237.726861685573,2237.8589994610074,2237.792188469011,2237.7593395430285,2237.792188469011,2237.792188469011,2237.8254084471782,2237.7593395430285,2237.8254084471782,2237.8254084471782,2237.8254084471782,2237.7593395430285,2237.8589994610074,2237.6947549128004,2237.7593395430285,0.0,2237.8589994610074,0.0,2237.8589994610074,2237.8589994610074,0.0,0.0,2237.792188469011,0.0,2237.8254084471782,2237.8589994610074,2237.8589994610074,0.0,2237.8589994610074,0.0,2237.726861685573,2237.8589994610074,2237.6947549128004,2237.8254084471782,2237.792188469011,2237.663019240684,2237.792188469011,2237.7593395430285,2237.792188469011,2237.792188469011,2237.5397878718245,2237.6947549128004,2237.7593395430285,2237.7593395430285,2237.570038985255,2237.570038985255,2237.570038985255,2237.663019240684,2237.5397878718245,2237.6006612613974,2237.6006612613974,2237.7593395430285,2237.4512616574316,2237.7593395430285,2237.6316546850153,2237.5397878718245,2237.6947549128004,2237.570038985255,2237.726861685573,2237.6006612613974,2237.726861685573,2237.8589994610074,2237.6947549128004,2237.6947549128004,2237.792188469011,2237.570038985255,2237.8254084471782,2237.5099079361603,2237.6316546850153,2237.6006612613974,2237.792188469011,2237.663019240684,2237.6316546850153,2237.663019240684,2237.726861685573,0.0,2237.7593395430285,2237.7593395430285,2237.8254084471782,2237.8589994610074,0.0,0.0,0.0,0.0,0.0,0.0,0.0,2237.8589994610074,0.0,0.0,0.0,0.0,2237.8589994610074,0.0,0.0,2237.8589994610074,0.0,0.0,0.0,0.0,0.0,2237.8254084471782,0.0,2237.8589994610074,2237.792188469011,2237.8589994610074,0.0,2237.8589994610074,0.0,2237.8589994610074,2237.8589994610074,0.0,0.0,0.0,2237.8589994610074,0.0,0.0,2237.8589994610074,2237.8589994610074,0.0,0.0,2237.8589994610074,0.0,0.0,2237.8589994610074,0.0,0.0,0.0,0.0,0.0,0.0,0.0,0.0,0.0
0.0,0.0,0.0,0.0,0.0,0.0,2237.8589994610074,0.0,2237.8589994610074,0.0,2237.8589994610074,0.0,0.0,0.0,0.0,0.0,0.0,0.0,0.0,0.0,0.0,2237.8589994610074,2237.8589994610074,0.0,2237.8589994610074,2237.8254084471782,2237.8589994610074,0.0,0.0,0.0,0.0,2237.8254084471782,0.0,2237.8589994610074,2237.8254084471782,0.0,2237.8589994610074,2237.8589994610074,2237.8589994610074,0.0,2237.8254084471782,2237.8589994610074,2237.726861685573,2237.663019240684,2237.792188469011,2237.792188469011,2237.7593395430285,2237.726861685573,2237.792188469011,2237.6947549128004,2237.726861685573,2237.570038985255,2237.5397878718245,2237.792188469011,2237.6006612613974,2237.6006612613974,2237.7593395430285,2237.663019240684,2237.726861685573,2237.6947549128004,2237.663019240684,2237.5397878718245,2237.7593395430285,2237.5397878718245,2237.6947549128004,2237.6316546850153,2237.570038985255,2237.6316546850153,2237.663019240684,2237.6316546850153,2237.8254084471782,2237.726861685573,2237.663019240684,2237.6006612613974,2237.726861685573,2237.6947549128004,2237.6006612613974,2237.570038985255,2237.6947549128004,2237.7593395430285,2237.792188469011,2237.6316546850153,2237.8254084471782,2237.5397878718245,2237.663019240684,2237.7593395430285,2237.663019240684,2237.7593395430285,0.0,2237.7593395430285,2237.6316546850153,2237.6006612613974,2237.726861685573,2237.8589994610074,2237.6947549128004,2237.792188469011,2237.8254084471782,2237.792188469011,2237.6316546850153,2237.5099079361603,2237.570038985255,2237.663019240684,2237.6316546850153,2237.792188469011,2237.6947549128004,2237.792188469011,2237.663019240684,2237.7593395430285,2237.480399193134,2237.6316546850153,2237.6316546850153,2237.7593395430285,2237.5099079361603,2237.5099079361603,2237.6947549128004,2237.6006612613974,2237.726861685573,2237.4512616574316,2237.6316546850153,2237.663019240684,2237.6316546850153,2237.663019240684,2237.7593395430285,2237.8254084471782,2237.8254084471782,2237.7593395430285,2237.726861685573,2237.792188469011,2237.792188469011,2237.8254084471782,2237.8254084471782,2237.8254084471782,2237.8254084471782,2237.8254084471782,2237.792188469011,0.0,2237.8254084471782,2237.8589994610074,2237.8589994610074,2237.792188469011,2237.8589994610074,2237.8589994610074,2237.8589994610074,2237.8589994610074,2237.8589994610074,2237.8254084471782,2237.726861685573,2237.8589994610074,2237.7593395430285,2237.8589994610074,2237.7593395430285,2237.7593395430285,2237.726861685573,2237.8254084471782,0.0,2237.726861685573,2237.792188469011,2237.7593395430285,2237.8254084471782,2237.792188469011,2237.726861685573,2237.6947549128004,2237.663019240684,2237.7593395430285,2237.726861685573,2237.792188469011,2237.6006612613974,2237.6947549128004,2237.6006612613974,2237.6947549128004,2237.726861685573,2237.6006612613974,2237.6947549128004,2237.6006612613974,2237.6006612613974,2237.6316546850153,2237.4512616574316,2237.5397878718245,2237.6947549128004,2237.5397878718245,2237.663019240684,2237.663019240684,2237.570038985255,2237.7593395430285,2237.6006612613974,2237.7593395430285,2237.6006612613974,2237.7593395430285,2237.5397878718245,2237.663019240684,2237.480399193134,2237.6947549128004,2237.6006612613974,2237.7593395430285,2237.726861685573,2237.6947549128004,2237.726861685573,2237.6947549128004,2237.663019240684,2237.8254084471782,2237.726861685573,2237.8589994610074,0.0,2237.8589994610074,2237.8254084471782,0.0,0.0,0.0,0.0,2237.8589994610074,0.0,0.0,2237.8254084471782,2237.8589994610074,0.0,2237.8589994610074,0.0,2237.8589994610074,2237.8589994610074,2237.8589994610074,2237.8589994610074,0.0,2237.8589994610074,0.0,0.0,0.0,0.0,0.0,0.0,2237.8589994610074,0.0,0.0,0.0,0.0,0.0,0.0,0.0,0.0,0.0,2237.8589994610074,2237.8589994610074,0.0,2237.8254084471782,0.0,2237.8254084471782,0.0,0.0,0.0,0.0,0.0,0.0,0.0,2237.8589994610074,2237.8589994610074,0.0,2237.8589994610074
0.0,0.0,0.0,0.0,0.0,0.0,0.0,0.0,2237.8589994610074,0.0,0.0,2237.8589994610074,0.0,0.0,0.0,0.0,0.0,0.0,0.0,0.0,0.0,0.0,0.0,0.0,2237.8589994610074,0.0,0.0,0.0,0.0,2237.8589994610074,0.0,2237.8589994610074,2237.8589994610074,0.0,2237.8589994610074,0.0,0.0,0.0,0.0,2237.8589994610074,2237.8589994610074,2237.792188469011,2237.792188469011,2237.6947549128004,2237.726861685573,2237.7593395430285,2237.6316546850153,2237.6947549128004,2237.7593395430285,2237.6947549128004,2237.726861685573,2237.6947549128004,2237.726861685573,2237.663019240684,2237.726861685573,2237.663019240684,2237.663019240684,2237.6947549128004,2237.6316546850153,2237.7593395430285,2237.8254084471782,2237.6006612613974,2237.6006612613974,2237.726861685573,2237.8254084471782,2237.726861685573,2237.6947549128004,2237.726861685573,2237.480399193134,2237.663019240684,2237.6006612613974,2237.663019240684,2237.726861685573,2237.726861685573,2237.8254084471782,2237.663019240684,2237.6947549128004,2237.6006612613974,2237.7593395430285,2237.6947549128004,2237.7593395430285,2237.726861685573,2237.5397878718245,2237.6316546850153,2237.7593395430285,2237.7593395430285,2237.7593395430285,2237.7593395430285,2237.6947549128004,2237.7593395430285,2237.663019240684,2237.6316546850153,2237.6316546850153,2237.7593395430285,2237.726861685573,2237.7593395430285,2237.663019240684,2237.726861685573,2237.6006612613974,2237.726861685573,2237.7593395430285,2237.570038985255,2237.7593395430285,2237.792188469011,2237.792188469011,2237.726861685573,2237.7593395430285,2237.792188469011,2237.726861685573,2237.6947549128004,2237.663019240684,2237.6316546850153,2237.726861685573,2237.570038985255,2237.6316546850153,2237.726861685573,2237.6947549128004,2237.5099079361603,2237.480399193134,2237.792188469011,2237.7593395430285,2237.7593395430285,2237.726861685573,2237.7593395430285,0.0,2237.8589994610074,2237.7593395430285,2237.792188469011,0.0,2237.8589994610074,2237.8589994610074,2237.792188469011,2237.8254084471782,2237.792188469011,2237.8254084471782,0.0,2237.8254084471782,2237.8254084471782,0.0,2237.792188469011,2237.8589994610074,2237.8589994610074,0.0,2237.8589994610074,2237.8254084471782,0.0,2237.8589994610074,2237.8254084471782,2237.792188469011,0.0,2237.792188469011,2237.7593395430285,0.0,2237.7593395430285,2237.663019240684,2237.7593395430285,2237.7593395430285,2237.792188469011,2237.6947549128004,2237.792188469011,2237.726861685573,2237.7593395430285,2237.792188469011,2237.792188469011,2237.726861685573,2237.6947549128004,2237.726861685573,2237.726861685573,2237.726861685573,2237.726861685573,2237.663019240684,2237.6947549128004,2237.570038985255,2237.6947549128004,2237.663019240684,2237.663019240684,2237.6316546850153,2237.6006612613974,2237.480399193134,2237.570038985255,2237.726861685573,2237.663019240684,2237.726861685573,2237.6947549128004,2237.6316546850153,2237.6947549128004,2237.726861685573,2237.570038985255,2237.8254084471782,2237.792188469011,2237.6947549128004,2237.726861685573,2237.570038985255,2237.6006612613974,2237.6316546850153,2237.726861685573,2237.663019240684,2237.726861685573,2237.726861685573,2237.726861685573,0.0,0.0,2237.8589994610074,0.0,0.0,0.0,2237.8589994610074,2237.8589994610074,0.0,0.0,0.0,2237.8589994610074,0.0,0.0,2237.8589994610074,2237.8589994610074,2237.8589994610074,2237.8589994610074,0.0,0.0,0.0,0.0,2237.8589994610074,0.0,0.0,2237.8589994610074,0.0,0.0,0.0,2237.8589994610074,0.0,2237.8589994610074,2237.8589994610074,0.0,0.0,0.0,0.0,0.0,0.0,0.0,0.0,0.0,2237.8589994610074,0.0,0.0,0.0,0.0,0.0,0.0,2237.8589994610074,2237.8589994610074,0.0,0.0,0.0,2237.8589994610074,0.0
2237.8589994610074,0.0,0.0,0.0,0.0,0.0,2237.8589994610074,0.0,0.0,0.0,0.0,0.0,0.0,0.0,0.0,0.0,2237.8589994610074,0.0,0.0,0.0,2237.8589994610074,2237.8589994610074,0.0,0.0,0.0,0.0,0.0,0.0,0.0,0.0,0.0,0.0,0.0,0.0,0.0,2237.8589994610074,0.0,0.0,2237.8589994610074,2237.8254084471782,2237.8589994610074,2237.8254084471782,2237.8254084471782,2237.7593395430285,2237.7593395430285,2237.792188469011,2237.792188469011,2237.792188469011,2237.7593395430285,2237.792188469011,2237.8589994610074,2237.726861685573,2237.4512616574316,2237.7593395430285,2237.6947549128004,2237.5099079361603,2237.570038985255,2237.6947549128004,2237.663019240684,2237.726861685573,2237.480399193134,2237.792188469011,2237.726861685573,2237.6947549128004,2237.6006612613974,2237.6947549128004,2237.663019240684,2237.7593395430285,2237.726861685573,2237.726861685573,2237.726861685573,2237.570038985255,2237.5397878718245,2237.726861685573,2237.6947549128004,2237.4512616574316,2237.6316546850153,2237.5397878718245,2237.7593395430285,2237.726861685573,2237.6316546850153,2237.6947549128004,2237.6316546850153,2237.7593395430285,2237.6947549128004,2237.663019240684,2237.6006612613974,2237.7593395430285,2237.7593395430285,2237.792188469011,2237.8254084471782,2237.6006612613974,2237.6006612613974,2237.6316546850153,2237.792188469011,2237.7593395430285,2237.792188469011,2237.663019240684,2237.570038985255,2237.570038985255,2237.7593395430285,2237.726861685573,2237.7593395430285,2237.726861685573,2237.792188469011,2237.792188469011,0.0,2237.7593395430285,2237.6947549128004,2237.792188469011,2237.6947549128004,2237.663019240684,2237.8589994610074,2237.792188469011,2237.6316546850153,2237.8589994610074,2237.7593395430285,2237.726861685573,2237.7593395430285,2237.7593395430285,2237.663019240684,2237.792188469011,2237.792188469011,2237.8254084471782,2237.8254084471782,2237.8589994610074,2237.7593395430285,2237.8589994610074,0.0,0.0,0.0,2237.726861685573,0.0,0.0,0.0,0.0,2237.8254084471782,0.0,0.0,2237.8254084471782,2237.8589994610074,2237.8589994610074,0.0,2237.8254084471782,0.0,0.0,0.0,2237.8589994610074,0.0,2237.8254084471782,2237.8589994610074,2237.792188469011,0.0,2237.6947549128004,2237.792188469011,2237.8589994610074,2237.726861685573,2237.8589994610074,2237.792188469011,2237.726861685573,2237.6316546850153,2237.6006612613974,2237.792188469011,2237.7593395430285,2237.663019240684,2237.663019240684,2237.663019240684,2237.726861685573,2237.6947549128004,2237.570038985255,2237.6316546850153,2237.5099079361603,2237.5099079361603,2237.5099079361603,2237.570038985255,2237.570038985255,2237.6316546850153,2237.6316546850153,2237.726861685573,2237.663019240684,2237.5397878718245,2237.5397878718245,2237.726861685573,2237.6316546850153,2237.6006612613974,2237.8254084471782,2237.570038985255,2237.726861685573,2237.6006612613974,2237.4512616574316,2237.6006612613974,2237.6947549128004,2237.6006612613974,2237.6006612613974,2237.663019240684,2237.6947549128004,2237.663019240684,2237.6947549128004,2237.6947549128004,0.0,0.0,0.0,0.0,2237.8589994610074,0.0,0.0,0.0,0.0,2237.8589994610074,0.0,0.0,2237.8589994610074,2237.8589994610074,0.0,2237.8254084471782,0.0,0.0,0.0,2237.8589994610074,0.0,0.0,0.0,0.0,0.0,0.0,0.0,2237.8589994610074,2237.8589994610074,0.0,0.0,2237.8589994610074,2237.8589994610074,0.0,0.0,0.0,0.0,0.0,0.0,0.0,0.0,0.0,2237.8589994610074,0.0,0.0,2237.8589994610074,0.0,0.0,0.0,0.0,0.0,2237.8589994610074,2237.8589994610074,0.0,0.0,0.0,0.0
0.0,0.0,0.0,0.0,2237.8589994610074,2237.8589994610074,2237.8589994610074,0.0,2237.8589994610074,2237.8254084471782,0.0,0.0,0.0,0.0,2237.8589994610074,0.0,0.0,0.0,0.0,0.0,0.0,0.0,0.0,0.0,0.0,0.0,0.0,0.0,0.0,0.0,2237.8254084471782,0.0,0.0,0.0,2237.8589994610074,2237.8589994610074,2237.8254084471782,2237.8589994610074,0.0,0.0,0.0,2237.8589994610074,2237.792188469011,2237.8254084471782,2237.570038985255,2237.6006612613974,2237.726861685573,2237.6947549128004,2237.7593395430285,2237.792188469011,2237.7593395430285,2237.570038985255,2237.570038985255,2237.6316546850153,2237.6006612613974,2237.663019240684,2237.792188469011,2237.726861685573,2237.792188469011,2237.6006612613974,2237.7593395430285,2237.6006612613974,2237.663019240684,2237.570038985255,2237.5397878718245,2237.663019240684,2237.6006612613974,2237.5099079361603,2237.6006612613974,2237.6947549128004,2237.663019240684,2237.570038985255,2237.663019240684,2237.663019240684,2237.7593395430285,2237.7593395430285,2237.6006612613974,2237.6316546850153,2237.663019240684,2237.663019240684,2237.663019240684,2237.5397878718245,2237.6316546850153,2237.480399193134,2237.6006612613974,2237.8254084471782,2237.6316546850153,2237.5397878718245,2237.792188469011,2237.7593395430285,2237.726861685573,2237.6947549128004,2237.6947549128004,2237.6947549128004,2237.570038985255,2237.6947549128004,2237.6316546850153,2237.8589994610074,2237.6947549128004,2237.7593395430285,2237.5397878718245,2237.6947549128004,2237.7593395430285,2237.6947549128004,2237.7593395430285,2237.6947549128004,2237.792188469011,2237.8589994610074,2237.792188469011,2237.663019240684,2237.6006612613974,2237.6947549128004,2237.7593395430285,2237.663019240684,2237.792188469011,2237.8589994610074,2237.792188469011,2237.8589994610074,2237.726861685573,2237.792188469011,2237.8589994610074,2237.792188469011,2237.792188469011,2237.792188469011,0.0,0.0,2237.8589994610074,2237.8589994610074,2237.8589994610074,0.0,2237.7593395430285,2237.8589994610074,2237.8589994610074,0.0,0.0,2237.8589994610074,2237.8589994610074,2237.8254084471782,0.0,2237.8254084471782,2237.8589994610074,2237.8589994610074,2237.8254084471782,0.0,0.0,2237.8254084471782,2237.8254084471782,2237.8589994610074,2237.8589994610074,2237.8589994610074,2237.726861685573,2237.8589994610074,0.0,2237.7593395430285,2237.726861685573,2237.7593395430285,2237.726861685573,2237.8254084471782,0.0,2237.792188469011,2237.7593395430285,2237.8254084471782,2237.5397878718245,2237.6006612613974,2237.6947549128004,2237.570038985255,2237.8254084471782,2237.6006612613974,2237.6006612613974,2237.570038985255,2237.792188469011,2237.663019240684,2237.6947549128004,2237.6947549128004,2237.6947549128004,0.0,2237.6006612613974,2237.6947549128004,2237.726861685573,2237.5397878718245,2237.570038985255,2237.726861685573,2237.6947549128004,2237.726861685573,2237.5099079361603,2237.570038985255,2237.5099079361603,2237.5397878718245,2237.726861685573,2237.5397878718245,2237.7593395430285,2237.6316546850153,2237.570038985255,2237.570038985255,2237.570038985255,2237.8254084471782,2237.570038985255,2237.7593395430285,2237.7593395430285,2237.8589994610074,0.0,0.0,0.0,0.0,0.0,2237.8589994610074,0.0,0.0,0.0,0.0,2237.8589994610074,2237.8589994610074,0.0,0.0,0.0,2237.8254084471782,2237.8589994610074,2237.8589994610074,0.0,2237.8254084471782,0.0,0.0,0.0,2237.8589994610074,0.0,2237.8254084471782,0.0,0.0,0.0,0.0,0.0,0.0,0.0,0.0,0.0,0.0,0.0,2237.8589994610074,2237.8589994610074,2237.8589994610074,0.0,0.0,2237.8589994610074,0.0,0.0,0.0,0.0,2237.8589994610074,0.0,0.0,0.0,0.0,2237.8254084471782,0.0,2237.8589994610074,0.0
0.0,0.0,0.0,0.0,0.0,0.0,0.0,0.0,0.0,2237.8589994610074,0.0,2237.8589994610074,2237.8254084471782,0.0,2237.8589994610074,0.0,0.0,2237.8589994610074,0.0,0.0,0.0,2237.8589994610074,0.0,0.0,2237.8589994610074,2237.8589994610074,0.0,0.0,0.0,0.0,0.0,0.0,0.0,0.0,2237.8589994610074,0.0,0.0,2237.8589994610074,2237.8589994610074,2237.8589994610074,2237.8254084471782,0.0,2237.8254084471782,2237.6947549128004,2237.6316546850153,2237.7593395430285,2237.5397878718245,2237.7593395430285,2237.663019240684,2237.6006612613974,2237.726861685573,2237.6006612613974,2237.663019240684,2237.6316546850153,2237.6947549128004,2237.3941002658235,2237.726861685573,2237.726861685573,2237.5099079361603,2237.726861685573,2237.4512616574316,2237.792188469011,2237.663019240684,2237.6947549128004,2237.726861685573,2237.663019240684,2237.7593395430285,2237.7593395430285,2237.6947549128004,2237.792188469011,2237.726861685573,2237.570038985255,2237.726861685573,2237.663019240684,2237.6316546850153,2237.7593395430285,2237.6947549128004,2237.726861685573,2237.7593395430285,2237.7593395430285,2237.663019240684,2237.7593395430285,2237.570038985255,2237.7593395430285,2237.5099079361603,2237.6006612613974,2237.570038985255,2237.6316546850153,2237.7593395430285,2237.726861685573,2237.6316546850153,2237.7593395430285,2237.726861685573,2237.5099079361603,2237.6947549128004,2237.6947549128004,2237.422495343555,2237.663019240684,2237.6006612613974,2237.5397878718245,2237.6947549128004,2237.792188469011,2237.663019240684,2237.7593395430285,2237.8254084471782,2237.7593395430285,2237.7593395430285,2237.792188469011,2237.8589994610074,2237.792188469011,2237.663019240684,2237.6006612613974,2237.8254084471782,2237.792188469011,2237.8254084471782,2237.792188469011,2237.8254084471782,0.0,2237.792188469011,2237.7593395430285,2237.8254084471782,2237.792188469011,2237.8589994610074,2237.8254084471782,0.0,2237.8589994610074,2237.8589994610074,2237.8254084471782,2237.8589994610074,2237.8589994610074,2237.8589994610074,2237.8589994610074,2237.7593395430285,0.0,0.0,2237.8589994610074,2237.792188469011,0.0,0.0,2237.8589994610074,0.0,2237.8589994610074,2237.8254084471782,2237.8589994610074,0.0,2237.792188469011,0.0,0.0,2237.8589994610074,2237.8589994610074,2237.8589994610074,2237.792188469011,2237.792188469011,2237.7593395430285,2237.8589994610074,2237.792188469011,2237.570038985255,2237.8254084471782,2237.6947549128004,2237.792188469011,2237.792188469011,2237.792188469011,2237.6006612613974,2237.5099079361603,2237.6316546850153,2237.480399193134,2237.6947549128004,2237.6006612613974,2237.6316546850153,2237.7593395430285,2237.726861685573,2237.6006612613974,2237.570038985255,2237.663019240684,2237.6947549128004,2237.726861685573,2237.726861685573,2237.6006612613974,2237.7593395430285,2237.5099079361603,2237.6947549128004,2237.792188469011,2237.7593395430285,2237.726861685573,2237.663019240684,2237.7593395430285,2237.726861685573,2237.6947549128004,2237.663019240684,2237.5397878718245,2237.480399193134,2237.6316546850153,2237.6947549128004,2237.6006612613974,2237.792188469011,2237.6947549128004,2237.7593395430285,2237.7593395430285,2237.726861685573,2237.8254084471782,0.0,0.0,0.0,0.0,0.0,0.0,0.0,0.0,2237.8589994610074,0.0,2237.8589994610074,2237.8589994610074,2237.8589994610074,0.0,0.0,2237.8589994610074,2237.8589994610074,2237.8589994610074,0.0,2237.8589994610074,0.0,2237.8589994610074,2237.8589994610074,2237.8254084471782,0.0,0.0,0.0,2237.8589994610074,0.0,2237.8589994610074,2237.8589994610074,0.0,0.0,0.0,0.0,2237.8589994610074,2237.8589994610074,0.0,0.0,0.0,2237.8589994610074,0.0,0.0,0.0,0.0,2237.8589994610074,0.0,2237.8589994610074,0.0,2237.8254084471782,0.0,0.0,2237.8589994610074,0.0,0.0,0.0
0.0,0.0,0.0,0.0,0.0,0.0,0.0,0.0,0.0,0.0,0.0,0.0,0.0,0.0,2237.7593395430285,0.0,0.0,0.0,0.0,0.0,2237.8589994610074,2237.8589994610074,2237.8589994610074,0.0,0.0,0.0,0.0,0.0,0.0,2237.8589994610074,0.0,0.0,0.0,0.0,0.0,0.0,0.0,2237.8589994610074,2237.8589994610074,2237.8589994610074,2237.8589994610074,2237.8589994610074,2237.7593395430285,2237.792188469011,2237.7593395430285,2237.726861685573,2237.7593395430285,2237.6947549128004,2237.7593395430285,2237.6947549128004,2237.663019240684,2237.726861685573,2237.726861685573,2237.5397878718245,2237.6006612613974,2237.6947549128004,2237.6006612613974,2237.726861685573,2237.726861685573,2237.663019240684,2237.792188469011,2237.6316546850153,2237.6947549128004,2237.6006612613974,2237.663019240684,2237.6947549128004,2237.726861685573,2237.6947549128004,2237.663019240684,2237.6006612613974,2237.5397878718245,2237.792188469011,2237.6006612613974,2237.6947549128004,2237.5397878718245,2237.570038985255,2237.422495343555,2237.570038985255,2237.792188469011,2237.6947549128004,2237.726861685573,2237.726861685573,2237.6947549128004,2237.5397878718245,2237.6316546850153,2237.663019240684,2237.726861685573,2237.5099079361603,2237.663019240684,2237.726861685573,2237.726861685573,2237.6947549128004,2237.792188469011,2237.8254084471782,2237.6006612613974,2237.6947549128004,2237.663019240684,2237.6316546850153,2237.6947549128004,2237.663019240684,2237.663019240684,2237.7593395430285,2237.7593395430285,2237.8254084471782,2237.7593395430285,2237.8254084471782,2237.726861685573,2237.792188469011,2237.8589994610074,2237.8254084471782,2237.8254084471782,2237.663019240684,2237.8254084471782,0.0,2237.792188469011,2237.792188469011,2237.8589994610074,2237.8254084471782,2237.8254084471782,2237.8254084471782,2237.8589994610074,2237.8589994610074,0.0,0.0,2237.8589994610074,2237.8254084471782,2237.8254084471782,2237.792188469011,2237.792188469011,0.0,0.0,0.0,2237.8589994610074,2237.8589994610074,2237.8589994610074,2237.8254084471782,0.0,0.0,2237.8589994610074,2237.8254084471782,2237.8589994610074,2237.8254084471782,2237.8589994610074,2237.8589994610074,0.0,0.0,2237.8589994610074,2237.8254084471782,2237.8254084471782,2237.8254084471782,2237.8589994610074,2237.792188469011,2237.726861685573,2237.6947549128004,2237.726861685573,2237.6947549128004,2237.8254084471782,2237.792188469011,2237.7593395430285,2237.726861685573,2237.726861685573,2237.8254084471782,2237.726861685573,2237.570038985255,2237.6316546850153,2237.570038985255,2237.726861685573,2237.570038985255,2237.726861685573,2237.792188469011,2237.726861685573,2237.726861685573,2237.792188469011,2237.663019240684,2237.6316546850153,2237.8589994610074,2237.480399193134,2237.6316546850153,2237.7593395430285,2237.6006612613974,2237.8254084471782,2237.792188469011,2237.5397878718245,2237.663019240684,2237.480399193134,2237.8254084471782,2237.6006612613974,2237.5099079361603,2237.6947549128004,2237.7593395430285,2237.6947549128004,2237.7593395430285,2237.8254084471782,2237.663019240684,2237.6947549128004,2237.726861685573,2237.8589994610074,2237.8254084471782,2237.8589994610074,0.0,2237.8589994610074,2237.8589994610074,2237.8589994610074,0.0,0.0,0.0,0.0,0.0,0.0,0.0,0.0,0.0,2237.8589994610074,0.0,0.0,0.0,2237.792188469011,0.0,0.0,0.0,2237.8254084471782,0.0,0.0,0.0,0.0,0.0,0.0,0.0,0.0,0.0,0.0,2237.8589994610074,0.0,0.0,0.0,0.0,0.0,0.0,0.0,0.0,0.0,0.0,0.0,0.0,0.0,0.0,2237.8589994610074,0.0,0.0,0.0,0.0,2237.8589994610074,0.0,0.0,0.0,0.0
2237.8589994610074,0.0,0.0,0.0,0.0,0.0,2237.792188469011,2237.8589994610074,2237.8254084471782,0.0,0.0,0.0,2237.8589994610074,0.0,0.0,2237.8589994610074,0.0,0.0,0.0,0.0,0.0,0.0,0.0,2237.8589994610074,0.0,0.0,0.0,0.0,0.0,0.0,0.0,0.0,0.0,0.0,2237.8589994610074,0.0,0.0,2237.8589994610074,2237.7593395430285,2237.792188469011,0.0,2237.8254084471782,0.0,2237.8254084471782,2237.7593395430285,2237.792188469011,2237.7593395430285,2237.663019240684,2237.663019240684,2237.726861685573,2237.792188469011,2237.663019240684,2237.663019240684,2237.726861685573,2237.7593395430285,2237.6947549128004,2237.726861685573,2237.5397878718245,2237.6947549128004,2237.6947549128004,2237.6316546850153,2237.663019240684,2237.663019240684,2237.6006612613974,2237.6947549128004,2237.726861685573,2237.5099079361603,2237.726861685573,2237.6006612613974,2237.7593395430285,2237.480399193134,2237.4512616574316,2237.663019240684,2237.6947549128004,2237.663019240684,2237.6947549128004,2237.7593395430285,2237.8589994610074,2237.726861685573,2237.663019240684,2237.726861685573,2237.7593395430285,2237.480399193134,2237.663019240684,2237.6316546850153,2237.570038985255,2237.8254084471782,2237.570038985255,2237.6316546850153,2237.570038985255,2237.726861685573,2237.8589994610074,2237.7593395430285,2237.663019240684,2237.570038985255,2237.7593395430285,2237.792188469011,2237.6947549128004,2237.663019240684,2237.6006612613974,2237.5099079361603,2237.7593395430285,2237.8254084471782,2237.8254084471782,2237.6947549128004,2237.6947549128004,0.0,2237.7593395430285,2237.792188469011,2237.8589994610074,2237.8589994610074,2237.5397878718245,2237.792188469011,2237.792188469011,2237.7593395430285,2237.8254084471782,2237.8254084471782,2237.8254084471782,0.0,2237.8254084471782,2237.8589994610074,2237.8589994610074,0.0,2237.8589994610074,2237.8589994610074,2237.8589994610074,2237.8254084471782,2237.8254084471782,0.0,2237.792188469011,0.0,2237.792188469011,0.0,0.0,2237.8589994610074,0.0,2237.8254084471782,0.0,0.0,2237.8254084471782,2237.8589994610074,2237.726861685573,2237.8254084471782,2237.8589994610074,0.0,2237.8589994610074,0.0,0.0,2237.8254084471782,0.0,0.0,2237.8254084471782,2237.8589994610074,2237.7593395430285,2237.792188469011,2237.8254084471782,2237.792188469011,2237.663019240684,2237.7593395430285,2237.726861685573,2237.6006612613974,2237.7593395430285,2237.726861685573,2237.726861685573,2237.6316546850153,2237.663019240684,2237.8254084471782,2237.6316546850153,2237.6006612613974,2237.7593395430285,2237.5099079361603,2237.792188469011,2237.726861685573,2237.5397878718245,2237.6316546850153,2237.6006612613974,2237.6947549128004,2237.663019240684,2237.6947549128004,2237.6006612613974,2237.6947549128004,2237.6316546850153,2237.6316546850153,2237.663019240684,2237.6947549128004,2237.6947549128004,2237.726861685573,2237.6316546850153,2237.663019240684,2237.792188469011,2237.5397878718245,2237.7593395430285,2237.726861685573,2237.663019240684,2237.8254084471782,2237.792188469011,2237.7593395430285,2237.726861685573,2237.792188469011,0.0,0.0,2237.8589994610074,2237.8589994610074,0.0,0.0,2237.8589994610074,0.0,0.0,0.0,0.0,0.0,0.0,0.0,2237.8589994610074,0.0,2237.8589994610074,2237.8589994610074,0.0,2237.8589994610074,0.0,2237.8589994610074,2237.8589994610074,0.0,2237.8589994610074,2237.8589994610074,0.0,2237.8589994610074,0.0,0.0,0.0,2237.8589994610074,0.0,0.0,0.0,2237.8589994610074,0.0,0.0,2237.8589994610074,2237.8589994610074,2237.8589994610074,0.0,0.0,0.0,2237.8589994610074,0.0,0.0,2237.8589994610074,0.0,0.0,0.0,0.0,0.0,0.0,0.0,0.0,0.0
0.0,0.0,0.0,2237.8254084471782,0.0,2237.8589994610074,0.0,0.0,0.0,0.0,0.0,0.0,0.0,2237.8589994610074,0.0,0.0,0.0,0.0,0.0,2237.8589994610074,0.0,2237.8589994610074,0.0,0.0,2237.8589994610074,0.0,0.0,0.0,0.0,0.0,0.0,2237.8589994610074,2237.8589994610074,0.0,0.0,0.0,2237.8589994610074,0.0,0.0,0.0,0.0,2237.7593395430285,2237.8254084471782,2237.8254084471782,2237.792188469011,2237.792188469011,2237.8589994610074,2237.663019240684,2237.726861685573,2237.6316546850153,2237.8254084471782,2237.6947549128004,2237.8254084471782,2237.6947549128004,2237.6947549128004,2237.6316546850153,2237.5397878718245,2237.663019240684,2237.6947549128004,2237.6947549128004,2237.570038985255,2237.726861685573,2237.663019240684,2237.663019240684,2237.726861685573,2237.5397878718245,2237.726861685573,2237.726861685573,2237.663019240684,2237.6316546850153,2237.792188469011,2237.8589994610074,2237.663019240684,2237.6316546850153,2237.6947549128004,2237.726861685573,2237.792188469011,2237.663019240684,2237.792188469011,2237.7593395430285,2237.7593395430285,2237.663019240684,2237.663019240684,2237.663019240684,2237.5397878718245,2237.6947549128004,2237.5099079361603,2237.7593395430285,2237.6006612613974,2237.3941002658235,2237.570038985255,2237.8589994610074,2237.8589994610074,2237.6947549128004,2237.5397878718245,2237.6316546850153,2237.2842325962692,2237.663019240684,2237.5397878718245,2237.6006612613974,2237.570038985255,2237.7593395430285,2237.7593395430285,0.0,2237.8254084471782,2237.8589994610074,0.0,2237.792188469011,2237.8254084471782,2237.8254084471782,2237.792188469011,2237.792188469011,2237.8589994610074,2237.792188469011,2237.8254084471782,2237.8254084471782,2237.8254084471782,2237.8589994610074,2237.8254084471782,2237.8254084471782,0.0,0.0,2237.8254084471782,2237.792188469011,0.0,2237.8254084471782,0.0,0.0,2237.8254084471782,2237.8254084471782,0.0,0.0,0.0,0.0,2237.8589994610074,2237.8254084471782,2237.8589994610074,2237.8254084471782,0.0,2237.8589994610074,2237.7593395430285,2237.8589994610074,0.0,2237.8589994610074,0.0,2237.8254084471782,0.0,2237.8589994610074,2237.8589994610074,0.0,2237.792188469011,2237.7593395430285,2237.8254084471782,2237.663019240684,2237.7593395430285,2237.6947549128004,2237.6947549128004,2237.6006612613974,2237.726861685573,2237.663019240684,2237.7593395430285,2237.663019240684,2237.726861685573,2237.5397878718245,2237.480399193134,2237.6006612613974,2237.663019240684,2237.792188469011,2237.663019240684,2237.7593395430285,2237.663019240684,2237.663019240684,2237.8254084471782,2237.7593395430285,2237.5397878718245,2237.726861685573,2237.6006612613974,2237.5397878718245,2237.5397878718245,2237.6006612613974,2237.6006612613974,2237.6316546850153,2237.726861685573,2237.570038985255,2237.6316546850153,2237.7593395430285,2237.726861685573,2237.663019240684,2237.7593395430285,2237.6947549128004,2237.663019240684,2237.792188469011,2237.792188469011,2237.6947549128004,2237.792188469011,2237.663019240684,2237.7593395430285,2237.792188469011,0.0,0.0,0.0,0.0,0.0,2237.8589994610074,0.0,2237.8589994610074,0.0,0.0,0.0,0.0,0.0,2237.8589994610074,0.0,0.0,0.0,0.0,2237.8589994610074,0.0,0.0,0.0,0.0,0.0,0.0,0.0,0.0,2237.8589994610074,0.0,0.0,0.0,0.0,0.0,0.0,0.0,0.0,0.0,2237.8589994610074,2237.8254084471782,0.0,0.0,2237.8589994610074,0.0,0.0,0.0,2237.8589994610074,0.0,2237.8589994610074,0.0,0.0,0.0,0.0,0.0,2237.8254084471782,0.0,0.0,2237.8589994610074,0.0
0.0,2237.8589994610074,0.0,0.0,0.0,2237.8589994610074,0.0,0.0,2237.8254084471782,0.0,0.0,0.0,0.0,2237.8589994610074,0.0,0.0,0.0,0.0,0.0,2237.8589994610074,0.0,0.0,0.0,0.0,0.0,0.0,0.0,0.0,0.0,0.0,0.0,0.0,0.0,0.0,2237.8589994610074,0.0,2237.8589994610074,2237.8589994610074,0.0,0.0,2237.8589994610074,0.0,2237.8254084471782,0.0,2237.6947549128004,2237.6947549128004,2237.726861685573,2237.6947549128004,2237.792188469011,2237.663019240684,2237.6947549128004,2237.6006612613974,2237.8254084471782,2237.726861685573,2237.7593395430285,2237.6947549128004,2237.570038985255,2237.726861685573,2237.480399193134,2237.570038985255,2237.6316546850153,2237.8254084471782,2237.7593395430285,2237.6006612613974,2237.6947549128004,2237.7593395430285,2237.6947549128004,2237.663019240684,2237.6316546850153,2237.663019240684,2237.663019240684,2237.6947549128004,2237.663019240684,2237.6006612613974,2237.6947549128004,2237.4512616574316,2237.5397878718245,2237.6316546850153,2237.6947549128004,2237.6316546850153,2237.6316546850153,2237.6316546850153,2237.6316546850153,2237.726861685573,2237.663019240684,2237.726861685573,2237.570038985255,2237.5397878718245,2237.5397878718245,2237.726861685573,2237.6316546850153,2237.726861685573,2237.8254084471782,2237.7593395430285,2237.480399193134,2237.570038985255,2237.6947549128004,2237.570038985255,2237.5099079361603,2237.3941002658235,2237.7593395430285,2237.8254084471782,2237.8254084471782,0.0,2237.726861685573,2237.663019240684,2237.8589994610074,0.0,2237.8589994610074,2237.8589994610074,2237.7593395430285,2237.8254084471782,2237.7593395430285,2237.8254084471782,2237.8589994610074,2237.8589994610074,2237.792188469011,0.0,0.0,2237.8254084471782,0.0,0.0,0.0,0.0,0.0,2237.8589994610074,2237.8589994610074,2237.8589994610074,2237.8254084471782,2237.8254084471782,2237.8589994610074,2237.792188469011,2237.8589994610074,0.0,0.0,0.0,2237.792188469011,0.0,0.0,2237.8589994610074,0.0,2237.792188469011,2237.8589994610074,2237.8589994610074,2237.8589994610074,0.0,2237.8589994610074,2237.8589994610074,2237.7593395430285,2237.792188469011,2237.7593395430285,2237.6947549128004,2237.7593395430285,2237.663019240684,2237.480399193134,2237.663019240684,2237.663019240684,2237.7593395430285,2237.792188469011,2237.6316546850153,2237.726861685573,2237.7593395430285,2237.663019240684,2237.7593395430285,2237.6316546850153,2237.663019240684,2237.6947549128004,2237.726861685573,2237.663019240684,2237.7593395430285,2237.663019240684,2237.7593395430285,2237.663019240684,2237.792188469011,2237.5099079361603,2237.5099079361603,2237.6947549128004,2237.6947549128004,2237.480399193134,2237.6316546850153,2237.663019240684,2237.6316546850153,2237.726861685573,2237.663019240684,2237.6947549128004,2237.726861685573,2237.570038985255,2237.422495343555,2237.6006612613974,2237.663019240684,2237.6316546850153,2237.726861685573,2237.6316546850153,2237.7593395430285,2237.6947549128004,2237.6947549128004,2237.726861685573,2237.8254084471782,2237.8254084471782,0.0,0.0,0.0,0.0,2237.8589994610074,0.0,0.0,0.0,0.0,0.0,0.0,0.0,2237.8589994610074,2237.8589994610074,0.0,2237.8589994610074,0.0,0.0,0.0,0.0,2237.8589994610074,0.0,0.0,2237.8589994610074,0.0,2237.8589994610074,2237.8589994610074,2237.8589994610074,0.0,0.0,2237.8589994610074,0.0,0.0,0.0,2237.8589994610074,0.0,2237.8589994610074,0.0,0.0,0.0,2237.8589994610074,0.0,0.0,2237.8589994610074,2237.8589994610074,2237.8589994610074,0.0,0.0,0.0,0.0,2237.8589994610074,2237.8589994610074,0.0,0.0,2237.8589994610074,2237.8589994610074,0.0
2237.8589994610074,0.0,0.0,0.0,0.0,2237.8589994610074,0.0,2237.8589994610074,2237.8589994610074,0.0,0.0,0.0,0.0,0.0,0.0,2237.8589994610074,0.0,0.0,0.0,0.0,0.0,0.0,0.0,0.0,0.0,0.0,2237.8589994610074,2237.8589994610074,0.0,0.0,0.0,0.0,0.0,2237.8589994610074,2237.8589994610074,2237.8589994610074,0.0,0.0,0.0,0.0,2237.8254084471782,0.0,0.0,2237.792188469011,2237.8589994610074,2237.8589994610074,2237.8254084471782,2237.7593395430285,2237.726861685573,2237.570038985255,2237.726861685573,2237.726861685573,2237.8254084471782,2237.7593395430285,2237.726861685573,2237.6006612613974,2237.8254084471782,2237.792188469011,2237.663019240684,2237.726861685573,2237.6947549128004,2237.6316546850153,2237.6006612613974,2237.5099079361603,2237.7593395430285,2237.8589994610074,2237.663019240684,2237.663019240684,2237.663019240684,2237.726861685573,2237.6006612613974,2237.6006612613974,2237.6316546850153,2237.726861685573,2237.726861685573,2237.6947549128004,2237.792188469011,2237.6947549128004,2237.663019240684,2237.6947549128004,0.0,2237.6006612613974,2237.6316546850153,2237.6006612613974,2237.663019240684,2237.480399193134,2237.6316546850153,2237.6006612613974,2237.7593395430285,2237.6316546850153,2237.570038985255,2237.570038985255,2237.6006612613974,2237.480399193134,2237.6006612613974,2237.5099079361603,2237.4512616574316,2237.6316546850153,2237.480399193134,2237.6006612613974,2237.663019240684,2237.792188469011,2237.792188469011,2237.8254084471782,0.0,2237.792188469011,2237.7593395430285,2237.792188469011,2237.8589994610074,2237.7593395430285,2237.8254084471782,2237.8589994610074,2237.726861685573,2237.8589994610074,2237.8589994610074,2237.792188469011,2237.8254084471782,2237.8589994610074,0.0,2237.8589994610074,2237.8589994610074,2237.8254084471782,0.0,0.0,2237.8589994610074,2237.8589994610074,0.0,2237.8589994610074,2237.8254084471782,2237.792188469011,2237.792188469011,2237.8589994610074,2237.792188469011,2237.726861685573,2237.8254084471782,0.0,0.0,2237.8589994610074,2237.8589994610074,0.0,2237.8589994610074,2237.8254084471782,0.0,2237.8589994610074,2237.792188469011,0.0,2237.8254084471782,2237.8254084471782,2237.8589994610074,2237.8254084471782,2237.8589994610074,2237.663019240684,2237.7593395430285,2237.570038985255,2237.570038985255,2237.663019240684,2237.6006612613974,2237.726861685573,2237.6947549128004,2237.6006612613974,2237.7593395430285,2237.663019240684,2237.663019240684,2237.6947549128004,2237.570038985255,2237.663019240684,2237.6947549128004,2237.5397878718245,2237.6947549128004,2237.663019240684,2237.7593395430285,2237.726861685573,2237.6006612613974,2237.7593395430285,2237.726861685573,2237.6316546850153,2237.5099079361603,2237.663019240684,2237.6006612613974,2237.726861685573,2237.7593395430285,2237.6006612613974,2237.792188469011,2237.792188469011,2237.663019240684,2237.5099079361603,2237.726861685573,2237.663019240684,2237.6006612613974,2237.6947549128004,2237.726861685573,2237.726861685573,2237.6947549128004,2237.6316546850153,2237.663019240684,2237.4512616574316,2237.792188469011,2237.8589994610074,0.0,2237.8589994610074,0.0,2237.8589994610074,0.0,0.0,0.0,0.0,0.0,0.0,2237.8589994610074,0.0,0.0,2237.8254084471782,2237.8589994610074,2237.8589994610074,0.0,0.0,0.0,0.0,0.0,0.0,2237.8589994610074,0.0,0.0,2237.8589994610074,0.0,2237.8589994610074,0.0,0.0,0.0,2237.8254084471782,2237.8589994610074,0.0,0.0,0.0,0.0,0.0,2237.8589994610074,2237.8254084471782,0.0,0.0,0.0,0.0,2237.8589994610074,2237.8589994610074,0.0,0.0,0.0,0.0,0.0,0.0,0.0,0.0,0.0,0.0,2237.8254084471782,0.0
2237.8589994610074,0.0,0.0,0.0,0.0,0.0,2237.8589994610074,0.0,0.0,2237.8589994610074,0.0,0.0,0.0,2237.8589994610074,0.0,0.0,0.0,0.0,0.0,2237.8589994610074,0.0,0.0,0.0,0.0,0.0,0.0,0.0,0.0,2237.8589994610074,2237.8589994610074,0.0,0.0,0.0,0.0,0.0,2237.8589994610074,2237.8589994610074,2237.8589994610074,0.0,0.0,0.0,0.0,0.0,2237.8589994610074,2237.6947549128004,2237.8254084471782,2237.6316546850153,2237.7593395430285,2237.792188469011,2237.792188469011,2237.663019240684,2237.792188469011,2237.663019240684,2237.8254084471782,2237.792188469011,2237.6006612613974,2237.6947549128004,2237.6947549128004,2237.8254084471782,2237.570038985255,2237.7593395430285,2237.6947549128004,2237.726861685573,2237.6316546850153,2237.726861685573,2237.6316546850153,2237.7593395430285,2237.663019240684,2237.792188469011,2237.6947549128004,2237.8589994610074,2237.663019240684,2237.6947549128004,2237.726861685573,2237.726861685573,2237.7593395430285,2237.726861685573,2237.6316546850153,2237.6316546850153,2237.6947549128004,2237.6006612613974,2237.570038985255,2237.6006612613974,2237.570038985255,2237.5099079361603,2237.5099079361603,2237.4512616574316,2237.6316546850153,2237.570038985255,2237.5397878718245,2237.5099079361603,2237.4512616574316,2237.480399193134,2237.570038985255,2237.6006612613974,2237.5397878718245,2237.6947549128004,2237.7593395430285,2237.8254084471782,2237.663019240684,2237.792188469011,2237.7593395430285,2237.8254084471782,2237.7593395430285,2237.7593395430285,2237.8254084471782,2237.792188469011,2237.8254084471782,0.0,2237.792188469011,2237.8254084471782,2237.8254084471782,2237.8254084471782,2237.792188469011,2237.8254084471782,2237.8589994610074,0.0,2237.8589994610074,2237.8589994610074,2237.8254084471782,0.0,0.0,2237.8589994610074,2237.8589994610074,0.0,0.0,2237.8589994610074,2237.8254084471782,0.0,0.0,2237.8254084471782,0.0,2237.7593395430285,0.0,2237.8589994610074,0.0,0.0,0.0,2237.8589994610074,0.0,2237.8589994610074,2237.8254084471782,2237.792188469011,2237.8589994610074,0.0,2237.8589994610074,2237.8589994610074,0.0,2237.8254084471782,2237.792188469011,2237.8589994610074,2237.7593395430285,2237.6316546850153,2237.4512616574316,2237.6006612613974,2237.5397878718245,2237.792188469011,2237.792188469011,2237.6006612613974,2237.6947549128004,2237.6316546850153,2237.663019240684,2237.6006612613974,0.0,2237.6006612613974,2237.663019240684,2237.6947549128004,2237.8254084471782,2237.6006612613974,2237.422495343555,2237.663019240684,2237.6947549128004,2237.6006612613974,2237.726861685573,2237.6006612613974,2237.6947549128004,2237.663019240684,2237.6947549128004,2237.726861685573,2237.570038985255,2237.6947549128004,2237.6947549128004,2237.663019240684,2237.6316546850153,2237.6006612613974,2237.6006612613974,2237.6006612613974,2237.6006612613974,2237.663019240684,2237.6316546850153,2237.5099079361603,2237.6006612613974,2237.6316546850153,2237.792188469011,2237.663019240684,2237.792188469011,2237.7593395430285,0.0,2237.8589994610074,0.0,2237.8589994610074,0.0,0.0,0.0,0.0,0.0,2237.8589994610074,0.0,0.0,0.0,0.0,2237.8589994610074,0.0,2237.8589994610074,0.0,0.0,0.0,0.0,0.0,0.0,2237.8589994610074,2237.8254084471782,0.0,0.0,2237.8589994610074,2237.8589994610074,0.0,0.0,0.0,0.0,2237.8589994610074,0.0,0.0,0.0,0.0,2237.8589994610074,0.0,0.0,0.0,0.0,0.0,2237.8589994610074,0.0,2237.8589994610074,0.0,0.0,0.0,0.0,2237.8589994610074,0.0,0.0,0.0,0.0,0.0,2237.8589994610074,0.0
0.0,0.0,2237.8589994610074,0.0,0.0,0.0,0.0,0.0,2237.8589994610074,2237.8589994610074,0.0,0.0,0.0,0.0,2237.8589994610074,2237.8254084471782,0.0,2237.8589994610074,0.0,2237.8589994610074,2237.8589994610074,0.0,0.0,0.0,0.0,0.0,2237.8589994610074,0.0,0.0,0.0,0.0,0.0,0.0,0.0,0.0,2237.8589994610074,0.0,0.0,0.0,2237.8589994610074,0.0,0.0,2237.8254084471782,0.0,2237.8254084471782,2237.8254084471782,2237.7593395430285,2237.6947549128004,2237.7593395430285,2237.8589994610074,2237.8589994610074,2237.792188469011,2237.726861685573,2237.7593395430285,2237.792188469011,2237.726861685573,2237.726861685573,2237.6947549128004,2237.663019240684,2237.726861685573,2237.8589994610074,2237.4512616574316,2237.7593395430285,2237.6006612613974,2237.726861685573,2237.663019240684,2237.570038985255,2237.663019240684,2237.726861685573,2237.6947549128004,2237.7593395430285,2237.663019240684,2237.726861685573,2237.6316546850153,2237.6006612613974,2237.5397878718245,2237.726861685573,2237.570038985255,2237.663019240684,2237.6316546850153,2237.7593395430285,2237.7593395430285,2237.7593395430285,2237.6006612613974,2237.663019240684,2237.5397878718245,2237.570038985255,2237.7593395430285,2237.5397878718245,2237.3384238751473,2237.7593395430285,2237.5397878718245,2237.6006612613974,2237.6006612613974,2237.480399193134,2237.570038985255,2237.726861685573,2237.7593395430285,2237.8589994610074,2237.8589994610074,2237.7593395430285,2237.8254084471782,2237.7593395430285,2237.792188469011,2237.792188469011,0.0,2237.792188469011,2237.8589994610074,2237.8254084471782,2237.8589994610074,2237.8254084471782,2237.8589994610074,2237.8254084471782,2237.663019240684,0.0,2237.8589994610074,0.0,0.0,0.0,2237.8589994610074,2237.792188469011,0.0,2237.8589994610074,0.0,0.0,2237.8589994610074,2237.8254084471782,2237.8254084471782,0.0,2237.8254084471782,2237.8589994610074,0.0,0.0,0.0,2237.8589994610074,2237.8254084471782,2237.8589994610074,0.0,2237.8589994610074,2237.8589994610074,2237.792188469011,2237.792188469011,2237.8254084471782,0.0,0.0,2237.8589994610074,2237.8254084471782,2237.8589994610074,2237.8589994610074,2237.8254084471782,0.0,2237.7593395430285,2237.663019240684,2237.570038985255,2237.366076438371,2237.570038985255,2237.663019240684,2237.663019240684,2237.7593395430285,2237.6316546850153,2237.8589994610074,2237.6316546850153,2237.726861685573,2237.792188469011,2237.7593395430285,2237.792188469011,2237.8589994610074,2237.792188469011,2237.726861685573,2237.663019240684,2237.663019240684,2237.8254084471782,2237.726861685573,2237.6316546850153,2237.7593395430285,2237.6316546850153,2237.570038985255,2237.726861685573,2237.726861685573,2237.6947549128004,2237.6006612613974,2237.6947549128004,2237.6947549128004,2237.6947549128004,2237.570038985255,2237.726861685573,2237.663019240684,2237.6006612613974,2237.7593395430285,2237.5099079361603,2237.663019240684,2237.663019240684,2237.6316546850153,2237.792188469011,2237.792188469011,2237.792188469011,2237.8254084471782,2237.8589994610074,0.0,2237.8589994610074,2237.8254084471782,0.0,2237.8254084471782,0.0,0.0,0.0,0.0,0.0,0.0,2237.8589994610074,0.0,2237.8589994610074,0.0,0.0,0.0,0.0,2237.8589994610074,2237.8589994610074,0.0,0.0,0.0,0.0,0.0,2237.8254084471782,0.0,2237.8589994610074,2237.8589994610074,2237.8589994610074,0.0,2237.8589994610074,0.0,0.0,0.0,0.0,0.0,0.0,0.0,0.0,0.0,0.0,0.0,0.0,0.0,2237.8589994610074,0.0,2237.8589994610074,0.0,2237.8589994610074,2237.8589994610074,0.0,0.0,0.0,0.0,0.0,2237.8254084471782,0.0
0.0,0.0,2237.8589994610074,0.0,0.0,0.0,2237.8589994610074,0.0,2237.8589994610074,0.0,0.0,2237.8589994610074,0.0,0.0,2237.8589994610074,0.0,2237.8589994610074,0.0,0.0,0.0,2237.8589994610074,0.0,0.0,0.0,0.0,0.0,0.0,0.0,0.0,0.0,0.0,0.0,0.0,0.0,2237.8254084471782,0.0,2237.8589994610074,0.0,0.0,0.0,2237.8589994610074,2237.7593395430285,2237.8254084471782,0.0,2237.8254084471782,2237.8254084471782,2237.7593395430285,2237.726861685573,2237.792188469011,2237.726861685573,2237.726861685573,2237.7593395430285,2237.726861685573,2237.7593395430285,2237.6947549128004,2237.663019240684,2237.726861685573,2237.6947549128004,2237.792188469011,2237.663019240684,2237.6006612613974,2237.6316546850153,2237.570038985255,2237.6947549128004,2237.8589994610074,2237.726861685573,2237.7593395430285,2237.6947549128004,2237.6947549128004,2237.8254084471782,2237.6947549128004,2237.8254084471782,2237.6947549128004,2237.663019240684,2237.570038985255,2237.570038985255,2237.663019240684,2237.663019240684,2237.6316546850153,2237.663019240684,2237.792188469011,2237.7593395430285,2237.5397878718245,2237.5397878718245,2237.4512616574316,2237.5397878718245,2237.6316546850153,2237.8254084471782,2237.480399193134,2237.6006612613974,2237.5397878718245,2237.663019240684,2237.792188469011,2237.6316546850153,2237.6947549128004,2237.792188469011,2237.8254084471782,2237.6006612613974,2237.792188469011,2237.8254084471782,2237.7593395430285,2237.792188469011,2237.6947549128004,2237.792188469011,2237.8589994610074,2237.792188469011,0.0,2237.8589994610074,2237.8254084471782,2237.8254084471782,2237.792188469011,2237.8589994610074,2237.7593395430285,2237.8589994610074,0.0,2237.8254084471782,2237.8589994610074,2237.792188469011,0.0,2237.8254084471782,0.0,2237.8589994610074,0.0,2237.8254084471782,2237.8589994610074,2237.8589994610074,2237.8254084471782,0.0,0.0,2237.8589994610074,2237.8254084471782,0.0,0.0,0.0,2237.8589994610074,2237.8254084471782,2237.8254084471782,2237.8589994610074,0.0,2237.8589994610074,2237.8254084471782,0.0,2237.726861685573,2237.8254084471782,0.0,2237.8589994610074,2237.8589994610074,2237.8589994610074,0.0,2237.8254084471782,2237.726861685573,2237.726861685573,2237.663019240684,2237.4512616574316,2237.480399193134,2237.5099079361603,2237.663019240684,2237.663019240684,2237.6947549128004,2237.6947549128004,2237.6006612613974,2237.7593395430285,2237.480399193134,2237.663019240684,2237.663019240684,2237.663019240684,2237.6316546850153,2237.6316546850153,2237.6316546850153,2237.663019240684,2237.8254084471782,2237.7593395430285,2237.663019240684,2237.7593395430285,2237.6316546850153,2237.726861685573,2237.6006612613974,2237.663019240684,2237.726861685573,2237.663019240684,2237.726861685573,2237.792188469011,2237.6006612613974,2237.6006612613974,2237.663019240684,2237.6316546850153,2237.663019240684,2237.6006612613974,2237.6006612613974,2237.8254084471782,2237.570038985255,2237.6316546850153,2237.726861685573,2237.6947549128004,2237.792188469011,2237.6947549128004,2237.792188469011,2237.792188469011,0.0,0.0,0.0,2237.8589994610074,0.0,0.0,0.0,2237.8589994610074,0.0,2237.8254084471782,2237.8589994610074,0.0,0.0,0.0,2237.8589994610074,0.0,2237.8589994610074,0.0,0.0,2237.8589994610074,0.0,0.0,0.0,0.0,0.0,2237.8589994610074,0.0,0.0,0.0,0.0,0.0,0.0,0.0,0.0,0.0,0.0,0.0,2237.8254084471782,2237.8589994610074,0.0,0.0,0.0,0.0,0.0,0.0,0.0,0.0,2237.8589994610074,0.0,0.0,0.0,2237.8589994610074,0.0,2237.8589994610074,0.0,0.0,0.0,0.0
0.0,0.0,0.0,0.0,0.0,2237.8589994610074,0.0,0.0,0.0,0.0,2237.8589994610074,0.0,0.0,0.0,0.0,0.0,0.0,2237.8589994610074,0.0,0.0,2237.8589994610074,0.0,2237.8254084471782,0.0,2237.8589994610074,0.0,0.0,0.0,2237.8589994610074,2237.8254084471782,0.0,0.0,0.0,0.0,2237.8254084471782,0.0,0.0,2237.8589994610074,0.0,2237.8589994610074,2237.8589994610074,2237.8254084471782,2237.7593395430285,2237.8254084471782,2237.8589994610074,2237.8254084471782,2237.663019240684,2237.792188469011,2237.8254084471782,2237.7593395430285,2237.726861685573,2237.726861685573,2237.663019240684,2237.726861685573,2237.8589994610074,2237.726861685573,2237.6947549128004,2237.663019240684,2237.6316546850153,2237.6947549128004,2237.570038985255,2237.792188469011,2237.6006612613974,2237.6316546850153,2237.570038985255,2237.6947549128004,2237.6947549128004,2237.663019240684,2237.6006612613974,2237.570038985255,2237.726861685573,2237.663019240684,2237.5099079361603,2237.663019240684,2237.663019240684,2237.7593395430285,2237.6006612613974,2237.570038985255,2237.726861685573,2237.726861685573,2237.726861685573,2237.6006612613974,2237.6316546850153,2237.6316546850153,2237.5099079361603,2237.6316546850153,2237.726861685573,2237.6006612613974,2237.422495343555,2237.6006612613974,2237.570038985255,2237.726861685573,2237.6316546850153,2237.726861685573,2237.6947549128004,2237.792188469011,2237.8589994610074,2237.8254084471782,2237.8254084471782,2237.8254084471782,2237.8254084471782,0.0,2237.7593395430285,2237.8589994610074,2237.6947549128004,2237.7593395430285,2237.8254084471782,0.0,0.0,2237.8254084471782,2237.7593395430285,2237.8254084471782,2237.8589994610074,2237.792188469011,0.0,2237.8254084471782,0.0,2237.726861685573,2237.8589994610074,2237.792188469011,0.0,0.0,0.0,0.0,0.0,0.0,0.0,0.0,0.0,0.0,0.0,2237.8589994610074,2237.8589994610074,0.0,2237.8589994610074,0.0,0.0,2237.8589994610074,0.0,2237.8589994610074,0.0,2237.8589994610074,2237.8589994610074,2237.8254084471782,2237.8254084471782,2237.8589994610074,0.0,2237.8589994610074,2237.8589994610074,2237.8254084471782,2237.8254084471782,2237.792188469011,2237.5397878718245,2237.5099079361603,2237.4512616574316,2237.663019240684,2237.6947549128004,2237.6006612613974,2237.6316546850153,2237.6316546850153,2237.6316546850153,2237.570038985255,2237.6316546850153,2237.663019240684,2237.5099079361603,2237.6006612613974,2237.6947549128004,2237.6006612613974,2237.663019240684,2237.663019240684,2237.6316546850153,2237.6947549128004,2237.7593395430285,2237.5099079361603,2237.570038985255,2237.5397878718245,2237.6006612613974,2237.663019240684,2237.726861685573,2237.726861685573,2237.6006612613974,2237.726861685573,2237.7593395430285,2237.6947549128004,2237.6316546850153,2237.6006612613974,2237.6947549128004,2237.663019240684,2237.792188469011,2237.792188469011,2237.7593395430285,2237.663019240684,2237.792188469011,2237.7593395430285,2237.8589994610074,2237.726861685573,2237.792188469011,2237.792188469011,2237.8589994610074,2237.8254084471782,0.0,0.0,0.0,0.0,0.0,0.0,0.0,2237.8254084471782,0.0,2237.8589994610074,2237.8589994610074,2237.8589994610074,2237.8589994610074,0.0,0.0,0.0,2237.8589994610074,0.0,0.0,0.0,0.0,0.0,0.0,0.0,0.0,2237.8589994610074,0.0,0.0,2237.8589994610074,0.0,2237.8589994610074,2237.8589994610074,0.0,0.0,0.0,0.0,0.0,2237.8589994610074,0.0,0.0,2237.8254084471782,0.0,0.0,0.0,0.0,0.0,2237.8589994610074,0.0,0.0,0.0,0.0,0.0,0.0,2237.8589994610074,2237.8254084471782,0.0
0.0,0.0,0.0,0.0,2237.8589994610074,0.0,2237.8589994610074,2237.8589994610074,0.0,2237.792188469011,0.0,0.0,0.0,0.0,0.0,2237.8589994610074,0.0,2237.8589994610074,0.0,2237.8589994610074,0.0,0.0,0.0,0.0,2237.792188469011,0.0,0.0,2237.8254084471782,0.0,0.0,0.0,0.0,0.0,2237.8589994610074,0.0,0.0,2237.8589994610074,0.0,0.0,0.0,2237.8589994610074,2237.8589994610074,2237.8589994610074,0.0,2237.8589994610074,2237.792188469011,2237.8589994610074,2237.8589994610074,2237.726861685573,2237.792188469011,2237.726861685573,2237.792188469011,2237.726861685573,2237.792188469011,2237.663019240684,2237.663019240684,2237.6316546850153,2237.7593395430285,2237.7593395430285,2237.726861685573,2237.8254084471782,2237.6316546850153,2237.6006612613974,2237.6006612613974,2237.6316546850153,2237.6947549128004,2237.7593395430285,2237.726861685573,2237.6316546850153,2237.6006612613974,2237.6947549128004,2237.6006612613974,2237.5397878718245,2237.422495343555,2237.6947549128004,2237.5099079361603,2237.6947549128004,2237.6006612613974,2237.7593395430285,2237.6947549128004,2237.570038985255,2237.663019240684,2237.6316546850153,2237.792188469011,2237.480399193134,2237.663019240684,2237.4512616574316,2237.792188469011,2237.3941002658235,2237.366076438371,2237.570038985255,2237.663019240684,2237.726861685573,2237.7593395430285,2237.792188469011,2237.663019240684,2237.8589994610074,2237.8254084471782,2237.8589994610074,2237.7593395430285,2237.726861685573,2237.792188469011,2237.7593395430285,2237.792188469011,2237.7593395430285,2237.6947549128004,2237.792188469011,2237.7593395430285,2237.8254084471782,2237.8254084471782,2237.8254084471782,2237.8254084471782,2237.8589994610074,2237.8589994610074,2237.8254084471782,2237.792188469011,2237.8589994610074,2237.8589994610074,2237.8589994610074,2237.7593395430285,0.0,2237.8589994610074,2237.8254084471782,0.0,0.0,2237.8589994610074,0.0,2237.8589994610074,2237.8254084471782,2237.8589994610074,0.0,0.0,0.0,0.0,2237.8254084471782,0.0,2237.8254084471782,2237.8254084471782,2237.8589994610074,0.0,2237.8589994610074,2237.8589994610074,0.0,2237.8254084471782,0.0,2237.8254084471782,2237.8254084471782,0.0,0.0,2237.8589994610074,2237.792188469011,2237.6316546850153,2237.6006612613974,2237.570038985255,2237.6006612613974,2237.792188469011,2237.7593395430285,2237.6316546850153,2237.570038985255,2237.792188469011,2237.6316546850153,2237.792188469011,2237.6316546850153,2237.6006612613974,2237.6947549128004,2237.7593395430285,2237.6006612613974,2237.7593395430285,2237.726861685573,2237.663019240684,2237.5397878718245,2237.6316546850153,2237.7593395430285,2237.726861685573,2237.6316546850153,2237.6006612613974,2237.6316546850153,2237.7593395430285,2237.6947549128004,2237.6947549128004,2237.6006612613974,2237.8589994610074,2237.726861685573,2237.6316546850153,2237.726861685573,2237.6006612613974,2237.726861685573,2237.6006612613974,2237.663019240684,2237.726861685573,2237.726861685573,2237.726861685573,2237.726861685573,2237.792188469011,2237.726861685573,2237.7593395430285,2237.8589994610074,0.0,0.0,0.0,0.0,2237.8589994610074,2237.8254084471782,0.0,0.0,2237.8254084471782,0.0,2237.8589994610074,0.0,2237.8589994610074,0.0,0.0,2237.8589994610074,0.0,2237.8589994610074,0.0,2237.8589994610074,2237.8589994610074,0.0,0.0,0.0,0.0,0.0,0.0,2237.8589994610074,0.0,2237.8589994610074,0.0,2237.8589994610074,0.0,0.0,0.0,2237.8254084471782,0.0,2237.8589994610074,2237.8589994610074,2237.8589994610074,2237.8589994610074,2237.8589994610074,0.0,0.0,2237.8589994610074,2237.8589994610074,0.0,2237.8254084471782,2237.8254084471782,0.0,0.0,2237.8589994610074,2237.792188469011,2237.8589994610074,0.0,2237.8589994610074,2237.8589994610074,2237.8589994610074,0.0
0.0,0.0,0.0,0.0,0.0,0.0,0.0,0.0,2237.8589994610074,2237.8589994610074,0.0,0.0,0.0,2237.8254084471782,0.0,0.0,0.0,0.0,0.0,0.0,2237.8589994610074,2237.8589994610074,0.0,0.0,0.0,0.0,2237.8589994610074,0.0,2237.8254084471782,0.0,2237.8589994610074,0.0,0.0,0.0,2237.8589994610074,0.0,0.0,0.0,2237.8254084471782,0.0,0.0,0.0,0.0,0.0,0.0,2237.8589994610074,2237.8254084471782,2237.726861685573,2237.792188469011,2237.726861685573,0.0,2237.792188469011,2237.792188469011,2237.7593395430285,2237.7593395430285,2237.726861685573,2237.663019240684,2237.6316546850153,2237.726861685573,2237.6006612613974,2237.792188469011,2237.663019240684,2237.726861685573,2237.792188469011,2237.7593395430285,2237.663019240684,2237.570038985255,2237.792188469011,2237.6006612613974,2237.5397878718245,2237.5099079361603,2237.6316546850153,2237.726861685573,2237.726861685573,2237.5397878718245,2237.6316546850153,2237.6947549128004,2237.6947549128004,2237.570038985255,2237.6316546850153,2237.5397878718245,2237.6006612613974,2237.570038985255,2237.6316546850153,2237.422495343555,2237.366076438371,2237.5397878718245,2237.6316546850153,2237.5397878718245,2237.6006612613974,2237.480399193134,2237.570038985255,2237.7593395430285,2237.7593395430285,2237.7593395430285,2237.8254084471782,2237.7593395430285,2237.8254084471782,2237.663019240684,2237.6947549128004,2237.7593395430285,2237.7593395430285,2237.8254084471782,2237.6947549128004,2237.6316546850153,2237.480399193134,2237.570038985255,2237.5099079361603,2237.726861685573,2237.8589994610074,2237.8589994610074,2237.792188469011,0.0,0.0,2237.8589994610074,2237.8254084471782,2237.792188469011,2237.8254084471782,2237.8589994610074,2237.8589994610074,2237.8254084471782,0.0,0.0,0.0,2237.8589994610074,0.0,0.0,0.0,2237.8589994610074,2237.8589994610074,0.0,2237.8589994610074,0.0,2237.8589994610074,0.0,2237.8254084471782,2237.8254084471782,0.0,0.0,0.0,2237.8589994610074,2237.8589994610074,0.0,0.0,0.0,2237.8254084471782,2237.8589994610074,0.0,0.0,2237.8589994610074,2237.792188469011,2237.792188469011,2237.6316546850153,2237.570038985255,2237.6947549128004,2237.792188469011,2237.6006612613974,2237.792188469011,2237.726861685573,2237.6316546850153,2237.663019240684,2237.6316546850153,2237.6006612613974,2237.7593395430285,2237.6316546850153,2237.6316546850153,2237.570038985255,2237.8254084471782,2237.6947549128004,2237.726861685573,2237.726861685573,2237.6006612613974,2237.726861685573,2237.663019240684,2237.6947549128004,2237.6947549128004,2237.6316546850153,2237.663019240684,2237.7593395430285,2237.6006612613974,2237.726861685573,2237.6006612613974,2237.7593395430285,2237.6006612613974,2237.6947549128004,2237.792188469011,2237.6006612613974,2237.792188469011,2237.663019240684,2237.5397878718245,2237.663019240684,2237.726861685573,2237.792188469011,2237.792188469011,2237.792188469011,2237.8254084471782,2237.8589994610074,2237.8589994610074,2237.8589994610074,0.0,0.0,0.0,0.0,0.0,2237.8589994610074,0.0,0.0,0.0,0.0,0.0,0.0,0.0,2237.8589994610074,2237.8589994610074,0.0,0.0,0.0,2237.8589994610074,0.0,2237.8254084471782,2237.8254084471782,0.0,0.0,0.0,0.0,2237.8589994610074,0.0,0.0,0.0,0.0,0.0,0.0,0.0,0.0,0.0,2237.8589994610074,0.0,2237.8589994610074,0.0,2237.8589994610074,2237.8589994610074,0.0,0.0,0.0,2237.8589994610074,2237.8589994610074,0.0,2237.8254084471782,0.0,2237.8254084471782,2237.8589994610074,0.0,0.0,0.0,0.0,0.0
0.0,2237.792188469011,0.0,0.0,0.0,0.0,2237.8589994610074,0.0,0.0,0.0,0.0,0.0,0.0,0.0,0.0,0.0,2237.8589994610074,2237.8254084471782,0.0,0.0,0.0,0.0,0.0,0.0,0.0,0.0,0.0,2237.8589994610074,2237.8589994610074,0.0,0.0,0.0,2237.8589994610074,0.0,0.0,0.0,2237.8589994610074,0.0,0.0,0.0,0.0,2237.8589994610074,0.0,2237.8589994610074,0.0,0.0,2237.792188469011,2237.726861685573,2237.6316546850153,2237.792188469011,0.0,2237.7593395430285,2237.7593395430285,2237.8254084471782,2237.726861685573,2237.792188469011,2237.6947549128004,2237.726861685573,2237.7593395430285,2237.7593395430285,2237.8254084471782,2237.792188469011,2237.726861685573,2237.663019240684,2237.6316546850153,2237.663019240684,2237.663019240684,2237.5397878718245,2237.480399193134,2237.6006612613974,2237.6947549128004,2237.726861685573,2237.726861685573,2237.6316546850153,2237.480399193134,2237.5099079361603,2237.5397878718245,2237.6006612613974,2237.726861685573,2237.663019240684,2237.4512616574316,2237.6947549128004,2237.6006612613974,2237.6006612613974,2237.6006612613974,2237.4512616574316,2237.663019240684,2237.6006612613974,2237.6316546850153,2237.5099079361603,2237.6947549128004,2237.726861685573,2237.6947549128004,2237.726861685573,2237.6947549128004,2237.8254084471782,2237.726861685573,2237.7593395430285,2237.792188469011,2237.726861685573,2237.663019240684,2237.726861685573,2237.6947549128004,2237.6947549128004,2237.5397878718245,2237.3941002658235,2237.5397878718245,2237.5099079361603,2237.6947549128004,2237.792188469011,2237.8589994610074,0.0,2237.8589994610074,2237.8589994610074,2237.8589994610074,2237.792188469011,2237.792188469011,2237.8254084471782,2237.8589994610074,0.0,2237.8254084471782,0.0,2237.8589994610074,2237.8589994610074,0.0,0.0,2237.8589994610074,2237.7593395430285,2237.8589994610074,0.0,0.0,2237.8589994610074,0.0,0.0,2237.8254084471782,2237.8589994610074,0.0,2237.8254084471782,0.0,2237.8589994610074,2237.8589994610074,0.0,0.0,2237.8589994610074,0.0,0.0,2237.8589994610074,2237.8589994610074,0.0,2237.792188469011,2237.6006612613974,2237.7593395430285,2237.726861685573,2237.6947549128004,2237.7593395430285,0.0,2237.6947549128004,2237.8254084471782,2237.6947549128004,2237.8254084471782,2237.570038985255,2237.663019240684,2237.726861685573,2237.663019240684,2237.6316546850153,2237.663019240684,2237.7593395430285,2237.5397878718245,2237.570038985255,2237.792188469011,2237.663019240684,2237.570038985255,2237.570038985255,2237.726861685573,2237.726861685573,2237.792188469011,2237.663019240684,2237.6006612613974,2237.480399193134,2237.6947549128004,2237.6947549128004,2237.7593395430285,2237.6006612613974,2237.4512616574316,2237.6316546850153,2237.6316546850153,2237.6316546850153,2237.792188469011,2237.792188469011,2237.6006612613974,2237.726861685573,2237.6947549128004,2237.726861685573,2237.7593395430285,2237.792188469011,2237.8589994610074,0.0,0.0,0.0,2237.8589994610074,0.0,2237.8589994610074,2237.8589994610074,0.0,0.0,0.0,0.0,0.0,0.0,0.0,2237.8589994610074,0.0,0.0,0.0,2237.8589994610074,2237.8254084471782,0.0,0.0,2237.8254084471782,0.0,0.0,0.0,2237.8254084471782,0.0,0.0,0.0,0.0,2237.8254084471782,0.0,0.0,0.0,0.0,0.0,2237.8589994610074,2237.8589994610074,2237.8589994610074,0.0,2237.8589994610074,0.0,2237.8589994610074,0.0,2237.8589994610074,2237.8254084471782,2237.8589994610074,0.0,2237.8589994610074,0.0,0.0,0.0,0.0,0.0,0.0,2237.8254084471782,0.0,0.0,2237.8589994610074
0.0,2237.8589994610074,0.0,0.0,2237.8589994610074,0.0,0.0,0.0,0.0,0.0,0.0,2237.8589994610074,0.0,0.0,0.0,0.0,0.0,0.0,0.0,2237.8589994610074,0.0,0.0,2237.8589994610074,0.0,0.0,0.0,0.0,0.0,0.0,0.0,0.0,0.0,2237.8254084471782,0.0,0.0,2237.8589994610074,0.0,2237.8589994610074,0.0,0.0,0.0,2237.8589994610074,0.0,2237.8589994610074,2237.8254084471782,0.0,2237.792188469011,2237.8589994610074,2237.8589994610074,2237.792188469011,2237.792188469011,2237.726861685573,2237.5397878718245,2237.8589994610074,2237.792188469011,2237.792188469011,2237.8254084471782,2237.7593395430285,2237.6947549128004,2237.8254084471782,2237.6947549128004,2237.6316546850153,2237.792188469011,2237.570038985255,2237.726861685573,2237.6947549128004,2237.726861685573,2237.726861685573,2237.4512616574316,2237.6316546850153,2237.5099079361603,2237.6947549128004,2237.570038985255,2237.570038985255,2237.726861685573,2237.726861685573,2237.7593395430285,2237.726861685573,2237.726861685573,2237.5099079361603,2237.5099079361603,2237.570038985255,2237.570038985255,2237.422495343555,2237.5099079361603,2237.3941002658235,2237.570038985255,2237.5397878718245,2237.6947549128004,2237.3941002658235,2237.663019240684,2237.6947549128004,2237.6947549128004,2237.6316546850153,2237.726861685573,2237.726861685573,2237.6947549128004,2237.792188469011,2237.6316546850153,2237.8254084471782,2237.792188469011,2237.7593395430285,2237.6947549128004,2237.8254084471782,2237.8589994610074,2237.663019240684,2237.570038985255,2237.726861685573,2237.792188469011,2237.8254084471782,2237.8589994610074,2237.8254084471782,2237.8589994610074,0.0,2237.8589994610074,0.0,2237.792188469011,0.0,2237.8254084471782,0.0,0.0,0.0,2237.8589994610074,2237.8589994610074,2237.8254084471782,2237.8254084471782,2237.8589994610074,0.0,2237.8589994610074,2237.8589994610074,2237.8589994610074,0.0,2237.8589994610074,2237.8589994610074,2237.8254084471782,0.0,0.0,2237.792188469011,2237.8589994610074,2237.8589994610074,2237.8589994610074,2237.8589994610074,2237.792188469011,2237.8589994610074,2237.8589994610074,2237.8254084471782,0.0,2237.8589994610074,2237.8254084471782,2237.792188469011,2237.7593395430285,2237.726861685573,2237.792188469011,2237.663019240684,2237.7593395430285,2237.570038985255,2237.663019240684,2237.663019240684,2237.6316546850153,2237.6006612613974,2237.6006612613974,2237.570038985255,2237.6006612613974,2237.8589994610074,2237.6947549128004,2237.7593395430285,2237.663019240684,2237.5099079361603,2237.6316546850153,2237.7593395430285,2237.6947549128004,2237.6947549128004,2237.6316546850153,2237.663019240684,2237.663019240684,2237.6316546850153,2237.7593395430285,2237.6947549128004,2237.570038985255,2237.7593395430285,2237.7593395430285,2237.726861685573,2237.6947549128004,2237.6947549128004,2237.6316546850153,2237.6947549128004,2237.6316546850153,2237.726861685573,2237.8254084471782,2237.726861685573,2237.7593395430285,2237.726861685573,0.0,2237.7593395430285,2237.792188469011,0.0,0.0,2237.8589994610074,0.0,0.0,0.0,2237.8589994610074,2237.8254084471782,2237.8589994610074,0.0,0.0,0.0,0.0,0.0,0.0,0.0,0.0,0.0,0.0,2237.8589994610074,0.0,0.0,2237.8589994610074,2237.8589994610074,2237.8589994610074,0.0,2237.8589994610074,0.0,0.0,0.0,0.0,0.0,0.0,2237.8589994610074,0.0,0.0,2237.8589994610074,0.0,2237.8589994610074,0.0,0.0,2237.8589994610074,2237.8589994610074,2237.8254084471782,2237.8254084471782,2237.8589994610074,2237.8589994610074,0.0,0.0,0.0,2237.792188469011,2237.8254084471782,2237.792188469011,0.0,0.0,2237.8589994610074,2237.8254084471782,0.0,2237.8589994610074,0.0,0.0
0.0,2237.8589994610074,0.0,0.0,0.0,0.0,0.0,0.0,0.0,0.0,0.0,0.0,0.0,0.0,2237.8589994610074,0.0,2237.8589994610074,0.0,0.0,0.0,2237.8254084471782,2237.8589994610074,0.0,0.0,0.0,2237.8589994610074,0.0,0.0,0.0,2237.8589994610074,0.0,0.0,2237.8589994610074,0.0,0.0,2237.8589994610074,0.0,2237.8589994610074,2237.8589994610074,0.0,2237.8589994610074,0.0,0.0,0.0,0.0,0.0,2237.8589994610074,0.0,2237.8254084471782,0.0,2237.792188469011,2237.663019240684,2237.726861685573,2237.7593395430285,2237.726861685573,2237.6006612613974,2237.792188469011,2237.792188469011,2237.726861685573,2237.663019240684,2237.6316546850153,2237.5397878718245,2237.8589994610074,2237.726861685573,2237.792188469011,2237.6316546850153,2237.6947549128004,2237.6947549128004,2237.7593395430285,2237.6006612613974,2237.663019240684,2237.5397878718245,2237.6947549128004,2237.6316546850153,2237.5397878718245,2237.6006612613974,2237.726861685573,2237.8254084471782,2237.726861685573,2237.726861685573,2237.7593395430285,2237.6006612613974,2237.480399193134,2237.570038985255,2237.5397878718245,2237.6006612613974,2237.4512616574316,2237.3941002658235,2237.5099079361603,2237.4512616574316,2237.792188469011,2237.663019240684,2237.726861685573,2237.663019240684,2237.6947549128004,2237.8254084471782,2237.7593395430285,2237.663019240684,2237.7593395430285,2237.726861685573,2237.8589994610074,0.0,2237.726861685573,2237.663019240684,2237.726861685573,2237.726861685573,2237.8254084471782,2237.663019240684,2237.726861685573,2237.792188469011,0.0,2237.8589994610074,2237.8589994610074,2237.8254084471782,2237.8589994610074,2237.792188469011,2237.8589994610074,0.0,0.0,2237.8589994610074,2237.8589994610074,0.0,2237.8589994610074,2237.8589994610074,2237.8254084471782,2237.8254084471782,0.0,2237.8589994610074,2237.8254084471782,0.0,2237.8589994610074,2237.8589994610074,2237.8254084471782,2237.8589994610074,2237.8589994610074,0.0,0.0,2237.8254084471782,2237.8589994610074,2237.8254084471782,2237.8589994610074,0.0,0.0,0.0,2237.8589994610074,2237.8254084471782,0.0,0.0,2237.8589994610074,2237.792188469011,2237.792188469011,2237.6947549128004,2237.6947549128004,2237.726861685573,2237.663019240684,2237.570038985255,2237.6947549128004,2237.422495343555,2237.6006612613974,2237.792188469011,2237.6947549128004,2237.4512616574316,2237.6006612613974,2237.792188469011,2237.792188469011,2237.7593395430285,2237.6947549128004,2237.6006612613974,2237.6947549128004,2237.663019240684,2237.6947549128004,2237.792188469011,2237.6316546850153,2237.6006612613974,2237.6006612613974,2237.480399193134,2237.792188469011,2237.5099079361603,2237.570038985255,2237.726861685573,2237.726861685573,2237.7593395430285,2237.7593395430285,2237.6947549128004,2237.726861685573,2237.570038985255,2237.792188469011,2237.726861685573,2237.6947549128004,2237.6316546850153,2237.663019240684,2237.6006612613974,2237.663019240684,2237.663019240684,2237.792188469011,2237.8589994610074,0.0,2237.8589994610074,2237.8589994610074,0.0,0.0,2237.8589994610074,0.0,2237.8589994610074,0.0,0.0,0.0,0.0,0.0,0.0,0.0,2237.8589994610074,0.0,0.0,0.0,2237.8589994610074,0.0,2237.8589994610074,0.0,0.0,2237.8589994610074,0.0,0.0,2237.8254084471782,2237.8589994610074,2237.8589994610074,0.0,0.0,0.0,2237.8589994610074,0.0,2237.8589994610074,0.0,2237.8589994610074,2237.8589994610074,0.0,2237.8589994610074,0.0,2237.8589994610074,2237.8589994610074,0.0,0.0,2237.8589994610074,0.0,0.0,0.0,2237.8254084471782,0.0,2237.8254084471782,2237.8589994610074,2237.8254084471782,0.0,0.0,0.0,0.0,2237.8589994610074
0.0,0.0,0.0,0.0,0.0,0.0,2237.8589994610074,0.0,2237.8254084471782,0.0,2237.8254084471782,2237.8589994610074,0.0,0.0,0.0,0.0,0.0,0.0,2237.8589994610074,2237.8589994610074,2237.8589994610074,0.0,0.0,0.0,0.0,0.0,2237.8589994610074,0.0,0.0,2237.8589994610074,0.0,0.0,0.0,0.0,0.0,2237.8589994610074,0.0,0.0,0.0,0.0,2237.8589994610074,0.0,0.0,0.0,2237.792188469011,0.0,2237.8589994610074,0.0,0.0,2237.792188469011,2237.8254084471782,2237.726861685573,2237.6947549128004,2237.663019240684,2237.6947549128004,2237.792188469011,2237.726861685573,2237.663019240684,2237.792188469011,2237.726861685573,2237.792188469011,2237.6947549128004,2237.663019240684,2237.570038985255,2237.726861685573,2237.663019240684,2237.6947549128004,2237.663019240684,2237.726861685573,2237.5397878718245,2237.6316546850153,2237.792188469011,2237.570038985255,2237.6316546850153,2237.7593395430285,2237.663019240684,2237.7593395430285,2237.4512616574316,2237.6006612613974,2237.5397878718245,2237.4512616574316,2237.663019240684,2237.570038985255,2237.663019240684,2237.5099079361603,2237.480399193134,2237.570038985255,2237.5099079361603,2237.366076438371,2237.6006612613974,2237.6947549128004,2237.726861685573,2237.792188469011,2237.6316546850153,2237.6316546850153,2237.726861685573,2237.726861685573,2237.8254084471782,2237.6947549128004,2237.726861685573,2237.7593395430285,2237.8254084471782,2237.8254084471782,0.0,2237.8254084471782,2237.8589994610074,2237.8589994610074,2237.7593395430285,0.0,2237.8589994610074,2237.792188469011,2237.792188469011,0.0,2237.8254084471782,0.0,2237.8589994610074,0.0,0.0,2237.8254084471782,0.0,0.0,2237.8254084471782,0.0,0.0,2237.8589994610074,0.0,0.0,0.0,2237.8589994610074,2237.8589994610074,0.0,0.0,2237.8589994610074,2237.8589994610074,2237.8589994610074,0.0,0.0,2237.8254084471782,2237.8589994610074,0.0,0.0,2237.8589994610074,2237.8589994610074,2237.8254084471782,2237.792188469011,0.0,0.0,2237.8589994610074,0.0,2237.792188469011,2237.6006612613974,2237.8254084471782,2237.726861685573,2237.792188469011,2237.663019240684,2237.663019240684,2237.570038985255,2237.6947549128004,2237.663019240684,2237.6006612613974,2237.7593395430285,2237.8254084471782,2237.6947549128004,2237.663019240684,2237.6006612613974,2237.726861685573,2237.663019240684,2237.8254084471782,2237.726861685573,2237.6947549128004,2237.6006612613974,2237.726861685573,2237.7593395430285,2237.792188469011,2237.6947549128004,2237.570038985255,2237.6947549128004,2237.7593395430285,2237.663019240684,2237.726861685573,2237.5397878718245,2237.7593395430285,2237.6947549128004,2237.8254084471782,2237.6316546850153,2237.726861685573,2237.663019240684,2237.663019240684,2237.6006612613974,2237.5099079361603,2237.6316546850153,2237.8589994610074,2237.663019240684,2237.792188469011,2237.8589994610074,0.0,0.0,2237.8254084471782,0.0,2237.792188469011,0.0,2237.8589994610074,0.0,2237.8589994610074,0.0,0.0,0.0,0.0,0.0,2237.8589994610074,0.0,0.0,2237.8589994610074,2237.8589994610074,0.0,2237.8589994610074,0.0,2237.8589994610074,2237.8589994610074,0.0,0.0,0.0,0.0,0.0,0.0,0.0,2237.8589994610074,2237.8589994610074,0.0,0.0,0.0,0.0,0.0,0.0,0.0,2237.8589994610074,0.0,2237.8589994610074,2237.8589994610074,2237.8254084471782,0.0,0.0,2237.8589994610074,2237.8589994610074,0.0,2237.8589994610074,0.0,2237.8589994610074,0.0,0.0,0.0,0.0,0.0,0.0,2237.8589994610074,0.0
0.0,0.0,0.0,0.0,0.0,0.0,2237.8589994610074,2237.8254084471782,0.0,2237.8589994610074,0.0,2237.8589994610074,0.0,2237.8589994610074,0.0,0.0,0.0,0.0,0.0,0.0,0.0,0.0,0.0,0.0,2237.8589994610074,0.0,0.0,0.0,0.0,2237.8589994610074,0.0,2237.8254084471782,0.0,2237.8589994610074,0.0,0.0,0.0,0.0,0.0,0.0,0.0,0.0,0.0,0.0,2237.8589994610074,0.0,0.0,0.0,2237.8589994610074,2237.8254084471782,2237.8254084471782,2237.792188469011,2237.7593395430285,2237.7593395430285,2237.6947549128004,2237.7593395430285,2237.663019240684,2237.570038985255,2237.663019240684,2237.570038985255,2237.726861685573,2237.6947549128004,2237.726861685573,2237.663019240684,2237.5397878718245,2237.6316546850153,2237.726861685573,2237.6316546850153,2237.6316546850153,2237.6006612613974,2237.663019240684,2237.422495343555,2237.663019240684,2237.663019240684,2237.6316546850153,2237.663019240684,2237.726861685573,2237.7593395430285,2237.6947549128004,2237.663019240684,2237.6316546850153,2237.663019240684,2237.8589994610074,2237.4512616574316,2237.422495343555,2237.570038985255,2237.6947549128004,2237.663019240684,2237.570038985255,2237.6006612613974,2237.726861685573,0.0,2237.726861685573,2237.663019240684,2237.7593395430285,2237.6947549128004,2237.5397878718245,2237.570038985255,2237.726861685573,2237.792188469011,2237.7593395430285,2237.7593395430285,2237.7593395430285,0.0,2237.792188469011,2237.8589994610074,2237.8589994610074,2237.8589994610074,2237.792188469011,2237.8589994610074,0.0,2237.8254084471782,0.0,0.0,2237.726861685573,2237.8589994610074,0.0,0.0,0.0,0.0,0.0,2237.8589994610074,2237.8589994610074,2237.8589994610074,2237.8589994610074,0.0,0.0,0.0,0.0,0.0,0.0,2237.8589994610074,2237.8589994610074,2237.8589994610074,0.0,2237.8589994610074,2237.792188469011,2237.8589994610074,0.0,0.0,0.0,0.0,2237.8589994610074,2237.792188469011,0.0,2237.8589994610074,2237.8254084471782,0.0,0.0,2237.7593395430285,2237.6006612613974,2237.6006612613974,2237.6316546850153,2237.6947549128004,2237.6947549128004,2237.792188469011,2237.726861685573,2237.792188469011,2237.6947549128004,2237.6316546850153,2237.6316546850153,2237.663019240684,2237.663019240684,2237.792188469011,2237.8254084471782,2237.570038985255,2237.6947549128004,2237.7593395430285,2237.663019240684,2237.7593395430285,2237.792188469011,2237.6947549128004,2237.663019240684,2237.8589994610074,2237.6947549128004,2237.6316546850153,2237.5397878718245,2237.6947549128004,2237.6947549128004,2237.726861685573,2237.7593395430285,2237.5397878718245,2237.663019240684,2237.6316546850153,2237.5099079361603,2237.5397878718245,2237.726861685573,2237.663019240684,2237.6947549128004,2237.7593395430285,2237.663019240684,2237.6947549128004,2237.792188469011,2237.8254084471782,2237.8589994610074,2237.8589994610074,0.0,0.0,0.0,2237.8589994610074,2237.8589994610074,0.0,0.0,0.0,0.0,2237.8589994610074,0.0,2237.8589994610074,0.0,2237.8589994610074,0.0,0.0,0.0,0.0,0.0,0.0,0.0,0.0,0.0,0.0,2237.8589994610074,2237.8589994610074,0.0,2237.8589994610074,0.0,0.0,0.0,0.0,0.0,0.0,2237.8589994610074,2237.8589994610074,0.0,0.0,0.0,0.0,0.0,0.0,2237.8589994610074,0.0,2237.8254084471782,2237.8589994610074,0.0,0.0,2237.8589994610074,0.0,0.0,2237.8254084471782,2237.8589994610074,0.0,0.0,0.0,0.0,0.0,2237.8589994610074,2237.8589994610074
0.0,0.0,0.0,0.0,0.0,0.0,0.0,0.0,2237.8589994610074,0.0,0.0,0.0,2237.8589994610074,0.0,2237.8254084471782,0.0,2237.8254084471782,0.0,0.0,0.0,2237.8589994610074,2237.8589994610074,0.0,0.0,0.0,0.0,2237.8589994610074,0.0,0.0,2237.8589994610074,0.0,0.0,0.0,0.0,2237.792188469011,0.0,0.0,0.0,0.0,0.0,0.0,2237.8589994610074,2237.8589994610074,0.0,2237.8589994610074,0.0,0.0,0.0,0.0,2237.8254084471782,2237.792188469011,2237.8254084471782,2237.792188469011,2237.6316546850153,2237.792188469011,2237.6006612613974,2237.726861685573,2237.6947549128004,2237.8254084471782,0.0,2237.663019240684,2237.6947549128004,2237.6947549128004,2237.5397878718245,2237.663019240684,2237.726861685573,2237.6947549128004,2237.726861685573,2237.792188469011,2237.663019240684,2237.480399193134,2237.6316546850153,2237.570038985255,2237.6947549128004,2237.726861685573,2237.5099079361603,2237.570038985255,2237.663019240684,2237.6006612613974,2237.7593395430285,2237.663019240684,2237.5397878718245,2237.663019240684,2237.726861685573,2237.6006612613974,2237.570038985255,2237.726861685573,2237.5099079361603,2237.8254084471782,2237.6006612613974,2237.6006612613974,2237.726861685573,2237.8254084471782,2237.6947549128004,2237.6947549128004,2237.663019240684,2237.663019240684,2237.663019240684,2237.6947549128004,2237.6006612613974,2237.8254084471782,2237.8254084471782,2237.8589994610074,2237.8254084471782,2237.8254084471782,2237.8589994610074,2237.8254084471782,2237.792188469011,2237.8589994610074,0.0,2237.8589994610074,0.0,2237.8589994610074,0.0,0.0,2237.8589994610074,2237.8254084471782,2237.8589994610074,2237.8589994610074,0.0,0.0,0.0,0.0,2237.8589994610074,2237.8589994610074,0.0,0.0,2237.8589994610074,2237.8254084471782,0.0,2237.8589994610074,2237.8589994610074,2237.8589994610074,2237.8589994610074,2237.8589994610074,0.0,0.0,0.0,0.0,0.0,2237.8589994610074,2237.8589994610074,0.0,2237.8589994610074,0.0,0.0,2237.8254084471782,0.0,2237.6947549128004,2237.8254084471782,2237.6316546850153,2237.5397878718245,2237.6947549128004,2237.663019240684,2237.726861685573,2237.6316546850153,2237.6947549128004,2237.792188469011,2237.663019240684,2237.6006612613974,2237.726861685573,2237.6006612613974,2237.663019240684,2237.5397878718245,2237.6316546850153,2237.663019240684,2237.726861685573,2237.6006612613974,2237.6316546850153,2237.6316546850153,2237.6316546850153,2237.663019240684,2237.7593395430285,2237.7593395430285,2237.6316546850153,2237.726861685573,2237.5397878718245,2237.6947549128004,2237.663019240684,2237.726861685573,2237.6316546850153,2237.663019240684,2237.792188469011,2237.663019240684,2237.726861685573,2237.6316546850153,2237.726861685573,2237.726861685573,2237.6947549128004,2237.6947549128004,2237.6947549128004,2237.8254084471782,2237.726861685573,0.0,2237.8254084471782,0.0,2237.8589994610074,0.0,0.0,0.0,0.0,0.0,0.0,2237.8254084471782,0.0,0.0,2237.8589994610074,0.0,0.0,2237.8589994610074,0.0,2237.8589994610074,0.0,2237.8589994610074,0.0,0.0,0.0,0.0,2237.8589994610074,2237.8589994610074,0.0,0.0,0.0,0.0,0.0,0.0,2237.8589994610074,0.0,0.0,2237.8589994610074,0.0,0.0,0.0,2237.8589994610074,0.0,2237.8589994610074,2237.8589994610074,0.0,2237.792188469011,0.0,2237.8589994610074,2237.8589994610074,0.0,0.0,2237.8589994610074,2237.8589994610074,0.0,2237.8589994610074,0.0,0.0,0.0,0.0,0.0,2237.8589994610074,0.0,2237.8254084471782
0.0,0.0,0.0,0.0,0.0,2237.8589994610074,0.0,0.0,0.0,0.0,0.0,2237.8589994610074,2237.8589994610074,0.0,0.0,2237.8589994610074,2237.8589994610074,0.0,2237.8589994610074,0.0,2237.8589994610074,0.0,0.0,0.0,0.0,0.0,0.0,2237.8254084471782,0.0,0.0,0.0,0.0,0.0,0.0,2237.8254084471782,0.0,2237.8589994610074,0.0,0.0,0.0,2237.8589994610074,0.0,0.0,0.0,2237.8589994610074,2237.8589994610074,0.0,0.0,0.0,2237.8589994610074,2237.7593395430285,2237.726861685573,2237.8254084471782,2237.792188469011,2237.6947549128004,2237.726861685573,2237.6006612613974,2237.792188469011,2237.663019240684,2237.726861685573,2237.792188469011,2237.6947549128004,2237.7593395430285,2237.8254084471782,2237.663019240684,2237.8254084471782,2237.6316546850153,2237.6006612613974,2237.7593395430285,2237.5397878718245,2237.663019240684,2237.6006612613974,2237.6006612613974,2237.8254084471782,2237.7593395430285,2237.792188469011,2237.480399193134,2237.6316546850153,2237.570038985255,2237.5099079361603,2237.663019240684,2237.570038985255,2237.663019240684,2237.480399193134,2237.570038985255,2237.6006612613974,2237.792188469011,2237.7593395430285,2237.663019240684,2237.5099079361603,2237.792188469011,2237.7593395430285,2237.7593395430285,2237.6316546850153,2237.726861685573,2237.726861685573,2237.726861685573,2237.792188469011,2237.792188469011,2237.6006612613974,2237.726861685573,2237.7593395430285,2237.7593395430285,2237.792188469011,2237.8589994610074,2237.8254084471782,2237.8254084471782,2237.8589994610074,2237.8589994610074,2237.8589994610074,0.0,0.0,2237.8589994610074,2237.8589994610074,0.0,2237.8589994610074,2237.8254084471782,2237.8254084471782,2237.8589994610074,2237.8589994610074,2237.8589994610074,2237.8254084471782,0.0,2237.7593395430285,2237.8589994610074,2237.8254084471782,2237.8589994610074,2237.8589994610074,2237.8589994610074,0.0,0.0,0.0,2237.8589994610074,0.0,0.0,0.0,2237.8589994610074,2237.8589994610074,0.0,2237.8589994610074,0.0,0.0,0.0,2237.8589994610074,2237.792188469011,2237.8589994610074,2237.8589994610074,0.0,2237.8254084471782,2237.8589994610074,2237.5397878718245,2237.570038985255,2237.663019240684,2237.6316546850153,2237.726861685573,2237.7593395430285,2237.726861685573,2237.663019240684,2237.5099079361603,2237.480399193134,2237.663019240684,2237.6316546850153,2237.6316546850153,2237.5397878718245,2237.6947549128004,2237.663019240684,2237.726861685573,2237.6006612613974,2237.6947549128004,2237.663019240684,2237.4512616574316,2237.663019240684,2237.570038985255,2237.663019240684,2237.5397878718245,2237.663019240684,2237.6947549128004,2237.6947549128004,2237.570038985255,2237.6316546850153,2237.663019240684,2237.7593395430285,2237.6947549128004,2237.726861685573,2237.663019240684,2237.7593395430285,2237.7593395430285,2237.726861685573,2237.726861685573,2237.792188469011,2237.6947549128004,2237.8254084471782,0.0,2237.8589994610074,2237.8589994610074,0.0,0.0,2237.8254084471782,2237.8589994610074,0.0,0.0,0.0,0.0,0.0,0.0,0.0,0.0,2237.8589994610074,0.0,0.0,0.0,0.0,2237.8589994610074,0.0,2237.8254084471782,2237.8589994610074,0.0,0.0,0.0,0.0,0.0,0.0,2237.8589994610074,0.0,0.0,0.0,0.0,0.0,0.0,2237.8589994610074,2237.8589994610074,2237.8589994610074,0.0,2237.8589994610074,0.0,0.0,0.0,0.0,0.0,0.0,2237.8589994610074,0.0,2237.8589994610074,2237.8589994610074,2237.8589994610074,0.0,0.0,0.0,2237.8589994610074,0.0,0.0,0.0,0.0,0.0,0.0,0.0
0.0,0.0,2237.8589994610074,0.0,0.0,0.0,2237.8589994610074,0.0,0.0,2237.8589994610074,2237.8589994610074,0.0,0.0,0.0,0.0,2237.8254084471782,0.0,2237.8589994610074,0.0,0.0,2237.8589994610074,0.0,0.0,2237.8589994610074,2237.8589994610074,0.0,0.0,0.0,0.0,0.0,2237.8589994610074,2237.8589994610074,0.0,0.0,0.0,0.0,2237.8589994610074,2237.8589994610074,0.0,0.0,0.0,2237.8589994610074,0.0,2237.8589994610074,0.0,2237.8254084471782,2237.8589994610074,2237.8589994610074,0.0,2237.8589994610074,2237.8254084471782,2237.792188469011,2237.7593395430285,2237.6947549128004,2237.726861685573,2237.7593395430285,2237.6316546850153,2237.7593395430285,2237.726861685573,2237.6947549128004,2237.5397878718245,2237.6947549128004,2237.663019240684,2237.726861685573,2237.6006612613974,2237.6947549128004,2237.5397878718245,2237.6006612613974,2237.6006612613974,2237.570038985255,2237.6006612613974,2237.5397878718245,2237.663019240684,2237.5099079361603,2237.5397878718245,2237.7593395430285,2237.6006612613974,2237.5397878718245,2237.570038985255,2237.570038985255,2237.6947549128004,2237.5099079361603,2237.570038985255,2237.5099079361603,2237.6316546850153,2237.570038985255,2237.663019240684,2237.7593395430285,2237.7593395430285,2237.570038985255,2237.726861685573,2237.6947549128004,2237.663019240684,2237.6316546850153,2237.570038985255,2237.8254084471782,2237.726861685573,2237.6947549128004,2237.7593395430285,2237.6947549128004,2237.7593395430285,2237.8254084471782,2237.792188469011,2237.8254084471782,2237.8254084471782,2237.8589994610074,2237.8254084471782,2237.8589994610074,2237.8589994610074,2237.8254084471782,0.0,2237.8589994610074,0.0,2237.8589994610074,0.0,2237.8589994610074,2237.8589994610074,0.0,2237.792188469011,2237.8589994610074,2237.792188469011,0.0,2237.8589994610074,2237.8589994610074,2237.8589994610074,2237.8589994610074,0.0,2237.792188469011,2237.8254084471782,0.0,2237.8589994610074,2237.8589994610074,0.0,2237.8589994610074,2237.8589994610074,0.0,0.0,2237.8589994610074,2237.8254084471782,2237.8589994610074,0.0,0.0,2237.8254084471782,0.0,0.0,0.0,2237.8589994610074,2237.726861685573,2237.792188469011,2237.663019240684,2237.726861685573,2237.6947549128004,2237.7593395430285,2237.6947549128004,2237.570038985255,2237.570038985255,2237.7593395430285,2237.663019240684,2237.663019240684,2237.480399193134,2237.6947549128004,2237.5099079361603,2237.726861685573,2237.570038985255,2237.726861685573,2237.7593395430285,2237.663019240684,2237.570038985255,2237.6316546850153,2237.792188469011,2237.8254084471782,2237.726861685573,2237.7593395430285,2237.663019240684,2237.726861685573,2237.663019240684,2237.7593395430285,2237.8254084471782,2237.6316546850153,2237.6006612613974,2237.6006612613974,2237.726861685573,2237.792188469011,2237.6316546850153,2237.726861685573,2237.726861685573,2237.726861685573,2237.6947549128004,2237.7593395430285,2237.792188469011,2237.8589994610074,0.0,0.0,0.0,0.0,2237.8589994610074,0.0,0.0,0.0,0.0,0.0,2237.8589994610074,0.0,0.0,0.0,0.0,0.0,2237.8589994610074,0.0,0.0,0.0,2237.792188469011,0.0,0.0,2237.8254084471782,0.0,2237.8589994610074,0.0,0.0,0.0,2237.8589994610074,2237.8254084471782,0.0,2237.8589994610074,0.0,0.0,0.0,0.0,0.0,0.0,0.0,0.0,0.0,0.0,0.0,0.0,0.0,0.0,0.0,0.0,0.0,2237.8589994610074,2237.8254084471782,2237.8589994610074,0.0,0.0,2237.8254084471782,0.0,0.0,0.0,2237.8254084471782,0.0,0.0,2237.8589994610074,0.0,0.0
0.0,0.0,0.0,0.0,0.0,0.0,0.0,0.0,0.0,0.0,0.0,0.0,0.0,0.0,0.0,0.0,0.0,2237.8589994610074,0.0,0.0,0.0,0.0,2237.8589994610074,0.0,0.0,2237.8589994610074,2237.8589994610074,2237.8589994610074,0.0,0.0,0.0,0.0,0.0,0.0,0.0,0.0,0.0,0.0,2237.8254084471782,0.0,2237.8589994610074,0.0,2237.8589994610074,0.0,0.0,0.0,0.0,0.0,0.0,0.0,2237.792188469011,2237.8254084471782,2237.8254084471782,2237.726861685573,2237.726861685573,2237.8589994610074,2237.726861685573,2237.726861685573,2237.6947549128004,2237.792188469011,2237.663019240684,2237.480399193134,2237.663019240684,2237.6006612613974,2237.6947549128004,2237.726861685573,2237.6316546850153,2237.6947549128004,2237.480399193134,2237.7593395430285,2237.6947549128004,2237.663019240684,2237.726861685573,2237.480399193134,2237.726861685573,2237.6006612613974,2237.7593395430285,2237.7593395430285,2237.792188469011,2237.663019240684,2237.6006612613974,2237.4512616574316,2237.726861685573,2237.5397878718245,2237.6006612613974,2237.422495343555,2237.6006612613974,2237.726861685573,2237.5397878718245,2237.6947549128004,2237.5397878718245,2237.792188469011,2237.7593395430285,2237.726861685573,2237.7593395430285,2237.663019240684,2237.6947549128004,2237.6316546850153,2237.5397878718245,2237.6006612613974,2237.726861685573,2237.792188469011,0.0,2237.8254084471782,0.0,2237.8589994610074,2237.8589994610074,2237.8254084471782,0.0,0.0,0.0,0.0,0.0,0.0,0.0,2237.8254084471782,0.0,2237.8589994610074,2237.8589994610074,2237.8589994610074,2237.8589994610074,0.0,0.0,0.0,2237.8254084471782,2237.8254084471782,2237.8589994610074,0.0,0.0,0.0,0.0,0.0,2237.8589994610074,0.0,0.0,2237.8589994610074,0.0,2237.8254084471782,2237.792188469011,2237.8589994610074,2237.792188469011,2237.8589994610074,0.0,2237.8254084471782,2237.8589994610074,2237.8254084471782,2237.7593395430285,2237.726861685573,2237.7593395430285,2237.6947549128004,2237.570038985255,2237.6006612613974,2237.6316546850153,2237.8254084471782,2237.6316546850153,2237.6006612613974,2237.6006612613974,2237.570038985255,2237.726861685573,2237.663019240684,2237.6947549128004,2237.6006612613974,2237.6316546850153,2237.6947549128004,2237.6947549128004,2237.6947549128004,2237.570038985255,2237.726861685573,2237.726861685573,2237.792188469011,2237.6006612613974,2237.663019240684,2237.6947549128004,2237.570038985255,2237.6316546850153,2237.792188469011,2237.663019240684,2237.6006612613974,2237.663019240684,2237.726861685573,2237.663019240684,2237.6316546850153,2237.6316546850153,2237.726861685573,2237.6316546850153,2237.5397878718245,2237.726861685573,2237.7593395430285,2237.7593395430285,2237.8589994610074,2237.8589994610074,0.0,0.0,0.0,0.0,0.0,2237.8254084471782,0.0,2237.8589994610074,0.0,2237.8589994610074,2237.8589994610074,0.0,2237.8589994610074,0.0,0.0,0.0,0.0,0.0,2237.8254084471782,0.0,2237.8589994610074,0.0,2237.8589994610074,0.0,0.0,0.0,0.0,2237.8589994610074,0.0,0.0,0.0,0.0,0.0,0.0,0.0,0.0,0.0,2237.8589994610074,0.0,2237.8589994610074,0.0,0.0,0.0,0.0,0.0,0.0,2237.8589994610074,0.0,0.0,0.0,2237.8589994610074,0.0,2237.8589994610074,0.0,2237.8589994610074,2237.8589994610074,0.0,2237.8254084471782,2237.8254084471782,2237.8589994610074,0.0,0.0,2237.8589994610074,0.0,2237.8589994610074
0.0,2237.8589994610074,0.0,0.0,0.0,0.0,0.0,0.0,2237.8589994610074,2237.8589994610074,2237.8589994610074,0.0,2237.8589994610074,0.0,0.0,0.0,0.0,2237.8589994610074,0.0,0.0,0.0,0.0,0.0,0.0,0.0,0.0,0.0,0.0,0.0,0.0,0.0,0.0,2237.8254084471782,0.0,0.0,2237.8589994610074,0.0,0.0,2237.8254084471782,0.0,0.0,0.0,0.0,2237.8589994610074,0.0,2237.8589994610074,2237.8589994610074,0.0,0.0,2237.8589994610074,2237.8254084471782,2237.6947549128004,2237.792188469011,2237.726861685573,2237.726861685573,2237.6947549128004,2237.726861685573,2237.8254084471782,2237.726861685573,2237.792188469011,2237.7593395430285,2237.7593395430285,2237.726861685573,2237.6947549128004,2237.726861685573,2237.5397878718245,2237.5397878718245,2237.663019240684,2237.6947549128004,2237.480399193134,2237.570038985255,2237.6006612613974,2237.6006612613974,2237.6947549128004,2237.5099079361603,2237.726861685573,2237.726861685573,2237.7593395430285,2237.663019240684,2237.570038985255,2237.366076438371,2237.663019240684,2237.4512616574316,2237.6947549128004,2237.570038985255,2237.726861685573,2237.663019240684,2237.5099079361603,2237.663019240684,2237.3111425899197,2237.6947549128004,2237.6947549128004,2237.6947549128004,2237.7593395430285,2237.6947549128004,2237.6006612613974,2237.663019240684,2237.6316546850153,2237.663019240684,2237.726861685573,2237.6947549128004,2237.6947549128004,2237.7593395430285,2237.7593395430285,2237.8254084471782,0.0,2237.8589994610074,2237.8589994610074,0.0,2237.8589994610074,2237.8589994610074,2237.8589994610074,0.0,2237.8589994610074,2237.8254084471782,0.0,2237.8254084471782,0.0,0.0,0.0,2237.8589994610074,2237.792188469011,2237.8589994610074,0.0,2237.8589994610074,0.0,2237.8589994610074,0.0,2237.8589994610074,2237.8589994610074,0.0,0.0,2237.8589994610074,0.0,0.0,2237.8589994610074,0.0,0.0,0.0,2237.8589994610074,2237.8254084471782,2237.8254084471782,0.0,0.0,0.0,0.0,2237.792188469011,2237.7593395430285,2237.6947549128004,2237.7593395430285,2237.6947549128004,2237.5397878718245,2237.726861685573,2237.6006612613974,2237.5397878718245,2237.6316546850153,2237.6947549128004,2237.663019240684,2237.5099079361603,2237.726861685573,2237.726861685573,2237.726861685573,2237.7593395430285,2237.663019240684,2237.726861685573,2237.726861685573,2237.480399193134,2237.726861685573,2237.726861685573,2237.570038985255,2237.5397878718245,2237.663019240684,2237.6006612613974,2237.6316546850153,2237.570038985255,2237.6006612613974,2237.6947549128004,2237.570038985255,2237.6006612613974,2237.6316546850153,2237.792188469011,2237.6316546850153,0.0,2237.6316546850153,2237.6316546850153,2237.6947549128004,2237.663019240684,2237.726861685573,0.0,0.0,2237.8254084471782,0.0,0.0,0.0,2237.8254084471782,2237.8589994610074,0.0,0.0,0.0,2237.8589994610074,2237.8589994610074,0.0,0.0,0.0,0.0,0.0,0.0,0.0,0.0,0.0,0.0,0.0,0.0,0.0,2237.8589994610074,0.0,0.0,0.0,0.0,0.0,0.0,0.0,2237.8589994610074,0.0,0.0,0.0,0.0,0.0,0.0,0.0,0.0,2237.8589994610074,0.0,0.0,2237.8589994610074,2237.8589994610074,0.0,0.0,2237.8589994610074,0.0,0.0,0.0,2237.8254084471782,2237.8589994610074,0.0,2237.8254084471782,0.0,0.0,0.0,0.0,0.0,0.0,0.0,2237.8589994610074,2237.8254084471782,0.0
0.0,0.0,0.0,0.0,0.0,0.0,0.0,0.0,0.0,0.0,0.0,0.0,0.0,0.0,0.0,0.0,2237.8589994610074,0.0,2237.8589994610074,0.0,2237.8589994610074,2237.8589994610074,0.0,2237.8589994610074,2237.8589994610074,0.0,0.0,0.0,0.0,2237.8589994610074,0.0,2237.8589994610074,0.0,0.0,2237.8589994610074,0.0,2237.8589994610074,2237.8589994610074,0.0,0.0,0.0,0.0,0.0,2237.8589994610074,0.0,0.0,0.0,0.0,0.0,2237.792188469011,2237.8589994610074,2237.792188469011,2237.8254084471782,2237.663019240684,2237.8254084471782,0.0,2237.480399193134,2237.726861685573,2237.726861685573,2237.7593395430285,2237.570038985255,2237.6947549128004,2237.6947549128004,2237.663019240684,2237.663019240684,2237.8254084471782,2237.663019240684,0.0,2237.7593395430285,2237.6947549128004,2237.663019240684,2237.663019240684,2237.5099079361603,2237.480399193134,2237.6947549128004,2237.6006612613974,2237.570038985255,2237.7593395430285,2237.8254084471782,2237.726861685573,2237.6006612613974,2237.480399193134,2237.5099079361603,2237.480399193134,2237.570038985255,2237.663019240684,2237.6947549128004,2237.7593395430285,2237.663019240684,2237.7593395430285,2237.6947549128004,2237.6947549128004,2237.663019240684,2237.6316546850153,2237.6947549128004,2237.6947549128004,2237.663019240684,2237.726861685573,2237.663019240684,2237.6006612613974,2237.663019240684,2237.8589994610074,2237.8254084471782,2237.8589994610074,2237.8254084471782,2237.8254084471782,2237.8254084471782,2237.792188469011,2237.8589994610074,2237.8254084471782,2237.8589994610074,2237.8589994610074,2237.8589994610074,0.0,2237.8589994610074,0.0,2237.8589994610074,2237.8589994610074,0.0,0.0,0.0,0.0,2237.8254084471782,0.0,2237.8589994610074,0.0,2237.792188469011,2237.8589994610074,2237.8589994610074,0.0,2237.8589994610074,0.0,2237.8254084471782,2237.8254084471782,2237.8589994610074,0.0,0.0,0.0,2237.8589994610074,0.0,0.0,2237.8254084471782,0.0,0.0,0.0,0.0,2237.7593395430285,2237.7593395430285,2237.8589994610074,2237.6006612613974,2237.6316546850153,2237.792188469011,2237.570038985255,2237.6316546850153,2237.6006612613974,2237.6316546850153,2237.792188469011,2237.4512616574316,2237.5397878718245,2237.6006612613974,2237.792188469011,2237.8589994610074,2237.6947549128004,2237.726861685573,2237.6006612613974,2237.7593395430285,2237.6006612613974,2237.6947549128004,2237.792188469011,2237.6947549128004,2237.726861685573,2237.726861685573,2237.726861685573,2237.5397878718245,2237.6947549128004,2237.5397878718245,2237.5397878718245,2237.5099079361603,2237.570038985255,2237.726861685573,2237.570038985255,2237.6006612613974,2237.7593395430285,2237.7593395430285,2237.6316546850153,2237.6316546850153,2237.7593395430285,2237.8254084471782,2237.8254084471782,2237.8589994610074,0.0,0.0,0.0,0.0,0.0,0.0,0.0,0.0,2237.8589994610074,2237.8589994610074,0.0,0.0,0.0,2237.8589994610074,0.0,0.0,0.0,0.0,2237.8589994610074,0.0,0.0,0.0,0.0,0.0,0.0,0.0,0.0,2237.8254084471782,0.0,0.0,0.0,2237.8589994610074,0.0,0.0,0.0,0.0,0.0,0.0,0.0,0.0,0.0,2237.8589994610074,0.0,0.0,2237.8589994610074,0.0,0.0,0.0,0.0,0.0,0.0,0.0,0.0,2237.8589994610074,2237.8589994610074,2237.8589994610074,0.0,2237.8589994610074,2237.8254084471782,0.0,0.0,2237.8589994610074,0.0,0.0,2237.8589994610074,0.0
0.0,0.0,2237.8589994610074,2237.8589994610074,2237.8589994610074,0.0,0.0,0.0,2237.8589994610074,0.0,0.0,0.0,0.0,0.0,0.0,0.0,0.0,2237.8589994610074,0.0,0.0,0.0,0.0,0.0,0.0,0.0,0.0,0.0,0.0,0.0,2237.8589994610074,0.0,0.0,2237.8589994610074,2237.8589994610074,0.0,0.0,2237.8589994610074,0.0,0.0,0.0,0.0,0.0,0.0,0.0,2237.8589994610074,0.0,0.0,0.0,2237.8254084471782,2237.8254084471782,2237.8589994610074,2237.8254084471782,2237.792188469011,2237.726861685573,2237.792188469011,2237.726861685573,2237.6947549128004,2237.6316546850153,2237.663019240684,2237.792188469011,2237.7593395430285,2237.6947549128004,2237.8589994610074,2237.663019240684,2237.6316546850153,2237.8254084471782,2237.570038985255,2237.663019240684,2237.6316546850153,2237.570038985255,2237.570038985255,2237.6316546850153,2237.6006612613974,2237.6947549128004,2237.663019240684,2237.570038985255,2237.8254084471782,2237.6947549128004,2237.7593395430285,2237.6316546850153,2237.570038985255,2237.6006612613974,2237.6947549128004,2237.6947549128004,2237.6006612613974,2237.6947549128004,2237.6316546850153,2237.6316546850153,2237.663019240684,2237.5099079361603,2237.6316546850153,2237.726861685573,2237.8254084471782,2237.6947549128004,2237.6316546850153,2237.663019240684,2237.7593395430285,2237.6316546850153,2237.7593395430285,2237.792188469011,2237.8254084471782,2237.792188469011,2237.8254084471782,2237.792188469011,2237.8254084471782,2237.8589994610074,0.0,0.0,0.0,0.0,2237.8589994610074,2237.792188469011,0.0,0.0,0.0,2237.792188469011,0.0,0.0,0.0,0.0,0.0,0.0,0.0,2237.8589994610074,0.0,2237.8589994610074,0.0,2237.8254084471782,2237.8254084471782,0.0,0.0,0.0,0.0,2237.8589994610074,0.0,0.0,0.0,2237.8254084471782,0.0,0.0,0.0,0.0,2237.8589994610074,0.0,2237.792188469011,2237.8254084471782,2237.8589994610074,2237.8254084471782,2237.6947549128004,2237.6316546850153,2237.6947549128004,2237.6006612613974,2237.6006612613974,2237.726861685573,2237.7593395430285,2237.6316546850153,2237.570038985255,2237.726861685573,2237.663019240684,2237.7593395430285,2237.6006612613974,2237.726861685573,2237.8589994610074,2237.480399193134,2237.663019240684,2237.7593395430285,2237.6947549128004,2237.663019240684,2237.6947549128004,2237.726861685573,2237.792188469011,2237.6947549128004,2237.726861685573,2237.726861685573,2237.6947549128004,2237.792188469011,2237.6006612613974,2237.3941002658235,2237.663019240684,2237.726861685573,2237.570038985255,2237.570038985255,2237.6947549128004,2237.6947549128004,2237.7593395430285,2237.726861685573,2237.8254084471782,2237.8254084471782,0.0,0.0,0.0,0.0,0.0,0.0,0.0,0.0,0.0,0.0,0.0,0.0,0.0,0.0,0.0,0.0,2237.8589994610074,0.0,2237.8254084471782,2237.8254084471782,0.0,0.0,0.0,0.0,0.0,2237.8589994610074,0.0,0.0,0.0,0.0,2237.8589994610074,0.0,2237.7593395430285,2237.8589994610074,0.0,2237.8589994610074,0.0,0.0,0.0,0.0,0.0,0.0,0.0,2237.8589994610074,0.0,2237.8254084471782,0.0,0.0,0.0,0.0,2237.8589994610074,0.0,0.0,2237.8589994610074,0.0,2237.8254084471782,0.0,0.0,2237.8254084471782,0.0,2237.8589994610074,0.0,0.0,0.0,0.0,0.0,0.0,0.0
0.0,0.0,0.0,0.0,2237.8589994610074,0.0,0.0,0.0,0.0,0.0,0.0,0.0,2237.8589994610074,0.0,0.0,0.0,0.0,0.0,0.0,2237.8254084471782,0.0,0.0,0.0,0.0,2237.8589994610074,2237.8589994610074,0.0,0.0,0.0,0.0,0.0,2237.8589994610074,2237.8589994610074,2237.8589994610074,0.0,0.0,0.0,0.0,0.0,2237.8589994610074,0.0,0.0,0.0,0.0,0.0,0.0,0.0,0.0,2237.8254084471782,2237.8254084471782,2237.8589994610074,2237.792188469011,2237.726861685573,2237.6316546850153,2237.663019240684,2237.726861685573,2237.792188469011,2237.663019240684,2237.6947549128004,2237.6947549128004,2237.6316546850153,2237.726861685573,2237.6947549128004,2237.7593395430285,2237.792188469011,2237.726861685573,2237.792188469011,2237.726861685573,2237.6947549128004,2237.5397878718245,2237.663019240684,2237.5397878718245,2237.726861685573,2237.5397878718245,2237.5397878718245,2237.6947549128004,2237.6947549128004,2237.6947549128004,2237.792188469011,2237.663019240684,2237.663019240684,2237.726861685573,2237.8254084471782,2237.6006612613974,2237.663019240684,2237.7593395430285,2237.7593395430285,2237.6947549128004,2237.792188469011,2237.726861685573,2237.792188469011,2237.6947549128004,2237.6316546850153,2237.8589994610074,2237.7593395430285,2237.663019240684,2237.663019240684,2237.7593395430285,2237.792188469011,2237.6316546850153,2237.6947549128004,2237.6947549128004,2237.8589994610074,2237.792188469011,0.0,2237.8254084471782,2237.8589994610074,0.0,2237.8589994610074,0.0,2237.8589994610074,0.0,0.0,2237.8254084471782,2237.8589994610074,2237.8589994610074,2237.8589994610074,0.0,2237.8589994610074,0.0,0.0,0.0,0.0,0.0,2237.8589994610074,2237.8589994610074,0.0,0.0,2237.8589994610074,2237.8254084471782,2237.7593395430285,2237.8589994610074,2237.8589994610074,2237.8254084471782,0.0,0.0,0.0,0.0,2237.8589994610074,0.0,0.0,2237.8589994610074,0.0,2237.8254084471782,2237.726861685573,2237.8254084471782,2237.8254084471782,2237.8589994610074,2237.726861685573,2237.6947549128004,2237.422495343555,2237.8254084471782,2237.792188469011,2237.663019240684,2237.5099079361603,2237.6316546850153,2237.8254084471782,2237.6316546850153,2237.726861685573,2237.6947549128004,2237.6316546850153,2237.663019240684,2237.6947549128004,2237.5397878718245,2237.5099079361603,2237.6316546850153,2237.6006612613974,2237.6316546850153,2237.726861685573,2237.663019240684,2237.7593395430285,2237.726861685573,2237.570038985255,2237.8589994610074,2237.6006612613974,2237.7593395430285,2237.663019240684,2237.6947549128004,2237.792188469011,2237.6947549128004,2237.792188469011,2237.726861685573,2237.663019240684,2237.663019240684,2237.5099079361603,2237.6947549128004,0.0,2237.8254084471782,0.0,0.0,0.0,0.0,0.0,2237.8589994610074,0.0,0.0,0.0,0.0,0.0,0.0,0.0,0.0,2237.8589994610074,0.0,0.0,0.0,2237.8254084471782,0.0,2237.792188469011,2237.8589994610074,2237.8589994610074,0.0,0.0,2237.8254084471782,0.0,2237.8589994610074,2237.8589994610074,0.0,2237.8254084471782,0.0,0.0,0.0,0.0,0.0,0.0,0.0,0.0,2237.8254084471782,0.0,0.0,0.0,0.0,2237.8589994610074,0.0,0.0,0.0,0.0,0.0,0.0,2237.8589994610074,0.0,0.0,2237.8589994610074,0.0,0.0,0.0,2237.8589994610074,0.0,0.0,0.0,0.0,0.0,0.0,0.0,0.0,2237.8589994610074
0.0,0.0,2237.8589994610074,0.0,0.0,0.0,0.0,0.0,0.0,0.0,2237.8589994610074,0.0,0.0,0.0,0.0,0.0,0.0,2237.8589994610074,0.0,2237.8589994610074,0.0,2237.8589994610074,0.0,0.0,0.0,0.0,0.0,0.0,0.0,0.0,2237.8589994610074,0.0,0.0,0.0,0.0,2237.8589994610074,0.0,0.0,0.0,0.0,2237.8254084471782,0.0,2237.8589994610074,2237.8589994610074,0.0,0.0,0.0,2237.8589994610074,0.0,2237.8589994610074,2237.8254084471782,0.0,2237.726861685573,2237.7593395430285,2237.8254084471782,2237.726861685573,2237.726861685573,2237.726861685573,2237.570038985255,2237.726861685573,2237.792188469011,2237.7593395430285,2237.7593395430285,2237.792188469011,2237.663019240684,2237.663019240684,2237.726861685573,2237.7593395430285,0.0,2237.6947549128004,2237.6947549128004,2237.570038985255,2237.6947549128004,2237.6947549128004,2237.6006612613974,2237.6316546850153,2237.6316546850153,2237.663019240684,2237.726861685573,2237.7593395430285,2237.6316546850153,2237.663019240684,2237.726861685573,2237.6947549128004,2237.6947549128004,2237.7593395430285,2237.6947549128004,2237.8589994610074,2237.570038985255,2237.792188469011,2237.8254084471782,2237.8254084471782,2237.726861685573,2237.792188469011,2237.726861685573,2237.7593395430285,2237.6947549128004,2237.8254084471782,2237.570038985255,2237.663019240684,2237.8589994610074,2237.6947549128004,2237.8589994610074,2237.7593395430285,2237.7593395430285,2237.8589994610074,2237.8589994610074,2237.8589994610074,0.0,2237.8589994610074,0.0,2237.8589994610074,2237.8589994610074,2237.8589994610074,2237.8589994610074,2237.8589994610074,0.0,2237.8589994610074,2237.8589994610074,0.0,2237.792188469011,0.0,2237.8589994610074,0.0,0.0,2237.8254084471782,2237.8589994610074,2237.8254084471782,0.0,0.0,0.0,0.0,2237.8589994610074,0.0,2237.8589994610074,2237.8589994610074,0.0,0.0,2237.8589994610074,2237.8589994610074,0.0,2237.8589994610074,0.0,2237.8254084471782,0.0,0.0,0.0,2237.726861685573,2237.663019240684,2237.6947549128004,2237.7593395430285,2237.726861685573,2237.6006612613974,2237.6006612613974,2237.6316546850153,2237.6006612613974,2237.6947549128004,2237.7593395430285,2237.5397878718245,2237.663019240684,2237.5397878718245,2237.792188469011,2237.6947549128004,2237.663019240684,2237.663019240684,2237.7593395430285,2237.726861685573,2237.726861685573,2237.570038985255,2237.6316546850153,2237.480399193134,2237.6947549128004,2237.663019240684,2237.6006612613974,2237.6316546850153,2237.5397878718245,2237.6947549128004,2237.663019240684,2237.663019240684,2237.6006612613974,2237.663019240684,2237.663019240684,2237.6316546850153,2237.6947549128004,2237.663019240684,2237.8254084471782,0.0,2237.8589994610074,0.0,2237.8589994610074,0.0,0.0,0.0,0.0,0.0,0.0,0.0,0.0,0.0,0.0,0.0,0.0,0.0,0.0,0.0,0.0,0.0,0.0,0.0,2237.8589994610074,0.0,0.0,0.0,2237.8589994610074,0.0,2237.8589994610074,0.0,0.0,0.0,0.0,0.0,2237.8589994610074,2237.8589994610074,0.0,0.0,0.0,0.0,0.0,2237.8589994610074,2237.8589994610074,0.0,0.0,2237.8589994610074,0.0,2237.8254084471782,0.0,0.0,0.0,2237.8589994610074,2237.8589994610074,0.0,0.0,2237.8589994610074,0.0,0.0,0.0,2237.8589994610074,0.0,0.0,0.0,0.0,0.0,0.0,2237.8589994610074,0.0,0.0
0.0,2237.8589994610074,0.0,2237.8589994610074,0.0,0.0,0.0,0.0,0.0,0.0,0.0,0.0,2237.8589994610074,0.0,0.0,2237.8589994610074,0.0,0.0,0.0,2237.8589994610074,0.0,0.0,2237.8589994610074,0.0,0.0,0.0,0.0,0.0,0.0,0.0,0.0,0.0,0.0,0.0,0.0,0.0,0.0,0.0,0.0,0.0,0.0,0.0,2237.8254084471782,2237.8254084471782,2237.8589994610074,0.0,0.0,0.0,0.0,0.0,2237.8254084471782,2237.8254084471782,2237.726861685573,2237.8589994610074,2237.7593395430285,2237.6316546850153,2237.6947549128004,2237.6947549128004,2237.6316546850153,2237.726861685573,2237.6947549128004,2237.8254084471782,2237.663019240684,2237.6006612613974,2237.3941002658235,2237.6947549128004,2237.6316546850153,2237.726861685573,2237.570038985255,2237.7593395430285,2237.7593395430285,2237.663019240684,2237.6947549128004,2237.6316546850153,2237.6947549128004,2237.6006612613974,2237.663019240684,2237.6316546850153,2237.792188469011,2237.726861685573,2237.8254084471782,2237.726861685573,2237.726861685573,2237.6947549128004,2237.6006612613974,2237.7593395430285,2237.6947549128004,2237.726861685573,2237.726861685573,2237.8254084471782,2237.8254084471782,2237.663019240684,2237.6947549128004,2237.6316546850153,2237.6947549128004,2237.6947549128004,2237.726861685573,2237.7593395430285,2237.7593395430285,2237.663019240684,2237.6947549128004,2237.8589994610074,2237.792188469011,2237.726861685573,2237.7593395430285,2237.792188469011,2237.792188469011,0.0,0.0,2237.8589994610074,0.0,2237.8589994610074,2237.8254084471782,0.0,0.0,0.0,2237.8589994610074,0.0,2237.8589994610074,0.0,2237.8589994610074,2237.8589994610074,2237.792188469011,2237.8589994610074,2237.8589994610074,0.0,0.0,2237.8589994610074,0.0,2237.8589994610074,0.0,0.0,0.0,2237.8589994610074,2237.8589994610074,0.0,2237.8589994610074,2237.8589994610074,0.0,2237.8589994610074,0.0,2237.8589994610074,2237.8589994610074,2237.8254084471782,0.0,2237.6947549128004,2237.7593395430285,2237.7593395430285,2237.5099079361603,2237.6316546850153,2237.6947549128004,2237.6316546850153,2237.663019240684,2237.6316546850153,2237.570038985255,2237.480399193134,2237.7593395430285,2237.663019240684,2237.6006612613974,2237.726861685573,2237.663019240684,2237.6947549128004,2237.6947549128004,2237.6316546850153,2237.6316546850153,2237.6947549128004,2237.6006612613974,2237.6316546850153,2237.5397878718245,2237.8254084471782,2237.6947549128004,2237.480399193134,2237.5397878718245,2237.726861685573,2237.726861685573,2237.6006612613974,2237.7593395430285,2237.792188469011,2237.6316546850153,2237.422495343555,2237.6316546850153,2237.792188469011,2237.6006612613974,2237.726861685573,2237.8254084471782,2237.8254084471782,0.0,2237.8589994610074,0.0,2237.8589994610074,0.0,0.0,0.0,0.0,0.0,2237.8254084471782,0.0,2237.8589994610074,2237.8589994610074,2237.8589994610074,0.0,0.0,0.0,0.0,0.0,2237.8589994610074,2237.8589994610074,0.0,0.0,0.0,0.0,0.0,0.0,0.0,0.0,0.0,2237.8589994610074,0.0,2237.8254084471782,0.0,0.0,2237.8589994610074,0.0,2237.8589994610074,0.0,2237.8254084471782,0.0,2237.8589994610074,0.0,2237.8589994610074,0.0,0.0,2237.8589994610074,2237.8589994610074,0.0,2237.8589994610074,0.0,0.0,0.0,0.0,0.0,0.0,0.0,0.0,0.0,2237.8589994610074,0.0,0.0,0.0,2237.8589994610074,0.0,2237.8589994610074,2237.8589994610074,0.0,0.0,0.0
0.0,0.0,0.0,0.0,0.0,0.0,2237.8589994610074,0.0,0.0,0.0,0.0,0.0,0.0,0.0,0.0,2237.8589994610074,0.0,0.0,2237.8589994610074,0.0,0.0,0.0,0.0,0.0,2237.8589994610074,0.0,0.0,0.0,0.0,0.0,0.0,0.0,0.0,0.0,0.0,0.0,0.0,2237.8589994610074,0.0,2237.8589994610074,0.0,2237.8254084471782,0.0,2237.8589994610074,0.0,2237.8589994610074,2237.8589994610074,0.0,0.0,2237.8254084471782,2237.8589994610074,0.0,2237.8589994610074,2237.8589994610074,2237.8589994610074,2237.792188469011,2237.6947549128004,2237.6006612613974,2237.792188469011,2237.663019240684,2237.7593395430285,2237.6316546850153,2237.7593395430285,2237.8254084471782,2237.726861685573,2237.663019240684,2237.663019240684,2237.663019240684,2237.6006612613974,2237.6947549128004,2237.6947549128004,2237.6006612613974,2237.480399193134,2237.7593395430285,2237.726861685573,2237.726861685573,2237.6316546850153,2237.570038985255,2237.6006612613974,2237.6947549128004,2237.726861685573,2237.5099079361603,2237.726861685573,2237.663019240684,2237.792188469011,2237.8254084471782,2237.6316546850153,2237.8254084471782,2237.726861685573,2237.6947549128004,2237.7593395430285,2237.8254084471782,2237.726861685573,2237.8254084471782,2237.792188469011,2237.8589994610074,2237.480399193134,2237.6947549128004,2237.5397878718245,2237.7593395430285,2237.726861685573,2237.7593395430285,2237.8254084471782,2237.8254084471782,2237.792188469011,2237.7593395430285,2237.792188469011,2237.8589994610074,2237.8589994610074,0.0,2237.7593395430285,2237.8589994610074,0.0,2237.8589994610074,2237.8589994610074,2237.8254084471782,2237.8589994610074,2237.8254084471782,2237.8589994610074,2237.8589994610074,0.0,0.0,2237.8589994610074,0.0,2237.8589994610074,0.0,2237.8254084471782,0.0,2237.8589994610074,2237.8589994610074,0.0,2237.8254084471782,0.0,2237.8589994610074,2237.8254084471782,0.0,2237.8589994610074,2237.8589994610074,2237.792188469011,0.0,0.0,2237.8589994610074,2237.8589994610074,2237.8589994610074,2237.8589994610074,2237.7593395430285,2237.8254084471782,2237.792188469011,2237.6316546850153,2237.792188469011,2237.5099079361603,2237.663019240684,2237.5397878718245,2237.663019240684,2237.726861685573,2237.4512616574316,2237.570038985255,2237.726861685573,2237.570038985255,2237.6006612613974,2237.792188469011,2237.6947549128004,2237.726861685573,2237.726861685573,2237.6316546850153,2237.570038985255,2237.6316546850153,2237.5099079361603,2237.7593395430285,2237.8254084471782,2237.726861685573,2237.6947549128004,2237.7593395430285,2237.726861685573,2237.6947549128004,2237.6006612613974,2237.7593395430285,2237.663019240684,2237.663019240684,2237.6947549128004,2237.726861685573,2237.6006612613974,2237.6316546850153,2237.7593395430285,2237.8254084471782,2237.8589994610074,0.0,0.0,0.0,0.0,2237.8589994610074,0.0,0.0,0.0,0.0,0.0,0.0,0.0,0.0,0.0,2237.8254084471782,0.0,0.0,0.0,0.0,0.0,0.0,0.0,0.0,2237.8589994610074,0.0,0.0,0.0,2237.8589994610074,0.0,0.0,0.0,0.0,0.0,0.0,0.0,0.0,2237.8589994610074,2237.8589994610074,0.0,2237.8589994610074,0.0,2237.8589994610074,2237.8589994610074,0.0,0.0,2237.8589994610074,2237.8589994610074,2237.8589994610074,0.0,0.0,0.0,0.0,0.0,0.0,0.0,0.0,2237.8589994610074,2237.8589994610074,0.0,0.0,2237.8589994610074,0.0,0.0,0.0,0.0,2237.8589994610074,0.0,2237.8589994610074,0.0,0.0
2237.8589994610074,2237.8589994610074,2237.8589994610074,2237.8589994610074,0.0,0.0,0.0,0.0,0.0,0.0,0.0,0.0,2237.8589994610074,0.0,0.0,0.0,0.0,0.0,2237.8254084471782,0.0,0.0,0.0,0.0,0.0,0.0,0.0,0.0,0.0,0.0,0.0,0.0,0.0,0.0,2237.8589994610074,2237.8589994610074,2237.8589994610074,0.0,0.0,0.0,0.0,0.0,0.0,2237.8254084471782,0.0,0.0,0.0,2237.8589994610074,0.0,0.0,2237.8589994610074,2237.8254084471782,2237.8589994610074,2237.7593395430285,2237.6947549128004,2237.7593395430285,2237.6947549128004,2237.8254084471782,2237.5397878718245,2237.6947549128004,2237.726861685573,2237.6947549128004,2237.7593395430285,2237.8254084471782,2237.726861685573,2237.6947549128004,2237.6947549128004,2237.726861685573,2237.726861685573,2237.6947549128004,2237.6947549128004,2237.726861685573,2237.663019240684,2237.6947549128004,2237.6947549128004,2237.663019240684,2237.792188469011,2237.6316546850153,2237.6947549128004,2237.6316546850153,2237.570038985255,2237.792188469011,2237.726861685573,2237.792188469011,2237.7593395430285,2237.6947549128004,2237.6006612613974,2237.8254084471782,2237.663019240684,2237.7593395430285,2237.792188469011,2237.7593395430285,2237.6947549128004,2237.6947549128004,2237.663019240684,2237.7593395430285,2237.726861685573,2237.726861685573,2237.792188469011,2237.8254084471782,2237.726861685573,2237.7593395430285,2237.726861685573,2237.8254084471782,2237.8589994610074,2237.792188469011,2237.8589994610074,0.0,2237.8589994610074,2237.8589994610074,0.0,0.0,0.0,0.0,0.0,0.0,0.0,0.0,0.0,0.0,2237.8589994610074,0.0,2237.8589994610074,2237.8589994610074,0.0,2237.8589994610074,2237.8589994610074,0.0,2237.792188469011,0.0,2237.8589994610074,0.0,2237.8589994610074,0.0,0.0,0.0,0.0,0.0,2237.8589994610074,0.0,2237.8589994610074,2237.8254084471782,2237.8589994610074,2237.8589994610074,2237.8589994610074,2237.792188469011,0.0,2237.6947549128004,2237.6947549128004,2237.663019240684,2237.6006612613974,2237.6947549128004,2237.570038985255,2237.5099079361603,2237.8254084471782,2237.726861685573,2237.5397878718245,2237.6947549128004,2237.6316546850153,2237.5099079361603,2237.422495343555,2237.7593395430285,2237.6316546850153,2237.570038985255,2237.663019240684,2237.6006612613974,2237.6947549128004,2237.6947549128004,2237.6947549128004,2237.6316546850153,2237.726861685573,2237.726861685573,2237.6006612613974,2237.6006612613974,2237.663019240684,2237.8254084471782,2237.6947549128004,2237.726861685573,2237.663019240684,2237.6006612613974,2237.726861685573,2237.6006612613974,2237.570038985255,2237.7593395430285,2237.7593395430285,2237.8589994610074,0.0,2237.8254084471782,0.0,0.0,2237.8589994610074,2237.8589994610074,2237.8589994610074,0.0,0.0,0.0,0.0,0.0,0.0,0.0,0.0,0.0,0.0,0.0,2237.8589994610074,0.0,2237.8254084471782,0.0,0.0,0.0,0.0,0.0,2237.8254084471782,0.0,0.0,0.0,2237.8589994610074,2237.8589994610074,2237.8589994610074,0.0,2237.8254084471782,2237.8589994610074,2237.8589994610074,2237.8589994610074,2237.8589994610074,0.0,0.0,2237.8589994610074,2237.8254084471782,0.0,0.0,2237.8589994610074,0.0,2237.8254084471782,0.0,0.0,0.0,2237.8589994610074,0.0,0.0,0.0,2237.8589994610074,0.0,2237.8589994610074,0.0,0.0,0.0,0.0,2237.8589994610074,0.0,0.0,0.0,0.0,0.0,2237.8589994610074,0.0,0.0
0.0,0.0,0.0,2237.8589994610074,0.0,0.0,0.0,0.0,0.0,0.0,2237.8254084471782,0.0,2237.8589994610074,0.0,0.0,2237.8589994610074,0.0,0.0,0.0,0.0,2237.8589994610074,0.0,0.0,0.0,0.0,0.0,2237.8589994610074,2237.8589994610074,0.0,2237.8589994610074,0.0,0.0,2237.8589994610074,0.0,0.0,2237.8589994610074,0.0,2237.8589994610074,2237.8254084471782,2237.792188469011,2237.8589994610074,0.0,0.0,2237.8589994610074,2237.8589994610074,0.0,0.0,0.0,2237.8589994610074,0.0,2237.8254084471782,0.0,2237.7593395430285,2237.8589994610074,2237.792188469011,2237.7593395430285,2237.726861685573,2237.8254084471782,2237.8589994610074,2237.6316546850153,2237.6316546850153,2237.663019240684,2237.663019240684,2237.663019240684,2237.570038985255,2237.663019240684,2237.726861685573,2237.6006612613974,2237.6947549128004,2237.792188469011,2237.6006612613974,2237.7593395430285,2237.7593395430285,2237.6316546850153,2237.726861685573,2237.726861685573,2237.792188469011,2237.726861685573,2237.663019240684,2237.7593395430285,2237.6006612613974,2237.7593395430285,2237.6947549128004,2237.726861685573,2237.8589994610074,2237.7593395430285,2237.7593395430285,2237.6947549128004,2237.6947549128004,2237.7593395430285,2237.6947549128004,2237.7593395430285,2237.8254084471782,2237.7593395430285,2237.6316546850153,2237.7593395430285,2237.7593395430285,2237.726861685573,2237.792188469011,2237.8589994610074,2237.792188469011,0.0,2237.792188469011,2237.8254084471782,2237.6947549128004,2237.792188469011,2237.8589994610074,2237.8589994610074,2237.8589994610074,2237.8589994610074,2237.8589994610074,2237.8589994610074,2237.8589994610074,0.0,2237.8254084471782,2237.792188469011,2237.8589994610074,2237.8589994610074,2237.8589994610074,2237.8589994610074,2237.8589994610074,2237.8589994610074,0.0,2237.8254084471782,0.0,0.0,2237.8254084471782,0.0,0.0,0.0,0.0,0.0,0.0,0.0,2237.8589994610074,0.0,2237.8589994610074,2237.8589994610074,0.0,2237.8589994610074,0.0,2237.8589994610074,2237.8589994610074,2237.726861685573,2237.7593395430285,2237.7593395430285,2237.663019240684,2237.6316546850153,2237.726861685573,2237.5099079361603,2237.7593395430285,2237.7593395430285,2237.6316546850153,2237.726861685573,2237.6316546850153,2237.663019240684,2237.6316546850153,2237.570038985255,2237.5397878718245,2237.726861685573,2237.663019240684,2237.7593395430285,2237.6947549128004,2237.726861685573,2237.726861685573,2237.6316546850153,2237.7593395430285,2237.6316546850153,2237.6947549128004,2237.792188469011,2237.726861685573,2237.6947549128004,2237.5397878718245,2237.5099079361603,2237.7593395430285,2237.663019240684,2237.6316546850153,2237.726861685573,2237.663019240684,2237.6006612613974,2237.6316546850153,2237.7593395430285,2237.8254084471782,2237.8589994610074,0.0,0.0,2237.8589994610074,0.0,0.0,2237.8254084471782,0.0,2237.8589994610074,0.0,0.0,0.0,2237.8589994610074,0.0,0.0,2237.8589994610074,0.0,0.0,2237.8589994610074,2237.8589994610074,0.0,0.0,0.0,0.0,0.0,0.0,0.0,0.0,0.0,0.0,0.0,0.0,0.0,0.0,2237.8589994610074,2237.8589994610074,0.0,2237.8589994610074,0.0,0.0,0.0,2237.8589994610074,2237.792188469011,2237.8254084471782,2237.8589994610074,0.0,2237.8589994610074,0.0,0.0,0.0,2237.8589994610074,0.0,0.0,0.0,2237.8589994610074,0.0,0.0,0.0,0.0,0.0,0.0,0.0,2237.8589994610074,0.0,0.0,2237.8589994610074,0.0,2237.8589994610074,0.0,2237.8589994610074,0.0,0.0,2237.8589994610074
0.0,2237.8254084471782,2237.8589994610074,0.0,2237.8589994610074,0.0,2237.8254084471782,0.0,2237.8589994610074,2237.8254084471782,0.0,0.0,2237.8589994610074,0.0,0.0,0.0,0.0,2237.792188469011,0.0,0.0,0.0,0.0,0.0,0.0,0.0,0.0,0.0,0.0,2237.8589994610074,0.0,0.0,0.0,2237.792188469011,2237.8589994610074,0.0,0.0,0.0,0.0,0.0,2237.726861685573,0.0,2237.8589994610074,2237.8589994610074,2237.8589994610074,2237.8589994610074,0.0,0.0,0.0,2237.792188469011,0.0,2237.8589994610074,0.0,2237.8589994610074,2237.7593395430285,2237.7593395430285,2237.8254084471782,2237.7593395430285,2237.726861685573,2237.792188469011,2237.726861685573,2237.726861685573,2237.8589994610074,2237.6947549128004,2237.7593395430285,2237.792188469011,2237.6316546850153,2237.7593395430285,2237.8589994610074,2237.6947549128004,2237.7593395430285,2237.6947549128004,2237.570038985255,2237.570038985255,2237.726861685573,2237.5397878718245,2237.6316546850153,2237.792188469011,2237.792188469011,2237.663019240684,2237.8254084471782,2237.570038985255,2237.570038985255,2237.6006612613974,2237.8589994610074,2237.6316546850153,2237.6947549128004,2237.6316546850153,2237.663019240684,2237.570038985255,2237.6006612613974,2237.7593395430285,2237.726861685573,2237.7593395430285,2237.5397878718245,2237.8254084471782,2237.6947549128004,2237.726861685573,2237.8254084471782,2237.8589994610074,2237.7593395430285,2237.663019240684,2237.726861685573,2237.6947549128004,2237.792188469011,2237.726861685573,2237.792188469011,2237.7593395430285,2237.792188469011,0.0,0.0,2237.8589994610074,0.0,0.0,0.0,0.0,2237.8589994610074,2237.8254084471782,2237.8589994610074,0.0,0.0,2237.8254084471782,0.0,2237.8589994610074,0.0,0.0,2237.792188469011,0.0,2237.8254084471782,2237.792188469011,2237.8589994610074,0.0,2237.8589994610074,2237.8254084471782,0.0,0.0,2237.8254084471782,0.0,0.0,0.0,0.0,0.0,2237.792188469011,2237.792188469011,0.0,2237.7593395430285,2237.726861685573,2237.6316546850153,2237.792188469011,2237.6947549128004,2237.6947549128004,2237.726861685573,2237.5397878718245,2237.792188469011,2237.792188469011,2237.6316546850153,2237.5099079361603,2237.6947549128004,2237.726861685573,2237.792188469011,2237.726861685573,2237.6006612613974,2237.792188469011,2237.726861685573,2237.5397878718245,2237.6006612613974,2237.7593395430285,2237.7593395430285,2237.6947549128004,2237.6947549128004,2237.6316546850153,2237.6316546850153,2237.792188469011,2237.7593395430285,2237.6006612613974,2237.570038985255,2237.6947549128004,2237.726861685573,2237.663019240684,2237.726861685573,2237.792188469011,2237.792188469011,2237.6006612613974,2237.8589994610074,2237.8589994610074,0.0,0.0,0.0,0.0,0.0,0.0,0.0,0.0,0.0,0.0,0.0,2237.8589994610074,0.0,0.0,2237.8254084471782,0.0,0.0,0.0,0.0,0.0,0.0,0.0,0.0,2237.8589994610074,0.0,0.0,2237.8589994610074,0.0,0.0,0.0,2237.8589994610074,2237.8589994610074,0.0,2237.8589994610074,0.0,0.0,2237.8589994610074,2237.726861685573,2237.8589994610074,2237.792188469011,2237.8254084471782,2237.8589994610074,2237.8589994610074,0.0,2237.8589994610074,0.0,0.0,2237.8589994610074,0.0,0.0,0.0,0.0,0.0,2237.8589994610074,0.0,2237.8589994610074,0.0,0.0,0.0,0.0,0.0,0.0,2237.8589994610074,0.0,0.0,0.0,0.0,0.0,0.0,0.0,0.0,2237.8589994610074
0.0,0.0,2237.8589994610074,0.0,0.0,0.0,0.0,0.0,0.0,0.0,0.0,0.0,0.0,0.0,2237.8254084471782,2237.8254084471782,2237.8254084471782,2237.8254084471782,0.0,2237.8589994610074,0.0,0.0,0.0,0.0,0.0,0.0,0.0,0.0,0.0,2237.8589994610074,2237.8589994610074,0.0,2237.8254084471782,0.0,2237.8254084471782,0.0,2237.8589994610074,0.0,2237.8589994610074,2237.8589994610074,2237.8254084471782,2237.792188469011,2237.792188469011,0.0,2237.8589994610074,0.0,0.0,0.0,0.0,2237.8254084471782,2237.792188469011,0.0,2237.8254084471782,2237.663019240684,2237.7593395430285,2237.7593395430285,2237.8589994610074,2237.792188469011,2237.726861685573,2237.8254084471782,2237.726861685573,2237.7593395430285,2237.5397878718245,2237.792188469011,2237.726861685573,2237.726861685573,2237.6947549128004,2237.663019240684,2237.726861685573,2237.726861685573,2237.726861685573,2237.663019240684,2237.726861685573,2237.6006612613974,2237.8254084471782,2237.6947549128004,2237.792188469011,2237.6947549128004,2237.663019240684,2237.663019240684,2237.6316546850153,2237.570038985255,2237.5397878718245,2237.570038985255,2237.6006612613974,2237.480399193134,2237.4512616574316,2237.6006612613974,2237.663019240684,2237.6316546850153,2237.5397878718245,2237.570038985255,2237.7593395430285,2237.792188469011,2237.663019240684,2237.8254084471782,2237.7593395430285,2237.726861685573,2237.7593395430285,2237.792188469011,2237.726861685573,2237.7593395430285,2237.8589994610074,2237.726861685573,2237.726861685573,2237.726861685573,2237.792188469011,2237.792188469011,2237.8254084471782,0.0,2237.8589994610074,2237.792188469011,0.0,0.0,0.0,2237.7593395430285,2237.8254084471782,0.0,0.0,2237.8589994610074,0.0,2237.8589994610074,0.0,0.0,2237.8589994610074,0.0,2237.8589994610074,2237.8589994610074,0.0,0.0,2237.8589994610074,2237.8589994610074,0.0,0.0,0.0,0.0,0.0,2237.8589994610074,0.0,2237.8589994610074,2237.792188469011,2237.7593395430285,2237.8254084471782,2237.8589994610074,2237.6947549128004,2237.8254084471782,2237.663019240684,2237.7593395430285,2237.570038985255,2237.6006612613974,2237.6006612613974,2237.6316546850153,2237.6006612613974,2237.663019240684,2237.6316546850153,2237.663019240684,2237.726861685573,2237.6947549128004,2237.726861685573,2237.726861685573,2237.6316546850153,2237.726861685573,2237.570038985255,2237.663019240684,2237.7593395430285,2237.6947549128004,2237.8254084471782,2237.6947549128004,2237.726861685573,2237.663019240684,2237.6316546850153,2237.6947549128004,2237.6316546850153,2237.570038985255,2237.663019240684,2237.7593395430285,2237.570038985255,2237.570038985255,2237.663019240684,2237.7593395430285,2237.6947549128004,2237.792188469011,2237.8589994610074,0.0,2237.8589994610074,0.0,2237.8589994610074,0.0,0.0,0.0,0.0,0.0,0.0,0.0,0.0,0.0,0.0,0.0,2237.8589994610074,2237.8589994610074,0.0,0.0,0.0,2237.8589994610074,0.0,2237.8589994610074,2237.8589994610074,0.0,0.0,0.0,2237.8589994610074,0.0,2237.8589994610074,0.0,0.0,0.0,0.0,0.0,0.0,0.0,0.0,2237.8589994610074,0.0,2237.8589994610074,2237.8589994610074,0.0,2237.8589994610074,2237.8589994610074,0.0,0.0,0.0,0.0,0.0,0.0,0.0,0.0,2237.8254084471782,2237.8589994610074,0.0,2237.8254084471782,2237.8589994610074,0.0,0.0,0.0,0.0,0.0,0.0,0.0,0.0,2237.8254084471782,2237.8589994610074,0.0,0.0,0.0,0.0,0.0
0.0,0.0,2237.8589994610074,0.0,0.0,0.0,2237.8589994610074,0.0,0.0,0.0,0.0,0.0,0.0,0.0,2237.8589994610074,2237.8589994610074,0.0,2237.8589994610074,0.0,0.0,0.0,0.0,2237.8589994610074,0.0,0.0,0.0,0.0,0.0,0.0,0.0,0.0,0.0,0.0,0.0,0.0,0.0,0.0,2237.8589994610074,2237.8589994610074,2237.8589994610074,0.0,0.0,0.0,2237.8254084471782,0.0,0.0,0.0,0.0,2237.8589994610074,2237.8589994610074,2237.8254084471782,2237.8254084471782,2237.7593395430285,2237.8254084471782,2237.6947549128004,0.0,2237.7593395430285,2237.6947549128004,2237.726861685573,0.0,2237.7593395430285,2237.8589994610074,2237.726861685573,2237.792188469011,2237.6947549128004,2237.7593395430285,2237.726861685573,2237.6006612613974,2237.7593395430285,2237.663019240684,2237.6316546850153,2237.5099079361603,2237.7593395430285,2237.663019240684,2237.5099079361603,2237.6316546850153,2237.6947549128004,2237.663019240684,2237.663019240684,2237.6316546850153,2237.422495343555,2236.9681960568123,2237.480399193134,2237.422495343555,2237.5397878718245,2237.4512616574316,2237.5099079361603,2237.6006612613974,2237.6006612613974,2237.8254084471782,2237.6006612613974,2237.663019240684,2237.6947549128004,2237.6947549128004,2237.7593395430285,2237.7593395430285,2237.726861685573,2237.7593395430285,2237.792188469011,2237.792188469011,2237.7593395430285,2237.8254084471782,2237.6947549128004,2237.7593395430285,2237.726861685573,2237.792188469011,2237.7593395430285,0.0,2237.8589994610074,2237.8589994610074,2237.8589994610074,2237.8589994610074,2237.8589994610074,2237.8254084471782,0.0,2237.8589994610074,2237.792188469011,0.0,0.0,2237.8589994610074,0.0,2237.8589994610074,2237.8589994610074,0.0,0.0,2237.8589994610074,0.0,2237.8589994610074,0.0,2237.8254084471782,0.0,0.0,0.0,2237.8589994610074,2237.8589994610074,2237.8589994610074,2237.8589994610074,0.0,0.0,0.0,2237.8589994610074,2237.8254084471782,2237.726861685573,2237.7593395430285,2237.7593395430285,2237.6316546850153,2237.5099079361603,2237.663019240684,2237.792188469011,2237.6947549128004,2237.792188469011,2237.792188469011,2237.6947549128004,2237.6947549128004,2237.570038985255,2237.6316546850153,2237.792188469011,2237.7593395430285,2237.6006612613974,2237.726861685573,2237.663019240684,2237.6006612613974,2237.7593395430285,2237.480399193134,2237.792188469011,2237.6947549128004,2237.6947549128004,2237.663019240684,2237.726861685573,2237.663019240684,2237.792188469011,2237.6006612613974,2237.8589994610074,2237.6006612613974,2237.6947549128004,2237.663019240684,2237.726861685573,2237.6316546850153,2237.6947549128004,2237.663019240684,2237.726861685573,2237.6316546850153,2237.8589994610074,2237.8589994610074,2237.8254084471782,0.0,0.0,0.0,2237.8589994610074,0.0,0.0,2237.8254084471782,0.0,0.0,0.0,2237.8589994610074,2237.8589994610074,0.0,0.0,2237.8589994610074,0.0,0.0,0.0,0.0,0.0,0.0,0.0,0.0,0.0,2237.8589994610074,2237.8589994610074,0.0,0.0,0.0,2237.8589994610074,0.0,2237.8589994610074,0.0,2237.8589994610074,0.0,0.0,0.0,2237.8589994610074,0.0,0.0,2237.8589994610074,0.0,0.0,0.0,0.0,0.0,0.0,0.0,0.0,2237.8589994610074,0.0,0.0,0.0,0.0,0.0,0.0,2237.8589994610074,2237.8589994610074,0.0,0.0,0.0,0.0,0.0,0.0,0.0,0.0,0.0,0.0,0.0,0.0,0.0
0.0,0.0,2237.8589994610074,0.0,2237.8589994610074,0.0,0.0,2237.8589994610074,0.0,0.0,0.0,2237.8254084471782,0.0,0.0,0.0,0.0,0.0,0.0,0.0,0.0,2237.8589994610074,0.0,0.0,2237.8589994610074,0.0,0.0,0.0,0.0,2237.8254084471782,0.0,0.0,0.0,0.0,0.0,0.0,0.0,0.0,0.0,0.0,0.0,2237.8254084471782,0.0,2237.792188469011,0.0,0.0,0.0,0.0,2237.8254084471782,2237.8589994610074,2237.8254084471782,2237.8589994610074,2237.8254084471782,2237.8589994610074,2237.792188469011,2237.8254084471782,2237.6947549128004,2237.7593395430285,2237.8589994610074,2237.726861685573,2237.663019240684,2237.8589994610074,2237.7593395430285,2237.6947549128004,2237.663019240684,2237.6006612613974,2237.726861685573,2237.8589994610074,2237.6947549128004,2237.570038985255,2237.6316546850153,2237.8254084471782,2237.6947549128004,2237.663019240684,2237.7593395430285,2237.6006612613974,2237.7593395430285,2237.5397878718245,2237.726861685573,2237.7593395430285,2237.5397878718245,2237.0127316102476,2236.904178721015,2237.2842325962692,2237.366076438371,2237.1305704948786,2236.990278107845,2237.3941002658235,2237.6006612613974,2237.6947549128004,2237.570038985255,2237.6006612613974,2237.6316546850153,2237.726861685573,2237.6947549128004,2237.7593395430285,2237.726861685573,2237.6316546850153,2237.726861685573,2237.6006612613974,2237.6947549128004,2237.8254084471782,2237.6947549128004,2237.792188469011,2237.7593395430285,2237.7593395430285,2237.7593395430285,2237.726861685573,2237.8589994610074,2237.8254084471782,2237.8589994610074,2237.792188469011,2237.8589994610074,2237.8254084471782,2237.8254084471782,2237.8589994610074,2237.8589994610074,0.0,2237.8589994610074,2237.8589994610074,2237.8254084471782,2237.8589994610074,2237.8254084471782,2237.8589994610074,0.0,0.0,0.0,0.0,2237.8589994610074,2237.8589994610074,0.0,0.0,0.0,0.0,0.0,2237.8589994610074,2237.8589994610074,0.0,2237.8589994610074,2237.792188469011,2237.8589994610074,2237.7593395430285,2237.726861685573,2237.7593395430285,2237.6006612613974,2237.6006612613974,2237.726861685573,2237.663019240684,2237.5099079361603,2237.6316546850153,2237.5397878718245,2237.663019240684,2237.5099079361603,2237.7593395430285,2237.6947549128004,2237.6947549128004,2237.726861685573,2237.5397878718245,2237.6316546850153,2237.663019240684,2237.8254084471782,2237.6316546850153,2237.726861685573,2237.663019240684,2237.6947549128004,2237.6316546850153,2237.7593395430285,2237.7593395430285,2237.7593395430285,2237.6006612613974,2237.8589994610074,2237.7593395430285,2237.6006612613974,2237.6947549128004,2237.663019240684,2237.570038985255,2237.570038985255,2237.6006612613974,2237.663019240684,2237.6316546850153,2237.726861685573,2237.8254084471782,2237.8254084471782,0.0,0.0,0.0,0.0,0.0,0.0,0.0,0.0,0.0,2237.8254084471782,0.0,0.0,0.0,0.0,0.0,0.0,0.0,2237.8589994610074,0.0,0.0,0.0,0.0,2237.8589994610074,0.0,0.0,0.0,0.0,0.0,0.0,0.0,0.0,2237.8254084471782,0.0,0.0,2237.8589994610074,2237.8254084471782,2237.8589994610074,0.0,0.0,2237.8589994610074,0.0,0.0,0.0,0.0,0.0,0.0,0.0,0.0,0.0,2237.8589994610074,0.0,2237.8589994610074,0.0,0.0,0.0,2237.8589994610074,0.0,0.0,2237.8254084471782,0.0,2237.8589994610074,0.0,0.0,0.0,0.0,0.0,2237.8589994610074,2237.8589994610074,0.0,0.0,0.0,2237.8254084471782,2237.8254084471782,2237.8589994610074
0.0,0.0,2237.792188469011,0.0,2237.8589994610074,0.0,0.0,0.0,0.0,2237.8589994610074,0.0,0.0,0.0,0.0,2237.8589994610074,0.0,2237.8589994610074,0.0,2237.8589994610074,2237.8589994610074,2237.8589994610074,0.0,0.0,2237.8254084471782,0.0,0.0,2237.8589994610074,0.0,0.0,0.0,0.0,0.0,0.0,0.0,0.0,2237.8589994610074,0.0,0.0,2237.8589994610074,0.0,0.0,2237.8589994610074,2237.8589994610074,0.0,0.0,0.0,2237.8589994610074,2237.8589994610074,0.0,0.0,2237.726861685573,0.0,0.0,2237.8589994610074,2237.7593395430285,2237.7593395430285,2237.7593395430285,2237.8589994610074,2237.8254084471782,2237.792188469011,2237.6947549128004,2237.8254084471782,2237.7593395430285,2237.7593395430285,2237.8589994610074,2237.663019240684,2237.6947549128004,2237.7593395430285,2237.7593395430285,2237.792188469011,2237.6947549128004,2237.6316546850153,2237.6947549128004,2237.726861685573,2237.7593395430285,2237.7593395430285,2237.663019240684,2237.792188469011,2237.663019240684,2237.6316546850153,2237.3384238751473,2236.6654090377356,2237.0823207129033,2236.990278107845,2237.0355565528357,2237.2842325962692,2237.2576939075952,2237.3941002658235,2237.726861685573,2237.6947549128004,2237.5397878718245,2237.7593395430285,2237.792188469011,2237.6006612613974,2237.663019240684,2237.6947549128004,2237.6947549128004,2237.663019240684,2237.7593395430285,2237.726861685573,2237.6947549128004,2237.8254084471782,2237.726861685573,2237.6947549128004,2237.663019240684,2237.726861685573,2237.8589994610074,2237.7593395430285,2237.8589994610074,2237.8589994610074,2237.8254084471782,2237.8589994610074,2237.8254084471782,0.0,2237.8254084471782,0.0,0.0,0.0,0.0,2237.8589994610074,2237.8589994610074,2237.8589994610074,0.0,2237.8589994610074,0.0,0.0,2237.8589994610074,2237.8254084471782,2237.8589994610074,2237.8254084471782,2237.8589994610074,2237.8589994610074,0.0,2237.8589994610074,2237.8589994610074,2237.8589994610074,2237.8254084471782,2237.8589994610074,0.0,2237.792188469011,2237.792188469011,2237.663019240684,2237.726861685573,2237.6947549128004,2237.5099079361603,2237.6947549128004,2237.726861685573,2237.663019240684,2237.663019240684,2237.6006612613974,2237.6316546850153,2237.6316546850153,2237.5397878718245,2237.6316546850153,2237.6947549128004,2237.663019240684,2237.7593395430285,2237.663019240684,2237.663019240684,2237.570038985255,2237.6006612613974,2237.6947549128004,2237.6316546850153,2237.663019240684,2237.792188469011,2237.726861685573,2237.6316546850153,2237.8589994610074,2237.6947549128004,2237.6316546850153,2237.6947549128004,2237.5099079361603,2237.792188469011,2237.726861685573,2237.6947549128004,2237.6006612613974,2237.792188469011,2237.6316546850153,2237.6316546850153,2237.6316546850153,2237.6316546850153,2237.8254084471782,2237.8589994610074,0.0,2237.8589994610074,0.0,0.0,0.0,2237.8589994610074,2237.8589994610074,2237.8589994610074,0.0,0.0,2237.8589994610074,0.0,0.0,0.0,2237.8589994610074,0.0,0.0,2237.8589994610074,0.0,0.0,0.0,0.0,2237.8589994610074,2237.8589994610074,0.0,0.0,0.0,0.0,0.0,0.0,0.0,0.0,0.0,0.0,2237.8589994610074,0.0,2237.8589994610074,0.0,0.0,2237.8589994610074,0.0,0.0,0.0,0.0,0.0,0.0,0.0,0.0,0.0,0.0,2237.8589994610074,0.0,0.0,2237.8589994610074,0.0,0.0,0.0,2237.8589994610074,0.0,0.0,2237.8589994610074,0.0,0.0,0.0,0.0,0.0,0.0,2237.8589994610074,0.0,2237.8589994610074,0.0,0.0,0.0
0.0,0.0,0.0,0.0,0.0,2237.8589994610074,2237.8589994610074,2237.8589994610074,2237.8589994610074,0.0,2237.8589994610074,2237.8589994610074,0.0,0.0,2237.8254084471782,0.0,0.0,0.0,2237.8589994610074,0.0,0.0,0.0,0.0,2237.8589994610074,2237.8589994610074,2237.8589994610074,0.0,2237.8589994610074,0.0,0.0,2237.8254084471782,0.0,0.0,0.0,2237.8589994610074,0.0,0.0,2237.8589994610074,2237.8589994610074,0.0,0.0,2237.8254084471782,0.0,2237.8589994610074,0.0,0.0,0.0,0.0,2237.8589994610074,2237.8254084471782,2237.8254084471782,0.0,2237.7593395430285,2237.792188469011,2237.792188469011,2237.7593395430285,2237.792188469011,2237.7593395430285,2237.792188469011,2237.7593395430285,2237.663019240684,2237.6006612613974,2237.726861685573,2237.792188469011,2237.726861685573,2237.726861685573,2237.792188469011,2237.792188469011,2237.726861685573,2237.7593395430285,2237.6006612613974,2237.792188469011,2237.6947549128004,2237.7593395430285,2237.6316546850153,2237.663019240684,2237.792188469011,2237.6947549128004,2237.6947549128004,2237.4512616574316,2236.8435048324814,2236.94648546815,2237.0355565528357,2236.990278107845,2237.0823207129033,2237.23152653711,2237.2842325962692,2237.366076438371,2237.6006612613974,2237.6316546850153,2237.726861685573,2237.6947549128004,2237.663019240684,2237.6947549128004,2237.792188469011,2237.6316546850153,2237.6006612613974,2237.7593395430285,2237.726861685573,2237.792188469011,2237.6947549128004,2237.792188469011,2237.7593395430285,2237.6316546850153,2237.726861685573,2237.8254084471782,2237.792188469011,2237.8254084471782,2237.792188469011,2237.8589994610074,2237.8589994610074,0.0,2237.8589994610074,0.0,2237.8254084471782,0.0,2237.8254084471782,2237.8589994610074,0.0,0.0,0.0,0.0,0.0,0.0,0.0,2237.8589994610074,2237.8589994610074,2237.8589994610074,0.0,0.0,2237.8589994610074,2237.8589994610074,0.0,0.0,0.0,0.0,2237.8254084471782,2237.8254084471782,2237.7593395430285,2237.6947549128004,2237.792188469011,2237.6316546850153,2237.663019240684,2237.6006612613974,2237.6947549128004,2237.6947549128004,2237.6947549128004,2237.570038985255,2237.726861685573,2237.726861685573,2237.726861685573,2237.726861685573,2237.7593395430285,2237.726861685573,2237.726861685573,2237.5397878718245,2237.6947549128004,2237.5099079361603,2237.663019240684,2237.6947549128004,2237.5397878718245,2237.8254084471782,2237.6006612613974,2237.6006612613974,2237.663019240684,2237.726861685573,2237.726861685573,2237.7593395430285,2237.8589994610074,2237.6316546850153,2237.6316546850153,2237.6947549128004,2237.663019240684,2237.726861685573,2237.5397878718245,2237.5099079361603,2237.792188469011,2237.5397878718245,2237.8254084471782,2237.7593395430285,2237.6947549128004,2237.8254084471782,0.0,0.0,0.0,0.0,0.0,0.0,0.0,0.0,0.0,0.0,0.0,0.0,0.0,0.0,0.0,0.0,0.0,0.0,0.0,0.0,0.0,0.0,0.0,0.0,2237.8589994610074,2237.8589994610074,0.0,0.0,0.0,0.0,2237.8589994610074,0.0,0.0,0.0,2237.8589994610074,0.0,0.0,0.0,2237.8589994610074,2237.8254084471782,0.0,0.0,0.0,0.0,2237.8589994610074,2237.8589994610074,0.0,0.0,0.0,0.0,0.0,0.0,0.0,0.0,2237.8589994610074,2237.8589994610074,2237.8589994610074,0.0,0.0,0.0,0.0,2237.8254084471782,0.0,2237.8589994610074,2237.8589994610074,0.0,0.0,0.0,0.0,0.0,0.0,0.0,0.0,0.0
0.0,0.0,2237.8254084471782,2237.8589994610074,0.0,0.0,2237.8589994610074,0.0,0.0,2237.8589994610074,0.0,0.0,0.0,0.0,0.0,0.0,0.0,0.0,0.0,0.0,0.0,0.0,2237.8589994610074,2237.8589994610074,0.0,0.0,2237.8589994610074,0.0,0.0,2237.8589994610074,0.0,0.0,0.0,0.0,0.0,0.0,2237.8589994610074,2237.8589994610074,0.0,2237.8589994610074,0.0,0.0,0.0,0.0,0.0,2237.8589994610074,2237.8589994610074,0.0,0.0,0.0,0.0,2237.8254084471782,2237.8254084471782,0.0,2237.8254084471782,2237.8254084471782,2237.8254084471782,2237.8254084471782,2237.663019240684,2237.726861685573,2237.6316546850153,2237.663019240684,2237.663019240684,2237.6947549128004,2237.5397878718245,2237.570038985255,2237.7593395430285,2237.726861685573,2237.792188469011,2237.8254084471782,2237.7593395430285,2237.663019240684,2237.6316546850153,2237.8254084471782,2237.726861685573,2237.726861685573,2237.570038985255,2237.792188469011,2237.6316546850153,2237.5099079361603,2237.0823207129033,2237.0823207129033,2236.863357950749,2237.4512616574316,2237.205730497842,2237.3111425899197,2237.366076438371,2237.6006612613974,2237.792188469011,2237.6006612613974,2237.663019240684,2237.726861685573,2237.726861685573,2237.792188469011,2237.8254084471782,2237.6316546850153,2237.7593395430285,2237.726861685573,2237.7593395430285,2237.663019240684,2237.726861685573,2237.8254084471782,2237.792188469011,2237.6006612613974,2237.5397878718245,2237.792188469011,2237.792188469011,0.0,2237.8589994610074,2237.792188469011,2237.8589994610074,0.0,2237.792188469011,2237.8254084471782,2237.8589994610074,2237.8254084471782,2237.8254084471782,2237.8589994610074,0.0,2237.8254084471782,2237.8589994610074,2237.8589994610074,2237.8589994610074,0.0,2237.8589994610074,2237.8589994610074,0.0,0.0,2237.7593395430285,2237.8254084471782,2237.8589994610074,2237.8589994610074,0.0,2237.8254084471782,2237.8254084471782,2237.8589994610074,2237.8254084471782,2237.8254084471782,2237.7593395430285,2237.7593395430285,2237.663019240684,2237.7593395430285,2237.570038985255,2237.570038985255,2237.663019240684,2237.663019240684,2237.7593395430285,2237.6947549128004,2237.792188469011,2237.6947549128004,2237.726861685573,2237.6006612613974,2237.6947549128004,2237.792188469011,2237.6947549128004,2237.570038985255,2237.726861685573,2237.6316546850153,2237.6316546850153,2237.8254084471782,2237.570038985255,2237.7593395430285,2237.7593395430285,2237.726861685573,2237.7593395430285,2237.792188469011,2237.726861685573,2237.7593395430285,2237.792188469011,2237.8254084471782,2237.726861685573,2237.570038985255,2237.726861685573,2237.6006612613974,2237.726861685573,2237.6947549128004,2237.8254084471782,2237.663019240684,2237.6316546850153,2237.6947549128004,2237.792188469011,2237.8589994610074,2237.8254084471782,2237.8589994610074,0.0,2237.8589994610074,2237.8589994610074,0.0,0.0,0.0,0.0,2237.8589994610074,0.0,0.0,0.0,0.0,0.0,0.0,2237.8589994610074,0.0,0.0,0.0,0.0,0.0,0.0,0.0,0.0,2237.8589994610074,0.0,0.0,0.0,0.0,0.0,0.0,0.0,0.0,0.0,0.0,2237.8254084471782,2237.8254084471782,2237.8589994610074,0.0,0.0,2237.8589994610074,2237.8589994610074,0.0,0.0,2237.8589994610074,0.0,2237.8589994610074,2237.8589994610074,0.0,2237.8589994610074,0.0,0.0,0.0,0.0,0.0,0.0,0.0,2237.8589994610074,0.0,2237.8254084471782,0.0,0.0,0.0,2237.8589994610074,0.0,2237.8589994610074,0.0,0.0,0.0,0.0,0.0,2237.8589994610074,0.0
0.0,0.0,2237.8589994610074,0.0,0.0,0.0,2237.8254084471782,0.0,0.0,2237.8589994610074,0.0,0.0,0.0,0.0,2237.8589994610074,2237.8589994610074,0.0,0.0,2237.8254084471782,0.0,0.0,0.0,0.0,0.0,2237.8589994610074,2237.8589994610074,0.0,0.0,0.0,0.0,0.0,0.0,2237.8589994610074,0.0,0.0,0.0,0.0,0.0,0.0,2237.8589994610074,2237.8589994610074,0.0,0.0,0.0,0.0,2237.8589994610074,0.0,0.0,0.0,0.0,2237.8589994610074,2237.8589994610074,2237.8589994610074,2237.792188469011,2237.8589994610074,2237.792188469011,2237.6947549128004,2237.792188469011,2237.726861685573,2237.8589994610074,2237.792188469011,2237.7593395430285,2237.6316546850153,2237.792188469011,2237.792188469011,2237.726861685573,2237.7593395430285,2237.792188469011,2237.6316546850153,2237.7593395430285,2237.7593395430285,2237.6947549128004,2237.663019240684,2237.726861685573,2237.6316546850153,2237.7593395430285,2237.6947549128004,2237.6947549128004,2237.7593395430285,2237.23152653711,2237.3111425899197,2237.3111425899197,2237.366076438371,2237.6006612613974,2237.4512616574316,2237.3384238751473,2237.6006612613974,2237.6947549128004,2237.7593395430285,2237.6947549128004,2237.792188469011,2237.570038985255,2237.726861685573,2237.792188469011,2237.663019240684,2237.6947549128004,2237.7593395430285,2237.792188469011,2237.792188469011,2237.792188469011,2237.7593395430285,2237.726861685573,2237.8254084471782,2237.7593395430285,2237.726861685573,2237.7593395430285,2237.726861685573,2237.726861685573,2237.792188469011,2237.663019240684,2237.7593395430285,2237.792188469011,2237.726861685573,2237.726861685573,2237.8254084471782,2237.792188469011,2237.8589994610074,0.0,0.0,0.0,2237.8589994610074,2237.8589994610074,0.0,0.0,0.0,2237.8589994610074,0.0,0.0,2237.792188469011,2237.8589994610074,0.0,2237.726861685573,2237.8254084471782,0.0,2237.792188469011,2237.792188469011,2237.8254084471782,0.0,2237.792188469011,2237.6316546850153,2237.366076438371,2236.9681960568123,2237.2576939075952,2237.5397878718245,2237.6316546850153,2237.570038985255,2237.6947549128004,2237.6947549128004,2237.663019240684,2237.792188469011,2237.663019240684,2237.6316546850153,2237.726861685573,2237.6316546850153,2237.6006612613974,2237.480399193134,2237.6006612613974,2237.663019240684,2237.6316546850153,2237.5397878718245,2237.726861685573,2237.6947549128004,2237.5099079361603,2237.6947549128004,2237.6316546850153,2237.6006612613974,2237.6316546850153,2237.5397878718245,2237.663019240684,2237.7593395430285,2237.5397878718245,2237.663019240684,2237.663019240684,2237.663019240684,2237.663019240684,2237.6316546850153,2237.663019240684,2237.6006612613974,2237.6947549128004,2237.6006612613974,2237.8589994610074,2237.8589994610074,2237.8589994610074,0.0,0.0,0.0,0.0,0.0,2237.8589994610074,2237.8589994610074,0.0,0.0,0.0,0.0,0.0,0.0,0.0,0.0,0.0,0.0,0.0,0.0,2237.8254084471782,0.0,2237.8254084471782,0.0,2237.8589994610074,0.0,2237.8589994610074,2237.8589994610074,0.0,2237.8589994610074,0.0,0.0,0.0,2237.8589994610074,0.0,0.0,0.0,2237.8589994610074,0.0,2237.8254084471782,2237.8589994610074,0.0,2237.8589994610074,2237.8589994610074,0.0,0.0,0.0,2237.8254084471782,0.0,0.0,0.0,0.0,2237.8589994610074,2237.8589994610074,2237.8589994610074,0.0,2237.8589994610074,2237.7593395430285,0.0,0.0,0.0,2237.8254084471782,0.0,0.0,0.0,0.0,2237.8589994610074,0.0,0.0,2237.8589994610074,0.0,2237.8589994610074,0.0,0.0
0.0,0.0,0.0,0.0,0.0,0.0,0.0,0.0,0.0,2237.8589994610074,0.0,0.0,0.0,0.0,0.0,0.0,0.0,0.0,0.0,2237.8589994610074,2237.8589994610074,0.0,0.0,0.0,0.0,0.0,0.0,2237.8589994610074,0.0,0.0,0.0,0.0,0.0,0.0,0.0,2237.8254084471782,2237.8589994610074,0.0,0.0,0.0,2237.8589994610074,0.0,0.0,0.0,0.0,0.0,0.0,0.0,2237.8589994610074,2237.8254084471782,0.0,2237.7593395430285,2237.8254084471782,2237.8254084471782,0.0,2237.8254084471782,2237.726861685573,2237.8589994610074,2237.663019240684,2237.8254084471782,2237.6947549128004,2237.8254084471782,2237.6947549128004,2237.663019240684,2237.792188469011,2237.6947549128004,2237.663019240684,2237.663019240684,2237.726861685573,2237.6947549128004,2237.6947549128004,2237.6947549128004,2237.5397878718245,2237.6947549128004,2237.8254084471782,2237.6947549128004,2237.8254084471782,2237.726861685573,2237.6006612613974,2237.6316546850153,2237.5397878718245,2237.5397878718245,2237.480399193134,2237.6947549128004,2237.7593395430285,2237.6316546850153,2237.7593395430285,2237.480399193134,2237.6316546850153,2237.663019240684,2237.663019240684,2237.726861685573,2237.8254084471782,2237.7593395430285,2237.8254084471782,2237.6947549128004,2237.7593395430285,2237.6947549128004,2237.6947549128004,2237.726861685573,2237.7593395430285,2237.792188469011,2237.7593395430285,2237.8254084471782,0.0,2237.6947549128004,2237.8589994610074,2237.792188469011,2237.792188469011,2237.726861685573,2237.663019240684,2237.6947549128004,2237.7593395430285,2237.663019240684,2237.8589994610074,0.0,2237.8589994610074,2237.8589994610074,2237.8589994610074,2237.7593395430285,2237.8254084471782,2237.792188469011,0.0,2237.8254084471782,0.0,0.0,2237.8254084471782,2237.8254084471782,2237.8589994610074,2237.8589994610074,2237.8589994610074,2237.8254084471782,2237.8254084471782,2237.8589994610074,2237.8254084471782,2237.8589994610074,2237.8254084471782,2237.6947549128004,2237.663019240684,2237.6316546850153,2237.422495343555,2237.1305704948786,2237.1803058026376,2237.480399193134,2237.6006612613974,2237.6947549128004,2237.570038985255,2237.8589994610074,2237.6316546850153,2237.6947549128004,2237.6947549128004,2237.663019240684,2237.6006612613974,2237.663019240684,2237.6947549128004,2237.5397878718245,2237.663019240684,2237.8589994610074,2237.6947549128004,2237.6947549128004,2237.726861685573,2237.6006612613974,2237.6006612613974,2237.6316546850153,2237.663019240684,2237.6316546850153,2237.663019240684,2237.6316546850153,2237.663019240684,2237.570038985255,2237.6947549128004,2237.6316546850153,2237.663019240684,2237.726861685573,2237.663019240684,2237.726861685573,2237.6947549128004,2237.663019240684,2237.7593395430285,2237.8254084471782,0.0,2237.8589994610074,0.0,0.0,0.0,2237.8589994610074,0.0,2237.8589994610074,0.0,2237.8589994610074,0.0,2237.8589994610074,2237.8589994610074,0.0,0.0,0.0,2237.8254084471782,2237.8589994610074,0.0,0.0,0.0,0.0,0.0,0.0,0.0,0.0,0.0,0.0,0.0,0.0,0.0,2237.8589994610074,0.0,0.0,0.0,0.0,0.0,0.0,2237.8589994610074,0.0,2237.8589994610074,2237.8254084471782,2237.8254084471782,0.0,2237.8254084471782,0.0,2237.8254084471782,2237.8589994610074,0.0,0.0,0.0,2237.8589994610074,0.0,0.0,2237.8589994610074,2237.8589994610074,0.0,0.0,2237.8589994610074,0.0,0.0,0.0,0.0,0.0,0.0,0.0,0.0,0.0,0.0,0.0,0.0,0.0,0.0,0.0,0.0,0.0
2237.8589994610074,2237.8589994610074,0.0,0.0,0.0,2237.8589994610074,0.0,0.0,0.0,0.0,0.0,2237.8589994610074,0.0,0.0,0.0,0.0,0.0,0.0,0.0,0.0,0.0,2237.8589994610074,0.0,2237.8589994610074,0.0,0.0,0.0,0.0,2237.8589994610074,2237.8589994610074,0.0,2237.8589994610074,0.0,0.0,0.0,0.0,0.0,0.0,0.0,0.0,0.0,0.0,0.0,0.0,0.0,0.0,0.0,0.0,2237.8254084471782,0.0,2237.8589994610074,2237.8254084471782,2237.8254084471782,2237.792188469011,2237.8254084471782,2237.8254084471782,2237.792188469011,2237.663019240684,2237.8589994610074,2237.792188469011,2237.792188469011,2237.8254084471782,2237.8254084471782,2237.8589994610074,2237.8254084471782,2237.663019240684,2237.663019240684,2237.792188469011,2237.6947549128004,2237.6947549128004,2237.8254084471782,2237.663019240684,2237.8254084471782,2237.663019240684,2237.726861685573,2237.726861685573,2237.663019240684,2237.6316546850153,2237.7593395430285,2237.7593395430285,2237.726861685573,2237.663019240684,2237.726861685573,2237.726861685573,2237.7593395430285,2237.663019240684,2237.6316546850153,2237.726861685573,2237.792188469011,2237.663019240684,2237.663019240684,2237.6947549128004,2237.792188469011,0.0,2237.792188469011,2237.726861685573,2237.6316546850153,2237.726861685573,2237.792188469011,2237.792188469011,2237.7593395430285,2237.6006612613974,2237.726861685573,2237.7593395430285,2237.726861685573,2237.792188469011,2237.8254084471782,2237.726861685573,2237.6316546850153,2237.7593395430285,2237.6316546850153,2237.8254084471782,2237.6947549128004,2237.792188469011,2237.6947549128004,2237.8254084471782,2237.7593395430285,2237.8589994610074,2237.8589994610074,2237.792188469011,2237.8254084471782,2237.726861685573,2237.8254084471782,2237.8254084471782,0.0,2237.8589994610074,2237.8254084471782,2237.8589994610074,2237.8589994610074,2237.7593395430285,2237.7593395430285,2237.792188469011,2237.792188469011,2237.8254084471782,2237.8254084471782,2237.7593395430285,2237.7593395430285,2237.726861685573,2237.7593395430285,2237.570038985255,2237.480399193134,2237.1305704948786,2237.6006612613974,2237.570038985255,2237.6006612613974,2237.5397878718245,2237.6947549128004,2237.663019240684,2237.6947549128004,2237.6316546850153,2237.6947549128004,2237.6947549128004,2237.6006612613974,2237.663019240684,2237.570038985255,2237.663019240684,2237.7593395430285,2237.570038985255,2237.726861685573,2237.5099079361603,2237.726861685573,2237.726861685573,2237.726861685573,2237.6316546850153,2237.663019240684,2237.570038985255,2237.6006612613974,2237.663019240684,2237.726861685573,2237.726861685573,2237.6006612613974,2237.570038985255,2237.6316546850153,2237.6316546850153,2237.792188469011,2237.6947549128004,2237.726861685573,2237.6947549128004,2237.792188469011,2237.8254084471782,2237.7593395430285,0.0,2237.8254084471782,2237.8254084471782,0.0,0.0,2237.8254084471782,2237.8589994610074,2237.8254084471782,0.0,0.0,0.0,2237.8589994610074,0.0,2237.8254084471782,0.0,0.0,0.0,2237.8589994610074,0.0,0.0,0.0,2237.8589994610074,0.0,0.0,0.0,0.0,0.0,2237.8589994610074,0.0,2237.8254084471782,2237.8589994610074,0.0,0.0,0.0,2237.8589994610074,0.0,0.0,2237.8589994610074,0.0,2237.792188469011,2237.8254084471782,2237.8589994610074,0.0,2237.8589994610074,2237.8589994610074,2237.8254084471782,0.0,2237.8254084471782,2237.8589994610074,2237.8589994610074,2237.8589994610074,2237.8589994610074,2237.8254084471782,0.0,0.0,2237.8589994610074,0.0,2237.8589994610074,0.0,2237.8254084471782,0.0,0.0,2237.8589994610074,0.0,0.0,0.0,2237.8589994610074,0.0,0.0,0.0,0.0,2237.8589994610074,0.0,0.0,0.0
0.0,0.0,2237.8589994610074,0.0,0.0,0.0,0.0,0.0,0.0,0.0,0.0,0.0,0.0,0.0,2237.8589994610074,0.0,0.0,2237.8589994610074,0.0,0.0,0.0,2237.8589994610074,0.0,2237.8589994610074,0.0,0.0,0.0,0.0,0.0,0.0,2237.8589994610074,0.0,0.0,2237.8589994610074,0.0,0.0,2237.8589994610074,0.0,0.0,0.0,0.0,0.0,0.0,0.0,0.0,2237.8589994610074,2237.8589994610074,0.0,2237.8589994610074,2237.8589994610074,0.0,2237.726861685573,2237.8589994610074,2237.8254084471782,0.0,2237.792188469011,2237.8254084471782,2237.8589994610074,2237.7593395430285,2237.6947549128004,0.0,2237.792188469011,2237.726861685573,2237.792188469011,2237.7593395430285,2237.6947549128004,2237.792188469011,2237.8589994610074,2237.6316546850153,2237.7593395430285,2237.726861685573,2237.792188469011,2237.7593395430285,2237.7593395430285,2237.663019240684,2237.726861685573,2237.7593395430285,2237.6316546850153,2237.6316546850153,2237.7593395430285,2237.7593395430285,2237.6316546850153,2237.7593395430285,2237.6947549128004,2237.7593395430285,2237.726861685573,2237.6006612613974,2237.6947549128004,2237.5099079361603,2237.6947549128004,2237.6947549128004,2237.8254084471782,2237.8254084471782,2237.663019240684,2237.8589994610074,2237.726861685573,2237.726861685573,2237.663019240684,2237.8254084471782,2237.726861685573,2237.7593395430285,2237.7593395430285,2237.663019240684,2237.663019240684,2237.8589994610074,2237.8254084471782,2237.726861685573,2237.6947549128004,2237.6006612613974,2237.6006612613974,2237.7593395430285,2237.792188469011,2237.7593395430285,2237.6947549128004,2237.7593395430285,2237.7593395430285,2237.7593395430285,2237.8589994610074,2237.792188469011,2237.8589994610074,2237.792188469011,2237.8254084471782,0.0,2237.792188469011,2237.8254084471782,0.0,0.0,2237.8589994610074,2237.726861685573,2237.8589994610074,2237.8254084471782,2237.8254084471782,2237.7593395430285,2237.8254084471782,2237.792188469011,2237.7593395430285,2237.6316546850153,2237.6947549128004,2237.726861685573,2237.6316546850153,2237.663019240684,2237.570038985255,2237.726861685573,2237.6947549128004,2237.6947549128004,2237.6316546850153,2237.570038985255,2237.7593395430285,2237.7593395430285,2237.5397878718245,2237.663019240684,2237.726861685573,2237.6947549128004,2237.6006612613974,2237.5099079361603,2237.726861685573,2237.6316546850153,2237.3941002658235,2237.6947549128004,2237.792188469011,2237.663019240684,2237.570038985255,2237.7593395430285,2237.570038985255,2237.726861685573,2237.7593395430285,2237.7593395430285,2237.5099079361603,2237.6316546850153,2237.663019240684,2237.7593395430285,2237.6947549128004,2237.570038985255,2237.6316546850153,2237.6006612613974,2237.5397878718245,2237.726861685573,2237.6947549128004,2237.6316546850153,0.0,2237.8589994610074,0.0,0.0,2237.8589994610074,2237.8254084471782,0.0,0.0,2237.8589994610074,0.0,0.0,0.0,0.0,0.0,2237.8589994610074,2237.8254084471782,0.0,0.0,0.0,2237.8589994610074,2237.8589994610074,2237.8589994610074,0.0,2237.8589994610074,2237.8254084471782,0.0,0.0,0.0,2237.8589994610074,0.0,0.0,0.0,2237.8589994610074,0.0,0.0,0.0,0.0,0.0,0.0,2237.8589994610074,0.0,0.0,2237.7593395430285,2237.8254084471782,0.0,0.0,0.0,2237.8589994610074,2237.726861685573,0.0,0.0,0.0,2237.8589994610074,2237.8589994610074,0.0,0.0,0.0,0.0,0.0,0.0,0.0,0.0,0.0,0.0,0.0,0.0,0.0,0.0,0.0,0.0,0.0,2237.8589994610074,0.0,0.0,2237.8589994610074,0.0,0.0
0.0,2237.8589994610074,0.0,0.0,0.0,2237.8589994610074,0.0,0.0,0.0,2237.8589994610074,0.0,0.0,2237.8589994610074,0.0,2237.8254084471782,2237.8589994610074,0.0,0.0,0.0,0.0,0.0,0.0,0.0,2237.8589994610074,2237.8589994610074,0.0,2237.8589994610074,0.0,0.0,0.0,0.0,0.0,0.0,0.0,2237.8589994610074,2237.8589994610074,0.0,2237.8589994610074,2237.8589994610074,0.0,2237.8589994610074,2237.8589994610074,0.0,2237.8589994610074,2237.8589994610074,0.0,2237.8589994610074,0.0,0.0,2237.8589994610074,2237.8254084471782,2237.8254084471782,2237.8589994610074,2237.8589994610074,2237.8254084471782,2237.8589994610074,2237.6316546850153,2237.8589994610074,2237.8254084471782,2237.7593395430285,2237.8589994610074,2237.6947549128004,2237.6947549128004,2237.726861685573,2237.8254084471782,2237.663019240684,2237.6947549128004,2237.792188469011,2237.792188469011,2237.8254084471782,2237.8589994610074,2237.726861685573,2237.6006612613974,2237.7593395430285,2237.8589994610074,2237.663019240684,2237.726861685573,2237.5397878718245,2237.7593395430285,2237.6006612613974,2237.6947549128004,2237.6947549128004,2237.7593395430285,2237.6316546850153,2237.8589994610074,2237.5397878718245,2237.792188469011,2237.7593395430285,2237.5397878718245,2237.6947549128004,2237.726861685573,2237.6947549128004,2237.7593395430285,2237.726861685573,2237.8254084471782,2237.5397878718245,2237.422495343555,2237.3384238751473,2237.663019240684,2237.726861685573,2237.7593395430285,2237.7593395430285,2237.663019240684,0.0,2237.7593395430285,2237.6947549128004,2237.7593395430285,2237.8589994610074,2237.8589994610074,2237.792188469011,2237.570038985255,2237.663019240684,0.0,2237.7593395430285,2237.6316546850153,2237.792188469011,2237.726861685573,2237.726861685573,2237.570038985255,2237.7593395430285,0.0,0.0,0.0,2237.8254084471782,2237.7593395430285,2237.8589994610074,2237.8254084471782,2237.8589994610074,2237.792188469011,2237.792188469011,2237.792188469011,2237.8589994610074,2237.7593395430285,2237.5397878718245,2237.6316546850153,2237.6316546850153,2237.663019240684,2237.570038985255,2237.570038985255,2237.6006612613974,2237.663019240684,2237.6947549128004,2237.663019240684,2237.6006612613974,2237.726861685573,2237.6006612613974,2237.663019240684,2237.663019240684,2237.6947549128004,2237.663019240684,2237.5397878718245,2237.6316546850153,2237.5397878718245,2237.6947549128004,2237.6316546850153,2237.792188469011,2237.663019240684,2237.6316546850153,2237.6316546850153,2237.6947549128004,2237.726861685573,2237.5397878718245,2237.6947549128004,2237.6316546850153,2237.663019240684,2237.570038985255,2237.792188469011,2237.6947549128004,2237.726861685573,2237.6947549128004,2237.7593395430285,2237.6316546850153,2237.663019240684,2237.6947549128004,2237.6316546850153,2237.6316546850153,2237.663019240684,2237.6947549128004,2237.8589994610074,0.0,0.0,0.0,2237.8589994610074,0.0,0.0,0.0,0.0,2237.8589994610074,2237.8589994610074,2237.8254084471782,2237.8589994610074,0.0,0.0,0.0,0.0,0.0,2237.8589994610074,2237.8254084471782,0.0,2237.8254084471782,2237.8589994610074,0.0,0.0,2237.8589994610074,0.0,0.0,2237.8589994610074,0.0,2237.8589994610074,0.0,0.0,2237.8589994610074,0.0,0.0,2237.8589994610074,0.0,0.0,0.0,0.0,0.0,0.0,2237.8589994610074,2237.8589994610074,2237.8254084471782,2237.792188469011,2237.7593395430285,2237.8589994610074,2237.792188469011,0.0,2237.8589994610074,0.0,0.0,0.0,0.0,0.0,0.0,0.0,0.0,2237.8254084471782,2237.792188469011,0.0,0.0,2237.8254084471782,0.0,0.0,0.0,0.0,0.0,0.0,0.0,0.0,2237.8589994610074,0.0,0.0,0.0,0.0
0.0,0.0,0.0,0.0,0.0,0.0,0.0,0.0,0.0,2237.8589994610074,2237.8589994610074,2237.8589994610074,0.0,0.0,0.0,2237.8254084471782,0.0,2237.8589994610074,2237.8589994610074,0.0,0.0,2237.8589994610074,0.0,0.0,0.0,0.0,0.0,0.0,0.0,0.0,0.0,2237.8589994610074,2237.8589994610074,0.0,2237.8589994610074,0.0,0.0,0.0,0.0,0.0,0.0,2237.8589994610074,0.0,2237.8589994610074,2237.8589994610074,0.0,0.0,2237.792188469011,2237.8589994610074,2237.8589994610074,0.0,2237.792188469011,2237.8254084471782,2237.792188469011,2237.792188469011,2237.792188469011,2237.8589994610074,2237.8254084471782,2237.8254084471782,2237.792188469011,2237.8589994610074,2237.792188469011,2237.7593395430285,2237.663019240684,2237.726861685573,2237.7593395430285,2237.7593395430285,2237.7593395430285,2237.6316546850153,2237.8254084471782,2237.663019240684,2237.7593395430285,2237.726861685573,2237.6947549128004,2237.7593395430285,2237.6316546850153,2237.570038985255,2237.726861685573,2237.663019240684,2237.8254084471782,2237.663019240684,2237.792188469011,2237.726861685573,2237.7593395430285,2237.570038985255,2237.570038985255,2237.6316546850153,2237.8254084471782,2237.663019240684,2237.726861685573,2237.6947549128004,2237.6947549128004,2237.726861685573,2237.7593395430285,2237.7593395430285,2237.480399193134,2237.205730497842,2237.0823207129033,2237.3941002658235,2237.726861685573,2237.792188469011,2237.8254084471782,2237.726861685573,2237.7593395430285,2237.6947549128004,2237.8589994610074,2237.7593395430285,2237.726861685573,2237.663019240684,2237.6006612613974,2237.5397878718245,2237.8254084471782,2237.726861685573,2237.5099079361603,2237.663019240684,2237.570038985255,2237.792188469011,2237.5397878718245,2237.6947549128004,2237.8254084471782,2237.8589994610074,2237.8254084471782,0.0,2237.8254084471782,2237.8254084471782,2237.8254084471782,2237.7593395430285,2237.8254084471782,2237.8589994610074,2237.792188469011,2237.792188469011,2237.6947549128004,2237.792188469011,2237.6947549128004,2237.570038985255,2237.422495343555,2237.5397878718245,2237.3941002658235,2237.23152653711,2237.2842325962692,2237.726861685573,2237.480399193134,2237.570038985255,2237.6947549128004,2237.6316546850153,2237.570038985255,2237.5397878718245,2237.7593395430285,2237.6947549128004,2237.6006612613974,2237.6316546850153,2237.7593395430285,2237.6947549128004,2237.6006612613974,2237.6006612613974,2237.6947549128004,2237.6006612613974,2237.570038985255,2237.6947549128004,2237.570038985255,2237.6006612613974,2237.792188469011,2237.6947549128004,2237.8589994610074,2237.6947549128004,2237.7593395430285,2237.6947549128004,2237.726861685573,2237.726861685573,2237.6947549128004,2237.480399193134,2237.570038985255,2237.726861685573,2237.6006612613974,2237.6947549128004,2237.6316546850153,2237.7593395430285,2237.792188469011,2237.7593395430285,2237.792188469011,0.0,0.0,0.0,0.0,0.0,0.0,0.0,0.0,0.0,0.0,0.0,0.0,0.0,0.0,0.0,2237.8589994610074,2237.8254084471782,0.0,2237.792188469011,0.0,0.0,0.0,0.0,0.0,2237.8589994610074,0.0,2237.8589994610074,0.0,2237.8589994610074,2237.8589994610074,0.0,0.0,0.0,0.0,2237.8254084471782,2237.8589994610074,0.0,0.0,0.0,2237.8589994610074,2237.8589994610074,0.0,2237.8254084471782,2237.792188469011,2237.8254084471782,2237.8254084471782,2237.8589994610074,0.0,2237.8589994610074,0.0,0.0,0.0,2237.8589994610074,2237.8254084471782,2237.792188469011,2237.7593395430285,2237.8254084471782,2237.8589994610074,0.0,0.0,0.0,2237.8589994610074,0.0,0.0,0.0,0.0,0.0,0.0,0.0,0.0,0.0,0.0,0.0,2237.8589994610074,0.0,2237.8589994610074
2237.8254084471782,0.0,0.0,0.0,2237.8589994610074,0.0,0.0,0.0,0.0,2237.8589994610074,0.0,0.0,2237.8589994610074,0.0,0.0,0.0,0.0,0.0,0.0,0.0,0.0,2237.8589994610074,2237.8254084471782,0.0,0.0,0.0,0.0,0.0,2237.8589994610074,0.0,0.0,0.0,0.0,0.0,0.0,2237.8254084471782,0.0,0.0,0.0,2237.8589994610074,0.0,0.0,0.0,2237.8589994610074,2237.8589994610074,0.0,2237.8589994610074,0.0,0.0,0.0,0.0,2237.8589994610074,0.0,2237.8254084471782,2237.8589994610074,2237.8589994610074,2237.8254084471782,2237.8589994610074,0.0,2237.7593395430285,2237.6947549128004,2237.7593395430285,2237.792188469011,2237.7593395430285,2237.6947549128004,2237.8254084471782,2237.7593395430285,2237.726861685573,2237.8254084471782,2237.726861685573,2237.6316546850153,2237.726861685573,2237.6947549128004,2237.726861685573,2237.7593395430285,2237.6947549128004,2237.7593395430285,2237.792188469011,2237.7593395430285,2237.726861685573,2237.6947549128004,2237.726861685573,2237.5099079361603,2237.4512616574316,2237.726861685573,2237.6316546850153,2237.8254084471782,2237.570038985255,2237.792188469011,2237.7593395430285,2237.726861685573,2237.7593395430285,2237.7593395430285,2237.663019240684,2237.6947549128004,2237.570038985255,2237.205730497842,2236.7498122999373,2237.480399193134,2237.6006612613974,2237.6947549128004,2237.663019240684,2237.6316546850153,2237.6316546850153,2237.6947549128004,2237.7593395430285,2237.6316546850153,2237.7593395430285,2237.8254084471782,2237.7593395430285,2237.6947549128004,2237.726861685573,2237.6006612613974,2237.663019240684,2237.6316546850153,2237.663019240684,2237.570038985255,2237.8254084471782,2237.7593395430285,2237.8254084471782,2237.8254084471782,2237.6947549128004,0.0,2237.6947549128004,2237.8589994610074,2237.6947549128004,2237.8589994610074,2237.8589994610074,2237.7593395430285,2237.7593395430285,2237.6947549128004,2237.792188469011,2237.5099079361603,2237.7593395430285,2237.4512616574316,2237.3111425899197,2237.1305704948786,2237.23152653711,2237.3384238751473,2237.570038985255,2237.5397878718245,2237.663019240684,2237.792188469011,2237.6316546850153,2237.5397878718245,2237.570038985255,2237.6006612613974,2237.663019240684,2237.726861685573,2237.663019240684,2237.6316546850153,2237.6006612613974,2237.6316546850153,2237.5099079361603,2237.5397878718245,2237.6006612613974,2237.6006612613974,2237.570038985255,2237.663019240684,2237.5397878718245,2237.6006612613974,2237.726861685573,2237.6947549128004,2237.792188469011,2237.7593395430285,2237.726861685573,2237.7593395430285,2237.6006612613974,2237.6947549128004,2237.6316546850153,2237.792188469011,2237.6006612613974,2237.6316546850153,2237.7593395430285,2237.7593395430285,2237.6947549128004,2237.6316546850153,2237.7593395430285,2237.8254084471782,0.0,0.0,2237.8589994610074,0.0,0.0,0.0,2237.8254084471782,0.0,2237.8589994610074,0.0,0.0,0.0,0.0,0.0,0.0,0.0,0.0,0.0,0.0,2237.8589994610074,0.0,2237.8589994610074,0.0,0.0,0.0,0.0,2237.8589994610074,2237.8589994610074,0.0,0.0,0.0,0.0,2237.8589994610074,0.0,0.0,0.0,0.0,0.0,0.0,0.0,0.0,0.0,0.0,2237.8589994610074,0.0,0.0,2237.8589994610074,2237.8589994610074,2237.8254084471782,2237.8254084471782,2237.8589994610074,0.0,2237.8589994610074,0.0,2237.8589994610074,2237.8254084471782,2237.8254084471782,2237.8589994610074,2237.8589994610074,0.0,2237.8589994610074,0.0,2237.8589994610074,2237.8589994610074,0.0,0.0,0.0,0.0,0.0,2237.8254084471782,0.0,0.0,2237.8589994610074,2237.8589994610074,0.0,0.0,2237.8589994610074
0.0,2237.8589994610074,0.0,0.0,0.0,0.0,0.0,0.0,0.0,0.0,0.0,0.0,0.0,0.0,0.0,0.0,0.0,0.0,0.0,2237.8254084471782,2237.8254084471782,2237.8589994610074,0.0,2237.8589994610074,0.0,0.0,0.0,2237.8589994610074,0.0,0.0,0.0,0.0,2237.8254084471782,0.0,0.0,0.0,0.0,2237.8589994610074,2237.8589994610074,0.0,2237.8589994610074,2237.8589994610074,0.0,0.0,0.0,0.0,2237.8589994610074,0.0,0.0,2237.8589994610074,2237.7593395430285,2237.8254084471782,0.0,2237.792188469011,2237.8589994610074,2237.8589994610074,2237.8589994610074,2237.8254084471782,2237.8589994610074,2237.8589994610074,2237.6947549128004,2237.792188469011,2237.792188469011,2237.8589994610074,2237.7593395430285,2237.663019240684,2237.6947549128004,2237.6006612613974,2237.7593395430285,2237.8254084471782,2237.7593395430285,2237.6316546850153,2237.726861685573,2237.792188469011,2237.726861685573,2237.6006612613974,2237.6316546850153,2237.7593395430285,2237.663019240684,2237.6006612613974,2237.6947549128004,2237.6006612613974,2237.5397878718245,2237.6316546850153,2237.726861685573,2237.7593395430285,2237.570038985255,2237.663019240684,2237.7593395430285,2237.7593395430285,2237.792188469011,2237.726861685573,2237.8254084471782,2237.663019240684,2237.570038985255,2237.5397878718245,2237.480399193134,2237.570038985255,2237.6947549128004,2237.726861685573,2237.6947549128004,2237.6947549128004,2237.6947549128004,2237.6006612613974,2237.5397878718245,2237.6947549128004,2237.6947549128004,2237.6006612613974,2237.8254084471782,2237.726861685573,2237.8254084471782,2237.792188469011,2237.7593395430285,2237.6947549128004,2237.6947549128004,2237.6316546850153,2237.6006612613974,2237.6947549128004,2237.663019240684,2237.663019240684,2237.792188469011,0.0,2237.726861685573,2237.792188469011,2237.8254084471782,2237.8589994610074,2237.8254084471782,2237.792188469011,2237.792188469011,2237.8254084471782,2237.7593395430285,2237.726861685573,2237.792188469011,2237.663019240684,2237.6006612613974,2237.3111425899197,2237.5099079361603,2237.422495343555,2237.480399193134,2237.6006612613974,2237.7593395430285,2237.5099079361603,2237.6947549128004,2237.726861685573,2237.6006612613974,2237.570038985255,2237.6947549128004,2237.663019240684,2237.6947549128004,2237.663019240684,2237.6947549128004,2237.6947549128004,2237.663019240684,2237.6947549128004,2237.726861685573,2237.6006612613974,2237.6316546850153,2237.726861685573,2237.6006612613974,2237.663019240684,2237.480399193134,2237.6947549128004,2237.726861685573,2237.6947549128004,2237.6316546850153,2237.792188469011,2237.8254084471782,2237.8254084471782,2237.663019240684,2237.6006612613974,2237.726861685573,2237.8254084471782,2237.6316546850153,2237.6316546850153,2237.792188469011,2237.6947549128004,2237.726861685573,2237.792188469011,0.0,0.0,0.0,2237.8589994610074,0.0,0.0,0.0,2237.8589994610074,0.0,0.0,2237.8589994610074,0.0,0.0,2237.8589994610074,0.0,0.0,2237.8589994610074,2237.792188469011,0.0,0.0,0.0,0.0,0.0,0.0,0.0,2237.8589994610074,0.0,0.0,0.0,0.0,0.0,0.0,0.0,2237.8254084471782,0.0,2237.8589994610074,0.0,2237.8589994610074,0.0,0.0,0.0,0.0,0.0,2237.8589994610074,0.0,2237.8589994610074,2237.8589994610074,0.0,2237.7593395430285,2237.792188469011,0.0,2237.8589994610074,2237.8254084471782,2237.8589994610074,0.0,2237.8254084471782,0.0,2237.792188469011,2237.8254084471782,0.0,2237.8589994610074,2237.8589994610074,0.0,2237.792188469011,0.0,0.0,0.0,0.0,0.0,0.0,0.0,0.0,0.0,0.0,2237.8589994610074,2237.8589994610074,0.0,0.0
0.0,0.0,2237.8589994610074,0.0,0.0,0.0,0.0,0.0,0.0,2237.8589994610074,0.0,0.0,0.0,2237.8254084471782,2237.8589994610074,0.0,0.0,0.0,0.0,0.0,0.0,0.0,0.0,0.0,2237.8589994610074,0.0,0.0,2237.8254084471782,0.0,0.0,2237.8589994610074,0.0,2237.8589994610074,0.0,0.0,0.0,0.0,0.0,0.0,2237.8589994610074,0.0,2237.8589994610074,0.0,2237.8254084471782,2237.8589994610074,0.0,2237.8589994610074,0.0,2237.8589994610074,0.0,2237.8254084471782,0.0,0.0,2237.6947549128004,2237.8254084471782,2237.8254084471782,2237.8589994610074,2237.8589994610074,0.0,2237.726861685573,2237.7593395430285,2237.7593395430285,2237.792188469011,2237.8254084471782,2237.792188469011,2237.6947549128004,2237.8254084471782,2237.792188469011,2237.6947549128004,2237.8254084471782,2237.8589994610074,2237.663019240684,2237.792188469011,2237.7593395430285,2237.6006612613974,2237.663019240684,2237.7593395430285,2237.6947549128004,2237.663019240684,2237.6006612613974,2237.726861685573,2237.663019240684,2237.792188469011,2237.663019240684,2237.663019240684,2237.7593395430285,2237.6947549128004,2237.8254084471782,2237.663019240684,2237.663019240684,2237.663019240684,2237.7593395430285,2237.726861685573,2237.6316546850153,2237.663019240684,2237.6006612613974,2237.663019240684,2237.7593395430285,2237.570038985255,2237.663019240684,2237.6316546850153,2237.6947549128004,2237.7593395430285,2237.570038985255,2237.6947549128004,2237.6316546850153,2237.6006612613974,2237.6316546850153,2237.7593395430285,2237.6947549128004,2237.8589994610074,2237.7593395430285,2237.7593395430285,2237.6316546850153,2237.663019240684,2237.7593395430285,2237.6316546850153,2237.726861685573,2237.663019240684,2237.792188469011,2237.6947549128004,2237.7593395430285,2237.8589994610074,2237.726861685573,0.0,2237.7593395430285,2237.7593395430285,2237.663019240684,2237.792188469011,2237.7593395430285,2237.663019240684,2237.663019240684,2237.6006612613974,2237.6316546850153,2237.6316546850153,2237.3111425899197,2237.3111425899197,2237.570038985255,2237.6316546850153,2237.663019240684,2237.6947549128004,2237.6316546850153,2237.726861685573,2237.663019240684,2237.663019240684,2237.726861685573,2237.726861685573,2237.6947549128004,2237.663019240684,2237.6947549128004,2237.663019240684,2237.726861685573,2237.6006612613974,2237.663019240684,2237.726861685573,2237.570038985255,2237.726861685573,2237.6006612613974,2237.6947549128004,2237.6947549128004,2237.8254084471782,2237.6947549128004,2237.792188469011,2237.663019240684,2237.792188469011,2237.7593395430285,2237.570038985255,2237.6006612613974,2237.6947549128004,2237.7593395430285,2237.792188469011,2237.570038985255,2237.6316546850153,2237.7593395430285,2237.6947549128004,2237.663019240684,2237.6947549128004,2237.8254084471782,0.0,0.0,0.0,0.0,0.0,0.0,0.0,0.0,0.0,0.0,0.0,0.0,2237.8589994610074,0.0,2237.792188469011,0.0,2237.8254084471782,2237.8589994610074,0.0,0.0,2237.8589994610074,0.0,2237.8589994610074,0.0,2237.8254084471782,2237.8589994610074,0.0,2237.8589994610074,2237.8254084471782,0.0,0.0,0.0,0.0,2237.792188469011,0.0,2237.8589994610074,2237.8589994610074,2237.8589994610074,2237.8254084471782,0.0,0.0,2237.8589994610074,0.0,2237.8589994610074,0.0,0.0,0.0,2237.7593395430285,2237.8589994610074,2237.8589994610074,0.0,2237.8254084471782,0.0,0.0,0.0,2237.8589994610074,2237.8589994610074,0.0,2237.8589994610074,0.0,0.0,2237.8589994610074,2237.792188469011,2237.8589994610074,0.0,0.0,0.0,0.0,2237.8589994610074,0.0,2237.8589994610074,0.0,0.0,2237.8589994610074,0.0,0.0,0.0,0.0
0.0,0.0,0.0,2237.8254084471782,0.0,0.0,0.0,0.0,0.0,0.0,0.0,2237.8589994610074,0.0,0.0,2237.8589994610074,0.0,0.0,0.0,0.0,2237.8589994610074,2237.8589994610074,0.0,2237.8589994610074,2237.8589994610074,0.0,0.0,0.0,0.0,2237.8589994610074,0.0,0.0,0.0,2237.8589994610074,0.0,0.0,0.0,0.0,0.0,0.0,0.0,0.0,2237.8589994610074,0.0,0.0,0.0,2237.8589994610074,0.0,0.0,2237.8589994610074,0.0,2237.8254084471782,0.0,2237.8589994610074,2237.8589994610074,2237.8589994610074,2237.8589994610074,2237.8589994610074,2237.8254084471782,0.0,2237.726861685573,2237.8254084471782,2237.792188469011,2237.8254084471782,2237.792188469011,2237.7593395430285,2237.8589994610074,2237.7593395430285,2237.792188469011,2237.7593395430285,2237.792188469011,2237.6947549128004,2237.7593395430285,2237.6947549128004,2237.7593395430285,2237.6316546850153,2237.792188469011,2237.5397878718245,2237.570038985255,2237.792188469011,2237.6316546850153,2237.726861685573,2237.6947549128004,2237.726861685573,2237.6947549128004,2237.726861685573,2237.663019240684,2237.7593395430285,2237.792188469011,2237.7593395430285,2237.726861685573,2237.726861685573,2237.7593395430285,2237.6316546850153,2237.422495343555,2237.6947549128004,2237.570038985255,2237.6947549128004,2237.6947549128004,2237.6316546850153,2237.570038985255,2237.663019240684,2237.6947549128004,2237.6316546850153,2237.6947549128004,2237.726861685573,2237.726861685573,2237.570038985255,2237.570038985255,2237.726861685573,2237.6316546850153,2237.7593395430285,2237.6006612613974,2237.726861685573,2237.6947549128004,2237.6316546850153,2237.6316546850153,2237.3384238751473,2237.570038985255,2237.8589994610074,2237.6316546850153,2237.8589994610074,2237.792188469011,2237.792188469011,2237.7593395430285,2237.792188469011,2237.8254084471782,2237.792188469011,2237.8589994610074,2237.792188469011,2237.726861685573,2237.6947549128004,2237.792188469011,2237.6006612613974,2237.663019240684,2237.6947549128004,2237.23152653711,2237.3941002658235,2237.5397878718245,2237.570038985255,2237.5397878718245,2237.7593395430285,2237.726861685573,2237.570038985255,2237.422495343555,2237.6947549128004,2237.663019240684,2237.570038985255,2237.6947549128004,2237.6316546850153,2237.663019240684,2237.7593395430285,2237.6316546850153,2237.5397878718245,2237.6947549128004,2237.792188469011,2237.726861685573,2237.6947549128004,2237.7593395430285,2237.726861685573,2237.8254084471782,2237.7593395430285,2237.726861685573,2237.726861685573,2237.7593395430285,2237.7593395430285,2237.663019240684,2237.663019240684,2237.6006612613974,2237.663019240684,2237.6006612613974,2237.8254084471782,2237.6316546850153,2237.570038985255,2237.7593395430285,2237.570038985255,2237.570038985255,2237.8589994610074,2237.792188469011,0.0,0.0,2237.8589994610074,0.0,0.0,2237.8589994610074,0.0,0.0,0.0,0.0,2237.8589994610074,0.0,0.0,2237.8589994610074,0.0,0.0,0.0,0.0,0.0,0.0,2237.8589994610074,0.0,0.0,0.0,0.0,0.0,0.0,0.0,2237.8589994610074,2237.8589994610074,0.0,0.0,2237.8589994610074,0.0,0.0,0.0,0.0,0.0,0.0,0.0,2237.8589994610074,0.0,2237.8589994610074,0.0,2237.8589994610074,2237.8254084471782,2237.8254084471782,0.0,2237.8589994610074,2237.8254084471782,2237.792188469011,2237.8254084471782,2237.8254084471782,2237.792188469011,2237.8589994610074,0.0,0.0,2237.8254084471782,2237.792188469011,2237.8254084471782,2237.8254084471782,2237.726861685573,0.0,2237.8254084471782,0.0,2237.8254084471782,0.0,0.0,2237.8589994610074,0.0,0.0,0.0,0.0,2237.8589994610074,0.0,0.0,0.0,0.0
0.0,2237.8589994610074,0.0,0.0,0.0,2237.8589994610074,0.0,2237.8589994610074,0.0,0.0,0.0,0.0,0.0,0.0,0.0,0.0,0.0,0.0,0.0,0.0,0.0,0.0,0.0,0.0,0.0,0.0,2237.8589994610074,0.0,0.0,0.0,0.0,0.0,0.0,0.0,0.0,2237.8589994610074,0.0,2237.8254084471782,0.0,0.0,2237.8589994610074,0.0,0.0,0.0,0.0,0.0,0.0,0.0,2237.8589994610074,2237.8254084471782,2237.8589994610074,2237.792188469011,2237.8589994610074,2237.8254084471782,2237.8254084471782,0.0,2237.792188469011,2237.726861685573,2237.7593395430285,2237.792188469011,2237.792188469011,2237.8589994610074,2237.8589994610074,2237.6947549128004,2237.7593395430285,2237.7593395430285,2237.663019240684,2237.792188469011,2237.663019240684,0.0,2237.726861685573,2237.726861685573,2237.8254084471782,2237.792188469011,2237.792188469011,2237.792188469011,2237.7593395430285,2237.792188469011,2237.7593395430285,2237.6947549128004,2237.792188469011,2237.792188469011,2237.726861685573,2237.4512616574316,2237.663019240684,2237.570038985255,2237.726861685573,2237.8254084471782,2237.6316546850153,2237.792188469011,2237.663019240684,2237.663019240684,2237.5397878718245,2237.6947549128004,2237.7593395430285,2237.6006612613974,2237.7593395430285,2237.570038985255,2237.6316546850153,2237.5099079361603,2237.792188469011,2237.5099079361603,2237.726861685573,2237.6006612613974,2237.6316546850153,2237.6947549128004,2237.726861685573,2237.6006612613974,2237.6947549128004,2237.792188469011,2237.663019240684,2237.5397878718245,2237.6316546850153,2237.726861685573,2237.480399193134,2236.8835825836195,2237.155252464158,2237.3384238751473,2237.663019240684,2237.5397878718245,2237.7593395430285,2237.8254084471782,2237.792188469011,2237.726861685573,2237.663019240684,2237.6947549128004,2237.663019240684,2237.792188469011,2237.7593395430285,2237.726861685573,2237.726861685573,2237.663019240684,2237.7593395430285,2237.6316546850153,2237.6006612613974,2237.6947549128004,2237.663019240684,2237.6006612613974,2237.792188469011,2237.726861685573,2237.3941002658235,2237.6947549128004,2237.6947549128004,2237.6006612613974,2237.6947549128004,2237.6006612613974,2237.5099079361603,2237.726861685573,2237.726861685573,2237.5099079361603,2237.663019240684,2237.6316546850153,2237.792188469011,2237.7593395430285,2237.6947549128004,2237.570038985255,2237.6947549128004,2237.6006612613974,2237.663019240684,2237.6947549128004,2237.726861685573,2237.663019240684,2237.6316546850153,2237.6316546850153,2237.6006612613974,2237.792188469011,2237.6947549128004,2237.726861685573,2237.6947549128004,2237.6947549128004,2237.5397878718245,2237.6006612613974,2237.6316546850153,2237.6947549128004,2237.4512616574316,2237.792188469011,2237.726861685573,2237.7593395430285,2237.8254084471782,0.0,0.0,0.0,0.0,0.0,0.0,0.0,0.0,0.0,0.0,2237.8254084471782,0.0,0.0,0.0,2237.8589994610074,0.0,0.0,0.0,0.0,0.0,2237.8254084471782,2237.8589994610074,0.0,2237.8589994610074,0.0,0.0,0.0,0.0,0.0,0.0,0.0,0.0,0.0,0.0,0.0,0.0,0.0,2237.8589994610074,2237.8589994610074,2237.8589994610074,0.0,2237.8589994610074,0.0,2237.8254084471782,2237.8589994610074,0.0,2237.792188469011,0.0,2237.7593395430285,2237.8254084471782,2237.8589994610074,0.0,0.0,2237.8254084471782,0.0,0.0,2237.8589994610074,2237.8254084471782,2237.8589994610074,0.0,0.0,2237.8589994610074,0.0,2237.7593395430285,2237.792188469011,2237.8589994610074,2237.8589994610074,2237.8589994610074,2237.8589994610074,0.0,0.0,0.0,0.0,0.0,0.0,2237.8589994610074,0.0
2237.8589994610074,2237.8589994610074,0.0,2237.8589994610074,0.0,0.0,0.0,2237.8589994610074,0.0,0.0,0.0,2237.8589994610074,2237.8589994610074,2237.8589994610074,0.0,0.0,0.0,0.0,0.0,0.0,2237.8589994610074,0.0,2237.8589994610074,2237.8254084471782,0.0,2237.8589994610074,2237.8254084471782,0.0,0.0,0.0,2237.8589994610074,0.0,0.0,0.0,0.0,0.0,0.0,0.0,2237.8589994610074,0.0,0.0,0.0,0.0,0.0,0.0,0.0,0.0,0.0,0.0,2237.8589994610074,0.0,0.0,2237.8254084471782,2237.8589994610074,2237.8589994610074,2237.8254084471782,2237.8254084471782,2237.8254084471782,2237.7593395430285,2237.8254084471782,2237.8254084471782,2237.8589994610074,2237.8589994610074,2237.792188469011,2237.8589994610074,2237.726861685573,2237.792188469011,2237.6947549128004,2237.792188469011,2237.7593395430285,2237.6006612613974,2237.7593395430285,2237.726861685573,2237.663019240684,2237.6006612613974,2237.8254084471782,2237.663019240684,2237.6947549128004,2237.726861685573,2237.7593395430285,2237.726861685573,2237.6006612613974,2237.6947549128004,2237.726861685573,2237.6006612613974,2237.792188469011,2237.7593395430285,2237.663019240684,2237.5099079361603,2237.7593395430285,2237.726861685573,2237.726861685573,2237.570038985255,2237.792188469011,2237.6316546850153,2237.6006612613974,2237.5099079361603,2237.6006612613974,2237.663019240684,2237.6006612613974,2237.5397878718245,2237.726861685573,2237.570038985255,2237.6947549128004,2237.6316546850153,2237.792188469011,2237.8254084471782,2237.5397878718245,2237.663019240684,2237.663019240684,2237.5397878718245,2237.6947549128004,2237.6947549128004,2237.6947549128004,2237.3941002658235,2236.7861746632907,2236.562852425179,2237.205730497842,2237.7593395430285,2237.6316546850153,2237.726861685573,2237.6947549128004,2237.8254084471782,2237.726861685573,2237.6316546850153,2237.8254084471782,2237.8254084471782,2237.8589994610074,2237.792188469011,2237.8254084471782,0.0,2237.726861685573,2237.792188469011,2237.6947549128004,2237.6006612613974,2237.792188469011,2237.570038985255,2237.792188469011,2237.663019240684,2237.726861685573,2237.570038985255,2237.6316546850153,2237.6316546850153,2237.663019240684,2237.7593395430285,2237.7593395430285,2237.6006612613974,2237.6006612613974,2237.663019240684,2237.5397878718245,2237.5397878718245,2237.726861685573,2237.7593395430285,2237.726861685573,2237.726861685573,2237.6316546850153,2237.366076438371,2237.6947549128004,2237.726861685573,2237.6947549128004,2237.726861685573,2237.726861685573,2237.6316546850153,2237.792188469011,2237.7593395430285,2237.6947549128004,2237.570038985255,2237.726861685573,2237.6947549128004,2237.663019240684,2237.663019240684,2237.6947549128004,2237.6947549128004,2237.6316546850153,2237.7593395430285,2237.7593395430285,2237.726861685573,2237.8589994610074,2237.8589994610074,0.0,0.0,2237.8589994610074,0.0,0.0,2237.8589994610074,0.0,0.0,0.0,2237.8589994610074,0.0,0.0,2237.8589994610074,2237.792188469011,0.0,0.0,2237.8589994610074,2237.8254084471782,2237.8589994610074,0.0,0.0,0.0,0.0,0.0,0.0,0.0,0.0,0.0,0.0,0.0,0.0,0.0,2237.8589994610074,0.0,0.0,2237.8254084471782,2237.8589994610074,0.0,0.0,2237.8589994610074,2237.8589994610074,2237.8589994610074,2237.8254084471782,2237.8589994610074,2237.8589994610074,2237.8589994610074,2237.8589994610074,2237.8589994610074,2237.8589994610074,2237.8589994610074,0.0,0.0,0.0,2237.8589994610074,0.0,2237.8589994610074,2237.7593395430285,2237.6947549128004,2237.792188469011,0.0,2237.792188469011,2237.8589994610074,2237.792188469011,2237.8589994610074,2237.8589994610074,2237.7593395430285,2237.8589994610074,0.0,0.0,0.0,0.0,2237.8589994610074,0.0,0.0,0.0,0.0,2237.8589994610074
0.0,0.0,0.0,0.0,0.0,0.0,0.0,0.0,0.0,0.0,0.0,0.0,0.0,2237.8254084471782,0.0,0.0,0.0,0.0,0.0,2237.8589994610074,0.0,0.0,0.0,0.0,0.0,0.0,0.0,2237.8589994610074,0.0,2237.8254084471782,0.0,2237.8589994610074,0.0,0.0,0.0,0.0,0.0,0.0,0.0,0.0,2237.8589994610074,0.0,2237.8589994610074,0.0,0.0,0.0,2237.8589994610074,0.0,2237.8589994610074,2237.8589994610074,0.0,0.0,2237.8254084471782,2237.792188469011,0.0,2237.792188469011,0.0,2237.8589994610074,0.0,2237.8589994610074,2237.7593395430285,2237.7593395430285,2237.8254084471782,2237.8254084471782,2237.792188469011,2237.6947549128004,2237.8254084471782,2237.726861685573,2237.7593395430285,2237.726861685573,2237.7593395430285,2237.6947549128004,2237.792188469011,2237.792188469011,2237.7593395430285,2237.6316546850153,2237.663019240684,2237.6006612613974,2237.726861685573,2237.726861685573,2237.5397878718245,2237.5099079361603,2237.726861685573,2237.7593395430285,2237.6947549128004,2237.6316546850153,2237.726861685573,2237.792188469011,2237.792188469011,2237.663019240684,2237.7593395430285,2237.6316546850153,2237.6947549128004,2237.7593395430285,2237.663019240684,2237.6006612613974,2237.726861685573,2237.5397878718245,2237.7593395430285,2237.726861685573,2237.480399193134,2237.570038985255,2237.7593395430285,2237.5397878718245,2237.6316546850153,2237.6947549128004,2237.726861685573,2237.6947549128004,2237.6947549128004,2237.7593395430285,2237.6947549128004,2237.6006612613974,2237.7593395430285,2237.6947549128004,2237.5099079361603,2237.205730497842,2236.8435048324814,2237.5099079361603,2237.726861685573,2237.6006612613974,2237.6006612613974,2237.6316546850153,2237.8254084471782,2237.792188469011,2237.726861685573,2237.6947549128004,2237.726861685573,2237.7593395430285,2237.663019240684,2237.792188469011,2237.8254084471782,2237.663019240684,2237.6316546850153,2237.5099079361603,2237.5397878718245,2237.3384238751473,2237.663019240684,2237.6947549128004,2237.6947549128004,2237.570038985255,2237.663019240684,2237.4512616574316,2237.6316546850153,2237.726861685573,2237.6947549128004,2237.663019240684,2237.663019240684,2237.6947549128004,2237.8254084471782,2237.726861685573,2237.663019240684,2237.6316546850153,2237.6006612613974,2237.6947549128004,2237.7593395430285,2237.480399193134,2237.7593395430285,2237.663019240684,2237.6316546850153,2237.6316546850153,2237.726861685573,2237.663019240684,2237.5099079361603,2237.6316546850153,2237.3941002658235,2237.6947549128004,2237.5397878718245,2237.792188469011,2237.6316546850153,2237.6947549128004,2237.570038985255,2237.7593395430285,2237.480399193134,2237.726861685573,2237.6006612613974,2237.6947549128004,2237.6316546850153,2237.726861685573,2237.792188469011,0.0,0.0,0.0,0.0,0.0,2237.8589994610074,0.0,0.0,0.0,2237.8589994610074,0.0,2237.8254084471782,0.0,2237.8254084471782,2237.8254084471782,2237.8589994610074,2237.8589994610074,0.0,2237.8589994610074,2237.8589994610074,0.0,0.0,2237.8589994610074,0.0,0.0,2237.8589994610074,0.0,0.0,0.0,0.0,2237.8589994610074,0.0,0.0,2237.8589994610074,0.0,0.0,2237.8254084471782,0.0,0.0,0.0,0.0,2237.8589994610074,0.0,0.0,2237.8589994610074,0.0,2237.8589994610074,0.0,2237.8589994610074,0.0,2237.8254084471782,2237.8589994610074,0.0,0.0,0.0,0.0,2237.8254084471782,2237.8254084471782,2237.726861685573,2237.8254084471782,2237.8589994610074,0.0,2237.7593395430285,2237.7593395430285,0.0,0.0,0.0,2237.8589994610074,0.0,0.0,2237.8589994610074,0.0,2237.8589994610074,0.0,0.0,0.0,0.0
0.0,0.0,0.0,0.0,0.0,0.0,0.0,0.0,2237.8589994610074,0.0,0.0,2237.8589994610074,0.0,0.0,2237.8589994610074,0.0,0.0,0.0,0.0,0.0,0.0,0.0,0.0,0.0,2237.8589994610074,0.0,0.0,0.0,0.0,2237.8589994610074,0.0,0.0,0.0,0.0,0.0,0.0,2237.8589994610074,2237.8589994610074,0.0,0.0,0.0,0.0,0.0,0.0,0.0,0.0,2237.8589994610074,0.0,0.0,0.0,0.0,2237.8589994610074,0.0,2237.8254084471782,2237.8589994610074,2237.8254084471782,0.0,0.0,2237.8589994610074,2237.792188469011,2237.8254084471782,2237.663019240684,2237.8254084471782,2237.8254084471782,2237.792188469011,2237.8254084471782,2237.726861685573,2237.726861685573,2237.8254084471782,2237.7593395430285,2237.6947549128004,2237.8254084471782,2237.6006612613974,2237.6006612613974,2237.663019240684,2237.6947549128004,2237.792188469011,2237.726861685573,2237.7593395430285,2237.7593395430285,2237.6006612613974,2237.726861685573,2237.570038985255,2237.726861685573,2237.7593395430285,2237.663019240684,2237.726861685573,2237.8589994610074,2237.726861685573,2237.792188469011,2237.6947549128004,2237.7593395430285,2237.726861685573,2237.570038985255,2237.663019240684,2237.792188469011,2237.792188469011,2237.6947549128004,2237.6316546850153,2237.480399193134,2237.6947549128004,2237.7593395430285,2237.663019240684,2237.792188469011,2237.6006612613974,2237.6947549128004,2237.6947549128004,2237.663019240684,2237.726861685573,2237.8254084471782,2237.6006612613974,2237.7593395430285,2237.570038985255,2237.570038985255,2237.6947549128004,2237.3384238751473,2237.480399193134,2237.6947549128004,2237.6947549128004,2237.6316546850153,2237.6947549128004,2237.6006612613974,2237.726861685573,2237.7593395430285,2237.663019240684,2237.6947549128004,2237.663019240684,2237.726861685573,2237.570038985255,2237.7593395430285,2237.7593395430285,2237.6316546850153,2237.663019240684,2237.3941002658235,2237.6006612613974,2237.5397878718245,2237.3941002658235,2237.480399193134,2237.570038985255,2237.663019240684,2237.6947549128004,2237.6316546850153,2237.570038985255,2237.6316546850153,2237.570038985255,2237.6006612613974,2237.5099079361603,2237.663019240684,2237.6006612613974,2237.6947549128004,2237.6006612613974,2237.792188469011,2237.6006612613974,2237.6316546850153,2237.6316546850153,2237.8254084471782,2237.726861685573,2237.7593395430285,2237.6947549128004,2237.663019240684,2237.7593395430285,2237.726861685573,2237.6947549128004,2237.792188469011,2237.663019240684,2237.6947549128004,2237.7593395430285,2237.7593395430285,2237.663019240684,2237.663019240684,2237.6316546850153,2237.726861685573,2237.6316546850153,2237.8254084471782,2237.6947549128004,2237.6947549128004,2237.726861685573,2237.8254084471782,2237.8589994610074,0.0,0.0,2237.8589994610074,2237.8589994610074,0.0,0.0,0.0,0.0,2237.8589994610074,2237.8254084471782,2237.8589994610074,0.0,0.0,2237.8589994610074,2237.8589994610074,0.0,2237.8589994610074,0.0,2237.8589994610074,0.0,0.0,2237.8589994610074,0.0,2237.8589994610074,2237.8589994610074,0.0,0.0,2237.8589994610074,0.0,0.0,0.0,0.0,0.0,0.0,2237.8589994610074,0.0,2237.8589994610074,0.0,0.0,0.0,2237.8589994610074,0.0,0.0,2237.8589994610074,0.0,0.0,2237.8589994610074,2237.8589994610074,2237.8254084471782,0.0,2237.792188469011,2237.8254084471782,2237.792188469011,2237.8589994610074,2237.8589994610074,2237.8254084471782,0.0,2237.8589994610074,2237.792188469011,2237.8589994610074,2237.7593395430285,0.0,2237.8589994610074,0.0,2237.8589994610074,0.0,0.0,0.0,0.0,0.0,0.0,0.0,2237.8254084471782,0.0,0.0,0.0,0.0
0.0,0.0,0.0,0.0,2237.8589994610074,0.0,0.0,0.0,0.0,0.0,2237.8589994610074,0.0,2237.8589994610074,0.0,2237.8589994610074,0.0,0.0,0.0,0.0,0.0,0.0,0.0,0.0,2237.8254084471782,0.0,0.0,0.0,0.0,0.0,0.0,0.0,0.0,2237.8589994610074,0.0,0.0,0.0,0.0,0.0,0.0,2237.8589994610074,2237.8589994610074,0.0,0.0,0.0,2237.792188469011,2237.8589994610074,2237.8589994610074,2237.8589994610074,2237.8254084471782,2237.8589994610074,2237.8589994610074,2237.8254084471782,2237.792188469011,2237.8254084471782,2237.792188469011,0.0,0.0,2237.8589994610074,0.0,2237.8254084471782,2237.8254084471782,2237.7593395430285,2237.792188469011,2237.7593395430285,2237.8589994610074,2237.726861685573,2237.792188469011,2237.663019240684,2237.792188469011,2237.726861685573,2237.726861685573,2237.8254084471782,2237.6947549128004,2237.8254084471782,2237.792188469011,2237.6947549128004,2237.726861685573,2237.792188469011,2237.7593395430285,2237.726861685573,2237.570038985255,2237.6316546850153,2237.7593395430285,2237.792188469011,2237.7593395430285,2237.6006612613974,2237.6316546850153,2237.7593395430285,2237.792188469011,2237.6947549128004,2237.6006612613974,2237.726861685573,2237.6006612613974,2237.6316546850153,2237.792188469011,2237.8254084471782,2237.6947549128004,2237.726861685573,2237.7593395430285,2237.6316546850153,2237.726861685573,2237.6316546850153,2237.6006612613974,2237.663019240684,2237.726861685573,2237.7593395430285,2237.7593395430285,2237.726861685573,2237.6947549128004,2237.663019240684,2237.663019240684,2237.663019240684,2237.6947549128004,2237.6316546850153,2237.5397878718245,2237.6316546850153,2237.8254084471782,2237.7593395430285,2237.792188469011,2237.6947549128004,2237.663019240684,2237.726861685573,2237.726861685573,2237.792188469011,2237.6316546850153,2237.6947549128004,2237.7593395430285,2237.6947549128004,2237.7593395430285,2237.6316546850153,2237.726861685573,2237.6947549128004,2237.570038985255,2237.6006612613974,2237.6006612613974,2237.5099079361603,2237.6947549128004,2237.6006612613974,2237.6316546850153,2237.792188469011,2237.7593395430285,2237.5099079361603,2237.570038985255,2237.6006612613974,2237.663019240684,2237.663019240684,2237.726861685573,2237.663019240684,2237.570038985255,2237.8254084471782,2237.6316546850153,2237.726861685573,2237.570038985255,2237.570038985255,2237.6316546850153,2237.726861685573,2237.726861685573,2237.6947549128004,2237.726861685573,2237.7593395430285,2237.7593395430285,2237.6947549128004,2237.570038985255,2237.726861685573,2237.6006612613974,2237.663019240684,2237.6947549128004,2237.792188469011,2237.6316546850153,2237.663019240684,2237.4512616574316,2237.663019240684,2237.8254084471782,2237.726861685573,2237.6006612613974,2237.7593395430285,2237.726861685573,2237.8589994610074,0.0,2237.8589994610074,0.0,0.0,0.0,0.0,0.0,0.0,2237.8589994610074,0.0,0.0,0.0,0.0,2237.8589994610074,2237.7593395430285,2237.8589994610074,0.0,0.0,0.0,0.0,0.0,0.0,0.0,0.0,0.0,0.0,0.0,0.0,0.0,0.0,0.0,0.0,0.0,0.0,0.0,0.0,0.0,0.0,0.0,0.0,2237.8254084471782,2237.8589994610074,0.0,0.0,0.0,2237.7593395430285,0.0,0.0,2237.8589994610074,2237.8589994610074,2237.8589994610074,0.0,0.0,0.0,2237.726861685573,0.0,2237.8589994610074,2237.8589994610074,0.0,2237.8254084471782,2237.792188469011,2237.8589994610074,0.0,0.0,0.0,0.0,0.0,0.0,2237.8589994610074,2237.8589994610074,0.0,0.0,2237.8589994610074,0.0,0.0,0.0,0.0,0.0
0.0,0.0,0.0,0.0,0.0,2237.8254084471782,2237.8589994610074,2237.8254084471782,2237.8589994610074,2237.8589994610074,0.0,0.0,0.0,0.0,2237.8589994610074,0.0,0.0,2237.8589994610074,0.0,2237.8589994610074,0.0,0.0,0.0,0.0,0.0,0.0,0.0,2237.8589994610074,2237.8254084471782,0.0,2237.8589994610074,0.0,0.0,0.0,0.0,0.0,0.0,2237.8589994610074,0.0,0.0,2237.8589994610074,0.0,2237.8589994610074,0.0,2237.8589994610074,2237.8589994610074,2237.8589994610074,0.0,2237.8589994610074,0.0,2237.8589994610074,0.0,0.0,2237.8589994610074,2237.8589994610074,0.0,2237.792188469011,2237.8254084471782,2237.8589994610074,2237.792188469011,0.0,2237.726861685573,2237.7593395430285,2237.7593395430285,2237.7593395430285,2237.8589994610074,2237.7593395430285,2237.6947549128004,2237.8254084471782,2237.7593395430285,2237.7593395430285,2237.8589994610074,2237.570038985255,0.0,2237.7593395430285,2237.792188469011,2237.8254084471782,2237.726861685573,2237.6947549128004,2237.6006612613974,2237.7593395430285,2237.7593395430285,0.0,2237.6947549128004,2237.7593395430285,2237.6316546850153,2237.792188469011,2237.6316546850153,2237.663019240684,2237.663019240684,2237.6006612613974,2237.792188469011,2237.792188469011,2237.726861685573,2237.6947549128004,2237.8254084471782,2237.6947549128004,2237.8589994610074,2237.6947549128004,2237.6006612613974,2237.663019240684,2237.663019240684,2237.6006612613974,2237.663019240684,2237.6947549128004,2237.663019240684,2237.6947549128004,2237.726861685573,2237.6316546850153,2237.663019240684,2237.663019240684,2237.663019240684,2237.663019240684,2237.726861685573,2237.663019240684,2237.8254084471782,2237.6316546850153,2237.6316546850153,2237.792188469011,2237.6947549128004,2237.6947549128004,2237.726861685573,2237.726861685573,2237.570038985255,2237.663019240684,2237.6947549128004,2237.6316546850153,2237.7593395430285,2237.570038985255,2237.7593395430285,2237.6316546850153,2237.6006612613974,2237.726861685573,2237.663019240684,2237.6316546850153,2237.5099079361603,2237.6006612613974,2237.6316546850153,2237.726861685573,2237.6316546850153,2237.663019240684,2237.7593395430285,2237.726861685573,2237.663019240684,2237.6947549128004,2237.6316546850153,2237.6947549128004,2237.6947549128004,2237.663019240684,2237.570038985255,2237.7593395430285,2237.5397878718245,2237.5099079361603,2237.663019240684,2237.6316546850153,2237.726861685573,2237.6947549128004,2237.6947549128004,2237.6316546850153,2237.663019240684,2237.663019240684,2237.6947549128004,2237.663019240684,2237.6316546850153,2237.6006612613974,2237.570038985255,2237.663019240684,2237.663019240684,2237.8254084471782,2237.726861685573,2237.663019240684,2237.663019240684,2237.570038985255,2237.663019240684,2237.7593395430285,2237.6947549128004,2237.726861685573,2237.792188469011,0.0,0.0,2237.8589994610074,0.0,0.0,2237.8589994610074,0.0,0.0,0.0,2237.8254084471782,0.0,0.0,0.0,2237.8589994610074,0.0,2237.8254084471782,0.0,2237.8589994610074,2237.8589994610074,2237.8589994610074,0.0,0.0,0.0,0.0,2237.8589994610074,0.0,2237.8254084471782,0.0,0.0,0.0,2237.8589994610074,2237.8589994610074,0.0,0.0,2237.8589994610074,0.0,0.0,2237.8589994610074,2237.8254084471782,0.0,2237.8589994610074,2237.8589994610074,2237.8254084471782,2237.8589994610074,2237.8589994610074,0.0,2237.8254084471782,0.0,0.0,0.0,0.0,0.0,2237.8254084471782,2237.8589994610074,0.0,2237.8589994610074,0.0,2237.8589994610074,0.0,0.0,0.0,0.0,0.0,0.0,2237.8589994610074,0.0,0.0,2237.8589994610074,0.0,0.0,0.0,0.0,2237.8589994610074,2237.8589994610074,0.0,2237.8589994610074,2237.8589994610074,2237.8254084471782
0.0,0.0,0.0,0.0,0.0,0.0,0.0,0.0,0.0,0.0,0.0,0.0,0.0,2237.8589994610074,2237.8589994610074,2237.8589994610074,0.0,0.0,0.0,0.0,0.0,2237.8589994610074,0.0,2237.8589994610074,0.0,0.0,0.0,0.0,0.0,0.0,0.0,0.0,0.0,0.0,0.0,2237.8589994610074,0.0,0.0,0.0,2237.8589994610074,0.0,2237.8254084471782,0.0,0.0,0.0,0.0,2237.8254084471782,0.0,0.0,0.0,2237.8589994610074,2237.792188469011,0.0,2237.8589994610074,2237.8589994610074,2237.8254084471782,2237.792188469011,2237.7593395430285,2237.8589994610074,2237.8254084471782,2237.8254084471782,2237.8589994610074,2237.792188469011,0.0,2237.8254084471782,2237.792188469011,2237.8254084471782,2237.7593395430285,2237.792188469011,2237.792188469011,2237.792188469011,2237.663019240684,2237.726861685573,2237.6316546850153,2237.792188469011,2237.6947549128004,2237.6316546850153,2237.6947549128004,2237.726861685573,2237.726861685573,2237.8589994610074,2237.6316546850153,2237.792188469011,2237.726861685573,2237.726861685573,2237.7593395430285,2237.792188469011,2237.792188469011,2237.8254084471782,2237.6947549128004,2237.8589994610074,2237.7593395430285,2237.663019240684,2237.570038985255,2237.663019240684,2237.726861685573,2237.6316546850153,2237.726861685573,2237.726861685573,2237.6947549128004,2237.663019240684,2237.726861685573,2237.6316546850153,2237.7593395430285,2237.663019240684,2237.6006612613974,2237.6947549128004,2237.570038985255,2237.663019240684,2237.6006612613974,2237.6316546850153,2237.7593395430285,2237.6006612613974,2237.570038985255,2237.6006612613974,2237.726861685573,2237.6947549128004,2237.570038985255,2237.726861685573,2237.7593395430285,2237.726861685573,2237.726861685573,2237.6947549128004,2237.7593395430285,2237.6006612613974,2237.6947549128004,2237.480399193134,2237.663019240684,2237.6947549128004,2237.570038985255,2237.6947549128004,2237.663019240684,2237.5397878718245,2237.4512616574316,2237.6947549128004,2237.6316546850153,2237.570038985255,2237.4512616574316,2237.663019240684,2237.6316546850153,2237.792188469011,2237.6947549128004,2237.6947549128004,2237.6947549128004,2237.663019240684,2237.5397878718245,2237.6316546850153,2237.6006612613974,2237.7593395430285,2237.663019240684,2237.726861685573,2237.6316546850153,2237.6006612613974,2237.6947549128004,2237.5397878718245,2237.663019240684,2237.6947549128004,2237.6316546850153,2237.726861685573,2237.6947549128004,2237.792188469011,2237.6947549128004,2237.7593395430285,2237.663019240684,2237.6947549128004,2237.726861685573,2237.726861685573,2237.8254084471782,2237.6316546850153,2237.6947549128004,2237.792188469011,2237.726861685573,2237.663019240684,2237.726861685573,2237.6947549128004,2237.663019240684,2237.8254084471782,2237.8589994610074,2237.8589994610074,2237.8589994610074,2237.8589994610074,0.0,0.0,0.0,0.0,0.0,2237.8589994610074,0.0,0.0,2237.8589994610074,2237.8589994610074,2237.8589994610074,0.0,0.0,0.0,2237.8589994610074,0.0,0.0,0.0,0.0,0.0,0.0,0.0,0.0,0.0,0.0,2237.8589994610074,0.0,0.0,0.0,2237.8589994610074,0.0,0.0,2237.8589994610074,0.0,0.0,0.0,2237.792188469011,2237.8589994610074,2237.8254084471782,2237.8254084471782,0.0,0.0,0.0,2237.8254084471782,2237.8589994610074,0.0,0.0,0.0,2237.8589994610074,2237.8254084471782,0.0,2237.8254084471782,2237.8254084471782,2237.8589994610074,0.0,0.0,2237.8589994610074,0.0,0.0,0.0,0.0,0.0,0.0,2237.8589994610074,0.0,0.0,0.0,2237.8589994610074,2237.8589994610074,0.0,0.0,0.0,2237.8589994610074,2237.8589994610074,0.0
0.0,2237.8254084471782,0.0,2237.8589994610074,0.0,2237.7593395430285,2237.8589994610074,0.0,0.0,2237.8589994610074,0.0,0.0,0.0,0.0,0.0,2237.8589994610074,0.0,2237.8589994610074,0.0,2237.8254084471782,0.0,2237.8589994610074,2237.8254084471782,2237.8589994610074,0.0,0.0,0.0,0.0,0.0,0.0,2237.8254084471782,0.0,0.0,0.0,0.0,0.0,2237.8254084471782,0.0,0.0,0.0,0.0,0.0,0.0,0.0,2237.8589994610074,0.0,0.0,2237.8589994610074,0.0,0.0,0.0,2237.8254084471782,0.0,0.0,2237.8589994610074,2237.8589994610074,2237.8254084471782,2237.8254084471782,2237.792188469011,2237.792188469011,2237.8254084471782,2237.792188469011,2237.7593395430285,2237.8254084471782,0.0,2237.663019240684,2237.8589994610074,2237.792188469011,2237.7593395430285,2237.6006612613974,2237.726861685573,2237.663019240684,2237.792188469011,2237.792188469011,2237.726861685573,2237.6316546850153,2237.792188469011,2237.792188469011,2237.6006612613974,2237.570038985255,2237.7593395430285,2237.663019240684,2237.7593395430285,2237.726861685573,0.0,2237.663019240684,2237.7593395430285,2237.7593395430285,2237.663019240684,2237.6006612613974,2237.726861685573,2237.663019240684,2237.6316546850153,2237.5397878718245,2237.663019240684,2237.6947549128004,2237.6947549128004,2237.726861685573,2237.663019240684,2237.7593395430285,2237.8254084471782,2237.726861685573,2237.570038985255,2237.570038985255,2237.7593395430285,2237.6947549128004,2237.6947549128004,2237.726861685573,2237.792188469011,2237.6316546850153,2237.6947549128004,2237.5397878718245,2237.4512616574316,2237.663019240684,2237.6947549128004,2237.5397878718245,2237.6316546850153,2237.6006612613974,2237.6947549128004,2237.663019240684,2237.7593395430285,2237.6947549128004,2237.6316546850153,2237.6006612613974,2237.6947549128004,2237.6006612613974,2237.422495343555,2237.6006612613974,2237.6006612613974,2237.6316546850153,2237.6947549128004,2237.570038985255,2237.663019240684,2237.726861685573,2237.6947549128004,2237.570038985255,2237.5099079361603,2237.6316546850153,2237.6316546850153,2237.663019240684,2237.6947549128004,2237.5099079361603,2237.6316546850153,2237.6006612613974,2237.663019240684,2237.5099079361603,2237.726861685573,2237.8254084471782,2237.663019240684,2237.6947549128004,2237.726861685573,2237.6316546850153,2237.726861685573,2237.570038985255,2237.6006612613974,2237.726861685573,2237.6316546850153,2237.8589994610074,2237.6006612613974,2237.480399193134,2237.6006612613974,2237.6947549128004,2237.663019240684,2237.726861685573,2237.6006612613974,2237.726861685573,2237.570038985255,2237.663019240684,2237.663019240684,2237.6006612613974,2237.663019240684,2237.8254084471782,2237.726861685573,2237.6947549128004,2237.6316546850153,2237.663019240684,0.0,2237.8254084471782,0.0,2237.8589994610074,2237.8589994610074,0.0,0.0,0.0,2237.8589994610074,0.0,0.0,2237.8589994610074,0.0,2237.8589994610074,2237.8589994610074,0.0,2237.8589994610074,2237.8254084471782,0.0,0.0,0.0,2237.8589994610074,2237.8589994610074,0.0,0.0,0.0,0.0,0.0,2237.8589994610074,0.0,0.0,2237.8589994610074,0.0,0.0,2237.8589994610074,0.0,2237.8589994610074,2237.8589994610074,0.0,0.0,0.0,2237.8254084471782,2237.8254084471782,2237.792188469011,2237.8589994610074,0.0,2237.8589994610074,2237.8589994610074,2237.8254084471782,0.0,0.0,0.0,2237.8254084471782,0.0,2237.8589994610074,0.0,2237.8589994610074,2237.8589994610074,0.0,0.0,2237.8254084471782,2237.8589994610074,0.0,0.0,0.0,0.0,0.0,0.0,0.0,0.0,0.0,0.0,2237.8589994610074,0.0,0.0,2237.8589994610074,0.0,0.0,0.0,2237.8589994610074
2237.8589994610074,2237.8589994610074,0.0,0.0,2237.8254084471782,0.0,2237.8589994610074,0.0,0.0,0.0,0.0,0.0,0.0,0.0,0.0,2237.8589994610074,2237.8589994610074,2237.8589994610074,0.0,0.0,0.0,2237.8589994610074,0.0,2237.8589994610074,0.0,0.0,0.0,0.0,0.0,0.0,0.0,0.0,0.0,0.0,0.0,0.0,0.0,0.0,0.0,0.0,2237.8589994610074,2237.8589994610074,2237.8589994610074,2237.8589994610074,0.0,0.0,0.0,2237.7593395430285,0.0,2237.8589994610074,2237.8589994610074,0.0,2237.8589994610074,2237.8589994610074,2237.8589994610074,0.0,2237.8254084471782,2237.8254084471782,0.0,2237.792188469011,2237.792188469011,2237.8254084471782,2237.8254084471782,2237.792188469011,2237.8254084471782,2237.792188469011,2237.7593395430285,2237.8589994610074,2237.8254084471782,2237.8589994610074,2237.6316546850153,2237.792188469011,2237.6947549128004,2237.726861685573,2237.726861685573,2237.6947549128004,2237.726861685573,2237.8589994610074,2237.726861685573,2237.726861685573,2237.663019240684,2237.6006612613974,2237.726861685573,2237.8589994610074,2237.726861685573,2237.663019240684,2237.792188469011,2237.663019240684,2237.663019240684,2237.6006612613974,2237.663019240684,2237.6316546850153,2237.792188469011,2237.570038985255,2237.7593395430285,2237.7593395430285,2237.726861685573,2237.6947549128004,2237.726861685573,2237.6316546850153,2237.5099079361603,2237.570038985255,2237.6006612613974,2237.6947549128004,2237.8589994610074,2237.792188469011,2237.6947549128004,2237.726861685573,2237.726861685573,2237.7593395430285,2237.6316546850153,2237.6006612613974,2237.5099079361603,2237.5397878718245,2237.5397878718245,2237.7593395430285,2237.8254084471782,2237.663019240684,2237.663019240684,2237.6006612613974,2237.6316546850153,2237.726861685573,2237.6006612613974,2237.726861685573,2237.726861685573,2237.792188469011,2237.570038985255,2237.5099079361603,2237.5397878718245,2237.6316546850153,2237.663019240684,2237.7593395430285,2237.663019240684,2237.6947549128004,2237.6947549128004,2237.6316546850153,2237.6316546850153,2237.726861685573,2237.663019240684,2237.6947549128004,2237.6947549128004,2237.8254084471782,2237.6316546850153,2237.663019240684,2237.726861685573,2237.6316546850153,2237.663019240684,2237.4512616574316,2237.7593395430285,2237.6947549128004,2237.7593395430285,2237.570038985255,2237.726861685573,2237.663019240684,2237.726861685573,2237.6316546850153,2237.6947549128004,2237.7593395430285,2237.6947549128004,2237.5099079361603,2237.6947549128004,2237.7593395430285,2237.663019240684,2237.663019240684,2237.6947549128004,2237.6316546850153,2237.6947549128004,2237.570038985255,2237.792188469011,2237.570038985255,2237.6006612613974,2237.663019240684,2237.663019240684,2237.663019240684,2237.663019240684,2237.792188469011,0.0,0.0,0.0,0.0,0.0,2237.8589994610074,0.0,0.0,2237.8589994610074,0.0,2237.8589994610074,0.0,2237.8589994610074,2237.8254084471782,0.0,2237.8589994610074,2237.8254084471782,0.0,0.0,0.0,2237.8589994610074,0.0,0.0,2237.8589994610074,2237.8589994610074,0.0,2237.8589994610074,0.0,0.0,0.0,0.0,2237.8254084471782,0.0,0.0,0.0,2237.8589994610074,0.0,2237.8589994610074,2237.792188469011,0.0,0.0,0.0,0.0,2237.8589994610074,2237.7593395430285,2237.8589994610074,0.0,2237.8589994610074,0.0,0.0,0.0,0.0,0.0,0.0,2237.8589994610074,0.0,0.0,2237.8589994610074,0.0,0.0,0.0,0.0,2237.8589994610074,0.0,0.0,0.0,0.0,0.0,2237.8589994610074,0.0,0.0,2237.8589994610074,2237.8589994610074,0.0,2237.8589994610074,2237.8589994610074,0.0,2237.8589994610074,0.0,0.0
0.0,2237.8589994610074,0.0,0.0,0.0,2237.8589994610074,0.0,0.0,2237.8589994610074,0.0,0.0,2237.8589994610074,0.0,2237.8589994610074,2237.8589994610074,0.0,0.0,2237.8589994610074,0.0,0.0,0.0,0.0,0.0,0.0,0.0,2237.8589994610074,0.0,2237.8589994610074,0.0,0.0,0.0,0.0,0.0,2237.8254084471782,0.0,0.0,2237.8589994610074,2237.8589994610074,2237.8589994610074,2237.8589994610074,0.0,2237.8254084471782,0.0,2237.8589994610074,2237.8589994610074,0.0,0.0,0.0,0.0,0.0,0.0,2237.8589994610074,0.0,0.0,2237.792188469011,2237.8589994610074,2237.7593395430285,2237.8589994610074,0.0,2237.8254084471782,2237.8589994610074,2237.726861685573,2237.8254084471782,2237.663019240684,2237.792188469011,2237.8254084471782,2237.726861685573,2237.7593395430285,2237.8589994610074,2237.8589994610074,2237.792188469011,2237.6316546850153,2237.8254084471782,2237.792188469011,2237.726861685573,2237.6316546850153,2237.792188469011,2237.792188469011,2237.6006612613974,2237.7593395430285,2237.663019240684,2237.5397878718245,2237.663019240684,2237.8589994610074,2237.7593395430285,2237.726861685573,2237.792188469011,2237.6006612613974,2237.663019240684,2237.726861685573,2237.7593395430285,2237.7593395430285,2237.792188469011,2237.726861685573,2237.6316546850153,2237.663019240684,2237.8254084471782,2237.7593395430285,2237.6947549128004,2237.6947549128004,2237.6006612613974,2237.6006612613974,2237.792188469011,2237.726861685573,2237.6316546850153,2237.726861685573,2237.6316546850153,2237.7593395430285,2237.6316546850153,2237.726861685573,2237.6316546850153,2237.726861685573,2237.6947549128004,2237.480399193134,2237.6316546850153,2237.663019240684,2237.5397878718245,2237.8254084471782,2237.6006612613974,2237.726861685573,2237.663019240684,2237.8254084471782,2237.792188469011,2237.663019240684,2237.6316546850153,2237.5397878718245,2237.6006612613974,2237.726861685573,2237.6316546850153,2237.4512616574316,2237.570038985255,2237.663019240684,2237.6947549128004,2237.6947549128004,2237.8589994610074,2237.663019240684,2237.663019240684,2237.6316546850153,2237.6947549128004,2237.726861685573,2237.8254084471782,2237.6947549128004,2237.726861685573,2237.5397878718245,2237.792188469011,2237.8589994610074,2237.7593395430285,2237.570038985255,2237.726861685573,2237.663019240684,2237.7593395430285,2237.6316546850153,2237.6316546850153,2237.570038985255,2237.8254084471782,2237.6947549128004,2237.663019240684,2237.7593395430285,2237.5397878718245,2237.5397878718245,2237.6006612613974,2237.792188469011,2237.6006612613974,2237.726861685573,2237.663019240684,2237.6006612613974,2237.6947549128004,2237.6947549128004,2237.6316546850153,2237.6006612613974,2237.792188469011,2237.6316546850153,2237.7593395430285,2237.663019240684,2237.726861685573,2237.8254084471782,0.0,0.0,0.0,2237.8589994610074,0.0,0.0,2237.8254084471782,0.0,0.0,0.0,2237.8589994610074,2237.8589994610074,2237.8254084471782,2237.792188469011,2237.8254084471782,0.0,2237.8589994610074,2237.8589994610074,0.0,0.0,2237.8589994610074,2237.8254084471782,0.0,2237.8254084471782,2237.8589994610074,0.0,0.0,2237.8589994610074,0.0,0.0,0.0,0.0,0.0,0.0,2237.8589994610074,2237.8589994610074,2237.792188469011,2237.8589994610074,2237.8254084471782,2237.8589994610074,0.0,0.0,2237.8254084471782,2237.8254084471782,0.0,2237.8254084471782,2237.8589994610074,2237.8589994610074,2237.8589994610074,2237.8254084471782,2237.8589994610074,0.0,2237.8254084471782,0.0,2237.792188469011,0.0,0.0,2237.8589994610074,0.0,0.0,2237.8589994610074,2237.8589994610074,0.0,0.0,0.0,0.0,0.0,0.0,0.0,2237.8254084471782,0.0,2237.8589994610074,0.0,0.0,2237.8589994610074,0.0,2237.8589994610074,0.0,2237.8589994610074,2237.8254084471782
0.0,0.0,2237.8589994610074,2237.8589994610074,0.0,0.0,0.0,0.0,0.0,0.0,0.0,0.0,0.0,0.0,2237.8589994610074,0.0,0.0,2237.8254084471782,2237.8589994610074,0.0,0.0,0.0,2237.8589994610074,0.0,0.0,0.0,0.0,0.0,0.0,0.0,0.0,0.0,2237.8589994610074,2237.8589994610074,2237.8589994610074,0.0,2237.8589994610074,0.0,0.0,0.0,0.0,2237.8254084471782,0.0,0.0,0.0,0.0,0.0,0.0,2237.8254084471782,2237.8589994610074,0.0,0.0,0.0,0.0,2237.8589994610074,0.0,2237.8589994610074,2237.8589994610074,2237.8589994610074,2237.8589994610074,0.0,2237.8589994610074,2237.792188469011,2237.792188469011,2237.8254084471782,2237.726861685573,2237.8589994610074,2237.792188469011,2237.6947549128004,2237.726861685573,2237.7593395430285,2237.726861685573,2237.7593395430285,2237.8589994610074,2237.792188469011,2237.792188469011,2237.663019240684,2237.792188469011,2237.6006612613974,2237.8589994610074,2237.6006612613974,2237.792188469011,2237.663019240684,2237.726861685573,2237.6316546850153,2237.6316546850153,2237.7593395430285,2237.7593395430285,2237.7593395430285,2237.6316546850153,2237.726861685573,2237.7593395430285,2237.570038985255,2237.792188469011,2237.6316546850153,2237.8254084471782,2237.5397878718245,2237.726861685573,2237.792188469011,2237.570038985255,2237.6947549128004,2237.726861685573,2237.6006612613974,0.0,2237.792188469011,2237.792188469011,2237.6947549128004,2237.6316546850153,2237.6947549128004,2237.726861685573,2237.5099079361603,2237.663019240684,2237.7593395430285,2237.5397878718245,2237.480399193134,2237.422495343555,2237.6006612613974,2237.6947549128004,2237.6316546850153,2237.663019240684,2237.726861685573,2237.7593395430285,2237.663019240684,2237.726861685573,2237.570038985255,2237.5397878718245,2237.663019240684,2237.570038985255,2237.480399193134,2237.726861685573,2237.5397878718245,2237.5397878718245,2237.663019240684,2237.6947549128004,2237.7593395430285,2237.6947549128004,2237.6006612613974,2237.726861685573,2237.7593395430285,2237.663019240684,2237.726861685573,2237.6947549128004,2237.5397878718245,2237.8254084471782,2237.6316546850153,2237.663019240684,2237.570038985255,2237.663019240684,2237.6947549128004,2237.6947549128004,2237.792188469011,2237.5397878718245,2237.6947549128004,2237.6947549128004,2237.6006612613974,2237.6947549128004,2237.6947549128004,2237.6947549128004,2237.6006612613974,2237.6006612613974,2237.5397878718245,2237.6947549128004,2237.726861685573,2237.6316546850153,2237.663019240684,2237.726861685573,2237.792188469011,2237.6316546850153,2237.5099079361603,2237.6947549128004,2237.8589994610074,2237.5099079361603,2237.6006612613974,2237.7593395430285,2237.8254084471782,2237.8589994610074,0.0,0.0,0.0,0.0,0.0,0.0,2237.8589994610074,0.0,0.0,2237.8254084471782,0.0,0.0,2237.8589994610074,0.0,0.0,2237.8254084471782,0.0,2237.8589994610074,0.0,0.0,2237.8589994610074,0.0,0.0,2237.8589994610074,2237.8254084471782,0.0,0.0,0.0,2237.8254084471782,0.0,2237.8254084471782,0.0,2237.8589994610074,2237.8589994610074,0.0,2237.792188469011,2237.8589994610074,2237.8589994610074,0.0,2237.8589994610074,2237.8589994610074,0.0,0.0,2237.8254084471782,2237.8589994610074,0.0,0.0,0.0,2237.8589994610074,2237.8254084471782,0.0,0.0,0.0,0.0,2237.8589994610074,0.0,2237.7593395430285,2237.726861685573,2237.792188469011,0.0,2237.8589994610074,2237.8589994610074,0.0,0.0,0.0,0.0,2237.8589994610074,2237.8589994610074,0.0,0.0,2237.8589994610074,2237.8589994610074,0.0,0.0,0.0,0.0,0.0,0.0,0.0,0.0
2237.8589994610074,0.0,0.0,0.0,2237.8589994610074,0.0,2237.8589994610074,2237.8589994610074,0.0,0.0,0.0,2237.8254084471782,0.0,0.0,0.0,2237.8589994610074,0.0,0.0,2237.8589994610074,0.0,0.0,2237.8589994610074,2237.8254084471782,2237.8589994610074,2237.8589994610074,2237.8589994610074,0.0,2237.8589994610074,0.0,2237.8589994610074,2237.8589994610074,0.0,0.0,2237.8589994610074,0.0,0.0,0.0,2237.8589994610074,2237.8589994610074,0.0,0.0,0.0,0.0,0.0,0.0,0.0,2237.8589994610074,0.0,2237.8589994610074,0.0,0.0,0.0,2237.8589994610074,2237.792188469011,0.0,0.0,2237.8254084471782,0.0,2237.8254084471782,2237.8589994610074,2237.8254084471782,2237.8589994610074,0.0,2237.8254084471782,2237.7593395430285,2237.8589994610074,2237.7593395430285,2237.8254084471782,2237.726861685573,2237.792188469011,2237.7593395430285,2237.8254084471782,2237.8254084471782,2237.8254084471782,2237.7593395430285,2237.792188469011,2237.7593395430285,2237.792188469011,2237.6006612613974,2237.6316546850153,2237.6947549128004,2237.7593395430285,2237.792188469011,2237.726861685573,2237.663019240684,2237.6947549128004,2237.8589994610074,2237.570038985255,2237.726861685573,2237.7593395430285,2237.7593395430285,2237.570038985255,2237.422495343555,2237.663019240684,2237.792188469011,2237.726861685573,2237.8254084471782,2237.663019240684,2237.5397878718245,2237.663019240684,2237.6947549128004,2237.6316546850153,2237.8254084471782,2237.8254084471782,2237.6006612613974,2237.5099079361603,2237.6006612613974,2237.570038985255,2237.6947549128004,2237.663019240684,2237.6316546850153,2237.8589994610074,2237.6006612613974,2237.570038985255,2237.5099079361603,2237.6006612613974,2237.5397878718245,2237.6006612613974,2237.663019240684,2237.7593395430285,2237.663019240684,2237.7593395430285,2237.3941002658235,2237.792188469011,2237.5099079361603,2237.7593395430285,2237.6316546850153,2237.7593395430285,2237.663019240684,2237.5099079361603,2237.5397878718245,2237.663019240684,2237.7593395430285,2237.726861685573,2237.7593395430285,2237.663019240684,2237.6947549128004,2237.663019240684,2237.726861685573,2237.6947549128004,2237.726861685573,2237.663019240684,2237.8254084471782,2237.7593395430285,2237.6006612613974,2237.663019240684,2237.7593395430285,2237.663019240684,2237.7593395430285,2237.792188469011,2237.726861685573,2237.6316546850153,2237.7593395430285,2237.6006612613974,2237.7593395430285,2237.570038985255,2237.6947549128004,2237.6316546850153,2237.792188469011,2237.8254084471782,2237.480399193134,2237.7593395430285,2237.6947549128004,2237.6006612613974,2237.7593395430285,2237.5099079361603,2237.726861685573,2237.6947549128004,2237.6947549128004,2237.6316546850153,2237.3941002658235,2237.6947549128004,2237.5397878718245,2237.726861685573,2237.792188469011,2237.792188469011,0.0,0.0,0.0,0.0,0.0,2237.8589994610074,2237.8589994610074,0.0,2237.8589994610074,2237.8254084471782,2237.792188469011,0.0,0.0,0.0,2237.8254084471782,0.0,2237.8254084471782,0.0,0.0,0.0,0.0,0.0,0.0,0.0,2237.8589994610074,0.0,0.0,0.0,0.0,2237.8589994610074,0.0,0.0,0.0,2237.8589994610074,0.0,2237.8254084471782,2237.8254084471782,2237.8589994610074,0.0,2237.8254084471782,2237.8589994610074,0.0,2237.8254084471782,2237.8589994610074,0.0,0.0,2237.8254084471782,2237.8589994610074,0.0,2237.8589994610074,2237.8254084471782,0.0,0.0,0.0,2237.8589994610074,2237.8589994610074,0.0,0.0,2237.8254084471782,2237.8254084471782,2237.8589994610074,0.0,2237.8589994610074,2237.8589994610074,0.0,2237.8589994610074,2237.8589994610074,0.0,0.0,0.0,0.0,0.0,0.0,0.0,0.0,0.0,2237.8589994610074,2237.8589994610074,2237.8589994610074,2237.8589994610074
2237.8589994610074,0.0,0.0,2237.8589994610074,0.0,2237.8589994610074,0.0,2237.8589994610074,0.0,0.0,0.0,0.0,2237.8589994610074,2237.8589994610074,2237.8254084471782,0.0,0.0,0.0,0.0,0.0,0.0,0.0,2237.8589994610074,0.0,0.0,0.0,2237.8589994610074,0.0,2237.8589994610074,0.0,0.0,2237.8589994610074,0.0,0.0,2237.8589994610074,2237.8589994610074,0.0,0.0,0.0,0.0,0.0,2237.8589994610074,0.0,0.0,0.0,2237.8589994610074,2237.8254084471782,0.0,0.0,0.0,0.0,2237.8589994610074,0.0,2237.8589994610074,0.0,2237.8589994610074,0.0,0.0,2237.8254084471782,2237.7593395430285,2237.8589994610074,2237.792188469011,2237.8589994610074,0.0,2237.792188469011,2237.726861685573,2237.8589994610074,2237.792188469011,2237.6947549128004,2237.8254084471782,2237.7593395430285,2237.7593395430285,2237.792188469011,2237.663019240684,2237.7593395430285,2237.6947549128004,2237.6947549128004,2237.792188469011,2237.8254084471782,2237.7593395430285,2237.7593395430285,2237.7593395430285,2237.7593395430285,2237.7593395430285,2237.7593395430285,2237.726861685573,2237.792188469011,2237.726861685573,2237.6947549128004,2237.663019240684,2237.6316546850153,2237.663019240684,2237.422495343555,2237.663019240684,2237.663019240684,2237.7593395430285,2237.726861685573,2237.8254084471782,2237.663019240684,2237.8254084471782,2237.6947549128004,2237.726861685573,2237.6947549128004,2237.6316546850153,2237.7593395430285,2237.6316546850153,2237.663019240684,2237.6947549128004,2237.6316546850153,2237.6316546850153,2237.570038985255,2237.726861685573,2237.663019240684,2237.480399193134,2237.663019240684,2237.4512616574316,2237.5397878718245,2237.7593395430285,2237.6006612613974,2237.6947549128004,2237.6947549128004,2237.570038985255,2237.726861685573,2237.726861685573,2237.570038985255,2237.4512616574316,2237.5397878718245,2237.570038985255,2237.726861685573,2237.6947549128004,2237.663019240684,2237.4512616574316,2237.726861685573,2237.792188469011,2237.663019240684,2237.6316546850153,2237.570038985255,2237.6316546850153,2237.726861685573,2237.663019240684,2237.6006612613974,2237.6316546850153,2237.7593395430285,2237.570038985255,2237.663019240684,2237.792188469011,2237.792188469011,2237.6006612613974,2237.663019240684,2237.726861685573,2237.663019240684,2237.663019240684,2237.6947549128004,2237.6006612613974,2237.7593395430285,2237.6316546850153,2237.7593395430285,2237.792188469011,2237.792188469011,2237.6947549128004,2237.792188469011,2237.6316546850153,2237.7593395430285,2237.726861685573,2237.726861685573,2237.663019240684,2237.6947549128004,2237.6947549128004,2237.6006612613974,2237.6316546850153,2237.7593395430285,2237.4512616574316,2237.792188469011,2237.6947549128004,2237.8589994610074,0.0,0.0,2237.8589994610074,2237.8589994610074,0.0,2237.8589994610074,0.0,2237.8589994610074,0.0,2237.8254084471782,2237.8589994610074,2237.8589994610074,2237.792188469011,2237.8254084471782,0.0,0.0,2237.8589994610074,2237.8254084471782,0.0,0.0,2237.8254084471782,0.0,0.0,0.0,0.0,0.0,0.0,0.0,0.0,0.0,0.0,0.0,0.0,0.0,0.0,2237.8589994610074,0.0,2237.8589994610074,0.0,2237.8589994610074,2237.792188469011,2237.8254084471782,2237.8589994610074,2237.8589994610074,2237.8589994610074,2237.8254084471782,0.0,2237.792188469011,2237.7593395430285,2237.8254084471782,2237.8589994610074,0.0,0.0,2237.8254084471782,2237.8589994610074,0.0,0.0,2237.8589994610074,0.0,2237.8254084471782,2237.8589994610074,2237.8589994610074,0.0,0.0,2237.8589994610074,2237.8589994610074,2237.8589994610074,0.0,2237.8589994610074,0.0,0.0,0.0,0.0,2237.8254084471782,0.0,0.0,0.0,2237.8589994610074,0.0,2237.8589994610074,0.0
2237.8589994610074,0.0,0.0,0.0,0.0,2237.8589994610074,0.0,0.0,2237.8589994610074,0.0,0.0,0.0,2237.8589994610074,0.0,0.0,0.0,0.0,2237.8589994610074,0.0,0.0,0.0,0.0,0.0,0.0,0.0,0.0,0.0,0.0,0.0,0.0,0.0,0.0,0.0,0.0,2237.8589994610074,0.0,0.0,2237.8254084471782,0.0,2237.8589994610074,0.0,0.0,0.0,2237.8589994610074,0.0,2237.8589994610074,0.0,0.0,0.0,2237.8589994610074,2237.8589994610074,0.0,2237.8589994610074,0.0,2237.8589994610074,2237.8589994610074,2237.8589994610074,2237.8589994610074,2237.8589994610074,2237.8589994610074,2237.8589994610074,2237.8589994610074,2237.8589994610074,2237.792188469011,2237.792188469011,2237.792188469011,2237.726861685573,2237.8254084471782,2237.8589994610074,2237.792188469011,2237.7593395430285,2237.792188469011,2237.726861685573,2237.6947549128004,2237.6006612613974,2237.792188469011,2237.726861685573,2237.7593395430285,2237.792188469011,2237.726861685573,2237.8254084471782,2237.6947549128004,2237.663019240684,2237.7593395430285,2237.792188469011,2237.726861685573,2237.792188469011,2237.8589994610074,2237.726861685573,2237.6947549128004,2237.6316546850153,2237.8589994610074,2237.6006612613974,2237.8254084471782,2237.726861685573,2237.726861685573,2237.6006612613974,2237.792188469011,2237.663019240684,2237.6316546850153,2237.6316546850153,2237.663019240684,2237.7593395430285,2237.663019240684,2237.6947549128004,2237.6947549128004,2237.7593395430285,2237.726861685573,2237.5099079361603,2237.7593395430285,2237.7593395430285,2237.663019240684,2237.570038985255,2237.6947549128004,2237.663019240684,2237.6316546850153,2237.480399193134,2237.6006612613974,2237.726861685573,2237.6316546850153,2237.6006612613974,2237.663019240684,2237.6316546850153,2237.726861685573,2237.6316546850153,2237.6006612613974,2237.6316546850153,2237.792188469011,2237.5397878718245,2237.6316546850153,2237.6316546850153,2237.726861685573,2237.7593395430285,2237.8254084471782,2237.726861685573,2237.6006612613974,2237.6947549128004,2237.7593395430285,2237.6006612613974,2237.726861685573,2237.726861685573,2237.6947549128004,2237.8254084471782,2237.6947549128004,2237.570038985255,2237.663019240684,2237.6316546850153,2237.480399193134,2237.7593395430285,2237.6316546850153,2237.663019240684,2237.6316546850153,2237.663019240684,2237.726861685573,2237.726861685573,2237.6006612613974,2237.6947549128004,2237.570038985255,2237.7593395430285,2237.6316546850153,2237.6316546850153,2237.7593395430285,2237.8254084471782,2237.570038985255,2237.726861685573,2237.6316546850153,2237.6316546850153,2237.726861685573,2237.726861685573,2237.6006612613974,2237.663019240684,2237.570038985255,2237.726861685573,2237.8254084471782,2237.8589994610074,0.0,0.0,2237.8589994610074,2237.8254084471782,2237.8589994610074,0.0,0.0,0.0,2237.8589994610074,0.0,0.0,2237.7593395430285,0.0,2237.8589994610074,2237.8589994610074,0.0,0.0,0.0,2237.8589994610074,0.0,0.0,0.0,0.0,2237.8589994610074,2237.8254084471782,0.0,2237.8589994610074,2237.8589994610074,0.0,0.0,2237.8589994610074,0.0,0.0,0.0,0.0,0.0,2237.8589994610074,2237.792188469011,2237.8254084471782,2237.726861685573,0.0,0.0,0.0,2237.8254084471782,2237.8589994610074,2237.8589994610074,2237.792188469011,0.0,0.0,2237.8589994610074,2237.8589994610074,0.0,0.0,0.0,0.0,2237.8589994610074,0.0,2237.8589994610074,0.0,0.0,2237.8254084471782,0.0,0.0,0.0,2237.8589994610074,2237.792188469011,2237.8254084471782,2237.8589994610074,0.0,0.0,0.0,0.0,0.0,0.0,2237.8589994610074,0.0,2237.8589994610074,2237.8589994610074,0.0,0.0,0.0
0.0,0.0,0.0,0.0,0.0,0.0,0.0,0.0,0.0,2237.8254084471782,2237.8589994610074,0.0,0.0,2237.8589994610074,2237.8589994610074,2237.8589994610074,0.0,0.0,0.0,0.0,0.0,0.0,0.0,0.0,2237.8589994610074,0.0,0.0,2237.8254084471782,0.0,2237.8589994610074,0.0,2237.8589994610074,0.0,0.0,2237.8589994610074,0.0,0.0,2237.8254084471782,2237.8589994610074,0.0,0.0,0.0,0.0,0.0,2237.8589994610074,2237.8589994610074,0.0,2237.8589994610074,0.0,0.0,0.0,2237.8589994610074,0.0,2237.8589994610074,2237.8589994610074,2237.8254084471782,0.0,2237.8589994610074,2237.7593395430285,2237.8589994610074,0.0,2237.7593395430285,2237.8589994610074,0.0,2237.8589994610074,2237.8589994610074,2237.8254084471782,2237.7593395430285,2237.7593395430285,2237.8254084471782,2237.8589994610074,2237.8589994610074,2237.8589994610074,2237.7593395430285,2237.6316546850153,2237.7593395430285,2237.726861685573,2237.8254084471782,2237.6006612613974,2237.7593395430285,2237.792188469011,2237.7593395430285,2237.8254084471782,2237.792188469011,2237.663019240684,2237.792188469011,2237.726861685573,2237.726861685573,2237.7593395430285,2237.8589994610074,2237.726861685573,2237.663019240684,2237.726861685573,2237.570038985255,2237.7593395430285,2237.6316546850153,2237.726861685573,2237.6947549128004,2237.7593395430285,2237.726861685573,2237.6947549128004,2237.792188469011,2237.726861685573,2237.792188469011,2237.726861685573,2237.6316546850153,2237.6316546850153,2237.7593395430285,2237.6006612613974,2237.6947549128004,2237.6947549128004,2237.6316546850153,2237.570038985255,2237.6316546850153,2237.792188469011,2237.6316546850153,2237.7593395430285,2237.663019240684,2237.7593395430285,2237.6947549128004,2237.8254084471782,2237.663019240684,2237.726861685573,2237.6006612613974,2237.570038985255,2237.6006612613974,2237.6947549128004,2237.6006612613974,2237.726861685573,2237.570038985255,2237.7593395430285,2237.5397878718245,2237.6947549128004,2237.726861685573,2237.7593395430285,2237.6006612613974,2237.570038985255,2237.663019240684,2237.726861685573,2237.792188469011,2237.726861685573,2237.5397878718245,2237.6947549128004,2237.6947549128004,2237.6316546850153,2237.726861685573,2237.7593395430285,2237.7593395430285,2237.792188469011,2237.8254084471782,2237.726861685573,2237.663019240684,2237.663019240684,2237.726861685573,2237.663019240684,2237.6947549128004,2237.6316546850153,2237.6006612613974,2237.570038985255,2237.6316546850153,2237.6947549128004,2237.6006612613974,2237.726861685573,2237.6947549128004,2237.663019240684,2237.6947549128004,2237.6947549128004,2237.6006612613974,2237.6316546850153,2237.7593395430285,2237.6316546850153,2237.6316546850153,2237.726861685573,2237.7593395430285,0.0,2237.8254084471782,0.0,0.0,2237.8589994610074,0.0,0.0,0.0,0.0,0.0,2237.8589994610074,2237.8589994610074,2237.8589994610074,0.0,0.0,2237.8589994610074,0.0,0.0,2237.792188469011,0.0,0.0,0.0,2237.8589994610074,0.0,0.0,0.0,0.0,0.0,2237.8589994610074,0.0,0.0,0.0,2237.8589994610074,0.0,2237.8589994610074,0.0,0.0,2237.8589994610074,0.0,2237.8589994610074,2237.8254084471782,0.0,0.0,2237.8254084471782,0.0,0.0,0.0,2237.8254084471782,2237.8254084471782,2237.8589994610074,0.0,0.0,0.0,0.0,2237.8589994610074,0.0,0.0,2237.8589994610074,2237.8254084471782,0.0,2237.8589994610074,0.0,0.0,0.0,2237.8589994610074,2237.8589994610074,2237.8254084471782,2237.8254084471782,2237.8589994610074,0.0,2237.8589994610074,0.0,0.0,0.0,0.0,0.0,0.0,0.0,2237.8589994610074,2237.8589994610074,2237.8589994610074,0.0
0.0,0.0,0.0,0.0,0.0,0.0,2237.8589994610074,2237.8254084471782,0.0,0.0,0.0,2237.8589994610074,0.0,2237.8254084471782,0.0,0.0,0.0,0.0,0.0,0.0,0.0,0.0,2237.8254084471782,0.0,0.0,0.0,0.0,0.0,0.0,0.0,0.0,0.0,2237.8254084471782,2237.8589994610074,0.0,2237.8589994610074,0.0,0.0,0.0,0.0,0.0,0.0,0.0,0.0,2237.792188469011,2237.8589994610074,0.0,2237.8589994610074,2237.792188469011,0.0,2237.8589994610074,2237.8589994610074,2237.8589994610074,2237.8254084471782,2237.8589994610074,2237.8589994610074,0.0,0.0,2237.8254084471782,2237.8589994610074,2237.792188469011,2237.792188469011,2237.8589994610074,2237.792188469011,2237.792188469011,0.0,2237.792188469011,2237.8589994610074,2237.792188469011,2237.792188469011,2237.7593395430285,2237.8589994610074,2237.8254084471782,2237.663019240684,2237.8589994610074,2237.6947549128004,2237.8254084471782,2237.8254084471782,2237.792188469011,2237.792188469011,2237.8254084471782,2237.8254084471782,2237.792188469011,2237.792188469011,2237.7593395430285,2237.8254084471782,2237.7593395430285,2237.663019240684,2237.792188469011,2237.792188469011,2237.7593395430285,2237.7593395430285,2237.792188469011,2237.7593395430285,2237.792188469011,2237.6947549128004,2237.663019240684,2237.663019240684,2237.792188469011,2237.726861685573,2237.6947549128004,2237.726861685573,2237.792188469011,2237.6316546850153,2237.726861685573,2237.663019240684,2237.5397878718245,2237.6006612613974,2237.6947549128004,2237.6006612613974,2237.5397878718245,2237.6006612613974,2237.570038985255,2237.726861685573,2237.7593395430285,2237.6947549128004,2237.792188469011,2237.6006612613974,2237.480399193134,2237.6316546850153,2237.726861685573,2237.6947549128004,2237.6947549128004,2237.663019240684,2237.792188469011,2237.6316546850153,2237.6006612613974,2237.5397878718245,2237.792188469011,2237.6006612613974,2237.792188469011,2237.570038985255,2237.6947549128004,2237.6316546850153,2237.6947549128004,2237.6316546850153,2237.6947549128004,2237.6316546850153,2237.5099079361603,2237.726861685573,2237.6947549128004,2237.792188469011,2237.6006612613974,2237.792188469011,2237.726861685573,2237.792188469011,2237.6947549128004,2237.6947549128004,2237.663019240684,2237.7593395430285,2237.6316546850153,2237.663019240684,2237.663019240684,2237.6316546850153,2237.6316546850153,2237.726861685573,2237.6006612613974,2237.6947549128004,2237.792188469011,2237.570038985255,2237.663019240684,2237.6947549128004,2237.6947549128004,2237.5397878718245,2237.726861685573,2237.6316546850153,2237.5397878718245,2237.8254084471782,2237.5397878718245,2237.6316546850153,2237.663019240684,2237.663019240684,2237.7593395430285,2237.792188469011,2237.8589994610074,2237.8589994610074,2237.8589994610074,0.0,0.0,0.0,0.0,2237.8589994610074,0.0,0.0,0.0,0.0,0.0,2237.8589994610074,0.0,0.0,0.0,0.0,0.0,0.0,0.0,2237.8589994610074,2237.8589994610074,0.0,2237.8589994610074,0.0,2237.8589994610074,0.0,2237.8589994610074,2237.8589994610074,2237.8589994610074,0.0,0.0,0.0,0.0,0.0,0.0,2237.8589994610074,0.0,0.0,2237.8254084471782,2237.7593395430285,2237.792188469011,2237.8589994610074,0.0,0.0,0.0,2237.8589994610074,0.0,0.0,0.0,2237.8589994610074,2237.8254084471782,2237.8589994610074,0.0,2237.8589994610074,2237.8254084471782,0.0,0.0,2237.8589994610074,0.0,2237.8589994610074,0.0,2237.8589994610074,0.0,2237.8589994610074,2237.6947549128004,2237.8589994610074,2237.6947549128004,2237.8589994610074,0.0,0.0,0.0,0.0,0.0,0.0,0.0,0.0,2237.8589994610074,0.0,0.0,0.0
2237.8589994610074,0.0,0.0,0.0,0.0,2237.8254084471782,2237.8589994610074,0.0,2237.8589994610074,0.0,0.0,0.0,0.0,0.0,0.0,0.0,0.0,0.0,0.0,0.0,0.0,0.0,0.0,0.0,0.0,0.0,0.0,0.0,0.0,0.0,0.0,2237.8589994610074,0.0,0.0,0.0,0.0,0.0,0.0,0.0,2237.8254084471782,2237.8589994610074,2237.8589994610074,2237.8254084471782,0.0,0.0,2237.8589994610074,0.0,2237.8589994610074,0.0,2237.8589994610074,2237.8589994610074,2237.8589994610074,0.0,0.0,0.0,2237.8589994610074,2237.8589994610074,0.0,2237.792188469011,2237.8254084471782,2237.8254084471782,2237.8254084471782,0.0,2237.8589994610074,2237.7593395430285,2237.8589994610074,2237.726861685573,0.0,2237.8254084471782,2237.8589994610074,2237.792188469011,2237.7593395430285,2237.8254084471782,2237.7593395430285,2237.7593395430285,2237.8254084471782,2237.8254084471782,2237.6006612613974,2237.7593395430285,2237.7593395430285,0.0,2237.6947549128004,2237.8589994610074,2237.8254084471782,2237.5397878718245,2237.6316546850153,2237.6316546850153,2237.8254084471782,2237.7593395430285,2237.792188469011,2237.792188469011,2237.8254084471782,2237.8254084471782,2237.6947549128004,2237.7593395430285,2237.7593395430285,2237.7593395430285,2237.7593395430285,2237.7593395430285,2237.6947549128004,2237.663019240684,2237.726861685573,2237.726861685573,2237.726861685573,2237.7593395430285,2237.7593395430285,2237.6316546850153,2237.6947549128004,2237.663019240684,2237.726861685573,2237.726861685573,2237.7593395430285,2237.792188469011,2237.663019240684,2237.6947549128004,2237.7593395430285,2237.6947549128004,2237.663019240684,2237.726861685573,2237.726861685573,2237.8254084471782,2237.726861685573,2237.7593395430285,2237.6947549128004,2237.726861685573,2237.792188469011,2237.726861685573,2237.6947549128004,2237.6316546850153,2237.6316546850153,2237.6316546850153,2237.7593395430285,2237.7593395430285,2237.6947549128004,2237.6006612613974,2237.663019240684,2237.6947549128004,2237.7593395430285,2237.792188469011,2237.726861685573,2237.726861685573,2237.726861685573,2237.663019240684,2237.7593395430285,2237.792188469011,2237.8254084471782,2237.792188469011,2237.792188469011,2237.792188469011,2237.726861685573,2237.6947549128004,2237.6947549128004,2237.6947549128004,2237.6947549128004,2237.663019240684,2237.663019240684,2237.792188469011,2237.6947549128004,2237.7593395430285,2237.6947549128004,2237.6006612613974,2237.6947549128004,2237.6947549128004,2237.480399193134,2237.792188469011,2237.6006612613974,2237.726861685573,2237.6006612613974,2237.7593395430285,2237.726861685573,2237.726861685573,2237.5099079361603,2237.8254084471782,2237.8589994610074,2237.8254084471782,0.0,0.0,0.0,0.0,0.0,0.0,0.0,0.0,0.0,0.0,0.0,0.0,0.0,0.0,0.0,0.0,2237.8589994610074,2237.8589994610074,0.0,0.0,2237.8589994610074,2237.8589994610074,0.0,0.0,0.0,2237.8589994610074,0.0,0.0,2237.8589994610074,0.0,0.0,0.0,2237.8254084471782,0.0,0.0,2237.8589994610074,2237.8589994610074,2237.8589994610074,2237.8589994610074,2237.8589994610074,2237.8254084471782,2237.792188469011,2237.8589994610074,0.0,0.0,0.0,2237.8589994610074,0.0,2237.8589994610074,0.0,0.0,2237.8589994610074,0.0,0.0,0.0,0.0,0.0,2237.8589994610074,0.0,0.0,2237.8254084471782,0.0,0.0,0.0,2237.8589994610074,2237.7593395430285,2237.8589994610074,0.0,0.0,2237.8589994610074,0.0,2237.8589994610074,0.0,2237.8589994610074,2237.8589994610074,2237.792188469011,0.0,0.0,0.0,0.0,2237.8589994610074
0.0,0.0,0.0,0.0,0.0,2237.8589994610074,0.0,2237.8589994610074,2237.792188469011,0.0,2237.8589994610074,2237.8589994610074,0.0,0.0,0.0,0.0,0.0,0.0,2237.8589994610074,0.0,0.0,0.0,0.0,0.0,0.0,0.0,0.0,2237.8254084471782,0.0,0.0,2237.8589994610074,0.0,2237.8254084471782,0.0,0.0,0.0,0.0,0.0,0.0,2237.8589994610074,0.0,0.0,0.0,0.0,0.0,0.0,0.0,2237.8589994610074,2237.8589994610074,0.0,2237.8589994610074,0.0,0.0,0.0,0.0,0.0,2237.8589994610074,2237.8589994610074,0.0,0.0,2237.8254084471782,2237.7593395430285,0.0,2237.8254084471782,2237.8254084471782,2237.7593395430285,2237.8254084471782,2237.8589994610074,2237.726861685573,2237.7593395430285,2237.7593395430285,2237.8254084471782,2237.7593395430285,2237.8254084471782,2237.792188469011,2237.8254084471782,2237.7593395430285,2237.792188469011,2237.726861685573,2237.8589994610074,2237.8254084471782,2237.792188469011,2237.726861685573,2237.8254084471782,2237.8254084471782,2237.792188469011,2237.7593395430285,2237.7593395430285,2237.6006612613974,2237.726861685573,2237.663019240684,2237.8589994610074,2237.6947549128004,2237.792188469011,2237.663019240684,2237.726861685573,2237.6947549128004,2237.726861685573,2237.7593395430285,2237.6947549128004,2237.6316546850153,2237.6316546850153,2237.663019240684,2237.6316546850153,2237.663019240684,2237.5099079361603,2237.6947549128004,2237.726861685573,2237.570038985255,2237.6947549128004,2237.726861685573,2237.570038985255,2237.6006612613974,2237.6947549128004,2237.792188469011,2237.7593395430285,2237.7593395430285,2237.6006612613974,2237.792188469011,2237.726861685573,2237.5099079361603,2237.726861685573,2237.6316546850153,2237.663019240684,2237.663019240684,2237.6947549128004,2237.6316546850153,2237.726861685573,2237.6316546850153,2237.663019240684,2237.792188469011,2237.6947549128004,2237.8254084471782,2237.663019240684,2237.726861685573,2237.6947549128004,2237.6947549128004,2237.6316546850153,2237.663019240684,2237.726861685573,2237.663019240684,2237.6006612613974,2237.6947549128004,2237.6316546850153,2237.726861685573,2237.6947549128004,2237.8254084471782,2237.6316546850153,2237.6947549128004,2237.663019240684,2237.663019240684,2237.6316546850153,2237.7593395430285,2237.726861685573,2237.6006612613974,2237.6947549128004,2237.6006612613974,2237.570038985255,2237.5397878718245,2237.7593395430285,2237.6947549128004,2237.7593395430285,2237.6316546850153,2237.726861685573,2237.6947549128004,2237.6947549128004,2237.6006612613974,2237.726861685573,2237.570038985255,2237.6316546850153,2237.7593395430285,2237.5397878718245,2237.726861685573,2237.8254084471782,0.0,0.0,2237.8589994610074,0.0,0.0,2237.8589994610074,0.0,0.0,0.0,0.0,0.0,0.0,0.0,2237.8589994610074,2237.8589994610074,2237.8589994610074,0.0,0.0,2237.8589994610074,0.0,2237.8589994610074,2237.8589994610074,2237.8589994610074,2237.8254084471782,0.0,2237.8589994610074,2237.8589994610074,0.0,0.0,0.0,0.0,0.0,0.0,0.0,0.0,0.0,0.0,0.0,0.0,0.0,2237.8589994610074,2237.8254084471782,2237.7593395430285,0.0,2237.792188469011,2237.8589994610074,0.0,0.0,0.0,2237.8589994610074,2237.8589994610074,0.0,2237.8589994610074,0.0,0.0,2237.8589994610074,2237.8589994610074,0.0,0.0,0.0,2237.8254084471782,0.0,0.0,0.0,2237.8589994610074,0.0,0.0,2237.8589994610074,2237.8589994610074,2237.8589994610074,0.0,0.0,0.0,0.0,0.0,2237.8589994610074,0.0,0.0,0.0,2237.8589994610074,0.0,0.0
0.0,2237.8589994610074,2237.8589994610074,2237.8254084471782,0.0,0.0,0.0,0.0,0.0,0.0,0.0,0.0,0.0,0.0,0.0,0.0,0.0,0.0,0.0,0.0,0.0,2237.8589994610074,2237.8589994610074,0.0,0.0,0.0,0.0,2237.8589994610074,0.0,0.0,2237.8589994610074,0.0,0.0,2237.8589994610074,0.0,0.0,0.0,0.0,0.0,0.0,0.0,2237.8254084471782,2237.8589994610074,0.0,0.0,2237.8589994610074,0.0,0.0,2237.8589994610074,2237.8589994610074,2237.8589994610074,0.0,2237.8254084471782,2237.8589994610074,2237.8254084471782,0.0,2237.8589994610074,2237.8589994610074,2237.8589994610074,0.0,0.0,2237.792188469011,2237.792188469011,2237.8589994610074,2237.8589994610074,2237.8254084471782,2237.792188469011,2237.8254084471782,2237.8254084471782,2237.8254084471782,2237.8589994610074,2237.792188469011,2237.8589994610074,2237.8254084471782,2237.792188469011,2237.7593395430285,2237.792188469011,2237.8589994610074,2237.8254084471782,2237.6316546850153,2237.726861685573,2237.792188469011,2237.6006612613974,2237.663019240684,2237.6947549128004,2237.8254084471782,2237.7593395430285,2237.8589994610074,2237.6316546850153,2237.8254084471782,2237.6316546850153,2237.7593395430285,2237.726861685573,2237.792188469011,2237.663019240684,2237.8254084471782,2237.726861685573,2237.8254084471782,2237.6006612613974,2237.6947549128004,2237.726861685573,2237.570038985255,2237.7593395430285,2237.663019240684,2237.6947549128004,2237.6316546850153,2237.792188469011,2237.726861685573,2237.6947549128004,2237.6316546850153,2237.7593395430285,2237.6316546850153,2237.8254084471782,2237.8254084471782,2237.726861685573,2237.6006612613974,2237.663019240684,2237.726861685573,2237.6316546850153,2237.792188469011,2237.792188469011,2237.570038985255,2237.6947549128004,2237.6947549128004,2237.6947549128004,2237.6947549128004,2237.6316546850153,2237.726861685573,2237.792188469011,2237.7593395430285,2237.6316546850153,2237.7593395430285,2237.6006612613974,2237.5397878718245,2237.8254084471782,2237.726861685573,2237.663019240684,2237.8254084471782,2237.792188469011,2237.570038985255,2237.792188469011,2237.6006612613974,2237.7593395430285,2237.792188469011,2237.8254084471782,2237.6947549128004,2237.726861685573,2237.726861685573,2237.792188469011,2237.7593395430285,2237.8589994610074,2237.6316546850153,2237.792188469011,2237.570038985255,2237.6316546850153,2237.570038985255,2237.8254084471782,2237.663019240684,2237.726861685573,2237.663019240684,2237.6947549128004,2237.6947549128004,2237.6947549128004,2237.6947549128004,2237.6006612613974,2237.8254084471782,2237.7593395430285,2237.726861685573,2237.726861685573,2237.570038985255,2237.6006612613974,2237.726861685573,2237.8589994610074,2237.8254084471782,0.0,0.0,0.0,0.0,2237.8589994610074,0.0,0.0,0.0,0.0,0.0,0.0,0.0,0.0,0.0,0.0,2237.8254084471782,2237.8589994610074,0.0,2237.8589994610074,0.0,0.0,2237.8254084471782,0.0,2237.8589994610074,0.0,0.0,0.0,0.0,2237.8589994610074,0.0,0.0,0.0,0.0,0.0,0.0,2237.8589994610074,2237.8589994610074,2237.8589994610074,0.0,0.0,2237.8254084471782,0.0,0.0,2237.8254084471782,2237.792188469011,0.0,0.0,2237.8589994610074,0.0,0.0,0.0,0.0,2237.8589994610074,0.0,0.0,0.0,0.0,2237.8589994610074,2237.8589994610074,0.0,0.0,2237.8589994610074,0.0,0.0,2237.8589994610074,2237.8589994610074,2237.8589994610074,0.0,2237.8589994610074,0.0,2237.8589994610074,0.0,0.0,0.0,0.0,0.0,0.0,0.0,2237.8589994610074,0.0,0.0,2237.8589994610074
2237.8589994610074,2237.8589994610074,2237.8589994610074,0.0,2237.8589994610074,0.0,0.0,0.0,2237.8589994610074,2237.8589994610074,0.0,0.0,0.0,0.0,0.0,2237.8589994610074,0.0,2237.8589994610074,2237.8589994610074,0.0,0.0,2237.8589994610074,2237.8589994610074,0.0,0.0,0.0,0.0,2237.8589994610074,2237.8589994610074,0.0,0.0,0.0,0.0,2237.8589994610074,0.0,2237.8589994610074,0.0,0.0,2237.8589994610074,0.0,0.0,0.0,2237.8589994610074,0.0,0.0,2237.8254084471782,2237.792188469011,0.0,0.0,0.0,2237.8254084471782,2237.8589994610074,2237.8589994610074,2237.8589994610074,2237.8589994610074,2237.8589994610074,0.0,0.0,2237.8254084471782,0.0,2237.8589994610074,2237.792188469011,2237.792188469011,2237.8254084471782,2237.8254084471782,2237.8589994610074,2237.8254084471782,2237.8254084471782,0.0,2237.8589994610074,0.0,2237.8589994610074,2237.8254084471782,2237.792188469011,2237.8589994610074,2237.8589994610074,2237.6947549128004,2237.7593395430285,2237.8254084471782,2237.6316546850153,2237.7593395430285,2237.663019240684,2237.792188469011,2237.8254084471782,2237.7593395430285,2237.792188469011,2237.8589994610074,2237.480399193134,2237.7593395430285,2237.792188469011,2237.663019240684,2237.792188469011,2237.7593395430285,2237.7593395430285,0.0,2237.726861685573,2237.8254084471782,2237.7593395430285,2237.792188469011,2237.6947549128004,2237.6947549128004,2237.7593395430285,2237.726861685573,2237.663019240684,2237.726861685573,2237.570038985255,2237.6947549128004,2237.6947549128004,2237.792188469011,2237.6947549128004,2237.663019240684,2237.6947549128004,2237.7593395430285,2237.6316546850153,2237.6316546850153,2237.726861685573,2237.7593395430285,2237.7593395430285,2237.480399193134,2237.570038985255,2237.663019240684,2237.6316546850153,0.0,2237.6006612613974,2237.726861685573,2237.7593395430285,2237.7593395430285,2237.5397878718245,2237.8254084471782,2237.726861685573,2237.663019240684,2237.8254084471782,2237.792188469011,2237.7593395430285,2237.792188469011,2237.792188469011,2237.663019240684,2237.792188469011,2237.7593395430285,2237.8254084471782,2237.726861685573,2237.792188469011,2237.792188469011,2237.726861685573,2237.663019240684,2237.663019240684,2237.663019240684,2237.5099079361603,2237.6316546850153,2237.6947549128004,2237.726861685573,2237.570038985255,2237.6947549128004,2237.6947549128004,2237.6947549128004,2237.663019240684,2237.6316546850153,2237.8254084471782,2237.726861685573,2237.726861685573,2237.422495343555,2237.570038985255,2237.726861685573,2237.7593395430285,2237.8254084471782,2237.6316546850153,2237.7593395430285,2237.5099079361603,2237.8254084471782,2237.6316546850153,2237.792188469011,2237.7593395430285,2237.8589994610074,0.0,0.0,2237.8589994610074,0.0,2237.8589994610074,0.0,0.0,0.0,2237.8589994610074,0.0,0.0,0.0,2237.8589994610074,0.0,0.0,0.0,0.0,2237.8589994610074,0.0,0.0,0.0,2237.8589994610074,0.0,0.0,2237.8589994610074,0.0,0.0,2237.8589994610074,0.0,2237.8589994610074,0.0,0.0,0.0,0.0,0.0,0.0,0.0,0.0,0.0,0.0,2237.8589994610074,0.0,0.0,2237.8589994610074,0.0,2237.8254084471782,0.0,2237.8589994610074,0.0,2237.8589994610074,0.0,2237.8589994610074,0.0,2237.8589994610074,0.0,0.0,0.0,2237.8589994610074,0.0,0.0,0.0,0.0,0.0,0.0,0.0,0.0,0.0,0.0,2237.8589994610074,2237.8589994610074,2237.8589994610074,0.0,0.0,0.0,0.0,0.0,2237.8589994610074,2237.8589994610074,0.0,0.0,2237.8589994610074,0.0,0.0
2237.8589994610074,2237.8589994610074,0.0,0.0,0.0,0.0,2237.8589994610074,0.0,0.0,2237.8589994610074,0.0,2237.8589994610074,0.0,2237.8589994610074,0.0,0.0,2237.8589994610074,0.0,2237.8589994610074,0.0,2237.8589994610074,0.0,2237.8254084471782,2237.8254084471782,0.0,0.0,0.0,2237.8589994610074,0.0,0.0,2237.8589994610074,0.0,0.0,2237.8589994610074,0.0,0.0,0.0,2237.8589994610074,0.0,0.0,0.0,0.0,0.0,0.0,0.0,0.0,0.0,0.0,2237.8589994610074,0.0,2237.8589994610074,0.0,2237.8589994610074,0.0,0.0,0.0,2237.8589994610074,0.0,2237.792188469011,0.0,2237.792188469011,0.0,2237.8589994610074,2237.8589994610074,2237.8589994610074,0.0,2237.8589994610074,2237.8254084471782,2237.8589994610074,2237.8589994610074,2237.792188469011,2237.792188469011,2237.8254084471782,2237.792188469011,2237.792188469011,2237.792188469011,2237.8254084471782,2237.8589994610074,2237.6947549128004,2237.726861685573,0.0,2237.726861685573,2237.8254084471782,2237.792188469011,2237.792188469011,2237.8589994610074,2237.726861685573,2237.8589994610074,2237.8254084471782,2237.7593395430285,2237.726861685573,2237.792188469011,2237.792188469011,2237.792188469011,2237.7593395430285,2237.7593395430285,2237.792188469011,2237.6947549128004,2237.726861685573,2237.8589994610074,2237.8589994610074,2237.726861685573,0.0,2237.8589994610074,2237.7593395430285,2237.6947549128004,2237.6947549128004,2237.7593395430285,2237.8589994610074,2237.570038985255,2237.5099079361603,2237.792188469011,2237.726861685573,2237.570038985255,2237.663019240684,2237.6316546850153,2237.792188469011,2237.663019240684,2237.8254084471782,2237.726861685573,2237.792188469011,2237.570038985255,2237.6947549128004,2237.8589994610074,2237.7593395430285,2237.6316546850153,2237.6947549128004,2237.8254084471782,2237.8254084471782,2237.792188469011,2237.8254084471782,2237.726861685573,2237.7593395430285,2237.663019240684,2237.663019240684,2237.726861685573,2237.7593395430285,2237.7593395430285,2237.726861685573,2237.6947549128004,2237.792188469011,2237.792188469011,2237.663019240684,2237.726861685573,2237.6947549128004,2237.6947549128004,2237.6947549128004,2237.570038985255,2237.726861685573,2237.726861685573,2237.792188469011,2237.726861685573,2237.792188469011,2237.726861685573,2237.726861685573,2237.726861685573,2237.6006612613974,2237.6947549128004,2237.7593395430285,2237.8254084471782,2237.663019240684,2237.792188469011,2237.6947549128004,2237.4512616574316,2237.726861685573,2237.6316546850153,2237.6947549128004,2237.726861685573,2237.663019240684,2237.726861685573,2237.8589994610074,2237.8589994610074,2237.8589994610074,0.0,0.0,0.0,2237.8254084471782,0.0,0.0,0.0,0.0,0.0,0.0,0.0,0.0,0.0,0.0,0.0,0.0,2237.8254084471782,0.0,0.0,0.0,0.0,0.0,2237.8589994610074,0.0,2237.8589994610074,2237.8589994610074,0.0,0.0,0.0,0.0,0.0,0.0,2237.8589994610074,0.0,2237.8254084471782,0.0,0.0,0.0,0.0,0.0,2237.8589994610074,0.0,2237.8589994610074,0.0,0.0,0.0,2237.8589994610074,0.0,0.0,0.0,2237.8589994610074,2237.8589994610074,0.0,0.0,0.0,2237.8589994610074,0.0,0.0,0.0,2237.8589994610074,2237.8254084471782,0.0,0.0,0.0,2237.8589994610074,2237.8254084471782,2237.8589994610074,2237.8254084471782,2237.792188469011,2237.8254084471782,0.0,0.0,0.0,0.0,0.0,0.0,2237.8589994610074,2237.8589994610074,0.0,0.0,0.0,0.0,0.0
2237.8589994610074,0.0,0.0,0.0,0.0,0.0,0.0,0.0,0.0,0.0,0.0,2237.8589994610074,0.0,2237.8589994610074,0.0,2237.8589994610074,0.0,2237.8589994610074,2237.8254084471782,2237.8589994610074,0.0,2237.8589994610074,2237.8589994610074,0.0,0.0,0.0,0.0,2237.8589994610074,0.0,0.0,0.0,0.0,0.0,0.0,0.0,0.0,0.0,0.0,0.0,0.0,0.0,0.0,0.0,0.0,0.0,0.0,0.0,0.0,2237.792188469011,0.0,0.0,0.0,0.0,0.0,0.0,2237.792188469011,2237.8589994610074,2237.8589994610074,0.0,2237.7593395430285,2237.8254084471782,2237.8254084471782,2237.8589994610074,2237.8589994610074,2237.8254084471782,2237.8589994610074,2237.8589994610074,0.0,2237.8254084471782,2237.792188469011,2237.8589994610074,2237.792188469011,2237.792188469011,2237.8254084471782,2237.7593395430285,2237.8589994610074,2237.8589994610074,2237.8254084471782,2237.6947549128004,2237.7593395430285,2237.792188469011,2237.8254084471782,2237.726861685573,2237.8254084471782,2237.6947549128004,2237.6947549128004,2237.792188469011,2237.8254084471782,2237.8254084471782,2237.7593395430285,2237.7593395430285,2237.792188469011,2237.7593395430285,2237.6316546850153,2237.726861685573,2237.726861685573,2237.792188469011,2237.663019240684,2237.7593395430285,2237.8254084471782,2237.7593395430285,2237.663019240684,2237.726861685573,2237.8589994610074,2237.726861685573,2237.8254084471782,2237.6006612613974,2237.726861685573,2237.570038985255,2237.5397878718245,2237.6316546850153,2237.726861685573,2237.5099079361603,2237.6006612613974,2237.7593395430285,2237.6947549128004,2237.792188469011,2237.8254084471782,2237.7593395430285,2237.6947549128004,2237.726861685573,2237.792188469011,2237.7593395430285,2237.8254084471782,2237.8589994610074,2237.7593395430285,2237.8254084471782,2237.792188469011,2237.792188469011,2237.663019240684,2237.570038985255,2237.726861685573,2237.792188469011,2237.8589994610074,2237.8254084471782,2237.7593395430285,2237.663019240684,2237.726861685573,2237.8254084471782,2237.792188469011,2237.792188469011,2237.6006612613974,2237.792188469011,2237.6947549128004,2237.792188469011,2237.726861685573,2237.7593395430285,2237.7593395430285,2237.6006612613974,2237.6316546850153,2237.8254084471782,2237.792188469011,2237.6947549128004,2237.6316546850153,2237.6947549128004,2237.6947549128004,2237.792188469011,2237.8254084471782,2237.663019240684,2237.6006612613974,2237.726861685573,2237.6006612613974,2237.792188469011,2237.726861685573,2237.6316546850153,2237.6006612613974,2237.663019240684,2237.792188469011,2237.663019240684,2237.792188469011,2237.8254084471782,0.0,0.0,0.0,2237.8254084471782,0.0,0.0,0.0,0.0,2237.8589994610074,0.0,0.0,0.0,0.0,2237.8589994610074,0.0,0.0,2237.8589994610074,2237.8589994610074,0.0,0.0,0.0,0.0,2237.8254084471782,0.0,0.0,0.0,2237.8589994610074,0.0,2237.8589994610074,0.0,2237.8254084471782,0.0,0.0,0.0,0.0,0.0,0.0,0.0,0.0,2237.8589994610074,0.0,0.0,0.0,0.0,2237.792188469011,0.0,0.0,0.0,0.0,0.0,0.0,0.0,0.0,0.0,0.0,0.0,0.0,2237.8254084471782,0.0,2237.8589994610074,2237.8589994610074,2237.8589994610074,2237.726861685573,2237.7593395430285,2237.792188469011,2237.8589994610074,0.0,0.0,2237.8589994610074,0.0,0.0,2237.7593395430285,0.0,2237.792188469011,0.0,0.0,0.0,0.0,0.0,0.0,2237.8589994610074,0.0,0.0,0.0,0.0
0.0,0.0,2237.8589994610074,2237.8589994610074,0.0,0.0,0.0,0.0,0.0,0.0,0.0,0.0,0.0,0.0,0.0,0.0,2237.8589994610074,2237.8589994610074,0.0,0.0,0.0,0.0,0.0,0.0,0.0,2237.8589994610074,0.0,0.0,0.0,0.0,0.0,0.0,0.0,0.0,2237.8589994610074,0.0,0.0,0.0,0.0,2237.8589994610074,0.0,0.0,0.0,0.0,0.0,0.0,2237.8589994610074,0.0,0.0,0.0,0.0,2237.8254084471782,0.0,0.0,2237.8589994610074,2237.8589994610074,0.0,0.0,2237.8254084471782,0.0,2237.8589994610074,2237.8589994610074,2237.8589994610074,2237.8589994610074,2237.8589994610074,0.0,2237.8254084471782,0.0,2237.792188469011,2237.8589994610074,2237.8254084471782,2237.7593395430285,2237.8589994610074,2237.8589994610074,2237.8589994610074,2237.8254084471782,2237.8254084471782,2237.7593395430285,2237.8589994610074,2237.792188469011,2237.792188469011,2237.7593395430285,2237.6947549128004,2237.8254084471782,2237.8254084471782,2237.792188469011,2237.792188469011,2237.8254084471782,2237.6947549128004,2237.792188469011,2237.7593395430285,2237.8254084471782,2237.6316546850153,2237.792188469011,2237.6947549128004,2237.7593395430285,2237.8254084471782,2237.8254084471782,2237.7593395430285,2237.6947549128004,2237.8254084471782,2237.8254084471782,2237.726861685573,2237.792188469011,2237.792188469011,2237.792188469011,2237.8254084471782,2237.7593395430285,2237.8254084471782,2237.7593395430285,2237.8254084471782,2237.726861685573,2237.5397878718245,2237.7593395430285,2237.8254084471782,2237.6947549128004,2237.6947549128004,2237.6316546850153,2237.6006612613974,2237.663019240684,2237.6947549128004,2237.7593395430285,2237.7593395430285,2237.726861685573,2237.6006612613974,2237.8589994610074,2237.726861685573,2237.726861685573,2237.570038985255,2237.792188469011,2237.6947549128004,2237.6316546850153,2237.8589994610074,2237.726861685573,2237.8589994610074,2237.726861685573,2237.7593395430285,2237.792188469011,2237.7593395430285,2237.663019240684,2237.7593395430285,2237.726861685573,2237.6947549128004,2237.7593395430285,2237.6947549128004,2237.7593395430285,2237.8254084471782,2237.726861685573,2237.726861685573,2237.792188469011,2237.6947549128004,2237.792188469011,2237.663019240684,2237.726861685573,2237.6316546850153,2237.7593395430285,2237.7593395430285,2237.726861685573,2237.6947549128004,2237.792188469011,2237.6316546850153,2237.7593395430285,2237.792188469011,2237.7593395430285,2237.726861685573,2237.726861685573,2237.6947549128004,2237.6316546850153,2237.6947549128004,0.0,2237.8589994610074,0.0,2237.8589994610074,0.0,0.0,0.0,2237.8589994610074,0.0,0.0,2237.8589994610074,0.0,2237.8589994610074,0.0,0.0,2237.8589994610074,2237.8589994610074,2237.8589994610074,0.0,0.0,0.0,0.0,0.0,0.0,0.0,0.0,0.0,0.0,2237.8589994610074,0.0,0.0,0.0,0.0,0.0,0.0,2237.8589994610074,0.0,0.0,2237.8254084471782,0.0,0.0,0.0,0.0,0.0,0.0,0.0,2237.8589994610074,0.0,0.0,0.0,0.0,0.0,0.0,0.0,0.0,0.0,0.0,0.0,0.0,0.0,2237.8589994610074,0.0,0.0,2237.726861685573,2237.8589994610074,2237.8589994610074,2237.6947549128004,2237.8254084471782,0.0,0.0,0.0,2237.8589994610074,0.0,2237.8254084471782,2237.7593395430285,0.0,2237.8589994610074,0.0,0.0,0.0,0.0,2237.8589994610074,0.0,0.0,0.0,0.0,0.0
2237.8254084471782,0.0,0.0,0.0,0.0,2237.8589994610074,0.0,0.0,0.0,0.0,0.0,0.0,0.0,0.0,0.0,0.0,0.0,0.0,0.0,0.0,0.0,0.0,0.0,0.0,0.0,0.0,0.0,0.0,0.0,0.0,0.0,2237.8589994610074,0.0,2237.8589994610074,0.0,0.0,2237.8589994610074,2237.8589994610074,0.0,0.0,2237.8589994610074,0.0,2237.8589994610074,0.0,0.0,0.0,0.0,0.0,2237.8589994610074,0.0,2237.8589994610074,2237.8589994610074,2237.8589994610074,2237.8254084471782,2237.8589994610074,2237.8589994610074,0.0,2237.8589994610074,2237.8589994610074,0.0,2237.792188469011,2237.8254084471782,0.0,0.0,0.0,2237.8254084471782,2237.792188469011,2237.8589994610074,0.0,2237.792188469011,2237.8254084471782,2237.8254084471782,2237.8589994610074,2237.8254084471782,2237.8254084471782,2237.8589994610074,2237.8254084471782,2237.8589994610074,2237.8589994610074,2237.8589994610074,2237.6947549128004,2237.792188469011,2237.8254084471782,2237.8589994610074,2237.8254084471782,2237.8254084471782,2237.8254084471782,2237.792188469011,2237.7593395430285,2237.7593395430285,2237.6006612613974,2237.7593395430285,2237.6947549128004,2237.7593395430285,2237.8254084471782,2237.6947549128004,2237.570038985255,2237.663019240684,2237.792188469011,2237.792188469011,2237.726861685573,2237.6947549128004,2237.726861685573,0.0,2237.8254084471782,2237.8589994610074,2237.7593395430285,2237.6006612613974,2237.6316546850153,2237.663019240684,2237.6316546850153,2237.8254084471782,2237.792188469011,2237.726861685573,2237.7593395430285,2237.6316546850153,2237.8254084471782,2237.8254084471782,2237.792188469011,2237.726861685573,2237.726861685573,2237.726861685573,2237.663019240684,2237.726861685573,2237.792188469011,2237.7593395430285,2237.726861685573,2237.7593395430285,2237.7593395430285,2237.6947549128004,2237.792188469011,2237.6947549128004,2237.7593395430285,2237.663019240684,2237.6947549128004,2237.8589994610074,2237.6316546850153,2237.7593395430285,0.0,2237.7593395430285,2237.8254084471782,2237.8254084471782,2237.7593395430285,2237.6947549128004,2237.6947549128004,2237.8254084471782,2237.7593395430285,2237.792188469011,2237.663019240684,2237.726861685573,2237.663019240684,2237.7593395430285,2237.8589994610074,2237.792188469011,2237.8254084471782,2237.4512616574316,2237.6947549128004,2237.6006612613974,2237.6006612613974,2237.6316546850153,2237.6316546850153,2237.726861685573,2237.663019240684,2237.726861685573,2237.792188469011,2237.6316546850153,2237.8254084471782,2237.792188469011,2237.8254084471782,2237.8254084471782,2237.8589994610074,2237.8589994610074,2237.8589994610074,0.0,0.0,0.0,0.0,2237.8589994610074,0.0,2237.8589994610074,2237.8589994610074,0.0,0.0,0.0,0.0,0.0,0.0,2237.8589994610074,0.0,0.0,2237.8589994610074,0.0,2237.8589994610074,0.0,0.0,0.0,0.0,0.0,0.0,2237.8589994610074,0.0,0.0,2237.8589994610074,2237.8254084471782,0.0,0.0,2237.8589994610074,0.0,0.0,2237.8254084471782,0.0,0.0,0.0,0.0,2237.8589994610074,0.0,0.0,2237.8589994610074,0.0,0.0,2237.8589994610074,0.0,0.0,0.0,2237.8254084471782,2237.8589994610074,0.0,0.0,2237.8254084471782,0.0,2237.8254084471782,0.0,2237.792188469011,2237.792188469011,2237.8254084471782,0.0,0.0,0.0,2237.8254084471782,0.0,2237.8254084471782,2237.8589994610074,2237.8254084471782,2237.8254084471782,0.0,0.0,2237.8589994610074,2237.8589994610074,0.0,0.0,2237.8589994610074,2237.8589994610074,0.0,0.0,0.0,0.0
0.0,0.0,2237.8589994610074,0.0,2237.8589994610074,2237.8589994610074,2237.8589994610074,2237.8589994610074,0.0,0.0,2237.8589994610074,0.0,0.0,2237.8589994610074,0.0,0.0,0.0,0.0,0.0,0.0,2237.8589994610074,0.0,0.0,0.0,0.0,0.0,2237.8589994610074,0.0,0.0,0.0,0.0,0.0,0.0,0.0,2237.8589994610074,2237.8589994610074,0.0,2237.8254084471782,2237.8589994610074,0.0,2237.8589994610074,0.0,0.0,0.0,0.0,0.0,0.0,0.0,2237.8589994610074,0.0,2237.8589994610074,0.0,2237.8589994610074,0.0,0.0,2237.8589994610074,0.0,0.0,2237.8589994610074,2237.8589994610074,0.0,2237.792188469011,2237.8589994610074,2237.8254084471782,0.0,2237.792188469011,2237.8254084471782,2237.792188469011,2237.8254084471782,2237.8254084471782,2237.8589994610074,2237.792188469011,2237.792188469011,2237.8254084471782,2237.8254084471782,2237.8589994610074,2237.8254084471782,2237.792188469011,2237.8254084471782,0.0,2237.8589994610074,2237.7593395430285,2237.8589994610074,2237.792188469011,2237.8254084471782,2237.8589994610074,2237.792188469011,2237.726861685573,2237.726861685573,2237.663019240684,2237.792188469011,2237.8254084471782,2237.726861685573,2237.8254084471782,2237.792188469011,2237.792188469011,2237.726861685573,2237.8254084471782,2237.7593395430285,2237.8254084471782,2237.792188469011,2237.663019240684,2237.7593395430285,2237.6947549128004,2237.8589994610074,2237.7593395430285,2237.663019240684,2237.663019240684,2237.726861685573,2237.726861685573,2237.8254084471782,2237.7593395430285,2237.726861685573,2237.726861685573,2237.663019240684,2237.726861685573,2237.792188469011,2237.726861685573,2237.726861685573,2237.8254084471782,2237.726861685573,2237.6947549128004,2237.8254084471782,2237.726861685573,2237.570038985255,2237.8254084471782,2237.726861685573,2237.6947549128004,2237.7593395430285,2237.7593395430285,2237.663019240684,2237.6316546850153,2237.6947549128004,2237.6947549128004,2237.7593395430285,2237.8254084471782,2237.7593395430285,2237.6947549128004,2237.8254084471782,2237.6947549128004,0.0,2237.663019240684,2237.6947549128004,2237.8254084471782,2237.663019240684,2237.726861685573,2237.6947549128004,2237.792188469011,2237.8589994610074,2237.726861685573,2237.7593395430285,2237.6947549128004,2237.6947549128004,2237.726861685573,2237.6947549128004,2237.663019240684,2237.7593395430285,2237.726861685573,2237.480399193134,2237.663019240684,2237.6316546850153,2237.570038985255,2237.7593395430285,2237.792188469011,2237.792188469011,2237.792188469011,2237.8589994610074,2237.7593395430285,2237.8589994610074,2237.8589994610074,0.0,0.0,0.0,0.0,0.0,0.0,0.0,0.0,2237.8589994610074,0.0,0.0,0.0,0.0,0.0,0.0,0.0,0.0,2237.8589994610074,2237.8589994610074,0.0,0.0,0.0,0.0,0.0,0.0,0.0,2237.8589994610074,2237.8589994610074,0.0,2237.8589994610074,2237.8589994610074,0.0,0.0,0.0,2237.8589994610074,0.0,2237.8589994610074,2237.8589994610074,2237.8589994610074,0.0,0.0,0.0,0.0,0.0,0.0,0.0,0.0,0.0,2237.8589994610074,0.0,2237.8589994610074,0.0,2237.8589994610074,0.0,0.0,0.0,0.0,0.0,0.0,0.0,2237.8589994610074,2237.8589994610074,0.0,2237.8254084471782,2237.8254084471782,0.0,0.0,0.0,0.0,2237.8589994610074,0.0,0.0,0.0,2237.8589994610074,2237.8589994610074,0.0,2237.8589994610074,0.0,0.0,0.0,0.0,2237.8589994610074,2237.8254084471782,0.0,0.0,0.0
0.0,2237.8589994610074,0.0,0.0,0.0,0.0,0.0,0.0,0.0,0.0,0.0,0.0,0.0,0.0,0.0,0.0,0.0,0.0,0.0,0.0,0.0,2237.8589994610074,0.0,0.0,0.0,0.0,0.0,2237.8589994610074,0.0,2237.8589994610074,0.0,0.0,2237.8254084471782,0.0,2237.8589994610074,2237.8589994610074,0.0,0.0,2237.8589994610074,0.0,2237.8589994610074,2237.8589994610074,0.0,2237.8589994610074,0.0,0.0,0.0,0.0,2237.8589994610074,0.0,0.0,0.0,0.0,2237.8589994610074,2237.8254084471782,0.0,0.0,2237.8589994610074,0.0,0.0,0.0,0.0,2237.8589994610074,2237.8589994610074,0.0,0.0,0.0,0.0,2237.792188469011,2237.8254084471782,2237.8589994610074,0.0,2237.792188469011,2237.7593395430285,2237.8589994610074,2237.8589994610074,0.0,2237.8589994610074,2237.8254084471782,2237.8589994610074,2237.7593395430285,2237.7593395430285,2237.8589994610074,2237.726861685573,2237.7593395430285,2237.7593395430285,2237.792188469011,2237.8254084471782,2237.792188469011,2237.726861685573,2237.8254084471782,2237.8254084471782,2237.726861685573,2237.7593395430285,2237.7593395430285,2237.8254084471782,2237.792188469011,2237.8254084471782,2237.7593395430285,2237.6947549128004,2237.726861685573,2237.8589994610074,2237.6947549128004,2237.663019240684,2237.792188469011,2237.8254084471782,2237.792188469011,2237.726861685573,2237.792188469011,2237.792188469011,2237.726861685573,2237.8254084471782,2237.8589994610074,2237.726861685573,2237.7593395430285,2237.8254084471782,2237.726861685573,2237.7593395430285,2237.7593395430285,2237.7593395430285,2237.8589994610074,2237.8254084471782,2237.6006612613974,2237.8254084471782,2237.792188469011,2237.792188469011,2237.8589994610074,2237.8254084471782,2237.8254084471782,2237.663019240684,2237.7593395430285,2237.6006612613974,2237.726861685573,2237.792188469011,2237.792188469011,2237.7593395430285,2237.8589994610074,2237.8589994610074,2237.663019240684,2237.8589994610074,2237.7593395430285,2237.8589994610074,2237.663019240684,2237.726861685573,2237.7593395430285,2237.7593395430285,2237.7593395430285,2237.7593395430285,2237.792188469011,2237.663019240684,2237.5397878718245,2237.726861685573,2237.6947549128004,2237.6947549128004,2237.6316546850153,2237.6316546850153,2237.7593395430285,2237.792188469011,2237.663019240684,2237.8589994610074,2237.7593395430285,2237.6006612613974,2237.663019240684,2237.6947549128004,2237.8254084471782,2237.6947549128004,2237.6947549128004,2237.8254084471782,2237.8589994610074,2237.8589994610074,0.0,2237.8589994610074,0.0,2237.8589994610074,0.0,0.0,0.0,2237.8589994610074,0.0,0.0,2237.8254084471782,0.0,0.0,0.0,2237.8254084471782,2237.8589994610074,0.0,0.0,0.0,0.0,2237.8254084471782,0.0,0.0,0.0,0.0,0.0,0.0,0.0,0.0,0.0,0.0,0.0,2237.8589994610074,0.0,2237.8589994610074,2237.8589994610074,2237.8589994610074,2237.8589994610074,2237.8589994610074,0.0,0.0,0.0,0.0,2237.8589994610074,2237.8254084471782,2237.8589994610074,0.0,0.0,0.0,2237.8589994610074,2237.792188469011,0.0,0.0,2237.8254084471782,0.0,0.0,0.0,2237.8589994610074,0.0,0.0,2237.8589994610074,2237.8254084471782,2237.8254084471782,0.0,0.0,2237.8589994610074,0.0,2237.8589994610074,0.0,0.0,0.0,0.0,0.0,2237.8254084471782,0.0,0.0,0.0,2237.8589994610074,0.0,2237.8589994610074,2237.8589994610074,2237.8589994610074,0.0,2237.8254084471782,2237.8589994610074,0.0
0.0,2237.8589994610074,2237.8589994610074,0.0,0.0,0.0,0.0,0.0,2237.8589994610074,0.0,0.0,0.0,2237.8589994610074,0.0,0.0,0.0,2237.8589994610074,0.0,0.0,0.0,2237.8589994610074,0.0,0.0,0.0,2237.8589994610074,0.0,0.0,0.0,2237.8589994610074,2237.8589994610074,2237.8589994610074,0.0,0.0,0.0,2237.8589994610074,0.0,0.0,0.0,0.0,2237.8589994610074,0.0,0.0,0.0,2237.8589994610074,0.0,0.0,0.0,0.0,0.0,2237.8589994610074,0.0,0.0,0.0,0.0,0.0,2237.8589994610074,0.0,2237.8589994610074,0.0,2237.8254084471782,0.0,0.0,2237.7593395430285,2237.8254084471782,2237.8589994610074,2237.8254084471782,2237.8254084471782,0.0,2237.8254084471782,0.0,2237.8589994610074,2237.8254084471782,0.0,2237.8589994610074,2237.8254084471782,2237.7593395430285,2237.8254084471782,2237.8254084471782,2237.726861685573,2237.8254084471782,2237.8254084471782,2237.726861685573,0.0,2237.6947549128004,2237.6947549128004,2237.726861685573,2237.792188469011,0.0,2237.8589994610074,2237.792188469011,2237.8589994610074,2237.792188469011,2237.6947549128004,2237.6947549128004,2237.8254084471782,2237.792188469011,2237.792188469011,2237.726861685573,2237.792188469011,2237.7593395430285,2237.8254084471782,2237.792188469011,2237.6947549128004,2237.792188469011,2237.6316546850153,2237.7593395430285,2237.8589994610074,2237.726861685573,2237.8589994610074,2237.726861685573,2237.8254084471782,2237.5397878718245,2237.8589994610074,2237.6947549128004,2237.6006612613974,2237.6947549128004,2237.6947549128004,2237.8589994610074,2237.663019240684,2237.792188469011,2237.6947549128004,2237.7593395430285,2237.8589994610074,2237.8254084471782,2237.7593395430285,2237.792188469011,2237.7593395430285,2237.570038985255,2237.792188469011,2237.7593395430285,2237.6006612613974,2237.6947549128004,2237.7593395430285,2237.8589994610074,2237.726861685573,2237.726861685573,2237.792188469011,2237.8589994610074,2237.7593395430285,2237.8254084471782,2237.726861685573,2237.6947549128004,2237.7593395430285,2237.663019240684,2237.7593395430285,2237.8254084471782,2237.6006612613974,2237.792188469011,2237.663019240684,2237.6006612613974,2237.6316546850153,2237.726861685573,2237.7593395430285,2237.6006612613974,2237.663019240684,2237.7593395430285,2237.792188469011,2237.6947549128004,2237.726861685573,2237.6316546850153,2237.6006612613974,2237.663019240684,2237.6316546850153,2237.726861685573,2237.6947549128004,2237.8589994610074,0.0,2237.8254084471782,0.0,0.0,2237.8589994610074,0.0,0.0,0.0,2237.8589994610074,0.0,0.0,2237.8589994610074,0.0,0.0,0.0,0.0,0.0,0.0,2237.8589994610074,2237.8589994610074,2237.8589994610074,0.0,2237.8589994610074,0.0,0.0,0.0,0.0,0.0,0.0,0.0,2237.8589994610074,0.0,0.0,0.0,2237.8589994610074,0.0,2237.8589994610074,2237.8589994610074,0.0,2237.8254084471782,0.0,2237.792188469011,0.0,0.0,0.0,0.0,0.0,2237.8589994610074,0.0,2237.8589994610074,2237.8254084471782,2237.8589994610074,2237.8589994610074,2237.8589994610074,0.0,2237.8589994610074,0.0,0.0,2237.8254084471782,0.0,0.0,0.0,0.0,0.0,0.0,0.0,2237.8589994610074,2237.8254084471782,2237.8589994610074,0.0,0.0,0.0,0.0,2237.8254084471782,0.0,0.0,2237.8589994610074,2237.8254084471782,0.0,0.0,0.0,0.0,0.0,0.0,2237.8589994610074,2237.8254084471782,0.0,2237.8254084471782,0.0,0.0
0.0,0.0,0.0,0.0,0.0,0.0,0.0,0.0,0.0,0.0,0.0,0.0,0.0,0.0,2237.8589994610074,0.0,0.0,0.0,0.0,2237.8589994610074,0.0,0.0,0.0,0.0,0.0,0.0,2237.8589994610074,2237.8589994610074,0.0,0.0,2237.8589994610074,0.0,0.0,0.0,2237.8589994610074,0.0,2237.8589994610074,0.0,0.0,0.0,2237.8589994610074,2237.8589994610074,0.0,0.0,0.0,2237.8589994610074,2237.8589994610074,2237.8589994610074,0.0,2237.8589994610074,0.0,0.0,2237.8589994610074,2237.8589994610074,2237.8589994610074,0.0,2237.8589994610074,2237.8589994610074,0.0,0.0,0.0,2237.8589994610074,2237.8589994610074,0.0,2237.8589994610074,0.0,2237.8254084471782,2237.8589994610074,2237.8254084471782,2237.792188469011,2237.792188469011,2237.8589994610074,2237.792188469011,2237.8589994610074,0.0,2237.8589994610074,2237.792188469011,2237.8254084471782,2237.8254084471782,2237.8254084471782,2237.8254084471782,0.0,2237.792188469011,2237.8254084471782,2237.8254084471782,2237.792188469011,2237.792188469011,2237.8254084471782,2237.6947549128004,2237.8589994610074,2237.726861685573,2237.792188469011,2237.7593395430285,2237.792188469011,2237.8589994610074,2237.8254084471782,2237.7593395430285,2237.792188469011,2237.792188469011,2237.7593395430285,2237.663019240684,2237.663019240684,2237.792188469011,2237.726861685573,2237.726861685573,2237.726861685573,2237.7593395430285,2237.7593395430285,2237.726861685573,0.0,2237.7593395430285,2237.726861685573,2237.726861685573,2237.7593395430285,2237.8254084471782,2237.7593395430285,2237.8254084471782,2237.792188469011,2237.792188469011,2237.7593395430285,2237.726861685573,2237.7593395430285,2237.726861685573,2237.663019240684,2237.7593395430285,2237.8254084471782,2237.726861685573,2237.726861685573,2237.8589994610074,2237.7593395430285,2237.792188469011,2237.7593395430285,2237.663019240684,2237.8589994610074,2237.792188469011,2237.6947549128004,2237.663019240684,2237.7593395430285,2237.792188469011,2237.7593395430285,2237.6947549128004,2237.792188469011,2237.8254084471782,2237.792188469011,2237.7593395430285,2237.8254084471782,2237.8254084471782,2237.6947549128004,2237.726861685573,2237.663019240684,2237.7593395430285,2237.5099079361603,2237.7593395430285,2237.726861685573,2237.726861685573,2237.663019240684,2237.792188469011,2237.8254084471782,2237.6316546850153,2237.663019240684,2237.6006612613974,2237.726861685573,2237.6316546850153,2237.6947549128004,2237.7593395430285,2237.7593395430285,2237.8589994610074,2237.8254084471782,2237.8589994610074,0.0,0.0,0.0,2237.792188469011,2237.8589994610074,0.0,2237.8254084471782,0.0,0.0,2237.8589994610074,0.0,0.0,2237.8589994610074,0.0,0.0,0.0,0.0,0.0,0.0,0.0,0.0,0.0,0.0,0.0,0.0,2237.8589994610074,0.0,0.0,0.0,2237.8589994610074,2237.8589994610074,0.0,0.0,0.0,0.0,2237.8589994610074,0.0,2237.8254084471782,0.0,0.0,0.0,0.0,0.0,0.0,0.0,0.0,2237.792188469011,2237.8254084471782,2237.8254084471782,2237.8589994610074,0.0,0.0,0.0,2237.8589994610074,2237.8589994610074,0.0,2237.8589994610074,2237.8589994610074,0.0,0.0,0.0,2237.8589994610074,0.0,0.0,0.0,2237.8254084471782,0.0,0.0,0.0,0.0,0.0,2237.8589994610074,0.0,0.0,2237.8254084471782,0.0,2237.8589994610074,2237.8589994610074,0.0,0.0,0.0,2237.8254084471782,0.0,2237.8589994610074,0.0,0.0,2237.8589994610074
2237.8589994610074,0.0,0.0,2237.8254084471782,0.0,0.0,0.0,2237.8589994610074,0.0,0.0,0.0,0.0,0.0,0.0,0.0,0.0,0.0,0.0,0.0,0.0,0.0,0.0,0.0,0.0,0.0,0.0,0.0,0.0,0.0,0.0,0.0,2237.8254084471782,0.0,2237.8589994610074,0.0,0.0,0.0,0.0,0.0,2237.8589994610074,0.0,0.0,0.0,0.0,0.0,0.0,2237.8589994610074,0.0,2237.8589994610074,0.0,2237.8589994610074,0.0,0.0,0.0,2237.8589994610074,2237.8254084471782,0.0,2237.8254084471782,0.0,2237.8254084471782,0.0,0.0,2237.8589994610074,2237.8254084471782,2237.8254084471782,2237.8254084471782,2237.8589994610074,0.0,0.0,2237.8589994610074,2237.8589994610074,0.0,2237.8589994610074,0.0,2237.8254084471782,2237.8589994610074,2237.8254084471782,2237.8254084471782,2237.8254084471782,2237.792188469011,2237.7593395430285,2237.8254084471782,2237.792188469011,2237.726861685573,0.0,2237.792188469011,2237.8254084471782,2237.8254084471782,2237.726861685573,2237.792188469011,2237.7593395430285,2237.7593395430285,2237.6947549128004,2237.8254084471782,2237.8254084471782,0.0,2237.7593395430285,2237.792188469011,2237.7593395430285,2237.6316546850153,2237.726861685573,2237.8254084471782,2237.7593395430285,2237.726861685573,2237.726861685573,2237.8254084471782,2237.726861685573,2237.8589994610074,2237.792188469011,2237.792188469011,2237.8589994610074,2237.726861685573,2237.7593395430285,2237.792188469011,2237.8254084471782,2237.570038985255,2237.7593395430285,2237.7593395430285,2237.7593395430285,2237.7593395430285,2237.726861685573,2237.726861685573,2237.792188469011,2237.663019240684,0.0,2237.726861685573,2237.792188469011,2237.6006612613974,2237.792188469011,2237.792188469011,2237.8589994610074,2237.7593395430285,2237.792188469011,2237.8589994610074,2237.7593395430285,2237.663019240684,2237.663019240684,2237.792188469011,2237.7593395430285,2237.663019240684,2237.792188469011,2237.6947549128004,2237.726861685573,2237.726861685573,2237.7593395430285,2237.7593395430285,2237.726861685573,2237.663019240684,2237.663019240684,2237.6316546850153,2237.663019240684,2237.663019240684,2237.6006612613974,2237.6006612613974,2237.792188469011,2237.7593395430285,2237.570038985255,2237.792188469011,2237.6947549128004,2237.7593395430285,2237.8254084471782,2237.792188469011,2237.6947549128004,2237.792188469011,2237.8254084471782,2237.7593395430285,2237.8589994610074,2237.8589994610074,0.0,2237.8254084471782,2237.8589994610074,0.0,0.0,2237.8589994610074,0.0,2237.8589994610074,2237.8589994610074,2237.8589994610074,0.0,0.0,0.0,0.0,0.0,2237.8589994610074,0.0,0.0,0.0,2237.8589994610074,0.0,0.0,0.0,2237.8589994610074,0.0,0.0,0.0,2237.8589994610074,0.0,0.0,0.0,0.0,2237.8589994610074,0.0,0.0,2237.8589994610074,0.0,0.0,2237.8254084471782,0.0,0.0,2237.8589994610074,0.0,0.0,0.0,0.0,0.0,2237.8589994610074,2237.6316546850153,2237.663019240684,2237.7593395430285,2237.7593395430285,2237.8254084471782,2237.8589994610074,2237.8589994610074,0.0,0.0,0.0,0.0,0.0,0.0,2237.8589994610074,2237.8589994610074,2237.8589994610074,0.0,0.0,0.0,0.0,0.0,0.0,0.0,0.0,0.0,2237.8589994610074,0.0,0.0,2237.8254084471782,0.0,0.0,2237.8589994610074,0.0,0.0,0.0,0.0,0.0,0.0,0.0,0.0
0.0,0.0,0.0,0.0,0.0,2237.792188469011,2237.8589994610074,0.0,0.0,0.0,0.0,0.0,0.0,0.0,0.0,2237.8589994610074,0.0,0.0,0.0,0.0,2237.8589994610074,2237.8589994610074,0.0,0.0,0.0,0.0,2237.8589994610074,0.0,0.0,0.0,0.0,0.0,0.0,0.0,2237.8589994610074,0.0,0.0,0.0,0.0,0.0,2237.8589994610074,0.0,0.0,0.0,0.0,0.0,0.0,0.0,2237.8254084471782,2237.8589994610074,2237.8589994610074,2237.8589994610074,0.0,2237.8589994610074,0.0,0.0,0.0,2237.8589994610074,0.0,2237.8589994610074,2237.8589994610074,0.0,0.0,0.0,0.0,0.0,0.0,2237.8589994610074,2237.8254084471782,2237.8589994610074,0.0,2237.8254084471782,2237.8589994610074,0.0,0.0,2237.8589994610074,0.0,2237.8589994610074,0.0,2237.8589994610074,2237.8589994610074,2237.8589994610074,2237.8254084471782,2237.792188469011,2237.8589994610074,2237.8589994610074,2237.8254084471782,2237.726861685573,2237.8254084471782,2237.792188469011,2237.8254084471782,2237.792188469011,2237.7593395430285,0.0,2237.7593395430285,2237.8254084471782,2237.6947549128004,2237.8254084471782,2237.7593395430285,2237.726861685573,2237.7593395430285,2237.8254084471782,2237.8589994610074,2237.7593395430285,2237.792188469011,2237.726861685573,2237.7593395430285,2237.8589994610074,2237.8589994610074,2237.792188469011,2237.7593395430285,2237.6947549128004,2237.8254084471782,2237.8254084471782,2237.792188469011,2237.663019240684,2237.8254084471782,2237.7593395430285,2237.8254084471782,2237.6947549128004,2237.7593395430285,2237.8589994610074,2237.7593395430285,2237.7593395430285,2237.792188469011,2237.8254084471782,2237.7593395430285,2237.8254084471782,2237.8589994610074,2237.7593395430285,2237.8254084471782,2237.792188469011,2237.8254084471782,2237.6947549128004,2237.7593395430285,2237.6947549128004,2237.6947549128004,2237.7593395430285,2237.792188469011,2237.726861685573,2237.8589994610074,2237.792188469011,2237.792188469011,2237.6947549128004,2237.8254084471782,2237.792188469011,2237.726861685573,2237.792188469011,2237.8589994610074,2237.6947549128004,2237.726861685573,2237.6316546850153,2237.5397878718245,2237.8254084471782,2237.8254084471782,2237.663019240684,2237.6947549128004,2237.7593395430285,2237.6006612613974,2237.7593395430285,2237.5397878718245,2237.6947549128004,2237.6316546850153,2237.8254084471782,2237.8254084471782,0.0,0.0,2237.8589994610074,0.0,2237.8589994610074,0.0,2237.8589994610074,0.0,0.0,0.0,2237.8589994610074,0.0,2237.8589994610074,2237.8589994610074,0.0,0.0,2237.8589994610074,0.0,0.0,0.0,0.0,0.0,0.0,2237.8589994610074,2237.8589994610074,0.0,0.0,0.0,2237.8589994610074,0.0,0.0,0.0,0.0,0.0,0.0,0.0,0.0,2237.8589994610074,0.0,2237.8589994610074,0.0,0.0,0.0,0.0,0.0,2237.8254084471782,0.0,0.0,0.0,0.0,2237.8589994610074,2237.726861685573,2237.6947549128004,2237.792188469011,2237.7593395430285,2237.8254084471782,0.0,0.0,2237.8589994610074,0.0,0.0,0.0,0.0,2237.792188469011,0.0,0.0,0.0,2237.8589994610074,2237.8589994610074,0.0,0.0,0.0,0.0,0.0,0.0,0.0,0.0,2237.8254084471782,0.0,2237.792188469011,2237.792188469011,2237.8589994610074,0.0,0.0,0.0,0.0,2237.8589994610074,0.0,0.0,0.0,2237.8589994610074
2237.8589994610074,0.0,0.0,2237.8589994610074,2237.8589994610074,0.0,0.0,0.0,0.0,0.0,0.0,2237.8589994610074,0.0,0.0,2237.8589994610074,0.0,0.0,0.0,0.0,0.0,2237.8589994610074,2237.8589994610074,0.0,0.0,0.0,2237.8589994610074,0.0,0.0,2237.8589994610074,0.0,0.0,0.0,2237.8589994610074,2237.8589994610074,0.0,0.0,0.0,2237.8589994610074,0.0,0.0,2237.8589994610074,0.0,0.0,0.0,2237.8589994610074,0.0,0.0,2237.8589994610074,0.0,0.0,0.0,0.0,0.0,0.0,0.0,0.0,0.0,2237.8589994610074,0.0,2237.8589994610074,2237.8589994610074,2237.8589994610074,0.0,2237.8589994610074,0.0,0.0,2237.8589994610074,0.0,2237.792188469011,0.0,0.0,0.0,2237.8589994610074,2237.8254084471782,0.0,2237.8589994610074,2237.8589994610074,0.0,2237.8254084471782,2237.8254084471782,2237.8254084471782,0.0,0.0,0.0,2237.8589994610074,2237.8589994610074,2237.8589994610074,2237.7593395430285,2237.8589994610074,2237.7593395430285,2237.8254084471782,2237.8254084471782,2237.6947549128004,2237.7593395430285,2237.8589994610074,2237.7593395430285,2237.8254084471782,2237.6316546850153,2237.792188469011,2237.8589994610074,2237.6947549128004,2237.7593395430285,2237.8254084471782,2237.792188469011,2237.8254084471782,2237.8254084471782,2237.8254084471782,2237.792188469011,2237.7593395430285,2237.792188469011,2237.792188469011,2237.8589994610074,2237.792188469011,2237.8254084471782,2237.8254084471782,2237.8589994610074,2237.8589994610074,2237.6006612613974,2237.7593395430285,2237.6947549128004,2237.726861685573,2237.6947549128004,2237.6947549128004,2237.792188469011,2237.7593395430285,2237.6947549128004,2237.726861685573,2237.726861685573,2237.7593395430285,2237.8254084471782,2237.8589994610074,2237.7593395430285,2237.8254084471782,2237.8589994610074,2237.8589994610074,2237.8254084471782,2237.8254084471782,2237.8589994610074,2237.8589994610074,2237.8254084471782,2237.8254084471782,0.0,2237.8254084471782,2237.792188469011,2237.7593395430285,2237.663019240684,2237.6947549128004,2237.6316546850153,2237.6947549128004,2237.8254084471782,2237.663019240684,2237.792188469011,2237.8254084471782,2237.726861685573,2237.792188469011,2237.726861685573,2237.726861685573,2237.6947549128004,2237.6316546850153,2237.7593395430285,2237.570038985255,2237.6947549128004,2237.6947549128004,2237.6947549128004,2237.8254084471782,0.0,0.0,0.0,2237.8589994610074,0.0,0.0,0.0,0.0,2237.8589994610074,0.0,2237.8589994610074,2237.8589994610074,0.0,0.0,0.0,0.0,2237.8589994610074,0.0,0.0,2237.8589994610074,0.0,0.0,2237.8589994610074,0.0,0.0,0.0,2237.8589994610074,0.0,0.0,0.0,2237.8254084471782,0.0,0.0,0.0,0.0,2237.8589994610074,0.0,0.0,0.0,2237.8589994610074,2237.8589994610074,0.0,0.0,0.0,0.0,0.0,0.0,2237.8589994610074,0.0,0.0,2237.8254084471782,2237.8254084471782,2237.792188469011,2237.6947549128004,2237.8589994610074,2237.8589994610074,0.0,0.0,0.0,0.0,0.0,0.0,0.0,0.0,0.0,0.0,2237.8589994610074,2237.8589994610074,2237.8589994610074,2237.8254084471782,2237.8589994610074,2237.8589994610074,0.0,2237.8589994610074,0.0,0.0,0.0,0.0,0.0,2237.8589994610074,2237.8589994610074,2237.8254084471782,2237.8589994610074,2237.8589994610074,0.0,0.0,2237.8589994610074,0.0,0.0,0.0,0.0
0.0,0.0,0.0,0.0,0.0,0.0,2237.8589994610074,0.0,2237.8589994610074,0.0,0.0,0.0,0.0,0.0,0.0,0.0,2237.8589994610074,0.0,0.0,0.0,0.0,2237.8589994610074,2237.8589994610074,0.0,2237.8589994610074,0.0,0.0,0.0,0.0,0.0,0.0,2237.8589994610074,0.0,0.0,0.0,2237.8589994610074,0.0,0.0,0.0,2237.8589994610074,0.0,0.0,2237.8589994610074,0.0,0.0,0.0,0.0,0.0,2237.8589994610074,2237.8589994610074,0.0,0.0,2237.8589994610074,0.0,0.0,0.0,2237.8589994610074,2237.8589994610074,2237.8589994610074,2237.8589994610074,2237.8589994610074,2237.8589994610074,2237.8589994610074,2237.8589994610074,0.0,2237.8589994610074,0.0,0.0,2237.8589994610074,2237.8589994610074,0.0,0.0,0.0,0.0,0.0,2237.8589994610074,2237.8589994610074,0.0,2237.792188469011,2237.8589994610074,0.0,0.0,0.0,2237.8589994610074,2237.8589994610074,2237.792188469011,2237.8254084471782,2237.726861685573,2237.8254084471782,2237.8254084471782,2237.7593395430285,2237.8589994610074,0.0,2237.726861685573,2237.8589994610074,2237.8589994610074,2237.792188469011,2237.8254084471782,2237.8254084471782,2237.7593395430285,2237.8254084471782,2237.792188469011,2237.792188469011,2237.792188469011,2237.7593395430285,2237.8254084471782,2237.792188469011,2237.726861685573,2237.792188469011,2237.792188469011,2237.792188469011,2237.8254084471782,2237.8254084471782,0.0,2237.7593395430285,2237.6316546850153,2237.8589994610074,2237.726861685573,2237.792188469011,2237.726861685573,2237.726861685573,2237.8254084471782,2237.8254084471782,0.0,2237.726861685573,2237.8589994610074,2237.792188469011,2237.726861685573,2237.7593395430285,2237.8254084471782,2237.8254084471782,2237.792188469011,2237.7593395430285,2237.726861685573,2237.726861685573,2237.792188469011,2237.792188469011,2237.7593395430285,2237.8254084471782,2237.8589994610074,2237.8254084471782,2237.792188469011,2237.792188469011,2237.8254084471782,2237.792188469011,2237.792188469011,2237.7593395430285,2237.663019240684,2237.6316546850153,2237.663019240684,2237.726861685573,2237.792188469011,2237.792188469011,2237.726861685573,2237.663019240684,2237.6316546850153,2237.726861685573,2237.6006612613974,2237.6947549128004,2237.8589994610074,2237.8589994610074,2237.7593395430285,2237.726861685573,2237.6947549128004,2237.8589994610074,2237.8589994610074,0.0,2237.8589994610074,2237.8589994610074,2237.8589994610074,2237.8254084471782,2237.8589994610074,2237.8589994610074,0.0,0.0,0.0,2237.8589994610074,0.0,0.0,0.0,2237.8589994610074,2237.8589994610074,0.0,0.0,0.0,2237.8589994610074,0.0,2237.8254084471782,0.0,0.0,0.0,0.0,2237.8589994610074,2237.8589994610074,2237.8589994610074,0.0,0.0,0.0,2237.8589994610074,0.0,2237.8589994610074,0.0,0.0,0.0,0.0,0.0,0.0,2237.8589994610074,0.0,0.0,0.0,2237.8589994610074,0.0,0.0,2237.8589994610074,0.0,0.0,2237.8254084471782,2237.8589994610074,2237.8254084471782,0.0,0.0,0.0,0.0,0.0,2237.8589994610074,2237.8254084471782,0.0,0.0,0.0,2237.8589994610074,2237.8589994610074,2237.792188469011,2237.8589994610074,2237.7593395430285,2237.8589994610074,0.0,0.0,0.0,0.0,0.0,0.0,0.0,2237.8254084471782,2237.8254084471782,2237.8589994610074,0.0,2237.8254084471782,0.0,0.0,0.0,2237.8589994610074,0.0,0.0,0.0,2237.8589994610074
0.0,0.0,2237.8589994610074,2237.8589994610074,0.0,0.0,0.0,2237.8589994610074,0.0,0.0,2237.8589994610074,0.0,0.0,0.0,0.0,0.0,0.0,0.0,0.0,2237.8589994610074,0.0,2237.8589994610074,0.0,0.0,0.0,0.0,0.0,2237.8589994610074,0.0,0.0,2237.8589994610074,0.0,0.0,2237.8589994610074,0.0,0.0,0.0,0.0,2237.8589994610074,0.0,0.0,0.0,2237.8589994610074,0.0,0.0,0.0,0.0,0.0,0.0,0.0,0.0,0.0,0.0,0.0,2237.8589994610074,0.0,0.0,2237.8589994610074,2237.8589994610074,0.0,0.0,0.0,2237.8589994610074,2237.8589994610074,0.0,2237.8254084471782,0.0,2237.8589994610074,0.0,2237.8589994610074,2237.8589994610074,2237.8254084471782,2237.8589994610074,0.0,2237.792188469011,0.0,2237.8589994610074,2237.8589994610074,2237.8589994610074,2237.8589994610074,2237.792188469011,2237.792188469011,2237.8254084471782,2237.8589994610074,2237.8589994610074,2237.8254084471782,0.0,0.0,2237.792188469011,2237.7593395430285,2237.8254084471782,2237.8589994610074,2237.726861685573,2237.7593395430285,2237.8254084471782,2237.792188469011,2237.8254084471782,2237.7593395430285,2237.8589994610074,2237.8254084471782,2237.7593395430285,2237.726861685573,2237.7593395430285,2237.8589994610074,2237.7593395430285,2237.8254084471782,2237.726861685573,2237.792188469011,2237.8254084471782,0.0,2237.7593395430285,2237.792188469011,0.0,2237.726861685573,2237.726861685573,2237.792188469011,2237.792188469011,0.0,2237.8254084471782,2237.726861685573,2237.8589994610074,2237.8589994610074,0.0,2237.8254084471782,0.0,2237.726861685573,2237.8254084471782,0.0,2237.8254084471782,2237.8254084471782,2237.8254084471782,2237.6947549128004,2237.8254084471782,2237.8254084471782,2237.792188469011,2237.6316546850153,2237.8589994610074,2237.792188469011,2237.726861685573,2237.8254084471782,2237.8254084471782,2237.792188469011,2237.7593395430285,2237.7593395430285,2237.8254084471782,2237.8254084471782,2237.792188469011,2237.726861685573,2237.7593395430285,2237.6947549128004,2237.6947549128004,2237.726861685573,2237.792188469011,2237.6947549128004,2237.8254084471782,2237.8589994610074,2237.663019240684,2237.663019240684,2237.792188469011,2237.792188469011,2237.663019240684,2237.6316546850153,2237.6947549128004,2237.792188469011,2237.792188469011,0.0,0.0,0.0,2237.8589994610074,2237.8589994610074,2237.8589994610074,0.0,0.0,0.0,0.0,0.0,0.0,0.0,0.0,2237.8589994610074,0.0,0.0,0.0,2237.8589994610074,0.0,0.0,0.0,0.0,0.0,0.0,0.0,0.0,0.0,0.0,2237.8589994610074,0.0,2237.8589994610074,2237.8589994610074,0.0,0.0,0.0,2237.8589994610074,0.0,0.0,2237.8589994610074,0.0,0.0,0.0,0.0,0.0,0.0,2237.8589994610074,0.0,0.0,2237.8254084471782,2237.8589994610074,2237.8589994610074,0.0,0.0,0.0,0.0,2237.8589994610074,0.0,0.0,0.0,0.0,0.0,0.0,0.0,2237.8589994610074,0.0,2237.8589994610074,2237.8254084471782,2237.8589994610074,0.0,0.0,0.0,2237.8589994610074,0.0,0.0,0.0,0.0,2237.8589994610074,0.0,0.0,0.0,0.0,2237.8589994610074,0.0,2237.8589994610074,0.0,0.0,0.0,0.0,0.0,0.0
0.0,0.0,0.0,0.0,0.0,2237.8589994610074,2237.8589994610074,0.0,0.0,0.0,0.0,0.0,0.0,0.0,0.0,0.0,0.0,0.0,2237.8589994610074,0.0,0.0,0.0,0.0,2237.8589994610074,2237.792188469011,0.0,0.0,0.0,2237.8589994610074,0.0,0.0,0.0,0.0,0.0,2237.8589994610074,0.0,2237.8254084471782,0.0,0.0,0.0,0.0,0.0,2237.8254084471782,2237.8589994610074,2237.8589994610074,0.0,0.0,0.0,0.0,0.0,2237.8589994610074,0.0,0.0,2237.8589994610074,2237.8589994610074,0.0,0.0,0.0,0.0,0.0,0.0,2237.8589994610074,0.0,0.0,0.0,0.0,2237.8589994610074,2237.8254084471782,0.0,2237.8589994610074,2237.8589994610074,2237.8589994610074,2237.792188469011,2237.8589994610074,2237.792188469011,0.0,2237.8254084471782,2237.8254084471782,2237.8589994610074,2237.792188469011,2237.8254084471782,0.0,2237.8254084471782,2237.8254084471782,0.0,2237.8589994610074,0.0,0.0,2237.8589994610074,2237.7593395430285,2237.726861685573,2237.8589994610074,2237.8589994610074,2237.7593395430285,0.0,2237.8589994610074,0.0,2237.7593395430285,2237.726861685573,0.0,2237.726861685573,2237.8589994610074,2237.663019240684,2237.792188469011,2237.726861685573,2237.7593395430285,2237.8254084471782,2237.792188469011,2237.8254084471782,0.0,2237.726861685573,2237.8254084471782,0.0,2237.8589994610074,2237.8254084471782,2237.7593395430285,2237.726861685573,2237.663019240684,2237.8254084471782,2237.8589994610074,2237.792188469011,2237.8589994610074,2237.8254084471782,2237.7593395430285,2237.8254084471782,2237.726861685573,2237.7593395430285,2237.7593395430285,2237.7593395430285,2237.7593395430285,2237.8589994610074,2237.8254084471782,2237.8589994610074,2237.7593395430285,0.0,2237.792188469011,2237.8254084471782,2237.792188469011,2237.792188469011,2237.6947549128004,2237.792188469011,2237.792188469011,2237.726861685573,2237.6006612613974,2237.726861685573,2237.7593395430285,2237.792188469011,2237.6316546850153,2237.6947549128004,2237.726861685573,2237.726861685573,2237.7593395430285,2237.663019240684,2237.8254084471782,2237.8254084471782,2237.663019240684,2237.663019240684,2237.7593395430285,2237.792188469011,2237.726861685573,2237.7593395430285,2237.663019240684,2237.8589994610074,2237.8589994610074,0.0,0.0,0.0,2237.8589994610074,0.0,2237.8589994610074,2237.8589994610074,0.0,0.0,2237.8589994610074,0.0,0.0,2237.8254084471782,0.0,2237.8589994610074,0.0,0.0,0.0,0.0,2237.8589994610074,2237.8589994610074,2237.8589994610074,0.0,0.0,2237.8589994610074,0.0,0.0,0.0,0.0,0.0,0.0,0.0,0.0,0.0,2237.8589994610074,0.0,0.0,0.0,0.0,0.0,2237.8254084471782,0.0,0.0,0.0,0.0,2237.8254084471782,0.0,0.0,0.0,0.0,0.0,0.0,0.0,0.0,2237.8589994610074,0.0,2237.8589994610074,2237.8589994610074,2237.8589994610074,0.0,0.0,0.0,0.0,0.0,0.0,0.0,0.0,0.0,2237.8254084471782,0.0,2237.8254084471782,0.0,0.0,0.0,2237.8589994610074,0.0,2237.8589994610074,0.0,0.0,0.0,2237.8589994610074,0.0,2237.8589994610074,0.0,0.0,0.0,0.0,0.0,0.0,0.0,0.0,0.0
0.0,2237.8589994610074,0.0,2237.8589994610074,0.0,0.0,0.0,0.0,0.0,2237.8254084471782,2237.8589994610074,0.0,0.0,0.0,0.0,0.0,0.0,0.0,0.0,0.0,2237.8589994610074,0.0,0.0,0.0,2237.8254084471782,0.0,0.0,0.0,2237.8254084471782,0.0,0.0,0.0,0.0,0.0,0.0,0.0,0.0,0.0,0.0,2237.8589994610074,0.0,0.0,2237.8589994610074,0.0,0.0,2237.8589994610074,2237.8254084471782,0.0,0.0,0.0,2237.8589994610074,2237.8589994610074,0.0,2237.792188469011,0.0,0.0,0.0,0.0,0.0,0.0,0.0,0.0,0.0,0.0,2237.8589994610074,0.0,0.0,0.0,0.0,0.0,0.0,2237.8589994610074,2237.8589994610074,0.0,0.0,0.0,2237.8589994610074,0.0,2237.8589994610074,0.0,2237.792188469011,2237.8254084471782,2237.792188469011,0.0,2237.726861685573,0.0,0.0,2237.792188469011,2237.8589994610074,2237.8589994610074,2237.792188469011,0.0,2237.8589994610074,2237.8254084471782,0.0,2237.8254084471782,2237.726861685573,2237.8254084471782,0.0,2237.8254084471782,2237.8254084471782,2237.8589994610074,2237.726861685573,2237.8254084471782,2237.792188469011,2237.8589994610074,2237.8254084471782,2237.8254084471782,2237.7593395430285,0.0,2237.726861685573,2237.8254084471782,2237.8589994610074,2237.7593395430285,2237.792188469011,2237.8254084471782,2237.8254084471782,2237.7593395430285,2237.7593395430285,2237.7593395430285,2237.8589994610074,0.0,0.0,0.0,2237.8254084471782,2237.7593395430285,2237.8589994610074,2237.8589994610074,2237.8254084471782,0.0,2237.8589994610074,2237.8254084471782,2237.792188469011,2237.8254084471782,2237.792188469011,2237.726861685573,2237.8254084471782,2237.726861685573,2237.792188469011,0.0,2237.792188469011,2237.7593395430285,2237.6316546850153,2237.7593395430285,0.0,2237.6947549128004,2237.726861685573,2237.6316546850153,2237.6316546850153,2237.7593395430285,2237.792188469011,2237.7593395430285,2237.6947549128004,2237.792188469011,2237.792188469011,2237.6316546850153,2237.663019240684,2237.7593395430285,2237.663019240684,2237.726861685573,2237.8589994610074,2237.7593395430285,2237.792188469011,0.0,2237.8589994610074,2237.8589994610074,2237.8589994610074,2237.8589994610074,2237.8589994610074,0.0,0.0,2237.8589994610074,0.0,0.0,0.0,0.0,0.0,0.0,2237.8589994610074,0.0,0.0,2237.8254084471782,0.0,0.0,2237.8589994610074,2237.8589994610074,0.0,0.0,0.0,0.0,2237.8589994610074,0.0,0.0,0.0,0.0,0.0,0.0,0.0,0.0,0.0,0.0,0.0,0.0,0.0,0.0,2237.8589994610074,0.0,0.0,0.0,2237.8254084471782,0.0,0.0,0.0,0.0,0.0,0.0,2237.8589994610074,0.0,0.0,2237.8589994610074,0.0,0.0,0.0,0.0,2237.8254084471782,0.0,0.0,2237.8589994610074,2237.8589994610074,0.0,0.0,2237.8589994610074,0.0,0.0,0.0,0.0,0.0,0.0,0.0,2237.8589994610074,2237.8589994610074,0.0,2237.8589994610074,2237.8589994610074,2237.792188469011,0.0,0.0,0.0,0.0,0.0,0.0,0.0,0.0,2237.8254084471782,0.0,2237.8589994610074
0.0,0.0,0.0,0.0,0.0,0.0,0.0,0.0,0.0,0.0,0.0,0.0,0.0,2237.8254084471782,2237.8589994610074,0.0,0.0,2237.8589994610074,0.0,0.0,0.0,0.0,0.0,0.0,0.0,0.0,0.0,0.0,0.0,2237.8254084471782,0.0,0.0,0.0,0.0,2237.8589994610074,0.0,0.0,0.0,2237.8589994610074,0.0,0.0,0.0,0.0,0.0,0.0,0.0,0.0,0.0,0.0,0.0,0.0,0.0,0.0,0.0,0.0,0.0,2237.8589994610074,0.0,0.0,0.0,0.0,0.0,0.0,0.0,2237.8589994610074,0.0,0.0,2237.8589994610074,0.0,0.0,0.0,0.0,2237.8589994610074,0.0,2237.8254084471782,2237.8589994610074,0.0,2237.8254084471782,2237.8589994610074,2237.8589994610074,0.0,0.0,2237.8589994610074,2237.8589994610074,0.0,2237.8254084471782,0.0,2237.726861685573,2237.792188469011,0.0,2237.8589994610074,2237.7593395430285,2237.7593395430285,2237.792188469011,0.0,2237.792188469011,2237.792188469011,2237.8254084471782,2237.7593395430285,2237.8589994610074,2237.8589994610074,2237.8589994610074,2237.792188469011,0.0,2237.792188469011,2237.792188469011,2237.792188469011,2237.7593395430285,2237.792188469011,0.0,2237.8254084471782,2237.8254084471782,2237.792188469011,2237.7593395430285,2237.792188469011,2237.8589994610074,2237.8589994610074,2237.8254084471782,2237.726861685573,2237.726861685573,2237.726861685573,2237.8589994610074,2237.8589994610074,0.0,2237.7593395430285,2237.8589994610074,2237.8589994610074,2237.8589994610074,2237.8589994610074,2237.8589994610074,2237.792188469011,2237.7593395430285,2237.8589994610074,2237.8589994610074,2237.7593395430285,2237.8589994610074,2237.8254084471782,2237.8254084471782,2237.7593395430285,2237.8254084471782,2237.7593395430285,2237.792188469011,2237.7593395430285,2237.663019240684,2237.6947549128004,2237.726861685573,2237.7593395430285,2237.663019240684,2237.792188469011,2237.6316546850153,2237.8589994610074,2237.8254084471782,2237.7593395430285,2237.6947549128004,2237.663019240684,2237.6947549128004,2237.726861685573,2237.7593395430285,2237.7593395430285,2237.726861685573,2237.792188469011,2237.792188469011,2237.8254084471782,2237.8589994610074,2237.792188469011,0.0,2237.8589994610074,0.0,0.0,2237.8254084471782,2237.8254084471782,2237.8589994610074,2237.8589994610074,0.0,0.0,0.0,0.0,2237.8589994610074,0.0,0.0,0.0,0.0,0.0,0.0,0.0,0.0,0.0,0.0,0.0,0.0,0.0,0.0,0.0,0.0,0.0,2237.8589994610074,2237.8589994610074,0.0,0.0,0.0,2237.8254084471782,0.0,0.0,0.0,0.0,0.0,0.0,0.0,2237.8254084471782,0.0,0.0,0.0,0.0,0.0,0.0,0.0,0.0,2237.8589994610074,0.0,2237.8254084471782,0.0,2237.8589994610074,0.0,0.0,0.0,2237.8589994610074,0.0,0.0,0.0,2237.8589994610074,0.0,0.0,0.0,2237.8254084471782,0.0,0.0,0.0,0.0,0.0,0.0,0.0,0.0,0.0,0.0,0.0,0.0,2237.8589994610074,0.0,0.0,0.0,2237.8589994610074,2237.8589994610074,0.0,0.0,2237.8589994610074,0.0
0.0,0.0,0.0,2237.8589994610074,0.0,0.0,0.0,0.0,2237.8589994610074,2237.8589994610074,0.0,0.0,0.0,2237.8589994610074,0.0,2237.8589994610074,0.0,2237.8589994610074,0.0,0.0,0.0,0.0,0.0,0.0,0.0,2237.8589994610074,2237.8589994610074,0.0,0.0,0.0,2237.8589994610074,2237.8589994610074,2237.8589994610074,0.0,0.0,2237.8254084471782,0.0,0.0,0.0,0.0,2237.8589994610074,0.0,0.0,0.0,0.0,2237.8589994610074,0.0,2237.8254084471782,2237.8254084471782,0.0,0.0,0.0,0.0,0.0,0.0,0.0,0.0,0.0,0.0,0.0,2237.8589994610074,2237.8589994610074,0.0,2237.8254084471782,0.0,0.0,0.0,0.0,0.0,2237.8589994610074,0.0,0.0,0.0,0.0,2237.8254084471782,0.0,2237.8589994610074,0.0,0.0,2237.8589994610074,0.0,2237.8589994610074,0.0,2237.792188469011,2237.8254084471782,2237.8589994610074,2237.792188469011,2237.8254084471782,2237.7593395430285,2237.8254084471782,0.0,2237.8254084471782,2237.8589994610074,2237.7593395430285,2237.8589994610074,2237.8254084471782,2237.8254084471782,2237.792188469011,2237.8254084471782,2237.7593395430285,2237.8589994610074,2237.8254084471782,2237.8254084471782,2237.8254084471782,2237.8589994610074,2237.7593395430285,2237.792188469011,2237.8254084471782,2237.8589994610074,2237.8589994610074,0.0,2237.726861685573,2237.792188469011,2237.8589994610074,2237.8254084471782,2237.792188469011,2237.8254084471782,2237.8254084471782,2237.6947549128004,2237.8589994610074,2237.8254084471782,2237.726861685573,0.0,2237.8254084471782,2237.8254084471782,2237.8589994610074,0.0,2237.8589994610074,2237.8254084471782,2237.8254084471782,0.0,2237.792188469011,2237.7593395430285,2237.792188469011,2237.8589994610074,2237.792188469011,2237.792188469011,2237.8254084471782,2237.8254084471782,2237.7593395430285,2237.792188469011,2237.7593395430285,2237.792188469011,2237.792188469011,2237.7593395430285,2237.792188469011,2237.726861685573,2237.7593395430285,2237.8589994610074,2237.792188469011,2237.792188469011,2237.6947549128004,2237.6316546850153,2237.726861685573,2237.8254084471782,2237.726861685573,2237.8589994610074,2237.7593395430285,2237.792188469011,2237.8589994610074,2237.8254084471782,0.0,0.0,0.0,0.0,2237.8589994610074,0.0,0.0,2237.8589994610074,0.0,2237.8254084471782,0.0,2237.8254084471782,0.0,0.0,0.0,0.0,0.0,0.0,0.0,2237.8589994610074,0.0,2237.8589994610074,0.0,0.0,0.0,0.0,0.0,0.0,0.0,0.0,0.0,0.0,2237.8589994610074,2237.8589994610074,2237.8589994610074,0.0,0.0,2237.8589994610074,0.0,0.0,0.0,2237.8589994610074,0.0,0.0,0.0,0.0,2237.8589994610074,0.0,0.0,0.0,0.0,0.0,0.0,0.0,0.0,2237.8589994610074,0.0,0.0,0.0,0.0,0.0,0.0,0.0,2237.8254084471782,0.0,2237.792188469011,0.0,2237.8589994610074,0.0,0.0,0.0,2237.8589994610074,0.0,2237.8589994610074,0.0,0.0,0.0,0.0,0.0,2237.8254084471782,0.0,2237.8589994610074,2237.8589994610074,0.0,0.0,2237.8254084471782,0.0,2237.8589994610074,0.0,0.0,0.0,0.0,0.0,0.0,0.0
0.0,0.0,0.0,0.0,0.0,0.0,0.0,0.0,0.0,2237.8589994610074,0.0,0.0,0.0,2237.8254084471782,0.0,0.0,0.0,2237.8589994610074,0.0,2237.8589994610074,0.0,0.0,2237.8589994610074,2237.8254084471782,0.0,2237.792188469011,0.0,2237.8589994610074,2237.8589994610074,2237.8254084471782,0.0,2237.8589994610074,0.0,0.0,0.0,2237.8589994610074,0.0,0.0,2237.8589994610074,0.0,2237.8589994610074,0.0,0.0,2237.8589994610074,0.0,0.0,0.0,0.0,0.0,0.0,0.0,0.0,0.0,2237.8589994610074,0.0,2237.8254084471782,0.0,0.0,0.0,0.0,2237.8589994610074,0.0,0.0,0.0,0.0,0.0,0.0,2237.8589994610074,0.0,0.0,0.0,2237.8589994610074,0.0,0.0,0.0,0.0,0.0,0.0,2237.792188469011,2237.8254084471782,0.0,0.0,2237.8589994610074,0.0,0.0,2237.7593395430285,2237.7593395430285,2237.8254084471782,2237.792188469011,0.0,0.0,0.0,0.0,2237.7593395430285,0.0,2237.792188469011,2237.8254084471782,2237.792188469011,2237.792188469011,2237.8589994610074,2237.8589994610074,0.0,0.0,0.0,2237.792188469011,0.0,2237.6947549128004,2237.8589994610074,2237.8589994610074,2237.8589994610074,2237.8254084471782,2237.8254084471782,2237.7593395430285,2237.8254084471782,2237.8254084471782,2237.8254084471782,0.0,2237.792188469011,2237.8589994610074,2237.8254084471782,2237.8589994610074,2237.792188469011,2237.8254084471782,2237.8254084471782,2237.8589994610074,2237.8589994610074,2237.7593395430285,0.0,0.0,2237.8254084471782,2237.6947549128004,2237.792188469011,2237.8254084471782,2237.8254084471782,2237.8254084471782,2237.8589994610074,0.0,0.0,2237.8589994610074,2237.8589994610074,2237.792188469011,2237.792188469011,2237.8254084471782,2237.7593395430285,2237.792188469011,2237.792188469011,2237.663019240684,2237.7593395430285,2237.8589994610074,2237.792188469011,2237.792188469011,2237.8589994610074,2237.8589994610074,2237.6947549128004,2237.663019240684,2237.8254084471782,2237.792188469011,2237.792188469011,2237.8589994610074,2237.8254084471782,0.0,2237.8589994610074,2237.8589994610074,0.0,0.0,2237.8589994610074,0.0,0.0,0.0,2237.8254084471782,0.0,2237.8589994610074,2237.8589994610074,0.0,2237.8589994610074,2237.8589994610074,0.0,0.0,0.0,0.0,0.0,0.0,0.0,0.0,0.0,0.0,0.0,2237.8589994610074,0.0,0.0,0.0,0.0,2237.8589994610074,2237.8589994610074,0.0,2237.8589994610074,2237.8589994610074,0.0,2237.8589994610074,2237.8589994610074,2237.8589994610074,2237.8589994610074,0.0,2237.8589994610074,0.0,0.0,0.0,0.0,0.0,2237.8589994610074,0.0,0.0,2237.8589994610074,0.0,2237.8589994610074,0.0,0.0,0.0,0.0,0.0,2237.8589994610074,0.0,0.0,2237.8589994610074,2237.8589994610074,0.0,0.0,0.0,2237.8254084471782,0.0,0.0,0.0,0.0,0.0,0.0,0.0,0.0,0.0,0.0,0.0,0.0,0.0,2237.8589994610074,2237.8589994610074,0.0,2237.8589994610074,2237.8589994610074,0.0,2237.8254084471782,0.0,2237.8589994610074,2237.8589994610074,0.0,0.0,0.0,0.0
0.0,0.0,2237.8589994610074,0.0,0.0,0.0,2237.8589994610074,0.0,0.0,0.0,0.0,0.0,0.0,0.0,0.0,0.0,2237.8254084471782,0.0,0.0,0.0,2237.8589994610074,0.0,0.0,0.0,0.0,0.0,2237.8589994610074,0.0,0.0,0.0,0.0,0.0,0.0,0.0,0.0,0.0,2237.8589994610074,0.0,0.0,2237.8589994610074,0.0,0.0,0.0,0.0,0.0,0.0,2237.792188469011,0.0,0.0,2237.8589994610074,2237.8589994610074,2237.8254084471782,0.0,0.0,2237.8254084471782,0.0,2237.8589994610074,0.0,0.0,2237.8254084471782,0.0,0.0,0.0,0.0,0.0,2237.8589994610074,2237.8589994610074,0.0,0.0,0.0,0.0,0.0,2237.8254084471782,0.0,0.0,0.0,0.0,2237.8589994610074,0.0,0.0,0.0,0.0,2237.8589994610074,0.0,2237.8589994610074,0.0,2237.8589994610074,2237.8589994610074,2237.8589994610074,2237.8589994610074,2237.8589994610074,2237.726861685573,2237.8254084471782,2237.8589994610074,2237.8254084471782,2237.8254084471782,2237.7593395430285,2237.8254084471782,2237.8589994610074,2237.8589994610074,0.0,2237.8254084471782,2237.8589994610074,2237.8589994610074,2237.8589994610074,0.0,2237.8254084471782,2237.8589994610074,2237.8589994610074,2237.7593395430285,2237.792188469011,2237.8589994610074,2237.7593395430285,0.0,2237.8589994610074,2237.7593395430285,2237.8254084471782,2237.8254084471782,2237.8589994610074,2237.792188469011,2237.8589994610074,2237.8589994610074,2237.8254084471782,2237.8589994610074,2237.7593395430285,2237.8589994610074,2237.8589994610074,2237.8254084471782,2237.8254084471782,2237.792188469011,2237.8589994610074,2237.792188469011,2237.8254084471782,0.0,2237.8254084471782,2237.8589994610074,2237.8254084471782,2237.8254084471782,2237.8589994610074,2237.792188469011,2237.8589994610074,2237.8589994610074,2237.7593395430285,2237.792188469011,2237.8589994610074,2237.8589994610074,2237.8589994610074,2237.8254084471782,2237.792188469011,2237.7593395430285,0.0,2237.792188469011,2237.8254084471782,2237.8254084471782,2237.8589994610074,0.0,0.0,2237.8589994610074,0.0,0.0,0.0,0.0,0.0,0.0,0.0,0.0,0.0,2237.8589994610074,2237.8254084471782,0.0,0.0,0.0,0.0,0.0,0.0,0.0,0.0,2237.8589994610074,0.0,0.0,0.0,0.0,0.0,0.0,2237.8589994610074,0.0,0.0,0.0,0.0,0.0,0.0,0.0,0.0,2237.8589994610074,2237.792188469011,0.0,0.0,0.0,0.0,0.0,0.0,0.0,0.0,2237.8589994610074,2237.8589994610074,2237.8589994610074,0.0,0.0,0.0,2237.8254084471782,0.0,0.0,0.0,2237.8589994610074,0.0,0.0,2237.8589994610074,0.0,0.0,2237.8589994610074,0.0,0.0,0.0,0.0,0.0,0.0,0.0,2237.8589994610074,0.0,2237.8589994610074,0.0,0.0,2237.8589994610074,2237.8589994610074,2237.8589994610074,0.0,0.0,0.0,2237.8589994610074,0.0,0.0,0.0,0.0,2237.8589994610074,2237.8589994610074,0.0,2237.8589994610074,0.0,0.0,0.0,2237.8589994610074,0.0,0.0,0.0,0.0,0.0
0.0,0.0,2237.8589994610074,0.0,0.0,0.0,0.0,0.0,2237.8589994610074,0.0,0.0,0.0,0.0,2237.8589994610074,0.0,0.0,0.0,2237.8589994610074,0.0,0.0,2237.8589994610074,0.0,0.0,0.0,0.0,0.0,0.0,2237.8589994610074,2237.792188469011,0.0,0.0,0.0,2237.8589994610074,0.0,0.0,2237.8589994610074,0.0,0.0,0.0,2237.8589994610074,2237.8589994610074,0.0,0.0,0.0,0.0,0.0,0.0,2237.8589994610074,0.0,2237.8589994610074,2237.8589994610074,0.0,0.0,0.0,0.0,0.0,0.0,2237.8589994610074,0.0,0.0,2237.8589994610074,0.0,2237.8589994610074,0.0,2237.8589994610074,0.0,0.0,0.0,0.0,0.0,2237.8589994610074,0.0,2237.8254084471782,2237.8589994610074,0.0,0.0,2237.8589994610074,0.0,0.0,0.0,2237.8589994610074,0.0,0.0,0.0,2237.8589994610074,2237.8589994610074,2237.8589994610074,2237.8254084471782,0.0,2237.8254084471782,2237.8589994610074,2237.8589994610074,2237.8254084471782,2237.8254084471782,0.0,0.0,2237.8589994610074,0.0,2237.8589994610074,0.0,0.0,2237.8589994610074,2237.8589994610074,2237.792188469011,2237.8254084471782,2237.792188469011,2237.8589994610074,2237.8254084471782,2237.8254084471782,2237.8254084471782,2237.8589994610074,2237.792188469011,2237.8589994610074,2237.8589994610074,2237.726861685573,2237.7593395430285,0.0,2237.8254084471782,2237.8254084471782,2237.8254084471782,2237.726861685573,2237.792188469011,0.0,2237.8254084471782,0.0,2237.8589994610074,2237.8254084471782,2237.8254084471782,2237.792188469011,2237.8589994610074,2237.7593395430285,2237.7593395430285,2237.8589994610074,2237.8589994610074,0.0,2237.8254084471782,2237.8589994610074,0.0,2237.8254084471782,2237.8589994610074,2237.7593395430285,2237.8254084471782,2237.7593395430285,2237.7593395430285,2237.8589994610074,2237.7593395430285,2237.792188469011,2237.8254084471782,2237.8589994610074,2237.8589994610074,2237.8589994610074,2237.8589994610074,2237.8254084471782,2237.8589994610074,2237.8254084471782,0.0,0.0,0.0,2237.8254084471782,0.0,2237.8589994610074,2237.8589994610074,0.0,0.0,0.0,2237.8589994610074,0.0,0.0,0.0,0.0,2237.8589994610074,0.0,0.0,0.0,0.0,2237.8254084471782,2237.8589994610074,0.0,0.0,2237.8589994610074,0.0,2237.8589994610074,0.0,2237.8589994610074,0.0,0.0,0.0,2237.8254084471782,2237.8589994610074,0.0,0.0,0.0,0.0,0.0,0.0,0.0,0.0,0.0,0.0,0.0,0.0,2237.8254084471782,0.0,0.0,0.0,0.0,0.0,0.0,2237.8589994610074,2237.8589994610074,2237.8589994610074,0.0,0.0,0.0,0.0,0.0,0.0,2237.8589994610074,2237.8589994610074,0.0,0.0,0.0,0.0,0.0,0.0,0.0,0.0,0.0,0.0,0.0,0.0,0.0,0.0,0.0,0.0,2237.8589994610074,0.0,2237.8589994610074,2237.8589994610074,0.0,0.0,0.0,0.0,0.0,0.0,0.0,2237.8589994610074,0.0,0.0,2237.8589994610074,0.0,0.0,0.0,0.0,0.0,0.0
0.0,2237.8589994610074,0.0,0.0,0.0,0.0,0.0,2237.8589994610074,0.0,0.0,0.0,0.0,0.0,0.0,0.0,0.0,0.0,2237.8589994610074,0.0,0.0,0.0,0.0,0.0,0.0,0.0,0.0,0.0,0.0,0.0,0.0,0.0,0.0,2237.8589994610074,0.0,0.0,2237.8589994610074,0.0,0.0,0.0,0.0,0.0,2237.8589994610074,2237.8589994610074,0.0,0.0,2237.8589994610074,2237.8589994610074,0.0,0.0,0.0,0.0,0.0,0.0,2237.8589994610074,2237.8589994610074,0.0,0.0,0.0,0.0,0.0,2237.8254084471782,2237.8589994610074,2237.8589994610074,2237.8589994610074,0.0,2237.8589994610074,0.0,2237.8589994610074,0.0,2237.8589994610074,2237.8589994610074,2237.8589994610074,2237.8589994610074,0.0,0.0,0.0,0.0,0.0,0.0,0.0,0.0,0.0,2237.8589994610074,2237.8589994610074,2237.8589994610074,0.0,0.0,2237.792188469011,2237.8589994610074,2237.792188469011,2237.8254084471782,2237.792188469011,2237.7593395430285,2237.792188469011,2237.8254084471782,2237.792188469011,2237.8254084471782,2237.8589994610074,2237.8589994610074,2237.8589994610074,2237.792188469011,2237.8589994610074,2237.8254084471782,2237.726861685573,2237.8254084471782,2237.792188469011,2237.8589994610074,0.0,0.0,2237.792188469011,0.0,2237.8589994610074,0.0,2237.792188469011,2237.8589994610074,2237.8254084471782,0.0,0.0,2237.7593395430285,2237.726861685573,0.0,2237.8589994610074,0.0,2237.8254084471782,2237.8589994610074,2237.792188469011,2237.8254084471782,2237.8589994610074,2237.792188469011,2237.8254084471782,0.0,2237.792188469011,0.0,2237.792188469011,0.0,0.0,2237.8254084471782,2237.8254084471782,2237.8254084471782,2237.8254084471782,2237.8254084471782,2237.8254084471782,2237.8254084471782,2237.8254084471782,2237.792188469011,2237.8589994610074,2237.792188469011,2237.8589994610074,2237.8589994610074,0.0,0.0,0.0,0.0,0.0,0.0,0.0,0.0,2237.8254084471782,2237.8589994610074,0.0,2237.8589994610074,0.0,2237.8589994610074,0.0,0.0,2237.8254084471782,2237.8254084471782,0.0,2237.8589994610074,0.0,2237.8589994610074,2237.8589994610074,0.0,0.0,2237.8254084471782,0.0,0.0,0.0,0.0,0.0,0.0,0.0,0.0,0.0,0.0,0.0,0.0,2237.8589994610074,0.0,0.0,2237.8589994610074,0.0,0.0,0.0,0.0,0.0,0.0,0.0,0.0,0.0,0.0,0.0,2237.8589994610074,0.0,0.0,2237.8589994610074,0.0,0.0,2237.8589994610074,2237.8589994610074,0.0,0.0,0.0,0.0,0.0,2237.8589994610074,0.0,0.0,0.0,0.0,2237.8589994610074,0.0,0.0,2237.8589994610074,0.0,0.0,0.0,2237.8589994610074,2237.8589994610074,2237.8589994610074,2237.8589994610074,0.0,0.0,0.0,0.0,2237.8589994610074,2237.8589994610074,0.0,2237.8254084471782,2237.8589994610074,2237.8589994610074,2237.8589994610074,0.0,0.0,2237.8589994610074,2237.8589994610074,0.0,0.0,0.0,0.0,0.0,0.0,0.0,0.0,2237.8589994610074,2237.8589994610074
0.0,2237.8589994610074,0.0,0.0,0.0,0.0,0.0,0.0,0.0,0.0,0.0,2237.8589994610074,0.0,0.0,2237.8589994610074,0.0,0.0,0.0,0.0,0.0,0.0,0.0,0.0,0.0,0.0,0.0,0.0,0.0,2237.8589994610074,0.0,0.0,0.0,0.0,0.0,0.0,0.0,0.0,0.0,0.0,0.0,0.0,2237.8589994610074,2237.8589994610074,0.0,0.0,2237.8589994610074,0.0,0.0,0.0,0.0,0.0,0.0,0.0,0.0,0.0,2237.8589994610074,0.0,0.0,0.0,2237.8589994610074,0.0,2237.8589994610074,0.0,2237.8589994610074,0.0,0.0,0.0,0.0,2237.8589994610074,0.0,2237.8589994610074,0.0,2237.8589994610074,0.0,0.0,2237.8589994610074,0.0,2237.8254084471782,2237.8589994610074,0.0,2237.8589994610074,2237.8589994610074,0.0,0.0,2237.8589994610074,2237.8589994610074,2237.8254084471782,0.0,2237.8589994610074,2237.8254084471782,2237.8254084471782,2237.8254084471782,2237.8589994610074,2237.8589994610074,2237.8254084471782,2237.8589994610074,0.0,0.0,2237.8589994610074,2237.8254084471782,2237.8254084471782,2237.8589994610074,0.0,2237.792188469011,2237.7593395430285,2237.8589994610074,2237.8254084471782,2237.8254084471782,2237.8589994610074,2237.8254084471782,2237.8589994610074,2237.8254084471782,0.0,2237.8589994610074,0.0,0.0,0.0,2237.8254084471782,2237.8589994610074,0.0,0.0,0.0,0.0,0.0,2237.8254084471782,2237.8589994610074,0.0,2237.8589994610074,2237.8589994610074,2237.8254084471782,2237.8254084471782,0.0,2237.8254084471782,2237.792188469011,2237.8254084471782,0.0,2237.8589994610074,0.0,2237.8589994610074,2237.8589994610074,2237.8589994610074,2237.8589994610074,2237.8589994610074,2237.8254084471782,2237.792188469011,2237.792188469011,2237.8254084471782,2237.8254084471782,2237.8254084471782,0.0,0.0,2237.8254084471782,0.0,0.0,0.0,0.0,0.0,0.0,2237.8589994610074,2237.8589994610074,2237.8589994610074,0.0,0.0,2237.8589994610074,0.0,2237.8254084471782,0.0,0.0,0.0,0.0,2237.8589994610074,2237.8589994610074,2237.8589994610074,0.0,2237.8254084471782,0.0,0.0,2237.8254084471782,0.0,2237.8589994610074,0.0,2237.8254084471782,0.0,0.0,0.0,2237.8589994610074,0.0,0.0,0.0,2237.8589994610074,0.0,0.0,0.0,0.0,0.0,0.0,0.0,0.0,0.0,0.0,0.0,2237.8254084471782,0.0,0.0,0.0,0.0,0.0,0.0,0.0,2237.8589994610074,2237.8589994610074,0.0,2237.8589994610074,0.0,0.0,0.0,0.0,0.0,0.0,0.0,2237.8254084471782,0.0,0.0,0.0,0.0,0.0,0.0,2237.792188469011,0.0,0.0,0.0,0.0,2237.8589994610074,2237.8589994610074,2237.8589994610074,2237.8589994610074,0.0,0.0,0.0,0.0,0.0,2237.8254084471782,2237.8589994610074,2237.8254084471782,0.0,0.0,0.0,0.0,0.0,0.0,0.0,0.0,2237.8589994610074,0.0,0.0,0.0
0.0,0.0,0.0,0.0,0.0,0.0,0.0,0.0,0.0,0.0,0.0,2237.8589994610074,0.0,0.0,0.0,0.0,0.0,0.0,2237.8589994610074,0.0,0.0,0.0,2237.8589994610074,2237.8589994610074,0.0,0.0,0.0,0.0,2237.8589994610074,0.0,0.0,0.0,0.0,0.0,0.0,0.0,0.0,0.0,0.0,2237.8589994610074,0.0,2237.792188469011,2237.8589994610074,0.0,0.0,2237.8589994610074,2237.8589994610074,0.0,0.0,0.0,0.0,2237.8589994610074,0.0,0.0,0.0,0.0,0.0,0.0,0.0,0.0,2237.8254084471782,2237.8589994610074,0.0,0.0,2237.8589994610074,0.0,2237.8589994610074,0.0,2237.8589994610074,2237.8589994610074,2237.8589994610074,2237.792188469011,0.0,0.0,2237.8254084471782,0.0,0.0,0.0,0.0,2237.8589994610074,0.0,0.0,0.0,0.0,2237.8589994610074,2237.792188469011,0.0,2237.8589994610074,2237.792188469011,2237.8254084471782,2237.8589994610074,2237.8589994610074,2237.792188469011,0.0,2237.8589994610074,2237.8589994610074,2237.8589994610074,2237.8589994610074,0.0,2237.8589994610074,2237.726861685573,2237.8589994610074,0.0,2237.8589994610074,2237.8254084471782,0.0,2237.8254084471782,2237.8589994610074,2237.8589994610074,2237.8589994610074,2237.8589994610074,2237.8589994610074,2237.792188469011,2237.8254084471782,0.0,2237.8589994610074,2237.8589994610074,0.0,2237.792188469011,2237.8589994610074,2237.8589994610074,2237.792188469011,0.0,2237.8589994610074,2237.8254084471782,2237.8254084471782,2237.8254084471782,2237.8254084471782,2237.8589994610074,2237.8589994610074,2237.8254084471782,2237.8254084471782,2237.8589994610074,2237.8254084471782,0.0,0.0,0.0,2237.8254084471782,2237.792188469011,2237.8589994610074,2237.792188469011,2237.792188469011,2237.792188469011,2237.8589994610074,2237.8254084471782,2237.792188469011,2237.792188469011,2237.8254084471782,2237.7593395430285,0.0,2237.8589994610074,0.0,0.0,2237.8589994610074,0.0,0.0,0.0,2237.8254084471782,0.0,0.0,0.0,2237.8589994610074,0.0,0.0,0.0,2237.8254084471782,0.0,2237.8589994610074,2237.8589994610074,2237.8589994610074,0.0,2237.8589994610074,0.0,0.0,0.0,0.0,2237.8254084471782,0.0,2237.8589994610074,0.0,0.0,2237.8589994610074,0.0,0.0,0.0,0.0,0.0,2237.8254084471782,0.0,2237.8589994610074,2237.8589994610074,0.0,0.0,0.0,0.0,0.0,0.0,0.0,0.0,0.0,2237.8589994610074,0.0,0.0,0.0,0.0,0.0,0.0,2237.792188469011,0.0,0.0,2237.8589994610074,0.0,2237.8589994610074,0.0,0.0,0.0,2237.8589994610074,0.0,0.0,0.0,0.0,2237.8254084471782,2237.8254084471782,0.0,2237.8589994610074,0.0,0.0,0.0,2237.8589994610074,0.0,0.0,2237.8589994610074,0.0,2237.8589994610074,2237.8589994610074,0.0,2237.8589994610074,0.0,2237.8589994610074,0.0,2237.792188469011,0.0,0.0,0.0,0.0,2237.8589994610074,0.0,0.0,2237.8589994610074,0.0,0.0,0.0,0.0,0.0,2237.8589994610074,0.0
2237.8589994610074,0.0,2237.8589994610074,2237.792188469011,2237.8589994610074,0.0,0.0,0.0,0.0,0.0,0.0,0.0,0.0,2237.8589994610074,0.0,0.0,0.0,0.0,0.0,2237.8589994610074,0.0,0.0,0.0,2237.8589994610074,2237.8589994610074,0.0,2237.8589994610074,0.0,2237.8589994610074,0.0,0.0,0.0,0.0,2237.8589994610074,0.0,0.0,0.0,0.0,2237.8589994610074,0.0,0.0,0.0,0.0,0.0,2237.8589994610074,2237.8589994610074,0.0,0.0,0.0,2237.8589994610074,0.0,2237.8254084471782,0.0,0.0,0.0,0.0,0.0,0.0,0.0,2237.8589994610074,0.0,0.0,2237.8589994610074,2237.8589994610074,0.0,2237.8589994610074,0.0,0.0,2237.8589994610074,0.0,0.0,0.0,0.0,0.0,2237.8589994610074,0.0,0.0,0.0,0.0,0.0,0.0,2237.8589994610074,2237.8589994610074,0.0,2237.8254084471782,2237.8589994610074,2237.8589994610074,2237.8589994610074,2237.8589994610074,2237.8589994610074,2237.8254084471782,0.0,2237.792188469011,2237.8589994610074,0.0,0.0,2237.8254084471782,2237.8254084471782,2237.8589994610074,0.0,2237.726861685573,2237.7593395430285,2237.8589994610074,2237.8589994610074,2237.8254084471782,2237.8589994610074,2237.792188469011,2237.7593395430285,2237.8589994610074,2237.8254084471782,2237.792188469011,0.0,2237.8589994610074,2237.8254084471782,2237.8254084471782,2237.8589994610074,2237.8589994610074,2237.8254084471782,2237.8589994610074,0.0,2237.8589994610074,2237.8589994610074,2237.8589994610074,0.0,0.0,2237.8589994610074,0.0,2237.8254084471782,0.0,2237.8589994610074,0.0,0.0,2237.8589994610074,0.0,0.0,0.0,2237.8254084471782,2237.8589994610074,0.0,2237.8589994610074,2237.8254084471782,2237.8254084471782,2237.8589994610074,0.0,0.0,2237.792188469011,2237.8589994610074,2237.792188469011,2237.8589994610074,2237.8589994610074,2237.8589994610074,2237.8589994610074,2237.8589994610074,2237.8589994610074,2237.8589994610074,0.0,0.0,0.0,0.0,0.0,0.0,0.0,0.0,0.0,0.0,2237.8589994610074,0.0,2237.8254084471782,0.0,0.0,0.0,0.0,0.0,0.0,2237.8589994610074,0.0,2237.8589994610074,0.0,0.0,0.0,0.0,0.0,2237.8589994610074,0.0,0.0,0.0,2237.8589994610074,0.0,0.0,0.0,0.0,2237.8589994610074,2237.8589994610074,0.0,0.0,0.0,2237.8589994610074,2237.8589994610074,2237.8589994610074,0.0,0.0,0.0,0.0,0.0,0.0,0.0,2237.8589994610074,0.0,0.0,0.0,2237.8254084471782,0.0,0.0,0.0,2237.8589994610074,0.0,0.0,2237.8589994610074,0.0,2237.8589994610074,2237.8589994610074,2237.8589994610074,0.0,2237.8254084471782,2237.8254084471782,0.0,0.0,2237.8254084471782,2237.8589994610074,0.0,2237.8589994610074,0.0,2237.8589994610074,2237.8589994610074,2237.8589994610074,0.0,0.0,0.0,2237.8589994610074,2237.8589994610074,0.0,0.0,2237.8589994610074,2237.8254084471782,2237.8589994610074,0.0,0.0,2237.8589994610074,0.0,2237.8589994610074,0.0,2237.8589994610074,2237.8589994610074,0.0,2237.792188469011,0.0
0.0,0.0,0.0,0.0,0.0,2237.8254084471782,0.0,0.0,0.0,0.0,2237.8589994610074,2237.8589994610074,0.0,0.0,0.0,0.0,2237.8589994610074,0.0,0.0,2237.792188469011,0.0,0.0,0.0,0.0,0.0,0.0,2237.8589994610074,0.0,0.0,0.0,2237.8589994610074,2237.8254084471782,0.0,0.0,2237.8589994610074,0.0,0.0,0.0,2237.8589994610074,2237.8589994610074,0.0,0.0,0.0,0.0,0.0,0.0,0.0,0.0,0.0,2237.8589994610074,0.0,0.0,0.0,0.0,0.0,0.0,0.0,2237.8254084471782,2237.8589994610074,0.0,0.0,0.0,0.0,0.0,2237.8589994610074,0.0,2237.8589994610074,2237.8589994610074,2237.8589994610074,0.0,0.0,0.0,0.0,0.0,2237.8589994610074,0.0,0.0,0.0,2237.8589994610074,2237.8254084471782,2237.792188469011,2237.8254084471782,0.0,0.0,2237.8589994610074,2237.8589994610074,0.0,2237.8254084471782,2237.8589994610074,2237.8589994610074,0.0,2237.8589994610074,2237.8254084471782,0.0,2237.8254084471782,0.0,0.0,0.0,2237.7593395430285,0.0,2237.8589994610074,0.0,2237.8254084471782,2237.8589994610074,0.0,0.0,2237.8589994610074,2237.8589994610074,2237.792188469011,2237.8254084471782,2237.7593395430285,2237.8589994610074,2237.7593395430285,0.0,0.0,2237.8589994610074,2237.8589994610074,2237.8254084471782,2237.8589994610074,0.0,2237.8589994610074,2237.792188469011,0.0,0.0,2237.8254084471782,2237.8254084471782,2237.8254084471782,2237.792188469011,0.0,0.0,2237.8254084471782,0.0,0.0,2237.8589994610074,2237.8589994610074,2237.8589994610074,0.0,0.0,2237.8589994610074,0.0,2237.8589994610074,2237.8589994610074,2237.8254084471782,2237.8589994610074,2237.792188469011,2237.8589994610074,2237.7593395430285,2237.8254084471782,2237.8254084471782,2237.8254084471782,0.0,2237.8589994610074,2237.8589994610074,2237.8589994610074,0.0,0.0,0.0,0.0,0.0,0.0,0.0,2237.8589994610074,0.0,0.0,0.0,2237.8589994610074,0.0,0.0,0.0,2237.8589994610074,2237.792188469011,0.0,2237.8254084471782,2237.8589994610074,0.0,0.0,0.0,0.0,0.0,2237.8589994610074,2237.8589994610074,0.0,0.0,2237.8589994610074,0.0,0.0,0.0,2237.8589994610074,0.0,0.0,0.0,0.0,0.0,2237.8589994610074,0.0,0.0,0.0,0.0,0.0,0.0,2237.8589994610074,2237.8589994610074,0.0,0.0,0.0,0.0,0.0,0.0,0.0,2237.8589994610074,0.0,0.0,2237.8589994610074,0.0,0.0,2237.8589994610074,2237.8589994610074,2237.8254084471782,0.0,0.0,0.0,2237.8589994610074,2237.792188469011,0.0,0.0,2237.8589994610074,2237.8589994610074,0.0,0.0,2237.8589994610074,0.0,0.0,0.0,0.0,0.0,2237.792188469011,2237.8254084471782,2237.8589994610074,0.0,0.0,0.0,2237.8589994610074,2237.8589994610074,0.0,0.0,0.0,0.0,0.0,0.0,0.0,2237.8589994610074,2237.8589994610074,2237.8589994610074,2237.8589994610074,2237.8589994610074,0.0
0.0,2237.8589994610074,2237.7593395430285,0.0,0.0,0.0,2237.8589994610074,0.0,0.0,0.0,0.0,0.0,0.0,0.0,0.0,2237.8589994610074,0.0,0.0,2237.8254084471782,0.0,0.0,0.0,0.0,0.0,2237.8589994610074,2237.8254084471782,0.0,0.0,0.0,0.0,0.0,2237.8254084471782,0.0,2237.8589994610074,2237.8254084471782,0.0,2237.8589994610074,0.0,2237.8589994610074,0.0,0.0,2237.8589994610074,2237.8589994610074,0.0,0.0,2237.8589994610074,0.0,0.0,2237.8589994610074,0.0,0.0,0.0,0.0,0.0,0.0,2237.8589994610074,0.0,0.0,0.0,0.0,0.0,0.0,2237.8589994610074,0.0,0.0,0.0,2237.8589994610074,0.0,0.0,0.0,0.0,0.0,0.0,2237.8254084471782,0.0,2237.8589994610074,0.0,0.0,0.0,2237.8589994610074,0.0,0.0,0.0,0.0,0.0,2237.8254084471782,2237.8254084471782,2237.8589994610074,2237.8589994610074,0.0,2237.8589994610074,0.0,2237.8254084471782,2237.8254084471782,2237.8589994610074,2237.8254084471782,0.0,2237.8254084471782,2237.8589994610074,2237.8589994610074,2237.8589994610074,2237.8589994610074,0.0,0.0,2237.8589994610074,2237.792188469011,2237.8589994610074,2237.8589994610074,0.0,2237.8589994610074,0.0,0.0,0.0,2237.8589994610074,0.0,2237.8254084471782,2237.792188469011,0.0,2237.792188469011,0.0,0.0,2237.792188469011,2237.8589994610074,0.0,2237.8254084471782,2237.8254084471782,2237.8254084471782,0.0,2237.7593395430285,2237.792188469011,2237.8254084471782,2237.8254084471782,2237.8589994610074,2237.8254084471782,0.0,2237.792188469011,0.0,2237.8589994610074,2237.8254084471782,0.0,2237.8254084471782,0.0,0.0,2237.8589994610074,2237.8589994610074,2237.8589994610074,0.0,0.0,0.0,0.0,0.0,0.0,2237.8589994610074,0.0,0.0,0.0,0.0,2237.8589994610074,0.0,0.0,2237.8589994610074,0.0,0.0,0.0,2237.8589994610074,0.0,2237.8254084471782,0.0,0.0,0.0,0.0,0.0,0.0,0.0,0.0,2237.8254084471782,0.0,0.0,0.0,0.0,0.0,0.0,0.0,0.0,2237.8589994610074,2237.8254084471782,0.0,2237.8589994610074,2237.8589994610074,0.0,2237.8589994610074,0.0,0.0,2237.8589994610074,0.0,0.0,0.0,2237.8589994610074,0.0,0.0,0.0,2237.8254084471782,0.0,0.0,0.0,2237.8589994610074,0.0,0.0,0.0,0.0,0.0,0.0,0.0,0.0,0.0,0.0,2237.8589994610074,0.0,0.0,0.0,0.0,2237.792188469011,0.0,0.0,2237.8589994610074,2237.8589994610074,0.0,2237.8589994610074,0.0,2237.8254084471782,2237.8589994610074,0.0,0.0,2237.8589994610074,2237.8589994610074,0.0,2237.8254084471782,2237.8589994610074,0.0,2237.8589994610074,2237.8254084471782,0.0,2237.8589994610074,2237.8589994610074,2237.8589994610074,0.0,0.0,0.0,0.0,0.0,0.0,0.0,2237.8589994610074,0.0,0.0,0.0
0.0,0.0,0.0,2237.8589994610074,0.0,0.0,0.0,0.0,2237.8589994610074,0.0,0.0,2237.8589994610074,0.0,2237.8589994610074,2237.8589994610074,0.0,0.0,0.0,0.0,0.0,0.0,0.0,0.0,0.0,0.0,2237.8589994610074,0.0,0.0,0.0,2237.8589994610074,0.0,0.0,0.0,0.0,2237.8589994610074,0.0,0.0,0.0,0.0,0.0,0.0,0.0,0.0,0.0,0.0,0.0,0.0,0.0,2237.8589994610074,0.0,0.0,0.0,2237.8254084471782,0.0,0.0,0.0,2237.8589994610074,0.0,0.0,2237.8589994610074,0.0,0.0,0.0,2237.8589994610074,0.0,0.0,0.0,0.0,0.0,0.0,0.0,0.0,0.0,2237.8589994610074,0.0,0.0,0.0,0.0,0.0,2237.8589994610074,0.0,2237.8589994610074,2237.8589994610074,2237.8589994610074,0.0,2237.8589994610074,0.0,0.0,0.0,0.0,0.0,2237.8589994610074,0.0,0.0,2237.8589994610074,0.0,0.0,0.0,2237.8589994610074,2237.8254084471782,2237.8254084471782,2237.8589994610074,2237.792188469011,0.0,0.0,2237.8254084471782,0.0,0.0,0.0,2237.792188469011,2237.8589994610074,2237.8589994610074,2237.8254084471782,2237.8589994610074,0.0,2237.8254084471782,0.0,2237.8589994610074,2237.8589994610074,2237.8589994610074,0.0,2237.8589994610074,2237.8589994610074,2237.8254084471782,0.0,0.0,0.0,2237.8254084471782,2237.8254084471782,2237.8589994610074,2237.8589994610074,2237.8254084471782,2237.8254084471782,2237.8254084471782,0.0,2237.8589994610074,2237.8589994610074,2237.8589994610074,0.0,2237.8254084471782,2237.8589994610074,2237.8589994610074,2237.8589994610074,0.0,0.0,0.0,0.0,0.0,2237.8589994610074,2237.8589994610074,2237.8254084471782,2237.8589994610074,2237.8589994610074,0.0,0.0,0.0,0.0,2237.8589994610074,0.0,2237.8589994610074,0.0,0.0,0.0,2237.8589994610074,0.0,0.0,0.0,0.0,0.0,0.0,0.0,0.0,0.0,0.0,0.0,0.0,0.0,2237.8589994610074,2237.8589994610074,0.0,0.0,0.0,0.0,0.0,0.0,0.0,0.0,0.0,0.0,0.0,2237.8589994610074,0.0,2237.8589994610074,0.0,2237.8589994610074,0.0,0.0,0.0,2237.8589994610074,0.0,0.0,0.0,0.0,0.0,2237.8589994610074,0.0,0.0,0.0,0.0,2237.8589994610074,0.0,0.0,0.0,2237.8589994610074,2237.8589994610074,2237.8589994610074,0.0,2237.8589994610074,2237.8589994610074,0.0,2237.8254084471782,2237.8589994610074,0.0,2237.8589994610074,0.0,0.0,0.0,2237.8589994610074,0.0,0.0,2237.8589994610074,0.0,0.0,2237.8254084471782,2237.8589994610074,0.0,0.0,2237.8589994610074,0.0,2237.792188469011,0.0,0.0,0.0,2237.8254084471782,0.0,0.0,0.0,2237.8254084471782,0.0,2237.8589994610074,0.0,0.0,2237.8589994610074,0.0,2237.8589994610074,0.0
0.0,2237.8589994610074,0.0,0.0,0.0,2237.8589994610074,0.0,2237.8589994610074,0.0,0.0,2237.8254084471782,0.0,0.0,0.0,0.0,0.0,0.0,0.0,0.0,0.0,0.0,0.0,0.0,0.0,0.0,2237.8589994610074,0.0,2237.8589994610074,0.0,0.0,2237.8589994610074,0.0,0.0,0.0,2237.8589994610074,0.0,0.0,0.0,0.0,0.0,0.0,2237.8589994610074,0.0,0.0,0.0,0.0,0.0,2237.8589994610074,2237.8589994610074,2237.8589994610074,2237.8589994610074,0.0,0.0,0.0,0.0,0.0,2237.8589994610074,2237.8589994610074,0.0,0.0,0.0,0.0,0.0,0.0,2237.8589994610074,2237.8589994610074,0.0,2237.8589994610074,2237.8254084471782,0.0,2237.8589994610074,0.0,0.0,0.0,2237.8589994610074,0.0,0.0,0.0,0.0,0.0,2237.8589994610074,0.0,2237.8589994610074,0.0,2237.8589994610074,0.0,2237.8589994610074,2237.8589994610074,0.0,2237.8589994610074,2237.8589994610074,0.0,0.0,0.0,0.0,0.0,0.0,0.0,0.0,2237.8589994610074,2237.8589994610074,2237.792188469011,0.0,0.0,0.0,2237.8589994610074,0.0,2237.8589994610074,0.0,2237.8254084471782,2237.792188469011,2237.8589994610074,0.0,2237.8589994610074,0.0,2237.8589994610074,2237.8589994610074,2237.8589994610074,2237.8254084471782,0.0,2237.8254084471782,2237.8589994610074,0.0,2237.8589994610074,0.0,2237.8589994610074,0.0,2237.8589994610074,0.0,0.0,2237.8254084471782,0.0,0.0,0.0,2237.8254084471782,2237.8589994610074,0.0,0.0,0.0,0.0,0.0,2237.8589994610074,0.0,2237.8589994610074,2237.8589994610074,2237.8589994610074,2237.8254084471782,0.0,0.0,0.0,0.0,2237.8589994610074,2237.8589994610074,0.0,0.0,0.0,0.0,0.0,0.0,0.0,2237.8254084471782,0.0,0.0,2237.8589994610074,2237.8254084471782,2237.8589994610074,0.0,0.0,0.0,0.0,2237.8589994610074,2237.8589994610074,0.0,0.0,0.0,0.0,0.0,2237.8589994610074,0.0,0.0,0.0,0.0,0.0,0.0,0.0,0.0,2237.8254084471782,0.0,2237.8589994610074,2237.8589994610074,0.0,0.0,2237.8589994610074,0.0,0.0,0.0,0.0,0.0,0.0,0.0,0.0,0.0,2237.8589994610074,0.0,2237.8589994610074,0.0,0.0,0.0,0.0,0.0,0.0,0.0,0.0,2237.8589994610074,0.0,2237.8589994610074,0.0,0.0,0.0,0.0,0.0,2237.8254084471782,0.0,0.0,2237.8254084471782,2237.8589994610074,0.0,2237.8589994610074,0.0,2237.8589994610074,0.0,0.0,0.0,0.0,2237.8589994610074,2237.8589994610074,2237.8254084471782,2237.8589994610074,2237.8254084471782,0.0,0.0,2237.8589994610074,0.0,2237.8589994610074,0.0,2237.8589994610074,0.0,0.0,0.0,2237.8589994610074,0.0,0.0,2237.8589994610074,0.0,0.0,0.0
0.0,0.0,0.0,0.0,0.0,0.0,0.0,2237.8589994610074,0.0,0.0,0.0,0.0,0.0,0.0,0.0,2237.8589994610074,0.0,0.0,2237.8589994610074,2237.8254084471782,0.0,0.0,0.0,0.0,0.0,2237.8589994610074,2237.8589994610074,2237.8589994610074,2237.8589994610074,2237.8589994610074,0.0,0.0,0.0,2237.8589994610074,0.0,2237.8589994610074,0.0,2237.8589994610074,2237.8589994610074,0.0,0.0,2237.8589994610074,2237.8589994610074,0.0,2237.8589994610074,2237.8589994610074,0.0,0.0,0.0,2237.8589994610074,0.0,0.0,2237.8589994610074,2237.8589994610074,0.0,0.0,0.0,2237.8589994610074,0.0,0.0,0.0,2237.8254084471782,0.0,2237.8589994610074,0.0,0.0,0.0,0.0,2237.8589994610074,0.0,2237.8589994610074,2237.8589994610074,0.0,2237.8589994610074,2237.8589994610074,0.0,0.0,0.0,0.0,0.0,0.0,0.0,0.0,2237.8589994610074,0.0,0.0,0.0,0.0,2237.8589994610074,0.0,2237.8589994610074,2237.8589994610074,0.0,0.0,0.0,0.0,2237.8589994610074,2237.8589994610074,0.0,2237.8589994610074,0.0,2237.8589994610074,2237.8254084471782,0.0,0.0,0.0,2237.8589994610074,2237.792188469011,2237.8589994610074,0.0,0.0,0.0,2237.792188469011,2237.8589994610074,2237.8589994610074,0.0,2237.8589994610074,2237.8589994610074,0.0,0.0,0.0,2237.8254084471782,0.0,0.0,0.0,0.0,2237.8589994610074,0.0,2237.8589994610074,0.0,0.0,2237.8254084471782,2237.8589994610074,2237.8589994610074,0.0,2237.8254084471782,0.0,0.0,2237.8589994610074,0.0,2237.8589994610074,0.0,2237.8589994610074,0.0,2237.8589994610074,0.0,2237.8589994610074,0.0,2237.8589994610074,2237.8589994610074,0.0,2237.8589994610074,0.0,0.0,0.0,0.0,0.0,0.0,0.0,0.0,0.0,0.0,0.0,2237.792188469011,0.0,2237.8589994610074,0.0,0.0,0.0,0.0,0.0,0.0,2237.8589994610074,2237.8254084471782,0.0,0.0,2237.8254084471782,0.0,2237.8589994610074,0.0,0.0,0.0,0.0,0.0,0.0,0.0,0.0,0.0,0.0,0.0,0.0,0.0,2237.8589994610074,0.0,0.0,0.0,0.0,0.0,0.0,0.0,0.0,0.0,2237.8589994610074,0.0,0.0,0.0,0.0,0.0,2237.8589994610074,0.0,2237.8589994610074,0.0,0.0,0.0,2237.8589994610074,2237.8254084471782,2237.8589994610074,0.0,0.0,0.0,0.0,2237.8254084471782,2237.8589994610074,0.0,0.0,0.0,0.0,0.0,2237.8589994610074,2237.8589994610074,0.0,0.0,0.0,0.0,0.0,2237.8589994610074,2237.8254084471782,0.0,0.0,2237.8589994610074,0.0,2237.8589994610074,2237.8589994610074,0.0,0.0,0.0,0.0,0.0,2237.8589994610074,0.0,0.0,2237.8589994610074,2237.8589994610074,0.0,2237.8254084471782,2237.8589994610074
2237.8589994610074,0.0,0.0,2237.8589994610074,2237.8589994610074,0.0,2237.8589994610074,0.0,0.0,2237.8589994610074,0.0,0.0,0.0,0.0,0.0,2237.8589994610074,0.0,0.0,0.0,0.0,0.0,0.0,0.0,0.0,0.0,2237.8589994610074,0.0,0.0,0.0,0.0,2237.8589994610074,0.0,0.0,2237.8254084471782,2237.8589994610074,0.0,0.0,2237.7593395430285,0.0,2237.8589994610074,0.0,0.0,2237.8589994610074,0.0,0.0,2237.8589994610074,0.0,2237.8589994610074,2237.8254084471782,0.0,0.0,0.0,2237.8589994610074,2237.8589994610074,0.0,0.0,0.0,0.0,0.0,0.0,0.0,2237.8589994610074,0.0,0.0,0.0,0.0,2237.8589994610074,2237.792188469011,0.0,2237.8589994610074,0.0,2237.8589994610074,0.0,0.0,0.0,2237.8589994610074,0.0,0.0,0.0,0.0,0.0,0.0,2237.8254084471782,2237.8589994610074,0.0,0.0,2237.8589994610074,0.0,2237.8589994610074,0.0,2237.8589994610074,0.0,2237.8589994610074,0.0,0.0,0.0,0.0,2237.8589994610074,0.0,0.0,0.0,2237.8589994610074,0.0,2237.8589994610074,0.0,0.0,2237.8254084471782,0.0,2237.8589994610074,0.0,0.0,0.0,0.0,2237.8589994610074,0.0,2237.8589994610074,2237.8589994610074,0.0,2237.8254084471782,2237.8254084471782,2237.8254084471782,0.0,2237.8254084471782,0.0,0.0,0.0,0.0,2237.8254084471782,0.0,0.0,0.0,0.0,2237.8254084471782,0.0,2237.8589994610074,2237.8589994610074,2237.8589994610074,2237.8589994610074,0.0,0.0,0.0,0.0,0.0,0.0,0.0,0.0,0.0,0.0,0.0,0.0,2237.8589994610074,0.0,0.0,2237.8589994610074,2237.8589994610074,0.0,2237.8589994610074,0.0,0.0,2237.8589994610074,0.0,2237.8254084471782,0.0,2237.8254084471782,0.0,0.0,0.0,0.0,0.0,0.0,2237.8589994610074,0.0,0.0,0.0,0.0,0.0,0.0,0.0,0.0,2237.8589994610074,2237.8589994610074,0.0,0.0,0.0,0.0,2237.8589994610074,0.0,0.0,0.0,0.0,0.0,0.0,0.0,2237.8589994610074,0.0,0.0,0.0,0.0,0.0,0.0,2237.8589994610074,0.0,0.0,0.0,0.0,0.0,0.0,0.0,0.0,2237.8589994610074,2237.8254084471782,2237.8589994610074,2237.8589994610074,0.0,0.0,0.0,0.0,0.0,0.0,2237.8589994610074,0.0,2237.8589994610074,0.0,0.0,2237.8589994610074,0.0,2237.8589994610074,0.0,0.0,0.0,0.0,0.0,0.0,0.0,2237.8589994610074,2237.8589994610074,2237.8589994610074,2237.8589994610074,0.0,0.0,2237.8254084471782,0.0,2237.8589994610074,0.0,0.0,2237.8589994610074,2237.8589994610074,0.0,0.0,0.0,0.0,0.0,0.0,0.0,0.0,0.0
0.0,2237.8589994610074,0.0,0.0,2237.8589994610074,0.0,0.0,0.0,0.0,0.0,0.0,2237.8589994610074,0.0,0.0,0.0,0.0,0.0,0.0,0.0,0.0,0.0,2237.8589994610074,0.0,0.0,0.0,0.0,0.0,0.0,2237.8589994610074,0.0,2237.8254084471782,2237.8589994610074,0.0,0.0,0.0,2237.8589994610074,2237.8589994610074,0.0,0.0,0.0,0.0,0.0,2237.8589994610074,0.0,0.0,0.0,0.0,0.0,0.0,0.0,0.0,0.0,0.0,0.0,0.0,0.0,0.0,0.0,2237.8589994610074,0.0,0.0,0.0,0.0,0.0,2237.8254084471782,0.0,2237.8589994610074,0.0,0.0,0.0,2237.8589994610074,2237.8589994610074,0.0,0.0,0.0,0.0,2237.8589994610074,0.0,0.0,0.0,0.0,0.0,0.0,0.0,2237.792188469011,0.0,0.0,0.0,0.0,0.0,0.0,0.0,2237.8589994610074,0.0,0.0,0.0,0.0,0.0,0.0,2237.8589994610074,0.0,0.0,2237.8589994610074,0.0,2237.8254084471782,2237.8589994610074,2237.8254084471782,0.0,0.0,2237.8589994610074,0.0,0.0,0.0,0.0,0.0,2237.8589994610074,0.0,0.0,2237.8589994610074,2237.8589994610074,0.0,2237.8254084471782,0.0,0.0,2237.8254084471782,2237.8589994610074,0.0,2237.8254084471782,0.0,2237.8589994610074,0.0,2237.8589994610074,2237.8589994610074,0.0,0.0,2237.8589994610074,0.0,0.0,0.0,2237.8254084471782,0.0,0.0,0.0,0.0,0.0,0.0,0.0,0.0,0.0,0.0,0.0,0.0,0.0,0.0,0.0,0.0,0.0,0.0,2237.8254084471782,0.0,0.0,2237.8589994610074,2237.8589994610074,2237.8589994610074,0.0,0.0,0.0,0.0,2237.8589994610074,0.0,0.0,0.0,0.0,0.0,0.0,0.0,0.0,0.0,2237.8589994610074,0.0,0.0,2237.8589994610074,0.0,0.0,2237.8589994610074,0.0,0.0,0.0,0.0,0.0,0.0,0.0,0.0,2237.8589994610074,2237.8254084471782,0.0,0.0,0.0,0.0,0.0,2237.8589994610074,0.0,0.0,0.0,2237.8589994610074,0.0,0.0,0.0,2237.8589994610074,2237.8589994610074,0.0,0.0,0.0,2237.8589994610074,0.0,0.0,0.0,0.0,2237.8589994610074,2237.8589994610074,2237.8254084471782,2237.8589994610074,0.0,2237.8589994610074,2237.8589994610074,0.0,2237.8254084471782,0.0,0.0,0.0,2237.8589994610074,0.0,0.0,2237.8589994610074,2237.8589994610074,2237.8589994610074,0.0,0.0,2237.8589994610074,0.0,2237.792188469011,2237.8589994610074,2237.8589994610074,0.0,0.0,0.0,0.0,2237.8589994610074,2237.8589994610074,2237.8589994610074,0.0,0.0,0.0,0.0,0.0,0.0
0.0,0.0,0.0,0.0,0.0,0.0,0.0,0.0,0.0,2237.8589994610074,2237.8589994610074,0.0,0.0,0.0,0.0,0.0,0.0,2237.8589994610074,0.0,0.0,2237.8589994610074,0.0,0.0,0.0,0.0,0.0,0.0,0.0,0.0,0.0,0.0,0.0,2237.8589994610074,2237.8589994610074,2237.8589994610074,0.0,0.0,0.0,0.0,0.0,0.0,0.0,0.0,0.0,0.0,0.0,0.0,0.0,0.0,2237.8589994610074,0.0,0.0,0.0,0.0,0.0,0.0,0.0,0.0,0.0,0.0,2237.8589994610074,0.0,2237.8589994610074,0.0,0.0,2237.8589994610074,0.0,0.0,2237.8589994610074,0.0,0.0,2237.8589994610074,0.0,0.0,2237.8254084471782,0.0,0.0,0.0,2237.8589994610074,2237.8589994610074,0.0,0.0,0.0,0.0,2237.8589994610074,0.0,0.0,2237.8589994610074,0.0,2237.8589994610074,2237.8589994610074,0.0,0.0,2237.8589994610074,2237.8589994610074,0.0,0.0,0.0,2237.8589994610074,2237.8589994610074,0.0,2237.8589994610074,0.0,2237.8589994610074,2237.8589994610074,2237.8589994610074,0.0,0.0,2237.8589994610074,2237.8589994610074,0.0,2237.8589994610074,2237.8589994610074,0.0,0.0,0.0,0.0,2237.8589994610074,2237.792188469011,0.0,0.0,2237.8589994610074,2237.8589994610074,0.0,0.0,0.0,0.0,0.0,0.0,0.0,0.0,0.0,0.0,2237.8254084471782,0.0,0.0,2237.8589994610074,0.0,2237.8589994610074,0.0,0.0,0.0,2237.8589994610074,0.0,2237.8589994610074,0.0,0.0,0.0,0.0,0.0,0.0,0.0,0.0,0.0,0.0,0.0,0.0,0.0,0.0,0.0,2237.8589994610074,0.0,0.0,2237.8589994610074,0.0,0.0,0.0,0.0,0.0,2237.8589994610074,0.0,0.0,0.0,2237.8589994610074,2237.8589994610074,2237.8589994610074,2237.8254084471782,0.0,2237.8589994610074,0.0,0.0,0.0,0.0,0.0,0.0,0.0,2237.8589994610074,0.0,0.0,0.0,2237.8589994610074,0.0,0.0,2237.8589994610074,0.0,0.0,0.0,0.0,0.0,2237.8589994610074,2237.8254084471782,2237.8589994610074,0.0,0.0,0.0,0.0,2237.8589994610074,2237.8589994610074,0.0,0.0,2237.8589994610074,0.0,2237.8589994610074,0.0,2237.8589994610074,0.0,2237.8589994610074,0.0,0.0,2237.8254084471782,0.0,0.0,0.0,2237.8589994610074,0.0,2237.8589994610074,2237.792188469011,2237.8254084471782,2237.8589994610074,0.0,0.0,0.0,2237.8254084471782,2237.8589994610074,2237.8254084471782,2237.726861685573,2237.8589994610074,0.0,0.0,0.0,0.0,2237.8589994610074,2237.8589994610074,2237.8589994610074,0.0,0.0,2237.8589994610074,0.0,0.0,0.0,0.0,0.0,0.0,2237.8589994610074,2237.8589994610074,0.0
0.0,0.0,2237.8589994610074,2237.8254084471782,0.0,0.0,0.0,0.0,0.0,0.0,0.0,0.0,0.0,2237.8589994610074,0.0,0.0,0.0,0.0,0.0,0.0,0.0,2237.8589994610074,0.0,0.0,2237.8589994610074,0.0,0.0,2237.8589994610074,0.0,0.0,0.0,0.0,0.0,0.0,0.0,0.0,0.0,0.0,0.0,0.0,0.0,2237.8589994610074,0.0,2237.8589994610074,2237.8589994610074,0.0,0.0,2237.8254084471782,0.0,0.0,0.0,0.0,2237.8589994610074,0.0,0.0,0.0,0.0,0.0,2237.8589994610074,0.0,0.0,0.0,2237.8589994610074,2237.8589994610074,0.0,2237.8589994610074,2237.8589994610074,2237.8589994610074,0.0,2237.8589994610074,0.0,0.0,2237.8589994610074,0.0,0.0,0.0,0.0,2237.8589994610074,0.0,0.0,2237.8589994610074,2237.8589994610074,0.0,0.0,0.0,0.0,2237.8589994610074,2237.8589994610074,0.0,0.0,0.0,0.0,2237.8589994610074,0.0,0.0,2237.8589994610074,2237.8589994610074,0.0,0.0,0.0,2237.8589994610074,2237.8589994610074,2237.8589994610074,0.0,2237.8589994610074,2237.8254084471782,2237.8589994610074,0.0,2237.8589994610074,0.0,0.0,0.0,0.0,0.0,0.0,0.0,0.0,2237.8589994610074,0.0,0.0,0.0,0.0,0.0,0.0,0.0,0.0,0.0,2237.792188469011,0.0,0.0,0.0,2237.8589994610074,2237.8589994610074,0.0,2237.8589994610074,2237.792188469011,2237.8589994610074,0.0,0.0,0.0,2237.8254084471782,0.0,2237.8589994610074,2237.8589994610074,2237.8589994610074,0.0,2237.8589994610074,0.0,2237.8589994610074,0.0,2237.792188469011,0.0,0.0,0.0,0.0,0.0,0.0,0.0,2237.8589994610074,0.0,0.0,0.0,0.0,0.0,2237.8589994610074,0.0,0.0,0.0,0.0,0.0,0.0,0.0,0.0,2237.8589994610074,2237.8589994610074,0.0,2237.8589994610074,0.0,2237.8589994610074,0.0,0.0,0.0,0.0,2237.8589994610074,0.0,0.0,0.0,0.0,2237.8589994610074,2237.8589994610074,0.0,0.0,2237.8589994610074,2237.8589994610074,2237.8589994610074,2237.8589994610074,0.0,0.0,0.0,2237.8589994610074,0.0,2237.8589994610074,0.0,0.0,0.0,0.0,2237.8254084471782,0.0,2237.8589994610074,0.0,0.0,0.0,2237.8589994610074,0.0,0.0,2237.8589994610074,2237.8589994610074,0.0,0.0,0.0,0.0,0.0,0.0,2237.8254084471782,2237.8254084471782,2237.8589994610074,0.0,0.0,2237.8589994610074,0.0,2237.8589994610074,0.0,2237.8254084471782,2237.7593395430285,2237.8254084471782,0.0,2237.792188469011,2237.8589994610074,0.0,2237.8589994610074,0.0,2237.8589994610074,2237.8254084471782,0.0,0.0,0.0,0.0,0.0,0.0,0.0,2237.8589994610074,2237.8589994610074,0.0,0.0,0.0,0.0
0.0,0.0,0.0,2237.8589994610074,2237.8589994610074,0.0,0.0,0.0,0.0,0.0,2237.8589994610074,2237.8589994610074,0.0,0.0,0.0,2237.8589994610074,2237.8589994610074,2237.8589994610074,0.0,0.0,2237.8589994610074,0.0,0.0,0.0,2237.8589994610074,0.0,2237.8589994610074,2237.8254084471782,2237.8589994610074,0.0,0.0,0.0,2237.8589994610074,0.0,0.0,0.0,0.0,0.0,2237.8589994610074,2237.8589994610074,0.0,0.0,0.0,0.0,0.0,0.0,0.0,2237.8589994610074,2237.8254084471782,0.0,0.0,0.0,0.0,2237.8254084471782,0.0,0.0,0.0,0.0,0.0,0.0,0.0,0.0,0.0,0.0,0.0,2237.8589994610074,0.0,2237.8254084471782,0.0,2237.8589994610074,0.0,0.0,0.0,0.0,0.0,0.0,0.0,0.0,0.0,0.0,0.0,0.0,0.0,0.0,0.0,2237.792188469011,0.0,2237.8589994610074,0.0,0.0,2237.8589994610074,0.0,0.0,0.0,2237.8589994610074,0.0,0.0,0.0,0.0,0.0,2237.8589994610074,0.0,0.0,0.0,0.0,0.0,0.0,0.0,2237.8254084471782,0.0,2237.8589994610074,0.0,0.0,0.0,0.0,0.0,2237.8589994610074,2237.8254084471782,0.0,0.0,0.0,2237.8589994610074,0.0,0.0,0.0,2237.8589994610074,2237.8589994610074,0.0,0.0,0.0,2237.8589994610074,0.0,0.0,2237.8589994610074,0.0,0.0,0.0,0.0,0.0,0.0,0.0,0.0,0.0,0.0,2237.8589994610074,2237.8589994610074,0.0,0.0,0.0,0.0,0.0,0.0,0.0,0.0,0.0,0.0,0.0,0.0,2237.8254084471782,0.0,2237.8589994610074,0.0,2237.8589994610074,0.0,0.0,0.0,0.0,0.0,0.0,0.0,0.0,0.0,0.0,0.0,0.0,0.0,0.0,2237.8589994610074,2237.8589994610074,0.0,2237.8589994610074,0.0,0.0,0.0,0.0,0.0,2237.8589994610074,0.0,0.0,2237.8589994610074,0.0,0.0,0.0,2237.8589994610074,0.0,2237.8589994610074,0.0,2237.8254084471782,0.0,0.0,0.0,2237.8589994610074,0.0,2237.8589994610074,0.0,2237.8589994610074,0.0,0.0,0.0,0.0,0.0,0.0,2237.8589994610074,0.0,2237.8254084471782,0.0,2237.8589994610074,0.0,0.0,0.0,0.0,0.0,0.0,2237.8589994610074,0.0,0.0,0.0,2237.8589994610074,0.0,2237.8589994610074,0.0,0.0,2237.8589994610074,2237.8254084471782,2237.8589994610074,2237.8254084471782,2237.8589994610074,2237.726861685573,2237.8589994610074,2237.8589994610074,2237.8589994610074,0.0,0.0,2237.8589994610074,0.0,0.0,0.0,0.0,0.0,2237.8589994610074,0.0,0.0,0.0,0.0,2237.8589994610074,0.0
0.0,0.0,0.0,0.0,0.0,0.0,0.0,0.0,0.0,0.0,0.0,0.0,0.0,0.0,0.0,0.0,0.0,0.0,0.0,0.0,0.0,0.0,0.0,2237.8254084471782,0.0,2237.8589994610074,2237.8589994610074,0.0,0.0,2237.8589994610074,0.0,0.0,0.0,2237.8589994610074,0.0,0.0,0.0,0.0,0.0,0.0,0.0,0.0,0.0,0.0,0.0,0.0,0.0,0.0,2237.8589994610074,0.0,2237.8589994610074,0.0,0.0,2237.8589994610074,0.0,0.0,2237.8589994610074,0.0,2237.8589994610074,0.0,0.0,0.0,0.0,2237.8254084471782,2237.8589994610074,0.0,2237.8589994610074,0.0,2237.8589994610074,0.0,0.0,2237.8589994610074,0.0,0.0,0.0,0.0,2237.8589994610074,0.0,0.0,2237.8589994610074,0.0,0.0,2237.8254084471782,0.0,2237.8254084471782,0.0,0.0,0.0,0.0,0.0,2237.8589994610074,2237.8589994610074,2237.8589994610074,0.0,2237.8589994610074,0.0,0.0,2237.8589994610074,0.0,0.0,0.0,0.0,0.0,0.0,2237.8589994610074,2237.8589994610074,0.0,0.0,2237.8589994610074,2237.8589994610074,2237.8589994610074,2237.8254084471782,2237.8589994610074,0.0,0.0,2237.8589994610074,2237.8589994610074,2237.8589994610074,0.0,0.0,0.0,0.0,2237.8254084471782,0.0,2237.8254084471782,0.0,0.0,2237.8589994610074,0.0,0.0,0.0,2237.8589994610074,0.0,0.0,2237.8254084471782,0.0,0.0,2237.8589994610074,0.0,0.0,0.0,2237.8589994610074,2237.8254084471782,0.0,0.0,0.0,2237.8589994610074,0.0,0.0,0.0,2237.8589994610074,0.0,2237.8589994610074,0.0,0.0,0.0,0.0,0.0,0.0,0.0,2237.8589994610074,0.0,0.0,0.0,0.0,0.0,2237.8589994610074,2237.8589994610074,2237.8589994610074,0.0,2237.8589994610074,0.0,0.0,0.0,0.0,0.0,0.0,2237.8589994610074,2237.8589994610074,0.0,0.0,2237.8589994610074,0.0,2237.8589994610074,0.0,2237.8589994610074,2237.8589994610074,0.0,0.0,0.0,0.0,0.0,0.0,0.0,0.0,0.0,2237.8589994610074,2237.8589994610074,2237.8589994610074,2237.8589994610074,0.0,2237.8589994610074,0.0,0.0,0.0,2237.8589994610074,0.0,2237.8589994610074,2237.8589994610074,2237.8589994610074,2237.8589994610074,0.0,0.0,0.0,0.0,2237.8589994610074,2237.8254084471782,0.0,0.0,0.0,2237.8254084471782,0.0,0.0,0.0,0.0,0.0,0.0,2237.8589994610074,0.0,0.0,0.0,0.0,0.0,2237.8589994610074,2237.8589994610074,2237.8589994610074,0.0,2237.8254084471782,2237.8589994610074,2237.8254084471782,0.0,0.0,2237.8254084471782,2237.8254084471782,2237.8589994610074,0.0,2237.8589994610074,2237.8589994610074,0.0,0.0,0.0,0.0,0.0,0.0,2237.8589994610074,2237.8589994610074
0.0,0.0,2237.8589994610074,0.0,2237.8589994610074,0.0,0.0,0.0,0.0,0.0,0.0,0.0,0.0,0.0,0.0,0.0,0.0,0.0,0.0,0.0,0.0,2237.8589994610074,0.0,2237.8589994610074,2237.8254084471782,0.0,2237.8589994610074,0.0,0.0,0.0,0.0,0.0,2237.8589994610074,0.0,0.0,0.0,0.0,0.0,0.0,0.0,2237.8589994610074,0.0,2237.8589994610074,2237.8589994610074,0.0,0.0,0.0,2237.8589994610074,2237.8589994610074,0.0,2237.8589994610074,2237.8589994610074,0.0,0.0,2237.8589994610074,0.0,2237.8589994610074,2237.8589994610074,0.0,2237.8589994610074,0.0,0.0,0.0,2237.8589994610074,0.0,0.0,2237.8589994610074,0.0,0.0,2237.8589994610074,0.0,0.0,0.0,0.0,0.0,0.0,0.0,2237.8254084471782,0.0,2237.8589994610074,2237.8589994610074,0.0,2237.8589994610074,0.0,0.0,0.0,0.0,2237.8254084471782,2237.8589994610074,2237.8589994610074,0.0,0.0,2237.8589994610074,2237.8254084471782,2237.8589994610074,2237.792188469011,2237.8589994610074,0.0,0.0,2237.8589994610074,0.0,0.0,0.0,0.0,2237.8589994610074,2237.8254084471782,2237.8589994610074,0.0,0.0,2237.8254084471782,2237.8589994610074,2237.8589994610074,2237.8254084471782,0.0,0.0,2237.8589994610074,0.0,0.0,0.0,0.0,0.0,2237.8589994610074,0.0,0.0,2237.8589994610074,0.0,0.0,2237.8589994610074,0.0,2237.8589994610074,2237.8589994610074,0.0,0.0,0.0,0.0,0.0,0.0,0.0,0.0,2237.8589994610074,0.0,0.0,0.0,0.0,0.0,0.0,0.0,0.0,0.0,0.0,0.0,0.0,2237.8254084471782,0.0,0.0,0.0,0.0,0.0,0.0,0.0,0.0,0.0,0.0,0.0,0.0,0.0,0.0,2237.8589994610074,2237.8589994610074,0.0,0.0,0.0,0.0,0.0,2237.8254084471782,2237.8589994610074,0.0,0.0,0.0,2237.8589994610074,0.0,0.0,2237.8589994610074,0.0,0.0,0.0,0.0,2237.8589994610074,0.0,2237.8589994610074,0.0,0.0,0.0,0.0,0.0,0.0,0.0,0.0,0.0,0.0,2237.8589994610074,2237.8589994610074,0.0,0.0,2237.8589994610074,2237.8589994610074,2237.8589994610074,0.0,0.0,2237.8589994610074,0.0,0.0,0.0,2237.8589994610074,2237.8589994610074,0.0,2237.8254084471782,0.0,0.0,0.0,0.0,2237.8589994610074,0.0,0.0,0.0,0.0,0.0,0.0,0.0,2237.8254084471782,2237.8589994610074,2237.8589994610074,0.0,0.0,2237.8589994610074,0.0,2237.8254084471782,2237.8589994610074,0.0,0.0,2237.8589994610074,0.0,2237.8254084471782,0.0,2237.8254084471782,2237.8589994610074,2237.8254084471782,0.0,0.0,0.0,0.0,0.0,2237.8589994610074,0.0,0.0,2237.8589994610074
0.0,0.0,0.0,0.0,0.0,2237.8589994610074,0.0,2237.8589994610074,0.0,0.0,2237.8589994610074,0.0,0.0,2237.8589994610074,0.0,0.0,0.0,0.0,0.0,0.0,0.0,0.0,0.0,0.0,0.0,0.0,0.0,2237.8589994610074,0.0,0.0,0.0,2237.8589994610074,0.0,0.0,0.0,0.0,0.0,2237.8589994610074,0.0,2237.8589994610074,0.0,0.0,0.0,0.0,0.0,0.0,2237.8589994610074,2237.8589994610074,0.0,0.0,0.0,2237.8589994610074,2237.8589994610074,0.0,0.0,0.0,0.0,0.0,0.0,0.0,2237.8589994610074,2237.8254084471782,2237.8589994610074,0.0,2237.8589994610074,2237.8589994610074,0.0,0.0,0.0,0.0,2237.8589994610074,0.0,0.0,0.0,0.0,0.0,0.0,0.0,0.0,0.0,2237.8589994610074,0.0,0.0,0.0,0.0,0.0,0.0,0.0,0.0,0.0,0.0,2237.8589994610074,2237.8589994610074,0.0,0.0,0.0,0.0,0.0,2237.8589994610074,2237.8254084471782,0.0,2237.7593395430285,2237.8589994610074,0.0,0.0,2237.8589994610074,0.0,0.0,0.0,0.0,0.0,0.0,0.0,2237.8589994610074,2237.8589994610074,0.0,0.0,2237.8589994610074,0.0,2237.8589994610074,0.0,0.0,0.0,0.0,0.0,0.0,2237.8589994610074,0.0,0.0,0.0,0.0,2237.8589994610074,0.0,0.0,0.0,0.0,0.0,0.0,0.0,0.0,0.0,0.0,0.0,2237.8589994610074,0.0,2237.8254084471782,0.0,0.0,2237.8589994610074,2237.8589994610074,0.0,0.0,0.0,2237.8589994610074,0.0,0.0,2237.8589994610074,0.0,0.0,0.0,0.0,2237.8589994610074,0.0,0.0,0.0,0.0,0.0,0.0,0.0,0.0,0.0,2237.8589994610074,0.0,0.0,0.0,0.0,0.0,0.0,2237.8589994610074,2237.8589994610074,0.0,2237.8589994610074,0.0,0.0,0.0,2237.8589994610074,2237.8589994610074,0.0,0.0,0.0,2237.8589994610074,0.0,0.0,0.0,2237.8589994610074,0.0,0.0,0.0,0.0,0.0,0.0,2237.8589994610074,2237.8589994610074,0.0,0.0,0.0,2237.8589994610074,0.0,0.0,0.0,0.0,0.0,2237.8589994610074,0.0,2237.8589994610074,2237.8254084471782,2237.792188469011,0.0,2237.8254084471782,0.0,0.0,0.0,2237.8589994610074,2237.8254084471782,0.0,0.0,0.0,2237.8589994610074,0.0,2237.8589994610074,0.0,0.0,2237.8254084471782,0.0,0.0,2237.8589994610074,2237.8589994610074,0.0,0.0,2237.8589994610074,2237.8589994610074,2237.8589994610074,2237.8254084471782,2237.7593395430285,2237.663019240684,0.0,2237.8589994610074,2237.8589994610074,0.0,0.0,0.0,0.0,0.0,0.0,0.0,0.0
0.0,0.0,0.0,0.0,0.0,2237.8254084471782,2237.8589994610074,0.0,2237.8589994610074,2237.8589994610074,2237.8589994610074,2237.8589994610074,0.0,0.0,0.0,2237.8589994610074,0.0,2237.8589994610074,0.0,0.0,0.0,0.0,0.0,2237.8589994610074,0.0,0.0,0.0,0.0,2237.8589994610074,0.0,2237.8589994610074,0.0,2237.8589994610074,2237.8589994610074,2237.8589994610074,0.0,2237.8254084471782,0.0,0.0,2237.8589994610074,0.0,0.0,2237.8589994610074,0.0,0.0,0.0,0.0,2237.8589994610074,2237.8589994610074,0.0,0.0,2237.8589994610074,2237.8254084471782,0.0,2237.8589994610074,0.0,0.0,2237.8589994610074,2237.8589994610074,0.0,0.0,2237.8589994610074,0.0,2237.8589994610074,0.0,0.0,0.0,0.0,0.0,0.0,0.0,0.0,0.0,0.0,0.0,0.0,0.0,0.0,0.0,0.0,0.0,0.0,2237.8589994610074,2237.8589994610074,2237.8254084471782,0.0,0.0,0.0,0.0,0.0,0.0,0.0,0.0,2237.8589994610074,0.0,0.0,2237.8589994610074,0.0,2237.8254084471782,2237.8589994610074,2237.8254084471782,2237.8589994610074,0.0,0.0,0.0,0.0,0.0,0.0,2237.8589994610074,0.0,2237.8589994610074,2237.8589994610074,0.0,0.0,0.0,0.0,0.0,2237.792188469011,0.0,2237.8589994610074,2237.8589994610074,0.0,2237.8589994610074,0.0,2237.8589994610074,0.0,0.0,2237.8589994610074,0.0,2237.8589994610074,0.0,0.0,0.0,2237.8589994610074,2237.8589994610074,0.0,2237.8589994610074,0.0,0.0,0.0,0.0,0.0,0.0,0.0,0.0,0.0,0.0,0.0,0.0,0.0,0.0,0.0,2237.8254084471782,2237.8589994610074,2237.8589994610074,0.0,0.0,0.0,0.0,0.0,2237.8589994610074,2237.8589994610074,0.0,0.0,2237.8589994610074,0.0,0.0,0.0,0.0,2237.8589994610074,2237.8589994610074,0.0,2237.8589994610074,0.0,2237.8589994610074,2237.8589994610074,0.0,0.0,0.0,0.0,2237.8589994610074,0.0,0.0,0.0,0.0,0.0,0.0,2237.8589994610074,0.0,0.0,0.0,0.0,0.0,2237.8254084471782,0.0,0.0,0.0,0.0,0.0,0.0,0.0,0.0,0.0,0.0,0.0,0.0,0.0,0.0,2237.8589994610074,0.0,0.0,0.0,0.0,0.0,0.0,2237.8254084471782,2237.8589994610074,0.0,0.0,0.0,0.0,0.0,0.0,2237.8254084471782,0.0,2237.8589994610074,0.0,0.0,2237.8589994610074,2237.8589994610074,0.0,0.0,0.0,0.0,2237.8589994610074,0.0,0.0,2237.8589994610074,0.0,0.0,2237.8589994610074,2237.7593395430285,2237.7593395430285,2237.792188469011,2237.6947549128004,2237.8254084471782,0.0,2237.8589994610074,0.0,0.0,0.0,2237.8254084471782,0.0,0.0,0.0,2237.8589994610074
0.0,0.0,0.0,2237.8589994610074,2237.8589994610074,0.0,0.0,0.0,0.0,0.0,0.0,2237.8589994610074,0.0,0.0,0.0,0.0,0.0,0.0,0.0,0.0,0.0,0.0,0.0,0.0,0.0,0.0,0.0,0.0,0.0,0.0,0.0,0.0,0.0,2237.8589994610074,0.0,0.0,0.0,2237.8589994610074,0.0,0.0,2237.8589994610074,0.0,0.0,0.0,0.0,0.0,0.0,0.0,2237.8589994610074,0.0,0.0,0.0,0.0,0.0,0.0,0.0,0.0,0.0,0.0,0.0,2237.8589994610074,0.0,0.0,0.0,2237.8589994610074,0.0,0.0,2237.8589994610074,0.0,0.0,0.0,0.0,0.0,0.0,0.0,2237.8589994610074,0.0,0.0,0.0,0.0,2237.8589994610074,2237.8589994610074,0.0,0.0,0.0,0.0,0.0,0.0,0.0,2237.8589994610074,0.0,2237.8254084471782,0.0,0.0,0.0,0.0,2237.8589994610074,2237.7593395430285,2237.8254084471782,2237.8589994610074,2237.8589994610074,2237.8589994610074,0.0,0.0,2237.8589994610074,0.0,2237.8589994610074,0.0,0.0,0.0,2237.8589994610074,0.0,2237.8589994610074,0.0,2237.8254084471782,0.0,2237.8589994610074,2237.8589994610074,0.0,2237.8589994610074,0.0,0.0,2237.8589994610074,0.0,0.0,0.0,0.0,0.0,0.0,2237.8589994610074,0.0,0.0,0.0,2237.8589994610074,0.0,2237.8589994610074,0.0,0.0,0.0,2237.8589994610074,2237.8589994610074,0.0,0.0,2237.8589994610074,0.0,2237.8254084471782,0.0,0.0,0.0,0.0,0.0,2237.8589994610074,2237.8589994610074,0.0,0.0,0.0,2237.8589994610074,0.0,0.0,0.0,0.0,0.0,0.0,0.0,0.0,0.0,0.0,0.0,0.0,0.0,0.0,0.0,2237.8589994610074,0.0,0.0,0.0,0.0,0.0,0.0,0.0,0.0,0.0,0.0,0.0,0.0,0.0,0.0,0.0,0.0,0.0,0.0,0.0,0.0,0.0,0.0,0.0,2237.8589994610074,0.0,0.0,0.0,0.0,0.0,0.0,2237.8589994610074,0.0,0.0,0.0,0.0,2237.8589994610074,0.0,0.0,0.0,0.0,0.0,0.0,0.0,0.0,0.0,2237.8589994610074,0.0,0.0,0.0,0.0,0.0,0.0,0.0,2237.8589994610074,0.0,0.0,0.0,0.0,0.0,2237.792188469011,0.0,2237.8589994610074,0.0,0.0,0.0,2237.8254084471782,2237.8589994610074,0.0,2237.8589994610074,2237.7593395430285,2237.663019240684,2237.6316546850153,2237.6947549128004,2237.7593395430285,2237.8589994610074,0.0,0.0,0.0,0.0,0.0,0.0,0.0,0.0
0.0,2237.8589994610074,0.0,0.0,2237.8589994610074,2237.8589994610074,0.0,0.0,0.0,0.0,0.0,0.0,0.0,0.0,0.0,0.0,0.0,0.0,0.0,0.0,0.0,0.0,0.0,0.0,2237.8589994610074,0.0,0.0,0.0,0.0,0.0,0.0,2237.8589994610074,2237.8589994610074,0.0,2237.8589994610074,0.0,0.0,2237.8589994610074,2237.8589994610074,2237.8589994610074,0.0,2237.8589994610074,2237.8589994610074,0.0,0.0,0.0,0.0,0.0,0.0,0.0,0.0,0.0,0.0,0.0,2237.8589994610074,0.0,0.0,0.0,0.0,0.0,0.0,2237.8589994610074,2237.8589994610074,2237.8589994610074,0.0,0.0,0.0,0.0,0.0,0.0,0.0,0.0,0.0,0.0,0.0,0.0,0.0,0.0,0.0,0.0,0.0,0.0,0.0,0.0,2237.8589994610074,0.0,0.0,0.0,2237.8589994610074,2237.8589994610074,0.0,0.0,2237.792188469011,0.0,0.0,0.0,2237.8589994610074,2237.792188469011,2237.8589994610074,0.0,2237.8589994610074,2237.8589994610074,2237.8589994610074,0.0,2237.8589994610074,2237.8589994610074,2237.8589994610074,0.0,0.0,0.0,0.0,0.0,0.0,2237.8589994610074,2237.8589994610074,2237.8589994610074,0.0,0.0,2237.8589994610074,0.0,2237.8254084471782,0.0,0.0,0.0,0.0,0.0,0.0,0.0,0.0,0.0,0.0,0.0,0.0,2237.8589994610074,2237.8589994610074,0.0,0.0,0.0,0.0,0.0,0.0,2237.8589994610074,0.0,0.0,0.0,0.0,0.0,0.0,0.0,0.0,0.0,0.0,0.0,0.0,0.0,0.0,2237.8589994610074,0.0,0.0,0.0,0.0,0.0,0.0,0.0,0.0,0.0,0.0,0.0,0.0,0.0,0.0,0.0,0.0,2237.8589994610074,0.0,0.0,0.0,2237.8589994610074,0.0,2237.8589994610074,2237.8589994610074,0.0,0.0,0.0,0.0,0.0,0.0,0.0,0.0,0.0,0.0,2237.8589994610074,0.0,0.0,2237.8589994610074,0.0,0.0,0.0,0.0,0.0,0.0,0.0,0.0,2237.8589994610074,0.0,0.0,0.0,2237.8589994610074,0.0,0.0,0.0,2237.792188469011,2237.8589994610074,2237.8589994610074,0.0,0.0,0.0,2237.8589994610074,0.0,0.0,2237.8254084471782,0.0,0.0,0.0,0.0,2237.8589994610074,0.0,0.0,0.0,0.0,0.0,2237.8589994610074,0.0,0.0,0.0,0.0,0.0,0.0,0.0,0.0,0.0,0.0,2237.7593395430285,2237.726861685573,2237.7593395430285,2237.792188469011,2237.8254084471782,0.0,0.0,0.0,2237.8589994610074,0.0,0.0,0.0,0.0,0.0
0.0,2237.8589994610074,0.0,2237.8589994610074,2237.8589994610074,0.0,0.0,2237.8589994610074,0.0,0.0,0.0,0.0,0.0,2237.8589994610074,0.0,2237.8589994610074,0.0,0.0,2237.8589994610074,0.0,0.0,2237.8589994610074,0.0,0.0,2237.8589994610074,0.0,2237.8589994610074,0.0,0.0,2237.8589994610074,0.0,2237.8589994610074,2237.8589994610074,0.0,0.0,0.0,0.0,0.0,2237.8589994610074,0.0,0.0,2237.8589994610074,0.0,0.0,0.0,0.0,2237.8589994610074,0.0,0.0,0.0,2237.8589994610074,0.0,0.0,0.0,0.0,0.0,0.0,0.0,0.0,0.0,0.0,0.0,0.0,2237.8589994610074,0.0,0.0,0.0,0.0,2237.8589994610074,0.0,0.0,2237.8589994610074,2237.8254084471782,0.0,0.0,0.0,0.0,2237.8589994610074,0.0,0.0,0.0,0.0,0.0,0.0,0.0,2237.8254084471782,0.0,0.0,0.0,0.0,0.0,0.0,2237.8589994610074,2237.8589994610074,2237.8589994610074,0.0,0.0,0.0,0.0,2237.8589994610074,0.0,2237.8589994610074,0.0,2237.8589994610074,0.0,0.0,0.0,0.0,0.0,0.0,2237.8589994610074,0.0,2237.8589994610074,0.0,0.0,2237.8589994610074,0.0,2237.8589994610074,0.0,0.0,0.0,0.0,0.0,0.0,0.0,0.0,0.0,0.0,2237.8589994610074,0.0,0.0,0.0,0.0,0.0,0.0,0.0,0.0,0.0,2237.8589994610074,0.0,2237.8589994610074,0.0,0.0,0.0,0.0,0.0,0.0,0.0,0.0,0.0,0.0,0.0,0.0,0.0,0.0,0.0,2237.8589994610074,0.0,2237.8589994610074,2237.8589994610074,0.0,0.0,0.0,0.0,0.0,0.0,0.0,0.0,0.0,2237.8589994610074,2237.8589994610074,0.0,0.0,2237.8589994610074,0.0,0.0,0.0,0.0,0.0,0.0,0.0,0.0,2237.8589994610074,0.0,2237.8254084471782,0.0,0.0,0.0,0.0,0.0,2237.8589994610074,2237.8589994610074,2237.792188469011,2237.8589994610074,0.0,0.0,0.0,0.0,2237.8589994610074,2237.8589994610074,0.0,2237.8589994610074,0.0,0.0,0.0,2237.8589994610074,0.0,0.0,0.0,0.0,2237.8589994610074,0.0,0.0,0.0,0.0,2237.8589994610074,0.0,0.0,2237.8589994610074,0.0,0.0,0.0,0.0,0.0,0.0,0.0,2237.8589994610074,2237.8589994610074,0.0,0.0,0.0,0.0,0.0,0.0,0.0,2237.8589994610074,0.0,2237.8254084471782,0.0,0.0,2237.8589994610074,2237.8589994610074,2237.8589994610074,2237.792188469011,2237.7593395430285,2237.792188469011,0.0,2237.8254084471782,2237.8589994610074,2237.8589994610074,2237.8589994610074,0.0,0.0,0.0,2237.8589994610074,0.0
0.0,2237.8589994610074,0.0,0.0,0.0,0.0,0.0,0.0,2237.8589994610074,2237.8589994610074,2237.8589994610074,2237.8254084471782,0.0,0.0,0.0,0.0,0.0,0.0,0.0,2237.8589994610074,0.0,0.0,2237.8589994610074,2237.8589994610074,0.0,2237.8589994610074,0.0,0.0,0.0,0.0,0.0,0.0,2237.8589994610074,0.0,0.0,0.0,0.0,2237.8589994610074,0.0,0.0,0.0,0.0,2237.8589994610074,0.0,0.0,2237.8589994610074,2237.8589994610074,0.0,2237.8254084471782,0.0,0.0,0.0,0.0,2237.8589994610074,0.0,0.0,0.0,0.0,0.0,0.0,0.0,2237.8589994610074,0.0,2237.8589994610074,0.0,0.0,0.0,0.0,0.0,2237.8589994610074,2237.8589994610074,0.0,2237.8589994610074,2237.7593395430285,0.0,0.0,0.0,0.0,0.0,0.0,2237.8589994610074,2237.8589994610074,0.0,0.0,2237.8589994610074,0.0,2237.8589994610074,0.0,2237.8589994610074,0.0,0.0,0.0,0.0,2237.8589994610074,0.0,2237.8589994610074,0.0,0.0,0.0,2237.8589994610074,2237.8589994610074,2237.8589994610074,0.0,0.0,0.0,2237.8254084471782,0.0,0.0,0.0,0.0,0.0,0.0,0.0,2237.8589994610074,0.0,2237.8589994610074,0.0,0.0,0.0,2237.8589994610074,2237.8589994610074,0.0,0.0,0.0,0.0,0.0,0.0,0.0,0.0,0.0,0.0,2237.8589994610074,0.0,2237.8589994610074,0.0,0.0,2237.8254084471782,0.0,0.0,0.0,0.0,2237.8589994610074,0.0,0.0,0.0,0.0,0.0,0.0,0.0,0.0,2237.8589994610074,0.0,0.0,0.0,0.0,0.0,0.0,0.0,2237.8589994610074,0.0,0.0,0.0,0.0,0.0,0.0,0.0,0.0,0.0,0.0,0.0,0.0,0.0,0.0,0.0,0.0,0.0,0.0,0.0,2237.8589994610074,0.0,0.0,0.0,0.0,0.0,0.0,0.0,0.0,0.0,0.0,2237.8589994610074,2237.8254084471782,0.0,0.0,0.0,0.0,0.0,0.0,0.0,0.0,0.0,0.0,0.0,0.0,0.0,0.0,2237.8589994610074,2237.8589994610074,0.0,0.0,0.0,0.0,0.0,0.0,0.0,0.0,0.0,0.0,2237.8589994610074,0.0,0.0,0.0,0.0,0.0,2237.8589994610074,2237.8589994610074,2237.8589994610074,0.0,0.0,0.0,2237.8589994610074,0.0,0.0,0.0,0.0,0.0,0.0,2237.8589994610074,2237.8589994610074,0.0,0.0,0.0,0.0,0.0,2237.8589994610074,0.0,0.0,2237.8589994610074,0.0,2237.8254084471782,2237.8589994610074,0.0,0.0,2237.8589994610074,2237.8254084471782,0.0,0.0
0.0,0.0,0.0,2237.8589994610074,0.0,0.0,0.0,0.0,2237.8589994610074,0.0,0.0,2237.8589994610074,2237.8589994610074,2237.8589994610074,2237.8589994610074,2237.8589994610074,0.0,0.0,0.0,2237.8589994610074,0.0,0.0,2237.8589994610074,0.0,0.0,2237.8589994610074,0.0,0.0,0.0,0.0,2237.8589994610074,0.0,0.0,0.0,0.0,0.0,2237.8589994610074,0.0,0.0,0.0,0.0,0.0,0.0,0.0,0.0,0.0,2237.8589994610074,2237.8589994610074,0.0,0.0,0.0,2237.8589994610074,0.0,0.0,0.0,0.0,0.0,0.0,0.0,0.0,0.0,2237.8589994610074,2237.8254084471782,2237.8589994610074,0.0,2237.8589994610074,0.0,0.0,0.0,0.0,2237.8589994610074,2237.8589994610074,0.0,2237.8589994610074,2237.8589994610074,0.0,0.0,0.0,0.0,2237.8589994610074,2237.8589994610074,0.0,0.0,0.0,0.0,0.0,0.0,2237.8589994610074,0.0,0.0,2237.8589994610074,0.0,0.0,2237.8589994610074,0.0,0.0,0.0,0.0,0.0,2237.8254084471782,2237.8589994610074,0.0,2237.8589994610074,0.0,0.0,0.0,0.0,0.0,2237.8589994610074,0.0,2237.8589994610074,0.0,2237.8589994610074,0.0,2237.8589994610074,2237.8589994610074,0.0,2237.8589994610074,0.0,0.0,0.0,0.0,0.0,2237.8589994610074,0.0,0.0,0.0,2237.8589994610074,0.0,0.0,0.0,0.0,0.0,2237.8589994610074,0.0,0.0,2237.8589994610074,0.0,0.0,0.0,0.0,0.0,0.0,0.0,0.0,0.0,0.0,0.0,0.0,0.0,0.0,0.0,0.0,0.0,2237.8589994610074,2237.8589994610074,0.0,0.0,0.0,0.0,0.0,0.0,0.0,2237.8589994610074,0.0,0.0,0.0,0.0,0.0,2237.8589994610074,0.0,0.0,2237.8589994610074,0.0,0.0,2237.8589994610074,0.0,0.0,0.0,0.0,2237.8589994610074,0.0,0.0,2237.8589994610074,0.0,0.0,2237.8589994610074,0.0,2237.8589994610074,0.0,0.0,2237.8589994610074,0.0,0.0,0.0,2237.8589994610074,0.0,0.0,0.0,2237.8589994610074,0.0,0.0,2237.8589994610074,2237.8589994610074,0.0,0.0,0.0,0.0,2237.8254084471782,0.0,0.0,0.0,0.0,0.0,2237.8589994610074,0.0,0.0,0.0,0.0,0.0,0.0,2237.8589994610074,2237.8589994610074,0.0,2237.8589994610074,0.0,0.0,0.0,2237.8589994610074,0.0,2237.8589994610074,2237.8589994610074,0.0,0.0,0.0,2237.8589994610074,0.0,0.0,0.0,2237.8589994610074,0.0,0.0,2237.8589994610074,0.0,0.0,0.0,2237.8589994610074,2237.8589994610074,0.0,0.0,0.0,0.0,2237.8589994610074,0.0,0.0,0.0
0.0,0.0,0.0,2237.8589994610074,2237.8589994610074,0.0,2237.8589994610074,0.0,0.0,0.0,0.0,0.0,0.0,0.0,0.0,0.0,0.0,0.0,0.0,2237.8589994610074,0.0,2237.8589994610074,0.0,0.0,0.0,0.0,2237.8589994610074,0.0,2237.8589994610074,0.0,2237.8254084471782,0.0,0.0,0.0,2237.8254084471782,2237.8589994610074,0.0,0.0,0.0,0.0,0.0,0.0,0.0,0.0,0.0,0.0,0.0,0.0,0.0,0.0,0.0,0.0,0.0,0.0,2237.8589994610074,0.0,0.0,2237.8254084471782,0.0,0.0,0.0,0.0,2237.8589994610074,2237.8254084471782,0.0,2237.8254084471782,0.0,0.0,0.0,2237.8589994610074,0.0,0.0,0.0,0.0,0.0,0.0,2237.8589994610074,2237.8589994610074,0.0,0.0,0.0,2237.8589994610074,0.0,0.0,0.0,0.0,2237.8589994610074,0.0,0.0,0.0,0.0,0.0,2237.8589994610074,2237.8589994610074,2237.8589994610074,2237.8589994610074,0.0,0.0,0.0,0.0,2237.8589994610074,2237.8589994610074,0.0,0.0,2237.8589994610074,0.0,0.0,0.0,0.0,2237.8589994610074,2237.8589994610074,0.0,2237.8589994610074,0.0,0.0,0.0,2237.8589994610074,0.0,0.0,0.0,0.0,0.0,0.0,0.0,0.0,0.0,2237.8589994610074,2237.8589994610074,0.0,0.0,2237.8589994610074,0.0,2237.8589994610074,0.0,0.0,2237.8589994610074,0.0,0.0,0.0,0.0,0.0,0.0,0.0,2237.8589994610074,0.0,2237.8589994610074,0.0,0.0,0.0,2237.8254084471782,0.0,0.0,0.0,0.0,0.0,2237.8589994610074,2237.8589994610074,2237.8589994610074,0.0,0.0,0.0,0.0,0.0,0.0,2237.8589994610074,2237.8254084471782,0.0,0.0,0.0,0.0,0.0,0.0,0.0,0.0,2237.8589994610074,0.0,0.0,0.0,2237.8589994610074,0.0,0.0,2237.8589994610074,2237.8589994610074,0.0,2237.8589994610074,2237.8254084471782,0.0,2237.8589994610074,0.0,0.0,0.0,0.0,0.0,2237.8254084471782,0.0,0.0,2237.8589994610074,0.0,0.0,0.0,0.0,0.0,0.0,0.0,0.0,0.0,0.0,0.0,2237.8589994610074,0.0,0.0,0.0,0.0,0.0,0.0,0.0,0.0,0.0,0.0,0.0,0.0,0.0,0.0,2237.8589994610074,0.0,2237.8589994610074,0.0,2237.8589994610074,2237.8589994610074,0.0,0.0,2237.8589994610074,2237.8589994610074,0.0,0.0,2237.8254084471782,2237.8589994610074,2237.8589994610074,0.0,0.0,0.0,0.0,2237.8589994610074,2237.8589994610074,2237.8589994610074,0.0,0.0,0.0,0.0,2237.8589994610074,0.0,0.0,0.0,0.0,2237.8589994610074,0.0
0.0,0.0,0.0,2237.8589994610074,2237.8589994610074,2237.8589994610074,0.0,2237.8589994610074,0.0,0.0,0.0,0.0,0.0,0.0,2237.8589994610074,0.0,0.0,0.0,0.0,0.0,0.0,0.0,0.0,0.0,2237.8589994610074,0.0,0.0,2237.8589994610074,0.0,0.0,0.0,0.0,0.0,0.0,0.0,0.0,2237.8589994610074,2237.8589994610074,2237.8589994610074,2237.8589994610074,0.0,0.0,0.0,2237.8589994610074,0.0,2237.8589994610074,0.0,0.0,0.0,2237.8589994610074,0.0,2237.8589994610074,2237.8589994610074,2237.8254084471782,0.0,2237.8589994610074,0.0,0.0,0.0,0.0,0.0,2237.8589994610074,0.0,0.0,0.0,0.0,0.0,0.0,2237.8589994610074,0.0,0.0,0.0,2237.8254084471782,2237.8589994610074,2237.8589994610074,0.0,2237.8589994610074,0.0,0.0,2237.8589994610074,2237.8589994610074,0.0,2237.8589994610074,0.0,0.0,0.0,2237.8589994610074,0.0,0.0,0.0,0.0,2237.8254084471782,0.0,0.0,0.0,2237.8254084471782,0.0,0.0,0.0,2237.8589994610074,2237.8589994610074,0.0,2237.8589994610074,0.0,2237.8589994610074,0.0,0.0,0.0,0.0,2237.8254084471782,0.0,0.0,2237.8589994610074,0.0,0.0,2237.8589994610074,2237.8589994610074,0.0,0.0,0.0,0.0,0.0,2237.8589994610074,0.0,0.0,0.0,0.0,0.0,0.0,0.0,0.0,0.0,2237.8589994610074,0.0,0.0,2237.8589994610074,0.0,2237.8589994610074,0.0,0.0,0.0,0.0,0.0,0.0,2237.8254084471782,2237.8589994610074,2237.8589994610074,0.0,0.0,0.0,0.0,0.0,0.0,0.0,0.0,0.0,0.0,0.0,0.0,0.0,0.0,0.0,2237.8589994610074,2237.8589994610074,0.0,2237.8589994610074,0.0,2237.8589994610074,2237.8589994610074,2237.8589994610074,0.0,0.0,2237.8589994610074,0.0,0.0,0.0,2237.8589994610074,0.0,0.0,0.0,0.0,0.0,2237.8589994610074,0.0,2237.8254084471782,2237.8254084471782,0.0,0.0,2237.8589994610074,0.0,2237.8589994610074,2237.8589994610074,2237.8589994610074,0.0,0.0,0.0,0.0,2237.8254084471782,0.0,0.0,0.0,0.0,0.0,0.0,2237.8254084471782,0.0,0.0,0.0,0.0,0.0,0.0,0.0,0.0,0.0,0.0,0.0,0.0,0.0,0.0,0.0,0.0,0.0,0.0,2237.8589994610074,2237.8589994610074,0.0,0.0,2237.8589994610074,2237.8589994610074,0.0,2237.8589994610074,0.0,0.0,2237.8589994610074,2237.8589994610074,0.0,2237.8589994610074,2237.8589994610074,0.0,2237.8589994610074,2237.8589994610074,0.0,2237.8589994610074,0.0,0.0,2237.8589994610074,0.0,0.0,2237.8589994610074,2237.8589994610074,0.0,2237.7593395430285,2237.8589994610074,0.0,0.0,2237.8589994610074
