,,,,,,,,,,,,,,,,,,,,,,,,,,,,,,,,,,,,,,,,,,,,,,,,,,,,,,,,,,,,,,,,,,,,,,,,,,,,,,,,,,,,,,,,,,,,,,,,,,,,,,,,,,,,,,,,,,,,,,,,,,,,,,,,,,,,,,,,,,,,,,,,,,,,,,,,,,,,,,,,,,,,,,,,,,,,,,,,,,,,,,,,,,,,,,,,,,,,,,,,,,,,,,,,,,,,,,,,,,,,,,,,,,,,,,,,,,,,,,,,,,,,,,,,,,,,,,,
,,,,,,,,,,,,,,,,,,,,,,,,,,,,,,,,,,,,,,,,,,,,,,,,,,,,,,,,,,,,,,,,,,,,,,,,,,,,,,,,,,,,,,,,,,,,,,,,,,,,,,,,,,,,,,,,,,,,,,,,,,,,,,,,,,,,,,,,,,,,,,,,,,,,,,,,,,,,,,,,,,,,,,,,,,,,,,,,,,,,,,,,,,,,,,,,,,,,,,,,,,,,,,,,,,,,,,,,,,,,,,,,,,,,,,,,,,,,,,,,,,,,,,,,,,,,,,,
,,,,,,,,,,,,,,,,,,,,,,,,,,,,,,,,,,,,,,,,,,,,,,,,,,,,,,,,,,,,,,,,,,,,,,,,,,,,,,,,,,,,,,,,,,,,,,,,,,,,,,,,,,,,,,,,,,,,,,,,,,,,,,,,,,,,,,,,,,,,,,,,,,,,,,,,,,,,,,,,,,,,,,,,,,,,,,,,,,,,,,,,,,,,,,,,,,,,,,,,,,,,,,,,,,,,,,,,,,,,,,,,,,,,,,,,,,,,,,,,,,,,,,,,,,,,,,,
,,,,,,,,,,,,,,,,,,,,,,,,,,,,,,,,,,,,,,,,,,,,,,,,,,,,,,,,,,,,,,,,,,,,,,,,,,,,,,,,,,,,,,,,,,,,,,,,,,,,,,,,,,,,,,,,,,,,,,,,,,,,,,,,,,,,,,,,,,,,,,,,,,,,,,,,,,,,,,,,,,,,,,,,,,,,,,,,,,,,,,,,,,,,,,,,,,,,,,,,,,,,,,,,,,,,,,,,,,,,,,,,,,,,,,,,,,,,,,,,,,,,,,,,,,,,,,,
,,,,,,,,,,,,,,,,,,,,,,,,,,,,,,,,,,,,,,,,,,,,,,,,,,,,,,,,,,,,,,,,,,,,,,,,,,,,,,,,,,,,,,,,,,,,,,,,,,,,,,,,,,,,,,,,,,,,,,,,,,,,,,,,,,,,,,,,,,,,,,,,,,,,,,,,,,,,,,,,,,,,,,,,,,,,,,,,,,,,,,,,,,,,,,,,,,,,,,,,,,,,,,,,,,,,,,,,,,,,,,,,,,,,,,,,,,,,,,,,,,,,,,,,,,,,,,,
,,,,,,,,,,,,,,,,,,,,,,,,,,,,,,,,,,,,,,,,,,,,,,,,,,,,,,,,,,,,,,,,,,,,,,,,,,,,,,,,,,,,,,,,,,,,,,,,,,,,,,,,,,,,,,,,,,,,,,,,,,,,,,,,,,,,,,,,,,,,,,,,,,,,,,,,,,,,,,,,,,,,,,,,,,,,,,,,,,,,,,,,,,,,,,,,,,,,,,,,,,,,,,,,,,,,,,,,,,,,,,,,,,,,,,,,,,,,,,,,,,,,,,,,,,,,,,,
,,,,,,,,,,,,,,,,,,,,,,,,,,,,,,,,,,,,,,,,,,,,,,,,,,,,,,,,,,,,,,,,,,,,,,,,,,,,,,,,,,,,,,,,,,,,,,,,,,,,,,,,,,,,,,,,,,,,,,,,,,,,,,,,,,,,,,,,,,,,,,,,,,,,,,,,,,,,,,,,,,,,,,,,,,,,,,,,,,,,,,,,,,,,,,,,,,,,,,,,,,,,,,,,,,,,,,,,,,,,,,,,,,,,,,,,,,,,,,,,,,,,,,,,,,,,,,,
,,,,,,,,,,,,,,,,,,,,,,,,,,,,,,,,,,,,,,,,,,,,,,,,,,,,,,,,,,,,,,,,,,,,,,,,,,,,,,,,,,,,,,,,,,,,,,,,,,,,,,,,,,,,,,,,,,,,,,,,,,,,,,,,,,,,,,,,,,,,,,,,,,,,,,,,,,,,,,,,,,,,,,,,,,,,,,,,,,,,,,,,,,,,,,,,,,,,,,,,,,,,,,,,,,,,,,,,,,,,,,,,,,,,,,,,,,,,,,,,,,,,,,,,,,,,,,,
,,,,,,,,,,,,,,,,,,,,,,,,,,,,,,,,,,,,,,,,,,,,,,,,,,,,,,,,,,,,,,,,,,,,,,,,,,,,,,,,,,,,,,,,,,,,,,,,,,,,,,,,,,,,,,,,,,,,,,,,,,,,,,,,,,,,,,,,,,,,,,,,,,,,,,,,,,,,,,,,,,,,,,,,,,,,,,,,,,,,,,,,,,,,,,,,,,,,,,,,,,,,,,,,,,,,,,,,,,,,,,,,,,,,,,,,,,,,,,,,,,,,,,,,,,,,,,,
,,,,,,,,,,,,,,,,,,,,,,,,,,,,,,,,,,,,,,,,,,,,,,,,,,,,,,,,,,,,,,,,,,,,,,,,,,,,,,,,,,,,,,,,,,,,,,,,,,,,,,,,,,,,,,,,,,,,,,,,,,,,,,,,,,,,,,,,,,,,,,,,,,,,,,,,,,,,,,,,,,,,,,,,,,,,,,,,,,,,,,,,,,,,,,,,,,,,,,,,,,,,,,,,,,,,,,,,,,,,,,,,,,,,,,,,,,,,,,,,,,,,,,,,,,,,,,,
,,,,,,,,,,,,,,,,,,,,,,,,,,,,,,,,,,,,,,,,,,,,,,,,,,,,,,,,,,,,,,,,,,,,,,,,,,,,,,,,,,,,,,,,,,,,,,,,,,,,,,,,,,,,,,,,,,,,,,,,,,,,,,,,,,,,,,,,,,,,,,,,,,,,,,,,,,,,,,,,,,,,,,,,,,,,,,,,,,,,,,,,,,,,,,,,,,,,,,,,,,,,,,,,,,,,,,,,,,,,,,,,,,,,,,,,,,,,,,,,,,,,,,,,,,,,,,,
,,,,,,,,,,,,,,,,,,,,,,,,,,,,,,,,,,,,,,,,,,,,,,,,,,,,,,,,,,,,,,,,,,,,,,,,,,,,,,,,,,,,,,,,,,,,,,,,,,,,,,,,,,,,,,,,,,,,,,,,,,,,,,,,,,,,,,,,,,,,,,,,,,,,,,,,,,,,,,,,,,,,,,,,,,,,,,,,,,,,,,,,,,,,,,,,,,,,,,,,,,,,,,,,,,,,,,,,,,,,,,,,,,,,,,,,,,,,,,,,,,,,,,,,,,,,,,,
,,,,,,,,,,,,,,,,,,,,,,,,,,,,,,,,,,,,,,,,,,,,,,,,,,,,,,,,,,,,,,,,,,,,,,,,,,,,,,,,,,,,,,,,,,,,,,,,,,,,,,,,,,,,,,,,,,,,,,,,,,,,,,,,,,,,,,,,,,,,,,,,,,,,,,,,,,,,,,,,,,,,,,,,,,,,,,,,,,,,,,,,,,,,,,,,,,,,,,,,,,,,,,,,,,,,,,,,,,,,,,,,,,,,,,,,,,,,,,,,,,,,,,,,,,,,,,,
,,,,,,,,,,,,,,,,,,,,,,,,,,,,,,,,,,,,,,,,,,,,,,,,,,,,,,,,,,,,,,,,,,,,,,,,,,,,,,,,,,,,,,,,,,,,,,,,,,,,,,,,,,,,,,,,,,,,,,,,,,,,,,,,,,,,,,,,,,,,,,,,,,,,,,,,,,,,,,,,,,,,,,,,,,,,,,,,,,,,,,,,,,,,,,,,,,,,,,,,,,,,,,,,,,,,,,,,,,,,,,,,,,,,,,,,,,,,,,,,,,,,,,,,,,,,,,,
,,,,,,,,,,,,,,,,,,,,,,,,,,,,,,,,,,,,,,,,,,,,,,,,,,,,,,,,,,,,,,,,,,,,,,,,,,,,,,,,,,,,,,,,,,,,,,,,,,,,,,,,,,,,,,,,,,,,,,,,,,,,,,,,,,,,,,,,,,,,,,,,,,,,,,,,,,,,,,,,,,,,,,,,,,,,,,,,,,,,,,,,,,,,,,,,,,,,,,,,,,,,,,,,,,,,,,,,,,,,,,,,,,,,,,,,,,,,,,,,,,,,,,,,,,,,,,,
,,,,,,,,,,,,,,,,,,,,,,,,,,,,,,,,,,,,,,,,,,,,,,,,,,,,,,,,,,,,,,,,,,,,,,,,,,,,,,,,,,,,,,,,,,,,,,,,,,,,,,,,,,,,,,,,,,,,,,,,,,,,,,,,,,,,,,,,,,,,,,,,,,,,,,,,,,,,,,,,,,,,,,,,,,,,,,,,,,,,,,,,,,,,,,,,,,,,,,,,,,,,,,,,,,,,,,,,,,,,,,,,,,,,,,,,,,,,,,,,,,,,,,,,,,,,,,,
,,,,,,,,,,,,,,,,,,,,,,,,,,,,,,,,,,,,,,,,,,,,,,,,,,,,,,,,,,,,,,,,,,,,,,,,,,,,,,,,,,,,,,,,,,,,,,,,,,,,,,,,,,,,,,,,,,,,,,,,,,,,,,,,,,,,,,,,,,,,,,,,,,,,,,,,,,,,,,,,,,,,,,,,,,,,,,,,,,,,,,,,,,,,,,,,,,,,,,,,,,,,,,,,,,,,,,,,,,,,,,,,,,,,,,,,,,,,,,,,,,,,,,,,,,,,,,,
,,,,,,,,,,,,,,,,,,,,,,,,,,,,,,,,,,,,,,,,,,,,,,,,,,,,,,,,,,,,,,,,,,,,,,,,,,,,,,,,,,,,,,,,,,,,,,,,,,,,,,,,,,,,,,,,,,,,,,,,,,,,,,,,,,,,,,,,,,,,,,,,,,,,,,,,,,,,,,,,,,,,,,,,,,,,,,,,,,,,,,,,,,,,,,,,,,,,,,,,,,,,,,,,,,,,,,,,,,,,,,,,,,,,,,,,,,,,,,,,,,,,,,,,,,,,,,,
,,,,,,,,,,,,,,,,,,,,,,,,,,,,,,,,,,,,,,,,,,,,,,,,,,,,,,,,,,,,,,,,,,,,,,,,,,,,,,,,,,,,,,,,,,,,,,,,,,,,,,,,,,,,,,,,,,,,,,,,,,,,,,,,,,,,,,,,,,,,,,,,,,,,,,,,,,,,,,,,,,,,,,,,,,,,,,,,,,,,,,,,,,,,,,,,,,,,,,,,,,,,,,,,,,,,,,,,,,,,,,,,,,,,,,,,,,,,,,,,,,,,,,,,,,,,,,,
,,,,,,,,,,,,,,,,,,,,,,,,,,,,,,,,,,,,,,,,,,,,,,,,,,,,,,,,,,,,,,,,,,,,,,,,,,,,,,,,,,,,,,,,,,,,,,,,,,,,,,,,,,,,,,,,,,,,,,,,,,,,,,,,,,,,,,,,,,,,,,,,,,,,,,,,,,,,,,,,,,,,,,,,,,,,,,,,,,,,,,,,,,,,,,,,,,,,,,,,,,,,,,,,,,,,,,,,,,,,,,,,,,,,,,,,,,,,,,,,,,,,,,,,,,,,,,,
,,,,,,,,,,,,,,,,,,,,,,,,,,,,,,,,,,,,,,,,,,,,,,,,,,,,,,,,,,,,,,,,,,,,,,,,,,,,,,,,,,,,,,,,,,,,,,,,,,,,,,,,,,,,,,,,,,,,,,,,,,,,,,,,,,,,,,,,,,,,,,,,,,,,,,,,,,,,,,,,,,,,,,,,,,,,,,,,,,,,,,,,,,,,,,,,,,,,,,,,,,,,,,,,,,,,,,,,,,,,,,,,,,,,,,,,,,,,,,,,,,,,,,,,,,,,,,,
,,,,,,,,,,,,,,,,,,,,,,,,,,,,,,,,,,,,,,,,,,,,,,,,,,,,,,,,,,,,,,,,,,,,,,,,,,,,,,,,,,,,,,,,,,,,,,,,,,,,,,,,,,,,,,,,,,,,,,,,,,,,,,,,,,,,,,,,,,,,,,,,,,,,,,,,,,,,,,,,,,,,,,,,,,,,,,,,,,,,,,,,,,,,,,,,,,,,,,,,,,,,,,,,,,,,,,,,,,,,,,,,,,,,,,,,,,,,,,,,,,,,,,,,,,,,,,,
,,,,,,,,,,,,,,,,,,,,,,,,,,,,,,,,,,,,,,,,,,,,,,,,,,,,,,,,,,,,,,,,,,,,,,,,,,,,,,,,,,,,,,,,,,,,,,,,,,,,,,,,,,,,,,,,,,,,,,,,,,,,,,,,,,,,,,,,,,,,,,,,,,,,,,,,,,,,,,,,,,,,,,,,,,,,,,,,,,,,,,,,,,,,,,,,,,,,,,,,,,,,,,,,,,,,,,,,,,,,,,,,,,,,,,,,,,,,,,,,,,,,,,,,,,,,,,,
,,,,,,,,,,,,,,,,,,,,,,,,,,,,,,,,,,,,,,,,,,,,,,,,,,,,,,,,,,,,,,,,,,,,,,,,,,,,,,,,,,,,,,,,,,,,,,,,,,,,,,,,,,,,,,,,,,,,,,,,,,,,,,,,,,,,,,,,,,,,,,,,,,,,,,,,,,,,,,,,,,,,,,,,,,,,,,,,,,,,,,,,,,,,,,,,,,,,,,,,,,,,,,,,,,,,,,,,,,,,,,,,,,,,,,,,,,,,,,,,,,,,,,,,,,,,,,,
,,,,,,,,,,,,,,,,,,,,,,,,,,,,,,,,,,,,,,,,,,,,,,,,,,,,,,,,,,,,,,,,,,,,,,,,,,,,,,,,,,,,,,,,,,,,,,,,,,,,,,,,,,,,,,,,,,,,,,,,,,,,,,,,,,,,,,,,,,,,,,,,,,,,,,,,,,,,,,,,,,,,,,,,,,,,,,,,,,,,,,,,,,,,,,,,,,,,,,,,,,,,,,,,,,,,,,,,,,,,,,,,,,,,,,,,,,,,,,,,,,,,,,,,,,,,,,,
,,,,,,,,,,,,,,,,,,,,,,,,,,,,,,,,,,,,,,,,,,,,,,,,,,,,,,,,,,,,,,,,,,,,,,,,,,,,,,,,,,,,,,,,,,,,,,,,,,,,,,,,,,,,,,,,,,,,,,,,,,,,,,,,,,,,,,,,,,,,,,,,,,,,,,,,,,,,,,,,,,,,,,,,,,,,,,,,,,,,,,,,,,,,,,,,,,,,,,,,,,,,,,,,,,,,,,,,,,,,,,,,,,,,,,,,,,,,,,,,,,,,,,,,,,,,,,,
,,,,,,,,,,,,,,,,,,,,,,,,,,,,,,,,,,,,,,,,,,,,,,,,,,,,,,,,,,,,,,,,,,,,,,,,,,,,,,,,,,,,,,,,,,,,,,,,,,,,,,,,,,,,,,,,,,,,,,,,,,,,,,,,,,,,,,,,,,,,,,,,,,,,,,,,,,,,,,,,,,,,,,,,,,,,,,,,,,,,,,,,,,,,,,,,,,,,,,,,,,,,,,,,,,,,,,,,,,,,,,,,,,,,,,,,,,,,,,,,,,,,,,,,,,,,,,,
,,,,,,,,,,,,,,,,,,,,,,,,,,,,,,,,,,,,,,,,,,,,,,,,,,,,,,,,,,,,,,,,,,,,,,,,,,,,,,,,,,,,,,,,,,,,,,,,,,,,,,,,,,,,,,,,,,,,,,,,,,,,,,,,,,,,,,,,,,,,,,,,,,,,,,,,,,,,,,,,,,,,,,,,,,,,,,,,,,,,,,,,,,,,,,,,,,,,,,,,,,,,,,,,,,,,,,,,,,,,,,,,,,,,,,,,,,,,,,,,,,,,,,,,,,,,,,,
,,,,,,,,,,,,,,,,,,,,,,,,,,,,,,,,,,,,,,,,,,,,,,,,,,,,,,,,,,,,,,,,,,,,,,,,,,,,,,,,,,,,,,,,,,,,,,,,,,,,,,,,,,,,,,,,,,,,,,,,,,,,,,,,,,,,,,,,,,,,,,,,,,,,,,,,,,,,,,,,,,,,,,,,,,,,,,,,,,,,,,,,,,,,,,,,,,,,,,,,,,,,,,,,,,,,,,,,,,,,,,,,,,,,,,,,,,,,,,,,,,,,,,,,,,,,,,,
,,,,,,,,,,,,,,,,,,,,,,,,,,,,,,,,,,,,,,,,,,,,,,,,,,,,,,,,,,,,,,,,,,,,,,,,,,,,,,,,,,,,,,,,,,,,,,,,,,,,,,,,,,,,,,,,,,,,,,,,,,,,,,,,,,,,,,,,,,,,,,0.5762758747867781,0.5762758747867781,0.3457655248720668,,,,,,,,,,,,,,,,,,,,,,,,,,,,,,,,,,,,,,,,,,,,,,,,,,,,,,,,,,,,,,,,,,,,,,,,,,,,,,,,,,,,,,,,,,,,,,,,,,,,,,,,,,,,,,,
,,,,,,,,,,,,,,,,,,,,,,,,,,,,,,,,,,,,,,,,,,,,,,,,,,,,,,,,,,,,,,,,,,,,,,,,,,,,,,,,,,,,,,,,,,,,,,,,,,,,,,,,,,,,,,,,,,,,,,,,,,,,,,,,,,,,,,,,,,,,,0.5762758747867781,1.0372965746162006,1.1525517495735562,0.9220413996588447,,,,,,,,,,,,,,,,,,,,,,,,,,,,,,,,,,,,,,,,,,,,,,,,,,,,,,,,,,,,,,,,,,,,,,,,,,,,,,,,,,,,,,,,,,,,,,,,,,,,,,,,,,,,,,,
,,,,,,,,,,,,,,,,,,,,,,,,,,,,,,,,,,,,,,,,,,,,,,,,,,,,,,,,,,,,,,,,,,,,,,,,,,,,,,,,,,,,,,,,,,,,,,,,,,,,,,,,,,,,,,,,,,,,,,,,,,,,,,,,,,,,,,,,,,,,,0.46102069982942234,0.8067862247014891,0.9220413996588447,0.46102069982942234,,,,,,,,,,,,,,,,,,,,,,,,,,,,,,,,,,,,,,,,,,,,,,,,,,,,,,,,,,,,,,,,,,,,,,,,,,,,,,,,,,,,,,,,,,,,,,,,,,,,,,,,,,,,,,,
,,,,,,,,,,,,,,,,,,,,,,,,,,,,,,,,,,,,,,,,,,,,,,,,,,,,,,,,,,,,,,,,,,,,,,,,,,,,,,,,,,,,,,,,,,,,,,,,,,,,,,,,,,,,,,,,,,,,,,,,,,,,,,,,,,,,,,,,,,,,,,0.46102069982942234,0.5762758747867781,0.6915310497441336,0.46102069982942234,,,,,,,,,,,,,,,,,,,,,,,,,,,,,,,,,,,,,,,,,,,,,,,,,,,,,,,,,,,,,,,,,,,,,,,,,,,,,,,,,,,,,,,,,,,,,,,,,,,,,,,,,,,,,,
,,,,,,,,,,,,,,,,,,,,,,,,,,,,,,,,,,,,,,,,,,,,,,,,,,,,,,,,,,,,,,,,,,,,,,,,,,,,,,,,,,,,,,,,,,,,,,,,,,,,,,,,,,,,,,,,,,,,,,,,,,,,,,,,,,,,,,,,,,,,,,0.5762758747867781,0.46102069982942234,0.8067862247014891,0.9220413996588447,0.3457655248720668,,,,,,,,,,,,,,,,,,,,,,,,,,,,,,,,,,,,,,,,,,,,,,,,,,,,,,,,,,,,,,,,,,,,,,,,,,,,,,,,,,,,,,,,,,,,,,,,,,,,,,,,,,,,,
,,,,,,,,,,,,,,,,,,,,,,,,,,,,,,,,,,,,,,,,,,,,,,,,,,,,,,,,,,,,,,,,,,,,,,,,,,,,,,,,,,,,,,,,,,,,,,,,,,,,,,,,,,,,,,,,,,,,,,,,,,,,,,,,,,,,,,,,,1.0372965746162006,,,,,0.3457655248720668,0.9220413996588447,0.6915310497441336,0.6915310497441336,0.23051034991471117,,,,,,,,,,,,,,,,,,,,,,,,,,,,,,,,,,,,,,,,,,,,,,,,,,,,,,,,,,,,,,,,,,,,,,,,,,,,,,,,,,,,,,,,,,,,,,,,,,,,,,,,,,,,,
,,,,,,,,,,,,,,,,,,,,,,,,,,,,,,,,,,,,,,,,,,,,,,,,,,,,,,,,,,,,,,,,,,,,,,,,,,,,,,,,,,,,,,,,,,,,,,,,,,,,,,,,,,,,,,,,,,,,,,,,,,,,,,,,,,,,,,,,0.8067862247014891,0.8067862247014891,0.3457655248720668,,,0.8067862247014891,0.46102069982942234,0.6915310497441336,0.6915310497441336,0.23051034991471117,0.9220413996588447,0.46102069982942234,0.6915310497441336,1.0372965746162006,,,,,,,,,,,,,,,,,,,,,,,,,,,,,,,,,,,,,,,,,,,,,,,,,,,,,,,,,,,,,,,,,,,,,,,,,,,,,,,,,,,,,,,,,,,,,,,,,,,,,,,,,,
,,,,,,,,,,,,,,,,,,,,,,,,,,,,,,,,,,,,,,,,,,,,,,,,,,,,,,,,,,,,,,,,,,,,,,,,,,,,,,,,,,,,,,,,,,,,,,,,,,,,,,,,,,,,,,,,,,,,,,,,,,,,,,,,,,,,,,,,0.46102069982942234,0.46102069982942234,0.46102069982942234,0.9220413996588447,0.5762758747867781,0.5762758747867781,0.3457655248720668,0.46102069982942234,0.6915310497441336,0.3457655248720668,0.46102069982942234,0.8067862247014891,0.5762758747867781,0.46102069982942234,,,,,,,,,,,,,,,,,,,,,,,,,,,,,,,,,,,,,,,,,,,,,,,,,,,,,,,,,,,,,,,,,,,,,,,,,,,,,,,,,,,,,,,,,,,,,,,,,,,,,,,,,,
,,,,,,,,,,,,,,,,,,,,,,,,,,,,,,,,,,,,,,,,,,,,,,,,,,,,,,,,,,,,,,,,,,,,,,,,,,,,,,,,,,,,,,,,,,,,,,,,,,,,,,,,,,,,,,,,,,,,,,,,,,,,,,,,,,,,,,,,0.3457655248720668,0.9220413996588447,0.6915310497441336,,,,0.8067862247014891,0.5762758747867781,0.5762758747867781,0.3457655248720668,0.6915310497441336,0.8067862247014891,0.6915310497441336,0.3457655248720668,,,0.11525517495735559,0.6915310497441336,,,,,,,,,,,,,,,,,,,,,,,,,,,,,,,,,,,,,,,,,,,,,,,,,,,,,,,,,,,,,,,,,,,,,,,,,,,,,,,,,,,,,,,,,,,,,,,,,,,,,,
,,,,,,,,,,,,,,,,,,,,,,,,,,,,,,,,,,,,,,,,,,,,,,,,,,,,,,,,,,,,,,,,,,,,,,,,,,,,,,,,,,,,,,,,,,,,,,,,,,,,,,,,,,,,,,,,,,,,,,,,,,,1.0372965746162006,,,,,,,,,,,,,0.9220413996588447,0.46102069982942234,0.46102069982942234,,,,0.5762758747867781,0.6915310497441336,0.6915310497441336,1.2678069245309116,0.46102069982942234,0.3457655248720668,0.46102069982942234,0.6915310497441336,0.23051034991471117,0.8067862247014891,1.0372965746162006,0.5762758747867781,,,,,,,,,,,,,,,,,,,,,,,,,,,,,,,,,,,,,,,,,,,,,,,,,,,,,,,,,,,,,,,,,,,,,,,,,,,,,,,,,,,,,,,,,,,,,,,,,,,,,,
,,,,,,,,,,,,,,,,,,,,,,,,,,,,,,,,,,,,,,,,,,,,,,,,,,,,,,,,,,,,,,,,,,,,,,,,,,,,,,,,,,,,,,,,,,,,,,,,,,,,,,,,,,,,,,,,,,,,,,,,,,,0.5762758747867781,0.9220413996588447,,,,,,,,,,,,,0.3457655248720668,,,,0.5762758747867781,0.5762758747867781,0.5762758747867781,0.8067862247014891,0.3457655248720668,0.6915310497441336,0.5762758747867781,0.5762758747867781,0.9220413996588447,0.46102069982942234,0.6915310497441336,0.46102069982942234,0.3457655248720668,,,,,,,,,,,,,,,,,,,,,,,,,,,,,,,,,,,,,,,,,,,,,,,,,,,,,,,,,,,,,,,,,,,,,,,,,,,,,,,,,,,,,,,,,,,,,,,,,,,,,,
,,,,,,,,,,,,,,,,,,,,,,,,,,,,,,,,,,,,,,,,,,,,,,,,,,,,,,,,,,,,,,,,,,,,,,,,,,,,,,,,,,,,,,,,,,,,,,,,,,,,,,,,,,,,,,,,,,,,,,0.46102069982942234,0.6915310497441336,,,,0.5762758747867781,,,,,,,,,,,,,,,,,0.3457655248720668,0.6915310497441336,0.6915310497441336,0.6915310497441336,0.5762758747867781,0.8067862247014891,0.6915310497441336,0.6915310497441336,0.5762758747867781,0.3457655248720668,0.3457655248720668,0.46102069982942234,0.9220413996588447,0.11525517495735559,,,,,,,,,,,,,,,,,,,,,,,,,,,,,,,,,,,,,,,,,,,,,,,,,,,,,,,,,,,,,,,,,,,,,,,,,,,,,,,,,,,,,,,,,,,,,,,,,,,,,,
,,,,,,,,,,,,,,,,,,,,,,,,,,,,,,,,,,,,,,,,,,,,,,,,,,,,,,,,,,,,,,,,,,,,,,,,,,,,,,,,,,,,,,,,,,,,,,,,,,,,,,,0.9220413996588447,,,,,,,,,,,,,,,0.8067862247014891,,,,0.6915310497441336,0.5762758747867781,0.46102069982942234,0.46102069982942234,,,,,,0.46102069982942234,0.8067862247014891,0.5762758747867781,,,0.5762758747867781,0.5762758747867781,,,1.0372965746162006,0.46102069982942234,0.5762758747867781,0.8067862247014891,0.3457655248720668,0.5762758747867781,1.0372965746162006,0.5762758747867781,0.5762758747867781,0.6915310497441336,0.46102069982942234,0.6915310497441336,0.46102069982942234,1.0372965746162006,,,,,,,,,,,,,,,,,,,,,,,,,,,,,,,,,,,,,,,,,,,,,,,,,,,,,,,,,,,,,,,,,,,,,,,,,,,,,,,,,,,,,,,,,,,,,,,,,,,,,,
,,,,,,,,,,,,,,,,,,,,,,,,,,,,,,,,,,,,,,,,,,,,,,,,,,,,,,,,,,,,,,,,,,,,,,,,,,,,,,,,,,,,,,,,,,,,,,,,,,,,,,,0.46102069982942234,,,,,,,,,,,,0.6915310497441336,0.23051034991471117,0.46102069982942234,0.5762758747867781,,,,0.5762758747867781,0.6915310497441336,0.9220413996588447,1.1525517495735562,0.5762758747867781,,,,0.5762758747867781,0.6915310497441336,1.1525517495735562,0.8067862247014891,0.3457655248720668,0.5762758747867781,0.6915310497441336,0.8067862247014891,0.5762758747867781,0.3457655248720668,1.0372965746162006,0.8067862247014891,0.5762758747867781,0.3457655248720668,0.11525517495735559,0.6915310497441336,0.3457655248720668,0.3457655248720668,0.3457655248720668,0.5762758747867781,1.3830620994882672,0.5762758747867781,0.5762758747867781,0.9220413996588447,0.23051034991471117,,,0.8067862247014891,,,,,,,,,,,,,,,,,,,,,,,,,,,,,,,,,,,,,,,,,,,,,,,,,,,,,,,,,,,,,,,,,,,,,,,,,,,,,,,,,,,,,,,,,,,,,,,,,,
,,,,,,,,,,,,,,,,,,,,,,,,,,,,,,,,,,,,,,,,,,,,,,,,,,,,,,,,,,,,,,,,,,,,,,,,,,,,,,,,,,,,,,,,,,,,,,,,,,,0.5762758747867781,,,,0.6915310497441336,0.3457655248720668,0.46102069982942234,,,,,,,,,0.5762758747867781,0.9220413996588447,0.9220413996588447,,,,,,0.3457655248720668,0.5762758747867781,0.6915310497441336,0.3457655248720668,,,,0.9220413996588447,0.3457655248720668,0.9220413996588447,0.11525517495735559,0.5762758747867781,1.0372965746162006,0.3457655248720668,0.6915310497441336,0.6915310497441336,0.23051034991471117,0.9220413996588447,0.3457655248720668,0.46102069982942234,0.5762758747867781,0.6915310497441336,0.46102069982942234,0.5762758747867781,0.46102069982942234,0.5762758747867781,0.46102069982942234,0.9220413996588447,0.3457655248720668,0.23051034991471117,0.5762758747867781,1.0372965746162006,0.46102069982942234,0.8067862247014891,0.6915310497441336,0.6915310497441336,0.3457655248720668,,,,,,,,,,,,,,,,,,,,,,,,,,,,,,,,,,,,,,,,,,,,,,,,,,,,,,,,,,,,,,,,,,,,,,,,,,,,,,,,,,,,,,,,,,,,,,,,,
,,,,,,,,,,,,,,,,,,,,,,,,,,,,,,,,,,,,,,,,,,,,,,,,,,,,,,,,,,,,,,,,,,,,,,,,,,,,,,,,,,,,,,,,,,,,,,,0.46102069982942234,0.3457655248720668,0.23051034991471117,0.9220413996588447,0.46102069982942234,0.9220413996588447,,0.11525517495735559,1.1525517495735562,0.9220413996588447,0.3457655248720668,0.46102069982942234,0.8067862247014891,0.5762758747867781,0.5762758747867781,1.0372965746162006,,,0.46102069982942234,0.3457655248720668,0.9220413996588447,0.46102069982942234,,,,,,0.9220413996588447,0.46102069982942234,,,,,,,0.6915310497441336,1.1525517495735562,0.23051034991471117,0.5762758747867781,0.5762758747867781,0.46102069982942234,0.5762758747867781,1.0372965746162006,0.46102069982942234,0.5762758747867781,0.9220413996588447,0.3457655248720668,0.5762758747867781,0.0,0.46102069982942234,0.9220413996588447,0.23051034991471117,0.46102069982942234,0.8067862247014891,0.3457655248720668,0.23051034991471117,0.23051034991471117,0.46102069982942234,0.6915310497441336,0.11525517495735559,0.6915310497441336,0.46102069982942234,0.5762758747867781,0.5762758747867781,0.5762758747867781,,,,,,,,,,,,,,,,,,,,,,,,,,,,,,,,,,,,,,,,,,,,,,,,,,,,,,,,,,,,,,,,,,,,,,,,,,,,,,,,,,,,,,,,,,,,,,,,
,,,,,,,,,,,,,,,,,,,,,,,,,,,,,,,,,,,,,,,,,,,,,,,,,,,,,,,,,,,,,,,,,,,,,,,,,,,,,,,,,,,,,,,,,,,,,,,,,0.46102069982942234,0.46102069982942234,0.5762758747867781,0.46102069982942234,0.46102069982942234,0.8067862247014891,0.6915310497441336,0.5762758747867781,0.46102069982942234,0.3457655248720668,0.8067862247014891,0.5762758747867781,0.5762758747867781,0.46102069982942234,0.5762758747867781,0.46102069982942234,0.8067862247014891,0.6915310497441336,0.6915310497441336,0.3457655248720668,,,1.0372965746162006,0.3457655248720668,0.8067862247014891,,,,,,,,,0.46102069982942234,0.3457655248720668,1.0372965746162006,0.3457655248720668,1.0372965746162006,0.46102069982942234,0.5762758747867781,1.2678069245309116,1.0372965746162006,1.0372965746162006,0.3457655248720668,0.46102069982942234,0.3457655248720668,0.46102069982942234,0.5762758747867781,0.0,0.5762758747867781,0.5762758747867781,0.3457655248720668,0.5762758747867781,0.23051034991471117,0.46102069982942234,0.8067862247014891,0.23051034991471117,0.5762758747867781,0.46102069982942234,0.9220413996588447,0.8067862247014891,0.3457655248720668,,,,,,,,,,,,,,,,,,,,,,,,,,,,,,,,,,,,,,,,,,,,,,,,,,,,,,,,,,,,,,,,,,,,,,,,,,,,,,,,,,,,,,,,,,,,,,,,,
,,,,,,,,,,,,,,,,,,,,,,,,,,,,,,,,,,,,,,,,,,,,,,,,,,,,,,,,,,,,,,,,,,,,,,,,,,,,,,,,,,,,,,,,,,,,,,,,,0.5762758747867781,0.6915310497441336,0.3457655248720668,0.46102069982942234,0.11525517495735559,0.9220413996588447,0.46102069982942234,0.5762758747867781,1.0372965746162006,0.46102069982942234,0.3457655248720668,0.5762758747867781,0.6915310497441336,1.0372965746162006,1.0372965746162006,0.23051034991471117,0.5762758747867781,1.2678069245309116,0.9220413996588447,0.9220413996588447,0.6915310497441336,0.8067862247014891,0.8067862247014891,0.46102069982942234,0.3457655248720668,,,,,,,,,0.6915310497441336,0.5762758747867781,0.46102069982942234,1.0372965746162006,0.3457655248720668,0.3457655248720668,0.46102069982942234,0.46102069982942234,0.8067862247014891,0.3457655248720668,0.46102069982942234,0.46102069982942234,1.0372965746162006,0.8067862247014891,0.5762758747867781,0.6915310497441336,0.6915310497441336,0.5762758747867781,0.3457655248720668,0.46102069982942234,0.46102069982942234,1.1525517495735562,0.11525517495735559,0.9220413996588447,0.46102069982942234,0.46102069982942234,0.3457655248720668,0.5762758747867781,,,,,,,,,,,,,,,,,,,,,,,,,,,,,,,,,,,,,,,,,,,,,,,,,,,,,,,,,,,,,,,,,,,,,,,,,,,,,,,,,,,,,,,,,,,,,,,,,,
,,,,,,,,,,,,,,,,,,,,,,,,,,,,,,,,,,,,,,,,,,,,,,,,,,,,,,,,,,,,,,,,,,,,,,,,,,,,,,,,,,,,,,,,,,,,,,,,,,0.8067862247014891,0.46102069982942234,0.6915310497441336,0.46102069982942234,1.0372965746162006,0.46102069982942234,0.9220413996588447,0.6915310497441336,0.6915310497441336,0.46102069982942234,0.3457655248720668,0.46102069982942234,0.46102069982942234,0.11525517495735559,0.8067862247014891,0.11525517495735559,0.0,0.6915310497441336,0.46102069982942234,0.6915310497441336,0.23051034991471117,0.6915310497441336,0.23051034991471117,1.0372965746162006,0.6915310497441336,,,,,,,,0.5762758747867781,0.6915310497441336,0.6915310497441336,0.46102069982942234,0.5762758747867781,0.3457655248720668,0.9220413996588447,1.0372965746162006,0.5762758747867781,0.6915310497441336,0.23051034991471117,0.46102069982942234,0.3457655248720668,0.46102069982942234,0.46102069982942234,0.46102069982942234,0.9220413996588447,0.8067862247014891,0.5762758747867781,0.6915310497441336,0.3457655248720668,0.5762758747867781,0.11525517495735559,0.3457655248720668,0.6915310497441336,0.23051034991471117,0.3457655248720668,0.3457655248720668,0.6915310497441336,0.46102069982942234,0.23051034991471117,,,,,,,,,,,,,,,,,,,,,,,,,,,,,,,,,,,,,,,,,,,,,,,,,,,,,,,,,,,,,,,,,,,,,,,,,,,,,,,,,,,,,,,,,,,,,,,
,,,,,,,,,,,,,,,,,,,,,,,,,,,,,,,,,,,,,,,,,,,,,,,,,,,,,,,,,,,,,,,,,,,,,,,,,,,,,,,,,,,,,,,,,,,,,,,,,,0.46102069982942234,0.8067862247014891,0.5762758747867781,0.11525517495735559,0.46102069982942234,0.5762758747867781,1.0372965746162006,0.46102069982942234,0.3457655248720668,0.11525517495735559,0.6915310497441336,0.3457655248720668,0.46102069982942234,0.11525517495735559,0.5762758747867781,0.11525517495735559,0.11525517495735559,1.0372965746162006,0.3457655248720668,0.5762758747867781,0.46102069982942234,0.5762758747867781,0.6915310497441336,0.9220413996588447,0.5762758747867781,0.6915310497441336,0.8067862247014891,0.8067862247014891,0.46102069982942234,,,,0.46102069982942234,0.3457655248720668,0.8067862247014891,1.1525517495735562,0.46102069982942234,0.23051034991471117,0.8067862247014891,0.9220413996588447,1.4983172744456228,0.23051034991471117,0.5762758747867781,0.46102069982942234,1.0372965746162006,0.46102069982942234,0.5762758747867781,0.46102069982942234,0.9220413996588447,0.3457655248720668,0.6915310497441336,0.5762758747867781,0.6915310497441336,0.5762758747867781,0.8067862247014891,0.9220413996588447,0.5762758747867781,0.8067862247014891,0.9220413996588447,0.3457655248720668,0.6915310497441336,1.0372965746162006,1.6135724494029782,0.46102069982942234,0.6915310497441336,,,,,,,,,,,,,,,,,,,,,,,,,,,,,,,,,,,,,,,,,,,,,,,,,,,,,,,,,,,,,,,,,,,,,,,,,,,,,,,,,,,,,,,,,,,,,
,,,,,,,,,,,,,,,,,,,,,,,,,,,,,,,,,,,,,,,,,,,,,,,,,,,,,,,,,,,,,,,,,,,,,,,,,,,,,,,,,,,,,,,,,,,,,,,,,,,0.5762758747867781,0.46102069982942234,0.9220413996588447,0.11525517495735559,1.2678069245309116,0.46102069982942234,0.3457655248720668,0.3457655248720668,0.3457655248720668,0.46102069982942234,0.3457655248720668,0.8067862247014891,0.5762758747867781,0.3457655248720668,0.23051034991471117,0.5762758747867781,0.46102069982942234,0.8067862247014891,0.23051034991471117,0.6915310497441336,0.5762758747867781,0.6915310497441336,0.6915310497441336,0.46102069982942234,0.23051034991471117,0.5762758747867781,0.5762758747867781,0.9220413996588447,0.5762758747867781,0.8067862247014891,0.6915310497441336,0.8067862247014891,0.5762758747867781,0.46102069982942234,0.23051034991471117,0.3457655248720668,0.6915310497441336,0.8067862247014891,0.46102069982942234,0.8067862247014891,0.5762758747867781,0.23051034991471117,0.8067862247014891,0.5762758747867781,1.2678069245309116,1.0372965746162006,0.6915310497441336,0.5762758747867781,0.11525517495735559,0.9220413996588447,0.6915310497441336,0.3457655248720668,0.23051034991471117,0.5762758747867781,0.6915310497441336,0.6915310497441336,1.1525517495735562,0.9220413996588447,0.3457655248720668,0.23051034991471117,0.9220413996588447,0.46102069982942234,0.8067862247014891,0.46102069982942234,0.46102069982942234,,,,,,,,,,,,,,,,,,,,,,,,,,,,,,,,,,,,,,,,,,,,,,,,,,,,,,,,,,,,,,,,,,,,,,,,,,,,,,,,,,,,,,,,,,,,
,,,,,,,,,,,,,,,,,,,,,,,,,,,,,,,,,,,,,,,,,,,,,,,,,,,,,,,,,,,,,,,,,,,,,,,,,,,,,,,,,,,,,,,,,,,,,,,,,,0.5762758747867781,0.6915310497441336,0.6915310497441336,0.9220413996588447,0.5762758747867781,0.5762758747867781,0.6915310497441336,0.11525517495735559,0.46102069982942234,0.6915310497441336,0.3457655248720668,0.5762758747867781,0.6915310497441336,0.3457655248720668,0.46102069982942234,0.23051034991471117,0.46102069982942234,0.6915310497441336,0.6915310497441336,1.0372965746162006,0.8067862247014891,0.11525517495735559,0.5762758747867781,0.46102069982942234,0.23051034991471117,0.3457655248720668,0.5762758747867781,0.46102069982942234,0.5762758747867781,0.46102069982942234,0.5762758747867781,0.23051034991471117,0.3457655248720668,0.23051034991471117,0.8067862247014891,0.46102069982942234,0.8067862247014891,0.46102069982942234,0.8067862247014891,0.23051034991471117,0.5762758747867781,0.6915310497441336,0.9220413996588447,0.46102069982942234,0.9220413996588447,0.5762758747867781,0.8067862247014891,0.46102069982942234,0.9220413996588447,0.5762758747867781,0.5762758747867781,0.11525517495735559,0.6915310497441336,0.3457655248720668,0.5762758747867781,0.3457655248720668,0.5762758747867781,0.9220413996588447,0.23051034991471117,0.11525517495735559,0.6915310497441336,0.3457655248720668,0.46102069982942234,0.6915310497441336,0.9220413996588447,0.6915310497441336,0.6915310497441336,0.5762758747867781,0.3457655248720668,,,,,,,,,,,,,,,,,,,,,,,,,,,,,,,,,,,,,,,,,,,,,,,,,,,,,,,,,,,,,,,,,,,,,,,,,,,,,,,,,,,,,,,,,
,,,,,,,,,,,,,,,,,,,,,,,,,,,,,,,,,,,,,,,,,,,,,,,,,,,,,,,,,,,,,,,,,,,,,,,,,,,,,,,,,,,,,,,,,,,,,,,,,0.5762758747867781,0.6915310497441336,0.23051034991471117,1.1525517495735562,0.8067862247014891,1.0372965746162006,0.23051034991471117,0.46102069982942234,0.46102069982942234,0.23051034991471117,0.8067862247014891,1.2678069245309116,0.3457655248720668,0.46102069982942234,0.3457655248720668,0.6915310497441336,0.6915310497441336,0.8067862247014891,0.5762758747867781,0.6915310497441336,0.6915310497441336,0.46102069982942234,0.3457655248720668,0.6915310497441336,0.11525517495735559,0.46102069982942234,0.5762758747867781,0.46102069982942234,0.3457655248720668,0.46102069982942234,0.6915310497441336,0.8067862247014891,0.46102069982942234,0.8067862247014891,0.5762758747867781,0.8067862247014891,1.0372965746162006,0.3457655248720668,0.3457655248720668,1.4983172744456228,0.11525517495735559,0.46102069982942234,0.3457655248720668,0.6915310497441336,0.8067862247014891,0.6915310497441336,0.6915310497441336,0.46102069982942234,0.6915310497441336,0.6915310497441336,0.5762758747867781,0.23051034991471117,0.8067862247014891,0.6915310497441336,0.46102069982942234,0.6915310497441336,0.46102069982942234,0.8067862247014891,0.23051034991471117,0.6915310497441336,0.3457655248720668,0.46102069982942234,0.9220413996588447,0.46102069982942234,0.46102069982942234,0.6915310497441336,0.5762758747867781,0.5762758747867781,0.5762758747867781,1.0372965746162006,0.5762758747867781,,,,,,,,,,,,,,,,,,,,,,,,,,,,,,,,,,,,,,,,,,,,,,,,,,,,,,,,,,,,,,,,,,,,,,,,,,,,,,,,,,,,,,,,
,,,,,,,,,,,,,,,,,,,,,,,,,,,,,,,,,,,,,,,,,,,,,,,,,,,,,,,,,,,,,,,,,,,,,,,,,,,,,,,,,,,,,,,,,,,,,0.5762758747867781,0.6915310497441336,0.8067862247014891,0.3457655248720668,0.5762758747867781,1.4983172744456228,0.23051034991471117,0.5762758747867781,0.23051034991471117,0.5762758747867781,0.23051034991471117,0.5762758747867781,0.6915310497441336,0.3457655248720668,0.6915310497441336,0.6915310497441336,0.6915310497441336,0.23051034991471117,0.6915310497441336,0.5762758747867781,0.46102069982942234,0.5762758747867781,0.3457655248720668,1.1525517495735562,0.23051034991471117,0.9220413996588447,0.46102069982942234,0.11525517495735559,0.5762758747867781,0.8067862247014891,0.46102069982942234,0.46102069982942234,0.3457655248720668,0.6915310497441336,0.8067862247014891,0.46102069982942234,1.0372965746162006,0.46102069982942234,0.5762758747867781,0.23051034991471117,0.9220413996588447,0.8067862247014891,0.3457655248720668,0.46102069982942234,0.9220413996588447,0.5762758747867781,0.5762758747867781,0.5762758747867781,0.5762758747867781,0.8067862247014891,0.6915310497441336,0.3457655248720668,0.3457655248720668,0.8067862247014891,0.5762758747867781,0.3457655248720668,0.46102069982942234,0.23051034991471117,0.11525517495735559,1.2678069245309116,0.8067862247014891,0.6915310497441336,0.6915310497441336,0.23051034991471117,0.6915310497441336,0.5762758747867781,0.6915310497441336,0.5762758747867781,0.3457655248720668,0.3457655248720668,0.5762758747867781,1.0372965746162006,0.8067862247014891,0.23051034991471117,1.0372965746162006,,,,,,,,,,,,,,,,,,,,,,,,,,,,,,,,,,,,,,,,,,,,,,,,,,,,,,,,,,,,,,,,,,,,,,,,,,,,,,,,,,,,,,,,
,,,,,,,,,,,,,,,,,,,,,,,,,,,,,,,,,,,,,,,,,,,,,,,,,,,,,,,,,,,,,,,,,,,,,,,,,,,,,,,,,,,,,,,0.5762758747867781,0.6915310497441336,,,0.23051034991471117,1.0372965746162006,0.8067862247014891,0.9220413996588447,0.9220413996588447,0.3457655248720668,0.3457655248720668,0.23051034991471117,0.3457655248720668,0.3457655248720668,0.46102069982942234,0.5762758747867781,0.5762758747867781,0.23051034991471117,0.6915310497441336,0.3457655248720668,0.46102069982942234,0.8067862247014891,0.6915310497441336,0.3457655248720668,0.6915310497441336,1.2678069245309116,0.6915310497441336,0.3457655248720668,0.3457655248720668,0.5762758747867781,0.11525517495735559,0.46102069982942234,0.8067862247014891,0.5762758747867781,0.6915310497441336,0.23051034991471117,0.3457655248720668,0.46102069982942234,0.8067862247014891,0.8067862247014891,0.5762758747867781,0.6915310497441336,0.46102069982942234,0.5762758747867781,0.46102069982942234,0.46102069982942234,0.3457655248720668,0.8067862247014891,0.23051034991471117,0.3457655248720668,0.23051034991471117,0.23051034991471117,0.46102069982942234,0.6915310497441336,0.8067862247014891,0.3457655248720668,0.11525517495735559,0.23051034991471117,0.6915310497441336,1.0372965746162006,0.46102069982942234,0.3457655248720668,0.5762758747867781,0.23051034991471117,0.23051034991471117,1.0372965746162006,0.46102069982942234,0.3457655248720668,0.3457655248720668,0.6915310497441336,0.8067862247014891,0.23051034991471117,0.6915310497441336,0.23051034991471117,0.6915310497441336,0.9220413996588447,0.23051034991471117,0.3457655248720668,,,,,0.5762758747867781,,,,0.6915310497441336,,,,,,,,,,,,,,,,,,,,,,,,,,,,,,,,,,,,,,,,,,,,,,,,,,,,,,,,,,,,,,,,,,,,,,,,,,,,,,,,,,
,,,,,,,,,,,,,,,,,,,,,,,,,,,,,,,,,,,,,,,,,,,,,,,,,,,,,,,,,,,,,,,,,,,,,,,,,,,,,,,,,,,,,,,0.46102069982942234,1.1525517495735562,,,0.46102069982942234,0.5762758747867781,0.46102069982942234,0.6915310497441336,1.1525517495735562,0.5762758747867781,1.0372965746162006,0.9220413996588447,0.5762758747867781,0.5762758747867781,0.8067862247014891,0.46102069982942234,0.6915310497441336,0.23051034991471117,0.0,0.23051034991471117,0.23051034991471117,0.8067862247014891,0.6915310497441336,1.0372965746162006,0.46102069982942234,0.46102069982942234,0.23051034991471117,0.5762758747867781,0.8067862247014891,0.3457655248720668,1.1525517495735562,0.23051034991471117,1.3830620994882672,0.3457655248720668,0.6915310497441336,0.3457655248720668,0.3457655248720668,0.5762758747867781,0.6915310497441336,0.5762758747867781,0.46102069982942234,0.6915310497441336,0.9220413996588447,0.23051034991471117,0.23051034991471117,0.6915310497441336,1.0372965746162006,0.23051034991471117,0.8067862247014891,0.6915310497441336,0.9220413996588447,0.9220413996588447,0.46102069982942234,1.3830620994882672,0.46102069982942234,0.5762758747867781,0.3457655248720668,0.6915310497441336,0.6915310497441336,0.8067862247014891,0.5762758747867781,0.3457655248720668,0.46102069982942234,0.3457655248720668,0.6915310497441336,0.3457655248720668,0.3457655248720668,1.2678069245309116,0.3457655248720668,0.46102069982942234,1.0372965746162006,0.8067862247014891,0.6915310497441336,1.2678069245309116,1.1525517495735562,1.0372965746162006,0.46102069982942234,,,,,0.6915310497441336,0.6915310497441336,0.46102069982942234,,,0.46102069982942234,1.1525517495735562,0.46102069982942234,,,,,,,,,,,,,,,,,,,,,,,,,,,,,,,,,,,,,,,,,,,,,,,,,,,,,,,,,,,,,,,,,,,,,,,,,,,,,,,,
,,,,,,,,,,,,,,,,,,,,,,,,,,,,,,,,,,,,,,,,,,,,,,,,,,,,,,,,,,,,,,,,,,,,,,,,,,,,,,,,,,,,,0.6915310497441336,0.46102069982942234,,,,,0.6915310497441336,1.0372965746162006,0.23051034991471117,0.23051034991471117,0.46102069982942234,0.6915310497441336,0.46102069982942234,0.6915310497441336,0.5762758747867781,0.8067862247014891,0.6915310497441336,0.11525517495735559,0.6915310497441336,1.0372965746162006,0.3457655248720668,0.6915310497441336,0.9220413996588447,0.9220413996588447,0.46102069982942234,0.8067862247014891,0.8067862247014891,0.5762758747867781,0.5762758747867781,1.1525517495735562,1.0372965746162006,0.9220413996588447,0.6915310497441336,0.6915310497441336,0.3457655248720668,0.46102069982942234,0.46102069982942234,0.3457655248720668,0.11525517495735559,0.5762758747867781,0.6915310497441336,0.6915310497441336,0.3457655248720668,0.5762758747867781,1.1525517495735562,0.6915310497441336,0.8067862247014891,0.3457655248720668,0.5762758747867781,0.46102069982942234,0.6915310497441336,0.8067862247014891,0.5762758747867781,0.3457655248720668,0.8067862247014891,1.1525517495735562,0.6915310497441336,0.5762758747867781,1.0372965746162006,0.6915310497441336,1.0372965746162006,0.5762758747867781,0.5762758747867781,0.8067862247014891,0.6915310497441336,0.23051034991471117,0.5762758747867781,1.2678069245309116,0.6915310497441336,0.6915310497441336,0.6915310497441336,1.0372965746162006,0.46102069982942234,0.46102069982942234,0.3457655248720668,0.5762758747867781,1.0372965746162006,0.3457655248720668,,,,,0.6915310497441336,0.5762758747867781,0.8067862247014891,0.6915310497441336,,,0.46102069982942234,0.8067862247014891,0.9220413996588447,0.8067862247014891,0.6915310497441336,,,,,,,,,,,,,,,,,,,,,,,,,,,,,,,,,,,,,,,,,,,,,,,,,,,,,,,,,,,,,,,,,,,,,,,,,,,,,,
,,,,,,,,,,,,,,,,,,,,,,,,,,,,,,,,,,,,,,,,,,,,,,,,,,,,,,,,,,,,,,,,,,,,,,,,,,,,,,,,,,,,,1.1525517495735562,0.5762758747867781,,,,,0.6915310497441336,0.8067862247014891,0.3457655248720668,0.3457655248720668,0.5762758747867781,0.5762758747867781,0.3457655248720668,0.6915310497441336,0.3457655248720668,0.3457655248720668,0.11525517495735559,0.6915310497441336,0.11525517495735559,0.46102069982942234,0.3457655248720668,0.23051034991471117,0.46102069982942234,0.3457655248720668,0.6915310497441336,0.46102069982942234,0.8067862247014891,1.2678069245309116,0.8067862247014891,0.9220413996588447,0.46102069982942234,1.3830620994882672,0.8067862247014891,0.6915310497441336,1.2678069245309116,0.5762758747867781,0.46102069982942234,0.23051034991471117,0.8067862247014891,0.6915310497441336,0.6915310497441336,0.8067862247014891,0.5762758747867781,0.3457655248720668,0.6915310497441336,0.6915310497441336,0.9220413996588447,0.8067862247014891,0.5762758747867781,0.46102069982942234,0.6915310497441336,0.6915310497441336,0.5762758747867781,0.6915310497441336,0.8067862247014891,1.0372965746162006,0.23051034991471117,0.8067862247014891,0.3457655248720668,0.5762758747867781,0.8067862247014891,0.23051034991471117,0.3457655248720668,0.3457655248720668,0.46102069982942234,0.3457655248720668,0.5762758747867781,1.0372965746162006,0.46102069982942234,0.46102069982942234,1.2678069245309116,0.6915310497441336,0.8067862247014891,0.8067862247014891,,,,,,,,,,0.3457655248720668,0.6915310497441336,0.5762758747867781,0.5762758747867781,,0.46102069982942234,0.5762758747867781,1.1525517495735562,0.3457655248720668,0.6915310497441336,0.5762758747867781,,,,,,,,,,,,,,,,,,,,,,,,,,,,,,,,,,,,,,,,,,,,,,,,,,,,,,,,,,,,,,,,,,,,,,,,,,,,,
,,,,,,,,,,,,,,,,,,,,,,,,,,,,,,,,,,,,,,,,,,,,,,,,,,,,,,,,,,,,,,,,,,,,,,,,,,,,,,,,,,,,,,,0.5762758747867781,0.6915310497441336,0.23051034991471117,0.5762758747867781,0.6915310497441336,0.11525517495735559,0.46102069982942234,0.46102069982942234,0.9220413996588447,0.8067862247014891,0.6915310497441336,1.0372965746162006,0.5762758747867781,0.23051034991471117,0.6915310497441336,0.6915310497441336,0.46102069982942234,0.8067862247014891,0.23051034991471117,0.3457655248720668,0.46102069982942234,0.3457655248720668,0.8067862247014891,0.6915310497441336,0.5762758747867781,0.3457655248720668,0.23051034991471117,0.3457655248720668,0.3457655248720668,0.46102069982942234,0.6915310497441336,0.46102069982942234,0.11525517495735559,0.23051034991471117,0.46102069982942234,0.5762758747867781,0.3457655248720668,0.46102069982942234,1.0372965746162006,0.5762758747867781,0.6915310497441336,1.1525517495735562,0.3457655248720668,0.46102069982942234,0.46102069982942234,0.8067862247014891,0.9220413996588447,0.8067862247014891,0.9220413996588447,0.5762758747867781,1.0372965746162006,0.3457655248720668,0.6915310497441336,0.23051034991471117,0.46102069982942234,0.8067862247014891,0.46102069982942234,0.23051034991471117,0.23051034991471117,0.46102069982942234,0.3457655248720668,0.23051034991471117,0.3457655248720668,0.46102069982942234,0.3457655248720668,0.3457655248720668,0.46102069982942234,1.1525517495735562,0.8067862247014891,0.8067862247014891,0.46102069982942234,,,,,,,,,,,0.9220413996588447,0.46102069982942234,0.3457655248720668,0.46102069982942234,0.9220413996588447,0.46102069982942234,0.6915310497441336,0.8067862247014891,0.6915310497441336,0.23051034991471117,,,,,,,,,,,,,,0.5762758747867781,,,,,,,,,,,,,,,,,,,,,,,,,,,,,,,,,,,,,,,,,,,,,,,,,,,,,,,,,,,,,,,,
,,,,,,,,,,,,,,,,,,,,,,,,,,,,,,,,,,,,,,,,,,,,,,,,,,,,,,,,,,,,,,,,,,,,,,,,,,,,,,,,,,,,,,,0.9220413996588447,0.9220413996588447,0.9220413996588447,0.6915310497441336,0.9220413996588447,0.6915310497441336,0.3457655248720668,0.23051034991471117,0.6915310497441336,0.9220413996588447,0.6915310497441336,0.9220413996588447,0.5762758747867781,0.3457655248720668,0.9220413996588447,0.6915310497441336,0.3457655248720668,0.5762758747867781,0.3457655248720668,0.6915310497441336,0.23051034991471117,1.0372965746162006,0.8067862247014891,0.3457655248720668,0.23051034991471117,0.6915310497441336,0.8067862247014891,0.9220413996588447,0.6915310497441336,0.8067862247014891,0.23051034991471117,0.5762758747867781,0.9220413996588447,0.3457655248720668,0.6915310497441336,0.5762758747867781,1.1525517495735562,0.8067862247014891,0.46102069982942234,0.46102069982942234,0.8067862247014891,0.9220413996588447,0.5762758747867781,0.46102069982942234,0.6915310497441336,0.6915310497441336,0.3457655248720668,0.46102069982942234,0.6915310497441336,0.6915310497441336,0.8067862247014891,0.6915310497441336,0.8067862247014891,0.11525517495735559,0.46102069982942234,0.8067862247014891,0.46102069982942234,0.46102069982942234,0.6915310497441336,1.0372965746162006,0.5762758747867781,0.8067862247014891,0.5762758747867781,0.5762758747867781,0.3457655248720668,1.6135724494029782,0.8067862247014891,1.3830620994882672,0.46102069982942234,0.8067862247014891,0.3457655248720668,,,,,,,,,,,0.3457655248720668,1.1525517495735562,0.5762758747867781,0.46102069982942234,0.3457655248720668,0.46102069982942234,0.8067862247014891,1.2678069245309116,0.6915310497441336,0.9220413996588447,,,,0.5762758747867781,0.5762758747867781,0.3457655248720668,,,,,,,0.46102069982942234,0.8067862247014891,0.9220413996588447,0.6915310497441336,0.6915310497441336,0.6915310497441336,,,,,,,,,,,,,,,,,,,,,,,,,,,,,,,,,,,,,,,,,,,,,,,,,,,,,,,,,,,,
,,,,,,,,,,,,,,,,,,,,,,,,,,,,,,,,,,,,,,,,,,,,,,,,,,,,,,,,,,,,,,,,,,,,,,,,,,,,,,,,,,,,,,,0.6915310497441336,0.23051034991471117,0.46102069982942234,0.3457655248720668,0.46102069982942234,0.5762758747867781,0.3457655248720668,0.6915310497441336,0.3457655248720668,0.8067862247014891,0.3457655248720668,0.3457655248720668,0.6915310497441336,1.0372965746162006,0.5762758747867781,0.6915310497441336,0.3457655248720668,0.23051034991471117,0.3457655248720668,0.8067862247014891,0.6915310497441336,0.3457655248720668,0.8067862247014891,0.46102069982942234,0.8067862247014891,0.8067862247014891,0.8067862247014891,0.3457655248720668,0.23051034991471117,0.8067862247014891,0.5762758747867781,1.0372965746162006,0.8067862247014891,0.8067862247014891,0.3457655248720668,1.1525517495735562,1.2678069245309116,0.46102069982942234,0.3457655248720668,0.8067862247014891,0.3457655248720668,0.46102069982942234,0.46102069982942234,0.6915310497441336,0.23051034991471117,0.6915310497441336,0.6915310497441336,0.5762758747867781,0.9220413996588447,0.23051034991471117,0.8067862247014891,0.6915310497441336,0.3457655248720668,0.3457655248720668,0.3457655248720668,0.5762758747867781,0.9220413996588447,0.46102069982942234,0.46102069982942234,0.5762758747867781,0.5762758747867781,0.5762758747867781,0.23051034991471117,0.8067862247014891,0.46102069982942234,0.6915310497441336,0.5762758747867781,0.23051034991471117,1.2678069245309116,0.6915310497441336,0.5762758747867781,,,,,1.1525517495735562,0.46102069982942234,,,,0.5762758747867781,0.46102069982942234,1.1525517495735562,0.3457655248720668,0.3457655248720668,0.0,1.1525517495735562,1.0372965746162006,1.0372965746162006,0.5762758747867781,0.5762758747867781,0.23051034991471117,0.5762758747867781,0.8067862247014891,0.23051034991471117,1.0372965746162006,0.3457655248720668,0.6915310497441336,0.3457655248720668,,,,0.6915310497441336,0.8067862247014891,0.3457655248720668,0.46102069982942234,0.46102069982942234,1.3830620994882672,0.23051034991471117,,,,,,,,,,,,,,,,,,,,,,,,,,,,,,,,,,,,,,,,,,,,,,,,,,,,,,,,,,,,
,,,,,,,,,,,,,,,,,,,,,,,,,,,,,,,,,,,,,,,,,,,,,,,,,,,,,,,,,,,,,,,,,,,,,,,,,,,,,,,,,,,,,0.3457655248720668,0.8067862247014891,0.46102069982942234,0.46102069982942234,0.46102069982942234,1.2678069245309116,0.8067862247014891,0.3457655248720668,1.0372965746162006,0.46102069982942234,0.8067862247014891,0.46102069982942234,0.46102069982942234,1.1525517495735562,0.46102069982942234,0.8067862247014891,0.6915310497441336,0.6915310497441336,0.9220413996588447,0.9220413996588447,0.6915310497441336,0.23051034991471117,0.5762758747867781,0.11525517495735559,0.23051034991471117,0.46102069982942234,0.5762758747867781,0.3457655248720668,0.6915310497441336,0.3457655248720668,0.3457655248720668,0.46102069982942234,0.5762758747867781,1.1525517495735562,0.23051034991471117,0.9220413996588447,0.23051034991471117,0.9220413996588447,0.6915310497441336,0.5762758747867781,0.6915310497441336,0.9220413996588447,0.5762758747867781,0.6915310497441336,0.9220413996588447,0.46102069982942234,0.5762758747867781,0.3457655248720668,0.8067862247014891,0.5762758747867781,0.5762758747867781,0.46102069982942234,0.8067862247014891,0.9220413996588447,0.3457655248720668,0.8067862247014891,0.5762758747867781,0.9220413996588447,0.6915310497441336,0.23051034991471117,0.23051034991471117,0.6915310497441336,1.0372965746162006,0.46102069982942234,0.5762758747867781,0.8067862247014891,0.5762758747867781,1.0372965746162006,0.46102069982942234,0.23051034991471117,0.5762758747867781,0.3457655248720668,0.6915310497441336,,,,0.23051034991471117,0.8067862247014891,0.46102069982942234,,,,0.6915310497441336,0.46102069982942234,0.8067862247014891,0.9220413996588447,0.3457655248720668,0.6915310497441336,1.2678069245309116,0.6915310497441336,0.46102069982942234,0.46102069982942234,0.5762758747867781,0.46102069982942234,0.9220413996588447,0.46102069982942234,0.6915310497441336,0.46102069982942234,0.11525517495735559,0.5762758747867781,1.0372965746162006,0.8067862247014891,0.11525517495735559,0.46102069982942234,0.6915310497441336,0.46102069982942234,1.0372965746162006,0.9220413996588447,0.5762758747867781,0.46102069982942234,,,,,,,,,,,,,,,,,,,,,,,,,,,,,,,,,,,,,,,,,,,,,,,,,,,,,,,,,,,,,
,,,,,,,,,,,,,,,,,,,,,,,,,,,,,,,,,,,,,,,,,,,,,,,,,,,,,,,,,,,,,,,,,,,,,,,,,,,,,,,,,,,,,1.0372965746162006,0.9220413996588447,0.5762758747867781,0.23051034991471117,0.8067862247014891,0.5762758747867781,0.3457655248720668,0.3457655248720668,0.6915310497441336,0.3457655248720668,0.5762758747867781,0.46102069982942234,0.8067862247014891,0.23051034991471117,0.3457655248720668,0.5762758747867781,0.9220413996588447,0.3457655248720668,0.6915310497441336,0.8067862247014891,0.8067862247014891,0.5762758747867781,0.6915310497441336,0.3457655248720668,1.4983172744456228,0.8067862247014891,0.3457655248720668,1.0372965746162006,0.5762758747867781,0.6915310497441336,0.11525517495735559,0.3457655248720668,0.46102069982942234,0.6915310497441336,0.5762758747867781,0.23051034991471117,1.0372965746162006,0.23051034991471117,0.23051034991471117,0.6915310497441336,0.5762758747867781,0.5762758747867781,0.6915310497441336,0.0,1.1525517495735562,0.9220413996588447,0.5762758747867781,0.46102069982942234,0.6915310497441336,0.5762758747867781,1.0372965746162006,1.1525517495735562,0.3457655248720668,0.8067862247014891,1.1525517495735562,0.11525517495735559,0.46102069982942234,0.46102069982942234,0.46102069982942234,0.8067862247014891,0.9220413996588447,0.23051034991471117,0.23051034991471117,0.9220413996588447,0.46102069982942234,0.46102069982942234,0.6915310497441336,0.9220413996588447,0.6915310497441336,,,0.5762758747867781,0.6915310497441336,,,,0.8067862247014891,0.3457655248720668,0.5762758747867781,,0.6915310497441336,0.23051034991471117,0.6915310497441336,0.6915310497441336,0.5762758747867781,0.8067862247014891,0.3457655248720668,0.6915310497441336,1.0372965746162006,1.0372965746162006,0.5762758747867781,0.8067862247014891,0.6915310497441336,0.6915310497441336,0.8067862247014891,0.23051034991471117,0.6915310497441336,0.3457655248720668,0.5762758747867781,0.23051034991471117,0.5762758747867781,0.5762758747867781,0.9220413996588447,0.5762758747867781,0.23051034991471117,0.5762758747867781,0.3457655248720668,0.46102069982942234,0.8067862247014891,0.11525517495735559,,0.3457655248720668,0.5762758747867781,0.23051034991471117,,,,,,,,,,,,,,,,,,,,,,,,,,,,,,,,,,,,,,,,,,,,,,,,,,,,,,,,,
,,,,,,,,,,,,,,,,,,,,,,,,,,,,,,,,,,,,,,,,,,,,,,,,,,,,,,,,,,,,,,,,,,,,,,,,,,,,,,,,,,,,,0.5762758747867781,0.5762758747867781,0.5762758747867781,0.5762758747867781,0.46102069982942234,1.0372965746162006,0.46102069982942234,0.8067862247014891,1.3830620994882672,0.5762758747867781,0.6915310497441336,0.46102069982942234,1.0372965746162006,1.2678069245309116,0.23051034991471117,0.5762758747867781,0.5762758747867781,0.9220413996588447,0.5762758747867781,0.23051034991471117,0.5762758747867781,0.3457655248720668,0.6915310497441336,0.6915310497441336,0.46102069982942234,0.6915310497441336,0.5762758747867781,0.5762758747867781,0.46102069982942234,1.0372965746162006,1.1525517495735562,0.5762758747867781,0.3457655248720668,0.46102069982942234,0.3457655248720668,0.3457655248720668,1.1525517495735562,0.3457655248720668,0.9220413996588447,1.1525517495735562,0.6915310497441336,0.9220413996588447,0.5762758747867781,0.11525517495735559,0.6915310497441336,0.8067862247014891,0.8067862247014891,0.9220413996588447,0.5762758747867781,0.46102069982942234,0.23051034991471117,0.6915310497441336,0.5762758747867781,1.0372965746162006,0.9220413996588447,1.1525517495735562,0.23051034991471117,0.46102069982942234,0.5762758747867781,0.46102069982942234,0.6915310497441336,1.0372965746162006,0.46102069982942234,0.6915310497441336,0.3457655248720668,0.6915310497441336,0.5762758747867781,0.23051034991471117,,,,,,,,0.8067862247014891,1.1525517495735562,0.6915310497441336,,,0.9220413996588447,0.5762758747867781,0.5762758747867781,0.9220413996588447,0.9220413996588447,1.0372965746162006,1.1525517495735562,1.2678069245309116,0.23051034991471117,0.46102069982942234,0.5762758747867781,0.8067862247014891,0.11525517495735559,0.11525517495735559,0.23051034991471117,0.6915310497441336,0.11525517495735559,0.23051034991471117,1.1525517495735562,0.11525517495735559,0.3457655248720668,0.3457655248720668,0.8067862247014891,0.9220413996588447,0.5762758747867781,0.8067862247014891,0.5762758747867781,0.23051034991471117,1.0372965746162006,0.5762758747867781,0.46102069982942234,1.1525517495735562,0.8067862247014891,0.6915310497441336,0.5762758747867781,,,,,,,,,,,,,,,,,,,,,,,,,,,,,,,,,,,,,,,,,,,,,,,,,,,,,,,,
,,,,,,,,,,,,,,,,,,,,,,,,,,,,,,,,,,,,,,,,,,,,,,,,,,,,,,,,,,,,,,,,,,,,,,,,,,,,,,,0.6915310497441336,0.3457655248720668,,,,,,0.46102069982942234,0.6915310497441336,0.23051034991471117,0.5762758747867781,0.23051034991471117,0.5762758747867781,0.9220413996588447,0.46102069982942234,0.6915310497441336,0.46102069982942234,0.6915310497441336,0.8067862247014891,0.46102069982942234,0.3457655248720668,0.3457655248720668,0.5762758747867781,0.5762758747867781,0.23051034991471117,0.3457655248720668,0.46102069982942234,0.5762758747867781,1.1525517495735562,0.3457655248720668,0.5762758747867781,0.23051034991471117,0.46102069982942234,0.46102069982942234,0.5762758747867781,0.5762758747867781,1.1525517495735562,0.3457655248720668,0.3457655248720668,0.46102069982942234,0.23051034991471117,0.6915310497441336,0.11525517495735559,0.46102069982942234,0.11525517495735559,0.5762758747867781,0.5762758747867781,0.9220413996588447,0.46102069982942234,0.11525517495735559,0.46102069982942234,0.46102069982942234,0.5762758747867781,0.5762758747867781,0.46102069982942234,0.11525517495735559,0.6915310497441336,0.9220413996588447,0.3457655248720668,0.5762758747867781,0.6915310497441336,0.3457655248720668,1.1525517495735562,0.8067862247014891,1.3830620994882672,0.46102069982942234,0.8067862247014891,0.8067862247014891,0.8067862247014891,0.6915310497441336,0.5762758747867781,1.0372965746162006,0.6915310497441336,0.6915310497441336,,,,,,0.6915310497441336,0.8067862247014891,0.5762758747867781,0.6915310497441336,0.3457655248720668,,0.23051034991471117,0.8067862247014891,0.6915310497441336,0.6915310497441336,0.46102069982942234,0.8067862247014891,0.9220413996588447,0.46102069982942234,1.0372965746162006,1.0372965746162006,0.3457655248720668,0.5762758747867781,0.3457655248720668,0.3457655248720668,0.8067862247014891,0.46102069982942234,0.6915310497441336,0.3457655248720668,1.2678069245309116,0.3457655248720668,0.6915310497441336,0.8067862247014891,0.3457655248720668,1.1525517495735562,0.5762758747867781,0.46102069982942234,0.46102069982942234,0.6915310497441336,0.46102069982942234,0.46102069982942234,0.9220413996588447,0.5762758747867781,,,0.6915310497441336,0.8067862247014891,,,,,,,,,,,,,,,,,,,,,,,,,,,,,,,,,,,,,,,,,,,,,,,,,,,,,,,,
,,,,,,,,,,,,,,,,,,,,,,,,,,,,,,,,,,,,,,,,,,,,,,,,,,,,,,,,,,,,,,,,,,,,,,,,,,,,,,0.8067862247014891,0.46102069982942234,0.6915310497441336,0.46102069982942234,,,,,0.5762758747867781,0.8067862247014891,0.46102069982942234,0.3457655248720668,0.11525517495735559,0.5762758747867781,0.3457655248720668,0.5762758747867781,0.46102069982942234,0.5762758747867781,0.46102069982942234,0.6915310497441336,1.1525517495735562,0.8067862247014891,0.5762758747867781,0.3457655248720668,0.5762758747867781,0.6915310497441336,0.11525517495735559,0.23051034991471117,0.9220413996588447,0.3457655248720668,0.5762758747867781,0.23051034991471117,1.1525517495735562,0.11525517495735559,0.46102069982942234,0.46102069982942234,0.9220413996588447,0.5762758747867781,0.8067862247014891,0.5762758747867781,0.5762758747867781,0.5762758747867781,0.46102069982942234,0.3457655248720668,0.5762758747867781,0.23051034991471117,0.3457655248720668,0.3457655248720668,0.3457655248720668,0.5762758747867781,0.5762758747867781,0.46102069982942234,1.0372965746162006,0.6915310497441336,1.3830620994882672,0.5762758747867781,0.9220413996588447,0.8067862247014891,0.9220413996588447,0.3457655248720668,0.8067862247014891,0.46102069982942234,0.3457655248720668,0.0,1.0372965746162006,1.0372965746162006,0.46102069982942234,0.5762758747867781,0.5762758747867781,0.46102069982942234,0.3457655248720668,0.5762758747867781,0.8067862247014891,0.8067862247014891,0.23051034991471117,0.8067862247014891,0.46102069982942234,,,,1.1525517495735562,0.3457655248720668,0.46102069982942234,0.8067862247014891,0.46102069982942234,,0.8067862247014891,0.5762758747867781,0.6915310497441336,0.11525517495735559,0.5762758747867781,0.5762758747867781,0.3457655248720668,0.0,0.8067862247014891,0.46102069982942234,0.5762758747867781,0.5762758747867781,0.3457655248720668,0.23051034991471117,0.46102069982942234,0.46102069982942234,0.46102069982942234,0.8067862247014891,0.6915310497441336,0.3457655248720668,0.8067862247014891,1.0372965746162006,0.11525517495735559,0.5762758747867781,0.46102069982942234,0.5762758747867781,0.8067862247014891,0.5762758747867781,0.3457655248720668,0.9220413996588447,,,,,,,,,,,,,,,,,,,,,,,,,,,,,,,,,,,,,,,,,,,,,,,,,,,,,,,,,,,,,,
,,,,,,,,,,,,,,,,,,,,,,,,,,,,,,,,,,,,,,,,,,,,,,,,,,,,,,,,,,,,,,,,,,,,,,,,,,,,,1.0372965746162006,0.6915310497441336,0.3457655248720668,0.3457655248720668,0.6915310497441336,0.3457655248720668,,,,0.46102069982942234,0.5762758747867781,0.9220413996588447,0.23051034991471117,0.46102069982942234,0.9220413996588447,0.3457655248720668,0.23051034991471117,0.5762758747867781,0.8067862247014891,0.6915310497441336,0.23051034991471117,0.3457655248720668,0.23051034991471117,0.6915310497441336,0.5762758747867781,0.8067862247014891,0.23051034991471117,0.23051034991471117,0.5762758747867781,0.46102069982942234,0.5762758747867781,1.0372965746162006,0.6915310497441336,0.5762758747867781,0.6915310497441336,0.5762758747867781,0.5762758747867781,1.1525517495735562,0.3457655248720668,0.8067862247014891,0.46102069982942234,0.46102069982942234,0.6915310497441336,0.6915310497441336,0.46102069982942234,0.23051034991471117,0.46102069982942234,0.6915310497441336,0.23051034991471117,0.8067862247014891,0.5762758747867781,0.23051034991471117,0.46102069982942234,0.6915310497441336,0.3457655248720668,0.3457655248720668,0.46102069982942234,0.46102069982942234,0.23051034991471117,0.46102069982942234,0.5762758747867781,0.46102069982942234,0.46102069982942234,0.3457655248720668,0.5762758747867781,0.6915310497441336,0.46102069982942234,0.46102069982942234,0.6915310497441336,0.5762758747867781,0.3457655248720668,0.46102069982942234,0.5762758747867781,0.23051034991471117,0.46102069982942234,0.9220413996588447,0.46102069982942234,0.6915310497441336,0.6915310497441336,,,,,,0.5762758747867781,0.5762758747867781,,0.5762758747867781,0.5762758747867781,0.5762758747867781,0.6915310497441336,0.8067862247014891,0.3457655248720668,0.5762758747867781,0.46102069982942234,0.8067862247014891,0.5762758747867781,0.3457655248720668,0.5762758747867781,0.5762758747867781,0.23051034991471117,0.46102069982942234,0.11525517495735559,0.5762758747867781,0.46102069982942234,1.0372965746162006,0.5762758747867781,1.0372965746162006,0.8067862247014891,0.6915310497441336,0.5762758747867781,0.46102069982942234,0.6915310497441336,0.6915310497441336,0.6915310497441336,0.3457655248720668,0.23051034991471117,,,,,,,,,,,,,0.5762758747867781,0.9220413996588447,0.9220413996588447,,,,,,,,,,,,,,,,,,,,,,,,,,,,,,,,,,,,,,,,,,,,,,,
,,,,,,,,,,,,,,,,,,,,,,,,,,,,,,,,,,,,,,,,,,,,,,,,,,,,,,,,,,,,,,,,,,,,,,,,,,,,,0.11525517495735559,0.6915310497441336,0.46102069982942234,0.5762758747867781,1.1525517495735562,0.46102069982942234,0.8067862247014891,0.6915310497441336,0.23051034991471117,0.5762758747867781,0.11525517495735559,0.46102069982942234,0.46102069982942234,0.46102069982942234,1.0372965746162006,0.23051034991471117,0.3457655248720668,1.0372965746162006,0.6915310497441336,0.3457655248720668,0.8067862247014891,0.8067862247014891,0.5762758747867781,0.23051034991471117,0.11525517495735559,0.5762758747867781,0.6915310497441336,0.5762758747867781,0.8067862247014891,0.5762758747867781,0.5762758747867781,0.8067862247014891,0.5762758747867781,0.8067862247014891,0.5762758747867781,1.0372965746162006,0.3457655248720668,0.5762758747867781,0.6915310497441336,1.2678069245309116,0.23051034991471117,0.5762758747867781,1.1525517495735562,0.46102069982942234,0.6915310497441336,0.5762758747867781,0.11525517495735559,1.0372965746162006,0.6915310497441336,1.2678069245309116,0.46102069982942234,0.8067862247014891,0.9220413996588447,0.23051034991471117,0.5762758747867781,0.5762758747867781,0.8067862247014891,0.3457655248720668,0.3457655248720668,0.23051034991471117,0.11525517495735559,1.0372965746162006,0.6915310497441336,0.3457655248720668,0.23051034991471117,0.23051034991471117,0.3457655248720668,0.3457655248720668,0.46102069982942234,0.6915310497441336,0.3457655248720668,0.23051034991471117,0.8067862247014891,0.11525517495735559,0.9220413996588447,1.1525517495735562,0.11525517495735559,0.5762758747867781,0.5762758747867781,0.46102069982942234,0.3457655248720668,,,,0.8067862247014891,0.8067862247014891,,,0.5762758747867781,0.46102069982942234,0.46102069982942234,0.3457655248720668,0.5762758747867781,0.9220413996588447,0.3457655248720668,0.6915310497441336,0.23051034991471117,0.46102069982942234,0.5762758747867781,0.3457655248720668,0.46102069982942234,0.23051034991471117,0.5762758747867781,0.23051034991471117,0.6915310497441336,0.5762758747867781,0.11525517495735559,0.46102069982942234,0.3457655248720668,0.23051034991471117,1.1525517495735562,0.5762758747867781,0.46102069982942234,0.46102069982942234,0.23051034991471117,0.6915310497441336,0.8067862247014891,,,,,0.6915310497441336,0.23051034991471117,0.6915310497441336,0.5762758747867781,0.5762758747867781,,0.11525517495735559,0.9220413996588447,0.3457655248720668,0.3457655248720668,0.46102069982942234,,,,,,,,,,,,,,,,,,,,,,,,,,,,,,,,,,,,,,,,,,,,,,,
,,,,,,,,,,,,,,,,,,,,,,,,,,,,,,,,,,,,,,,,,,,,,,,,,,,,,,,,,,,,,,,,,,,,,,,,,,,,,0.9220413996588447,0.46102069982942234,0.5762758747867781,1.2678069245309116,0.6915310497441336,0.23051034991471117,0.23051034991471117,0.6915310497441336,0.46102069982942234,0.6915310497441336,0.46102069982942234,0.46102069982942234,1.0372965746162006,0.46102069982942234,0.46102069982942234,0.6915310497441336,0.23051034991471117,0.46102069982942234,0.5762758747867781,0.9220413996588447,0.3457655248720668,0.23051034991471117,0.8067862247014891,0.9220413996588447,0.3457655248720668,0.3457655248720668,0.5762758747867781,0.23051034991471117,0.46102069982942234,0.3457655248720668,0.5762758747867781,0.5762758747867781,1.2678069245309116,1.0372965746162006,1.1525517495735562,0.6915310497441336,0.5762758747867781,0.9220413996588447,0.23051034991471117,0.8067862247014891,0.9220413996588447,0.9220413996588447,1.1525517495735562,1.1525517495735562,0.46102069982942234,0.6915310497441336,1.4983172744456228,0.46102069982942234,0.46102069982942234,0.6915310497441336,0.6915310497441336,0.5762758747867781,1.0372965746162006,0.6915310497441336,0.46102069982942234,0.23051034991471117,0.8067862247014891,0.6915310497441336,0.3457655248720668,0.8067862247014891,1.1525517495735562,0.46102069982942234,0.46102069982942234,0.46102069982942234,0.3457655248720668,0.3457655248720668,0.5762758747867781,0.23051034991471117,0.3457655248720668,0.8067862247014891,0.5762758747867781,0.9220413996588447,0.3457655248720668,0.46102069982942234,0.8067862247014891,0.5762758747867781,0.6915310497441336,0.5762758747867781,0.5762758747867781,1.0372965746162006,0.6915310497441336,0.5762758747867781,0.6915310497441336,0.5762758747867781,0.3457655248720668,0.46102069982942234,,,,0.11525517495735559,1.0372965746162006,0.3457655248720668,0.8067862247014891,1.1525517495735562,0.46102069982942234,0.11525517495735559,0.23051034991471117,0.8067862247014891,0.46102069982942234,0.46102069982942234,0.8067862247014891,0.6915310497441336,0.3457655248720668,0.5762758747867781,0.46102069982942234,1.1525517495735562,0.3457655248720668,0.9220413996588447,0.6915310497441336,0.3457655248720668,0.5762758747867781,0.9220413996588447,0.5762758747867781,0.3457655248720668,0.23051034991471117,0.6915310497441336,0.3457655248720668,0.5762758747867781,,,0.6915310497441336,0.8067862247014891,0.6915310497441336,0.6915310497441336,0.5762758747867781,0.46102069982942234,0.46102069982942234,0.46102069982942234,0.8067862247014891,0.6915310497441336,0.46102069982942234,,,,,,,,,,,,,,,,,,,,,,,,,,,,,,,,,,,,,,,,,,,,,,,,
,,,,,,,,,,,,,,,,,,,,,,,,,,,,,,,,,,,,,,,,,,,,,,,,,,,,,,,,,,,,,,,,,,,,,,,,,,,,,0.6915310497441336,0.5762758747867781,0.5762758747867781,0.5762758747867781,0.3457655248720668,0.11525517495735559,0.46102069982942234,1.0372965746162006,0.46102069982942234,0.5762758747867781,0.46102069982942234,0.46102069982942234,0.46102069982942234,0.6915310497441336,0.46102069982942234,0.6915310497441336,0.6915310497441336,0.3457655248720668,0.6915310497441336,0.3457655248720668,0.5762758747867781,0.8067862247014891,1.0372965746162006,0.3457655248720668,0.5762758747867781,0.5762758747867781,0.11525517495735559,0.23051034991471117,0.5762758747867781,0.5762758747867781,0.9220413996588447,0.11525517495735559,0.3457655248720668,0.46102069982942234,0.6915310497441336,0.46102069982942234,0.6915310497441336,0.9220413996588447,0.8067862247014891,0.5762758747867781,0.46102069982942234,0.46102069982942234,0.6915310497441336,0.5762758747867781,0.9220413996588447,0.6915310497441336,0.8067862247014891,0.46102069982942234,0.46102069982942234,0.9220413996588447,0.9220413996588447,0.23051034991471117,0.5762758747867781,0.6915310497441336,1.2678069245309116,0.9220413996588447,0.23051034991471117,0.46102069982942234,0.6915310497441336,1.1525517495735562,0.3457655248720668,0.3457655248720668,0.46102069982942234,0.3457655248720668,0.8067862247014891,0.6915310497441336,0.46102069982942234,0.6915310497441336,0.46102069982942234,1.1525517495735562,1.2678069245309116,0.9220413996588447,0.5762758747867781,0.3457655248720668,0.5762758747867781,0.9220413996588447,0.9220413996588447,0.9220413996588447,0.5762758747867781,0.6915310497441336,0.5762758747867781,0.6915310497441336,0.46102069982942234,0.46102069982942234,0.5762758747867781,0.46102069982942234,,,0.6915310497441336,0.5762758747867781,0.3457655248720668,0.8067862247014891,0.5762758747867781,0.23051034991471117,0.5762758747867781,0.6915310497441336,0.3457655248720668,0.23051034991471117,0.9220413996588447,1.2678069245309116,0.8067862247014891,0.46102069982942234,0.5762758747867781,0.46102069982942234,0.46102069982942234,0.8067862247014891,0.6915310497441336,0.5762758747867781,0.23051034991471117,0.6915310497441336,0.6915310497441336,0.46102069982942234,0.6915310497441336,0.8067862247014891,0.5762758747867781,0.46102069982942234,0.46102069982942234,0.6915310497441336,0.5762758747867781,0.46102069982942234,0.8067862247014891,0.8067862247014891,0.11525517495735559,0.23051034991471117,0.46102069982942234,1.1525517495735562,0.3457655248720668,0.11525517495735559,1.2678069245309116,0.3457655248720668,,,,,,,,,,,,,,,,,,,,,,,,,,,,,,,,,,,,,,,,,,,,,,,,,
,,,,,,,,,,,,,,,,,,,,,,,,,,,,,,,,,,,,,,,,,,,,,,,,,,,,,,,,,,,,,,,,,,,,,,,,,,,,,0.3457655248720668,0.46102069982942234,0.23051034991471117,0.3457655248720668,0.9220413996588447,0.3457655248720668,0.46102069982942234,0.3457655248720668,0.5762758747867781,0.9220413996588447,0.8067862247014891,1.0372965746162006,0.6915310497441336,0.46102069982942234,0.46102069982942234,0.9220413996588447,0.8067862247014891,0.6915310497441336,0.11525517495735559,0.3457655248720668,0.5762758747867781,0.46102069982942234,0.5762758747867781,0.3457655248720668,0.46102069982942234,0.23051034991471117,0.11525517495735559,0.6915310497441336,0.8067862247014891,0.46102069982942234,0.23051034991471117,0.5762758747867781,0.9220413996588447,0.23051034991471117,0.8067862247014891,0.3457655248720668,0.5762758747867781,0.23051034991471117,0.5762758747867781,1.2678069245309116,0.11525517495735559,0.8067862247014891,0.23051034991471117,0.8067862247014891,0.46102069982942234,0.3457655248720668,0.9220413996588447,0.8067862247014891,0.9220413996588447,0.8067862247014891,0.46102069982942234,0.3457655248720668,0.5762758747867781,1.0372965746162006,0.5762758747867781,0.8067862247014891,0.0,0.8067862247014891,0.3457655248720668,0.3457655248720668,0.46102069982942234,0.46102069982942234,0.11525517495735559,0.8067862247014891,0.6915310497441336,0.3457655248720668,0.8067862247014891,0.46102069982942234,0.11525517495735559,0.5762758747867781,0.5762758747867781,0.8067862247014891,1.1525517495735562,0.9220413996588447,1.0372965746162006,0.8067862247014891,0.6915310497441336,0.6915310497441336,0.5762758747867781,0.6915310497441336,0.6915310497441336,0.9220413996588447,0.5762758747867781,0.46102069982942234,1.0372965746162006,0.6915310497441336,1.2678069245309116,0.23051034991471117,0.8067862247014891,0.8067862247014891,0.5762758747867781,0.8067862247014891,0.46102069982942234,0.6915310497441336,0.5762758747867781,0.8067862247014891,0.3457655248720668,0.11525517495735559,0.23051034991471117,0.3457655248720668,0.8067862247014891,0.5762758747867781,0.9220413996588447,0.6915310497441336,0.46102069982942234,0.9220413996588447,0.3457655248720668,0.11525517495735559,1.4983172744456228,0.23051034991471117,0.6915310497441336,0.46102069982942234,0.8067862247014891,0.46102069982942234,0.3457655248720668,0.3457655248720668,0.23051034991471117,0.46102069982942234,0.9220413996588447,0.3457655248720668,0.5762758747867781,0.46102069982942234,0.46102069982942234,0.3457655248720668,0.5762758747867781,0.8067862247014891,0.9220413996588447,0.23051034991471117,0.6915310497441336,0.46102069982942234,,,,,,,,,,,,,,,,,,,,,,,,,,,,,,,,,,,,,,,,,,,,,,,,,
,,,,,,,,,,,,,,,,,,,,,,,,,,,,,,,,,,,,,,,,,,,,,,,,,,,,,,,,,,,,,,,,,,,,,,,,,,,,,0.9220413996588447,0.9220413996588447,0.3457655248720668,0.5762758747867781,0.23051034991471117,0.3457655248720668,0.9220413996588447,1.0372965746162006,0.3457655248720668,0.8067862247014891,0.6915310497441336,0.5762758747867781,0.23051034991471117,0.6915310497441336,0.8067862247014891,0.3457655248720668,0.6915310497441336,0.3457655248720668,0.5762758747867781,0.46102069982942234,0.8067862247014891,0.23051034991471117,0.9220413996588447,0.5762758747867781,0.3457655248720668,0.6915310497441336,0.5762758747867781,0.6915310497441336,0.46102069982942234,1.0372965746162006,0.46102069982942234,0.3457655248720668,0.3457655248720668,0.6915310497441336,0.23051034991471117,0.6915310497441336,0.46102069982942234,0.9220413996588447,0.5762758747867781,0.46102069982942234,0.46102069982942234,0.6915310497441336,0.6915310497441336,0.3457655248720668,0.6915310497441336,0.8067862247014891,0.46102069982942234,0.5762758747867781,0.6915310497441336,0.9220413996588447,0.3457655248720668,0.8067862247014891,0.46102069982942234,0.11525517495735559,0.3457655248720668,0.3457655248720668,0.3457655248720668,0.5762758747867781,0.5762758747867781,0.3457655248720668,0.5762758747867781,0.8067862247014891,0.9220413996588447,0.3457655248720668,0.11525517495735559,0.3457655248720668,0.8067862247014891,0.46102069982942234,0.5762758747867781,0.5762758747867781,0.8067862247014891,0.5762758747867781,0.9220413996588447,0.9220413996588447,0.8067862247014891,0.8067862247014891,0.3457655248720668,0.23051034991471117,0.23051034991471117,0.5762758747867781,0.23051034991471117,0.23051034991471117,0.3457655248720668,0.8067862247014891,0.6915310497441336,0.6915310497441336,1.1525517495735562,0.46102069982942234,0.46102069982942234,0.46102069982942234,1.0372965746162006,0.8067862247014891,0.46102069982942234,0.5762758747867781,0.8067862247014891,0.46102069982942234,0.6915310497441336,0.8067862247014891,0.23051034991471117,0.5762758747867781,0.5762758747867781,0.8067862247014891,0.8067862247014891,0.3457655248720668,0.9220413996588447,0.3457655248720668,0.6915310497441336,0.23051034991471117,0.8067862247014891,0.3457655248720668,0.23051034991471117,0.0,0.3457655248720668,0.3457655248720668,0.5762758747867781,0.8067862247014891,0.9220413996588447,0.3457655248720668,0.5762758747867781,0.23051034991471117,0.11525517495735559,0.3457655248720668,0.9220413996588447,0.46102069982942234,0.8067862247014891,0.46102069982942234,0.3457655248720668,,,,,,,,,,,,,,,,,0.46102069982942234,0.8067862247014891,,,,0.5762758747867781,0.5762758747867781,,,,,,,,,,,,,,,,,,,,,,,,,,,,,
,,,,,,,,,,,,,,,,,,,,,,,,,,,,,,,,,,,,,,,,,,,,,,,,,,,,,,,,,,,,,,,,,,,,,,0.5762758747867781,0.5762758747867781,0.8067862247014891,,,,0.23051034991471117,0.46102069982942234,0.5762758747867781,0.5762758747867781,0.8067862247014891,0.8067862247014891,0.3457655248720668,0.5762758747867781,0.3457655248720668,0.23051034991471117,0.9220413996588447,0.11525517495735559,0.23051034991471117,0.23051034991471117,0.6915310497441336,0.6915310497441336,1.0372965746162006,0.11525517495735559,0.6915310497441336,0.5762758747867781,0.5762758747867781,0.46102069982942234,0.5762758747867781,0.23051034991471117,0.46102069982942234,0.23051034991471117,0.5762758747867781,0.23051034991471117,0.11525517495735559,0.8067862247014891,0.9220413996588447,0.3457655248720668,0.11525517495735559,0.46102069982942234,0.3457655248720668,0.5762758747867781,0.6915310497441336,0.6915310497441336,0.6915310497441336,1.0372965746162006,0.6915310497441336,0.6915310497441336,0.3457655248720668,0.46102069982942234,0.46102069982942234,0.5762758747867781,1.0372965746162006,0.8067862247014891,1.0372965746162006,0.3457655248720668,0.5762758747867781,0.3457655248720668,0.23051034991471117,0.23051034991471117,0.6915310497441336,0.5762758747867781,0.9220413996588447,0.3457655248720668,0.5762758747867781,0.46102069982942234,0.3457655248720668,1.0372965746162006,0.8067862247014891,0.23051034991471117,0.8067862247014891,0.5762758747867781,0.8067862247014891,0.5762758747867781,0.6915310497441336,0.46102069982942234,0.5762758747867781,0.3457655248720668,0.46102069982942234,0.6915310497441336,0.6915310497441336,0.0,0.46102069982942234,0.23051034991471117,0.8067862247014891,0.46102069982942234,0.5762758747867781,0.46102069982942234,0.6915310497441336,0.5762758747867781,0.5762758747867781,0.6915310497441336,0.9220413996588447,0.46102069982942234,0.46102069982942234,0.9220413996588447,1.0372965746162006,0.6915310497441336,1.2678069245309116,0.6915310497441336,0.46102069982942234,0.9220413996588447,0.46102069982942234,0.11525517495735559,0.3457655248720668,0.6915310497441336,0.3457655248720668,0.5762758747867781,0.46102069982942234,0.9220413996588447,0.3457655248720668,0.46102069982942234,0.8067862247014891,0.6915310497441336,0.6915310497441336,0.6915310497441336,0.3457655248720668,0.8067862247014891,0.9220413996588447,0.3457655248720668,0.46102069982942234,0.46102069982942234,0.46102069982942234,0.5762758747867781,0.5762758747867781,0.46102069982942234,0.9220413996588447,0.6915310497441336,0.46102069982942234,0.6915310497441336,0.5762758747867781,0.46102069982942234,0.5762758747867781,0.6915310497441336,0.3457655248720668,0.23051034991471117,0.6915310497441336,0.5762758747867781,,,,,,,,,,,,,0.8067862247014891,0.9220413996588447,0.6915310497441336,,,0.8067862247014891,0.6915310497441336,0.8067862247014891,0.6915310497441336,,,,,,,,,,,,,,,,,,,,,,,,,,,
,,,,,,,,,,,,,,,,,,,,,,,,,,,,,,,,,,,,,,,,,,,,,,,,,,,,,,,,,,,,,,,,,,,0.46102069982942234,0.5762758747867781,0.5762758747867781,0.46102069982942234,0.5762758747867781,0.11525517495735559,0.9220413996588447,0.3457655248720668,0.5762758747867781,0.6915310497441336,0.46102069982942234,0.9220413996588447,0.23051034991471117,1.1525517495735562,0.46102069982942234,0.5762758747867781,0.9220413996588447,0.3457655248720668,0.23051034991471117,0.9220413996588447,0.5762758747867781,0.9220413996588447,0.8067862247014891,0.8067862247014891,0.5762758747867781,0.46102069982942234,0.6915310497441336,0.6915310497441336,0.5762758747867781,0.0,0.6915310497441336,0.46102069982942234,1.0372965746162006,0.46102069982942234,0.6915310497441336,0.5762758747867781,0.5762758747867781,0.3457655248720668,0.3457655248720668,0.3457655248720668,0.8067862247014891,0.46102069982942234,0.8067862247014891,0.5762758747867781,0.6915310497441336,0.3457655248720668,0.8067862247014891,0.6915310497441336,0.3457655248720668,0.9220413996588447,0.11525517495735559,0.23051034991471117,0.3457655248720668,0.8067862247014891,0.23051034991471117,0.9220413996588447,0.6915310497441336,0.5762758747867781,0.3457655248720668,0.8067862247014891,0.9220413996588447,0.5762758747867781,0.5762758747867781,0.6915310497441336,0.5762758747867781,0.11525517495735559,0.3457655248720668,1.1525517495735562,0.46102069982942234,0.46102069982942234,0.3457655248720668,0.9220413996588447,0.0,0.3457655248720668,0.5762758747867781,0.11525517495735559,0.3457655248720668,0.8067862247014891,0.5762758747867781,0.23051034991471117,0.23051034991471117,0.5762758747867781,0.3457655248720668,0.23051034991471117,0.5762758747867781,0.46102069982942234,0.3457655248720668,0.9220413996588447,0.3457655248720668,0.8067862247014891,0.3457655248720668,0.23051034991471117,0.8067862247014891,0.9220413996588447,0.23051034991471117,1.0372965746162006,0.8067862247014891,0.5762758747867781,0.23051034991471117,1.0372965746162006,1.1525517495735562,0.5762758747867781,0.9220413996588447,0.3457655248720668,0.6915310497441336,0.6915310497441336,0.23051034991471117,0.23051034991471117,0.9220413996588447,0.46102069982942234,0.23051034991471117,0.5762758747867781,0.46102069982942234,0.9220413996588447,0.5762758747867781,0.23051034991471117,0.46102069982942234,0.23051034991471117,0.23051034991471117,0.46102069982942234,0.5762758747867781,0.46102069982942234,0.6915310497441336,0.3457655248720668,0.6915310497441336,0.46102069982942234,0.3457655248720668,0.46102069982942234,0.23051034991471117,0.6915310497441336,1.1525517495735562,0.8067862247014891,0.6915310497441336,0.23051034991471117,1.0372965746162006,0.8067862247014891,0.6915310497441336,0.5762758747867781,0.8067862247014891,0.5762758747867781,0.9220413996588447,,,,,,,,,,,,,0.5762758747867781,0.6915310497441336,0.5762758747867781,0.6915310497441336,,,0.23051034991471117,0.9220413996588447,0.5762758747867781,0.3457655248720668,,,,,0.6915310497441336,0.6915310497441336,,,,,,,,,,,,,,,,,,,,
,,,,,,,,,,,,,,,,,,,,,,,,,,,,,,,,,,,,,,,,,,,,,,,,,,,,,,,,,,,,,,,,,,0.11525517495735559,1.2678069245309116,0.5762758747867781,0.46102069982942234,1.0372965746162006,0.6915310497441336,0.8067862247014891,0.3457655248720668,0.3457655248720668,0.46102069982942234,1.2678069245309116,0.6915310497441336,0.5762758747867781,0.6915310497441336,0.3457655248720668,0.3457655248720668,1.1525517495735562,0.46102069982942234,0.5762758747867781,0.9220413996588447,0.46102069982942234,0.9220413996588447,1.0372965746162006,0.8067862247014891,0.5762758747867781,0.23051034991471117,0.6915310497441336,0.23051034991471117,0.9220413996588447,0.3457655248720668,0.6915310497441336,0.8067862247014891,0.6915310497441336,0.6915310497441336,0.6915310497441336,0.5762758747867781,0.46102069982942234,0.46102069982942234,0.46102069982942234,0.5762758747867781,0.46102069982942234,0.5762758747867781,0.6915310497441336,0.46102069982942234,0.9220413996588447,0.8067862247014891,0.46102069982942234,0.5762758747867781,0.6915310497441336,0.5762758747867781,0.5762758747867781,0.46102069982942234,0.23051034991471117,0.6915310497441336,0.9220413996588447,0.5762758747867781,1.1525517495735562,0.46102069982942234,0.6915310497441336,0.3457655248720668,1.2678069245309116,0.3457655248720668,0.6915310497441336,0.46102069982942234,0.3457655248720668,0.6915310497441336,0.46102069982942234,0.5762758747867781,0.5762758747867781,0.3457655248720668,0.5762758747867781,0.3457655248720668,0.9220413996588447,0.8067862247014891,0.3457655248720668,0.23051034991471117,0.3457655248720668,0.9220413996588447,0.3457655248720668,0.9220413996588447,1.0372965746162006,0.5762758747867781,0.6915310497441336,0.23051034991471117,0.46102069982942234,0.3457655248720668,0.5762758747867781,0.6915310497441336,0.5762758747867781,0.46102069982942234,1.1525517495735562,0.5762758747867781,0.5762758747867781,0.46102069982942234,0.46102069982942234,1.1525517495735562,0.8067862247014891,0.6915310497441336,0.9220413996588447,0.6915310497441336,0.46102069982942234,0.3457655248720668,0.46102069982942234,0.11525517495735559,0.8067862247014891,0.46102069982942234,0.8067862247014891,1.3830620994882672,0.46102069982942234,0.46102069982942234,1.1525517495735562,1.2678069245309116,0.6915310497441336,0.46102069982942234,0.5762758747867781,0.3457655248720668,0.11525517495735559,0.9220413996588447,0.23051034991471117,0.3457655248720668,0.11525517495735559,0.46102069982942234,0.5762758747867781,0.6915310497441336,0.5762758747867781,0.9220413996588447,0.3457655248720668,0.5762758747867781,0.23051034991471117,0.8067862247014891,0.46102069982942234,0.5762758747867781,0.46102069982942234,0.9220413996588447,0.46102069982942234,0.9220413996588447,0.3457655248720668,0.6915310497441336,0.8067862247014891,0.46102069982942234,0.3457655248720668,0.23051034991471117,,,,,,,,0.6915310497441336,0.5762758747867781,0.8067862247014891,,,0.6915310497441336,0.46102069982942234,0.8067862247014891,0.9220413996588447,,,0.5762758747867781,0.6915310497441336,0.5762758747867781,0.8067862247014891,1.0372965746162006,0.46102069982942234,0.6915310497441336,0.46102069982942234,0.8067862247014891,0.3457655248720668,1.0372965746162006,,,,,,,,,,,,,,,,,,,
,,,,,,,,,,,,,,,,,,,,,,,,,,,,,,,,,,,,,,,,,,,,,,,,,,,,,,,,,,,,,,,,,,0.6915310497441336,1.1525517495735562,0.5762758747867781,0.46102069982942234,0.46102069982942234,,,0.46102069982942234,0.8067862247014891,1.1525517495735562,0.5762758747867781,0.5762758747867781,1.0372965746162006,0.6915310497441336,0.46102069982942234,0.46102069982942234,0.23051034991471117,0.3457655248720668,0.5762758747867781,1.0372965746162006,0.5762758747867781,0.8067862247014891,0.6915310497441336,0.6915310497441336,0.46102069982942234,0.46102069982942234,0.6915310497441336,0.3457655248720668,0.3457655248720668,0.6915310497441336,0.23051034991471117,0.23051034991471117,0.8067862247014891,0.5762758747867781,1.1525517495735562,0.3457655248720668,1.1525517495735562,0.46102069982942234,0.6915310497441336,1.6135724494029782,1.0372965746162006,0.8067862247014891,0.46102069982942234,0.23051034991471117,0.3457655248720668,0.9220413996588447,0.46102069982942234,0.6915310497441336,0.8067862247014891,0.6915310497441336,0.8067862247014891,1.2678069245309116,0.6915310497441336,0.5762758747867781,0.46102069982942234,0.23051034991471117,0.3457655248720668,0.3457655248720668,0.0,0.23051034991471117,0.46102069982942234,0.5762758747867781,0.5762758747867781,0.9220413996588447,0.5762758747867781,0.3457655248720668,0.46102069982942234,0.5762758747867781,0.46102069982942234,0.46102069982942234,0.3457655248720668,0.46102069982942234,0.8067862247014891,0.23051034991471117,0.5762758747867781,0.5762758747867781,0.23051034991471117,0.3457655248720668,0.23051034991471117,0.6915310497441336,0.8067862247014891,0.11525517495735559,0.8067862247014891,0.5762758747867781,1.2678069245309116,0.5762758747867781,0.9220413996588447,0.11525517495735559,0.11525517495735559,0.46102069982942234,0.5762758747867781,0.23051034991471117,0.5762758747867781,0.6915310497441336,0.6915310497441336,0.8067862247014891,0.5762758747867781,0.3457655248720668,0.6915310497441336,0.46102069982942234,0.6915310497441336,0.23051034991471117,0.8067862247014891,0.8067862247014891,0.8067862247014891,0.3457655248720668,1.0372965746162006,1.0372965746162006,0.6915310497441336,0.6915310497441336,0.46102069982942234,0.5762758747867781,0.9220413996588447,0.3457655248720668,0.46102069982942234,1.0372965746162006,0.5762758747867781,0.6915310497441336,0.46102069982942234,0.6915310497441336,0.8067862247014891,0.8067862247014891,0.11525517495735559,0.6915310497441336,0.46102069982942234,0.5762758747867781,0.6915310497441336,0.5762758747867781,0.6915310497441336,0.6915310497441336,0.3457655248720668,0.6915310497441336,0.8067862247014891,0.6915310497441336,0.3457655248720668,0.46102069982942234,0.3457655248720668,0.8067862247014891,0.5762758747867781,0.5762758747867781,1.2678069245309116,0.46102069982942234,,,,,,,0.3457655248720668,0.9220413996588447,1.2678069245309116,0.5762758747867781,,,,0.5762758747867781,0.46102069982942234,0.8067862247014891,,,,,0.23051034991471117,0.6915310497441336,0.5762758747867781,1.1525517495735562,0.6915310497441336,0.46102069982942234,0.5762758747867781,0.46102069982942234,,,,,,,,,,,,,,,,,,,,
,,,,,,,,,,,,,,,,,,,,,,,,,,,,,,,,,,,,,,,,,,,,,,,,,,,,,,,,,,,,,,,,,,,0.23051034991471117,0.5762758747867781,0.6915310497441336,,,,0.3457655248720668,0.6915310497441336,0.5762758747867781,0.5762758747867781,0.3457655248720668,0.23051034991471117,0.3457655248720668,0.8067862247014891,0.46102069982942234,0.8067862247014891,0.8067862247014891,0.8067862247014891,0.46102069982942234,0.3457655248720668,0.8067862247014891,0.46102069982942234,1.0372965746162006,0.5762758747867781,0.46102069982942234,0.6915310497441336,0.6915310497441336,0.9220413996588447,0.6915310497441336,0.3457655248720668,1.0372965746162006,0.6915310497441336,0.5762758747867781,0.6915310497441336,0.5762758747867781,0.8067862247014891,0.23051034991471117,0.6915310497441336,0.9220413996588447,0.23051034991471117,0.6915310497441336,0.3457655248720668,0.5762758747867781,0.9220413996588447,0.6915310497441336,0.5762758747867781,0.6915310497441336,1.0372965746162006,0.23051034991471117,0.9220413996588447,0.8067862247014891,0.8067862247014891,0.6915310497441336,0.5762758747867781,0.46102069982942234,0.3457655248720668,0.46102069982942234,0.3457655248720668,0.6915310497441336,0.11525517495735559,1.0372965746162006,0.9220413996588447,0.6915310497441336,0.8067862247014891,0.11525517495735559,0.6915310497441336,0.5762758747867781,0.6915310497441336,0.6915310497441336,0.23051034991471117,0.46102069982942234,0.23051034991471117,0.46102069982942234,0.46102069982942234,0.46102069982942234,1.2678069245309116,0.0,0.5762758747867781,0.8067862247014891,0.9220413996588447,0.8067862247014891,0.5762758747867781,0.5762758747867781,0.3457655248720668,0.3457655248720668,0.3457655248720668,1.2678069245309116,0.23051034991471117,0.3457655248720668,0.46102069982942234,0.46102069982942234,0.8067862247014891,0.23051034991471117,0.8067862247014891,0.5762758747867781,1.2678069245309116,0.46102069982942234,0.6915310497441336,0.46102069982942234,0.46102069982942234,0.9220413996588447,0.23051034991471117,0.46102069982942234,1.0372965746162006,0.5762758747867781,0.5762758747867781,0.3457655248720668,0.5762758747867781,0.6915310497441336,0.3457655248720668,0.3457655248720668,0.11525517495735559,0.3457655248720668,0.5762758747867781,0.23051034991471117,0.23051034991471117,0.8067862247014891,0.5762758747867781,1.1525517495735562,0.46102069982942234,0.5762758747867781,1.0372965746162006,0.6915310497441336,0.46102069982942234,1.0372965746162006,0.46102069982942234,0.46102069982942234,0.6915310497441336,0.3457655248720668,0.5762758747867781,0.46102069982942234,0.6915310497441336,0.3457655248720668,0.8067862247014891,0.5762758747867781,0.5762758747867781,0.3457655248720668,0.9220413996588447,0.9220413996588447,0.46102069982942234,0.46102069982942234,0.3457655248720668,0.46102069982942234,0.8067862247014891,0.46102069982942234,0.3457655248720668,0.3457655248720668,0.6915310497441336,0.5762758747867781,0.9220413996588447,0.5762758747867781,,,,1.2678069245309116,0.46102069982942234,,,,,,,0.6915310497441336,0.46102069982942234,0.6915310497441336,0.5762758747867781,0.5762758747867781,0.46102069982942234,,,,,,,,,,,,,,,,,,,,,
,,,,,,,,,,,,,,,,,,,,,,,,,,,,,,,,,,,,,,,,,,,,,,,,,,,,,,,,,,,,,,,,,,,,,,,,0.3457655248720668,0.9220413996588447,0.6915310497441336,0.3457655248720668,0.46102069982942234,0.46102069982942234,0.46102069982942234,0.3457655248720668,0.46102069982942234,0.6915310497441336,0.8067862247014891,0.9220413996588447,0.5762758747867781,0.5762758747867781,0.23051034991471117,0.9220413996588447,0.3457655248720668,0.11525517495735559,0.6915310497441336,0.5762758747867781,0.46102069982942234,0.3457655248720668,0.5762758747867781,0.6915310497441336,0.23051034991471117,0.9220413996588447,0.46102069982942234,0.46102069982942234,0.46102069982942234,0.3457655248720668,0.46102069982942234,0.23051034991471117,0.8067862247014891,0.46102069982942234,0.6915310497441336,0.3457655248720668,0.3457655248720668,0.3457655248720668,0.6915310497441336,0.5762758747867781,0.3457655248720668,0.9220413996588447,0.5762758747867781,0.6915310497441336,0.23051034991471117,1.1525517495735562,0.3457655248720668,0.5762758747867781,0.9220413996588447,0.5762758747867781,0.46102069982942234,0.6915310497441336,0.23051034991471117,0.46102069982942234,0.46102069982942234,0.46102069982942234,0.11525517495735559,0.8067862247014891,0.9220413996588447,1.728827624360334,0.6915310497441336,0.5762758747867781,0.23051034991471117,0.5762758747867781,0.23051034991471117,0.3457655248720668,0.23051034991471117,0.46102069982942234,0.3457655248720668,0.3457655248720668,0.3457655248720668,0.6915310497441336,0.11525517495735559,0.5762758747867781,0.6915310497441336,0.5762758747867781,0.3457655248720668,0.46102069982942234,0.6915310497441336,0.9220413996588447,0.8067862247014891,0.46102069982942234,0.46102069982942234,0.23051034991471117,0.46102069982942234,0.8067862247014891,0.6915310497441336,0.46102069982942234,0.5762758747867781,0.3457655248720668,0.3457655248720668,0.8067862247014891,0.5762758747867781,0.46102069982942234,0.5762758747867781,0.5762758747867781,0.3457655248720668,0.8067862247014891,0.6915310497441336,0.46102069982942234,0.46102069982942234,0.5762758747867781,0.46102069982942234,0.23051034991471117,0.9220413996588447,0.5762758747867781,0.5762758747867781,0.46102069982942234,0.11525517495735559,0.9220413996588447,0.3457655248720668,0.5762758747867781,1.2678069245309116,1.1525517495735562,0.5762758747867781,0.46102069982942234,0.23051034991471117,0.23051034991471117,0.46102069982942234,0.46102069982942234,0.3457655248720668,0.46102069982942234,0.46102069982942234,0.8067862247014891,0.5762758747867781,1.0372965746162006,0.23051034991471117,1.0372965746162006,0.46102069982942234,0.46102069982942234,0.3457655248720668,1.1525517495735562,0.8067862247014891,0.3457655248720668,0.8067862247014891,0.3457655248720668,1.0372965746162006,0.8067862247014891,0.8067862247014891,0.5762758747867781,0.6915310497441336,0.9220413996588447,0.3457655248720668,0.3457655248720668,0.9220413996588447,0.5762758747867781,0.46102069982942234,,,0.5762758747867781,0.23051034991471117,,,,,0.9220413996588447,0.46102069982942234,0.3457655248720668,0.6915310497441336,0.3457655248720668,0.46102069982942234,0.8067862247014891,,,,,,,,,,,,,,,,,,,,,,
,,,,,,,,,,,,,,,,,,,,,,,,,,,,,,,,,,,,,,,,,,,,,,,,,,,,,,,,,,,,,,,,,,,,,,,,1.1525517495735562,0.8067862247014891,0.9220413996588447,0.6915310497441336,0.6915310497441336,0.5762758747867781,0.3457655248720668,0.23051034991471117,0.5762758747867781,0.46102069982942234,0.5762758747867781,0.8067862247014891,1.0372965746162006,0.11525517495735559,0.6915310497441336,0.0,0.9220413996588447,1.1525517495735562,0.9220413996588447,0.5762758747867781,0.6915310497441336,0.46102069982942234,0.3457655248720668,1.0372965746162006,0.6915310497441336,0.46102069982942234,0.46102069982942234,0.3457655248720668,0.46102069982942234,1.0372965746162006,0.9220413996588447,0.9220413996588447,0.5762758747867781,0.5762758747867781,0.9220413996588447,0.6915310497441336,0.11525517495735559,0.5762758747867781,1.4983172744456228,0.46102069982942234,0.3457655248720668,0.3457655248720668,0.23051034991471117,0.3457655248720668,0.5762758747867781,0.46102069982942234,0.6915310497441336,0.3457655248720668,0.5762758747867781,0.8067862247014891,1.1525517495735562,0.8067862247014891,0.6915310497441336,0.6915310497441336,0.6915310497441336,0.5762758747867781,0.3457655248720668,0.11525517495735559,0.8067862247014891,0.9220413996588447,0.46102069982942234,0.5762758747867781,0.46102069982942234,0.46102069982942234,0.5762758747867781,0.8067862247014891,0.6915310497441336,0.5762758747867781,0.46102069982942234,0.5762758747867781,0.3457655248720668,0.3457655248720668,0.46102069982942234,0.11525517495735559,0.9220413996588447,0.0,1.0372965746162006,0.5762758747867781,1.1525517495735562,0.5762758747867781,0.46102069982942234,0.23051034991471117,0.9220413996588447,0.6915310497441336,0.46102069982942234,0.46102069982942234,0.5762758747867781,0.46102069982942234,1.0372965746162006,1.1525517495735562,0.46102069982942234,0.9220413996588447,0.8067862247014891,0.5762758747867781,0.8067862247014891,0.3457655248720668,0.23051034991471117,0.23051034991471117,0.3457655248720668,0.46102069982942234,1.2678069245309116,0.46102069982942234,1.2678069245309116,0.23051034991471117,0.3457655248720668,0.6915310497441336,0.8067862247014891,1.0372965746162006,1.1525517495735562,0.3457655248720668,0.46102069982942234,0.11525517495735559,0.3457655248720668,0.5762758747867781,0.3457655248720668,0.3457655248720668,0.8067862247014891,0.23051034991471117,0.5762758747867781,0.3457655248720668,0.5762758747867781,0.46102069982942234,0.23051034991471117,0.8067862247014891,0.3457655248720668,0.46102069982942234,0.46102069982942234,0.46102069982942234,0.5762758747867781,0.5762758747867781,1.1525517495735562,0.5762758747867781,0.5762758747867781,0.3457655248720668,0.5762758747867781,0.8067862247014891,0.23051034991471117,0.23051034991471117,0.11525517495735559,0.46102069982942234,0.6915310497441336,1.0372965746162006,0.3457655248720668,0.8067862247014891,0.8067862247014891,0.5762758747867781,0.5762758747867781,0.5762758747867781,0.6915310497441336,0.3457655248720668,0.5762758747867781,0.5762758747867781,0.8067862247014891,,0.6915310497441336,0.11525517495735559,0.6915310497441336,,,,,,,,,,,,,,,,,,,,,,,,,,,
,,,,,,,,,,,,,,,,,,,,,,,,,,,,,,,,,,,,,,,,,,,,,,,,,,,,,,,,,,,,,,,,,,,,,,,0.23051034991471117,0.46102069982942234,0.8067862247014891,0.5762758747867781,0.3457655248720668,0.8067862247014891,0.5762758747867781,0.46102069982942234,0.6915310497441336,0.46102069982942234,0.6915310497441336,0.9220413996588447,0.6915310497441336,1.1525517495735562,0.46102069982942234,0.6915310497441336,0.5762758747867781,0.11525517495735559,0.9220413996588447,1.2678069245309116,0.5762758747867781,0.46102069982942234,0.5762758747867781,0.46102069982942234,0.3457655248720668,0.46102069982942234,0.6915310497441336,0.46102069982942234,0.9220413996588447,0.46102069982942234,0.11525517495735559,0.8067862247014891,1.0372965746162006,0.3457655248720668,0.6915310497441336,0.3457655248720668,0.8067862247014891,0.3457655248720668,0.8067862247014891,1.0372965746162006,0.5762758747867781,0.46102069982942234,0.3457655248720668,0.6915310497441336,0.3457655248720668,0.3457655248720668,0.11525517495735559,0.6915310497441336,0.5762758747867781,0.6915310497441336,0.5762758747867781,0.46102069982942234,0.3457655248720668,0.46102069982942234,0.3457655248720668,0.3457655248720668,0.46102069982942234,1.0372965746162006,0.9220413996588447,0.5762758747867781,0.3457655248720668,0.8067862247014891,0.3457655248720668,0.6915310497441336,0.46102069982942234,0.6915310497441336,0.5762758747867781,0.5762758747867781,0.5762758747867781,0.23051034991471117,0.3457655248720668,0.46102069982942234,0.6915310497441336,0.6915310497441336,0.3457655248720668,0.23051034991471117,0.46102069982942234,0.46102069982942234,0.46102069982942234,0.8067862247014891,0.5762758747867781,0.5762758747867781,0.46102069982942234,0.9220413996588447,0.46102069982942234,0.46102069982942234,0.6915310497441336,0.46102069982942234,0.6915310497441336,0.5762758747867781,0.23051034991471117,1.4983172744456228,0.5762758747867781,0.11525517495735559,0.8067862247014891,1.0372965746162006,0.6915310497441336,0.3457655248720668,0.5762758747867781,0.6915310497441336,0.5762758747867781,0.46102069982942234,0.8067862247014891,0.6915310497441336,0.46102069982942234,0.46102069982942234,0.23051034991471117,0.9220413996588447,0.46102069982942234,0.23051034991471117,0.9220413996588447,0.5762758747867781,0.9220413996588447,0.23051034991471117,0.6915310497441336,0.5762758747867781,0.8067862247014891,0.23051034991471117,0.6915310497441336,0.5762758747867781,0.8067862247014891,0.5762758747867781,0.8067862247014891,0.46102069982942234,0.6915310497441336,0.23051034991471117,0.9220413996588447,1.0372965746162006,0.8067862247014891,0.8067862247014891,0.9220413996588447,0.11525517495735559,0.8067862247014891,0.23051034991471117,0.46102069982942234,0.5762758747867781,0.6915310497441336,1.1525517495735562,0.8067862247014891,0.3457655248720668,0.5762758747867781,0.5762758747867781,0.3457655248720668,0.6915310497441336,0.3457655248720668,0.5762758747867781,0.5762758747867781,0.5762758747867781,0.46102069982942234,0.6915310497441336,0.23051034991471117,1.1525517495735562,1.1525517495735562,0.23051034991471117,,0.8067862247014891,0.8067862247014891,,,,0.6915310497441336,0.6915310497441336,,,0.8067862247014891,0.6915310497441336,,,,,,,,,,,,,,,,,,,
,,,,,,,,,,,,,,,,,,,,,,,,,,,,,,,,,,,,,,,,,,,,,,,,,,,,0.8067862247014891,,,,,,0.23051034991471117,0.9220413996588447,,,,,,,,,,0.6915310497441336,0.6915310497441336,0.9220413996588447,0.46102069982942234,0.6915310497441336,0.11525517495735559,1.0372965746162006,0.9220413996588447,0.5762758747867781,0.5762758747867781,0.46102069982942234,0.5762758747867781,0.46102069982942234,0.46102069982942234,0.23051034991471117,0.46102069982942234,1.1525517495735562,0.46102069982942234,0.8067862247014891,0.9220413996588447,0.8067862247014891,0.46102069982942234,0.5762758747867781,0.11525517495735559,0.3457655248720668,0.9220413996588447,0.6915310497441336,0.6915310497441336,0.3457655248720668,0.5762758747867781,0.5762758747867781,0.46102069982942234,1.0372965746162006,0.5762758747867781,0.5762758747867781,0.9220413996588447,0.8067862247014891,0.5762758747867781,0.46102069982942234,0.3457655248720668,0.5762758747867781,0.6915310497441336,0.8067862247014891,1.0372965746162006,0.5762758747867781,0.9220413996588447,0.3457655248720668,0.5762758747867781,1.2678069245309116,0.46102069982942234,1.0372965746162006,0.23051034991471117,0.6915310497441336,0.5762758747867781,0.23051034991471117,0.6915310497441336,0.23051034991471117,0.5762758747867781,0.23051034991471117,0.3457655248720668,0.9220413996588447,0.3457655248720668,0.5762758747867781,0.8067862247014891,1.0372965746162006,0.6915310497441336,0.5762758747867781,0.8067862247014891,0.23051034991471117,0.5762758747867781,0.8067862247014891,0.6915310497441336,0.6915310497441336,0.46102069982942234,0.8067862247014891,1.0372965746162006,0.8067862247014891,0.5762758747867781,0.9220413996588447,0.8067862247014891,0.8067862247014891,0.6915310497441336,0.3457655248720668,1.2678069245309116,0.3457655248720668,0.8067862247014891,0.6915310497441336,0.8067862247014891,0.6915310497441336,0.23051034991471117,0.46102069982942234,0.9220413996588447,0.5762758747867781,0.8067862247014891,0.6915310497441336,0.9220413996588447,0.8067862247014891,0.5762758747867781,0.6915310497441336,0.5762758747867781,0.3457655248720668,0.5762758747867781,0.3457655248720668,0.8067862247014891,0.11525517495735559,1.2678069245309116,0.9220413996588447,0.46102069982942234,0.46102069982942234,0.46102069982942234,0.5762758747867781,0.3457655248720668,0.11525517495735559,0.6915310497441336,0.3457655248720668,0.8067862247014891,0.6915310497441336,0.3457655248720668,0.6915310497441336,0.46102069982942234,0.46102069982942234,0.46102069982942234,0.6915310497441336,0.5762758747867781,0.46102069982942234,0.3457655248720668,0.9220413996588447,0.9220413996588447,0.23051034991471117,0.8067862247014891,0.5762758747867781,0.9220413996588447,0.5762758747867781,0.46102069982942234,0.5762758747867781,1.1525517495735562,0.3457655248720668,0.3457655248720668,1.3830620994882672,0.5762758747867781,0.23051034991471117,0.5762758747867781,0.8067862247014891,1.4983172744456228,0.6915310497441336,0.3457655248720668,0.3457655248720668,0.46102069982942234,0.6915310497441336,0.6915310497441336,0.46102069982942234,0.8067862247014891,0.6915310497441336,0.5762758747867781,0.5762758747867781,0.5762758747867781,,0.11525517495735559,,,,,0.5762758747867781,1.2678069245309116,,,0.5762758747867781,0.8067862247014891,,,,,,,,,,,,,,,,,,,
,,,,,,,,,,,,,,,,,,,,,,,,,,,,,,,,,,,,,,,,,,,,,,,,,,,0.8067862247014891,0.9220413996588447,0.46102069982942234,,,,0.46102069982942234,1.0372965746162006,0.5762758747867781,0.23051034991471117,0.8067862247014891,0.8067862247014891,,,,,,,0.6915310497441336,0.5762758747867781,0.46102069982942234,0.5762758747867781,0.9220413996588447,0.3457655248720668,0.3457655248720668,0.5762758747867781,0.6915310497441336,0.3457655248720668,0.11525517495735559,0.5762758747867781,0.5762758747867781,0.8067862247014891,0.8067862247014891,0.46102069982942234,0.6915310497441336,0.9220413996588447,0.5762758747867781,0.6915310497441336,0.6915310497441336,0.6915310497441336,0.46102069982942234,0.8067862247014891,0.3457655248720668,0.8067862247014891,0.6915310497441336,0.8067862247014891,1.2678069245309116,0.23051034991471117,0.5762758747867781,0.5762758747867781,0.6915310497441336,0.11525517495735559,0.23051034991471117,0.5762758747867781,0.46102069982942234,0.9220413996588447,0.23051034991471117,0.5762758747867781,0.11525517495735559,1.1525517495735562,0.6915310497441336,0.8067862247014891,0.46102069982942234,0.46102069982942234,0.9220413996588447,0.11525517495735559,0.5762758747867781,0.8067862247014891,0.6915310497441336,0.6915310497441336,0.8067862247014891,0.23051034991471117,1.0372965746162006,0.6915310497441336,0.5762758747867781,0.23051034991471117,0.8067862247014891,0.9220413996588447,0.46102069982942234,0.0,0.11525517495735559,0.46102069982942234,0.46102069982942234,0.46102069982942234,0.6915310497441336,0.23051034991471117,0.46102069982942234,0.6915310497441336,0.8067862247014891,0.5762758747867781,0.46102069982942234,0.6915310497441336,0.23051034991471117,0.9220413996588447,0.8067862247014891,0.11525517495735559,0.3457655248720668,0.3457655248720668,0.3457655248720668,0.8067862247014891,0.6915310497441336,0.46102069982942234,0.9220413996588447,0.46102069982942234,0.3457655248720668,0.23051034991471117,0.5762758747867781,0.3457655248720668,0.23051034991471117,0.5762758747867781,0.46102069982942234,0.8067862247014891,0.5762758747867781,1.2678069245309116,0.46102069982942234,0.23051034991471117,0.3457655248720668,0.9220413996588447,0.23051034991471117,0.8067862247014891,0.9220413996588447,0.3457655248720668,0.46102069982942234,0.23051034991471117,0.46102069982942234,1.0372965746162006,0.46102069982942234,0.6915310497441336,0.23051034991471117,0.3457655248720668,0.8067862247014891,0.6915310497441336,0.5762758747867781,0.6915310497441336,0.46102069982942234,0.23051034991471117,0.5762758747867781,0.5762758747867781,0.6915310497441336,0.6915310497441336,0.9220413996588447,0.23051034991471117,0.23051034991471117,1.0372965746162006,0.3457655248720668,0.5762758747867781,0.6915310497441336,0.3457655248720668,0.46102069982942234,0.9220413996588447,0.6915310497441336,0.46102069982942234,0.3457655248720668,0.3457655248720668,0.46102069982942234,0.3457655248720668,0.5762758747867781,0.46102069982942234,0.6915310497441336,0.8067862247014891,0.9220413996588447,0.8067862247014891,0.9220413996588447,0.46102069982942234,0.8067862247014891,0.46102069982942234,0.6915310497441336,0.6915310497441336,0.23051034991471117,,0.3457655248720668,0.46102069982942234,0.3457655248720668,0.46102069982942234,1.1525517495735562,0.5762758747867781,,,,,0.6915310497441336,0.23051034991471117,0.46102069982942234,,0.6915310497441336,0.5762758747867781,,,,,,,,,,,,,,,,,,,
,,,,,,,,,,,,,,,,,,,,,,,,,,,,,,,,,,,,,,,,,,,,,,,,,,,0.6915310497441336,0.3457655248720668,0.8067862247014891,0.5762758747867781,,,0.5762758747867781,0.8067862247014891,0.8067862247014891,0.5762758747867781,0.8067862247014891,0.5762758747867781,0.6915310497441336,,,,,1.0372965746162006,0.46102069982942234,0.46102069982942234,0.23051034991471117,0.3457655248720668,0.6915310497441336,0.9220413996588447,0.5762758747867781,0.3457655248720668,0.5762758747867781,0.8067862247014891,0.3457655248720668,0.8067862247014891,0.5762758747867781,0.46102069982942234,0.8067862247014891,0.6915310497441336,0.6915310497441336,0.46102069982942234,0.6915310497441336,1.3830620994882672,0.3457655248720668,0.9220413996588447,0.6915310497441336,0.9220413996588447,0.5762758747867781,1.1525517495735562,0.6915310497441336,0.9220413996588447,0.5762758747867781,0.6915310497441336,0.6915310497441336,0.46102069982942234,0.23051034991471117,0.8067862247014891,0.6915310497441336,0.8067862247014891,0.5762758747867781,0.46102069982942234,0.8067862247014891,0.3457655248720668,0.6915310497441336,0.6915310497441336,0.9220413996588447,1.1525517495735562,0.46102069982942234,0.6915310497441336,0.3457655248720668,0.6915310497441336,0.23051034991471117,0.46102069982942234,1.2678069245309116,0.46102069982942234,1.1525517495735562,0.9220413996588447,0.9220413996588447,0.6915310497441336,0.6915310497441336,0.8067862247014891,0.5762758747867781,0.11525517495735559,0.6915310497441336,0.5762758747867781,0.5762758747867781,0.9220413996588447,0.6915310497441336,0.8067862247014891,0.9220413996588447,0.9220413996588447,0.5762758747867781,0.6915310497441336,0.5762758747867781,0.3457655248720668,0.8067862247014891,0.9220413996588447,0.8067862247014891,0.46102069982942234,0.23051034991471117,0.23051034991471117,0.5762758747867781,0.5762758747867781,0.5762758747867781,1.1525517495735562,0.23051034991471117,0.5762758747867781,0.8067862247014891,0.3457655248720668,0.5762758747867781,0.3457655248720668,0.5762758747867781,0.46102069982942234,0.8067862247014891,0.5762758747867781,0.8067862247014891,0.46102069982942234,0.46102069982942234,0.5762758747867781,0.46102069982942234,0.6915310497441336,0.8067862247014891,0.5762758747867781,0.6915310497441336,0.8067862247014891,0.46102069982942234,0.8067862247014891,0.6915310497441336,0.46102069982942234,0.46102069982942234,0.6915310497441336,0.5762758747867781,0.46102069982942234,0.8067862247014891,0.46102069982942234,0.6915310497441336,0.46102069982942234,0.3457655248720668,0.8067862247014891,0.0,0.3457655248720668,0.3457655248720668,0.5762758747867781,0.3457655248720668,0.11525517495735559,0.8067862247014891,0.5762758747867781,0.23051034991471117,0.46102069982942234,0.9220413996588447,0.6915310497441336,0.6915310497441336,0.3457655248720668,0.6915310497441336,0.3457655248720668,0.3457655248720668,0.8067862247014891,0.8067862247014891,0.5762758747867781,0.3457655248720668,0.46102069982942234,0.23051034991471117,0.9220413996588447,0.5762758747867781,0.6915310497441336,0.11525517495735559,0.46102069982942234,0.46102069982942234,0.8067862247014891,0.8067862247014891,0.8067862247014891,0.8067862247014891,0.3457655248720668,0.46102069982942234,,,0.8067862247014891,,,,,,,0.5762758747867781,0.23051034991471117,0.23051034991471117,0.6915310497441336,0.8067862247014891,0.46102069982942234,0.6915310497441336,,,,,,,,,,,,,,,,,,,,
,,,,,,,,,,,,,,,,,,,,,,,,,,,,,,,,,,,,,,,,,,,,,,,,1.0372965746162006,,,0.6915310497441336,0.46102069982942234,0.6915310497441336,0.6915310497441336,0.6915310497441336,0.3457655248720668,0.46102069982942234,0.46102069982942234,0.11525517495735559,0.9220413996588447,0.3457655248720668,0.46102069982942234,0.46102069982942234,0.23051034991471117,0.46102069982942234,,,,0.5762758747867781,0.8067862247014891,0.46102069982942234,0.23051034991471117,0.11525517495735559,0.5762758747867781,0.6915310497441336,0.3457655248720668,1.0372965746162006,0.3457655248720668,0.6915310497441336,0.5762758747867781,0.46102069982942234,0.6915310497441336,0.8067862247014891,0.8067862247014891,0.9220413996588447,0.46102069982942234,0.3457655248720668,0.6915310497441336,0.3457655248720668,0.5762758747867781,0.3457655248720668,0.3457655248720668,0.5762758747867781,1.1525517495735562,0.46102069982942234,1.1525517495735562,0.8067862247014891,1.2678069245309116,1.2678069245309116,0.3457655248720668,0.46102069982942234,0.46102069982942234,0.46102069982942234,0.8067862247014891,0.6915310497441336,0.9220413996588447,0.5762758747867781,0.5762758747867781,0.46102069982942234,0.46102069982942234,0.46102069982942234,0.8067862247014891,0.5762758747867781,0.11525517495735559,0.5762758747867781,0.5762758747867781,0.5762758747867781,0.11525517495735559,0.23051034991471117,0.3457655248720668,0.23051034991471117,0.6915310497441336,0.6915310497441336,0.9220413996588447,0.9220413996588447,1.3830620994882672,0.6915310497441336,0.23051034991471117,0.46102069982942234,0.23051034991471117,1.0372965746162006,0.46102069982942234,0.3457655248720668,0.46102069982942234,0.3457655248720668,0.8067862247014891,0.11525517495735559,0.46102069982942234,0.3457655248720668,0.5762758747867781,0.5762758747867781,0.8067862247014891,0.46102069982942234,1.1525517495735562,1.1525517495735562,0.23051034991471117,0.8067862247014891,0.46102069982942234,0.6915310497441336,1.1525517495735562,0.5762758747867781,1.0372965746162006,0.5762758747867781,0.46102069982942234,0.46102069982942234,0.5762758747867781,0.3457655248720668,0.6915310497441336,0.3457655248720668,0.5762758747867781,0.5762758747867781,0.3457655248720668,0.5762758747867781,0.8067862247014891,0.6915310497441336,0.5762758747867781,0.5762758747867781,0.3457655248720668,0.23051034991471117,0.46102069982942234,0.5762758747867781,0.8067862247014891,0.5762758747867781,1.0372965746162006,0.5762758747867781,0.46102069982942234,0.46102069982942234,0.8067862247014891,0.46102069982942234,0.46102069982942234,0.23051034991471117,0.46102069982942234,1.2678069245309116,0.3457655248720668,0.3457655248720668,0.6915310497441336,0.5762758747867781,0.5762758747867781,0.46102069982942234,1.0372965746162006,0.46102069982942234,0.5762758747867781,0.23051034991471117,0.6915310497441336,0.3457655248720668,0.46102069982942234,0.5762758747867781,0.46102069982942234,0.8067862247014891,0.5762758747867781,0.3457655248720668,0.46102069982942234,0.5762758747867781,0.3457655248720668,0.46102069982942234,0.6915310497441336,0.46102069982942234,0.46102069982942234,0.6915310497441336,0.3457655248720668,0.6915310497441336,,,,0.46102069982942234,0.6915310497441336,1.2678069245309116,0.5762758747867781,0.6915310497441336,0.23051034991471117,,,,,,,,0.5762758747867781,0.6915310497441336,0.6915310497441336,0.8067862247014891,0.23051034991471117,0.8067862247014891,0.5762758747867781,0.5762758747867781,,,,,,,,,,,,,,,,,,,,
,,,,,,,,,,,,,,,,,,,,,,,,,,,,,,,,,,,,,,,,,,,,,,,0.46102069982942234,,,,,0.46102069982942234,0.5762758747867781,0.46102069982942234,0.6915310497441336,1.0372965746162006,0.46102069982942234,0.8067862247014891,0.5762758747867781,0.6915310497441336,0.3457655248720668,0.5762758747867781,0.5762758747867781,0.6915310497441336,0.5762758747867781,0.5762758747867781,0.46102069982942234,,,0.46102069982942234,0.6915310497441336,0.9220413996588447,0.6915310497441336,0.8067862247014891,0.9220413996588447,0.23051034991471117,0.46102069982942234,0.46102069982942234,0.3457655248720668,0.8067862247014891,0.3457655248720668,0.46102069982942234,0.8067862247014891,1.2678069245309116,0.23051034991471117,0.3457655248720668,0.46102069982942234,0.5762758747867781,0.46102069982942234,0.0,0.46102069982942234,0.0,1.0372965746162006,0.8067862247014891,1.728827624360334,0.46102069982942234,0.6915310497441336,0.6915310497441336,0.5762758747867781,0.9220413996588447,1.4983172744456228,1.1525517495735562,1.1525517495735562,0.5762758747867781,0.6915310497441336,0.46102069982942234,0.8067862247014891,1.0372965746162006,0.46102069982942234,0.8067862247014891,0.3457655248720668,0.5762758747867781,0.46102069982942234,0.46102069982942234,0.6915310497441336,0.8067862247014891,0.9220413996588447,0.6915310497441336,0.46102069982942234,0.6915310497441336,0.3457655248720668,0.46102069982942234,0.8067862247014891,1.0372965746162006,1.1525517495735562,0.46102069982942234,0.5762758747867781,0.5762758747867781,0.11525517495735559,0.5762758747867781,0.8067862247014891,1.0372965746162006,1.4983172744456228,0.23051034991471117,0.3457655248720668,0.46102069982942234,0.23051034991471117,0.5762758747867781,0.5762758747867781,1.0372965746162006,0.8067862247014891,0.46102069982942234,0.9220413996588447,0.3457655248720668,0.23051034991471117,1.0372965746162006,0.46102069982942234,0.23051034991471117,0.23051034991471117,0.5762758747867781,0.46102069982942234,0.46102069982942234,0.5762758747867781,0.8067862247014891,0.8067862247014891,0.8067862247014891,0.5762758747867781,0.5762758747867781,0.8067862247014891,0.9220413996588447,0.46102069982942234,0.5762758747867781,1.0372965746162006,0.46102069982942234,0.5762758747867781,0.8067862247014891,0.3457655248720668,0.8067862247014891,0.5762758747867781,0.5762758747867781,0.8067862247014891,0.23051034991471117,0.3457655248720668,0.46102069982942234,0.6915310497441336,0.46102069982942234,0.46102069982942234,0.5762758747867781,0.8067862247014891,0.5762758747867781,0.8067862247014891,0.3457655248720668,0.5762758747867781,0.3457655248720668,0.11525517495735559,0.3457655248720668,0.6915310497441336,0.46102069982942234,0.23051034991471117,0.23051034991471117,0.3457655248720668,0.5762758747867781,0.3457655248720668,0.8067862247014891,0.3457655248720668,0.23051034991471117,0.3457655248720668,0.3457655248720668,0.8067862247014891,0.5762758747867781,0.5762758747867781,0.3457655248720668,0.23051034991471117,0.23051034991471117,0.8067862247014891,0.46102069982942234,0.5762758747867781,0.3457655248720668,0.5762758747867781,0.8067862247014891,0.9220413996588447,0.9220413996588447,,,0.6915310497441336,0.5762758747867781,0.6915310497441336,0.6915310497441336,0.6915310497441336,1.0372965746162006,0.3457655248720668,,,0.8067862247014891,0.8067862247014891,0.5762758747867781,0.8067862247014891,0.46102069982942234,0.46102069982942234,0.6915310497441336,0.6915310497441336,0.6915310497441336,0.9220413996588447,0.6915310497441336,,,,,,,,,,,,,,,,,,,,,
,,,,,,,,,,,,,,,,,,,,,,,,,,,,,,,,,,,,,,,,,,,,,,0.5762758747867781,0.6915310497441336,,,,0.46102069982942234,0.8067862247014891,0.46102069982942234,1.0372965746162006,0.6915310497441336,0.5762758747867781,0.5762758747867781,0.8067862247014891,0.8067862247014891,0.23051034991471117,0.23051034991471117,0.9220413996588447,0.5762758747867781,0.8067862247014891,0.9220413996588447,0.8067862247014891,0.9220413996588447,,,,,0.3457655248720668,0.8067862247014891,0.8067862247014891,0.23051034991471117,0.8067862247014891,0.3457655248720668,0.46102069982942234,0.3457655248720668,0.5762758747867781,0.46102069982942234,0.8067862247014891,0.6915310497441336,0.46102069982942234,1.0372965746162006,0.6915310497441336,0.8067862247014891,0.9220413996588447,0.5762758747867781,0.5762758747867781,0.5762758747867781,0.5762758747867781,1.1525517495735562,0.6915310497441336,1.3830620994882672,1.0372965746162006,1.0372965746162006,2.4203586741044676,1.9593379742750452,1.6135724494029782,0.9220413996588447,0.5762758747867781,0.11525517495735559,0.6915310497441336,0.9220413996588447,1.2678069245309116,0.46102069982942234,0.5762758747867781,0.5762758747867781,0.5762758747867781,0.46102069982942234,0.11525517495735559,0.5762758747867781,0.46102069982942234,0.5762758747867781,1.0372965746162006,0.6915310497441336,1.4983172744456228,0.8067862247014891,0.6915310497441336,0.6915310497441336,0.23051034991471117,0.6915310497441336,1.3830620994882672,0.6915310497441336,0.8067862247014891,0.3457655248720668,0.9220413996588447,0.3457655248720668,0.5762758747867781,0.46102069982942234,0.46102069982942234,0.3457655248720668,0.9220413996588447,0.5762758747867781,1.0372965746162006,0.46102069982942234,0.9220413996588447,0.23051034991471117,0.23051034991471117,0.46102069982942234,0.3457655248720668,0.5762758747867781,0.5762758747867781,0.46102069982942234,0.8067862247014891,0.5762758747867781,0.5762758747867781,0.46102069982942234,0.6915310497441336,0.5762758747867781,0.8067862247014891,0.46102069982942234,1.0372965746162006,0.5762758747867781,0.8067862247014891,0.6915310497441336,0.46102069982942234,0.23051034991471117,0.5762758747867781,0.9220413996588447,0.46102069982942234,0.5762758747867781,0.23051034991471117,0.5762758747867781,0.5762758747867781,0.5762758747867781,0.6915310497441336,0.5762758747867781,0.6915310497441336,0.46102069982942234,0.3457655248720668,0.3457655248720668,0.23051034991471117,0.3457655248720668,0.23051034991471117,0.6915310497441336,0.3457655248720668,0.46102069982942234,0.5762758747867781,0.3457655248720668,0.0,0.46102069982942234,0.11525517495735559,0.46102069982942234,0.3457655248720668,0.9220413996588447,0.5762758747867781,0.3457655248720668,0.6915310497441336,0.46102069982942234,0.6915310497441336,0.9220413996588447,0.8067862247014891,1.1525517495735562,0.3457655248720668,0.5762758747867781,0.6915310497441336,0.46102069982942234,0.46102069982942234,0.5762758747867781,0.23051034991471117,0.5762758747867781,0.6915310497441336,0.46102069982942234,0.5762758747867781,0.5762758747867781,0.6915310497441336,0.46102069982942234,0.6915310497441336,0.3457655248720668,,,0.46102069982942234,0.5762758747867781,0.46102069982942234,0.23051034991471117,0.5762758747867781,0.6915310497441336,0.46102069982942234,0.8067862247014891,0.5762758747867781,0.46102069982942234,0.23051034991471117,0.6915310497441336,0.46102069982942234,,0.5762758747867781,0.5762758747867781,0.46102069982942234,0.11525517495735559,0.46102069982942234,0.3457655248720668,,,,,,,,,,,,,,,,,,,,,,
,,,,,,,,,,,,,,,,,,,,,,,,,,,,,,,,,,,,,,,,,,,0.8067862247014891,,0.46102069982942234,0.46102069982942234,0.6915310497441336,0.46102069982942234,0.5762758747867781,0.23051034991471117,1.1525517495735562,0.23051034991471117,0.5762758747867781,0.8067862247014891,0.46102069982942234,0.5762758747867781,0.5762758747867781,1.0372965746162006,0.46102069982942234,0.46102069982942234,0.46102069982942234,0.6915310497441336,0.5762758747867781,0.3457655248720668,0.8067862247014891,0.5762758747867781,0.46102069982942234,0.3457655248720668,0.3457655248720668,1.2678069245309116,,,0.46102069982942234,1.0372965746162006,0.3457655248720668,0.46102069982942234,0.46102069982942234,0.8067862247014891,0.46102069982942234,0.6915310497441336,0.23051034991471117,0.46102069982942234,1.1525517495735562,1.4983172744456228,0.9220413996588447,0.46102069982942234,0.3457655248720668,1.728827624360334,0.6915310497441336,0.46102069982942234,0.3457655248720668,1.0372965746162006,1.0372965746162006,1.4983172744456228,1.4983172744456228,0.9220413996588447,1.0372965746162006,0.6915310497441336,1.0372965746162006,1.1525517495735562,1.4983172744456228,0.46102069982942234,0.3457655248720668,1.2678069245309116,1.1525517495735562,0.8067862247014891,1.4983172744456228,0.8067862247014891,1.2678069245309116,0.46102069982942234,0.8067862247014891,0.5762758747867781,0.9220413996588447,0.9220413996588447,0.6915310497441336,0.23051034991471117,0.46102069982942234,0.6915310497441336,0.6915310497441336,0.6915310497441336,0.3457655248720668,1.1525517495735562,0.6915310497441336,0.9220413996588447,1.1525517495735562,1.4983172744456228,0.8067862247014891,0.6915310497441336,0.3457655248720668,0.11525517495735559,0.46102069982942234,0.8067862247014891,0.23051034991471117,0.6915310497441336,0.5762758747867781,0.23051034991471117,0.5762758747867781,0.5762758747867781,0.5762758747867781,0.5762758747867781,0.9220413996588447,0.46102069982942234,0.11525517495735559,0.8067862247014891,0.46102069982942234,0.8067862247014891,0.6915310497441336,0.8067862247014891,0.46102069982942234,0.11525517495735559,0.5762758747867781,0.46102069982942234,1.0372965746162006,0.3457655248720668,1.0372965746162006,0.3457655248720668,0.46102069982942234,0.9220413996588447,0.3457655248720668,0.6915310497441336,0.3457655248720668,0.5762758747867781,1.1525517495735562,1.1525517495735562,0.3457655248720668,0.5762758747867781,0.9220413996588447,0.5762758747867781,0.23051034991471117,0.8067862247014891,0.5762758747867781,0.8067862247014891,0.5762758747867781,0.23051034991471117,0.3457655248720668,0.8067862247014891,0.6915310497441336,1.0372965746162006,0.5762758747867781,0.6915310497441336,0.3457655248720668,0.6915310497441336,0.11525517495735559,0.9220413996588447,0.3457655248720668,0.6915310497441336,0.6915310497441336,0.8067862247014891,0.9220413996588447,0.5762758747867781,0.23051034991471117,0.46102069982942234,1.1525517495735562,0.5762758747867781,0.8067862247014891,0.3457655248720668,0.23051034991471117,0.9220413996588447,0.3457655248720668,0.3457655248720668,0.5762758747867781,0.6915310497441336,0.46102069982942234,0.23051034991471117,0.8067862247014891,0.6915310497441336,0.3457655248720668,0.3457655248720668,0.3457655248720668,0.46102069982942234,,,,1.0372965746162006,0.5762758747867781,,,0.9220413996588447,0.46102069982942234,0.6915310497441336,0.46102069982942234,0.3457655248720668,1.0372965746162006,0.5762758747867781,1.1525517495735562,0.23051034991471117,,,0.6915310497441336,0.8067862247014891,0.23051034991471117,0.3457655248720668,0.8067862247014891,,,,,,,,,,,,,,,,,,,,,,
,,,,,,,,,,,,,,,,,,,,,,,,,,,,,,,,,,,,,,,,,,1.2678069245309116,0.6915310497441336,0.23051034991471117,0.8067862247014891,0.6915310497441336,0.46102069982942234,0.5762758747867781,0.5762758747867781,0.8067862247014891,0.8067862247014891,0.8067862247014891,0.5762758747867781,0.3457655248720668,1.6135724494029782,0.23051034991471117,0.3457655248720668,0.5762758747867781,0.8067862247014891,0.8067862247014891,0.46102069982942234,1.0372965746162006,0.6915310497441336,0.5762758747867781,0.46102069982942234,0.5762758747867781,0.6915310497441336,0.9220413996588447,0.6915310497441336,0.3457655248720668,,,0.5762758747867781,0.6915310497441336,0.8067862247014891,1.0372965746162006,0.6915310497441336,0.46102069982942234,0.46102069982942234,0.8067862247014891,1.0372965746162006,0.5762758747867781,0.5762758747867781,0.8067862247014891,0.6915310497441336,1.0372965746162006,0.46102069982942234,0.46102069982942234,0.9220413996588447,0.5762758747867781,1.0372965746162006,0.9220413996588447,0.9220413996588447,0.8067862247014891,1.1525517495735562,1.0372965746162006,1.0372965746162006,1.4983172744456228,1.1525517495735562,1.3830620994882672,0.9220413996588447,0.6915310497441336,0.46102069982942234,0.8067862247014891,0.8067862247014891,1.2678069245309116,1.2678069245309116,1.1525517495735562,0.5762758747867781,0.8067862247014891,0.8067862247014891,1.0372965746162006,0.8067862247014891,1.0372965746162006,0.46102069982942234,0.6915310497441336,0.8067862247014891,1.0372965746162006,0.11525517495735559,0.6915310497441336,0.5762758747867781,0.6915310497441336,0.6915310497441336,0.9220413996588447,0.46102069982942234,0.5762758747867781,0.5762758747867781,0.3457655248720668,1.1525517495735562,0.46102069982942234,1.0372965746162006,0.5762758747867781,0.9220413996588447,0.5762758747867781,0.46102069982942234,0.3457655248720668,1.0372965746162006,0.5762758747867781,0.5762758747867781,0.8067862247014891,0.3457655248720668,0.3457655248720668,0.6915310497441336,0.6915310497441336,0.46102069982942234,0.6915310497441336,0.5762758747867781,0.5762758747867781,1.0372965746162006,0.5762758747867781,0.5762758747867781,0.23051034991471117,0.46102069982942234,0.9220413996588447,0.8067862247014891,0.5762758747867781,1.2678069245309116,1.3830620994882672,0.3457655248720668,0.3457655248720668,0.46102069982942234,0.6915310497441336,0.5762758747867781,0.8067862247014891,0.8067862247014891,0.6915310497441336,0.6915310497441336,0.5762758747867781,0.3457655248720668,0.46102069982942234,0.8067862247014891,0.6915310497441336,0.3457655248720668,0.9220413996588447,0.23051034991471117,0.5762758747867781,0.6915310497441336,0.6915310497441336,0.5762758747867781,0.46102069982942234,0.5762758747867781,0.46102069982942234,0.6915310497441336,0.8067862247014891,0.5762758747867781,0.23051034991471117,0.9220413996588447,0.6915310497441336,0.23051034991471117,0.5762758747867781,0.23051034991471117,0.8067862247014891,0.6915310497441336,0.23051034991471117,0.6915310497441336,1.1525517495735562,0.6915310497441336,0.5762758747867781,0.46102069982942234,0.6915310497441336,0.6915310497441336,0.6915310497441336,0.8067862247014891,0.6915310497441336,0.3457655248720668,0.9220413996588447,0.0,0.6915310497441336,0.9220413996588447,0.8067862247014891,0.8067862247014891,,,,,,,,,0.6915310497441336,0.46102069982942234,0.6915310497441336,,,,,,,0.5762758747867781,0.9220413996588447,0.8067862247014891,0.5762758747867781,,,,,,,,,,,,,,,,,,,,,,,
,,,,,,,,,,,,,,,,,,,,,,,,,,,,,,,,,,,,,,,,,,0.23051034991471117,0.46102069982942234,0.3457655248720668,1.2678069245309116,0.11525517495735559,0.5762758747867781,0.5762758747867781,0.9220413996588447,0.9220413996588447,0.8067862247014891,0.5762758747867781,0.8067862247014891,0.8067862247014891,0.23051034991471117,0.6915310497441336,0.5762758747867781,0.46102069982942234,0.5762758747867781,0.5762758747867781,0.6915310497441336,0.6915310497441336,0.3457655248720668,0.3457655248720668,0.11525517495735559,0.3457655248720668,0.6915310497441336,0.5762758747867781,0.46102069982942234,0.9220413996588447,0.11525517495735559,,,0.8067862247014891,0.3457655248720668,0.9220413996588447,0.3457655248720668,0.46102069982942234,0.46102069982942234,0.46102069982942234,0.8067862247014891,0.5762758747867781,0.46102069982942234,1.1525517495735562,0.8067862247014891,0.5762758747867781,0.46102069982942234,0.3457655248720668,0.8067862247014891,0.9220413996588447,0.5762758747867781,0.8067862247014891,1.2678069245309116,1.0372965746162006,1.1525517495735562,0.5762758747867781,0.6915310497441336,0.46102069982942234,1.2678069245309116,0.6915310497441336,0.9220413996588447,0.46102069982942234,0.8067862247014891,1.4983172744456228,0.8067862247014891,1.0372965746162006,1.0372965746162006,1.6135724494029782,1.1525517495735562,0.6915310497441336,1.3830620994882672,0.5762758747867781,0.6915310497441336,0.6915310497441336,0.9220413996588447,0.5762758747867781,0.3457655248720668,0.6915310497441336,0.9220413996588447,0.8067862247014891,0.6915310497441336,0.11525517495735559,0.9220413996588447,0.46102069982942234,0.46102069982942234,0.46102069982942234,1.2678069245309116,0.6915310497441336,0.5762758747867781,0.23051034991471117,0.23051034991471117,0.6915310497441336,0.5762758747867781,1.4983172744456228,0.5762758747867781,0.3457655248720668,0.46102069982942234,0.46102069982942234,0.11525517495735559,1.4983172744456228,0.46102069982942234,0.3457655248720668,0.9220413996588447,0.5762758747867781,0.46102069982942234,0.8067862247014891,0.6915310497441336,1.2678069245309116,1.0372965746162006,1.1525517495735562,1.0372965746162006,0.6915310497441336,0.23051034991471117,1.0372965746162006,0.46102069982942234,0.8067862247014891,0.23051034991471117,0.9220413996588447,0.6915310497441336,0.5762758747867781,0.6915310497441336,0.6915310497441336,0.6915310497441336,0.9220413996588447,1.0372965746162006,1.0372965746162006,0.6915310497441336,0.46102069982942234,0.6915310497441336,0.9220413996588447,0.6915310497441336,1.0372965746162006,0.23051034991471117,0.23051034991471117,1.2678069245309116,0.6915310497441336,0.5762758747867781,0.6915310497441336,0.5762758747867781,0.23051034991471117,0.46102069982942234,0.6915310497441336,0.6915310497441336,0.3457655248720668,0.8067862247014891,0.23051034991471117,0.46102069982942234,0.3457655248720668,0.6915310497441336,0.6915310497441336,0.5762758747867781,0.5762758747867781,0.6915310497441336,0.11525517495735559,0.5762758747867781,0.6915310497441336,1.1525517495735562,0.3457655248720668,0.8067862247014891,0.46102069982942234,0.11525517495735559,0.3457655248720668,0.46102069982942234,0.3457655248720668,0.9220413996588447,0.5762758747867781,0.5762758747867781,0.8067862247014891,0.8067862247014891,0.5762758747867781,0.8067862247014891,0.3457655248720668,,,,0.6915310497441336,0.46102069982942234,,,0.9220413996588447,0.9220413996588447,,,,,,,,,0.46102069982942234,0.8067862247014891,0.3457655248720668,,,,,,,,,,,,,,,,,,,,,,,
,,,,,,,,,,,,,,,,,,,,,,,,,,,,,,,,,,,,,,,,0.3457655248720668,0.5762758747867781,0.5762758747867781,0.3457655248720668,0.46102069982942234,0.46102069982942234,0.6915310497441336,0.6915310497441336,0.46102069982942234,0.3457655248720668,0.46102069982942234,0.6915310497441336,0.6915310497441336,0.3457655248720668,0.5762758747867781,0.9220413996588447,0.23051034991471117,0.5762758747867781,1.1525517495735562,0.5762758747867781,0.5762758747867781,1.1525517495735562,0.46102069982942234,0.3457655248720668,0.8067862247014891,0.6915310497441336,0.9220413996588447,0.3457655248720668,0.6915310497441336,0.3457655248720668,0.6915310497441336,0.6915310497441336,0.5762758747867781,,0.3457655248720668,0.9220413996588447,0.6915310497441336,0.5762758747867781,0.6915310497441336,0.9220413996588447,0.23051034991471117,0.46102069982942234,0.8067862247014891,0.8067862247014891,0.9220413996588447,1.6135724494029782,0.9220413996588447,0.3457655248720668,0.8067862247014891,0.3457655248720668,1.1525517495735562,0.8067862247014891,0.6915310497441336,0.8067862247014891,0.6915310497441336,0.5762758747867781,1.2678069245309116,0.5762758747867781,0.5762758747867781,0.9220413996588447,0.8067862247014891,1.4983172744456228,1.4983172744456228,1.0372965746162006,0.5762758747867781,1.1525517495735562,1.728827624360334,1.1525517495735562,0.8067862247014891,0.3457655248720668,0.3457655248720668,1.3830620994882672,0.9220413996588447,0.6915310497441336,0.6915310497441336,0.46102069982942234,0.5762758747867781,0.46102069982942234,0.9220413996588447,0.46102069982942234,0.8067862247014891,0.11525517495735559,0.3457655248720668,0.5762758747867781,0.6915310497441336,0.3457655248720668,0.46102069982942234,0.3457655248720668,0.46102069982942234,0.46102069982942234,0.8067862247014891,0.8067862247014891,0.3457655248720668,0.6915310497441336,1.2678069245309116,0.46102069982942234,0.11525517495735559,0.6915310497441336,0.23051034991471117,1.6135724494029782,0.46102069982942234,0.3457655248720668,0.9220413996588447,0.6915310497441336,0.3457655248720668,1.1525517495735562,1.0372965746162006,0.46102069982942234,0.6915310497441336,0.0,0.3457655248720668,0.8067862247014891,0.9220413996588447,0.8067862247014891,1.0372965746162006,1.0372965746162006,0.9220413996588447,0.46102069982942234,0.6915310497441336,0.46102069982942234,0.6915310497441336,0.5762758747867781,0.9220413996588447,0.6915310497441336,0.6915310497441336,0.8067862247014891,0.5762758747867781,0.8067862247014891,0.8067862247014891,0.8067862247014891,0.6915310497441336,0.5762758747867781,0.9220413996588447,0.6915310497441336,0.3457655248720668,0.3457655248720668,1.1525517495735562,0.3457655248720668,0.6915310497441336,0.6915310497441336,0.3457655248720668,1.1525517495735562,0.6915310497441336,0.8067862247014891,0.5762758747867781,0.9220413996588447,0.46102069982942234,0.46102069982942234,0.3457655248720668,0.46102069982942234,0.3457655248720668,0.0,0.5762758747867781,0.23051034991471117,0.46102069982942234,0.46102069982942234,0.8067862247014891,0.11525517495735559,0.8067862247014891,0.46102069982942234,0.5762758747867781,1.2678069245309116,0.3457655248720668,0.46102069982942234,0.6915310497441336,0.3457655248720668,0.9220413996588447,0.8067862247014891,0.6915310497441336,0.46102069982942234,0.3457655248720668,0.5762758747867781,0.6915310497441336,,,,0.6915310497441336,1.1525517495735562,,,,,,,,,,,,,0.6915310497441336,0.9220413996588447,,,,,,,,,,,,,,,,,,,,,,,,
,,,,,,,,,,,,,,,,,,,,,,,,,,,,,,,,,,,,,,,,0.6915310497441336,0.3457655248720668,0.9220413996588447,0.46102069982942234,0.23051034991471117,0.8067862247014891,0.8067862247014891,0.3457655248720668,0.8067862247014891,0.46102069982942234,0.11525517495735559,0.5762758747867781,0.3457655248720668,0.46102069982942234,0.9220413996588447,0.11525517495735559,0.46102069982942234,0.46102069982942234,0.6915310497441336,1.0372965746162006,0.46102069982942234,0.5762758747867781,0.11525517495735559,0.3457655248720668,0.46102069982942234,0.23051034991471117,0.8067862247014891,0.5762758747867781,0.46102069982942234,0.46102069982942234,1.4983172744456228,0.5762758747867781,0.46102069982942234,0.5762758747867781,0.3457655248720668,0.5762758747867781,0.5762758747867781,1.1525517495735562,0.46102069982942234,0.5762758747867781,1.0372965746162006,0.6915310497441336,0.6915310497441336,0.8067862247014891,1.4983172744456228,0.46102069982942234,0.9220413996588447,0.3457655248720668,0.5762758747867781,0.5762758747867781,0.5762758747867781,0.23051034991471117,0.8067862247014891,0.8067862247014891,0.8067862247014891,0.5762758747867781,0.5762758747867781,0.5762758747867781,0.3457655248720668,0.46102069982942234,1.0372965746162006,0.8067862247014891,1.3830620994882672,1.3830620994882672,1.1525517495735562,1.1525517495735562,1.1525517495735562,0.6915310497441336,0.6915310497441336,0.8067862247014891,0.9220413996588447,0.3457655248720668,0.3457655248720668,0.9220413996588447,1.3830620994882672,0.3457655248720668,0.46102069982942234,0.8067862247014891,0.5762758747867781,0.6915310497441336,1.1525517495735562,0.6915310497441336,1.0372965746162006,0.6915310497441336,0.6915310497441336,0.23051034991471117,0.6915310497441336,0.46102069982942234,0.23051034991471117,0.9220413996588447,0.3457655248720668,0.46102069982942234,0.46102069982942234,0.46102069982942234,1.3830620994882672,0.3457655248720668,0.3457655248720668,0.46102069982942234,0.8067862247014891,0.5762758747867781,0.8067862247014891,1.0372965746162006,0.3457655248720668,0.5762758747867781,0.46102069982942234,0.5762758747867781,0.9220413996588447,0.5762758747867781,0.5762758747867781,0.9220413996588447,0.11525517495735559,0.3457655248720668,0.8067862247014891,0.3457655248720668,0.5762758747867781,0.46102069982942234,0.8067862247014891,0.3457655248720668,0.6915310497441336,0.5762758747867781,0.5762758747867781,0.5762758747867781,0.5762758747867781,0.5762758747867781,0.5762758747867781,0.9220413996588447,0.3457655248720668,1.0372965746162006,0.3457655248720668,0.23051034991471117,0.6915310497441336,0.9220413996588447,0.23051034991471117,0.6915310497441336,0.46102069982942234,0.8067862247014891,0.46102069982942234,0.6915310497441336,0.3457655248720668,0.23051034991471117,0.3457655248720668,0.3457655248720668,1.1525517495735562,0.6915310497441336,0.9220413996588447,0.3457655248720668,0.5762758747867781,0.9220413996588447,0.46102069982942234,0.11525517495735559,1.0372965746162006,0.6915310497441336,0.23051034991471117,0.11525517495735559,0.46102069982942234,0.6915310497441336,0.8067862247014891,0.8067862247014891,0.6915310497441336,0.46102069982942234,0.6915310497441336,0.6915310497441336,0.8067862247014891,0.46102069982942234,0.5762758747867781,0.46102069982942234,0.8067862247014891,0.46102069982942234,0.3457655248720668,0.46102069982942234,0.46102069982942234,0.46102069982942234,0.6915310497441336,0.23051034991471117,0.6915310497441336,0.6915310497441336,0.9220413996588447,0.11525517495735559,,,0.8067862247014891,0.6915310497441336,,,,,,,,,,,,,,,,,,,,,,,,,,,,,,,,,,
,,,,,,,,,,,,,,,,,,,,,,,,,,,,,,,,,,,,,,,0.9220413996588447,0.3457655248720668,0.6915310497441336,0.3457655248720668,0.23051034991471117,0.3457655248720668,0.5762758747867781,0.46102069982942234,0.6915310497441336,0.3457655248720668,0.5762758747867781,0.6915310497441336,1.0372965746162006,0.6915310497441336,0.46102069982942234,0.6915310497441336,0.46102069982942234,0.6915310497441336,0.11525517495735559,0.3457655248720668,0.3457655248720668,1.0372965746162006,0.23051034991471117,0.8067862247014891,0.8067862247014891,0.6915310497441336,1.0372965746162006,0.8067862247014891,0.46102069982942234,1.3830620994882672,1.1525517495735562,0.9220413996588447,0.9220413996588447,0.46102069982942234,0.3457655248720668,0.9220413996588447,0.46102069982942234,0.23051034991471117,0.9220413996588447,0.8067862247014891,1.1525517495735562,0.46102069982942234,0.9220413996588447,0.9220413996588447,1.6135724494029782,1.0372965746162006,0.6915310497441336,0.8067862247014891,0.46102069982942234,1.1525517495735562,0.9220413996588447,1.0372965746162006,1.0372965746162006,0.5762758747867781,0.5762758747867781,0.6915310497441336,0.5762758747867781,0.6915310497441336,0.3457655248720668,0.6915310497441336,1.2678069245309116,1.1525517495735562,1.4983172744456228,1.0372965746162006,1.4983172744456228,0.9220413996588447,2.0745931492324012,1.3830620994882672,0.5762758747867781,1.728827624360334,1.4983172744456228,0.9220413996588447,0.46102069982942234,0.8067862247014891,0.46102069982942234,0.6915310497441336,1.1525517495735562,1.1525517495735562,0.46102069982942234,0.8067862247014891,0.3457655248720668,0.9220413996588447,0.5762758747867781,1.0372965746162006,1.1525517495735562,0.8067862247014891,0.3457655248720668,1.1525517495735562,0.46102069982942234,0.46102069982942234,0.46102069982942234,0.5762758747867781,0.5762758747867781,0.8067862247014891,0.6915310497441336,0.5762758747867781,0.5762758747867781,0.8067862247014891,0.6915310497441336,0.5762758747867781,0.5762758747867781,0.9220413996588447,1.0372965746162006,0.6915310497441336,0.6915310497441336,0.6915310497441336,1.1525517495735562,0.5762758747867781,0.9220413996588447,0.9220413996588447,0.11525517495735559,1.0372965746162006,0.6915310497441336,0.5762758747867781,0.8067862247014891,0.9220413996588447,0.3457655248720668,0.46102069982942234,0.11525517495735559,0.5762758747867781,0.6915310497441336,0.8067862247014891,0.5762758747867781,0.9220413996588447,0.9220413996588447,0.9220413996588447,0.3457655248720668,0.46102069982942234,0.6915310497441336,0.11525517495735559,0.8067862247014891,0.6915310497441336,0.5762758747867781,0.5762758747867781,0.3457655248720668,0.5762758747867781,0.23051034991471117,0.23051034991471117,0.46102069982942234,0.8067862247014891,0.5762758747867781,0.46102069982942234,0.46102069982942234,0.9220413996588447,0.6915310497441336,0.8067862247014891,0.11525517495735559,0.23051034991471117,0.6915310497441336,0.3457655248720668,0.46102069982942234,0.3457655248720668,0.8067862247014891,0.5762758747867781,0.3457655248720668,0.5762758747867781,0.3457655248720668,0.8067862247014891,1.2678069245309116,0.8067862247014891,0.3457655248720668,0.46102069982942234,0.46102069982942234,0.3457655248720668,1.0372965746162006,0.3457655248720668,0.3457655248720668,0.6915310497441336,0.5762758747867781,0.46102069982942234,0.11525517495735559,1.3830620994882672,0.3457655248720668,0.8067862247014891,0.5762758747867781,0.6915310497441336,0.5762758747867781,0.3457655248720668,0.6915310497441336,,,0.5762758747867781,0.5762758747867781,0.3457655248720668,0.46102069982942234,0.46102069982942234,,,,,,,,,,,,,,,,,,,,,,,,,,,,,,,
,,,,,,,,,,,,,,,,,,,,,,,,,,,,,,,,,,,0.5762758747867781,,,,0.8067862247014891,0.46102069982942234,0.5762758747867781,0.5762758747867781,0.3457655248720668,0.8067862247014891,0.3457655248720668,0.3457655248720668,0.5762758747867781,0.8067862247014891,0.5762758747867781,0.3457655248720668,1.1525517495735562,0.23051034991471117,0.46102069982942234,0.46102069982942234,0.46102069982942234,0.9220413996588447,0.23051034991471117,0.5762758747867781,0.23051034991471117,0.5762758747867781,0.3457655248720668,0.9220413996588447,0.9220413996588447,0.6915310497441336,0.3457655248720668,0.5762758747867781,0.46102069982942234,0.46102069982942234,0.46102069982942234,0.9220413996588447,0.6915310497441336,1.0372965746162006,0.5762758747867781,0.6915310497441336,0.5762758747867781,0.6915310497441336,0.11525517495735559,0.6915310497441336,0.46102069982942234,0.6915310497441336,0.6915310497441336,0.5762758747867781,1.1525517495735562,0.46102069982942234,0.6915310497441336,0.46102069982942234,0.8067862247014891,0.6915310497441336,1.0372965746162006,0.6915310497441336,1.1525517495735562,1.0372965746162006,0.6915310497441336,0.5762758747867781,0.8067862247014891,1.1525517495735562,0.8067862247014891,0.8067862247014891,0.6915310497441336,0.6915310497441336,0.6915310497441336,1.2678069245309116,2.1898483241897564,0.8067862247014891,2.4203586741044676,1.0372965746162006,1.728827624360334,1.4983172744456228,2.3051034991471124,2.0745931492324012,2.0745931492324012,0.46102069982942234,1.2678069245309116,0.5762758747867781,0.6915310497441336,1.2678069245309116,0.9220413996588447,0.3457655248720668,0.9220413996588447,0.46102069982942234,1.1525517495735562,0.46102069982942234,0.3457655248720668,0.6915310497441336,0.46102069982942234,0.5762758747867781,0.23051034991471117,0.5762758747867781,0.46102069982942234,0.6915310497441336,0.5762758747867781,0.5762758747867781,0.46102069982942234,0.3457655248720668,0.8067862247014891,1.2678069245309116,0.8067862247014891,1.2678069245309116,0.46102069982942234,0.46102069982942234,0.46102069982942234,0.46102069982942234,0.5762758747867781,0.0,0.9220413996588447,1.0372965746162006,0.3457655248720668,0.6915310497441336,0.46102069982942234,0.8067862247014891,0.23051034991471117,0.3457655248720668,0.5762758747867781,0.6915310497441336,0.5762758747867781,0.3457655248720668,0.5762758747867781,0.5762758747867781,0.8067862247014891,0.5762758747867781,0.46102069982942234,0.46102069982942234,0.5762758747867781,0.5762758747867781,0.6915310497441336,0.23051034991471117,0.23051034991471117,0.3457655248720668,0.9220413996588447,0.3457655248720668,0.6915310497441336,0.46102069982942234,0.5762758747867781,0.5762758747867781,0.46102069982942234,0.11525517495735559,0.5762758747867781,0.8067862247014891,0.23051034991471117,0.9220413996588447,0.6915310497441336,0.5762758747867781,0.5762758747867781,0.8067862247014891,0.46102069982942234,0.23051034991471117,0.46102069982942234,0.5762758747867781,0.23051034991471117,0.3457655248720668,0.0,0.6915310497441336,0.23051034991471117,0.5762758747867781,0.6915310497441336,0.8067862247014891,0.23051034991471117,0.3457655248720668,0.23051034991471117,0.46102069982942234,0.5762758747867781,0.3457655248720668,0.3457655248720668,0.5762758747867781,0.5762758747867781,1.0372965746162006,0.5762758747867781,0.5762758747867781,0.6915310497441336,0.6915310497441336,0.3457655248720668,0.6915310497441336,0.5762758747867781,0.9220413996588447,0.9220413996588447,0.6915310497441336,0.46102069982942234,0.5762758747867781,0.3457655248720668,0.46102069982942234,0.9220413996588447,1.0372965746162006,0.8067862247014891,0.46102069982942234,,,,,,,,,,,,,,,,,,,,,,,,,,,,,,,
,,,,,,,,,,,,,,,,,,,,,,,,,,,,,,,,,,0.3457655248720668,0.6915310497441336,,,,0.3457655248720668,0.8067862247014891,0.23051034991471117,0.46102069982942234,0.23051034991471117,0.5762758747867781,0.6915310497441336,0.46102069982942234,0.46102069982942234,0.3457655248720668,1.4983172744456228,0.6915310497441336,1.0372965746162006,0.8067862247014891,1.2678069245309116,0.8067862247014891,0.8067862247014891,0.5762758747867781,0.5762758747867781,0.11525517495735559,0.8067862247014891,0.5762758747867781,0.8067862247014891,0.5762758747867781,0.5762758747867781,0.23051034991471117,0.23051034991471117,0.8067862247014891,0.9220413996588447,0.8067862247014891,0.3457655248720668,0.5762758747867781,0.6915310497441336,0.5762758747867781,0.6915310497441336,0.46102069982942234,0.8067862247014891,0.46102069982942234,0.9220413996588447,0.6915310497441336,0.46102069982942234,1.3830620994882672,0.5762758747867781,0.5762758747867781,1.1525517495735562,0.8067862247014891,0.5762758747867781,0.46102069982942234,0.6915310497441336,0.46102069982942234,1.1525517495735562,0.46102069982942234,0.9220413996588447,1.0372965746162006,0.8067862247014891,0.6915310497441336,1.1525517495735562,0.8067862247014891,0.6915310497441336,0.9220413996588447,0.8067862247014891,1.0372965746162006,1.4983172744456228,1.0372965746162006,1.9593379742750452,1.9593379742750452,2.0745931492324012,1.728827624360334,1.4983172744456228,1.4983172744456228,2.88137937393389,1.9593379742750452,1.2678069245309116,0.46102069982942234,1.0372965746162006,0.9220413996588447,1.0372965746162006,0.6915310497441336,0.5762758747867781,0.3457655248720668,0.5762758747867781,1.728827624360334,0.6915310497441336,1.2678069245309116,0.3457655248720668,0.23051034991471117,0.3457655248720668,0.9220413996588447,0.46102069982942234,0.6915310497441336,0.6915310497441336,0.9220413996588447,0.8067862247014891,0.6915310497441336,0.6915310497441336,0.8067862247014891,0.9220413996588447,0.8067862247014891,0.9220413996588447,0.6915310497441336,0.46102069982942234,0.6915310497441336,0.9220413996588447,0.46102069982942234,0.5762758747867781,0.23051034991471117,0.46102069982942234,0.5762758747867781,0.5762758747867781,1.2678069245309116,0.5762758747867781,0.23051034991471117,0.3457655248720668,0.3457655248720668,0.6915310497441336,0.46102069982942234,0.6915310497441336,0.9220413996588447,0.8067862247014891,0.23051034991471117,0.46102069982942234,0.23051034991471117,0.6915310497441336,0.8067862247014891,0.8067862247014891,0.6915310497441336,0.46102069982942234,0.3457655248720668,1.1525517495735562,1.0372965746162006,0.3457655248720668,0.9220413996588447,0.8067862247014891,0.46102069982942234,0.8067862247014891,0.3457655248720668,1.1525517495735562,0.23051034991471117,0.46102069982942234,0.6915310497441336,0.11525517495735559,0.6915310497441336,0.11525517495735559,0.8067862247014891,0.6915310497441336,0.46102069982942234,0.46102069982942234,0.6915310497441336,0.5762758747867781,0.46102069982942234,0.6915310497441336,0.6915310497441336,0.9220413996588447,0.8067862247014891,0.8067862247014891,0.5762758747867781,0.3457655248720668,0.3457655248720668,0.3457655248720668,0.23051034991471117,0.5762758747867781,0.3457655248720668,0.3457655248720668,0.6915310497441336,0.6915310497441336,0.3457655248720668,0.6915310497441336,0.5762758747867781,1.0372965746162006,0.6915310497441336,0.6915310497441336,0.6915310497441336,0.6915310497441336,0.3457655248720668,0.5762758747867781,0.5762758747867781,0.8067862247014891,1.0372965746162006,0.23051034991471117,0.8067862247014891,0.5762758747867781,0.3457655248720668,0.8067862247014891,0.23051034991471117,0.9220413996588447,1.0372965746162006,0.8067862247014891,,,,,,,,,,,,,,,,,,,,,,,,,,,,,,
,,,,,,,,,,,,,,,,,,,,,,,,,,,,,,,,,,1.2678069245309116,,,,,0.5762758747867781,0.46102069982942234,0.5762758747867781,0.3457655248720668,1.1525517495735562,0.9220413996588447,1.2678069245309116,0.8067862247014891,0.6915310497441336,0.3457655248720668,1.1525517495735562,0.8067862247014891,0.3457655248720668,0.6915310497441336,0.46102069982942234,0.6915310497441336,0.23051034991471117,0.11525517495735559,0.3457655248720668,0.6915310497441336,0.11525517495735559,0.6915310497441336,0.46102069982942234,0.46102069982942234,0.46102069982942234,0.23051034991471117,0.5762758747867781,0.5762758747867781,0.6915310497441336,0.6915310497441336,0.23051034991471117,1.0372965746162006,0.8067862247014891,0.6915310497441336,0.8067862247014891,0.5762758747867781,0.23051034991471117,0.46102069982942234,0.6915310497441336,0.6915310497441336,0.3457655248720668,1.0372965746162006,1.0372965746162006,1.0372965746162006,0.5762758747867781,0.9220413996588447,0.5762758747867781,0.6915310497441336,0.9220413996588447,1.2678069245309116,1.4983172744456228,0.11525517495735559,0.23051034991471117,1.0372965746162006,0.0,0.46102069982942234,1.2678069245309116,1.0372965746162006,0.6915310497441336,0.46102069982942234,0.8067862247014891,0.5762758747867781,0.6915310497441336,0.9220413996588447,1.3830620994882672,1.3830620994882672,1.2678069245309116,1.4983172744456228,1.4983172744456228,2.1898483241897564,1.8440827993176894,2.0745931492324012,1.0372965746162006,1.0372965746162006,0.6915310497441336,1.0372965746162006,1.0372965746162006,1.1525517495735562,0.9220413996588447,0.6915310497441336,0.9220413996588447,0.6915310497441336,0.5762758747867781,0.9220413996588447,0.6915310497441336,0.3457655248720668,0.6915310497441336,0.6915310497441336,0.46102069982942234,0.46102069982942234,0.23051034991471117,0.11525517495735559,0.9220413996588447,0.5762758747867781,0.46102069982942234,0.6915310497441336,0.5762758747867781,0.8067862247014891,0.23051034991471117,0.3457655248720668,0.46102069982942234,0.0,0.9220413996588447,1.1525517495735562,0.23051034991471117,0.8067862247014891,0.5762758747867781,0.5762758747867781,0.6915310497441336,0.6915310497441336,0.5762758747867781,0.9220413996588447,0.46102069982942234,0.6915310497441336,0.5762758747867781,0.8067862247014891,0.6915310497441336,0.5762758747867781,0.6915310497441336,1.1525517495735562,0.9220413996588447,0.46102069982942234,0.8067862247014891,0.6915310497441336,0.6915310497441336,0.6915310497441336,0.46102069982942234,0.3457655248720668,0.9220413996588447,0.5762758747867781,0.5762758747867781,0.5762758747867781,0.23051034991471117,0.46102069982942234,0.3457655248720668,0.23051034991471117,0.46102069982942234,0.9220413996588447,0.6915310497441336,0.5762758747867781,0.8067862247014891,0.5762758747867781,0.5762758747867781,0.9220413996588447,0.5762758747867781,0.46102069982942234,0.6915310497441336,0.5762758747867781,0.6915310497441336,0.5762758747867781,0.9220413996588447,0.46102069982942234,0.6915310497441336,0.6915310497441336,0.23051034991471117,0.6915310497441336,0.8067862247014891,0.6915310497441336,0.23051034991471117,0.5762758747867781,0.3457655248720668,0.23051034991471117,0.9220413996588447,0.11525517495735559,0.6915310497441336,0.6915310497441336,0.46102069982942234,0.8067862247014891,0.8067862247014891,1.0372965746162006,1.0372965746162006,0.3457655248720668,0.23051034991471117,0.6915310497441336,1.0372965746162006,0.23051034991471117,0.6915310497441336,0.8067862247014891,0.9220413996588447,0.46102069982942234,1.0372965746162006,0.8067862247014891,0.9220413996588447,0.5762758747867781,1.1525517495735562,0.8067862247014891,0.11525517495735559,,,,,,,,,,,,,,,,,,,,,,,,,,,,,,
,,,,,,,,,,,,,,,,,,,,,,,,,,,,,,,,0.9220413996588447,0.23051034991471117,,,,,0.46102069982942234,0.8067862247014891,0.5762758747867781,0.5762758747867781,0.46102069982942234,0.6915310497441336,0.46102069982942234,0.46102069982942234,0.8067862247014891,0.6915310497441336,1.0372965746162006,0.9220413996588447,0.6915310497441336,0.46102069982942234,0.3457655248720668,0.9220413996588447,0.5762758747867781,1.0372965746162006,0.46102069982942234,0.5762758747867781,0.5762758747867781,0.46102069982942234,0.23051034991471117,0.5762758747867781,0.6915310497441336,0.5762758747867781,0.46102069982942234,0.46102069982942234,0.11525517495735559,0.46102069982942234,0.8067862247014891,0.3457655248720668,0.5762758747867781,0.11525517495735559,0.3457655248720668,0.9220413996588447,0.6915310497441336,1.1525517495735562,0.8067862247014891,0.9220413996588447,0.46102069982942234,0.46102069982942234,0.3457655248720668,0.46102069982942234,0.8067862247014891,0.5762758747867781,0.5762758747867781,0.9220413996588447,0.3457655248720668,1.0372965746162006,0.6915310497441336,0.46102069982942234,1.3830620994882672,0.46102069982942234,0.6915310497441336,0.8067862247014891,1.1525517495735562,0.5762758747867781,0.6915310497441336,0.5762758747867781,1.1525517495735562,0.5762758747867781,1.0372965746162006,0.6915310497441336,0.8067862247014891,0.46102069982942234,1.0372965746162006,1.2678069245309116,1.2678069245309116,0.11525517495735559,0.5762758747867781,0.9220413996588447,0.9220413996588447,0.3457655248720668,1.4983172744456228,0.9220413996588447,2.0745931492324012,0.9220413996588447,0.9220413996588447,0.46102069982942234,0.3457655248720668,1.2678069245309116,0.5762758747867781,0.5762758747867781,0.23051034991471117,0.6915310497441336,0.6915310497441336,0.3457655248720668,0.6915310497441336,0.46102069982942234,0.3457655248720668,0.46102069982942234,0.6915310497441336,0.23051034991471117,0.9220413996588447,0.6915310497441336,0.6915310497441336,0.9220413996588447,0.5762758747867781,0.46102069982942234,0.9220413996588447,0.46102069982942234,0.23051034991471117,1.1525517495735562,0.6915310497441336,0.5762758747867781,0.8067862247014891,0.6915310497441336,0.6915310497441336,0.23051034991471117,0.8067862247014891,1.2678069245309116,0.8067862247014891,0.6915310497441336,0.9220413996588447,0.3457655248720668,0.6915310497441336,0.5762758747867781,0.23051034991471117,0.23051034991471117,0.5762758747867781,0.46102069982942234,0.11525517495735559,0.9220413996588447,1.1525517495735562,0.23051034991471117,0.5762758747867781,0.6915310497441336,0.5762758747867781,0.23051034991471117,0.8067862247014891,0.5762758747867781,0.46102069982942234,0.9220413996588447,0.46102069982942234,0.6915310497441336,0.46102069982942234,0.9220413996588447,1.0372965746162006,0.46102069982942234,0.46102069982942234,0.6915310497441336,0.46102069982942234,0.3457655248720668,0.5762758747867781,0.23051034991471117,0.5762758747867781,0.46102069982942234,0.3457655248720668,0.5762758747867781,0.46102069982942234,0.6915310497441336,0.5762758747867781,0.46102069982942234,0.6915310497441336,0.46102069982942234,0.5762758747867781,0.46102069982942234,0.8067862247014891,0.3457655248720668,0.6915310497441336,0.5762758747867781,0.9220413996588447,0.5762758747867781,0.5762758747867781,0.46102069982942234,1.3830620994882672,0.11525517495735559,0.23051034991471117,0.3457655248720668,0.6915310497441336,0.8067862247014891,0.8067862247014891,1.0372965746162006,0.5762758747867781,0.9220413996588447,1.3830620994882672,0.6915310497441336,0.46102069982942234,0.46102069982942234,0.6915310497441336,0.5762758747867781,0.23051034991471117,0.6915310497441336,0.23051034991471117,1.0372965746162006,0.6915310497441336,,,,,,,,,,,,,,,,,,,,,,,,,,,,,,,
,,,,,,,,,,,,,,,,,,,,,,,,,,,,,,0.3457655248720668,0.6915310497441336,1.0372965746162006,0.9220413996588447,0.46102069982942234,0.9220413996588447,0.5762758747867781,0.8067862247014891,0.6915310497441336,0.46102069982942234,0.5762758747867781,0.9220413996588447,0.23051034991471117,0.6915310497441336,0.3457655248720668,0.6915310497441336,0.6915310497441336,0.6915310497441336,0.11525517495735559,0.6915310497441336,0.23051034991471117,1.1525517495735562,0.5762758747867781,0.46102069982942234,0.46102069982942234,0.3457655248720668,0.23051034991471117,0.6915310497441336,0.6915310497441336,0.5762758747867781,0.5762758747867781,0.46102069982942234,0.23051034991471117,0.8067862247014891,0.6915310497441336,0.5762758747867781,0.9220413996588447,0.6915310497441336,0.46102069982942234,0.5762758747867781,0.6915310497441336,0.9220413996588447,0.8067862247014891,0.46102069982942234,0.6915310497441336,0.6915310497441336,1.2678069245309116,0.6915310497441336,0.5762758747867781,0.3457655248720668,0.3457655248720668,0.3457655248720668,0.3457655248720668,0.6915310497441336,0.5762758747867781,0.6915310497441336,0.9220413996588447,0.9220413996588447,0.5762758747867781,0.5762758747867781,0.46102069982942234,0.3457655248720668,0.6915310497441336,0.6915310497441336,1.0372965746162006,0.6915310497441336,0.8067862247014891,1.2678069245309116,0.46102069982942234,0.6915310497441336,0.8067862247014891,0.6915310497441336,0.3457655248720668,0.9220413996588447,0.9220413996588447,1.0372965746162006,0.9220413996588447,1.3830620994882672,1.8440827993176894,0.6915310497441336,1.1525517495735562,1.1525517495735562,0.6915310497441336,1.728827624360334,1.3830620994882672,1.1525517495735562,0.9220413996588447,1.4983172744456228,0.9220413996588447,1.2678069245309116,1.1525517495735562,0.5762758747867781,1.0372965746162006,0.3457655248720668,0.8067862247014891,0.8067862247014891,1.0372965746162006,0.46102069982942234,0.23051034991471117,0.3457655248720668,0.23051034991471117,0.6915310497441336,1.1525517495735562,1.1525517495735562,0.46102069982942234,0.3457655248720668,0.8067862247014891,0.5762758747867781,0.6915310497441336,0.6915310497441336,0.46102069982942234,0.11525517495735559,0.5762758747867781,0.8067862247014891,0.23051034991471117,0.9220413996588447,1.2678069245309116,0.6915310497441336,0.6915310497441336,0.5762758747867781,0.8067862247014891,0.9220413996588447,0.6915310497441336,0.8067862247014891,0.9220413996588447,0.46102069982942234,0.23051034991471117,0.46102069982942234,0.46102069982942234,0.6915310497441336,0.6915310497441336,0.3457655248720668,0.3457655248720668,0.5762758747867781,0.9220413996588447,0.6915310497441336,1.1525517495735562,0.23051034991471117,0.5762758747867781,1.1525517495735562,0.5762758747867781,0.6915310497441336,0.46102069982942234,0.23051034991471117,0.0,0.8067862247014891,0.11525517495735559,0.5762758747867781,0.5762758747867781,0.8067862247014891,0.3457655248720668,0.5762758747867781,0.46102069982942234,0.6915310497441336,0.46102069982942234,0.46102069982942234,0.6915310497441336,1.0372965746162006,0.5762758747867781,0.5762758747867781,0.5762758747867781,0.46102069982942234,0.6915310497441336,0.46102069982942234,0.46102069982942234,0.3457655248720668,0.46102069982942234,0.5762758747867781,0.6915310497441336,0.9220413996588447,0.3457655248720668,0.5762758747867781,0.9220413996588447,0.5762758747867781,0.6915310497441336,0.8067862247014891,1.0372965746162006,0.5762758747867781,0.6915310497441336,0.6915310497441336,0.5762758747867781,0.9220413996588447,0.11525517495735559,0.6915310497441336,0.5762758747867781,0.8067862247014891,0.6915310497441336,0.6915310497441336,0.3457655248720668,0.8067862247014891,0.23051034991471117,0.6915310497441336,0.5762758747867781,0.3457655248720668,0.46102069982942234,,,,,,,,,,,,,,,,,,,,,,,,,,,,,,,
,,,,,,,,,,,,,,,,,,,,,,,,,,,,,,0.8067862247014891,0.46102069982942234,0.3457655248720668,0.8067862247014891,0.5762758747867781,0.6915310497441336,0.5762758747867781,0.8067862247014891,0.5762758747867781,0.11525517495735559,0.46102069982942234,0.46102069982942234,0.5762758747867781,0.46102069982942234,1.1525517495735562,0.6915310497441336,0.46102069982942234,0.8067862247014891,0.5762758747867781,1.0372965746162006,0.23051034991471117,0.5762758747867781,0.46102069982942234,0.11525517495735559,0.5762758747867781,0.46102069982942234,0.5762758747867781,0.3457655248720668,1.0372965746162006,0.3457655248720668,0.6915310497441336,0.6915310497441336,0.8067862247014891,0.6915310497441336,0.3457655248720668,0.5762758747867781,0.5762758747867781,0.5762758747867781,0.5762758747867781,0.46102069982942234,0.6915310497441336,0.8067862247014891,0.3457655248720668,0.3457655248720668,0.5762758747867781,0.5762758747867781,0.8067862247014891,0.23051034991471117,0.3457655248720668,0.46102069982942234,1.1525517495735562,1.0372965746162006,0.46102069982942234,0.6915310497441336,1.0372965746162006,0.46102069982942234,0.6915310497441336,0.6915310497441336,0.46102069982942234,0.8067862247014891,0.6915310497441336,0.6915310497441336,0.46102069982942234,0.8067862247014891,0.3457655248720668,1.0372965746162006,0.8067862247014891,0.6915310497441336,0.3457655248720668,1.1525517495735562,0.6915310497441336,0.11525517495735559,0.5762758747867781,0.6915310497441336,0.9220413996588447,0.5762758747867781,0.8067862247014891,0.5762758747867781,1.2678069245309116,0.3457655248720668,1.2678069245309116,1.2678069245309116,0.6915310497441336,1.728827624360334,0.9220413996588447,1.6135724494029782,0.6915310497441336,0.9220413996588447,0.9220413996588447,1.0372965746162006,1.0372965746162006,0.46102069982942234,0.46102069982942234,0.11525517495735559,0.46102069982942234,0.3457655248720668,0.8067862247014891,0.3457655248720668,0.11525517495735559,0.46102069982942234,0.3457655248720668,0.11525517495735559,0.11525517495735559,0.6915310497441336,0.8067862247014891,0.5762758747867781,0.23051034991471117,0.8067862247014891,0.8067862247014891,0.5762758747867781,0.3457655248720668,0.46102069982942234,0.6915310497441336,0.0,0.5762758747867781,0.23051034991471117,0.8067862247014891,0.8067862247014891,0.5762758747867781,0.5762758747867781,0.9220413996588447,0.23051034991471117,0.6915310497441336,0.9220413996588447,1.0372965746162006,0.6915310497441336,0.5762758747867781,1.0372965746162006,0.9220413996588447,0.46102069982942234,0.46102069982942234,0.3457655248720668,0.8067862247014891,0.3457655248720668,0.6915310497441336,0.8067862247014891,0.3457655248720668,0.5762758747867781,0.3457655248720668,0.6915310497441336,0.46102069982942234,0.5762758747867781,0.9220413996588447,0.5762758747867781,0.5762758747867781,0.9220413996588447,0.6915310497441336,0.46102069982942234,0.46102069982942234,0.5762758747867781,0.3457655248720668,0.46102069982942234,0.6915310497441336,0.6915310497441336,0.23051034991471117,0.6915310497441336,0.5762758747867781,0.6915310497441336,0.5762758747867781,1.1525517495735562,0.6915310497441336,1.1525517495735562,0.46102069982942234,0.46102069982942234,0.5762758747867781,0.23051034991471117,0.6915310497441336,0.6915310497441336,0.3457655248720668,0.5762758747867781,0.3457655248720668,0.3457655248720668,0.5762758747867781,0.0,0.6915310497441336,0.3457655248720668,0.3457655248720668,0.6915310497441336,0.11525517495735559,1.0372965746162006,0.9220413996588447,0.3457655248720668,0.46102069982942234,0.3457655248720668,0.8067862247014891,0.3457655248720668,0.8067862247014891,1.1525517495735562,0.23051034991471117,0.3457655248720668,1.2678069245309116,0.46102069982942234,,,,,,,,,,,,,,,,,,,,,,,,,,,,,,,,,,
,,,,,,,,,,,,,,,,,,,,,,,,,,,,,0.23051034991471117,1.1525517495735562,0.11525517495735559,0.5762758747867781,1.0372965746162006,0.3457655248720668,0.23051034991471117,0.23051034991471117,0.6915310497441336,0.3457655248720668,0.5762758747867781,0.46102069982942234,0.5762758747867781,0.9220413996588447,0.5762758747867781,0.46102069982942234,0.46102069982942234,0.6915310497441336,0.46102069982942234,0.6915310497441336,0.3457655248720668,0.46102069982942234,0.46102069982942234,1.1525517495735562,0.5762758747867781,0.23051034991471117,0.46102069982942234,0.46102069982942234,0.6915310497441336,0.6915310497441336,0.6915310497441336,0.9220413996588447,0.11525517495735559,0.6915310497441336,0.5762758747867781,0.46102069982942234,0.9220413996588447,0.3457655248720668,1.2678069245309116,0.11525517495735559,0.3457655248720668,0.46102069982942234,0.9220413996588447,0.6915310497441336,0.6915310497441336,0.46102069982942234,0.9220413996588447,0.8067862247014891,0.5762758747867781,0.5762758747867781,1.4983172744456228,0.3457655248720668,0.9220413996588447,0.23051034991471117,0.46102069982942234,1.6135724494029782,0.5762758747867781,0.8067862247014891,1.1525517495735562,0.8067862247014891,0.6915310497441336,0.5762758747867781,0.46102069982942234,0.23051034991471117,0.6915310497441336,0.3457655248720668,0.9220413996588447,1.0372965746162006,1.3830620994882672,1.0372965746162006,0.5762758747867781,0.5762758747867781,1.2678069245309116,1.3830620994882672,0.3457655248720668,1.0372965746162006,1.0372965746162006,0.8067862247014891,0.5762758747867781,0.5762758747867781,1.3830620994882672,1.1525517495735562,1.728827624360334,0.5762758747867781,1.2678069245309116,0.8067862247014891,1.3830620994882672,1.2678069245309116,1.0372965746162006,0.6915310497441336,1.2678069245309116,0.9220413996588447,0.3457655248720668,0.6915310497441336,0.11525517495735559,0.46102069982942234,0.5762758747867781,0.3457655248720668,0.46102069982942234,0.5762758747867781,0.6915310497441336,0.46102069982942234,0.6915310497441336,0.9220413996588447,0.6915310497441336,0.5762758747867781,0.5762758747867781,0.23051034991471117,0.5762758747867781,0.46102069982942234,0.6915310497441336,0.8067862247014891,0.5762758747867781,0.6915310497441336,0.11525517495735559,0.9220413996588447,0.3457655248720668,0.3457655248720668,0.8067862247014891,1.2678069245309116,0.5762758747867781,0.6915310497441336,0.46102069982942234,0.3457655248720668,0.3457655248720668,0.5762758747867781,0.6915310497441336,0.9220413996588447,0.3457655248720668,0.3457655248720668,0.6915310497441336,0.8067862247014891,0.5762758747867781,0.8067862247014891,0.3457655248720668,0.9220413996588447,0.8067862247014891,0.6915310497441336,0.46102069982942234,0.8067862247014891,0.5762758747867781,0.6915310497441336,0.6915310497441336,0.8067862247014891,0.46102069982942234,0.23051034991471117,1.1525517495735562,0.23051034991471117,0.8067862247014891,0.23051034991471117,1.1525517495735562,0.46102069982942234,0.23051034991471117,0.5762758747867781,0.46102069982942234,0.3457655248720668,1.1525517495735562,0.46102069982942234,0.3457655248720668,0.5762758747867781,0.9220413996588447,0.5762758747867781,1.1525517495735562,0.5762758747867781,1.2678069245309116,0.23051034991471117,0.46102069982942234,0.6915310497441336,0.9220413996588447,0.3457655248720668,0.3457655248720668,0.6915310497441336,0.3457655248720668,0.8067862247014891,0.3457655248720668,0.8067862247014891,0.46102069982942234,0.6915310497441336,0.3457655248720668,0.6915310497441336,0.5762758747867781,0.46102069982942234,1.0372965746162006,0.6915310497441336,0.23051034991471117,0.5762758747867781,0.6915310497441336,0.46102069982942234,0.5762758747867781,0.5762758747867781,0.46102069982942234,1.0372965746162006,,,,,,,,,,,,,,,,,,,,,,,,,,,,,,,,,,,
,,,,,,,,,,,,,,,,,,,,,,,,,,,,,0.46102069982942234,0.9220413996588447,0.6915310497441336,0.5762758747867781,0.3457655248720668,0.5762758747867781,0.6915310497441336,0.5762758747867781,0.9220413996588447,0.6915310497441336,0.9220413996588447,0.23051034991471117,0.5762758747867781,0.8067862247014891,0.6915310497441336,1.1525517495735562,0.46102069982942234,0.6915310497441336,0.46102069982942234,0.3457655248720668,0.8067862247014891,0.3457655248720668,0.23051034991471117,0.3457655248720668,0.23051034991471117,0.3457655248720668,0.5762758747867781,0.6915310497441336,0.46102069982942234,0.5762758747867781,0.23051034991471117,0.8067862247014891,0.6915310497441336,0.6915310497441336,0.9220413996588447,0.6915310497441336,0.5762758747867781,0.5762758747867781,0.6915310497441336,0.3457655248720668,0.46102069982942234,0.5762758747867781,0.6915310497441336,0.8067862247014891,0.3457655248720668,0.3457655248720668,1.0372965746162006,0.5762758747867781,1.3830620994882672,0.9220413996588447,0.5762758747867781,0.3457655248720668,0.6915310497441336,0.8067862247014891,0.8067862247014891,0.5762758747867781,0.6915310497441336,0.23051034991471117,1.728827624360334,1.0372965746162006,0.5762758747867781,0.5762758747867781,1.1525517495735562,0.46102069982942234,0.8067862247014891,0.6915310497441336,1.0372965746162006,0.6915310497441336,1.3830620994882672,1.1525517495735562,0.23051034991471117,1.1525517495735562,0.9220413996588447,0.8067862247014891,1.2678069245309116,0.46102069982942234,0.8067862247014891,0.46102069982942234,1.1525517495735562,1.0372965746162006,0.9220413996588447,1.0372965746162006,1.2678069245309116,1.1525517495735562,0.8067862247014891,0.8067862247014891,1.0372965746162006,0.8067862247014891,0.9220413996588447,1.0372965746162006,0.46102069982942234,0.5762758747867781,0.3457655248720668,0.5762758747867781,0.5762758747867781,0.46102069982942234,0.46102069982942234,0.46102069982942234,0.6915310497441336,0.3457655248720668,0.11525517495735559,0.46102069982942234,0.3457655248720668,0.23051034991471117,0.6915310497441336,0.11525517495735559,0.11525517495735559,0.5762758747867781,0.5762758747867781,0.6915310497441336,1.4983172744456228,1.6135724494029782,1.2678069245309116,0.9220413996588447,0.23051034991471117,1.3830620994882672,0.3457655248720668,0.5762758747867781,0.5762758747867781,0.23051034991471117,1.0372965746162006,0.5762758747867781,0.5762758747867781,0.9220413996588447,0.8067862247014891,1.1525517495735562,0.23051034991471117,0.5762758747867781,0.6915310497441336,0.6915310497441336,1.0372965746162006,0.6915310497441336,0.23051034991471117,0.6915310497441336,0.46102069982942234,0.5762758747867781,0.5762758747867781,0.3457655248720668,0.5762758747867781,0.46102069982942234,0.11525517495735559,0.6915310497441336,0.6915310497441336,0.3457655248720668,0.5762758747867781,0.9220413996588447,0.9220413996588447,0.6915310497441336,1.0372965746162006,0.5762758747867781,0.46102069982942234,0.8067862247014891,0.23051034991471117,1.6135724494029782,0.3457655248720668,0.6915310497441336,0.6915310497441336,0.5762758747867781,0.8067862247014891,0.9220413996588447,0.3457655248720668,0.6915310497441336,0.23051034991471117,0.11525517495735559,0.11525517495735559,1.1525517495735562,0.6915310497441336,1.0372965746162006,0.5762758747867781,0.46102069982942234,0.6915310497441336,0.11525517495735559,0.5762758747867781,0.11525517495735559,0.46102069982942234,0.8067862247014891,0.3457655248720668,0.6915310497441336,0.23051034991471117,0.8067862247014891,0.5762758747867781,0.6915310497441336,0.5762758747867781,0.11525517495735559,0.23051034991471117,0.3457655248720668,0.6915310497441336,0.6915310497441336,0.5762758747867781,0.3457655248720668,0.5762758747867781,,,,,,,,,,,,,,,,,,,,,,,,,,,,,,,,,,,,
,,,,,,,,,,,,,,,,,,,,,,,,,,,,,,0.6915310497441336,0.9220413996588447,0.6915310497441336,0.23051034991471117,0.5762758747867781,0.6915310497441336,0.5762758747867781,0.5762758747867781,0.8067862247014891,0.46102069982942234,0.8067862247014891,0.23051034991471117,0.23051034991471117,0.6915310497441336,0.23051034991471117,0.46102069982942234,0.23051034991471117,0.46102069982942234,0.5762758747867781,0.5762758747867781,0.46102069982942234,1.2678069245309116,0.5762758747867781,0.3457655248720668,0.8067862247014891,0.5762758747867781,0.46102069982942234,0.23051034991471117,0.9220413996588447,0.5762758747867781,0.6915310497441336,0.5762758747867781,0.5762758747867781,0.46102069982942234,0.46102069982942234,1.1525517495735562,0.6915310497441336,0.5762758747867781,0.6915310497441336,1.1525517495735562,0.3457655248720668,1.0372965746162006,0.8067862247014891,0.6915310497441336,0.8067862247014891,0.9220413996588447,0.9220413996588447,0.6915310497441336,0.8067862247014891,0.5762758747867781,0.5762758747867781,0.6915310497441336,0.8067862247014891,0.6915310497441336,0.46102069982942234,0.8067862247014891,0.3457655248720668,0.8067862247014891,0.6915310497441336,0.46102069982942234,0.6915310497441336,0.23051034991471117,0.6915310497441336,0.5762758747867781,1.1525517495735562,0.46102069982942234,1.2678069245309116,1.0372965746162006,0.8067862247014891,0.5762758747867781,0.5762758747867781,0.9220413996588447,0.11525517495735559,0.5762758747867781,0.6915310497441336,0.6915310497441336,0.8067862247014891,1.1525517495735562,0.46102069982942234,0.9220413996588447,0.5762758747867781,0.8067862247014891,1.0372965746162006,1.2678069245309116,0.5762758747867781,0.8067862247014891,0.23051034991471117,1.1525517495735562,1.1525517495735562,0.8067862247014891,0.9220413996588447,0.5762758747867781,0.9220413996588447,0.23051034991471117,0.6915310497441336,0.6915310497441336,0.6915310497441336,0.8067862247014891,0.6915310497441336,0.46102069982942234,0.46102069982942234,0.5762758747867781,0.23051034991471117,0.5762758747867781,0.23051034991471117,0.23051034991471117,0.3457655248720668,1.3830620994882672,0.9220413996588447,1.728827624360334,1.728827624360334,1.728827624360334,0.8067862247014891,0.8067862247014891,0.46102069982942234,0.6915310497441336,0.5762758747867781,0.9220413996588447,0.8067862247014891,0.46102069982942234,0.3457655248720668,0.9220413996588447,0.6915310497441336,0.3457655248720668,0.6915310497441336,0.3457655248720668,0.8067862247014891,0.3457655248720668,0.5762758747867781,1.0372965746162006,0.3457655248720668,0.46102069982942234,0.3457655248720668,1.1525517495735562,1.0372965746162006,0.5762758747867781,0.5762758747867781,0.5762758747867781,0.3457655248720668,0.3457655248720668,0.8067862247014891,0.5762758747867781,0.6915310497441336,0.5762758747867781,1.0372965746162006,0.5762758747867781,0.6915310497441336,0.5762758747867781,0.8067862247014891,0.46102069982942234,0.6915310497441336,0.46102069982942234,0.23051034991471117,1.0372965746162006,0.23051034991471117,0.46102069982942234,0.23051034991471117,0.8067862247014891,0.23051034991471117,0.6915310497441336,0.3457655248720668,0.3457655248720668,0.23051034991471117,0.6915310497441336,0.8067862247014891,0.5762758747867781,0.3457655248720668,0.3457655248720668,0.6915310497441336,0.6915310497441336,1.2678069245309116,0.5762758747867781,0.5762758747867781,0.3457655248720668,0.46102069982942234,0.46102069982942234,0.5762758747867781,0.5762758747867781,0.23051034991471117,0.5762758747867781,0.5762758747867781,1.0372965746162006,0.11525517495735559,0.8067862247014891,0.5762758747867781,0.23051034991471117,0.6915310497441336,0.8067862247014891,1.0372965746162006,0.3457655248720668,,,,,,,,,,,,,,,,,,,,,,,,,,,,,,,,,,,,
,,,,,,,,,,,,,,,,,,,,,,,,,,,,,,,0.5762758747867781,0.8067862247014891,0.6915310497441336,0.5762758747867781,0.3457655248720668,0.6915310497441336,0.8067862247014891,0.11525517495735559,0.6915310497441336,0.5762758747867781,0.3457655248720668,0.5762758747867781,0.5762758747867781,0.46102069982942234,0.5762758747867781,0.9220413996588447,0.5762758747867781,0.8067862247014891,0.23051034991471117,0.5762758747867781,0.46102069982942234,0.46102069982942234,0.8067862247014891,0.6915310497441336,0.6915310497441336,0.8067862247014891,0.3457655248720668,0.23051034991471117,0.8067862247014891,0.6915310497441336,0.5762758747867781,0.6915310497441336,0.6915310497441336,0.46102069982942234,0.6915310497441336,0.46102069982942234,0.3457655248720668,0.6915310497441336,0.23051034991471117,0.5762758747867781,0.23051034991471117,0.0,0.8067862247014891,0.9220413996588447,0.5762758747867781,0.8067862247014891,0.5762758747867781,0.8067862247014891,0.46102069982942234,0.23051034991471117,0.5762758747867781,0.8067862247014891,0.3457655248720668,0.3457655248720668,0.9220413996588447,0.6915310497441336,0.5762758747867781,0.11525517495735559,1.0372965746162006,0.23051034991471117,0.6915310497441336,0.6915310497441336,0.9220413996588447,0.5762758747867781,0.23051034991471117,1.1525517495735562,0.8067862247014891,0.23051034991471117,0.6915310497441336,0.6915310497441336,0.6915310497441336,0.46102069982942234,1.2678069245309116,0.6915310497441336,0.9220413996588447,0.6915310497441336,0.8067862247014891,1.0372965746162006,0.8067862247014891,0.3457655248720668,0.5762758747867781,0.8067862247014891,0.46102069982942234,1.0372965746162006,0.6915310497441336,0.46102069982942234,0.3457655248720668,0.8067862247014891,0.8067862247014891,0.5762758747867781,0.6915310497441336,0.5762758747867781,0.6915310497441336,0.23051034991471117,0.5762758747867781,0.5762758747867781,0.8067862247014891,0.5762758747867781,1.0372965746162006,0.6915310497441336,0.46102069982942234,0.5762758747867781,0.6915310497441336,0.9220413996588447,0.9220413996588447,0.8067862247014891,0.5762758747867781,1.2678069245309116,1.4983172744456228,1.9593379742750452,1.0372965746162006,0.5762758747867781,0.23051034991471117,0.5762758747867781,0.8067862247014891,0.11525517495735559,0.9220413996588447,0.6915310497441336,0.6915310497441336,0.46102069982942234,0.5762758747867781,0.3457655248720668,0.9220413996588447,0.6915310497441336,0.46102069982942234,0.9220413996588447,0.8067862247014891,0.8067862247014891,1.0372965746162006,1.2678069245309116,0.8067862247014891,0.46102069982942234,0.46102069982942234,0.6915310497441336,0.5762758747867781,0.9220413996588447,0.6915310497441336,0.6915310497441336,0.9220413996588447,0.9220413996588447,0.5762758747867781,0.9220413996588447,1.0372965746162006,0.46102069982942234,0.0,1.0372965746162006,0.8067862247014891,0.46102069982942234,0.46102069982942234,0.3457655248720668,0.5762758747867781,0.8067862247014891,0.46102069982942234,1.0372965746162006,0.3457655248720668,0.5762758747867781,0.46102069982942234,0.6915310497441336,0.6915310497441336,0.46102069982942234,0.3457655248720668,0.46102069982942234,0.46102069982942234,0.6915310497441336,0.6915310497441336,0.46102069982942234,0.9220413996588447,0.5762758747867781,0.6915310497441336,0.6915310497441336,0.23051034991471117,0.9220413996588447,0.46102069982942234,0.8067862247014891,0.3457655248720668,0.6915310497441336,0.5762758747867781,0.46102069982942234,0.8067862247014891,0.5762758747867781,0.6915310497441336,0.3457655248720668,0.6915310497441336,0.9220413996588447,1.0372965746162006,0.46102069982942234,0.5762758747867781,0.9220413996588447,0.5762758747867781,,,,,,,,,,,,,,,,,,,,,,,,,,,,,,,,,,,,
,,,,,,,,,,,,,,,,,,,,,,,,,,,,,,,,,,,,0.6915310497441336,0.5762758747867781,0.5762758747867781,0.8067862247014891,0.3457655248720668,0.5762758747867781,0.6915310497441336,0.3457655248720668,0.8067862247014891,0.3457655248720668,0.5762758747867781,0.5762758747867781,0.9220413996588447,0.23051034991471117,0.11525517495735559,0.8067862247014891,0.3457655248720668,0.8067862247014891,0.9220413996588447,0.46102069982942234,0.23051034991471117,0.5762758747867781,0.11525517495735559,0.46102069982942234,0.5762758747867781,0.5762758747867781,0.5762758747867781,0.46102069982942234,0.46102069982942234,0.8067862247014891,0.3457655248720668,0.6915310497441336,0.6915310497441336,0.11525517495735559,0.11525517495735559,0.3457655248720668,0.5762758747867781,0.46102069982942234,0.46102069982942234,0.9220413996588447,0.6915310497441336,0.3457655248720668,0.23051034991471117,0.8067862247014891,0.8067862247014891,0.6915310497441336,0.6915310497441336,0.8067862247014891,0.9220413996588447,0.8067862247014891,0.3457655248720668,0.6915310497441336,1.0372965746162006,0.6915310497441336,0.5762758747867781,0.3457655248720668,0.6915310497441336,0.8067862247014891,0.6915310497441336,0.3457655248720668,0.5762758747867781,0.5762758747867781,0.6915310497441336,0.6915310497441336,0.3457655248720668,1.1525517495735562,1.3830620994882672,0.9220413996588447,0.46102069982942234,0.9220413996588447,0.6915310497441336,0.3457655248720668,0.9220413996588447,0.6915310497441336,0.3457655248720668,0.5762758747867781,0.46102069982942234,0.9220413996588447,0.46102069982942234,0.23051034991471117,0.5762758747867781,0.9220413996588447,0.6915310497441336,0.5762758747867781,0.3457655248720668,0.8067862247014891,0.46102069982942234,0.3457655248720668,0.5762758747867781,0.9220413996588447,0.5762758747867781,0.3457655248720668,0.5762758747867781,0.9220413996588447,0.5762758747867781,0.11525517495735559,0.5762758747867781,0.9220413996588447,0.5762758747867781,0.46102069982942234,0.3457655248720668,0.3457655248720668,0.3457655248720668,0.5762758747867781,0.46102069982942234,0.8067862247014891,0.8067862247014891,0.3457655248720668,0.5762758747867781,0.46102069982942234,0.3457655248720668,0.5762758747867781,0.3457655248720668,0.46102069982942234,1.1525517495735562,0.6915310497441336,0.5762758747867781,0.11525517495735559,0.9220413996588447,0.6915310497441336,0.9220413996588447,0.0,0.5762758747867781,0.5762758747867781,0.8067862247014891,0.3457655248720668,1.0372965746162006,0.5762758747867781,0.3457655248720668,0.46102069982942234,0.9220413996588447,0.3457655248720668,0.5762758747867781,0.5762758747867781,0.3457655248720668,0.6915310497441336,0.5762758747867781,0.46102069982942234,0.5762758747867781,0.6915310497441336,0.8067862247014891,0.5762758747867781,0.3457655248720668,0.23051034991471117,0.11525517495735559,0.5762758747867781,0.23051034991471117,0.3457655248720668,0.3457655248720668,0.9220413996588447,1.1525517495735562,0.23051034991471117,0.23051034991471117,0.5762758747867781,0.9220413996588447,0.8067862247014891,0.3457655248720668,0.46102069982942234,0.23051034991471117,0.6915310497441336,0.9220413996588447,0.3457655248720668,0.5762758747867781,0.23051034991471117,0.46102069982942234,0.5762758747867781,0.5762758747867781,0.6915310497441336,0.23051034991471117,0.46102069982942234,0.23051034991471117,0.3457655248720668,0.6915310497441336,0.46102069982942234,0.6915310497441336,0.8067862247014891,0.46102069982942234,0.6915310497441336,0.46102069982942234,0.5762758747867781,0.8067862247014891,0.46102069982942234,0.6915310497441336,0.5762758747867781,,,,,,,,,,,,,,,,,,,,,,,,,,,,,,,,,,,,
,,,,,,,,,,,,,,,,,,,,,,,,,,,0.9220413996588447,0.6915310497441336,,,,,,,0.46102069982942234,0.5762758747867781,0.6915310497441336,0.6915310497441336,0.5762758747867781,0.9220413996588447,0.9220413996588447,0.6915310497441336,0.6915310497441336,0.8067862247014891,0.6915310497441336,0.3457655248720668,0.5762758747867781,0.3457655248720668,0.6915310497441336,0.23051034991471117,0.46102069982942234,0.8067862247014891,0.6915310497441336,0.6915310497441336,0.6915310497441336,0.3457655248720668,0.46102069982942234,0.46102069982942234,0.3457655248720668,1.0372965746162006,0.5762758747867781,0.46102069982942234,0.8067862247014891,1.0372965746162006,0.5762758747867781,0.5762758747867781,0.23051034991471117,0.3457655248720668,0.5762758747867781,0.3457655248720668,0.5762758747867781,0.46102069982942234,0.46102069982942234,1.0372965746162006,0.5762758747867781,0.5762758747867781,0.23051034991471117,0.46102069982942234,0.9220413996588447,0.46102069982942234,0.46102069982942234,0.46102069982942234,0.3457655248720668,0.5762758747867781,1.728827624360334,1.2678069245309116,0.5762758747867781,0.6915310497441336,0.8067862247014891,0.9220413996588447,0.3457655248720668,0.3457655248720668,1.0372965746162006,0.8067862247014891,0.8067862247014891,0.6915310497441336,0.9220413996588447,0.5762758747867781,0.46102069982942234,0.5762758747867781,0.9220413996588447,0.6915310497441336,1.4983172744456228,1.0372965746162006,1.0372965746162006,1.1525517495735562,0.8067862247014891,0.6915310497441336,0.23051034991471117,0.46102069982942234,0.6915310497441336,0.46102069982942234,0.3457655248720668,0.46102069982942234,0.5762758747867781,0.46102069982942234,0.6915310497441336,0.6915310497441336,0.8067862247014891,0.8067862247014891,0.5762758747867781,0.5762758747867781,0.3457655248720668,0.11525517495735559,0.9220413996588447,0.5762758747867781,0.46102069982942234,0.11525517495735559,0.8067862247014891,0.3457655248720668,0.9220413996588447,0.3457655248720668,0.6915310497441336,0.8067862247014891,0.8067862247014891,0.23051034991471117,0.8067862247014891,0.5762758747867781,1.1525517495735562,0.6915310497441336,0.5762758747867781,0.3457655248720668,0.6915310497441336,0.6915310497441336,0.8067862247014891,0.46102069982942234,0.6915310497441336,0.3457655248720668,0.3457655248720668,0.23051034991471117,0.3457655248720668,1.2678069245309116,0.23051034991471117,0.46102069982942234,1.2678069245309116,0.6915310497441336,0.6915310497441336,0.5762758747867781,0.3457655248720668,0.8067862247014891,0.6915310497441336,0.3457655248720668,0.3457655248720668,0.8067862247014891,0.6915310497441336,0.8067862247014891,1.2678069245309116,0.5762758747867781,1.1525517495735562,1.0372965746162006,0.6915310497441336,0.11525517495735559,1.3830620994882672,0.3457655248720668,0.6915310497441336,0.9220413996588447,1.0372965746162006,0.11525517495735559,0.8067862247014891,0.46102069982942234,0.3457655248720668,0.6915310497441336,0.6915310497441336,0.3457655248720668,0.5762758747867781,0.6915310497441336,0.8067862247014891,0.3457655248720668,0.9220413996588447,0.6915310497441336,0.5762758747867781,0.6915310497441336,1.0372965746162006,0.3457655248720668,0.46102069982942234,0.5762758747867781,1.2678069245309116,0.46102069982942234,0.8067862247014891,0.8067862247014891,0.5762758747867781,0.3457655248720668,0.3457655248720668,0.5762758747867781,1.0372965746162006,0.46102069982942234,0.8067862247014891,0.11525517495735559,0.3457655248720668,0.5762758747867781,0.6915310497441336,0.46102069982942234,0.46102069982942234,0.11525517495735559,0.9220413996588447,0.3457655248720668,0.5762758747867781,0.8067862247014891,0.23051034991471117,,,,,,,,,,,,,,,,,,,,,,,,,,,,,,,,,,,,
,,,,,,,,,,,,,,,,,,,,,,,,,,0.6915310497441336,0.46102069982942234,0.5762758747867781,,,,,,0.6915310497441336,0.9220413996588447,0.23051034991471117,0.46102069982942234,0.5762758747867781,0.3457655248720668,0.23051034991471117,0.46102069982942234,0.5762758747867781,0.8067862247014891,0.9220413996588447,0.6915310497441336,0.46102069982942234,0.8067862247014891,1.1525517495735562,0.6915310497441336,0.5762758747867781,0.5762758747867781,0.6915310497441336,0.23051034991471117,1.0372965746162006,0.3457655248720668,0.46102069982942234,0.3457655248720668,0.3457655248720668,0.9220413996588447,0.23051034991471117,0.9220413996588447,0.9220413996588447,0.6915310497441336,0.46102069982942234,0.5762758747867781,0.5762758747867781,0.6915310497441336,0.11525517495735559,0.46102069982942234,0.46102069982942234,0.8067862247014891,1.2678069245309116,1.0372965746162006,0.8067862247014891,0.6915310497441336,0.23051034991471117,0.6915310497441336,0.23051034991471117,1.0372965746162006,0.5762758747867781,0.5762758747867781,0.6915310497441336,0.8067862247014891,0.3457655248720668,1.0372965746162006,0.9220413996588447,1.728827624360334,1.1525517495735562,1.0372965746162006,0.3457655248720668,0.6915310497441336,0.46102069982942234,0.5762758747867781,0.6915310497441336,0.5762758747867781,1.0372965746162006,0.23051034991471117,0.5762758747867781,0.6915310497441336,0.6915310497441336,0.8067862247014891,1.2678069245309116,1.4983172744456228,0.46102069982942234,1.0372965746162006,1.728827624360334,1.3830620994882672,0.6915310497441336,0.8067862247014891,0.5762758747867781,0.23051034991471117,0.9220413996588447,0.6915310497441336,0.46102069982942234,0.6915310497441336,0.3457655248720668,0.46102069982942234,0.5762758747867781,0.23051034991471117,0.8067862247014891,0.5762758747867781,0.6915310497441336,0.46102069982942234,0.3457655248720668,0.46102069982942234,0.46102069982942234,0.46102069982942234,0.23051034991471117,0.46102069982942234,0.5762758747867781,0.6915310497441336,0.9220413996588447,0.5762758747867781,0.23051034991471117,0.46102069982942234,0.46102069982942234,0.11525517495735559,0.8067862247014891,0.5762758747867781,0.46102069982942234,0.3457655248720668,0.6915310497441336,0.8067862247014891,0.11525517495735559,0.5762758747867781,0.9220413996588447,0.8067862247014891,0.5762758747867781,0.9220413996588447,0.8067862247014891,0.9220413996588447,0.9220413996588447,0.8067862247014891,0.5762758747867781,0.23051034991471117,0.3457655248720668,0.46102069982942234,0.6915310497441336,0.9220413996588447,0.46102069982942234,1.1525517495735562,0.23051034991471117,0.3457655248720668,0.6915310497441336,1.0372965746162006,0.46102069982942234,0.6915310497441336,0.9220413996588447,0.6915310497441336,0.6915310497441336,0.9220413996588447,1.1525517495735562,0.5762758747867781,0.5762758747867781,0.9220413996588447,0.3457655248720668,0.46102069982942234,0.11525517495735559,0.5762758747867781,0.9220413996588447,0.3457655248720668,0.23051034991471117,0.5762758747867781,0.46102069982942234,1.3830620994882672,0.3457655248720668,0.5762758747867781,0.8067862247014891,0.5762758747867781,0.5762758747867781,0.6915310497441336,0.8067862247014891,0.9220413996588447,0.8067862247014891,0.3457655248720668,0.6915310497441336,0.46102069982942234,0.3457655248720668,0.9220413996588447,0.6915310497441336,0.0,0.23051034991471117,0.8067862247014891,0.46102069982942234,0.5762758747867781,1.3830620994882672,0.5762758747867781,0.3457655248720668,0.46102069982942234,0.9220413996588447,0.5762758747867781,0.6915310497441336,0.23051034991471117,0.6915310497441336,0.6915310497441336,0.5762758747867781,0.3457655248720668,0.5762758747867781,0.6915310497441336,0.9220413996588447,,,,,,,,,,,,,,,,,,,,,,,,,,,,,,,,,,,
,,,,,,,,,,,,,,,,,,,,,,,,,,0.8067862247014891,0.6915310497441336,0.5762758747867781,,,,0.8067862247014891,0.5762758747867781,0.3457655248720668,0.46102069982942234,0.5762758747867781,0.6915310497441336,1.2678069245309116,0.46102069982942234,0.23051034991471117,0.5762758747867781,0.46102069982942234,1.0372965746162006,0.3457655248720668,0.3457655248720668,0.9220413996588447,0.6915310497441336,0.3457655248720668,0.46102069982942234,0.46102069982942234,1.2678069245309116,0.5762758747867781,0.23051034991471117,0.46102069982942234,0.46102069982942234,0.6915310497441336,0.6915310497441336,0.3457655248720668,0.9220413996588447,0.5762758747867781,0.6915310497441336,0.9220413996588447,0.8067862247014891,1.2678069245309116,0.46102069982942234,0.9220413996588447,0.8067862247014891,1.0372965746162006,0.6915310497441336,0.5762758747867781,0.6915310497441336,0.6915310497441336,0.6915310497441336,0.9220413996588447,0.11525517495735559,0.3457655248720668,0.46102069982942234,0.5762758747867781,0.6915310497441336,0.46102069982942234,0.46102069982942234,0.8067862247014891,0.8067862247014891,0.6915310497441336,1.1525517495735562,0.9220413996588447,0.9220413996588447,0.9220413996588447,1.0372965746162006,1.0372965746162006,1.1525517495735562,0.3457655248720668,0.5762758747867781,0.8067862247014891,0.23051034991471117,1.2678069245309116,0.9220413996588447,0.9220413996588447,0.6915310497441336,0.9220413996588447,1.9593379742750452,2.88137937393389,1.9593379742750452,1.3830620994882672,1.1525517495735562,1.1525517495735562,1.1525517495735562,1.1525517495735562,0.46102069982942234,0.23051034991471117,0.3457655248720668,0.8067862247014891,0.3457655248720668,0.11525517495735559,0.46102069982942234,0.5762758747867781,0.6915310497441336,0.8067862247014891,0.9220413996588447,0.46102069982942234,0.46102069982942234,0.23051034991471117,0.23051034991471117,0.5762758747867781,0.23051034991471117,0.5762758747867781,0.46102069982942234,0.3457655248720668,0.8067862247014891,0.8067862247014891,0.5762758747867781,0.6915310497441336,0.5762758747867781,0.5762758747867781,0.6915310497441336,0.3457655248720668,0.23051034991471117,0.3457655248720668,0.11525517495735559,0.3457655248720668,0.46102069982942234,0.6915310497441336,0.46102069982942234,0.3457655248720668,0.46102069982942234,0.46102069982942234,0.3457655248720668,0.6915310497441336,1.0372965746162006,0.6915310497441336,0.23051034991471117,0.9220413996588447,0.3457655248720668,0.6915310497441336,0.9220413996588447,0.5762758747867781,0.3457655248720668,1.0372965746162006,0.23051034991471117,0.5762758747867781,0.6915310497441336,0.5762758747867781,1.4983172744456228,0.8067862247014891,0.46102069982942234,0.23051034991471117,0.5762758747867781,0.5762758747867781,0.6915310497441336,0.8067862247014891,0.3457655248720668,0.8067862247014891,0.5762758747867781,1.0372965746162006,0.3457655248720668,0.6915310497441336,0.3457655248720668,0.3457655248720668,0.3457655248720668,0.46102069982942234,0.23051034991471117,0.8067862247014891,1.0372965746162006,0.3457655248720668,0.6915310497441336,1.3830620994882672,0.8067862247014891,0.5762758747867781,0.8067862247014891,0.11525517495735559,0.3457655248720668,0.9220413996588447,0.46102069982942234,0.3457655248720668,0.8067862247014891,1.0372965746162006,0.11525517495735559,0.3457655248720668,1.0372965746162006,1.1525517495735562,0.8067862247014891,0.5762758747867781,0.6915310497441336,0.46102069982942234,0.5762758747867781,0.8067862247014891,0.23051034991471117,0.6915310497441336,0.46102069982942234,0.23051034991471117,0.8067862247014891,0.23051034991471117,0.6915310497441336,0.8067862247014891,0.3457655248720668,0.5762758747867781,,,0.46102069982942234,,,,,,,,,,,,,,,,,,,,,,,,,,,,,,,,,,,,
,,,,,,,,,,,,,,,,,,,,,,,,,,0.5762758747867781,0.9220413996588447,0.9220413996588447,0.46102069982942234,0.5762758747867781,0.5762758747867781,0.46102069982942234,1.0372965746162006,0.46102069982942234,0.5762758747867781,0.9220413996588447,0.8067862247014891,1.2678069245309116,0.5762758747867781,0.8067862247014891,0.6915310497441336,0.46102069982942234,0.5762758747867781,0.8067862247014891,0.5762758747867781,0.6915310497441336,0.3457655248720668,0.3457655248720668,0.46102069982942234,0.3457655248720668,0.6915310497441336,0.46102069982942234,0.46102069982942234,0.9220413996588447,1.0372965746162006,0.46102069982942234,0.23051034991471117,0.3457655248720668,0.3457655248720668,0.9220413996588447,0.46102069982942234,0.8067862247014891,1.2678069245309116,0.23051034991471117,0.6915310497441336,0.9220413996588447,0.46102069982942234,0.5762758747867781,0.5762758747867781,0.8067862247014891,0.3457655248720668,0.8067862247014891,0.6915310497441336,0.9220413996588447,0.8067862247014891,0.5762758747867781,0.11525517495735559,0.8067862247014891,0.46102069982942234,0.3457655248720668,0.11525517495735559,0.5762758747867781,1.1525517495735562,0.5762758747867781,1.0372965746162006,1.1525517495735562,1.0372965746162006,0.6915310497441336,1.3830620994882672,0.9220413996588447,1.0372965746162006,1.1525517495735562,0.46102069982942234,0.6915310497441336,0.5762758747867781,0.5762758747867781,0.5762758747867781,0.9220413996588447,1.1525517495735562,1.3830620994882672,2.3051034991471124,2.0745931492324012,2.0745931492324012,0.6915310497441336,0.9220413996588447,1.1525517495735562,0.3457655248720668,0.5762758747867781,0.11525517495735559,0.9220413996588447,0.6915310497441336,0.3457655248720668,0.6915310497441336,0.3457655248720668,0.11525517495735559,1.0372965746162006,0.8067862247014891,0.8067862247014891,0.8067862247014891,0.5762758747867781,0.9220413996588447,0.46102069982942234,0.23051034991471117,0.5762758747867781,0.3457655248720668,0.9220413996588447,0.6915310497441336,0.46102069982942234,0.46102069982942234,0.6915310497441336,0.5762758747867781,0.46102069982942234,0.5762758747867781,0.6915310497441336,0.5762758747867781,0.6915310497441336,0.6915310497441336,0.5762758747867781,0.11525517495735559,0.8067862247014891,0.5762758747867781,0.46102069982942234,0.46102069982942234,0.8067862247014891,0.5762758747867781,0.3457655248720668,0.0,0.46102069982942234,0.46102069982942234,0.46102069982942234,0.11525517495735559,0.6915310497441336,0.5762758747867781,0.6915310497441336,0.9220413996588447,0.9220413996588447,0.8067862247014891,0.8067862247014891,0.46102069982942234,0.9220413996588447,0.46102069982942234,0.23051034991471117,0.5762758747867781,0.3457655248720668,0.46102069982942234,0.8067862247014891,0.46102069982942234,1.1525517495735562,0.46102069982942234,0.9220413996588447,0.8067862247014891,0.23051034991471117,0.6915310497441336,0.8067862247014891,0.46102069982942234,0.3457655248720668,0.46102069982942234,0.46102069982942234,0.23051034991471117,0.5762758747867781,0.46102069982942234,0.5762758747867781,0.3457655248720668,0.3457655248720668,1.0372965746162006,0.3457655248720668,0.8067862247014891,0.46102069982942234,0.23051034991471117,1.1525517495735562,0.46102069982942234,0.6915310497441336,1.0372965746162006,0.8067862247014891,0.9220413996588447,0.23051034991471117,0.46102069982942234,0.3457655248720668,0.46102069982942234,0.46102069982942234,0.46102069982942234,0.6915310497441336,0.9220413996588447,0.3457655248720668,0.6915310497441336,1.0372965746162006,0.8067862247014891,0.6915310497441336,0.5762758747867781,0.6915310497441336,0.6915310497441336,0.8067862247014891,0.9220413996588447,0.8067862247014891,1.1525517495735562,0.6915310497441336,,,0.5762758747867781,,,,,,,,,,,,,,,,,,,,,,,,,,,,,,,,,,,,
,,,,,,,,,,,,,,,,,,,,,,,,,,,0.46102069982942234,0.3457655248720668,0.9220413996588447,0.6915310497441336,0.46102069982942234,0.46102069982942234,0.5762758747867781,0.3457655248720668,0.46102069982942234,0.6915310497441336,0.8067862247014891,0.46102069982942234,0.46102069982942234,0.11525517495735559,0.5762758747867781,1.0372965746162006,0.8067862247014891,0.23051034991471117,0.6915310497441336,0.6915310497441336,0.46102069982942234,0.5762758747867781,0.3457655248720668,0.5762758747867781,0.6915310497441336,0.46102069982942234,0.46102069982942234,1.1525517495735562,0.5762758747867781,0.46102069982942234,0.3457655248720668,1.4983172744456228,0.46102069982942234,1.1525517495735562,0.9220413996588447,1.0372965746162006,0.5762758747867781,0.23051034991471117,0.23051034991471117,0.46102069982942234,0.6915310497441336,0.6915310497441336,0.46102069982942234,0.5762758747867781,1.2678069245309116,0.23051034991471117,0.46102069982942234,0.8067862247014891,1.2678069245309116,0.23051034991471117,1.0372965746162006,0.6915310497441336,0.11525517495735559,0.5762758747867781,0.8067862247014891,0.3457655248720668,0.5762758747867781,0.5762758747867781,0.46102069982942234,0.3457655248720668,1.0372965746162006,1.2678069245309116,0.46102069982942234,1.6135724494029782,0.9220413996588447,0.6915310497441336,0.5762758747867781,1.1525517495735562,1.0372965746162006,0.8067862247014891,0.6915310497441336,1.0372965746162006,0.5762758747867781,1.0372965746162006,1.8440827993176894,1.2678069245309116,2.1898483241897564,1.1525517495735562,1.0372965746162006,0.8067862247014891,0.8067862247014891,0.6915310497441336,0.3457655248720668,0.3457655248720668,0.3457655248720668,0.11525517495735559,0.23051034991471117,0.5762758747867781,0.5762758747867781,0.46102069982942234,0.6915310497441336,0.46102069982942234,0.5762758747867781,0.3457655248720668,0.9220413996588447,0.6915310497441336,1.0372965746162006,0.9220413996588447,0.46102069982942234,0.46102069982942234,0.6915310497441336,1.6135724494029782,0.3457655248720668,0.46102069982942234,0.46102069982942234,0.6915310497441336,0.46102069982942234,0.11525517495735559,0.9220413996588447,0.0,0.8067862247014891,0.46102069982942234,0.46102069982942234,0.5762758747867781,0.6915310497441336,0.6915310497441336,0.9220413996588447,0.46102069982942234,0.8067862247014891,0.6915310497441336,0.23051034991471117,1.2678069245309116,0.3457655248720668,0.46102069982942234,0.5762758747867781,0.23051034991471117,0.0,0.5762758747867781,0.3457655248720668,0.3457655248720668,0.11525517495735559,1.0372965746162006,0.8067862247014891,0.23051034991471117,0.6915310497441336,0.3457655248720668,0.9220413996588447,0.5762758747867781,0.8067862247014891,0.23051034991471117,1.3830620994882672,0.8067862247014891,0.8067862247014891,1.0372965746162006,0.9220413996588447,0.6915310497441336,0.8067862247014891,0.6915310497441336,1.0372965746162006,0.46102069982942234,0.23051034991471117,0.5762758747867781,0.6915310497441336,0.6915310497441336,1.2678069245309116,0.3457655248720668,0.6915310497441336,0.46102069982942234,0.5762758747867781,0.23051034991471117,0.5762758747867781,0.5762758747867781,0.3457655248720668,0.9220413996588447,0.11525517495735559,0.9220413996588447,0.46102069982942234,0.8067862247014891,1.1525517495735562,0.5762758747867781,0.46102069982942234,0.46102069982942234,0.46102069982942234,1.0372965746162006,0.46102069982942234,0.3457655248720668,0.46102069982942234,0.3457655248720668,0.9220413996588447,0.6915310497441336,0.5762758747867781,1.1525517495735562,0.6915310497441336,0.9220413996588447,0.46102069982942234,0.23051034991471117,0.9220413996588447,0.46102069982942234,0.6915310497441336,0.23051034991471117,0.46102069982942234,,,,,,,,,,,,,,,,,,,,,,,,,,,,,,,,,,,,,,
,,,,,,,,,,,,,,,,,,,,,,,,,,,,0.46102069982942234,0.6915310497441336,0.6915310497441336,0.11525517495735559,1.0372965746162006,0.8067862247014891,0.5762758747867781,0.46102069982942234,0.8067862247014891,0.6915310497441336,0.6915310497441336,0.5762758747867781,1.0372965746162006,1.3830620994882672,0.23051034991471117,0.9220413996588447,0.6915310497441336,0.5762758747867781,0.46102069982942234,0.11525517495735559,0.23051034991471117,0.8067862247014891,0.3457655248720668,0.6915310497441336,0.23051034991471117,0.23051034991471117,1.3830620994882672,0.9220413996588447,0.5762758747867781,0.46102069982942234,0.46102069982942234,0.9220413996588447,0.6915310497441336,1.2678069245309116,0.6915310497441336,0.8067862247014891,0.8067862247014891,0.46102069982942234,0.8067862247014891,0.6915310497441336,0.3457655248720668,0.6915310497441336,0.46102069982942234,0.9220413996588447,0.23051034991471117,0.46102069982942234,0.6915310497441336,0.11525517495735559,0.11525517495735559,0.5762758747867781,0.9220413996588447,1.2678069245309116,0.3457655248720668,0.6915310497441336,0.6915310497441336,0.3457655248720668,0.23051034991471117,1.0372965746162006,0.5762758747867781,1.0372965746162006,0.6915310497441336,1.0372965746162006,0.8067862247014891,1.1525517495735562,1.0372965746162006,1.3830620994882672,0.3457655248720668,0.6915310497441336,0.8067862247014891,0.9220413996588447,0.8067862247014891,0.6915310497441336,0.6915310497441336,0.5762758747867781,0.9220413996588447,1.1525517495735562,1.8440827993176894,1.6135724494029782,1.728827624360334,0.23051034991471117,0.8067862247014891,0.3457655248720668,0.46102069982942234,0.11525517495735559,0.3457655248720668,0.3457655248720668,0.11525517495735559,1.0372965746162006,1.4983172744456228,0.23051034991471117,0.46102069982942234,0.6915310497441336,0.9220413996588447,0.5762758747867781,0.11525517495735559,0.3457655248720668,0.5762758747867781,0.5762758747867781,0.46102069982942234,0.6915310497441336,1.0372965746162006,1.0372965746162006,0.6915310497441336,0.3457655248720668,0.3457655248720668,0.23051034991471117,0.9220413996588447,0.23051034991471117,0.9220413996588447,0.6915310497441336,0.5762758747867781,0.9220413996588447,0.9220413996588447,0.46102069982942234,0.6915310497441336,1.3830620994882672,0.23051034991471117,0.46102069982942234,0.8067862247014891,0.3457655248720668,0.46102069982942234,0.3457655248720668,0.23051034991471117,0.8067862247014891,0.8067862247014891,0.3457655248720668,0.5762758747867781,0.3457655248720668,0.0,0.5762758747867781,0.5762758747867781,1.0372965746162006,0.9220413996588447,0.8067862247014891,0.6915310497441336,0.9220413996588447,0.46102069982942234,0.3457655248720668,0.6915310497441336,0.23051034991471117,0.5762758747867781,0.6915310497441336,0.5762758747867781,1.1525517495735562,0.46102069982942234,0.6915310497441336,1.1525517495735562,1.0372965746162006,0.46102069982942234,0.5762758747867781,1.0372965746162006,0.6915310497441336,1.2678069245309116,0.6915310497441336,0.9220413996588447,0.8067862247014891,0.8067862247014891,0.46102069982942234,0.8067862247014891,0.46102069982942234,0.8067862247014891,0.8067862247014891,0.5762758747867781,0.5762758747867781,0.3457655248720668,0.6915310497441336,0.9220413996588447,0.23051034991471117,0.9220413996588447,0.11525517495735559,0.8067862247014891,1.3830620994882672,0.5762758747867781,0.11525517495735559,0.46102069982942234,0.8067862247014891,0.3457655248720668,0.3457655248720668,0.6915310497441336,0.5762758747867781,0.9220413996588447,0.46102069982942234,0.3457655248720668,0.6915310497441336,0.5762758747867781,0.3457655248720668,0.5762758747867781,0.46102069982942234,0.8067862247014891,0.8067862247014891,,,,,,,,,,,,,,,,,,,,,,,,,,,,,,,,,,,,,,
,,,,,,,,,,,,,,,,,,,,,,,,,,,0.6915310497441336,0.46102069982942234,0.8067862247014891,0.46102069982942234,0.6915310497441336,0.5762758747867781,0.3457655248720668,0.3457655248720668,0.9220413996588447,1.0372965746162006,1.0372965746162006,0.5762758747867781,0.9220413996588447,0.23051034991471117,0.6915310497441336,0.8067862247014891,0.5762758747867781,0.5762758747867781,0.6915310497441336,0.9220413996588447,0.6915310497441336,1.0372965746162006,0.8067862247014891,0.9220413996588447,0.8067862247014891,0.6915310497441336,1.1525517495735562,0.6915310497441336,0.3457655248720668,0.3457655248720668,0.46102069982942234,0.9220413996588447,0.5762758747867781,0.8067862247014891,0.23051034991471117,0.6915310497441336,0.8067862247014891,0.6915310497441336,0.6915310497441336,0.9220413996588447,0.6915310497441336,0.8067862247014891,0.5762758747867781,0.8067862247014891,0.46102069982942234,0.5762758747867781,0.3457655248720668,1.2678069245309116,1.1525517495735562,0.46102069982942234,1.0372965746162006,1.0372965746162006,1.0372965746162006,0.8067862247014891,0.6915310497441336,0.3457655248720668,0.9220413996588447,1.2678069245309116,0.5762758747867781,1.1525517495735562,0.23051034991471117,0.46102069982942234,0.46102069982942234,0.46102069982942234,0.8067862247014891,0.8067862247014891,0.9220413996588447,0.6915310497441336,0.46102069982942234,0.5762758747867781,0.8067862247014891,0.6915310497441336,0.5762758747867781,1.0372965746162006,0.46102069982942234,0.8067862247014891,1.8440827993176894,2.7661241989765344,1.8440827993176894,1.9593379742750452,0.9220413996588447,0.46102069982942234,0.9220413996588447,0.23051034991471117,0.6915310497441336,0.3457655248720668,0.3457655248720668,0.9220413996588447,0.46102069982942234,0.46102069982942234,0.5762758747867781,0.46102069982942234,0.6915310497441336,0.6915310497441336,0.6915310497441336,0.23051034991471117,0.46102069982942234,0.46102069982942234,0.6915310497441336,0.6915310497441336,0.3457655248720668,0.23051034991471117,0.5762758747867781,0.23051034991471117,0.11525517495735559,0.3457655248720668,0.6915310497441336,0.46102069982942234,0.5762758747867781,0.6915310497441336,0.8067862247014891,0.3457655248720668,0.3457655248720668,0.6915310497441336,0.6915310497441336,0.46102069982942234,0.0,0.5762758747867781,0.23051034991471117,0.5762758747867781,0.6915310497441336,0.6915310497441336,0.0,0.11525517495735559,0.23051034991471117,0.5762758747867781,1.0372965746162006,0.3457655248720668,0.5762758747867781,0.3457655248720668,0.9220413996588447,0.3457655248720668,0.5762758747867781,0.23051034991471117,0.6915310497441336,0.3457655248720668,0.46102069982942234,0.5762758747867781,0.6915310497441336,0.6915310497441336,1.0372965746162006,0.9220413996588447,0.11525517495735559,1.0372965746162006,0.3457655248720668,0.6915310497441336,0.5762758747867781,0.3457655248720668,0.46102069982942234,1.2678069245309116,0.8067862247014891,0.46102069982942234,0.5762758747867781,0.9220413996588447,0.8067862247014891,0.6915310497441336,0.6915310497441336,0.3457655248720668,0.3457655248720668,0.8067862247014891,0.5762758747867781,0.6915310497441336,0.46102069982942234,0.9220413996588447,0.6915310497441336,0.9220413996588447,0.3457655248720668,0.6915310497441336,0.46102069982942234,0.3457655248720668,0.5762758747867781,0.8067862247014891,0.5762758747867781,0.8067862247014891,0.11525517495735559,0.46102069982942234,0.5762758747867781,0.5762758747867781,1.1525517495735562,0.3457655248720668,0.5762758747867781,0.3457655248720668,0.3457655248720668,0.8067862247014891,1.0372965746162006,0.46102069982942234,0.9220413996588447,0.6915310497441336,0.5762758747867781,0.6915310497441336,0.23051034991471117,,,,,,,,,,,,,,,,,,,,,,,,,,,,,,,,,,,,,,
,,,,,,,,,,,,,,,,,,,,,,,,,,1.1525517495735562,1.0372965746162006,0.9220413996588447,0.23051034991471117,0.5762758747867781,0.46102069982942234,0.5762758747867781,0.46102069982942234,0.5762758747867781,0.6915310497441336,0.11525517495735559,0.8067862247014891,1.3830620994882672,0.46102069982942234,0.6915310497441336,0.46102069982942234,0.11525517495735559,0.6915310497441336,0.8067862247014891,1.0372965746162006,0.3457655248720668,0.6915310497441336,0.46102069982942234,0.5762758747867781,0.5762758747867781,0.6915310497441336,0.23051034991471117,0.5762758747867781,0.8067862247014891,0.8067862247014891,0.46102069982942234,0.5762758747867781,0.9220413996588447,1.1525517495735562,0.6915310497441336,1.0372965746162006,0.6915310497441336,0.3457655248720668,0.3457655248720668,0.46102069982942234,0.6915310497441336,0.5762758747867781,0.5762758747867781,0.5762758747867781,0.11525517495735559,1.0372965746162006,1.1525517495735562,1.2678069245309116,0.6915310497441336,1.0372965746162006,0.46102069982942234,1.0372965746162006,0.8067862247014891,0.8067862247014891,1.2678069245309116,1.3830620994882672,0.23051034991471117,0.9220413996588447,0.6915310497441336,0.9220413996588447,0.9220413996588447,0.5762758747867781,1.1525517495735562,0.6915310497441336,0.46102069982942234,2.0745931492324012,1.1525517495735562,1.0372965746162006,1.0372965746162006,0.3457655248720668,0.9220413996588447,0.46102069982942234,0.6915310497441336,0.23051034991471117,0.5762758747867781,0.6915310497441336,1.0372965746162006,1.6135724494029782,1.2678069245309116,1.4983172744456228,1.2678069245309116,0.5762758747867781,0.46102069982942234,0.3457655248720668,0.6915310497441336,1.0372965746162006,0.23051034991471117,0.5762758747867781,0.6915310497441336,0.5762758747867781,0.6915310497441336,0.3457655248720668,0.8067862247014891,0.6915310497441336,0.46102069982942234,0.46102069982942234,0.23051034991471117,0.0,0.3457655248720668,0.6915310497441336,0.9220413996588447,0.46102069982942234,0.6915310497441336,0.6915310497441336,0.3457655248720668,0.23051034991471117,0.3457655248720668,0.23051034991471117,0.3457655248720668,0.46102069982942234,0.46102069982942234,0.8067862247014891,0.6915310497441336,0.46102069982942234,0.46102069982942234,0.5762758747867781,0.5762758747867781,0.6915310497441336,0.3457655248720668,0.6915310497441336,0.23051034991471117,0.9220413996588447,0.5762758747867781,0.5762758747867781,0.3457655248720668,0.8067862247014891,0.11525517495735559,0.11525517495735559,0.11525517495735559,0.46102069982942234,0.9220413996588447,0.8067862247014891,0.46102069982942234,0.8067862247014891,1.0372965746162006,0.5762758747867781,0.46102069982942234,0.5762758747867781,0.3457655248720668,1.1525517495735562,0.46102069982942234,0.6915310497441336,0.6915310497441336,0.9220413996588447,0.6915310497441336,0.5762758747867781,1.1525517495735562,0.3457655248720668,0.5762758747867781,0.6915310497441336,0.46102069982942234,0.6915310497441336,0.9220413996588447,0.9220413996588447,0.23051034991471117,0.3457655248720668,0.6915310497441336,0.23051034991471117,0.46102069982942234,0.3457655248720668,0.5762758747867781,0.6915310497441336,0.5762758747867781,0.8067862247014891,0.46102069982942234,0.8067862247014891,0.11525517495735559,0.8067862247014891,1.0372965746162006,0.3457655248720668,0.46102069982942234,0.46102069982942234,1.0372965746162006,0.46102069982942234,0.5762758747867781,1.0372965746162006,0.46102069982942234,0.6915310497441336,0.3457655248720668,0.46102069982942234,0.5762758747867781,0.5762758747867781,0.6915310497441336,0.46102069982942234,0.3457655248720668,0.3457655248720668,0.46102069982942234,0.6915310497441336,0.11525517495735559,1.0372965746162006,0.46102069982942234,0.8067862247014891,0.46102069982942234,0.5762758747867781,,,,,,,,,,,,,,,,,,,,,,,,,,,,,,,,,,,,
,,,,,,,,,,,,,,,,,,,,,,,,,0.5762758747867781,0.3457655248720668,0.6915310497441336,0.0,0.5762758747867781,1.0372965746162006,0.46102069982942234,0.8067862247014891,0.23051034991471117,0.5762758747867781,0.6915310497441336,0.11525517495735559,0.23051034991471117,0.8067862247014891,1.0372965746162006,0.9220413996588447,0.46102069982942234,0.6915310497441336,0.23051034991471117,0.3457655248720668,0.5762758747867781,1.4983172744456228,0.46102069982942234,0.3457655248720668,0.5762758747867781,0.46102069982942234,1.0372965746162006,0.5762758747867781,0.8067862247014891,0.23051034991471117,0.8067862247014891,0.23051034991471117,1.0372965746162006,0.3457655248720668,0.8067862247014891,0.9220413996588447,0.3457655248720668,0.23051034991471117,1.2678069245309116,1.0372965746162006,0.5762758747867781,0.3457655248720668,0.3457655248720668,0.8067862247014891,0.8067862247014891,0.3457655248720668,0.6915310497441336,1.6135724494029782,0.6915310497441336,0.9220413996588447,1.3830620994882672,1.6135724494029782,1.0372965746162006,0.5762758747867781,1.0372965746162006,0.46102069982942234,0.46102069982942234,0.5762758747867781,0.6915310497441336,0.8067862247014891,0.46102069982942234,0.6915310497441336,0.9220413996588447,0.5762758747867781,0.6915310497441336,0.46102069982942234,0.5762758747867781,1.4983172744456228,1.0372965746162006,1.728827624360334,0.5762758747867781,0.3457655248720668,0.3457655248720668,0.8067862247014891,0.6915310497441336,0.8067862247014891,0.3457655248720668,0.46102069982942234,0.8067862247014891,1.3830620994882672,0.5762758747867781,0.5762758747867781,0.8067862247014891,0.6915310497441336,1.0372965746162006,0.6915310497441336,0.8067862247014891,0.23051034991471117,0.5762758747867781,0.5762758747867781,0.5762758747867781,0.46102069982942234,0.6915310497441336,0.5762758747867781,0.9220413996588447,0.5762758747867781,0.3457655248720668,0.46102069982942234,0.5762758747867781,0.46102069982942234,0.3457655248720668,0.3457655248720668,0.46102069982942234,0.8067862247014891,0.5762758747867781,0.3457655248720668,0.3457655248720668,1.0372965746162006,0.6915310497441336,0.3457655248720668,0.23051034991471117,0.3457655248720668,0.6915310497441336,0.3457655248720668,0.5762758747867781,0.6915310497441336,0.9220413996588447,0.9220413996588447,0.3457655248720668,0.6915310497441336,0.6915310497441336,0.5762758747867781,0.5762758747867781,0.3457655248720668,0.3457655248720668,0.23051034991471117,0.3457655248720668,0.46102069982942234,0.3457655248720668,0.9220413996588447,0.9220413996588447,0.8067862247014891,0.46102069982942234,0.23051034991471117,0.6915310497441336,0.3457655248720668,0.23051034991471117,0.3457655248720668,0.5762758747867781,0.8067862247014891,0.5762758747867781,0.5762758747867781,0.6915310497441336,0.9220413996588447,0.3457655248720668,0.8067862247014891,0.5762758747867781,0.23051034991471117,1.0372965746162006,0.5762758747867781,0.8067862247014891,0.5762758747867781,0.8067862247014891,1.0372965746162006,0.46102069982942234,0.5762758747867781,0.46102069982942234,0.23051034991471117,1.2678069245309116,0.23051034991471117,0.5762758747867781,0.9220413996588447,1.2678069245309116,0.23051034991471117,1.2678069245309116,0.5762758747867781,0.46102069982942234,0.8067862247014891,0.3457655248720668,0.46102069982942234,0.46102069982942234,0.6915310497441336,0.8067862247014891,0.46102069982942234,0.5762758747867781,0.8067862247014891,0.23051034991471117,1.3830620994882672,0.46102069982942234,0.5762758747867781,1.0372965746162006,0.46102069982942234,0.6915310497441336,0.3457655248720668,1.2678069245309116,0.23051034991471117,0.5762758747867781,1.1525517495735562,0.5762758747867781,0.3457655248720668,0.6915310497441336,0.6915310497441336,0.23051034991471117,0.5762758747867781,0.5762758747867781,0.5762758747867781,,,,,,,,,,,,,,,,,,,,,,,,,,,,,,,,,,,
,,,,,,,,,,,,,,,,,,,,,,,,,0.6915310497441336,0.8067862247014891,0.5762758747867781,,,0.5762758747867781,0.6915310497441336,0.6915310497441336,0.8067862247014891,0.6915310497441336,0.6915310497441336,0.6915310497441336,0.23051034991471117,0.6915310497441336,1.0372965746162006,0.5762758747867781,0.6915310497441336,0.23051034991471117,0.23051034991471117,1.2678069245309116,0.3457655248720668,1.1525517495735562,0.5762758747867781,0.6915310497441336,0.23051034991471117,0.5762758747867781,0.46102069982942234,1.0372965746162006,0.5762758747867781,0.3457655248720668,0.6915310497441336,0.5762758747867781,0.8067862247014891,0.6915310497441336,1.1525517495735562,0.6915310497441336,1.0372965746162006,0.5762758747867781,0.23051034991471117,0.6915310497441336,0.46102069982942234,0.11525517495735559,0.46102069982942234,0.5762758747867781,0.5762758747867781,0.5762758747867781,0.8067862247014891,0.9220413996588447,1.4983172744456228,0.8067862247014891,1.1525517495735562,1.6135724494029782,1.2678069245309116,0.9220413996588447,1.3830620994882672,1.1525517495735562,0.5762758747867781,0.46102069982942234,0.6915310497441336,0.9220413996588447,1.1525517495735562,1.2678069245309116,1.1525517495735562,0.9220413996588447,0.46102069982942234,0.6915310497441336,1.3830620994882672,0.8067862247014891,0.11525517495735559,0.6915310497441336,0.46102069982942234,0.46102069982942234,1.3830620994882672,0.6915310497441336,0.46102069982942234,0.23051034991471117,0.5762758747867781,0.23051034991471117,0.6915310497441336,0.8067862247014891,0.23051034991471117,1.0372965746162006,0.11525517495735559,0.3457655248720668,0.9220413996588447,0.6915310497441336,0.6915310497441336,0.9220413996588447,0.3457655248720668,0.23051034991471117,0.46102069982942234,0.6915310497441336,0.8067862247014891,0.11525517495735559,0.8067862247014891,0.5762758747867781,0.3457655248720668,0.46102069982942234,0.3457655248720668,0.6915310497441336,0.8067862247014891,0.5762758747867781,0.5762758747867781,0.46102069982942234,0.9220413996588447,0.6915310497441336,0.5762758747867781,0.8067862247014891,0.46102069982942234,0.46102069982942234,0.8067862247014891,0.3457655248720668,0.11525517495735559,0.3457655248720668,0.8067862247014891,0.3457655248720668,0.23051034991471117,0.23051034991471117,0.46102069982942234,0.3457655248720668,0.5762758747867781,0.5762758747867781,0.23051034991471117,1.0372965746162006,0.6915310497441336,0.23051034991471117,0.5762758747867781,0.8067862247014891,0.11525517495735559,0.3457655248720668,1.2678069245309116,0.5762758747867781,0.46102069982942234,0.6915310497441336,0.5762758747867781,0.5762758747867781,0.5762758747867781,0.5762758747867781,0.8067862247014891,0.46102069982942234,0.46102069982942234,0.23051034991471117,0.9220413996588447,1.728827624360334,0.5762758747867781,0.11525517495735559,0.8067862247014891,0.9220413996588447,0.6915310497441336,0.5762758747867781,0.46102069982942234,0.46102069982942234,1.1525517495735562,0.9220413996588447,0.5762758747867781,0.5762758747867781,0.5762758747867781,0.6915310497441336,0.6915310497441336,0.5762758747867781,0.46102069982942234,0.46102069982942234,0.46102069982942234,0.46102069982942234,0.3457655248720668,0.5762758747867781,0.5762758747867781,0.5762758747867781,1.0372965746162006,0.46102069982942234,0.46102069982942234,0.3457655248720668,0.5762758747867781,0.9220413996588447,0.46102069982942234,1.3830620994882672,0.6915310497441336,0.9220413996588447,0.11525517495735559,1.0372965746162006,0.23051034991471117,0.5762758747867781,1.4983172744456228,0.9220413996588447,0.5762758747867781,0.5762758747867781,0.3457655248720668,0.23051034991471117,0.6915310497441336,0.3457655248720668,0.3457655248720668,0.11525517495735559,0.6915310497441336,0.6915310497441336,0.8067862247014891,0.46102069982942234,,,,,,,,,,,,,,,,,,,,,,,,,,,,,,,,,,,
,,,,,,,,,,,,,,,,,,,,,,,,,,,,,,,0.6915310497441336,0.5762758747867781,1.0372965746162006,0.5762758747867781,0.8067862247014891,0.6915310497441336,0.6915310497441336,0.8067862247014891,0.46102069982942234,0.5762758747867781,1.1525517495735562,0.5762758747867781,0.23051034991471117,0.46102069982942234,1.0372965746162006,0.23051034991471117,0.6915310497441336,0.6915310497441336,0.3457655248720668,0.3457655248720668,0.5762758747867781,1.0372965746162006,0.23051034991471117,0.6915310497441336,0.11525517495735559,0.46102069982942234,0.8067862247014891,0.5762758747867781,0.8067862247014891,0.23051034991471117,0.8067862247014891,0.5762758747867781,0.23051034991471117,0.8067862247014891,0.23051034991471117,0.8067862247014891,0.11525517495735559,1.0372965746162006,0.6915310497441336,0.5762758747867781,0.8067862247014891,0.5762758747867781,1.2678069245309116,0.8067862247014891,0.9220413996588447,1.9593379742750452,0.6915310497441336,1.6135724494029782,2.7661241989765344,1.9593379742750452,0.46102069982942234,1.1525517495735562,0.8067862247014891,1.0372965746162006,0.46102069982942234,1.3830620994882672,0.8067862247014891,0.8067862247014891,0.6915310497441336,1.1525517495735562,0.6915310497441336,1.1525517495735562,0.5762758747867781,0.23051034991471117,0.6915310497441336,0.5762758747867781,0.6915310497441336,0.8067862247014891,0.5762758747867781,0.6915310497441336,0.6915310497441336,0.46102069982942234,0.23051034991471117,0.5762758747867781,0.6915310497441336,0.46102069982942234,0.9220413996588447,0.8067862247014891,0.23051034991471117,0.46102069982942234,0.8067862247014891,0.3457655248720668,1.0372965746162006,0.46102069982942234,0.9220413996588447,0.11525517495735559,0.9220413996588447,0.5762758747867781,0.6915310497441336,0.6915310497441336,0.5762758747867781,0.46102069982942234,0.6915310497441336,0.3457655248720668,0.46102069982942234,0.11525517495735559,0.5762758747867781,0.5762758747867781,0.8067862247014891,0.6915310497441336,1.1525517495735562,0.6915310497441336,0.3457655248720668,0.11525517495735559,0.8067862247014891,0.5762758747867781,0.3457655248720668,0.9220413996588447,0.3457655248720668,0.23051034991471117,0.8067862247014891,0.23051034991471117,0.46102069982942234,0.11525517495735559,0.5762758747867781,0.6915310497441336,0.46102069982942234,0.6915310497441336,0.11525517495735559,0.6915310497441336,0.46102069982942234,0.6915310497441336,0.6915310497441336,0.6915310497441336,0.8067862247014891,0.46102069982942234,1.0372965746162006,0.5762758747867781,0.46102069982942234,0.6915310497441336,0.6915310497441336,0.46102069982942234,0.9220413996588447,0.6915310497441336,0.23051034991471117,0.46102069982942234,1.1525517495735562,0.5762758747867781,0.9220413996588447,1.3830620994882672,1.0372965746162006,0.9220413996588447,0.11525517495735559,0.3457655248720668,0.23051034991471117,0.6915310497441336,0.5762758747867781,0.46102069982942234,0.3457655248720668,0.23051034991471117,0.6915310497441336,0.5762758747867781,0.3457655248720668,1.2678069245309116,0.8067862247014891,0.8067862247014891,1.2678069245309116,1.0372965746162006,0.6915310497441336,0.6915310497441336,0.5762758747867781,0.3457655248720668,0.5762758747867781,0.46102069982942234,0.6915310497441336,0.46102069982942234,0.46102069982942234,1.1525517495735562,0.6915310497441336,1.1525517495735562,0.5762758747867781,0.6915310497441336,0.46102069982942234,0.6915310497441336,0.5762758747867781,0.5762758747867781,0.5762758747867781,0.11525517495735559,0.5762758747867781,0.46102069982942234,0.46102069982942234,1.1525517495735562,0.46102069982942234,0.3457655248720668,0.6915310497441336,0.8067862247014891,0.6915310497441336,0.5762758747867781,0.6915310497441336,0.3457655248720668,,,,,,,,,,,,,,,,,,,,,,,,,,,,,,,,,,,
,,,,,,,,,,,,,,,,,,,,,,,,,,,,,,0.46102069982942234,0.6915310497441336,0.46102069982942234,0.9220413996588447,0.5762758747867781,1.2678069245309116,0.46102069982942234,0.6915310497441336,0.46102069982942234,0.3457655248720668,0.5762758747867781,0.23051034991471117,0.8067862247014891,0.6915310497441336,0.6915310497441336,0.5762758747867781,0.5762758747867781,0.23051034991471117,0.9220413996588447,0.3457655248720668,0.46102069982942234,1.1525517495735562,0.5762758747867781,0.8067862247014891,0.46102069982942234,1.0372965746162006,0.6915310497441336,0.46102069982942234,0.3457655248720668,0.8067862247014891,0.0,0.46102069982942234,1.1525517495735562,0.23051034991471117,0.46102069982942234,0.46102069982942234,0.5762758747867781,0.11525517495735559,0.23051034991471117,0.23051034991471117,0.46102069982942234,0.5762758747867781,0.46102069982942234,0.3457655248720668,0.9220413996588447,0.8067862247014891,1.1525517495735562,1.3830620994882672,1.6135724494029782,1.6135724494029782,0.46102069982942234,0.6915310497441336,0.6915310497441336,0.8067862247014891,1.0372965746162006,1.2678069245309116,0.8067862247014891,0.46102069982942234,0.8067862247014891,0.8067862247014891,1.0372965746162006,0.8067862247014891,1.2678069245309116,0.46102069982942234,0.8067862247014891,0.5762758747867781,0.6915310497441336,0.6915310497441336,0.8067862247014891,0.6915310497441336,0.5762758747867781,0.11525517495735559,0.3457655248720668,0.5762758747867781,0.8067862247014891,0.6915310497441336,1.2678069245309116,0.5762758747867781,0.11525517495735559,0.3457655248720668,0.46102069982942234,0.46102069982942234,0.6915310497441336,0.6915310497441336,0.46102069982942234,0.23051034991471117,0.5762758747867781,0.3457655248720668,0.46102069982942234,0.5762758747867781,0.46102069982942234,0.3457655248720668,0.5762758747867781,0.23051034991471117,0.46102069982942234,0.6915310497441336,0.3457655248720668,0.46102069982942234,0.46102069982942234,0.6915310497441336,0.3457655248720668,1.0372965746162006,0.6915310497441336,1.2678069245309116,0.5762758747867781,0.9220413996588447,0.6915310497441336,0.23051034991471117,0.5762758747867781,1.0372965746162006,0.5762758747867781,0.46102069982942234,0.3457655248720668,0.6915310497441336,0.46102069982942234,0.6915310497441336,0.46102069982942234,0.5762758747867781,0.46102069982942234,0.11525517495735559,0.23051034991471117,0.46102069982942234,0.5762758747867781,0.23051034991471117,0.46102069982942234,0.6915310497441336,1.0372965746162006,0.11525517495735559,0.23051034991471117,1.0372965746162006,0.46102069982942234,0.11525517495735559,1.0372965746162006,0.11525517495735559,0.9220413996588447,0.6915310497441336,0.9220413996588447,0.23051034991471117,1.1525517495735562,0.5762758747867781,0.8067862247014891,0.46102069982942234,0.46102069982942234,0.5762758747867781,0.46102069982942234,0.23051034991471117,0.46102069982942234,1.1525517495735562,0.3457655248720668,0.8067862247014891,0.6915310497441336,0.5762758747867781,1.3830620994882672,0.9220413996588447,0.8067862247014891,0.6915310497441336,0.46102069982942234,0.46102069982942234,0.46102069982942234,0.0,0.23051034991471117,0.5762758747867781,0.9220413996588447,0.8067862247014891,0.46102069982942234,0.3457655248720668,0.5762758747867781,0.23051034991471117,0.23051034991471117,0.8067862247014891,0.9220413996588447,0.5762758747867781,0.6915310497441336,0.3457655248720668,1.0372965746162006,1.1525517495735562,0.23051034991471117,0.6915310497441336,0.5762758747867781,0.6915310497441336,0.3457655248720668,0.3457655248720668,0.8067862247014891,0.3457655248720668,0.46102069982942234,0.3457655248720668,0.5762758747867781,0.8067862247014891,0.23051034991471117,0.9220413996588447,,,,,,,,,,,,,,,,,,,,,,,,,,,,,,,,,,,,
,,,,,,,,,,,,,,,,,,,,,,,,,,,,,0.3457655248720668,0.6915310497441336,0.9220413996588447,0.9220413996588447,0.46102069982942234,0.3457655248720668,0.9220413996588447,0.5762758747867781,0.46102069982942234,0.9220413996588447,0.5762758747867781,0.8067862247014891,0.23051034991471117,1.0372965746162006,0.3457655248720668,0.5762758747867781,0.46102069982942234,0.46102069982942234,0.5762758747867781,0.23051034991471117,0.6915310497441336,0.6915310497441336,0.5762758747867781,0.46102069982942234,0.46102069982942234,0.46102069982942234,0.5762758747867781,1.1525517495735562,0.9220413996588447,1.4983172744456228,0.5762758747867781,1.2678069245309116,1.0372965746162006,0.6915310497441336,0.6915310497441336,0.5762758747867781,0.8067862247014891,0.6915310497441336,0.8067862247014891,0.3457655248720668,0.23051034991471117,0.6915310497441336,0.5762758747867781,0.3457655248720668,0.3457655248720668,0.5762758747867781,0.8067862247014891,0.8067862247014891,0.9220413996588447,0.9220413996588447,1.4983172744456228,1.2678069245309116,0.8067862247014891,0.8067862247014891,1.0372965746162006,0.8067862247014891,1.0372965746162006,0.3457655248720668,0.46102069982942234,0.23051034991471117,0.23051034991471117,1.3830620994882672,1.6135724494029782,0.9220413996588447,0.23051034991471117,1.0372965746162006,0.5762758747867781,0.3457655248720668,1.0372965746162006,1.2678069245309116,1.6135724494029782,0.6915310497441336,0.5762758747867781,0.3457655248720668,0.3457655248720668,0.5762758747867781,1.1525517495735562,0.8067862247014891,0.11525517495735559,0.46102069982942234,0.11525517495735559,0.23051034991471117,0.5762758747867781,0.3457655248720668,0.5762758747867781,0.8067862247014891,0.3457655248720668,0.3457655248720668,0.5762758747867781,1.0372965746162006,0.5762758747867781,0.3457655248720668,0.46102069982942234,0.6915310497441336,0.11525517495735559,0.3457655248720668,0.46102069982942234,0.5762758747867781,0.46102069982942234,0.5762758747867781,0.5762758747867781,0.5762758747867781,0.8067862247014891,0.6915310497441336,1.0372965746162006,0.3457655248720668,0.11525517495735559,0.11525517495735559,0.5762758747867781,0.9220413996588447,0.46102069982942234,0.3457655248720668,0.5762758747867781,0.23051034991471117,0.5762758747867781,0.11525517495735559,0.46102069982942234,0.6915310497441336,0.5762758747867781,0.3457655248720668,0.46102069982942234,0.6915310497441336,0.3457655248720668,0.3457655248720668,1.0372965746162006,0.46102069982942234,0.9220413996588447,1.0372965746162006,0.11525517495735559,0.3457655248720668,1.0372965746162006,0.3457655248720668,0.3457655248720668,0.8067862247014891,0.9220413996588447,0.5762758747867781,0.6915310497441336,0.5762758747867781,1.0372965746162006,0.6915310497441336,0.6915310497441336,0.9220413996588447,0.8067862247014891,0.5762758747867781,0.9220413996588447,0.6915310497441336,0.6915310497441336,0.46102069982942234,0.6915310497441336,0.5762758747867781,0.46102069982942234,0.8067862247014891,0.8067862247014891,1.3830620994882672,0.8067862247014891,0.46102069982942234,0.3457655248720668,0.23051034991471117,0.46102069982942234,0.5762758747867781,0.5762758747867781,0.23051034991471117,0.9220413996588447,0.8067862247014891,0.46102069982942234,0.6915310497441336,0.46102069982942234,0.3457655248720668,0.8067862247014891,0.8067862247014891,0.6915310497441336,0.8067862247014891,0.8067862247014891,0.8067862247014891,0.5762758747867781,0.5762758747867781,0.3457655248720668,0.5762758747867781,0.46102069982942234,0.9220413996588447,0.46102069982942234,0.3457655248720668,0.23051034991471117,0.46102069982942234,0.5762758747867781,0.9220413996588447,0.46102069982942234,0.46102069982942234,0.46102069982942234,0.6915310497441336,0.5762758747867781,,,,,,,,,,,,,,,,,,,,,,,,,,,,,,,,,,,,
,,,,,,,,,,,,,,,,,,,,,,,,,,,,,0.8067862247014891,0.8067862247014891,0.6915310497441336,0.9220413996588447,0.5762758747867781,0.46102069982942234,0.6915310497441336,0.8067862247014891,0.11525517495735559,0.6915310497441336,0.5762758747867781,0.6915310497441336,0.5762758747867781,0.11525517495735559,0.3457655248720668,0.3457655248720668,0.6915310497441336,0.5762758747867781,0.6915310497441336,0.23051034991471117,0.5762758747867781,0.8067862247014891,0.3457655248720668,0.11525517495735559,0.6915310497441336,0.11525517495735559,0.46102069982942234,1.3830620994882672,0.6915310497441336,0.23051034991471117,1.3830620994882672,0.5762758747867781,0.8067862247014891,0.8067862247014891,0.8067862247014891,0.46102069982942234,0.8067862247014891,0.5762758747867781,0.46102069982942234,0.8067862247014891,1.3830620994882672,0.9220413996588447,1.2678069245309116,1.0372965746162006,0.46102069982942234,0.6915310497441336,0.6915310497441336,0.6915310497441336,1.0372965746162006,0.6915310497441336,0.6915310497441336,1.0372965746162006,1.3830620994882672,1.2678069245309116,0.8067862247014891,1.728827624360334,1.1525517495735562,0.6915310497441336,1.0372965746162006,1.0372965746162006,0.23051034991471117,0.6915310497441336,1.2678069245309116,0.46102069982942234,1.2678069245309116,0.6915310497441336,1.0372965746162006,1.1525517495735562,1.2678069245309116,1.8440827993176894,1.3830620994882672,1.3830620994882672,0.46102069982942234,0.9220413996588447,0.23051034991471117,0.8067862247014891,0.3457655248720668,0.5762758747867781,0.11525517495735559,0.11525517495735559,0.46102069982942234,0.3457655248720668,0.46102069982942234,0.23051034991471117,0.8067862247014891,0.3457655248720668,0.8067862247014891,0.8067862247014891,1.8440827993176894,1.2678069245309116,0.46102069982942234,0.5762758747867781,0.3457655248720668,0.8067862247014891,0.6915310497441336,0.46102069982942234,0.23051034991471117,0.46102069982942234,0.46102069982942234,0.5762758747867781,0.9220413996588447,0.23051034991471117,1.0372965746162006,0.8067862247014891,0.6915310497441336,0.8067862247014891,0.9220413996588447,0.8067862247014891,0.3457655248720668,0.46102069982942234,0.3457655248720668,0.11525517495735559,0.23051034991471117,0.3457655248720668,0.3457655248720668,0.46102069982942234,0.6915310497441336,0.3457655248720668,0.11525517495735559,0.5762758747867781,0.46102069982942234,0.46102069982942234,0.6915310497441336,0.5762758747867781,0.46102069982942234,0.9220413996588447,0.5762758747867781,0.8067862247014891,1.0372965746162006,0.23051034991471117,0.5762758747867781,0.5762758747867781,0.6915310497441336,0.46102069982942234,0.8067862247014891,0.3457655248720668,1.1525517495735562,1.0372965746162006,0.5762758747867781,0.23051034991471117,0.23051034991471117,0.9220413996588447,0.46102069982942234,0.8067862247014891,0.3457655248720668,0.5762758747867781,0.5762758747867781,0.6915310497441336,0.5762758747867781,0.46102069982942234,0.5762758747867781,0.46102069982942234,1.1525517495735562,1.2678069245309116,0.6915310497441336,0.5762758747867781,0.8067862247014891,0.11525517495735559,1.0372965746162006,0.46102069982942234,0.9220413996588447,0.6915310497441336,0.6915310497441336,0.3457655248720668,0.6915310497441336,0.8067862247014891,0.9220413996588447,0.6915310497441336,0.9220413996588447,0.3457655248720668,0.6915310497441336,0.3457655248720668,1.1525517495735562,0.5762758747867781,0.46102069982942234,0.6915310497441336,0.23051034991471117,0.9220413996588447,0.9220413996588447,0.46102069982942234,0.8067862247014891,0.8067862247014891,0.6915310497441336,0.0,0.46102069982942234,0.3457655248720668,0.6915310497441336,0.5762758747867781,0.46102069982942234,0.9220413996588447,0.5762758747867781,0.6915310497441336,,,,,,,,,,,,,,,,,,,,,,,,,,,,,,,,,,,
,,,,,,,,,,,,,,,,,,,,,,,,,,,,0.8067862247014891,0.5762758747867781,0.8067862247014891,0.3457655248720668,0.3457655248720668,0.3457655248720668,0.46102069982942234,0.6915310497441336,0.6915310497441336,0.46102069982942234,0.3457655248720668,0.46102069982942234,0.3457655248720668,0.3457655248720668,0.6915310497441336,1.2678069245309116,0.6915310497441336,0.3457655248720668,0.8067862247014891,0.3457655248720668,0.3457655248720668,0.3457655248720668,0.5762758747867781,0.3457655248720668,1.0372965746162006,0.8067862247014891,0.46102069982942234,0.6915310497441336,0.6915310497441336,0.8067862247014891,0.5762758747867781,0.5762758747867781,0.6915310497441336,0.46102069982942234,0.8067862247014891,0.5762758747867781,1.3830620994882672,0.9220413996588447,0.5762758747867781,0.23051034991471117,0.46102069982942234,1.0372965746162006,1.0372965746162006,1.1525517495735562,1.4983172744456228,0.46102069982942234,0.3457655248720668,1.1525517495735562,0.9220413996588447,0.5762758747867781,0.6915310497441336,0.9220413996588447,0.9220413996588447,0.8067862247014891,0.46102069982942234,0.9220413996588447,1.3830620994882672,0.9220413996588447,0.6915310497441336,1.0372965746162006,0.23051034991471117,0.6915310497441336,0.46102069982942234,0.46102069982942234,0.6915310497441336,0.6915310497441336,0.8067862247014891,1.0372965746162006,1.6135724494029782,0.3457655248720668,1.728827624360334,1.0372965746162006,0.11525517495735559,0.3457655248720668,0.5762758747867781,0.46102069982942234,0.8067862247014891,0.3457655248720668,0.5762758747867781,0.46102069982942234,0.3457655248720668,0.5762758747867781,0.6915310497441336,0.5762758747867781,0.5762758747867781,0.6915310497441336,0.6915310497441336,1.9593379742750452,2.7661241989765344,2.7661241989765344,1.2678069245309116,0.9220413996588447,0.3457655248720668,1.1525517495735562,0.5762758747867781,0.46102069982942234,1.1525517495735562,0.23051034991471117,0.8067862247014891,0.6915310497441336,0.11525517495735559,0.23051034991471117,1.0372965746162006,0.3457655248720668,1.1525517495735562,0.46102069982942234,0.8067862247014891,0.46102069982942234,0.46102069982942234,0.5762758747867781,0.23051034991471117,0.46102069982942234,0.46102069982942234,0.5762758747867781,0.6915310497441336,0.46102069982942234,0.5762758747867781,0.6915310497441336,0.46102069982942234,0.3457655248720668,0.3457655248720668,0.5762758747867781,0.46102069982942234,0.6915310497441336,0.3457655248720668,0.5762758747867781,0.46102069982942234,0.6915310497441336,0.6915310497441336,0.8067862247014891,0.23051034991471117,0.5762758747867781,0.6915310497441336,0.9220413996588447,1.2678069245309116,0.46102069982942234,0.3457655248720668,0.46102069982942234,0.8067862247014891,1.0372965746162006,0.9220413996588447,0.46102069982942234,0.5762758747867781,0.46102069982942234,1.0372965746162006,0.46102069982942234,0.23051034991471117,0.23051034991471117,0.46102069982942234,0.46102069982942234,0.3457655248720668,0.5762758747867781,1.2678069245309116,0.5762758747867781,0.6915310497441336,0.9220413996588447,0.46102069982942234,0.3457655248720668,1.1525517495735562,0.3457655248720668,0.5762758747867781,0.46102069982942234,0.5762758747867781,1.0372965746162006,0.8067862247014891,0.6915310497441336,1.4983172744456228,0.3457655248720668,0.5762758747867781,0.46102069982942234,1.0372965746162006,0.8067862247014891,0.5762758747867781,1.1525517495735562,0.5762758747867781,1.0372965746162006,0.46102069982942234,0.3457655248720668,0.5762758747867781,0.5762758747867781,0.23051034991471117,0.3457655248720668,0.11525517495735559,0.5762758747867781,0.3457655248720668,0.6915310497441336,0.0,0.23051034991471117,0.46102069982942234,0.23051034991471117,0.23051034991471117,0.5762758747867781,0.6915310497441336,,,,,,,,,,,,,,,,,,,,,,,,,,,,,,,,,,,
,,,,,,,,,,,,,,,,,,,,,,,,,,,,0.46102069982942234,0.5762758747867781,0.8067862247014891,0.46102069982942234,0.11525517495735559,0.8067862247014891,0.6915310497441336,0.5762758747867781,0.6915310497441336,0.3457655248720668,1.0372965746162006,0.6915310497441336,0.8067862247014891,0.5762758747867781,0.46102069982942234,0.3457655248720668,0.23051034991471117,0.5762758747867781,0.6915310497441336,0.23051034991471117,0.5762758747867781,0.5762758747867781,0.46102069982942234,0.23051034991471117,1.1525517495735562,0.46102069982942234,0.6915310497441336,0.9220413996588447,1.0372965746162006,0.8067862247014891,0.3457655248720668,0.6915310497441336,1.0372965746162006,0.6915310497441336,0.9220413996588447,0.6915310497441336,0.23051034991471117,0.8067862247014891,0.46102069982942234,0.5762758747867781,0.3457655248720668,1.0372965746162006,0.9220413996588447,0.8067862247014891,1.3830620994882672,0.23051034991471117,0.9220413996588447,0.46102069982942234,0.46102069982942234,0.8067862247014891,0.6915310497441336,0.6915310497441336,0.6915310497441336,0.46102069982942234,0.6915310497441336,0.5762758747867781,0.9220413996588447,1.3830620994882672,1.1525517495735562,0.6915310497441336,0.6915310497441336,0.46102069982942234,1.0372965746162006,0.46102069982942234,0.9220413996588447,0.3457655248720668,1.2678069245309116,1.1525517495735562,1.728827624360334,1.8440827993176894,1.4983172744456228,0.6915310497441336,0.8067862247014891,0.23051034991471117,0.6915310497441336,0.23051034991471117,0.5762758747867781,0.23051034991471117,0.5762758747867781,0.46102069982942234,1.0372965746162006,0.23051034991471117,0.46102069982942234,0.11525517495735559,0.3457655248720668,0.5762758747867781,1.1525517495735562,1.6135724494029782,1.9593379742750452,2.3051034991471124,0.6915310497441336,0.23051034991471117,0.8067862247014891,0.23051034991471117,0.46102069982942234,0.3457655248720668,0.23051034991471117,0.5762758747867781,0.8067862247014891,0.5762758747867781,0.46102069982942234,0.3457655248720668,0.3457655248720668,0.9220413996588447,0.3457655248720668,0.6915310497441336,1.0372965746162006,0.6915310497441336,0.8067862247014891,0.46102069982942234,0.6915310497441336,0.23051034991471117,0.23051034991471117,0.23051034991471117,0.9220413996588447,0.46102069982942234,0.46102069982942234,0.46102069982942234,0.46102069982942234,0.6915310497441336,0.6915310497441336,0.46102069982942234,0.23051034991471117,0.3457655248720668,0.9220413996588447,0.6915310497441336,0.3457655248720668,1.0372965746162006,0.6915310497441336,0.9220413996588447,0.6915310497441336,0.11525517495735559,0.5762758747867781,0.46102069982942234,0.46102069982942234,0.3457655248720668,0.46102069982942234,0.46102069982942234,1.2678069245309116,0.11525517495735559,0.5762758747867781,0.5762758747867781,1.2678069245309116,0.5762758747867781,0.46102069982942234,1.4983172744456228,0.9220413996588447,0.8067862247014891,0.5762758747867781,0.46102069982942234,1.0372965746162006,0.5762758747867781,0.46102069982942234,1.0372965746162006,0.6915310497441336,0.8067862247014891,1.0372965746162006,1.0372965746162006,0.6915310497441336,0.5762758747867781,1.0372965746162006,1.0372965746162006,0.9220413996588447,0.9220413996588447,0.3457655248720668,1.1525517495735562,0.9220413996588447,0.9220413996588447,0.3457655248720668,0.5762758747867781,0.3457655248720668,0.6915310497441336,0.46102069982942234,0.6915310497441336,0.46102069982942234,0.46102069982942234,0.5762758747867781,0.5762758747867781,0.11525517495735559,0.3457655248720668,0.3457655248720668,0.5762758747867781,0.6915310497441336,0.5762758747867781,0.46102069982942234,0.23051034991471117,0.6915310497441336,0.5762758747867781,0.3457655248720668,0.6915310497441336,0.23051034991471117,0.8067862247014891,0.46102069982942234,,,,,,,,,,,,,,,,,,,,,,,,,,,,,,,,,,,
,,,,,,,,,,,,,,,,,,,,,,,,,,,,,0.5762758747867781,0.8067862247014891,0.6915310497441336,0.46102069982942234,1.0372965746162006,0.5762758747867781,0.0,0.3457655248720668,0.23051034991471117,0.6915310497441336,0.46102069982942234,0.5762758747867781,1.0372965746162006,0.46102069982942234,0.3457655248720668,0.3457655248720668,0.3457655248720668,0.46102069982942234,1.0372965746162006,0.46102069982942234,0.8067862247014891,0.6915310497441336,0.46102069982942234,0.8067862247014891,0.3457655248720668,0.23051034991471117,0.5762758747867781,0.6915310497441336,1.3830620994882672,0.5762758747867781,0.8067862247014891,0.9220413996588447,0.3457655248720668,0.8067862247014891,1.2678069245309116,0.3457655248720668,0.5762758747867781,0.11525517495735559,0.11525517495735559,0.8067862247014891,1.2678069245309116,1.3830620994882672,0.9220413996588447,0.5762758747867781,0.8067862247014891,1.0372965746162006,0.5762758747867781,0.8067862247014891,0.46102069982942234,0.8067862247014891,1.0372965746162006,0.5762758747867781,1.3830620994882672,0.5762758747867781,0.5762758747867781,0.9220413996588447,1.4983172744456228,0.5762758747867781,1.0372965746162006,0.6915310497441336,0.5762758747867781,0.6915310497441336,0.8067862247014891,0.6915310497441336,0.8067862247014891,1.4983172744456228,0.9220413996588447,1.3830620994882672,0.5762758747867781,0.9220413996588447,0.11525517495735559,0.5762758747867781,0.5762758747867781,0.3457655248720668,0.5762758747867781,0.3457655248720668,0.5762758747867781,0.46102069982942234,0.6915310497441336,0.11525517495735559,0.6915310497441336,0.46102069982942234,0.9220413996588447,0.6915310497441336,0.0,0.23051034991471117,0.6915310497441336,0.5762758747867781,1.3830620994882672,0.5762758747867781,1.2678069245309116,0.11525517495735559,0.46102069982942234,0.6915310497441336,0.11525517495735559,0.46102069982942234,0.3457655248720668,0.3457655248720668,0.46102069982942234,0.46102069982942234,0.11525517495735559,0.3457655248720668,0.23051034991471117,0.46102069982942234,0.9220413996588447,0.46102069982942234,0.3457655248720668,0.23051034991471117,0.23051034991471117,0.23051034991471117,0.23051034991471117,0.3457655248720668,0.6915310497441336,0.8067862247014891,0.3457655248720668,0.9220413996588447,0.46102069982942234,0.46102069982942234,0.6915310497441336,0.6915310497441336,0.5762758747867781,0.6915310497441336,0.5762758747867781,0.46102069982942234,0.6915310497441336,0.6915310497441336,0.5762758747867781,0.8067862247014891,0.23051034991471117,0.9220413996588447,0.9220413996588447,0.6915310497441336,0.46102069982942234,0.6915310497441336,0.9220413996588447,0.6915310497441336,0.46102069982942234,0.8067862247014891,0.8067862247014891,0.46102069982942234,0.46102069982942234,0.9220413996588447,0.8067862247014891,1.1525517495735562,0.6915310497441336,1.2678069245309116,0.5762758747867781,0.46102069982942234,1.0372965746162006,0.8067862247014891,1.3830620994882672,0.8067862247014891,0.9220413996588447,0.8067862247014891,0.6915310497441336,0.46102069982942234,0.9220413996588447,0.8067862247014891,0.8067862247014891,0.11525517495735559,1.0372965746162006,0.6915310497441336,0.46102069982942234,1.3830620994882672,0.5762758747867781,0.6915310497441336,1.0372965746162006,0.9220413996588447,0.46102069982942234,0.8067862247014891,0.6915310497441336,0.9220413996588447,0.8067862247014891,0.3457655248720668,0.6915310497441336,0.5762758747867781,0.5762758747867781,0.8067862247014891,0.6915310497441336,0.5762758747867781,0.6915310497441336,0.5762758747867781,0.6915310497441336,0.6915310497441336,0.8067862247014891,0.5762758747867781,0.9220413996588447,0.6915310497441336,1.1525517495735562,0.5762758747867781,0.46102069982942234,0.5762758747867781,,,,,,,,,,,,,,,,,,,,,,,,,,,,,,,,,,,
,,,,,,,,,,,,,,,,,,,,,,,,,,,,,,0.46102069982942234,0.6915310497441336,0.23051034991471117,0.46102069982942234,0.11525517495735559,0.5762758747867781,0.46102069982942234,0.46102069982942234,0.9220413996588447,0.46102069982942234,0.8067862247014891,0.46102069982942234,0.46102069982942234,0.3457655248720668,0.5762758747867781,0.3457655248720668,0.46102069982942234,1.2678069245309116,0.11525517495735559,0.5762758747867781,0.5762758747867781,0.23051034991471117,0.6915310497441336,0.8067862247014891,0.5762758747867781,0.3457655248720668,0.8067862247014891,0.3457655248720668,0.46102069982942234,0.23051034991471117,0.46102069982942234,0.0,0.46102069982942234,0.11525517495735559,0.46102069982942234,0.5762758747867781,0.46102069982942234,0.46102069982942234,0.5762758747867781,0.6915310497441336,0.3457655248720668,0.6915310497441336,0.8067862247014891,1.2678069245309116,0.9220413996588447,2.1898483241897564,1.6135724494029782,1.2678069245309116,0.9220413996588447,0.8067862247014891,0.9220413996588447,0.5762758747867781,1.1525517495735562,1.2678069245309116,1.8440827993176894,0.8067862247014891,0.9220413996588447,0.5762758747867781,0.8067862247014891,0.3457655248720668,0.6915310497441336,0.5762758747867781,0.8067862247014891,1.0372965746162006,1.4983172744456228,1.728827624360334,0.9220413996588447,0.5762758747867781,1.1525517495735562,0.3457655248720668,0.3457655248720668,0.46102069982942234,0.46102069982942234,0.11525517495735559,0.9220413996588447,0.46102069982942234,0.23051034991471117,0.0,0.11525517495735559,0.6915310497441336,0.6915310497441336,0.11525517495735559,0.11525517495735559,0.5762758747867781,0.46102069982942234,0.23051034991471117,0.46102069982942234,1.4983172744456228,0.3457655248720668,0.23051034991471117,0.11525517495735559,0.23051034991471117,0.46102069982942234,0.0,0.23051034991471117,0.3457655248720668,0.46102069982942234,0.3457655248720668,0.9220413996588447,0.46102069982942234,0.23051034991471117,0.3457655248720668,0.3457655248720668,0.46102069982942234,0.46102069982942234,0.8067862247014891,0.5762758747867781,0.8067862247014891,0.46102069982942234,1.1525517495735562,0.6915310497441336,0.9220413996588447,0.9220413996588447,0.3457655248720668,0.23051034991471117,0.6915310497441336,0.6915310497441336,0.23051034991471117,0.46102069982942234,0.5762758747867781,0.46102069982942234,0.3457655248720668,1.0372965746162006,0.6915310497441336,0.3457655248720668,0.3457655248720668,0.5762758747867781,1.2678069245309116,0.6915310497441336,0.3457655248720668,0.6915310497441336,1.0372965746162006,0.46102069982942234,1.0372965746162006,0.8067862247014891,0.5762758747867781,1.1525517495735562,0.8067862247014891,1.0372965746162006,0.8067862247014891,0.8067862247014891,0.8067862247014891,0.46102069982942234,1.0372965746162006,0.23051034991471117,0.6915310497441336,1.0372965746162006,0.8067862247014891,0.6915310497441336,0.5762758747867781,1.728827624360334,1.8440827993176894,0.3457655248720668,0.46102069982942234,0.8067862247014891,0.46102069982942234,0.3457655248720668,1.2678069245309116,0.6915310497441336,0.9220413996588447,0.46102069982942234,0.46102069982942234,0.8067862247014891,0.23051034991471117,0.8067862247014891,1.0372965746162006,0.5762758747867781,0.9220413996588447,0.5762758747867781,0.9220413996588447,0.8067862247014891,0.5762758747867781,0.0,0.5762758747867781,0.46102069982942234,0.46102069982942234,0.9220413996588447,0.6915310497441336,0.5762758747867781,1.0372965746162006,0.5762758747867781,0.5762758747867781,0.6915310497441336,0.3457655248720668,0.9220413996588447,0.6915310497441336,0.46102069982942234,0.46102069982942234,0.6915310497441336,0.5762758747867781,0.9220413996588447,,,,,,,,,,,,,,,,,,,,,,,,,,,,,,,,,,,
,,,,,,,,,,,,,,,,,,,,,,,,,,,,,,,0.6915310497441336,0.8067862247014891,0.9220413996588447,0.9220413996588447,0.5762758747867781,0.5762758747867781,0.5762758747867781,1.0372965746162006,0.6915310497441336,0.9220413996588447,0.8067862247014891,0.6915310497441336,0.9220413996588447,0.8067862247014891,0.3457655248720668,0.9220413996588447,0.3457655248720668,0.23051034991471117,0.46102069982942234,1.0372965746162006,1.0372965746162006,0.6915310497441336,0.5762758747867781,0.46102069982942234,0.5762758747867781,1.4983172744456228,0.5762758747867781,0.3457655248720668,0.6915310497441336,0.6915310497441336,0.23051034991471117,0.46102069982942234,0.6915310497441336,0.5762758747867781,0.8067862247014891,0.46102069982942234,0.6915310497441336,0.46102069982942234,0.6915310497441336,1.2678069245309116,0.8067862247014891,0.6915310497441336,1.2678069245309116,0.5762758747867781,0.9220413996588447,0.5762758747867781,1.1525517495735562,0.6915310497441336,0.5762758747867781,1.2678069245309116,1.4983172744456228,1.4983172744456228,0.46102069982942234,0.8067862247014891,0.9220413996588447,1.0372965746162006,0.5762758747867781,0.6915310497441336,0.9220413996588447,0.3457655248720668,0.6915310497441336,1.1525517495735562,0.9220413996588447,1.0372965746162006,1.6135724494029782,0.6915310497441336,0.46102069982942234,0.11525517495735559,0.5762758747867781,0.0,0.23051034991471117,0.46102069982942234,0.6915310497441336,0.3457655248720668,0.9220413996588447,0.3457655248720668,0.46102069982942234,0.5762758747867781,0.11525517495735559,0.0,0.3457655248720668,0.23051034991471117,0.5762758747867781,0.3457655248720668,0.11525517495735559,0.3457655248720668,0.8067862247014891,0.11525517495735559,0.5762758747867781,0.6915310497441336,0.46102069982942234,0.3457655248720668,0.6915310497441336,0.3457655248720668,0.3457655248720668,0.0,0.8067862247014891,0.46102069982942234,0.5762758747867781,0.5762758747867781,0.6915310497441336,0.23051034991471117,0.8067862247014891,0.8067862247014891,0.46102069982942234,1.0372965746162006,0.3457655248720668,0.46102069982942234,0.5762758747867781,0.3457655248720668,0.11525517495735559,0.3457655248720668,0.8067862247014891,0.11525517495735559,0.8067862247014891,0.6915310497441336,0.8067862247014891,0.6915310497441336,0.46102069982942234,0.46102069982942234,0.46102069982942234,0.23051034991471117,0.46102069982942234,0.8067862247014891,0.8067862247014891,0.11525517495735559,0.6915310497441336,0.8067862247014891,0.9220413996588447,0.9220413996588447,0.3457655248720668,0.8067862247014891,0.23051034991471117,0.8067862247014891,0.6915310497441336,0.6915310497441336,0.8067862247014891,1.3830620994882672,1.0372965746162006,1.3830620994882672,0.5762758747867781,0.6915310497441336,0.6915310497441336,0.46102069982942234,0.0,0.3457655248720668,0.9220413996588447,1.1525517495735562,0.5762758747867781,0.8067862247014891,1.3830620994882672,0.6915310497441336,0.9220413996588447,0.8067862247014891,0.5762758747867781,0.5762758747867781,0.46102069982942234,0.46102069982942234,0.9220413996588447,0.46102069982942234,0.3457655248720668,0.23051034991471117,0.46102069982942234,0.9220413996588447,0.6915310497441336,0.9220413996588447,0.3457655248720668,0.8067862247014891,0.9220413996588447,0.5762758747867781,0.46102069982942234,0.3457655248720668,0.11525517495735559,0.3457655248720668,0.5762758747867781,0.11525517495735559,0.9220413996588447,0.8067862247014891,0.6915310497441336,0.3457655248720668,1.0372965746162006,1.0372965746162006,0.3457655248720668,0.6915310497441336,0.5762758747867781,1.2678069245309116,0.23051034991471117,0.6915310497441336,0.23051034991471117,0.8067862247014891,,,,,,,,,,,,,,,,,,,,,,,,,,,,,,,,,,,
,,,,,,,,,,,,,,,,,,,,,,,,,,,,,,,,0.8067862247014891,0.5762758747867781,0.8067862247014891,1.0372965746162006,1.1525517495735562,0.6915310497441336,0.8067862247014891,0.8067862247014891,0.9220413996588447,0.8067862247014891,1.0372965746162006,0.8067862247014891,0.5762758747867781,0.23051034991471117,0.6915310497441336,0.6915310497441336,0.46102069982942234,0.3457655248720668,0.8067862247014891,0.9220413996588447,0.3457655248720668,0.8067862247014891,0.46102069982942234,0.46102069982942234,0.46102069982942234,0.5762758747867781,0.5762758747867781,0.5762758747867781,0.46102069982942234,0.8067862247014891,0.3457655248720668,0.46102069982942234,0.3457655248720668,0.46102069982942234,0.23051034991471117,0.5762758747867781,0.46102069982942234,0.5762758747867781,0.8067862247014891,0.6915310497441336,0.46102069982942234,0.11525517495735559,0.6915310497441336,0.6915310497441336,0.8067862247014891,0.8067862247014891,1.2678069245309116,0.46102069982942234,1.4983172744456228,0.8067862247014891,1.4983172744456228,0.6915310497441336,1.4983172744456228,0.8067862247014891,1.1525517495735562,0.46102069982942234,0.23051034991471117,0.9220413996588447,1.0372965746162006,0.46102069982942234,0.46102069982942234,0.6915310497441336,0.8067862247014891,1.0372965746162006,0.6915310497441336,0.23051034991471117,0.3457655248720668,0.46102069982942234,0.23051034991471117,0.3457655248720668,0.3457655248720668,0.5762758747867781,0.5762758747867781,0.5762758747867781,0.3457655248720668,0.9220413996588447,0.5762758747867781,0.23051034991471117,0.46102069982942234,0.0,0.5762758747867781,0.5762758747867781,0.46102069982942234,0.9220413996588447,0.5762758747867781,0.3457655248720668,0.5762758747867781,0.6915310497441336,0.23051034991471117,0.46102069982942234,0.46102069982942234,0.46102069982942234,0.3457655248720668,0.46102069982942234,0.11525517495735559,0.5762758747867781,0.5762758747867781,0.6915310497441336,0.8067862247014891,0.5762758747867781,0.6915310497441336,0.46102069982942234,0.5762758747867781,0.6915310497441336,0.46102069982942234,0.23051034991471117,0.46102069982942234,0.6915310497441336,0.46102069982942234,0.23051034991471117,0.11525517495735559,0.3457655248720668,0.6915310497441336,0.46102069982942234,0.6915310497441336,0.46102069982942234,0.23051034991471117,0.5762758747867781,0.46102069982942234,0.3457655248720668,0.46102069982942234,0.8067862247014891,0.11525517495735559,0.46102069982942234,0.3457655248720668,0.6915310497441336,0.8067862247014891,0.3457655248720668,1.1525517495735562,0.0,0.46102069982942234,0.46102069982942234,0.23051034991471117,1.2678069245309116,0.46102069982942234,1.3830620994882672,0.5762758747867781,0.46102069982942234,0.23051034991471117,0.6915310497441336,0.46102069982942234,0.3457655248720668,1.1525517495735562,0.3457655248720668,0.6915310497441336,0.6915310497441336,0.8067862247014891,0.46102069982942234,1.2678069245309116,1.0372965746162006,0.6915310497441336,0.5762758747867781,0.8067862247014891,0.46102069982942234,1.1525517495735562,0.23051034991471117,0.6915310497441336,0.5762758747867781,0.3457655248720668,0.6915310497441336,0.8067862247014891,0.8067862247014891,0.11525517495735559,0.8067862247014891,1.0372965746162006,0.6915310497441336,0.23051034991471117,0.6915310497441336,0.8067862247014891,1.1525517495735562,0.46102069982942234,0.5762758747867781,0.5762758747867781,0.46102069982942234,0.8067862247014891,0.8067862247014891,0.5762758747867781,0.3457655248720668,0.46102069982942234,0.46102069982942234,0.11525517495735559,0.3457655248720668,0.3457655248720668,0.6915310497441336,0.5762758747867781,0.46102069982942234,0.6915310497441336,0.6915310497441336,,,,,,,,,,,,,,,,,,,,,,,,,,,,,,,,,,,,
,,,,,,,,,,,,,,,,,,,,,,,,,,,,,,,,0.3457655248720668,0.6915310497441336,0.3457655248720668,0.3457655248720668,0.46102069982942234,1.2678069245309116,0.11525517495735559,0.46102069982942234,0.8067862247014891,0.9220413996588447,0.3457655248720668,0.5762758747867781,0.6915310497441336,0.46102069982942234,0.5762758747867781,0.6915310497441336,0.8067862247014891,0.5762758747867781,0.5762758747867781,0.3457655248720668,0.8067862247014891,0.6915310497441336,0.46102069982942234,0.0,0.3457655248720668,0.46102069982942234,0.9220413996588447,0.8067862247014891,0.8067862247014891,0.5762758747867781,0.5762758747867781,0.23051034991471117,0.5762758747867781,0.6915310497441336,0.6915310497441336,0.6915310497441336,0.8067862247014891,0.9220413996588447,0.6915310497441336,0.9220413996588447,1.2678069245309116,0.6915310497441336,0.5762758747867781,0.5762758747867781,0.46102069982942234,0.6915310497441336,0.5762758747867781,1.1525517495735562,0.9220413996588447,1.1525517495735562,1.0372965746162006,1.728827624360334,0.9220413996588447,1.1525517495735562,0.8067862247014891,0.9220413996588447,0.5762758747867781,0.9220413996588447,0.5762758747867781,1.3830620994882672,0.8067862247014891,0.3457655248720668,0.23051034991471117,0.5762758747867781,0.46102069982942234,0.23051034991471117,0.3457655248720668,0.3457655248720668,0.46102069982942234,0.9220413996588447,0.8067862247014891,0.3457655248720668,0.46102069982942234,0.46102069982942234,0.3457655248720668,0.9220413996588447,0.23051034991471117,0.3457655248720668,0.11525517495735559,0.6915310497441336,0.11525517495735559,0.0,0.23051034991471117,0.6915310497441336,0.46102069982942234,0.0,0.23051034991471117,0.46102069982942234,0.3457655248720668,0.8067862247014891,0.46102069982942234,0.6915310497441336,0.0,0.3457655248720668,0.46102069982942234,0.46102069982942234,0.46102069982942234,0.6915310497441336,0.6915310497441336,0.46102069982942234,0.6915310497441336,0.46102069982942234,0.5762758747867781,1.0372965746162006,0.46102069982942234,0.3457655248720668,0.23051034991471117,0.23051034991471117,0.5762758747867781,0.23051034991471117,0.23051034991471117,0.3457655248720668,0.46102069982942234,0.46102069982942234,0.5762758747867781,0.6915310497441336,0.46102069982942234,0.8067862247014891,0.8067862247014891,0.11525517495735559,0.46102069982942234,0.46102069982942234,0.5762758747867781,0.3457655248720668,0.3457655248720668,0.5762758747867781,0.9220413996588447,0.9220413996588447,0.6915310497441336,0.23051034991471117,0.3457655248720668,0.3457655248720668,1.2678069245309116,0.0,1.0372965746162006,1.2678069245309116,1.2678069245309116,0.46102069982942234,0.46102069982942234,0.6915310497441336,0.46102069982942234,1.1525517495735562,0.46102069982942234,0.5762758747867781,0.9220413996588447,1.0372965746162006,0.46102069982942234,0.5762758747867781,0.6915310497441336,0.8067862247014891,1.2678069245309116,0.6915310497441336,0.6915310497441336,0.46102069982942234,0.6915310497441336,1.0372965746162006,0.5762758747867781,0.46102069982942234,0.46102069982942234,0.9220413996588447,1.3830620994882672,0.8067862247014891,0.3457655248720668,0.46102069982942234,0.46102069982942234,0.46102069982942234,0.5762758747867781,0.8067862247014891,0.11525517495735559,0.5762758747867781,0.5762758747867781,1.0372965746162006,0.5762758747867781,0.23051034991471117,0.5762758747867781,0.3457655248720668,0.23051034991471117,0.8067862247014891,0.23051034991471117,0.5762758747867781,0.6915310497441336,0.3457655248720668,0.46102069982942234,0.9220413996588447,0.8067862247014891,0.6915310497441336,0.3457655248720668,0.9220413996588447,,,,,,,,,,,,,,,,,,,,,,,,,,,,,,,,,,,,
,,,,,,,,,,,,,,,,,,,,,,,,,,,,,,,,,,,0.8067862247014891,0.46102069982942234,0.6915310497441336,1.0372965746162006,0.8067862247014891,0.46102069982942234,0.8067862247014891,0.5762758747867781,0.3457655248720668,0.9220413996588447,0.8067862247014891,0.6915310497441336,1.0372965746162006,0.5762758747867781,0.9220413996588447,0.23051034991471117,0.3457655248720668,0.6915310497441336,0.46102069982942234,0.3457655248720668,0.23051034991471117,0.46102069982942234,0.6915310497441336,0.6915310497441336,0.5762758747867781,0.6915310497441336,0.9220413996588447,0.23051034991471117,0.46102069982942234,0.9220413996588447,0.9220413996588447,1.3830620994882672,0.5762758747867781,0.46102069982942234,1.2678069245309116,0.8067862247014891,0.8067862247014891,0.6915310497441336,0.5762758747867781,1.1525517495735562,0.6915310497441336,1.1525517495735562,0.46102069982942234,0.6915310497441336,1.0372965746162006,0.8067862247014891,0.9220413996588447,1.1525517495735562,1.8440827993176894,1.1525517495735562,1.728827624360334,1.8440827993176894,0.5762758747867781,1.2678069245309116,0.23051034991471117,0.5762758747867781,0.9220413996588447,0.23051034991471117,0.8067862247014891,0.23051034991471117,0.8067862247014891,0.3457655248720668,0.3457655248720668,0.23051034991471117,0.3457655248720668,0.46102069982942234,0.9220413996588447,0.3457655248720668,0.11525517495735559,0.23051034991471117,0.23051034991471117,0.23051034991471117,0.5762758747867781,0.3457655248720668,0.11525517495735559,0.46102069982942234,0.9220413996588447,0.23051034991471117,0.46102069982942234,0.8067862247014891,0.3457655248720668,0.46102069982942234,0.11525517495735559,0.5762758747867781,0.46102069982942234,0.46102069982942234,0.23051034991471117,0.5762758747867781,0.5762758747867781,0.3457655248720668,0.46102069982942234,1.0372965746162006,0.46102069982942234,1.1525517495735562,0.5762758747867781,0.5762758747867781,0.5762758747867781,0.3457655248720668,0.23051034991471117,0.3457655248720668,0.11525517495735559,0.3457655248720668,0.5762758747867781,0.3457655248720668,0.5762758747867781,0.6915310497441336,0.11525517495735559,0.5762758747867781,0.6915310497441336,0.3457655248720668,0.46102069982942234,0.6915310497441336,0.11525517495735559,0.5762758747867781,0.23051034991471117,0.5762758747867781,0.5762758747867781,0.8067862247014891,0.46102069982942234,0.23051034991471117,0.9220413996588447,0.5762758747867781,0.6915310497441336,0.6915310497441336,1.0372965746162006,0.46102069982942234,0.8067862247014891,0.23051034991471117,0.46102069982942234,0.8067862247014891,0.6915310497441336,1.0372965746162006,0.46102069982942234,0.46102069982942234,0.6915310497441336,0.8067862247014891,0.5762758747867781,0.9220413996588447,0.46102069982942234,0.8067862247014891,0.9220413996588447,0.6915310497441336,1.4983172744456228,1.1525517495735562,0.9220413996588447,0.8067862247014891,1.1525517495735562,0.9220413996588447,0.6915310497441336,0.6915310497441336,0.6915310497441336,0.46102069982942234,0.46102069982942234,0.3457655248720668,0.8067862247014891,0.3457655248720668,0.3457655248720668,0.9220413996588447,0.5762758747867781,0.11525517495735559,0.5762758747867781,0.46102069982942234,0.23051034991471117,0.6915310497441336,0.5762758747867781,0.46102069982942234,1.3830620994882672,0.23051034991471117,0.46102069982942234,0.5762758747867781,0.8067862247014891,0.8067862247014891,0.5762758747867781,0.3457655248720668,0.3457655248720668,0.46102069982942234,0.6915310497441336,1.0372965746162006,0.6915310497441336,0.11525517495735559,0.3457655248720668,0.5762758747867781,0.8067862247014891,0.46102069982942234,,,,,,,,,,,,,,,,,,,,,,,,,,,,,,,,,,,,,
,,,,,,,,,,,,,,,,,,,,,,,,,,,,,,,,,,,,0.8067862247014891,0.46102069982942234,0.6915310497441336,0.6915310497441336,0.46102069982942234,0.5762758747867781,0.46102069982942234,0.8067862247014891,0.46102069982942234,0.9220413996588447,0.8067862247014891,0.23051034991471117,0.23051034991471117,0.3457655248720668,0.5762758747867781,0.46102069982942234,0.8067862247014891,0.46102069982942234,0.8067862247014891,1.1525517495735562,0.5762758747867781,0.5762758747867781,0.23051034991471117,0.6915310497441336,1.3830620994882672,0.9220413996588447,0.46102069982942234,0.23051034991471117,0.5762758747867781,0.5762758747867781,0.23051034991471117,1.1525517495735562,0.6915310497441336,0.6915310497441336,0.5762758747867781,0.23051034991471117,0.23051034991471117,0.46102069982942234,0.5762758747867781,0.6915310497441336,0.6915310497441336,0.6915310497441336,0.46102069982942234,0.9220413996588447,1.0372965746162006,0.8067862247014891,1.1525517495735562,1.4983172744456228,1.0372965746162006,1.3830620994882672,0.8067862247014891,0.8067862247014891,0.6915310497441336,0.46102069982942234,0.5762758747867781,0.8067862247014891,1.0372965746162006,0.23051034991471117,0.6915310497441336,0.5762758747867781,0.3457655248720668,0.46102069982942234,0.46102069982942234,0.8067862247014891,0.6915310497441336,0.23051034991471117,0.6915310497441336,0.11525517495735559,0.5762758747867781,0.8067862247014891,0.6915310497441336,1.0372965746162006,0.3457655248720668,0.5762758747867781,0.46102069982942234,0.8067862247014891,0.11525517495735559,0.6915310497441336,0.9220413996588447,1.0372965746162006,0.3457655248720668,0.6915310497441336,0.11525517495735559,0.8067862247014891,0.6915310497441336,0.3457655248720668,0.5762758747867781,0.46102069982942234,1.0372965746162006,0.23051034991471117,0.46102069982942234,0.3457655248720668,0.9220413996588447,1.1525517495735562,0.5762758747867781,0.5762758747867781,0.5762758747867781,1.0372965746162006,0.3457655248720668,0.6915310497441336,0.3457655248720668,0.6915310497441336,1.0372965746162006,0.9220413996588447,0.5762758747867781,0.23051034991471117,0.6915310497441336,0.46102069982942234,0.5762758747867781,0.46102069982942234,0.8067862247014891,0.23051034991471117,0.5762758747867781,0.6915310497441336,0.9220413996588447,0.9220413996588447,0.0,0.9220413996588447,0.5762758747867781,0.6915310497441336,1.0372965746162006,0.8067862247014891,1.0372965746162006,0.8067862247014891,0.11525517495735559,0.8067862247014891,0.5762758747867781,0.5762758747867781,0.3457655248720668,0.23051034991471117,0.3457655248720668,0.23051034991471117,0.9220413996588447,0.9220413996588447,0.9220413996588447,0.8067862247014891,0.8067862247014891,0.23051034991471117,0.3457655248720668,0.6915310497441336,1.0372965746162006,0.5762758747867781,0.5762758747867781,0.46102069982942234,0.9220413996588447,0.8067862247014891,0.3457655248720668,0.9220413996588447,1.0372965746162006,0.5762758747867781,0.23051034991471117,1.1525517495735562,0.5762758747867781,0.5762758747867781,0.6915310497441336,0.6915310497441336,0.6915310497441336,0.3457655248720668,0.6915310497441336,0.9220413996588447,0.46102069982942234,0.3457655248720668,0.8067862247014891,0.46102069982942234,0.0,0.6915310497441336,0.6915310497441336,0.6915310497441336,0.6915310497441336,0.5762758747867781,0.23051034991471117,0.46102069982942234,0.8067862247014891,0.6915310497441336,0.8067862247014891,0.3457655248720668,0.5762758747867781,0.11525517495735559,0.11525517495735559,0.3457655248720668,0.3457655248720668,0.11525517495735559,1.0372965746162006,,,,,,,,,,,,,,,,,,,,,,,,,,,,,,,,,,,,,
,,,,,,,,,,,,,,,,,,,,,,,,,,,,,,,,,,,,0.5762758747867781,0.46102069982942234,0.23051034991471117,0.6915310497441336,0.8067862247014891,0.3457655248720668,1.0372965746162006,0.5762758747867781,0.46102069982942234,0.6915310497441336,0.8067862247014891,0.46102069982942234,0.46102069982942234,0.5762758747867781,0.46102069982942234,0.6915310497441336,0.5762758747867781,0.23051034991471117,0.6915310497441336,1.0372965746162006,0.5762758747867781,0.6915310497441336,0.5762758747867781,0.6915310497441336,0.23051034991471117,0.23051034991471117,0.3457655248720668,0.46102069982942234,0.3457655248720668,0.23051034991471117,0.8067862247014891,0.46102069982942234,0.8067862247014891,0.8067862247014891,0.9220413996588447,0.46102069982942234,0.3457655248720668,0.0,0.9220413996588447,1.0372965746162006,0.6915310497441336,0.5762758747867781,0.6915310497441336,0.9220413996588447,1.4983172744456228,1.3830620994882672,1.1525517495735562,1.0372965746162006,0.9220413996588447,0.8067862247014891,0.6915310497441336,0.9220413996588447,0.5762758747867781,0.8067862247014891,1.6135724494029782,0.23051034991471117,0.3457655248720668,0.8067862247014891,0.3457655248720668,0.6915310497441336,0.46102069982942234,0.46102069982942234,0.46102069982942234,0.6915310497441336,0.46102069982942234,0.3457655248720668,0.46102069982942234,0.23051034991471117,0.6915310497441336,0.6915310497441336,0.9220413996588447,0.8067862247014891,0.0,0.5762758747867781,0.8067862247014891,0.9220413996588447,0.46102069982942234,0.3457655248720668,0.46102069982942234,0.46102069982942234,0.0,0.3457655248720668,0.23051034991471117,0.6915310497441336,0.3457655248720668,0.11525517495735559,0.3457655248720668,0.46102069982942234,0.3457655248720668,0.6915310497441336,0.5762758747867781,1.0372965746162006,1.4983172744456228,0.6915310497441336,1.1525517495735562,0.6915310497441336,0.5762758747867781,0.46102069982942234,0.6915310497441336,0.5762758747867781,0.9220413996588447,0.46102069982942234,0.5762758747867781,0.6915310497441336,0.46102069982942234,0.23051034991471117,0.6915310497441336,0.46102069982942234,0.46102069982942234,0.8067862247014891,0.8067862247014891,0.23051034991471117,0.3457655248720668,0.46102069982942234,0.6915310497441336,0.6915310497441336,0.6915310497441336,0.9220413996588447,0.5762758747867781,0.9220413996588447,1.4983172744456228,1.0372965746162006,0.5762758747867781,0.8067862247014891,0.8067862247014891,0.5762758747867781,0.3457655248720668,0.6915310497441336,0.46102069982942234,0.46102069982942234,0.46102069982942234,0.6915310497441336,0.6915310497441336,1.0372965746162006,0.23051034991471117,0.46102069982942234,1.728827624360334,1.3830620994882672,0.6915310497441336,1.0372965746162006,0.5762758747867781,0.5762758747867781,0.8067862247014891,1.1525517495735562,0.23051034991471117,0.5762758747867781,0.8067862247014891,0.5762758747867781,0.46102069982942234,1.0372965746162006,0.6915310497441336,0.3457655248720668,0.5762758747867781,0.3457655248720668,1.0372965746162006,0.11525517495735559,0.5762758747867781,0.8067862247014891,0.8067862247014891,0.9220413996588447,0.3457655248720668,0.46102069982942234,0.23051034991471117,0.11525517495735559,0.46102069982942234,0.3457655248720668,0.46102069982942234,0.46102069982942234,0.8067862247014891,0.6915310497441336,0.23051034991471117,0.46102069982942234,1.2678069245309116,0.5762758747867781,0.46102069982942234,0.6915310497441336,0.9220413996588447,0.5762758747867781,0.6915310497441336,0.46102069982942234,0.5762758747867781,0.6915310497441336,0.3457655248720668,,,,,,,,,,,,,,,,,,,,,,,,,,,,,,,,,,,,,
,,,,,,,,,,,,,,,,,,,,,,,,,,,,,,,,,,,,,0.8067862247014891,0.6915310497441336,0.9220413996588447,0.9220413996588447,0.3457655248720668,0.46102069982942234,0.23051034991471117,0.23051034991471117,0.9220413996588447,0.46102069982942234,0.46102069982942234,0.9220413996588447,0.46102069982942234,0.6915310497441336,0.46102069982942234,0.5762758747867781,0.9220413996588447,0.46102069982942234,0.23051034991471117,1.1525517495735562,0.5762758747867781,0.46102069982942234,0.46102069982942234,0.9220413996588447,0.3457655248720668,0.11525517495735559,0.5762758747867781,0.8067862247014891,0.5762758747867781,0.9220413996588447,0.3457655248720668,0.6915310497441336,0.3457655248720668,1.0372965746162006,1.0372965746162006,0.9220413996588447,0.46102069982942234,0.8067862247014891,0.11525517495735559,0.8067862247014891,1.0372965746162006,0.8067862247014891,0.46102069982942234,1.3830620994882672,1.3830620994882672,1.0372965746162006,0.46102069982942234,0.8067862247014891,0.3457655248720668,0.5762758747867781,0.3457655248720668,0.6915310497441336,1.1525517495735562,1.0372965746162006,0.46102069982942234,0.3457655248720668,0.8067862247014891,1.0372965746162006,0.9220413996588447,0.3457655248720668,0.3457655248720668,0.5762758747867781,0.11525517495735559,0.3457655248720668,0.46102069982942234,0.9220413996588447,0.46102069982942234,0.5762758747867781,0.6915310497441336,0.9220413996588447,0.3457655248720668,0.3457655248720668,0.6915310497441336,0.46102069982942234,0.11525517495735559,0.3457655248720668,0.3457655248720668,0.5762758747867781,0.8067862247014891,0.23051034991471117,0.3457655248720668,0.5762758747867781,0.46102069982942234,0.3457655248720668,0.46102069982942234,0.23051034991471117,0.6915310497441336,0.9220413996588447,0.5762758747867781,0.3457655248720668,0.8067862247014891,1.3830620994882672,0.23051034991471117,0.46102069982942234,0.5762758747867781,0.5762758747867781,1.1525517495735562,0.3457655248720668,0.23051034991471117,0.5762758747867781,0.6915310497441336,0.5762758747867781,0.6915310497441336,0.6915310497441336,1.3830620994882672,0.5762758747867781,0.5762758747867781,0.5762758747867781,0.3457655248720668,0.46102069982942234,0.23051034991471117,0.46102069982942234,0.11525517495735559,0.5762758747867781,0.5762758747867781,1.0372965746162006,0.5762758747867781,1.0372965746162006,0.9220413996588447,0.9220413996588447,1.0372965746162006,0.9220413996588447,0.6915310497441336,0.23051034991471117,0.6915310497441336,0.23051034991471117,0.23051034991471117,0.6915310497441336,0.5762758747867781,0.5762758747867781,0.46102069982942234,0.9220413996588447,0.46102069982942234,0.9220413996588447,1.1525517495735562,1.0372965746162006,0.9220413996588447,0.5762758747867781,0.9220413996588447,0.46102069982942234,0.5762758747867781,0.6915310497441336,1.1525517495735562,0.5762758747867781,1.728827624360334,0.46102069982942234,0.5762758747867781,0.5762758747867781,0.3457655248720668,0.9220413996588447,0.6915310497441336,0.46102069982942234,0.5762758747867781,0.8067862247014891,0.9220413996588447,0.3457655248720668,0.6915310497441336,0.46102069982942234,0.5762758747867781,0.46102069982942234,0.23051034991471117,0.46102069982942234,1.1525517495735562,0.3457655248720668,0.9220413996588447,0.9220413996588447,0.8067862247014891,0.8067862247014891,0.5762758747867781,0.6915310497441336,0.6915310497441336,0.46102069982942234,0.6915310497441336,1.0372965746162006,0.5762758747867781,0.8067862247014891,1.2678069245309116,0.9220413996588447,0.8067862247014891,0.9220413996588447,0.5762758747867781,0.6915310497441336,,,,,,,,,,,,,,,,,,,,,,,,,,,,,,,,,,,,,
,,,,,,,,,,,,,,,,,,,,,,,,,,,,,,,,,,,,,0.9220413996588447,0.5762758747867781,0.8067862247014891,1.0372965746162006,0.23051034991471117,0.3457655248720668,0.9220413996588447,1.0372965746162006,0.46102069982942234,0.3457655248720668,0.23051034991471117,0.8067862247014891,0.23051034991471117,0.6915310497441336,0.3457655248720668,0.3457655248720668,0.3457655248720668,0.46102069982942234,0.23051034991471117,0.23051034991471117,0.5762758747867781,0.5762758747867781,0.46102069982942234,0.23051034991471117,0.9220413996588447,0.46102069982942234,0.46102069982942234,0.5762758747867781,0.46102069982942234,0.23051034991471117,0.3457655248720668,1.1525517495735562,0.3457655248720668,0.46102069982942234,0.9220413996588447,0.6915310497441336,0.6915310497441336,1.0372965746162006,1.0372965746162006,1.1525517495735562,0.6915310497441336,0.6915310497441336,0.6915310497441336,0.5762758747867781,1.0372965746162006,0.11525517495735559,0.8067862247014891,0.23051034991471117,0.8067862247014891,0.6915310497441336,0.9220413996588447,1.1525517495735562,0.6915310497441336,0.23051034991471117,0.3457655248720668,0.5762758747867781,0.3457655248720668,0.5762758747867781,0.6915310497441336,0.11525517495735559,1.0372965746162006,0.8067862247014891,0.5762758747867781,0.23051034991471117,0.5762758747867781,0.23051034991471117,0.5762758747867781,0.3457655248720668,0.3457655248720668,0.23051034991471117,0.5762758747867781,0.11525517495735559,0.3457655248720668,1.1525517495735562,0.3457655248720668,0.11525517495735559,0.5762758747867781,0.3457655248720668,0.46102069982942234,0.46102069982942234,0.8067862247014891,0.23051034991471117,0.3457655248720668,0.6915310497441336,0.3457655248720668,0.46102069982942234,0.9220413996588447,0.8067862247014891,0.46102069982942234,0.5762758747867781,0.11525517495735559,1.3830620994882672,0.46102069982942234,0.46102069982942234,0.46102069982942234,0.46102069982942234,0.3457655248720668,0.9220413996588447,0.11525517495735559,0.5762758747867781,0.5762758747867781,0.6915310497441336,0.5762758747867781,0.3457655248720668,0.23051034991471117,0.46102069982942234,0.8067862247014891,0.5762758747867781,0.6915310497441336,0.9220413996588447,0.46102069982942234,0.6915310497441336,0.8067862247014891,0.6915310497441336,0.23051034991471117,0.23051034991471117,0.5762758747867781,1.4983172744456228,0.6915310497441336,0.8067862247014891,0.6915310497441336,0.46102069982942234,0.23051034991471117,0.46102069982942234,0.5762758747867781,0.5762758747867781,0.5762758747867781,1.1525517495735562,0.5762758747867781,0.3457655248720668,0.6915310497441336,0.6915310497441336,0.3457655248720668,0.46102069982942234,1.2678069245309116,0.9220413996588447,0.8067862247014891,1.0372965746162006,1.2678069245309116,0.3457655248720668,1.8440827993176894,0.5762758747867781,0.9220413996588447,0.46102069982942234,0.6915310497441336,1.0372965746162006,0.8067862247014891,1.4983172744456228,1.1525517495735562,0.46102069982942234,0.6915310497441336,0.8067862247014891,0.3457655248720668,0.5762758747867781,0.3457655248720668,0.0,0.3457655248720668,0.46102069982942234,0.46102069982942234,0.9220413996588447,0.5762758747867781,0.6915310497441336,0.8067862247014891,0.5762758747867781,0.5762758747867781,1.0372965746162006,0.5762758747867781,0.46102069982942234,0.5762758747867781,0.6915310497441336,0.23051034991471117,0.6915310497441336,0.8067862247014891,0.8067862247014891,0.23051034991471117,0.9220413996588447,0.46102069982942234,0.46102069982942234,0.23051034991471117,0.5762758747867781,0.3457655248720668,0.5762758747867781,,,,,,,,,,,,,,,,,,,,,,,,,,,,,,,,,,,,,
,,,,,,,,,,,,,,,,,,,,,,,,,,,,,,,,,,,,,,0.46102069982942234,0.9220413996588447,0.5762758747867781,0.9220413996588447,0.6915310497441336,0.46102069982942234,0.5762758747867781,0.6915310497441336,0.5762758747867781,0.8067862247014891,0.46102069982942234,0.6915310497441336,0.3457655248720668,0.5762758747867781,0.3457655248720668,0.46102069982942234,0.8067862247014891,0.6915310497441336,0.46102069982942234,0.6915310497441336,0.6915310497441336,1.4983172744456228,0.3457655248720668,0.9220413996588447,0.3457655248720668,0.46102069982942234,0.6915310497441336,0.6915310497441336,0.3457655248720668,0.8067862247014891,1.1525517495735562,0.6915310497441336,0.8067862247014891,0.6915310497441336,0.46102069982942234,0.3457655248720668,0.23051034991471117,1.1525517495735562,0.6915310497441336,0.6915310497441336,0.23051034991471117,0.6915310497441336,0.5762758747867781,0.3457655248720668,0.5762758747867781,0.8067862247014891,0.9220413996588447,0.6915310497441336,0.5762758747867781,0.5762758747867781,0.6915310497441336,0.8067862247014891,0.46102069982942234,0.9220413996588447,0.3457655248720668,0.3457655248720668,0.9220413996588447,0.46102069982942234,0.46102069982942234,0.3457655248720668,0.8067862247014891,0.5762758747867781,0.6915310497441336,0.5762758747867781,0.6915310497441336,0.5762758747867781,0.5762758747867781,0.8067862247014891,0.3457655248720668,0.9220413996588447,0.5762758747867781,0.8067862247014891,0.3457655248720668,0.23051034991471117,0.3457655248720668,0.6915310497441336,0.9220413996588447,0.6915310497441336,0.8067862247014891,0.23051034991471117,0.8067862247014891,0.9220413996588447,0.5762758747867781,0.9220413996588447,0.23051034991471117,0.23051034991471117,0.8067862247014891,0.46102069982942234,0.46102069982942234,0.9220413996588447,0.23051034991471117,1.0372965746162006,0.46102069982942234,0.23051034991471117,0.6915310497441336,0.23051034991471117,0.46102069982942234,0.8067862247014891,0.5762758747867781,0.6915310497441336,0.3457655248720668,0.23051034991471117,0.3457655248720668,0.6915310497441336,0.5762758747867781,0.9220413996588447,0.9220413996588447,0.3457655248720668,0.5762758747867781,1.0372965746162006,0.9220413996588447,0.11525517495735559,0.3457655248720668,0.3457655248720668,0.6915310497441336,0.8067862247014891,0.0,0.5762758747867781,0.46102069982942234,0.9220413996588447,0.5762758747867781,0.0,0.11525517495735559,0.5762758747867781,0.5762758747867781,0.9220413996588447,0.8067862247014891,0.3457655248720668,0.3457655248720668,0.8067862247014891,0.3457655248720668,0.9220413996588447,0.5762758747867781,0.8067862247014891,0.23051034991471117,1.6135724494029782,1.1525517495735562,0.8067862247014891,0.6915310497441336,0.5762758747867781,1.0372965746162006,1.4983172744456228,0.6915310497441336,0.9220413996588447,1.0372965746162006,1.2678069245309116,1.1525517495735562,0.3457655248720668,0.8067862247014891,0.5762758747867781,0.3457655248720668,0.3457655248720668,0.9220413996588447,0.8067862247014891,0.46102069982942234,0.6915310497441336,0.5762758747867781,0.8067862247014891,0.46102069982942234,0.46102069982942234,0.3457655248720668,0.3457655248720668,0.8067862247014891,0.46102069982942234,0.46102069982942234,0.8067862247014891,0.23051034991471117,0.46102069982942234,1.0372965746162006,0.8067862247014891,0.23051034991471117,0.9220413996588447,0.9220413996588447,0.46102069982942234,0.46102069982942234,0.3457655248720668,0.9220413996588447,0.46102069982942234,0.9220413996588447,,,,,,,,,,,,,,,,,,,,,,,,,,,,,,,,,,,,,,,
,,,,,,,,,,,,,,,,,,,,,,,,,,,,,,,,,,,,,,,0.5762758747867781,,,,,,,0.5762758747867781,0.6915310497441336,0.5762758747867781,1.1525517495735562,0.6915310497441336,0.6915310497441336,0.6915310497441336,0.9220413996588447,0.5762758747867781,0.3457655248720668,0.46102069982942234,0.5762758747867781,0.11525517495735559,0.6915310497441336,0.8067862247014891,0.5762758747867781,0.6915310497441336,0.8067862247014891,0.23051034991471117,0.23051034991471117,0.9220413996588447,0.6915310497441336,1.1525517495735562,1.1525517495735562,0.8067862247014891,0.23051034991471117,1.0372965746162006,0.5762758747867781,0.23051034991471117,1.1525517495735562,0.3457655248720668,0.46102069982942234,0.46102069982942234,0.46102069982942234,0.3457655248720668,0.6915310497441336,0.46102069982942234,0.5762758747867781,0.0,0.6915310497441336,0.6915310497441336,0.9220413996588447,0.6915310497441336,0.6915310497441336,1.1525517495735562,0.23051034991471117,0.23051034991471117,0.11525517495735559,0.9220413996588447,0.6915310497441336,1.0372965746162006,0.0,0.9220413996588447,0.46102069982942234,0.3457655248720668,0.3457655248720668,0.3457655248720668,0.46102069982942234,0.46102069982942234,0.3457655248720668,0.8067862247014891,0.46102069982942234,0.3457655248720668,0.3457655248720668,1.0372965746162006,0.8067862247014891,0.3457655248720668,0.6915310497441336,0.23051034991471117,0.46102069982942234,0.46102069982942234,0.23051034991471117,0.9220413996588447,0.5762758747867781,0.9220413996588447,0.9220413996588447,0.46102069982942234,0.23051034991471117,0.5762758747867781,0.0,0.8067862247014891,0.46102069982942234,0.9220413996588447,0.23051034991471117,0.9220413996588447,0.6915310497441336,0.3457655248720668,0.11525517495735559,0.3457655248720668,0.5762758747867781,1.2678069245309116,0.3457655248720668,0.6915310497441336,0.11525517495735559,1.1525517495735562,0.46102069982942234,0.3457655248720668,0.3457655248720668,0.9220413996588447,0.9220413996588447,0.5762758747867781,1.0372965746162006,0.5762758747867781,0.6915310497441336,0.46102069982942234,0.5762758747867781,0.11525517495735559,0.9220413996588447,0.46102069982942234,0.6915310497441336,0.23051034991471117,0.3457655248720668,0.5762758747867781,0.8067862247014891,0.5762758747867781,0.5762758747867781,0.46102069982942234,0.6915310497441336,0.8067862247014891,0.6915310497441336,0.23051034991471117,0.6915310497441336,0.46102069982942234,0.5762758747867781,0.3457655248720668,0.5762758747867781,0.8067862247014891,0.6915310497441336,0.8067862247014891,1.0372965746162006,1.1525517495735562,0.9220413996588447,1.4983172744456228,0.6915310497441336,0.5762758747867781,0.8067862247014891,1.0372965746162006,0.8067862247014891,0.46102069982942234,1.0372965746162006,0.8067862247014891,0.23051034991471117,0.6915310497441336,0.5762758747867781,0.46102069982942234,0.5762758747867781,0.23051034991471117,0.3457655248720668,0.3457655248720668,0.9220413996588447,0.3457655248720668,1.0372965746162006,0.6915310497441336,0.46102069982942234,0.5762758747867781,0.6915310497441336,0.3457655248720668,1.0372965746162006,0.23051034991471117,0.6915310497441336,1.1525517495735562,0.46102069982942234,,0.8067862247014891,0.46102069982942234,0.8067862247014891,0.23051034991471117,0.23051034991471117,0.5762758747867781,0.46102069982942234,0.3457655248720668,,,,,,,,,,,,,,,,,,,,,,,,,,,,,,,,,,,,,,,
,,,,,,,,,,,,,,,,,,,,,,,,,,,,,,,,,,,,,,,,,,,,,0.3457655248720668,0.6915310497441336,0.46102069982942234,0.46102069982942234,0.3457655248720668,0.46102069982942234,0.3457655248720668,0.46102069982942234,0.8067862247014891,0.6915310497441336,0.5762758747867781,0.5762758747867781,0.3457655248720668,0.46102069982942234,0.6915310497441336,0.6915310497441336,0.9220413996588447,1.1525517495735562,0.23051034991471117,0.5762758747867781,0.23051034991471117,0.5762758747867781,1.1525517495735562,0.3457655248720668,1.3830620994882672,0.5762758747867781,1.0372965746162006,0.8067862247014891,0.5762758747867781,1.1525517495735562,0.46102069982942234,0.46102069982942234,0.3457655248720668,0.3457655248720668,0.3457655248720668,0.5762758747867781,0.3457655248720668,0.46102069982942234,0.9220413996588447,0.3457655248720668,0.9220413996588447,0.5762758747867781,0.8067862247014891,0.6915310497441336,1.1525517495735562,1.9593379742750452,1.1525517495735562,0.23051034991471117,0.6915310497441336,0.46102069982942234,0.46102069982942234,0.6915310497441336,0.23051034991471117,0.3457655248720668,0.11525517495735559,0.11525517495735559,0.23051034991471117,0.3457655248720668,0.46102069982942234,0.5762758747867781,0.23051034991471117,0.3457655248720668,0.9220413996588447,0.23051034991471117,0.6915310497441336,0.11525517495735559,0.46102069982942234,0.5762758747867781,0.8067862247014891,0.5762758747867781,0.46102069982942234,0.3457655248720668,0.5762758747867781,0.8067862247014891,0.3457655248720668,1.1525517495735562,1.3830620994882672,0.8067862247014891,0.23051034991471117,0.3457655248720668,0.46102069982942234,0.9220413996588447,0.46102069982942234,0.46102069982942234,0.5762758747867781,0.46102069982942234,0.5762758747867781,0.46102069982942234,0.5762758747867781,0.23051034991471117,1.0372965746162006,0.11525517495735559,0.8067862247014891,0.5762758747867781,0.8067862247014891,0.23051034991471117,0.46102069982942234,0.6915310497441336,0.23051034991471117,0.0,0.8067862247014891,0.5762758747867781,0.11525517495735559,0.5762758747867781,0.3457655248720668,0.8067862247014891,0.9220413996588447,0.3457655248720668,0.8067862247014891,0.5762758747867781,0.5762758747867781,0.0,0.3457655248720668,0.5762758747867781,0.5762758747867781,0.6915310497441336,0.9220413996588447,0.46102069982942234,0.5762758747867781,0.6915310497441336,0.9220413996588447,0.46102069982942234,1.2678069245309116,0.3457655248720668,0.3457655248720668,0.5762758747867781,0.9220413996588447,0.5762758747867781,0.6915310497441336,0.46102069982942234,0.6915310497441336,0.6915310497441336,0.6915310497441336,0.8067862247014891,0.5762758747867781,0.5762758747867781,1.0372965746162006,1.2678069245309116,0.5762758747867781,0.3457655248720668,0.3457655248720668,0.23051034991471117,0.5762758747867781,0.6915310497441336,0.5762758747867781,0.6915310497441336,0.46102069982942234,0.8067862247014891,0.5762758747867781,0.8067862247014891,1.0372965746162006,0.6915310497441336,0.46102069982942234,0.5762758747867781,1.0372965746162006,0.46102069982942234,0.6915310497441336,1.0372965746162006,0.46102069982942234,0.5762758747867781,0.3457655248720668,0.5762758747867781,,,0.6915310497441336,0.5762758747867781,0.5762758747867781,0.6915310497441336,0.9220413996588447,1.0372965746162006,0.46102069982942234,,,,,,,,,,,,,,,,,,,,,,,,,,,,,,,,,,,,,,,,
,,,,,,,,,,,,,,,,,,,,,,,,,,,,,,,,,,,,,,,,,,,,0.5762758747867781,1.0372965746162006,0.5762758747867781,0.11525517495735559,0.3457655248720668,0.23051034991471117,0.3457655248720668,1.0372965746162006,0.46102069982942234,0.23051034991471117,0.9220413996588447,0.11525517495735559,0.5762758747867781,0.5762758747867781,0.3457655248720668,0.46102069982942234,0.3457655248720668,0.8067862247014891,0.5762758747867781,0.9220413996588447,0.3457655248720668,0.3457655248720668,0.5762758747867781,1.0372965746162006,0.5762758747867781,1.1525517495735562,0.5762758747867781,0.6915310497441336,0.6915310497441336,0.3457655248720668,0.5762758747867781,0.8067862247014891,0.9220413996588447,0.9220413996588447,0.46102069982942234,0.8067862247014891,1.1525517495735562,1.0372965746162006,0.8067862247014891,0.3457655248720668,0.8067862247014891,0.3457655248720668,0.23051034991471117,1.0372965746162006,1.1525517495735562,1.1525517495735562,1.0372965746162006,1.728827624360334,1.1525517495735562,0.46102069982942234,0.23051034991471117,0.11525517495735559,0.5762758747867781,0.8067862247014891,0.23051034991471117,0.46102069982942234,0.23051034991471117,0.46102069982942234,0.6915310497441336,0.23051034991471117,0.46102069982942234,0.46102069982942234,0.46102069982942234,0.5762758747867781,0.5762758747867781,0.46102069982942234,0.9220413996588447,0.6915310497441336,0.3457655248720668,0.46102069982942234,0.3457655248720668,0.3457655248720668,0.6915310497441336,0.3457655248720668,0.3457655248720668,0.5762758747867781,1.728827624360334,0.8067862247014891,0.8067862247014891,0.46102069982942234,0.5762758747867781,0.23051034991471117,0.46102069982942234,0.3457655248720668,1.0372965746162006,0.3457655248720668,0.8067862247014891,0.6915310497441336,0.3457655248720668,0.3457655248720668,0.6915310497441336,0.23051034991471117,0.23051034991471117,0.23051034991471117,0.6915310497441336,0.3457655248720668,0.3457655248720668,0.8067862247014891,0.6915310497441336,0.6915310497441336,0.5762758747867781,0.3457655248720668,0.3457655248720668,0.6915310497441336,0.5762758747867781,0.9220413996588447,0.5762758747867781,0.9220413996588447,0.9220413996588447,0.46102069982942234,1.1525517495735562,0.3457655248720668,1.3830620994882672,0.46102069982942234,0.3457655248720668,1.2678069245309116,0.46102069982942234,0.46102069982942234,0.46102069982942234,0.46102069982942234,1.0372965746162006,0.9220413996588447,0.6915310497441336,0.46102069982942234,0.8067862247014891,0.8067862247014891,1.0372965746162006,1.1525517495735562,0.9220413996588447,0.6915310497441336,0.9220413996588447,0.6915310497441336,1.1525517495735562,0.23051034991471117,0.46102069982942234,0.9220413996588447,0.46102069982942234,0.9220413996588447,0.8067862247014891,1.1525517495735562,0.46102069982942234,0.11525517495735559,0.8067862247014891,0.46102069982942234,1.2678069245309116,0.23051034991471117,0.5762758747867781,1.1525517495735562,0.5762758747867781,0.3457655248720668,0.11525517495735559,0.23051034991471117,0.8067862247014891,0.3457655248720668,0.5762758747867781,1.0372965746162006,0.8067862247014891,0.5762758747867781,0.3457655248720668,0.6915310497441336,0.3457655248720668,1.1525517495735562,0.8067862247014891,,,0.46102069982942234,1.2678069245309116,0.9220413996588447,0.46102069982942234,1.1525517495735562,0.23051034991471117,,,,,,,,,,,,,,,,,,,,,,,,,,,,,,,,,,,,,,,,,
,,,,,,,,,,,,,,,,,,,,,,,,,,,,,,,,,,,,,,,,,,,0.5762758747867781,0.11525517495735559,1.1525517495735562,0.8067862247014891,0.6915310497441336,0.3457655248720668,0.23051034991471117,0.46102069982942234,0.3457655248720668,0.8067862247014891,0.3457655248720668,0.8067862247014891,0.46102069982942234,0.9220413996588447,0.9220413996588447,0.9220413996588447,0.9220413996588447,0.6915310497441336,0.6915310497441336,0.46102069982942234,0.8067862247014891,0.23051034991471117,0.46102069982942234,0.3457655248720668,0.3457655248720668,0.6915310497441336,0.46102069982942234,0.3457655248720668,0.6915310497441336,0.6915310497441336,0.9220413996588447,0.5762758747867781,0.8067862247014891,0.8067862247014891,0.11525517495735559,1.1525517495735562,0.5762758747867781,0.46102069982942234,1.1525517495735562,0.46102069982942234,0.8067862247014891,0.3457655248720668,0.5762758747867781,0.46102069982942234,0.11525517495735559,0.5762758747867781,1.2678069245309116,1.9593379742750452,2.1898483241897564,0.8067862247014891,1.0372965746162006,0.11525517495735559,0.5762758747867781,0.6915310497441336,0.46102069982942234,0.46102069982942234,0.8067862247014891,0.5762758747867781,0.46102069982942234,0.23051034991471117,0.5762758747867781,0.23051034991471117,0.23051034991471117,0.23051034991471117,0.9220413996588447,0.9220413996588447,0.23051034991471117,0.3457655248720668,0.3457655248720668,0.23051034991471117,0.23051034991471117,0.9220413996588447,0.8067862247014891,1.0372965746162006,0.8067862247014891,0.46102069982942234,0.3457655248720668,0.5762758747867781,1.3830620994882672,1.0372965746162006,0.46102069982942234,0.8067862247014891,0.9220413996588447,1.1525517495735562,0.46102069982942234,0.6915310497441336,0.6915310497441336,0.46102069982942234,0.9220413996588447,0.23051034991471117,1.1525517495735562,0.46102069982942234,0.6915310497441336,0.3457655248720668,0.46102069982942234,0.9220413996588447,0.8067862247014891,0.0,1.2678069245309116,0.8067862247014891,0.5762758747867781,0.3457655248720668,1.2678069245309116,0.8067862247014891,0.5762758747867781,0.11525517495735559,0.6915310497441336,0.5762758747867781,1.3830620994882672,0.3457655248720668,0.6915310497441336,0.3457655248720668,0.46102069982942234,0.11525517495735559,0.46102069982942234,0.6915310497441336,0.46102069982942234,0.46102069982942234,1.2678069245309116,1.0372965746162006,0.23051034991471117,0.9220413996588447,0.6915310497441336,1.0372965746162006,0.5762758747867781,0.11525517495735559,1.0372965746162006,0.8067862247014891,0.5762758747867781,1.2678069245309116,0.8067862247014891,1.1525517495735562,0.6915310497441336,0.5762758747867781,0.5762758747867781,0.8067862247014891,0.46102069982942234,0.6915310497441336,0.23051034991471117,0.46102069982942234,0.9220413996588447,0.23051034991471117,0.46102069982942234,0.3457655248720668,0.9220413996588447,0.9220413996588447,0.9220413996588447,0.8067862247014891,0.9220413996588447,0.8067862247014891,0.11525517495735559,0.5762758747867781,0.23051034991471117,0.46102069982942234,0.6915310497441336,0.6915310497441336,0.23051034991471117,0.0,0.3457655248720668,0.3457655248720668,0.9220413996588447,0.46102069982942234,0.8067862247014891,0.5762758747867781,,0.5762758747867781,0.6915310497441336,1.2678069245309116,0.46102069982942234,0.9220413996588447,0.6915310497441336,0.5762758747867781,,,,,,,,,,,,,,,,,,,,,,,,,,,,,,,,,,,,,,,,,
,,,,,,,,,,,,,,,,,,,,,,,,,,,,,,,,,,,,,,,0.9220413996588447,0.5762758747867781,0.46102069982942234,0.8067862247014891,0.3457655248720668,0.8067862247014891,0.6915310497441336,0.3457655248720668,0.5762758747867781,1.1525517495735562,0.8067862247014891,0.46102069982942234,0.3457655248720668,0.6915310497441336,0.46102069982942234,0.46102069982942234,0.9220413996588447,0.6915310497441336,0.3457655248720668,0.46102069982942234,0.6915310497441336,0.46102069982942234,0.23051034991471117,0.8067862247014891,0.46102069982942234,0.11525517495735559,0.6915310497441336,0.11525517495735559,0.46102069982942234,0.5762758747867781,1.1525517495735562,0.8067862247014891,1.3830620994882672,0.6915310497441336,0.3457655248720668,0.8067862247014891,0.8067862247014891,0.3457655248720668,0.5762758747867781,0.6915310497441336,0.46102069982942234,0.6915310497441336,0.6915310497441336,0.5762758747867781,1.3830620994882672,0.23051034991471117,0.23051034991471117,0.6915310497441336,0.46102069982942234,0.5762758747867781,1.8440827993176894,2.9966345488912456,2.1898483241897564,1.6135724494029782,1.0372965746162006,0.5762758747867781,0.11525517495735559,0.5762758747867781,0.8067862247014891,0.6915310497441336,0.8067862247014891,0.23051034991471117,0.23051034991471117,0.3457655248720668,0.3457655248720668,0.23051034991471117,0.9220413996588447,0.46102069982942234,0.46102069982942234,0.3457655248720668,0.46102069982942234,0.23051034991471117,0.3457655248720668,0.46102069982942234,0.5762758747867781,0.5762758747867781,0.9220413996588447,0.8067862247014891,0.3457655248720668,0.5762758747867781,0.23051034991471117,0.3457655248720668,0.6915310497441336,0.3457655248720668,0.9220413996588447,0.46102069982942234,0.8067862247014891,0.5762758747867781,0.8067862247014891,0.3457655248720668,1.1525517495735562,1.0372965746162006,0.3457655248720668,0.8067862247014891,0.3457655248720668,0.6915310497441336,0.46102069982942234,0.23051034991471117,0.8067862247014891,0.3457655248720668,0.46102069982942234,0.3457655248720668,0.46102069982942234,0.5762758747867781,0.11525517495735559,0.23051034991471117,0.6915310497441336,0.5762758747867781,0.6915310497441336,0.3457655248720668,0.8067862247014891,0.6915310497441336,0.46102069982942234,0.23051034991471117,0.6915310497441336,0.5762758747867781,0.6915310497441336,0.23051034991471117,0.9220413996588447,0.9220413996588447,0.5762758747867781,0.5762758747867781,0.46102069982942234,0.6915310497441336,0.6915310497441336,1.2678069245309116,0.5762758747867781,0.46102069982942234,0.8067862247014891,1.1525517495735562,0.46102069982942234,0.5762758747867781,0.6915310497441336,1.0372965746162006,1.2678069245309116,0.23051034991471117,0.46102069982942234,0.6915310497441336,0.6915310497441336,0.3457655248720668,1.0372965746162006,0.11525517495735559,0.46102069982942234,0.9220413996588447,1.0372965746162006,1.1525517495735562,1.0372965746162006,0.5762758747867781,0.9220413996588447,0.8067862247014891,0.8067862247014891,0.46102069982942234,0.6915310497441336,1.0372965746162006,0.46102069982942234,0.9220413996588447,1.0372965746162006,0.46102069982942234,0.3457655248720668,0.5762758747867781,0.3457655248720668,0.5762758747867781,0.8067862247014891,0.8067862247014891,0.8067862247014891,0.23051034991471117,0.5762758747867781,,,,0.9220413996588447,0.9220413996588447,0.9220413996588447,0.9220413996588447,0.5762758747867781,0.9220413996588447,,,,,,,,,,,,,,,,,,,,,,,,,,,,,,,,,,,,,,,,,
,,,,,,,,,,,,,,,,,,,,,,,,,,,,,,,,,,,,,,,0.6915310497441336,0.23051034991471117,0.6915310497441336,0.3457655248720668,1.0372965746162006,1.0372965746162006,0.5762758747867781,0.5762758747867781,0.6915310497441336,0.23051034991471117,0.0,0.3457655248720668,0.3457655248720668,0.8067862247014891,0.5762758747867781,0.6915310497441336,0.46102069982942234,0.3457655248720668,0.3457655248720668,0.9220413996588447,0.5762758747867781,0.23051034991471117,0.5762758747867781,0.9220413996588447,0.5762758747867781,0.46102069982942234,0.46102069982942234,0.3457655248720668,0.11525517495735559,0.46102069982942234,0.46102069982942234,1.0372965746162006,1.0372965746162006,0.46102069982942234,0.5762758747867781,0.6915310497441336,0.46102069982942234,0.3457655248720668,0.5762758747867781,0.3457655248720668,0.3457655248720668,0.6915310497441336,1.0372965746162006,0.23051034991471117,0.23051034991471117,0.5762758747867781,0.5762758747867781,0.3457655248720668,0.6915310497441336,0.6915310497441336,1.0372965746162006,1.9593379742750452,0.6915310497441336,0.9220413996588447,0.23051034991471117,0.5762758747867781,0.46102069982942234,0.23051034991471117,0.46102069982942234,0.46102069982942234,0.46102069982942234,0.3457655248720668,0.23051034991471117,0.23051034991471117,0.3457655248720668,0.3457655248720668,0.6915310497441336,0.8067862247014891,0.23051034991471117,0.5762758747867781,0.23051034991471117,0.0,0.46102069982942234,0.8067862247014891,0.9220413996588447,0.46102069982942234,1.0372965746162006,1.0372965746162006,1.0372965746162006,1.0372965746162006,0.9220413996588447,0.6915310497441336,0.5762758747867781,0.11525517495735559,1.0372965746162006,0.3457655248720668,0.8067862247014891,0.23051034991471117,0.46102069982942234,0.23051034991471117,0.3457655248720668,0.5762758747867781,0.23051034991471117,0.23051034991471117,0.5762758747867781,0.5762758747867781,0.3457655248720668,0.6915310497441336,0.5762758747867781,0.5762758747867781,0.46102069982942234,0.5762758747867781,0.23051034991471117,0.46102069982942234,0.23051034991471117,0.9220413996588447,0.6915310497441336,0.46102069982942234,0.6915310497441336,0.5762758747867781,0.6915310497441336,0.46102069982942234,0.46102069982942234,0.8067862247014891,0.5762758747867781,0.5762758747867781,0.9220413996588447,0.6915310497441336,0.3457655248720668,0.9220413996588447,0.5762758747867781,0.46102069982942234,0.46102069982942234,0.23051034991471117,0.46102069982942234,0.3457655248720668,0.6915310497441336,0.23051034991471117,1.2678069245309116,0.46102069982942234,0.5762758747867781,0.23051034991471117,0.9220413996588447,1.0372965746162006,0.46102069982942234,0.3457655248720668,0.6915310497441336,0.8067862247014891,0.3457655248720668,0.6915310497441336,0.6915310497441336,1.0372965746162006,0.46102069982942234,0.11525517495735559,0.8067862247014891,0.23051034991471117,0.3457655248720668,0.3457655248720668,0.46102069982942234,0.11525517495735559,0.5762758747867781,0.8067862247014891,0.46102069982942234,0.46102069982942234,0.23051034991471117,0.23051034991471117,0.8067862247014891,0.23051034991471117,0.5762758747867781,0.9220413996588447,0.11525517495735559,0.3457655248720668,0.8067862247014891,0.23051034991471117,0.23051034991471117,0.46102069982942234,,,,,,0.5762758747867781,0.5762758747867781,0.46102069982942234,0.8067862247014891,,,,,,,,,,,,,,,,,,,,,,,,,,,,,,,,,,,,,,,,,,
,,,,,,,,,,,,,,,,,,,,,,,,,,,,,,,,,,,,,,,,,0.23051034991471117,0.8067862247014891,0.5762758747867781,0.5762758747867781,0.3457655248720668,0.5762758747867781,0.5762758747867781,0.9220413996588447,0.11525517495735559,0.6915310497441336,0.5762758747867781,0.6915310497441336,1.2678069245309116,0.23051034991471117,0.6915310497441336,0.9220413996588447,0.23051034991471117,0.46102069982942234,0.3457655248720668,0.46102069982942234,0.46102069982942234,0.46102069982942234,0.9220413996588447,0.23051034991471117,0.5762758747867781,1.1525517495735562,0.8067862247014891,0.46102069982942234,0.23051034991471117,0.23051034991471117,1.2678069245309116,1.0372965746162006,0.9220413996588447,0.6915310497441336,0.5762758747867781,0.6915310497441336,0.6915310497441336,0.46102069982942234,0.3457655248720668,0.5762758747867781,0.23051034991471117,0.23051034991471117,0.8067862247014891,0.46102069982942234,0.8067862247014891,0.46102069982942234,0.46102069982942234,0.6915310497441336,0.5762758747867781,0.3457655248720668,0.8067862247014891,0.46102069982942234,0.5762758747867781,0.3457655248720668,1.1525517495735562,0.9220413996588447,0.8067862247014891,0.46102069982942234,0.5762758747867781,0.46102069982942234,0.9220413996588447,0.3457655248720668,0.6915310497441336,0.6915310497441336,0.3457655248720668,0.5762758747867781,0.8067862247014891,0.3457655248720668,0.46102069982942234,0.3457655248720668,0.3457655248720668,0.8067862247014891,0.3457655248720668,0.6915310497441336,0.5762758747867781,1.1525517495735562,1.4983172744456228,1.0372965746162006,0.8067862247014891,0.46102069982942234,0.5762758747867781,0.5762758747867781,0.5762758747867781,0.46102069982942234,0.6915310497441336,0.6915310497441336,0.5762758747867781,0.11525517495735559,0.6915310497441336,0.3457655248720668,0.46102069982942234,0.5762758747867781,0.11525517495735559,0.23051034991471117,0.6915310497441336,0.5762758747867781,0.46102069982942234,1.1525517495735562,0.3457655248720668,0.3457655248720668,0.6915310497441336,0.6915310497441336,1.3830620994882672,0.6915310497441336,0.46102069982942234,0.9220413996588447,0.46102069982942234,0.8067862247014891,0.6915310497441336,0.3457655248720668,0.11525517495735559,0.5762758747867781,0.8067862247014891,1.1525517495735562,0.5762758747867781,0.5762758747867781,1.1525517495735562,1.0372965746162006,0.46102069982942234,0.23051034991471117,0.8067862247014891,0.6915310497441336,1.0372965746162006,0.8067862247014891,0.11525517495735559,0.3457655248720668,0.5762758747867781,0.11525517495735559,0.9220413996588447,0.5762758747867781,0.23051034991471117,0.46102069982942234,1.0372965746162006,0.9220413996588447,0.8067862247014891,0.5762758747867781,0.5762758747867781,0.8067862247014891,1.2678069245309116,0.9220413996588447,1.4983172744456228,0.8067862247014891,0.6915310497441336,0.8067862247014891,0.3457655248720668,0.11525517495735559,0.46102069982942234,0.9220413996588447,1.1525517495735562,0.9220413996588447,0.9220413996588447,0.3457655248720668,0.9220413996588447,0.8067862247014891,0.3457655248720668,0.6915310497441336,0.3457655248720668,0.5762758747867781,0.3457655248720668,0.46102069982942234,0.46102069982942234,0.6915310497441336,0.9220413996588447,0.6915310497441336,,,,,,,,,,,,,,,,,,,,,,,,,,,,,,,,,,,,,,,,,,,,,,,,,,,
,,,,,,,,,,,,,,,,,,,,,,,,,,,,,,,,,,,,,,,,0.8067862247014891,0.3457655248720668,0.46102069982942234,0.6915310497441336,0.46102069982942234,0.5762758747867781,0.8067862247014891,0.23051034991471117,0.9220413996588447,0.3457655248720668,0.46102069982942234,0.3457655248720668,0.8067862247014891,0.46102069982942234,0.5762758747867781,0.8067862247014891,0.8067862247014891,0.8067862247014891,0.5762758747867781,1.4983172744456228,0.46102069982942234,0.9220413996588447,0.3457655248720668,0.8067862247014891,0.6915310497441336,0.9220413996588447,0.6915310497441336,1.0372965746162006,0.5762758747867781,0.8067862247014891,0.3457655248720668,0.46102069982942234,0.3457655248720668,0.6915310497441336,0.6915310497441336,0.8067862247014891,0.3457655248720668,0.8067862247014891,0.9220413996588447,0.6915310497441336,0.46102069982942234,0.6915310497441336,0.8067862247014891,0.23051034991471117,0.6915310497441336,0.46102069982942234,0.3457655248720668,0.23051034991471117,0.46102069982942234,0.3457655248720668,0.6915310497441336,0.9220413996588447,0.5762758747867781,0.9220413996588447,0.3457655248720668,0.3457655248720668,1.1525517495735562,0.5762758747867781,0.9220413996588447,0.8067862247014891,0.5762758747867781,0.46102069982942234,0.23051034991471117,1.1525517495735562,0.6915310497441336,0.0,0.23051034991471117,0.11525517495735559,0.3457655248720668,0.3457655248720668,0.8067862247014891,0.11525517495735559,0.9220413996588447,0.9220413996588447,0.8067862247014891,1.1525517495735562,0.5762758747867781,1.0372965746162006,0.46102069982942234,0.5762758747867781,0.5762758747867781,1.0372965746162006,0.23051034991471117,0.46102069982942234,0.5762758747867781,0.6915310497441336,0.6915310497441336,0.3457655248720668,0.3457655248720668,0.3457655248720668,0.6915310497441336,0.9220413996588447,0.46102069982942234,1.0372965746162006,0.3457655248720668,0.9220413996588447,0.3457655248720668,0.5762758747867781,0.6915310497441336,0.5762758747867781,0.5762758747867781,0.8067862247014891,0.8067862247014891,0.6915310497441336,1.1525517495735562,0.23051034991471117,0.5762758747867781,0.46102069982942234,0.5762758747867781,0.46102069982942234,0.5762758747867781,0.9220413996588447,0.46102069982942234,0.46102069982942234,0.9220413996588447,0.5762758747867781,0.46102069982942234,0.6915310497441336,0.6915310497441336,0.6915310497441336,0.46102069982942234,0.8067862247014891,0.23051034991471117,0.3457655248720668,0.5762758747867781,0.6915310497441336,0.5762758747867781,0.3457655248720668,1.0372965746162006,0.6915310497441336,0.6915310497441336,0.6915310497441336,0.8067862247014891,0.8067862247014891,0.3457655248720668,0.9220413996588447,0.5762758747867781,0.6915310497441336,1.1525517495735562,0.8067862247014891,0.3457655248720668,0.9220413996588447,0.3457655248720668,0.3457655248720668,0.9220413996588447,0.6915310497441336,0.3457655248720668,0.3457655248720668,0.8067862247014891,0.3457655248720668,0.3457655248720668,0.8067862247014891,0.6915310497441336,0.5762758747867781,1.0372965746162006,0.46102069982942234,1.0372965746162006,0.8067862247014891,0.3457655248720668,0.3457655248720668,0.8067862247014891,0.6915310497441336,0.5762758747867781,1.3830620994882672,1.1525517495735562,,,,,,,,,,,,,,,,,,,,,,,,,,,,,,,,,,,,,,,,,,,,,,,,,,,
,,,,,,,,,,,,,,,,,,,,,,,,,,,,,,,,,,,,,,,,0.46102069982942234,0.9220413996588447,1.0372965746162006,0.46102069982942234,0.5762758747867781,0.3457655248720668,0.5762758747867781,0.8067862247014891,0.23051034991471117,0.46102069982942234,0.23051034991471117,0.8067862247014891,0.5762758747867781,0.3457655248720668,0.3457655248720668,0.5762758747867781,0.5762758747867781,0.6915310497441336,0.23051034991471117,0.6915310497441336,0.46102069982942234,0.3457655248720668,0.5762758747867781,0.11525517495735559,0.8067862247014891,0.5762758747867781,0.9220413996588447,1.0372965746162006,0.3457655248720668,0.3457655248720668,0.5762758747867781,0.5762758747867781,0.3457655248720668,0.8067862247014891,0.3457655248720668,0.46102069982942234,0.5762758747867781,0.0,0.5762758747867781,0.5762758747867781,1.1525517495735562,1.0372965746162006,0.8067862247014891,0.8067862247014891,0.6915310497441336,0.46102069982942234,0.8067862247014891,0.5762758747867781,1.1525517495735562,0.6915310497441336,0.5762758747867781,0.6915310497441336,0.5762758747867781,0.9220413996588447,1.1525517495735562,0.6915310497441336,1.6135724494029782,0.9220413996588447,1.2678069245309116,1.1525517495735562,1.3830620994882672,1.0372965746162006,0.9220413996588447,0.3457655248720668,0.8067862247014891,0.5762758747867781,1.0372965746162006,0.9220413996588447,0.23051034991471117,0.6915310497441336,0.3457655248720668,0.3457655248720668,1.0372965746162006,0.3457655248720668,0.8067862247014891,0.9220413996588447,0.5762758747867781,1.6135724494029782,1.6135724494029782,0.6915310497441336,0.3457655248720668,0.5762758747867781,0.3457655248720668,1.0372965746162006,0.23051034991471117,0.3457655248720668,0.5762758747867781,0.8067862247014891,0.8067862247014891,0.46102069982942234,0.6915310497441336,0.23051034991471117,0.11525517495735559,0.8067862247014891,1.1525517495735562,0.23051034991471117,0.3457655248720668,1.0372965746162006,0.23051034991471117,0.5762758747867781,0.9220413996588447,0.5762758747867781,0.46102069982942234,0.5762758747867781,0.6915310497441336,0.5762758747867781,0.23051034991471117,0.46102069982942234,0.23051034991471117,0.5762758747867781,0.46102069982942234,0.5762758747867781,0.5762758747867781,0.46102069982942234,0.5762758747867781,0.3457655248720668,0.46102069982942234,0.5762758747867781,0.8067862247014891,0.5762758747867781,0.3457655248720668,0.5762758747867781,0.46102069982942234,0.5762758747867781,1.0372965746162006,1.0372965746162006,0.3457655248720668,0.23051034991471117,0.3457655248720668,0.5762758747867781,0.3457655248720668,0.3457655248720668,1.2678069245309116,0.6915310497441336,0.3457655248720668,1.0372965746162006,0.46102069982942234,0.6915310497441336,0.6915310497441336,0.46102069982942234,0.23051034991471117,1.1525517495735562,0.8067862247014891,0.6915310497441336,0.46102069982942234,0.9220413996588447,0.9220413996588447,0.46102069982942234,0.9220413996588447,0.6915310497441336,0.5762758747867781,0.6915310497441336,0.6915310497441336,0.8067862247014891,0.5762758747867781,0.23051034991471117,0.23051034991471117,0.6915310497441336,0.3457655248720668,0.8067862247014891,0.5762758747867781,0.3457655248720668,0.6915310497441336,0.23051034991471117,,,,,,,,,,,,,,,,,,,,,,,,,,,,,,,,,,,,,,,,,,,,,,,,,,,,
,,,,,,,,,,,,,,,,,,,,,,,,,,,,,,,,,,,,,,,,0.6915310497441336,0.6915310497441336,0.5762758747867781,0.8067862247014891,0.9220413996588447,0.5762758747867781,0.46102069982942234,0.23051034991471117,0.9220413996588447,0.8067862247014891,0.9220413996588447,0.3457655248720668,1.2678069245309116,0.46102069982942234,0.3457655248720668,0.46102069982942234,0.23051034991471117,0.3457655248720668,0.6915310497441336,0.5762758747867781,0.6915310497441336,0.9220413996588447,0.46102069982942234,0.6915310497441336,0.8067862247014891,0.3457655248720668,0.9220413996588447,0.46102069982942234,0.5762758747867781,0.23051034991471117,1.1525517495735562,0.8067862247014891,0.5762758747867781,0.11525517495735559,0.46102069982942234,0.8067862247014891,0.23051034991471117,0.9220413996588447,0.46102069982942234,0.11525517495735559,0.46102069982942234,0.9220413996588447,0.5762758747867781,0.8067862247014891,0.9220413996588447,0.5762758747867781,0.6915310497441336,0.23051034991471117,0.9220413996588447,0.46102069982942234,0.3457655248720668,1.4983172744456228,1.1525517495735562,0.9220413996588447,1.0372965746162006,0.46102069982942234,1.728827624360334,0.6915310497441336,1.3830620994882672,1.1525517495735562,1.1525517495735562,1.2678069245309116,0.46102069982942234,0.5762758747867781,0.23051034991471117,0.8067862247014891,1.3830620994882672,1.6135724494029782,1.1525517495735562,0.23051034991471117,0.6915310497441336,0.9220413996588447,0.9220413996588447,0.8067862247014891,1.0372965746162006,1.0372965746162006,1.9593379742750452,1.4983172744456228,0.9220413996588447,0.8067862247014891,0.23051034991471117,0.46102069982942234,0.6915310497441336,0.6915310497441336,0.23051034991471117,0.6915310497441336,0.5762758747867781,0.5762758747867781,1.1525517495735562,0.46102069982942234,0.8067862247014891,0.23051034991471117,0.23051034991471117,0.6915310497441336,0.23051034991471117,0.3457655248720668,0.5762758747867781,0.23051034991471117,0.5762758747867781,1.0372965746162006,0.6915310497441336,0.6915310497441336,0.8067862247014891,0.5762758747867781,0.11525517495735559,0.9220413996588447,0.3457655248720668,0.6915310497441336,0.8067862247014891,0.46102069982942234,0.23051034991471117,0.46102069982942234,0.8067862247014891,0.3457655248720668,0.23051034991471117,0.3457655248720668,0.6915310497441336,0.5762758747867781,1.0372965746162006,0.3457655248720668,0.6915310497441336,0.5762758747867781,0.46102069982942234,1.1525517495735562,0.6915310497441336,0.9220413996588447,0.5762758747867781,0.5762758747867781,0.6915310497441336,0.6915310497441336,0.46102069982942234,1.2678069245309116,0.9220413996588447,0.46102069982942234,0.6915310497441336,0.23051034991471117,0.46102069982942234,0.46102069982942234,0.5762758747867781,0.9220413996588447,0.46102069982942234,0.5762758747867781,0.5762758747867781,0.46102069982942234,0.5762758747867781,0.3457655248720668,0.23051034991471117,0.3457655248720668,0.23051034991471117,0.5762758747867781,0.5762758747867781,0.6915310497441336,0.8067862247014891,0.6915310497441336,0.11525517495735559,0.5762758747867781,0.5762758747867781,0.11525517495735559,0.46102069982942234,0.46102069982942234,,,,,,,,,,,,,,,,,,,,,,,,,,,,,,,,,,,,,,,,,,,,,,,,,,,,,,,,
,,,,,,,,,,,,,,,,,,,,,,,,,,,,,,,,,,,,,,,,,0.46102069982942234,0.3457655248720668,0.3457655248720668,0.5762758747867781,0.6915310497441336,0.6915310497441336,0.6915310497441336,0.3457655248720668,0.3457655248720668,0.5762758747867781,0.3457655248720668,0.9220413996588447,0.5762758747867781,0.3457655248720668,1.4983172744456228,0.5762758747867781,0.5762758747867781,0.23051034991471117,0.8067862247014891,0.46102069982942234,0.46102069982942234,0.9220413996588447,0.3457655248720668,0.8067862247014891,0.6915310497441336,0.5762758747867781,0.6915310497441336,0.23051034991471117,0.6915310497441336,0.46102069982942234,0.6915310497441336,0.6915310497441336,0.6915310497441336,0.46102069982942234,0.8067862247014891,0.5762758747867781,1.0372965746162006,0.5762758747867781,0.23051034991471117,0.46102069982942234,0.3457655248720668,0.5762758747867781,0.8067862247014891,1.1525517495735562,0.46102069982942234,0.6915310497441336,0.5762758747867781,0.8067862247014891,1.3830620994882672,0.5762758747867781,0.8067862247014891,0.6915310497441336,0.46102069982942234,0.6915310497441336,0.5762758747867781,1.0372965746162006,1.0372965746162006,1.6135724494029782,1.3830620994882672,0.8067862247014891,0.8067862247014891,2.1898483241897564,0.5762758747867781,0.8067862247014891,1.2678069245309116,1.2678069245309116,2.4203586741044676,1.3830620994882672,1.1525517495735562,0.6915310497441336,0.9220413996588447,0.3457655248720668,0.9220413996588447,0.6915310497441336,1.1525517495735562,0.5762758747867781,2.1898483241897564,1.8440827993176894,0.46102069982942234,1.4983172744456228,1.3830620994882672,0.46102069982942234,0.3457655248720668,0.23051034991471117,0.3457655248720668,0.3457655248720668,0.5762758747867781,1.3830620994882672,0.46102069982942234,0.6915310497441336,0.6915310497441336,0.3457655248720668,0.5762758747867781,0.8067862247014891,0.8067862247014891,1.0372965746162006,0.5762758747867781,0.5762758747867781,0.6915310497441336,0.3457655248720668,0.46102069982942234,0.46102069982942234,0.6915310497441336,0.8067862247014891,0.9220413996588447,1.0372965746162006,0.11525517495735559,0.6915310497441336,0.3457655248720668,0.6915310497441336,0.6915310497441336,0.9220413996588447,0.6915310497441336,0.5762758747867781,1.0372965746162006,0.3457655248720668,0.5762758747867781,0.6915310497441336,0.6915310497441336,0.6915310497441336,0.6915310497441336,0.6915310497441336,0.9220413996588447,0.9220413996588447,0.9220413996588447,0.23051034991471117,0.8067862247014891,0.9220413996588447,0.8067862247014891,0.8067862247014891,0.8067862247014891,0.6915310497441336,0.6915310497441336,0.3457655248720668,0.5762758747867781,0.5762758747867781,0.9220413996588447,1.3830620994882672,0.6915310497441336,1.1525517495735562,0.9220413996588447,0.9220413996588447,0.11525517495735559,0.6915310497441336,0.8067862247014891,0.8067862247014891,0.23051034991471117,0.5762758747867781,0.6915310497441336,0.6915310497441336,0.8067862247014891,0.23051034991471117,0.5762758747867781,0.8067862247014891,0.11525517495735559,0.6915310497441336,0.8067862247014891,0.9220413996588447,0.46102069982942234,,,,,,,,,,,,,,,,,,,,,,,,,,,,,,,,,,,,,,,,,,,,,,,,,,,,,,,,
,,,,,,,,,,,,,,,,,,,,,,,,,,,,,,,,,,,,,,,,,0.11525517495735559,0.46102069982942234,0.46102069982942234,0.6915310497441336,0.3457655248720668,0.3457655248720668,0.11525517495735559,0.6915310497441336,0.8067862247014891,0.6915310497441336,0.6915310497441336,1.1525517495735562,1.3830620994882672,1.0372965746162006,0.6915310497441336,0.9220413996588447,0.5762758747867781,0.11525517495735559,0.5762758747867781,0.46102069982942234,0.6915310497441336,0.5762758747867781,1.1525517495735562,0.9220413996588447,0.5762758747867781,0.23051034991471117,0.46102069982942234,0.46102069982942234,0.6915310497441336,0.9220413996588447,0.5762758747867781,0.5762758747867781,1.2678069245309116,0.46102069982942234,0.3457655248720668,0.8067862247014891,0.23051034991471117,0.8067862247014891,0.11525517495735559,0.11525517495735559,0.23051034991471117,0.8067862247014891,0.6915310497441336,0.3457655248720668,0.5762758747867781,0.23051034991471117,0.5762758747867781,0.6915310497441336,1.0372965746162006,0.6915310497441336,1.0372965746162006,0.6915310497441336,0.5762758747867781,0.3457655248720668,0.5762758747867781,0.46102069982942234,0.6915310497441336,1.3830620994882672,1.1525517495735562,0.5762758747867781,0.9220413996588447,0.5762758747867781,0.6915310497441336,1.0372965746162006,0.9220413996588447,1.6135724494029782,1.4983172744456228,1.0372965746162006,1.1525517495735562,0.46102069982942234,0.3457655248720668,0.5762758747867781,0.9220413996588447,0.11525517495735559,1.0372965746162006,0.46102069982942234,1.1525517495735562,0.3457655248720668,1.1525517495735562,1.0372965746162006,1.6135724494029782,1.3830620994882672,0.6915310497441336,0.8067862247014891,0.6915310497441336,0.8067862247014891,0.9220413996588447,0.46102069982942234,0.46102069982942234,0.5762758747867781,0.46102069982942234,0.6915310497441336,1.0372965746162006,0.5762758747867781,0.46102069982942234,0.5762758747867781,0.46102069982942234,0.46102069982942234,1.0372965746162006,0.3457655248720668,0.3457655248720668,0.8067862247014891,0.3457655248720668,0.8067862247014891,0.23051034991471117,0.46102069982942234,0.6915310497441336,0.46102069982942234,0.11525517495735559,0.6915310497441336,0.6915310497441336,1.1525517495735562,0.8067862247014891,0.5762758747867781,0.8067862247014891,0.9220413996588447,0.5762758747867781,0.46102069982942234,1.0372965746162006,1.2678069245309116,1.0372965746162006,0.6915310497441336,0.46102069982942234,0.6915310497441336,0.5762758747867781,1.2678069245309116,0.8067862247014891,0.8067862247014891,0.6915310497441336,1.1525517495735562,0.23051034991471117,1.728827624360334,0.8067862247014891,0.46102069982942234,0.3457655248720668,0.6915310497441336,1.2678069245309116,0.9220413996588447,0.5762758747867781,0.46102069982942234,0.3457655248720668,0.3457655248720668,0.46102069982942234,0.8067862247014891,0.6915310497441336,0.9220413996588447,0.46102069982942234,1.728827624360334,0.5762758747867781,0.5762758747867781,0.3457655248720668,0.46102069982942234,0.46102069982942234,0.8067862247014891,0.46102069982942234,0.6915310497441336,0.5762758747867781,0.5762758747867781,,,,,,,,,,,,,,,,,,,,,,,,,,,,,,,,,,,,,,,,,,,,,,,,,,,,,,,,,
,,,,,,,,,,,,,,,,,,,,,,,,,,,,,,,,,,,,,,,,,0.3457655248720668,1.4983172744456228,0.8067862247014891,0.3457655248720668,0.8067862247014891,0.5762758747867781,0.23051034991471117,0.5762758747867781,0.46102069982942234,0.9220413996588447,0.5762758747867781,1.3830620994882672,0.5762758747867781,0.5762758747867781,1.0372965746162006,0.3457655248720668,0.23051034991471117,0.5762758747867781,0.46102069982942234,0.5762758747867781,0.46102069982942234,0.5762758747867781,0.8067862247014891,0.8067862247014891,0.23051034991471117,0.6915310497441336,0.5762758747867781,0.8067862247014891,0.23051034991471117,0.6915310497441336,0.11525517495735559,0.5762758747867781,0.6915310497441336,0.3457655248720668,0.3457655248720668,0.46102069982942234,0.8067862247014891,0.46102069982942234,0.0,1.2678069245309116,0.46102069982942234,0.23051034991471117,1.0372965746162006,0.3457655248720668,0.46102069982942234,0.8067862247014891,0.46102069982942234,0.9220413996588447,0.3457655248720668,0.6915310497441336,0.9220413996588447,0.23051034991471117,0.6915310497441336,0.3457655248720668,0.6915310497441336,0.8067862247014891,1.0372965746162006,0.5762758747867781,1.1525517495735562,0.8067862247014891,0.46102069982942234,0.3457655248720668,0.9220413996588447,0.3457655248720668,0.3457655248720668,0.46102069982942234,0.8067862247014891,0.46102069982942234,1.0372965746162006,0.3457655248720668,0.9220413996588447,0.8067862247014891,0.6915310497441336,0.23051034991471117,0.5762758747867781,0.9220413996588447,0.23051034991471117,0.9220413996588447,0.3457655248720668,1.4983172744456228,1.9593379742750452,1.1525517495735562,0.8067862247014891,0.46102069982942234,0.5762758747867781,0.3457655248720668,0.6915310497441336,0.8067862247014891,0.6915310497441336,0.5762758747867781,0.11525517495735559,0.3457655248720668,0.23051034991471117,0.5762758747867781,0.9220413996588447,0.6915310497441336,0.6915310497441336,0.6915310497441336,0.3457655248720668,0.5762758747867781,0.3457655248720668,0.8067862247014891,0.6915310497441336,0.23051034991471117,0.46102069982942234,0.6915310497441336,0.23051034991471117,0.3457655248720668,0.6915310497441336,0.46102069982942234,0.9220413996588447,0.8067862247014891,0.5762758747867781,0.6915310497441336,0.6915310497441336,0.9220413996588447,0.46102069982942234,0.23051034991471117,0.3457655248720668,0.3457655248720668,0.46102069982942234,0.6915310497441336,0.9220413996588447,0.6915310497441336,0.9220413996588447,0.6915310497441336,1.0372965746162006,0.5762758747867781,0.5762758747867781,0.9220413996588447,1.1525517495735562,0.9220413996588447,1.3830620994882672,0.6915310497441336,0.46102069982942234,0.6915310497441336,0.6915310497441336,0.5762758747867781,0.9220413996588447,0.5762758747867781,0.3457655248720668,0.9220413996588447,0.3457655248720668,1.0372965746162006,0.46102069982942234,0.5762758747867781,1.0372965746162006,1.0372965746162006,1.1525517495735562,0.46102069982942234,0.9220413996588447,0.46102069982942234,0.23051034991471117,1.0372965746162006,0.46102069982942234,0.46102069982942234,0.8067862247014891,0.46102069982942234,,,,,,,,,,,,,,,,,,,,,,,,,,,,,,,,,,,,,,,,,,,,,,,,,,,,,,,,,
,,,,,,,,,,,,,,,,,,,,,,,,,,,,,,,,,,,,,,,,,0.6915310497441336,0.46102069982942234,0.3457655248720668,0.46102069982942234,1.0372965746162006,0.5762758747867781,0.46102069982942234,0.6915310497441336,0.6915310497441336,0.11525517495735559,1.0372965746162006,0.5762758747867781,0.8067862247014891,0.6915310497441336,0.6915310497441336,0.9220413996588447,0.9220413996588447,0.46102069982942234,0.23051034991471117,0.9220413996588447,0.9220413996588447,0.8067862247014891,0.6915310497441336,0.46102069982942234,0.6915310497441336,0.9220413996588447,0.5762758747867781,0.5762758747867781,1.0372965746162006,0.23051034991471117,0.5762758747867781,0.5762758747867781,0.8067862247014891,0.3457655248720668,0.6915310497441336,0.8067862247014891,0.46102069982942234,1.1525517495735562,0.11525517495735559,0.46102069982942234,0.6915310497441336,1.1525517495735562,0.6915310497441336,0.5762758747867781,0.3457655248720668,0.5762758747867781,0.8067862247014891,0.3457655248720668,0.46102069982942234,0.6915310497441336,1.0372965746162006,0.5762758747867781,0.5762758747867781,0.6915310497441336,0.8067862247014891,0.8067862247014891,1.0372965746162006,1.728827624360334,0.5762758747867781,0.6915310497441336,0.8067862247014891,0.6915310497441336,0.8067862247014891,0.11525517495735559,0.9220413996588447,0.8067862247014891,1.1525517495735562,0.3457655248720668,1.0372965746162006,0.3457655248720668,1.0372965746162006,0.46102069982942234,0.23051034991471117,0.5762758747867781,0.3457655248720668,0.5762758747867781,0.23051034991471117,0.3457655248720668,0.9220413996588447,0.5762758747867781,1.1525517495735562,0.6915310497441336,0.46102069982942234,0.0,0.3457655248720668,0.5762758747867781,0.46102069982942234,0.46102069982942234,0.8067862247014891,0.46102069982942234,0.46102069982942234,0.6915310497441336,0.3457655248720668,0.3457655248720668,0.23051034991471117,0.3457655248720668,0.5762758747867781,0.5762758747867781,0.46102069982942234,0.46102069982942234,0.5762758747867781,0.3457655248720668,0.3457655248720668,0.8067862247014891,0.46102069982942234,0.46102069982942234,0.6915310497441336,0.3457655248720668,1.2678069245309116,0.5762758747867781,0.6915310497441336,0.6915310497441336,0.5762758747867781,0.3457655248720668,0.6915310497441336,0.46102069982942234,0.46102069982942234,0.8067862247014891,0.46102069982942234,0.8067862247014891,0.11525517495735559,0.6915310497441336,0.3457655248720668,1.0372965746162006,0.46102069982942234,0.46102069982942234,0.8067862247014891,0.8067862247014891,1.2678069245309116,0.9220413996588447,0.5762758747867781,1.1525517495735562,0.3457655248720668,1.0372965746162006,1.0372965746162006,0.3457655248720668,0.8067862247014891,0.8067862247014891,0.46102069982942234,0.46102069982942234,0.6915310497441336,0.23051034991471117,0.9220413996588447,1.1525517495735562,0.9220413996588447,0.9220413996588447,0.5762758747867781,0.46102069982942234,0.8067862247014891,0.6915310497441336,0.9220413996588447,0.5762758747867781,0.8067862247014891,0.5762758747867781,0.8067862247014891,1.1525517495735562,0.5762758747867781,0.9220413996588447,,,,,,,,,,,,,,,,,,,,,,,,,,,,,,,,,,,,,,,,,,,,,,,,,,,,,,,,,
,,,,,,,,,,,,,,,,,,,,,,,,,,,,,,,,,,,,,,,,,,,,0.8067862247014891,0.11525517495735559,0.5762758747867781,0.6915310497441336,1.1525517495735562,1.0372965746162006,0.3457655248720668,0.8067862247014891,0.9220413996588447,0.8067862247014891,0.3457655248720668,0.6915310497441336,0.5762758747867781,0.9220413996588447,0.46102069982942234,0.5762758747867781,1.1525517495735562,0.3457655248720668,0.6915310497441336,0.46102069982942234,1.6135724494029782,0.46102069982942234,0.6915310497441336,0.23051034991471117,0.8067862247014891,0.6915310497441336,0.5762758747867781,0.46102069982942234,0.6915310497441336,0.8067862247014891,0.8067862247014891,0.5762758747867781,1.0372965746162006,0.6915310497441336,0.46102069982942234,0.23051034991471117,0.3457655248720668,0.23051034991471117,0.9220413996588447,0.9220413996588447,0.8067862247014891,0.8067862247014891,0.46102069982942234,0.3457655248720668,0.8067862247014891,1.4983172744456228,0.46102069982942234,1.3830620994882672,1.0372965746162006,0.9220413996588447,1.2678069245309116,1.2678069245309116,1.0372965746162006,0.5762758747867781,1.6135724494029782,1.0372965746162006,0.5762758747867781,0.6915310497441336,0.8067862247014891,0.3457655248720668,0.46102069982942234,0.46102069982942234,0.46102069982942234,0.6915310497441336,0.46102069982942234,1.1525517495735562,0.5762758747867781,0.5762758747867781,0.5762758747867781,0.46102069982942234,0.5762758747867781,0.5762758747867781,0.9220413996588447,0.46102069982942234,0.3457655248720668,0.46102069982942234,0.46102069982942234,0.3457655248720668,0.3457655248720668,0.5762758747867781,0.0,0.9220413996588447,0.46102069982942234,0.6915310497441336,0.6915310497441336,0.5762758747867781,0.23051034991471117,0.8067862247014891,0.3457655248720668,0.5762758747867781,0.46102069982942234,0.23051034991471117,0.5762758747867781,0.23051034991471117,0.3457655248720668,0.46102069982942234,0.5762758747867781,0.46102069982942234,0.5762758747867781,0.3457655248720668,0.3457655248720668,0.46102069982942234,0.6915310497441336,0.3457655248720668,0.46102069982942234,0.46102069982942234,0.6915310497441336,0.3457655248720668,1.1525517495735562,0.5762758747867781,0.9220413996588447,0.46102069982942234,0.5762758747867781,0.9220413996588447,1.2678069245309116,0.46102069982942234,0.8067862247014891,0.3457655248720668,0.8067862247014891,0.6915310497441336,0.9220413996588447,1.2678069245309116,0.6915310497441336,0.6915310497441336,0.46102069982942234,0.8067862247014891,0.8067862247014891,0.9220413996588447,0.6915310497441336,0.5762758747867781,1.0372965746162006,0.5762758747867781,0.8067862247014891,0.3457655248720668,0.8067862247014891,0.6915310497441336,0.3457655248720668,0.8067862247014891,0.5762758747867781,0.46102069982942234,0.6915310497441336,0.6915310497441336,0.6915310497441336,0.9220413996588447,0.9220413996588447,0.5762758747867781,0.9220413996588447,0.23051034991471117,0.8067862247014891,0.11525517495735559,0.6915310497441336,0.11525517495735559,0.6915310497441336,0.3457655248720668,,,,,,,,,,,,,,,,,,,,,,,,,,,,,,,,,,,,,,,,,,,,,,,,,,,,,,,,,,
,,,,,,,,,,,,,,,,,,,,,,,,,,,,,,,,,,,,,,,,,,,,,0.6915310497441336,0.5762758747867781,1.0372965746162006,0.46102069982942234,0.9220413996588447,0.3457655248720668,0.6915310497441336,0.23051034991471117,0.23051034991471117,0.6915310497441336,0.6915310497441336,0.8067862247014891,0.5762758747867781,0.6915310497441336,0.3457655248720668,0.8067862247014891,0.8067862247014891,0.11525517495735559,0.6915310497441336,0.3457655248720668,0.5762758747867781,0.6915310497441336,0.6915310497441336,1.3830620994882672,0.8067862247014891,0.5762758747867781,0.23051034991471117,0.3457655248720668,1.2678069245309116,0.8067862247014891,0.23051034991471117,0.46102069982942234,0.3457655248720668,0.46102069982942234,0.6915310497441336,0.5762758747867781,0.6915310497441336,0.46102069982942234,0.8067862247014891,0.46102069982942234,0.5762758747867781,0.46102069982942234,1.0372965746162006,0.6915310497441336,1.0372965746162006,0.23051034991471117,0.3457655248720668,0.6915310497441336,0.5762758747867781,1.2678069245309116,1.1525517495735562,1.2678069245309116,1.8440827993176894,0.9220413996588447,1.0372965746162006,0.6915310497441336,0.9220413996588447,0.46102069982942234,0.3457655248720668,0.8067862247014891,0.3457655248720668,0.8067862247014891,0.9220413996588447,0.9220413996588447,0.8067862247014891,0.8067862247014891,0.3457655248720668,0.46102069982942234,0.6915310497441336,0.23051034991471117,0.5762758747867781,0.11525517495735559,0.9220413996588447,0.3457655248720668,0.46102069982942234,0.6915310497441336,0.8067862247014891,0.46102069982942234,0.3457655248720668,1.1525517495735562,0.6915310497441336,0.3457655248720668,0.46102069982942234,0.8067862247014891,0.5762758747867781,0.8067862247014891,0.3457655248720668,0.46102069982942234,0.8067862247014891,0.6915310497441336,0.6915310497441336,0.9220413996588447,0.3457655248720668,0.5762758747867781,0.5762758747867781,0.3457655248720668,1.0372965746162006,0.5762758747867781,0.8067862247014891,0.5762758747867781,0.46102069982942234,0.8067862247014891,0.5762758747867781,0.5762758747867781,1.0372965746162006,0.6915310497441336,1.0372965746162006,0.6915310497441336,0.46102069982942234,0.23051034991471117,0.5762758747867781,0.8067862247014891,0.11525517495735559,0.3457655248720668,0.46102069982942234,0.8067862247014891,0.5762758747867781,0.46102069982942234,0.6915310497441336,0.8067862247014891,0.23051034991471117,0.6915310497441336,0.5762758747867781,0.23051034991471117,0.8067862247014891,0.46102069982942234,0.6915310497441336,0.8067862247014891,0.9220413996588447,0.11525517495735559,0.6915310497441336,0.9220413996588447,0.9220413996588447,0.8067862247014891,0.23051034991471117,0.6915310497441336,0.46102069982942234,0.8067862247014891,0.5762758747867781,0.8067862247014891,0.8067862247014891,0.3457655248720668,0.5762758747867781,0.6915310497441336,0.6915310497441336,0.3457655248720668,0.9220413996588447,1.0372965746162006,0.46102069982942234,0.8067862247014891,0.8067862247014891,0.5762758747867781,0.5762758747867781,,,,,,,,,,,,,,,,,,,,,,,,,,,,,,,,,,,,,,,,,,,,,,,,,,,,,,,,,,
,,,,,,,,,,,,,,,,,,,,,,,,,,,,,,,,,,,,,,,,,,,,0.0,1.0372965746162006,0.9220413996588447,1.0372965746162006,0.3457655248720668,0.3457655248720668,0.0,0.6915310497441336,0.5762758747867781,0.5762758747867781,0.11525517495735559,0.5762758747867781,0.46102069982942234,0.5762758747867781,0.5762758747867781,0.8067862247014891,0.8067862247014891,1.1525517495735562,0.9220413996588447,0.46102069982942234,0.46102069982942234,0.3457655248720668,0.3457655248720668,0.6915310497441336,0.5762758747867781,0.8067862247014891,0.8067862247014891,0.46102069982942234,0.5762758747867781,0.9220413996588447,0.6915310497441336,0.6915310497441336,0.46102069982942234,0.23051034991471117,0.6915310497441336,0.6915310497441336,0.6915310497441336,1.0372965746162006,0.9220413996588447,1.1525517495735562,0.8067862247014891,0.8067862247014891,0.6915310497441336,1.1525517495735562,1.0372965746162006,0.8067862247014891,0.8067862247014891,0.23051034991471117,0.5762758747867781,1.1525517495735562,0.9220413996588447,1.4983172744456228,1.3830620994882672,0.6915310497441336,1.0372965746162006,0.6915310497441336,0.46102069982942234,0.5762758747867781,0.23051034991471117,0.8067862247014891,0.9220413996588447,0.46102069982942234,0.6915310497441336,1.3830620994882672,1.1525517495735562,0.6915310497441336,0.3457655248720668,0.5762758747867781,0.11525517495735559,0.3457655248720668,0.8067862247014891,0.11525517495735559,0.46102069982942234,0.5762758747867781,0.46102069982942234,0.5762758747867781,0.3457655248720668,1.0372965746162006,0.9220413996588447,0.46102069982942234,0.3457655248720668,0.6915310497441336,0.8067862247014891,0.46102069982942234,0.3457655248720668,0.3457655248720668,0.23051034991471117,0.3457655248720668,0.5762758747867781,0.8067862247014891,0.3457655248720668,0.3457655248720668,0.46102069982942234,0.3457655248720668,0.46102069982942234,0.8067862247014891,0.5762758747867781,0.46102069982942234,0.23051034991471117,0.23051034991471117,0.5762758747867781,1.0372965746162006,0.5762758747867781,0.23051034991471117,0.11525517495735559,1.2678069245309116,0.9220413996588447,0.3457655248720668,0.6915310497441336,0.46102069982942234,0.3457655248720668,0.46102069982942234,0.3457655248720668,0.46102069982942234,0.5762758747867781,0.5762758747867781,1.2678069245309116,0.8067862247014891,0.9220413996588447,0.8067862247014891,0.9220413996588447,0.5762758747867781,0.23051034991471117,1.1525517495735562,0.3457655248720668,0.5762758747867781,0.46102069982942234,0.5762758747867781,0.5762758747867781,0.11525517495735559,0.23051034991471117,0.23051034991471117,0.5762758747867781,0.3457655248720668,0.5762758747867781,0.6915310497441336,0.3457655248720668,0.9220413996588447,0.6915310497441336,0.46102069982942234,0.46102069982942234,0.8067862247014891,0.11525517495735559,0.8067862247014891,0.9220413996588447,0.9220413996588447,0.8067862247014891,0.46102069982942234,0.9220413996588447,0.6915310497441336,0.5762758747867781,0.46102069982942234,0.6915310497441336,,,,,,,,,,,,,,,,,,,,,,,,,,,,,,,,,,,,,,,,,,,,,,,,,,,,,,,,,,,
,,,,,,,,,,,,,,,,,,,,,,,,,,,,,,,,,,,,,,,,,,,,1.0372965746162006,0.8067862247014891,0.6915310497441336,0.46102069982942234,0.46102069982942234,0.9220413996588447,0.5762758747867781,0.8067862247014891,0.6915310497441336,0.6915310497441336,0.11525517495735559,0.6915310497441336,0.46102069982942234,0.46102069982942234,0.3457655248720668,1.2678069245309116,0.6915310497441336,1.1525517495735562,1.0372965746162006,0.46102069982942234,1.2678069245309116,0.6915310497441336,0.6915310497441336,0.3457655248720668,0.3457655248720668,1.4983172744456228,0.5762758747867781,0.5762758747867781,0.8067862247014891,0.9220413996588447,0.46102069982942234,1.1525517495735562,0.6915310497441336,0.5762758747867781,0.8067862247014891,0.5762758747867781,0.8067862247014891,0.5762758747867781,0.6915310497441336,0.5762758747867781,1.2678069245309116,0.46102069982942234,1.2678069245309116,0.46102069982942234,0.6915310497441336,0.5762758747867781,0.9220413996588447,0.23051034991471117,1.0372965746162006,1.0372965746162006,1.2678069245309116,1.8440827993176894,1.1525517495735562,1.3830620994882672,0.9220413996588447,0.8067862247014891,0.9220413996588447,0.6915310497441336,0.46102069982942234,0.8067862247014891,0.8067862247014891,0.9220413996588447,0.5762758747867781,0.3457655248720668,0.46102069982942234,0.46102069982942234,0.5762758747867781,0.3457655248720668,0.23051034991471117,0.6915310497441336,0.46102069982942234,0.5762758747867781,0.5762758747867781,0.11525517495735559,1.1525517495735562,0.5762758747867781,0.3457655248720668,0.46102069982942234,1.0372965746162006,0.46102069982942234,0.46102069982942234,0.3457655248720668,0.46102069982942234,0.5762758747867781,0.5762758747867781,0.5762758747867781,0.23051034991471117,0.46102069982942234,0.5762758747867781,0.6915310497441336,0.46102069982942234,0.5762758747867781,0.5762758747867781,0.8067862247014891,0.6915310497441336,0.46102069982942234,0.0,0.3457655248720668,1.0372965746162006,0.6915310497441336,1.0372965746162006,0.23051034991471117,0.6915310497441336,0.6915310497441336,0.5762758747867781,0.46102069982942234,0.5762758747867781,0.5762758747867781,0.23051034991471117,0.46102069982942234,0.46102069982942234,0.5762758747867781,1.0372965746162006,0.5762758747867781,0.23051034991471117,0.9220413996588447,0.5762758747867781,0.5762758747867781,0.3457655248720668,0.8067862247014891,0.5762758747867781,0.46102069982942234,0.6915310497441336,1.1525517495735562,0.9220413996588447,0.6915310497441336,0.5762758747867781,1.0372965746162006,0.6915310497441336,0.8067862247014891,0.6915310497441336,0.8067862247014891,0.8067862247014891,0.6915310497441336,0.6915310497441336,0.5762758747867781,0.5762758747867781,0.46102069982942234,0.6915310497441336,0.46102069982942234,0.3457655248720668,1.1525517495735562,0.23051034991471117,0.6915310497441336,0.46102069982942234,0.5762758747867781,0.3457655248720668,0.6915310497441336,0.46102069982942234,0.3457655248720668,0.23051034991471117,0.46102069982942234,0.8067862247014891,,,,,,,,,,,,,,,,,,,,,,,,,,,,,,,,,,,,,,,,,,,,,,,,,,,,,,,,,,,
,,,,,,,,,,,,,,,,,,,,,,,,,,,,,,,,,,,,,,,,,,,,0.5762758747867781,0.46102069982942234,0.6915310497441336,1.0372965746162006,0.5762758747867781,0.23051034991471117,0.9220413996588447,0.6915310497441336,1.0372965746162006,0.8067862247014891,0.6915310497441336,0.9220413996588447,1.1525517495735562,1.4983172744456228,0.5762758747867781,1.0372965746162006,0.8067862247014891,0.5762758747867781,0.46102069982942234,0.46102069982942234,0.23051034991471117,0.3457655248720668,0.23051034991471117,0.5762758747867781,0.9220413996588447,0.8067862247014891,0.8067862247014891,0.5762758747867781,0.5762758747867781,1.2678069245309116,0.23051034991471117,0.9220413996588447,1.1525517495735562,0.8067862247014891,0.8067862247014891,0.9220413996588447,0.6915310497441336,0.6915310497441336,0.8067862247014891,1.2678069245309116,0.5762758747867781,0.8067862247014891,1.0372965746162006,0.5762758747867781,0.9220413996588447,0.5762758747867781,0.6915310497441336,0.23051034991471117,0.6915310497441336,1.0372965746162006,1.3830620994882672,1.6135724494029782,0.8067862247014891,0.8067862247014891,0.8067862247014891,1.0372965746162006,0.46102069982942234,0.5762758747867781,0.5762758747867781,0.6915310497441336,0.46102069982942234,0.3457655248720668,0.5762758747867781,0.5762758747867781,0.23051034991471117,0.8067862247014891,0.6915310497441336,0.6915310497441336,0.3457655248720668,0.46102069982942234,0.6915310497441336,0.6915310497441336,0.9220413996588447,0.6915310497441336,0.6915310497441336,0.6915310497441336,0.8067862247014891,0.6915310497441336,0.5762758747867781,0.5762758747867781,0.46102069982942234,0.3457655248720668,0.23051034991471117,0.6915310497441336,0.46102069982942234,0.6915310497441336,0.5762758747867781,0.46102069982942234,0.3457655248720668,0.6915310497441336,0.3457655248720668,0.3457655248720668,0.11525517495735559,0.5762758747867781,0.5762758747867781,0.46102069982942234,0.6915310497441336,0.23051034991471117,0.23051034991471117,0.23051034991471117,0.6915310497441336,0.3457655248720668,0.6915310497441336,0.46102069982942234,0.5762758747867781,0.11525517495735559,0.6915310497441336,0.5762758747867781,1.1525517495735562,0.8067862247014891,0.46102069982942234,0.8067862247014891,0.3457655248720668,0.6915310497441336,0.3457655248720668,0.5762758747867781,0.46102069982942234,0.5762758747867781,0.6915310497441336,0.9220413996588447,0.8067862247014891,0.8067862247014891,1.1525517495735562,0.6915310497441336,0.3457655248720668,0.8067862247014891,0.6915310497441336,0.5762758747867781,0.3457655248720668,0.6915310497441336,0.9220413996588447,0.3457655248720668,0.5762758747867781,0.6915310497441336,0.9220413996588447,0.46102069982942234,0.8067862247014891,0.6915310497441336,0.46102069982942234,0.5762758747867781,0.23051034991471117,0.46102069982942234,0.8067862247014891,0.46102069982942234,0.5762758747867781,0.46102069982942234,0.46102069982942234,0.8067862247014891,0.5762758747867781,0.8067862247014891,0.8067862247014891,0.9220413996588447,0.23051034991471117,,,,,,,,,,,,,,,,,,,,,,,,,,,,,,,,,,,,,,,,,,,,,,,,,,,,,,,,,,,
,,,,,,,,,,,,,,,,,,,,,,,,,,,,,,,,,,,,,,,,,,,,0.5762758747867781,0.46102069982942234,0.6915310497441336,0.23051034991471117,1.0372965746162006,0.11525517495735559,0.8067862247014891,0.46102069982942234,0.46102069982942234,1.1525517495735562,0.5762758747867781,0.3457655248720668,0.8067862247014891,1.0372965746162006,0.46102069982942234,0.23051034991471117,0.6915310497441336,0.3457655248720668,0.46102069982942234,0.3457655248720668,0.46102069982942234,0.9220413996588447,0.8067862247014891,0.3457655248720668,0.5762758747867781,0.5762758747867781,0.46102069982942234,0.8067862247014891,0.9220413996588447,0.9220413996588447,0.8067862247014891,0.9220413996588447,0.6915310497441336,0.5762758747867781,0.3457655248720668,1.0372965746162006,0.6915310497441336,0.23051034991471117,1.1525517495735562,0.3457655248720668,0.6915310497441336,0.8067862247014891,0.9220413996588447,1.0372965746162006,2.0745931492324012,1.3830620994882672,1.728827624360334,0.9220413996588447,0.8067862247014891,1.3830620994882672,1.9593379742750452,1.8440827993176894,1.728827624360334,0.9220413996588447,0.6915310497441336,0.5762758747867781,0.9220413996588447,0.46102069982942234,0.46102069982942234,1.6135724494029782,0.23051034991471117,0.3457655248720668,0.46102069982942234,1.0372965746162006,0.5762758747867781,0.5762758747867781,0.8067862247014891,1.1525517495735562,0.8067862247014891,0.8067862247014891,0.9220413996588447,0.5762758747867781,0.8067862247014891,0.23051034991471117,0.11525517495735559,0.3457655248720668,0.6915310497441336,0.3457655248720668,0.5762758747867781,0.5762758747867781,0.5762758747867781,0.46102069982942234,0.6915310497441336,0.8067862247014891,0.6915310497441336,0.8067862247014891,0.3457655248720668,0.11525517495735559,0.3457655248720668,0.23051034991471117,0.23051034991471117,0.46102069982942234,0.8067862247014891,0.11525517495735559,0.3457655248720668,0.46102069982942234,0.23051034991471117,0.46102069982942234,0.11525517495735559,0.46102069982942234,0.3457655248720668,0.6915310497441336,0.3457655248720668,0.6915310497441336,0.5762758747867781,0.5762758747867781,0.23051034991471117,0.6915310497441336,0.46102069982942234,0.5762758747867781,0.3457655248720668,0.3457655248720668,0.5762758747867781,0.5762758747867781,0.6915310497441336,0.46102069982942234,0.8067862247014891,0.5762758747867781,0.6915310497441336,0.46102069982942234,1.2678069245309116,1.3830620994882672,0.6915310497441336,0.5762758747867781,0.3457655248720668,0.9220413996588447,0.8067862247014891,1.2678069245309116,0.5762758747867781,0.46102069982942234,0.8067862247014891,0.5762758747867781,0.6915310497441336,0.5762758747867781,0.8067862247014891,0.46102069982942234,0.3457655248720668,0.3457655248720668,0.5762758747867781,0.3457655248720668,0.5762758747867781,0.9220413996588447,0.9220413996588447,0.6915310497441336,0.6915310497441336,0.23051034991471117,,,,,0.46102069982942234,0.8067862247014891,,,,,,,,,,,,,,,,,,,,,,,,,,,,,,,,,,,,,,,,,,,,,,,,,,,,,,,,,,,,
,,,,,,,,,,,,,,,,,,,,,,,,,,,,,,,,,,,,,,,,,,,,,1.0372965746162006,0.6915310497441336,0.5762758747867781,0.9220413996588447,0.46102069982942234,0.11525517495735559,0.46102069982942234,0.23051034991471117,0.5762758747867781,0.6915310497441336,0.3457655248720668,0.6915310497441336,1.0372965746162006,0.5762758747867781,0.6915310497441336,0.46102069982942234,0.3457655248720668,0.9220413996588447,0.6915310497441336,1.0372965746162006,1.1525517495735562,0.6915310497441336,1.0372965746162006,0.9220413996588447,0.6915310497441336,0.46102069982942234,0.46102069982942234,0.8067862247014891,0.46102069982942234,0.8067862247014891,0.5762758747867781,0.6915310497441336,0.8067862247014891,1.2678069245309116,0.9220413996588447,0.6915310497441336,1.2678069245309116,0.5762758747867781,0.5762758747867781,1.3830620994882672,1.4983172744456228,1.4983172744456228,1.0372965746162006,1.6135724494029782,2.1898483241897564,1.4983172744456228,1.2678069245309116,1.3830620994882672,1.2678069245309116,1.0372965746162006,1.8440827993176894,1.2678069245309116,0.5762758747867781,0.8067862247014891,0.6915310497441336,0.6915310497441336,1.1525517495735562,1.1525517495735562,0.6915310497441336,0.6915310497441336,0.9220413996588447,0.5762758747867781,0.6915310497441336,0.5762758747867781,1.0372965746162006,0.46102069982942234,0.8067862247014891,0.46102069982942234,0.46102069982942234,1.0372965746162006,0.3457655248720668,0.3457655248720668,0.46102069982942234,0.23051034991471117,0.6915310497441336,0.3457655248720668,0.6915310497441336,0.8067862247014891,1.0372965746162006,0.5762758747867781,0.11525517495735559,0.8067862247014891,0.5762758747867781,0.5762758747867781,0.3457655248720668,0.5762758747867781,0.5762758747867781,0.46102069982942234,0.46102069982942234,0.46102069982942234,0.6915310497441336,0.46102069982942234,0.3457655248720668,0.6915310497441336,1.2678069245309116,1.2678069245309116,1.1525517495735562,0.5762758747867781,0.46102069982942234,0.8067862247014891,0.46102069982942234,0.5762758747867781,0.6915310497441336,0.23051034991471117,1.1525517495735562,0.46102069982942234,0.5762758747867781,0.3457655248720668,0.23051034991471117,0.8067862247014891,0.5762758747867781,0.23051034991471117,0.11525517495735559,0.6915310497441336,0.8067862247014891,0.8067862247014891,0.46102069982942234,0.6915310497441336,0.23051034991471117,0.3457655248720668,0.6915310497441336,0.9220413996588447,0.46102069982942234,0.9220413996588447,0.3457655248720668,0.23051034991471117,0.5762758747867781,0.6915310497441336,0.23051034991471117,0.9220413996588447,0.3457655248720668,0.3457655248720668,1.3830620994882672,0.9220413996588447,1.1525517495735562,1.0372965746162006,0.9220413996588447,0.9220413996588447,0.6915310497441336,0.3457655248720668,0.5762758747867781,0.5762758747867781,0.46102069982942234,0.46102069982942234,1.1525517495735562,,,,,,,,,,,,,,,,,,,,,,,,,,,,,,,,,,,,,,,,,,,,,,,,,,,,,,,,,,,,,,,,,,
,,,,,,,,,,,,,,,,,,,,,,,,,,,,,,,,,,,,,,,,,,,,,,0.0,1.0372965746162006,1.0372965746162006,0.9220413996588447,0.5762758747867781,0.46102069982942234,0.5762758747867781,0.5762758747867781,0.5762758747867781,0.46102069982942234,0.6915310497441336,0.6915310497441336,0.46102069982942234,0.5762758747867781,0.46102069982942234,0.9220413996588447,0.6915310497441336,0.5762758747867781,1.2678069245309116,1.1525517495735562,0.46102069982942234,0.8067862247014891,1.4983172744456228,0.46102069982942234,0.8067862247014891,0.5762758747867781,0.9220413996588447,0.3457655248720668,0.46102069982942234,1.1525517495735562,0.9220413996588447,0.5762758747867781,0.5762758747867781,1.3830620994882672,0.8067862247014891,0.5762758747867781,1.1525517495735562,1.4983172744456228,1.1525517495735562,1.728827624360334,0.9220413996588447,1.6135724494029782,1.9593379742750452,2.1898483241897564,2.0745931492324012,2.4203586741044676,1.6135724494029782,1.8440827993176894,1.8440827993176894,1.728827624360334,1.4983172744456228,0.8067862247014891,0.6915310497441336,0.3457655248720668,0.9220413996588447,0.5762758747867781,0.6915310497441336,0.11525517495735559,0.8067862247014891,1.6135724494029782,0.5762758747867781,0.46102069982942234,0.8067862247014891,0.8067862247014891,1.1525517495735562,0.5762758747867781,0.6915310497441336,0.3457655248720668,0.8067862247014891,1.0372965746162006,0.46102069982942234,0.46102069982942234,0.5762758747867781,0.46102069982942234,0.0,0.46102069982942234,0.5762758747867781,0.3457655248720668,0.5762758747867781,0.3457655248720668,0.6915310497441336,0.5762758747867781,0.6915310497441336,0.46102069982942234,0.23051034991471117,0.46102069982942234,0.46102069982942234,1.2678069245309116,0.23051034991471117,0.6915310497441336,0.46102069982942234,0.3457655248720668,0.6915310497441336,0.6915310497441336,0.23051034991471117,1.2678069245309116,0.46102069982942234,0.3457655248720668,0.6915310497441336,0.8067862247014891,1.6135724494029782,0.46102069982942234,0.11525517495735559,0.3457655248720668,0.3457655248720668,0.3457655248720668,0.9220413996588447,0.5762758747867781,0.6915310497441336,0.6915310497441336,0.9220413996588447,1.0372965746162006,0.3457655248720668,0.3457655248720668,0.23051034991471117,0.6915310497441336,0.3457655248720668,0.46102069982942234,0.23051034991471117,0.5762758747867781,0.23051034991471117,0.8067862247014891,0.3457655248720668,0.8067862247014891,0.11525517495735559,0.46102069982942234,0.6915310497441336,0.6915310497441336,0.23051034991471117,0.5762758747867781,0.46102069982942234,0.5762758747867781,1.0372965746162006,1.1525517495735562,1.0372965746162006,0.5762758747867781,0.5762758747867781,1.0372965746162006,0.46102069982942234,1.1525517495735562,0.8067862247014891,0.3457655248720668,1.0372965746162006,0.5762758747867781,0.5762758747867781,,,,,,,,,,,,,,,,,,,,,,,,,,,,,,,,,,,,,,,,,,,,,,,,,,,,,,,,,,,,,,,,,
,,,,,,,,,,,,,,,,,,,,,,,,,,,,,,,,,,,,,,,,,,,,,,,0.0,0.5762758747867781,0.5762758747867781,0.6915310497441336,0.8067862247014891,1.0372965746162006,0.46102069982942234,0.46102069982942234,0.8067862247014891,0.8067862247014891,0.5762758747867781,0.9220413996588447,0.5762758747867781,0.3457655248720668,0.9220413996588447,0.9220413996588447,0.5762758747867781,0.5762758747867781,0.46102069982942234,0.46102069982942234,0.23051034991471117,0.46102069982942234,0.5762758747867781,0.5762758747867781,1.0372965746162006,0.8067862247014891,1.1525517495735562,0.9220413996588447,0.46102069982942234,0.6915310497441336,1.1525517495735562,0.9220413996588447,0.9220413996588447,0.8067862247014891,0.5762758747867781,1.0372965746162006,1.0372965746162006,2.3051034991471124,1.1525517495735562,1.3830620994882672,1.1525517495735562,3.111889723848601,2.0745931492324012,0.8067862247014891,2.0745931492324012,2.3051034991471124,1.728827624360334,1.1525517495735562,1.0372965746162006,0.9220413996588447,0.9220413996588447,0.6915310497441336,0.6915310497441336,0.46102069982942234,0.5762758747867781,0.46102069982942234,0.9220413996588447,0.6915310497441336,0.3457655248720668,0.8067862247014891,0.11525517495735559,0.9220413996588447,0.3457655248720668,0.9220413996588447,0.3457655248720668,0.9220413996588447,0.46102069982942234,0.46102069982942234,0.6915310497441336,0.8067862247014891,0.6915310497441336,0.9220413996588447,0.46102069982942234,0.46102069982942234,0.3457655248720668,0.5762758747867781,0.23051034991471117,0.5762758747867781,1.0372965746162006,0.9220413996588447,0.46102069982942234,0.23051034991471117,0.6915310497441336,0.8067862247014891,0.3457655248720668,0.5762758747867781,0.9220413996588447,0.46102069982942234,0.6915310497441336,0.5762758747867781,0.3457655248720668,0.11525517495735559,0.6915310497441336,0.9220413996588447,1.0372965746162006,0.3457655248720668,0.5762758747867781,0.3457655248720668,0.5762758747867781,0.6915310497441336,0.46102069982942234,0.9220413996588447,0.9220413996588447,0.6915310497441336,0.23051034991471117,0.46102069982942234,0.6915310497441336,0.46102069982942234,0.5762758747867781,0.6915310497441336,0.8067862247014891,0.3457655248720668,0.6915310497441336,1.2678069245309116,0.3457655248720668,0.8067862247014891,0.8067862247014891,0.3457655248720668,0.3457655248720668,0.23051034991471117,0.5762758747867781,0.5762758747867781,1.0372965746162006,0.8067862247014891,0.5762758747867781,0.9220413996588447,0.5762758747867781,0.5762758747867781,0.9220413996588447,0.8067862247014891,0.6915310497441336,0.6915310497441336,0.3457655248720668,0.3457655248720668,1.1525517495735562,0.23051034991471117,0.46102069982942234,1.0372965746162006,0.8067862247014891,0.3457655248720668,1.3830620994882672,0.46102069982942234,0.6915310497441336,1.0372965746162006,,,,,,,,,,,,,,,,,,,,,,,,,,,,,,,,,,,,,,,,,,,,,,,,,,,,,,,,,,,,,,,,,
,,,,,,,,,,,,,,,,,,,,,,,,,,,,,,,,,,,,,,,,,,,,,,,,,0.8067862247014891,0.46102069982942234,0.6915310497441336,0.5762758747867781,0.46102069982942234,0.6915310497441336,0.6915310497441336,0.5762758747867781,0.5762758747867781,0.6915310497441336,0.6915310497441336,0.6915310497441336,0.6915310497441336,0.6915310497441336,0.23051034991471117,0.6915310497441336,0.6915310497441336,0.6915310497441336,0.5762758747867781,0.8067862247014891,1.3830620994882672,1.4983172744456228,0.23051034991471117,0.5762758747867781,1.1525517495735562,1.1525517495735562,0.8067862247014891,0.6915310497441336,0.6915310497441336,1.3830620994882672,1.9593379742750452,0.9220413996588447,0.8067862247014891,1.2678069245309116,1.1525517495735562,1.4983172744456228,1.6135724494029782,1.0372965746162006,1.8440827993176894,1.728827624360334,1.728827624360334,1.0372965746162006,0.8067862247014891,0.5762758747867781,0.8067862247014891,0.9220413996588447,0.5762758747867781,0.11525517495735559,0.5762758747867781,0.46102069982942234,0.9220413996588447,0.9220413996588447,0.8067862247014891,0.8067862247014891,0.6915310497441336,0.9220413996588447,0.5762758747867781,0.46102069982942234,0.6915310497441336,0.6915310497441336,0.46102069982942234,0.3457655248720668,0.46102069982942234,0.5762758747867781,0.5762758747867781,0.5762758747867781,0.3457655248720668,0.5762758747867781,0.3457655248720668,0.9220413996588447,0.23051034991471117,0.5762758747867781,0.0,0.6915310497441336,0.8067862247014891,0.5762758747867781,0.8067862247014891,0.3457655248720668,0.46102069982942234,1.1525517495735562,0.6915310497441336,0.23051034991471117,1.0372965746162006,0.11525517495735559,0.9220413996588447,0.5762758747867781,0.3457655248720668,0.11525517495735559,0.6915310497441336,0.8067862247014891,0.6915310497441336,1.0372965746162006,0.6915310497441336,0.3457655248720668,0.9220413996588447,0.3457655248720668,0.8067862247014891,1.2678069245309116,0.8067862247014891,0.6915310497441336,0.6915310497441336,0.3457655248720668,0.5762758747867781,0.23051034991471117,0.46102069982942234,0.3457655248720668,0.23051034991471117,0.46102069982942234,0.9220413996588447,0.8067862247014891,0.46102069982942234,0.8067862247014891,1.0372965746162006,0.46102069982942234,0.3457655248720668,0.46102069982942234,0.5762758747867781,0.46102069982942234,0.3457655248720668,0.9220413996588447,0.6915310497441336,0.46102069982942234,0.23051034991471117,0.5762758747867781,0.46102069982942234,0.3457655248720668,1.0372965746162006,1.1525517495735562,0.23051034991471117,0.6915310497441336,0.23051034991471117,0.3457655248720668,0.8067862247014891,1.0372965746162006,0.6915310497441336,0.5762758747867781,0.8067862247014891,1.3830620994882672,0.46102069982942234,0.5762758747867781,0.5762758747867781,0.3457655248720668,0.3457655248720668,,,,,,,,,,,,,,,,,,,,,,,,,,,,,,,,,,,,,,,,,,,,,,,,,,,,,,,,,,,,,,,,
,,,,,,,,,,,,,,,,,,,,,,,,,,,,,,,,,,,,,,,,,,,,,,,,,,0.46102069982942234,0.5762758747867781,0.5762758747867781,0.6915310497441336,0.5762758747867781,0.46102069982942234,0.3457655248720668,0.3457655248720668,0.5762758747867781,0.23051034991471117,0.5762758747867781,0.3457655248720668,0.5762758747867781,0.8067862247014891,0.6915310497441336,1.1525517495735562,0.11525517495735559,0.3457655248720668,0.8067862247014891,0.8067862247014891,0.46102069982942234,0.5762758747867781,0.46102069982942234,0.6915310497441336,0.3457655248720668,0.3457655248720668,1.0372965746162006,0.5762758747867781,0.8067862247014891,0.6915310497441336,0.6915310497441336,1.2678069245309116,1.3830620994882672,1.2678069245309116,0.5762758747867781,1.0372965746162006,1.4983172744456228,1.4983172744456228,1.2678069245309116,1.4983172744456228,0.8067862247014891,1.2678069245309116,0.8067862247014891,0.23051034991471117,0.46102069982942234,0.23051034991471117,0.3457655248720668,0.6915310497441336,0.8067862247014891,0.5762758747867781,0.46102069982942234,0.6915310497441336,0.8067862247014891,0.3457655248720668,1.0372965746162006,0.5762758747867781,0.3457655248720668,1.0372965746162006,0.8067862247014891,0.3457655248720668,0.5762758747867781,0.23051034991471117,0.46102069982942234,0.46102069982942234,0.5762758747867781,0.3457655248720668,0.5762758747867781,0.5762758747867781,0.3457655248720668,0.23051034991471117,0.5762758747867781,0.46102069982942234,1.1525517495735562,0.3457655248720668,0.3457655248720668,0.46102069982942234,0.6915310497441336,0.0,0.3457655248720668,0.3457655248720668,0.11525517495735559,0.23051034991471117,0.6915310497441336,0.3457655248720668,1.0372965746162006,0.5762758747867781,0.5762758747867781,0.5762758747867781,0.3457655248720668,0.3457655248720668,1.2678069245309116,0.5762758747867781,0.3457655248720668,0.46102069982942234,0.3457655248720668,0.46102069982942234,0.3457655248720668,0.3457655248720668,0.9220413996588447,0.5762758747867781,0.9220413996588447,0.3457655248720668,0.5762758747867781,0.9220413996588447,0.5762758747867781,0.23051034991471117,0.5762758747867781,0.6915310497441336,0.46102069982942234,0.5762758747867781,0.8067862247014891,0.23051034991471117,0.8067862247014891,1.2678069245309116,0.8067862247014891,0.46102069982942234,0.9220413996588447,0.5762758747867781,0.5762758747867781,1.0372965746162006,1.0372965746162006,1.0372965746162006,0.46102069982942234,0.9220413996588447,0.3457655248720668,1.2678069245309116,0.8067862247014891,0.23051034991471117,0.5762758747867781,0.6915310497441336,0.46102069982942234,0.6915310497441336,1.1525517495735562,0.3457655248720668,0.3457655248720668,0.5762758747867781,0.9220413996588447,0.6915310497441336,0.8067862247014891,0.6915310497441336,0.5762758747867781,0.3457655248720668,,,,,,,,,,,,,,,,,,,,,,,,,,,,,,,,,,,,,,,,,,,,,,,,,,,,,,,,,,,,,,,,
,,,,,,,,,,,,,,,,,,,,,,,,,,,,,,,,,,,,,,,,,,,,,,,,,,0.6915310497441336,0.9220413996588447,0.46102069982942234,1.0372965746162006,0.8067862247014891,0.46102069982942234,0.46102069982942234,0.9220413996588447,0.6915310497441336,0.3457655248720668,0.6915310497441336,0.23051034991471117,0.23051034991471117,0.6915310497441336,1.2678069245309116,0.6915310497441336,0.6915310497441336,0.8067862247014891,0.3457655248720668,0.6915310497441336,0.23051034991471117,0.6915310497441336,0.6915310497441336,0.6915310497441336,0.46102069982942234,0.5762758747867781,0.8067862247014891,0.46102069982942234,0.5762758747867781,0.46102069982942234,0.9220413996588447,0.6915310497441336,0.3457655248720668,1.728827624360334,0.9220413996588447,1.2678069245309116,1.3830620994882672,1.728827624360334,0.6915310497441336,1.2678069245309116,1.1525517495735562,0.9220413996588447,1.3830620994882672,0.3457655248720668,1.1525517495735562,0.5762758747867781,0.3457655248720668,0.23051034991471117,0.23051034991471117,0.6915310497441336,0.3457655248720668,0.46102069982942234,0.3457655248720668,0.6915310497441336,0.9220413996588447,1.6135724494029782,1.2678069245309116,0.9220413996588447,0.6915310497441336,0.6915310497441336,0.5762758747867781,0.11525517495735559,0.46102069982942234,0.5762758747867781,1.1525517495735562,0.6915310497441336,0.23051034991471117,0.3457655248720668,0.5762758747867781,0.5762758747867781,0.3457655248720668,0.6915310497441336,0.46102069982942234,0.6915310497441336,0.5762758747867781,1.2678069245309116,0.3457655248720668,0.5762758747867781,0.9220413996588447,0.8067862247014891,0.46102069982942234,0.5762758747867781,0.11525517495735559,0.9220413996588447,0.23051034991471117,0.5762758747867781,0.3457655248720668,0.6915310497441336,0.3457655248720668,0.8067862247014891,0.5762758747867781,0.9220413996588447,0.9220413996588447,0.0,0.9220413996588447,0.11525517495735559,0.8067862247014891,0.23051034991471117,0.46102069982942234,0.11525517495735559,0.9220413996588447,0.8067862247014891,0.46102069982942234,0.46102069982942234,0.8067862247014891,0.6915310497441336,1.2678069245309116,0.23051034991471117,0.9220413996588447,0.3457655248720668,0.11525517495735559,0.3457655248720668,0.46102069982942234,0.9220413996588447,0.46102069982942234,0.9220413996588447,0.46102069982942234,0.23051034991471117,0.46102069982942234,0.5762758747867781,1.0372965746162006,1.2678069245309116,0.3457655248720668,0.5762758747867781,1.1525517495735562,0.3457655248720668,0.3457655248720668,0.8067862247014891,0.8067862247014891,0.6915310497441336,0.6915310497441336,0.8067862247014891,0.46102069982942234,0.8067862247014891,0.8067862247014891,0.6915310497441336,0.0,1.2678069245309116,0.5762758747867781,0.23051034991471117,,,,,,,,,,,,,,,,,,,,,,,,,,,,,,,,,,,,,,,,,,,,,,,,,,,,,,,,,,,,,,,,,,
,,,,,,,,,,,,,,,,,,,,,,,,,,,,,,,,,,,,,,,,,,,,,,,,,,,0.3457655248720668,0.9220413996588447,0.23051034991471117,1.0372965746162006,0.9220413996588447,0.9220413996588447,0.6915310497441336,0.5762758747867781,1.0372965746162006,0.46102069982942234,0.8067862247014891,0.6915310497441336,0.11525517495735559,0.6915310497441336,0.46102069982942234,0.3457655248720668,0.3457655248720668,0.23051034991471117,0.5762758747867781,0.3457655248720668,1.0372965746162006,0.6915310497441336,0.5762758747867781,0.8067862247014891,0.6915310497441336,0.6915310497441336,0.8067862247014891,0.3457655248720668,1.0372965746162006,0.8067862247014891,0.5762758747867781,0.8067862247014891,1.6135724494029782,1.3830620994882672,1.0372965746162006,1.728827624360334,0.8067862247014891,1.3830620994882672,1.6135724494029782,0.46102069982942234,1.0372965746162006,1.3830620994882672,1.0372965746162006,0.23051034991471117,0.5762758747867781,0.5762758747867781,0.9220413996588447,1.2678069245309116,0.3457655248720668,0.5762758747867781,0.8067862247014891,0.3457655248720668,0.8067862247014891,2.1898483241897564,2.535613849061823,2.9966345488912456,2.535613849061823,0.8067862247014891,0.6915310497441336,0.3457655248720668,0.5762758747867781,0.3457655248720668,0.6915310497441336,0.9220413996588447,0.5762758747867781,0.3457655248720668,0.0,0.5762758747867781,0.11525517495735559,0.6915310497441336,0.0,0.9220413996588447,0.11525517495735559,0.11525517495735559,0.5762758747867781,0.46102069982942234,0.46102069982942234,0.6915310497441336,0.11525517495735559,0.8067862247014891,0.46102069982942234,0.46102069982942234,0.46102069982942234,0.5762758747867781,0.5762758747867781,0.46102069982942234,0.11525517495735559,0.6915310497441336,0.3457655248720668,0.5762758747867781,0.3457655248720668,0.3457655248720668,0.46102069982942234,0.9220413996588447,0.8067862247014891,0.9220413996588447,0.8067862247014891,0.46102069982942234,0.6915310497441336,0.6915310497441336,1.1525517495735562,1.0372965746162006,0.6915310497441336,0.5762758747867781,0.3457655248720668,0.3457655248720668,0.8067862247014891,0.9220413996588447,0.5762758747867781,0.46102069982942234,0.6915310497441336,0.6915310497441336,0.8067862247014891,0.8067862247014891,0.3457655248720668,0.8067862247014891,0.6915310497441336,0.6915310497441336,0.3457655248720668,0.8067862247014891,0.46102069982942234,0.9220413996588447,0.46102069982942234,0.3457655248720668,0.11525517495735559,0.5762758747867781,0.6915310497441336,0.6915310497441336,0.5762758747867781,0.6915310497441336,0.23051034991471117,1.0372965746162006,1.0372965746162006,0.6915310497441336,0.46102069982942234,0.9220413996588447,0.3457655248720668,0.5762758747867781,0.5762758747867781,0.46102069982942234,,,,,,,,,,,,,,,,,,,,,,,,,,,,,,,,,,,,,,,,,,,,,,,,,,,,,,,,,,,,,,,,,
,,,,,,,,,,,,,,,,,,,,,,,,,,,,,,,,,,,,,,,,,,,,,,,,,,,0.8067862247014891,1.1525517495735562,0.23051034991471117,0.46102069982942234,0.46102069982942234,0.11525517495735559,0.9220413996588447,0.8067862247014891,0.46102069982942234,0.8067862247014891,0.46102069982942234,0.6915310497441336,0.5762758747867781,0.23051034991471117,0.8067862247014891,0.8067862247014891,0.23051034991471117,0.9220413996588447,0.6915310497441336,0.8067862247014891,0.6915310497441336,0.3457655248720668,0.46102069982942234,0.5762758747867781,0.46102069982942234,0.5762758747867781,0.46102069982942234,0.46102069982942234,1.0372965746162006,0.5762758747867781,1.3830620994882672,0.8067862247014891,1.2678069245309116,1.1525517495735562,1.1525517495735562,1.4983172744456228,1.0372965746162006,1.2678069245309116,0.6915310497441336,0.9220413996588447,0.9220413996588447,0.8067862247014891,1.1525517495735562,0.6915310497441336,0.46102069982942234,0.5762758747867781,0.11525517495735559,0.5762758747867781,0.3457655248720668,0.5762758747867781,0.5762758747867781,0.3457655248720668,1.2678069245309116,1.728827624360334,2.3051034991471124,2.7661241989765344,1.8440827993176894,0.8067862247014891,0.46102069982942234,0.3457655248720668,1.0372965746162006,0.5762758747867781,0.5762758747867781,0.6915310497441336,0.5762758747867781,0.9220413996588447,0.6915310497441336,0.5762758747867781,0.11525517495735559,0.5762758747867781,0.5762758747867781,0.3457655248720668,0.23051034991471117,0.23051034991471117,0.6915310497441336,0.46102069982942234,0.3457655248720668,0.3457655248720668,0.5762758747867781,0.9220413996588447,0.8067862247014891,0.5762758747867781,0.6915310497441336,0.9220413996588447,1.1525517495735562,0.5762758747867781,0.6915310497441336,0.8067862247014891,0.3457655248720668,0.6915310497441336,1.2678069245309116,0.9220413996588447,1.1525517495735562,0.5762758747867781,1.0372965746162006,0.5762758747867781,0.46102069982942234,0.23051034991471117,0.5762758747867781,0.9220413996588447,0.6915310497441336,0.8067862247014891,0.8067862247014891,0.46102069982942234,0.9220413996588447,0.3457655248720668,0.8067862247014891,0.9220413996588447,0.8067862247014891,0.6915310497441336,0.6915310497441336,0.5762758747867781,0.8067862247014891,0.5762758747867781,0.8067862247014891,1.0372965746162006,0.46102069982942234,0.46102069982942234,0.23051034991471117,0.9220413996588447,0.6915310497441336,0.6915310497441336,0.5762758747867781,0.3457655248720668,0.6915310497441336,0.6915310497441336,0.46102069982942234,0.9220413996588447,0.46102069982942234,0.6915310497441336,0.46102069982942234,0.9220413996588447,0.46102069982942234,1.1525517495735562,0.8067862247014891,0.8067862247014891,0.3457655248720668,0.46102069982942234,1.0372965746162006,0.5762758747867781,0.46102069982942234,0.5762758747867781,0.46102069982942234,,,,,,,,,,,,,,,,,,,,,,,,,,,,,,,,,,,,,,,,,,,,,,,,,,,,,,,,,,,,,,
,,,,,,,,,,,,,,,,,,,,,,,,,,,,,,,,,,,,,,,,,,,,,,,,,,,0.23051034991471117,0.6915310497441336,1.1525517495735562,1.0372965746162006,0.9220413996588447,0.9220413996588447,0.23051034991471117,0.46102069982942234,0.6915310497441336,0.46102069982942234,0.3457655248720668,0.9220413996588447,0.8067862247014891,0.11525517495735559,0.23051034991471117,0.3457655248720668,0.6915310497441336,0.46102069982942234,0.6915310497441336,1.3830620994882672,1.6135724494029782,0.3457655248720668,0.8067862247014891,0.3457655248720668,0.6915310497441336,0.3457655248720668,0.6915310497441336,0.9220413996588447,0.23051034991471117,0.6915310497441336,0.5762758747867781,1.3830620994882672,1.4983172744456228,1.8440827993176894,2.4203586741044676,1.728827624360334,1.1525517495735562,1.728827624360334,0.11525517495735559,1.2678069245309116,0.46102069982942234,1.0372965746162006,0.23051034991471117,0.5762758747867781,1.2678069245309116,0.46102069982942234,0.8067862247014891,0.5762758747867781,0.6915310497441336,0.46102069982942234,0.6915310497441336,0.5762758747867781,0.5762758747867781,0.8067862247014891,1.8440827993176894,2.3051034991471124,1.4983172744456228,0.8067862247014891,1.1525517495735562,0.3457655248720668,0.3457655248720668,0.46102069982942234,0.46102069982942234,0.23051034991471117,0.5762758747867781,0.46102069982942234,0.23051034991471117,0.3457655248720668,1.0372965746162006,0.46102069982942234,0.0,0.6915310497441336,0.6915310497441336,0.8067862247014891,0.6915310497441336,0.3457655248720668,0.3457655248720668,1.0372965746162006,0.8067862247014891,0.6915310497441336,0.9220413996588447,0.6915310497441336,0.46102069982942234,0.6915310497441336,0.5762758747867781,0.6915310497441336,0.46102069982942234,0.46102069982942234,0.3457655248720668,0.46102069982942234,0.23051034991471117,0.9220413996588447,0.46102069982942234,0.46102069982942234,0.11525517495735559,0.5762758747867781,0.6915310497441336,0.5762758747867781,0.46102069982942234,0.5762758747867781,0.6915310497441336,0.5762758747867781,0.8067862247014891,0.3457655248720668,0.23051034991471117,0.8067862247014891,0.5762758747867781,0.3457655248720668,0.23051034991471117,0.5762758747867781,0.8067862247014891,0.6915310497441336,0.46102069982942234,1.2678069245309116,0.8067862247014891,0.5762758747867781,0.23051034991471117,0.23051034991471117,0.5762758747867781,0.46102069982942234,0.6915310497441336,0.5762758747867781,0.23051034991471117,0.6915310497441336,0.3457655248720668,0.6915310497441336,0.5762758747867781,1.0372965746162006,0.11525517495735559,1.3830620994882672,1.1525517495735562,0.46102069982942234,0.3457655248720668,0.3457655248720668,1.0372965746162006,0.6915310497441336,0.3457655248720668,0.9220413996588447,0.46102069982942234,0.9220413996588447,0.23051034991471117,0.5762758747867781,,,,,,,,,,,,,,,,,,,,,,,,,,,,,,,,,,,,,,,,,,,,,,,,,,,,,,,,,,,,,,,
,,,,,,,,,,,,,,,,,,,,,,,,,,,,,,,,,,,,,,,,,,,,,,,,,,0.6915310497441336,0.9220413996588447,,0.5762758747867781,0.23051034991471117,0.9220413996588447,0.6915310497441336,0.23051034991471117,1.2678069245309116,0.8067862247014891,1.0372965746162006,0.46102069982942234,0.5762758747867781,0.6915310497441336,0.6915310497441336,0.6915310497441336,0.3457655248720668,0.6915310497441336,1.3830620994882672,0.46102069982942234,0.8067862247014891,0.5762758747867781,0.8067862247014891,0.8067862247014891,0.11525517495735559,0.6915310497441336,0.6915310497441336,0.5762758747867781,0.5762758747867781,0.8067862247014891,1.1525517495735562,0.8067862247014891,0.9220413996588447,1.728827624360334,1.3830620994882672,1.3830620994882672,0.8067862247014891,1.0372965746162006,0.46102069982942234,0.9220413996588447,1.0372965746162006,0.6915310497441336,0.6915310497441336,0.3457655248720668,0.6915310497441336,0.9220413996588447,0.5762758747867781,0.46102069982942234,0.9220413996588447,0.3457655248720668,0.46102069982942234,0.3457655248720668,0.5762758747867781,0.46102069982942234,0.46102069982942234,0.46102069982942234,0.8067862247014891,0.5762758747867781,0.46102069982942234,0.23051034991471117,0.3457655248720668,0.23051034991471117,1.1525517495735562,0.11525517495735559,0.8067862247014891,0.3457655248720668,0.8067862247014891,0.6915310497441336,0.46102069982942234,0.9220413996588447,0.5762758747867781,0.3457655248720668,0.23051034991471117,0.3457655248720668,0.23051034991471117,0.6915310497441336,0.46102069982942234,0.3457655248720668,0.5762758747867781,0.5762758747867781,0.6915310497441336,0.3457655248720668,0.23051034991471117,0.46102069982942234,0.6915310497441336,0.8067862247014891,0.46102069982942234,0.3457655248720668,0.5762758747867781,0.11525517495735559,0.5762758747867781,0.6915310497441336,0.6915310497441336,0.23051034991471117,0.5762758747867781,1.1525517495735562,0.6915310497441336,0.11525517495735559,0.46102069982942234,1.2678069245309116,0.6915310497441336,0.5762758747867781,1.3830620994882672,0.46102069982942234,1.1525517495735562,0.46102069982942234,0.46102069982942234,0.8067862247014891,0.6915310497441336,1.2678069245309116,0.3457655248720668,0.3457655248720668,0.23051034991471117,0.23051034991471117,0.5762758747867781,0.46102069982942234,0.9220413996588447,0.11525517495735559,0.23051034991471117,0.8067862247014891,0.5762758747867781,0.9220413996588447,0.11525517495735559,0.3457655248720668,0.5762758747867781,0.8067862247014891,0.5762758747867781,0.6915310497441336,0.23051034991471117,0.23051034991471117,0.9220413996588447,0.46102069982942234,0.9220413996588447,0.23051034991471117,0.46102069982942234,0.5762758747867781,0.3457655248720668,,0.5762758747867781,0.5762758747867781,0.46102069982942234,0.6915310497441336,,,,,,,,,,,,,,,,,,,,,,,,,,,,,,,,,,,,,,,,,,,,,,,,,,,,,,,,,,,,,,,,
,,,,,,,,,,,,,,,,,,,,,,,,,,,,,,,,,,,,,,,,,,,,,,,,,0.46102069982942234,0.3457655248720668,,,,,0.46102069982942234,0.8067862247014891,0.9220413996588447,0.9220413996588447,0.3457655248720668,0.5762758747867781,0.3457655248720668,0.5762758747867781,0.23051034991471117,0.5762758747867781,0.46102069982942234,0.5762758747867781,0.6915310497441336,0.9220413996588447,0.3457655248720668,0.9220413996588447,0.3457655248720668,0.6915310497441336,0.8067862247014891,0.3457655248720668,0.8067862247014891,0.9220413996588447,0.9220413996588447,0.6915310497441336,0.6915310497441336,1.1525517495735562,1.0372965746162006,1.3830620994882672,1.0372965746162006,1.0372965746162006,0.8067862247014891,1.1525517495735562,0.9220413996588447,0.6915310497441336,0.6915310497441336,0.46102069982942234,0.5762758747867781,0.3457655248720668,0.8067862247014891,0.23051034991471117,0.23051034991471117,0.9220413996588447,0.23051034991471117,0.46102069982942234,1.1525517495735562,0.46102069982942234,0.23051034991471117,0.6915310497441336,0.6915310497441336,0.5762758747867781,1.0372965746162006,0.8067862247014891,0.3457655248720668,0.23051034991471117,0.46102069982942234,1.0372965746162006,0.5762758747867781,0.8067862247014891,0.11525517495735559,0.5762758747867781,0.5762758747867781,0.6915310497441336,0.6915310497441336,0.46102069982942234,0.9220413996588447,0.46102069982942234,0.6915310497441336,0.6915310497441336,0.5762758747867781,0.23051034991471117,1.0372965746162006,0.23051034991471117,0.46102069982942234,0.3457655248720668,0.6915310497441336,0.3457655248720668,0.46102069982942234,0.8067862247014891,0.8067862247014891,0.0,0.3457655248720668,0.8067862247014891,0.9220413996588447,0.9220413996588447,0.46102069982942234,1.0372965746162006,0.9220413996588447,1.0372965746162006,0.6915310497441336,0.46102069982942234,1.0372965746162006,0.9220413996588447,0.6915310497441336,0.3457655248720668,1.0372965746162006,0.0,0.5762758747867781,0.3457655248720668,1.6135724494029782,0.5762758747867781,0.5762758747867781,0.8067862247014891,0.23051034991471117,0.5762758747867781,0.23051034991471117,0.46102069982942234,0.8067862247014891,0.5762758747867781,0.46102069982942234,0.8067862247014891,0.46102069982942234,0.9220413996588447,0.9220413996588447,1.6135724494029782,0.5762758747867781,0.9220413996588447,0.3457655248720668,0.5762758747867781,0.46102069982942234,0.8067862247014891,0.6915310497441336,0.8067862247014891,0.6915310497441336,0.46102069982942234,0.3457655248720668,1.0372965746162006,0.5762758747867781,0.8067862247014891,0.3457655248720668,0.5762758747867781,0.6915310497441336,,,,0.5762758747867781,1.4983172744456228,0.23051034991471117,,,,,,,,,,,,,,,,,,,,,,,,,,,,,,,,,,,,,,,,,,,,,,,,,,,,,,,,,,,,,,,,
,,,,,,,,,,,,,,,,,,,,,,,,,,,,,,,,,,,,,,,,,,,,,,,,,1.0372965746162006,0.3457655248720668,0.8067862247014891,,,,0.8067862247014891,0.5762758747867781,0.6915310497441336,1.0372965746162006,0.6915310497441336,0.6915310497441336,0.6915310497441336,0.3457655248720668,0.8067862247014891,0.6915310497441336,0.46102069982942234,0.46102069982942234,0.3457655248720668,0.8067862247014891,0.23051034991471117,0.8067862247014891,1.0372965746162006,1.0372965746162006,0.23051034991471117,0.46102069982942234,0.6915310497441336,0.8067862247014891,0.8067862247014891,0.3457655248720668,1.1525517495735562,0.3457655248720668,0.3457655248720668,0.46102069982942234,0.6915310497441336,0.3457655248720668,1.1525517495735562,0.9220413996588447,0.9220413996588447,0.5762758747867781,0.6915310497441336,1.728827624360334,0.3457655248720668,0.9220413996588447,0.46102069982942234,0.8067862247014891,0.6915310497441336,0.5762758747867781,1.3830620994882672,0.3457655248720668,0.11525517495735559,0.3457655248720668,0.9220413996588447,0.23051034991471117,0.6915310497441336,0.23051034991471117,1.1525517495735562,0.6915310497441336,0.11525517495735559,0.46102069982942234,0.6915310497441336,0.23051034991471117,0.23051034991471117,0.46102069982942234,0.23051034991471117,0.46102069982942234,0.8067862247014891,0.3457655248720668,0.8067862247014891,0.11525517495735559,0.9220413996588447,0.46102069982942234,0.11525517495735559,0.23051034991471117,0.3457655248720668,0.46102069982942234,0.23051034991471117,0.46102069982942234,0.3457655248720668,0.23051034991471117,0.46102069982942234,0.3457655248720668,0.23051034991471117,0.5762758747867781,0.46102069982942234,0.8067862247014891,1.3830620994882672,0.46102069982942234,0.46102069982942234,0.23051034991471117,0.11525517495735559,0.3457655248720668,1.0372965746162006,1.0372965746162006,0.3457655248720668,0.8067862247014891,0.8067862247014891,0.23051034991471117,0.46102069982942234,0.5762758747867781,0.6915310497441336,0.46102069982942234,1.1525517495735562,0.8067862247014891,0.46102069982942234,0.3457655248720668,1.0372965746162006,0.6915310497441336,0.5762758747867781,0.6915310497441336,1.6135724494029782,0.46102069982942234,0.5762758747867781,0.6915310497441336,0.3457655248720668,0.9220413996588447,0.5762758747867781,0.6915310497441336,0.6915310497441336,0.3457655248720668,1.0372965746162006,0.46102069982942234,0.6915310497441336,0.5762758747867781,0.5762758747867781,0.6915310497441336,0.6915310497441336,0.8067862247014891,0.46102069982942234,0.6915310497441336,0.8067862247014891,0.5762758747867781,1.1525517495735562,0.11525517495735559,1.0372965746162006,0.5762758747867781,0.5762758747867781,0.46102069982942234,,,,0.3457655248720668,0.6915310497441336,,,,,,,,,,,,,,,,,,,,,,,,,,,,,,,,,,,,,,,,,,,,,,,,,,,,,,,,,,,,,,,,
,,,,,,,,,,,,,,,,,,,,,,,,,,,,,,,,,,,,,,,,,,,,,,,,,,,,0.46102069982942234,,,,0.46102069982942234,0.5762758747867781,0.11525517495735559,1.0372965746162006,0.6915310497441336,0.9220413996588447,0.5762758747867781,0.46102069982942234,0.6915310497441336,0.6915310497441336,0.6915310497441336,0.6915310497441336,0.46102069982942234,0.6915310497441336,1.2678069245309116,1.0372965746162006,0.46102069982942234,0.11525517495735559,0.23051034991471117,0.8067862247014891,1.0372965746162006,0.5762758747867781,0.3457655248720668,0.3457655248720668,0.9220413996588447,0.6915310497441336,1.0372965746162006,0.8067862247014891,0.3457655248720668,0.9220413996588447,0.9220413996588447,0.5762758747867781,0.8067862247014891,0.5762758747867781,0.5762758747867781,0.5762758747867781,0.8067862247014891,0.8067862247014891,1.0372965746162006,0.23051034991471117,0.5762758747867781,0.5762758747867781,0.8067862247014891,0.46102069982942234,0.6915310497441336,0.46102069982942234,0.5762758747867781,0.5762758747867781,0.3457655248720668,0.46102069982942234,0.46102069982942234,0.3457655248720668,0.3457655248720668,0.23051034991471117,0.9220413996588447,0.9220413996588447,1.1525517495735562,0.3457655248720668,0.23051034991471117,0.46102069982942234,0.3457655248720668,0.8067862247014891,0.23051034991471117,0.46102069982942234,0.3457655248720668,0.23051034991471117,1.0372965746162006,0.5762758747867781,0.46102069982942234,0.3457655248720668,0.23051034991471117,0.9220413996588447,0.46102069982942234,0.9220413996588447,0.3457655248720668,0.23051034991471117,0.9220413996588447,0.8067862247014891,0.5762758747867781,0.9220413996588447,1.0372965746162006,0.46102069982942234,0.6915310497441336,0.11525517495735559,0.5762758747867781,0.46102069982942234,0.6915310497441336,0.46102069982942234,0.6915310497441336,0.46102069982942234,0.5762758747867781,0.23051034991471117,0.6915310497441336,1.0372965746162006,0.9220413996588447,0.8067862247014891,0.6915310497441336,0.6915310497441336,0.6915310497441336,0.3457655248720668,1.1525517495735562,0.3457655248720668,0.11525517495735559,0.6915310497441336,0.46102069982942234,0.5762758747867781,0.9220413996588447,0.46102069982942234,0.23051034991471117,0.8067862247014891,1.2678069245309116,0.8067862247014891,0.3457655248720668,0.46102069982942234,0.5762758747867781,0.6915310497441336,0.46102069982942234,0.8067862247014891,0.8067862247014891,0.6915310497441336,0.8067862247014891,0.46102069982942234,0.9220413996588447,0.3457655248720668,0.23051034991471117,0.3457655248720668,0.3457655248720668,0.46102069982942234,0.46102069982942234,0.5762758747867781,0.8067862247014891,,,,,,,,,,,,,,,,,,,,,,,,,,,,,,,,,,,,,,,,,,,,,,,,,,,,,,,,,,,,,,,,,,,,,
,,,,,,,,,,,,,,,,,,,,,,,,,,,,,,,,,,,,,,,,,,,,,,,,,,,,,,,,,0.5762758747867781,1.0372965746162006,0.3457655248720668,0.8067862247014891,0.6915310497441336,0.23051034991471117,0.23051034991471117,0.46102069982942234,0.8067862247014891,0.5762758747867781,0.3457655248720668,0.3457655248720668,0.6915310497441336,0.46102069982942234,0.5762758747867781,0.8067862247014891,0.8067862247014891,0.5762758747867781,0.23051034991471117,0.6915310497441336,0.9220413996588447,1.1525517495735562,0.6915310497441336,0.6915310497441336,0.6915310497441336,0.5762758747867781,0.6915310497441336,0.5762758747867781,1.0372965746162006,1.0372965746162006,1.0372965746162006,0.6915310497441336,0.5762758747867781,0.46102069982942234,1.6135724494029782,0.5762758747867781,0.46102069982942234,1.0372965746162006,0.8067862247014891,0.5762758747867781,1.3830620994882672,0.5762758747867781,0.6915310497441336,0.5762758747867781,0.23051034991471117,0.3457655248720668,0.5762758747867781,0.9220413996588447,0.5762758747867781,0.5762758747867781,0.3457655248720668,0.6915310497441336,0.46102069982942234,0.5762758747867781,0.23051034991471117,0.8067862247014891,0.46102069982942234,1.1525517495735562,0.6915310497441336,0.5762758747867781,0.3457655248720668,1.2678069245309116,1.0372965746162006,0.6915310497441336,0.5762758747867781,0.3457655248720668,0.23051034991471117,0.46102069982942234,0.46102069982942234,0.5762758747867781,1.1525517495735562,0.9220413996588447,0.3457655248720668,0.8067862247014891,0.46102069982942234,0.11525517495735559,0.23051034991471117,0.8067862247014891,0.5762758747867781,0.3457655248720668,0.6915310497441336,0.6915310497441336,0.8067862247014891,0.3457655248720668,0.46102069982942234,0.11525517495735559,0.3457655248720668,0.3457655248720668,0.5762758747867781,0.3457655248720668,0.3457655248720668,0.23051034991471117,0.3457655248720668,1.3830620994882672,0.8067862247014891,0.3457655248720668,0.8067862247014891,0.5762758747867781,0.5762758747867781,1.2678069245309116,1.6135724494029782,0.6915310497441336,0.6915310497441336,0.46102069982942234,0.8067862247014891,0.6915310497441336,0.5762758747867781,0.5762758747867781,0.23051034991471117,0.8067862247014891,0.6915310497441336,1.0372965746162006,0.6915310497441336,0.8067862247014891,0.9220413996588447,0.6915310497441336,1.0372965746162006,0.3457655248720668,0.46102069982942234,0.23051034991471117,0.8067862247014891,0.3457655248720668,0.5762758747867781,0.6915310497441336,0.5762758747867781,0.5762758747867781,0.3457655248720668,0.11525517495735559,0.5762758747867781,,,,,,,,,,,,,,,,,,,,,,,,,,,,,,,,,,,,,,,,,,,,,,,,,,,,,,,,,,,,,,,,,,,,,,
,,,,,,,,,,,,,,,,,,,,,,,,,,,,,,,,,,,,,,,,,,,,,,,,,,,,,,,0.5762758747867781,0.8067862247014891,0.3457655248720668,0.3457655248720668,1.0372965746162006,0.46102069982942234,0.5762758747867781,1.1525517495735562,0.6915310497441336,0.8067862247014891,0.6915310497441336,0.3457655248720668,0.9220413996588447,0.6915310497441336,0.46102069982942234,0.5762758747867781,0.3457655248720668,0.46102069982942234,0.8067862247014891,0.6915310497441336,0.8067862247014891,0.5762758747867781,0.9220413996588447,0.5762758747867781,0.8067862247014891,1.1525517495735562,0.8067862247014891,0.5762758747867781,0.6915310497441336,0.8067862247014891,1.0372965746162006,0.6915310497441336,0.8067862247014891,0.5762758747867781,0.8067862247014891,0.6915310497441336,0.46102069982942234,0.6915310497441336,0.46102069982942234,0.3457655248720668,1.0372965746162006,0.5762758747867781,0.23051034991471117,0.6915310497441336,1.0372965746162006,1.0372965746162006,0.23051034991471117,0.11525517495735559,0.3457655248720668,0.11525517495735559,1.0372965746162006,0.3457655248720668,0.0,0.5762758747867781,0.5762758747867781,0.3457655248720668,0.9220413996588447,0.23051034991471117,0.8067862247014891,0.46102069982942234,0.5762758747867781,0.46102069982942234,0.46102069982942234,0.23051034991471117,0.3457655248720668,0.9220413996588447,0.5762758747867781,0.6915310497441336,0.5762758747867781,0.8067862247014891,0.5762758747867781,1.2678069245309116,0.8067862247014891,0.3457655248720668,0.46102069982942234,0.23051034991471117,0.8067862247014891,0.5762758747867781,0.46102069982942234,0.8067862247014891,0.3457655248720668,0.11525517495735559,0.8067862247014891,0.3457655248720668,0.6915310497441336,0.3457655248720668,0.6915310497441336,0.3457655248720668,0.11525517495735559,0.46102069982942234,0.3457655248720668,0.11525517495735559,0.46102069982942234,1.1525517495735562,0.6915310497441336,0.3457655248720668,0.46102069982942234,0.8067862247014891,0.6915310497441336,0.11525517495735559,0.3457655248720668,0.3457655248720668,0.6915310497441336,0.9220413996588447,1.3830620994882672,0.23051034991471117,0.6915310497441336,1.2678069245309116,0.5762758747867781,0.5762758747867781,0.23051034991471117,0.46102069982942234,0.5762758747867781,0.8067862247014891,0.5762758747867781,0.8067862247014891,0.5762758747867781,0.5762758747867781,1.0372965746162006,0.46102069982942234,0.5762758747867781,0.46102069982942234,1.1525517495735562,0.9220413996588447,0.6915310497441336,0.6915310497441336,0.9220413996588447,0.46102069982942234,1.1525517495735562,0.5762758747867781,1.2678069245309116,0.3457655248720668,,,,,,,,,,,,,,,,,,,,,,,,,,,,,,,,,,,,,,,,,,,,,,,,,,,,,,,,,,,,,,,,,,,,,
,,,,,,,,,,,,,,,,,,,,,,,,,,,,,,,,,,,,,,,,,,,,,,,,,,,,,,0.9220413996588447,0.8067862247014891,0.5762758747867781,0.11525517495735559,0.6915310497441336,0.46102069982942234,0.5762758747867781,0.46102069982942234,0.6915310497441336,0.3457655248720668,0.5762758747867781,1.4983172744456228,0.46102069982942234,0.5762758747867781,0.46102069982942234,0.6915310497441336,1.0372965746162006,0.6915310497441336,0.6915310497441336,0.8067862247014891,1.0372965746162006,0.6915310497441336,0.8067862247014891,0.46102069982942234,0.9220413996588447,0.5762758747867781,1.2678069245309116,0.46102069982942234,0.6915310497441336,1.1525517495735562,0.5762758747867781,1.1525517495735562,0.5762758747867781,0.23051034991471117,0.8067862247014891,1.0372965746162006,0.6915310497441336,0.8067862247014891,0.6915310497441336,0.8067862247014891,0.3457655248720668,0.5762758747867781,0.6915310497441336,1.4983172744456228,0.8067862247014891,0.6915310497441336,0.6915310497441336,0.8067862247014891,0.23051034991471117,0.3457655248720668,0.5762758747867781,1.0372965746162006,0.3457655248720668,0.3457655248720668,0.8067862247014891,0.3457655248720668,1.0372965746162006,0.46102069982942234,0.11525517495735559,0.6915310497441336,0.5762758747867781,0.3457655248720668,0.5762758747867781,0.3457655248720668,0.8067862247014891,0.6915310497441336,0.9220413996588447,0.46102069982942234,0.6915310497441336,0.6915310497441336,0.5762758747867781,0.46102069982942234,0.9220413996588447,0.3457655248720668,0.8067862247014891,1.0372965746162006,0.8067862247014891,0.23051034991471117,0.23051034991471117,0.5762758747867781,0.8067862247014891,0.5762758747867781,1.0372965746162006,0.5762758747867781,0.3457655248720668,0.23051034991471117,0.3457655248720668,0.5762758747867781,0.8067862247014891,0.9220413996588447,0.46102069982942234,0.3457655248720668,0.6915310497441336,0.5762758747867781,0.8067862247014891,0.6915310497441336,0.6915310497441336,0.6915310497441336,0.5762758747867781,0.46102069982942234,0.46102069982942234,0.8067862247014891,0.6915310497441336,0.46102069982942234,0.23051034991471117,0.9220413996588447,0.6915310497441336,0.8067862247014891,0.8067862247014891,0.46102069982942234,0.3457655248720668,0.6915310497441336,0.46102069982942234,0.8067862247014891,0.3457655248720668,0.5762758747867781,0.46102069982942234,0.5762758747867781,0.6915310497441336,0.9220413996588447,0.11525517495735559,0.6915310497441336,0.6915310497441336,0.11525517495735559,0.5762758747867781,0.5762758747867781,0.46102069982942234,0.5762758747867781,0.9220413996588447,0.5762758747867781,0.5762758747867781,0.3457655248720668,0.8067862247014891,,,,,,,,,,,,,,,,,,,,,,,,,,,,,,,,,,,,,,,,,,,,,,,,,,,,,,,,,,,,,,,,,,,,,
,,,,,,,,,,,,,,,,,,,,,,,,,,,,,,,,,,,,,,,,,,,,,,,,,,,,,,0.46102069982942234,0.6915310497441336,0.8067862247014891,1.0372965746162006,0.6915310497441336,0.46102069982942234,0.5762758747867781,0.46102069982942234,1.0372965746162006,0.6915310497441336,0.3457655248720668,0.9220413996588447,0.3457655248720668,0.5762758747867781,0.9220413996588447,0.8067862247014891,0.5762758747867781,0.23051034991471117,1.4983172744456228,0.9220413996588447,0.5762758747867781,0.46102069982942234,0.5762758747867781,0.6915310497441336,0.3457655248720668,0.23051034991471117,0.6915310497441336,0.9220413996588447,1.4983172744456228,0.8067862247014891,0.6915310497441336,0.8067862247014891,0.6915310497441336,1.1525517495735562,0.8067862247014891,0.5762758747867781,1.3830620994882672,0.8067862247014891,0.46102069982942234,0.9220413996588447,0.23051034991471117,0.9220413996588447,0.8067862247014891,0.9220413996588447,0.6915310497441336,0.6915310497441336,0.46102069982942234,0.46102069982942234,0.23051034991471117,0.8067862247014891,0.11525517495735559,0.8067862247014891,1.2678069245309116,1.0372965746162006,1.1525517495735562,0.6915310497441336,0.8067862247014891,0.9220413996588447,0.5762758747867781,0.46102069982942234,0.8067862247014891,0.8067862247014891,0.46102069982942234,0.3457655248720668,0.23051034991471117,0.6915310497441336,0.5762758747867781,0.3457655248720668,0.8067862247014891,1.0372965746162006,0.46102069982942234,0.5762758747867781,1.2678069245309116,0.3457655248720668,0.3457655248720668,0.0,0.46102069982942234,0.46102069982942234,0.5762758747867781,0.3457655248720668,0.3457655248720668,0.3457655248720668,0.46102069982942234,0.6915310497441336,0.23051034991471117,0.6915310497441336,0.46102069982942234,0.3457655248720668,0.9220413996588447,0.3457655248720668,0.3457655248720668,0.9220413996588447,0.5762758747867781,0.3457655248720668,0.8067862247014891,0.8067862247014891,0.6915310497441336,0.3457655248720668,0.46102069982942234,0.3457655248720668,0.6915310497441336,1.2678069245309116,0.8067862247014891,0.9220413996588447,1.0372965746162006,0.46102069982942234,0.9220413996588447,0.5762758747867781,0.46102069982942234,1.1525517495735562,0.9220413996588447,0.23051034991471117,1.0372965746162006,0.6915310497441336,0.3457655248720668,0.3457655248720668,0.46102069982942234,0.9220413996588447,0.5762758747867781,0.46102069982942234,0.5762758747867781,0.5762758747867781,0.5762758747867781,0.6915310497441336,0.5762758747867781,1.0372965746162006,0.6915310497441336,0.3457655248720668,0.46102069982942234,0.3457655248720668,0.46102069982942234,1.0372965746162006,0.5762758747867781,,,,,,,,,,,,,,,,,,,,,,,,,,,,,,,,,,,,,,,,,,,,,,,,,,,,,,,,,,,,,,,,,,,,,
,,,,,,,,,,,,,,,,,,,,,,,,,,,,,,,,,,,,,,,,,,,,,,,,,,0.6915310497441336,0.5762758747867781,,,0.3457655248720668,0.9220413996588447,0.6915310497441336,0.46102069982942234,0.6915310497441336,0.9220413996588447,0.46102069982942234,0.46102069982942234,0.3457655248720668,0.9220413996588447,0.8067862247014891,0.8067862247014891,0.8067862247014891,0.5762758747867781,0.5762758747867781,0.3457655248720668,0.23051034991471117,0.5762758747867781,0.5762758747867781,0.6915310497441336,1.0372965746162006,1.0372965746162006,0.8067862247014891,0.9220413996588447,0.46102069982942234,0.9220413996588447,0.5762758747867781,0.3457655248720668,0.46102069982942234,0.8067862247014891,0.5762758747867781,0.8067862247014891,0.6915310497441336,0.6915310497441336,0.8067862247014891,0.23051034991471117,0.6915310497441336,0.6915310497441336,0.9220413996588447,0.3457655248720668,0.8067862247014891,0.3457655248720668,0.46102069982942234,0.46102069982942234,0.8067862247014891,1.2678069245309116,0.9220413996588447,0.5762758747867781,0.46102069982942234,0.8067862247014891,0.46102069982942234,0.5762758747867781,0.46102069982942234,0.6915310497441336,0.5762758747867781,0.6915310497441336,0.23051034991471117,0.3457655248720668,0.5762758747867781,0.5762758747867781,0.46102069982942234,0.8067862247014891,0.5762758747867781,0.6915310497441336,0.5762758747867781,0.5762758747867781,0.8067862247014891,0.6915310497441336,0.3457655248720668,0.3457655248720668,0.6915310497441336,0.5762758747867781,0.8067862247014891,0.5762758747867781,0.11525517495735559,0.6915310497441336,0.9220413996588447,0.3457655248720668,0.11525517495735559,0.46102069982942234,1.0372965746162006,0.46102069982942234,0.5762758747867781,0.3457655248720668,0.8067862247014891,0.11525517495735559,0.46102069982942234,0.8067862247014891,0.5762758747867781,0.5762758747867781,1.0372965746162006,0.3457655248720668,0.3457655248720668,0.9220413996588447,0.46102069982942234,1.1525517495735562,0.23051034991471117,1.0372965746162006,0.6915310497441336,1.1525517495735562,0.8067862247014891,0.9220413996588447,0.8067862247014891,0.5762758747867781,0.5762758747867781,0.23051034991471117,0.8067862247014891,0.9220413996588447,1.1525517495735562,0.11525517495735559,0.11525517495735559,0.6915310497441336,1.0372965746162006,0.46102069982942234,0.6915310497441336,0.6915310497441336,0.46102069982942234,0.6915310497441336,1.1525517495735562,0.6915310497441336,0.46102069982942234,0.46102069982942234,0.46102069982942234,0.46102069982942234,0.11525517495735559,0.6915310497441336,0.6915310497441336,0.11525517495735559,0.9220413996588447,0.9220413996588447,0.5762758747867781,0.5762758747867781,0.6915310497441336,,,,,,,,,,,,,,,,,,,,,,,,,,,,,,,,,,,,,,,,,,,,,,,,,,,,,,,,,,,,,,,,,,,,,
,,,,,,,,,,,,,,,,,,,,,,,,,,,,,,,,,,,,,,,,,,,,,,,,,,0.23051034991471117,1.1525517495735562,0.3457655248720668,0.8067862247014891,0.3457655248720668,0.8067862247014891,0.5762758747867781,0.9220413996588447,0.6915310497441336,0.11525517495735559,0.3457655248720668,0.46102069982942234,0.46102069982942234,0.6915310497441336,0.8067862247014891,0.6915310497441336,0.5762758747867781,0.5762758747867781,0.23051034991471117,0.8067862247014891,0.5762758747867781,0.5762758747867781,1.2678069245309116,0.46102069982942234,0.5762758747867781,0.3457655248720668,0.6915310497441336,0.5762758747867781,0.8067862247014891,0.9220413996588447,0.46102069982942234,0.3457655248720668,1.0372965746162006,0.46102069982942234,0.6915310497441336,0.3457655248720668,1.3830620994882672,0.46102069982942234,0.5762758747867781,0.46102069982942234,1.0372965746162006,1.0372965746162006,0.3457655248720668,0.3457655248720668,0.8067862247014891,0.6915310497441336,0.8067862247014891,0.5762758747867781,0.23051034991471117,0.23051034991471117,0.9220413996588447,0.46102069982942234,0.46102069982942234,0.46102069982942234,0.5762758747867781,0.23051034991471117,0.5762758747867781,0.6915310497441336,0.3457655248720668,0.5762758747867781,0.8067862247014891,0.6915310497441336,0.6915310497441336,0.3457655248720668,1.3830620994882672,0.5762758747867781,0.46102069982942234,1.0372965746162006,0.46102069982942234,0.5762758747867781,0.46102069982942234,0.5762758747867781,0.3457655248720668,0.6915310497441336,0.46102069982942234,0.5762758747867781,0.9220413996588447,0.5762758747867781,0.5762758747867781,0.6915310497441336,0.46102069982942234,0.3457655248720668,0.11525517495735559,0.8067862247014891,1.0372965746162006,0.46102069982942234,0.9220413996588447,0.3457655248720668,0.5762758747867781,0.46102069982942234,0.5762758747867781,0.46102069982942234,0.46102069982942234,0.6915310497441336,0.9220413996588447,0.6915310497441336,0.8067862247014891,0.3457655248720668,0.46102069982942234,0.5762758747867781,0.8067862247014891,0.5762758747867781,1.1525517495735562,1.0372965746162006,0.9220413996588447,0.5762758747867781,0.46102069982942234,0.46102069982942234,1.1525517495735562,0.6915310497441336,0.3457655248720668,1.1525517495735562,0.5762758747867781,0.6915310497441336,0.8067862247014891,0.46102069982942234,0.23051034991471117,0.5762758747867781,0.6915310497441336,0.23051034991471117,0.23051034991471117,0.6915310497441336,0.46102069982942234,0.6915310497441336,0.9220413996588447,0.8067862247014891,1.2678069245309116,0.8067862247014891,0.46102069982942234,0.8067862247014891,0.3457655248720668,0.6915310497441336,0.3457655248720668,0.5762758747867781,0.5762758747867781,0.9220413996588447,,,,,,,,,,,,,,,,,,,,,,,,,,,,,,,,,,,,,,,,,,,,,,,,,,,,,,,,,,,,,,,,,,,,,,
,,,,,,,,,,,,,,,,,,,,,,,,,,,,,,,,,,,,,,,,,,,,,,,,,,0.8067862247014891,0.3457655248720668,0.6915310497441336,0.8067862247014891,0.6915310497441336,0.5762758747867781,1.0372965746162006,0.3457655248720668,0.8067862247014891,0.3457655248720668,0.5762758747867781,0.3457655248720668,0.6915310497441336,0.0,0.6915310497441336,0.46102069982942234,0.46102069982942234,0.9220413996588447,0.6915310497441336,0.3457655248720668,0.9220413996588447,1.1525517495735562,0.46102069982942234,0.3457655248720668,1.2678069245309116,0.8067862247014891,0.6915310497441336,0.46102069982942234,0.46102069982942234,0.3457655248720668,0.46102069982942234,0.0,0.46102069982942234,0.9220413996588447,0.46102069982942234,0.5762758747867781,0.3457655248720668,0.23051034991471117,1.0372965746162006,1.0372965746162006,0.46102069982942234,0.5762758747867781,0.23051034991471117,0.46102069982942234,0.3457655248720668,0.8067862247014891,0.9220413996588447,0.8067862247014891,0.3457655248720668,0.46102069982942234,0.46102069982942234,0.5762758747867781,0.5762758747867781,0.3457655248720668,0.3457655248720668,0.3457655248720668,0.8067862247014891,0.8067862247014891,0.5762758747867781,0.46102069982942234,0.5762758747867781,0.3457655248720668,0.8067862247014891,0.5762758747867781,0.9220413996588447,0.5762758747867781,0.3457655248720668,0.5762758747867781,0.5762758747867781,0.6915310497441336,0.9220413996588447,0.8067862247014891,0.46102069982942234,0.6915310497441336,0.6915310497441336,0.46102069982942234,0.23051034991471117,0.3457655248720668,0.46102069982942234,0.6915310497441336,0.11525517495735559,0.8067862247014891,0.5762758747867781,0.46102069982942234,0.23051034991471117,1.1525517495735562,0.46102069982942234,0.6915310497441336,1.1525517495735562,0.5762758747867781,0.23051034991471117,0.9220413996588447,0.46102069982942234,0.46102069982942234,0.3457655248720668,1.0372965746162006,0.46102069982942234,0.3457655248720668,0.8067862247014891,0.9220413996588447,0.11525517495735559,0.3457655248720668,0.9220413996588447,0.46102069982942234,0.5762758747867781,0.5762758747867781,0.3457655248720668,1.0372965746162006,0.8067862247014891,0.46102069982942234,1.0372965746162006,0.46102069982942234,0.5762758747867781,0.5762758747867781,0.3457655248720668,0.6915310497441336,0.5762758747867781,0.6915310497441336,0.3457655248720668,0.23051034991471117,0.11525517495735559,0.8067862247014891,0.5762758747867781,0.5762758747867781,0.46102069982942234,0.8067862247014891,0.5762758747867781,1.1525517495735562,0.8067862247014891,0.5762758747867781,1.0372965746162006,0.46102069982942234,1.0372965746162006,0.46102069982942234,0.46102069982942234,0.9220413996588447,,,,,,,,,,,,,,,,,,,,,,,,,,,,,,,,,,,,,,,,,,,,,,,,,,,,,,,,,,,,,,,,,,,,,,
,,,,,,,,,,,,,,,,,,,,,,,,,,,,,,,,,,,,,,,,,,,,,,,,,,,,0.6915310497441336,0.9220413996588447,1.0372965746162006,1.2678069245309116,0.6915310497441336,0.5762758747867781,0.23051034991471117,0.46102069982942234,0.5762758747867781,0.3457655248720668,0.6915310497441336,0.3457655248720668,0.46102069982942234,1.0372965746162006,0.11525517495735559,0.3457655248720668,0.46102069982942234,0.23051034991471117,0.6915310497441336,0.3457655248720668,0.8067862247014891,0.23051034991471117,0.8067862247014891,0.3457655248720668,0.8067862247014891,0.3457655248720668,0.46102069982942234,0.8067862247014891,0.11525517495735559,0.23051034991471117,0.23051034991471117,0.23051034991471117,0.8067862247014891,0.6915310497441336,1.1525517495735562,0.5762758747867781,0.46102069982942234,0.3457655248720668,1.728827624360334,0.46102069982942234,0.11525517495735559,0.6915310497441336,0.5762758747867781,0.6915310497441336,0.5762758747867781,0.23051034991471117,0.6915310497441336,0.8067862247014891,0.3457655248720668,0.6915310497441336,0.0,0.3457655248720668,0.5762758747867781,0.3457655248720668,0.3457655248720668,0.6915310497441336,0.46102069982942234,0.6915310497441336,0.6915310497441336,0.3457655248720668,0.3457655248720668,0.46102069982942234,0.3457655248720668,0.5762758747867781,0.8067862247014891,1.0372965746162006,0.3457655248720668,0.6915310497441336,0.9220413996588447,0.46102069982942234,0.5762758747867781,0.5762758747867781,0.8067862247014891,0.46102069982942234,0.6915310497441336,0.6915310497441336,1.0372965746162006,0.5762758747867781,0.5762758747867781,0.23051034991471117,0.5762758747867781,0.11525517495735559,0.3457655248720668,0.3457655248720668,0.11525517495735559,0.5762758747867781,0.6915310497441336,0.8067862247014891,0.3457655248720668,0.6915310497441336,0.8067862247014891,0.5762758747867781,0.8067862247014891,0.3457655248720668,1.0372965746162006,0.8067862247014891,0.5762758747867781,0.3457655248720668,1.1525517495735562,0.6915310497441336,0.8067862247014891,0.6915310497441336,0.6915310497441336,0.3457655248720668,0.23051034991471117,0.11525517495735559,0.8067862247014891,0.8067862247014891,0.6915310497441336,0.8067862247014891,0.11525517495735559,0.8067862247014891,0.3457655248720668,0.5762758747867781,0.3457655248720668,0.46102069982942234,0.8067862247014891,0.9220413996588447,0.46102069982942234,0.6915310497441336,0.5762758747867781,0.5762758747867781,1.1525517495735562,0.46102069982942234,0.8067862247014891,0.46102069982942234,0.3457655248720668,0.5762758747867781,0.3457655248720668,,0.5762758747867781,0.5762758747867781,0.8067862247014891,,,,,,,,,,,,,,,,,,,,,,,,,,,,,,,,,,,,,,,,,,,,,,,,,,,,,,,,,,,,,,,,,,,,,,,
,,,,,,,,,,,,,,,,,,,,,,,,,,,,,,,,,,,,,,,,,,,,,,,,,,,,0.0,0.5762758747867781,0.5762758747867781,0.9220413996588447,0.8067862247014891,0.8067862247014891,0.6915310497441336,0.23051034991471117,0.46102069982942234,0.5762758747867781,0.5762758747867781,0.9220413996588447,0.8067862247014891,0.5762758747867781,0.8067862247014891,0.46102069982942234,0.5762758747867781,0.11525517495735559,0.3457655248720668,0.6915310497441336,0.6915310497441336,1.0372965746162006,0.6915310497441336,0.46102069982942234,0.6915310497441336,0.11525517495735559,0.23051034991471117,0.8067862247014891,0.46102069982942234,0.46102069982942234,0.8067862247014891,0.46102069982942234,0.23051034991471117,0.8067862247014891,0.23051034991471117,0.46102069982942234,0.6915310497441336,0.6915310497441336,0.3457655248720668,0.5762758747867781,0.6915310497441336,0.46102069982942234,0.6915310497441336,0.6915310497441336,1.1525517495735562,0.23051034991471117,0.5762758747867781,0.46102069982942234,0.8067862247014891,0.23051034991471117,0.46102069982942234,0.3457655248720668,1.1525517495735562,0.8067862247014891,0.3457655248720668,0.6915310497441336,0.5762758747867781,0.23051034991471117,0.6915310497441336,0.6915310497441336,0.6915310497441336,0.5762758747867781,0.3457655248720668,0.23051034991471117,0.9220413996588447,0.5762758747867781,0.8067862247014891,0.46102069982942234,1.3830620994882672,0.6915310497441336,0.6915310497441336,0.5762758747867781,0.5762758747867781,0.5762758747867781,0.46102069982942234,0.6915310497441336,0.6915310497441336,0.23051034991471117,0.8067862247014891,0.23051034991471117,0.11525517495735559,0.46102069982942234,0.23051034991471117,0.23051034991471117,0.9220413996588447,0.9220413996588447,0.23051034991471117,0.3457655248720668,1.2678069245309116,1.0372965746162006,0.5762758747867781,0.9220413996588447,0.46102069982942234,0.8067862247014891,0.3457655248720668,0.3457655248720668,0.46102069982942234,1.2678069245309116,0.5762758747867781,1.0372965746162006,1.0372965746162006,0.5762758747867781,0.11525517495735559,0.6915310497441336,0.46102069982942234,1.2678069245309116,0.11525517495735559,0.3457655248720668,0.5762758747867781,0.5762758747867781,0.6915310497441336,0.46102069982942234,0.23051034991471117,0.6915310497441336,0.6915310497441336,0.5762758747867781,0.9220413996588447,0.6915310497441336,0.5762758747867781,0.6915310497441336,0.23051034991471117,0.6915310497441336,1.0372965746162006,0.5762758747867781,1.1525517495735562,0.6915310497441336,0.6915310497441336,0.8067862247014891,0.5762758747867781,,,,,,,,,,,,,,,,,,,,,,,,,,,,,,,,,,,,,,,,,,,,,,,,,,,,,,,,,,,,,,,,,,,,,,,,,,,
,,,,,,,,,,,,,,,,,,,,,,,,,,,,,,,,,,,,,,,,,,,,,,,,,,,,1.0372965746162006,0.6915310497441336,0.5762758747867781,0.5762758747867781,0.8067862247014891,0.8067862247014891,1.0372965746162006,0.9220413996588447,0.11525517495735559,0.46102069982942234,0.9220413996588447,0.6915310497441336,0.3457655248720668,0.5762758747867781,0.8067862247014891,0.5762758747867781,0.6915310497441336,0.9220413996588447,0.46102069982942234,0.8067862247014891,0.23051034991471117,0.6915310497441336,0.23051034991471117,0.8067862247014891,0.23051034991471117,0.6915310497441336,0.5762758747867781,0.6915310497441336,0.46102069982942234,0.46102069982942234,0.46102069982942234,0.46102069982942234,0.5762758747867781,0.3457655248720668,1.1525517495735562,0.8067862247014891,0.23051034991471117,0.6915310497441336,0.8067862247014891,0.3457655248720668,0.5762758747867781,0.23051034991471117,0.5762758747867781,0.23051034991471117,0.5762758747867781,0.6915310497441336,0.3457655248720668,0.5762758747867781,0.6915310497441336,0.23051034991471117,0.5762758747867781,0.5762758747867781,0.3457655248720668,1.1525517495735562,0.9220413996588447,0.8067862247014891,0.5762758747867781,0.8067862247014891,0.8067862247014891,0.5762758747867781,0.46102069982942234,0.8067862247014891,0.11525517495735559,0.9220413996588447,0.6915310497441336,0.46102069982942234,0.46102069982942234,0.8067862247014891,0.11525517495735559,0.46102069982942234,0.5762758747867781,0.5762758747867781,0.3457655248720668,0.6915310497441336,0.46102069982942234,0.3457655248720668,0.6915310497441336,0.6915310497441336,0.5762758747867781,0.5762758747867781,0.46102069982942234,0.23051034991471117,0.3457655248720668,0.3457655248720668,0.8067862247014891,0.8067862247014891,0.23051034991471117,0.6915310497441336,0.6915310497441336,0.5762758747867781,0.5762758747867781,0.5762758747867781,0.6915310497441336,0.46102069982942234,0.9220413996588447,0.3457655248720668,1.0372965746162006,0.46102069982942234,1.1525517495735562,0.8067862247014891,0.8067862247014891,0.46102069982942234,0.9220413996588447,0.8067862247014891,0.5762758747867781,0.8067862247014891,0.6915310497441336,0.3457655248720668,0.9220413996588447,0.3457655248720668,1.2678069245309116,0.3457655248720668,0.5762758747867781,0.23051034991471117,0.46102069982942234,0.6915310497441336,1.0372965746162006,0.5762758747867781,0.46102069982942234,1.0372965746162006,0.6915310497441336,0.6915310497441336,0.46102069982942234,0.3457655248720668,0.9220413996588447,0.5762758747867781,0.3457655248720668,0.6915310497441336,0.8067862247014891,,,,,,,,,,,,,,,,,,,,,,,,,,,,,,,,,,,,,,,,,,,,,,,,,,,,,,,,,,,,,,,,,,,,,,,,,,,
,,,,,,,,,,,,,,,,,,,,,,,,,,,,,,,,,,,,,,,,,,,,,,,,,,,,0.5762758747867781,0.3457655248720668,0.9220413996588447,0.8067862247014891,0.9220413996588447,0.3457655248720668,0.9220413996588447,0.46102069982942234,0.46102069982942234,0.46102069982942234,0.23051034991471117,0.8067862247014891,0.5762758747867781,0.46102069982942234,0.46102069982942234,0.3457655248720668,0.3457655248720668,0.23051034991471117,0.46102069982942234,0.6915310497441336,0.6915310497441336,0.46102069982942234,0.46102069982942234,0.6915310497441336,0.6915310497441336,0.23051034991471117,0.5762758747867781,0.3457655248720668,0.9220413996588447,0.6915310497441336,0.46102069982942234,0.9220413996588447,0.5762758747867781,0.46102069982942234,0.46102069982942234,0.6915310497441336,0.8067862247014891,0.5762758747867781,0.11525517495735559,0.3457655248720668,0.9220413996588447,0.5762758747867781,0.5762758747867781,0.9220413996588447,0.5762758747867781,0.8067862247014891,0.5762758747867781,0.8067862247014891,0.46102069982942234,0.8067862247014891,0.5762758747867781,0.23051034991471117,0.6915310497441336,0.6915310497441336,0.46102069982942234,1.0372965746162006,0.23051034991471117,0.6915310497441336,0.9220413996588447,0.46102069982942234,0.3457655248720668,0.46102069982942234,0.5762758747867781,0.46102069982942234,0.3457655248720668,0.8067862247014891,0.8067862247014891,0.46102069982942234,0.5762758747867781,0.9220413996588447,0.3457655248720668,0.46102069982942234,0.3457655248720668,0.6915310497441336,0.46102069982942234,0.11525517495735559,0.23051034991471117,0.46102069982942234,0.23051034991471117,0.6915310497441336,0.46102069982942234,0.6915310497441336,0.46102069982942234,0.6915310497441336,0.3457655248720668,0.5762758747867781,0.23051034991471117,0.5762758747867781,0.5762758747867781,0.3457655248720668,0.23051034991471117,0.3457655248720668,0.23051034991471117,0.8067862247014891,1.0372965746162006,0.8067862247014891,0.23051034991471117,1.1525517495735562,0.46102069982942234,0.3457655248720668,0.23051034991471117,0.5762758747867781,0.8067862247014891,1.2678069245309116,1.2678069245309116,0.6915310497441336,1.1525517495735562,0.5762758747867781,0.23051034991471117,0.5762758747867781,0.8067862247014891,0.46102069982942234,0.46102069982942234,0.6915310497441336,0.23051034991471117,0.23051034991471117,0.46102069982942234,0.46102069982942234,0.3457655248720668,0.46102069982942234,0.3457655248720668,1.0372965746162006,0.23051034991471117,0.6915310497441336,1.0372965746162006,0.9220413996588447,0.3457655248720668,0.5762758747867781,0.5762758747867781,0.46102069982942234,1.0372965746162006,,,,,,,,,,,,,,,,,,,,,,,,,,,,,,,,,,,,,,,,,,,,,,,,,,,,,,,,,,,,,,,,,,,,,,,,,
,,,,,,,,,,,,,,,,,,,,,,,,,,,,,,,,,,,,,,,,,,,,,,,,,,,,,0.8067862247014891,0.6915310497441336,0.9220413996588447,0.9220413996588447,0.46102069982942234,0.5762758747867781,0.3457655248720668,0.5762758747867781,0.3457655248720668,0.9220413996588447,0.5762758747867781,0.6915310497441336,0.6915310497441336,0.5762758747867781,0.9220413996588447,0.3457655248720668,0.8067862247014891,0.46102069982942234,0.3457655248720668,0.8067862247014891,0.6915310497441336,0.46102069982942234,0.3457655248720668,0.5762758747867781,0.6915310497441336,0.46102069982942234,0.46102069982942234,0.6915310497441336,0.3457655248720668,0.9220413996588447,0.6915310497441336,0.3457655248720668,0.8067862247014891,0.5762758747867781,0.46102069982942234,0.9220413996588447,1.2678069245309116,0.3457655248720668,0.3457655248720668,0.11525517495735559,0.46102069982942234,0.5762758747867781,0.8067862247014891,0.3457655248720668,0.5762758747867781,0.9220413996588447,0.8067862247014891,0.3457655248720668,0.8067862247014891,0.5762758747867781,0.46102069982942234,0.8067862247014891,0.3457655248720668,0.46102069982942234,0.6915310497441336,0.5762758747867781,0.46102069982942234,0.5762758747867781,0.6915310497441336,0.6915310497441336,0.46102069982942234,0.8067862247014891,0.3457655248720668,0.5762758747867781,1.0372965746162006,0.8067862247014891,0.3457655248720668,0.23051034991471117,0.3457655248720668,0.6915310497441336,0.5762758747867781,0.6915310497441336,1.2678069245309116,0.6915310497441336,0.6915310497441336,0.5762758747867781,0.3457655248720668,0.46102069982942234,0.5762758747867781,0.46102069982942234,0.5762758747867781,0.23051034991471117,0.5762758747867781,0.5762758747867781,0.5762758747867781,0.6915310497441336,0.8067862247014891,0.46102069982942234,0.46102069982942234,0.46102069982942234,0.6915310497441336,0.46102069982942234,0.46102069982942234,0.9220413996588447,0.23051034991471117,0.8067862247014891,0.3457655248720668,1.1525517495735562,1.0372965746162006,0.8067862247014891,0.3457655248720668,0.8067862247014891,0.5762758747867781,0.5762758747867781,0.6915310497441336,0.5762758747867781,0.5762758747867781,0.46102069982942234,0.46102069982942234,0.6915310497441336,0.8067862247014891,0.8067862247014891,0.5762758747867781,0.3457655248720668,1.2678069245309116,0.5762758747867781,0.5762758747867781,0.23051034991471117,0.46102069982942234,0.46102069982942234,0.6915310497441336,0.3457655248720668,0.46102069982942234,0.3457655248720668,0.5762758747867781,0.5762758747867781,0.23051034991471117,0.46102069982942234,1.0372965746162006,1.2678069245309116,,,,,,,,,,,,,,,,,,,,,,,,,,,,,,,,,,,,,,,,,,,,,,,,,,,,,,,,,,,,,,,,,,,,,,,,,
,,,,,,,,,,,,,,,,,,,,,,,,,,,,,,,,,,,,,,,,,,,,,,,,,,,,,,0.46102069982942234,0.46102069982942234,0.6915310497441336,0.5762758747867781,0.46102069982942234,0.23051034991471117,0.3457655248720668,0.5762758747867781,0.46102069982942234,1.1525517495735562,0.5762758747867781,0.23051034991471117,0.11525517495735559,0.46102069982942234,0.46102069982942234,0.46102069982942234,0.46102069982942234,0.3457655248720668,0.5762758747867781,0.5762758747867781,0.6915310497441336,0.23051034991471117,0.3457655248720668,0.5762758747867781,0.6915310497441336,1.0372965746162006,1.0372965746162006,0.6915310497441336,0.3457655248720668,0.5762758747867781,1.0372965746162006,0.5762758747867781,1.0372965746162006,0.6915310497441336,0.9220413996588447,0.5762758747867781,0.9220413996588447,0.6915310497441336,0.6915310497441336,0.6915310497441336,0.3457655248720668,0.23051034991471117,0.5762758747867781,0.46102069982942234,0.6915310497441336,0.6915310497441336,0.23051034991471117,0.8067862247014891,0.3457655248720668,1.1525517495735562,1.2678069245309116,0.3457655248720668,0.8067862247014891,0.5762758747867781,0.9220413996588447,0.3457655248720668,0.9220413996588447,0.46102069982942234,1.1525517495735562,1.0372965746162006,0.11525517495735559,0.9220413996588447,0.46102069982942234,0.0,0.8067862247014891,0.5762758747867781,0.5762758747867781,0.3457655248720668,0.5762758747867781,0.8067862247014891,0.23051034991471117,1.0372965746162006,0.46102069982942234,0.8067862247014891,0.46102069982942234,0.6915310497441336,0.5762758747867781,1.0372965746162006,0.5762758747867781,0.46102069982942234,0.5762758747867781,0.46102069982942234,0.8067862247014891,0.8067862247014891,0.6915310497441336,0.5762758747867781,0.23051034991471117,0.23051034991471117,0.5762758747867781,0.0,0.5762758747867781,0.23051034991471117,1.4983172744456228,0.9220413996588447,0.46102069982942234,0.9220413996588447,0.6915310497441336,0.6915310497441336,0.23051034991471117,0.5762758747867781,1.1525517495735562,0.46102069982942234,0.6915310497441336,0.9220413996588447,0.6915310497441336,0.9220413996588447,0.3457655248720668,1.3830620994882672,0.46102069982942234,0.9220413996588447,0.23051034991471117,0.46102069982942234,0.5762758747867781,0.46102069982942234,0.6915310497441336,0.46102069982942234,0.23051034991471117,0.6915310497441336,0.9220413996588447,0.6915310497441336,0.8067862247014891,0.46102069982942234,0.9220413996588447,0.6915310497441336,0.3457655248720668,0.9220413996588447,1.1525517495735562,0.6915310497441336,0.46102069982942234,,,,,,,,,,,,,,,,,,,,,,,,,,,,,,,,,,,,,,,,,,,,,,,,,,,,,,,,,,,,,,,,,,,,,,,,,
,,,,,,,,,,,,,,,,,,,,,,,,,,,,,,,,,,,,,,,,,,,,,,,,,,,,,,0.9220413996588447,0.8067862247014891,0.3457655248720668,0.11525517495735559,0.46102069982942234,1.0372965746162006,0.6915310497441336,0.8067862247014891,0.6915310497441336,0.23051034991471117,0.3457655248720668,0.6915310497441336,0.6915310497441336,0.6915310497441336,0.9220413996588447,0.46102069982942234,0.8067862247014891,0.23051034991471117,0.3457655248720668,0.46102069982942234,0.3457655248720668,0.3457655248720668,0.46102069982942234,0.5762758747867781,0.46102069982942234,0.5762758747867781,0.23051034991471117,1.0372965746162006,0.3457655248720668,1.1525517495735562,0.46102069982942234,0.8067862247014891,0.5762758747867781,1.2678069245309116,0.46102069982942234,0.6915310497441336,0.3457655248720668,0.8067862247014891,0.46102069982942234,0.3457655248720668,0.23051034991471117,0.46102069982942234,0.9220413996588447,0.46102069982942234,0.3457655248720668,0.3457655248720668,0.9220413996588447,0.5762758747867781,1.1525517495735562,0.3457655248720668,0.46102069982942234,0.3457655248720668,0.9220413996588447,0.3457655248720668,1.1525517495735562,0.8067862247014891,0.46102069982942234,0.6915310497441336,0.6915310497441336,0.23051034991471117,0.6915310497441336,1.2678069245309116,0.23051034991471117,0.3457655248720668,0.23051034991471117,1.2678069245309116,0.3457655248720668,0.8067862247014891,0.46102069982942234,0.8067862247014891,0.8067862247014891,0.46102069982942234,0.6915310497441336,0.23051034991471117,0.8067862247014891,0.3457655248720668,1.4983172744456228,0.9220413996588447,0.6915310497441336,0.23051034991471117,1.0372965746162006,0.5762758747867781,0.9220413996588447,1.0372965746162006,0.46102069982942234,0.5762758747867781,0.6915310497441336,0.3457655248720668,0.46102069982942234,0.5762758747867781,0.6915310497441336,1.1525517495735562,0.8067862247014891,0.8067862247014891,0.9220413996588447,0.23051034991471117,0.9220413996588447,0.46102069982942234,0.6915310497441336,0.3457655248720668,0.46102069982942234,0.46102069982942234,0.5762758747867781,1.2678069245309116,0.5762758747867781,1.2678069245309116,1.0372965746162006,0.23051034991471117,0.6915310497441336,0.11525517495735559,0.5762758747867781,0.23051034991471117,0.9220413996588447,0.23051034991471117,0.8067862247014891,0.9220413996588447,0.6915310497441336,0.6915310497441336,1.2678069245309116,0.23051034991471117,0.5762758747867781,0.46102069982942234,0.23051034991471117,0.3457655248720668,1.1525517495735562,0.5762758747867781,1.0372965746162006,0.6915310497441336,,,,,,,,,,,,,,,,,,,,,,,,,,,,,,,,,,,,,,,,,,,,,,,,,,,,,,,,,,,,,,,,,,,,,,,,,,
,,,,,,,,,,,,,,,,,,,,,,,,,,,,,,,,,,,,,,,,,,,,,,,,,,,,,0.46102069982942234,0.46102069982942234,0.46102069982942234,0.3457655248720668,0.46102069982942234,0.11525517495735559,0.5762758747867781,0.6915310497441336,0.46102069982942234,0.8067862247014891,0.8067862247014891,1.1525517495735562,1.2678069245309116,0.6915310497441336,0.23051034991471117,0.5762758747867781,0.46102069982942234,0.3457655248720668,0.8067862247014891,0.46102069982942234,0.8067862247014891,0.46102069982942234,0.46102069982942234,0.46102069982942234,0.5762758747867781,1.0372965746162006,0.6915310497441336,1.2678069245309116,1.1525517495735562,0.9220413996588447,0.46102069982942234,0.3457655248720668,1.2678069245309116,0.8067862247014891,0.23051034991471117,0.8067862247014891,0.46102069982942234,0.8067862247014891,0.5762758747867781,0.8067862247014891,0.8067862247014891,0.6915310497441336,0.5762758747867781,0.8067862247014891,0.5762758747867781,0.6915310497441336,0.46102069982942234,0.6915310497441336,0.5762758747867781,0.5762758747867781,0.6915310497441336,0.6915310497441336,0.8067862247014891,0.8067862247014891,0.8067862247014891,0.5762758747867781,0.3457655248720668,0.3457655248720668,1.0372965746162006,0.3457655248720668,0.6915310497441336,1.0372965746162006,0.46102069982942234,0.5762758747867781,0.5762758747867781,0.8067862247014891,0.46102069982942234,0.8067862247014891,0.5762758747867781,0.3457655248720668,0.6915310497441336,0.3457655248720668,0.46102069982942234,0.6915310497441336,0.6915310497441336,0.3457655248720668,0.3457655248720668,0.3457655248720668,0.6915310497441336,0.9220413996588447,0.6915310497441336,0.8067862247014891,0.3457655248720668,0.8067862247014891,0.46102069982942234,1.0372965746162006,0.11525517495735559,0.3457655248720668,1.0372965746162006,0.9220413996588447,1.1525517495735562,0.5762758747867781,0.9220413996588447,0.5762758747867781,0.46102069982942234,0.5762758747867781,0.6915310497441336,0.9220413996588447,0.5762758747867781,0.6915310497441336,0.6915310497441336,0.5762758747867781,0.9220413996588447,1.0372965746162006,0.46102069982942234,0.8067862247014891,0.8067862247014891,0.23051034991471117,1.6135724494029782,0.5762758747867781,0.23051034991471117,0.6915310497441336,0.5762758747867781,0.3457655248720668,1.0372965746162006,0.46102069982942234,0.3457655248720668,0.3457655248720668,0.46102069982942234,0.6915310497441336,0.6915310497441336,0.5762758747867781,0.6915310497441336,0.8067862247014891,0.3457655248720668,1.1525517495735562,0.6915310497441336,0.8067862247014891,,,,,,,,,,,,,,,,,,,,,,,,,,,,,,,,,,,,,,,,,,,,,,,,,,,,,,,,,,,,,,,,,,,,,,,,,,,
,,,,,,,,,,,,,,,,,,,,,,,,,,,,,,,,,,,,,,,,,,,,,,,,,,,,,,,0.6915310497441336,0.6915310497441336,0.8067862247014891,0.5762758747867781,1.0372965746162006,1.1525517495735562,0.46102069982942234,0.8067862247014891,0.3457655248720668,0.46102069982942234,0.5762758747867781,0.9220413996588447,0.3457655248720668,0.8067862247014891,0.6915310497441336,0.6915310497441336,0.8067862247014891,0.3457655248720668,0.8067862247014891,1.0372965746162006,0.46102069982942234,0.5762758747867781,0.8067862247014891,0.23051034991471117,0.3457655248720668,0.5762758747867781,0.3457655248720668,0.46102069982942234,0.5762758747867781,0.23051034991471117,0.8067862247014891,0.23051034991471117,0.8067862247014891,0.8067862247014891,0.8067862247014891,0.5762758747867781,1.1525517495735562,0.46102069982942234,0.46102069982942234,0.6915310497441336,0.46102069982942234,0.3457655248720668,0.8067862247014891,0.23051034991471117,0.23051034991471117,1.1525517495735562,0.46102069982942234,0.9220413996588447,0.46102069982942234,0.11525517495735559,0.3457655248720668,0.3457655248720668,0.3457655248720668,0.46102069982942234,0.6915310497441336,0.3457655248720668,0.6915310497441336,0.0,0.5762758747867781,0.8067862247014891,0.8067862247014891,0.5762758747867781,0.46102069982942234,0.11525517495735559,0.6915310497441336,0.6915310497441336,0.46102069982942234,0.8067862247014891,0.8067862247014891,0.3457655248720668,0.8067862247014891,0.8067862247014891,0.3457655248720668,0.8067862247014891,0.6915310497441336,0.8067862247014891,0.5762758747867781,0.5762758747867781,0.5762758747867781,0.9220413996588447,1.1525517495735562,0.23051034991471117,0.23051034991471117,0.3457655248720668,0.3457655248720668,0.5762758747867781,0.3457655248720668,0.3457655248720668,0.5762758747867781,0.3457655248720668,0.46102069982942234,0.6915310497441336,0.6915310497441336,1.0372965746162006,1.0372965746162006,0.23051034991471117,0.23051034991471117,0.23051034991471117,0.6915310497441336,0.5762758747867781,0.3457655248720668,0.8067862247014891,1.0372965746162006,0.9220413996588447,0.23051034991471117,0.8067862247014891,0.46102069982942234,0.5762758747867781,0.46102069982942234,0.46102069982942234,0.5762758747867781,0.6915310497441336,0.11525517495735559,0.11525517495735559,0.3457655248720668,0.3457655248720668,0.8067862247014891,0.8067862247014891,0.6915310497441336,0.46102069982942234,0.3457655248720668,1.0372965746162006,0.6915310497441336,0.6915310497441336,0.23051034991471117,,,,,,,,,,,,,,,,,,,,,,,,,,,,,,,,,,,,,,,,,,,,,,,,,,,,,,,,,,,,,,,,,,,,,,,,,,,,
,,,,,,,,,,,,,,,,,,,,,,,,,,,,,,,,,,,,,,,,,,,,,,,,,,,,,,,,0.5762758747867781,0.23051034991471117,0.8067862247014891,0.5762758747867781,0.3457655248720668,0.23051034991471117,0.46102069982942234,0.3457655248720668,0.6915310497441336,0.6915310497441336,0.46102069982942234,1.1525517495735562,0.3457655248720668,1.0372965746162006,0.5762758747867781,0.5762758747867781,0.8067862247014891,0.5762758747867781,0.6915310497441336,1.1525517495735562,0.23051034991471117,0.8067862247014891,1.0372965746162006,0.3457655248720668,0.9220413996588447,0.23051034991471117,1.0372965746162006,0.6915310497441336,0.5762758747867781,0.23051034991471117,0.46102069982942234,0.5762758747867781,1.1525517495735562,0.8067862247014891,0.6915310497441336,0.9220413996588447,0.46102069982942234,0.9220413996588447,0.5762758747867781,0.8067862247014891,1.0372965746162006,0.9220413996588447,0.5762758747867781,0.8067862247014891,0.6915310497441336,0.46102069982942234,0.6915310497441336,0.5762758747867781,1.0372965746162006,0.8067862247014891,0.9220413996588447,0.6915310497441336,0.5762758747867781,0.3457655248720668,1.1525517495735562,0.3457655248720668,0.3457655248720668,0.6915310497441336,0.23051034991471117,0.46102069982942234,1.4983172744456228,0.5762758747867781,0.23051034991471117,0.3457655248720668,0.46102069982942234,0.5762758747867781,0.5762758747867781,0.6915310497441336,0.5762758747867781,0.46102069982942234,0.5762758747867781,0.46102069982942234,0.6915310497441336,0.8067862247014891,0.9220413996588447,1.1525517495735562,0.5762758747867781,0.3457655248720668,0.6915310497441336,0.5762758747867781,0.5762758747867781,0.5762758747867781,0.3457655248720668,0.8067862247014891,0.23051034991471117,0.6915310497441336,0.46102069982942234,0.5762758747867781,0.6915310497441336,0.9220413996588447,0.5762758747867781,0.23051034991471117,0.8067862247014891,0.6915310497441336,0.6915310497441336,0.3457655248720668,0.6915310497441336,0.46102069982942234,0.23051034991471117,0.23051034991471117,0.8067862247014891,0.23051034991471117,1.0372965746162006,0.5762758747867781,1.0372965746162006,0.5762758747867781,0.6915310497441336,1.0372965746162006,0.5762758747867781,0.8067862247014891,0.46102069982942234,0.23051034991471117,0.46102069982942234,0.11525517495735559,0.3457655248720668,0.46102069982942234,1.1525517495735562,0.6915310497441336,0.9220413996588447,0.8067862247014891,1.3830620994882672,0.5762758747867781,0.9220413996588447,0.46102069982942234,,,,,,,,,,,,,,,,,,,,,,,,,,,,,,,,,,,,,,,,,,,,,,,,,,,,,,,,,,,,,,,,,,,,,,,,,,,,
,,,,,,,,,,,,,,,,,,,,,,,,,,,,,,,,,,,,,,,,,,,,,,,,,,,,,,,,0.8067862247014891,0.3457655248720668,1.0372965746162006,0.3457655248720668,0.46102069982942234,0.3457655248720668,1.3830620994882672,0.46102069982942234,0.46102069982942234,0.3457655248720668,1.0372965746162006,0.9220413996588447,0.3457655248720668,0.3457655248720668,0.6915310497441336,0.3457655248720668,0.5762758747867781,0.9220413996588447,1.0372965746162006,1.0372965746162006,0.9220413996588447,0.11525517495735559,0.46102069982942234,0.46102069982942234,1.0372965746162006,0.8067862247014891,1.0372965746162006,1.2678069245309116,0.6915310497441336,1.1525517495735562,0.6915310497441336,0.46102069982942234,1.3830620994882672,0.6915310497441336,0.5762758747867781,0.9220413996588447,0.8067862247014891,0.11525517495735559,0.46102069982942234,0.5762758747867781,0.46102069982942234,0.46102069982942234,0.6915310497441336,0.46102069982942234,0.5762758747867781,0.6915310497441336,0.5762758747867781,0.6915310497441336,0.8067862247014891,0.6915310497441336,0.46102069982942234,0.8067862247014891,0.5762758747867781,0.5762758747867781,1.2678069245309116,0.23051034991471117,0.46102069982942234,0.8067862247014891,0.5762758747867781,0.5762758747867781,0.3457655248720668,0.11525517495735559,0.46102069982942234,0.3457655248720668,0.11525517495735559,0.11525517495735559,0.11525517495735559,0.5762758747867781,0.5762758747867781,0.6915310497441336,0.6915310497441336,0.46102069982942234,1.3830620994882672,0.46102069982942234,0.8067862247014891,0.6915310497441336,0.46102069982942234,0.8067862247014891,0.3457655248720668,0.8067862247014891,0.5762758747867781,0.11525517495735559,1.0372965746162006,0.6915310497441336,1.2678069245309116,0.5762758747867781,0.6915310497441336,0.5762758747867781,0.9220413996588447,0.6915310497441336,1.1525517495735562,0.8067862247014891,0.23051034991471117,0.6915310497441336,0.5762758747867781,0.46102069982942234,0.9220413996588447,0.8067862247014891,0.3457655248720668,0.5762758747867781,0.8067862247014891,0.46102069982942234,0.46102069982942234,1.1525517495735562,0.6915310497441336,0.46102069982942234,0.6915310497441336,0.6915310497441336,0.46102069982942234,1.1525517495735562,0.5762758747867781,0.46102069982942234,0.5762758747867781,0.9220413996588447,0.5762758747867781,0.6915310497441336,0.6915310497441336,0.6915310497441336,0.3457655248720668,0.9220413996588447,0.9220413996588447,0.5762758747867781,0.46102069982942234,,,,,,,,,,,,,,,,,,,,,,,,,,,,,,,,,,,,,,,,,,,,,,,,,,,,,,,,,,,,,,,,,,,,,,,,,,,,,
,,,,,,,,,,,,,,,,,,,,,,,,,,,,,,,,,,,,,,,,,,,,,,,,,,,,,,,,0.6915310497441336,0.3457655248720668,1.3830620994882672,0.23051034991471117,0.46102069982942234,0.6915310497441336,0.46102069982942234,0.46102069982942234,1.1525517495735562,0.3457655248720668,0.6915310497441336,0.3457655248720668,0.3457655248720668,0.5762758747867781,0.5762758747867781,0.6915310497441336,0.6915310497441336,0.46102069982942234,0.5762758747867781,0.46102069982942234,0.3457655248720668,0.5762758747867781,0.5762758747867781,1.0372965746162006,0.8067862247014891,0.5762758747867781,0.11525517495735559,0.5762758747867781,0.6915310497441336,0.5762758747867781,0.8067862247014891,0.9220413996588447,0.8067862247014891,0.3457655248720668,0.46102069982942234,0.6915310497441336,0.5762758747867781,0.3457655248720668,0.3457655248720668,0.6915310497441336,0.3457655248720668,0.5762758747867781,0.9220413996588447,0.46102069982942234,0.23051034991471117,0.9220413996588447,0.5762758747867781,0.6915310497441336,0.46102069982942234,0.3457655248720668,0.6915310497441336,0.5762758747867781,0.6915310497441336,0.46102069982942234,0.5762758747867781,0.23051034991471117,1.0372965746162006,0.23051034991471117,0.6915310497441336,0.9220413996588447,0.23051034991471117,0.6915310497441336,0.6915310497441336,0.23051034991471117,0.5762758747867781,0.6915310497441336,0.46102069982942234,1.2678069245309116,0.8067862247014891,0.11525517495735559,0.3457655248720668,0.11525517495735559,0.6915310497441336,0.9220413996588447,0.5762758747867781,0.5762758747867781,0.5762758747867781,0.6915310497441336,0.46102069982942234,0.8067862247014891,0.6915310497441336,0.9220413996588447,0.6915310497441336,0.9220413996588447,0.5762758747867781,0.3457655248720668,0.3457655248720668,0.6915310497441336,1.0372965746162006,0.46102069982942234,0.46102069982942234,0.11525517495735559,0.46102069982942234,0.8067862247014891,0.6915310497441336,0.23051034991471117,0.9220413996588447,0.6915310497441336,0.5762758747867781,0.8067862247014891,0.5762758747867781,1.1525517495735562,0.8067862247014891,0.6915310497441336,0.5762758747867781,0.23051034991471117,0.3457655248720668,0.6915310497441336,0.8067862247014891,0.8067862247014891,0.3457655248720668,0.3457655248720668,0.8067862247014891,1.2678069245309116,0.46102069982942234,0.3457655248720668,0.23051034991471117,0.8067862247014891,1.3830620994882672,0.46102069982942234,0.46102069982942234,0.9220413996588447,0.9220413996588447,,,,,,,,,,,,,,,,,,,,,,,,,,,,,,,,,,,,,,,,,,,,,,,,,,,,,,,,,,,,,,,,,,,,,,,,,,,,,
,,,,,,,,,,,,,,,,,,,,,,,,,,,,,,,,,,,,,,,,,,,,,,,,,,,,,,,,0.5762758747867781,0.6915310497441336,0.23051034991471117,0.9220413996588447,0.9220413996588447,1.0372965746162006,0.8067862247014891,0.6915310497441336,0.3457655248720668,0.23051034991471117,0.5762758747867781,0.46102069982942234,0.23051034991471117,0.46102069982942234,0.5762758747867781,0.5762758747867781,0.3457655248720668,0.46102069982942234,0.23051034991471117,0.0,0.6915310497441336,1.0372965746162006,0.23051034991471117,0.3457655248720668,0.46102069982942234,0.8067862247014891,0.46102069982942234,0.46102069982942234,0.23051034991471117,0.3457655248720668,0.3457655248720668,0.46102069982942234,0.5762758747867781,0.3457655248720668,1.0372965746162006,0.23051034991471117,0.23051034991471117,0.46102069982942234,0.6915310497441336,0.8067862247014891,1.0372965746162006,0.5762758747867781,0.5762758747867781,0.46102069982942234,0.46102069982942234,0.6915310497441336,0.9220413996588447,0.6915310497441336,0.46102069982942234,0.3457655248720668,0.46102069982942234,0.3457655248720668,0.6915310497441336,0.46102069982942234,0.8067862247014891,0.5762758747867781,0.5762758747867781,0.9220413996588447,0.6915310497441336,0.3457655248720668,0.6915310497441336,1.0372965746162006,0.46102069982942234,0.46102069982942234,0.3457655248720668,0.46102069982942234,0.11525517495735559,0.46102069982942234,0.5762758747867781,1.0372965746162006,0.46102069982942234,1.2678069245309116,0.5762758747867781,0.6915310497441336,1.1525517495735562,0.3457655248720668,0.8067862247014891,0.3457655248720668,0.5762758747867781,0.3457655248720668,0.46102069982942234,0.23051034991471117,0.6915310497441336,0.5762758747867781,0.46102069982942234,0.46102069982942234,0.6915310497441336,0.6915310497441336,0.5762758747867781,0.6915310497441336,0.5762758747867781,1.1525517495735562,0.8067862247014891,0.8067862247014891,0.8067862247014891,0.9220413996588447,0.5762758747867781,0.6915310497441336,0.23051034991471117,0.6915310497441336,0.5762758747867781,0.11525517495735559,0.46102069982942234,0.6915310497441336,1.1525517495735562,0.23051034991471117,0.23051034991471117,0.6915310497441336,0.5762758747867781,0.3457655248720668,0.46102069982942234,1.0372965746162006,0.6915310497441336,0.5762758747867781,0.3457655248720668,0.6915310497441336,0.3457655248720668,0.5762758747867781,0.46102069982942234,0.3457655248720668,0.46102069982942234,0.8067862247014891,0.46102069982942234,,,,,,,,,,,,,,,,,,,,,,,,,,,,,,,,,,,,,,,,,,,,,,,,,,,,,,,,,,,,,,,,,,,,,,,,,,,,,
,,,,,,,,,,,,,,,,,,,,,,,,,,,,,,,,,,,,,,,,,,,,,,,,,,,,,,,,0.8067862247014891,0.5762758747867781,0.5762758747867781,0.3457655248720668,0.5762758747867781,0.9220413996588447,1.0372965746162006,0.46102069982942234,1.2678069245309116,0.23051034991471117,0.8067862247014891,0.6915310497441336,0.46102069982942234,0.6915310497441336,0.46102069982942234,0.3457655248720668,0.5762758747867781,0.9220413996588447,0.8067862247014891,0.46102069982942234,0.23051034991471117,0.5762758747867781,1.0372965746162006,1.0372965746162006,0.6915310497441336,1.0372965746162006,0.46102069982942234,1.1525517495735562,0.6915310497441336,0.46102069982942234,0.5762758747867781,0.3457655248720668,0.46102069982942234,0.0,0.6915310497441336,0.8067862247014891,0.46102069982942234,0.6915310497441336,1.0372965746162006,0.3457655248720668,0.23051034991471117,0.46102069982942234,0.6915310497441336,0.3457655248720668,0.3457655248720668,0.5762758747867781,0.8067862247014891,0.5762758747867781,0.46102069982942234,0.9220413996588447,0.5762758747867781,0.46102069982942234,0.3457655248720668,0.5762758747867781,1.0372965746162006,0.9220413996588447,0.9220413996588447,0.6915310497441336,0.5762758747867781,0.5762758747867781,0.6915310497441336,0.6915310497441336,0.5762758747867781,0.23051034991471117,0.5762758747867781,0.5762758747867781,0.46102069982942234,0.9220413996588447,0.9220413996588447,0.8067862247014891,0.5762758747867781,0.5762758747867781,0.23051034991471117,0.8067862247014891,1.0372965746162006,0.11525517495735559,0.6915310497441336,0.3457655248720668,0.23051034991471117,0.9220413996588447,0.5762758747867781,0.9220413996588447,0.6915310497441336,0.3457655248720668,0.46102069982942234,0.3457655248720668,0.6915310497441336,0.8067862247014891,0.46102069982942234,0.3457655248720668,0.6915310497441336,0.46102069982942234,0.8067862247014891,0.23051034991471117,0.46102069982942234,0.5762758747867781,0.23051034991471117,0.6915310497441336,0.46102069982942234,0.5762758747867781,0.5762758747867781,0.6915310497441336,0.8067862247014891,0.46102069982942234,0.8067862247014891,0.23051034991471117,0.5762758747867781,0.3457655248720668,0.23051034991471117,0.8067862247014891,0.46102069982942234,0.23051034991471117,1.2678069245309116,0.46102069982942234,0.9220413996588447,0.46102069982942234,0.8067862247014891,1.0372965746162006,0.46102069982942234,,0.46102069982942234,1.0372965746162006,0.5762758747867781,,,,,,,,,,,,,,,,,,,,,,,,,,,,,,,,,,,,,,,,,,,,,,,,,,,,,,,,,,,,,,,,,,,,,,,,,,,,,
,,,,,,,,,,,,,,,,,,,,,,,,,,,,,,,,,,,,,,,,,,,,,,,,,,,,,,,,,0.6915310497441336,0.8067862247014891,,0.9220413996588447,0.23051034991471117,0.9220413996588447,0.23051034991471117,0.46102069982942234,0.46102069982942234,0.6915310497441336,0.3457655248720668,0.46102069982942234,0.8067862247014891,0.23051034991471117,0.46102069982942234,0.46102069982942234,0.5762758747867781,1.1525517495735562,0.5762758747867781,0.6915310497441336,0.6915310497441336,0.46102069982942234,0.11525517495735559,0.6915310497441336,0.6915310497441336,0.23051034991471117,1.1525517495735562,0.5762758747867781,0.6915310497441336,0.5762758747867781,0.6915310497441336,0.9220413996588447,0.6915310497441336,0.46102069982942234,0.5762758747867781,0.5762758747867781,0.5762758747867781,0.46102069982942234,0.5762758747867781,0.8067862247014891,0.23051034991471117,0.8067862247014891,0.46102069982942234,1.0372965746162006,0.5762758747867781,0.46102069982942234,0.8067862247014891,0.6915310497441336,0.6915310497441336,0.5762758747867781,0.8067862247014891,1.4983172744456228,0.3457655248720668,0.9220413996588447,1.0372965746162006,0.5762758747867781,0.6915310497441336,0.9220413996588447,0.5762758747867781,0.46102069982942234,0.3457655248720668,0.23051034991471117,0.5762758747867781,0.9220413996588447,0.5762758747867781,0.3457655248720668,1.3830620994882672,0.5762758747867781,0.46102069982942234,0.5762758747867781,0.8067862247014891,0.46102069982942234,0.8067862247014891,0.23051034991471117,0.9220413996588447,0.46102069982942234,0.5762758747867781,0.46102069982942234,0.8067862247014891,1.0372965746162006,0.46102069982942234,0.23051034991471117,0.46102069982942234,0.6915310497441336,1.1525517495735562,0.23051034991471117,0.46102069982942234,0.46102069982942234,0.46102069982942234,0.6915310497441336,0.6915310497441336,0.3457655248720668,0.8067862247014891,0.8067862247014891,0.46102069982942234,1.1525517495735562,0.5762758747867781,0.46102069982942234,0.8067862247014891,0.6915310497441336,0.23051034991471117,0.5762758747867781,0.5762758747867781,0.6915310497441336,0.8067862247014891,0.5762758747867781,0.46102069982942234,0.8067862247014891,1.1525517495735562,0.8067862247014891,0.8067862247014891,1.6135724494029782,0.6915310497441336,0.5762758747867781,0.5762758747867781,0.6915310497441336,0.8067862247014891,0.23051034991471117,,,,,,,,,,,,,,,,,,,,,,,,,,,,,,,,,,,,,,,,,,,,,,,,,,,,,,,,,,,,,,,,,,,,,,,,,,,,,,,,,
,,,,,,,,,,,,,,,,,,,,,,,,,,,,,,,,,,,,,,,,,,,,,,,,,,,,,1.2678069245309116,0.46102069982942234,,0.5762758747867781,0.8067862247014891,0.5762758747867781,,,0.8067862247014891,0.5762758747867781,0.23051034991471117,0.46102069982942234,0.5762758747867781,0.23051034991471117,0.8067862247014891,0.46102069982942234,0.11525517495735559,0.23051034991471117,0.8067862247014891,0.9220413996588447,0.23051034991471117,1.0372965746162006,0.8067862247014891,0.8067862247014891,0.5762758747867781,0.5762758747867781,0.5762758747867781,0.9220413996588447,0.8067862247014891,0.5762758747867781,0.6915310497441336,0.3457655248720668,0.11525517495735559,0.23051034991471117,0.23051034991471117,1.1525517495735562,0.3457655248720668,0.5762758747867781,0.3457655248720668,0.11525517495735559,0.8067862247014891,0.5762758747867781,0.8067862247014891,0.3457655248720668,0.8067862247014891,0.3457655248720668,0.6915310497441336,0.3457655248720668,0.23051034991471117,0.8067862247014891,0.5762758747867781,0.46102069982942234,0.6915310497441336,0.46102069982942234,0.8067862247014891,0.46102069982942234,0.6915310497441336,0.23051034991471117,0.5762758747867781,0.46102069982942234,0.5762758747867781,0.9220413996588447,0.9220413996588447,0.3457655248720668,1.1525517495735562,0.23051034991471117,0.6915310497441336,0.5762758747867781,0.5762758747867781,0.46102069982942234,0.46102069982942234,0.8067862247014891,0.46102069982942234,0.3457655248720668,0.6915310497441336,0.46102069982942234,1.0372965746162006,0.8067862247014891,0.9220413996588447,0.9220413996588447,0.8067862247014891,0.3457655248720668,0.6915310497441336,0.8067862247014891,0.3457655248720668,0.23051034991471117,0.46102069982942234,1.2678069245309116,0.5762758747867781,0.6915310497441336,0.9220413996588447,0.3457655248720668,1.2678069245309116,0.6915310497441336,0.5762758747867781,0.6915310497441336,0.6915310497441336,0.5762758747867781,0.3457655248720668,0.5762758747867781,1.0372965746162006,1.0372965746162006,0.5762758747867781,0.9220413996588447,0.46102069982942234,0.6915310497441336,0.6915310497441336,0.6915310497441336,0.3457655248720668,0.46102069982942234,0.6915310497441336,0.5762758747867781,0.6915310497441336,0.5762758747867781,0.5762758747867781,0.3457655248720668,0.3457655248720668,0.46102069982942234,0.5762758747867781,0.9220413996588447,0.5762758747867781,0.3457655248720668,1.0372965746162006,,,,,,,,,,,,,,,,,,,,,,,,,,,,,,,,,,,,,,,,,,,,,,,,,,,,,,,,,,,,,,,,,,,,,,,,,,,,,,,,
,,,,,,,,,,,,,,,,,,,,,,,,,,,,,,,,,,,,,,,,,,,,,,,,,,,,,0.8067862247014891,0.46102069982942234,1.0372965746162006,0.8067862247014891,,,,,,0.46102069982942234,0.6915310497441336,0.46102069982942234,0.6915310497441336,0.3457655248720668,0.5762758747867781,0.23051034991471117,0.9220413996588447,0.46102069982942234,0.6915310497441336,1.0372965746162006,0.46102069982942234,0.8067862247014891,0.46102069982942234,0.46102069982942234,0.6915310497441336,0.3457655248720668,0.23051034991471117,0.8067862247014891,0.5762758747867781,0.23051034991471117,0.5762758747867781,0.46102069982942234,0.6915310497441336,0.6915310497441336,1.1525517495735562,0.3457655248720668,0.9220413996588447,0.3457655248720668,0.5762758747867781,0.8067862247014891,0.5762758747867781,0.3457655248720668,1.1525517495735562,0.5762758747867781,0.8067862247014891,0.8067862247014891,0.46102069982942234,0.6915310497441336,0.8067862247014891,0.3457655248720668,0.8067862247014891,0.6915310497441336,0.3457655248720668,0.3457655248720668,1.0372965746162006,0.46102069982942234,0.5762758747867781,0.46102069982942234,0.8067862247014891,0.8067862247014891,0.5762758747867781,0.9220413996588447,0.6915310497441336,0.8067862247014891,0.8067862247014891,0.3457655248720668,0.46102069982942234,0.46102069982942234,0.3457655248720668,0.23051034991471117,0.46102069982942234,0.8067862247014891,0.46102069982942234,1.1525517495735562,0.23051034991471117,0.23051034991471117,0.46102069982942234,0.23051034991471117,0.6915310497441336,0.5762758747867781,0.46102069982942234,0.8067862247014891,0.6915310497441336,0.5762758747867781,0.46102069982942234,0.46102069982942234,0.23051034991471117,0.8067862247014891,0.6915310497441336,0.6915310497441336,0.6915310497441336,0.6915310497441336,0.46102069982942234,0.6915310497441336,0.8067862247014891,0.8067862247014891,0.46102069982942234,1.3830620994882672,0.5762758747867781,0.8067862247014891,0.3457655248720668,0.8067862247014891,0.5762758747867781,0.5762758747867781,0.3457655248720668,0.5762758747867781,0.8067862247014891,0.6915310497441336,0.5762758747867781,0.5762758747867781,0.6915310497441336,1.0372965746162006,0.6915310497441336,0.5762758747867781,1.0372965746162006,0.46102069982942234,0.23051034991471117,0.8067862247014891,1.0372965746162006,0.46102069982942234,1.9593379742750452,0.46102069982942234,0.9220413996588447,0.3457655248720668,0.3457655248720668,,,,,,,,,,,,,,,,,,,,,,,,,,,,,,,,,,,,,,,,,,,,,,,,,,,,,,,,,,,,,,,,,,,,,,,,,,,,,,
,,,,,,,,,,,,,,,,,,,,,,,,,,,,,,,,,,,,,,,,,,,,,,,,,,,,,,,,,,,,,,0.9220413996588447,0.5762758747867781,0.9220413996588447,0.46102069982942234,0.8067862247014891,0.23051034991471117,0.5762758747867781,0.5762758747867781,0.8067862247014891,0.5762758747867781,0.23051034991471117,0.5762758747867781,0.6915310497441336,0.6915310497441336,0.6915310497441336,0.46102069982942234,0.3457655248720668,0.46102069982942234,0.8067862247014891,0.46102069982942234,0.9220413996588447,0.46102069982942234,0.23051034991471117,0.3457655248720668,0.6915310497441336,0.46102069982942234,1.0372965746162006,0.46102069982942234,0.3457655248720668,0.46102069982942234,0.46102069982942234,0.3457655248720668,0.5762758747867781,0.46102069982942234,0.3457655248720668,0.3457655248720668,0.5762758747867781,0.8067862247014891,0.3457655248720668,0.6915310497441336,0.5762758747867781,0.8067862247014891,0.5762758747867781,0.6915310497441336,0.8067862247014891,0.3457655248720668,1.3830620994882672,0.3457655248720668,0.8067862247014891,1.1525517495735562,0.8067862247014891,0.9220413996588447,0.5762758747867781,0.6915310497441336,0.8067862247014891,0.23051034991471117,0.6915310497441336,0.23051034991471117,0.3457655248720668,0.5762758747867781,0.5762758747867781,0.5762758747867781,1.4983172744456228,0.11525517495735559,0.3457655248720668,0.5762758747867781,0.23051034991471117,0.8067862247014891,0.8067862247014891,0.46102069982942234,0.9220413996588447,0.23051034991471117,0.23051034991471117,0.3457655248720668,0.23051034991471117,0.6915310497441336,0.8067862247014891,0.46102069982942234,0.46102069982942234,0.46102069982942234,0.23051034991471117,0.5762758747867781,0.6915310497441336,0.8067862247014891,1.1525517495735562,0.8067862247014891,0.8067862247014891,0.6915310497441336,0.46102069982942234,0.46102069982942234,1.1525517495735562,0.23051034991471117,0.9220413996588447,0.6915310497441336,1.0372965746162006,1.2678069245309116,0.6915310497441336,0.6915310497441336,0.5762758747867781,0.46102069982942234,0.5762758747867781,1.0372965746162006,0.9220413996588447,0.46102069982942234,0.23051034991471117,0.23051034991471117,0.46102069982942234,0.6915310497441336,0.6915310497441336,1.3830620994882672,0.23051034991471117,0.23051034991471117,0.46102069982942234,0.8067862247014891,1.0372965746162006,0.8067862247014891,0.5762758747867781,,,,,,,,,,,,,,,,,,,,,,,,,,,,,,,,,,,,,,,,,,,,,,,,,,,,,,,,,,,,,,,,,,,,,,,,,,,,,
,,,,,,,,,,,,,,,,,,,,,,,,,,,,,,,,,,,,,,,,,,,,,,,,,,,,,,,,,,,,,,0.46102069982942234,0.6915310497441336,0.23051034991471117,1.2678069245309116,0.3457655248720668,0.23051034991471117,0.0,0.5762758747867781,0.46102069982942234,0.8067862247014891,0.3457655248720668,0.5762758747867781,0.3457655248720668,0.3457655248720668,0.8067862247014891,0.46102069982942234,0.8067862247014891,0.3457655248720668,0.9220413996588447,0.3457655248720668,0.11525517495735559,0.46102069982942234,0.5762758747867781,0.46102069982942234,0.6915310497441336,0.11525517495735559,0.46102069982942234,0.3457655248720668,0.8067862247014891,0.6915310497441336,0.8067862247014891,0.6915310497441336,0.6915310497441336,1.0372965746162006,0.6915310497441336,0.5762758747867781,0.23051034991471117,0.46102069982942234,0.3457655248720668,0.8067862247014891,0.3457655248720668,0.8067862247014891,0.8067862247014891,0.46102069982942234,0.5762758747867781,0.5762758747867781,0.46102069982942234,0.46102069982942234,0.3457655248720668,0.8067862247014891,0.23051034991471117,0.23051034991471117,0.3457655248720668,0.8067862247014891,0.5762758747867781,0.5762758747867781,0.6915310497441336,1.0372965746162006,0.3457655248720668,0.23051034991471117,0.46102069982942234,0.8067862247014891,0.3457655248720668,1.0372965746162006,0.5762758747867781,1.0372965746162006,1.0372965746162006,0.5762758747867781,0.46102069982942234,0.5762758747867781,1.1525517495735562,0.9220413996588447,1.3830620994882672,0.5762758747867781,0.6915310497441336,1.0372965746162006,0.23051034991471117,0.6915310497441336,0.3457655248720668,0.46102069982942234,0.5762758747867781,0.46102069982942234,0.5762758747867781,0.5762758747867781,0.3457655248720668,0.9220413996588447,0.6915310497441336,0.46102069982942234,0.3457655248720668,0.5762758747867781,0.5762758747867781,0.5762758747867781,0.5762758747867781,0.5762758747867781,0.8067862247014891,0.3457655248720668,0.8067862247014891,0.8067862247014891,0.5762758747867781,0.9220413996588447,0.23051034991471117,0.0,0.8067862247014891,0.5762758747867781,0.8067862247014891,0.5762758747867781,0.9220413996588447,0.6915310497441336,0.9220413996588447,0.5762758747867781,1.2678069245309116,0.3457655248720668,1.0372965746162006,0.6915310497441336,0.8067862247014891,1.0372965746162006,,,,,,,,,,,,,,,,,,,,,,,,,,,,,,,,,,,,,,,,,,,,,,,,,,,,,,,,,,,,,,,,,,,,,,,,,,,,,,
,,,,,,,,,,,,,,,,,,,,,,,,,,,,,,,,,,,,,,,,,,,,,,,,,,,,,,,,1.1525517495735562,1.0372965746162006,0.9220413996588447,,,,,0.46102069982942234,1.3830620994882672,0.5762758747867781,0.8067862247014891,0.3457655248720668,1.2678069245309116,0.11525517495735559,0.6915310497441336,0.5762758747867781,0.5762758747867781,0.5762758747867781,0.3457655248720668,0.9220413996588447,0.6915310497441336,0.8067862247014891,0.3457655248720668,0.3457655248720668,0.3457655248720668,0.11525517495735559,0.6915310497441336,0.6915310497441336,0.6915310497441336,0.8067862247014891,0.6915310497441336,0.23051034991471117,0.11525517495735559,1.1525517495735562,0.23051034991471117,0.5762758747867781,0.3457655248720668,0.46102069982942234,0.3457655248720668,0.11525517495735559,0.8067862247014891,0.6915310497441336,1.2678069245309116,0.5762758747867781,0.5762758747867781,0.9220413996588447,0.3457655248720668,0.6915310497441336,1.2678069245309116,0.5762758747867781,0.6915310497441336,0.8067862247014891,0.5762758747867781,1.0372965746162006,1.0372965746162006,0.23051034991471117,0.46102069982942234,0.11525517495735559,0.11525517495735559,0.46102069982942234,0.3457655248720668,0.6915310497441336,0.6915310497441336,0.23051034991471117,0.9220413996588447,0.6915310497441336,0.5762758747867781,0.23051034991471117,0.46102069982942234,0.6915310497441336,0.8067862247014891,0.3457655248720668,0.0,0.6915310497441336,0.6915310497441336,0.3457655248720668,0.8067862247014891,0.8067862247014891,0.9220413996588447,0.6915310497441336,0.3457655248720668,0.23051034991471117,0.6915310497441336,0.8067862247014891,0.9220413996588447,0.46102069982942234,0.6915310497441336,0.23051034991471117,0.8067862247014891,1.1525517495735562,0.9220413996588447,0.5762758747867781,0.8067862247014891,0.6915310497441336,0.8067862247014891,0.46102069982942234,0.23051034991471117,1.0372965746162006,0.9220413996588447,0.9220413996588447,0.46102069982942234,0.8067862247014891,0.6915310497441336,0.5762758747867781,0.5762758747867781,1.3830620994882672,0.46102069982942234,1.1525517495735562,0.6915310497441336,0.23051034991471117,0.8067862247014891,0.8067862247014891,1.0372965746162006,0.3457655248720668,0.8067862247014891,0.46102069982942234,0.3457655248720668,0.6915310497441336,0.5762758747867781,0.3457655248720668,0.3457655248720668,0.6915310497441336,,,,,,,,,,,,,,,,,,,,,,,,,,,,,,,,,,,,,,,,,,,,,,,,,,,,,,,,,,,,,,,,,,,,,,,,,,,,,,
,,,,,,,,,,,,,,,,,,,,,,,,,,,,,,,,,,,,,,,,,,,,,,,,,,,,,,,,0.8067862247014891,0.6915310497441336,0.46102069982942234,0.46102069982942234,,,,0.6915310497441336,0.3457655248720668,0.46102069982942234,0.46102069982942234,1.1525517495735562,0.3457655248720668,0.9220413996588447,0.46102069982942234,0.5762758747867781,0.5762758747867781,0.3457655248720668,0.23051034991471117,0.6915310497441336,0.6915310497441336,0.23051034991471117,0.6915310497441336,0.5762758747867781,0.5762758747867781,0.6915310497441336,1.1525517495735562,0.23051034991471117,0.3457655248720668,0.6915310497441336,0.5762758747867781,0.5762758747867781,0.46102069982942234,0.6915310497441336,0.23051034991471117,0.9220413996588447,1.1525517495735562,0.46102069982942234,0.8067862247014891,1.1525517495735562,0.5762758747867781,0.3457655248720668,0.23051034991471117,0.5762758747867781,0.8067862247014891,0.5762758747867781,0.3457655248720668,0.6915310497441336,0.6915310497441336,0.11525517495735559,0.6915310497441336,0.8067862247014891,0.3457655248720668,0.46102069982942234,0.5762758747867781,0.6915310497441336,0.6915310497441336,0.8067862247014891,0.9220413996588447,0.9220413996588447,0.5762758747867781,0.9220413996588447,0.8067862247014891,0.23051034991471117,0.46102069982942234,0.9220413996588447,0.5762758747867781,0.5762758747867781,0.5762758747867781,0.3457655248720668,0.46102069982942234,0.46102069982942234,0.8067862247014891,0.6915310497441336,0.3457655248720668,0.9220413996588447,0.5762758747867781,0.46102069982942234,0.46102069982942234,0.9220413996588447,0.8067862247014891,0.3457655248720668,0.9220413996588447,0.9220413996588447,0.5762758747867781,0.6915310497441336,0.6915310497441336,0.6915310497441336,0.5762758747867781,0.6915310497441336,0.8067862247014891,0.9220413996588447,0.8067862247014891,0.9220413996588447,0.5762758747867781,0.6915310497441336,0.8067862247014891,0.46102069982942234,0.5762758747867781,0.5762758747867781,0.3457655248720668,0.6915310497441336,0.3457655248720668,0.46102069982942234,0.6915310497441336,0.46102069982942234,0.23051034991471117,0.5762758747867781,0.6915310497441336,0.46102069982942234,0.23051034991471117,0.6915310497441336,0.6915310497441336,0.5762758747867781,0.9220413996588447,0.5762758747867781,0.3457655248720668,1.0372965746162006,0.23051034991471117,,,,,,,,,,,,,,,,,,,,,,,,,,,,,,,,,,,,,,,,,,,,,,,,,,,,,,,,,,,,,,,,,,,,,,,,,,,,,,,,,
,,,,,,,,,,,,,,,,,,,,,,,,,,,,,,,,,,,,,,,,,,,,,,,,,,,,,,,,0.46102069982942234,1.1525517495735562,0.46102069982942234,0.6915310497441336,,,0.11525517495735559,0.8067862247014891,0.8067862247014891,0.23051034991471117,0.46102069982942234,0.6915310497441336,0.46102069982942234,0.5762758747867781,0.6915310497441336,0.23051034991471117,0.5762758747867781,0.46102069982942234,0.46102069982942234,0.11525517495735559,1.3830620994882672,0.23051034991471117,0.46102069982942234,0.5762758747867781,1.1525517495735562,0.5762758747867781,1.0372965746162006,0.23051034991471117,0.46102069982942234,1.1525517495735562,0.8067862247014891,0.8067862247014891,0.6915310497441336,0.9220413996588447,0.3457655248720668,0.11525517495735559,0.8067862247014891,0.3457655248720668,1.3830620994882672,0.5762758747867781,0.23051034991471117,0.6915310497441336,0.8067862247014891,1.0372965746162006,0.46102069982942234,0.8067862247014891,0.9220413996588447,0.5762758747867781,0.5762758747867781,0.46102069982942234,0.6915310497441336,0.8067862247014891,0.5762758747867781,0.46102069982942234,0.5762758747867781,0.5762758747867781,0.8067862247014891,0.9220413996588447,0.8067862247014891,1.0372965746162006,0.11525517495735559,0.23051034991471117,0.46102069982942234,0.8067862247014891,0.8067862247014891,0.46102069982942234,0.3457655248720668,0.5762758747867781,0.3457655248720668,0.5762758747867781,0.8067862247014891,0.6915310497441336,0.8067862247014891,0.5762758747867781,0.5762758747867781,0.8067862247014891,0.6915310497441336,0.5762758747867781,0.6915310497441336,0.6915310497441336,0.46102069982942234,0.3457655248720668,0.5762758747867781,0.9220413996588447,0.5762758747867781,0.11525517495735559,0.46102069982942234,0.8067862247014891,0.46102069982942234,0.5762758747867781,0.46102069982942234,0.8067862247014891,0.5762758747867781,0.8067862247014891,0.6915310497441336,0.46102069982942234,0.9220413996588447,0.3457655248720668,0.3457655248720668,0.23051034991471117,0.9220413996588447,0.5762758747867781,0.6915310497441336,0.6915310497441336,1.0372965746162006,0.5762758747867781,0.5762758747867781,0.6915310497441336,0.9220413996588447,0.23051034991471117,0.5762758747867781,0.3457655248720668,0.8067862247014891,0.5762758747867781,1.2678069245309116,0.5762758747867781,0.6915310497441336,1.2678069245309116,0.6915310497441336,,,,,,,,,,,,,,,,,,,,,,,,,,,,,,,,,,,,,,,,,,,,,,,,,,,,,,,,,,,,,,,,,,,,,,,,,,,,,,,,,
,,,,,,,,,,,,,,,,,,,,,,,,,,,,,,,,,,,,,,,,,,,,,,,,,,,,,,,,,0.23051034991471117,0.3457655248720668,0.8067862247014891,0.3457655248720668,,0.9220413996588447,0.8067862247014891,0.9220413996588447,0.6915310497441336,0.6915310497441336,1.1525517495735562,0.5762758747867781,0.11525517495735559,0.9220413996588447,0.3457655248720668,0.46102069982942234,0.46102069982942234,0.5762758747867781,0.8067862247014891,0.3457655248720668,0.23051034991471117,0.46102069982942234,0.6915310497441336,0.46102069982942234,0.5762758747867781,0.11525517495735559,0.8067862247014891,0.5762758747867781,0.9220413996588447,0.9220413996588447,0.46102069982942234,0.5762758747867781,0.6915310497441336,0.23051034991471117,0.5762758747867781,0.6915310497441336,0.8067862247014891,0.8067862247014891,0.46102069982942234,0.8067862247014891,0.8067862247014891,0.3457655248720668,0.5762758747867781,0.6915310497441336,0.3457655248720668,0.6915310497441336,1.0372965746162006,0.46102069982942234,0.3457655248720668,0.5762758747867781,1.2678069245309116,0.6915310497441336,0.3457655248720668,0.5762758747867781,0.23051034991471117,1.0372965746162006,0.6915310497441336,0.5762758747867781,0.0,0.46102069982942234,0.3457655248720668,0.9220413996588447,0.46102069982942234,0.23051034991471117,0.6915310497441336,0.8067862247014891,0.6915310497441336,1.2678069245309116,1.0372965746162006,0.8067862247014891,1.0372965746162006,0.6915310497441336,0.6915310497441336,0.46102069982942234,0.6915310497441336,0.46102069982942234,0.46102069982942234,0.6915310497441336,0.23051034991471117,0.46102069982942234,0.3457655248720668,0.3457655248720668,0.5762758747867781,0.6915310497441336,0.6915310497441336,0.9220413996588447,0.5762758747867781,0.11525517495735559,0.3457655248720668,0.6915310497441336,0.3457655248720668,0.3457655248720668,0.23051034991471117,0.3457655248720668,0.6915310497441336,0.23051034991471117,0.46102069982942234,0.8067862247014891,0.46102069982942234,0.5762758747867781,0.5762758747867781,1.2678069245309116,0.3457655248720668,1.0372965746162006,0.5762758747867781,0.8067862247014891,0.3457655248720668,0.23051034991471117,0.6915310497441336,0.6915310497441336,0.5762758747867781,0.46102069982942234,0.5762758747867781,0.5762758747867781,0.9220413996588447,0.5762758747867781,0.9220413996588447,0.5762758747867781,,,,,,,,,,,,,,,,,,,,,,,,,,,,,,,,,,,,,,,,,,,,,,,,,,,,,,,,,,,,,,,,,,,,,,,,,,,,,,,,,
,,,,,,,,,,,,,,,,,,,,,,,,,,,,,,,,,,,,,,,,,,,,,,,,,,,,,,,,,,0.5762758747867781,0.3457655248720668,0.8067862247014891,0.3457655248720668,0.5762758747867781,0.9220413996588447,0.46102069982942234,0.23051034991471117,0.5762758747867781,0.9220413996588447,0.5762758747867781,0.5762758747867781,0.3457655248720668,0.6915310497441336,0.9220413996588447,0.46102069982942234,0.5762758747867781,1.0372965746162006,0.46102069982942234,0.8067862247014891,0.46102069982942234,0.6915310497441336,0.6915310497441336,1.0372965746162006,0.3457655248720668,0.5762758747867781,0.5762758747867781,0.5762758747867781,0.23051034991471117,0.8067862247014891,0.5762758747867781,0.46102069982942234,0.6915310497441336,0.46102069982942234,0.46102069982942234,0.8067862247014891,0.6915310497441336,0.8067862247014891,0.46102069982942234,1.0372965746162006,0.9220413996588447,0.3457655248720668,0.6915310497441336,0.5762758747867781,0.5762758747867781,0.46102069982942234,0.46102069982942234,0.5762758747867781,0.6915310497441336,1.0372965746162006,1.3830620994882672,0.8067862247014891,0.6915310497441336,0.5762758747867781,0.23051034991471117,0.46102069982942234,0.23051034991471117,0.5762758747867781,0.8067862247014891,0.8067862247014891,0.5762758747867781,0.11525517495735559,0.5762758747867781,0.46102069982942234,0.46102069982942234,0.5762758747867781,0.5762758747867781,0.6915310497441336,0.5762758747867781,0.3457655248720668,0.6915310497441336,0.8067862247014891,0.3457655248720668,0.23051034991471117,0.46102069982942234,0.46102069982942234,0.8067862247014891,0.5762758747867781,0.3457655248720668,0.46102069982942234,0.6915310497441336,0.5762758747867781,0.6915310497441336,1.3830620994882672,0.9220413996588447,0.9220413996588447,0.3457655248720668,0.5762758747867781,0.46102069982942234,0.46102069982942234,0.5762758747867781,1.0372965746162006,0.8067862247014891,0.9220413996588447,0.3457655248720668,0.5762758747867781,0.3457655248720668,0.8067862247014891,1.3830620994882672,1.0372965746162006,0.6915310497441336,0.46102069982942234,0.5762758747867781,0.6915310497441336,0.5762758747867781,0.5762758747867781,0.3457655248720668,0.46102069982942234,0.9220413996588447,0.3457655248720668,0.6915310497441336,0.3457655248720668,0.3457655248720668,0.11525517495735559,0.6915310497441336,0.8067862247014891,0.6915310497441336,0.8067862247014891,,,,,,,,,,,,,,,,,,,,,,,,,,,,,,,,,,,,,,,,,,,,,,,,,,,,,,,,,,,,,,,,,,,,,,,,,,,,,,,,
,,,,,,,,,,,,,,,,,,,,,,,,,,,,,,,,,,,,,,,,,,,,,,,,,,,,,,,,,,1.1525517495735562,0.9220413996588447,0.5762758747867781,,,0.23051034991471117,0.6915310497441336,0.46102069982942234,0.5762758747867781,0.5762758747867781,0.11525517495735559,0.3457655248720668,0.6915310497441336,0.46102069982942234,0.46102069982942234,0.46102069982942234,0.6915310497441336,0.8067862247014891,0.6915310497441336,0.9220413996588447,1.0372965746162006,0.6915310497441336,0.8067862247014891,0.3457655248720668,0.5762758747867781,0.0,0.46102069982942234,0.46102069982942234,0.9220413996588447,0.46102069982942234,0.3457655248720668,0.46102069982942234,0.5762758747867781,1.1525517495735562,0.8067862247014891,0.9220413996588447,0.46102069982942234,0.8067862247014891,1.728827624360334,0.5762758747867781,0.46102069982942234,0.6915310497441336,1.3830620994882672,0.6915310497441336,0.46102069982942234,0.46102069982942234,0.46102069982942234,0.11525517495735559,0.23051034991471117,0.46102069982942234,0.3457655248720668,0.5762758747867781,0.11525517495735559,0.8067862247014891,0.5762758747867781,0.6915310497441336,0.5762758747867781,0.3457655248720668,0.3457655248720668,0.8067862247014891,0.8067862247014891,0.23051034991471117,0.5762758747867781,0.9220413996588447,0.46102069982942234,1.1525517495735562,1.0372965746162006,1.1525517495735562,0.8067862247014891,0.46102069982942234,0.3457655248720668,0.9220413996588447,0.6915310497441336,0.6915310497441336,0.8067862247014891,1.4983172744456228,0.23051034991471117,0.3457655248720668,0.11525517495735559,0.3457655248720668,0.6915310497441336,1.0372965746162006,0.5762758747867781,0.5762758747867781,0.8067862247014891,0.23051034991471117,0.3457655248720668,0.46102069982942234,1.1525517495735562,0.5762758747867781,1.0372965746162006,0.46102069982942234,0.5762758747867781,0.46102069982942234,0.46102069982942234,0.3457655248720668,0.5762758747867781,0.9220413996588447,0.8067862247014891,0.5762758747867781,0.6915310497441336,1.0372965746162006,0.23051034991471117,0.5762758747867781,0.5762758747867781,0.9220413996588447,0.8067862247014891,0.8067862247014891,0.6915310497441336,0.23051034991471117,1.2678069245309116,0.3457655248720668,0.5762758747867781,1.0372965746162006,1.0372965746162006,0.8067862247014891,0.46102069982942234,0.3457655248720668,,,,,,,,,,,,,,,,,,,,,,,,,,,,,,,,,,,,,,,,,,,,,,,,,,,,,,,,,,,,,,,,,,,,,,,,,,,,,,,,
,,,,,,,,,,,,,,,,,,,,,,,,,,,,,,,,,,,,,,,,,,,,,,,,,,,,,,,,,,,0.46102069982942234,0.46102069982942234,,,,0.6915310497441336,0.23051034991471117,0.0,0.5762758747867781,0.6915310497441336,1.0372965746162006,0.3457655248720668,0.6915310497441336,0.9220413996588447,1.1525517495735562,0.11525517495735559,0.6915310497441336,0.23051034991471117,0.6915310497441336,0.6915310497441336,0.23051034991471117,1.3830620994882672,0.5762758747867781,0.46102069982942234,0.6915310497441336,0.11525517495735559,1.2678069245309116,0.8067862247014891,0.23051034991471117,0.23051034991471117,0.23051034991471117,0.9220413996588447,0.8067862247014891,0.46102069982942234,0.5762758747867781,0.5762758747867781,0.3457655248720668,0.11525517495735559,0.23051034991471117,0.9220413996588447,0.6915310497441336,0.23051034991471117,0.9220413996588447,0.23051034991471117,0.8067862247014891,0.46102069982942234,0.9220413996588447,0.5762758747867781,0.5762758747867781,0.8067862247014891,0.6915310497441336,0.46102069982942234,0.46102069982942234,0.5762758747867781,0.9220413996588447,0.46102069982942234,0.3457655248720668,0.6915310497441336,0.5762758747867781,0.5762758747867781,0.3457655248720668,0.23051034991471117,1.0372965746162006,0.5762758747867781,0.46102069982942234,0.46102069982942234,0.3457655248720668,0.46102069982942234,0.6915310497441336,0.6915310497441336,0.5762758747867781,0.5762758747867781,1.0372965746162006,0.9220413996588447,0.23051034991471117,0.8067862247014891,0.5762758747867781,0.23051034991471117,0.46102069982942234,0.6915310497441336,0.6915310497441336,0.6915310497441336,0.8067862247014891,0.6915310497441336,0.6915310497441336,0.3457655248720668,0.3457655248720668,0.5762758747867781,0.3457655248720668,0.5762758747867781,0.8067862247014891,0.9220413996588447,0.46102069982942234,0.5762758747867781,0.5762758747867781,0.5762758747867781,0.5762758747867781,0.5762758747867781,0.23051034991471117,1.2678069245309116,0.9220413996588447,0.46102069982942234,0.23051034991471117,0.3457655248720668,0.6915310497441336,0.23051034991471117,0.5762758747867781,0.8067862247014891,0.5762758747867781,0.9220413996588447,0.3457655248720668,0.46102069982942234,0.46102069982942234,0.3457655248720668,0.46102069982942234,1.0372965746162006,0.9220413996588447,0.8067862247014891,,,,,,,,,,,,,,,,,,,,,,,,,,,,,,,,,,,,,,,,,,,,,,,,,,,,,,,,,,,,,,,,,,,,,,,,,,,,,,,
,,,,,,,,,,,,,,,,,,,,,,,,,,,,,,,,,,,,,,,,,,,,,,,,,,,,,,,,,,,0.8067862247014891,,,,,0.6915310497441336,0.3457655248720668,1.0372965746162006,0.3457655248720668,0.5762758747867781,0.46102069982942234,0.11525517495735559,0.6915310497441336,0.3457655248720668,0.5762758747867781,0.9220413996588447,0.3457655248720668,0.6915310497441336,0.8067862247014891,0.11525517495735559,0.11525517495735559,0.23051034991471117,0.9220413996588447,1.0372965746162006,0.3457655248720668,0.23051034991471117,0.11525517495735559,0.46102069982942234,0.9220413996588447,0.9220413996588447,0.5762758747867781,0.6915310497441336,0.5762758747867781,0.5762758747867781,0.11525517495735559,0.5762758747867781,0.8067862247014891,0.5762758747867781,0.5762758747867781,0.9220413996588447,0.5762758747867781,0.8067862247014891,0.6915310497441336,0.46102069982942234,0.46102069982942234,0.8067862247014891,0.46102069982942234,0.46102069982942234,0.6915310497441336,0.5762758747867781,0.8067862247014891,0.23051034991471117,0.3457655248720668,0.23051034991471117,0.6915310497441336,0.23051034991471117,0.6915310497441336,0.6915310497441336,0.46102069982942234,0.6915310497441336,0.23051034991471117,0.3457655248720668,0.46102069982942234,1.0372965746162006,0.3457655248720668,0.23051034991471117,0.3457655248720668,0.6915310497441336,0.8067862247014891,0.46102069982942234,0.9220413996588447,0.5762758747867781,1.0372965746162006,1.0372965746162006,0.6915310497441336,0.46102069982942234,0.6915310497441336,0.5762758747867781,0.6915310497441336,0.8067862247014891,0.46102069982942234,0.46102069982942234,1.0372965746162006,0.8067862247014891,0.46102069982942234,0.46102069982942234,0.5762758747867781,1.1525517495735562,1.1525517495735562,0.5762758747867781,0.6915310497441336,0.3457655248720668,0.3457655248720668,0.6915310497441336,0.46102069982942234,0.9220413996588447,0.3457655248720668,0.5762758747867781,0.6915310497441336,0.3457655248720668,0.0,0.46102069982942234,0.8067862247014891,0.6915310497441336,0.6915310497441336,0.3457655248720668,0.6915310497441336,0.6915310497441336,0.23051034991471117,0.9220413996588447,0.5762758747867781,0.46102069982942234,0.23051034991471117,0.5762758747867781,0.46102069982942234,1.0372965746162006,0.5762758747867781,0.9220413996588447,,,,,,,,,,,,,,,,,,,,,,,,,,,,,,,,,,,,,,,,,,,,,,,,,,,,,,,,,,,,,,,,,,,,,,,,,,,,,,,
,,,,,,,,,,,,,,,,,,,,,,,,,,,,,,,,,,,,,,,,,,,,,,,,,,,,,,,,,,,,,,,,0.8067862247014891,0.5762758747867781,0.9220413996588447,0.3457655248720668,1.1525517495735562,0.8067862247014891,0.46102069982942234,0.6915310497441336,0.23051034991471117,0.8067862247014891,0.46102069982942234,1.0372965746162006,0.46102069982942234,0.23051034991471117,0.46102069982942234,0.5762758747867781,0.11525517495735559,0.8067862247014891,1.1525517495735562,0.5762758747867781,0.46102069982942234,0.8067862247014891,0.3457655248720668,0.5762758747867781,0.46102069982942234,0.9220413996588447,0.23051034991471117,0.46102069982942234,0.8067862247014891,0.46102069982942234,0.5762758747867781,0.8067862247014891,0.8067862247014891,0.3457655248720668,0.5762758747867781,0.6915310497441336,0.6915310497441336,0.6915310497441336,0.23051034991471117,0.8067862247014891,0.3457655248720668,0.46102069982942234,0.8067862247014891,0.3457655248720668,0.6915310497441336,0.9220413996588447,0.8067862247014891,0.3457655248720668,0.46102069982942234,0.46102069982942234,0.8067862247014891,0.9220413996588447,0.8067862247014891,0.5762758747867781,0.9220413996588447,0.5762758747867781,0.8067862247014891,1.0372965746162006,0.46102069982942234,0.8067862247014891,1.0372965746162006,0.5762758747867781,0.9220413996588447,0.5762758747867781,0.3457655248720668,0.6915310497441336,0.23051034991471117,0.5762758747867781,0.6915310497441336,0.46102069982942234,0.5762758747867781,0.3457655248720668,0.6915310497441336,1.3830620994882672,0.8067862247014891,0.8067862247014891,0.8067862247014891,0.8067862247014891,0.23051034991471117,0.3457655248720668,0.6915310497441336,1.3830620994882672,1.6135724494029782,0.3457655248720668,0.6915310497441336,0.9220413996588447,0.6915310497441336,0.5762758747867781,0.46102069982942234,0.8067862247014891,0.6915310497441336,0.3457655248720668,0.5762758747867781,0.6915310497441336,0.6915310497441336,0.6915310497441336,0.3457655248720668,0.5762758747867781,0.5762758747867781,0.8067862247014891,0.46102069982942234,0.46102069982942234,0.6915310497441336,0.11525517495735559,0.5762758747867781,0.3457655248720668,0.5762758747867781,0.23051034991471117,0.3457655248720668,0.6915310497441336,0.6915310497441336,0.5762758747867781,,,,,,,,,,,,,,,,,,,,,,,,,,,,,,,,,,,,,,,,,,,,,,,,,,,,,,,,,,,,,,,,,,,,,,,,,,,,,,,,
,,,,,,,,,,,,,,,,,,,,,,,,,,,,,,,,,,,,,,,,,,,,,,,,,,,,,,,,,,,,,,,,0.3457655248720668,0.5762758747867781,0.3457655248720668,0.3457655248720668,0.6915310497441336,0.5762758747867781,0.5762758747867781,0.6915310497441336,0.3457655248720668,0.6915310497441336,0.3457655248720668,0.5762758747867781,0.5762758747867781,0.5762758747867781,0.8067862247014891,0.9220413996588447,0.6915310497441336,0.6915310497441336,0.9220413996588447,0.9220413996588447,0.46102069982942234,0.11525517495735559,0.3457655248720668,0.8067862247014891,0.46102069982942234,0.6915310497441336,0.5762758747867781,0.6915310497441336,0.9220413996588447,0.23051034991471117,0.3457655248720668,0.46102069982942234,0.8067862247014891,0.6915310497441336,0.5762758747867781,1.0372965746162006,0.5762758747867781,0.23051034991471117,0.6915310497441336,0.5762758747867781,0.5762758747867781,0.6915310497441336,0.11525517495735559,0.11525517495735559,0.5762758747867781,0.8067862247014891,0.5762758747867781,0.23051034991471117,0.46102069982942234,0.3457655248720668,0.3457655248720668,0.3457655248720668,0.6915310497441336,0.5762758747867781,0.6915310497441336,0.3457655248720668,0.3457655248720668,0.5762758747867781,0.6915310497441336,0.8067862247014891,0.23051034991471117,0.46102069982942234,0.6915310497441336,0.46102069982942234,1.0372965746162006,1.1525517495735562,0.9220413996588447,0.11525517495735559,0.46102069982942234,0.5762758747867781,0.46102069982942234,0.8067862247014891,0.8067862247014891,0.46102069982942234,0.3457655248720668,0.46102069982942234,0.46102069982942234,0.8067862247014891,1.0372965746162006,0.5762758747867781,0.3457655248720668,0.6915310497441336,0.8067862247014891,1.1525517495735562,0.5762758747867781,0.46102069982942234,0.5762758747867781,0.0,0.6915310497441336,1.1525517495735562,0.46102069982942234,0.6915310497441336,1.1525517495735562,0.5762758747867781,0.46102069982942234,0.46102069982942234,0.23051034991471117,0.5762758747867781,0.5762758747867781,0.9220413996588447,0.23051034991471117,0.5762758747867781,0.5762758747867781,0.5762758747867781,0.5762758747867781,0.6915310497441336,0.9220413996588447,0.8067862247014891,0.9220413996588447,0.6915310497441336,0.6915310497441336,,,,,,,,,,,,,,,,,,,,,,,,,,,,,,,,,,,,,,,,,,,,,,,,,,,,,,,,,,,,,,,,,,,,,,,,,,,,,,,,,
,,,,,,,,,,,,,,,,,,,,,,,,,,,,,,,,,,,,,,,,,,,,,,,,,,,,,,,,,,,,,,,,,0.46102069982942234,0.9220413996588447,,,,,0.8067862247014891,1.728827624360334,0.46102069982942234,0.46102069982942234,0.6915310497441336,0.46102069982942234,0.6915310497441336,0.9220413996588447,0.6915310497441336,0.5762758747867781,0.9220413996588447,1.0372965746162006,0.46102069982942234,0.11525517495735559,0.8067862247014891,0.9220413996588447,0.6915310497441336,0.9220413996588447,0.8067862247014891,0.5762758747867781,0.23051034991471117,0.9220413996588447,0.11525517495735559,0.9220413996588447,0.8067862247014891,0.5762758747867781,0.3457655248720668,0.3457655248720668,0.5762758747867781,1.0372965746162006,1.0372965746162006,1.1525517495735562,0.6915310497441336,1.3830620994882672,0.23051034991471117,0.8067862247014891,0.3457655248720668,0.3457655248720668,0.8067862247014891,0.6915310497441336,0.8067862247014891,0.3457655248720668,0.8067862247014891,1.1525517495735562,0.23051034991471117,0.3457655248720668,0.3457655248720668,0.9220413996588447,0.5762758747867781,0.8067862247014891,0.46102069982942234,0.3457655248720668,0.46102069982942234,0.46102069982942234,0.46102069982942234,0.23051034991471117,0.8067862247014891,0.46102069982942234,0.6915310497441336,0.9220413996588447,0.46102069982942234,0.5762758747867781,1.2678069245309116,0.46102069982942234,0.6915310497441336,0.5762758747867781,1.1525517495735562,0.46102069982942234,0.46102069982942234,0.8067862247014891,1.0372965746162006,0.3457655248720668,0.3457655248720668,0.8067862247014891,0.3457655248720668,0.9220413996588447,0.5762758747867781,0.8067862247014891,0.8067862247014891,0.23051034991471117,1.1525517495735562,0.8067862247014891,0.3457655248720668,0.6915310497441336,0.5762758747867781,0.3457655248720668,0.8067862247014891,0.8067862247014891,0.6915310497441336,0.6915310497441336,0.46102069982942234,0.5762758747867781,0.23051034991471117,1.3830620994882672,0.46102069982942234,0.0,0.8067862247014891,0.23051034991471117,1.0372965746162006,0.8067862247014891,0.46102069982942234,1.0372965746162006,0.5762758747867781,,,,,,,,,,,,,,,,,,,,,,,,,,,,,,,,,,,,,,,,,,,,,,,,,,,,,,,,,,,,,,,,,,,,,,,,,,,,,,,,,,
,,,,,,,,,,,,,,,,,,,,,,,,,,,,,,,,,,,,,,,,,,,,,,,,,,,,,,,,,,,,,,,,,,,,,,,0.11525517495735559,1.0372965746162006,0.5762758747867781,0.8067862247014891,0.6915310497441336,0.23051034991471117,0.6915310497441336,0.6915310497441336,0.6915310497441336,0.3457655248720668,1.3830620994882672,0.3457655248720668,0.6915310497441336,0.3457655248720668,0.46102069982942234,0.11525517495735559,0.6915310497441336,0.8067862247014891,0.9220413996588447,0.9220413996588447,0.5762758747867781,0.11525517495735559,0.6915310497441336,0.46102069982942234,0.5762758747867781,0.3457655248720668,0.8067862247014891,0.23051034991471117,0.23051034991471117,0.8067862247014891,0.8067862247014891,0.5762758747867781,0.23051034991471117,0.5762758747867781,0.5762758747867781,1.0372965746162006,0.9220413996588447,0.6915310497441336,1.1525517495735562,0.5762758747867781,0.46102069982942234,0.8067862247014891,0.3457655248720668,0.11525517495735559,0.23051034991471117,0.46102069982942234,0.5762758747867781,0.23051034991471117,0.8067862247014891,0.5762758747867781,0.46102069982942234,0.8067862247014891,0.3457655248720668,0.46102069982942234,0.5762758747867781,0.6915310497441336,0.46102069982942234,0.9220413996588447,0.11525517495735559,1.0372965746162006,0.8067862247014891,0.46102069982942234,0.46102069982942234,0.46102069982942234,0.23051034991471117,0.9220413996588447,0.8067862247014891,0.46102069982942234,0.3457655248720668,0.6915310497441336,0.9220413996588447,0.6915310497441336,0.5762758747867781,0.46102069982942234,0.6915310497441336,0.46102069982942234,0.8067862247014891,0.9220413996588447,0.5762758747867781,0.8067862247014891,0.6915310497441336,0.5762758747867781,0.23051034991471117,1.0372965746162006,0.5762758747867781,0.46102069982942234,0.46102069982942234,0.5762758747867781,0.3457655248720668,0.8067862247014891,0.8067862247014891,0.9220413996588447,0.9220413996588447,1.0372965746162006,0.9220413996588447,1.0372965746162006,0.46102069982942234,0.6915310497441336,0.23051034991471117,0.3457655248720668,0.6915310497441336,0.5762758747867781,,,,,,,,,,,,,,,,,,,,,,,,,,,,,,,,,,,,,,,,,,,,,,,,,,,,,,,,,,,,,,,,,,,,,,,,,,,,,,,,,,,
,,,,,,,,,,,,,,,,,,,,,,,,,,,,,,,,,,,,,,,,,,,,,,,,,,,,,,,,,,,,,,,,,,,,,,,,0.5762758747867781,0.3457655248720668,0.5762758747867781,1.3830620994882672,0.9220413996588447,0.3457655248720668,0.8067862247014891,0.0,1.0372965746162006,0.46102069982942234,0.6915310497441336,0.46102069982942234,0.6915310497441336,0.23051034991471117,0.3457655248720668,0.6915310497441336,0.9220413996588447,0.0,0.5762758747867781,0.6915310497441336,0.3457655248720668,0.5762758747867781,0.9220413996588447,1.3830620994882672,0.6915310497441336,0.8067862247014891,0.46102069982942234,0.3457655248720668,0.9220413996588447,0.3457655248720668,0.9220413996588447,0.3457655248720668,0.5762758747867781,0.11525517495735559,1.0372965746162006,0.8067862247014891,0.5762758747867781,0.5762758747867781,0.5762758747867781,0.11525517495735559,0.8067862247014891,0.11525517495735559,0.46102069982942234,0.8067862247014891,0.6915310497441336,1.0372965746162006,0.3457655248720668,0.3457655248720668,0.5762758747867781,0.11525517495735559,0.3457655248720668,0.46102069982942234,0.9220413996588447,0.9220413996588447,0.8067862247014891,0.6915310497441336,0.5762758747867781,0.9220413996588447,0.5762758747867781,0.9220413996588447,0.23051034991471117,0.46102069982942234,0.3457655248720668,0.6915310497441336,0.9220413996588447,0.8067862247014891,0.5762758747867781,0.46102069982942234,1.0372965746162006,0.5762758747867781,1.0372965746162006,0.46102069982942234,0.3457655248720668,0.9220413996588447,0.3457655248720668,0.8067862247014891,0.6915310497441336,0.6915310497441336,1.0372965746162006,0.11525517495735559,0.5762758747867781,0.46102069982942234,1.0372965746162006,1.0372965746162006,0.46102069982942234,0.6915310497441336,0.6915310497441336,0.5762758747867781,1.3830620994882672,0.5762758747867781,0.9220413996588447,0.3457655248720668,0.6915310497441336,0.8067862247014891,0.5762758747867781,0.46102069982942234,0.8067862247014891,0.6915310497441336,0.46102069982942234,0.8067862247014891,0.3457655248720668,0.23051034991471117,,,,,,,,,,,,,,,,,,,,,,,,,,,,,,,,,,,,,,,,,,,,,,,,,,,,,,,,,,,,,,,,,,,,,,,,,,,,,,,,,,
,,,,,,,,,,,,,,,,,,,,,,,,,,,,,,,,,,,,,,,,,,,,,,,,,,,,,,,,,,,,,,,,,,,,,,,,,,0.23051034991471117,0.6915310497441336,0.5762758747867781,0.6915310497441336,0.8067862247014891,0.3457655248720668,0.8067862247014891,0.9220413996588447,0.5762758747867781,0.3457655248720668,0.6915310497441336,0.46102069982942234,0.23051034991471117,0.46102069982942234,0.11525517495735559,0.46102069982942234,0.6915310497441336,0.6915310497441336,0.46102069982942234,0.5762758747867781,0.9220413996588447,0.9220413996588447,0.46102069982942234,0.8067862247014891,0.9220413996588447,1.0372965746162006,0.6915310497441336,1.0372965746162006,0.3457655248720668,0.5762758747867781,0.6915310497441336,1.0372965746162006,0.6915310497441336,0.5762758747867781,1.2678069245309116,0.6915310497441336,0.11525517495735559,0.46102069982942234,0.9220413996588447,0.46102069982942234,0.5762758747867781,0.8067862247014891,0.5762758747867781,0.3457655248720668,0.5762758747867781,1.0372965746162006,0.5762758747867781,0.6915310497441336,0.3457655248720668,0.3457655248720668,0.46102069982942234,0.5762758747867781,0.46102069982942234,0.8067862247014891,0.3457655248720668,0.5762758747867781,0.8067862247014891,1.0372965746162006,0.6915310497441336,0.6915310497441336,0.8067862247014891,0.6915310497441336,0.5762758747867781,0.6915310497441336,0.9220413996588447,0.5762758747867781,0.6915310497441336,0.23051034991471117,0.6915310497441336,0.46102069982942234,0.5762758747867781,0.5762758747867781,0.5762758747867781,0.6915310497441336,0.8067862247014891,0.6915310497441336,0.0,0.5762758747867781,0.46102069982942234,0.8067862247014891,0.5762758747867781,0.8067862247014891,0.5762758747867781,0.8067862247014891,1.1525517495735562,0.5762758747867781,0.5762758747867781,0.5762758747867781,0.46102069982942234,1.0372965746162006,1.0372965746162006,0.5762758747867781,0.5762758747867781,0.9220413996588447,0.6915310497441336,0.46102069982942234,0.46102069982942234,0.3457655248720668,0.9220413996588447,0.8067862247014891,,,,,,,,,,,,,,,,,,,,,,,,,,,,,,,,,,,,,,,,,,,,,,,,,,,,,,,,,,,,,,,,,,,,,,,,,,,,,,,,,,
,,,,,,,,,,,,,,,,,,,,,,,,,,,,,,,,,,,,,,,,,,,,,,,,,,,,,,,,,,,,,,,,,,,,,,,,,,0.6915310497441336,1.1525517495735562,0.11525517495735559,0.9220413996588447,0.11525517495735559,0.23051034991471117,0.5762758747867781,0.23051034991471117,0.46102069982942234,0.6915310497441336,0.6915310497441336,0.3457655248720668,0.46102069982942234,0.6915310497441336,0.5762758747867781,0.23051034991471117,0.8067862247014891,0.8067862247014891,0.5762758747867781,0.5762758747867781,0.5762758747867781,0.5762758747867781,0.3457655248720668,0.46102069982942234,0.6915310497441336,0.6915310497441336,0.5762758747867781,0.6915310497441336,0.3457655248720668,0.8067862247014891,0.5762758747867781,0.5762758747867781,0.8067862247014891,0.6915310497441336,0.6915310497441336,0.5762758747867781,0.6915310497441336,1.0372965746162006,0.9220413996588447,0.23051034991471117,0.6915310497441336,1.2678069245309116,0.8067862247014891,0.9220413996588447,0.46102069982942234,0.46102069982942234,0.5762758747867781,0.46102069982942234,0.9220413996588447,0.46102069982942234,0.5762758747867781,0.8067862247014891,0.46102069982942234,0.5762758747867781,1.2678069245309116,0.9220413996588447,0.5762758747867781,1.0372965746162006,0.8067862247014891,0.8067862247014891,0.3457655248720668,0.5762758747867781,0.46102069982942234,0.5762758747867781,0.6915310497441336,0.3457655248720668,0.46102069982942234,0.8067862247014891,0.23051034991471117,0.6915310497441336,0.8067862247014891,0.5762758747867781,0.6915310497441336,1.0372965746162006,0.3457655248720668,0.6915310497441336,0.3457655248720668,0.5762758747867781,0.5762758747867781,0.5762758747867781,1.0372965746162006,0.8067862247014891,0.23051034991471117,0.6915310497441336,0.46102069982942234,0.5762758747867781,0.3457655248720668,0.8067862247014891,0.23051034991471117,0.9220413996588447,1.1525517495735562,0.46102069982942234,0.5762758747867781,0.8067862247014891,0.8067862247014891,0.6915310497441336,0.6915310497441336,0.8067862247014891,0.9220413996588447,0.9220413996588447,,,,,,,,,,,,,,,,,,,,,,,,,,,,,,,,,,,,,,,,,,,,,,,,,,,,,,,,,,,,,,,,,,,,,,,,,,,,,,,,,,
,,,,,,,,,,,,,,,,,,,,,,,,,,,,,,,,,,,,,,,,,,,,,,,,,,,,,,,,,,,,,,,,,,,,,,,,,,0.3457655248720668,0.6915310497441336,0.6915310497441336,0.23051034991471117,0.8067862247014891,0.5762758747867781,0.5762758747867781,0.46102069982942234,0.6915310497441336,0.9220413996588447,0.46102069982942234,0.9220413996588447,0.9220413996588447,0.5762758747867781,0.23051034991471117,0.46102069982942234,0.5762758747867781,0.8067862247014891,0.5762758747867781,0.23051034991471117,0.6915310497441336,0.5762758747867781,0.5762758747867781,0.5762758747867781,0.0,0.8067862247014891,0.9220413996588447,0.6915310497441336,0.5762758747867781,0.5762758747867781,0.6915310497441336,1.728827624360334,0.9220413996588447,0.3457655248720668,0.23051034991471117,0.46102069982942234,0.5762758747867781,0.6915310497441336,0.3457655248720668,0.46102069982942234,0.3457655248720668,0.23051034991471117,0.9220413996588447,0.8067862247014891,0.8067862247014891,0.5762758747867781,0.3457655248720668,0.8067862247014891,0.5762758747867781,0.46102069982942234,0.3457655248720668,0.23051034991471117,0.6915310497441336,0.3457655248720668,1.1525517495735562,0.3457655248720668,0.46102069982942234,0.5762758747867781,0.8067862247014891,0.3457655248720668,0.3457655248720668,1.0372965746162006,0.5762758747867781,0.5762758747867781,0.46102069982942234,0.3457655248720668,0.3457655248720668,0.8067862247014891,0.23051034991471117,0.3457655248720668,0.0,1.0372965746162006,0.6915310497441336,0.8067862247014891,0.6915310497441336,0.8067862247014891,0.9220413996588447,0.6915310497441336,0.3457655248720668,0.8067862247014891,0.46102069982942234,0.5762758747867781,0.46102069982942234,0.5762758747867781,0.8067862247014891,0.6915310497441336,1.1525517495735562,1.0372965746162006,0.46102069982942234,0.3457655248720668,0.5762758747867781,0.46102069982942234,1.1525517495735562,0.6915310497441336,0.6915310497441336,0.6915310497441336,0.5762758747867781,0.6915310497441336,0.46102069982942234,0.23051034991471117,,,,,,,,,,,,,,,,,,,,,,,,,,,,,,,,,,,,,,,,,,,,,,,,,,,,,,,,,,,,,,,,,,,,,,,,,,,,,,,,,,
,,,,,,,,,,,,,,,,,,,,,,,,,,,,,,,,,,,,,,,,,,,,,,,,,,,,,,,,,,,,,,,,,,,,,,,,,,0.6915310497441336,0.6915310497441336,0.3457655248720668,0.3457655248720668,0.6915310497441336,0.46102069982942234,0.46102069982942234,0.46102069982942234,0.46102069982942234,0.8067862247014891,0.46102069982942234,0.9220413996588447,0.3457655248720668,0.8067862247014891,0.23051034991471117,0.3457655248720668,0.5762758747867781,0.9220413996588447,0.6915310497441336,0.5762758747867781,0.8067862247014891,0.5762758747867781,1.2678069245309116,1.0372965746162006,0.8067862247014891,0.8067862247014891,0.8067862247014891,0.9220413996588447,1.0372965746162006,0.3457655248720668,0.46102069982942234,0.3457655248720668,0.5762758747867781,0.6915310497441336,0.3457655248720668,0.3457655248720668,0.6915310497441336,0.5762758747867781,0.5762758747867781,0.9220413996588447,0.6915310497441336,0.6915310497441336,0.3457655248720668,0.23051034991471117,0.9220413996588447,0.8067862247014891,1.1525517495735562,0.11525517495735559,0.3457655248720668,0.3457655248720668,0.6915310497441336,0.3457655248720668,0.46102069982942234,0.8067862247014891,0.6915310497441336,0.23051034991471117,1.1525517495735562,0.3457655248720668,0.3457655248720668,0.46102069982942234,0.8067862247014891,0.6915310497441336,0.9220413996588447,1.0372965746162006,0.5762758747867781,0.8067862247014891,0.46102069982942234,0.3457655248720668,0.3457655248720668,0.5762758747867781,0.5762758747867781,0.46102069982942234,0.6915310497441336,0.46102069982942234,0.11525517495735559,0.8067862247014891,1.2678069245309116,0.3457655248720668,0.6915310497441336,0.5762758747867781,0.46102069982942234,0.6915310497441336,0.3457655248720668,0.46102069982942234,0.23051034991471117,0.5762758747867781,0.46102069982942234,0.9220413996588447,0.6915310497441336,0.46102069982942234,0.9220413996588447,0.5762758747867781,0.9220413996588447,0.9220413996588447,0.8067862247014891,1.2678069245309116,0.9220413996588447,0.46102069982942234,,,,,,,,,,,,,,,,,,,,,,,,,,,,,,,,,,,,,,,,,,,,,,,,,,,,,,,,,,,,,,,,,,,,,,,,,,,,,,,,,,,,
,,,,,,,,,,,,,,,,,,,,,,,,,,,,,,,,,,,,,,,,,,,,,,,,,,,,,,,,,,,,,,,,,,,,,,,,,0.46102069982942234,0.6915310497441336,0.5762758747867781,0.0,0.5762758747867781,0.5762758747867781,0.6915310497441336,0.6915310497441336,0.5762758747867781,0.9220413996588447,0.5762758747867781,1.0372965746162006,0.23051034991471117,0.8067862247014891,0.6915310497441336,0.46102069982942234,0.6915310497441336,0.6915310497441336,0.5762758747867781,0.5762758747867781,0.5762758747867781,0.9220413996588447,0.9220413996588447,0.5762758747867781,0.8067862247014891,0.46102069982942234,0.6915310497441336,0.5762758747867781,0.5762758747867781,0.8067862247014891,0.6915310497441336,1.1525517495735562,0.5762758747867781,0.8067862247014891,0.46102069982942234,0.3457655248720668,0.8067862247014891,0.5762758747867781,0.5762758747867781,0.5762758747867781,1.0372965746162006,1.0372965746162006,0.46102069982942234,0.3457655248720668,0.8067862247014891,0.46102069982942234,0.46102069982942234,0.46102069982942234,0.6915310497441336,0.9220413996588447,0.46102069982942234,0.6915310497441336,0.8067862247014891,0.5762758747867781,0.6915310497441336,0.46102069982942234,0.46102069982942234,0.6915310497441336,0.6915310497441336,0.5762758747867781,0.6915310497441336,0.5762758747867781,1.1525517495735562,1.0372965746162006,0.8067862247014891,0.5762758747867781,0.3457655248720668,0.46102069982942234,0.23051034991471117,0.5762758747867781,0.46102069982942234,0.46102069982942234,0.46102069982942234,0.8067862247014891,0.8067862247014891,0.9220413996588447,0.46102069982942234,0.46102069982942234,0.5762758747867781,0.5762758747867781,0.5762758747867781,1.1525517495735562,0.46102069982942234,1.4983172744456228,0.6915310497441336,0.3457655248720668,0.23051034991471117,0.6915310497441336,1.0372965746162006,0.23051034991471117,0.46102069982942234,0.8067862247014891,0.5762758747867781,0.5762758747867781,1.1525517495735562,0.6915310497441336,0.46102069982942234,0.9220413996588447,0.3457655248720668,,,,,,,,,,,,,,,,,,,,,,,,,,,,,,,,,,,,,,,,,,,,,,,,,,,,,,,,,,,,,,,,,,,,,,,,,,,,,,,,,,,,
,,,,,,,,,,,,,,,,,,,,,,,,,,,,,,,,,,,,,,,,,,,,,,,,,,,,,,,,,,,,,,,,,,,,,,,,,0.8067862247014891,0.9220413996588447,0.6915310497441336,0.3457655248720668,0.3457655248720668,0.9220413996588447,0.5762758747867781,0.3457655248720668,0.6915310497441336,0.8067862247014891,0.5762758747867781,0.3457655248720668,0.23051034991471117,0.6915310497441336,0.23051034991471117,0.3457655248720668,0.11525517495735559,1.1525517495735562,0.3457655248720668,0.3457655248720668,0.6915310497441336,0.3457655248720668,0.3457655248720668,0.6915310497441336,1.0372965746162006,0.6915310497441336,0.9220413996588447,1.0372965746162006,0.6915310497441336,0.5762758747867781,1.2678069245309116,0.5762758747867781,0.46102069982942234,0.5762758747867781,0.5762758747867781,0.46102069982942234,0.5762758747867781,0.23051034991471117,0.9220413996588447,0.5762758747867781,0.8067862247014891,0.9220413996588447,0.5762758747867781,0.3457655248720668,0.46102069982942234,0.23051034991471117,0.6915310497441336,1.1525517495735562,0.23051034991471117,0.6915310497441336,0.46102069982942234,0.46102069982942234,0.3457655248720668,0.5762758747867781,0.3457655248720668,0.9220413996588447,0.6915310497441336,1.0372965746162006,1.3830620994882672,0.8067862247014891,0.9220413996588447,0.46102069982942234,0.46102069982942234,0.3457655248720668,0.46102069982942234,0.23051034991471117,0.5762758747867781,0.5762758747867781,0.6915310497441336,0.9220413996588447,0.11525517495735559,0.6915310497441336,0.9220413996588447,0.6915310497441336,0.3457655248720668,0.5762758747867781,0.8067862247014891,0.3457655248720668,0.23051034991471117,1.0372965746162006,0.3457655248720668,0.6915310497441336,0.6915310497441336,0.46102069982942234,0.23051034991471117,0.23051034991471117,0.23051034991471117,0.9220413996588447,0.5762758747867781,0.46102069982942234,0.6915310497441336,0.9220413996588447,0.11525517495735559,0.9220413996588447,0.8067862247014891,0.9220413996588447,0.23051034991471117,1.0372965746162006,0.6915310497441336,,,,,,,,,,,,,,,,,,,,,,,,,,,,,,,,,,,,,,,,,,,,,,,,,,,,,,,,,,,,,,,,,,,,,,,,,,,,,,,,,,,,
,,,,,,,,,,,,,,,,,,,,,,,,,,,,,,,,,,,,,,,,,,,,,,,,,,,,,,,,,,,,,,,,,,,,,,,,0.46102069982942234,0.3457655248720668,0.8067862247014891,1.3830620994882672,0.11525517495735559,0.46102069982942234,1.0372965746162006,0.23051034991471117,0.8067862247014891,0.6915310497441336,0.5762758747867781,0.6915310497441336,0.5762758747867781,0.46102069982942234,0.5762758747867781,0.6915310497441336,0.46102069982942234,1.0372965746162006,0.6915310497441336,0.3457655248720668,0.6915310497441336,0.6915310497441336,0.8067862247014891,1.0372965746162006,0.3457655248720668,0.9220413996588447,0.46102069982942234,0.8067862247014891,0.5762758747867781,0.3457655248720668,0.8067862247014891,0.46102069982942234,1.1525517495735562,1.0372965746162006,0.5762758747867781,0.5762758747867781,0.46102069982942234,0.8067862247014891,0.46102069982942234,0.5762758747867781,0.3457655248720668,0.3457655248720668,0.9220413996588447,0.6915310497441336,0.11525517495735559,0.5762758747867781,0.8067862247014891,0.46102069982942234,0.23051034991471117,0.5762758747867781,0.3457655248720668,0.46102069982942234,0.6915310497441336,0.8067862247014891,0.6915310497441336,0.5762758747867781,0.9220413996588447,0.46102069982942234,0.6915310497441336,0.6915310497441336,0.6915310497441336,0.6915310497441336,0.6915310497441336,0.23051034991471117,0.23051034991471117,0.23051034991471117,0.6915310497441336,0.46102069982942234,0.8067862247014891,0.9220413996588447,0.46102069982942234,0.3457655248720668,0.8067862247014891,0.23051034991471117,0.9220413996588447,0.8067862247014891,0.9220413996588447,0.3457655248720668,0.8067862247014891,1.0372965746162006,0.9220413996588447,0.6915310497441336,0.3457655248720668,0.6915310497441336,0.46102069982942234,0.5762758747867781,0.6915310497441336,0.3457655248720668,0.3457655248720668,0.6915310497441336,0.23051034991471117,0.46102069982942234,0.46102069982942234,0.8067862247014891,0.6915310497441336,1.2678069245309116,0.8067862247014891,0.46102069982942234,0.9220413996588447,0.6915310497441336,,,,,,,,,,,,,,,,,,,,,,,,,,,,,,,,,,,,,,,,,,,,,,,,,,,,,,,,,,,,,,,,,,,,,,,,,,,,,,,,,,,,
,,,,,,,,,,,,,,,,,,,,,,,,,,,,,,,,,,,,,,,,,,,,,,,,,,,,,,,,,,,,,,,,,,,,,,0.5762758747867781,0.5762758747867781,0.3457655248720668,0.8067862247014891,1.0372965746162006,0.46102069982942234,0.23051034991471117,0.3457655248720668,0.46102069982942234,0.23051034991471117,1.0372965746162006,0.3457655248720668,0.3457655248720668,0.6915310497441336,0.5762758747867781,0.5762758747867781,0.6915310497441336,0.6915310497441336,0.3457655248720668,0.8067862247014891,0.9220413996588447,0.5762758747867781,0.9220413996588447,0.3457655248720668,0.3457655248720668,0.9220413996588447,0.3457655248720668,0.5762758747867781,0.6915310497441336,0.6915310497441336,1.1525517495735562,0.9220413996588447,0.5762758747867781,0.5762758747867781,0.5762758747867781,0.6915310497441336,0.23051034991471117,0.3457655248720668,0.5762758747867781,0.3457655248720668,0.5762758747867781,0.9220413996588447,0.3457655248720668,0.9220413996588447,0.8067862247014891,0.3457655248720668,0.6915310497441336,0.46102069982942234,0.5762758747867781,0.8067862247014891,0.3457655248720668,0.8067862247014891,0.9220413996588447,1.3830620994882672,0.3457655248720668,0.8067862247014891,0.9220413996588447,0.3457655248720668,0.3457655248720668,0.8067862247014891,0.3457655248720668,0.3457655248720668,0.6915310497441336,0.46102069982942234,0.11525517495735559,0.46102069982942234,0.46102069982942234,0.5762758747867781,0.8067862247014891,0.23051034991471117,0.46102069982942234,0.6915310497441336,0.46102069982942234,0.3457655248720668,0.3457655248720668,1.0372965746162006,0.6915310497441336,0.5762758747867781,0.3457655248720668,0.6915310497441336,0.23051034991471117,0.9220413996588447,0.5762758747867781,0.23051034991471117,0.3457655248720668,0.9220413996588447,0.6915310497441336,0.5762758747867781,0.9220413996588447,0.9220413996588447,0.3457655248720668,1.1525517495735562,0.5762758747867781,0.9220413996588447,0.9220413996588447,0.8067862247014891,0.23051034991471117,0.5762758747867781,0.6915310497441336,0.5762758747867781,0.6915310497441336,0.9220413996588447,,,,,,,,,,,,,,,,,,,,,,,,,,,,,,,,,,,,,,,,,,,,,,,,,,,,,,,,,,,,,,,,,,,,,,,,,,,,,,,,,,,,
,,,,,,,,,,,,,,,,,,,,,,,,,,,,,,,,,,,,,,,,,,,,,,,,,,,,,,,,,,,,,,,,,,,,,,0.3457655248720668,0.9220413996588447,0.46102069982942234,0.8067862247014891,1.1525517495735562,0.8067862247014891,0.6915310497441336,0.5762758747867781,0.9220413996588447,0.6915310497441336,0.6915310497441336,0.3457655248720668,0.5762758747867781,0.46102069982942234,0.8067862247014891,0.9220413996588447,0.5762758747867781,1.0372965746162006,0.5762758747867781,0.6915310497441336,0.8067862247014891,0.9220413996588447,0.5762758747867781,0.11525517495735559,0.6915310497441336,0.46102069982942234,0.9220413996588447,0.5762758747867781,0.3457655248720668,0.11525517495735559,1.4983172744456228,0.3457655248720668,0.23051034991471117,0.9220413996588447,0.46102069982942234,0.5762758747867781,1.0372965746162006,0.5762758747867781,0.5762758747867781,0.5762758747867781,0.9220413996588447,0.3457655248720668,0.5762758747867781,0.8067862247014891,0.46102069982942234,0.46102069982942234,0.6915310497441336,1.0372965746162006,1.1525517495735562,0.46102069982942234,0.6915310497441336,0.5762758747867781,1.0372965746162006,0.46102069982942234,0.3457655248720668,0.8067862247014891,0.3457655248720668,0.23051034991471117,0.46102069982942234,0.46102069982942234,0.6915310497441336,1.0372965746162006,0.6915310497441336,0.23051034991471117,0.6915310497441336,1.1525517495735562,0.9220413996588447,0.46102069982942234,0.9220413996588447,1.0372965746162006,0.6915310497441336,0.46102069982942234,0.5762758747867781,0.8067862247014891,0.6915310497441336,0.5762758747867781,0.3457655248720668,0.46102069982942234,1.2678069245309116,0.6915310497441336,0.46102069982942234,0.9220413996588447,0.9220413996588447,0.3457655248720668,0.8067862247014891,0.46102069982942234,0.5762758747867781,0.6915310497441336,1.1525517495735562,1.0372965746162006,0.3457655248720668,0.6915310497441336,0.5762758747867781,1.0372965746162006,1.0372965746162006,0.46102069982942234,,,,,,,,,,,,,,,,,,,,,,,,,,,,,,,,,,,,,,,,,,,,,,,,,,,,,,,,,,,,,,,,,,,,,,,,,,,,,,,,,,,,,,,,,,
,,,,,,,,,,,,,,,,,,,,,,,,,,,,,,,,,,,,,,,,,,,,,,,,,,,,,,,,,,,,,,,,,,,,,,0.6915310497441336,0.23051034991471117,0.5762758747867781,0.5762758747867781,0.23051034991471117,0.9220413996588447,0.5762758747867781,1.0372965746162006,0.23051034991471117,0.5762758747867781,1.3830620994882672,0.5762758747867781,0.5762758747867781,0.3457655248720668,1.0372965746162006,0.11525517495735559,0.23051034991471117,,0.3457655248720668,0.46102069982942234,0.3457655248720668,0.5762758747867781,0.5762758747867781,0.6915310497441336,0.3457655248720668,0.3457655248720668,0.5762758747867781,0.6915310497441336,0.9220413996588447,0.46102069982942234,0.3457655248720668,0.8067862247014891,0.9220413996588447,0.5762758747867781,0.46102069982942234,0.46102069982942234,1.1525517495735562,0.5762758747867781,0.46102069982942234,0.11525517495735559,0.11525517495735559,0.3457655248720668,1.0372965746162006,0.9220413996588447,0.6915310497441336,0.23051034991471117,0.3457655248720668,0.46102069982942234,0.5762758747867781,0.9220413996588447,0.5762758747867781,0.46102069982942234,0.46102069982942234,0.5762758747867781,0.11525517495735559,0.5762758747867781,1.0372965746162006,0.46102069982942234,0.9220413996588447,0.46102069982942234,0.3457655248720668,0.11525517495735559,0.23051034991471117,0.5762758747867781,0.9220413996588447,1.0372965746162006,0.5762758747867781,0.46102069982942234,0.6915310497441336,0.8067862247014891,0.6915310497441336,0.11525517495735559,0.5762758747867781,0.5762758747867781,0.8067862247014891,1.0372965746162006,0.6915310497441336,0.6915310497441336,0.9220413996588447,0.46102069982942234,0.6915310497441336,0.8067862247014891,0.6915310497441336,0.23051034991471117,0.5762758747867781,0.5762758747867781,0.8067862247014891,0.6915310497441336,0.11525517495735559,0.46102069982942234,0.5762758747867781,0.5762758747867781,0.3457655248720668,0.6915310497441336,0.6915310497441336,0.23051034991471117,,,,,,,,,,,,,,,,,,,,,,,,,,,,,,,,,,,,,,,,,,,,,,,,,,,,,,,,,,,,,,,,,,,,,,,,,,,,,,,,,,,,,,,,,,
,,,,,,,,,,,,,,,,,,,,,,,,,,,,,,,,,,,,,,,,,,,,,,,,,,,,,,,,,,,,,,,,,,,,,0.5762758747867781,1.2678069245309116,0.5762758747867781,,,,,,,,0.23051034991471117,0.6915310497441336,0.3457655248720668,0.3457655248720668,0.23051034991471117,0.46102069982942234,1.0372965746162006,,,0.6915310497441336,0.9220413996588447,1.2678069245309116,0.3457655248720668,0.5762758747867781,0.9220413996588447,1.2678069245309116,1.0372965746162006,0.5762758747867781,0.3457655248720668,0.5762758747867781,0.8067862247014891,0.5762758747867781,0.9220413996588447,0.46102069982942234,0.5762758747867781,0.46102069982942234,0.46102069982942234,0.46102069982942234,0.5762758747867781,0.6915310497441336,0.8067862247014891,0.8067862247014891,0.6915310497441336,0.6915310497441336,0.3457655248720668,0.6915310497441336,0.6915310497441336,0.8067862247014891,1.1525517495735562,0.6915310497441336,0.3457655248720668,0.9220413996588447,0.3457655248720668,0.3457655248720668,0.5762758747867781,0.6915310497441336,1.0372965746162006,0.5762758747867781,0.3457655248720668,0.5762758747867781,0.5762758747867781,0.5762758747867781,0.46102069982942234,0.6915310497441336,0.3457655248720668,0.5762758747867781,0.46102069982942234,0.3457655248720668,0.8067862247014891,0.6915310497441336,0.23051034991471117,0.3457655248720668,0.5762758747867781,0.46102069982942234,0.23051034991471117,0.46102069982942234,1.0372965746162006,0.8067862247014891,0.3457655248720668,0.23051034991471117,0.5762758747867781,1.0372965746162006,0.9220413996588447,0.5762758747867781,0.6915310497441336,0.6915310497441336,0.5762758747867781,0.5762758747867781,1.3830620994882672,0.46102069982942234,0.5762758747867781,0.5762758747867781,0.5762758747867781,0.6915310497441336,1.0372965746162006,0.23051034991471117,0.6915310497441336,0.5762758747867781,,,,,,,,,,,,,,,,,,,,,,,,,,,,,,,,,,,,,,,,,,,,,,,,,,,,,,,,,,,,,,,,,,,,,,,,,,,,,,,,,,,,,,,,,
,,,,,,,,,,,,,,,,,,,,,,,,,,,,,,,,,,,,,,,,,,,,,,,,,,,,,,,,,,,,,,,,,,,,,,,,,,,,,,,,0.6915310497441336,0.8067862247014891,0.46102069982942234,1.1525517495735562,0.3457655248720668,0.6915310497441336,,,0.23051034991471117,0.9220413996588447,0.6915310497441336,0.8067862247014891,0.3457655248720668,1.0372965746162006,0.46102069982942234,0.46102069982942234,0.6915310497441336,0.5762758747867781,0.3457655248720668,0.23051034991471117,0.9220413996588447,0.46102069982942234,0.3457655248720668,0.6915310497441336,0.5762758747867781,0.6915310497441336,0.9220413996588447,0.5762758747867781,0.46102069982942234,0.6915310497441336,0.5762758747867781,0.5762758747867781,0.6915310497441336,0.5762758747867781,0.46102069982942234,0.46102069982942234,0.5762758747867781,0.5762758747867781,0.3457655248720668,0.5762758747867781,0.5762758747867781,0.5762758747867781,0.3457655248720668,0.8067862247014891,0.6915310497441336,1.2678069245309116,0.3457655248720668,0.6915310497441336,0.6915310497441336,1.0372965746162006,0.46102069982942234,1.3830620994882672,0.5762758747867781,0.9220413996588447,0.8067862247014891,0.23051034991471117,0.6915310497441336,0.46102069982942234,0.11525517495735559,0.46102069982942234,0.23051034991471117,0.5762758747867781,0.6915310497441336,0.8067862247014891,0.46102069982942234,0.6915310497441336,0.5762758747867781,1.0372965746162006,0.9220413996588447,0.9220413996588447,0.46102069982942234,0.5762758747867781,0.8067862247014891,0.46102069982942234,0.5762758747867781,0.6915310497441336,0.5762758747867781,0.3457655248720668,0.46102069982942234,0.23051034991471117,0.3457655248720668,0.6915310497441336,0.11525517495735559,0.9220413996588447,0.6915310497441336,0.5762758747867781,0.8067862247014891,0.8067862247014891,,,,,,,,,,,,,,,,,,,,,,,,,,,,,,,,,,,,,,,,,,,,,,,,,,,,,,,,,,,,,,,,,,,,,,,,,,,,,,,,,,,,,,,,
,,,,,,,,,,,,,,,,,,,,,,,,,,,,,,,,,,,,,,,,,,,,,,,,,,,,,,,,,,,,,,,,,,,,,,,,,,,,,,,,0.46102069982942234,0.5762758747867781,0.6915310497441336,0.8067862247014891,1.0372965746162006,0.5762758747867781,,,,0.5762758747867781,0.23051034991471117,0.6915310497441336,0.3457655248720668,0.5762758747867781,0.6915310497441336,0.6915310497441336,0.5762758747867781,0.23051034991471117,0.3457655248720668,0.3457655248720668,0.11525517495735559,0.6915310497441336,0.3457655248720668,0.5762758747867781,0.3457655248720668,0.0,0.46102069982942234,0.11525517495735559,0.46102069982942234,0.8067862247014891,0.46102069982942234,0.46102069982942234,0.46102069982942234,0.23051034991471117,0.5762758747867781,1.0372965746162006,0.46102069982942234,0.6915310497441336,0.3457655248720668,0.5762758747867781,1.0372965746162006,0.8067862247014891,0.6915310497441336,0.8067862247014891,0.9220413996588447,0.3457655248720668,0.6915310497441336,0.9220413996588447,0.46102069982942234,0.46102069982942234,0.6915310497441336,0.9220413996588447,0.5762758747867781,0.5762758747867781,0.6915310497441336,0.8067862247014891,0.46102069982942234,0.46102069982942234,0.6915310497441336,0.46102069982942234,0.8067862247014891,0.6915310497441336,0.9220413996588447,0.5762758747867781,0.5762758747867781,0.46102069982942234,0.5762758747867781,0.9220413996588447,0.23051034991471117,0.3457655248720668,0.9220413996588447,0.6915310497441336,0.8067862247014891,0.46102069982942234,0.5762758747867781,0.5762758747867781,0.6915310497441336,0.3457655248720668,0.5762758747867781,1.0372965746162006,0.5762758747867781,0.6915310497441336,0.5762758747867781,0.3457655248720668,0.5762758747867781,0.6915310497441336,0.9220413996588447,0.11525517495735559,,,,,,,,,,,,,,,,,,,,,,,,,,,,,,,,,,,,,,,,,,,,,,,,,,,,,,,,,,,,,,,,,,,,,,,,,,,,,,,,,,,,,,,,
,,,,,,,,,,,,,,,,,,,,,,,,,,,,,,,,,,,,,,,,,,,,,,,,,,,,,,,,,,,,,,,,,,,,,,,,,,,,,,,,0.5762758747867781,0.6915310497441336,0.8067862247014891,0.6915310497441336,0.5762758747867781,0.8067862247014891,,,,,,,0.46102069982942234,0.8067862247014891,0.3457655248720668,0.46102069982942234,0.6915310497441336,1.1525517495735562,0.5762758747867781,0.46102069982942234,0.5762758747867781,0.46102069982942234,0.46102069982942234,0.6915310497441336,0.46102069982942234,0.3457655248720668,0.8067862247014891,0.6915310497441336,0.9220413996588447,0.11525517495735559,0.5762758747867781,0.46102069982942234,0.9220413996588447,0.9220413996588447,0.46102069982942234,1.3830620994882672,0.5762758747867781,0.3457655248720668,0.6915310497441336,0.6915310497441336,0.46102069982942234,0.3457655248720668,0.8067862247014891,0.46102069982942234,0.5762758747867781,0.3457655248720668,0.5762758747867781,0.8067862247014891,0.5762758747867781,0.6915310497441336,0.9220413996588447,0.11525517495735559,0.6915310497441336,0.46102069982942234,0.3457655248720668,0.9220413996588447,0.5762758747867781,0.5762758747867781,0.9220413996588447,1.0372965746162006,0.6915310497441336,0.6915310497441336,0.6915310497441336,0.3457655248720668,0.46102069982942234,0.46102069982942234,0.5762758747867781,0.23051034991471117,0.8067862247014891,0.6915310497441336,0.5762758747867781,1.1525517495735562,0.3457655248720668,0.6915310497441336,0.6915310497441336,0.3457655248720668,0.5762758747867781,0.46102069982942234,0.23051034991471117,0.11525517495735559,0.46102069982942234,1.0372965746162006,0.6915310497441336,0.6915310497441336,0.6915310497441336,0.3457655248720668,0.23051034991471117,0.46102069982942234,,,,,,,,,,,,,,,,,,,,,,,,,,,,,,,,,,,,,,,,,,,,,,,,,,,,,,,,,,,,,,,,,,,,,,,,,,,,,,,,,,,,,,,,
,,,,,,,,,,,,,,,,,,,,,,,,,,,,,,,,,,,,,,,,,,,,,,,,,,,,,,,,,,,,,,,,,,,,,,,,,,,,,0.6915310497441336,0.5762758747867781,0.5762758747867781,0.5762758747867781,0.6915310497441336,,,0.3457655248720668,0.8067862247014891,,,,,,,0.6915310497441336,0.3457655248720668,0.6915310497441336,0.23051034991471117,1.0372965746162006,0.6915310497441336,0.3457655248720668,0.5762758747867781,0.46102069982942234,0.46102069982942234,0.46102069982942234,0.8067862247014891,0.23051034991471117,0.8067862247014891,0.3457655248720668,0.6915310497441336,0.11525517495735559,0.3457655248720668,0.46102069982942234,0.9220413996588447,0.3457655248720668,0.23051034991471117,0.9220413996588447,0.11525517495735559,0.5762758747867781,0.9220413996588447,0.6915310497441336,0.3457655248720668,0.11525517495735559,0.5762758747867781,0.6915310497441336,0.5762758747867781,0.5762758747867781,0.3457655248720668,0.8067862247014891,0.3457655248720668,0.9220413996588447,0.23051034991471117,0.8067862247014891,0.46102069982942234,1.1525517495735562,0.46102069982942234,0.5762758747867781,0.8067862247014891,0.6915310497441336,0.6915310497441336,0.8067862247014891,0.9220413996588447,1.3830620994882672,1.0372965746162006,0.5762758747867781,0.6915310497441336,0.6915310497441336,1.1525517495735562,0.3457655248720668,0.46102069982942234,0.3457655248720668,0.46102069982942234,0.8067862247014891,0.3457655248720668,0.5762758747867781,0.3457655248720668,0.6915310497441336,0.6915310497441336,0.8067862247014891,0.23051034991471117,0.3457655248720668,0.6915310497441336,0.3457655248720668,0.23051034991471117,0.8067862247014891,0.46102069982942234,0.5762758747867781,0.6915310497441336,0.6915310497441336,1.3830620994882672,,,,,,,,,,,,,,,,,,,,,,,,,,,,,,,,,,,,,,,,,,,,,,,,,,,,,,,,,,,,,,,,,,,,,,,,,,,,,,,,,,,,,,,,
,,,,,,,,,,,,,,,,,,,,,,,,,,,,,,,,,,,,,,,,,,,,,,,,,,,,,,,,,,,,,,,,,,,,,,,,,,,,,,,0.5762758747867781,0.5762758747867781,,,,0.5762758747867781,0.6915310497441336,,,,,,0.5762758747867781,0.46102069982942234,0.9220413996588447,0.3457655248720668,0.6915310497441336,0.8067862247014891,0.5762758747867781,1.0372965746162006,0.8067862247014891,0.6915310497441336,1.0372965746162006,0.5762758747867781,0.8067862247014891,1.0372965746162006,1.0372965746162006,0.6915310497441336,0.6915310497441336,0.3457655248720668,0.6915310497441336,0.23051034991471117,1.0372965746162006,0.11525517495735559,0.9220413996588447,0.23051034991471117,0.5762758747867781,0.3457655248720668,1.4983172744456228,0.5762758747867781,0.5762758747867781,0.23051034991471117,0.8067862247014891,1.4983172744456228,1.0372965746162006,0.5762758747867781,0.6915310497441336,1.1525517495735562,0.5762758747867781,0.46102069982942234,0.8067862247014891,0.11525517495735559,0.23051034991471117,0.8067862247014891,0.8067862247014891,0.23051034991471117,0.8067862247014891,0.3457655248720668,0.3457655248720668,0.46102069982942234,0.9220413996588447,0.5762758747867781,0.46102069982942234,0.6915310497441336,0.46102069982942234,0.5762758747867781,0.6915310497441336,0.9220413996588447,1.1525517495735562,0.9220413996588447,0.6915310497441336,0.8067862247014891,1.0372965746162006,1.0372965746162006,0.6915310497441336,0.46102069982942234,1.0372965746162006,1.0372965746162006,0.5762758747867781,0.46102069982942234,0.3457655248720668,0.9220413996588447,0.23051034991471117,0.8067862247014891,0.9220413996588447,0.8067862247014891,0.5762758747867781,0.6915310497441336,,,,,,,,,,,,,,,,,,,,,,,,,,,,,,,,,,,,,,,,,,,,,,,,,,,,,,,,,,,,,,,,,,,,,,,,,,,,,,,,,,,,,,,,,
,,,,,,,,,,,,,,,,,,,,,,,,,,,,,,,,,,,,,,,,,,,,,,,,,,,,,,,,,,,,,,,,,,,,,,,,,,,,,,,0.5762758747867781,,,,,,0.8067862247014891,,,,,,0.3457655248720668,0.8067862247014891,0.5762758747867781,1.1525517495735562,0.46102069982942234,0.5762758747867781,1.2678069245309116,0.46102069982942234,0.46102069982942234,0.9220413996588447,0.3457655248720668,0.3457655248720668,0.11525517495735559,1.0372965746162006,0.8067862247014891,0.46102069982942234,0.5762758747867781,0.11525517495735559,0.3457655248720668,0.5762758747867781,0.8067862247014891,0.3457655248720668,0.11525517495735559,0.46102069982942234,0.6915310497441336,0.0,0.5762758747867781,0.6915310497441336,0.9220413996588447,0.6915310497441336,0.23051034991471117,0.8067862247014891,1.4983172744456228,1.1525517495735562,0.46102069982942234,0.46102069982942234,1.4983172744456228,0.8067862247014891,1.0372965746162006,1.1525517495735562,0.5762758747867781,0.5762758747867781,0.6915310497441336,1.0372965746162006,0.3457655248720668,1.1525517495735562,0.11525517495735559,0.9220413996588447,0.23051034991471117,0.5762758747867781,0.3457655248720668,0.46102069982942234,0.5762758747867781,1.1525517495735562,0.5762758747867781,0.9220413996588447,1.1525517495735562,0.5762758747867781,1.0372965746162006,0.8067862247014891,0.3457655248720668,0.5762758747867781,0.3457655248720668,0.23051034991471117,0.5762758747867781,0.9220413996588447,0.11525517495735559,0.5762758747867781,0.46102069982942234,0.46102069982942234,0.11525517495735559,0.5762758747867781,0.46102069982942234,0.46102069982942234,0.8067862247014891,,,,,,,,,,,,,,,,,,,,,,,,,,,,,,,,,,,,,,,,,,,,,,,,,,,,,,,,,,,,,,,,,,,,,,,,,,,,,,,,,,,,,,,,,,
,,,,,,,,,,,,,,,,,,,,,,,,,,,,,,,,,,,,,,,,,,,,,,,,,,,,,,,,,,,,,,,,,,,,,,,,,,,,,,,,,,,,,,,,,,,0.5762758747867781,0.9220413996588447,0.9220413996588447,0.3457655248720668,0.5762758747867781,0.23051034991471117,0.8067862247014891,0.3457655248720668,0.23051034991471117,0.3457655248720668,0.3457655248720668,1.0372965746162006,1.0372965746162006,0.9220413996588447,0.5762758747867781,0.46102069982942234,0.8067862247014891,0.6915310497441336,0.8067862247014891,0.5762758747867781,0.6915310497441336,0.6915310497441336,0.6915310497441336,1.1525517495735562,0.3457655248720668,1.1525517495735562,0.5762758747867781,0.5762758747867781,,,,0.3457655248720668,0.6915310497441336,0.8067862247014891,0.46102069982942234,0.8067862247014891,0.8067862247014891,0.11525517495735559,0.8067862247014891,0.5762758747867781,0.5762758747867781,0.9220413996588447,0.6915310497441336,0.6915310497441336,1.6135724494029782,0.9220413996588447,0.5762758747867781,0.5762758747867781,0.46102069982942234,0.3457655248720668,0.6915310497441336,0.6915310497441336,0.46102069982942234,0.23051034991471117,0.5762758747867781,0.9220413996588447,0.3457655248720668,0.5762758747867781,0.5762758747867781,0.8067862247014891,0.6915310497441336,0.8067862247014891,0.6915310497441336,0.9220413996588447,0.46102069982942234,1.0372965746162006,0.6915310497441336,0.8067862247014891,0.9220413996588447,0.3457655248720668,0.3457655248720668,0.5762758747867781,0.3457655248720668,,,,,,,,,,,,,,,,,,,,,,,,,,,,,,,,,,,,,,,,,,,,,,,,,,,,,,,,,,,,,,,,,,,,,,,,,,,,,,,,,,,,,,,,,,,,
,,,,,,,,,,,,,,,,,,,,,,,,,,,,,,,,,,,,,,,,,,,,,,,,,,,,,,,,,,,,,,,,,,,,,,,,,,,,,,,,,,,,,,,,,,,,0.8067862247014891,0.5762758747867781,0.8067862247014891,0.3457655248720668,0.6915310497441336,0.5762758747867781,0.6915310497441336,0.8067862247014891,0.5762758747867781,0.9220413996588447,0.5762758747867781,1.1525517495735562,1.0372965746162006,0.46102069982942234,0.3457655248720668,0.6915310497441336,0.6915310497441336,0.46102069982942234,0.5762758747867781,0.3457655248720668,0.46102069982942234,0.8067862247014891,0.46102069982942234,0.6915310497441336,0.3457655248720668,0.5762758747867781,,,,,0.46102069982942234,0.3457655248720668,0.6915310497441336,0.3457655248720668,0.23051034991471117,0.5762758747867781,1.1525517495735562,0.5762758747867781,0.8067862247014891,0.6915310497441336,0.9220413996588447,0.6915310497441336,1.3830620994882672,0.46102069982942234,0.9220413996588447,0.46102069982942234,0.11525517495735559,0.8067862247014891,0.9220413996588447,0.46102069982942234,0.23051034991471117,0.5762758747867781,0.8067862247014891,0.5762758747867781,0.5762758747867781,0.46102069982942234,0.8067862247014891,0.6915310497441336,0.3457655248720668,0.5762758747867781,0.46102069982942234,1.1525517495735562,0.46102069982942234,0.46102069982942234,0.8067862247014891,0.5762758747867781,0.5762758747867781,0.9220413996588447,0.6915310497441336,0.6915310497441336,0.8067862247014891,0.8067862247014891,,,,,,,,,,,,,,,,,,,,,,,,,,,,,,,,,,,,,,,,,,,,,,,,,,,,,,,,,,,,,,,,,,,,,,,,,,,,,,,,,,,,,,,,,,,,
,,,,,,,,,,,,,,,,,,,,,,,,,,,,,,,,,,,,,,,,,,,,,,,,,,,,,,,,,,,,,,,,,,,,,,,,,,,,,,,,,,,,,,,,,,,,0.3457655248720668,0.8067862247014891,1.1525517495735562,0.23051034991471117,0.9220413996588447,0.5762758747867781,0.6915310497441336,0.5762758747867781,0.3457655248720668,0.6915310497441336,0.6915310497441336,0.8067862247014891,0.8067862247014891,1.2678069245309116,0.6915310497441336,0.5762758747867781,0.5762758747867781,0.5762758747867781,0.6915310497441336,0.46102069982942234,0.3457655248720668,0.46102069982942234,0.5762758747867781,0.46102069982942234,0.8067862247014891,,,,,0.5762758747867781,1.2678069245309116,0.5762758747867781,0.5762758747867781,0.3457655248720668,0.23051034991471117,0.3457655248720668,0.46102069982942234,0.46102069982942234,0.23051034991471117,1.0372965746162006,0.46102069982942234,0.46102069982942234,0.3457655248720668,1.1525517495735562,0.46102069982942234,1.1525517495735562,0.8067862247014891,0.23051034991471117,0.5762758747867781,0.6915310497441336,0.9220413996588447,0.5762758747867781,0.46102069982942234,0.46102069982942234,0.6915310497441336,0.6915310497441336,0.46102069982942234,0.8067862247014891,0.6915310497441336,0.5762758747867781,0.3457655248720668,0.5762758747867781,0.46102069982942234,1.2678069245309116,0.8067862247014891,0.9220413996588447,0.3457655248720668,0.3457655248720668,1.0372965746162006,0.3457655248720668,1.0372965746162006,,,,,,,,,,,,,,,,,,,,,,,,,,,,,,,,,,,,,,,,,,,,,,,,,,,,,,,,,,,,,,,,,,,,,,,,,,,,,,,,,,,,,,,,,,,,,
,,,,,,,,,,,,,,,,,,,,,,,,,,,,,,,,,,,,,,,,,,,,,,,,,,,,,,,,,,,,,,,,,,,,,,,,,,,,,,,,,,,,,,,,,,,,0.23051034991471117,0.8067862247014891,0.23051034991471117,0.8067862247014891,0.11525517495735559,0.8067862247014891,0.6915310497441336,0.3457655248720668,,0.5762758747867781,0.46102069982942234,0.6915310497441336,0.46102069982942234,0.3457655248720668,0.3457655248720668,0.46102069982942234,0.3457655248720668,0.46102069982942234,0.5762758747867781,0.9220413996588447,0.46102069982942234,,,0.46102069982942234,0.6915310497441336,,,,,0.6915310497441336,1.1525517495735562,0.5762758747867781,0.46102069982942234,0.46102069982942234,0.9220413996588447,0.8067862247014891,0.8067862247014891,0.11525517495735559,0.9220413996588447,0.3457655248720668,0.46102069982942234,0.6915310497441336,0.5762758747867781,0.6915310497441336,0.46102069982942234,0.6915310497441336,0.46102069982942234,0.6915310497441336,0.3457655248720668,0.46102069982942234,1.3830620994882672,0.9220413996588447,0.8067862247014891,0.46102069982942234,0.8067862247014891,0.8067862247014891,0.46102069982942234,0.46102069982942234,0.46102069982942234,0.5762758747867781,0.6915310497441336,0.46102069982942234,0.8067862247014891,0.9220413996588447,0.46102069982942234,0.5762758747867781,0.8067862247014891,0.5762758747867781,0.23051034991471117,,,,,,,,,,,,,,,,,,,,,,,,,,,,,,,,,,,,,,,,,,,,,,,,,,,,,,,,,,,,,,,,,,,,,,,,,,,,,,,,,,,,,,,,,,,,,,,
,,,,,,,,,,,,,,,,,,,,,,,,,,,,,,,,,,,,,,,,,,,,,,,,,,,,,,,,,,,,,,,,,,,,,,,,,,,,,,,,,,,,,,,,,,,,,,,,,0.6915310497441336,0.23051034991471117,,,,,,1.0372965746162006,0.23051034991471117,0.11525517495735559,0.8067862247014891,0.23051034991471117,0.3457655248720668,0.46102069982942234,0.8067862247014891,0.46102069982942234,,,,,,,,,0.8067862247014891,0.5762758747867781,0.9220413996588447,0.46102069982942234,0.46102069982942234,0.8067862247014891,0.6915310497441336,0.5762758747867781,0.5762758747867781,0.9220413996588447,0.6915310497441336,,,0.6915310497441336,0.5762758747867781,0.5762758747867781,0.5762758747867781,1.0372965746162006,0.5762758747867781,0.6915310497441336,0.5762758747867781,0.3457655248720668,0.6915310497441336,0.3457655248720668,0.8067862247014891,0.46102069982942234,0.3457655248720668,0.5762758747867781,0.8067862247014891,0.46102069982942234,0.5762758747867781,0.6915310497441336,0.6915310497441336,0.9220413996588447,0.46102069982942234,0.6915310497441336,0.8067862247014891,1.3830620994882672,0.5762758747867781,,,,,,,,,,,,,,,,,,,,,,,,,,,,,,,,,,,,,,,,,,,,,,,,,,,,,,,,,,,,,,,,,,,,,,,,,,,,,,,,,,,,,,,,,,,,,,,,
,,,,,,,,,,,,,,,,,,,,,,,,,,,,,,,,,,,,,,,,,,,,,,,,,,,,,,,,,,,,,,,,,,,,,,,,,,,,,,,,,,,,,,,,,,,,,,,,,,,,,,,,0.5762758747867781,0.8067862247014891,0.5762758747867781,0.6915310497441336,0.5762758747867781,0.46102069982942234,0.6915310497441336,0.3457655248720668,0.3457655248720668,,,,,,,,,0.46102069982942234,0.6915310497441336,0.8067862247014891,0.46102069982942234,0.6915310497441336,0.11525517495735559,0.6915310497441336,0.46102069982942234,1.2678069245309116,0.8067862247014891,0.46102069982942234,,,0.46102069982942234,0.3457655248720668,0.8067862247014891,0.46102069982942234,0.3457655248720668,0.5762758747867781,0.8067862247014891,0.5762758747867781,0.8067862247014891,0.9220413996588447,0.23051034991471117,0.3457655248720668,0.3457655248720668,0.46102069982942234,0.3457655248720668,0.5762758747867781,0.5762758747867781,0.6915310497441336,0.6915310497441336,0.5762758747867781,0.5762758747867781,0.5762758747867781,0.46102069982942234,0.46102069982942234,0.46102069982942234,0.5762758747867781,,,,,,,,,,,,,,,,,,,,,,,,,,,,,,,,,,,,,,,,,,,,,,,,,,,,,,,,,,,,,,,,,,,,,,,,,,,,,,,,,,,,,,,,,,,,,,,,
,,,,,,,,,,,,,,,,,,,,,,,,,,,,,,,,,,,,,,,,,,,,,,,,,,,,,,,,,,,,,,,,,,,,,,,,,,,,,,,,,,,,,,,,,,,,,,,,,,,,,,,,0.5762758747867781,0.8067862247014891,0.8067862247014891,0.6915310497441336,0.46102069982942234,0.8067862247014891,1.0372965746162006,0.6915310497441336,0.8067862247014891,0.5762758747867781,,,,,,,,,0.6915310497441336,0.11525517495735559,0.8067862247014891,0.46102069982942234,0.46102069982942234,0.9220413996588447,0.5762758747867781,0.5762758747867781,0.23051034991471117,,,0.8067862247014891,0.8067862247014891,0.23051034991471117,1.0372965746162006,0.46102069982942234,,,0.6915310497441336,0.5762758747867781,0.23051034991471117,0.8067862247014891,0.46102069982942234,0.46102069982942234,0.23051034991471117,0.46102069982942234,0.6915310497441336,0.3457655248720668,0.5762758747867781,0.23051034991471117,0.46102069982942234,0.8067862247014891,0.46102069982942234,0.8067862247014891,0.5762758747867781,0.6915310497441336,0.6915310497441336,0.5762758747867781,0.46102069982942234,,,,,,,,,,,,,,,,,,,,,,,,,,,,,,,,,,,,,,,,,,,,,,,,,,,,,,,,,,,,,,,,,,,,,,,,,,,,,,,,,,,,,,,,,,,,,,,
,,,,,,,,,,,,,,,,,,,,,,,,,,,,,,,,,,,,,,,,,,,,,,,,,,,,,,,,,,,,,,,,,,,,,,,,,,,,,,,,,,,,,,,,,,,,,,,,,,,,,,,,,0.6915310497441336,0.5762758747867781,,0.11525517495735559,0.5762758747867781,0.0,0.6915310497441336,0.6915310497441336,0.46102069982942234,0.9220413996588447,,,,,,,,0.5762758747867781,0.6915310497441336,0.5762758747867781,0.6915310497441336,0.5762758747867781,0.3457655248720668,0.6915310497441336,1.1525517495735562,0.9220413996588447,,,0.6915310497441336,0.5762758747867781,0.6915310497441336,0.3457655248720668,,,,0.23051034991471117,0.46102069982942234,0.8067862247014891,0.8067862247014891,0.46102069982942234,0.8067862247014891,0.9220413996588447,0.3457655248720668,0.8067862247014891,0.3457655248720668,0.6915310497441336,0.8067862247014891,0.8067862247014891,0.9220413996588447,0.8067862247014891,0.23051034991471117,0.3457655248720668,0.5762758747867781,0.6915310497441336,0.8067862247014891,,,,,,,,,,,,,,,,,,,,,,,,,,,,,,,,,,,,,,,,,,,,,,,,,,,,,,,,,,,,,,,,,,,,,,,,,,,,,,,,,,,,,,,,,,,,,,,,
,,,,,,,,,,,,,,,,,,,,,,,,,,,,,,,,,,,,,,,,,,,,,,,,,,,,,,,,,,,,,,,,,,,,,,,,,,,,,,,,,,,,,,,,,,,,,,,,,,,,,,,,,,,,,0.8067862247014891,0.9220413996588447,0.23051034991471117,0.6915310497441336,0.5762758747867781,,,,,,,,,0.6915310497441336,0.9220413996588447,,,0.6915310497441336,1.0372965746162006,0.5762758747867781,0.6915310497441336,0.3457655248720668,,,0.5762758747867781,0.46102069982942234,,,,,,0.6915310497441336,0.5762758747867781,,,0.6915310497441336,0.5762758747867781,0.23051034991471117,0.46102069982942234,0.5762758747867781,0.5762758747867781,0.3457655248720668,0.46102069982942234,0.46102069982942234,0.8067862247014891,0.23051034991471117,0.6915310497441336,0.6915310497441336,,,,,,,,,,,,,,,,,,,,,,,,,,,,,,,,,,,,,,,,,,,,,,,,,,,,,,,,,,,,,,,,,,,,,,,,,,,,,,,,,,,,,,,,,,,,,,,,,,,
,,,,,,,,,,,,,,,,,,,,,,,,,,,,,,,,,,,,,,,,,,,,,,,,,,,,,,,,,,,,,,,,,,,,,,,,,,,,,,,,,,,,,,,,,,,,,,,,,,,,,,,,,,,,,0.3457655248720668,1.0372965746162006,0.46102069982942234,0.8067862247014891,0.5762758747867781,,,,,,,,,,,,,,0.23051034991471117,0.9220413996588447,0.8067862247014891,0.8067862247014891,,,,,,,,,,1.0372965746162006,0.46102069982942234,,,,0.8067862247014891,0.6915310497441336,0.6915310497441336,0.46102069982942234,0.5762758747867781,0.8067862247014891,0.8067862247014891,0.5762758747867781,0.8067862247014891,0.46102069982942234,,,,,,,,,,,,,,,,,,,,,,,,,,,,,,,,,,,,,,,,,,,,,,,,,,,,,,,,,,,,,,,,,,,,,,,,,,,,,,,,,,,,,,,,,,,,,,,,,,,,,
,,,,,,,,,,,,,,,,,,,,,,,,,,,,,,,,,,,,,,,,,,,,,,,,,,,,,,,,,,,,,,,,,,,,,,,,,,,,,,,,,,,,,,,,,,,,,,,,,,,,,,,,,,,,,,0.8067862247014891,0.5762758747867781,,,0.8067862247014891,0.3457655248720668,0.6915310497441336,,,,,,,,,,,0.5762758747867781,0.46102069982942234,0.46102069982942234,,,,,,,,,,,,,,,,0.6915310497441336,0.3457655248720668,,,,,,,,,,,,,,,,,,,,,,,,,,,,,,,,,,,,,,,,,,,,,,,,,,,,,,,,,,,,,,,,,,,,,,,,,,,,,,,,,,,,,,,,,,,,,,,,,,,,,,,,,,,,,
,,,,,,,,,,,,,,,,,,,,,,,,,,,,,,,,,,,,,,,,,,,,,,,,,,,,,,,,,,,,,,,,,,,,,,,,,,,,,,,,,,,,,,,,,,,,,,,,,,,,,,,,,,,,,,,,,,0.46102069982942234,0.9220413996588447,0.5762758747867781,,,,,,,,,,,,,,,,,,,,,,,,,,,,,,,,,,,,,,,,,,,,,,,,,,,,,,,,,,,,,,,,,,,,,,,,,,,,,,,,,,,,,,,,,,,,,,,,,,,,,,,,,,,,,,,,,,,,,,,,,,,,,,,,,,,,,,,,,,,
,,,,,,,,,,,,,,,,,,,,,,,,,,,,,,,,,,,,,,,,,,,,,,,,,,,,,,,,,,,,,,,,,,,,,,,,,,,,,,,,,,,,,,,,,,,,,,,,,,,,,,,,,,,,,,,,,,,,,,,,,,,,,,,,,,,,,,,,,,,,,,,,,,,,,,,,,,,,,,,,,,,,,,,,,,,,,,,,,,,,,,,,,,,,,,,,,,,,,,,,,,,,,,,,,,,,,,,,,,,,,,,,,,,,,,,,,,,,,,,,,,,,,,,,,,,,,,,
,,,,,,,,,,,,,,,,,,,,,,,,,,,,,,,,,,,,,,,,,,,,,,,,,,,,,,,,,,,,,,,,,,,,,,,,,,,,,,,,,,,,,,,,,,,,,,,,,,,,,,,,,,,,,,,,,,,,,,,,,,,,,,,,,,,,,,,,,,,,,,,,,,,,,,,,,,,,,,,,,,,,,,,,,,,,,,,,,,,,,,,,,,,,,,,,,,,,,,,,,,,,,,,,,,,,,,,,,,,,,,,,,,,,,,,,,,,,,,,,,,,,,,,,,,,,,,,
,,,,,,,,,,,,,,,,,,,,,,,,,,,,,,,,,,,,,,,,,,,,,,,,,,,,,,,,,,,,,,,,,,,,,,,,,,,,,,,,,,,,,,,,,,,,,,,,,,,,,,,,,,,,,,,,,,,,,,,,,,,,,,,,,,,,,,,,,,,,,,,,,,,,,,,,,,,,,,,,,,,,,,,,,,,,,,,,,,,,,,,,,,,,,,,,,,,,,,,,,,,,,,,,,,,,,,,,,,,,,,,,,,,,,,,,,,,,,,,,,,,,,,,,,,,,,,,
,,,,,,,,,,,,,,,,,,,,,,,,,,,,,,,,,,,,,,,,,,,,,,,,,,,,,,,,,,,,,,,,,,,,,,,,,,,,,,,,,,,,,,,,,,,,,,,,,,,,,,,,,,,,,,,,,,,,,,,,,,,,,,,,,,,,,,,,,,,,,,,,,,,,,,,,,,,,,,,,,,,,,,,,,,,,,,,,,,,,,,,,,,,,,,,,,,,,,,,,,,,,,,,,,,,,,,,,,,,,,,,,,,,,,,,,,,,,,,,,,,,,,,,,,,,,,,,
,,,,,,,,,,,,,,,,,,,,,,,,,,,,,,,,,,,,,,,,,,,,,,,,,,,,,,,,,,,,,,,,,,,,,,,,,,,,,,,,,,,,,,,,,,,,,,,,,,,,,,,,,,,,,,,,,,,,,,,,,,,,,,,,,,,,,,,,,,,,,,,,,,,,,,,,,,,,,,,,,,,,,,,,,,,,,,,,,,,,,,,,,,,,,,,,,,,,,,,,,,,,,,,,,,,,,,,,,,,,,,,,,,,,,,,,,,,,,,,,,,,,,,,,,,,,,,,
,,,,,,,,,,,,,,,,,,,,,,,,,,,,,,,,,,,,,,,,,,,,,,,,,,,,,,,,,,,,,,,,,,,,,,,,,,,,,,,,,,,,,,,,,,,,,,,,,,,,,,,,,,,,,,,,,,,,,,,,,,,,,,,,,,,,,,,,,,,,,,,,,,,,,,,,,,,,,,,,,,,,,,,,,,,,,,,,,,,,,,,,,,,,,,,,,,,,,,,,,,,,,,,,,,,,,,,,,,,,,,,,,,,,,,,,,,,,,,,,,,,,,,,,,,,,,,,
,,,,,,,,,,,,,,,,,,,,,,,,,,,,,,,,,,,,,,,,,,,,,,,,,,,,,,,,,,,,,,,,,,,,,,,,,,,,,,,,,,,,,,,,,,,,,,,,,,,,,,,,,,,,,,,,,,,,,,,,,,,,,,,,,,,,,,,,,,,,,,,,,,,,,,,,,,,,,,,,,,,,,,,,,,,,,,,,,,,,,,,,,,,,,,,,,,,,,,,,,,,,,,,,,,,,,,,,,,,,,,,,,,,,,,,,,,,,,,,,,,,,,,,,,,,,,,,
,,,,,,,,,,,,,,,,,,,,,,,,,,,,,,,,,,,,,,,,,,,,,,,,,,,,,,,,,,,,,,,,,,,,,,,,,,,,,,,,,,,,,,,,,,,,,,,,,,,,,,,,,,,,,,,,,,,,,,,,,,,,,,,,,,,,,,,,,,,,,,,,,,,,,,,,,,,,,,,,,,,,,,,,,,,,,,,,,,,,,,,,,,,,,,,,,,,,,,,,,,,,,,,,,,,,,,,,,,,,,,,,,,,,,,,,,,,,,,,,,,,,,,,,,,,,,,,
,,,,,,,,,,,,,,,,,,,,,,,,,,,,,,,,,,,,,,,,,,,,,,,,,,,,,,,,,,,,,,,,,,,,,,,,,,,,,,,,,,,,,,,,,,,,,,,,,,,,,,,,,,,,,,,,,,,,,,,,,,,,,,,,,,,,,,,,,,,,,,,,,,,,,,,,,,,,,,,,,,,,,,,,,,,,,,,,,,,,,,,,,,,,,,,,,,,,,,,,,,,,,,,,,,,,,,,,,,,,,,,,,,,,,,,,,,,,,,,,,,,,,,,,,,,,,,,
,,,,,,,,,,,,,,,,,,,,,,,,,,,,,,,,,,,,,,,,,,,,,,,,,,,,,,,,,,,,,,,,,,,,,,,,,,,,,,,,,,,,,,,,,,,,,,,,,,,,,,,,,,,,,,,,,,,,,,,,,,,,,,,,,,,,,,,,,,,,,,,,,,,,,,,,,,,,,,,,,,,,,,,,,,,,,,,,,,,,,,,,,,,,,,,,,,,,,,,,,,,,,,,,,,,,,,,,,,,,,,,,,,,,,,,,,,,,,,,,,,,,,,,,,,,,,,,
,,,,,,,,,,,,,,,,,,,,,,,,,,,,,,,,,,,,,,,,,,,,,,,,,,,,,,,,,,,,,,,,,,,,,,,,,,,,,,,,,,,,,,,,,,,,,,,,,,,,,,,,,,,,,,,,,,,,,,,,,,,,,,,,,,,,,,,,,,,,,,,,,,,,,,,,,,,,,,,,,,,,,,,,,,,,,,,,,,,,,,,,,,,,,,,,,,,,,,,,,,,,,,,,,,,,,,,,,,,,,,,,,,,,,,,,,,,,,,,,,,,,,,,,,,,,,,,
,,,,,,,,,,,,,,,,,,,,,,,,,,,,,,,,,,,,,,,,,,,,,,,,,,,,,,,,,,,,,,,,,,,,,,,,,,,,,,,,,,,,,,,,,,,,,,,,,,,,,,,,,,,,,,,,,,,,,,,,,,,,,,,,,,,,,,,,,,,,,,,,,,,,,,,,,,,,,,,,,,,,,,,,,,,,,,,,,,,,,,,,,,,,,,,,,,,,,,,,,,,,,,,,,,,,,,,,,,,,,,,,,,,,,,,,,,,,,,,,,,,,,,,,,,,,,,,
,,,,,,,,,,,,,,,,,,,,,,,,,,,,,,,,,,,,,,,,,,,,,,,,,,,,,,,,,,,,,,,,,,,,,,,,,,,,,,,,,,,,,,,,,,,,,,,,,,,,,,,,,,,,,,,,,,,,,,,,,,,,,,,,,,,,,,,,,,,,,,,,,,,,,,,,,,,,,,,,,,,,,,,,,,,,,,,,,,,,,,,,,,,,,,,,,,,,,,,,,,,,,,,,,,,,,,,,,,,,,,,,,,,,,,,,,,,,,,,,,,,,,,,,,,,,,,,
,,,,,,,,,,,,,,,,,,,,,,,,,,,,,,,,,,,,,,,,,,,,,,,,,,,,,,,,,,,,,,,,,,,,,,,,,,,,,,,,,,,,,,,,,,,,,,,,,,,,,,,,,,,,,,,,,,,,,,,,,,,,,,,,,,,,,,,,,,,,,,,,,,,,,,,,,,,,,,,,,,,,,,,,,,,,,,,,,,,,,,,,,,,,,,,,,,,,,,,,,,,,,,,,,,,,,,,,,,,,,,,,,,,,,,,,,,,,,,,,,,,,,,,,,,,,,,,
,,,,,,,,,,,,,,,,,,,,,,,,,,,,,,,,,,,,,,,,,,,,,,,,,,,,,,,,,,,,,,,,,,,,,,,,,,,,,,,,,,,,,,,,,,,,,,,,,,,,,,,,,,,,,,,,,,,,,,,,,,,,,,,,,,,,,,,,,,,,,,,,,,,,,,,,,,,,,,,,,,,,,,,,,,,,,,,,,,,,,,,,,,,,,,,,,,,,,,,,,,,,,,,,,,,,,,,,,,,,,,,,,,,,,,,,,,,,,,,,,,,,,,,,,,,,,,,
,,,,,,,,,,,,,,,,,,,,,,,,,,,,,,,,,,,,,,,,,,,,,,,,,,,,,,,,,,,,,,,,,,,,,,,,,,,,,,,,,,,,,,,,,,,,,,,,,,,,,,,,,,,,,,,,,,,,,,,,,,,,,,,,,,,,,,,,,,,,,,,,,,,,,,,,,,,,,,,,,,,,,,,,,,,,,,,,,,,,,,,,,,,,,,,,,,,,,,,,,,,,,,,,,,,,,,,,,,,,,,,,,,,,,,,,,,,,,,,,,,,,,,,,,,,,,,,
,,,,,,,,,,,,,,,,,,,,,,,,,,,,,,,,,,,,,,,,,,,,,,,,,,,,,,,,,,,,,,,,,,,,,,,,,,,,,,,,,,,,,,,,,,,,,,,,,,,,,,,,,,,,,,,,,,,,,,,,,,,,,,,,,,,,,,,,,,,,,,,,,,,,,,,,,,,,,,,,,,,,,,,,,,,,,,,,,,,,,,,,,,,,,,,,,,,,,,,,,,,,,,,,,,,,,,,,,,,,,,,,,,,,,,,,,,,,,,,,,,,,,,,,,,,,,,,
,,,,,,,,,,,,,,,,,,,,,,,,,,,,,,,,,,,,,,,,,,,,,,,,,,,,,,,,,,,,,,,,,,,,,,,,,,,,,,,,,,,,,,,,,,,,,,,,,,,,,,,,,,,,,,,,,,,,,,,,,,,,,,,,,,,,,,,,,,,,,,,,,,,,,,,,,,,,,,,,,,,,,,,,,,,,,,,,,,,,,,,,,,,,,,,,,,,,,,,,,,,,,,,,,,,,,,,,,,,,,,,,,,,,,,,,,,,,,,,,,,,,,,,,,,,,,,,
,,,,,,,,,,,,,,,,,,,,,,,,,,,,,,,,,,,,,,,,,,,,,,,,,,,,,,,,,,,,,,,,,,,,,,,,,,,,,,,,,,,,,,,,,,,,,,,,,,,,,,,,,,,,,,,,,,,,,,,,,,,,,,,,,,,,,,,,,,,,,,,,,,,,,,,,,,,,,,,,,,,,,,,,,,,,,,,,,,,,,,,,,,,,,,,,,,,,,,,,,,,,,,,,,,,,,,,,,,,,,,,,,,,,,,,,,,,,,,,,,,,,,,,,,,,,,,,
,,,,,,,,,,,,,,,,,,,,,,,,,,,,,,,,,,,,,,,,,,,,,,,,,,,,,,,,,,,,,,,,,,,,,,,,,,,,,,,,,,,,,,,,,,,,,,,,,,,,,,,,,,,,,,,,,,,,,,,,,,,,,,,,,,,,,,,,,,,,,,,,,,,,,,,,,,,,,,,,,,,,,,,,,,,,,,,,,,,,,,,,,,,,,,,,,,,,,,,,,,,,,,,,,,,,,,,,,,,,,,,,,,,,,,,,,,,,,,,,,,,,,,,,,,,,,,,
,,,,,,,,,,,,,,,,,,,,,,,,,,,,,,,,,,,,,,,,,,,,,,,,,,,,,,,,,,,,,,,,,,,,,,,,,,,,,,,,,,,,,,,,,,,,,,,,,,,,,,,,,,,,,,,,,,,,,,,,,,,,,,,,,,,,,,,,,,,,,,,,,,,,,,,,,,,,,,,,,,,,,,,,,,,,,,,,,,,,,,,,,,,,,,,,,,,,,,,,,,,,,,,,,,,,,,,,,,,,,,,,,,,,,,,,,,,,,,,,,,,,,,,,,,,,,,,
,,,,,,,,,,,,,,,,,,,,,,,,,,,,,,,,,,,,,,,,,,,,,,,,,,,,,,,,,,,,,,,,,,,,,,,,,,,,,,,,,,,,,,,,,,,,,,,,,,,,,,,,,,,,,,,,,,,,,,,,,,,,,,,,,,,,,,,,,,,,,,,,,,,,,,,,,,,,,,,,,,,,,,,,,,,,,,,,,,,,,,,,,,,,,,,,,,,,,,,,,,,,,,,,,,,,,,,,,,,,,,,,,,,,,,,,,,,,,,,,,,,,,,,,,,,,,,,
,,,,,,,,,,,,,,,,,,,,,,,,,,,,,,,,,,,,,,,,,,,,,,,,,,,,,,,,,,,,,,,,,,,,,,,,,,,,,,,,,,,,,,,,,,,,,,,,,,,,,,,,,,,,,,,,,,,,,,,,,,,,,,,,,,,,,,,,,,,,,,,,,,,,,,,,,,,,,,,,,,,,,,,,,,,,,,,,,,,,,,,,,,,,,,,,,,,,,,,,,,,,,,,,,,,,,,,,,,,,,,,,,,,,,,,,,,,,,,,,,,,,,,,,,,,,,,,
,,,,,,,,,,,,,,,,,,,,,,,,,,,,,,,,,,,,,,,,,,,,,,,,,,,,,,,,,,,,,,,,,,,,,,,,,,,,,,,,,,,,,,,,,,,,,,,,,,,,,,,,,,,,,,,,,,,,,,,,,,,,,,,,,,,,,,,,,,,,,,,,,,,,,,,,,,,,,,,,,,,,,,,,,,,,,,,,,,,,,,,,,,,,,,,,,,,,,,,,,,,,,,,,,,,,,,,,,,,,,,,,,,,,,,,,,,,,,,,,,,,,,,,,,,,,,,,
,,,,,,,,,,,,,,,,,,,,,,,,,,,,,,,,,,,,,,,,,,,,,,,,,,,,,,,,,,,,,,,,,,,,,,,,,,,,,,,,,,,,,,,,,,,,,,,,,,,,,,,,,,,,,,,,,,,,,,,,,,,,,,,,,,,,,,,,,,,,,,,,,,,,,,,,,,,,,,,,,,,,,,,,,,,,,,,,,,,,,,,,,,,,,,,,,,,,,,,,,,,,,,,,,,,,,,,,,,,,,,,,,,,,,,,,,,,,,,,,,,,,,,,,,,,,,,,
,,,,,,,,,,,,,,,,,,,,,,,,,,,,,,,,,,,,,,,,,,,,,,,,,,,,,,,,,,,,,,,,,,,,,,,,,,,,,,,,,,,,,,,,,,,,,,,,,,,,,,,,,,,,,,,,,,,,,,,,,,,,,,,,,,,,,,,,,,,,,,,,,,,,,,,,,,,,,,,,,,,,,,,,,,,,,,,,,,,,,,,,,,,,,,,,,,,,,,,,,,,,,,,,,,,,,,,,,,,,,,,,,,,,,,,,,,,,,,,,,,,,,,,,,,,,,,,
