277855.719614815,277859.959334385,277847.2404789625,277859.959334385,277847.2404789625,277859.959334385,277851.4799963393,277855.719614815,277855.719614815,277859.959334385,277855.719614815,277859.959334385,277859.959334385,0.0,277851.4799963393,277851.4799963393,277855.719614815,277859.959334385,277859.959334385,277847.2404789625,277851.4799963393,277855.719614815,277859.959334385,277855.719614815,0.0,277851.4799963393,277859.959334385,0.0,277859.959334385,277859.959334385,0.0,0.0,277859.959334385,0.0,277851.4799963393,277855.719614815,277855.719614815,277855.719614815,277855.719614815,0.0,277855.719614815,277859.959334385,0.0,277851.4799963393,277859.959334385,0.0,277855.719614815,277859.959334385,277855.719614815,277859.959334385,0.0,277859.959334385,277847.2404789625,277859.959334385,277851.4799963393,277859.959334385,277855.719614815,277851.4799963393,277851.4799963393,277855.719614815,0.0,277859.959334385,277855.719614815,277855.719614815,0.0,277859.959334385,0.0,277855.719614815,277851.4799963393,277851.4799963393,0.0,277859.959334385,277855.719614815,277859.959334385,0.0,0.0,277859.959334385,277855.719614815,277859.959334385,277847.2404789625,0.0,277859.959334385,277859.959334385,277855.719614815,277859.959334385,277843.00106268923,277855.719614815,277859.959334385,277855.719614815,277859.959334385,0.0,277843.00106268923,277859.959334385,277855.719614815,0.0,277859.959334385,277847.2404789625,277859.959334385,0.0,277859.959334385,0.0,277859.959334385,0.0,0.0,277859.959334385,277859.959334385,277851.4799963393,0.0,0.0,0.0,277859.959334385,0.0,277855.719614815,0.0,277847.2404789625,277851.4799963393,277855.719614815,277851.4799963393,0.0,0.0,277855.719614815,277855.719614815,277855.719614815,0.0,277859.959334385,277859.959334385,277851.4799963393,277855.719614815,277855.719614815,277855.719614815,277851.4799963393,0.0,277859.959334385,277851.4799963393,0.0,277859.959334385,0.0,277855.719614815,277859.959334385,277859.959334385,277851.4799963393,0.0,0.0,277851.4799963393,0.0,277859.959334385,277859.959334385,277859.959334385,277851.4799963393,277855.719614815,0.0,0.0,277859.959334385,277855.719614815,277855.719614815,0.0,277847.2404789625,0.0,277847.2404789625,277859.959334385,277851.4799963393,277855.719614815,277859.959334385,277855.719614815,0.0,277859.959334385,0.0,277859.959334385,277855.719614815,277855.719614815,277859.959334385,0.0,277859.959334385,0.0,277851.4799963393,277851.4799963393,277851.4799963393,277851.4799963393,277855.719614815,277859.959334385,277859.959334385,0.0,277855.719614815,0.0,0.0,0.0,0.0,0.0,277855.719614815,277859.959334385,277855.719614815,277855.719614815,0.0,0.0,277855.719614815,277859.959334385,277851.4799963393,0.0,0.0,277859.959334385,277859.959334385,0.0,277851.4799963393,0.0,277859.959334385,277855.719614815,277847.2404789625,277859.959334385,277859.959334385,0.0,277859.959334385,277859.959334385,277855.719614815,277859.959334385,277859.959334385,277855.719614815,277859.959334385,0.0,277859.959334385,277855.719614815,277859.959334385,0.0,277851.4799963393,277855.719614815,277859.959334385,0.0,0.0,277851.4799963393,277855.719614815,277855.719614815,277859.959334385,277859.959334385,277855.719614815,277855.719614815,277855.719614815,0.0,0.0,277855.719614815,0.0,0.0,277859.959334385,277859.959334385,277830.2834205368,277851.4799963393,277847.2404789625,277855.719614815,277859.959334385,277859.959334385,277859.959334385,277851.4799963393,0.0,277859.959334385,277855.719614815,277855.719614815,0.0,277851.4799963393
277855.719614815,277843.00106268923,277859.959334385,277859.959334385,277859.959334385,277859.959334385,0.0,277859.959334385,277859.959334385,277859.959334385,277859.959334385,277847.2404789625,277859.959334385,277859.959334385,277859.959334385,277855.719614815,0.0,277855.719614815,277859.959334385,277855.719614815,277855.719614815,277855.719614815,277859.959334385,0.0,277855.719614815,277859.959334385,0.0,0.0,277855.719614815,277851.4799963393,0.0,0.0,277855.719614815,277859.959334385,277855.719614815,277859.959334385,0.0,277859.959334385,0.0,277847.2404789625,277855.719614815,277855.719614815,0.0,277855.719614815,277851.4799963393,0.0,277859.959334385,277855.719614815,277859.959334385,277859.959334385,277859.959334385,277847.2404789625,277851.4799963393,277859.959334385,277859.959334385,277851.4799963393,277859.959334385,277851.4799963393,277855.719614815,277851.4799963393,277855.719614815,0.0,277859.959334385,0.0,277851.4799963393,277859.959334385,277851.4799963393,277859.959334385,0.0,277859.959334385,0.0,277855.719614815,277855.719614815,277843.00106268923,277855.719614815,277847.2404789625,277859.959334385,277859.959334385,277859.959334385,277859.959334385,277859.959334385,0.0,277859.959334385,277859.959334385,277838.7617475241,277855.719614815,277859.959334385,277855.719614815,0.0,277851.4799963393,277855.719614815,0.0,277859.959334385,277859.959334385,0.0,277847.2404789625,277859.959334385,277855.719614815,0.0,277859.959334385,0.0,0.0,277855.719614815,277855.719614815,277855.719614815,0.0,0.0,277859.959334385,277859.959334385,277855.719614815,277859.959334385,277859.959334385,0.0,277855.719614815,0.0,277859.959334385,0.0,277859.959334385,0.0,277859.959334385,277859.959334385,277855.719614815,277859.959334385,277855.719614815,0.0,277855.719614815,277859.959334385,0.0,277859.959334385,277855.719614815,0.0,0.0,277851.4799963393,277851.4799963393,277855.719614815,277855.719614815,277859.959334385,0.0,277855.719614815,277855.719614815,0.0,0.0,277855.719614815,277855.719614815,277851.4799963393,277859.959334385,0.0,277855.719614815,277859.959334385,277859.959334385,277855.719614815,277851.4799963393,277859.959334385,277859.959334385,0.0,277859.959334385,277855.719614815,277859.959334385,277859.959334385,277855.719614815,0.0,277851.4799963393,277859.959334385,277847.2404789625,277855.719614815,277855.719614815,277847.2404789625,0.0,277859.959334385,0.0,277851.4799963393,277855.719614815,277859.959334385,277847.2404789625,0.0,277851.4799963393,0.0,0.0,277859.959334385,0.0,277855.719614815,277851.4799963393,0.0,277859.959334385,277859.959334385,277851.4799963393,277847.2404789625,277859.959334385,277851.4799963393,0.0,277855.719614815,277859.959334385,0.0,277855.719614815,277859.959334385,277859.959334385,277855.719614815,277859.959334385,277855.719614815,277859.959334385,277859.959334385,277859.959334385,277859.959334385,0.0,277859.959334385,277859.959334385,0.0,277859.959334385,277847.2404789625,0.0,0.0,277847.2404789625,277855.719614815,277855.719614815,0.0,0.0,277859.959334385,277859.959334385,277859.959334385,277855.719614815,277859.959334385,277855.719614815,277855.719614815,0.0,277859.959334385,277851.4799963393,277859.959334385,0.0,0.0,0.0,0.0,277855.719614815,0.0,277855.719614815,0.0,277851.4799963393,277855.719614815,0.0,277855.719614815,277859.959334385,277859.959334385,0.0,0.0,0.0,0.0,0.0,277859.959334385,277855.719614815,277859.959334385,0.0,277855.719614815,0.0,277859.959334385,0.0,277855.719614815,277851.4799963393
277859.959334385,0.0,277859.959334385,0.0,277859.959334385,277859.959334385,0.0,0.0,277859.959334385,0.0,0.0,277847.2404789625,277859.959334385,0.0,277859.959334385,277859.959334385,277859.959334385,277859.959334385,277855.719614815,277859.959334385,277855.719614815,277859.959334385,0.0,277859.959334385,277855.719614815,277855.719614815,0.0,0.0,277859.959334385,277859.959334385,277859.959334385,277859.959334385,277859.959334385,277855.719614815,0.0,277851.4799963393,0.0,0.0,277859.959334385,277847.2404789625,277859.959334385,277855.719614815,0.0,277859.959334385,277859.959334385,277851.4799963393,277855.719614815,277847.2404789625,277859.959334385,277847.2404789625,277859.959334385,277851.4799963393,277851.4799963393,277851.4799963393,277855.719614815,277851.4799963393,0.0,0.0,277851.4799963393,0.0,277855.719614815,0.0,277855.719614815,0.0,277855.719614815,277855.719614815,0.0,277855.719614815,277859.959334385,0.0,0.0,0.0,277855.719614815,277851.4799963393,277851.4799963393,277851.4799963393,277859.959334385,277859.959334385,277859.959334385,277855.719614815,277851.4799963393,0.0,0.0,277859.959334385,277859.959334385,277851.4799963393,0.0,277855.719614815,277855.719614815,277859.959334385,0.0,0.0,0.0,277855.719614815,0.0,277851.4799963393,277855.719614815,0.0,0.0,277855.719614815,0.0,277855.719614815,0.0,277859.959334385,277859.959334385,277851.4799963393,277859.959334385,277859.959334385,0.0,0.0,277859.959334385,277855.719614815,0.0,0.0,277855.719614815,277859.959334385,0.0,0.0,0.0,277859.959334385,0.0,0.0,277859.959334385,277859.959334385,277859.959334385,277855.719614815,0.0,277855.719614815,0.0,277859.959334385,277855.719614815,277859.959334385,277855.719614815,277855.719614815,277855.719614815,277855.719614815,277859.959334385,0.0,277855.719614815,0.0,277847.2404789625,277855.719614815,277859.959334385,277859.959334385,277859.959334385,277851.4799963393,277859.959334385,277859.959334385,277851.4799963393,277855.719614815,0.0,277851.4799963393,277855.719614815,277851.4799963393,277851.4799963393,0.0,277855.719614815,0.0,0.0,0.0,277855.719614815,277859.959334385,277855.719614815,277847.2404789625,277859.959334385,0.0,277855.719614815,277855.719614815,277855.719614815,0.0,277859.959334385,277859.959334385,277847.2404789625,277859.959334385,277855.719614815,0.0,277855.719614815,277859.959334385,0.0,0.0,0.0,277859.959334385,0.0,277851.4799963393,277859.959334385,277855.719614815,277855.719614815,277859.959334385,277859.959334385,277859.959334385,277859.959334385,277859.959334385,277859.959334385,277859.959334385,277855.719614815,277843.00106268923,277859.959334385,277855.719614815,277859.959334385,277859.959334385,0.0,277847.2404789625,277851.4799963393,277859.959334385,277859.959334385,277851.4799963393,277855.719614815,277859.959334385,0.0,277859.959334385,0.0,277859.959334385,277859.959334385,277855.719614815,0.0,277855.719614815,277859.959334385,277859.959334385,277855.719614815,277851.4799963393,277851.4799963393,277855.719614815,0.0,277859.959334385,0.0,277859.959334385,0.0,0.0,0.0,277851.4799963393,0.0,0.0,277859.959334385,277851.4799963393,277859.959334385,277859.959334385,277859.959334385,277859.959334385,0.0,0.0,277859.959334385,277859.959334385,277855.719614815,277859.959334385,277855.719614815,0.0,277855.719614815,277855.719614815,0.0,277847.2404789625,0.0,277855.719614815,277859.959334385,277855.719614815,0.0,277859.959334385
0.0,277855.719614815,277855.719614815,0.0,277855.719614815,277851.4799963393,277859.959334385,277859.959334385,277859.959334385,277859.959334385,277859.959334385,0.0,0.0,277847.2404789625,277859.959334385,277859.959334385,0.0,277847.2404789625,277847.2404789625,277855.719614815,277851.4799963393,0.0,277859.959334385,0.0,277851.4799963393,277855.719614815,277851.4799963393,277859.959334385,277859.959334385,277855.719614815,277859.959334385,277859.959334385,277859.959334385,277851.4799963393,277859.959334385,277855.719614815,277847.2404789625,0.0,277855.719614815,277855.719614815,277855.719614815,277859.959334385,277859.959334385,0.0,277859.959334385,277859.959334385,0.0,277855.719614815,277855.719614815,0.0,277859.959334385,277855.719614815,277859.959334385,277851.4799963393,277859.959334385,277859.959334385,277859.959334385,277859.959334385,0.0,277859.959334385,277855.719614815,277851.4799963393,277859.959334385,277855.719614815,0.0,277859.959334385,0.0,277855.719614815,277859.959334385,277859.959334385,277855.719614815,0.0,0.0,277859.959334385,0.0,277855.719614815,277859.959334385,277847.2404789625,277855.719614815,0.0,277855.719614815,277859.959334385,277855.719614815,277859.959334385,0.0,277859.959334385,277851.4799963393,0.0,277859.959334385,277855.719614815,0.0,277859.959334385,277847.2404789625,0.0,277847.2404789625,277859.959334385,277851.4799963393,277855.719614815,0.0,277851.4799963393,0.0,277855.719614815,0.0,277859.959334385,277859.959334385,277859.959334385,0.0,277855.719614815,0.0,277859.959334385,277859.959334385,0.0,0.0,277855.719614815,0.0,277847.2404789625,0.0,277859.959334385,277859.959334385,277855.719614815,277855.719614815,277855.719614815,0.0,277859.959334385,277859.959334385,0.0,277855.719614815,277851.4799963393,277859.959334385,277851.4799963393,277855.719614815,0.0,277851.4799963393,0.0,0.0,277855.719614815,277855.719614815,0.0,277859.959334385,277855.719614815,277859.959334385,277855.719614815,277859.959334385,277859.959334385,277859.959334385,277851.4799963393,277859.959334385,0.0,277859.959334385,277859.959334385,0.0,277851.4799963393,277847.2404789625,0.0,0.0,277855.719614815,277859.959334385,0.0,277859.959334385,277855.719614815,277855.719614815,0.0,0.0,277855.719614815,0.0,0.0,277859.959334385,277859.959334385,0.0,277851.4799963393,0.0,0.0,277855.719614815,0.0,277855.719614815,277859.959334385,277859.959334385,0.0,277859.959334385,0.0,0.0,277855.719614815,277859.959334385,277855.719614815,277855.719614815,277859.959334385,277855.719614815,277855.719614815,277855.719614815,0.0,277859.959334385,277859.959334385,0.0,277859.959334385,277855.719614815,277859.959334385,277859.959334385,277859.959334385,277859.959334385,277855.719614815,277855.719614815,277859.959334385,0.0,0.0,277855.719614815,277851.4799963393,0.0,277859.959334385,277859.959334385,277855.719614815,0.0,0.0,277859.959334385,277859.959334385,0.0,277859.959334385,277855.719614815,277859.959334385,277855.719614815,0.0,277855.719614815,277838.7617475241,277859.959334385,0.0,277859.959334385,277859.959334385,277859.959334385,277859.959334385,277859.959334385,0.0,0.0,0.0,277859.959334385,277859.959334385,277855.719614815,277855.719614815,0.0,277851.4799963393,277851.4799963393,0.0,277851.4799963393,277859.959334385,277859.959334385,277843.00106268923,0.0,277859.959334385,277859.959334385,277859.959334385,277859.959334385,277855.719614815,277855.719614815,0.0,277859.959334385,277859.959334385,277851.4799963393,277855.719614815
0.0,0.0,0.0,277859.959334385,0.0,277855.719614815,0.0,277859.959334385,277859.959334385,0.0,0.0,277859.959334385,0.0,277859.959334385,277859.959334385,0.0,277859.959334385,277859.959334385,277859.959334385,277851.4799963393,0.0,277859.959334385,0.0,277851.4799963393,277855.719614815,277859.959334385,0.0,277859.959334385,0.0,277859.959334385,277851.4799963393,277859.959334385,277855.719614815,277859.959334385,0.0,277855.719614815,277859.959334385,0.0,0.0,277859.959334385,277855.719614815,0.0,277859.959334385,277851.4799963393,277859.959334385,277855.719614815,277859.959334385,277859.959334385,277851.4799963393,277859.959334385,277859.959334385,0.0,0.0,277855.719614815,277859.959334385,277859.959334385,277855.719614815,0.0,0.0,0.0,0.0,0.0,277855.719614815,277855.719614815,277859.959334385,277851.4799963393,0.0,277859.959334385,0.0,277855.719614815,0.0,277859.959334385,277855.719614815,277847.2404789625,277859.959334385,277855.719614815,277859.959334385,0.0,0.0,277859.959334385,0.0,0.0,277855.719614815,277859.959334385,277855.719614815,277859.959334385,277855.719614815,0.0,277851.4799963393,277859.959334385,277855.719614815,277859.959334385,277855.719614815,0.0,277859.959334385,277859.959334385,0.0,277851.4799963393,277851.4799963393,0.0,277847.2404789625,277855.719614815,277855.719614815,0.0,277855.719614815,277859.959334385,0.0,277859.959334385,277859.959334385,0.0,277859.959334385,277859.959334385,277855.719614815,0.0,277859.959334385,0.0,277855.719614815,277859.959334385,277855.719614815,277859.959334385,277843.00106268923,277859.959334385,277851.4799963393,277859.959334385,0.0,0.0,277859.959334385,277851.4799963393,277851.4799963393,277859.959334385,0.0,277859.959334385,277855.719614815,277859.959334385,277855.719614815,277847.2404789625,277855.719614815,277855.719614815,277851.4799963393,0.0,277859.959334385,0.0,277855.719614815,277859.959334385,277851.4799963393,277859.959334385,277859.959334385,0.0,0.0,0.0,277859.959334385,0.0,0.0,277859.959334385,277851.4799963393,277859.959334385,277855.719614815,277859.959334385,277851.4799963393,277851.4799963393,277859.959334385,277847.2404789625,277859.959334385,277859.959334385,0.0,0.0,277855.719614815,277855.719614815,277859.959334385,0.0,277859.959334385,0.0,277851.4799963393,277859.959334385,277843.00106268923,277859.959334385,277859.959334385,277859.959334385,277851.4799963393,0.0,277859.959334385,277855.719614815,0.0,0.0,0.0,277855.719614815,277855.719614815,0.0,277855.719614815,277855.719614815,277855.719614815,277855.719614815,0.0,277855.719614815,277859.959334385,277851.4799963393,277855.719614815,0.0,277859.959334385,277859.959334385,277859.959334385,0.0,277855.719614815,277855.719614815,277859.959334385,0.0,0.0,277859.959334385,0.0,0.0,0.0,277851.4799963393,277859.959334385,277847.2404789625,277859.959334385,277855.719614815,277855.719614815,277859.959334385,277859.959334385,277855.719614815,277859.959334385,277859.959334385,0.0,277851.4799963393,277859.959334385,277859.959334385,277851.4799963393,277859.959334385,277859.959334385,0.0,277855.719614815,277851.4799963393,277859.959334385,277859.959334385,0.0,277851.4799963393,0.0,0.0,0.0,277859.959334385,277855.719614815,277851.4799963393,277859.959334385,0.0,277859.959334385,277851.4799963393,277859.959334385,277851.4799963393,277859.959334385,277855.719614815,277859.959334385,277855.719614815,277855.719614815,277855.719614815,277859.959334385,277859.959334385
277859.959334385,277859.959334385,0.0,0.0,277859.959334385,277855.719614815,0.0,0.0,277859.959334385,277851.4799963393,277859.959334385,277859.959334385,277855.719614815,277859.959334385,277859.959334385,277851.4799963393,0.0,277855.719614815,0.0,277851.4799963393,277859.959334385,0.0,277851.4799963393,277855.719614815,0.0,0.0,277851.4799963393,277855.719614815,277851.4799963393,277847.2404789625,0.0,277859.959334385,277859.959334385,277859.959334385,277855.719614815,277851.4799963393,277855.719614815,277859.959334385,277859.959334385,277855.719614815,277843.00106268923,277859.959334385,277851.4799963393,0.0,277847.2404789625,277859.959334385,0.0,0.0,277851.4799963393,277859.959334385,0.0,277855.719614815,277859.959334385,277859.959334385,277855.719614815,0.0,277851.4799963393,277859.959334385,277859.959334385,0.0,277851.4799963393,0.0,277859.959334385,0.0,277855.719614815,0.0,0.0,277859.959334385,0.0,277859.959334385,277855.719614815,277851.4799963393,0.0,277859.959334385,0.0,277851.4799963393,277851.4799963393,277855.719614815,277859.959334385,277855.719614815,277855.719614815,0.0,277859.959334385,277859.959334385,0.0,277859.959334385,0.0,0.0,277855.719614815,277859.959334385,0.0,0.0,0.0,277859.959334385,277859.959334385,277859.959334385,277859.959334385,277859.959334385,0.0,277851.4799963393,0.0,277851.4799963393,0.0,277859.959334385,277851.4799963393,277859.959334385,0.0,277859.959334385,277859.959334385,277855.719614815,277855.719614815,277859.959334385,0.0,0.0,0.0,0.0,277855.719614815,277855.719614815,0.0,277847.2404789625,277859.959334385,277859.959334385,277859.959334385,277859.959334385,277855.719614815,277859.959334385,277851.4799963393,277855.719614815,277859.959334385,277855.719614815,277847.2404789625,277855.719614815,277851.4799963393,277859.959334385,0.0,277859.959334385,277847.2404789625,277851.4799963393,0.0,277855.719614815,277855.719614815,277855.719614815,277855.719614815,0.0,277855.719614815,277859.959334385,277855.719614815,277859.959334385,277859.959334385,277859.959334385,277859.959334385,0.0,277855.719614815,0.0,0.0,0.0,277859.959334385,0.0,277847.2404789625,277855.719614815,277855.719614815,277859.959334385,277855.719614815,0.0,277859.959334385,277855.719614815,277851.4799963393,277859.959334385,0.0,277859.959334385,277859.959334385,0.0,277855.719614815,277859.959334385,277855.719614815,277859.959334385,277859.959334385,277859.959334385,277859.959334385,0.0,0.0,277859.959334385,277855.719614815,277855.719614815,277859.959334385,0.0,277847.2404789625,0.0,277851.4799963393,277855.719614815,277859.959334385,0.0,0.0,277859.959334385,0.0,277855.719614815,277855.719614815,277847.2404789625,277859.959334385,277851.4799963393,277847.2404789625,277847.2404789625,277855.719614815,277859.959334385,277855.719614815,277855.719614815,277859.959334385,277859.959334385,277847.2404789625,277859.959334385,277859.959334385,277851.4799963393,277855.719614815,277851.4799963393,277859.959334385,277847.2404789625,0.0,277843.00106268923,277855.719614815,277855.719614815,0.0,277859.959334385,0.0,0.0,277855.719614815,277855.719614815,277855.719614815,0.0,277851.4799963393,277855.719614815,277847.2404789625,277859.959334385,0.0,277851.4799963393,277859.959334385,277859.959334385,277855.719614815,277855.719614815,277847.2404789625,277859.959334385,277855.719614815,277851.4799963393,277859.959334385,277859.959334385,0.0,277855.719614815,0.0,277855.719614815,277855.719614815,277855.719614815,0.0,277859.959334385,277851.4799963393,277847.2404789625,0.0,277855.719614815
277859.959334385,277859.959334385,277859.959334385,0.0,277855.719614815,0.0,277851.4799963393,277859.959334385,277859.959334385,277855.719614815,0.0,277855.719614815,277855.719614815,277859.959334385,277859.959334385,277859.959334385,277855.719614815,277855.719614815,277847.2404789625,277855.719614815,277851.4799963393,277847.2404789625,277859.959334385,277859.959334385,277859.959334385,0.0,277859.959334385,277859.959334385,277859.959334385,277847.2404789625,277859.959334385,277859.959334385,277851.4799963393,277851.4799963393,277855.719614815,277851.4799963393,277855.719614815,0.0,277859.959334385,277855.719614815,277855.719614815,277859.959334385,277855.719614815,277859.959334385,277855.719614815,277855.719614815,277859.959334385,277851.4799963393,277847.2404789625,0.0,277855.719614815,0.0,277859.959334385,277855.719614815,0.0,277855.719614815,0.0,0.0,0.0,277859.959334385,277855.719614815,277859.959334385,277859.959334385,0.0,277855.719614815,0.0,0.0,277855.719614815,0.0,277855.719614815,277851.4799963393,0.0,277859.959334385,277859.959334385,0.0,277855.719614815,277851.4799963393,277859.959334385,0.0,0.0,0.0,277859.959334385,277847.2404789625,277851.4799963393,277859.959334385,277859.959334385,277855.719614815,0.0,277851.4799963393,277855.719614815,0.0,277859.959334385,0.0,277859.959334385,277859.959334385,0.0,277855.719614815,277855.719614815,277859.959334385,277851.4799963393,277855.719614815,277855.719614815,277847.2404789625,277859.959334385,277855.719614815,277851.4799963393,277859.959334385,277859.959334385,277855.719614815,277847.2404789625,277851.4799963393,277855.719614815,277859.959334385,277851.4799963393,277855.719614815,277855.719614815,277859.959334385,277859.959334385,0.0,277859.959334385,0.0,277851.4799963393,277859.959334385,277859.959334385,277855.719614815,0.0,277855.719614815,277859.959334385,277859.959334385,277859.959334385,0.0,277847.2404789625,277859.959334385,0.0,277859.959334385,277859.959334385,277859.959334385,277851.4799963393,277859.959334385,277851.4799963393,277859.959334385,0.0,277855.719614815,277859.959334385,277851.4799963393,277851.4799963393,0.0,277859.959334385,0.0,277859.959334385,277859.959334385,277855.719614815,277859.959334385,277859.959334385,277851.4799963393,277855.719614815,277855.719614815,277859.959334385,277859.959334385,277855.719614815,277859.959334385,277859.959334385,277855.719614815,277851.4799963393,0.0,277859.959334385,277851.4799963393,277859.959334385,277859.959334385,277859.959334385,277855.719614815,0.0,0.0,277859.959334385,0.0,277855.719614815,0.0,277855.719614815,277855.719614815,277859.959334385,277851.4799963393,277859.959334385,277859.959334385,277855.719614815,277855.719614815,0.0,277859.959334385,277859.959334385,0.0,0.0,0.0,0.0,277855.719614815,277859.959334385,277855.719614815,277855.719614815,277859.959334385,277859.959334385,277855.719614815,277859.959334385,0.0,0.0,0.0,277859.959334385,277859.959334385,277859.959334385,277859.959334385,277855.719614815,277859.959334385,277859.959334385,0.0,277859.959334385,277859.959334385,277855.719614815,277859.959334385,0.0,0.0,0.0,277855.719614815,277859.959334385,0.0,277859.959334385,277847.2404789625,277859.959334385,277851.4799963393,277851.4799963393,277855.719614815,277859.959334385,277855.719614815,277855.719614815,0.0,277851.4799963393,277851.4799963393,277859.959334385,0.0,0.0,277855.719614815,0.0,277851.4799963393,0.0,277855.719614815,277855.719614815,0.0,277855.719614815,277847.2404789625,277859.959334385,277855.719614815,0.0,0.0,277859.959334385,277859.959334385,277859.959334385,277851.4799963393,0.0,0.0,0.0
277843.00106268923,277859.959334385,277859.959334385,277859.959334385,277859.959334385,0.0,0.0,0.0,277855.719614815,277859.959334385,277855.719614815,277855.719614815,277859.959334385,0.0,0.0,277851.4799963393,277855.719614815,277859.959334385,277855.719614815,277859.959334385,0.0,277859.959334385,277859.959334385,277855.719614815,277855.719614815,277855.719614815,277855.719614815,277855.719614815,277859.959334385,277859.959334385,277851.4799963393,0.0,277859.959334385,277851.4799963393,277855.719614815,277855.719614815,277859.959334385,277855.719614815,277855.719614815,277859.959334385,277855.719614815,0.0,277859.959334385,0.0,277855.719614815,0.0,0.0,277859.959334385,277859.959334385,277855.719614815,277859.959334385,277859.959334385,0.0,0.0,277859.959334385,277855.719614815,277859.959334385,277855.719614815,0.0,277859.959334385,277859.959334385,277847.2404789625,277851.4799963393,277859.959334385,277859.959334385,277859.959334385,0.0,277859.959334385,0.0,277851.4799963393,277847.2404789625,277855.719614815,277855.719614815,0.0,277855.719614815,277859.959334385,277859.959334385,277859.959334385,277859.959334385,0.0,0.0,0.0,277859.959334385,277855.719614815,277859.959334385,277855.719614815,0.0,277855.719614815,277847.2404789625,277851.4799963393,277859.959334385,277855.719614815,0.0,277855.719614815,0.0,277851.4799963393,0.0,0.0,0.0,277859.959334385,277843.00106268923,277851.4799963393,277855.719614815,277855.719614815,277859.959334385,0.0,277855.719614815,0.0,277855.719614815,277851.4799963393,277855.719614815,277851.4799963393,277855.719614815,0.0,0.0,0.0,0.0,277855.719614815,277859.959334385,277859.959334385,277851.4799963393,277859.959334385,277855.719614815,277851.4799963393,277859.959334385,277859.959334385,0.0,277855.719614815,0.0,277859.959334385,277855.719614815,277859.959334385,277859.959334385,277855.719614815,277859.959334385,0.0,277855.719614815,277851.4799963393,0.0,277859.959334385,0.0,0.0,277855.719614815,277855.719614815,277859.959334385,277859.959334385,0.0,277859.959334385,277859.959334385,277847.2404789625,277859.959334385,277843.00106268923,277855.719614815,277855.719614815,277859.959334385,277855.719614815,277851.4799963393,277855.719614815,277855.719614815,277851.4799963393,277859.959334385,277855.719614815,277859.959334385,277855.719614815,277847.2404789625,277859.959334385,277855.719614815,0.0,0.0,277859.959334385,277859.959334385,277847.2404789625,277859.959334385,0.0,277855.719614815,277855.719614815,277855.719614815,277851.4799963393,277851.4799963393,0.0,277855.719614815,277859.959334385,0.0,277859.959334385,277855.719614815,0.0,277855.719614815,0.0,277859.959334385,0.0,0.0,277859.959334385,277859.959334385,277855.719614815,277859.959334385,277859.959334385,0.0,277859.959334385,277855.719614815,277855.719614815,277859.959334385,277859.959334385,277859.959334385,0.0,0.0,277855.719614815,277859.959334385,277859.959334385,277859.959334385,277859.959334385,277859.959334385,0.0,0.0,277855.719614815,277855.719614815,277859.959334385,277859.959334385,277855.719614815,277859.959334385,0.0,277851.4799963393,277859.959334385,277859.959334385,277855.719614815,0.0,0.0,0.0,0.0,0.0,277859.959334385,277859.959334385,277855.719614815,277859.959334385,277855.719614815,277859.959334385,277859.959334385,277855.719614815,277843.00106268923,0.0,0.0,277859.959334385,277859.959334385,0.0,0.0,277859.959334385,277855.719614815,277855.719614815,277851.4799963393,277855.719614815,277859.959334385,277859.959334385,0.0,0.0,277859.959334385,277859.959334385,0.0
277855.719614815,277855.719614815,277859.959334385,0.0,277847.2404789625,0.0,277859.959334385,0.0,0.0,0.0,0.0,277855.719614815,277855.719614815,0.0,0.0,277855.719614815,277859.959334385,277859.959334385,277851.4799963393,0.0,277859.959334385,277859.959334385,277855.719614815,277855.719614815,277859.959334385,277859.959334385,277855.719614815,0.0,277859.959334385,0.0,277847.2404789625,277855.719614815,277843.00106268923,277855.719614815,277843.00106268923,277859.959334385,277859.959334385,277855.719614815,277851.4799963393,0.0,277851.4799963393,277855.719614815,277855.719614815,277855.719614815,0.0,277855.719614815,277855.719614815,277851.4799963393,277859.959334385,277855.719614815,277855.719614815,0.0,277855.719614815,0.0,0.0,0.0,277859.959334385,277851.4799963393,277855.719614815,277847.2404789625,277855.719614815,277855.719614815,277859.959334385,277859.959334385,277859.959334385,277859.959334385,277851.4799963393,277859.959334385,277855.719614815,0.0,277859.959334385,277847.2404789625,277859.959334385,277855.719614815,277855.719614815,277859.959334385,277851.4799963393,277859.959334385,277859.959334385,0.0,277859.959334385,277859.959334385,277859.959334385,0.0,0.0,277859.959334385,277855.719614815,277859.959334385,277843.00106268923,277859.959334385,0.0,277859.959334385,277859.959334385,277859.959334385,277855.719614815,277855.719614815,0.0,277855.719614815,277859.959334385,277851.4799963393,277859.959334385,277851.4799963393,277859.959334385,277859.959334385,277859.959334385,277855.719614815,277859.959334385,277855.719614815,0.0,0.0,0.0,0.0,277847.2404789625,277847.2404789625,277855.719614815,0.0,277855.719614815,0.0,277855.719614815,277859.959334385,277855.719614815,277851.4799963393,277859.959334385,0.0,0.0,277859.959334385,277859.959334385,277859.959334385,277859.959334385,0.0,277851.4799963393,0.0,277847.2404789625,0.0,277859.959334385,277859.959334385,277855.719614815,277851.4799963393,277855.719614815,0.0,277855.719614815,277859.959334385,277859.959334385,277851.4799963393,277859.959334385,277859.959334385,0.0,0.0,277855.719614815,277851.4799963393,0.0,277847.2404789625,277859.959334385,277851.4799963393,0.0,0.0,0.0,277851.4799963393,0.0,277859.959334385,0.0,0.0,277855.719614815,0.0,0.0,277843.00106268923,277859.959334385,277859.959334385,0.0,277855.719614815,277859.959334385,277859.959334385,0.0,277859.959334385,0.0,277851.4799963393,277855.719614815,277855.719614815,0.0,277859.959334385,277847.2404789625,0.0,0.0,0.0,0.0,277859.959334385,277859.959334385,277847.2404789625,277851.4799963393,277847.2404789625,277855.719614815,277855.719614815,277851.4799963393,0.0,277859.959334385,277859.959334385,0.0,277855.719614815,277847.2404789625,277859.959334385,277859.959334385,277851.4799963393,277859.959334385,0.0,277859.959334385,0.0,277855.719614815,277855.719614815,277847.2404789625,0.0,277859.959334385,277859.959334385,277859.959334385,0.0,0.0,0.0,277847.2404789625,277859.959334385,277855.719614815,277859.959334385,277859.959334385,277851.4799963393,277843.00106268923,0.0,0.0,277859.959334385,277855.719614815,0.0,277847.2404789625,277855.719614815,277855.719614815,0.0,277859.959334385,277847.2404789625,277859.959334385,277855.719614815,277859.959334385,277859.959334385,0.0,0.0,277855.719614815,0.0,277855.719614815,277855.719614815,0.0,277859.959334385,277859.959334385,277855.719614815,0.0,277851.4799963393,277855.719614815,0.0,277859.959334385,0.0,277855.719614815,277859.959334385
277859.959334385,277851.4799963393,277851.4799963393,277859.959334385,0.0,277855.719614815,277859.959334385,277851.4799963393,0.0,277855.719614815,277859.959334385,0.0,0.0,277855.719614815,277843.00106268923,277859.959334385,0.0,277851.4799963393,277847.2404789625,0.0,277855.719614815,0.0,0.0,277855.719614815,277859.959334385,277859.959334385,277859.959334385,277855.719614815,0.0,0.0,277855.719614815,277851.4799963393,277859.959334385,0.0,277855.719614815,277859.959334385,277855.719614815,277859.959334385,277859.959334385,277859.959334385,277859.959334385,277859.959334385,277855.719614815,277855.719614815,0.0,277851.4799963393,277855.719614815,0.0,277859.959334385,277859.959334385,0.0,277859.959334385,0.0,277851.4799963393,0.0,277859.959334385,0.0,277855.719614815,277851.4799963393,0.0,277855.719614815,0.0,277855.719614815,277851.4799963393,277859.959334385,277859.959334385,277851.4799963393,277859.959334385,277855.719614815,0.0,277859.959334385,277843.00106268923,0.0,277855.719614815,277847.2404789625,0.0,277859.959334385,277859.959334385,0.0,277859.959334385,277859.959334385,277855.719614815,277855.719614815,277859.959334385,277851.4799963393,0.0,277855.719614815,277859.959334385,277855.719614815,277855.719614815,277855.719614815,0.0,277851.4799963393,277855.719614815,277851.4799963393,0.0,277855.719614815,0.0,0.0,0.0,0.0,0.0,0.0,0.0,0.0,0.0,277859.959334385,277855.719614815,277855.719614815,277851.4799963393,277859.959334385,277851.4799963393,277859.959334385,277859.959334385,277859.959334385,277859.959334385,277859.959334385,277855.719614815,277855.719614815,277855.719614815,0.0,277851.4799963393,0.0,0.0,277855.719614815,277855.719614815,277859.959334385,277859.959334385,0.0,277855.719614815,0.0,277859.959334385,277851.4799963393,277859.959334385,0.0,277847.2404789625,277855.719614815,277847.2404789625,277851.4799963393,277843.00106268923,277859.959334385,277859.959334385,0.0,277859.959334385,277859.959334385,0.0,277851.4799963393,277859.959334385,277855.719614815,0.0,0.0,0.0,0.0,277855.719614815,277847.2404789625,277851.4799963393,277855.719614815,277859.959334385,0.0,277851.4799963393,277855.719614815,277855.719614815,0.0,0.0,0.0,277859.959334385,277847.2404789625,277859.959334385,277859.959334385,277855.719614815,277855.719614815,0.0,277859.959334385,277859.959334385,277859.959334385,277859.959334385,277855.719614815,0.0,277859.959334385,277855.719614815,0.0,277851.4799963393,277851.4799963393,277855.719614815,277859.959334385,277855.719614815,277859.959334385,277859.959334385,277855.719614815,277855.719614815,277859.959334385,277859.959334385,0.0,277859.959334385,0.0,0.0,277847.2404789625,277859.959334385,277859.959334385,0.0,277855.719614815,0.0,277855.719614815,0.0,277855.719614815,277855.719614815,277847.2404789625,277847.2404789625,277859.959334385,277859.959334385,277859.959334385,277859.959334385,277859.959334385,0.0,277859.959334385,277855.719614815,277851.4799963393,0.0,0.0,277855.719614815,0.0,0.0,277855.719614815,0.0,277859.959334385,277855.719614815,277838.7617475241,277859.959334385,0.0,277855.719614815,277851.4799963393,277859.959334385,277855.719614815,277855.719614815,277855.719614815,277859.959334385,277859.959334385,0.0,277859.959334385,277847.2404789625,277855.719614815,277859.959334385,0.0,277859.959334385,277851.4799963393,277855.719614815,277859.959334385,277847.2404789625,277859.959334385,0.0,277855.719614815,277859.959334385,277859.959334385,277859.959334385,277859.959334385,277859.959334385
277859.959334385,0.0,277859.959334385,0.0,277859.959334385,0.0,0.0,277847.2404789625,0.0,277859.959334385,277855.719614815,277859.959334385,0.0,277859.959334385,0.0,0.0,277851.4799963393,277859.959334385,277859.959334385,277851.4799963393,0.0,277851.4799963393,277859.959334385,277855.719614815,277859.959334385,0.0,277859.959334385,0.0,0.0,277859.959334385,0.0,277851.4799963393,0.0,0.0,277855.719614815,0.0,277859.959334385,277851.4799963393,277859.959334385,0.0,277859.959334385,0.0,277855.719614815,277855.719614815,277859.959334385,277851.4799963393,0.0,277859.959334385,277859.959334385,0.0,277855.719614815,0.0,0.0,277859.959334385,0.0,277859.959334385,277859.959334385,277859.959334385,277855.719614815,277859.959334385,277859.959334385,277855.719614815,0.0,0.0,277859.959334385,0.0,277855.719614815,0.0,277859.959334385,277859.959334385,277855.719614815,0.0,0.0,277855.719614815,277859.959334385,277851.4799963393,0.0,277855.719614815,277859.959334385,277851.4799963393,277847.2404789625,277859.959334385,277859.959334385,0.0,0.0,277859.959334385,277855.719614815,277859.959334385,277851.4799963393,277859.959334385,0.0,277851.4799963393,277855.719614815,277855.719614815,0.0,277855.719614815,277855.719614815,277851.4799963393,277847.2404789625,277855.719614815,0.0,277855.719614815,277851.4799963393,277855.719614815,277855.719614815,277847.2404789625,277855.719614815,277859.959334385,277859.959334385,0.0,0.0,277847.2404789625,277859.959334385,277859.959334385,0.0,0.0,0.0,277855.719614815,277855.719614815,0.0,277855.719614815,277851.4799963393,277859.959334385,0.0,277859.959334385,277859.959334385,277859.959334385,0.0,277859.959334385,277851.4799963393,277851.4799963393,0.0,277851.4799963393,0.0,277859.959334385,0.0,277855.719614815,277855.719614815,277855.719614815,277851.4799963393,277859.959334385,277859.959334385,277855.719614815,0.0,0.0,0.0,277847.2404789625,277851.4799963393,277855.719614815,277859.959334385,277855.719614815,277851.4799963393,277859.959334385,277855.719614815,277859.959334385,277855.719614815,277851.4799963393,277859.959334385,277843.00106268923,277859.959334385,0.0,277859.959334385,0.0,277851.4799963393,277859.959334385,277855.719614815,277859.959334385,277859.959334385,277851.4799963393,0.0,277855.719614815,277859.959334385,277859.959334385,0.0,277859.959334385,277859.959334385,277855.719614815,277851.4799963393,277859.959334385,277855.719614815,277851.4799963393,277851.4799963393,277859.959334385,277855.719614815,277859.959334385,277855.719614815,277851.4799963393,277855.719614815,277855.719614815,277855.719614815,277847.2404789625,277851.4799963393,0.0,277859.959334385,0.0,277859.959334385,277855.719614815,277847.2404789625,277855.719614815,277859.959334385,277851.4799963393,0.0,277855.719614815,0.0,277859.959334385,0.0,0.0,0.0,277859.959334385,277859.959334385,0.0,0.0,277855.719614815,277859.959334385,0.0,0.0,277851.4799963393,0.0,277855.719614815,277859.959334385,0.0,277859.959334385,277859.959334385,277851.4799963393,277859.959334385,0.0,277851.4799963393,277851.4799963393,277847.2404789625,277847.2404789625,277859.959334385,0.0,0.0,0.0,277859.959334385,277859.959334385,277855.719614815,277855.719614815,277859.959334385,0.0,0.0,277847.2404789625,0.0,277859.959334385,0.0,277855.719614815,277859.959334385,277859.959334385,277847.2404789625,277851.4799963393,277859.959334385,277855.719614815,0.0,277855.719614815,277859.959334385,277855.719614815
0.0,0.0,0.0,277851.4799963393,277859.959334385,277859.959334385,277859.959334385,277847.2404789625,277851.4799963393,277859.959334385,277855.719614815,277859.959334385,277855.719614815,0.0,0.0,0.0,277855.719614815,277855.719614815,277855.719614815,277855.719614815,277859.959334385,277859.959334385,277859.959334385,0.0,277855.719614815,277859.959334385,277859.959334385,0.0,0.0,277855.719614815,277859.959334385,277859.959334385,277855.719614815,277851.4799963393,277855.719614815,277855.719614815,277859.959334385,277855.719614815,0.0,277851.4799963393,277855.719614815,277859.959334385,0.0,277855.719614815,277855.719614815,277859.959334385,277847.2404789625,277859.959334385,277855.719614815,277859.959334385,0.0,277859.959334385,277859.959334385,0.0,277859.959334385,0.0,277855.719614815,277855.719614815,277859.959334385,277851.4799963393,277859.959334385,277847.2404789625,0.0,0.0,0.0,0.0,277855.719614815,0.0,277859.959334385,277859.959334385,277855.719614815,0.0,277855.719614815,277855.719614815,277855.719614815,277851.4799963393,277859.959334385,277851.4799963393,277855.719614815,277855.719614815,277851.4799963393,0.0,277859.959334385,277851.4799963393,277855.719614815,277859.959334385,277855.719614815,277859.959334385,0.0,0.0,277859.959334385,277859.959334385,277851.4799963393,0.0,0.0,0.0,277851.4799963393,277851.4799963393,277851.4799963393,277855.719614815,277859.959334385,277851.4799963393,277859.959334385,277847.2404789625,0.0,0.0,0.0,0.0,277859.959334385,277859.959334385,277855.719614815,277859.959334385,0.0,277859.959334385,277859.959334385,277859.959334385,277851.4799963393,277859.959334385,277859.959334385,0.0,277859.959334385,277859.959334385,277855.719614815,277859.959334385,0.0,277851.4799963393,277859.959334385,277859.959334385,277859.959334385,277859.959334385,277859.959334385,277851.4799963393,277851.4799963393,277855.719614815,0.0,277855.719614815,0.0,277851.4799963393,277859.959334385,277855.719614815,277851.4799963393,0.0,277851.4799963393,0.0,277859.959334385,277851.4799963393,277859.959334385,0.0,0.0,277859.959334385,277851.4799963393,0.0,0.0,0.0,277855.719614815,277851.4799963393,0.0,0.0,0.0,0.0,0.0,0.0,277859.959334385,0.0,277859.959334385,0.0,277859.959334385,0.0,277859.959334385,277855.719614815,277859.959334385,277859.959334385,277851.4799963393,277855.719614815,277855.719614815,277855.719614815,277855.719614815,277859.959334385,277851.4799963393,0.0,277855.719614815,0.0,277859.959334385,277859.959334385,0.0,0.0,277855.719614815,277859.959334385,0.0,277859.959334385,277859.959334385,0.0,277859.959334385,277859.959334385,0.0,0.0,277859.959334385,277859.959334385,0.0,0.0,277855.719614815,0.0,277859.959334385,277859.959334385,0.0,277855.719614815,0.0,277855.719614815,277859.959334385,277859.959334385,277859.959334385,277855.719614815,277855.719614815,277859.959334385,277859.959334385,277855.719614815,277859.959334385,277859.959334385,0.0,277847.2404789625,277859.959334385,277855.719614815,277855.719614815,0.0,277851.4799963393,0.0,277859.959334385,277859.959334385,277859.959334385,277851.4799963393,277847.2404789625,0.0,277851.4799963393,277859.959334385,277859.959334385,277859.959334385,0.0,0.0,277855.719614815,277855.719614815,277855.719614815,0.0,277859.959334385,277847.2404789625,0.0,277859.959334385,277855.719614815,0.0,277859.959334385,277851.4799963393,277859.959334385,277851.4799963393,0.0,277847.2404789625,277851.4799963393,277847.2404789625
277855.719614815,0.0,0.0,277859.959334385,277859.959334385,277859.959334385,277859.959334385,277843.00106268923,0.0,277859.959334385,0.0,277859.959334385,0.0,277851.4799963393,0.0,0.0,277859.959334385,277859.959334385,277847.2404789625,277859.959334385,277859.959334385,277859.959334385,277859.959334385,0.0,277859.959334385,277859.959334385,277859.959334385,0.0,0.0,277855.719614815,277859.959334385,0.0,277847.2404789625,277859.959334385,277855.719614815,277855.719614815,277859.959334385,277855.719614815,277851.4799963393,277859.959334385,277855.719614815,277859.959334385,277855.719614815,0.0,277859.959334385,0.0,0.0,277859.959334385,0.0,0.0,0.0,277859.959334385,277855.719614815,0.0,0.0,277859.959334385,277855.719614815,277855.719614815,0.0,277859.959334385,277859.959334385,0.0,277847.2404789625,277855.719614815,277855.719614815,277855.719614815,277859.959334385,277855.719614815,277859.959334385,0.0,0.0,277859.959334385,277851.4799963393,277851.4799963393,277855.719614815,0.0,277851.4799963393,277859.959334385,277859.959334385,277855.719614815,277859.959334385,277851.4799963393,277859.959334385,277859.959334385,277859.959334385,277851.4799963393,277847.2404789625,277851.4799963393,0.0,277859.959334385,277855.719614815,0.0,277859.959334385,277859.959334385,0.0,0.0,0.0,277851.4799963393,277855.719614815,277855.719614815,277855.719614815,277859.959334385,0.0,277847.2404789625,277859.959334385,277855.719614815,0.0,277855.719614815,277859.959334385,277851.4799963393,0.0,277859.959334385,0.0,277859.959334385,0.0,277851.4799963393,277855.719614815,0.0,277855.719614815,277855.719614815,0.0,0.0,0.0,277859.959334385,277859.959334385,277851.4799963393,277859.959334385,277855.719614815,277855.719614815,277859.959334385,277859.959334385,277847.2404789625,0.0,277851.4799963393,0.0,277851.4799963393,277859.959334385,0.0,277859.959334385,277855.719614815,0.0,277859.959334385,277855.719614815,0.0,0.0,0.0,277859.959334385,277859.959334385,277847.2404789625,0.0,277859.959334385,0.0,277855.719614815,0.0,277847.2404789625,277859.959334385,277859.959334385,0.0,277859.959334385,277859.959334385,277859.959334385,0.0,277859.959334385,277859.959334385,277859.959334385,277859.959334385,0.0,277859.959334385,277859.959334385,277855.719614815,277855.719614815,277859.959334385,277851.4799963393,277855.719614815,277851.4799963393,0.0,277855.719614815,277851.4799963393,277859.959334385,277847.2404789625,0.0,0.0,277847.2404789625,277855.719614815,277859.959334385,277859.959334385,277859.959334385,0.0,277855.719614815,277855.719614815,277851.4799963393,277855.719614815,277859.959334385,277855.719614815,277855.719614815,277859.959334385,277847.2404789625,277859.959334385,277859.959334385,277859.959334385,277855.719614815,277851.4799963393,0.0,277859.959334385,277847.2404789625,0.0,277855.719614815,277859.959334385,0.0,277859.959334385,277859.959334385,0.0,0.0,277859.959334385,277855.719614815,277855.719614815,277859.959334385,277851.4799963393,277855.719614815,0.0,0.0,277859.959334385,0.0,277855.719614815,0.0,277855.719614815,277838.7617475241,277859.959334385,277851.4799963393,0.0,0.0,277851.4799963393,277855.719614815,0.0,277859.959334385,277859.959334385,277851.4799963393,277859.959334385,277859.959334385,277855.719614815,277859.959334385,277855.719614815,277855.719614815,277851.4799963393,0.0,277859.959334385,277855.719614815,277855.719614815,277859.959334385,277851.4799963393,0.0,0.0,277859.959334385,277855.719614815,277855.719614815,277855.719614815
277859.959334385,277859.959334385,277855.719614815,277851.4799963393,277855.719614815,277859.959334385,277859.959334385,0.0,277859.959334385,277859.959334385,277855.719614815,277855.719614815,0.0,277851.4799963393,277855.719614815,277855.719614815,277859.959334385,0.0,277859.959334385,277859.959334385,0.0,277855.719614815,277859.959334385,277847.2404789625,277855.719614815,277851.4799963393,0.0,277851.4799963393,277851.4799963393,277859.959334385,277859.959334385,277859.959334385,277859.959334385,277851.4799963393,277851.4799963393,277843.00106268923,277851.4799963393,277855.719614815,277851.4799963393,0.0,0.0,0.0,0.0,0.0,277859.959334385,277859.959334385,277851.4799963393,277855.719614815,0.0,277859.959334385,277847.2404789625,0.0,0.0,277859.959334385,277855.719614815,0.0,277859.959334385,277859.959334385,0.0,277859.959334385,0.0,277855.719614815,0.0,0.0,277855.719614815,277851.4799963393,0.0,277851.4799963393,0.0,277859.959334385,277859.959334385,277851.4799963393,277859.959334385,277859.959334385,277859.959334385,277855.719614815,0.0,277859.959334385,277859.959334385,277859.959334385,277859.959334385,0.0,277855.719614815,277859.959334385,277859.959334385,0.0,277859.959334385,277859.959334385,0.0,277859.959334385,0.0,277859.959334385,277855.719614815,277859.959334385,0.0,277859.959334385,0.0,0.0,277859.959334385,277859.959334385,277859.959334385,277859.959334385,277855.719614815,0.0,277859.959334385,0.0,277847.2404789625,277851.4799963393,277859.959334385,0.0,277851.4799963393,277855.719614815,0.0,277859.959334385,277855.719614815,277855.719614815,277859.959334385,277847.2404789625,277851.4799963393,277847.2404789625,0.0,277859.959334385,0.0,0.0,277847.2404789625,277859.959334385,277859.959334385,277859.959334385,277851.4799963393,0.0,277855.719614815,277859.959334385,0.0,277855.719614815,277859.959334385,277859.959334385,277855.719614815,0.0,277838.7617475241,277859.959334385,277855.719614815,0.0,277855.719614815,277851.4799963393,277843.00106268923,0.0,277851.4799963393,277859.959334385,0.0,277851.4799963393,0.0,0.0,0.0,277859.959334385,277859.959334385,277859.959334385,0.0,277859.959334385,277859.959334385,277859.959334385,277855.719614815,277847.2404789625,277855.719614815,277847.2404789625,0.0,277859.959334385,277855.719614815,277855.719614815,277859.959334385,277855.719614815,277851.4799963393,277851.4799963393,277859.959334385,277855.719614815,277859.959334385,277859.959334385,277851.4799963393,277855.719614815,277851.4799963393,277855.719614815,277859.959334385,0.0,277859.959334385,277855.719614815,277855.719614815,0.0,0.0,0.0,277855.719614815,277855.719614815,277851.4799963393,277859.959334385,277851.4799963393,277855.719614815,277859.959334385,0.0,277859.959334385,277859.959334385,277855.719614815,277851.4799963393,0.0,0.0,277855.719614815,0.0,0.0,277855.719614815,277859.959334385,0.0,277855.719614815,0.0,277855.719614815,277855.719614815,277855.719614815,277855.719614815,277855.719614815,0.0,277855.719614815,0.0,0.0,277855.719614815,277859.959334385,0.0,0.0,277851.4799963393,277859.959334385,277855.719614815,277855.719614815,277851.4799963393,0.0,277855.719614815,277859.959334385,277855.719614815,277851.4799963393,277855.719614815,0.0,277859.959334385,277855.719614815,277859.959334385,277859.959334385,277855.719614815,277851.4799963393,0.0,277851.4799963393,277859.959334385,277859.959334385,277855.719614815,0.0,277859.959334385,277847.2404789625,0.0,277851.4799963393,277859.959334385,277855.719614815,277859.959334385,277851.4799963393,0.0
0.0,0.0,277851.4799963393,277851.4799963393,277855.719614815,0.0,0.0,0.0,277859.959334385,277851.4799963393,277859.959334385,0.0,277851.4799963393,277859.959334385,277859.959334385,277855.719614815,0.0,277859.959334385,277855.719614815,277855.719614815,277859.959334385,277859.959334385,277855.719614815,277855.719614815,277855.719614815,0.0,277855.719614815,277855.719614815,277859.959334385,277859.959334385,277859.959334385,0.0,277855.719614815,277847.2404789625,277859.959334385,277855.719614815,277859.959334385,277855.719614815,277855.719614815,277851.4799963393,0.0,0.0,0.0,277859.959334385,0.0,277859.959334385,277859.959334385,277851.4799963393,277859.959334385,277855.719614815,0.0,0.0,277859.959334385,277851.4799963393,277859.959334385,277847.2404789625,277855.719614815,277855.719614815,0.0,277859.959334385,277859.959334385,277855.719614815,277851.4799963393,0.0,0.0,277855.719614815,277851.4799963393,0.0,277859.959334385,277859.959334385,0.0,0.0,277859.959334385,0.0,277859.959334385,277855.719614815,277834.52253347175,277855.719614815,277859.959334385,277859.959334385,277859.959334385,0.0,0.0,277859.959334385,0.0,277859.959334385,277859.959334385,277855.719614815,277859.959334385,0.0,277855.719614815,277859.959334385,277859.959334385,277859.959334385,277859.959334385,0.0,0.0,0.0,277847.2404789625,277859.959334385,277859.959334385,0.0,277847.2404789625,277855.719614815,277847.2404789625,277855.719614815,277851.4799963393,277855.719614815,277859.959334385,0.0,0.0,277859.959334385,0.0,277859.959334385,277859.959334385,277859.959334385,277859.959334385,0.0,277859.959334385,277847.2404789625,277843.00106268923,277859.959334385,277859.959334385,277859.959334385,0.0,277851.4799963393,277843.00106268923,0.0,0.0,0.0,277855.719614815,277859.959334385,277855.719614815,0.0,277855.719614815,277859.959334385,0.0,277859.959334385,277859.959334385,277855.719614815,0.0,277851.4799963393,0.0,0.0,0.0,277851.4799963393,277855.719614815,277838.7617475241,277859.959334385,277859.959334385,277855.719614815,277847.2404789625,277851.4799963393,277855.719614815,277855.719614815,277859.959334385,277859.959334385,277859.959334385,277851.4799963393,277859.959334385,277859.959334385,277859.959334385,277859.959334385,277859.959334385,277855.719614815,277855.719614815,277859.959334385,277859.959334385,277847.2404789625,277859.959334385,0.0,277855.719614815,277859.959334385,0.0,0.0,277859.959334385,0.0,277859.959334385,277859.959334385,277855.719614815,0.0,0.0,277859.959334385,277855.719614815,0.0,277855.719614815,0.0,277859.959334385,0.0,277859.959334385,277859.959334385,0.0,0.0,277855.719614815,277859.959334385,277855.719614815,0.0,277855.719614815,277847.2404789625,0.0,277843.00106268923,277859.959334385,0.0,277855.719614815,277859.959334385,277847.2404789625,277859.959334385,277855.719614815,277855.719614815,277859.959334385,277859.959334385,277851.4799963393,0.0,277855.719614815,277855.719614815,277859.959334385,277855.719614815,0.0,0.0,0.0,277859.959334385,277859.959334385,277859.959334385,277859.959334385,277851.4799963393,0.0,277851.4799963393,277851.4799963393,277855.719614815,277859.959334385,277851.4799963393,277859.959334385,277859.959334385,277855.719614815,277851.4799963393,277859.959334385,277859.959334385,0.0,277855.719614815,277859.959334385,277851.4799963393,277851.4799963393,0.0,277855.719614815,277859.959334385,277859.959334385,277859.959334385,277859.959334385,277855.719614815,277855.719614815,277855.719614815,277859.959334385,277847.2404789625,0.0,0.0,0.0
0.0,0.0,277855.719614815,0.0,277855.719614815,277851.4799963393,0.0,0.0,0.0,0.0,277859.959334385,277855.719614815,277859.959334385,277859.959334385,277851.4799963393,0.0,277859.959334385,277859.959334385,0.0,277859.959334385,0.0,0.0,277859.959334385,277859.959334385,277859.959334385,277859.959334385,277851.4799963393,277855.719614815,277859.959334385,0.0,0.0,0.0,277859.959334385,277859.959334385,277847.2404789625,0.0,0.0,0.0,277859.959334385,277859.959334385,277859.959334385,277859.959334385,0.0,277847.2404789625,277859.959334385,277855.719614815,0.0,0.0,277851.4799963393,277859.959334385,0.0,277859.959334385,277859.959334385,277859.959334385,0.0,277859.959334385,0.0,277855.719614815,0.0,277847.2404789625,277859.959334385,0.0,277855.719614815,277859.959334385,0.0,277855.719614815,0.0,277859.959334385,277855.719614815,277859.959334385,0.0,277855.719614815,277855.719614815,277859.959334385,0.0,277855.719614815,277859.959334385,277851.4799963393,277847.2404789625,277855.719614815,277859.959334385,277855.719614815,277855.719614815,277859.959334385,277847.2404789625,277855.719614815,277855.719614815,277855.719614815,277851.4799963393,277859.959334385,277859.959334385,277859.959334385,277855.719614815,277851.4799963393,277855.719614815,277859.959334385,0.0,277859.959334385,277859.959334385,0.0,277851.4799963393,277851.4799963393,277859.959334385,277859.959334385,0.0,277855.719614815,0.0,277859.959334385,0.0,0.0,277859.959334385,0.0,277851.4799963393,277859.959334385,277847.2404789625,277859.959334385,277851.4799963393,277847.2404789625,277859.959334385,277851.4799963393,277855.719614815,277855.719614815,0.0,277855.719614815,277851.4799963393,277855.719614815,277851.4799963393,0.0,277855.719614815,277847.2404789625,277851.4799963393,277859.959334385,0.0,0.0,277855.719614815,0.0,277859.959334385,277851.4799963393,0.0,0.0,0.0,0.0,277855.719614815,277859.959334385,277855.719614815,277855.719614815,277859.959334385,277855.719614815,0.0,277859.959334385,277859.959334385,277855.719614815,277859.959334385,277855.719614815,277859.959334385,0.0,0.0,0.0,0.0,277859.959334385,277851.4799963393,0.0,277859.959334385,277859.959334385,277855.719614815,277859.959334385,277859.959334385,0.0,277855.719614815,277859.959334385,277859.959334385,0.0,0.0,277851.4799963393,277855.719614815,277855.719614815,277855.719614815,277859.959334385,0.0,277855.719614815,277855.719614815,0.0,277859.959334385,0.0,277847.2404789625,0.0,277859.959334385,277859.959334385,277847.2404789625,0.0,277859.959334385,277859.959334385,277859.959334385,277859.959334385,0.0,0.0,0.0,0.0,277859.959334385,277851.4799963393,0.0,277855.719614815,277855.719614815,0.0,0.0,277855.719614815,0.0,277851.4799963393,277859.959334385,277855.719614815,277859.959334385,277851.4799963393,277851.4799963393,277859.959334385,277859.959334385,277859.959334385,277855.719614815,0.0,277859.959334385,277859.959334385,277859.959334385,277859.959334385,277859.959334385,0.0,277855.719614815,277855.719614815,277859.959334385,277859.959334385,277859.959334385,277859.959334385,277859.959334385,277859.959334385,277855.719614815,0.0,0.0,0.0,277855.719614815,0.0,277859.959334385,0.0,277855.719614815,277855.719614815,277855.719614815,0.0,277851.4799963393,277859.959334385,277838.7617475241,0.0,277855.719614815,277859.959334385,277859.959334385,277855.719614815,0.0,277859.959334385,277855.719614815,277855.719614815
277859.959334385,277859.959334385,277851.4799963393,277859.959334385,277855.719614815,277859.959334385,277859.959334385,277859.959334385,0.0,0.0,277851.4799963393,0.0,277859.959334385,277859.959334385,0.0,277859.959334385,277859.959334385,277851.4799963393,277859.959334385,0.0,277851.4799963393,0.0,277851.4799963393,277855.719614815,277851.4799963393,277855.719614815,277851.4799963393,277855.719614815,277855.719614815,0.0,0.0,277855.719614815,0.0,0.0,277855.719614815,277851.4799963393,0.0,277859.959334385,0.0,277859.959334385,277851.4799963393,0.0,0.0,277855.719614815,0.0,0.0,277859.959334385,277851.4799963393,277855.719614815,277855.719614815,0.0,277859.959334385,277855.719614815,277859.959334385,277859.959334385,277859.959334385,0.0,0.0,277851.4799963393,277838.7617475241,277859.959334385,277859.959334385,0.0,277851.4799963393,277859.959334385,277851.4799963393,277855.719614815,0.0,277859.959334385,277851.4799963393,0.0,277855.719614815,277855.719614815,277851.4799963393,277855.719614815,0.0,277855.719614815,277859.959334385,277859.959334385,0.0,277855.719614815,0.0,0.0,277859.959334385,0.0,0.0,0.0,0.0,277859.959334385,0.0,277859.959334385,0.0,277859.959334385,277859.959334385,277851.4799963393,277855.719614815,277859.959334385,277859.959334385,277859.959334385,0.0,0.0,277847.2404789625,277859.959334385,277855.719614815,0.0,277855.719614815,0.0,0.0,277855.719614815,277859.959334385,277859.959334385,277859.959334385,277859.959334385,277847.2404789625,277859.959334385,277859.959334385,0.0,277847.2404789625,277855.719614815,0.0,0.0,0.0,277859.959334385,277859.959334385,277859.959334385,277847.2404789625,277859.959334385,0.0,277851.4799963393,277859.959334385,277847.2404789625,277859.959334385,277851.4799963393,0.0,277851.4799963393,0.0,0.0,277855.719614815,277859.959334385,277859.959334385,277859.959334385,277855.719614815,277855.719614815,277859.959334385,277859.959334385,0.0,277855.719614815,277851.4799963393,0.0,277859.959334385,277851.4799963393,277859.959334385,277851.4799963393,0.0,277859.959334385,277855.719614815,277859.959334385,277859.959334385,0.0,277859.959334385,277855.719614815,277859.959334385,277855.719614815,0.0,277859.959334385,277851.4799963393,277851.4799963393,277851.4799963393,0.0,0.0,277859.959334385,277859.959334385,277843.00106268923,277859.959334385,277859.959334385,277859.959334385,277859.959334385,0.0,277855.719614815,277859.959334385,277855.719614815,277859.959334385,0.0,277859.959334385,277843.00106268923,277859.959334385,0.0,277859.959334385,0.0,277855.719614815,277855.719614815,277859.959334385,277859.959334385,277855.719614815,277859.959334385,277859.959334385,277851.4799963393,0.0,0.0,0.0,0.0,277855.719614815,277859.959334385,0.0,0.0,0.0,277843.00106268923,277851.4799963393,0.0,277855.719614815,277859.959334385,0.0,277855.719614815,277859.959334385,277859.959334385,277855.719614815,277859.959334385,277855.719614815,277855.719614815,277855.719614815,277851.4799963393,277855.719614815,0.0,0.0,277859.959334385,277859.959334385,277859.959334385,277855.719614815,0.0,277855.719614815,0.0,277855.719614815,277847.2404789625,277855.719614815,277855.719614815,277859.959334385,277859.959334385,277851.4799963393,277855.719614815,0.0,277859.959334385,277859.959334385,277847.2404789625,277859.959334385,0.0,277851.4799963393,277851.4799963393,0.0,0.0,277859.959334385,277859.959334385,277855.719614815,0.0,277859.959334385,0.0,0.0
277859.959334385,0.0,277855.719614815,277855.719614815,277859.959334385,277855.719614815,277859.959334385,0.0,277859.959334385,0.0,277855.719614815,277855.719614815,0.0,277851.4799963393,277851.4799963393,277859.959334385,277855.719614815,277851.4799963393,0.0,0.0,0.0,277847.2404789625,277851.4799963393,277855.719614815,277859.959334385,0.0,277859.959334385,277859.959334385,0.0,277855.719614815,277859.959334385,277859.959334385,277851.4799963393,277855.719614815,277859.959334385,277855.719614815,0.0,277859.959334385,277859.959334385,277855.719614815,0.0,277859.959334385,277851.4799963393,277859.959334385,277855.719614815,277859.959334385,277851.4799963393,277847.2404789625,0.0,277859.959334385,0.0,277859.959334385,277859.959334385,277859.959334385,277859.959334385,277855.719614815,277855.719614815,277859.959334385,277859.959334385,277859.959334385,0.0,277847.2404789625,277859.959334385,0.0,277859.959334385,0.0,277855.719614815,0.0,277859.959334385,277859.959334385,277851.4799963393,277851.4799963393,277855.719614815,277859.959334385,277859.959334385,277859.959334385,277855.719614815,0.0,277859.959334385,277851.4799963393,277859.959334385,277855.719614815,0.0,0.0,277859.959334385,277859.959334385,0.0,277855.719614815,277855.719614815,277855.719614815,277851.4799963393,277855.719614815,277855.719614815,277859.959334385,277855.719614815,277855.719614815,277859.959334385,277859.959334385,277855.719614815,277855.719614815,277855.719614815,277855.719614815,277855.719614815,277847.2404789625,277851.4799963393,277859.959334385,277855.719614815,0.0,277859.959334385,277859.959334385,0.0,277859.959334385,277847.2404789625,277859.959334385,277859.959334385,0.0,0.0,277851.4799963393,277855.719614815,277851.4799963393,277851.4799963393,0.0,277855.719614815,277859.959334385,277851.4799963393,277855.719614815,277859.959334385,277859.959334385,0.0,0.0,277859.959334385,277855.719614815,277859.959334385,277859.959334385,277859.959334385,277847.2404789625,0.0,277855.719614815,277855.719614815,0.0,277859.959334385,277855.719614815,277851.4799963393,0.0,277855.719614815,277851.4799963393,277855.719614815,277847.2404789625,277859.959334385,277851.4799963393,0.0,0.0,277855.719614815,277855.719614815,0.0,0.0,277851.4799963393,0.0,277859.959334385,277851.4799963393,277859.959334385,277859.959334385,277859.959334385,277851.4799963393,277851.4799963393,277859.959334385,277851.4799963393,277855.719614815,0.0,0.0,277847.2404789625,277859.959334385,0.0,277851.4799963393,277855.719614815,277859.959334385,277859.959334385,277855.719614815,0.0,0.0,277855.719614815,0.0,277855.719614815,277847.2404789625,0.0,0.0,277855.719614815,0.0,277855.719614815,277855.719614815,277851.4799963393,277859.959334385,277859.959334385,277847.2404789625,277859.959334385,277855.719614815,277855.719614815,277859.959334385,0.0,277859.959334385,0.0,0.0,277859.959334385,277855.719614815,277859.959334385,277859.959334385,277851.4799963393,277847.2404789625,277859.959334385,0.0,277851.4799963393,277859.959334385,0.0,277855.719614815,277851.4799963393,277843.00106268923,277855.719614815,0.0,277859.959334385,277855.719614815,277855.719614815,0.0,277847.2404789625,277859.959334385,277859.959334385,277855.719614815,277855.719614815,0.0,277855.719614815,0.0,277851.4799963393,0.0,277855.719614815,277855.719614815,277851.4799963393,277859.959334385,0.0,277859.959334385,277855.719614815,277859.959334385,0.0,0.0,277859.959334385,0.0,277855.719614815,277859.959334385,277859.959334385,277851.4799963393,277859.959334385,277855.719614815,0.0,0.0,0.0,277855.719614815,277859.959334385,0.0
277859.959334385,0.0,277859.959334385,0.0,277859.959334385,277859.959334385,0.0,277847.2404789625,0.0,277855.719614815,277859.959334385,277855.719614815,277859.959334385,277859.959334385,277855.719614815,277855.719614815,277859.959334385,277859.959334385,0.0,0.0,0.0,277855.719614815,277851.4799963393,277859.959334385,277859.959334385,277859.959334385,0.0,277859.959334385,277859.959334385,277859.959334385,0.0,277847.2404789625,277851.4799963393,277851.4799963393,277847.2404789625,277855.719614815,277859.959334385,0.0,277851.4799963393,277855.719614815,277859.959334385,277855.719614815,277855.719614815,277855.719614815,277859.959334385,277855.719614815,277859.959334385,0.0,277855.719614815,277855.719614815,277859.959334385,277859.959334385,0.0,0.0,277855.719614815,0.0,277851.4799963393,0.0,0.0,277855.719614815,277859.959334385,277859.959334385,277855.719614815,277851.4799963393,0.0,277859.959334385,277859.959334385,0.0,0.0,277859.959334385,277859.959334385,0.0,277859.959334385,277851.4799963393,277855.719614815,0.0,277851.4799963393,277855.719614815,277847.2404789625,277859.959334385,277859.959334385,277859.959334385,277855.719614815,277847.2404789625,277859.959334385,0.0,0.0,277851.4799963393,0.0,277855.719614815,277859.959334385,277859.959334385,277847.2404789625,0.0,277855.719614815,0.0,277859.959334385,277851.4799963393,277855.719614815,277859.959334385,277847.2404789625,0.0,277859.959334385,277859.959334385,0.0,277859.959334385,0.0,277859.959334385,277851.4799963393,277855.719614815,277859.959334385,0.0,277847.2404789625,277851.4799963393,0.0,277855.719614815,277855.719614815,277859.959334385,277859.959334385,277855.719614815,0.0,277859.959334385,277855.719614815,277855.719614815,277855.719614815,277859.959334385,277859.959334385,277859.959334385,277855.719614815,277851.4799963393,277847.2404789625,277847.2404789625,277855.719614815,277859.959334385,0.0,277859.959334385,277859.959334385,277851.4799963393,277859.959334385,277855.719614815,277859.959334385,0.0,277851.4799963393,277855.719614815,277859.959334385,0.0,277859.959334385,277859.959334385,0.0,277851.4799963393,277859.959334385,277851.4799963393,277859.959334385,0.0,277855.719614815,277855.719614815,277859.959334385,0.0,277859.959334385,277855.719614815,277855.719614815,277859.959334385,277859.959334385,277855.719614815,277855.719614815,277851.4799963393,277859.959334385,277855.719614815,277859.959334385,277859.959334385,277859.959334385,0.0,0.0,277859.959334385,0.0,277859.959334385,277855.719614815,0.0,277859.959334385,0.0,277859.959334385,277859.959334385,277859.959334385,0.0,277855.719614815,277851.4799963393,277859.959334385,277851.4799963393,277851.4799963393,277851.4799963393,0.0,277859.959334385,277851.4799963393,277855.719614815,277855.719614815,0.0,277843.00106268923,0.0,277855.719614815,277855.719614815,277847.2404789625,277855.719614815,277847.2404789625,0.0,277855.719614815,0.0,277855.719614815,0.0,277855.719614815,0.0,277855.719614815,277859.959334385,277859.959334385,277859.959334385,277855.719614815,277859.959334385,277859.959334385,277859.959334385,277859.959334385,277855.719614815,0.0,277855.719614815,277859.959334385,277855.719614815,277851.4799963393,277859.959334385,277859.959334385,277855.719614815,277851.4799963393,0.0,277855.719614815,0.0,277847.2404789625,277859.959334385,0.0,0.0,277855.719614815,0.0,277859.959334385,277851.4799963393,277851.4799963393,277859.959334385,0.0,277855.719614815,0.0,277859.959334385,277855.719614815,0.0,277851.4799963393,277855.719614815,0.0,277855.719614815,0.0,0.0,277851.4799963393,277847.2404789625
277855.719614815,277859.959334385,0.0,0.0,0.0,277851.4799963393,0.0,0.0,277859.959334385,0.0,0.0,0.0,277851.4799963393,277859.959334385,0.0,277859.959334385,277859.959334385,277855.719614815,277855.719614815,0.0,277859.959334385,277859.959334385,277859.959334385,277859.959334385,277855.719614815,277859.959334385,277859.959334385,277859.959334385,277859.959334385,277859.959334385,277855.719614815,277847.2404789625,0.0,277855.719614815,277859.959334385,277855.719614815,277855.719614815,277855.719614815,277855.719614815,277859.959334385,277859.959334385,0.0,277859.959334385,277859.959334385,277859.959334385,277859.959334385,277859.959334385,277855.719614815,277855.719614815,277859.959334385,0.0,0.0,277859.959334385,277855.719614815,0.0,277859.959334385,0.0,277855.719614815,0.0,0.0,277851.4799963393,277859.959334385,277859.959334385,277855.719614815,277843.00106268923,0.0,0.0,277859.959334385,277851.4799963393,0.0,277855.719614815,277859.959334385,277855.719614815,0.0,277851.4799963393,0.0,0.0,277847.2404789625,0.0,277859.959334385,0.0,277855.719614815,277851.4799963393,277847.2404789625,277855.719614815,0.0,277855.719614815,277859.959334385,0.0,0.0,277851.4799963393,277851.4799963393,277859.959334385,277859.959334385,277859.959334385,0.0,277859.959334385,277859.959334385,0.0,0.0,277859.959334385,277859.959334385,0.0,277859.959334385,277855.719614815,277855.719614815,277859.959334385,277859.959334385,0.0,0.0,0.0,277859.959334385,277855.719614815,277859.959334385,277859.959334385,277859.959334385,277855.719614815,277859.959334385,277847.2404789625,277851.4799963393,277855.719614815,0.0,277851.4799963393,277859.959334385,277859.959334385,277855.719614815,0.0,0.0,0.0,277855.719614815,0.0,277859.959334385,277851.4799963393,277851.4799963393,277859.959334385,277851.4799963393,277855.719614815,0.0,277859.959334385,277859.959334385,277859.959334385,0.0,277851.4799963393,277859.959334385,277847.2404789625,277859.959334385,0.0,277859.959334385,277855.719614815,277859.959334385,0.0,0.0,277859.959334385,277855.719614815,277855.719614815,277855.719614815,277851.4799963393,277855.719614815,0.0,277855.719614815,277859.959334385,277859.959334385,277847.2404789625,277851.4799963393,0.0,277855.719614815,277859.959334385,0.0,277855.719614815,0.0,0.0,277859.959334385,277855.719614815,277855.719614815,0.0,277859.959334385,0.0,277859.959334385,277851.4799963393,277855.719614815,0.0,277859.959334385,277855.719614815,277855.719614815,0.0,277855.719614815,277859.959334385,0.0,277859.959334385,277859.959334385,0.0,277859.959334385,0.0,277859.959334385,277851.4799963393,0.0,277859.959334385,0.0,277855.719614815,277859.959334385,277855.719614815,277855.719614815,277855.719614815,0.0,277859.959334385,277847.2404789625,277855.719614815,277847.2404789625,0.0,277851.4799963393,0.0,277859.959334385,277859.959334385,0.0,0.0,277859.959334385,277855.719614815,277855.719614815,277859.959334385,277859.959334385,277859.959334385,277855.719614815,277851.4799963393,0.0,277859.959334385,277851.4799963393,277859.959334385,0.0,277855.719614815,277851.4799963393,277855.719614815,0.0,277855.719614815,0.0,277859.959334385,277855.719614815,277855.719614815,277851.4799963393,277851.4799963393,277859.959334385,277859.959334385,277851.4799963393,277859.959334385,277859.959334385,0.0,277855.719614815,0.0,277847.2404789625,277859.959334385,277851.4799963393,277847.2404789625,277859.959334385,0.0,277859.959334385,277859.959334385,277855.719614815
277855.719614815,277859.959334385,0.0,277859.959334385,0.0,277859.959334385,277859.959334385,0.0,277847.2404789625,0.0,0.0,277851.4799963393,277843.00106268923,0.0,277859.959334385,277859.959334385,0.0,277859.959334385,277855.719614815,0.0,277859.959334385,277855.719614815,0.0,0.0,0.0,0.0,0.0,277855.719614815,277859.959334385,277859.959334385,0.0,0.0,277859.959334385,0.0,0.0,277859.959334385,277859.959334385,0.0,277855.719614815,277838.7617475241,277855.719614815,277859.959334385,0.0,277851.4799963393,277851.4799963393,277859.959334385,277859.959334385,277859.959334385,277859.959334385,277859.959334385,277851.4799963393,277859.959334385,277851.4799963393,0.0,0.0,0.0,277855.719614815,277855.719614815,277855.719614815,0.0,277859.959334385,277855.719614815,0.0,277859.959334385,277859.959334385,277855.719614815,277855.719614815,277851.4799963393,277859.959334385,0.0,277847.2404789625,277851.4799963393,277859.959334385,277855.719614815,277855.719614815,277855.719614815,277855.719614815,277851.4799963393,277847.2404789625,0.0,0.0,0.0,277859.959334385,277851.4799963393,277847.2404789625,277859.959334385,277855.719614815,277859.959334385,277855.719614815,277855.719614815,277855.719614815,277859.959334385,277851.4799963393,277851.4799963393,277859.959334385,277859.959334385,277855.719614815,277859.959334385,277859.959334385,277855.719614815,277851.4799963393,277859.959334385,0.0,277851.4799963393,277859.959334385,0.0,0.0,277847.2404789625,0.0,0.0,277859.959334385,277859.959334385,277851.4799963393,0.0,277859.959334385,0.0,0.0,0.0,0.0,277855.719614815,277859.959334385,0.0,277859.959334385,277843.00106268923,0.0,0.0,0.0,277859.959334385,277855.719614815,277851.4799963393,0.0,0.0,277847.2404789625,277859.959334385,0.0,277859.959334385,277851.4799963393,0.0,277855.719614815,0.0,0.0,277855.719614815,277859.959334385,277859.959334385,277855.719614815,277855.719614815,277859.959334385,0.0,277855.719614815,277855.719614815,0.0,0.0,0.0,0.0,0.0,0.0,277855.719614815,0.0,277859.959334385,277859.959334385,0.0,277859.959334385,277851.4799963393,0.0,277859.959334385,277859.959334385,277851.4799963393,0.0,277859.959334385,277855.719614815,277855.719614815,277859.959334385,277859.959334385,277859.959334385,277859.959334385,277851.4799963393,277855.719614815,277859.959334385,0.0,0.0,277859.959334385,277859.959334385,0.0,0.0,0.0,277859.959334385,0.0,0.0,277859.959334385,277855.719614815,277859.959334385,277855.719614815,277859.959334385,277859.959334385,277855.719614815,277859.959334385,277859.959334385,277859.959334385,277859.959334385,277855.719614815,0.0,277859.959334385,277851.4799963393,0.0,277859.959334385,277859.959334385,277855.719614815,0.0,0.0,277859.959334385,277859.959334385,277859.959334385,277859.959334385,0.0,277847.2404789625,0.0,277851.4799963393,277859.959334385,277859.959334385,277855.719614815,0.0,277855.719614815,277855.719614815,277851.4799963393,277859.959334385,277855.719614815,277859.959334385,277855.719614815,277847.2404789625,277859.959334385,277847.2404789625,0.0,277851.4799963393,0.0,277855.719614815,277859.959334385,277859.959334385,277859.959334385,277851.4799963393,277855.719614815,277847.2404789625,0.0,277851.4799963393,0.0,0.0,277851.4799963393,277851.4799963393,277851.4799963393,0.0,277855.719614815,277859.959334385,0.0,277859.959334385,0.0,277855.719614815,277855.719614815
277855.719614815,277859.959334385,277859.959334385,277859.959334385,277859.959334385,0.0,0.0,0.0,277855.719614815,0.0,0.0,277851.4799963393,0.0,0.0,0.0,0.0,0.0,0.0,277851.4799963393,277851.4799963393,277859.959334385,277859.959334385,0.0,0.0,277859.959334385,0.0,277859.959334385,277859.959334385,277847.2404789625,277859.959334385,0.0,277855.719614815,0.0,277859.959334385,277859.959334385,277859.959334385,277859.959334385,277855.719614815,277851.4799963393,277855.719614815,0.0,277859.959334385,0.0,0.0,0.0,0.0,0.0,0.0,277859.959334385,0.0,277859.959334385,277859.959334385,277855.719614815,277851.4799963393,0.0,277851.4799963393,277859.959334385,277859.959334385,277855.719614815,277859.959334385,0.0,0.0,277859.959334385,277859.959334385,277855.719614815,277859.959334385,0.0,0.0,277855.719614815,0.0,277855.719614815,277855.719614815,0.0,0.0,277859.959334385,277851.4799963393,0.0,0.0,277859.959334385,277859.959334385,277855.719614815,277859.959334385,277859.959334385,277851.4799963393,0.0,0.0,277855.719614815,0.0,277855.719614815,0.0,277855.719614815,277859.959334385,277859.959334385,0.0,0.0,277859.959334385,277855.719614815,0.0,277855.719614815,277859.959334385,0.0,0.0,0.0,277855.719614815,0.0,277855.719614815,0.0,0.0,277859.959334385,277859.959334385,0.0,0.0,0.0,0.0,0.0,0.0,277855.719614815,0.0,277851.4799963393,0.0,277859.959334385,277859.959334385,0.0,277859.959334385,277855.719614815,277859.959334385,277859.959334385,277855.719614815,277855.719614815,277859.959334385,277855.719614815,277855.719614815,0.0,0.0,277859.959334385,277859.959334385,277855.719614815,0.0,277855.719614815,277851.4799963393,277851.4799963393,277859.959334385,277859.959334385,277855.719614815,277855.719614815,277851.4799963393,277859.959334385,277855.719614815,277859.959334385,277859.959334385,277859.959334385,277859.959334385,277851.4799963393,277855.719614815,277851.4799963393,277851.4799963393,277855.719614815,277859.959334385,277847.2404789625,0.0,277859.959334385,277859.959334385,277859.959334385,277859.959334385,277847.2404789625,0.0,277855.719614815,0.0,277855.719614815,277855.719614815,277855.719614815,0.0,277859.959334385,277851.4799963393,277851.4799963393,0.0,277859.959334385,277855.719614815,277855.719614815,277859.959334385,0.0,0.0,277855.719614815,277859.959334385,277859.959334385,277855.719614815,277855.719614815,277859.959334385,0.0,0.0,277859.959334385,277851.4799963393,277855.719614815,277859.959334385,277851.4799963393,0.0,277859.959334385,0.0,277859.959334385,0.0,0.0,277859.959334385,277859.959334385,0.0,277859.959334385,277859.959334385,0.0,277859.959334385,277859.959334385,277859.959334385,277855.719614815,0.0,277851.4799963393,0.0,0.0,277859.959334385,277859.959334385,277859.959334385,277851.4799963393,277847.2404789625,277859.959334385,277855.719614815,277847.2404789625,277851.4799963393,0.0,0.0,277859.959334385,0.0,277851.4799963393,277851.4799963393,277855.719614815,277855.719614815,277851.4799963393,0.0,277847.2404789625,0.0,277859.959334385,277834.52253347175,277859.959334385,277855.719614815,277859.959334385,277851.4799963393,0.0,277847.2404789625,0.0,277855.719614815,277859.959334385,277851.4799963393,277855.719614815,277855.719614815,277855.719614815,0.0,0.0,277859.959334385,0.0,0.0
277855.719614815,277859.959334385,277859.959334385,0.0,0.0,277851.4799963393,277851.4799963393,277855.719614815,0.0,277859.959334385,277843.00106268923,277855.719614815,277859.959334385,277859.959334385,277859.959334385,277859.959334385,277859.959334385,0.0,0.0,0.0,277859.959334385,277859.959334385,0.0,0.0,277855.719614815,277859.959334385,277851.4799963393,277859.959334385,277859.959334385,277859.959334385,0.0,277859.959334385,277859.959334385,277859.959334385,0.0,0.0,0.0,277851.4799963393,0.0,277859.959334385,277855.719614815,0.0,277855.719614815,277859.959334385,277855.719614815,277851.4799963393,277859.959334385,277851.4799963393,0.0,277859.959334385,277859.959334385,0.0,0.0,277859.959334385,277847.2404789625,277851.4799963393,0.0,277859.959334385,0.0,277859.959334385,277851.4799963393,277859.959334385,277851.4799963393,277855.719614815,277851.4799963393,0.0,277859.959334385,277851.4799963393,277847.2404789625,277843.00106268923,277859.959334385,277859.959334385,277851.4799963393,0.0,277851.4799963393,277859.959334385,0.0,277851.4799963393,277851.4799963393,0.0,0.0,277855.719614815,277859.959334385,277851.4799963393,277855.719614815,277851.4799963393,277855.719614815,277859.959334385,0.0,277851.4799963393,0.0,277855.719614815,0.0,277851.4799963393,0.0,0.0,0.0,277855.719614815,0.0,277859.959334385,277859.959334385,277859.959334385,277859.959334385,277855.719614815,277859.959334385,277859.959334385,277847.2404789625,277859.959334385,277859.959334385,277859.959334385,277859.959334385,277851.4799963393,0.0,277855.719614815,277855.719614815,277859.959334385,277851.4799963393,0.0,277859.959334385,0.0,277855.719614815,277855.719614815,0.0,0.0,277859.959334385,277851.4799963393,277855.719614815,277859.959334385,277851.4799963393,277855.719614815,0.0,277855.719614815,277859.959334385,277859.959334385,0.0,277859.959334385,0.0,277859.959334385,0.0,277855.719614815,277855.719614815,277855.719614815,0.0,0.0,0.0,277859.959334385,277859.959334385,277855.719614815,277859.959334385,0.0,277851.4799963393,277859.959334385,277859.959334385,0.0,0.0,0.0,277859.959334385,277855.719614815,277851.4799963393,0.0,277859.959334385,277859.959334385,277855.719614815,277859.959334385,0.0,277859.959334385,277851.4799963393,277859.959334385,0.0,0.0,277855.719614815,277859.959334385,0.0,277855.719614815,277859.959334385,277859.959334385,277851.4799963393,277851.4799963393,277855.719614815,277855.719614815,277851.4799963393,277859.959334385,277855.719614815,277855.719614815,277855.719614815,277855.719614815,277859.959334385,277859.959334385,277851.4799963393,0.0,277859.959334385,277855.719614815,0.0,277855.719614815,277859.959334385,0.0,277855.719614815,277859.959334385,277859.959334385,277851.4799963393,277855.719614815,0.0,0.0,277851.4799963393,277859.959334385,277859.959334385,277855.719614815,277851.4799963393,277859.959334385,277859.959334385,277855.719614815,277851.4799963393,277855.719614815,0.0,277855.719614815,277859.959334385,277855.719614815,277855.719614815,277851.4799963393,277851.4799963393,277855.719614815,277859.959334385,277855.719614815,277859.959334385,277847.2404789625,277859.959334385,277859.959334385,277859.959334385,277859.959334385,277859.959334385,277859.959334385,0.0,277859.959334385,277855.719614815,277859.959334385,277859.959334385,0.0,277847.2404789625,277859.959334385,277859.959334385,277859.959334385,277859.959334385,277859.959334385,277851.4799963393,277855.719614815,0.0,277847.2404789625,277855.719614815,277859.959334385,277859.959334385,0.0,0.0,277859.959334385,0.0,277859.959334385,0.0
277855.719614815,0.0,277855.719614815,277855.719614815,277859.959334385,0.0,277859.959334385,277859.959334385,277855.719614815,277851.4799963393,277859.959334385,0.0,277855.719614815,277859.959334385,277859.959334385,277859.959334385,277859.959334385,277859.959334385,0.0,0.0,277855.719614815,277855.719614815,0.0,277859.959334385,277859.959334385,277859.959334385,277859.959334385,277859.959334385,277851.4799963393,277855.719614815,277859.959334385,0.0,277855.719614815,277859.959334385,277855.719614815,0.0,0.0,0.0,0.0,277847.2404789625,277859.959334385,277859.959334385,277851.4799963393,0.0,0.0,0.0,277855.719614815,277855.719614815,277855.719614815,277851.4799963393,277859.959334385,277855.719614815,277851.4799963393,277859.959334385,0.0,277859.959334385,277859.959334385,277855.719614815,0.0,0.0,277855.719614815,277851.4799963393,0.0,277859.959334385,0.0,277859.959334385,0.0,277851.4799963393,277859.959334385,277851.4799963393,277855.719614815,277847.2404789625,0.0,277859.959334385,277859.959334385,0.0,277859.959334385,277859.959334385,0.0,277859.959334385,277851.4799963393,277855.719614815,0.0,277859.959334385,277847.2404789625,277855.719614815,277855.719614815,277859.959334385,277855.719614815,277847.2404789625,277859.959334385,277855.719614815,277851.4799963393,0.0,0.0,277859.959334385,277859.959334385,0.0,0.0,277855.719614815,0.0,0.0,277859.959334385,277847.2404789625,0.0,277855.719614815,277859.959334385,277855.719614815,277851.4799963393,277855.719614815,277855.719614815,0.0,277859.959334385,277859.959334385,277855.719614815,277855.719614815,277859.959334385,277851.4799963393,0.0,277855.719614815,277855.719614815,0.0,277847.2404789625,0.0,0.0,277859.959334385,277859.959334385,277859.959334385,277847.2404789625,277859.959334385,277855.719614815,277859.959334385,277855.719614815,0.0,277855.719614815,0.0,277859.959334385,277859.959334385,0.0,277859.959334385,277847.2404789625,277859.959334385,277859.959334385,277859.959334385,277859.959334385,277855.719614815,277859.959334385,277855.719614815,277859.959334385,277859.959334385,277859.959334385,277855.719614815,0.0,277855.719614815,277859.959334385,0.0,277855.719614815,0.0,277855.719614815,277859.959334385,277855.719614815,277855.719614815,277859.959334385,0.0,277855.719614815,277859.959334385,277859.959334385,0.0,277859.959334385,277851.4799963393,0.0,277859.959334385,277855.719614815,277859.959334385,277851.4799963393,277855.719614815,277859.959334385,0.0,277855.719614815,277855.719614815,277859.959334385,277859.959334385,277859.959334385,277851.4799963393,0.0,277855.719614815,277859.959334385,277859.959334385,277855.719614815,277855.719614815,277855.719614815,0.0,277855.719614815,277859.959334385,0.0,277855.719614815,277859.959334385,277855.719614815,277855.719614815,277859.959334385,277855.719614815,277847.2404789625,277859.959334385,277851.4799963393,277859.959334385,0.0,277859.959334385,277855.719614815,277855.719614815,277855.719614815,277859.959334385,0.0,277855.719614815,277859.959334385,277851.4799963393,0.0,277859.959334385,277855.719614815,277859.959334385,277859.959334385,277859.959334385,277859.959334385,277859.959334385,277859.959334385,0.0,0.0,277859.959334385,0.0,0.0,0.0,0.0,277855.719614815,277859.959334385,0.0,277851.4799963393,0.0,277859.959334385,277847.2404789625,277851.4799963393,277851.4799963393,277859.959334385,277859.959334385,277851.4799963393,277847.2404789625,0.0,0.0,277859.959334385,0.0,277859.959334385,277859.959334385,277851.4799963393,0.0,0.0,277851.4799963393,277855.719614815,277855.719614815
277859.959334385,277855.719614815,277859.959334385,277855.719614815,0.0,277859.959334385,277851.4799963393,277855.719614815,277855.719614815,277855.719614815,277855.719614815,277855.719614815,277859.959334385,277859.959334385,277855.719614815,0.0,0.0,277855.719614815,277859.959334385,277859.959334385,277855.719614815,277855.719614815,277859.959334385,277855.719614815,277859.959334385,277851.4799963393,0.0,277859.959334385,277855.719614815,0.0,277855.719614815,277859.959334385,277843.00106268923,277855.719614815,277855.719614815,277859.959334385,277855.719614815,277851.4799963393,277859.959334385,277855.719614815,277859.959334385,277855.719614815,0.0,0.0,277859.959334385,277855.719614815,277855.719614815,277855.719614815,277859.959334385,0.0,277859.959334385,277855.719614815,0.0,0.0,0.0,277855.719614815,277859.959334385,277855.719614815,277855.719614815,277859.959334385,277859.959334385,277859.959334385,277855.719614815,0.0,0.0,277855.719614815,277859.959334385,0.0,277855.719614815,0.0,277855.719614815,277855.719614815,277855.719614815,277851.4799963393,277859.959334385,277859.959334385,277855.719614815,277859.959334385,277859.959334385,277851.4799963393,0.0,277851.4799963393,277859.959334385,0.0,0.0,0.0,0.0,277855.719614815,277843.00106268923,277855.719614815,277859.959334385,277838.7617475241,277855.719614815,277859.959334385,0.0,0.0,277855.719614815,0.0,0.0,277859.959334385,277859.959334385,277855.719614815,277855.719614815,277855.719614815,277855.719614815,277855.719614815,0.0,0.0,277859.959334385,0.0,0.0,277855.719614815,277847.2404789625,0.0,0.0,277855.719614815,277859.959334385,277847.2404789625,0.0,277855.719614815,277859.959334385,277859.959334385,0.0,277855.719614815,0.0,277851.4799963393,0.0,0.0,0.0,277859.959334385,277859.959334385,0.0,0.0,277855.719614815,277855.719614815,277851.4799963393,277859.959334385,277855.719614815,277855.719614815,277851.4799963393,0.0,277859.959334385,277859.959334385,0.0,277855.719614815,277851.4799963393,0.0,277855.719614815,0.0,277851.4799963393,277859.959334385,277851.4799963393,277859.959334385,277855.719614815,0.0,0.0,0.0,277859.959334385,0.0,0.0,0.0,277847.2404789625,277859.959334385,277859.959334385,0.0,0.0,277859.959334385,0.0,277855.719614815,277855.719614815,277855.719614815,277855.719614815,277851.4799963393,277855.719614815,277859.959334385,277859.959334385,277859.959334385,277859.959334385,0.0,277855.719614815,0.0,277851.4799963393,277859.959334385,277859.959334385,277851.4799963393,277859.959334385,0.0,277859.959334385,277855.719614815,0.0,277859.959334385,277855.719614815,277855.719614815,277847.2404789625,277859.959334385,0.0,277859.959334385,277859.959334385,0.0,277855.719614815,277859.959334385,277855.719614815,277855.719614815,277851.4799963393,0.0,277855.719614815,277859.959334385,277855.719614815,277851.4799963393,277851.4799963393,277859.959334385,277859.959334385,277855.719614815,0.0,277855.719614815,277859.959334385,277855.719614815,277859.959334385,277859.959334385,277859.959334385,0.0,277851.4799963393,277859.959334385,277859.959334385,277859.959334385,277847.2404789625,277859.959334385,0.0,0.0,0.0,277859.959334385,277855.719614815,277855.719614815,277859.959334385,277855.719614815,0.0,0.0,277859.959334385,0.0,277859.959334385,277851.4799963393,277859.959334385,277851.4799963393,277859.959334385,277851.4799963393,277855.719614815,277859.959334385,277855.719614815,277855.719614815,277851.4799963393,0.0,277859.959334385,0.0,277855.719614815,277859.959334385,277859.959334385
277859.959334385,277855.719614815,0.0,277859.959334385,0.0,277855.719614815,0.0,277851.4799963393,0.0,0.0,277859.959334385,277859.959334385,277855.719614815,277855.719614815,0.0,0.0,277855.719614815,0.0,277859.959334385,277855.719614815,0.0,277855.719614815,0.0,277851.4799963393,277859.959334385,0.0,0.0,277855.719614815,0.0,277859.959334385,277859.959334385,277859.959334385,277859.959334385,277859.959334385,277859.959334385,277859.959334385,0.0,0.0,0.0,277855.719614815,277851.4799963393,277855.719614815,277859.959334385,0.0,277855.719614815,0.0,277855.719614815,0.0,0.0,277859.959334385,277859.959334385,277855.719614815,277859.959334385,277855.719614815,277855.719614815,0.0,277859.959334385,0.0,277859.959334385,277859.959334385,277855.719614815,277855.719614815,277859.959334385,0.0,277851.4799963393,277851.4799963393,277859.959334385,277851.4799963393,0.0,277851.4799963393,0.0,277855.719614815,0.0,277859.959334385,277855.719614815,277855.719614815,0.0,277859.959334385,277859.959334385,0.0,277851.4799963393,0.0,277851.4799963393,277851.4799963393,277855.719614815,277847.2404789625,277859.959334385,277859.959334385,277859.959334385,277855.719614815,277855.719614815,277859.959334385,277859.959334385,0.0,277855.719614815,277859.959334385,0.0,277855.719614815,277851.4799963393,277859.959334385,277851.4799963393,0.0,277859.959334385,277855.719614815,277859.959334385,277855.719614815,277855.719614815,277851.4799963393,277859.959334385,277859.959334385,277859.959334385,0.0,0.0,277859.959334385,277859.959334385,277859.959334385,0.0,277859.959334385,0.0,277855.719614815,277851.4799963393,277855.719614815,277855.719614815,0.0,277859.959334385,0.0,277859.959334385,277859.959334385,277859.959334385,0.0,0.0,277859.959334385,277855.719614815,0.0,0.0,277859.959334385,277851.4799963393,277847.2404789625,0.0,277855.719614815,0.0,0.0,277855.719614815,0.0,277859.959334385,277855.719614815,277855.719614815,277855.719614815,277855.719614815,277859.959334385,277851.4799963393,0.0,277859.959334385,0.0,0.0,277859.959334385,0.0,277859.959334385,277859.959334385,277855.719614815,277847.2404789625,0.0,0.0,0.0,277855.719614815,277855.719614815,277855.719614815,0.0,0.0,277855.719614815,277859.959334385,277855.719614815,277859.959334385,0.0,277851.4799963393,0.0,277855.719614815,277855.719614815,0.0,0.0,277855.719614815,277851.4799963393,277855.719614815,277855.719614815,0.0,277859.959334385,277859.959334385,0.0,277855.719614815,0.0,0.0,277859.959334385,0.0,277859.959334385,0.0,277859.959334385,0.0,277859.959334385,277855.719614815,0.0,277859.959334385,277859.959334385,0.0,277851.4799963393,277855.719614815,277859.959334385,277855.719614815,277859.959334385,0.0,277851.4799963393,0.0,277859.959334385,0.0,0.0,277859.959334385,0.0,0.0,277859.959334385,277855.719614815,277855.719614815,277855.719614815,277851.4799963393,277859.959334385,0.0,0.0,277847.2404789625,277859.959334385,277851.4799963393,277859.959334385,277859.959334385,277855.719614815,0.0,0.0,277855.719614815,0.0,277855.719614815,277859.959334385,277859.959334385,277855.719614815,0.0,277859.959334385,277851.4799963393,0.0,0.0,277859.959334385,277859.959334385,0.0,277859.959334385,277859.959334385,277859.959334385,277847.2404789625,0.0,277855.719614815,277859.959334385,277855.719614815,0.0
277859.959334385,277859.959334385,0.0,277855.719614815,277855.719614815,277859.959334385,0.0,0.0,0.0,277859.959334385,277855.719614815,277859.959334385,277855.719614815,277851.4799963393,277851.4799963393,0.0,277859.959334385,277859.959334385,0.0,0.0,0.0,277855.719614815,277855.719614815,0.0,0.0,277855.719614815,0.0,277859.959334385,0.0,277855.719614815,277859.959334385,277851.4799963393,277855.719614815,277859.959334385,277859.959334385,277855.719614815,277847.2404789625,277859.959334385,0.0,0.0,277855.719614815,277859.959334385,277851.4799963393,277859.959334385,0.0,0.0,277855.719614815,0.0,277859.959334385,0.0,277859.959334385,277859.959334385,277859.959334385,277851.4799963393,0.0,277855.719614815,277859.959334385,277859.959334385,277859.959334385,277855.719614815,0.0,277859.959334385,0.0,277859.959334385,0.0,277859.959334385,277859.959334385,0.0,277859.959334385,0.0,0.0,0.0,277851.4799963393,277834.52253347175,0.0,277847.2404789625,277859.959334385,277855.719614815,277859.959334385,0.0,277855.719614815,277851.4799963393,0.0,0.0,277859.959334385,277855.719614815,0.0,277851.4799963393,277855.719614815,0.0,0.0,277855.719614815,277855.719614815,277847.2404789625,277859.959334385,277859.959334385,277851.4799963393,0.0,0.0,277855.719614815,277859.959334385,0.0,277859.959334385,277855.719614815,0.0,277859.959334385,277855.719614815,277859.959334385,0.0,277859.959334385,277859.959334385,277859.959334385,277859.959334385,277855.719614815,277859.959334385,277851.4799963393,277851.4799963393,277859.959334385,277859.959334385,277859.959334385,277851.4799963393,277859.959334385,277859.959334385,0.0,0.0,0.0,277855.719614815,277859.959334385,277847.2404789625,277859.959334385,277851.4799963393,277859.959334385,277859.959334385,277855.719614815,277859.959334385,277859.959334385,0.0,0.0,277851.4799963393,277859.959334385,0.0,277859.959334385,277855.719614815,277859.959334385,0.0,277859.959334385,277859.959334385,277855.719614815,277851.4799963393,277859.959334385,277859.959334385,277859.959334385,277851.4799963393,0.0,277859.959334385,277859.959334385,277859.959334385,277859.959334385,0.0,0.0,277855.719614815,277855.719614815,277859.959334385,277855.719614815,277843.00106268923,277855.719614815,277855.719614815,277859.959334385,277855.719614815,277855.719614815,277855.719614815,277843.00106268923,277859.959334385,277851.4799963393,0.0,277859.959334385,277859.959334385,277859.959334385,277855.719614815,277859.959334385,277859.959334385,277859.959334385,277859.959334385,277859.959334385,277851.4799963393,277855.719614815,277851.4799963393,277859.959334385,0.0,277859.959334385,277859.959334385,277851.4799963393,277855.719614815,277859.959334385,277859.959334385,0.0,0.0,0.0,277859.959334385,277851.4799963393,0.0,277851.4799963393,0.0,277847.2404789625,0.0,277855.719614815,277855.719614815,277859.959334385,277859.959334385,277859.959334385,277859.959334385,277859.959334385,277855.719614815,277851.4799963393,277851.4799963393,0.0,277855.719614815,0.0,0.0,0.0,277843.00106268923,277859.959334385,277859.959334385,277855.719614815,0.0,0.0,277859.959334385,277855.719614815,0.0,277851.4799963393,0.0,277855.719614815,277859.959334385,277855.719614815,277859.959334385,277851.4799963393,277847.2404789625,0.0,277859.959334385,277851.4799963393,277851.4799963393,277859.959334385,277859.959334385,0.0,277859.959334385,277851.4799963393,277855.719614815,277859.959334385,277859.959334385,277859.959334385,277851.4799963393,277855.719614815,277855.719614815,277855.719614815,277851.4799963393,0.0
277859.959334385,277859.959334385,0.0,277851.4799963393,277843.00106268923,277855.719614815,277851.4799963393,277855.719614815,0.0,277855.719614815,277851.4799963393,277859.959334385,0.0,277859.959334385,0.0,0.0,0.0,277859.959334385,277859.959334385,0.0,277859.959334385,277859.959334385,0.0,0.0,0.0,277855.719614815,277859.959334385,0.0,277847.2404789625,277859.959334385,0.0,277859.959334385,277851.4799963393,277851.4799963393,0.0,0.0,277855.719614815,0.0,0.0,277859.959334385,277855.719614815,277859.959334385,0.0,277859.959334385,277859.959334385,277859.959334385,277855.719614815,277859.959334385,0.0,277855.719614815,277855.719614815,277859.959334385,0.0,277851.4799963393,0.0,277855.719614815,277859.959334385,0.0,277859.959334385,277847.2404789625,277859.959334385,0.0,0.0,0.0,0.0,277855.719614815,277855.719614815,277859.959334385,0.0,277859.959334385,0.0,277859.959334385,277855.719614815,277851.4799963393,277859.959334385,0.0,277859.959334385,0.0,277859.959334385,277855.719614815,277859.959334385,277859.959334385,277859.959334385,277859.959334385,0.0,277855.719614815,277855.719614815,0.0,277851.4799963393,0.0,277859.959334385,0.0,277855.719614815,277859.959334385,277859.959334385,0.0,277859.959334385,277851.4799963393,0.0,0.0,277851.4799963393,277855.719614815,0.0,277847.2404789625,277851.4799963393,0.0,277855.719614815,277851.4799963393,277855.719614815,277859.959334385,277859.959334385,277843.00106268923,277859.959334385,277859.959334385,277859.959334385,277859.959334385,0.0,277843.00106268923,277859.959334385,0.0,277855.719614815,277847.2404789625,0.0,277859.959334385,277859.959334385,0.0,277851.4799963393,277855.719614815,0.0,0.0,277859.959334385,277851.4799963393,277855.719614815,277859.959334385,0.0,277859.959334385,277859.959334385,277855.719614815,277859.959334385,277855.719614815,0.0,0.0,277855.719614815,277855.719614815,0.0,277851.4799963393,0.0,0.0,277859.959334385,277855.719614815,0.0,277859.959334385,277847.2404789625,0.0,277851.4799963393,0.0,277859.959334385,277855.719614815,277855.719614815,277859.959334385,0.0,277851.4799963393,277855.719614815,0.0,277859.959334385,277859.959334385,277859.959334385,0.0,277855.719614815,0.0,277855.719614815,277855.719614815,0.0,0.0,277859.959334385,277859.959334385,277859.959334385,277847.2404789625,277859.959334385,277859.959334385,277855.719614815,277851.4799963393,0.0,277859.959334385,0.0,277859.959334385,277855.719614815,277859.959334385,277859.959334385,277859.959334385,277855.719614815,0.0,277851.4799963393,277859.959334385,277859.959334385,0.0,277855.719614815,277859.959334385,277859.959334385,0.0,277855.719614815,0.0,0.0,0.0,277859.959334385,277847.2404789625,277859.959334385,277851.4799963393,277851.4799963393,0.0,277859.959334385,277859.959334385,277851.4799963393,277859.959334385,0.0,277855.719614815,0.0,277859.959334385,0.0,277855.719614815,277851.4799963393,0.0,277847.2404789625,277859.959334385,277859.959334385,277855.719614815,0.0,277851.4799963393,277859.959334385,277851.4799963393,277855.719614815,277851.4799963393,277855.719614815,0.0,277859.959334385,277859.959334385,277859.959334385,0.0,277843.00106268923,277851.4799963393,0.0,277855.719614815,277855.719614815,277859.959334385,277855.719614815,0.0,0.0,0.0,277859.959334385,277859.959334385,277859.959334385,277855.719614815,0.0,277859.959334385,0.0,0.0
277855.719614815,277859.959334385,277855.719614815,277859.959334385,277859.959334385,277851.4799963393,277859.959334385,277855.719614815,277859.959334385,277855.719614815,277855.719614815,277855.719614815,277855.719614815,0.0,277859.959334385,277859.959334385,277855.719614815,277859.959334385,277859.959334385,0.0,277859.959334385,277855.719614815,0.0,0.0,0.0,277859.959334385,0.0,277859.959334385,0.0,277855.719614815,277859.959334385,0.0,277859.959334385,277859.959334385,277859.959334385,277859.959334385,277851.4799963393,277855.719614815,277855.719614815,0.0,277859.959334385,277859.959334385,277838.7617475241,277855.719614815,277859.959334385,0.0,277859.959334385,277855.719614815,277851.4799963393,277859.959334385,277859.959334385,277859.959334385,277855.719614815,0.0,277851.4799963393,277855.719614815,277855.719614815,0.0,277851.4799963393,277855.719614815,277855.719614815,0.0,0.0,277859.959334385,277851.4799963393,277859.959334385,277859.959334385,277855.719614815,277859.959334385,0.0,0.0,0.0,0.0,0.0,277855.719614815,0.0,277859.959334385,277855.719614815,277851.4799963393,277855.719614815,277851.4799963393,277855.719614815,277859.959334385,277855.719614815,277859.959334385,277851.4799963393,277851.4799963393,277859.959334385,277859.959334385,0.0,0.0,277859.959334385,277851.4799963393,277851.4799963393,0.0,0.0,277859.959334385,277855.719614815,0.0,277851.4799963393,277859.959334385,277851.4799963393,277855.719614815,277859.959334385,277855.719614815,277855.719614815,0.0,277859.959334385,277855.719614815,277855.719614815,277859.959334385,277855.719614815,277851.4799963393,277859.959334385,0.0,277855.719614815,277851.4799963393,277851.4799963393,277859.959334385,277859.959334385,0.0,277855.719614815,277859.959334385,277855.719614815,277859.959334385,277859.959334385,277859.959334385,277859.959334385,277859.959334385,277851.4799963393,277851.4799963393,277859.959334385,0.0,0.0,277855.719614815,277859.959334385,277859.959334385,277851.4799963393,277859.959334385,277859.959334385,277859.959334385,0.0,277855.719614815,277851.4799963393,0.0,277851.4799963393,277859.959334385,277855.719614815,277851.4799963393,277855.719614815,277859.959334385,0.0,0.0,277855.719614815,0.0,277859.959334385,277859.959334385,277855.719614815,0.0,0.0,277859.959334385,0.0,0.0,277859.959334385,277859.959334385,277855.719614815,277851.4799963393,0.0,277851.4799963393,0.0,277855.719614815,277859.959334385,0.0,277851.4799963393,277859.959334385,277859.959334385,277859.959334385,277851.4799963393,277851.4799963393,0.0,0.0,0.0,0.0,277859.959334385,277855.719614815,0.0,0.0,277859.959334385,0.0,0.0,277859.959334385,0.0,277855.719614815,277855.719614815,277855.719614815,0.0,277859.959334385,277859.959334385,277855.719614815,277847.2404789625,277855.719614815,277847.2404789625,277855.719614815,277859.959334385,277855.719614815,0.0,277855.719614815,277859.959334385,277855.719614815,277859.959334385,277851.4799963393,277859.959334385,277851.4799963393,0.0,277855.719614815,277855.719614815,277851.4799963393,277859.959334385,0.0,0.0,0.0,277859.959334385,277855.719614815,277859.959334385,277859.959334385,0.0,0.0,277851.4799963393,277859.959334385,277859.959334385,277855.719614815,0.0,277859.959334385,277859.959334385,277855.719614815,277859.959334385,277859.959334385,277859.959334385,0.0,277851.4799963393,277855.719614815,277859.959334385,277851.4799963393,277859.959334385,0.0,277851.4799963393,277855.719614815,277855.719614815,277859.959334385,0.0,277859.959334385,277851.4799963393,277859.959334385,277855.719614815,277855.719614815,277855.719614815
277855.719614815,277855.719614815,277855.719614815,277859.959334385,277859.959334385,277859.959334385,0.0,277859.959334385,277851.4799963393,0.0,277859.959334385,277859.959334385,277855.719614815,277859.959334385,277859.959334385,277859.959334385,277859.959334385,277859.959334385,0.0,277855.719614815,277855.719614815,277859.959334385,277855.719614815,277859.959334385,277851.4799963393,277859.959334385,277851.4799963393,277859.959334385,0.0,277855.719614815,277855.719614815,277859.959334385,277855.719614815,277855.719614815,277859.959334385,277859.959334385,0.0,0.0,277859.959334385,277859.959334385,277859.959334385,277859.959334385,277851.4799963393,0.0,0.0,0.0,277847.2404789625,0.0,277855.719614815,277851.4799963393,277859.959334385,277838.7617475241,0.0,277838.7617475241,0.0,277859.959334385,277847.2404789625,277859.959334385,277847.2404789625,277859.959334385,277859.959334385,277851.4799963393,0.0,277859.959334385,0.0,277859.959334385,0.0,277859.959334385,0.0,277859.959334385,277859.959334385,0.0,277855.719614815,277855.719614815,277859.959334385,277859.959334385,0.0,0.0,0.0,277851.4799963393,277855.719614815,277851.4799963393,277859.959334385,0.0,277859.959334385,277851.4799963393,277851.4799963393,277855.719614815,277851.4799963393,277859.959334385,277859.959334385,277859.959334385,277855.719614815,0.0,277855.719614815,0.0,0.0,0.0,277847.2404789625,277855.719614815,0.0,277851.4799963393,0.0,0.0,277855.719614815,277851.4799963393,0.0,277859.959334385,277859.959334385,277859.959334385,0.0,277859.959334385,277855.719614815,277855.719614815,277859.959334385,0.0,0.0,0.0,0.0,277859.959334385,277851.4799963393,277851.4799963393,277859.959334385,277859.959334385,277859.959334385,277859.959334385,0.0,277859.959334385,277859.959334385,277859.959334385,277855.719614815,0.0,0.0,277851.4799963393,277859.959334385,277851.4799963393,0.0,277843.00106268923,277847.2404789625,277851.4799963393,277859.959334385,277859.959334385,277859.959334385,277859.959334385,277859.959334385,277859.959334385,277851.4799963393,277851.4799963393,0.0,277859.959334385,0.0,0.0,277859.959334385,277855.719614815,277847.2404789625,277855.719614815,0.0,277851.4799963393,277855.719614815,277851.4799963393,0.0,277859.959334385,277859.959334385,277859.959334385,277855.719614815,277859.959334385,277859.959334385,277859.959334385,277855.719614815,277859.959334385,0.0,0.0,277859.959334385,277855.719614815,0.0,277859.959334385,277855.719614815,277859.959334385,277859.959334385,277859.959334385,277859.959334385,277859.959334385,277859.959334385,277843.00106268923,277855.719614815,277859.959334385,277859.959334385,277855.719614815,277859.959334385,277851.4799963393,0.0,0.0,277855.719614815,277851.4799963393,277859.959334385,0.0,277851.4799963393,0.0,0.0,277859.959334385,277859.959334385,0.0,277851.4799963393,277859.959334385,277859.959334385,277855.719614815,277851.4799963393,277859.959334385,277859.959334385,0.0,277855.719614815,277859.959334385,277859.959334385,0.0,277855.719614815,277855.719614815,277855.719614815,277859.959334385,277843.00106268923,277859.959334385,277859.959334385,277847.2404789625,277859.959334385,0.0,277859.959334385,0.0,0.0,277855.719614815,0.0,0.0,0.0,277855.719614815,277859.959334385,277851.4799963393,277855.719614815,277859.959334385,277855.719614815,0.0,277851.4799963393,0.0,277851.4799963393,277859.959334385,0.0,0.0,277855.719614815,0.0,277855.719614815,277855.719614815,277859.959334385,277855.719614815,277859.959334385,0.0,277859.959334385,0.0,277859.959334385,277843.00106268923
277855.719614815,277855.719614815,277859.959334385,277851.4799963393,0.0,277851.4799963393,0.0,277859.959334385,277855.719614815,277859.959334385,277859.959334385,277859.959334385,277855.719614815,0.0,277859.959334385,277855.719614815,277851.4799963393,0.0,277859.959334385,0.0,277859.959334385,277859.959334385,277851.4799963393,277859.959334385,277859.959334385,277855.719614815,0.0,277851.4799963393,277851.4799963393,277855.719614815,277859.959334385,277859.959334385,0.0,0.0,277851.4799963393,277859.959334385,0.0,277859.959334385,277859.959334385,277859.959334385,277859.959334385,0.0,0.0,277859.959334385,277859.959334385,277859.959334385,277851.4799963393,0.0,277855.719614815,0.0,0.0,277859.959334385,277859.959334385,277859.959334385,277855.719614815,277851.4799963393,277859.959334385,277859.959334385,277855.719614815,277855.719614815,277859.959334385,277859.959334385,277859.959334385,0.0,277859.959334385,0.0,277859.959334385,277855.719614815,277855.719614815,0.0,0.0,277855.719614815,277855.719614815,277851.4799963393,277859.959334385,0.0,0.0,277847.2404789625,277859.959334385,0.0,277859.959334385,277855.719614815,277855.719614815,0.0,277851.4799963393,277859.959334385,277859.959334385,0.0,277847.2404789625,0.0,277851.4799963393,0.0,277859.959334385,277859.959334385,277859.959334385,277859.959334385,277855.719614815,277859.959334385,277859.959334385,277859.959334385,277859.959334385,277859.959334385,277851.4799963393,0.0,277859.959334385,0.0,0.0,277859.959334385,0.0,277855.719614815,277855.719614815,277859.959334385,0.0,0.0,0.0,0.0,0.0,277859.959334385,0.0,277859.959334385,277859.959334385,277851.4799963393,277855.719614815,277859.959334385,277859.959334385,0.0,277851.4799963393,0.0,277859.959334385,277859.959334385,0.0,277855.719614815,277855.719614815,277859.959334385,0.0,277859.959334385,277859.959334385,277859.959334385,0.0,0.0,277859.959334385,277859.959334385,277859.959334385,0.0,277859.959334385,277855.719614815,277855.719614815,277855.719614815,277859.959334385,277859.959334385,277859.959334385,277855.719614815,277855.719614815,0.0,277851.4799963393,277859.959334385,0.0,277859.959334385,277851.4799963393,277855.719614815,277859.959334385,277859.959334385,277859.959334385,0.0,0.0,0.0,277851.4799963393,277855.719614815,277859.959334385,277859.959334385,0.0,277855.719614815,277851.4799963393,277859.959334385,277859.959334385,277851.4799963393,277859.959334385,277851.4799963393,277855.719614815,277847.2404789625,277847.2404789625,277859.959334385,0.0,277859.959334385,277855.719614815,0.0,277855.719614815,0.0,0.0,0.0,277855.719614815,277859.959334385,277855.719614815,0.0,277855.719614815,277851.4799963393,277859.959334385,277855.719614815,277851.4799963393,277859.959334385,277859.959334385,0.0,277855.719614815,277859.959334385,277859.959334385,277851.4799963393,277855.719614815,277859.959334385,0.0,277859.959334385,277855.719614815,277859.959334385,0.0,0.0,0.0,0.0,0.0,277855.719614815,277851.4799963393,277859.959334385,277855.719614815,0.0,277855.719614815,277855.719614815,0.0,277859.959334385,277859.959334385,277859.959334385,277855.719614815,0.0,0.0,277859.959334385,0.0,277855.719614815,0.0,277859.959334385,277859.959334385,277855.719614815,0.0,277851.4799963393,277855.719614815,277859.959334385,277855.719614815,277855.719614815,0.0,277855.719614815,277859.959334385,277859.959334385,277859.959334385,277851.4799963393,277855.719614815,277851.4799963393,277851.4799963393,0.0,277855.719614815,277859.959334385
277859.959334385,0.0,277859.959334385,277855.719614815,277855.719614815,0.0,0.0,277859.959334385,277859.959334385,277859.959334385,277851.4799963393,0.0,0.0,277859.959334385,0.0,277847.2404789625,277847.2404789625,277859.959334385,0.0,277851.4799963393,0.0,277859.959334385,277851.4799963393,0.0,0.0,277859.959334385,0.0,277859.959334385,277859.959334385,0.0,277859.959334385,277855.719614815,0.0,277851.4799963393,277855.719614815,277859.959334385,0.0,277851.4799963393,277855.719614815,277855.719614815,0.0,277855.719614815,0.0,0.0,277859.959334385,277855.719614815,277859.959334385,0.0,277859.959334385,277859.959334385,277855.719614815,277859.959334385,277847.2404789625,277851.4799963393,277859.959334385,277855.719614815,277859.959334385,277847.2404789625,277855.719614815,0.0,0.0,277851.4799963393,277859.959334385,0.0,277855.719614815,0.0,277855.719614815,277859.959334385,277859.959334385,0.0,277859.959334385,277855.719614815,0.0,277859.959334385,277851.4799963393,0.0,277859.959334385,277855.719614815,277859.959334385,0.0,277855.719614815,0.0,277859.959334385,277859.959334385,0.0,277847.2404789625,277859.959334385,277859.959334385,277851.4799963393,0.0,0.0,277855.719614815,277855.719614815,277855.719614815,277859.959334385,0.0,0.0,277859.959334385,0.0,277859.959334385,277855.719614815,277855.719614815,277855.719614815,277859.959334385,0.0,277847.2404789625,0.0,277847.2404789625,277859.959334385,277859.959334385,0.0,277851.4799963393,277859.959334385,277855.719614815,0.0,277855.719614815,277855.719614815,277855.719614815,277859.959334385,277859.959334385,277855.719614815,277859.959334385,277859.959334385,0.0,277859.959334385,277855.719614815,277859.959334385,277859.959334385,277855.719614815,0.0,277851.4799963393,277855.719614815,277855.719614815,277859.959334385,277859.959334385,277859.959334385,0.0,277859.959334385,277859.959334385,277851.4799963393,277859.959334385,277843.00106268923,0.0,277859.959334385,277859.959334385,277859.959334385,277851.4799963393,0.0,277855.719614815,277851.4799963393,277855.719614815,277855.719614815,277859.959334385,277859.959334385,0.0,277859.959334385,0.0,277855.719614815,277859.959334385,0.0,0.0,277859.959334385,277859.959334385,277859.959334385,0.0,277859.959334385,0.0,277855.719614815,277859.959334385,277859.959334385,277859.959334385,277859.959334385,277855.719614815,277855.719614815,0.0,277859.959334385,277851.4799963393,277847.2404789625,0.0,0.0,277851.4799963393,277851.4799963393,277859.959334385,277855.719614815,277859.959334385,277859.959334385,277855.719614815,277859.959334385,277851.4799963393,277851.4799963393,0.0,277855.719614815,277859.959334385,0.0,0.0,277859.959334385,277855.719614815,277859.959334385,0.0,277859.959334385,277855.719614815,0.0,277859.959334385,0.0,277847.2404789625,0.0,0.0,277859.959334385,277851.4799963393,277851.4799963393,277855.719614815,277859.959334385,0.0,277859.959334385,0.0,277859.959334385,277859.959334385,0.0,0.0,277859.959334385,277859.959334385,277859.959334385,0.0,277855.719614815,277859.959334385,277859.959334385,277859.959334385,277855.719614815,277859.959334385,0.0,277859.959334385,277859.959334385,277859.959334385,277855.719614815,277859.959334385,0.0,277855.719614815,277855.719614815,277859.959334385,0.0,277859.959334385,277859.959334385,277859.959334385,277847.2404789625,277859.959334385,0.0,277855.719614815,277859.959334385,277851.4799963393,277859.959334385,0.0,277859.959334385,277851.4799963393,277859.959334385,277859.959334385,277847.2404789625
0.0,277855.719614815,0.0,277859.959334385,277851.4799963393,277859.959334385,277859.959334385,277859.959334385,277859.959334385,277859.959334385,0.0,277855.719614815,277859.959334385,277851.4799963393,277851.4799963393,0.0,277851.4799963393,277859.959334385,277851.4799963393,277859.959334385,0.0,0.0,277859.959334385,0.0,277855.719614815,277855.719614815,277851.4799963393,277859.959334385,277859.959334385,277859.959334385,0.0,0.0,277859.959334385,277859.959334385,0.0,0.0,277855.719614815,277851.4799963393,0.0,277851.4799963393,277855.719614815,277859.959334385,0.0,277855.719614815,277855.719614815,277855.719614815,277859.959334385,277851.4799963393,277847.2404789625,277859.959334385,277859.959334385,277859.959334385,0.0,277859.959334385,277851.4799963393,277855.719614815,277859.959334385,277851.4799963393,277855.719614815,0.0,277847.2404789625,277859.959334385,277859.959334385,277859.959334385,277859.959334385,0.0,277859.959334385,277859.959334385,277855.719614815,277859.959334385,0.0,277855.719614815,277855.719614815,277851.4799963393,0.0,277859.959334385,0.0,277847.2404789625,0.0,277855.719614815,277859.959334385,277855.719614815,277851.4799963393,277859.959334385,277855.719614815,277847.2404789625,277859.959334385,277859.959334385,0.0,277859.959334385,277859.959334385,277859.959334385,277851.4799963393,277859.959334385,277855.719614815,277851.4799963393,277859.959334385,277851.4799963393,277859.959334385,277855.719614815,277855.719614815,0.0,277859.959334385,0.0,277859.959334385,0.0,277859.959334385,0.0,0.0,277859.959334385,277859.959334385,277859.959334385,0.0,277855.719614815,277847.2404789625,277855.719614815,277855.719614815,277859.959334385,277851.4799963393,0.0,277859.959334385,277851.4799963393,0.0,0.0,0.0,277855.719614815,277859.959334385,277859.959334385,0.0,277855.719614815,277855.719614815,277859.959334385,0.0,277859.959334385,277855.719614815,277855.719614815,0.0,277851.4799963393,277847.2404789625,277851.4799963393,277859.959334385,277855.719614815,0.0,0.0,277855.719614815,277859.959334385,277859.959334385,0.0,277859.959334385,277855.719614815,277859.959334385,277855.719614815,277851.4799963393,277855.719614815,277859.959334385,277851.4799963393,277859.959334385,277851.4799963393,277851.4799963393,277855.719614815,277855.719614815,277855.719614815,277859.959334385,0.0,277855.719614815,0.0,277859.959334385,277859.959334385,0.0,277859.959334385,0.0,277855.719614815,277847.2404789625,0.0,277859.959334385,277859.959334385,0.0,0.0,0.0,277859.959334385,277859.959334385,277859.959334385,277855.719614815,277847.2404789625,277859.959334385,0.0,277859.959334385,0.0,277851.4799963393,277859.959334385,277855.719614815,277859.959334385,0.0,277851.4799963393,277855.719614815,277859.959334385,0.0,277859.959334385,277859.959334385,277851.4799963393,277859.959334385,277851.4799963393,0.0,277859.959334385,277859.959334385,0.0,277855.719614815,0.0,277851.4799963393,0.0,277855.719614815,0.0,0.0,277855.719614815,277851.4799963393,277859.959334385,277851.4799963393,277859.959334385,277859.959334385,277859.959334385,277847.2404789625,277859.959334385,0.0,277855.719614815,277859.959334385,0.0,277859.959334385,277859.959334385,277859.959334385,277855.719614815,277859.959334385,0.0,277859.959334385,0.0,277859.959334385,277859.959334385,277847.2404789625,277859.959334385,277851.4799963393,277859.959334385,277859.959334385,0.0,0.0,0.0,277859.959334385,277847.2404789625,277859.959334385,0.0,277851.4799963393,277847.2404789625,277855.719614815,277859.959334385,0.0,0.0,277851.4799963393,277851.4799963393
277859.959334385,277859.959334385,277859.959334385,277859.959334385,277855.719614815,277859.959334385,0.0,277859.959334385,277859.959334385,0.0,0.0,277859.959334385,277859.959334385,277859.959334385,277855.719614815,277859.959334385,277855.719614815,0.0,277855.719614815,277859.959334385,0.0,277855.719614815,277855.719614815,277859.959334385,277859.959334385,277859.959334385,277859.959334385,277855.719614815,277851.4799963393,277855.719614815,277851.4799963393,277851.4799963393,277859.959334385,0.0,277851.4799963393,0.0,277859.959334385,0.0,277847.2404789625,277855.719614815,277851.4799963393,277859.959334385,277851.4799963393,277859.959334385,0.0,0.0,277851.4799963393,277855.719614815,277851.4799963393,277847.2404789625,277859.959334385,277855.719614815,277851.4799963393,277855.719614815,277859.959334385,277859.959334385,277859.959334385,0.0,277859.959334385,277859.959334385,0.0,277855.719614815,277859.959334385,277859.959334385,0.0,277851.4799963393,277859.959334385,0.0,277855.719614815,0.0,0.0,0.0,277859.959334385,277855.719614815,0.0,0.0,277855.719614815,277859.959334385,277855.719614815,277855.719614815,277855.719614815,0.0,277859.959334385,277855.719614815,277859.959334385,277859.959334385,277859.959334385,277859.959334385,277859.959334385,0.0,277855.719614815,277859.959334385,0.0,277859.959334385,277859.959334385,277851.4799963393,277859.959334385,277859.959334385,0.0,0.0,277859.959334385,277859.959334385,277859.959334385,277851.4799963393,277859.959334385,277859.959334385,277855.719614815,0.0,277859.959334385,277855.719614815,277859.959334385,277859.959334385,0.0,277859.959334385,277859.959334385,0.0,0.0,277859.959334385,277855.719614815,0.0,0.0,0.0,0.0,0.0,0.0,277851.4799963393,277859.959334385,0.0,277851.4799963393,277859.959334385,277847.2404789625,0.0,277855.719614815,277859.959334385,277855.719614815,277859.959334385,0.0,277847.2404789625,277859.959334385,277859.959334385,277859.959334385,277843.00106268923,277843.00106268923,277859.959334385,277859.959334385,277855.719614815,277859.959334385,0.0,277855.719614815,0.0,0.0,277851.4799963393,0.0,277859.959334385,277855.719614815,277859.959334385,277847.2404789625,277843.00106268923,277859.959334385,277855.719614815,277859.959334385,277859.959334385,277859.959334385,277859.959334385,277855.719614815,277859.959334385,0.0,277855.719614815,277859.959334385,277859.959334385,277859.959334385,277859.959334385,277855.719614815,277859.959334385,277859.959334385,277855.719614815,277843.00106268923,277859.959334385,277851.4799963393,277855.719614815,277859.959334385,277859.959334385,277859.959334385,277859.959334385,277851.4799963393,0.0,0.0,0.0,277851.4799963393,277851.4799963393,0.0,277859.959334385,277843.00106268923,277859.959334385,277855.719614815,0.0,0.0,277851.4799963393,277851.4799963393,277847.2404789625,277855.719614815,277855.719614815,277855.719614815,0.0,0.0,277859.959334385,0.0,0.0,277859.959334385,0.0,0.0,277855.719614815,277855.719614815,277855.719614815,277859.959334385,277859.959334385,0.0,277859.959334385,277851.4799963393,277847.2404789625,0.0,0.0,277859.959334385,277855.719614815,277859.959334385,0.0,0.0,277855.719614815,277859.959334385,277859.959334385,277859.959334385,277855.719614815,277859.959334385,277859.959334385,277859.959334385,0.0,277855.719614815,0.0,277859.959334385,277859.959334385,277855.719614815,277859.959334385,277859.959334385,0.0,277855.719614815,0.0,277855.719614815,0.0,277859.959334385,277855.719614815,0.0,277855.719614815,277859.959334385,277859.959334385,277859.959334385,277859.959334385
277851.4799963393,277851.4799963393,0.0,0.0,0.0,277855.719614815,277847.2404789625,277855.719614815,277859.959334385,0.0,0.0,277859.959334385,277855.719614815,277859.959334385,277859.959334385,277859.959334385,277855.719614815,277851.4799963393,277859.959334385,277851.4799963393,277859.959334385,277855.719614815,277855.719614815,277859.959334385,0.0,0.0,0.0,0.0,277859.959334385,277855.719614815,0.0,277859.959334385,277859.959334385,0.0,277855.719614815,277859.959334385,277855.719614815,277859.959334385,0.0,277855.719614815,277855.719614815,0.0,277855.719614815,0.0,277855.719614815,0.0,277855.719614815,277855.719614815,0.0,0.0,277855.719614815,0.0,0.0,277859.959334385,277855.719614815,0.0,277847.2404789625,277855.719614815,277859.959334385,0.0,277859.959334385,0.0,277859.959334385,0.0,277859.959334385,0.0,0.0,0.0,0.0,277859.959334385,277851.4799963393,0.0,0.0,277859.959334385,277855.719614815,277851.4799963393,277855.719614815,277855.719614815,277851.4799963393,277859.959334385,0.0,0.0,277859.959334385,277855.719614815,277855.719614815,0.0,277855.719614815,277859.959334385,277859.959334385,277859.959334385,277859.959334385,277859.959334385,277855.719614815,0.0,0.0,277859.959334385,277847.2404789625,277851.4799963393,277859.959334385,277859.959334385,277859.959334385,277859.959334385,277859.959334385,277851.4799963393,0.0,277859.959334385,0.0,277859.959334385,0.0,277855.719614815,277855.719614815,277851.4799963393,277855.719614815,277859.959334385,277859.959334385,277851.4799963393,277855.719614815,277859.959334385,277855.719614815,0.0,277855.719614815,277855.719614815,277859.959334385,277851.4799963393,0.0,277855.719614815,0.0,277859.959334385,0.0,0.0,277855.719614815,0.0,277859.959334385,277847.2404789625,277847.2404789625,277859.959334385,0.0,0.0,277855.719614815,277851.4799963393,277859.959334385,277855.719614815,277851.4799963393,0.0,277859.959334385,277859.959334385,277859.959334385,277855.719614815,277859.959334385,277859.959334385,277855.719614815,0.0,0.0,277859.959334385,277859.959334385,0.0,0.0,277859.959334385,0.0,277859.959334385,0.0,0.0,277855.719614815,277859.959334385,277859.959334385,277855.719614815,277859.959334385,277855.719614815,0.0,0.0,277855.719614815,277859.959334385,277859.959334385,277855.719614815,0.0,277859.959334385,277851.4799963393,0.0,277855.719614815,277855.719614815,0.0,277851.4799963393,0.0,0.0,277859.959334385,277859.959334385,0.0,277855.719614815,277859.959334385,277859.959334385,277859.959334385,277859.959334385,277859.959334385,277855.719614815,0.0,277855.719614815,0.0,277859.959334385,277859.959334385,0.0,0.0,0.0,277859.959334385,277851.4799963393,277855.719614815,277847.2404789625,277855.719614815,277851.4799963393,277859.959334385,277855.719614815,0.0,277851.4799963393,277859.959334385,0.0,0.0,277859.959334385,277859.959334385,277859.959334385,0.0,0.0,277855.719614815,277859.959334385,277859.959334385,0.0,0.0,277859.959334385,0.0,277859.959334385,277851.4799963393,277859.959334385,277855.719614815,277855.719614815,277859.959334385,277859.959334385,0.0,0.0,0.0,277859.959334385,0.0,277859.959334385,0.0,277851.4799963393,277859.959334385,277851.4799963393,0.0,277859.959334385,0.0,0.0,0.0,277859.959334385,0.0,277859.959334385,277859.959334385,277859.959334385,0.0,277859.959334385
277859.959334385,277859.959334385,0.0,0.0,277855.719614815,277859.959334385,0.0,0.0,277859.959334385,277859.959334385,0.0,277859.959334385,277859.959334385,277859.959334385,277859.959334385,277859.959334385,277855.719614815,277859.959334385,277855.719614815,277859.959334385,277859.959334385,277859.959334385,0.0,0.0,277851.4799963393,0.0,277859.959334385,277855.719614815,0.0,0.0,0.0,0.0,277855.719614815,277855.719614815,0.0,0.0,0.0,277859.959334385,277855.719614815,277843.00106268923,277859.959334385,0.0,0.0,0.0,0.0,277859.959334385,0.0,277859.959334385,277847.2404789625,0.0,277855.719614815,277859.959334385,277859.959334385,277859.959334385,0.0,277859.959334385,0.0,277859.959334385,0.0,0.0,277859.959334385,277855.719614815,277859.959334385,277859.959334385,0.0,277851.4799963393,277859.959334385,277859.959334385,277855.719614815,277859.959334385,277851.4799963393,277855.719614815,0.0,277847.2404789625,0.0,277851.4799963393,277859.959334385,277855.719614815,277855.719614815,277851.4799963393,0.0,0.0,277859.959334385,277859.959334385,0.0,0.0,277859.959334385,277855.719614815,277855.719614815,0.0,277859.959334385,277855.719614815,0.0,277859.959334385,277859.959334385,0.0,277859.959334385,277855.719614815,277855.719614815,277859.959334385,277847.2404789625,277859.959334385,277859.959334385,0.0,277859.959334385,277859.959334385,277859.959334385,0.0,277855.719614815,277859.959334385,277851.4799963393,277851.4799963393,277851.4799963393,277855.719614815,277855.719614815,277847.2404789625,0.0,277859.959334385,0.0,0.0,277859.959334385,277859.959334385,0.0,0.0,277859.959334385,277855.719614815,0.0,0.0,277859.959334385,277859.959334385,0.0,0.0,277859.959334385,277855.719614815,277855.719614815,277859.959334385,277851.4799963393,277855.719614815,0.0,277859.959334385,277859.959334385,277859.959334385,277859.959334385,0.0,277855.719614815,277855.719614815,277847.2404789625,277859.959334385,277855.719614815,277859.959334385,277847.2404789625,0.0,0.0,0.0,277851.4799963393,277855.719614815,0.0,277855.719614815,277855.719614815,0.0,277859.959334385,277859.959334385,277851.4799963393,277855.719614815,0.0,277859.959334385,277859.959334385,277855.719614815,277855.719614815,0.0,277859.959334385,0.0,277851.4799963393,277847.2404789625,0.0,277855.719614815,0.0,277859.959334385,277843.00106268923,277859.959334385,0.0,277855.719614815,0.0,277855.719614815,277859.959334385,277851.4799963393,0.0,0.0,277851.4799963393,277855.719614815,277855.719614815,277859.959334385,277851.4799963393,277851.4799963393,277859.959334385,277855.719614815,277855.719614815,277847.2404789625,277855.719614815,0.0,277855.719614815,277855.719614815,277859.959334385,277851.4799963393,0.0,277851.4799963393,277859.959334385,277855.719614815,277851.4799963393,0.0,277859.959334385,277855.719614815,277855.719614815,277851.4799963393,277847.2404789625,277859.959334385,0.0,277859.959334385,277859.959334385,277859.959334385,277859.959334385,277859.959334385,277859.959334385,277859.959334385,0.0,277859.959334385,0.0,277855.719614815,277847.2404789625,277859.959334385,277859.959334385,277859.959334385,277859.959334385,277851.4799963393,0.0,277859.959334385,277855.719614815,277859.959334385,277859.959334385,277859.959334385,277859.959334385,277855.719614815,277855.719614815,277855.719614815,0.0,277859.959334385,0.0,277859.959334385,277859.959334385,277851.4799963393,277859.959334385,277847.2404789625,0.0,0.0,0.0,0.0
277859.959334385,277859.959334385,277859.959334385,0.0,0.0,0.0,277859.959334385,277859.959334385,277859.959334385,277851.4799963393,277855.719614815,277855.719614815,277859.959334385,277859.959334385,0.0,277855.719614815,0.0,277859.959334385,277859.959334385,277855.719614815,0.0,277855.719614815,277855.719614815,0.0,277859.959334385,277855.719614815,277859.959334385,277859.959334385,0.0,277859.959334385,277859.959334385,277859.959334385,277847.2404789625,0.0,277855.719614815,277859.959334385,277855.719614815,277847.2404789625,277859.959334385,277851.4799963393,277859.959334385,277855.719614815,0.0,0.0,277851.4799963393,277859.959334385,0.0,0.0,277843.00106268923,0.0,277855.719614815,277851.4799963393,277859.959334385,277859.959334385,0.0,277859.959334385,0.0,0.0,277859.959334385,277859.959334385,0.0,0.0,277855.719614815,277855.719614815,277859.959334385,0.0,0.0,277859.959334385,277851.4799963393,277859.959334385,0.0,0.0,277847.2404789625,277859.959334385,277859.959334385,277859.959334385,277855.719614815,277855.719614815,277859.959334385,0.0,277851.4799963393,277855.719614815,277851.4799963393,277859.959334385,277855.719614815,277859.959334385,0.0,277859.959334385,277855.719614815,277855.719614815,0.0,277855.719614815,0.0,277847.2404789625,0.0,277855.719614815,277855.719614815,277855.719614815,277851.4799963393,277859.959334385,277855.719614815,277855.719614815,277859.959334385,277855.719614815,277859.959334385,277859.959334385,277859.959334385,277855.719614815,277851.4799963393,277859.959334385,277855.719614815,277855.719614815,277859.959334385,277859.959334385,0.0,277859.959334385,277855.719614815,0.0,0.0,277859.959334385,277855.719614815,0.0,277855.719614815,277859.959334385,277859.959334385,277859.959334385,277855.719614815,277859.959334385,277859.959334385,277855.719614815,277851.4799963393,0.0,277855.719614815,277855.719614815,0.0,0.0,0.0,0.0,277859.959334385,0.0,277855.719614815,277859.959334385,277859.959334385,0.0,0.0,277859.959334385,277859.959334385,0.0,0.0,0.0,277859.959334385,277859.959334385,277855.719614815,277855.719614815,277859.959334385,277859.959334385,277855.719614815,277847.2404789625,277859.959334385,277859.959334385,277847.2404789625,277851.4799963393,277855.719614815,0.0,0.0,277855.719614815,277859.959334385,277855.719614815,277859.959334385,277859.959334385,0.0,0.0,0.0,277859.959334385,0.0,0.0,277859.959334385,277859.959334385,277859.959334385,277859.959334385,277859.959334385,277859.959334385,277851.4799963393,277859.959334385,277855.719614815,277859.959334385,0.0,0.0,0.0,0.0,277851.4799963393,0.0,0.0,277859.959334385,277859.959334385,0.0,0.0,0.0,0.0,0.0,277859.959334385,0.0,277855.719614815,277859.959334385,277855.719614815,277859.959334385,0.0,277859.959334385,277859.959334385,0.0,0.0,277859.959334385,277855.719614815,277855.719614815,0.0,277855.719614815,0.0,0.0,0.0,277847.2404789625,277855.719614815,277859.959334385,277851.4799963393,277855.719614815,277859.959334385,277847.2404789625,0.0,0.0,277851.4799963393,277859.959334385,277859.959334385,277859.959334385,277859.959334385,277855.719614815,277859.959334385,277859.959334385,277851.4799963393,0.0,277855.719614815,0.0,0.0,0.0,277855.719614815,277847.2404789625,277859.959334385,0.0,277859.959334385,277859.959334385,277859.959334385,0.0,277859.959334385,0.0,277855.719614815,277855.719614815,277855.719614815,0.0
277859.959334385,277851.4799963393,0.0,277859.959334385,277847.2404789625,0.0,277859.959334385,277859.959334385,277855.719614815,277859.959334385,277851.4799963393,277855.719614815,277859.959334385,0.0,277859.959334385,277859.959334385,277859.959334385,0.0,0.0,277855.719614815,0.0,277847.2404789625,277859.959334385,277859.959334385,277859.959334385,277855.719614815,0.0,0.0,277851.4799963393,277859.959334385,277855.719614815,277855.719614815,277859.959334385,277859.959334385,277851.4799963393,277847.2404789625,277859.959334385,277855.719614815,277859.959334385,277859.959334385,277859.959334385,277838.7617475241,277859.959334385,277855.719614815,277855.719614815,277859.959334385,277859.959334385,277855.719614815,277847.2404789625,0.0,277859.959334385,277859.959334385,277847.2404789625,277859.959334385,277859.959334385,277859.959334385,277851.4799963393,0.0,277859.959334385,277859.959334385,277855.719614815,0.0,277859.959334385,277859.959334385,277851.4799963393,0.0,277859.959334385,277855.719614815,277855.719614815,277851.4799963393,0.0,277859.959334385,277859.959334385,277859.959334385,277855.719614815,0.0,277851.4799963393,0.0,277859.959334385,277859.959334385,277847.2404789625,277855.719614815,277859.959334385,277859.959334385,0.0,0.0,277843.00106268923,277851.4799963393,277851.4799963393,277851.4799963393,277855.719614815,277859.959334385,0.0,277859.959334385,0.0,277855.719614815,277851.4799963393,277855.719614815,277855.719614815,277859.959334385,277851.4799963393,277859.959334385,277859.959334385,277855.719614815,277851.4799963393,277851.4799963393,277847.2404789625,0.0,0.0,0.0,277855.719614815,277859.959334385,277855.719614815,277855.719614815,0.0,277859.959334385,0.0,277855.719614815,277855.719614815,0.0,277859.959334385,277859.959334385,277855.719614815,0.0,0.0,277859.959334385,277851.4799963393,277859.959334385,277847.2404789625,277859.959334385,277855.719614815,277859.959334385,277859.959334385,277859.959334385,277851.4799963393,277851.4799963393,277859.959334385,277859.959334385,277859.959334385,277851.4799963393,0.0,0.0,277855.719614815,277851.4799963393,0.0,277855.719614815,277859.959334385,0.0,277851.4799963393,0.0,277855.719614815,277859.959334385,277859.959334385,277859.959334385,0.0,0.0,277859.959334385,0.0,277859.959334385,277855.719614815,0.0,277859.959334385,277851.4799963393,277855.719614815,277859.959334385,277859.959334385,0.0,0.0,277855.719614815,277859.959334385,277855.719614815,277855.719614815,277851.4799963393,277859.959334385,277851.4799963393,277859.959334385,277851.4799963393,277859.959334385,277851.4799963393,0.0,277859.959334385,277855.719614815,277855.719614815,277855.719614815,0.0,277859.959334385,277859.959334385,277851.4799963393,277855.719614815,277855.719614815,0.0,0.0,277859.959334385,0.0,0.0,0.0,277855.719614815,277851.4799963393,277855.719614815,0.0,277855.719614815,277859.959334385,277851.4799963393,277855.719614815,0.0,0.0,277855.719614815,277859.959334385,0.0,277855.719614815,277859.959334385,277855.719614815,277859.959334385,277855.719614815,277859.959334385,277859.959334385,277855.719614815,277859.959334385,277851.4799963393,277855.719614815,277859.959334385,277859.959334385,0.0,277859.959334385,0.0,277855.719614815,0.0,0.0,277859.959334385,0.0,277855.719614815,277855.719614815,277851.4799963393,277859.959334385,277851.4799963393,0.0,277855.719614815,277855.719614815,277859.959334385,277859.959334385,277843.00106268923,277855.719614815,277855.719614815,0.0,277855.719614815,277855.719614815,277859.959334385,277859.959334385,277855.719614815,0.0,277855.719614815,277855.719614815,0.0,0.0,0.0,0.0
277855.719614815,0.0,0.0,277855.719614815,0.0,277859.959334385,277859.959334385,277859.959334385,277847.2404789625,277855.719614815,277859.959334385,277859.959334385,277859.959334385,0.0,277851.4799963393,277859.959334385,277859.959334385,0.0,277855.719614815,277855.719614815,0.0,277859.959334385,277855.719614815,277859.959334385,277859.959334385,277859.959334385,277847.2404789625,277847.2404789625,277859.959334385,277859.959334385,277859.959334385,277851.4799963393,277855.719614815,0.0,277859.959334385,277855.719614815,277859.959334385,277859.959334385,0.0,277855.719614815,277855.719614815,277859.959334385,277855.719614815,277859.959334385,0.0,0.0,0.0,277859.959334385,277859.959334385,0.0,277851.4799963393,277859.959334385,0.0,277859.959334385,277859.959334385,277859.959334385,0.0,277859.959334385,277859.959334385,0.0,0.0,0.0,277847.2404789625,277851.4799963393,0.0,277859.959334385,277859.959334385,277855.719614815,277859.959334385,277859.959334385,277859.959334385,277855.719614815,0.0,277859.959334385,277855.719614815,277859.959334385,0.0,0.0,0.0,0.0,0.0,277859.959334385,277855.719614815,277855.719614815,277855.719614815,277855.719614815,277847.2404789625,0.0,0.0,277859.959334385,0.0,277855.719614815,0.0,0.0,277859.959334385,0.0,277855.719614815,0.0,277851.4799963393,0.0,277859.959334385,277859.959334385,277859.959334385,277859.959334385,277851.4799963393,277851.4799963393,277859.959334385,277855.719614815,277859.959334385,0.0,277859.959334385,277855.719614815,277851.4799963393,277859.959334385,277855.719614815,0.0,0.0,277851.4799963393,0.0,277855.719614815,0.0,277851.4799963393,0.0,277855.719614815,277859.959334385,0.0,0.0,277855.719614815,277859.959334385,0.0,277859.959334385,277859.959334385,277859.959334385,277859.959334385,0.0,277855.719614815,0.0,277859.959334385,277859.959334385,0.0,277859.959334385,277859.959334385,0.0,277855.719614815,277859.959334385,0.0,277855.719614815,277851.4799963393,0.0,277847.2404789625,277855.719614815,277859.959334385,0.0,277859.959334385,277859.959334385,277855.719614815,277859.959334385,277855.719614815,0.0,277851.4799963393,277859.959334385,277859.959334385,277859.959334385,277859.959334385,277851.4799963393,277859.959334385,277851.4799963393,277859.959334385,277855.719614815,277859.959334385,277859.959334385,277855.719614815,277859.959334385,277851.4799963393,277851.4799963393,277855.719614815,277859.959334385,0.0,277859.959334385,0.0,277855.719614815,277859.959334385,277851.4799963393,0.0,277859.959334385,0.0,277847.2404789625,0.0,0.0,277851.4799963393,277855.719614815,277859.959334385,277855.719614815,277851.4799963393,0.0,0.0,0.0,277859.959334385,277859.959334385,277859.959334385,277855.719614815,277859.959334385,277855.719614815,277851.4799963393,0.0,277855.719614815,277851.4799963393,277859.959334385,0.0,277851.4799963393,277859.959334385,277851.4799963393,0.0,277859.959334385,277851.4799963393,277859.959334385,0.0,0.0,277855.719614815,277859.959334385,277859.959334385,277859.959334385,277855.719614815,277855.719614815,277843.00106268923,277851.4799963393,277859.959334385,277859.959334385,277859.959334385,277859.959334385,0.0,0.0,277855.719614815,277859.959334385,277859.959334385,277859.959334385,277851.4799963393,277847.2404789625,277859.959334385,277859.959334385,0.0,277851.4799963393,0.0,277855.719614815,0.0,277851.4799963393,277859.959334385,277855.719614815,277859.959334385,0.0,277859.959334385,0.0,277851.4799963393,0.0,0.0,277855.719614815
0.0,0.0,0.0,0.0,277859.959334385,0.0,277859.959334385,0.0,277859.959334385,277859.959334385,277859.959334385,277859.959334385,277855.719614815,277851.4799963393,0.0,277859.959334385,277851.4799963393,277855.719614815,277859.959334385,0.0,0.0,277851.4799963393,277859.959334385,0.0,277855.719614815,277855.719614815,277855.719614815,0.0,277855.719614815,277859.959334385,277855.719614815,277859.959334385,0.0,0.0,277859.959334385,277855.719614815,0.0,277859.959334385,0.0,0.0,277847.2404789625,0.0,277855.719614815,277855.719614815,277859.959334385,277859.959334385,277859.959334385,277859.959334385,277859.959334385,0.0,277851.4799963393,277859.959334385,0.0,277855.719614815,277855.719614815,0.0,277859.959334385,0.0,277855.719614815,0.0,277859.959334385,277859.959334385,277855.719614815,277851.4799963393,0.0,277855.719614815,0.0,277859.959334385,0.0,277859.959334385,0.0,277851.4799963393,0.0,277855.719614815,277859.959334385,277859.959334385,0.0,0.0,277855.719614815,277855.719614815,277855.719614815,277859.959334385,277851.4799963393,277851.4799963393,277851.4799963393,0.0,277843.00106268923,277859.959334385,277855.719614815,277847.2404789625,277855.719614815,0.0,277859.959334385,277859.959334385,0.0,0.0,277847.2404789625,0.0,277859.959334385,277859.959334385,277851.4799963393,277851.4799963393,277859.959334385,277851.4799963393,277859.959334385,0.0,277855.719614815,0.0,0.0,277859.959334385,277859.959334385,0.0,0.0,0.0,277859.959334385,277838.7617475241,277859.959334385,277859.959334385,277859.959334385,277859.959334385,277859.959334385,277859.959334385,0.0,277851.4799963393,277855.719614815,0.0,277859.959334385,277859.959334385,277851.4799963393,0.0,277859.959334385,277855.719614815,0.0,277855.719614815,0.0,277855.719614815,277851.4799963393,0.0,277859.959334385,0.0,277843.00106268923,277855.719614815,277859.959334385,277859.959334385,277859.959334385,277855.719614815,0.0,277859.959334385,277859.959334385,0.0,277851.4799963393,0.0,277859.959334385,0.0,277855.719614815,0.0,0.0,277855.719614815,277851.4799963393,277855.719614815,277859.959334385,0.0,0.0,277859.959334385,277847.2404789625,277855.719614815,277855.719614815,0.0,277859.959334385,0.0,277855.719614815,277855.719614815,277855.719614815,277855.719614815,277859.959334385,0.0,277855.719614815,277859.959334385,0.0,0.0,277855.719614815,277859.959334385,0.0,277859.959334385,277859.959334385,277859.959334385,0.0,277855.719614815,0.0,0.0,0.0,277859.959334385,277855.719614815,277855.719614815,277855.719614815,277855.719614815,277859.959334385,277851.4799963393,0.0,0.0,277851.4799963393,277859.959334385,0.0,277859.959334385,277855.719614815,277855.719614815,277851.4799963393,277859.959334385,277855.719614815,277859.959334385,277859.959334385,277851.4799963393,0.0,277855.719614815,0.0,277855.719614815,277855.719614815,277859.959334385,277859.959334385,277855.719614815,277859.959334385,277859.959334385,277855.719614815,277859.959334385,0.0,0.0,0.0,277855.719614815,0.0,277859.959334385,277859.959334385,277859.959334385,277859.959334385,277859.959334385,277859.959334385,277859.959334385,277855.719614815,277855.719614815,277855.719614815,277855.719614815,277859.959334385,277859.959334385,277855.719614815,0.0,277859.959334385,277855.719614815,277847.2404789625,277859.959334385,277855.719614815,277855.719614815,277851.4799963393,277851.4799963393,0.0,0.0,277855.719614815,277859.959334385
0.0,277859.959334385,277859.959334385,277859.959334385,0.0,277859.959334385,0.0,0.0,277855.719614815,277855.719614815,0.0,277851.4799963393,277855.719614815,0.0,0.0,0.0,277859.959334385,277859.959334385,277859.959334385,277859.959334385,0.0,277859.959334385,277859.959334385,0.0,277859.959334385,0.0,277859.959334385,277859.959334385,277859.959334385,277847.2404789625,277851.4799963393,277855.719614815,277855.719614815,277855.719614815,277859.959334385,277855.719614815,277859.959334385,277859.959334385,277851.4799963393,0.0,277851.4799963393,277855.719614815,0.0,277851.4799963393,277847.2404789625,277855.719614815,277859.959334385,277859.959334385,0.0,277851.4799963393,0.0,0.0,0.0,277859.959334385,0.0,0.0,277859.959334385,0.0,277859.959334385,277859.959334385,277859.959334385,0.0,0.0,277855.719614815,0.0,0.0,277859.959334385,0.0,0.0,277859.959334385,277855.719614815,277851.4799963393,0.0,277859.959334385,0.0,277855.719614815,277855.719614815,277859.959334385,277859.959334385,277855.719614815,277859.959334385,277855.719614815,277855.719614815,277855.719614815,277847.2404789625,277843.00106268923,277851.4799963393,277847.2404789625,277859.959334385,277855.719614815,277855.719614815,277859.959334385,277859.959334385,277859.959334385,0.0,0.0,277855.719614815,277847.2404789625,277859.959334385,0.0,277859.959334385,277855.719614815,0.0,277859.959334385,277859.959334385,277843.00106268923,277851.4799963393,0.0,0.0,277859.959334385,277859.959334385,277859.959334385,0.0,0.0,277859.959334385,277859.959334385,277859.959334385,277859.959334385,277847.2404789625,277851.4799963393,277859.959334385,277859.959334385,277847.2404789625,277855.719614815,277855.719614815,277859.959334385,0.0,277859.959334385,277859.959334385,277855.719614815,277855.719614815,0.0,277859.959334385,0.0,277859.959334385,277855.719614815,277855.719614815,277859.959334385,277859.959334385,277859.959334385,277859.959334385,0.0,277859.959334385,0.0,0.0,277851.4799963393,277851.4799963393,0.0,0.0,277859.959334385,0.0,0.0,277851.4799963393,277859.959334385,0.0,0.0,277855.719614815,277855.719614815,277847.2404789625,277859.959334385,0.0,277859.959334385,277859.959334385,277855.719614815,277855.719614815,277851.4799963393,0.0,277859.959334385,0.0,277855.719614815,277851.4799963393,0.0,0.0,277859.959334385,0.0,277855.719614815,0.0,277855.719614815,0.0,277855.719614815,277859.959334385,277851.4799963393,277855.719614815,277859.959334385,277855.719614815,277855.719614815,277859.959334385,277855.719614815,277851.4799963393,277859.959334385,277855.719614815,0.0,277859.959334385,277859.959334385,277855.719614815,277855.719614815,0.0,277855.719614815,277855.719614815,277859.959334385,277859.959334385,277859.959334385,277847.2404789625,277859.959334385,277859.959334385,277859.959334385,277851.4799963393,277859.959334385,0.0,0.0,277851.4799963393,277851.4799963393,277859.959334385,277859.959334385,277859.959334385,0.0,277855.719614815,277859.959334385,277859.959334385,277847.2404789625,277859.959334385,277847.2404789625,277859.959334385,277851.4799963393,277855.719614815,0.0,277855.719614815,0.0,277855.719614815,277859.959334385,277859.959334385,277855.719614815,277859.959334385,277855.719614815,277859.959334385,277859.959334385,277851.4799963393,277851.4799963393,277859.959334385,277851.4799963393,0.0,277855.719614815,277855.719614815,277855.719614815,0.0,277855.719614815,277855.719614815,277859.959334385,277859.959334385,277859.959334385,0.0,277859.959334385,0.0,277859.959334385,277851.4799963393,277855.719614815
0.0,277851.4799963393,277851.4799963393,277851.4799963393,0.0,277859.959334385,277855.719614815,277859.959334385,0.0,277855.719614815,0.0,277851.4799963393,277859.959334385,277847.2404789625,277851.4799963393,0.0,277859.959334385,277859.959334385,277859.959334385,277859.959334385,0.0,0.0,0.0,277855.719614815,277859.959334385,0.0,277855.719614815,277851.4799963393,0.0,277855.719614815,277855.719614815,0.0,0.0,277855.719614815,0.0,277859.959334385,277859.959334385,277859.959334385,277859.959334385,0.0,277859.959334385,277855.719614815,277855.719614815,277859.959334385,277855.719614815,0.0,277859.959334385,277847.2404789625,0.0,277855.719614815,277859.959334385,277859.959334385,0.0,277855.719614815,0.0,277855.719614815,277855.719614815,277859.959334385,0.0,0.0,277855.719614815,277851.4799963393,0.0,277855.719614815,277859.959334385,277851.4799963393,277855.719614815,277859.959334385,277859.959334385,277859.959334385,277855.719614815,277859.959334385,277847.2404789625,277859.959334385,0.0,0.0,277859.959334385,277851.4799963393,277855.719614815,277859.959334385,277855.719614815,277851.4799963393,277851.4799963393,277859.959334385,0.0,277851.4799963393,277859.959334385,277855.719614815,277851.4799963393,277855.719614815,277859.959334385,0.0,0.0,0.0,277859.959334385,277859.959334385,277855.719614815,0.0,277855.719614815,277859.959334385,277859.959334385,277859.959334385,0.0,277859.959334385,277851.4799963393,0.0,277855.719614815,277851.4799963393,277859.959334385,277855.719614815,0.0,277859.959334385,0.0,0.0,277859.959334385,277859.959334385,0.0,277851.4799963393,277855.719614815,0.0,0.0,277855.719614815,0.0,277855.719614815,0.0,0.0,0.0,0.0,0.0,277851.4799963393,277859.959334385,277847.2404789625,277851.4799963393,277859.959334385,277855.719614815,277859.959334385,277859.959334385,0.0,277855.719614815,0.0,277859.959334385,277847.2404789625,277855.719614815,0.0,0.0,0.0,0.0,0.0,0.0,277859.959334385,277855.719614815,277859.959334385,277859.959334385,0.0,0.0,277859.959334385,0.0,277859.959334385,277851.4799963393,277859.959334385,277855.719614815,277859.959334385,277859.959334385,277859.959334385,277859.959334385,0.0,277851.4799963393,277851.4799963393,0.0,277851.4799963393,277855.719614815,277859.959334385,277851.4799963393,277859.959334385,277859.959334385,277859.959334385,277847.2404789625,277859.959334385,277859.959334385,277859.959334385,277859.959334385,277855.719614815,277855.719614815,277855.719614815,277859.959334385,277847.2404789625,277859.959334385,277859.959334385,277859.959334385,277859.959334385,277859.959334385,277855.719614815,277859.959334385,277847.2404789625,0.0,0.0,277851.4799963393,277859.959334385,277851.4799963393,277859.959334385,277855.719614815,277859.959334385,0.0,277855.719614815,0.0,0.0,277855.719614815,277859.959334385,277855.719614815,277859.959334385,277859.959334385,277838.7617475241,277859.959334385,277859.959334385,277847.2404789625,0.0,277859.959334385,277851.4799963393,0.0,0.0,277859.959334385,277859.959334385,277851.4799963393,277855.719614815,277859.959334385,277855.719614815,277855.719614815,0.0,277855.719614815,277855.719614815,277859.959334385,277847.2404789625,277855.719614815,277859.959334385,277859.959334385,0.0,277855.719614815,277855.719614815,0.0,0.0,0.0,0.0,277851.4799963393,0.0,0.0,0.0,0.0,277847.2404789625,277859.959334385,0.0,0.0,0.0,277859.959334385,0.0,277855.719614815,277859.959334385
0.0,277855.719614815,277859.959334385,277851.4799963393,277855.719614815,277859.959334385,277855.719614815,277851.4799963393,277859.959334385,277859.959334385,277855.719614815,0.0,277851.4799963393,277859.959334385,277859.959334385,277859.959334385,277859.959334385,277859.959334385,0.0,277859.959334385,277855.719614815,0.0,277851.4799963393,277843.00106268923,0.0,277855.719614815,0.0,277851.4799963393,277859.959334385,0.0,277859.959334385,277855.719614815,0.0,277855.719614815,277855.719614815,277851.4799963393,0.0,277847.2404789625,277855.719614815,277859.959334385,277859.959334385,277847.2404789625,277855.719614815,277855.719614815,277855.719614815,277851.4799963393,277855.719614815,277859.959334385,277855.719614815,277855.719614815,277859.959334385,277859.959334385,277859.959334385,277859.959334385,277851.4799963393,0.0,277859.959334385,277855.719614815,277859.959334385,277851.4799963393,277855.719614815,0.0,0.0,277859.959334385,277859.959334385,277855.719614815,0.0,277859.959334385,277859.959334385,277859.959334385,277859.959334385,277859.959334385,277859.959334385,277851.4799963393,277859.959334385,277851.4799963393,277859.959334385,0.0,0.0,277859.959334385,277859.959334385,277851.4799963393,277855.719614815,277855.719614815,0.0,277859.959334385,277859.959334385,0.0,277847.2404789625,0.0,0.0,277859.959334385,277851.4799963393,277859.959334385,277855.719614815,0.0,0.0,277851.4799963393,277855.719614815,0.0,0.0,277859.959334385,277855.719614815,277855.719614815,277859.959334385,277851.4799963393,277859.959334385,277855.719614815,277851.4799963393,0.0,277859.959334385,277851.4799963393,277859.959334385,277859.959334385,277859.959334385,0.0,0.0,277859.959334385,277855.719614815,0.0,277859.959334385,277859.959334385,277859.959334385,277855.719614815,277855.719614815,0.0,277859.959334385,277855.719614815,277859.959334385,0.0,277859.959334385,277855.719614815,0.0,277851.4799963393,277855.719614815,277847.2404789625,0.0,277859.959334385,277859.959334385,0.0,277855.719614815,277859.959334385,277859.959334385,0.0,277855.719614815,277855.719614815,277859.959334385,0.0,277855.719614815,0.0,277855.719614815,277859.959334385,0.0,277859.959334385,277847.2404789625,0.0,277855.719614815,0.0,277859.959334385,277855.719614815,277859.959334385,277851.4799963393,277859.959334385,277859.959334385,277847.2404789625,277859.959334385,277859.959334385,277851.4799963393,277855.719614815,277847.2404789625,277855.719614815,277851.4799963393,277859.959334385,277855.719614815,0.0,277855.719614815,277859.959334385,277859.959334385,0.0,0.0,277855.719614815,277855.719614815,277859.959334385,277851.4799963393,0.0,277855.719614815,277859.959334385,0.0,0.0,0.0,277859.959334385,0.0,277855.719614815,277859.959334385,277859.959334385,277859.959334385,277851.4799963393,277859.959334385,0.0,0.0,277859.959334385,277859.959334385,277859.959334385,0.0,277859.959334385,0.0,277855.719614815,0.0,0.0,277855.719614815,0.0,277859.959334385,277859.959334385,277859.959334385,277859.959334385,277855.719614815,277851.4799963393,277859.959334385,277859.959334385,277855.719614815,277859.959334385,277855.719614815,277855.719614815,277855.719614815,277851.4799963393,277859.959334385,277855.719614815,277851.4799963393,0.0,277855.719614815,277855.719614815,277859.959334385,277855.719614815,277859.959334385,277859.959334385,277859.959334385,277859.959334385,0.0,277855.719614815,277855.719614815,277855.719614815,0.0,277851.4799963393,277855.719614815,277859.959334385,277859.959334385,277855.719614815,277859.959334385,277859.959334385,277855.719614815,277855.719614815,277859.959334385,277855.719614815,277859.959334385,277859.959334385,277855.719614815
277859.959334385,0.0,277859.959334385,277855.719614815,277847.2404789625,277851.4799963393,277851.4799963393,277859.959334385,277851.4799963393,0.0,277859.959334385,277851.4799963393,277859.959334385,277859.959334385,0.0,277859.959334385,0.0,277851.4799963393,0.0,277851.4799963393,0.0,0.0,0.0,277859.959334385,0.0,0.0,277855.719614815,0.0,277859.959334385,277859.959334385,277855.719614815,277859.959334385,277859.959334385,277855.719614815,277855.719614815,0.0,277855.719614815,277859.959334385,277859.959334385,0.0,277851.4799963393,277851.4799963393,277855.719614815,277851.4799963393,277859.959334385,0.0,277838.7617475241,277855.719614815,277855.719614815,277859.959334385,277855.719614815,0.0,277859.959334385,277855.719614815,277855.719614815,0.0,277859.959334385,277855.719614815,277859.959334385,277859.959334385,0.0,0.0,277855.719614815,277859.959334385,0.0,277859.959334385,277859.959334385,277859.959334385,0.0,0.0,0.0,0.0,277859.959334385,277851.4799963393,277859.959334385,0.0,0.0,277859.959334385,277855.719614815,0.0,277859.959334385,277859.959334385,277851.4799963393,277859.959334385,277859.959334385,277859.959334385,0.0,0.0,277855.719614815,277859.959334385,277859.959334385,0.0,0.0,277855.719614815,0.0,277859.959334385,277855.719614815,277851.4799963393,277859.959334385,277859.959334385,0.0,277859.959334385,277859.959334385,277855.719614815,277859.959334385,277855.719614815,0.0,277855.719614815,277859.959334385,277855.719614815,277847.2404789625,277859.959334385,277855.719614815,277851.4799963393,277859.959334385,277859.959334385,277859.959334385,0.0,277859.959334385,277855.719614815,277859.959334385,277859.959334385,277859.959334385,0.0,277859.959334385,0.0,277859.959334385,277859.959334385,277859.959334385,277859.959334385,277859.959334385,0.0,277859.959334385,277859.959334385,0.0,277859.959334385,0.0,277859.959334385,277843.00106268923,277851.4799963393,277859.959334385,0.0,277859.959334385,0.0,277851.4799963393,277855.719614815,277855.719614815,277859.959334385,277859.959334385,277859.959334385,277859.959334385,277859.959334385,0.0,277859.959334385,277859.959334385,277859.959334385,277855.719614815,277855.719614815,277851.4799963393,277851.4799963393,277859.959334385,277859.959334385,277843.00106268923,0.0,277859.959334385,0.0,277855.719614815,277847.2404789625,277859.959334385,277859.959334385,0.0,277855.719614815,277859.959334385,0.0,277859.959334385,277851.4799963393,277859.959334385,0.0,277855.719614815,277859.959334385,277859.959334385,0.0,277855.719614815,277855.719614815,277859.959334385,277851.4799963393,277859.959334385,277855.719614815,0.0,277855.719614815,0.0,277859.959334385,277859.959334385,0.0,277855.719614815,277855.719614815,277855.719614815,277855.719614815,277859.959334385,277855.719614815,277851.4799963393,277855.719614815,277855.719614815,277855.719614815,277847.2404789625,277855.719614815,0.0,277855.719614815,277859.959334385,277855.719614815,277859.959334385,0.0,277855.719614815,277851.4799963393,277859.959334385,277851.4799963393,277847.2404789625,277855.719614815,277855.719614815,277855.719614815,277855.719614815,277859.959334385,277851.4799963393,0.0,0.0,0.0,0.0,277859.959334385,0.0,0.0,277859.959334385,277851.4799963393,0.0,277859.959334385,277855.719614815,0.0,0.0,277851.4799963393,277859.959334385,277859.959334385,277855.719614815,0.0,277859.959334385,0.0,277859.959334385,277859.959334385,277859.959334385,277855.719614815,277859.959334385,277855.719614815,0.0,277859.959334385,277859.959334385,277859.959334385,277855.719614815,277859.959334385
277859.959334385,277859.959334385,277859.959334385,0.0,0.0,0.0,277851.4799963393,0.0,277855.719614815,0.0,277851.4799963393,277859.959334385,277838.7617475241,0.0,277859.959334385,277855.719614815,277855.719614815,277859.959334385,0.0,0.0,277851.4799963393,277851.4799963393,277859.959334385,277859.959334385,0.0,277855.719614815,0.0,277855.719614815,277859.959334385,0.0,277855.719614815,0.0,277855.719614815,277855.719614815,0.0,0.0,277859.959334385,277855.719614815,277847.2404789625,277851.4799963393,277851.4799963393,277859.959334385,277855.719614815,277859.959334385,277859.959334385,277859.959334385,0.0,0.0,277859.959334385,277859.959334385,0.0,277859.959334385,277851.4799963393,277859.959334385,277859.959334385,277859.959334385,277851.4799963393,0.0,277855.719614815,277855.719614815,277847.2404789625,277847.2404789625,277855.719614815,0.0,277859.959334385,277851.4799963393,277855.719614815,277855.719614815,277855.719614815,0.0,277859.959334385,277859.959334385,277859.959334385,277859.959334385,277859.959334385,277851.4799963393,277859.959334385,277859.959334385,277859.959334385,277855.719614815,0.0,0.0,277855.719614815,277859.959334385,277859.959334385,277859.959334385,277851.4799963393,277859.959334385,0.0,0.0,277851.4799963393,0.0,277855.719614815,277855.719614815,277859.959334385,277851.4799963393,0.0,277859.959334385,277859.959334385,0.0,277847.2404789625,277859.959334385,0.0,277847.2404789625,277859.959334385,277859.959334385,0.0,0.0,277859.959334385,0.0,277859.959334385,277859.959334385,277859.959334385,0.0,277855.719614815,277855.719614815,277855.719614815,0.0,277859.959334385,277855.719614815,277855.719614815,0.0,277851.4799963393,277855.719614815,277859.959334385,277855.719614815,277855.719614815,0.0,277851.4799963393,277855.719614815,277859.959334385,277855.719614815,277855.719614815,0.0,277859.959334385,277855.719614815,277855.719614815,277851.4799963393,277859.959334385,277855.719614815,0.0,277859.959334385,277859.959334385,277855.719614815,277855.719614815,277859.959334385,277851.4799963393,277859.959334385,277859.959334385,277855.719614815,277851.4799963393,277859.959334385,0.0,0.0,277855.719614815,0.0,277859.959334385,277859.959334385,277847.2404789625,277855.719614815,277859.959334385,277859.959334385,277859.959334385,277855.719614815,277859.959334385,277855.719614815,277855.719614815,277859.959334385,277859.959334385,0.0,277859.959334385,0.0,0.0,277855.719614815,0.0,277855.719614815,277859.959334385,277859.959334385,277855.719614815,277859.959334385,277855.719614815,277855.719614815,277851.4799963393,277855.719614815,277859.959334385,0.0,277859.959334385,277859.959334385,277855.719614815,277859.959334385,277855.719614815,0.0,277855.719614815,0.0,0.0,0.0,277859.959334385,277859.959334385,277859.959334385,0.0,277851.4799963393,277859.959334385,277855.719614815,277843.00106268923,277859.959334385,277855.719614815,277859.959334385,277859.959334385,277855.719614815,277859.959334385,0.0,277859.959334385,0.0,0.0,277859.959334385,0.0,0.0,0.0,277859.959334385,277859.959334385,0.0,277855.719614815,0.0,277859.959334385,0.0,0.0,277859.959334385,277859.959334385,277855.719614815,277851.4799963393,277859.959334385,0.0,277859.959334385,277859.959334385,277859.959334385,0.0,277843.00106268923,277855.719614815,277859.959334385,277847.2404789625,277847.2404789625,277855.719614815,277859.959334385,0.0,277859.959334385,277851.4799963393,0.0,277855.719614815,277859.959334385,0.0,0.0,277851.4799963393,0.0,277851.4799963393,277859.959334385,277859.959334385
277855.719614815,277851.4799963393,0.0,277859.959334385,0.0,0.0,0.0,277859.959334385,277855.719614815,277859.959334385,277859.959334385,277859.959334385,277859.959334385,277851.4799963393,277859.959334385,277859.959334385,277859.959334385,277851.4799963393,277859.959334385,277855.719614815,277859.959334385,277859.959334385,0.0,277855.719614815,0.0,277859.959334385,277855.719614815,277855.719614815,0.0,277859.959334385,277859.959334385,0.0,277855.719614815,277855.719614815,277855.719614815,277847.2404789625,0.0,277855.719614815,277859.959334385,277855.719614815,277855.719614815,277851.4799963393,0.0,277859.959334385,277859.959334385,277859.959334385,0.0,277859.959334385,277859.959334385,277859.959334385,277859.959334385,277855.719614815,277859.959334385,277859.959334385,277851.4799963393,0.0,277855.719614815,0.0,0.0,277855.719614815,0.0,0.0,0.0,0.0,0.0,277855.719614815,277855.719614815,0.0,0.0,277859.959334385,277855.719614815,277859.959334385,277847.2404789625,0.0,277855.719614815,277855.719614815,277859.959334385,277851.4799963393,277859.959334385,0.0,277859.959334385,277859.959334385,277859.959334385,0.0,277855.719614815,277851.4799963393,277859.959334385,0.0,277859.959334385,277859.959334385,277855.719614815,277851.4799963393,0.0,277859.959334385,277855.719614815,277855.719614815,277859.959334385,277859.959334385,277859.959334385,277855.719614815,277859.959334385,0.0,277859.959334385,277859.959334385,0.0,277855.719614815,277851.4799963393,277859.959334385,0.0,277859.959334385,277859.959334385,277855.719614815,277859.959334385,277859.959334385,277859.959334385,277859.959334385,277851.4799963393,277855.719614815,277859.959334385,277859.959334385,277851.4799963393,277859.959334385,277855.719614815,277859.959334385,277855.719614815,277851.4799963393,277855.719614815,277855.719614815,277855.719614815,0.0,277859.959334385,0.0,277859.959334385,277859.959334385,277851.4799963393,0.0,0.0,277859.959334385,277855.719614815,277859.959334385,0.0,0.0,277851.4799963393,277859.959334385,277847.2404789625,277855.719614815,277855.719614815,277847.2404789625,277859.959334385,277851.4799963393,0.0,0.0,0.0,277859.959334385,277859.959334385,277855.719614815,277855.719614815,0.0,277859.959334385,277859.959334385,277859.959334385,0.0,277859.959334385,0.0,277855.719614815,277859.959334385,277859.959334385,277855.719614815,0.0,277859.959334385,277859.959334385,277851.4799963393,277847.2404789625,277851.4799963393,277859.959334385,277855.719614815,277859.959334385,277859.959334385,277859.959334385,0.0,277859.959334385,0.0,277851.4799963393,277855.719614815,277859.959334385,0.0,277859.959334385,0.0,277855.719614815,277847.2404789625,277859.959334385,277859.959334385,0.0,0.0,277859.959334385,277859.959334385,0.0,0.0,277859.959334385,277855.719614815,0.0,277859.959334385,277859.959334385,277855.719614815,0.0,277851.4799963393,277859.959334385,277859.959334385,0.0,277859.959334385,277859.959334385,277855.719614815,0.0,0.0,277859.959334385,277851.4799963393,277859.959334385,277859.959334385,277855.719614815,277859.959334385,277859.959334385,277855.719614815,277855.719614815,277851.4799963393,277859.959334385,277855.719614815,0.0,277859.959334385,277847.2404789625,277855.719614815,277855.719614815,0.0,0.0,0.0,277851.4799963393,277859.959334385,277859.959334385,0.0,277847.2404789625,277847.2404789625,277855.719614815,277859.959334385,277855.719614815,0.0,277859.959334385,277859.959334385,277855.719614815,277859.959334385,277859.959334385,277859.959334385,0.0,277851.4799963393,0.0,0.0,277859.959334385,277859.959334385
277859.959334385,277859.959334385,277859.959334385,277859.959334385,277859.959334385,277855.719614815,277851.4799963393,277851.4799963393,277855.719614815,0.0,277859.959334385,0.0,0.0,277855.719614815,277859.959334385,277843.00106268923,0.0,277859.959334385,277855.719614815,277859.959334385,277859.959334385,277859.959334385,0.0,0.0,277855.719614815,277859.959334385,277855.719614815,277847.2404789625,277859.959334385,0.0,0.0,277855.719614815,0.0,277855.719614815,277859.959334385,277859.959334385,277859.959334385,0.0,277859.959334385,277859.959334385,277859.959334385,277855.719614815,0.0,277855.719614815,277855.719614815,277859.959334385,277859.959334385,277855.719614815,277859.959334385,277859.959334385,0.0,277855.719614815,277859.959334385,277855.719614815,277859.959334385,0.0,277859.959334385,277859.959334385,277855.719614815,277855.719614815,277855.719614815,277859.959334385,277855.719614815,277855.719614815,277859.959334385,277855.719614815,277859.959334385,0.0,0.0,277855.719614815,277855.719614815,277855.719614815,0.0,277851.4799963393,0.0,277859.959334385,277843.00106268923,277859.959334385,0.0,0.0,277855.719614815,277859.959334385,277851.4799963393,277855.719614815,277859.959334385,277855.719614815,277859.959334385,277838.7617475241,277855.719614815,0.0,0.0,277847.2404789625,277851.4799963393,277855.719614815,277855.719614815,277859.959334385,0.0,0.0,0.0,277859.959334385,277859.959334385,277859.959334385,0.0,277855.719614815,277851.4799963393,277859.959334385,277859.959334385,277859.959334385,277859.959334385,277859.959334385,277859.959334385,0.0,277847.2404789625,277855.719614815,277859.959334385,0.0,277855.719614815,277855.719614815,0.0,0.0,277859.959334385,0.0,277855.719614815,277855.719614815,277859.959334385,277859.959334385,277859.959334385,0.0,277859.959334385,0.0,277859.959334385,277859.959334385,277859.959334385,277838.7617475241,277855.719614815,277851.4799963393,277855.719614815,277859.959334385,0.0,0.0,277851.4799963393,277855.719614815,277859.959334385,0.0,277855.719614815,0.0,0.0,277855.719614815,0.0,0.0,277855.719614815,277855.719614815,277855.719614815,277851.4799963393,277855.719614815,0.0,277859.959334385,0.0,0.0,277859.959334385,277859.959334385,0.0,277859.959334385,277855.719614815,277855.719614815,277859.959334385,277859.959334385,277855.719614815,277855.719614815,277847.2404789625,277855.719614815,277855.719614815,277855.719614815,277859.959334385,277855.719614815,277859.959334385,277847.2404789625,0.0,277851.4799963393,0.0,277855.719614815,277855.719614815,0.0,0.0,277859.959334385,277851.4799963393,0.0,277859.959334385,277851.4799963393,0.0,277859.959334385,277859.959334385,277859.959334385,277859.959334385,277859.959334385,0.0,277855.719614815,277859.959334385,0.0,277859.959334385,0.0,0.0,277851.4799963393,277859.959334385,277851.4799963393,0.0,277855.719614815,277847.2404789625,277855.719614815,277855.719614815,277859.959334385,277855.719614815,277855.719614815,0.0,277855.719614815,0.0,277855.719614815,277859.959334385,0.0,277855.719614815,277855.719614815,277855.719614815,0.0,277855.719614815,277855.719614815,277851.4799963393,277859.959334385,277855.719614815,0.0,0.0,277843.00106268923,277851.4799963393,277855.719614815,277859.959334385,277851.4799963393,0.0,277859.959334385,277855.719614815,0.0,277859.959334385,277859.959334385,277851.4799963393,277855.719614815,277855.719614815,0.0,0.0,277855.719614815,277855.719614815,277859.959334385,277859.959334385,0.0,277855.719614815,277851.4799963393,277859.959334385,277859.959334385,277847.2404789625
277859.959334385,0.0,277859.959334385,0.0,0.0,0.0,277859.959334385,0.0,277859.959334385,277859.959334385,277859.959334385,277847.2404789625,277855.719614815,0.0,277855.719614815,277855.719614815,277855.719614815,277859.959334385,0.0,0.0,277855.719614815,0.0,277851.4799963393,0.0,277855.719614815,277859.959334385,277859.959334385,0.0,277859.959334385,277855.719614815,277855.719614815,277855.719614815,277855.719614815,277851.4799963393,0.0,277855.719614815,0.0,277855.719614815,0.0,0.0,277855.719614815,277859.959334385,0.0,277859.959334385,277855.719614815,277855.719614815,277855.719614815,0.0,277859.959334385,0.0,277859.959334385,277859.959334385,277851.4799963393,277859.959334385,277859.959334385,277855.719614815,277859.959334385,277855.719614815,277847.2404789625,277851.4799963393,277851.4799963393,277859.959334385,0.0,0.0,277855.719614815,277859.959334385,0.0,277859.959334385,277851.4799963393,277847.2404789625,277851.4799963393,277855.719614815,0.0,277859.959334385,277855.719614815,0.0,0.0,277859.959334385,277859.959334385,277859.959334385,277859.959334385,277855.719614815,277855.719614815,0.0,277855.719614815,277859.959334385,277855.719614815,277859.959334385,277859.959334385,277855.719614815,0.0,0.0,0.0,277855.719614815,0.0,277855.719614815,277851.4799963393,277855.719614815,277855.719614815,277855.719614815,277859.959334385,277859.959334385,277851.4799963393,277843.00106268923,277851.4799963393,277851.4799963393,277859.959334385,277859.959334385,277851.4799963393,277851.4799963393,277859.959334385,0.0,277859.959334385,277851.4799963393,277855.719614815,277855.719614815,277855.719614815,277855.719614815,277859.959334385,277855.719614815,277855.719614815,0.0,0.0,277859.959334385,277855.719614815,277859.959334385,277859.959334385,277859.959334385,277859.959334385,277851.4799963393,277847.2404789625,277851.4799963393,0.0,0.0,277859.959334385,277855.719614815,277851.4799963393,277859.959334385,0.0,277847.2404789625,277855.719614815,0.0,277851.4799963393,277859.959334385,277859.959334385,277859.959334385,277859.959334385,277855.719614815,277859.959334385,277859.959334385,277859.959334385,0.0,0.0,277847.2404789625,277859.959334385,277855.719614815,277843.00106268923,277859.959334385,277859.959334385,277855.719614815,277859.959334385,277859.959334385,277859.959334385,0.0,0.0,277859.959334385,0.0,277855.719614815,0.0,277855.719614815,277859.959334385,277855.719614815,0.0,0.0,277859.959334385,277859.959334385,0.0,277855.719614815,277855.719614815,277859.959334385,0.0,277859.959334385,277851.4799963393,0.0,277859.959334385,277855.719614815,0.0,277855.719614815,277855.719614815,0.0,277855.719614815,0.0,277851.4799963393,277859.959334385,277859.959334385,277855.719614815,277855.719614815,277855.719614815,277851.4799963393,277859.959334385,277855.719614815,277859.959334385,277859.959334385,277855.719614815,277859.959334385,277859.959334385,277855.719614815,277851.4799963393,277855.719614815,0.0,0.0,277851.4799963393,277847.2404789625,277855.719614815,277859.959334385,277859.959334385,277859.959334385,0.0,0.0,277859.959334385,277859.959334385,0.0,277859.959334385,0.0,0.0,277859.959334385,277859.959334385,277855.719614815,277855.719614815,0.0,0.0,277847.2404789625,277855.719614815,0.0,277855.719614815,277855.719614815,277851.4799963393,0.0,277859.959334385,277859.959334385,277859.959334385,277859.959334385,0.0,0.0,277859.959334385,277855.719614815,277859.959334385,277855.719614815,0.0,277859.959334385,277855.719614815,277859.959334385,277859.959334385,0.0,277859.959334385,277855.719614815
0.0,277859.959334385,277855.719614815,277859.959334385,277859.959334385,277859.959334385,277855.719614815,277859.959334385,0.0,0.0,277855.719614815,277859.959334385,277859.959334385,277855.719614815,277859.959334385,0.0,0.0,0.0,0.0,277855.719614815,277855.719614815,277855.719614815,277859.959334385,277851.4799963393,0.0,0.0,277859.959334385,277859.959334385,0.0,277847.2404789625,0.0,277859.959334385,0.0,0.0,277847.2404789625,277855.719614815,277859.959334385,0.0,0.0,277859.959334385,0.0,277855.719614815,277859.959334385,277851.4799963393,277851.4799963393,277859.959334385,277859.959334385,277855.719614815,0.0,0.0,277851.4799963393,277859.959334385,0.0,0.0,277855.719614815,277855.719614815,0.0,0.0,277851.4799963393,277859.959334385,277859.959334385,277859.959334385,0.0,277855.719614815,0.0,277855.719614815,277855.719614815,277843.00106268923,0.0,0.0,277859.959334385,277859.959334385,277855.719614815,0.0,277859.959334385,277859.959334385,277859.959334385,277847.2404789625,277859.959334385,0.0,0.0,277847.2404789625,277859.959334385,277855.719614815,277855.719614815,277843.00106268923,277859.959334385,0.0,0.0,277859.959334385,0.0,277859.959334385,277855.719614815,277855.719614815,277859.959334385,0.0,277859.959334385,277855.719614815,277855.719614815,0.0,0.0,277855.719614815,277859.959334385,277859.959334385,0.0,277859.959334385,0.0,277859.959334385,0.0,0.0,277859.959334385,277859.959334385,0.0,277851.4799963393,0.0,0.0,277859.959334385,277859.959334385,0.0,0.0,277859.959334385,0.0,277851.4799963393,277855.719614815,0.0,277851.4799963393,277855.719614815,277851.4799963393,277859.959334385,0.0,0.0,277855.719614815,277855.719614815,277859.959334385,277859.959334385,277859.959334385,277855.719614815,277851.4799963393,0.0,277851.4799963393,277855.719614815,277859.959334385,277859.959334385,0.0,277855.719614815,277859.959334385,277855.719614815,0.0,277855.719614815,277855.719614815,0.0,277859.959334385,0.0,0.0,277847.2404789625,277859.959334385,277855.719614815,0.0,277859.959334385,277859.959334385,277855.719614815,277855.719614815,277859.959334385,277843.00106268923,277859.959334385,0.0,277851.4799963393,277859.959334385,277851.4799963393,277851.4799963393,277855.719614815,0.0,277855.719614815,0.0,277859.959334385,0.0,277855.719614815,277859.959334385,277855.719614815,0.0,277851.4799963393,277855.719614815,0.0,277859.959334385,277859.959334385,0.0,277859.959334385,277855.719614815,277859.959334385,0.0,277855.719614815,277859.959334385,0.0,0.0,277851.4799963393,277859.959334385,277859.959334385,277859.959334385,277855.719614815,277847.2404789625,0.0,0.0,277851.4799963393,277859.959334385,277855.719614815,277855.719614815,277855.719614815,0.0,0.0,277847.2404789625,277859.959334385,277847.2404789625,277851.4799963393,277859.959334385,277859.959334385,277859.959334385,0.0,277855.719614815,0.0,277859.959334385,0.0,277859.959334385,277859.959334385,0.0,277851.4799963393,277855.719614815,277859.959334385,277859.959334385,277855.719614815,277855.719614815,277851.4799963393,277855.719614815,0.0,277859.959334385,0.0,0.0,277859.959334385,0.0,277859.959334385,0.0,277855.719614815,0.0,0.0,277855.719614815,0.0,277859.959334385,0.0,277847.2404789625,277859.959334385,277855.719614815,277859.959334385,277859.959334385,277855.719614815,0.0,277855.719614815,277859.959334385
0.0,277855.719614815,277855.719614815,0.0,277855.719614815,277851.4799963393,277855.719614815,277859.959334385,277851.4799963393,277859.959334385,277851.4799963393,277859.959334385,277855.719614815,0.0,277859.959334385,0.0,0.0,277859.959334385,0.0,277855.719614815,0.0,0.0,0.0,277855.719614815,277859.959334385,277859.959334385,0.0,277855.719614815,277859.959334385,0.0,277859.959334385,277859.959334385,277855.719614815,277859.959334385,277847.2404789625,277855.719614815,277859.959334385,277855.719614815,0.0,277859.959334385,277859.959334385,0.0,277855.719614815,277859.959334385,277859.959334385,0.0,277855.719614815,277855.719614815,0.0,277855.719614815,277859.959334385,277859.959334385,0.0,0.0,277851.4799963393,277859.959334385,277859.959334385,277855.719614815,277859.959334385,277855.719614815,277859.959334385,0.0,0.0,277859.959334385,277859.959334385,0.0,277855.719614815,277851.4799963393,277859.959334385,277859.959334385,277859.959334385,277859.959334385,277851.4799963393,277855.719614815,277851.4799963393,277859.959334385,277859.959334385,277859.959334385,277859.959334385,277859.959334385,277859.959334385,0.0,277855.719614815,0.0,277859.959334385,277851.4799963393,277851.4799963393,277851.4799963393,0.0,277855.719614815,0.0,0.0,277855.719614815,277859.959334385,277859.959334385,0.0,0.0,0.0,277851.4799963393,277851.4799963393,277859.959334385,277855.719614815,277851.4799963393,277851.4799963393,0.0,0.0,277855.719614815,277859.959334385,277859.959334385,277855.719614815,0.0,277855.719614815,277851.4799963393,0.0,277859.959334385,277855.719614815,277859.959334385,277859.959334385,277859.959334385,0.0,277859.959334385,277855.719614815,0.0,277855.719614815,277859.959334385,277859.959334385,277859.959334385,277855.719614815,277859.959334385,0.0,277859.959334385,277859.959334385,277859.959334385,277855.719614815,277859.959334385,0.0,277855.719614815,277855.719614815,277843.00106268923,0.0,277859.959334385,277855.719614815,277855.719614815,277851.4799963393,277859.959334385,277851.4799963393,277859.959334385,277855.719614815,277859.959334385,0.0,277855.719614815,277855.719614815,277859.959334385,0.0,277851.4799963393,277859.959334385,277859.959334385,0.0,277859.959334385,277859.959334385,277851.4799963393,277859.959334385,277859.959334385,277851.4799963393,277859.959334385,277859.959334385,277851.4799963393,277855.719614815,0.0,277855.719614815,277855.719614815,277855.719614815,277855.719614815,277859.959334385,277859.959334385,0.0,277847.2404789625,277847.2404789625,277847.2404789625,277847.2404789625,277855.719614815,277851.4799963393,0.0,277851.4799963393,277859.959334385,277859.959334385,277859.959334385,0.0,0.0,277859.959334385,277855.719614815,277855.719614815,277855.719614815,277851.4799963393,277859.959334385,0.0,0.0,277859.959334385,0.0,277851.4799963393,277859.959334385,0.0,277855.719614815,0.0,277859.959334385,277859.959334385,277851.4799963393,277859.959334385,277859.959334385,0.0,277859.959334385,0.0,277859.959334385,0.0,277851.4799963393,277859.959334385,0.0,277859.959334385,277855.719614815,0.0,277859.959334385,277847.2404789625,0.0,277843.00106268923,277859.959334385,0.0,277859.959334385,277851.4799963393,277859.959334385,277855.719614815,277855.719614815,277859.959334385,277855.719614815,277859.959334385,277855.719614815,277855.719614815,0.0,277859.959334385,0.0,277859.959334385,277851.4799963393,277855.719614815,277855.719614815,277855.719614815,277838.7617475241,0.0,277851.4799963393,277859.959334385,277851.4799963393,0.0,277855.719614815,0.0,277847.2404789625,0.0,277847.2404789625,0.0
277851.4799963393,0.0,277851.4799963393,277859.959334385,0.0,277847.2404789625,277855.719614815,0.0,277855.719614815,277847.2404789625,0.0,277859.959334385,277859.959334385,0.0,277847.2404789625,277859.959334385,0.0,277859.959334385,277859.959334385,277855.719614815,0.0,0.0,0.0,0.0,0.0,277859.959334385,0.0,277851.4799963393,277855.719614815,0.0,277855.719614815,277855.719614815,277859.959334385,277859.959334385,277855.719614815,277859.959334385,277859.959334385,0.0,0.0,277851.4799963393,0.0,277855.719614815,277855.719614815,277855.719614815,277859.959334385,277859.959334385,277859.959334385,277855.719614815,277855.719614815,277847.2404789625,277855.719614815,277851.4799963393,277859.959334385,277859.959334385,277859.959334385,277859.959334385,0.0,277859.959334385,277855.719614815,277855.719614815,277859.959334385,0.0,277859.959334385,277859.959334385,0.0,0.0,277851.4799963393,0.0,277859.959334385,277859.959334385,277855.719614815,277851.4799963393,0.0,277851.4799963393,277859.959334385,277859.959334385,0.0,277859.959334385,277855.719614815,277859.959334385,0.0,277855.719614815,277859.959334385,0.0,0.0,277859.959334385,0.0,0.0,277859.959334385,277859.959334385,277855.719614815,277855.719614815,277851.4799963393,0.0,0.0,277859.959334385,277851.4799963393,0.0,277859.959334385,0.0,277851.4799963393,277859.959334385,0.0,0.0,277859.959334385,0.0,277859.959334385,277855.719614815,0.0,277859.959334385,0.0,277859.959334385,277851.4799963393,277855.719614815,277855.719614815,277851.4799963393,277859.959334385,277851.4799963393,277859.959334385,0.0,0.0,277859.959334385,277859.959334385,277851.4799963393,277859.959334385,0.0,0.0,277859.959334385,277855.719614815,0.0,277855.719614815,277859.959334385,277855.719614815,277855.719614815,277859.959334385,277851.4799963393,277855.719614815,277851.4799963393,277859.959334385,0.0,277859.959334385,277859.959334385,277859.959334385,277855.719614815,277851.4799963393,277855.719614815,0.0,277855.719614815,0.0,277855.719614815,0.0,0.0,277851.4799963393,0.0,277855.719614815,277859.959334385,277855.719614815,0.0,0.0,277855.719614815,277859.959334385,0.0,277855.719614815,277855.719614815,277855.719614815,277855.719614815,277855.719614815,0.0,277859.959334385,0.0,0.0,277859.959334385,0.0,0.0,277859.959334385,277855.719614815,0.0,277859.959334385,277855.719614815,277859.959334385,277859.959334385,277855.719614815,0.0,0.0,277859.959334385,277859.959334385,277855.719614815,277859.959334385,277859.959334385,0.0,277851.4799963393,0.0,0.0,0.0,277847.2404789625,0.0,277843.00106268923,277859.959334385,277859.959334385,277859.959334385,277859.959334385,277859.959334385,277855.719614815,277859.959334385,277859.959334385,0.0,277851.4799963393,277855.719614815,0.0,277859.959334385,277855.719614815,0.0,277851.4799963393,277859.959334385,277859.959334385,277855.719614815,0.0,0.0,277859.959334385,277855.719614815,0.0,277855.719614815,277855.719614815,0.0,277855.719614815,0.0,277859.959334385,277859.959334385,277859.959334385,0.0,277859.959334385,277859.959334385,277859.959334385,277847.2404789625,277859.959334385,277859.959334385,0.0,0.0,0.0,0.0,277859.959334385,0.0,277851.4799963393,0.0,277859.959334385,0.0,277859.959334385,277859.959334385,277855.719614815,277851.4799963393,277843.00106268923,277855.719614815,0.0,0.0,277855.719614815,0.0
277855.719614815,277855.719614815,277859.959334385,277855.719614815,0.0,0.0,277855.719614815,277859.959334385,277859.959334385,0.0,277855.719614815,277859.959334385,277855.719614815,0.0,0.0,0.0,0.0,0.0,277859.959334385,0.0,277859.959334385,277859.959334385,277855.719614815,277851.4799963393,277859.959334385,0.0,277855.719614815,0.0,277855.719614815,277855.719614815,277859.959334385,277859.959334385,277859.959334385,277855.719614815,0.0,0.0,277859.959334385,0.0,277859.959334385,0.0,0.0,0.0,277855.719614815,0.0,0.0,277855.719614815,277859.959334385,0.0,0.0,277855.719614815,277859.959334385,277847.2404789625,0.0,277855.719614815,0.0,0.0,277851.4799963393,277859.959334385,0.0,0.0,277859.959334385,0.0,277855.719614815,0.0,277859.959334385,277855.719614815,277859.959334385,277847.2404789625,277851.4799963393,0.0,277859.959334385,277855.719614815,277855.719614815,277859.959334385,277859.959334385,277859.959334385,277859.959334385,277859.959334385,277847.2404789625,0.0,0.0,277855.719614815,277855.719614815,277851.4799963393,0.0,0.0,277855.719614815,0.0,277859.959334385,277851.4799963393,0.0,277859.959334385,277859.959334385,277851.4799963393,277855.719614815,0.0,277851.4799963393,277859.959334385,277855.719614815,277851.4799963393,277851.4799963393,277851.4799963393,277859.959334385,277859.959334385,277855.719614815,277847.2404789625,277847.2404789625,277859.959334385,277855.719614815,277847.2404789625,277838.7617475241,277855.719614815,277847.2404789625,277859.959334385,0.0,277859.959334385,0.0,277859.959334385,277859.959334385,0.0,277859.959334385,277859.959334385,0.0,277855.719614815,0.0,277859.959334385,277843.00106268923,277859.959334385,0.0,277859.959334385,0.0,0.0,0.0,0.0,277859.959334385,277855.719614815,0.0,277859.959334385,277859.959334385,0.0,277855.719614815,0.0,277859.959334385,0.0,277855.719614815,277859.959334385,277847.2404789625,0.0,277855.719614815,277859.959334385,277855.719614815,277855.719614815,277859.959334385,277859.959334385,277851.4799963393,277859.959334385,277855.719614815,277859.959334385,277855.719614815,0.0,277859.959334385,277859.959334385,277855.719614815,277859.959334385,0.0,0.0,0.0,277859.959334385,277847.2404789625,277855.719614815,277859.959334385,277855.719614815,277859.959334385,277859.959334385,0.0,0.0,277855.719614815,277855.719614815,277859.959334385,0.0,277859.959334385,277859.959334385,0.0,0.0,277859.959334385,277851.4799963393,277859.959334385,277855.719614815,0.0,277859.959334385,277851.4799963393,277855.719614815,0.0,277851.4799963393,277859.959334385,0.0,277855.719614815,0.0,277855.719614815,0.0,277855.719614815,277859.959334385,0.0,277851.4799963393,0.0,277855.719614815,277859.959334385,277859.959334385,277855.719614815,0.0,277859.959334385,277859.959334385,277859.959334385,0.0,0.0,277859.959334385,277851.4799963393,277855.719614815,277855.719614815,277859.959334385,277859.959334385,277851.4799963393,277855.719614815,0.0,277859.959334385,277855.719614815,277847.2404789625,277855.719614815,277855.719614815,0.0,277859.959334385,0.0,277851.4799963393,0.0,277859.959334385,0.0,277851.4799963393,277855.719614815,0.0,0.0,277859.959334385,277851.4799963393,0.0,277859.959334385,277859.959334385,277855.719614815,277859.959334385,0.0,277859.959334385,277855.719614815,0.0,0.0,277859.959334385,277859.959334385,0.0,277855.719614815
277859.959334385,277859.959334385,277859.959334385,277859.959334385,0.0,277859.959334385,277859.959334385,277847.2404789625,277859.959334385,277855.719614815,0.0,277859.959334385,0.0,277859.959334385,277851.4799963393,277855.719614815,277859.959334385,0.0,0.0,0.0,277859.959334385,0.0,277859.959334385,277859.959334385,277843.00106268923,277859.959334385,277859.959334385,277859.959334385,0.0,277855.719614815,277859.959334385,0.0,0.0,277859.959334385,277859.959334385,0.0,277859.959334385,277859.959334385,277851.4799963393,0.0,277859.959334385,0.0,0.0,277859.959334385,0.0,277859.959334385,277851.4799963393,277847.2404789625,277855.719614815,0.0,0.0,277855.719614815,277859.959334385,277851.4799963393,277855.719614815,277859.959334385,277859.959334385,277855.719614815,277859.959334385,277859.959334385,0.0,0.0,277851.4799963393,277855.719614815,277859.959334385,277859.959334385,277859.959334385,0.0,277859.959334385,0.0,277855.719614815,277851.4799963393,0.0,0.0,277851.4799963393,277855.719614815,277855.719614815,0.0,0.0,277855.719614815,277843.00106268923,0.0,277859.959334385,277855.719614815,277855.719614815,277855.719614815,277859.959334385,277855.719614815,277859.959334385,277855.719614815,0.0,277855.719614815,277859.959334385,277851.4799963393,277859.959334385,0.0,0.0,277859.959334385,277859.959334385,277859.959334385,277851.4799963393,277859.959334385,277859.959334385,0.0,0.0,0.0,277851.4799963393,0.0,277855.719614815,277851.4799963393,277859.959334385,277855.719614815,277859.959334385,277859.959334385,277855.719614815,0.0,0.0,0.0,277851.4799963393,277847.2404789625,277855.719614815,277859.959334385,277859.959334385,277859.959334385,277855.719614815,277859.959334385,0.0,0.0,277859.959334385,277855.719614815,0.0,277859.959334385,277851.4799963393,0.0,0.0,0.0,277855.719614815,277855.719614815,277855.719614815,0.0,277851.4799963393,277859.959334385,277851.4799963393,0.0,0.0,277847.2404789625,277859.959334385,277855.719614815,0.0,277859.959334385,277859.959334385,277859.959334385,0.0,0.0,277847.2404789625,277855.719614815,0.0,0.0,277859.959334385,277851.4799963393,277855.719614815,277851.4799963393,0.0,277859.959334385,277855.719614815,277859.959334385,0.0,0.0,277855.719614815,0.0,277859.959334385,0.0,0.0,277851.4799963393,277859.959334385,277859.959334385,0.0,0.0,277859.959334385,277851.4799963393,277855.719614815,277855.719614815,277855.719614815,277855.719614815,277855.719614815,277851.4799963393,277859.959334385,0.0,277859.959334385,277851.4799963393,277855.719614815,277851.4799963393,277859.959334385,0.0,277855.719614815,277855.719614815,0.0,277851.4799963393,277859.959334385,0.0,277859.959334385,277859.959334385,277855.719614815,277859.959334385,277859.959334385,277855.719614815,0.0,277859.959334385,277859.959334385,0.0,277859.959334385,0.0,277855.719614815,277859.959334385,277851.4799963393,277859.959334385,0.0,277851.4799963393,277859.959334385,0.0,0.0,277851.4799963393,277851.4799963393,0.0,0.0,0.0,277859.959334385,277859.959334385,277855.719614815,277859.959334385,277851.4799963393,277855.719614815,277859.959334385,0.0,277851.4799963393,277859.959334385,277855.719614815,277859.959334385,277859.959334385,0.0,277847.2404789625,277855.719614815,277847.2404789625,0.0,277859.959334385,277855.719614815,277855.719614815,0.0,277855.719614815,277859.959334385,277855.719614815,277855.719614815,277859.959334385,277855.719614815,277855.719614815,277859.959334385
277851.4799963393,277859.959334385,277855.719614815,0.0,277859.959334385,0.0,277859.959334385,277855.719614815,277855.719614815,277847.2404789625,0.0,0.0,0.0,0.0,0.0,277859.959334385,277859.959334385,0.0,277855.719614815,277859.959334385,277851.4799963393,0.0,0.0,0.0,277855.719614815,277859.959334385,0.0,277859.959334385,0.0,0.0,277859.959334385,277859.959334385,0.0,277851.4799963393,277859.959334385,277859.959334385,277859.959334385,277859.959334385,277859.959334385,277859.959334385,277859.959334385,277859.959334385,277855.719614815,277859.959334385,277859.959334385,277859.959334385,277859.959334385,0.0,277859.959334385,277855.719614815,277859.959334385,277859.959334385,277855.719614815,277847.2404789625,277855.719614815,277859.959334385,0.0,277851.4799963393,0.0,277859.959334385,277859.959334385,0.0,0.0,0.0,0.0,277843.00106268923,277855.719614815,277859.959334385,277851.4799963393,0.0,0.0,277859.959334385,277855.719614815,277855.719614815,277859.959334385,277851.4799963393,277851.4799963393,0.0,277859.959334385,0.0,277855.719614815,277855.719614815,277859.959334385,277855.719614815,277859.959334385,277855.719614815,277855.719614815,277855.719614815,0.0,277851.4799963393,277843.00106268923,0.0,277859.959334385,0.0,277855.719614815,0.0,0.0,277855.719614815,0.0,0.0,277859.959334385,277859.959334385,0.0,0.0,0.0,277855.719614815,277851.4799963393,277855.719614815,277859.959334385,277859.959334385,277859.959334385,277859.959334385,277851.4799963393,0.0,0.0,0.0,277855.719614815,277851.4799963393,277855.719614815,277859.959334385,277859.959334385,0.0,277859.959334385,277855.719614815,277859.959334385,0.0,0.0,277859.959334385,277855.719614815,277859.959334385,0.0,277859.959334385,277847.2404789625,0.0,277859.959334385,277851.4799963393,277851.4799963393,277859.959334385,0.0,277855.719614815,0.0,277859.959334385,277859.959334385,277859.959334385,277830.2834205368,277859.959334385,277859.959334385,277851.4799963393,277855.719614815,277859.959334385,277859.959334385,277859.959334385,277859.959334385,277859.959334385,0.0,277859.959334385,0.0,277859.959334385,277851.4799963393,0.0,0.0,277855.719614815,0.0,277855.719614815,277855.719614815,277851.4799963393,0.0,277859.959334385,277859.959334385,277851.4799963393,277851.4799963393,277859.959334385,277859.959334385,277855.719614815,277851.4799963393,277855.719614815,277855.719614815,277859.959334385,0.0,277859.959334385,0.0,0.0,277855.719614815,277855.719614815,277859.959334385,277859.959334385,0.0,0.0,0.0,277859.959334385,277851.4799963393,277859.959334385,277859.959334385,277859.959334385,277855.719614815,277859.959334385,0.0,0.0,277851.4799963393,277847.2404789625,0.0,277859.959334385,277855.719614815,0.0,277859.959334385,0.0,277855.719614815,0.0,277855.719614815,277859.959334385,277855.719614815,277855.719614815,277847.2404789625,277851.4799963393,277855.719614815,0.0,0.0,277855.719614815,277859.959334385,277851.4799963393,0.0,277859.959334385,277859.959334385,277851.4799963393,277859.959334385,277859.959334385,277855.719614815,0.0,277851.4799963393,277847.2404789625,277859.959334385,0.0,277855.719614815,0.0,277859.959334385,0.0,277851.4799963393,277859.959334385,277855.719614815,277855.719614815,0.0,277851.4799963393,277855.719614815,277851.4799963393,277855.719614815,277855.719614815,0.0,0.0,277855.719614815,277859.959334385,277859.959334385,277855.719614815,277855.719614815,277859.959334385,277859.959334385,0.0
277855.719614815,0.0,0.0,277859.959334385,0.0,277851.4799963393,277855.719614815,277847.2404789625,277859.959334385,277851.4799963393,277859.959334385,277859.959334385,277859.959334385,277859.959334385,0.0,277855.719614815,277859.959334385,277855.719614815,277847.2404789625,277859.959334385,0.0,0.0,277855.719614815,277859.959334385,0.0,277851.4799963393,277859.959334385,277851.4799963393,277859.959334385,277859.959334385,277843.00106268923,0.0,0.0,277859.959334385,277855.719614815,0.0,277859.959334385,277855.719614815,277855.719614815,277855.719614815,277859.959334385,277859.959334385,277859.959334385,277859.959334385,277855.719614815,0.0,277855.719614815,277859.959334385,0.0,277847.2404789625,277859.959334385,277855.719614815,0.0,277859.959334385,0.0,277859.959334385,277855.719614815,277859.959334385,277859.959334385,277855.719614815,277855.719614815,0.0,277855.719614815,277855.719614815,277859.959334385,277859.959334385,277847.2404789625,0.0,277859.959334385,277855.719614815,277855.719614815,0.0,277859.959334385,0.0,277859.959334385,277855.719614815,277859.959334385,277859.959334385,277859.959334385,277847.2404789625,277859.959334385,0.0,277851.4799963393,0.0,277855.719614815,0.0,277855.719614815,277847.2404789625,277859.959334385,0.0,277851.4799963393,0.0,0.0,0.0,0.0,277859.959334385,277859.959334385,277855.719614815,277855.719614815,0.0,0.0,0.0,277855.719614815,277851.4799963393,277855.719614815,0.0,0.0,277859.959334385,277855.719614815,277859.959334385,277859.959334385,277859.959334385,277859.959334385,277855.719614815,277859.959334385,277851.4799963393,277859.959334385,0.0,277855.719614815,277859.959334385,0.0,277855.719614815,0.0,277859.959334385,0.0,277855.719614815,0.0,277859.959334385,277855.719614815,277859.959334385,277859.959334385,277847.2404789625,277855.719614815,277859.959334385,0.0,277859.959334385,0.0,277851.4799963393,277859.959334385,277855.719614815,0.0,277859.959334385,277859.959334385,277859.959334385,277855.719614815,0.0,277859.959334385,277855.719614815,277855.719614815,277847.2404789625,0.0,277859.959334385,277826.04440872394,277859.959334385,0.0,0.0,277851.4799963393,277859.959334385,277859.959334385,277859.959334385,0.0,0.0,0.0,0.0,277855.719614815,277859.959334385,277855.719614815,0.0,0.0,277855.719614815,277859.959334385,277847.2404789625,0.0,0.0,277859.959334385,277859.959334385,0.0,277859.959334385,0.0,0.0,277859.959334385,277847.2404789625,277851.4799963393,277859.959334385,277859.959334385,0.0,0.0,277855.719614815,277859.959334385,277859.959334385,277859.959334385,277855.719614815,277851.4799963393,277859.959334385,277851.4799963393,277859.959334385,277859.959334385,0.0,0.0,0.0,277859.959334385,277859.959334385,0.0,277855.719614815,277859.959334385,277859.959334385,277855.719614815,277847.2404789625,277859.959334385,277855.719614815,0.0,277855.719614815,277859.959334385,277851.4799963393,277851.4799963393,277855.719614815,277859.959334385,277855.719614815,0.0,277851.4799963393,277851.4799963393,277859.959334385,277855.719614815,277859.959334385,277855.719614815,277851.4799963393,277859.959334385,277859.959334385,277859.959334385,277859.959334385,0.0,0.0,277851.4799963393,277855.719614815,277855.719614815,277859.959334385,277847.2404789625,277851.4799963393,277859.959334385,277855.719614815,0.0,0.0,277859.959334385,277855.719614815,277855.719614815,277855.719614815,277859.959334385,277859.959334385,277855.719614815,277855.719614815,0.0,277859.959334385,277859.959334385,0.0,0.0,0.0
277859.959334385,0.0,277859.959334385,277859.959334385,277847.2404789625,277855.719614815,277859.959334385,0.0,277859.959334385,0.0,0.0,277859.959334385,0.0,277859.959334385,0.0,0.0,277859.959334385,277859.959334385,0.0,277851.4799963393,0.0,0.0,277847.2404789625,0.0,277859.959334385,0.0,277859.959334385,277859.959334385,277859.959334385,0.0,277859.959334385,0.0,277859.959334385,277859.959334385,0.0,277851.4799963393,277855.719614815,277859.959334385,277859.959334385,277851.4799963393,277855.719614815,277851.4799963393,0.0,277859.959334385,277855.719614815,0.0,0.0,277855.719614815,0.0,277855.719614815,277855.719614815,277855.719614815,277859.959334385,0.0,277851.4799963393,0.0,277855.719614815,277855.719614815,0.0,0.0,0.0,277859.959334385,277859.959334385,277859.959334385,277855.719614815,277859.959334385,277855.719614815,277859.959334385,277859.959334385,0.0,277855.719614815,277859.959334385,277859.959334385,277851.4799963393,0.0,0.0,277859.959334385,277859.959334385,277859.959334385,277859.959334385,277851.4799963393,0.0,277859.959334385,0.0,0.0,277851.4799963393,277851.4799963393,277855.719614815,277859.959334385,277859.959334385,277859.959334385,277859.959334385,277859.959334385,277847.2404789625,0.0,277851.4799963393,0.0,277855.719614815,277859.959334385,0.0,277851.4799963393,277855.719614815,0.0,0.0,277855.719614815,277855.719614815,0.0,0.0,277851.4799963393,0.0,0.0,0.0,277855.719614815,277859.959334385,277855.719614815,277855.719614815,277859.959334385,277859.959334385,277855.719614815,277859.959334385,0.0,277859.959334385,0.0,277855.719614815,0.0,277859.959334385,277859.959334385,277859.959334385,277855.719614815,277855.719614815,277851.4799963393,277855.719614815,277859.959334385,277855.719614815,0.0,277855.719614815,277847.2404789625,277855.719614815,277851.4799963393,277851.4799963393,277859.959334385,277855.719614815,0.0,0.0,0.0,277847.2404789625,277859.959334385,277855.719614815,277851.4799963393,277855.719614815,277855.719614815,277847.2404789625,277851.4799963393,277859.959334385,0.0,277855.719614815,277859.959334385,0.0,0.0,277859.959334385,277859.959334385,0.0,0.0,277851.4799963393,277855.719614815,277859.959334385,277855.719614815,277859.959334385,277859.959334385,0.0,277859.959334385,277859.959334385,277855.719614815,277859.959334385,0.0,277859.959334385,0.0,0.0,277859.959334385,0.0,0.0,277859.959334385,0.0,0.0,0.0,277855.719614815,0.0,277859.959334385,277851.4799963393,277859.959334385,277859.959334385,277859.959334385,0.0,277859.959334385,277851.4799963393,0.0,277851.4799963393,0.0,277855.719614815,277859.959334385,277855.719614815,277859.959334385,0.0,277838.7617475241,277855.719614815,0.0,277855.719614815,277859.959334385,0.0,0.0,277855.719614815,277855.719614815,0.0,0.0,277859.959334385,277855.719614815,0.0,277851.4799963393,277855.719614815,0.0,277859.959334385,277859.959334385,0.0,0.0,0.0,0.0,0.0,0.0,0.0,277859.959334385,277859.959334385,277859.959334385,277859.959334385,277855.719614815,277859.959334385,277851.4799963393,277855.719614815,0.0,0.0,277855.719614815,277859.959334385,0.0,277859.959334385,277847.2404789625,277851.4799963393,0.0,277859.959334385,277859.959334385,0.0,277859.959334385,0.0,277859.959334385,277859.959334385,277855.719614815,0.0,0.0
0.0,0.0,277859.959334385,277859.959334385,277859.959334385,277859.959334385,0.0,0.0,277859.959334385,0.0,277859.959334385,0.0,277855.719614815,0.0,277859.959334385,277851.4799963393,277855.719614815,277859.959334385,277855.719614815,277859.959334385,277851.4799963393,277859.959334385,277859.959334385,0.0,277859.959334385,277851.4799963393,277859.959334385,277859.959334385,277847.2404789625,277859.959334385,277855.719614815,277855.719614815,0.0,0.0,0.0,277855.719614815,277859.959334385,0.0,277859.959334385,277859.959334385,277851.4799963393,277855.719614815,277859.959334385,277859.959334385,0.0,0.0,277851.4799963393,277851.4799963393,277855.719614815,277859.959334385,277855.719614815,277855.719614815,277855.719614815,277855.719614815,0.0,277859.959334385,277855.719614815,277851.4799963393,277859.959334385,0.0,277855.719614815,277859.959334385,277859.959334385,0.0,277855.719614815,277855.719614815,0.0,277859.959334385,0.0,0.0,277859.959334385,277855.719614815,277859.959334385,277855.719614815,0.0,0.0,277855.719614815,277851.4799963393,277851.4799963393,277859.959334385,277847.2404789625,0.0,277859.959334385,277855.719614815,277855.719614815,0.0,277851.4799963393,277855.719614815,277859.959334385,277855.719614815,277859.959334385,277859.959334385,277859.959334385,0.0,0.0,0.0,277859.959334385,0.0,0.0,277859.959334385,0.0,277859.959334385,0.0,0.0,277855.719614815,0.0,277855.719614815,0.0,277859.959334385,277859.959334385,277851.4799963393,0.0,277859.959334385,277859.959334385,0.0,0.0,0.0,277859.959334385,0.0,0.0,277859.959334385,0.0,277859.959334385,0.0,277859.959334385,277851.4799963393,277851.4799963393,277859.959334385,277855.719614815,277851.4799963393,277851.4799963393,277851.4799963393,277843.00106268923,277843.00106268923,0.0,0.0,0.0,277859.959334385,0.0,277859.959334385,0.0,277847.2404789625,277859.959334385,277855.719614815,277847.2404789625,0.0,277859.959334385,277859.959334385,0.0,277855.719614815,277859.959334385,277855.719614815,277855.719614815,277855.719614815,0.0,277859.959334385,277859.959334385,277859.959334385,0.0,277855.719614815,277859.959334385,277855.719614815,0.0,277859.959334385,0.0,0.0,277859.959334385,277855.719614815,277851.4799963393,0.0,277859.959334385,277855.719614815,0.0,277855.719614815,277855.719614815,277859.959334385,0.0,277859.959334385,0.0,0.0,277859.959334385,277855.719614815,277855.719614815,277859.959334385,277859.959334385,277859.959334385,277859.959334385,0.0,0.0,277855.719614815,277855.719614815,277859.959334385,277859.959334385,277851.4799963393,277855.719614815,277855.719614815,0.0,0.0,277855.719614815,277851.4799963393,277855.719614815,0.0,0.0,277855.719614815,277859.959334385,277855.719614815,277851.4799963393,277851.4799963393,0.0,277859.959334385,277859.959334385,277851.4799963393,277859.959334385,277855.719614815,0.0,277855.719614815,277859.959334385,277859.959334385,277851.4799963393,277855.719614815,277859.959334385,277851.4799963393,277859.959334385,277855.719614815,277851.4799963393,277859.959334385,277855.719614815,277859.959334385,277855.719614815,277859.959334385,277859.959334385,0.0,277859.959334385,0.0,0.0,277851.4799963393,277859.959334385,277859.959334385,0.0,277851.4799963393,277851.4799963393,0.0,277859.959334385,277855.719614815,0.0,277855.719614815,277859.959334385,277855.719614815,277855.719614815,0.0,277859.959334385,277851.4799963393,0.0,277851.4799963393,277859.959334385,277859.959334385
0.0,0.0,277859.959334385,277859.959334385,0.0,277859.959334385,277855.719614815,277851.4799963393,277855.719614815,277859.959334385,277855.719614815,0.0,277859.959334385,0.0,0.0,277851.4799963393,277855.719614815,0.0,277855.719614815,277859.959334385,277855.719614815,277855.719614815,277859.959334385,277859.959334385,0.0,0.0,277859.959334385,0.0,277859.959334385,277851.4799963393,277855.719614815,0.0,0.0,277859.959334385,277855.719614815,277855.719614815,0.0,277855.719614815,277859.959334385,277838.7617475241,0.0,277855.719614815,277859.959334385,277859.959334385,277859.959334385,277859.959334385,0.0,277859.959334385,277851.4799963393,277855.719614815,0.0,277859.959334385,277859.959334385,277859.959334385,277859.959334385,277859.959334385,277859.959334385,277855.719614815,0.0,0.0,277859.959334385,277859.959334385,0.0,277851.4799963393,0.0,277859.959334385,0.0,277859.959334385,277859.959334385,277855.719614815,277859.959334385,277859.959334385,277855.719614815,0.0,277859.959334385,277859.959334385,277859.959334385,277859.959334385,277855.719614815,0.0,277855.719614815,277855.719614815,277859.959334385,277859.959334385,277859.959334385,0.0,0.0,277859.959334385,277851.4799963393,277855.719614815,0.0,277859.959334385,277859.959334385,277855.719614815,277855.719614815,277855.719614815,277859.959334385,0.0,277859.959334385,0.0,0.0,277859.959334385,277855.719614815,0.0,277859.959334385,277855.719614815,277855.719614815,277851.4799963393,277851.4799963393,277855.719614815,0.0,277855.719614815,0.0,277847.2404789625,277859.959334385,277859.959334385,277859.959334385,277859.959334385,277855.719614815,277855.719614815,277834.52253347175,277851.4799963393,0.0,277859.959334385,0.0,277859.959334385,0.0,277851.4799963393,277855.719614815,277859.959334385,0.0,277855.719614815,0.0,0.0,277859.959334385,0.0,277851.4799963393,277859.959334385,277859.959334385,277851.4799963393,277855.719614815,0.0,0.0,277851.4799963393,0.0,0.0,0.0,277851.4799963393,277859.959334385,277859.959334385,0.0,277859.959334385,277851.4799963393,277855.719614815,0.0,277851.4799963393,0.0,0.0,277855.719614815,277855.719614815,277855.719614815,277859.959334385,277859.959334385,277855.719614815,277855.719614815,277847.2404789625,277859.959334385,277855.719614815,277851.4799963393,277855.719614815,277859.959334385,277855.719614815,277847.2404789625,277859.959334385,0.0,0.0,0.0,0.0,277851.4799963393,277855.719614815,277855.719614815,0.0,277855.719614815,0.0,277851.4799963393,277851.4799963393,0.0,277859.959334385,277855.719614815,277855.719614815,277855.719614815,277855.719614815,0.0,277851.4799963393,0.0,277855.719614815,277851.4799963393,277851.4799963393,0.0,277855.719614815,0.0,277859.959334385,277859.959334385,277851.4799963393,0.0,0.0,277851.4799963393,277859.959334385,277859.959334385,277859.959334385,277859.959334385,0.0,0.0,277859.959334385,0.0,277859.959334385,277859.959334385,277855.719614815,0.0,277855.719614815,277847.2404789625,277859.959334385,277859.959334385,277859.959334385,277855.719614815,277859.959334385,277855.719614815,277855.719614815,277859.959334385,0.0,277859.959334385,277851.4799963393,277851.4799963393,0.0,277851.4799963393,277855.719614815,277859.959334385,0.0,0.0,277847.2404789625,0.0,277859.959334385,277855.719614815,0.0,277859.959334385,0.0,277859.959334385,0.0,277855.719614815,277859.959334385,0.0,277855.719614815,277859.959334385,277847.2404789625,277851.4799963393,0.0
277859.959334385,277855.719614815,277859.959334385,277859.959334385,277859.959334385,277859.959334385,277859.959334385,277855.719614815,277851.4799963393,277855.719614815,277859.959334385,277855.719614815,277859.959334385,0.0,277859.959334385,0.0,277859.959334385,277855.719614815,277851.4799963393,277855.719614815,277851.4799963393,277859.959334385,0.0,0.0,277855.719614815,0.0,0.0,277843.00106268923,277859.959334385,277859.959334385,277859.959334385,0.0,277855.719614815,277855.719614815,0.0,0.0,277859.959334385,0.0,0.0,277847.2404789625,277855.719614815,277847.2404789625,277855.719614815,277855.719614815,277855.719614815,277859.959334385,277855.719614815,0.0,277859.959334385,277851.4799963393,277859.959334385,277859.959334385,277859.959334385,0.0,277859.959334385,277859.959334385,277847.2404789625,277847.2404789625,277855.719614815,277843.00106268923,277855.719614815,277855.719614815,0.0,277851.4799963393,277859.959334385,0.0,277859.959334385,0.0,277855.719614815,0.0,277859.959334385,277855.719614815,277859.959334385,277855.719614815,277855.719614815,0.0,277859.959334385,277859.959334385,277851.4799963393,277855.719614815,0.0,0.0,277855.719614815,0.0,277859.959334385,277851.4799963393,277859.959334385,277859.959334385,277855.719614815,277859.959334385,277859.959334385,277855.719614815,277859.959334385,277855.719614815,277855.719614815,277859.959334385,277859.959334385,277855.719614815,277851.4799963393,277855.719614815,277859.959334385,277855.719614815,277859.959334385,277859.959334385,0.0,277847.2404789625,277855.719614815,0.0,277855.719614815,0.0,0.0,277855.719614815,277855.719614815,0.0,0.0,277859.959334385,277859.959334385,277859.959334385,277855.719614815,277859.959334385,277855.719614815,277851.4799963393,277859.959334385,277851.4799963393,277859.959334385,0.0,277855.719614815,277851.4799963393,0.0,277855.719614815,277859.959334385,277851.4799963393,277855.719614815,277847.2404789625,277851.4799963393,277847.2404789625,0.0,277855.719614815,277843.00106268923,277843.00106268923,0.0,277859.959334385,277851.4799963393,277855.719614815,277855.719614815,0.0,277855.719614815,277859.959334385,277847.2404789625,277859.959334385,0.0,277855.719614815,277855.719614815,277859.959334385,277859.959334385,277855.719614815,0.0,277851.4799963393,0.0,277855.719614815,277859.959334385,0.0,277859.959334385,277859.959334385,277859.959334385,277859.959334385,277847.2404789625,277843.00106268923,277851.4799963393,277855.719614815,0.0,277859.959334385,277855.719614815,0.0,277859.959334385,0.0,277859.959334385,277859.959334385,0.0,277851.4799963393,277855.719614815,277859.959334385,0.0,277847.2404789625,277859.959334385,0.0,0.0,0.0,0.0,0.0,277859.959334385,277859.959334385,277859.959334385,277855.719614815,277851.4799963393,277859.959334385,277855.719614815,277859.959334385,0.0,277859.959334385,0.0,277859.959334385,277851.4799963393,277855.719614815,0.0,277859.959334385,277859.959334385,277859.959334385,0.0,277859.959334385,277859.959334385,277855.719614815,277859.959334385,277859.959334385,277855.719614815,0.0,277859.959334385,277859.959334385,277847.2404789625,277855.719614815,277851.4799963393,0.0,277859.959334385,277859.959334385,277859.959334385,0.0,277851.4799963393,0.0,277859.959334385,0.0,0.0,0.0,277855.719614815,277855.719614815,277859.959334385,277847.2404789625,277859.959334385,0.0,0.0,277855.719614815,277847.2404789625,0.0,0.0,0.0,277855.719614815,277859.959334385,277859.959334385,277855.719614815,277859.959334385,277855.719614815,277851.4799963393,277855.719614815,277847.2404789625,277859.959334385,277851.4799963393,277859.959334385
277859.959334385,0.0,277859.959334385,0.0,277859.959334385,277851.4799963393,277855.719614815,277859.959334385,0.0,277859.959334385,277851.4799963393,277859.959334385,277847.2404789625,277859.959334385,277859.959334385,277855.719614815,0.0,277855.719614815,277855.719614815,0.0,277859.959334385,277859.959334385,277859.959334385,277855.719614815,277859.959334385,277855.719614815,277859.959334385,277859.959334385,0.0,0.0,277847.2404789625,277855.719614815,277851.4799963393,277859.959334385,277859.959334385,0.0,277855.719614815,277855.719614815,0.0,277859.959334385,0.0,0.0,277859.959334385,277855.719614815,0.0,0.0,277847.2404789625,277851.4799963393,277855.719614815,277855.719614815,277851.4799963393,0.0,0.0,0.0,277859.959334385,277859.959334385,277859.959334385,277855.719614815,0.0,277859.959334385,277851.4799963393,277855.719614815,277855.719614815,277855.719614815,0.0,277855.719614815,277859.959334385,0.0,277859.959334385,0.0,277859.959334385,277859.959334385,277855.719614815,0.0,277859.959334385,277859.959334385,277859.959334385,277855.719614815,0.0,277859.959334385,277859.959334385,277859.959334385,0.0,277847.2404789625,0.0,277851.4799963393,0.0,277859.959334385,277851.4799963393,277855.719614815,0.0,277855.719614815,277859.959334385,277859.959334385,277851.4799963393,277859.959334385,277855.719614815,277855.719614815,277855.719614815,0.0,277859.959334385,277855.719614815,0.0,277851.4799963393,277855.719614815,0.0,277859.959334385,0.0,277859.959334385,277855.719614815,277838.7617475241,277859.959334385,277847.2404789625,277855.719614815,277855.719614815,277847.2404789625,277855.719614815,0.0,277855.719614815,277859.959334385,277859.959334385,277855.719614815,0.0,277859.959334385,277855.719614815,277855.719614815,277859.959334385,277859.959334385,277859.959334385,0.0,0.0,277855.719614815,277834.52253347175,0.0,277851.4799963393,277859.959334385,277855.719614815,277859.959334385,277859.959334385,277859.959334385,277851.4799963393,277855.719614815,277859.959334385,277855.719614815,0.0,277859.959334385,277855.719614815,277855.719614815,277859.959334385,277855.719614815,277859.959334385,277859.959334385,277851.4799963393,277859.959334385,277859.959334385,277851.4799963393,0.0,277855.719614815,277859.959334385,277859.959334385,277851.4799963393,277855.719614815,277859.959334385,277859.959334385,277851.4799963393,277851.4799963393,0.0,277855.719614815,277855.719614815,277847.2404789625,0.0,0.0,277859.959334385,0.0,0.0,277859.959334385,0.0,277855.719614815,277851.4799963393,277855.719614815,277859.959334385,277855.719614815,0.0,0.0,277855.719614815,277859.959334385,277851.4799963393,0.0,277851.4799963393,277859.959334385,277859.959334385,277859.959334385,277859.959334385,277843.00106268923,0.0,0.0,277855.719614815,0.0,277855.719614815,0.0,0.0,277851.4799963393,0.0,0.0,0.0,277859.959334385,277855.719614815,277859.959334385,277859.959334385,277855.719614815,0.0,0.0,277855.719614815,277855.719614815,277855.719614815,277855.719614815,0.0,277859.959334385,277859.959334385,277855.719614815,277855.719614815,277851.4799963393,277851.4799963393,277855.719614815,277859.959334385,277855.719614815,277859.959334385,277859.959334385,277859.959334385,277855.719614815,277855.719614815,277859.959334385,277859.959334385,277855.719614815,277859.959334385,0.0,277851.4799963393,277859.959334385,0.0,277855.719614815,0.0,277855.719614815,277855.719614815,277855.719614815,0.0,0.0,277859.959334385,277859.959334385,277859.959334385,277855.719614815,277855.719614815,277843.00106268923,277859.959334385,277855.719614815,277851.4799963393,0.0
277851.4799963393,277847.2404789625,0.0,277859.959334385,0.0,0.0,277859.959334385,277847.2404789625,277843.00106268923,277859.959334385,277859.959334385,277855.719614815,277851.4799963393,277859.959334385,277859.959334385,277859.959334385,277855.719614815,277855.719614815,0.0,277855.719614815,277859.959334385,277859.959334385,0.0,277851.4799963393,277855.719614815,277859.959334385,277855.719614815,0.0,277859.959334385,277859.959334385,277851.4799963393,277859.959334385,277851.4799963393,277859.959334385,0.0,277859.959334385,277855.719614815,277859.959334385,0.0,277855.719614815,277859.959334385,277855.719614815,277855.719614815,277859.959334385,0.0,277855.719614815,0.0,277859.959334385,0.0,277859.959334385,277859.959334385,277859.959334385,277855.719614815,277855.719614815,0.0,277855.719614815,277847.2404789625,277855.719614815,0.0,277859.959334385,277859.959334385,277859.959334385,0.0,277855.719614815,0.0,277859.959334385,277855.719614815,277855.719614815,277859.959334385,0.0,277855.719614815,277855.719614815,277855.719614815,0.0,277855.719614815,277859.959334385,277847.2404789625,277859.959334385,277855.719614815,0.0,0.0,277855.719614815,277859.959334385,277859.959334385,0.0,277859.959334385,0.0,277859.959334385,277859.959334385,277851.4799963393,277843.00106268923,277859.959334385,277859.959334385,277855.719614815,277847.2404789625,0.0,0.0,0.0,277859.959334385,277859.959334385,277855.719614815,277855.719614815,277855.719614815,0.0,277855.719614815,277855.719614815,277859.959334385,277855.719614815,277859.959334385,277855.719614815,277859.959334385,0.0,0.0,277859.959334385,0.0,0.0,277855.719614815,277859.959334385,0.0,0.0,277859.959334385,277851.4799963393,277859.959334385,277859.959334385,277847.2404789625,277851.4799963393,277855.719614815,277859.959334385,277855.719614815,0.0,277855.719614815,277859.959334385,0.0,277859.959334385,277855.719614815,277843.00106268923,277855.719614815,277859.959334385,0.0,277851.4799963393,277851.4799963393,0.0,277855.719614815,277859.959334385,277855.719614815,277855.719614815,0.0,277859.959334385,277855.719614815,277855.719614815,277851.4799963393,0.0,0.0,0.0,277847.2404789625,0.0,277851.4799963393,0.0,0.0,0.0,277859.959334385,277855.719614815,277855.719614815,0.0,277855.719614815,0.0,277855.719614815,277859.959334385,277859.959334385,277859.959334385,277859.959334385,277859.959334385,0.0,277851.4799963393,277855.719614815,0.0,277859.959334385,277859.959334385,277859.959334385,277859.959334385,0.0,277855.719614815,0.0,277859.959334385,0.0,277859.959334385,0.0,277859.959334385,277855.719614815,0.0,277859.959334385,0.0,0.0,277859.959334385,277843.00106268923,277851.4799963393,0.0,277859.959334385,0.0,277859.959334385,277851.4799963393,277859.959334385,277859.959334385,277855.719614815,0.0,277859.959334385,0.0,0.0,277855.719614815,277859.959334385,0.0,0.0,277855.719614815,0.0,277859.959334385,0.0,277847.2404789625,277859.959334385,277859.959334385,277859.959334385,277855.719614815,277859.959334385,277859.959334385,277859.959334385,277859.959334385,0.0,277859.959334385,0.0,0.0,0.0,277855.719614815,277855.719614815,277859.959334385,277855.719614815,0.0,277851.4799963393,277859.959334385,0.0,277855.719614815,277859.959334385,277859.959334385,277859.959334385,277855.719614815,0.0,277855.719614815,277859.959334385,0.0,277859.959334385,277859.959334385,0.0,0.0,277855.719614815,277859.959334385,0.0,277855.719614815,277859.959334385
0.0,0.0,0.0,277859.959334385,0.0,277855.719614815,277851.4799963393,0.0,277855.719614815,0.0,277851.4799963393,277859.959334385,0.0,277859.959334385,277859.959334385,277859.959334385,277851.4799963393,277859.959334385,277855.719614815,277855.719614815,277855.719614815,0.0,277855.719614815,277843.00106268923,277855.719614815,277855.719614815,0.0,277855.719614815,277855.719614815,277859.959334385,277855.719614815,277859.959334385,0.0,277859.959334385,277855.719614815,0.0,277843.00106268923,277855.719614815,277859.959334385,277859.959334385,277859.959334385,277859.959334385,277859.959334385,277855.719614815,277855.719614815,277851.4799963393,0.0,277859.959334385,0.0,0.0,277855.719614815,277855.719614815,277859.959334385,277851.4799963393,0.0,277851.4799963393,277859.959334385,277859.959334385,0.0,0.0,277855.719614815,277843.00106268923,0.0,277843.00106268923,277859.959334385,0.0,277859.959334385,0.0,0.0,277855.719614815,0.0,0.0,277859.959334385,277855.719614815,277859.959334385,277851.4799963393,277859.959334385,277851.4799963393,277855.719614815,277859.959334385,0.0,277851.4799963393,277851.4799963393,277859.959334385,0.0,277855.719614815,0.0,277855.719614815,0.0,277855.719614815,0.0,277859.959334385,277859.959334385,277851.4799963393,277859.959334385,277847.2404789625,277859.959334385,0.0,277855.719614815,277859.959334385,277859.959334385,0.0,277855.719614815,277859.959334385,277855.719614815,0.0,277859.959334385,0.0,277859.959334385,0.0,0.0,277859.959334385,277859.959334385,277859.959334385,277851.4799963393,277859.959334385,0.0,277855.719614815,0.0,0.0,0.0,277859.959334385,277859.959334385,277859.959334385,277847.2404789625,277851.4799963393,277859.959334385,0.0,0.0,0.0,277855.719614815,277859.959334385,277855.719614815,0.0,0.0,277851.4799963393,277859.959334385,0.0,277847.2404789625,277855.719614815,277855.719614815,0.0,277855.719614815,277859.959334385,277859.959334385,277859.959334385,0.0,277859.959334385,277859.959334385,277859.959334385,277859.959334385,277851.4799963393,277859.959334385,277859.959334385,277838.7617475241,0.0,0.0,277859.959334385,0.0,277851.4799963393,277855.719614815,277851.4799963393,277855.719614815,277859.959334385,277855.719614815,0.0,277855.719614815,277851.4799963393,277855.719614815,277859.959334385,277859.959334385,0.0,277859.959334385,277847.2404789625,277859.959334385,0.0,277859.959334385,0.0,277859.959334385,0.0,277847.2404789625,277859.959334385,277855.719614815,277855.719614815,277851.4799963393,277855.719614815,277859.959334385,277859.959334385,0.0,277855.719614815,277859.959334385,277851.4799963393,277859.959334385,277859.959334385,277859.959334385,277851.4799963393,277859.959334385,0.0,277859.959334385,277859.959334385,277859.959334385,0.0,0.0,277843.00106268923,0.0,277855.719614815,277838.7617475241,0.0,0.0,277843.00106268923,277851.4799963393,0.0,277859.959334385,0.0,0.0,277859.959334385,277859.959334385,277855.719614815,277855.719614815,0.0,277859.959334385,277859.959334385,0.0,277859.959334385,277855.719614815,0.0,277855.719614815,277855.719614815,0.0,277859.959334385,277855.719614815,277855.719614815,277855.719614815,0.0,277859.959334385,277859.959334385,277859.959334385,277859.959334385,277855.719614815,277851.4799963393,277859.959334385,277859.959334385,277843.00106268923,277855.719614815,0.0,0.0,277859.959334385,0.0,0.0,0.0,277859.959334385,277859.959334385,0.0,0.0,0.0,0.0
0.0,0.0,0.0,277855.719614815,277855.719614815,0.0,277859.959334385,0.0,277855.719614815,277859.959334385,277859.959334385,277855.719614815,0.0,277855.719614815,277851.4799963393,277855.719614815,277855.719614815,277855.719614815,277851.4799963393,0.0,277859.959334385,0.0,0.0,277859.959334385,0.0,277859.959334385,277851.4799963393,0.0,0.0,277859.959334385,0.0,277855.719614815,277859.959334385,277855.719614815,277855.719614815,277851.4799963393,0.0,277859.959334385,277855.719614815,0.0,277847.2404789625,277859.959334385,277855.719614815,277859.959334385,277843.00106268923,0.0,277855.719614815,0.0,277859.959334385,277859.959334385,277855.719614815,277855.719614815,0.0,277859.959334385,277855.719614815,277855.719614815,0.0,277859.959334385,277855.719614815,277859.959334385,277859.959334385,277859.959334385,277855.719614815,0.0,0.0,277859.959334385,0.0,277855.719614815,277855.719614815,277859.959334385,277859.959334385,0.0,277855.719614815,277859.959334385,0.0,277859.959334385,277859.959334385,0.0,277859.959334385,0.0,0.0,277851.4799963393,277859.959334385,0.0,277855.719614815,277859.959334385,277855.719614815,277851.4799963393,277851.4799963393,0.0,277859.959334385,277859.959334385,277859.959334385,277859.959334385,277851.4799963393,277855.719614815,277859.959334385,277859.959334385,277859.959334385,277855.719614815,277859.959334385,277851.4799963393,277859.959334385,277855.719614815,277851.4799963393,277847.2404789625,277859.959334385,277855.719614815,277859.959334385,277855.719614815,277859.959334385,277859.959334385,277859.959334385,277859.959334385,277847.2404789625,277851.4799963393,277851.4799963393,0.0,277859.959334385,277855.719614815,0.0,0.0,277851.4799963393,277855.719614815,0.0,277859.959334385,0.0,277859.959334385,277855.719614815,0.0,277859.959334385,277855.719614815,0.0,277851.4799963393,0.0,277855.719614815,277851.4799963393,277855.719614815,277851.4799963393,277847.2404789625,0.0,277847.2404789625,277851.4799963393,277855.719614815,277859.959334385,0.0,277855.719614815,277859.959334385,277859.959334385,0.0,277859.959334385,277859.959334385,277859.959334385,0.0,0.0,277855.719614815,277847.2404789625,277859.959334385,277855.719614815,277859.959334385,0.0,277851.4799963393,0.0,0.0,277859.959334385,277855.719614815,277855.719614815,277859.959334385,277855.719614815,277855.719614815,277859.959334385,277855.719614815,277855.719614815,0.0,277851.4799963393,277851.4799963393,277851.4799963393,277855.719614815,277847.2404789625,0.0,277855.719614815,277859.959334385,277859.959334385,0.0,277855.719614815,277859.959334385,0.0,277859.959334385,277859.959334385,277859.959334385,277855.719614815,277859.959334385,0.0,277859.959334385,277859.959334385,277859.959334385,0.0,277855.719614815,0.0,277851.4799963393,277855.719614815,277847.2404789625,277859.959334385,277855.719614815,277851.4799963393,277859.959334385,0.0,277843.00106268923,0.0,0.0,277855.719614815,0.0,277855.719614815,277859.959334385,0.0,277859.959334385,277859.959334385,0.0,277855.719614815,0.0,0.0,277859.959334385,277859.959334385,277855.719614815,277851.4799963393,277859.959334385,277859.959334385,277859.959334385,277855.719614815,277847.2404789625,277859.959334385,277859.959334385,0.0,277851.4799963393,0.0,0.0,277859.959334385,277859.959334385,277859.959334385,277859.959334385,277859.959334385,277859.959334385,277855.719614815,277859.959334385,277847.2404789625,277855.719614815,277859.959334385,0.0,277859.959334385,277851.4799963393,277859.959334385,277859.959334385,277859.959334385,277859.959334385,277859.959334385,277855.719614815
277859.959334385,0.0,277859.959334385,0.0,277851.4799963393,277859.959334385,277859.959334385,0.0,277859.959334385,277859.959334385,277855.719614815,0.0,0.0,277859.959334385,277855.719614815,277859.959334385,277855.719614815,277843.00106268923,277859.959334385,0.0,0.0,0.0,0.0,277859.959334385,0.0,277851.4799963393,0.0,277859.959334385,277859.959334385,277851.4799963393,277855.719614815,277859.959334385,0.0,0.0,277859.959334385,277859.959334385,277859.959334385,277855.719614815,0.0,277855.719614815,277855.719614815,277855.719614815,277855.719614815,277859.959334385,277847.2404789625,277851.4799963393,277851.4799963393,277859.959334385,277855.719614815,0.0,277855.719614815,0.0,277859.959334385,277859.959334385,277859.959334385,277855.719614815,277847.2404789625,277859.959334385,0.0,277859.959334385,0.0,277855.719614815,277859.959334385,277851.4799963393,277859.959334385,0.0,277855.719614815,0.0,277859.959334385,277859.959334385,277859.959334385,277855.719614815,277851.4799963393,277859.959334385,277859.959334385,277855.719614815,277859.959334385,277855.719614815,277851.4799963393,277855.719614815,277859.959334385,277859.959334385,277851.4799963393,277855.719614815,277859.959334385,277859.959334385,0.0,277847.2404789625,0.0,277859.959334385,277855.719614815,0.0,277859.959334385,277855.719614815,277855.719614815,0.0,0.0,0.0,0.0,0.0,277855.719614815,277855.719614815,277859.959334385,0.0,0.0,277855.719614815,277851.4799963393,277859.959334385,0.0,0.0,0.0,0.0,277855.719614815,277855.719614815,277855.719614815,277859.959334385,277855.719614815,277859.959334385,277859.959334385,277855.719614815,277834.52253347175,277859.959334385,277859.959334385,277859.959334385,277855.719614815,277847.2404789625,277859.959334385,277855.719614815,277859.959334385,277859.959334385,0.0,0.0,277859.959334385,277851.4799963393,277859.959334385,277855.719614815,277859.959334385,277859.959334385,277859.959334385,277851.4799963393,277855.719614815,0.0,277859.959334385,277859.959334385,277855.719614815,277855.719614815,0.0,277859.959334385,0.0,277851.4799963393,277851.4799963393,277859.959334385,277859.959334385,277851.4799963393,277859.959334385,277859.959334385,0.0,277855.719614815,277859.959334385,277851.4799963393,277859.959334385,277855.719614815,0.0,0.0,277859.959334385,277855.719614815,277855.719614815,0.0,0.0,277859.959334385,277859.959334385,277859.959334385,277855.719614815,0.0,277859.959334385,277855.719614815,277855.719614815,0.0,277859.959334385,277851.4799963393,0.0,277855.719614815,277851.4799963393,277851.4799963393,277855.719614815,0.0,0.0,277851.4799963393,277859.959334385,0.0,277847.2404789625,0.0,277847.2404789625,277851.4799963393,0.0,277855.719614815,0.0,0.0,0.0,277855.719614815,277855.719614815,277855.719614815,277859.959334385,277855.719614815,277851.4799963393,277851.4799963393,277855.719614815,277859.959334385,0.0,0.0,277859.959334385,277855.719614815,277855.719614815,277847.2404789625,277859.959334385,0.0,0.0,277847.2404789625,277855.719614815,277859.959334385,277855.719614815,277855.719614815,0.0,277855.719614815,0.0,277859.959334385,277855.719614815,277847.2404789625,277859.959334385,0.0,277859.959334385,0.0,277851.4799963393,277855.719614815,277859.959334385,0.0,277859.959334385,277859.959334385,0.0,277851.4799963393,277855.719614815,0.0,277847.2404789625,277855.719614815,0.0,277855.719614815,277859.959334385,0.0,277859.959334385,277847.2404789625,277859.959334385,277859.959334385,277859.959334385,277859.959334385,277859.959334385,277859.959334385
0.0,277859.959334385,277851.4799963393,0.0,277859.959334385,0.0,277851.4799963393,277859.959334385,277859.959334385,277859.959334385,277855.719614815,277859.959334385,0.0,277859.959334385,0.0,277859.959334385,0.0,277859.959334385,277859.959334385,277859.959334385,277859.959334385,277855.719614815,0.0,277859.959334385,277855.719614815,277859.959334385,277859.959334385,277855.719614815,277855.719614815,0.0,277859.959334385,277855.719614815,0.0,0.0,0.0,0.0,277859.959334385,0.0,277847.2404789625,277855.719614815,0.0,277859.959334385,277855.719614815,277859.959334385,277851.4799963393,277859.959334385,277855.719614815,0.0,277859.959334385,277851.4799963393,277855.719614815,277859.959334385,277855.719614815,277859.959334385,277855.719614815,0.0,277859.959334385,277859.959334385,277859.959334385,0.0,277859.959334385,277859.959334385,277855.719614815,277855.719614815,277855.719614815,0.0,0.0,277859.959334385,277859.959334385,277855.719614815,277855.719614815,277859.959334385,0.0,277859.959334385,277855.719614815,277855.719614815,0.0,277859.959334385,277855.719614815,0.0,277859.959334385,277859.959334385,277855.719614815,277851.4799963393,277859.959334385,277855.719614815,277859.959334385,277851.4799963393,277851.4799963393,0.0,277855.719614815,277859.959334385,277859.959334385,277859.959334385,277847.2404789625,277859.959334385,277859.959334385,277859.959334385,0.0,277859.959334385,277855.719614815,277855.719614815,0.0,277855.719614815,277859.959334385,277851.4799963393,277859.959334385,277859.959334385,0.0,277855.719614815,0.0,0.0,0.0,277855.719614815,277859.959334385,277851.4799963393,277859.959334385,277855.719614815,277859.959334385,277855.719614815,277859.959334385,277855.719614815,277855.719614815,277847.2404789625,277847.2404789625,0.0,277851.4799963393,277855.719614815,277855.719614815,277851.4799963393,277859.959334385,277859.959334385,277855.719614815,277859.959334385,277859.959334385,277847.2404789625,0.0,277859.959334385,277859.959334385,277847.2404789625,0.0,0.0,277859.959334385,277859.959334385,277855.719614815,277855.719614815,277859.959334385,277855.719614815,277855.719614815,277851.4799963393,277851.4799963393,0.0,277851.4799963393,277851.4799963393,277855.719614815,277843.00106268923,0.0,277859.959334385,0.0,277855.719614815,277859.959334385,277859.959334385,0.0,277855.719614815,277859.959334385,277859.959334385,277847.2404789625,277855.719614815,277851.4799963393,277838.7617475241,277855.719614815,277859.959334385,277859.959334385,277847.2404789625,277851.4799963393,277859.959334385,0.0,0.0,277855.719614815,277851.4799963393,277859.959334385,277859.959334385,277859.959334385,277851.4799963393,277855.719614815,277855.719614815,0.0,277851.4799963393,277851.4799963393,277859.959334385,277847.2404789625,277859.959334385,0.0,277855.719614815,277859.959334385,0.0,277859.959334385,0.0,277859.959334385,277855.719614815,0.0,0.0,277859.959334385,277859.959334385,277859.959334385,277855.719614815,277851.4799963393,277855.719614815,277847.2404789625,277859.959334385,277851.4799963393,277859.959334385,277859.959334385,277851.4799963393,0.0,277838.7617475241,277859.959334385,0.0,0.0,277859.959334385,0.0,0.0,277855.719614815,277855.719614815,277859.959334385,277851.4799963393,277851.4799963393,277855.719614815,277859.959334385,277859.959334385,277859.959334385,277859.959334385,277859.959334385,277859.959334385,277855.719614815,277855.719614815,0.0,0.0,0.0,0.0,277859.959334385,277859.959334385,277859.959334385,0.0,0.0,277859.959334385,0.0,277843.00106268923,277859.959334385,277855.719614815,277859.959334385,277859.959334385,0.0,0.0,277855.719614815,277859.959334385
277859.959334385,0.0,0.0,0.0,0.0,277859.959334385,277855.719614815,277855.719614815,277855.719614815,0.0,277851.4799963393,277859.959334385,277859.959334385,0.0,0.0,277855.719614815,277851.4799963393,277859.959334385,277859.959334385,277851.4799963393,277859.959334385,277859.959334385,277847.2404789625,277859.959334385,277859.959334385,277855.719614815,277859.959334385,277855.719614815,277859.959334385,0.0,277859.959334385,277859.959334385,0.0,0.0,0.0,0.0,0.0,0.0,277855.719614815,0.0,277859.959334385,0.0,277859.959334385,277859.959334385,277855.719614815,277859.959334385,277847.2404789625,277859.959334385,0.0,277855.719614815,277859.959334385,277851.4799963393,277859.959334385,277855.719614815,277859.959334385,277859.959334385,277855.719614815,0.0,277855.719614815,277847.2404789625,277851.4799963393,277855.719614815,0.0,277859.959334385,277855.719614815,277859.959334385,277855.719614815,277859.959334385,277859.959334385,277855.719614815,0.0,277859.959334385,277859.959334385,0.0,277859.959334385,277855.719614815,277859.959334385,0.0,277859.959334385,0.0,0.0,277859.959334385,277859.959334385,0.0,277859.959334385,277851.4799963393,277859.959334385,0.0,0.0,0.0,0.0,0.0,277855.719614815,0.0,277855.719614815,277838.7617475241,0.0,277859.959334385,277855.719614815,277847.2404789625,277859.959334385,277851.4799963393,0.0,0.0,277855.719614815,0.0,277851.4799963393,277859.959334385,277855.719614815,0.0,0.0,277859.959334385,277855.719614815,277851.4799963393,0.0,0.0,277859.959334385,0.0,277851.4799963393,277851.4799963393,277859.959334385,277859.959334385,277855.719614815,0.0,277855.719614815,0.0,277851.4799963393,277847.2404789625,277859.959334385,0.0,277859.959334385,0.0,277851.4799963393,0.0,277859.959334385,277855.719614815,277855.719614815,0.0,277855.719614815,277855.719614815,277847.2404789625,277855.719614815,277851.4799963393,0.0,0.0,277859.959334385,277859.959334385,277855.719614815,0.0,277859.959334385,277855.719614815,277859.959334385,277859.959334385,0.0,277859.959334385,277859.959334385,277855.719614815,277859.959334385,277855.719614815,0.0,277859.959334385,0.0,277851.4799963393,277851.4799963393,0.0,277855.719614815,277855.719614815,277855.719614815,277859.959334385,277859.959334385,277851.4799963393,277859.959334385,277859.959334385,277855.719614815,277859.959334385,0.0,277859.959334385,277855.719614815,277851.4799963393,0.0,277855.719614815,277851.4799963393,0.0,277855.719614815,277855.719614815,0.0,0.0,277859.959334385,277855.719614815,277851.4799963393,277859.959334385,277859.959334385,277855.719614815,0.0,277859.959334385,277859.959334385,277855.719614815,0.0,277859.959334385,277859.959334385,277859.959334385,277859.959334385,0.0,0.0,277851.4799963393,0.0,277855.719614815,277859.959334385,0.0,277859.959334385,277859.959334385,277855.719614815,277859.959334385,0.0,277855.719614815,0.0,277859.959334385,277859.959334385,277859.959334385,0.0,277859.959334385,277855.719614815,277859.959334385,0.0,277859.959334385,0.0,277855.719614815,277859.959334385,277859.959334385,277859.959334385,0.0,277859.959334385,277859.959334385,277847.2404789625,277855.719614815,277851.4799963393,277859.959334385,277859.959334385,277859.959334385,277859.959334385,277851.4799963393,277855.719614815,0.0,277859.959334385,277859.959334385,277851.4799963393,0.0,0.0,0.0,0.0,277855.719614815,0.0,0.0,0.0,277851.4799963393,277859.959334385
0.0,0.0,277851.4799963393,277847.2404789625,0.0,277859.959334385,277859.959334385,277859.959334385,277859.959334385,277855.719614815,277855.719614815,277855.719614815,277855.719614815,277859.959334385,277859.959334385,277855.719614815,277851.4799963393,0.0,0.0,277855.719614815,277859.959334385,0.0,0.0,277859.959334385,277859.959334385,277855.719614815,0.0,277859.959334385,277859.959334385,0.0,0.0,277859.959334385,277859.959334385,277859.959334385,277859.959334385,0.0,277859.959334385,277859.959334385,277855.719614815,0.0,277855.719614815,277855.719614815,0.0,277851.4799963393,277851.4799963393,277851.4799963393,277859.959334385,0.0,277859.959334385,277859.959334385,277859.959334385,277859.959334385,277855.719614815,0.0,0.0,277855.719614815,277859.959334385,277855.719614815,277855.719614815,277859.959334385,0.0,277859.959334385,277859.959334385,277851.4799963393,277851.4799963393,277855.719614815,277859.959334385,277851.4799963393,277851.4799963393,0.0,277859.959334385,277855.719614815,277855.719614815,277859.959334385,277859.959334385,277855.719614815,277859.959334385,277855.719614815,277855.719614815,277859.959334385,277859.959334385,277859.959334385,0.0,277859.959334385,0.0,277851.4799963393,0.0,277855.719614815,277847.2404789625,277847.2404789625,277859.959334385,0.0,277859.959334385,277859.959334385,277859.959334385,0.0,0.0,277851.4799963393,277855.719614815,277859.959334385,277847.2404789625,277855.719614815,0.0,277859.959334385,277855.719614815,277855.719614815,277847.2404789625,277859.959334385,277859.959334385,277843.00106268923,277851.4799963393,0.0,277855.719614815,0.0,0.0,277859.959334385,277843.00106268923,277859.959334385,277851.4799963393,277859.959334385,0.0,277859.959334385,277855.719614815,277855.719614815,0.0,277855.719614815,277855.719614815,277859.959334385,277855.719614815,277859.959334385,277855.719614815,277855.719614815,277859.959334385,277859.959334385,0.0,277859.959334385,0.0,277851.4799963393,0.0,0.0,0.0,277855.719614815,277859.959334385,277855.719614815,277859.959334385,277851.4799963393,0.0,277859.959334385,0.0,277855.719614815,0.0,0.0,0.0,277859.959334385,277859.959334385,0.0,0.0,277843.00106268923,277855.719614815,277859.959334385,277859.959334385,277851.4799963393,277859.959334385,277855.719614815,0.0,277855.719614815,277859.959334385,277859.959334385,0.0,277855.719614815,277851.4799963393,277855.719614815,0.0,277851.4799963393,277843.00106268923,277847.2404789625,277855.719614815,0.0,0.0,0.0,277847.2404789625,277859.959334385,277851.4799963393,277855.719614815,277855.719614815,0.0,277859.959334385,0.0,277859.959334385,277859.959334385,277859.959334385,277855.719614815,277855.719614815,0.0,277851.4799963393,277855.719614815,277859.959334385,0.0,277851.4799963393,277855.719614815,277855.719614815,0.0,277859.959334385,277859.959334385,0.0,0.0,0.0,277859.959334385,277851.4799963393,277855.719614815,0.0,277855.719614815,277859.959334385,277851.4799963393,277859.959334385,277859.959334385,277851.4799963393,277847.2404789625,277855.719614815,277843.00106268923,0.0,277847.2404789625,277859.959334385,0.0,0.0,277859.959334385,277859.959334385,0.0,0.0,277859.959334385,0.0,277859.959334385,0.0,277859.959334385,0.0,0.0,277855.719614815,0.0,277851.4799963393,277847.2404789625,0.0,277855.719614815,277859.959334385,0.0,0.0,0.0,277859.959334385,0.0,277859.959334385,0.0,277859.959334385,0.0,0.0,277859.959334385,277859.959334385,277859.959334385
0.0,277855.719614815,0.0,0.0,277859.959334385,0.0,0.0,277859.959334385,277855.719614815,0.0,277859.959334385,277855.719614815,0.0,277855.719614815,277859.959334385,277851.4799963393,277855.719614815,277859.959334385,0.0,277851.4799963393,0.0,277859.959334385,277855.719614815,0.0,277859.959334385,277859.959334385,277859.959334385,0.0,277859.959334385,0.0,277855.719614815,277855.719614815,277847.2404789625,0.0,277855.719614815,0.0,277855.719614815,277859.959334385,277851.4799963393,277851.4799963393,0.0,277859.959334385,0.0,277859.959334385,277859.959334385,277847.2404789625,277859.959334385,277855.719614815,277855.719614815,0.0,277859.959334385,277851.4799963393,277851.4799963393,277855.719614815,277851.4799963393,277855.719614815,0.0,277859.959334385,277855.719614815,0.0,277851.4799963393,0.0,277851.4799963393,277851.4799963393,277859.959334385,277859.959334385,277859.959334385,0.0,0.0,277859.959334385,0.0,277859.959334385,277859.959334385,277851.4799963393,0.0,277859.959334385,277847.2404789625,0.0,277851.4799963393,277855.719614815,277855.719614815,0.0,277851.4799963393,277847.2404789625,277851.4799963393,277851.4799963393,277855.719614815,277859.959334385,277859.959334385,277851.4799963393,277859.959334385,277851.4799963393,277859.959334385,0.0,0.0,277859.959334385,277851.4799963393,277851.4799963393,277851.4799963393,277859.959334385,277859.959334385,277843.00106268923,277851.4799963393,277855.719614815,277855.719614815,277859.959334385,277859.959334385,277859.959334385,0.0,277859.959334385,0.0,277851.4799963393,0.0,277859.959334385,277859.959334385,277859.959334385,277859.959334385,277847.2404789625,277851.4799963393,277859.959334385,277851.4799963393,0.0,277855.719614815,277855.719614815,277855.719614815,277855.719614815,277855.719614815,277859.959334385,277851.4799963393,277859.959334385,0.0,277855.719614815,277859.959334385,277859.959334385,277847.2404789625,277855.719614815,277859.959334385,277847.2404789625,0.0,0.0,277859.959334385,277859.959334385,277859.959334385,0.0,277859.959334385,277855.719614815,277855.719614815,0.0,0.0,0.0,0.0,277847.2404789625,277855.719614815,0.0,0.0,277847.2404789625,277851.4799963393,277859.959334385,277859.959334385,277859.959334385,0.0,277859.959334385,0.0,277855.719614815,0.0,277859.959334385,277859.959334385,277855.719614815,277851.4799963393,277855.719614815,0.0,277859.959334385,277843.00106268923,0.0,277847.2404789625,277855.719614815,0.0,0.0,277855.719614815,277855.719614815,277859.959334385,277859.959334385,277855.719614815,277859.959334385,277859.959334385,277859.959334385,0.0,277851.4799963393,277859.959334385,277859.959334385,277859.959334385,277855.719614815,277859.959334385,277859.959334385,277851.4799963393,0.0,277851.4799963393,277855.719614815,277859.959334385,277847.2404789625,0.0,277859.959334385,277859.959334385,277855.719614815,277859.959334385,0.0,0.0,0.0,277851.4799963393,277859.959334385,277855.719614815,277855.719614815,277859.959334385,277855.719614815,277859.959334385,277851.4799963393,277859.959334385,277847.2404789625,277859.959334385,277859.959334385,277855.719614815,277859.959334385,0.0,277859.959334385,277859.959334385,277855.719614815,277855.719614815,277859.959334385,0.0,277855.719614815,277855.719614815,277847.2404789625,0.0,0.0,277859.959334385,277859.959334385,277855.719614815,0.0,277859.959334385,277859.959334385,277859.959334385,277859.959334385,0.0,277855.719614815,0.0,277859.959334385,277847.2404789625,277855.719614815,0.0,277859.959334385,0.0,277855.719614815,277859.959334385,277859.959334385,277859.959334385,277855.719614815
0.0,277855.719614815,0.0,277859.959334385,277855.719614815,277859.959334385,277859.959334385,0.0,277859.959334385,0.0,277855.719614815,277859.959334385,277859.959334385,277847.2404789625,277859.959334385,277855.719614815,277859.959334385,277859.959334385,277859.959334385,277855.719614815,277859.959334385,277855.719614815,277855.719614815,277855.719614815,0.0,277855.719614815,277855.719614815,277859.959334385,0.0,277859.959334385,0.0,277859.959334385,277855.719614815,0.0,277855.719614815,277855.719614815,277851.4799963393,277851.4799963393,277855.719614815,277851.4799963393,277855.719614815,277855.719614815,0.0,0.0,277855.719614815,0.0,277851.4799963393,0.0,0.0,0.0,277859.959334385,277851.4799963393,277855.719614815,277851.4799963393,277851.4799963393,277859.959334385,277851.4799963393,277847.2404789625,277859.959334385,277859.959334385,0.0,277855.719614815,277847.2404789625,277855.719614815,277851.4799963393,277855.719614815,277859.959334385,0.0,277859.959334385,277859.959334385,0.0,0.0,277851.4799963393,277859.959334385,0.0,0.0,0.0,277859.959334385,0.0,277859.959334385,277859.959334385,0.0,277855.719614815,277851.4799963393,277859.959334385,277859.959334385,277851.4799963393,277855.719614815,277851.4799963393,277851.4799963393,277851.4799963393,277847.2404789625,277847.2404789625,277855.719614815,277843.00106268923,277859.959334385,277859.959334385,0.0,277855.719614815,277859.959334385,277851.4799963393,277855.719614815,277855.719614815,277851.4799963393,277847.2404789625,277855.719614815,277851.4799963393,277847.2404789625,277859.959334385,277859.959334385,277847.2404789625,0.0,277851.4799963393,277855.719614815,0.0,277855.719614815,277855.719614815,277851.4799963393,277847.2404789625,277855.719614815,0.0,277855.719614815,277851.4799963393,277859.959334385,277859.959334385,277859.959334385,277859.959334385,277859.959334385,277855.719614815,277855.719614815,277855.719614815,277851.4799963393,277859.959334385,0.0,0.0,277843.00106268923,277859.959334385,277859.959334385,277851.4799963393,277851.4799963393,277859.959334385,277859.959334385,277855.719614815,277855.719614815,277859.959334385,0.0,0.0,277851.4799963393,0.0,0.0,277859.959334385,277859.959334385,277851.4799963393,277855.719614815,277859.959334385,277859.959334385,0.0,277855.719614815,277843.00106268923,0.0,277855.719614815,277859.959334385,0.0,277855.719614815,277859.959334385,277859.959334385,277855.719614815,277851.4799963393,277851.4799963393,277851.4799963393,0.0,277851.4799963393,0.0,277851.4799963393,277859.959334385,0.0,277859.959334385,277859.959334385,277855.719614815,277859.959334385,277859.959334385,277855.719614815,277851.4799963393,0.0,277847.2404789625,277843.00106268923,277855.719614815,0.0,277851.4799963393,0.0,277855.719614815,0.0,277859.959334385,277855.719614815,277859.959334385,277851.4799963393,277855.719614815,277855.719614815,277859.959334385,277859.959334385,0.0,277859.959334385,277859.959334385,277855.719614815,0.0,277859.959334385,277855.719614815,277859.959334385,277859.959334385,277859.959334385,0.0,277855.719614815,0.0,277859.959334385,277851.4799963393,277851.4799963393,0.0,277859.959334385,0.0,277859.959334385,277859.959334385,277859.959334385,277859.959334385,277859.959334385,277855.719614815,0.0,277855.719614815,0.0,277855.719614815,0.0,277855.719614815,0.0,277859.959334385,277855.719614815,0.0,0.0,0.0,277855.719614815,277851.4799963393,277859.959334385,0.0,0.0,277855.719614815,277859.959334385,0.0,277859.959334385,277859.959334385,277859.959334385,277855.719614815,277859.959334385,0.0,0.0,277859.959334385,0.0,277859.959334385,0.0
0.0,277855.719614815,277855.719614815,0.0,277859.959334385,0.0,277859.959334385,277859.959334385,277855.719614815,277851.4799963393,277859.959334385,277855.719614815,0.0,277859.959334385,277859.959334385,277855.719614815,277859.959334385,277859.959334385,277851.4799963393,0.0,277855.719614815,277859.959334385,277859.959334385,277859.959334385,277859.959334385,0.0,0.0,0.0,0.0,277855.719614815,0.0,277859.959334385,277851.4799963393,277859.959334385,0.0,277859.959334385,277859.959334385,277859.959334385,277859.959334385,277847.2404789625,277851.4799963393,0.0,0.0,277859.959334385,0.0,0.0,277859.959334385,277859.959334385,277859.959334385,277855.719614815,277859.959334385,277859.959334385,277859.959334385,277851.4799963393,0.0,0.0,0.0,277847.2404789625,277859.959334385,277851.4799963393,277859.959334385,0.0,277855.719614815,277859.959334385,277859.959334385,277855.719614815,0.0,277855.719614815,0.0,0.0,277855.719614815,277855.719614815,277859.959334385,277855.719614815,0.0,277859.959334385,277855.719614815,277859.959334385,277859.959334385,277855.719614815,277855.719614815,277855.719614815,277855.719614815,277859.959334385,0.0,277847.2404789625,277843.00106268923,277843.00106268923,277847.2404789625,277838.7617475241,277855.719614815,277847.2404789625,277859.959334385,277855.719614815,277855.719614815,277843.00106268923,277855.719614815,277847.2404789625,277847.2404789625,277859.959334385,277851.4799963393,277838.7617475241,277847.2404789625,277843.00106268923,277843.00106268923,277859.959334385,277851.4799963393,0.0,277855.719614815,0.0,277851.4799963393,277855.719614815,277851.4799963393,277847.2404789625,277859.959334385,277859.959334385,277855.719614815,277855.719614815,277851.4799963393,0.0,277843.00106268923,277847.2404789625,277855.719614815,277851.4799963393,277851.4799963393,277859.959334385,277834.52253347175,277855.719614815,277855.719614815,277855.719614815,277855.719614815,277859.959334385,277851.4799963393,277855.719614815,277843.00106268923,277843.00106268923,0.0,0.0,277855.719614815,277859.959334385,277859.959334385,0.0,277859.959334385,0.0,277859.959334385,277859.959334385,277859.959334385,277851.4799963393,277855.719614815,277859.959334385,277855.719614815,277855.719614815,277851.4799963393,277859.959334385,277859.959334385,0.0,0.0,277859.959334385,277859.959334385,0.0,277859.959334385,277855.719614815,277859.959334385,277851.4799963393,277855.719614815,0.0,277859.959334385,277859.959334385,277855.719614815,0.0,277855.719614815,277859.959334385,0.0,277847.2404789625,0.0,277847.2404789625,277855.719614815,0.0,277855.719614815,277855.719614815,0.0,277859.959334385,277859.959334385,277859.959334385,0.0,277851.4799963393,277859.959334385,277855.719614815,277859.959334385,0.0,277859.959334385,277859.959334385,0.0,277859.959334385,0.0,277851.4799963393,277859.959334385,277851.4799963393,277859.959334385,277859.959334385,277859.959334385,0.0,277855.719614815,277855.719614815,0.0,277859.959334385,0.0,0.0,277847.2404789625,277851.4799963393,277859.959334385,277859.959334385,277859.959334385,277859.959334385,277859.959334385,277859.959334385,277851.4799963393,277855.719614815,0.0,277859.959334385,277855.719614815,277855.719614815,277855.719614815,277859.959334385,277855.719614815,277855.719614815,277859.959334385,277855.719614815,277851.4799963393,0.0,277859.959334385,277859.959334385,277859.959334385,277855.719614815,0.0,0.0,277855.719614815,277855.719614815,277859.959334385,0.0,277859.959334385,277851.4799963393,0.0,0.0,277859.959334385,0.0,277859.959334385,277859.959334385,0.0,277859.959334385,0.0,277855.719614815,277859.959334385,277859.959334385,0.0,277855.719614815
0.0,0.0,277859.959334385,277859.959334385,277855.719614815,0.0,0.0,0.0,277851.4799963393,277855.719614815,277855.719614815,277859.959334385,277855.719614815,0.0,277859.959334385,277847.2404789625,277855.719614815,0.0,277855.719614815,277855.719614815,0.0,0.0,0.0,277855.719614815,277855.719614815,277859.959334385,277859.959334385,0.0,277859.959334385,277855.719614815,0.0,0.0,277859.959334385,277859.959334385,0.0,277859.959334385,277859.959334385,277859.959334385,0.0,277851.4799963393,277859.959334385,277859.959334385,0.0,0.0,277859.959334385,277855.719614815,277859.959334385,277847.2404789625,0.0,277859.959334385,277859.959334385,0.0,0.0,277859.959334385,0.0,0.0,277855.719614815,277855.719614815,0.0,277855.719614815,277859.959334385,277851.4799963393,277855.719614815,0.0,0.0,277855.719614815,277855.719614815,277855.719614815,277847.2404789625,277855.719614815,277855.719614815,277859.959334385,277847.2404789625,277859.959334385,277847.2404789625,277851.4799963393,277859.959334385,277859.959334385,277851.4799963393,277859.959334385,277851.4799963393,277843.00106268923,0.0,277851.4799963393,0.0,277859.959334385,277855.719614815,277843.00106268923,277847.2404789625,277847.2404789625,277847.2404789625,277843.00106268923,277855.719614815,277855.719614815,277851.4799963393,277843.00106268923,277851.4799963393,277847.2404789625,277847.2404789625,277826.04440872394,277847.2404789625,277851.4799963393,277847.2404789625,277843.00106268923,277838.7617475241,277851.4799963393,277838.7617475241,277855.719614815,277851.4799963393,0.0,277855.719614815,277855.719614815,277859.959334385,277859.959334385,277843.00106268923,277855.719614815,277830.2834205368,277855.719614815,277847.2404789625,277851.4799963393,277851.4799963393,277859.959334385,277838.7617475241,277843.00106268923,277847.2404789625,277847.2404789625,277847.2404789625,277847.2404789625,277847.2404789625,277847.2404789625,277851.4799963393,277834.52253347175,277855.719614815,277855.719614815,277859.959334385,0.0,277855.719614815,277851.4799963393,277851.4799963393,277859.959334385,277851.4799963393,277855.719614815,277855.719614815,277859.959334385,277851.4799963393,277855.719614815,277859.959334385,277851.4799963393,277855.719614815,277851.4799963393,277859.959334385,277855.719614815,277855.719614815,277855.719614815,277838.7617475241,277855.719614815,277851.4799963393,0.0,277851.4799963393,277859.959334385,0.0,277851.4799963393,277859.959334385,0.0,277859.959334385,277855.719614815,277855.719614815,277859.959334385,277851.4799963393,0.0,277851.4799963393,277859.959334385,277859.959334385,277855.719614815,277859.959334385,277855.719614815,0.0,0.0,277855.719614815,277855.719614815,0.0,277859.959334385,277843.00106268923,277847.2404789625,277859.959334385,0.0,277847.2404789625,0.0,277855.719614815,0.0,277855.719614815,277859.959334385,277851.4799963393,277859.959334385,0.0,277855.719614815,277859.959334385,277851.4799963393,277851.4799963393,277851.4799963393,277859.959334385,277847.2404789625,277859.959334385,277859.959334385,277859.959334385,277855.719614815,277851.4799963393,0.0,277855.719614815,277851.4799963393,277851.4799963393,277851.4799963393,277847.2404789625,0.0,277859.959334385,277859.959334385,277859.959334385,0.0,0.0,277859.959334385,277859.959334385,277859.959334385,277859.959334385,277859.959334385,0.0,277855.719614815,277859.959334385,277859.959334385,277855.719614815,277859.959334385,277855.719614815,0.0,277859.959334385,277859.959334385,277859.959334385,0.0,277859.959334385,277859.959334385,277859.959334385,277855.719614815,277847.2404789625,277859.959334385,277859.959334385,0.0,277859.959334385,0.0,0.0,277855.719614815,277859.959334385,277859.959334385,277859.959334385,277851.4799963393,277859.959334385,277859.959334385,0.0,277855.719614815
277859.959334385,0.0,277859.959334385,277855.719614815,0.0,0.0,0.0,0.0,277859.959334385,277855.719614815,277855.719614815,277859.959334385,277855.719614815,277859.959334385,277859.959334385,0.0,277855.719614815,277859.959334385,277859.959334385,277859.959334385,277859.959334385,0.0,0.0,277851.4799963393,277855.719614815,277851.4799963393,277859.959334385,277859.959334385,277859.959334385,277851.4799963393,277855.719614815,277855.719614815,0.0,277855.719614815,277859.959334385,277855.719614815,277859.959334385,277859.959334385,277859.959334385,277859.959334385,277859.959334385,0.0,277859.959334385,277859.959334385,0.0,277855.719614815,277859.959334385,277855.719614815,0.0,0.0,277855.719614815,277855.719614815,277851.4799963393,0.0,277859.959334385,277859.959334385,277855.719614815,0.0,277859.959334385,0.0,277855.719614815,277855.719614815,277859.959334385,277855.719614815,277851.4799963393,277851.4799963393,277859.959334385,277851.4799963393,277847.2404789625,277855.719614815,277843.00106268923,277855.719614815,277859.959334385,277855.719614815,277851.4799963393,277859.959334385,0.0,277859.959334385,277859.959334385,277855.719614815,277843.00106268923,0.0,277859.959334385,277859.959334385,277855.719614815,277843.00106268923,277838.7617475241,277821.80549803784,277838.7617475241,277855.719614815,277843.00106268923,277847.2404789625,277843.00106268923,277851.4799963393,277847.2404789625,277859.959334385,277843.00106268923,277847.2404789625,277855.719614815,277851.4799963393,277859.959334385,277847.2404789625,277817.5666884829,277834.52253347175,277851.4799963393,277851.4799963393,277859.959334385,277830.2834205368,277851.4799963393,277830.2834205368,277843.00106268923,277855.719614815,277843.00106268923,277843.00106268923,277859.959334385,277847.2404789625,277851.4799963393,277855.719614815,277859.959334385,277843.00106268923,277843.00106268923,277843.00106268923,277834.52253347175,277851.4799963393,277851.4799963393,277847.2404789625,277843.00106268923,277859.959334385,0.0,277855.719614815,277851.4799963393,277838.7617475241,277851.4799963393,277851.4799963393,277851.4799963393,277855.719614815,0.0,277843.00106268923,277834.52253347175,277843.00106268923,277843.00106268923,277855.719614815,277847.2404789625,277859.959334385,277859.959334385,0.0,277851.4799963393,277855.719614815,277847.2404789625,277855.719614815,277855.719614815,277851.4799963393,277859.959334385,277834.52253347175,277855.719614815,0.0,0.0,277851.4799963393,277843.00106268923,0.0,277859.959334385,277847.2404789625,0.0,277851.4799963393,277855.719614815,277859.959334385,277855.719614815,277851.4799963393,277859.959334385,277851.4799963393,0.0,277855.719614815,277859.959334385,277855.719614815,277855.719614815,277859.959334385,277855.719614815,277847.2404789625,277855.719614815,277838.7617475241,277851.4799963393,277851.4799963393,277859.959334385,0.0,277859.959334385,277855.719614815,277847.2404789625,277859.959334385,277855.719614815,277851.4799963393,0.0,277859.959334385,277855.719614815,0.0,277851.4799963393,277851.4799963393,277847.2404789625,277859.959334385,277843.00106268923,0.0,277851.4799963393,277859.959334385,0.0,0.0,277859.959334385,277859.959334385,277859.959334385,277855.719614815,277859.959334385,0.0,277855.719614815,0.0,277855.719614815,277859.959334385,277855.719614815,277851.4799963393,277859.959334385,0.0,277851.4799963393,0.0,277855.719614815,277859.959334385,277859.959334385,0.0,0.0,277859.959334385,277855.719614815,277859.959334385,277855.719614815,0.0,0.0,0.0,0.0,0.0,0.0,277851.4799963393,277855.719614815,277859.959334385,0.0,277859.959334385,277851.4799963393,277855.719614815,0.0,277855.719614815,277859.959334385,0.0,277859.959334385,277855.719614815,0.0,0.0,0.0,0.0,277859.959334385,0.0,277859.959334385,277855.719614815
0.0,277859.959334385,277859.959334385,0.0,0.0,277855.719614815,0.0,0.0,277859.959334385,0.0,277859.959334385,0.0,277859.959334385,0.0,277859.959334385,277859.959334385,277855.719614815,0.0,277859.959334385,277859.959334385,277859.959334385,277859.959334385,0.0,277859.959334385,277855.719614815,277859.959334385,0.0,277859.959334385,0.0,277859.959334385,277859.959334385,277855.719614815,0.0,277859.959334385,0.0,277859.959334385,0.0,0.0,277851.4799963393,277859.959334385,277859.959334385,277851.4799963393,277859.959334385,0.0,277855.719614815,277851.4799963393,0.0,0.0,277859.959334385,277859.959334385,277859.959334385,277855.719614815,277855.719614815,277855.719614815,0.0,0.0,0.0,0.0,277855.719614815,277855.719614815,277855.719614815,277859.959334385,277859.959334385,277851.4799963393,277847.2404789625,277851.4799963393,277851.4799963393,277830.2834205368,277838.7617475241,277834.52253347175,277847.2404789625,277859.959334385,277851.4799963393,277843.00106268923,277843.00106268923,277851.4799963393,277859.959334385,277859.959334385,277851.4799963393,277843.00106268923,277847.2404789625,277855.719614815,277847.2404789625,277843.00106268923,277843.00106268923,277843.00106268923,277830.2834205368,277834.52253347175,277834.52253347175,277851.4799963393,277821.80549803784,277843.00106268923,277843.00106268923,277843.00106268923,277851.4799963393,277838.7617475241,277838.7617475241,277843.00106268923,277834.52253347175,277834.52253347175,277826.04440872394,277826.04440872394,277830.2834205368,277830.2834205368,277834.52253347175,277847.2404789625,277847.2404789625,277855.719614815,277843.00106268923,277851.4799963393,277851.4799963393,277838.7617475241,277855.719614815,277838.7617475241,277859.959334385,277851.4799963393,277851.4799963393,277855.719614815,277843.00106268923,0.0,277855.719614815,277847.2404789625,277855.719614815,277851.4799963393,277834.52253347175,277830.2834205368,277838.7617475241,277843.00106268923,277855.719614815,277855.719614815,277847.2404789625,277838.7617475241,0.0,277855.719614815,277843.00106268923,277851.4799963393,277855.719614815,277851.4799963393,277851.4799963393,277834.52253347175,277847.2404789625,277838.7617475241,277855.719614815,277855.719614815,277843.00106268923,277859.959334385,277851.4799963393,277838.7617475241,277847.2404789625,277855.719614815,277843.00106268923,277855.719614815,277851.4799963393,277843.00106268923,277834.52253347175,277847.2404789625,277855.719614815,277843.00106268923,277843.00106268923,277855.719614815,277859.959334385,277859.959334385,277843.00106268923,277855.719614815,277851.4799963393,277851.4799963393,277859.959334385,277855.719614815,0.0,277855.719614815,277851.4799963393,277855.719614815,277851.4799963393,277859.959334385,277855.719614815,0.0,277859.959334385,277859.959334385,277855.719614815,277851.4799963393,277855.719614815,277855.719614815,0.0,277855.719614815,277855.719614815,277851.4799963393,0.0,277838.7617475241,277851.4799963393,0.0,277838.7617475241,277851.4799963393,0.0,277859.959334385,277855.719614815,277851.4799963393,277859.959334385,277855.719614815,277838.7617475241,277851.4799963393,0.0,277859.959334385,0.0,277851.4799963393,277855.719614815,0.0,277859.959334385,277851.4799963393,277855.719614815,277859.959334385,277855.719614815,0.0,277855.719614815,277859.959334385,277855.719614815,277855.719614815,277859.959334385,277859.959334385,0.0,277847.2404789625,277855.719614815,277855.719614815,0.0,0.0,277855.719614815,277855.719614815,0.0,0.0,277851.4799963393,277859.959334385,0.0,277859.959334385,277855.719614815,0.0,0.0,0.0,277859.959334385,277859.959334385,277855.719614815,277859.959334385,277859.959334385,277843.00106268923,277851.4799963393,0.0,277859.959334385,0.0,0.0,0.0,0.0,277859.959334385,277859.959334385,277851.4799963393,277859.959334385,277855.719614815,277859.959334385,0.0
0.0,0.0,0.0,277859.959334385,0.0,277855.719614815,277855.719614815,0.0,277859.959334385,0.0,0.0,0.0,277859.959334385,277859.959334385,277855.719614815,277859.959334385,277855.719614815,277855.719614815,277859.959334385,277855.719614815,277855.719614815,277855.719614815,277859.959334385,277855.719614815,0.0,0.0,277851.4799963393,277859.959334385,277851.4799963393,277859.959334385,277855.719614815,277859.959334385,277847.2404789625,277855.719614815,0.0,277859.959334385,0.0,277851.4799963393,277855.719614815,277859.959334385,0.0,277859.959334385,277859.959334385,277851.4799963393,277859.959334385,277859.959334385,277859.959334385,277851.4799963393,277855.719614815,277859.959334385,0.0,277859.959334385,277855.719614815,277859.959334385,0.0,277851.4799963393,277859.959334385,277855.719614815,277855.719614815,277855.719614815,277859.959334385,277851.4799963393,277847.2404789625,277851.4799963393,277851.4799963393,277855.719614815,277838.7617475241,277843.00106268923,277843.00106268923,277847.2404789625,277843.00106268923,277843.00106268923,277838.7617475241,277843.00106268923,277843.00106268923,277859.959334385,277851.4799963393,277843.00106268923,277851.4799963393,277834.52253347175,277859.959334385,277855.719614815,277855.719614815,277847.2404789625,277843.00106268923,277851.4799963393,277838.7617475241,277826.04440872394,277821.80549803784,277838.7617475241,277796.3741578399,277821.80549803784,277855.719614815,277847.2404789625,277821.80549803784,277830.2834205368,277834.52253347175,277830.2834205368,277830.2834205368,277817.5666884829,277838.7617475241,277809.0893727855,277838.7617475241,277830.2834205368,277834.52253347175,277817.5666884829,277826.04440872394,277847.2404789625,277851.4799963393,277843.00106268923,277851.4799963393,277843.00106268923,277843.00106268923,277826.04440872394,277821.80549803784,277859.959334385,277830.2834205368,277847.2404789625,277830.2834205368,277838.7617475241,277855.719614815,277830.2834205368,277855.719614815,277847.2404789625,277838.7617475241,277843.00106268923,277830.2834205368,277838.7617475241,277838.7617475241,277851.4799963393,277851.4799963393,277843.00106268923,277834.52253347175,277843.00106268923,277838.7617475241,277834.52253347175,277847.2404789625,277834.52253347175,277843.00106268923,277834.52253347175,277847.2404789625,277851.4799963393,277847.2404789625,277843.00106268923,277843.00106268923,277838.7617475241,277830.2834205368,277826.04440872394,277830.2834205368,277826.04440872394,277834.52253347175,277838.7617475241,277847.2404789625,277851.4799963393,277855.719614815,277859.959334385,277851.4799963393,277851.4799963393,277843.00106268923,277834.52253347175,277843.00106268923,277847.2404789625,277851.4799963393,277843.00106268923,277847.2404789625,277847.2404789625,277851.4799963393,277847.2404789625,277851.4799963393,277847.2404789625,277859.959334385,277855.719614815,277855.719614815,277859.959334385,277859.959334385,277859.959334385,277855.719614815,277847.2404789625,277855.719614815,277851.4799963393,277859.959334385,277851.4799963393,277859.959334385,277855.719614815,277847.2404789625,277847.2404789625,277855.719614815,277851.4799963393,277843.00106268923,277855.719614815,277855.719614815,277847.2404789625,277838.7617475241,277851.4799963393,277843.00106268923,277838.7617475241,277855.719614815,0.0,277855.719614815,277855.719614815,0.0,277855.719614815,277851.4799963393,277851.4799963393,277855.719614815,277855.719614815,0.0,277859.959334385,0.0,277855.719614815,277859.959334385,277851.4799963393,277855.719614815,0.0,277855.719614815,277855.719614815,277859.959334385,277859.959334385,277859.959334385,277859.959334385,0.0,0.0,0.0,0.0,277855.719614815,0.0,277859.959334385,277838.7617475241,277855.719614815,277859.959334385,277838.7617475241,0.0,277859.959334385,0.0,277859.959334385,277855.719614815,0.0,277859.959334385,0.0,277859.959334385,0.0,277859.959334385,277855.719614815,0.0,277859.959334385,277851.4799963393,0.0,0.0,277855.719614815,0.0,277855.719614815,277855.719614815,0.0,0.0,277855.719614815,0.0
0.0,277855.719614815,277859.959334385,277859.959334385,0.0,277859.959334385,0.0,0.0,277859.959334385,277851.4799963393,0.0,277859.959334385,0.0,0.0,277855.719614815,277859.959334385,0.0,0.0,277859.959334385,0.0,277855.719614815,277859.959334385,277855.719614815,277859.959334385,277855.719614815,277855.719614815,277855.719614815,277847.2404789625,277859.959334385,0.0,0.0,277859.959334385,0.0,277859.959334385,277855.719614815,0.0,0.0,277855.719614815,277855.719614815,0.0,277855.719614815,0.0,277847.2404789625,277851.4799963393,277859.959334385,0.0,277859.959334385,0.0,277851.4799963393,277855.719614815,277855.719614815,277859.959334385,0.0,277843.00106268923,277859.959334385,0.0,277859.959334385,277859.959334385,277859.959334385,277859.959334385,277859.959334385,277855.719614815,277843.00106268923,277847.2404789625,277851.4799963393,277851.4799963393,277838.7617475241,277830.2834205368,277847.2404789625,277826.04440872394,277838.7617475241,277855.719614815,277843.00106268923,277847.2404789625,277855.719614815,277838.7617475241,277843.00106268923,277826.04440872394,277847.2404789625,277847.2404789625,277838.7617475241,277826.04440872394,277800.6124616689,277834.52253347175,277843.00106268923,277821.80549803784,277843.00106268923,277830.2834205368,277817.5666884829,277821.80549803784,277830.2834205368,277834.52253347175,277847.2404789625,277847.2404789625,277834.52253347175,277826.04440872394,277847.2404789625,277843.00106268923,277817.5666884829,277843.00106268923,277834.52253347175,277843.00106268923,277821.80549803784,277826.04440872394,277830.2834205368,277843.00106268923,277826.04440872394,277834.52253347175,277843.00106268923,277826.04440872394,277851.4799963393,277826.04440872394,277830.2834205368,277834.52253347175,277847.2404789625,277847.2404789625,277817.5666884829,277847.2404789625,277843.00106268923,277830.2834205368,277851.4799963393,277847.2404789625,277834.52253347175,277830.2834205368,277847.2404789625,277838.7617475241,277843.00106268923,277851.4799963393,277838.7617475241,277847.2404789625,277838.7617475241,277826.04440872394,277838.7617475241,277855.719614815,277847.2404789625,277830.2834205368,277830.2834205368,277843.00106268923,277843.00106268923,277851.4799963393,277851.4799963393,277851.4799963393,277830.2834205368,277847.2404789625,277830.2834205368,277843.00106268923,277817.5666884829,277851.4799963393,277843.00106268923,0.0,277826.04440872394,277855.719614815,277834.52253347175,277843.00106268923,277821.80549803784,277817.5666884829,277851.4799963393,277838.7617475241,277847.2404789625,277843.00106268923,277838.7617475241,277847.2404789625,277830.2834205368,277859.959334385,277851.4799963393,277851.4799963393,277834.52253347175,277843.00106268923,277855.719614815,277847.2404789625,277859.959334385,277855.719614815,277859.959334385,277847.2404789625,277855.719614815,0.0,277851.4799963393,277838.7617475241,0.0,277855.719614815,277847.2404789625,277855.719614815,277855.719614815,277859.959334385,0.0,0.0,277859.959334385,277847.2404789625,277855.719614815,277859.959334385,277859.959334385,277851.4799963393,277847.2404789625,277847.2404789625,277847.2404789625,277859.959334385,277855.719614815,277847.2404789625,277855.719614815,277859.959334385,277851.4799963393,277855.719614815,277851.4799963393,277855.719614815,277859.959334385,277859.959334385,277859.959334385,277855.719614815,277859.959334385,277859.959334385,277859.959334385,0.0,277855.719614815,277859.959334385,277859.959334385,0.0,277855.719614815,0.0,277859.959334385,0.0,277859.959334385,277859.959334385,277855.719614815,277851.4799963393,277859.959334385,277855.719614815,277859.959334385,277855.719614815,277855.719614815,0.0,277859.959334385,277859.959334385,277859.959334385,0.0,0.0,277859.959334385,277855.719614815,277855.719614815,277859.959334385,0.0,277859.959334385,277855.719614815,0.0,0.0,277855.719614815,277855.719614815,277859.959334385,0.0,277859.959334385,277855.719614815,277859.959334385,0.0,277859.959334385,277855.719614815,0.0,0.0
0.0,277859.959334385,0.0,277859.959334385,277855.719614815,0.0,0.0,277859.959334385,277855.719614815,277859.959334385,0.0,0.0,277859.959334385,277859.959334385,0.0,0.0,0.0,0.0,277859.959334385,277855.719614815,0.0,277855.719614815,0.0,277859.959334385,277855.719614815,277855.719614815,277855.719614815,277859.959334385,277851.4799963393,0.0,0.0,0.0,0.0,277859.959334385,277851.4799963393,0.0,0.0,277855.719614815,0.0,277855.719614815,277855.719614815,0.0,277855.719614815,277859.959334385,0.0,277855.719614815,277855.719614815,277859.959334385,277859.959334385,0.0,277859.959334385,277859.959334385,277855.719614815,277851.4799963393,0.0,277859.959334385,277847.2404789625,277847.2404789625,277847.2404789625,277838.7617475241,277843.00106268923,277838.7617475241,277847.2404789625,277851.4799963393,277843.00106268923,277838.7617475241,277855.719614815,277834.52253347175,277838.7617475241,277817.5666884829,277838.7617475241,277843.00106268923,277826.04440872394,277834.52253347175,277851.4799963393,277843.00106268923,277834.52253347175,277821.80549803784,277834.52253347175,277830.2834205368,277838.7617475241,277834.52253347175,277834.52253347175,277851.4799963393,277813.3279800639,277817.5666884829,277821.80549803784,277847.2404789625,277851.4799963393,277855.719614815,277817.5666884829,277830.2834205368,277804.85086665227,277821.80549803784,277834.52253347175,277843.00106268923,277804.85086665227,277843.00106268923,277834.52253347175,277826.04440872394,277838.7617475241,277830.2834205368,277834.52253347175,277826.04440872394,277817.5666884829,277817.5666884829,277838.7617475241,277834.52253347175,277838.7617475241,277821.80549803784,277843.00106268923,277813.3279800639,277834.52253347175,277813.3279800639,277821.80549803784,277826.04440872394,277851.4799963393,277826.04440872394,277847.2404789625,277830.2834205368,277851.4799963393,277821.80549803784,277826.04440872394,277855.719614815,277847.2404789625,277826.04440872394,277830.2834205368,277821.80549803784,277813.3279800639,277847.2404789625,277830.2834205368,277826.04440872394,277830.2834205368,277838.7617475241,277834.52253347175,277830.2834205368,277838.7617475241,277834.52253347175,277843.00106268923,277843.00106268923,277826.04440872394,277830.2834205368,277826.04440872394,277838.7617475241,277843.00106268923,277843.00106268923,277834.52253347175,277834.52253347175,277834.52253347175,277838.7617475241,277847.2404789625,277830.2834205368,277843.00106268923,277843.00106268923,277821.80549803784,277851.4799963393,277834.52253347175,277843.00106268923,277817.5666884829,277843.00106268923,277834.52253347175,277830.2834205368,277838.7617475241,277821.80549803784,277838.7617475241,277838.7617475241,277847.2404789625,277855.719614815,277847.2404789625,277847.2404789625,277843.00106268923,277855.719614815,277838.7617475241,277847.2404789625,277851.4799963393,277851.4799963393,277855.719614815,277851.4799963393,277847.2404789625,277855.719614815,277851.4799963393,277855.719614815,277855.719614815,277851.4799963393,277859.959334385,277855.719614815,277855.719614815,277847.2404789625,277859.959334385,277851.4799963393,277859.959334385,277859.959334385,277838.7617475241,277851.4799963393,277855.719614815,277847.2404789625,277851.4799963393,277851.4799963393,277847.2404789625,277847.2404789625,277855.719614815,0.0,277859.959334385,277859.959334385,0.0,277851.4799963393,0.0,0.0,277859.959334385,277855.719614815,277859.959334385,0.0,277859.959334385,277851.4799963393,277859.959334385,277851.4799963393,277855.719614815,277859.959334385,277859.959334385,277847.2404789625,0.0,277859.959334385,277847.2404789625,277855.719614815,0.0,0.0,277859.959334385,277859.959334385,277859.959334385,0.0,277859.959334385,277855.719614815,277855.719614815,277855.719614815,277855.719614815,277859.959334385,0.0,277859.959334385,0.0,277859.959334385,277855.719614815,0.0,0.0,277859.959334385,0.0,277859.959334385,277859.959334385,277855.719614815,0.0,0.0,277859.959334385,277851.4799963393,277851.4799963393,277859.959334385,0.0,277859.959334385
277859.959334385,277859.959334385,277859.959334385,0.0,277859.959334385,277851.4799963393,0.0,277859.959334385,277859.959334385,0.0,0.0,277859.959334385,277859.959334385,0.0,277859.959334385,0.0,277855.719614815,277859.959334385,277855.719614815,277859.959334385,277855.719614815,277859.959334385,277859.959334385,0.0,277855.719614815,277859.959334385,277855.719614815,277855.719614815,277859.959334385,277851.4799963393,277859.959334385,277855.719614815,277859.959334385,0.0,277855.719614815,0.0,277855.719614815,277859.959334385,277851.4799963393,0.0,277851.4799963393,277859.959334385,277855.719614815,0.0,277859.959334385,277859.959334385,277843.00106268923,277859.959334385,277855.719614815,277859.959334385,277859.959334385,277855.719614815,0.0,0.0,0.0,277851.4799963393,277838.7617475241,277851.4799963393,277855.719614815,277859.959334385,277838.7617475241,277830.2834205368,277838.7617475241,277834.52253347175,277855.719614815,277834.52253347175,277834.52253347175,277847.2404789625,277830.2834205368,277855.719614815,277843.00106268923,277847.2404789625,277830.2834205368,277851.4799963393,277830.2834205368,277847.2404789625,277834.52253347175,277843.00106268923,277851.4799963393,277843.00106268923,277821.80549803784,277838.7617475241,277834.52253347175,277826.04440872394,277847.2404789625,277830.2834205368,277834.52253347175,277817.5666884829,277843.00106268923,277821.80549803784,277847.2404789625,277830.2834205368,277855.719614815,277847.2404789625,277821.80549803784,277826.04440872394,277847.2404789625,277826.04440872394,277830.2834205368,277834.52253347175,277843.00106268923,277817.5666884829,277834.52253347175,277847.2404789625,277830.2834205368,277843.00106268923,277843.00106268923,277826.04440872394,277830.2834205368,277830.2834205368,277830.2834205368,277834.52253347175,277834.52253347175,277834.52253347175,277855.719614815,277834.52253347175,277830.2834205368,277817.5666884829,277843.00106268923,277826.04440872394,277847.2404789625,277834.52253347175,277838.7617475241,277843.00106268923,277843.00106268923,277821.80549803784,277787.89785366395,277817.5666884829,277838.7617475241,277830.2834205368,277838.7617475241,277830.2834205368,277838.7617475241,277813.3279800639,277843.00106268923,277843.00106268923,277855.719614815,277834.52253347175,277847.2404789625,277847.2404789625,277826.04440872394,277838.7617475241,277830.2834205368,277817.5666884829,277813.3279800639,277847.2404789625,277851.4799963393,277843.00106268923,277817.5666884829,277809.0893727855,277847.2404789625,277821.80549803784,277830.2834205368,277834.52253347175,277830.2834205368,277826.04440872394,277834.52253347175,277830.2834205368,277834.52253347175,277851.4799963393,277830.2834205368,277843.00106268923,277847.2404789625,277838.7617475241,277821.80549803784,277826.04440872394,277830.2834205368,277843.00106268923,277847.2404789625,277843.00106268923,277843.00106268923,277847.2404789625,277834.52253347175,277847.2404789625,277851.4799963393,277843.00106268923,277859.959334385,277851.4799963393,277843.00106268923,277847.2404789625,277855.719614815,277851.4799963393,277834.52253347175,277859.959334385,277855.719614815,277847.2404789625,277851.4799963393,277859.959334385,277843.00106268923,277851.4799963393,277838.7617475241,277851.4799963393,277826.04440872394,277838.7617475241,0.0,277855.719614815,277851.4799963393,277855.719614815,277859.959334385,277838.7617475241,0.0,277859.959334385,0.0,277855.719614815,277855.719614815,277855.719614815,277847.2404789625,277855.719614815,277859.959334385,277855.719614815,277855.719614815,277855.719614815,277859.959334385,277859.959334385,0.0,0.0,0.0,277843.00106268923,0.0,277859.959334385,277855.719614815,277851.4799963393,0.0,277851.4799963393,0.0,277859.959334385,0.0,277855.719614815,277859.959334385,0.0,277859.959334385,277855.719614815,277855.719614815,277851.4799963393,277859.959334385,0.0,0.0,277859.959334385,0.0,0.0,0.0,277855.719614815,277859.959334385,0.0,277855.719614815,277855.719614815,277847.2404789625,277855.719614815,277859.959334385,0.0,277851.4799963393,277859.959334385,0.0,0.0,277859.959334385,277859.959334385
277859.959334385,277851.4799963393,0.0,277859.959334385,0.0,0.0,277847.2404789625,277855.719614815,277859.959334385,0.0,0.0,277855.719614815,0.0,277859.959334385,0.0,0.0,277859.959334385,277859.959334385,277859.959334385,277859.959334385,277859.959334385,277855.719614815,277859.959334385,0.0,0.0,277855.719614815,0.0,0.0,277859.959334385,0.0,277859.959334385,277859.959334385,0.0,277859.959334385,0.0,0.0,0.0,0.0,277847.2404789625,277855.719614815,277851.4799963393,0.0,277855.719614815,277859.959334385,277855.719614815,0.0,277851.4799963393,277859.959334385,0.0,277855.719614815,277838.7617475241,0.0,0.0,277855.719614815,277855.719614815,0.0,277838.7617475241,277847.2404789625,277851.4799963393,277859.959334385,277847.2404789625,277855.719614815,277834.52253347175,277851.4799963393,277843.00106268923,277847.2404789625,277851.4799963393,277855.719614815,277843.00106268923,277838.7617475241,277830.2834205368,277817.5666884829,277855.719614815,277834.52253347175,277847.2404789625,277830.2834205368,277847.2404789625,277813.3279800639,277821.80549803784,277830.2834205368,277851.4799963393,277817.5666884829,277851.4799963393,277851.4799963393,277813.3279800639,277843.00106268923,277821.80549803784,277830.2834205368,277830.2834205368,277813.3279800639,277847.2404789625,277834.52253347175,277826.04440872394,277847.2404789625,277847.2404789625,277838.7617475241,277830.2834205368,277804.85086665227,277843.00106268923,277821.80549803784,277838.7617475241,277843.00106268923,277834.52253347175,277817.5666884829,277843.00106268923,277830.2834205368,277834.52253347175,277830.2834205368,277830.2834205368,277843.00106268923,277830.2834205368,277838.7617475241,277800.6124616689,277830.2834205368,277830.2834205368,277843.00106268923,277838.7617475241,277821.80549803784,277843.00106268923,277800.6124616689,277834.52253347175,277817.5666884829,277809.0893727855,277834.52253347175,277834.52253347175,277800.6124616689,277838.7617475241,277855.719614815,277843.00106268923,277834.52253347175,277826.04440872394,277838.7617475241,277830.2834205368,277826.04440872394,277843.00106268923,277826.04440872394,277809.0893727855,277830.2834205368,277843.00106268923,277830.2834205368,277813.3279800639,277809.0893727855,277855.719614815,277855.719614815,277843.00106268923,277821.80549803784,277834.52253347175,277830.2834205368,277804.85086665227,277813.3279800639,277821.80549803784,277847.2404789625,277834.52253347175,277851.4799963393,277826.04440872394,277821.80549803784,277826.04440872394,277834.52253347175,277821.80549803784,277821.80549803784,277838.7617475241,277843.00106268923,277826.04440872394,277838.7617475241,277834.52253347175,277843.00106268923,277859.959334385,277838.7617475241,277838.7617475241,277826.04440872394,277838.7617475241,277830.2834205368,277834.52253347175,277843.00106268923,277851.4799963393,277847.2404789625,277826.04440872394,277851.4799963393,277851.4799963393,277843.00106268923,0.0,277851.4799963393,277843.00106268923,277843.00106268923,277855.719614815,277855.719614815,277847.2404789625,277855.719614815,277847.2404789625,277859.959334385,277847.2404789625,277855.719614815,277830.2834205368,277843.00106268923,277855.719614815,277843.00106268923,277847.2404789625,277826.04440872394,277851.4799963393,277847.2404789625,0.0,277859.959334385,277859.959334385,277847.2404789625,277859.959334385,277851.4799963393,277859.959334385,277859.959334385,277859.959334385,0.0,0.0,0.0,277859.959334385,0.0,277859.959334385,277855.719614815,0.0,0.0,277859.959334385,277859.959334385,0.0,277855.719614815,0.0,0.0,277859.959334385,277855.719614815,277851.4799963393,0.0,277859.959334385,0.0,277855.719614815,0.0,277859.959334385,277859.959334385,0.0,277855.719614815,277859.959334385,277851.4799963393,277855.719614815,277855.719614815,277859.959334385,277855.719614815,0.0,277859.959334385,277851.4799963393,277855.719614815,277855.719614815,277859.959334385,277851.4799963393,0.0,277851.4799963393,277855.719614815,0.0,0.0,0.0,277859.959334385
0.0,0.0,0.0,0.0,277855.719614815,277859.959334385,277859.959334385,0.0,277847.2404789625,277855.719614815,0.0,0.0,277859.959334385,0.0,277851.4799963393,277855.719614815,0.0,277855.719614815,0.0,277859.959334385,0.0,277859.959334385,0.0,0.0,0.0,277847.2404789625,277847.2404789625,0.0,277855.719614815,277859.959334385,277851.4799963393,0.0,0.0,277851.4799963393,277855.719614815,277855.719614815,0.0,277855.719614815,0.0,277851.4799963393,277859.959334385,277851.4799963393,277859.959334385,277843.00106268923,277859.959334385,0.0,277855.719614815,277859.959334385,277859.959334385,277859.959334385,277859.959334385,277838.7617475241,277855.719614815,277851.4799963393,277847.2404789625,277859.959334385,277859.959334385,277843.00106268923,277851.4799963393,277855.719614815,277851.4799963393,277847.2404789625,277830.2834205368,277851.4799963393,277817.5666884829,277855.719614815,277830.2834205368,277826.04440872394,277826.04440872394,277834.52253347175,277821.80549803784,277826.04440872394,277821.80549803784,277851.4799963393,277834.52253347175,277843.00106268923,277838.7617475241,277843.00106268923,277821.80549803784,277821.80549803784,277834.52253347175,277830.2834205368,277843.00106268923,277843.00106268923,277851.4799963393,277847.2404789625,277834.52253347175,277843.00106268923,277834.52253347175,277843.00106268923,277843.00106268923,277851.4799963393,277830.2834205368,277843.00106268923,277821.80549803784,277826.04440872394,277830.2834205368,277834.52253347175,277855.719614815,277834.52253347175,277830.2834205368,277817.5666884829,277830.2834205368,277843.00106268923,277830.2834205368,277847.2404789625,277847.2404789625,277838.7617475241,277826.04440872394,277843.00106268923,277838.7617475241,277830.2834205368,277830.2834205368,277830.2834205368,277847.2404789625,277826.04440872394,277851.4799963393,277821.80549803784,277851.4799963393,277821.80549803784,277826.04440872394,277830.2834205368,277834.52253347175,277809.0893727855,277834.52253347175,277826.04440872394,277830.2834205368,277843.00106268923,277838.7617475241,277809.0893727855,277830.2834205368,277821.80549803784,277843.00106268923,277821.80549803784,277834.52253347175,277830.2834205368,277813.3279800639,277821.80549803784,277821.80549803784,277834.52253347175,277830.2834205368,277834.52253347175,277838.7617475241,277859.959334385,277838.7617475241,277821.80549803784,277851.4799963393,0.0,277859.959334385,277843.00106268923,277834.52253347175,277826.04440872394,277843.00106268923,277821.80549803784,277826.04440872394,277830.2834205368,277830.2834205368,277821.80549803784,277821.80549803784,277830.2834205368,277830.2834205368,277830.2834205368,277809.0893727855,277826.04440872394,277821.80549803784,277851.4799963393,277843.00106268923,277830.2834205368,277834.52253347175,277843.00106268923,277826.04440872394,277834.52253347175,277851.4799963393,277838.7617475241,277838.7617475241,277834.52253347175,277859.959334385,277847.2404789625,277843.00106268923,277834.52253347175,277847.2404789625,277834.52253347175,277826.04440872394,277851.4799963393,277843.00106268923,277821.80549803784,277843.00106268923,277847.2404789625,277851.4799963393,277851.4799963393,277843.00106268923,277834.52253347175,277851.4799963393,277847.2404789625,277851.4799963393,277847.2404789625,277847.2404789625,277851.4799963393,277847.2404789625,277851.4799963393,277847.2404789625,277855.719614815,0.0,277859.959334385,0.0,277855.719614815,0.0,277859.959334385,0.0,277859.959334385,277859.959334385,277851.4799963393,0.0,277851.4799963393,0.0,277859.959334385,277859.959334385,277859.959334385,0.0,0.0,277859.959334385,277855.719614815,277859.959334385,277859.959334385,277855.719614815,277859.959334385,277859.959334385,277855.719614815,0.0,277855.719614815,0.0,277855.719614815,277855.719614815,277847.2404789625,277859.959334385,277855.719614815,277855.719614815,0.0,0.0,277847.2404789625,277859.959334385,0.0,277859.959334385,0.0,0.0,277855.719614815,277847.2404789625,277855.719614815,0.0,0.0,277851.4799963393,277847.2404789625,0.0,277855.719614815,0.0,277859.959334385
277859.959334385,277859.959334385,0.0,277859.959334385,277855.719614815,0.0,0.0,0.0,277851.4799963393,0.0,277855.719614815,277859.959334385,0.0,277859.959334385,277855.719614815,0.0,277859.959334385,0.0,277859.959334385,0.0,277859.959334385,0.0,0.0,277859.959334385,0.0,277859.959334385,277859.959334385,277847.2404789625,0.0,277855.719614815,0.0,277859.959334385,277859.959334385,277859.959334385,0.0,277855.719614815,277859.959334385,277859.959334385,277855.719614815,0.0,277859.959334385,277847.2404789625,277859.959334385,0.0,277859.959334385,277855.719614815,277851.4799963393,277859.959334385,277851.4799963393,277859.959334385,277851.4799963393,277847.2404789625,277859.959334385,0.0,277851.4799963393,277851.4799963393,277830.2834205368,277847.2404789625,277847.2404789625,277855.719614815,277855.719614815,277843.00106268923,277851.4799963393,277843.00106268923,277834.52253347175,277843.00106268923,277834.52253347175,277834.52253347175,277834.52253347175,277834.52253347175,277826.04440872394,277830.2834205368,277830.2834205368,277838.7617475241,277834.52253347175,277826.04440872394,277847.2404789625,277851.4799963393,277830.2834205368,277851.4799963393,277821.80549803784,277813.3279800639,277843.00106268923,277830.2834205368,277834.52253347175,277821.80549803784,277834.52253347175,277830.2834205368,277838.7617475241,277834.52253347175,277830.2834205368,277826.04440872394,277821.80549803784,277796.3741578399,277826.04440872394,277796.3741578399,277830.2834205368,277847.2404789625,277821.80549803784,277830.2834205368,277851.4799963393,277826.04440872394,277847.2404789625,277834.52253347175,277826.04440872394,277830.2834205368,277843.00106268923,277817.5666884829,277843.00106268923,277834.52253347175,277826.04440872394,277834.52253347175,277838.7617475241,277830.2834205368,277826.04440872394,277847.2404789625,277834.52253347175,277843.00106268923,277847.2404789625,277834.52253347175,277813.3279800639,277809.0893727855,277847.2404789625,277821.80549803784,277838.7617475241,277838.7617475241,277826.04440872394,277847.2404789625,277843.00106268923,277834.52253347175,277847.2404789625,277851.4799963393,277843.00106268923,277830.2834205368,277847.2404789625,277821.80549803784,277847.2404789625,277804.85086665227,277843.00106268923,277838.7617475241,277838.7617475241,277821.80549803784,277834.52253347175,277847.2404789625,277843.00106268923,277838.7617475241,277838.7617475241,277826.04440872394,277851.4799963393,277843.00106268923,277826.04440872394,277838.7617475241,277851.4799963393,277834.52253347175,277830.2834205368,277847.2404789625,277838.7617475241,277834.52253347175,277834.52253347175,277851.4799963393,277821.80549803784,277838.7617475241,277851.4799963393,277851.4799963393,277843.00106268923,277830.2834205368,277809.0893727855,277821.80549803784,277821.80549803784,277847.2404789625,277843.00106268923,277826.04440872394,277821.80549803784,277851.4799963393,277838.7617475241,277847.2404789625,277843.00106268923,277838.7617475241,277855.719614815,277847.2404789625,277817.5666884829,277821.80549803784,277843.00106268923,277843.00106268923,277855.719614815,277859.959334385,277855.719614815,277847.2404789625,277855.719614815,277847.2404789625,277843.00106268923,277847.2404789625,277834.52253347175,277847.2404789625,0.0,277855.719614815,277851.4799963393,277855.719614815,277847.2404789625,277843.00106268923,277855.719614815,0.0,277851.4799963393,0.0,277838.7617475241,277859.959334385,277855.719614815,0.0,277855.719614815,0.0,0.0,277859.959334385,277859.959334385,277855.719614815,0.0,277855.719614815,277855.719614815,277855.719614815,0.0,277859.959334385,277859.959334385,277859.959334385,277855.719614815,277859.959334385,277859.959334385,277859.959334385,0.0,277859.959334385,0.0,277859.959334385,277847.2404789625,277855.719614815,277859.959334385,277859.959334385,0.0,0.0,277855.719614815,0.0,277851.4799963393,277851.4799963393,277859.959334385,0.0,277859.959334385,0.0,277859.959334385,277859.959334385,277855.719614815,277851.4799963393,277859.959334385,277859.959334385,0.0,277859.959334385,277855.719614815,277855.719614815,277855.719614815,0.0
0.0,277851.4799963393,277859.959334385,0.0,0.0,277859.959334385,277859.959334385,277855.719614815,277851.4799963393,0.0,277859.959334385,0.0,0.0,0.0,0.0,0.0,0.0,277859.959334385,277851.4799963393,277847.2404789625,277859.959334385,277851.4799963393,277859.959334385,277859.959334385,0.0,277859.959334385,277859.959334385,0.0,0.0,277859.959334385,277855.719614815,0.0,277851.4799963393,277859.959334385,277859.959334385,277859.959334385,277855.719614815,277859.959334385,0.0,0.0,277859.959334385,0.0,277855.719614815,0.0,0.0,0.0,277855.719614815,277843.00106268923,277855.719614815,277859.959334385,277843.00106268923,0.0,277847.2404789625,277838.7617475241,277855.719614815,277838.7617475241,277834.52253347175,277838.7617475241,277855.719614815,277851.4799963393,277843.00106268923,277855.719614815,277851.4799963393,277855.719614815,277855.719614815,277847.2404789625,277826.04440872394,277838.7617475241,277838.7617475241,277843.00106268923,277830.2834205368,277809.0893727855,277834.52253347175,277838.7617475241,277851.4799963393,277813.3279800639,277843.00106268923,277838.7617475241,277834.52253347175,277838.7617475241,277821.80549803784,277851.4799963393,277834.52253347175,277821.80549803784,277843.00106268923,277834.52253347175,277838.7617475241,277847.2404789625,277859.959334385,277847.2404789625,277813.3279800639,277843.00106268923,277826.04440872394,277855.719614815,277826.04440872394,277826.04440872394,277834.52253347175,277826.04440872394,277851.4799963393,277821.80549803784,277851.4799963393,277843.00106268923,277838.7617475241,277851.4799963393,277826.04440872394,277843.00106268923,277821.80549803784,277826.04440872394,277830.2834205368,277834.52253347175,277826.04440872394,277851.4799963393,277834.52253347175,277826.04440872394,277826.04440872394,277821.80549803784,277838.7617475241,277834.52253347175,277817.5666884829,277830.2834205368,277821.80549803784,277826.04440872394,277847.2404789625,277821.80549803784,277834.52253347175,277834.52253347175,277826.04440872394,277830.2834205368,277855.719614815,277847.2404789625,277847.2404789625,277843.00106268923,277838.7617475241,277830.2834205368,277813.3279800639,277851.4799963393,277809.0893727855,277830.2834205368,277826.04440872394,277834.52253347175,277817.5666884829,277821.80549803784,277830.2834205368,277843.00106268923,277855.719614815,277830.2834205368,277826.04440872394,277817.5666884829,277838.7617475241,277834.52253347175,277834.52253347175,277809.0893727855,277826.04440872394,277834.52253347175,277843.00106268923,277834.52253347175,277851.4799963393,277826.04440872394,277830.2834205368,277830.2834205368,277847.2404789625,277813.3279800639,277821.80549803784,277817.5666884829,277834.52253347175,277843.00106268923,277834.52253347175,277821.80549803784,277851.4799963393,277830.2834205368,277834.52253347175,277826.04440872394,277843.00106268923,277843.00106268923,277821.80549803784,277838.7617475241,277834.52253347175,277817.5666884829,277834.52253347175,277834.52253347175,277847.2404789625,277851.4799963393,277834.52253347175,277847.2404789625,277851.4799963393,277855.719614815,277855.719614815,277834.52253347175,277847.2404789625,277851.4799963393,277847.2404789625,277859.959334385,277847.2404789625,0.0,277859.959334385,277859.959334385,277851.4799963393,277855.719614815,277847.2404789625,277859.959334385,277855.719614815,277859.959334385,277855.719614815,277847.2404789625,277855.719614815,277859.959334385,0.0,277859.959334385,277859.959334385,0.0,277855.719614815,0.0,277851.4799963393,0.0,277859.959334385,277859.959334385,277855.719614815,277847.2404789625,277859.959334385,0.0,277855.719614815,277855.719614815,277859.959334385,0.0,277851.4799963393,0.0,277859.959334385,0.0,277859.959334385,277855.719614815,277855.719614815,0.0,277855.719614815,277859.959334385,277859.959334385,277859.959334385,277859.959334385,277851.4799963393,277855.719614815,0.0,277859.959334385,277859.959334385,277859.959334385,277855.719614815,277855.719614815,277859.959334385,277855.719614815,0.0,0.0,277855.719614815,0.0,0.0,0.0,277855.719614815,277851.4799963393,0.0
0.0,277859.959334385,277859.959334385,0.0,0.0,0.0,0.0,277859.959334385,277855.719614815,0.0,0.0,277859.959334385,277855.719614815,277859.959334385,0.0,277855.719614815,277859.959334385,0.0,277859.959334385,0.0,0.0,0.0,0.0,0.0,277859.959334385,0.0,0.0,0.0,0.0,0.0,277855.719614815,277855.719614815,277851.4799963393,277859.959334385,277859.959334385,277859.959334385,0.0,277859.959334385,0.0,0.0,277859.959334385,277859.959334385,0.0,0.0,277859.959334385,277851.4799963393,277859.959334385,277859.959334385,277851.4799963393,277859.959334385,277859.959334385,277843.00106268923,277847.2404789625,277847.2404789625,277826.04440872394,277855.719614815,277859.959334385,277834.52253347175,277851.4799963393,0.0,277847.2404789625,277847.2404789625,277851.4799963393,277847.2404789625,277851.4799963393,277826.04440872394,277843.00106268923,277847.2404789625,277834.52253347175,277838.7617475241,277830.2834205368,277838.7617475241,277809.0893727855,277834.52253347175,277838.7617475241,277821.80549803784,277830.2834205368,277838.7617475241,277834.52253347175,277821.80549803784,277838.7617475241,277843.00106268923,277851.4799963393,277838.7617475241,277843.00106268923,277817.5666884829,277830.2834205368,277830.2834205368,277851.4799963393,277834.52253347175,277830.2834205368,277834.52253347175,277813.3279800639,277830.2834205368,277843.00106268923,277834.52253347175,277838.7617475241,277834.52253347175,277838.7617475241,277830.2834205368,277847.2404789625,277834.52253347175,277826.04440872394,277821.80549803784,277834.52253347175,277847.2404789625,277838.7617475241,277843.00106268923,277834.52253347175,277830.2834205368,277826.04440872394,277838.7617475241,277851.4799963393,277838.7617475241,277851.4799963393,277847.2404789625,277821.80549803784,277821.80549803784,277830.2834205368,277843.00106268923,277851.4799963393,277813.3279800639,277826.04440872394,277834.52253347175,277834.52253347175,277851.4799963393,277843.00106268923,277847.2404789625,277843.00106268923,277817.5666884829,277859.959334385,277847.2404789625,277847.2404789625,277830.2834205368,277834.52253347175,277843.00106268923,277809.0893727855,277847.2404789625,277804.85086665227,277834.52253347175,277809.0893727855,277834.52253347175,277838.7617475241,277838.7617475241,277821.80549803784,277838.7617475241,277830.2834205368,277843.00106268923,277843.00106268923,277838.7617475241,277838.7617475241,277830.2834205368,277830.2834205368,277851.4799963393,277830.2834205368,277817.5666884829,277826.04440872394,277838.7617475241,277834.52253347175,277847.2404789625,277851.4799963393,277826.04440872394,277847.2404789625,277843.00106268923,277830.2834205368,277838.7617475241,277813.3279800639,277830.2834205368,277830.2834205368,277838.7617475241,277830.2834205368,277834.52253347175,277834.52253347175,277826.04440872394,277838.7617475241,277843.00106268923,277830.2834205368,277826.04440872394,277838.7617475241,277855.719614815,277817.5666884829,277830.2834205368,277855.719614815,277830.2834205368,277834.52253347175,277834.52253347175,277843.00106268923,277851.4799963393,277855.719614815,277859.959334385,277843.00106268923,277838.7617475241,277843.00106268923,277843.00106268923,277855.719614815,277855.719614815,277838.7617475241,277859.959334385,277855.719614815,277847.2404789625,277855.719614815,277851.4799963393,0.0,277855.719614815,277855.719614815,277851.4799963393,277851.4799963393,0.0,0.0,0.0,277855.719614815,277847.2404789625,0.0,277859.959334385,277855.719614815,0.0,0.0,277859.959334385,277855.719614815,277859.959334385,0.0,277855.719614815,277855.719614815,277859.959334385,0.0,277859.959334385,0.0,277859.959334385,277859.959334385,0.0,277859.959334385,0.0,0.0,0.0,277855.719614815,0.0,0.0,277859.959334385,277859.959334385,0.0,0.0,277855.719614815,0.0,277851.4799963393,277855.719614815,0.0,0.0,277859.959334385,0.0,277859.959334385,0.0,0.0,0.0,277859.959334385,277859.959334385,277859.959334385
0.0,277851.4799963393,277855.719614815,0.0,277855.719614815,277851.4799963393,277859.959334385,277851.4799963393,0.0,0.0,277855.719614815,0.0,277859.959334385,0.0,0.0,0.0,277855.719614815,0.0,277855.719614815,0.0,0.0,0.0,0.0,0.0,0.0,277855.719614815,0.0,277859.959334385,0.0,277855.719614815,277859.959334385,277859.959334385,277859.959334385,0.0,277855.719614815,277855.719614815,277859.959334385,277859.959334385,277843.00106268923,0.0,277859.959334385,0.0,277859.959334385,277855.719614815,277859.959334385,0.0,0.0,277855.719614815,0.0,277859.959334385,277847.2404789625,277851.4799963393,277834.52253347175,277847.2404789625,277855.719614815,277830.2834205368,277843.00106268923,277843.00106268923,277851.4799963393,277855.719614815,277847.2404789625,277851.4799963393,277834.52253347175,277851.4799963393,277826.04440872394,277834.52253347175,277855.719614815,277847.2404789625,277843.00106268923,277847.2404789625,277834.52253347175,277834.52253347175,277843.00106268923,277830.2834205368,277834.52253347175,277847.2404789625,277851.4799963393,277847.2404789625,277834.52253347175,277847.2404789625,277830.2834205368,277847.2404789625,277838.7617475241,277834.52253347175,277834.52253347175,277851.4799963393,277834.52253347175,277830.2834205368,277838.7617475241,277834.52253347175,277813.3279800639,277838.7617475241,277830.2834205368,277830.2834205368,277843.00106268923,277847.2404789625,277817.5666884829,277821.80549803784,277843.00106268923,277838.7617475241,277826.04440872394,277834.52253347175,277834.52253347175,277826.04440872394,277843.00106268923,277830.2834205368,277838.7617475241,277838.7617475241,277813.3279800639,277838.7617475241,277838.7617475241,277821.80549803784,277847.2404789625,277821.80549803784,277826.04440872394,277830.2834205368,277830.2834205368,277843.00106268923,277830.2834205368,277826.04440872394,277830.2834205368,277834.52253347175,277826.04440872394,277834.52253347175,277826.04440872394,277834.52253347175,277826.04440872394,277834.52253347175,277843.00106268923,277847.2404789625,277821.80549803784,277843.00106268923,277851.4799963393,277826.04440872394,277851.4799963393,277843.00106268923,277834.52253347175,277826.04440872394,277830.2834205368,277830.2834205368,277813.3279800639,277843.00106268923,277813.3279800639,277821.80549803784,277847.2404789625,277838.7617475241,277847.2404789625,277843.00106268923,277821.80549803784,277847.2404789625,277847.2404789625,277838.7617475241,277821.80549803784,277855.719614815,277817.5666884829,277826.04440872394,277838.7617475241,277830.2834205368,277838.7617475241,277817.5666884829,277813.3279800639,277821.80549803784,277843.00106268923,277830.2834205368,277834.52253347175,277826.04440872394,277817.5666884829,277851.4799963393,277851.4799963393,277834.52253347175,277851.4799963393,277843.00106268923,277830.2834205368,277838.7617475241,277813.3279800639,277834.52253347175,277796.3741578399,277813.3279800639,277826.04440872394,277843.00106268923,277821.80549803784,277821.80549803784,277838.7617475241,277843.00106268923,277855.719614815,277843.00106268923,277830.2834205368,277838.7617475241,277834.52253347175,277834.52253347175,277843.00106268923,277843.00106268923,277855.719614815,277855.719614815,277855.719614815,277826.04440872394,277859.959334385,277859.959334385,277847.2404789625,277851.4799963393,277843.00106268923,277855.719614815,277851.4799963393,277851.4799963393,0.0,277838.7617475241,277855.719614815,277859.959334385,277859.959334385,277859.959334385,277859.959334385,0.0,0.0,277855.719614815,277859.959334385,277855.719614815,277855.719614815,277859.959334385,0.0,277847.2404789625,277851.4799963393,277859.959334385,277855.719614815,277855.719614815,0.0,277855.719614815,0.0,0.0,277855.719614815,277855.719614815,0.0,277859.959334385,0.0,277859.959334385,277855.719614815,277855.719614815,277859.959334385,277851.4799963393,277851.4799963393,277859.959334385,277859.959334385,277855.719614815,277855.719614815,0.0,277855.719614815,277859.959334385,0.0,277859.959334385,277859.959334385,0.0,277855.719614815,277859.959334385,0.0,0.0,277855.719614815,0.0
277859.959334385,0.0,0.0,277855.719614815,0.0,277859.959334385,277859.959334385,0.0,0.0,277859.959334385,277859.959334385,0.0,277847.2404789625,277855.719614815,277855.719614815,277859.959334385,0.0,277859.959334385,277855.719614815,277855.719614815,277855.719614815,277859.959334385,0.0,277851.4799963393,277859.959334385,277859.959334385,277851.4799963393,277859.959334385,277859.959334385,0.0,277859.959334385,277859.959334385,277855.719614815,277855.719614815,277859.959334385,0.0,277859.959334385,0.0,277859.959334385,277855.719614815,277859.959334385,277859.959334385,0.0,277855.719614815,277859.959334385,0.0,277859.959334385,0.0,277851.4799963393,0.0,277859.959334385,277859.959334385,277859.959334385,277859.959334385,277855.719614815,277843.00106268923,277843.00106268923,277843.00106268923,277855.719614815,277834.52253347175,277813.3279800639,277830.2834205368,277830.2834205368,277847.2404789625,277838.7617475241,277834.52253347175,277838.7617475241,277843.00106268923,277851.4799963393,277826.04440872394,277821.80549803784,277843.00106268923,277838.7617475241,277813.3279800639,277847.2404789625,277834.52253347175,277826.04440872394,277838.7617475241,277838.7617475241,277826.04440872394,277834.52253347175,277821.80549803784,277813.3279800639,277838.7617475241,277830.2834205368,277838.7617475241,277843.00106268923,277800.6124616689,277838.7617475241,277851.4799963393,277838.7617475241,277800.6124616689,277821.80549803784,277834.52253347175,277796.3741578399,277838.7617475241,277813.3279800639,277834.52253347175,277838.7617475241,277843.00106268923,277821.80549803784,277843.00106268923,277843.00106268923,277838.7617475241,277838.7617475241,277838.7617475241,277830.2834205368,277826.04440872394,277851.4799963393,277834.52253347175,277830.2834205368,277838.7617475241,277826.04440872394,277830.2834205368,277804.85086665227,277838.7617475241,277834.52253347175,277847.2404789625,277830.2834205368,277821.80549803784,277843.00106268923,277834.52253347175,277821.80549803784,277826.04440872394,277813.3279800639,277838.7617475241,277830.2834205368,277826.04440872394,277855.719614815,277834.52253347175,277830.2834205368,277838.7617475241,277830.2834205368,277830.2834205368,277838.7617475241,277830.2834205368,277813.3279800639,277847.2404789625,277843.00106268923,277838.7617475241,277821.80549803784,277843.00106268923,277809.0893727855,277834.52253347175,277826.04440872394,277838.7617475241,277838.7617475241,277847.2404789625,277809.0893727855,277830.2834205368,277834.52253347175,277830.2834205368,277843.00106268923,277834.52253347175,277834.52253347175,277821.80549803784,277830.2834205368,277843.00106268923,277830.2834205368,277834.52253347175,277826.04440872394,277830.2834205368,277851.4799963393,277826.04440872394,277834.52253347175,277821.80549803784,277821.80549803784,277821.80549803784,277843.00106268923,277838.7617475241,277830.2834205368,277838.7617475241,277838.7617475241,277821.80549803784,277830.2834205368,277838.7617475241,277826.04440872394,277821.80549803784,277804.85086665227,277838.7617475241,277800.6124616689,277834.52253347175,277830.2834205368,277834.52253347175,277851.4799963393,277826.04440872394,277855.719614815,277838.7617475241,277851.4799963393,277834.52253347175,277847.2404789625,277847.2404789625,277838.7617475241,277855.719614815,277847.2404789625,277847.2404789625,277851.4799963393,277851.4799963393,277843.00106268923,277859.959334385,277859.959334385,0.0,0.0,0.0,0.0,0.0,277851.4799963393,277851.4799963393,0.0,277859.959334385,0.0,0.0,277851.4799963393,277859.959334385,0.0,277855.719614815,0.0,0.0,0.0,277855.719614815,0.0,277859.959334385,277859.959334385,277859.959334385,0.0,0.0,0.0,277859.959334385,277859.959334385,277851.4799963393,277859.959334385,0.0,277859.959334385,0.0,0.0,277859.959334385,0.0,0.0,0.0,277859.959334385,277859.959334385,277859.959334385,277851.4799963393,277859.959334385,277851.4799963393,0.0,277859.959334385,277859.959334385,277859.959334385,0.0,0.0,277859.959334385,277859.959334385,0.0,277855.719614815,0.0
0.0,0.0,277859.959334385,277859.959334385,277847.2404789625,277855.719614815,0.0,277859.959334385,0.0,277859.959334385,0.0,0.0,0.0,277859.959334385,0.0,277859.959334385,277855.719614815,0.0,0.0,277855.719614815,277855.719614815,277859.959334385,0.0,277859.959334385,277855.719614815,277859.959334385,277855.719614815,277851.4799963393,0.0,277855.719614815,277851.4799963393,277855.719614815,277859.959334385,277859.959334385,0.0,277859.959334385,277838.7617475241,277855.719614815,277859.959334385,277855.719614815,277859.959334385,277859.959334385,277859.959334385,277859.959334385,0.0,277859.959334385,0.0,277859.959334385,0.0,277859.959334385,277859.959334385,0.0,277859.959334385,277855.719614815,277855.719614815,277834.52253347175,0.0,277834.52253347175,277838.7617475241,277851.4799963393,277830.2834205368,277826.04440872394,277843.00106268923,277847.2404789625,277847.2404789625,277834.52253347175,277830.2834205368,277847.2404789625,277834.52253347175,277859.959334385,277834.52253347175,277817.5666884829,277826.04440872394,277843.00106268923,277830.2834205368,277804.85086665227,277847.2404789625,277834.52253347175,277851.4799963393,277843.00106268923,277821.80549803784,277830.2834205368,277817.5666884829,277830.2834205368,277847.2404789625,277826.04440872394,277817.5666884829,277830.2834205368,277830.2834205368,277821.80549803784,277834.52253347175,277826.04440872394,277817.5666884829,277809.0893727855,277821.80549803784,277826.04440872394,277843.00106268923,277838.7617475241,277838.7617475241,277826.04440872394,277817.5666884829,277826.04440872394,277834.52253347175,277838.7617475241,277821.80549803784,277834.52253347175,277834.52253347175,277843.00106268923,277817.5666884829,277843.00106268923,277821.80549803784,277843.00106268923,277847.2404789625,277843.00106268923,277830.2834205368,277843.00106268923,277830.2834205368,277830.2834205368,277830.2834205368,277830.2834205368,277847.2404789625,277826.04440872394,277830.2834205368,277843.00106268923,277821.80549803784,277813.3279800639,277847.2404789625,277826.04440872394,277851.4799963393,277826.04440872394,277826.04440872394,277830.2834205368,277843.00106268923,277830.2834205368,277843.00106268923,277838.7617475241,277826.04440872394,277813.3279800639,277821.80549803784,277817.5666884829,277830.2834205368,277847.2404789625,277826.04440872394,277826.04440872394,277847.2404789625,277843.00106268923,277843.00106268923,277834.52253347175,277843.00106268923,277838.7617475241,277847.2404789625,277830.2834205368,277859.959334385,277847.2404789625,277813.3279800639,277821.80549803784,277821.80549803784,277838.7617475241,277830.2834205368,277813.3279800639,277834.52253347175,277821.80549803784,277826.04440872394,277843.00106268923,277843.00106268923,277851.4799963393,277838.7617475241,277821.80549803784,277809.0893727855,277821.80549803784,277834.52253347175,277834.52253347175,277843.00106268923,277834.52253347175,277830.2834205368,277834.52253347175,277847.2404789625,277830.2834205368,277851.4799963393,277821.80549803784,277838.7617475241,277838.7617475241,277838.7617475241,277830.2834205368,277847.2404789625,277851.4799963393,277834.52253347175,277843.00106268923,277847.2404789625,277851.4799963393,277834.52253347175,277838.7617475241,277821.80549803784,277843.00106268923,277817.5666884829,277855.719614815,277859.959334385,277855.719614815,277847.2404789625,277847.2404789625,277859.959334385,277855.719614815,277855.719614815,277859.959334385,277859.959334385,277855.719614815,277855.719614815,0.0,277855.719614815,277855.719614815,277847.2404789625,277859.959334385,0.0,277855.719614815,277859.959334385,277859.959334385,277859.959334385,277855.719614815,0.0,277855.719614815,277859.959334385,277855.719614815,277859.959334385,277855.719614815,0.0,277843.00106268923,0.0,277851.4799963393,0.0,277855.719614815,277859.959334385,277855.719614815,277855.719614815,277859.959334385,277859.959334385,277855.719614815,277855.719614815,0.0,277859.959334385,277859.959334385,277859.959334385,277847.2404789625,0.0,277855.719614815,277851.4799963393,277859.959334385,277851.4799963393,0.0,277859.959334385,0.0,0.0,277855.719614815,277859.959334385,0.0,277855.719614815,0.0
0.0,0.0,277859.959334385,0.0,0.0,277855.719614815,0.0,0.0,277855.719614815,0.0,277851.4799963393,277855.719614815,277859.959334385,277859.959334385,277859.959334385,0.0,0.0,277859.959334385,277855.719614815,0.0,0.0,277859.959334385,277855.719614815,0.0,277859.959334385,277859.959334385,277859.959334385,277859.959334385,277855.719614815,277855.719614815,277855.719614815,0.0,0.0,277851.4799963393,0.0,0.0,277859.959334385,277859.959334385,0.0,277859.959334385,0.0,0.0,277847.2404789625,0.0,277859.959334385,277859.959334385,0.0,0.0,0.0,277847.2404789625,277859.959334385,277859.959334385,0.0,0.0,277851.4799963393,277838.7617475241,277847.2404789625,277847.2404789625,277843.00106268923,277843.00106268923,277834.52253347175,277843.00106268923,277847.2404789625,277826.04440872394,277800.6124616689,277851.4799963393,277843.00106268923,277838.7617475241,277830.2834205368,277821.80549803784,277830.2834205368,277834.52253347175,277830.2834205368,277838.7617475241,277817.5666884829,277851.4799963393,277847.2404789625,277843.00106268923,277838.7617475241,277838.7617475241,277851.4799963393,277830.2834205368,277826.04440872394,277813.3279800639,277830.2834205368,277843.00106268923,277830.2834205368,277838.7617475241,277821.80549803784,277826.04440872394,277826.04440872394,277817.5666884829,277838.7617475241,277826.04440872394,277826.04440872394,277834.52253347175,277826.04440872394,277817.5666884829,277838.7617475241,277834.52253347175,277838.7617475241,277821.80549803784,277834.52253347175,277826.04440872394,277830.2834205368,277834.52253347175,277843.00106268923,277817.5666884829,277843.00106268923,277826.04440872394,277809.0893727855,277843.00106268923,277834.52253347175,277821.80549803784,277838.7617475241,277817.5666884829,277851.4799963393,277843.00106268923,277830.2834205368,277838.7617475241,277847.2404789625,277843.00106268923,277838.7617475241,277821.80549803784,277830.2834205368,277817.5666884829,277843.00106268923,277830.2834205368,277834.52253347175,277843.00106268923,277834.52253347175,277838.7617475241,277817.5666884829,277838.7617475241,277830.2834205368,277843.00106268923,277834.52253347175,277830.2834205368,277843.00106268923,277830.2834205368,277834.52253347175,277843.00106268923,277830.2834205368,277817.5666884829,277830.2834205368,277796.3741578399,277830.2834205368,277838.7617475241,277838.7617475241,277843.00106268923,277834.52253347175,277855.719614815,277834.52253347175,277830.2834205368,277817.5666884829,277834.52253347175,277826.04440872394,277847.2404789625,277843.00106268923,277817.5666884829,277843.00106268923,277855.719614815,277834.52253347175,277843.00106268923,277847.2404789625,277826.04440872394,277826.04440872394,277830.2834205368,277843.00106268923,277838.7617475241,277838.7617475241,277834.52253347175,277847.2404789625,277838.7617475241,277804.85086665227,277817.5666884829,277838.7617475241,277834.52253347175,277847.2404789625,277838.7617475241,277838.7617475241,277830.2834205368,277830.2834205368,277826.04440872394,277838.7617475241,277851.4799963393,277843.00106268923,277847.2404789625,277821.80549803784,277830.2834205368,277843.00106268923,277830.2834205368,277838.7617475241,277834.52253347175,277847.2404789625,277859.959334385,277838.7617475241,277855.719614815,277859.959334385,277859.959334385,277859.959334385,0.0,277859.959334385,277855.719614815,277855.719614815,277847.2404789625,0.0,277847.2404789625,277855.719614815,0.0,277859.959334385,277851.4799963393,277859.959334385,277855.719614815,0.0,277847.2404789625,277859.959334385,277859.959334385,277859.959334385,277847.2404789625,277859.959334385,277855.719614815,0.0,277859.959334385,0.0,277838.7617475241,277859.959334385,277855.719614815,277859.959334385,277847.2404789625,277859.959334385,277859.959334385,277851.4799963393,0.0,0.0,277859.959334385,0.0,277859.959334385,277855.719614815,277859.959334385,0.0,277859.959334385,277859.959334385,277859.959334385,0.0,277859.959334385,0.0,0.0,0.0,277851.4799963393,0.0,0.0,0.0,0.0,0.0,277851.4799963393
277859.959334385,277851.4799963393,277859.959334385,277859.959334385,277859.959334385,277859.959334385,0.0,277851.4799963393,277855.719614815,277855.719614815,0.0,0.0,277843.00106268923,277859.959334385,0.0,0.0,277855.719614815,277855.719614815,277859.959334385,277855.719614815,277859.959334385,277859.959334385,0.0,277859.959334385,0.0,0.0,277855.719614815,277859.959334385,0.0,0.0,0.0,277834.52253347175,0.0,277859.959334385,277859.959334385,277859.959334385,0.0,277851.4799963393,277859.959334385,277859.959334385,277847.2404789625,277851.4799963393,0.0,0.0,0.0,277855.719614815,277859.959334385,277859.959334385,277851.4799963393,277859.959334385,277859.959334385,277855.719614815,277859.959334385,0.0,277859.959334385,277859.959334385,277830.2834205368,277830.2834205368,277838.7617475241,277834.52253347175,277851.4799963393,277843.00106268923,277826.04440872394,277847.2404789625,277847.2404789625,277834.52253347175,277813.3279800639,277838.7617475241,277834.52253347175,277847.2404789625,277838.7617475241,277834.52253347175,277804.85086665227,277834.52253347175,277830.2834205368,277830.2834205368,277843.00106268923,277843.00106268923,277809.0893727855,277843.00106268923,277830.2834205368,277834.52253347175,277847.2404789625,277838.7617475241,277843.00106268923,277838.7617475241,277834.52253347175,277843.00106268923,277826.04440872394,277830.2834205368,277834.52253347175,277834.52253347175,277817.5666884829,277813.3279800639,277834.52253347175,277821.80549803784,277826.04440872394,277821.80549803784,277830.2834205368,277838.7617475241,277809.0893727855,277851.4799963393,277838.7617475241,277817.5666884829,277834.52253347175,277830.2834205368,277843.00106268923,277838.7617475241,277813.3279800639,277851.4799963393,277838.7617475241,277817.5666884829,277838.7617475241,277830.2834205368,277834.52253347175,277843.00106268923,277834.52253347175,277830.2834205368,277804.85086665227,277830.2834205368,277834.52253347175,277817.5666884829,277830.2834205368,277843.00106268923,277821.80549803784,277834.52253347175,277830.2834205368,277838.7617475241,277830.2834205368,277843.00106268923,277821.80549803784,277851.4799963393,277838.7617475241,277834.52253347175,277821.80549803784,277834.52253347175,277792.1359551701,277826.04440872394,277834.52253347175,277834.52253347175,277851.4799963393,277830.2834205368,277855.719614815,277847.2404789625,277821.80549803784,277838.7617475241,277830.2834205368,277821.80549803784,277847.2404789625,277847.2404789625,277813.3279800639,277830.2834205368,277843.00106268923,277847.2404789625,277821.80549803784,277830.2834205368,277813.3279800639,277826.04440872394,277843.00106268923,277826.04440872394,277838.7617475241,277834.52253347175,277843.00106268923,277821.80549803784,277817.5666884829,277830.2834205368,277834.52253347175,277830.2834205368,277847.2404789625,277838.7617475241,277838.7617475241,277817.5666884829,277830.2834205368,277838.7617475241,277834.52253347175,277826.04440872394,277843.00106268923,277796.3741578399,277821.80549803784,277826.04440872394,277826.04440872394,277851.4799963393,277826.04440872394,277817.5666884829,277834.52253347175,277838.7617475241,277817.5666884829,277843.00106268923,277830.2834205368,277830.2834205368,277847.2404789625,277847.2404789625,277855.719614815,277834.52253347175,277834.52253347175,277847.2404789625,277843.00106268923,277859.959334385,277855.719614815,277855.719614815,277847.2404789625,277855.719614815,277859.959334385,0.0,0.0,0.0,277847.2404789625,277847.2404789625,277859.959334385,277855.719614815,277855.719614815,277855.719614815,0.0,277843.00106268923,277847.2404789625,277855.719614815,277851.4799963393,277859.959334385,277859.959334385,277859.959334385,277855.719614815,277855.719614815,0.0,277851.4799963393,277851.4799963393,277855.719614815,277855.719614815,277855.719614815,0.0,277855.719614815,0.0,277859.959334385,277859.959334385,0.0,277855.719614815,277855.719614815,0.0,277855.719614815,277855.719614815,277855.719614815,277851.4799963393,0.0,277851.4799963393,277859.959334385,277859.959334385,277859.959334385,277859.959334385,277855.719614815,277855.719614815,277855.719614815,277855.719614815,0.0,0.0,277859.959334385,0.0,0.0
0.0,277855.719614815,0.0,277855.719614815,277859.959334385,277859.959334385,277855.719614815,277855.719614815,0.0,277859.959334385,277855.719614815,277855.719614815,277859.959334385,0.0,0.0,0.0,0.0,277855.719614815,0.0,277855.719614815,277855.719614815,0.0,277855.719614815,277855.719614815,277847.2404789625,0.0,0.0,277859.959334385,0.0,0.0,277859.959334385,277859.959334385,277855.719614815,0.0,0.0,0.0,277859.959334385,277859.959334385,277851.4799963393,277859.959334385,277843.00106268923,277859.959334385,277855.719614815,0.0,277859.959334385,277855.719614815,277859.959334385,0.0,277855.719614815,0.0,277859.959334385,0.0,0.0,0.0,277859.959334385,277843.00106268923,277838.7617475241,277843.00106268923,277813.3279800639,277847.2404789625,277830.2834205368,277838.7617475241,277834.52253347175,277847.2404789625,277809.0893727855,277847.2404789625,277834.52253347175,277830.2834205368,277855.719614815,277838.7617475241,277847.2404789625,277813.3279800639,277830.2834205368,277838.7617475241,277834.52253347175,277843.00106268923,277834.52253347175,277838.7617475241,277843.00106268923,277817.5666884829,277830.2834205368,277830.2834205368,277851.4799963393,277834.52253347175,277804.85086665227,277826.04440872394,277851.4799963393,277817.5666884829,277843.00106268923,277813.3279800639,277830.2834205368,277834.52253347175,277830.2834205368,277826.04440872394,277826.04440872394,277838.7617475241,277847.2404789625,277830.2834205368,277821.80549803784,277838.7617475241,277804.85086665227,277843.00106268923,277834.52253347175,277834.52253347175,277821.80549803784,277826.04440872394,277834.52253347175,277830.2834205368,277847.2404789625,277826.04440872394,277843.00106268923,277843.00106268923,277838.7617475241,277847.2404789625,277830.2834205368,277834.52253347175,277826.04440872394,277830.2834205368,277838.7617475241,277847.2404789625,277834.52253347175,277826.04440872394,277843.00106268923,277826.04440872394,277843.00106268923,277834.52253347175,277843.00106268923,277847.2404789625,277838.7617475241,277830.2834205368,277804.85086665227,277817.5666884829,277847.2404789625,277830.2834205368,277847.2404789625,277843.00106268923,277830.2834205368,277821.80549803784,277838.7617475241,277847.2404789625,277838.7617475241,277838.7617475241,277826.04440872394,277834.52253347175,277834.52253347175,277821.80549803784,277851.4799963393,277843.00106268923,277838.7617475241,277804.85086665227,277800.6124616689,0.0,277830.2834205368,277826.04440872394,277826.04440872394,277838.7617475241,277843.00106268923,277855.719614815,277847.2404789625,277830.2834205368,277830.2834205368,277804.85086665227,277813.3279800639,277817.5666884829,277843.00106268923,277830.2834205368,277830.2834205368,277826.04440872394,277843.00106268923,277843.00106268923,277817.5666884829,277851.4799963393,277843.00106268923,277830.2834205368,277855.719614815,277834.52253347175,277847.2404789625,277843.00106268923,277847.2404789625,277838.7617475241,277859.959334385,277804.85086665227,277830.2834205368,277838.7617475241,277838.7617475241,277843.00106268923,277826.04440872394,277817.5666884829,277834.52253347175,277838.7617475241,277847.2404789625,277843.00106268923,277826.04440872394,277834.52253347175,277847.2404789625,277859.959334385,277847.2404789625,277847.2404789625,0.0,277859.959334385,0.0,0.0,0.0,0.0,0.0,277851.4799963393,277859.959334385,277859.959334385,277855.719614815,0.0,277855.719614815,277843.00106268923,277847.2404789625,0.0,277859.959334385,0.0,0.0,277847.2404789625,0.0,277859.959334385,0.0,277859.959334385,277859.959334385,0.0,277859.959334385,277851.4799963393,277859.959334385,277851.4799963393,0.0,277851.4799963393,277859.959334385,0.0,0.0,277855.719614815,277859.959334385,277855.719614815,0.0,277859.959334385,277859.959334385,277855.719614815,277855.719614815,0.0,277855.719614815,277855.719614815,277859.959334385,277859.959334385,277859.959334385,277851.4799963393,277859.959334385,277859.959334385,0.0,277855.719614815,0.0,277859.959334385,277859.959334385,0.0
0.0,277859.959334385,0.0,277855.719614815,277859.959334385,277855.719614815,277855.719614815,277859.959334385,277855.719614815,277855.719614815,277855.719614815,277859.959334385,277859.959334385,277834.52253347175,277859.959334385,277855.719614815,277859.959334385,277855.719614815,0.0,277859.959334385,277859.959334385,0.0,277855.719614815,277859.959334385,0.0,0.0,277851.4799963393,277859.959334385,0.0,0.0,277859.959334385,277859.959334385,277855.719614815,0.0,277859.959334385,277855.719614815,277859.959334385,0.0,277855.719614815,277859.959334385,0.0,277851.4799963393,277855.719614815,277859.959334385,277859.959334385,0.0,277859.959334385,277859.959334385,0.0,0.0,277859.959334385,0.0,277855.719614815,277859.959334385,0.0,277843.00106268923,277855.719614815,277843.00106268923,277843.00106268923,277851.4799963393,277847.2404789625,277838.7617475241,277847.2404789625,277834.52253347175,277834.52253347175,277838.7617475241,277830.2834205368,277838.7617475241,277847.2404789625,277838.7617475241,277843.00106268923,277817.5666884829,277826.04440872394,277826.04440872394,277830.2834205368,277834.52253347175,277821.80549803784,277830.2834205368,277821.80549803784,277843.00106268923,277830.2834205368,277817.5666884829,277838.7617475241,277834.52253347175,277826.04440872394,277830.2834205368,277834.52253347175,277834.52253347175,277838.7617475241,277838.7617475241,277809.0893727855,277838.7617475241,277830.2834205368,277821.80549803784,277826.04440872394,277821.80549803784,277809.0893727855,277834.52253347175,277838.7617475241,277830.2834205368,277834.52253347175,277809.0893727855,277817.5666884829,277796.3741578399,277838.7617475241,277834.52253347175,277838.7617475241,277843.00106268923,277821.80549803784,277843.00106268923,277834.52253347175,277821.80549803784,277826.04440872394,277847.2404789625,277813.3279800639,277834.52253347175,277838.7617475241,277847.2404789625,277834.52253347175,277821.80549803784,277821.80549803784,277826.04440872394,277809.0893727855,277834.52253347175,277826.04440872394,277834.52253347175,277821.80549803784,277834.52253347175,277804.85086665227,277826.04440872394,277838.7617475241,277821.80549803784,277851.4799963393,277843.00106268923,277821.80549803784,277821.80549803784,277843.00106268923,277821.80549803784,277826.04440872394,277851.4799963393,277830.2834205368,277843.00106268923,277838.7617475241,277843.00106268923,277821.80549803784,277838.7617475241,277821.80549803784,277838.7617475241,277843.00106268923,277847.2404789625,277834.52253347175,277813.3279800639,277834.52253347175,277830.2834205368,277826.04440872394,277834.52253347175,277834.52253347175,277813.3279800639,277838.7617475241,277817.5666884829,277817.5666884829,277838.7617475241,277838.7617475241,277813.3279800639,277830.2834205368,277830.2834205368,277809.0893727855,277830.2834205368,277809.0893727855,277855.719614815,277826.04440872394,277843.00106268923,277830.2834205368,277809.0893727855,277826.04440872394,277830.2834205368,277847.2404789625,277855.719614815,277847.2404789625,277813.3279800639,277821.80549803784,277847.2404789625,277826.04440872394,277826.04440872394,277843.00106268923,277826.04440872394,277838.7617475241,277834.52253347175,277847.2404789625,277830.2834205368,277851.4799963393,277830.2834205368,277847.2404789625,277834.52253347175,277855.719614815,277847.2404789625,277855.719614815,277859.959334385,277855.719614815,277851.4799963393,277855.719614815,277851.4799963393,277859.959334385,277859.959334385,277851.4799963393,277859.959334385,0.0,0.0,277855.719614815,277859.959334385,277843.00106268923,277851.4799963393,277855.719614815,277859.959334385,277859.959334385,277851.4799963393,277838.7617475241,277859.959334385,277847.2404789625,0.0,277859.959334385,0.0,277859.959334385,0.0,277859.959334385,277843.00106268923,277851.4799963393,277855.719614815,0.0,277851.4799963393,277851.4799963393,277859.959334385,277855.719614815,277859.959334385,277859.959334385,277859.959334385,0.0,277851.4799963393,0.0,277851.4799963393,0.0,0.0,0.0,277855.719614815,0.0,277859.959334385,277859.959334385,277859.959334385,277851.4799963393,0.0,0.0,277859.959334385,0.0,277859.959334385,277855.719614815,277847.2404789625
277855.719614815,277855.719614815,0.0,0.0,0.0,277847.2404789625,277855.719614815,277859.959334385,0.0,277859.959334385,277859.959334385,0.0,277855.719614815,277859.959334385,277855.719614815,0.0,277859.959334385,277859.959334385,277855.719614815,0.0,0.0,0.0,277859.959334385,277859.959334385,0.0,0.0,277859.959334385,0.0,277855.719614815,277859.959334385,277855.719614815,277855.719614815,277855.719614815,0.0,277859.959334385,277855.719614815,0.0,277859.959334385,277859.959334385,277855.719614815,277859.959334385,0.0,277859.959334385,0.0,277855.719614815,277859.959334385,277859.959334385,277859.959334385,277859.959334385,277859.959334385,277855.719614815,277855.719614815,277859.959334385,277859.959334385,0.0,277859.959334385,277855.719614815,277855.719614815,277838.7617475241,277843.00106268923,277826.04440872394,277834.52253347175,277847.2404789625,277830.2834205368,277843.00106268923,277838.7617475241,277847.2404789625,277826.04440872394,277834.52253347175,277834.52253347175,277847.2404789625,277826.04440872394,277821.80549803784,277834.52253347175,277826.04440872394,277804.85086665227,277821.80549803784,277834.52253347175,277813.3279800639,277838.7617475241,277855.719614815,277834.52253347175,277843.00106268923,277843.00106268923,277838.7617475241,277843.00106268923,277843.00106268923,277834.52253347175,277843.00106268923,277847.2404789625,277847.2404789625,277817.5666884829,277813.3279800639,277847.2404789625,277809.0893727855,277821.80549803784,277843.00106268923,277821.80549803784,277830.2834205368,277838.7617475241,277821.80549803784,277843.00106268923,277838.7617475241,277813.3279800639,277826.04440872394,277830.2834205368,277834.52253347175,277843.00106268923,277847.2404789625,277834.52253347175,277830.2834205368,277804.85086665227,277821.80549803784,277817.5666884829,277855.719614815,277809.0893727855,277838.7617475241,277830.2834205368,277855.719614815,277821.80549803784,277851.4799963393,277830.2834205368,277821.80549803784,277796.3741578399,277826.04440872394,277830.2834205368,277834.52253347175,277834.52253347175,277830.2834205368,277838.7617475241,277838.7617475241,277843.00106268923,277834.52253347175,277838.7617475241,277821.80549803784,277834.52253347175,277821.80549803784,277843.00106268923,277838.7617475241,277826.04440872394,277843.00106268923,277817.5666884829,277821.80549803784,277821.80549803784,277843.00106268923,277843.00106268923,277834.52253347175,277826.04440872394,277834.52253347175,277830.2834205368,277838.7617475241,277838.7617475241,277830.2834205368,277826.04440872394,277830.2834205368,277821.80549803784,277834.52253347175,277838.7617475241,277838.7617475241,277817.5666884829,277826.04440872394,277821.80549803784,277821.80549803784,277830.2834205368,277830.2834205368,277838.7617475241,277834.52253347175,277830.2834205368,277834.52253347175,277821.80549803784,277804.85086665227,277847.2404789625,0.0,277813.3279800639,277838.7617475241,277826.04440872394,277826.04440872394,277817.5666884829,277817.5666884829,277847.2404789625,277821.80549803784,277855.719614815,277830.2834205368,277830.2834205368,277830.2834205368,277838.7617475241,277813.3279800639,277843.00106268923,277826.04440872394,277834.52253347175,277838.7617475241,277847.2404789625,277826.04440872394,277834.52253347175,277834.52253347175,277855.719614815,277855.719614815,277830.2834205368,277859.959334385,277855.719614815,277851.4799963393,277851.4799963393,277859.959334385,277859.959334385,0.0,277855.719614815,0.0,277851.4799963393,277859.959334385,277855.719614815,277851.4799963393,277859.959334385,277855.719614815,277855.719614815,277859.959334385,0.0,277851.4799963393,0.0,277859.959334385,277855.719614815,277859.959334385,277855.719614815,0.0,0.0,0.0,0.0,0.0,0.0,277859.959334385,277859.959334385,277855.719614815,277851.4799963393,277855.719614815,0.0,277855.719614815,0.0,277859.959334385,277859.959334385,277859.959334385,277851.4799963393,0.0,277855.719614815,277859.959334385,277855.719614815,277851.4799963393,0.0,277855.719614815,277859.959334385,277847.2404789625,0.0,0.0,277851.4799963393,0.0,0.0,277859.959334385,277847.2404789625
0.0,277859.959334385,277859.959334385,277859.959334385,277859.959334385,277855.719614815,0.0,277859.959334385,0.0,277859.959334385,0.0,277847.2404789625,277859.959334385,277855.719614815,0.0,277851.4799963393,277851.4799963393,277855.719614815,277847.2404789625,277855.719614815,277859.959334385,277859.959334385,0.0,277859.959334385,0.0,277855.719614815,277859.959334385,277855.719614815,0.0,277855.719614815,277859.959334385,0.0,277859.959334385,277859.959334385,277855.719614815,0.0,277859.959334385,277859.959334385,0.0,277855.719614815,277855.719614815,277859.959334385,277859.959334385,277859.959334385,277859.959334385,0.0,277859.959334385,277847.2404789625,0.0,277851.4799963393,277851.4799963393,277855.719614815,277859.959334385,0.0,277859.959334385,277859.959334385,0.0,277859.959334385,277838.7617475241,277843.00106268923,277847.2404789625,277843.00106268923,277847.2404789625,277834.52253347175,277847.2404789625,277855.719614815,277847.2404789625,277838.7617475241,277830.2834205368,277817.5666884829,277830.2834205368,277847.2404789625,277821.80549803784,277830.2834205368,277821.80549803784,277830.2834205368,277843.00106268923,277830.2834205368,277843.00106268923,277830.2834205368,277838.7617475241,277830.2834205368,277834.52253347175,277838.7617475241,277826.04440872394,277847.2404789625,277843.00106268923,277843.00106268923,277843.00106268923,277847.2404789625,277809.0893727855,277847.2404789625,277826.04440872394,277817.5666884829,277813.3279800639,277843.00106268923,277834.52253347175,277813.3279800639,277830.2834205368,277847.2404789625,277843.00106268923,277834.52253347175,277838.7617475241,277843.00106268923,277821.80549803784,277834.52253347175,277838.7617475241,277847.2404789625,277838.7617475241,277813.3279800639,277830.2834205368,277813.3279800639,277843.00106268923,277821.80549803784,277843.00106268923,277834.52253347175,277843.00106268923,277830.2834205368,277834.52253347175,277813.3279800639,277834.52253347175,277834.52253347175,277838.7617475241,277800.6124616689,277834.52253347175,277821.80549803784,277843.00106268923,277813.3279800639,277843.00106268923,277834.52253347175,277817.5666884829,277834.52253347175,277834.52253347175,277817.5666884829,277843.00106268923,277821.80549803784,277838.7617475241,277851.4799963393,277817.5666884829,277821.80549803784,277817.5666884829,277826.04440872394,277838.7617475241,277830.2834205368,277847.2404789625,277851.4799963393,277851.4799963393,277804.85086665227,277838.7617475241,277826.04440872394,277851.4799963393,277834.52253347175,277834.52253347175,277834.52253347175,277821.80549803784,277830.2834205368,277821.80549803784,277847.2404789625,277817.5666884829,277834.52253347175,277843.00106268923,277834.52253347175,277830.2834205368,277830.2834205368,277855.719614815,277843.00106268923,277830.2834205368,277855.719614815,277843.00106268923,277855.719614815,277830.2834205368,277826.04440872394,277843.00106268923,277826.04440872394,277826.04440872394,277821.80549803784,277830.2834205368,277851.4799963393,277817.5666884829,277834.52253347175,277855.719614815,277830.2834205368,277843.00106268923,277847.2404789625,277817.5666884829,277838.7617475241,277851.4799963393,277834.52253347175,277843.00106268923,277843.00106268923,277804.85086665227,277813.3279800639,277826.04440872394,277830.2834205368,277847.2404789625,277851.4799963393,277847.2404789625,277838.7617475241,277855.719614815,277855.719614815,277847.2404789625,0.0,0.0,277855.719614815,277855.719614815,277859.959334385,277847.2404789625,277855.719614815,277847.2404789625,277851.4799963393,277859.959334385,277859.959334385,277851.4799963393,277855.719614815,277859.959334385,277855.719614815,277859.959334385,0.0,277859.959334385,0.0,277855.719614815,0.0,277859.959334385,277855.719614815,277855.719614815,0.0,0.0,0.0,277855.719614815,277855.719614815,0.0,277851.4799963393,277855.719614815,277851.4799963393,277855.719614815,0.0,277859.959334385,277855.719614815,277855.719614815,277859.959334385,277855.719614815,277855.719614815,277859.959334385,277859.959334385,277851.4799963393,277855.719614815,277859.959334385,277855.719614815,277859.959334385,0.0,277855.719614815,277855.719614815,0.0,0.0,277859.959334385,0.0
277859.959334385,277851.4799963393,277859.959334385,0.0,277859.959334385,277843.00106268923,0.0,277859.959334385,277847.2404789625,277859.959334385,277851.4799963393,0.0,277859.959334385,277859.959334385,277855.719614815,277859.959334385,0.0,0.0,0.0,277859.959334385,277855.719614815,277859.959334385,0.0,277859.959334385,277859.959334385,277847.2404789625,277859.959334385,277859.959334385,0.0,277859.959334385,0.0,277855.719614815,277859.959334385,0.0,277859.959334385,0.0,277855.719614815,277859.959334385,0.0,277855.719614815,0.0,0.0,277859.959334385,0.0,277859.959334385,0.0,277851.4799963393,0.0,277859.959334385,277851.4799963393,277855.719614815,0.0,277859.959334385,277859.959334385,277859.959334385,0.0,277859.959334385,277830.2834205368,277855.719614815,277843.00106268923,277830.2834205368,277838.7617475241,277851.4799963393,277859.959334385,277851.4799963393,277830.2834205368,277826.04440872394,277826.04440872394,277859.959334385,277843.00106268923,277843.00106268923,277830.2834205368,277813.3279800639,277834.52253347175,277855.719614815,277830.2834205368,0.0,277821.80549803784,277851.4799963393,277817.5666884829,277838.7617475241,277851.4799963393,277830.2834205368,277843.00106268923,277838.7617475241,277851.4799963393,277843.00106268923,277847.2404789625,277843.00106268923,277843.00106268923,277834.52253347175,277826.04440872394,277855.719614815,277843.00106268923,277834.52253347175,277830.2834205368,277843.00106268923,277834.52253347175,277847.2404789625,277843.00106268923,277851.4799963393,277821.80549803784,277821.80549803784,277834.52253347175,277838.7617475241,277847.2404789625,277847.2404789625,277838.7617475241,277834.52253347175,277830.2834205368,277834.52253347175,277813.3279800639,277813.3279800639,277821.80549803784,277851.4799963393,277821.80549803784,277834.52253347175,277847.2404789625,277821.80549803784,277843.00106268923,277830.2834205368,277817.5666884829,277826.04440872394,277817.5666884829,277838.7617475241,277830.2834205368,277838.7617475241,277821.80549803784,277821.80549803784,277847.2404789625,277834.52253347175,277834.52253347175,277843.00106268923,277838.7617475241,277847.2404789625,277830.2834205368,277830.2834205368,277821.80549803784,277838.7617475241,277830.2834205368,277838.7617475241,277830.2834205368,277851.4799963393,277843.00106268923,277838.7617475241,277859.959334385,277809.0893727855,277834.52253347175,277838.7617475241,277821.80549803784,277821.80549803784,277809.0893727855,277838.7617475241,277826.04440872394,277834.52253347175,277834.52253347175,277838.7617475241,277830.2834205368,277834.52253347175,277817.5666884829,277838.7617475241,277838.7617475241,277830.2834205368,277834.52253347175,277843.00106268923,277830.2834205368,277838.7617475241,277821.80549803784,277838.7617475241,277834.52253347175,277851.4799963393,277830.2834205368,277834.52253347175,277821.80549803784,277838.7617475241,277843.00106268923,277843.00106268923,277843.00106268923,277834.52253347175,277843.00106268923,277843.00106268923,277851.4799963393,277821.80549803784,277817.5666884829,277830.2834205368,277834.52253347175,277834.52253347175,277847.2404789625,277851.4799963393,277834.52253347175,277826.04440872394,277847.2404789625,277838.7617475241,277834.52253347175,277851.4799963393,277843.00106268923,0.0,277847.2404789625,277847.2404789625,277847.2404789625,277855.719614815,0.0,277851.4799963393,0.0,277859.959334385,0.0,277851.4799963393,277847.2404789625,0.0,277855.719614815,277847.2404789625,277859.959334385,277855.719614815,0.0,277847.2404789625,277851.4799963393,277859.959334385,277855.719614815,0.0,277859.959334385,0.0,277859.959334385,0.0,277855.719614815,277859.959334385,277859.959334385,0.0,277859.959334385,277855.719614815,277859.959334385,277855.719614815,0.0,277855.719614815,277855.719614815,277851.4799963393,277855.719614815,0.0,277855.719614815,0.0,277855.719614815,277859.959334385,277855.719614815,277859.959334385,277855.719614815,277855.719614815,277855.719614815,0.0,0.0,0.0,0.0,0.0,0.0,277859.959334385,277859.959334385,277859.959334385,277859.959334385
0.0,277851.4799963393,277859.959334385,277851.4799963393,277855.719614815,277855.719614815,277855.719614815,0.0,277855.719614815,0.0,277855.719614815,277855.719614815,0.0,277859.959334385,0.0,277855.719614815,277859.959334385,0.0,277859.959334385,0.0,277855.719614815,277859.959334385,0.0,277859.959334385,0.0,277859.959334385,277859.959334385,277859.959334385,277855.719614815,0.0,277859.959334385,0.0,0.0,0.0,0.0,277855.719614815,0.0,0.0,0.0,0.0,277859.959334385,277855.719614815,0.0,277851.4799963393,0.0,0.0,277859.959334385,277859.959334385,277855.719614815,0.0,277855.719614815,277859.959334385,0.0,0.0,277847.2404789625,277855.719614815,277859.959334385,277855.719614815,277851.4799963393,277851.4799963393,277851.4799963393,277843.00106268923,277821.80549803784,277830.2834205368,277843.00106268923,277843.00106268923,277821.80549803784,277821.80549803784,277834.52253347175,277843.00106268923,277809.0893727855,277834.52253347175,277817.5666884829,277826.04440872394,277830.2834205368,277817.5666884829,277843.00106268923,277826.04440872394,277826.04440872394,277838.7617475241,277843.00106268923,277804.85086665227,277851.4799963393,277834.52253347175,277830.2834205368,277843.00106268923,277804.85086665227,277843.00106268923,277830.2834205368,277834.52253347175,277843.00106268923,277821.80549803784,277838.7617475241,277838.7617475241,277826.04440872394,277830.2834205368,277843.00106268923,277843.00106268923,277813.3279800639,277847.2404789625,277847.2404789625,277830.2834205368,277834.52253347175,277843.00106268923,277843.00106268923,277851.4799963393,277847.2404789625,277834.52253347175,277855.719614815,277834.52253347175,277838.7617475241,277826.04440872394,277838.7617475241,277821.80549803784,277838.7617475241,277813.3279800639,277838.7617475241,277817.5666884829,277843.00106268923,277838.7617475241,277838.7617475241,277834.52253347175,277838.7617475241,277821.80549803784,277826.04440872394,277830.2834205368,277838.7617475241,277838.7617475241,277804.85086665227,277851.4799963393,277821.80549803784,277838.7617475241,277843.00106268923,277830.2834205368,277834.52253347175,277830.2834205368,277830.2834205368,277804.85086665227,277813.3279800639,277809.0893727855,277834.52253347175,277826.04440872394,277851.4799963393,277843.00106268923,277838.7617475241,277826.04440872394,277851.4799963393,277847.2404789625,277830.2834205368,277821.80549803784,277804.85086665227,277838.7617475241,277813.3279800639,277838.7617475241,277830.2834205368,277855.719614815,277830.2834205368,277834.52253347175,277830.2834205368,277834.52253347175,277830.2834205368,277817.5666884829,277821.80549803784,277804.85086665227,277821.80549803784,277843.00106268923,277838.7617475241,277809.0893727855,277826.04440872394,277851.4799963393,277834.52253347175,277830.2834205368,277847.2404789625,277826.04440872394,277834.52253347175,277859.959334385,277855.719614815,0.0,277830.2834205368,277804.85086665227,277809.0893727855,277834.52253347175,277813.3279800639,277859.959334385,277813.3279800639,277838.7617475241,277838.7617475241,277843.00106268923,277821.80549803784,277830.2834205368,277821.80549803784,277838.7617475241,277817.5666884829,277843.00106268923,277843.00106268923,277847.2404789625,277851.4799963393,0.0,277859.959334385,277855.719614815,0.0,0.0,277859.959334385,277859.959334385,277843.00106268923,277859.959334385,277851.4799963393,277859.959334385,277859.959334385,277855.719614815,0.0,277855.719614815,277859.959334385,277859.959334385,277851.4799963393,277859.959334385,277855.719614815,277855.719614815,277855.719614815,277855.719614815,0.0,277855.719614815,277859.959334385,0.0,277859.959334385,0.0,277855.719614815,277859.959334385,277851.4799963393,277859.959334385,277859.959334385,0.0,277851.4799963393,0.0,277855.719614815,277859.959334385,277847.2404789625,277851.4799963393,277859.959334385,277851.4799963393,277855.719614815,0.0,0.0,277859.959334385,277847.2404789625,277859.959334385,277851.4799963393,0.0,277855.719614815,277851.4799963393,0.0,0.0,277855.719614815,0.0,277859.959334385,277851.4799963393
0.0,277838.7617475241,277859.959334385,0.0,277847.2404789625,0.0,277859.959334385,277859.959334385,277859.959334385,0.0,277859.959334385,277859.959334385,0.0,0.0,0.0,0.0,277851.4799963393,0.0,0.0,0.0,277859.959334385,277859.959334385,277859.959334385,277851.4799963393,0.0,277859.959334385,277859.959334385,277851.4799963393,0.0,0.0,0.0,277859.959334385,0.0,0.0,0.0,0.0,0.0,0.0,277855.719614815,0.0,277859.959334385,277851.4799963393,277855.719614815,0.0,0.0,277859.959334385,277855.719614815,277859.959334385,0.0,0.0,0.0,0.0,0.0,277859.959334385,277859.959334385,277859.959334385,0.0,277859.959334385,0.0,277821.80549803784,277847.2404789625,277838.7617475241,277834.52253347175,277830.2834205368,277851.4799963393,277847.2404789625,277843.00106268923,277843.00106268923,277830.2834205368,277830.2834205368,277813.3279800639,277809.0893727855,277838.7617475241,277847.2404789625,277838.7617475241,277843.00106268923,277851.4799963393,277855.719614815,277821.80549803784,277843.00106268923,277843.00106268923,277821.80549803784,277851.4799963393,277830.2834205368,277817.5666884829,277826.04440872394,277838.7617475241,277851.4799963393,277830.2834205368,277834.52253347175,277830.2834205368,277821.80549803784,277834.52253347175,277834.52253347175,277851.4799963393,277834.52253347175,277838.7617475241,277830.2834205368,277847.2404789625,277838.7617475241,277838.7617475241,277817.5666884829,277847.2404789625,277855.719614815,277834.52253347175,277838.7617475241,277851.4799963393,277834.52253347175,277847.2404789625,277834.52253347175,277826.04440872394,277817.5666884829,277838.7617475241,277809.0893727855,277830.2834205368,277809.0893727855,277834.52253347175,277851.4799963393,277830.2834205368,277834.52253347175,277834.52253347175,277838.7617475241,277843.00106268923,277834.52253347175,277821.80549803784,277826.04440872394,277843.00106268923,277834.52253347175,277838.7617475241,277834.52253347175,277859.959334385,277830.2834205368,277817.5666884829,277843.00106268923,277843.00106268923,277830.2834205368,277770.9464593691,277804.85086665227,277770.9464593691,277800.6124616689,277834.52253347175,277834.52253347175,277838.7617475241,277834.52253347175,277821.80549803784,277834.52253347175,277826.04440872394,277843.00106268923,277821.80549803784,277826.04440872394,277847.2404789625,277830.2834205368,277830.2834205368,277834.52253347175,277813.3279800639,277834.52253347175,277834.52253347175,277834.52253347175,277830.2834205368,277830.2834205368,277838.7617475241,277817.5666884829,277813.3279800639,277817.5666884829,277817.5666884829,277826.04440872394,277817.5666884829,277817.5666884829,277834.52253347175,277838.7617475241,277847.2404789625,277843.00106268923,277817.5666884829,277843.00106268923,277838.7617475241,277834.52253347175,277838.7617475241,277838.7617475241,277834.52253347175,277838.7617475241,277847.2404789625,277834.52253347175,277821.80549803784,277817.5666884829,277834.52253347175,277843.00106268923,277817.5666884829,277838.7617475241,277838.7617475241,277838.7617475241,277821.80549803784,277851.4799963393,277847.2404789625,277843.00106268923,277826.04440872394,277851.4799963393,277838.7617475241,277843.00106268923,277847.2404789625,277851.4799963393,277855.719614815,0.0,277855.719614815,277851.4799963393,0.0,277859.959334385,0.0,277855.719614815,0.0,0.0,0.0,277859.959334385,277859.959334385,277855.719614815,277855.719614815,277859.959334385,277843.00106268923,0.0,277859.959334385,277859.959334385,277855.719614815,277855.719614815,277851.4799963393,0.0,277859.959334385,277859.959334385,277847.2404789625,277843.00106268923,277859.959334385,277859.959334385,277851.4799963393,277855.719614815,277851.4799963393,277855.719614815,277851.4799963393,0.0,277851.4799963393,0.0,277859.959334385,277847.2404789625,277859.959334385,0.0,277859.959334385,0.0,277859.959334385,277859.959334385,277855.719614815,277855.719614815,0.0,0.0,277859.959334385,0.0,277859.959334385,277855.719614815,0.0,277855.719614815
277855.719614815,277859.959334385,277851.4799963393,277859.959334385,277855.719614815,277855.719614815,277859.959334385,0.0,277859.959334385,277859.959334385,0.0,277859.959334385,0.0,277851.4799963393,0.0,277859.959334385,277859.959334385,0.0,0.0,0.0,277859.959334385,0.0,0.0,277859.959334385,0.0,277859.959334385,0.0,277855.719614815,277859.959334385,277855.719614815,0.0,277859.959334385,277859.959334385,0.0,277859.959334385,277859.959334385,277859.959334385,0.0,0.0,277855.719614815,277855.719614815,277855.719614815,0.0,0.0,0.0,277859.959334385,277855.719614815,0.0,277859.959334385,277859.959334385,277851.4799963393,0.0,277859.959334385,277859.959334385,0.0,277855.719614815,277859.959334385,277859.959334385,277851.4799963393,277855.719614815,277838.7617475241,277838.7617475241,277843.00106268923,277843.00106268923,277826.04440872394,277834.52253347175,277838.7617475241,277838.7617475241,277834.52253347175,277847.2404789625,277834.52253347175,277830.2834205368,277826.04440872394,277838.7617475241,277843.00106268923,277859.959334385,277838.7617475241,277817.5666884829,277830.2834205368,277847.2404789625,277847.2404789625,277821.80549803784,277843.00106268923,277809.0893727855,277838.7617475241,277826.04440872394,277830.2834205368,277838.7617475241,277847.2404789625,277838.7617475241,277843.00106268923,277817.5666884829,277826.04440872394,277843.00106268923,277834.52253347175,277843.00106268923,277826.04440872394,277834.52253347175,277834.52253347175,277826.04440872394,277834.52253347175,277838.7617475241,277851.4799963393,277826.04440872394,277821.80549803784,277843.00106268923,277826.04440872394,277851.4799963393,277843.00106268923,277843.00106268923,277830.2834205368,277847.2404789625,277826.04440872394,277821.80549803784,277847.2404789625,277838.7617475241,277830.2834205368,277826.04440872394,277834.52253347175,277826.04440872394,277830.2834205368,277851.4799963393,277826.04440872394,277830.2834205368,277830.2834205368,277838.7617475241,277830.2834205368,277838.7617475241,277838.7617475241,277821.80549803784,277834.52253347175,277826.04440872394,277821.80549803784,277830.2834205368,277838.7617475241,277804.85086665227,277741.2854152256,277724.338473866,277745.52240362525,277796.3741578399,277770.9464593691,277821.80549803784,277817.5666884829,277826.04440872394,277838.7617475241,277821.80549803784,277821.80549803784,277809.0893727855,277821.80549803784,277834.52253347175,277847.2404789625,277821.80549803784,277796.3741578399,277830.2834205368,277843.00106268923,277851.4799963393,277838.7617475241,277826.04440872394,277817.5666884829,277826.04440872394,277817.5666884829,277834.52253347175,277830.2834205368,277843.00106268923,277834.52253347175,277843.00106268923,277813.3279800639,277830.2834205368,277826.04440872394,277843.00106268923,277830.2834205368,277830.2834205368,277834.52253347175,277834.52253347175,277838.7617475241,277834.52253347175,277834.52253347175,277830.2834205368,277851.4799963393,277838.7617475241,277847.2404789625,277838.7617475241,277855.719614815,277821.80549803784,277847.2404789625,277826.04440872394,277847.2404789625,277830.2834205368,277834.52253347175,277817.5666884829,277826.04440872394,277838.7617475241,277830.2834205368,277826.04440872394,277847.2404789625,277859.959334385,277830.2834205368,277851.4799963393,277843.00106268923,277847.2404789625,277859.959334385,277851.4799963393,277855.719614815,277859.959334385,277855.719614815,277859.959334385,277855.719614815,277851.4799963393,277855.719614815,0.0,277855.719614815,277859.959334385,277859.959334385,277855.719614815,277859.959334385,277855.719614815,0.0,277855.719614815,277855.719614815,277859.959334385,277851.4799963393,0.0,0.0,277851.4799963393,0.0,0.0,277859.959334385,277855.719614815,0.0,277859.959334385,277859.959334385,277859.959334385,277855.719614815,277859.959334385,0.0,277855.719614815,277859.959334385,277859.959334385,277859.959334385,277851.4799963393,0.0,277855.719614815,277859.959334385,277859.959334385,277843.00106268923,0.0,277859.959334385,277859.959334385,0.0,277859.959334385,277859.959334385,277859.959334385,0.0,0.0,277855.719614815,277855.719614815
0.0,277847.2404789625,277855.719614815,0.0,277859.959334385,277859.959334385,0.0,277855.719614815,277859.959334385,0.0,277859.959334385,277855.719614815,277851.4799963393,0.0,277851.4799963393,0.0,0.0,0.0,0.0,277859.959334385,277859.959334385,0.0,277859.959334385,277851.4799963393,277859.959334385,0.0,277851.4799963393,277855.719614815,0.0,0.0,277855.719614815,0.0,0.0,277859.959334385,277855.719614815,0.0,277859.959334385,277855.719614815,0.0,0.0,277859.959334385,277859.959334385,277855.719614815,277859.959334385,277859.959334385,0.0,277855.719614815,0.0,0.0,277855.719614815,0.0,277859.959334385,0.0,277859.959334385,0.0,277859.959334385,277855.719614815,277851.4799963393,277851.4799963393,277847.2404789625,277859.959334385,277843.00106268923,277834.52253347175,277851.4799963393,277830.2834205368,277830.2834205368,277821.80549803784,277826.04440872394,277838.7617475241,277821.80549803784,277830.2834205368,277826.04440872394,277834.52253347175,277834.52253347175,277830.2834205368,277817.5666884829,277809.0893727855,277813.3279800639,277834.52253347175,277843.00106268923,277830.2834205368,277830.2834205368,277821.80549803784,277834.52253347175,277830.2834205368,277847.2404789625,277830.2834205368,277821.80549803784,277838.7617475241,277830.2834205368,277830.2834205368,277834.52253347175,277847.2404789625,277830.2834205368,277830.2834205368,277843.00106268923,277830.2834205368,277834.52253347175,277838.7617475241,277830.2834205368,277838.7617475241,277830.2834205368,277838.7617475241,277838.7617475241,277826.04440872394,277843.00106268923,277843.00106268923,277838.7617475241,277843.00106268923,277838.7617475241,277821.80549803784,277838.7617475241,277838.7617475241,277843.00106268923,277847.2404789625,277843.00106268923,277804.85086665227,277813.3279800639,277843.00106268923,277821.80549803784,277821.80549803784,277834.52253347175,277847.2404789625,277809.0893727855,277838.7617475241,277855.719614815,277817.5666884829,277826.04440872394,277830.2834205368,277838.7617475241,277834.52253347175,277843.00106268923,277834.52253347175,277830.2834205368,277843.00106268923,277792.1359551701,277753.996684064,277622.690851995,277753.996684064,277792.1359551701,277830.2834205368,277804.85086665227,277843.00106268923,277834.52253347175,277834.52253347175,277843.00106268923,277830.2834205368,277826.04440872394,277830.2834205368,277821.80549803784,277834.52253347175,277826.04440872394,277821.80549803784,277809.0893727855,277813.3279800639,277834.52253347175,277813.3279800639,277813.3279800639,277843.00106268923,277838.7617475241,277826.04440872394,277821.80549803784,277813.3279800639,277804.85086665227,277809.0893727855,277834.52253347175,277834.52253347175,277843.00106268923,277830.2834205368,277834.52253347175,277826.04440872394,277826.04440872394,277813.3279800639,277821.80549803784,277830.2834205368,277838.7617475241,277830.2834205368,277855.719614815,277847.2404789625,277821.80549803784,277830.2834205368,277834.52253347175,277838.7617475241,277838.7617475241,277847.2404789625,277834.52253347175,277817.5666884829,277821.80549803784,277813.3279800639,277813.3279800639,277830.2834205368,277830.2834205368,277834.52253347175,277834.52253347175,277847.2404789625,277834.52253347175,277847.2404789625,277843.00106268923,277855.719614815,277855.719614815,277847.2404789625,277859.959334385,277847.2404789625,277859.959334385,277855.719614815,0.0,0.0,0.0,277851.4799963393,0.0,277859.959334385,277855.719614815,277847.2404789625,0.0,277855.719614815,277859.959334385,0.0,277859.959334385,277855.719614815,0.0,277855.719614815,277859.959334385,277855.719614815,277859.959334385,277855.719614815,277855.719614815,277859.959334385,0.0,277859.959334385,0.0,277859.959334385,0.0,277855.719614815,277855.719614815,277859.959334385,277859.959334385,277847.2404789625,0.0,0.0,0.0,277859.959334385,0.0,277855.719614815,277851.4799963393,277859.959334385,0.0,0.0,277851.4799963393,277859.959334385,277859.959334385,0.0,0.0,0.0,0.0,0.0,0.0
0.0,277851.4799963393,277851.4799963393,277851.4799963393,0.0,277859.959334385,277851.4799963393,277859.959334385,0.0,277855.719614815,0.0,0.0,277859.959334385,0.0,277855.719614815,0.0,277847.2404789625,277855.719614815,277859.959334385,0.0,277855.719614815,0.0,0.0,277859.959334385,277859.959334385,277855.719614815,0.0,277859.959334385,277859.959334385,277851.4799963393,277855.719614815,0.0,0.0,277859.959334385,0.0,277859.959334385,0.0,277855.719614815,0.0,277855.719614815,277859.959334385,277859.959334385,0.0,277859.959334385,277859.959334385,277859.959334385,0.0,0.0,277859.959334385,0.0,277859.959334385,277855.719614815,0.0,0.0,0.0,0.0,0.0,0.0,277859.959334385,277855.719614815,277859.959334385,277847.2404789625,277843.00106268923,277838.7617475241,277826.04440872394,277830.2834205368,277838.7617475241,277830.2834205368,277826.04440872394,277851.4799963393,277851.4799963393,277834.52253347175,277843.00106268923,277834.52253347175,277838.7617475241,277838.7617475241,277834.52253347175,277826.04440872394,277817.5666884829,277851.4799963393,277838.7617475241,277809.0893727855,277813.3279800639,277834.52253347175,277826.04440872394,277843.00106268923,277843.00106268923,277834.52253347175,277813.3279800639,277830.2834205368,277838.7617475241,277843.00106268923,277834.52253347175,277821.80549803784,277851.4799963393,277817.5666884829,277847.2404789625,277843.00106268923,277843.00106268923,277834.52253347175,277826.04440872394,277813.3279800639,277826.04440872394,277826.04440872394,277817.5666884829,277817.5666884829,277847.2404789625,277847.2404789625,277847.2404789625,277826.04440872394,277838.7617475241,277830.2834205368,277834.52253347175,277821.80549803784,277830.2834205368,277830.2834205368,277843.00106268923,277838.7617475241,277813.3279800639,277809.0893727855,277834.52253347175,277834.52253347175,277847.2404789625,277838.7617475241,277855.719614815,277826.04440872394,277834.52253347175,277851.4799963393,277847.2404789625,277838.7617475241,277817.5666884829,277826.04440872394,277830.2834205368,277834.52253347175,277838.7617475241,277770.9464593691,277698.9210990538,277626.9250045031,277656.5669094439,277741.2854152256,277779.42195416125,277809.0893727855,277826.04440872394,277843.00106268923,277826.04440872394,277830.2834205368,277834.52253347175,277834.52253347175,277830.2834205368,277834.52253347175,277830.2834205368,277843.00106268923,277830.2834205368,277855.719614815,277809.0893727855,277817.5666884829,277817.5666884829,277834.52253347175,277843.00106268923,277838.7617475241,277851.4799963393,277826.04440872394,277838.7617475241,277830.2834205368,277800.6124616689,277834.52253347175,277838.7617475241,277851.4799963393,277817.5666884829,277838.7617475241,277813.3279800639,277826.04440872394,277826.04440872394,277821.80549803784,277838.7617475241,277838.7617475241,277838.7617475241,277838.7617475241,277843.00106268923,277821.80549803784,277838.7617475241,277813.3279800639,277830.2834205368,277847.2404789625,277838.7617475241,277838.7617475241,277826.04440872394,277826.04440872394,277843.00106268923,277826.04440872394,277804.85086665227,277838.7617475241,277830.2834205368,277843.00106268923,277834.52253347175,277855.719614815,277847.2404789625,277838.7617475241,277847.2404789625,0.0,277855.719614815,277855.719614815,277855.719614815,0.0,277855.719614815,277859.959334385,277855.719614815,0.0,0.0,277859.959334385,277859.959334385,277855.719614815,277859.959334385,277859.959334385,277859.959334385,277859.959334385,277859.959334385,0.0,277855.719614815,277847.2404789625,277847.2404789625,277855.719614815,277859.959334385,277855.719614815,0.0,0.0,277859.959334385,277855.719614815,277855.719614815,0.0,0.0,277855.719614815,0.0,277855.719614815,277851.4799963393,277855.719614815,0.0,277855.719614815,277859.959334385,277859.959334385,0.0,277855.719614815,277855.719614815,0.0,277855.719614815,277855.719614815,277855.719614815,0.0,0.0,0.0,277859.959334385,0.0,277859.959334385,0.0,277859.959334385,0.0
277851.4799963393,0.0,0.0,277855.719614815,277859.959334385,0.0,277851.4799963393,277859.959334385,277855.719614815,277851.4799963393,277855.719614815,0.0,0.0,277855.719614815,277859.959334385,277859.959334385,277859.959334385,277855.719614815,0.0,277859.959334385,277859.959334385,0.0,277859.959334385,277859.959334385,277859.959334385,277859.959334385,0.0,277859.959334385,0.0,0.0,277859.959334385,277859.959334385,0.0,277855.719614815,0.0,0.0,277855.719614815,0.0,277859.959334385,0.0,277859.959334385,277851.4799963393,0.0,277859.959334385,277859.959334385,0.0,0.0,277855.719614815,277859.959334385,0.0,0.0,277859.959334385,0.0,0.0,277855.719614815,277851.4799963393,277851.4799963393,277859.959334385,277851.4799963393,277843.00106268923,277859.959334385,277851.4799963393,277851.4799963393,277847.2404789625,277855.719614815,277838.7617475241,277851.4799963393,277826.04440872394,277838.7617475241,277834.52253347175,277851.4799963393,277838.7617475241,277821.80549803784,277838.7617475241,277859.959334385,277851.4799963393,277821.80549803784,277834.52253347175,277821.80549803784,277826.04440872394,277851.4799963393,277847.2404789625,277834.52253347175,277843.00106268923,277834.52253347175,277834.52253347175,277821.80549803784,277830.2834205368,277838.7617475241,277826.04440872394,277843.00106268923,277847.2404789625,277847.2404789625,277843.00106268923,277826.04440872394,277847.2404789625,277843.00106268923,277851.4799963393,277834.52253347175,277851.4799963393,277830.2834205368,277834.52253347175,277817.5666884829,277838.7617475241,277821.80549803784,277826.04440872394,277826.04440872394,277859.959334385,277843.00106268923,277847.2404789625,277817.5666884829,277847.2404789625,277834.52253347175,277843.00106268923,277821.80549803784,277813.3279800639,277851.4799963393,277826.04440872394,277834.52253347175,277830.2834205368,277830.2834205368,277826.04440872394,277834.52253347175,277809.0893727855,277813.3279800639,277834.52253347175,277804.85086665227,277821.80549803784,277834.52253347175,277834.52253347175,277821.80549803784,277847.2404789625,277843.00106268923,277834.52253347175,277830.2834205368,277826.04440872394,277766.708863751,277631.15925835556,277673.5073698038,277698.9210990538,277766.708863751,277796.3741578399,277830.2834205368,277826.04440872394,277838.7617475241,277826.04440872394,277821.80549803784,277826.04440872394,277817.5666884829,277838.7617475241,277834.52253347175,277804.85086665227,277834.52253347175,277843.00106268923,277847.2404789625,277809.0893727855,277847.2404789625,277813.3279800639,277826.04440872394,277830.2834205368,277843.00106268923,277843.00106268923,277826.04440872394,277838.7617475241,277813.3279800639,277843.00106268923,277838.7617475241,277830.2834205368,277826.04440872394,277830.2834205368,277830.2834205368,277830.2834205368,277838.7617475241,277830.2834205368,277843.00106268923,277843.00106268923,277847.2404789625,277843.00106268923,277838.7617475241,277838.7617475241,277830.2834205368,277830.2834205368,277830.2834205368,277817.5666884829,277830.2834205368,277843.00106268923,277838.7617475241,277851.4799963393,277838.7617475241,277838.7617475241,277843.00106268923,277826.04440872394,277830.2834205368,277851.4799963393,277834.52253347175,277855.719614815,277843.00106268923,277847.2404789625,277855.719614815,277817.5666884829,277843.00106268923,277847.2404789625,277855.719614815,277859.959334385,0.0,277855.719614815,277859.959334385,277859.959334385,277859.959334385,277859.959334385,277855.719614815,0.0,277859.959334385,0.0,277855.719614815,0.0,277859.959334385,0.0,277859.959334385,277855.719614815,277851.4799963393,277859.959334385,277855.719614815,277855.719614815,277855.719614815,277851.4799963393,277851.4799963393,277843.00106268923,277859.959334385,0.0,277855.719614815,277855.719614815,0.0,0.0,0.0,277859.959334385,277859.959334385,0.0,0.0,277859.959334385,277859.959334385,277851.4799963393,277859.959334385,277859.959334385,0.0,277859.959334385,0.0,0.0,0.0,277851.4799963393,277859.959334385,277859.959334385,277859.959334385,0.0,0.0,0.0
277859.959334385,277859.959334385,0.0,0.0,277859.959334385,277855.719614815,0.0,277855.719614815,277859.959334385,277855.719614815,277855.719614815,0.0,0.0,277859.959334385,277859.959334385,277859.959334385,0.0,0.0,277855.719614815,277855.719614815,277851.4799963393,0.0,277859.959334385,0.0,277851.4799963393,277855.719614815,0.0,277859.959334385,277859.959334385,277859.959334385,277859.959334385,0.0,0.0,277855.719614815,0.0,277859.959334385,277859.959334385,0.0,0.0,277855.719614815,277859.959334385,277855.719614815,0.0,277859.959334385,277859.959334385,277859.959334385,277859.959334385,0.0,0.0,0.0,277859.959334385,0.0,277859.959334385,277859.959334385,0.0,277855.719614815,277859.959334385,0.0,277859.959334385,0.0,277851.4799963393,277847.2404789625,277851.4799963393,277830.2834205368,277834.52253347175,277838.7617475241,277826.04440872394,277851.4799963393,277834.52253347175,277838.7617475241,277838.7617475241,277826.04440872394,277830.2834205368,277843.00106268923,277826.04440872394,277843.00106268923,277830.2834205368,277847.2404789625,277826.04440872394,277851.4799963393,277826.04440872394,277821.80549803784,277830.2834205368,277847.2404789625,277821.80549803784,277834.52253347175,277817.5666884829,277851.4799963393,277838.7617475241,277821.80549803784,277821.80549803784,277830.2834205368,277817.5666884829,277826.04440872394,277838.7617475241,277843.00106268923,277821.80549803784,277843.00106268923,277813.3279800639,277843.00106268923,277826.04440872394,277834.52253347175,277830.2834205368,277826.04440872394,277838.7617475241,277804.85086665227,277847.2404789625,277830.2834205368,277843.00106268923,277826.04440872394,277834.52253347175,277838.7617475241,277830.2834205368,277821.80549803784,277843.00106268923,277834.52253347175,277821.80549803784,277843.00106268923,277809.0893727855,277838.7617475241,277821.80549803784,277817.5666884829,277830.2834205368,277838.7617475241,277821.80549803784,277838.7617475241,277821.80549803784,277838.7617475241,277813.3279800639,277809.0893727855,277843.00106268923,277847.2404789625,277834.52253347175,277830.2834205368,277834.52253347175,277838.7617475241,277813.3279800639,277737.0485280451,277694.6852243211,277720.1019916091,277753.996684064,277826.04440872394,277817.5666884829,277834.52253347175,277847.2404789625,277834.52253347175,277838.7617475241,277813.3279800639,277826.04440872394,277838.7617475241,277826.04440872394,277813.3279800639,277838.7617475241,277821.80549803784,277834.52253347175,277826.04440872394,277821.80549803784,277813.3279800639,277847.2404789625,277826.04440872394,277830.2834205368,277817.5666884829,277834.52253347175,277813.3279800639,277830.2834205368,277847.2404789625,277826.04440872394,277821.80549803784,277830.2834205368,277851.4799963393,277843.00106268923,277826.04440872394,277821.80549803784,277826.04440872394,277838.7617475241,277834.52253347175,277830.2834205368,277838.7617475241,277838.7617475241,277817.5666884829,277821.80549803784,277817.5666884829,277813.3279800639,277843.00106268923,277830.2834205368,277838.7617475241,277834.52253347175,277830.2834205368,277834.52253347175,277834.52253347175,277813.3279800639,277834.52253347175,277826.04440872394,277821.80549803784,277843.00106268923,277847.2404789625,277859.959334385,277847.2404789625,277838.7617475241,277855.719614815,277855.719614815,277851.4799963393,277855.719614815,277847.2404789625,277855.719614815,277851.4799963393,277855.719614815,277855.719614815,0.0,0.0,277859.959334385,277855.719614815,277843.00106268923,277855.719614815,277851.4799963393,277851.4799963393,277855.719614815,0.0,277855.719614815,277855.719614815,0.0,0.0,277859.959334385,277855.719614815,0.0,277855.719614815,0.0,0.0,0.0,0.0,277859.959334385,277855.719614815,0.0,277859.959334385,0.0,277859.959334385,277859.959334385,277855.719614815,277859.959334385,0.0,277859.959334385,277859.959334385,277859.959334385,277859.959334385,277859.959334385,0.0,0.0,0.0,277859.959334385,277855.719614815,277859.959334385,277847.2404789625,277859.959334385,277855.719614815,277859.959334385,0.0
0.0,277855.719614815,0.0,277855.719614815,277851.4799963393,0.0,277859.959334385,0.0,0.0,277859.959334385,0.0,277855.719614815,277855.719614815,277859.959334385,277859.959334385,0.0,277859.959334385,277859.959334385,277859.959334385,277859.959334385,0.0,277859.959334385,0.0,0.0,0.0,0.0,277855.719614815,0.0,0.0,0.0,277859.959334385,277859.959334385,277855.719614815,277855.719614815,0.0,277859.959334385,277859.959334385,0.0,277855.719614815,277859.959334385,277855.719614815,0.0,277859.959334385,0.0,277859.959334385,277859.959334385,0.0,277859.959334385,0.0,277859.959334385,0.0,0.0,0.0,277859.959334385,277859.959334385,0.0,277859.959334385,277859.959334385,0.0,277851.4799963393,277859.959334385,277855.719614815,277838.7617475241,277855.719614815,277843.00106268923,277821.80549803784,277855.719614815,277855.719614815,277821.80549803784,277838.7617475241,277826.04440872394,277838.7617475241,277851.4799963393,277847.2404789625,277817.5666884829,277851.4799963393,277834.52253347175,277847.2404789625,277838.7617475241,277843.00106268923,277830.2834205368,277847.2404789625,277830.2834205368,277838.7617475241,277834.52253347175,277834.52253347175,277817.5666884829,277851.4799963393,277826.04440872394,277838.7617475241,277817.5666884829,277838.7617475241,277843.00106268923,277847.2404789625,277847.2404789625,277838.7617475241,277830.2834205368,277830.2834205368,277804.85086665227,277834.52253347175,277834.52253347175,277843.00106268923,277838.7617475241,277830.2834205368,277826.04440872394,277843.00106268923,277830.2834205368,277813.3279800639,277843.00106268923,277838.7617475241,277817.5666884829,277851.4799963393,277847.2404789625,277843.00106268923,277838.7617475241,277830.2834205368,277843.00106268923,277851.4799963393,277843.00106268923,277834.52253347175,277821.80549803784,277843.00106268923,277813.3279800639,277834.52253347175,277826.04440872394,277821.80549803784,277826.04440872394,277834.52253347175,277800.6124616689,277847.2404789625,277809.0893727855,277843.00106268923,277817.5666884829,277821.80549803784,277830.2834205368,277851.4799963393,277838.7617475241,277800.6124616689,277775.18415617413,277762.47136932425,277762.47136932425,277800.6124616689,277830.2834205368,277826.04440872394,277855.719614815,277838.7617475241,277826.04440872394,277851.4799963393,277843.00106268923,277826.04440872394,277838.7617475241,277834.52253347175,277817.5666884829,277809.0893727855,277826.04440872394,277834.52253347175,277843.00106268923,277826.04440872394,277847.2404789625,277834.52253347175,277821.80549803784,277838.7617475241,277817.5666884829,277843.00106268923,277817.5666884829,277821.80549803784,277838.7617475241,277821.80549803784,277843.00106268923,277838.7617475241,277838.7617475241,277834.52253347175,277826.04440872394,277826.04440872394,277843.00106268923,277826.04440872394,277834.52253347175,277847.2404789625,277834.52253347175,277851.4799963393,277813.3279800639,277830.2834205368,277830.2834205368,277838.7617475241,277843.00106268923,277843.00106268923,277830.2834205368,277838.7617475241,277830.2834205368,277834.52253347175,277851.4799963393,277847.2404789625,277843.00106268923,277834.52253347175,277821.80549803784,277838.7617475241,277847.2404789625,277847.2404789625,277843.00106268923,277855.719614815,277847.2404789625,277855.719614815,277859.959334385,277859.959334385,277859.959334385,0.0,277859.959334385,277855.719614815,277859.959334385,0.0,277855.719614815,277859.959334385,277855.719614815,0.0,0.0,277855.719614815,277855.719614815,277855.719614815,277851.4799963393,277859.959334385,277855.719614815,277855.719614815,277859.959334385,277855.719614815,0.0,277859.959334385,277859.959334385,0.0,0.0,277855.719614815,0.0,277847.2404789625,277855.719614815,0.0,0.0,277847.2404789625,0.0,277851.4799963393,277855.719614815,277855.719614815,277859.959334385,277859.959334385,277859.959334385,277859.959334385,0.0,277855.719614815,0.0,277855.719614815,277859.959334385,277859.959334385,0.0,0.0,0.0,277859.959334385,0.0,277855.719614815
277859.959334385,0.0,0.0,0.0,277859.959334385,0.0,277855.719614815,0.0,277859.959334385,277855.719614815,0.0,277859.959334385,277859.959334385,277859.959334385,277859.959334385,277855.719614815,277859.959334385,277859.959334385,277855.719614815,277859.959334385,0.0,0.0,277859.959334385,277859.959334385,277859.959334385,277859.959334385,277859.959334385,0.0,277855.719614815,277859.959334385,277859.959334385,0.0,0.0,0.0,0.0,0.0,277855.719614815,0.0,277859.959334385,0.0,0.0,277859.959334385,277859.959334385,277859.959334385,277859.959334385,0.0,0.0,277859.959334385,277859.959334385,0.0,0.0,277859.959334385,277859.959334385,0.0,0.0,0.0,277859.959334385,277859.959334385,277859.959334385,277859.959334385,277859.959334385,277855.719614815,0.0,277855.719614815,277838.7617475241,277817.5666884829,277843.00106268923,277843.00106268923,277834.52253347175,277851.4799963393,277851.4799963393,277821.80549803784,277847.2404789625,277830.2834205368,277847.2404789625,277817.5666884829,277847.2404789625,277847.2404789625,277838.7617475241,277830.2834205368,277843.00106268923,277847.2404789625,277821.80549803784,277830.2834205368,277838.7617475241,277834.52253347175,277813.3279800639,277826.04440872394,277851.4799963393,277834.52253347175,277834.52253347175,277834.52253347175,277834.52253347175,277847.2404789625,277830.2834205368,277830.2834205368,277830.2834205368,277847.2404789625,277847.2404789625,277834.52253347175,277830.2834205368,277838.7617475241,277838.7617475241,277821.80549803784,277838.7617475241,277843.00106268923,277821.80549803784,277826.04440872394,277847.2404789625,277851.4799963393,277830.2834205368,277843.00106268923,277843.00106268923,277826.04440872394,277834.52253347175,277813.3279800639,277843.00106268923,277855.719614815,277843.00106268923,277830.2834205368,277843.00106268923,277834.52253347175,277813.3279800639,277809.0893727855,277830.2834205368,277813.3279800639,277838.7617475241,277847.2404789625,277838.7617475241,277830.2834205368,277838.7617475241,277821.80549803784,277813.3279800639,277838.7617475241,277821.80549803784,277817.5666884829,277847.2404789625,277813.3279800639,277783.65985332616,277787.89785366395,277830.2834205368,277830.2834205368,277830.2834205368,277838.7617475241,277847.2404789625,277826.04440872394,277843.00106268923,277821.80549803784,277813.3279800639,277826.04440872394,277809.0893727855,277796.3741578399,277800.6124616689,277800.6124616689,277830.2834205368,277834.52253347175,277847.2404789625,277838.7617475241,277830.2834205368,277843.00106268923,277838.7617475241,277851.4799963393,277838.7617475241,277821.80549803784,277826.04440872394,277830.2834205368,277838.7617475241,277843.00106268923,277817.5666884829,277830.2834205368,277834.52253347175,277826.04440872394,277834.52253347175,277800.6124616689,277834.52253347175,277834.52253347175,277821.80549803784,277821.80549803784,277843.00106268923,277843.00106268923,277830.2834205368,277851.4799963393,277830.2834205368,277834.52253347175,277834.52253347175,277813.3279800639,277838.7617475241,277804.85086665227,277834.52253347175,277821.80549803784,277843.00106268923,277821.80549803784,277851.4799963393,277826.04440872394,277843.00106268923,277851.4799963393,277843.00106268923,277859.959334385,277859.959334385,0.0,277830.2834205368,277851.4799963393,277859.959334385,277855.719614815,277855.719614815,277859.959334385,0.0,277851.4799963393,277851.4799963393,277859.959334385,277855.719614815,0.0,277855.719614815,277859.959334385,277859.959334385,277851.4799963393,277859.959334385,277859.959334385,0.0,277847.2404789625,277855.719614815,277855.719614815,0.0,0.0,277859.959334385,277859.959334385,277859.959334385,277851.4799963393,277855.719614815,0.0,277859.959334385,0.0,277859.959334385,277855.719614815,0.0,277847.2404789625,277855.719614815,277859.959334385,277855.719614815,0.0,277851.4799963393,0.0,277855.719614815,277859.959334385,277859.959334385,0.0,0.0,277859.959334385,0.0,0.0,277851.4799963393,277859.959334385,277855.719614815,0.0,277859.959334385,277855.719614815
277859.959334385,0.0,277859.959334385,277859.959334385,277859.959334385,0.0,277851.4799963393,0.0,277859.959334385,0.0,277859.959334385,0.0,0.0,277859.959334385,0.0,277859.959334385,0.0,277859.959334385,277859.959334385,0.0,277851.4799963393,0.0,0.0,277859.959334385,277859.959334385,277859.959334385,277859.959334385,0.0,277859.959334385,277859.959334385,0.0,277859.959334385,277859.959334385,277859.959334385,0.0,277855.719614815,277859.959334385,0.0,0.0,277859.959334385,0.0,277855.719614815,277859.959334385,0.0,277859.959334385,0.0,277859.959334385,0.0,0.0,0.0,277851.4799963393,277859.959334385,277859.959334385,0.0,0.0,277855.719614815,0.0,277859.959334385,277859.959334385,277859.959334385,277859.959334385,277859.959334385,277859.959334385,277859.959334385,277838.7617475241,277851.4799963393,277830.2834205368,277821.80549803784,277855.719614815,277826.04440872394,277843.00106268923,277843.00106268923,277838.7617475241,277826.04440872394,277855.719614815,277826.04440872394,277838.7617475241,277847.2404789625,277834.52253347175,277859.959334385,277826.04440872394,277830.2834205368,277851.4799963393,277826.04440872394,277851.4799963393,277838.7617475241,277834.52253347175,277817.5666884829,277834.52253347175,277843.00106268923,277817.5666884829,277855.719614815,277851.4799963393,277826.04440872394,277851.4799963393,277843.00106268923,277813.3279800639,277834.52253347175,277838.7617475241,277830.2834205368,277809.0893727855,277838.7617475241,277843.00106268923,277859.959334385,277847.2404789625,277847.2404789625,277821.80549803784,277838.7617475241,277838.7617475241,277838.7617475241,277851.4799963393,277834.52253347175,277830.2834205368,277834.52253347175,277851.4799963393,277826.04440872394,277843.00106268923,277826.04440872394,277826.04440872394,277843.00106268923,277843.00106268923,277817.5666884829,277813.3279800639,277830.2834205368,277813.3279800639,277813.3279800639,277843.00106268923,277830.2834205368,277834.52253347175,277843.00106268923,277838.7617475241,277834.52253347175,277843.00106268923,277834.52253347175,277813.3279800639,277830.2834205368,277834.52253347175,277838.7617475241,277838.7617475241,277834.52253347175,277843.00106268923,277813.3279800639,277834.52253347175,277813.3279800639,277817.5666884829,277830.2834205368,277834.52253347175,277838.7617475241,277843.00106268923,277838.7617475241,277830.2834205368,277813.3279800639,277813.3279800639,277796.3741578399,277804.85086665227,277834.52253347175,277834.52253347175,277830.2834205368,277817.5666884829,277830.2834205368,277843.00106268923,277851.4799963393,277834.52253347175,277821.80549803784,277834.52253347175,277843.00106268923,277821.80549803784,277838.7617475241,277817.5666884829,277826.04440872394,277843.00106268923,277826.04440872394,277821.80549803784,277821.80549803784,277826.04440872394,277826.04440872394,277834.52253347175,277838.7617475241,277838.7617475241,277851.4799963393,277838.7617475241,277830.2834205368,277826.04440872394,277843.00106268923,277843.00106268923,277821.80549803784,277821.80549803784,277817.5666884829,277834.52253347175,277830.2834205368,277843.00106268923,277834.52253347175,277843.00106268923,277826.04440872394,277847.2404789625,277847.2404789625,277851.4799963393,277851.4799963393,277830.2834205368,277830.2834205368,277847.2404789625,277843.00106268923,277847.2404789625,277834.52253347175,277859.959334385,277855.719614815,277855.719614815,277855.719614815,0.0,277859.959334385,277859.959334385,0.0,0.0,277851.4799963393,277859.959334385,0.0,277859.959334385,277843.00106268923,277859.959334385,0.0,0.0,277859.959334385,0.0,277855.719614815,0.0,277855.719614815,277855.719614815,277855.719614815,0.0,0.0,277859.959334385,277855.719614815,0.0,0.0,277859.959334385,0.0,0.0,277859.959334385,277859.959334385,0.0,0.0,277859.959334385,0.0,277859.959334385,0.0,277859.959334385,277859.959334385,0.0,0.0,0.0,277859.959334385,0.0,277859.959334385,277859.959334385,277859.959334385,277851.4799963393
277855.719614815,277859.959334385,277859.959334385,0.0,0.0,0.0,277859.959334385,277855.719614815,277859.959334385,277859.959334385,0.0,277855.719614815,277859.959334385,277855.719614815,277859.959334385,0.0,0.0,0.0,0.0,0.0,277859.959334385,277859.959334385,277851.4799963393,0.0,0.0,277859.959334385,0.0,0.0,277859.959334385,277851.4799963393,0.0,277855.719614815,0.0,0.0,277859.959334385,0.0,0.0,0.0,277859.959334385,0.0,277859.959334385,0.0,277859.959334385,277855.719614815,0.0,0.0,277859.959334385,0.0,0.0,277859.959334385,277859.959334385,0.0,0.0,277855.719614815,0.0,277859.959334385,277859.959334385,277859.959334385,277851.4799963393,277859.959334385,277847.2404789625,0.0,277843.00106268923,277855.719614815,277859.959334385,277830.2834205368,277834.52253347175,277830.2834205368,277838.7617475241,277834.52253347175,277847.2404789625,277838.7617475241,277843.00106268923,277843.00106268923,277834.52253347175,277826.04440872394,277855.719614815,277838.7617475241,277843.00106268923,277847.2404789625,277838.7617475241,277826.04440872394,277830.2834205368,277817.5666884829,277834.52253347175,277838.7617475241,277838.7617475241,277838.7617475241,277834.52253347175,277834.52253347175,277830.2834205368,277830.2834205368,277838.7617475241,277821.80549803784,277830.2834205368,277821.80549803784,277809.0893727855,277821.80549803784,277826.04440872394,277834.52253347175,277847.2404789625,277821.80549803784,277851.4799963393,277843.00106268923,277834.52253347175,277796.3741578399,277843.00106268923,277834.52253347175,277843.00106268923,277843.00106268923,277847.2404789625,277838.7617475241,277843.00106268923,277826.04440872394,277843.00106268923,277834.52253347175,277830.2834205368,277843.00106268923,277847.2404789625,277821.80549803784,277834.52253347175,277843.00106268923,277851.4799963393,277826.04440872394,277792.1359551701,277834.52253347175,277826.04440872394,277843.00106268923,277847.2404789625,277830.2834205368,277834.52253347175,277838.7617475241,277834.52253347175,277826.04440872394,277809.0893727855,277834.52253347175,277826.04440872394,277817.5666884829,277813.3279800639,277843.00106268923,277843.00106268923,277821.80549803784,277821.80549803784,277817.5666884829,277821.80549803784,277826.04440872394,277843.00106268923,277809.0893727855,277809.0893727855,277843.00106268923,277821.80549803784,277838.7617475241,277804.85086665227,277826.04440872394,277826.04440872394,277851.4799963393,277834.52253347175,277838.7617475241,277826.04440872394,277826.04440872394,277838.7617475241,277855.719614815,277821.80549803784,277813.3279800639,277830.2834205368,277838.7617475241,277821.80549803784,277843.00106268923,277855.719614815,277826.04440872394,277847.2404789625,277834.52253347175,277834.52253347175,277843.00106268923,277809.0893727855,277847.2404789625,277804.85086665227,277847.2404789625,277847.2404789625,277830.2834205368,277847.2404789625,277826.04440872394,277817.5666884829,277813.3279800639,277821.80549803784,277847.2404789625,277821.80549803784,277813.3279800639,277838.7617475241,277821.80549803784,277813.3279800639,277834.52253347175,277830.2834205368,277838.7617475241,277838.7617475241,277859.959334385,277830.2834205368,277847.2404789625,277843.00106268923,277859.959334385,277855.719614815,277851.4799963393,277851.4799963393,0.0,277859.959334385,277859.959334385,277855.719614815,277855.719614815,277859.959334385,277851.4799963393,277855.719614815,277851.4799963393,277859.959334385,277859.959334385,277855.719614815,0.0,277855.719614815,277855.719614815,277855.719614815,277851.4799963393,277855.719614815,277859.959334385,277859.959334385,277851.4799963393,0.0,277859.959334385,277847.2404789625,277855.719614815,277855.719614815,0.0,277859.959334385,277859.959334385,277855.719614815,277859.959334385,277855.719614815,0.0,277859.959334385,277859.959334385,277855.719614815,277851.4799963393,277859.959334385,277859.959334385,277851.4799963393,0.0,277859.959334385,277859.959334385,0.0,277855.719614815,0.0,0.0,277855.719614815,0.0,0.0,277859.959334385,277851.4799963393,277859.959334385
277859.959334385,0.0,277859.959334385,277855.719614815,277859.959334385,0.0,277859.959334385,0.0,0.0,0.0,277855.719614815,0.0,0.0,0.0,277851.4799963393,277859.959334385,0.0,0.0,277859.959334385,277859.959334385,277855.719614815,277855.719614815,0.0,277859.959334385,0.0,0.0,0.0,0.0,277859.959334385,0.0,0.0,277859.959334385,277859.959334385,0.0,0.0,277855.719614815,277847.2404789625,277859.959334385,0.0,277859.959334385,277859.959334385,0.0,277859.959334385,0.0,0.0,277859.959334385,0.0,277851.4799963393,0.0,0.0,0.0,0.0,277859.959334385,277855.719614815,277859.959334385,277859.959334385,277859.959334385,0.0,277859.959334385,277859.959334385,277851.4799963393,277859.959334385,277847.2404789625,277847.2404789625,277851.4799963393,277851.4799963393,277851.4799963393,277851.4799963393,277838.7617475241,277834.52253347175,277847.2404789625,277826.04440872394,277834.52253347175,277817.5666884829,277826.04440872394,277847.2404789625,277838.7617475241,277847.2404789625,277838.7617475241,277830.2834205368,277834.52253347175,277830.2834205368,277838.7617475241,277851.4799963393,277834.52253347175,277813.3279800639,277821.80549803784,277838.7617475241,277847.2404789625,277821.80549803784,277813.3279800639,277821.80549803784,277834.52253347175,277821.80549803784,277817.5666884829,277826.04440872394,277843.00106268923,277830.2834205368,277851.4799963393,277838.7617475241,277830.2834205368,277843.00106268923,277830.2834205368,277817.5666884829,277826.04440872394,277843.00106268923,277826.04440872394,277826.04440872394,277859.959334385,277843.00106268923,277855.719614815,277843.00106268923,277843.00106268923,277843.00106268923,277826.04440872394,277843.00106268923,277813.3279800639,277796.3741578399,277817.5666884829,277826.04440872394,277859.959334385,277821.80549803784,277826.04440872394,277830.2834205368,277843.00106268923,277847.2404789625,277821.80549803784,277821.80549803784,277838.7617475241,277813.3279800639,277817.5666884829,277834.52253347175,277817.5666884829,277821.80549803784,277804.85086665227,277834.52253347175,277817.5666884829,277830.2834205368,277830.2834205368,277826.04440872394,277843.00106268923,277834.52253347175,277838.7617475241,277847.2404789625,277809.0893727855,277838.7617475241,277843.00106268923,277817.5666884829,277855.719614815,277838.7617475241,277813.3279800639,277843.00106268923,277826.04440872394,277826.04440872394,277838.7617475241,277804.85086665227,277838.7617475241,277821.80549803784,277821.80549803784,277821.80549803784,277843.00106268923,277834.52253347175,277843.00106268923,277843.00106268923,277826.04440872394,277821.80549803784,277847.2404789625,277804.85086665227,277834.52253347175,277838.7617475241,277843.00106268923,277834.52253347175,277804.85086665227,277817.5666884829,277826.04440872394,277834.52253347175,277847.2404789625,277821.80549803784,277826.04440872394,277838.7617475241,277843.00106268923,277838.7617475241,277830.2834205368,277830.2834205368,277830.2834205368,277813.3279800639,277817.5666884829,277821.80549803784,277830.2834205368,277826.04440872394,277838.7617475241,277834.52253347175,277834.52253347175,277830.2834205368,277843.00106268923,277834.52253347175,277843.00106268923,277851.4799963393,277847.2404789625,277851.4799963393,277859.959334385,277859.959334385,277859.959334385,0.0,277859.959334385,277859.959334385,277851.4799963393,277851.4799963393,277855.719614815,277859.959334385,277855.719614815,277859.959334385,0.0,277859.959334385,277855.719614815,277855.719614815,277859.959334385,0.0,277859.959334385,277859.959334385,0.0,277859.959334385,0.0,277859.959334385,277859.959334385,0.0,0.0,277855.719614815,277859.959334385,277859.959334385,0.0,0.0,277851.4799963393,277859.959334385,0.0,277851.4799963393,277855.719614815,277855.719614815,0.0,277859.959334385,0.0,0.0,0.0,0.0,277859.959334385,277859.959334385,0.0,277851.4799963393,277859.959334385,277859.959334385,277855.719614815,277855.719614815,277859.959334385,0.0,0.0,277859.959334385
277859.959334385,277855.719614815,0.0,277859.959334385,0.0,277855.719614815,0.0,277859.959334385,0.0,0.0,277859.959334385,277859.959334385,0.0,0.0,277859.959334385,0.0,0.0,0.0,0.0,277859.959334385,0.0,277859.959334385,0.0,277859.959334385,277859.959334385,277859.959334385,277859.959334385,0.0,0.0,0.0,0.0,277859.959334385,0.0,0.0,0.0,0.0,277859.959334385,277859.959334385,277859.959334385,0.0,0.0,0.0,277855.719614815,0.0,0.0,277859.959334385,277859.959334385,277859.959334385,277859.959334385,277859.959334385,277859.959334385,277859.959334385,0.0,277859.959334385,0.0,0.0,277855.719614815,277859.959334385,0.0,277855.719614815,277855.719614815,277859.959334385,277847.2404789625,277855.719614815,0.0,277847.2404789625,277830.2834205368,277838.7617475241,277826.04440872394,277843.00106268923,277855.719614815,277826.04440872394,277813.3279800639,277834.52253347175,277830.2834205368,277838.7617475241,277855.719614815,277830.2834205368,277826.04440872394,277834.52253347175,277826.04440872394,277847.2404789625,277821.80549803784,277838.7617475241,277838.7617475241,277834.52253347175,277847.2404789625,277830.2834205368,277843.00106268923,277834.52253347175,277843.00106268923,277834.52253347175,277855.719614815,277847.2404789625,277830.2834205368,277838.7617475241,277843.00106268923,277859.959334385,277843.00106268923,277843.00106268923,277855.719614815,277826.04440872394,277809.0893727855,277838.7617475241,277834.52253347175,277834.52253347175,277804.85086665227,277838.7617475241,277838.7617475241,277859.959334385,277838.7617475241,277855.719614815,277859.959334385,277851.4799963393,277851.4799963393,277843.00106268923,277843.00106268923,277843.00106268923,277826.04440872394,277834.52253347175,277834.52253347175,277834.52253347175,277834.52253347175,277826.04440872394,277834.52253347175,277843.00106268923,277834.52253347175,277834.52253347175,277843.00106268923,277838.7617475241,277809.0893727855,277847.2404789625,277843.00106268923,277817.5666884829,277826.04440872394,277817.5666884829,277830.2834205368,277838.7617475241,277830.2834205368,277830.2834205368,277826.04440872394,277826.04440872394,277851.4799963393,277851.4799963393,277847.2404789625,277855.719614815,277843.00106268923,277826.04440872394,277826.04440872394,277817.5666884829,277834.52253347175,277821.80549803784,277809.0893727855,277851.4799963393,277838.7617475241,277838.7617475241,277838.7617475241,277821.80549803784,277847.2404789625,277843.00106268923,277838.7617475241,277817.5666884829,277817.5666884829,277830.2834205368,277813.3279800639,277847.2404789625,277847.2404789625,277847.2404789625,277834.52253347175,277838.7617475241,277855.719614815,277821.80549803784,277817.5666884829,277821.80549803784,277826.04440872394,277830.2834205368,277834.52253347175,277830.2834205368,277838.7617475241,277838.7617475241,277838.7617475241,277817.5666884829,277834.52253347175,277834.52253347175,277826.04440872394,277834.52253347175,277838.7617475241,277821.80549803784,277847.2404789625,277855.719614815,277809.0893727855,277813.3279800639,277838.7617475241,277826.04440872394,277838.7617475241,277847.2404789625,277847.2404789625,277847.2404789625,277847.2404789625,277855.719614815,277847.2404789625,0.0,277859.959334385,277855.719614815,277855.719614815,277855.719614815,277847.2404789625,277851.4799963393,277851.4799963393,0.0,0.0,277843.00106268923,277855.719614815,277851.4799963393,277859.959334385,0.0,277855.719614815,277859.959334385,277855.719614815,277859.959334385,0.0,277851.4799963393,0.0,0.0,0.0,0.0,0.0,277851.4799963393,0.0,277859.959334385,277851.4799963393,277847.2404789625,277859.959334385,277851.4799963393,277855.719614815,277859.959334385,0.0,0.0,0.0,0.0,0.0,277859.959334385,277859.959334385,0.0,0.0,0.0,277859.959334385,277855.719614815,277859.959334385,0.0,277855.719614815,0.0,0.0,277855.719614815,277843.00106268923,0.0
277859.959334385,0.0,0.0,277859.959334385,0.0,277859.959334385,0.0,277859.959334385,277851.4799963393,0.0,0.0,277859.959334385,277859.959334385,277851.4799963393,0.0,0.0,0.0,277859.959334385,0.0,277855.719614815,0.0,0.0,0.0,277855.719614815,0.0,277859.959334385,277855.719614815,0.0,277859.959334385,277855.719614815,0.0,277859.959334385,0.0,0.0,277859.959334385,0.0,277859.959334385,277859.959334385,277855.719614815,0.0,277851.4799963393,0.0,0.0,0.0,0.0,0.0,277859.959334385,0.0,277838.7617475241,0.0,277859.959334385,0.0,277859.959334385,0.0,277859.959334385,277855.719614815,277859.959334385,0.0,0.0,0.0,277859.959334385,277855.719614815,277859.959334385,277851.4799963393,277851.4799963393,277847.2404789625,277834.52253347175,277843.00106268923,277851.4799963393,277851.4799963393,277834.52253347175,277843.00106268923,277838.7617475241,277838.7617475241,277834.52253347175,277843.00106268923,277830.2834205368,277830.2834205368,277813.3279800639,277843.00106268923,277817.5666884829,277847.2404789625,277851.4799963393,277826.04440872394,277826.04440872394,277830.2834205368,277821.80549803784,277830.2834205368,277830.2834205368,277838.7617475241,277838.7617475241,277834.52253347175,277830.2834205368,277821.80549803784,277821.80549803784,277800.6124616689,277851.4799963393,277843.00106268923,277809.0893727855,277838.7617475241,277826.04440872394,277851.4799963393,277826.04440872394,277817.5666884829,277847.2404789625,277847.2404789625,277851.4799963393,277830.2834205368,277838.7617475241,277834.52253347175,277834.52253347175,277847.2404789625,277847.2404789625,277851.4799963393,277851.4799963393,277843.00106268923,277859.959334385,277847.2404789625,277826.04440872394,277838.7617475241,277809.0893727855,277826.04440872394,277834.52253347175,277821.80549803784,277838.7617475241,277851.4799963393,277834.52253347175,277851.4799963393,277843.00106268923,277809.0893727855,277826.04440872394,277838.7617475241,277826.04440872394,277851.4799963393,277838.7617475241,277821.80549803784,277830.2834205368,277847.2404789625,277821.80549803784,277817.5666884829,277821.80549803784,277843.00106268923,277821.80549803784,277851.4799963393,277847.2404789625,277830.2834205368,277821.80549803784,277817.5666884829,277838.7617475241,277847.2404789625,277838.7617475241,277826.04440872394,277838.7617475241,277830.2834205368,277826.04440872394,277843.00106268923,277834.52253347175,277838.7617475241,277817.5666884829,277834.52253347175,277809.0893727855,277847.2404789625,277804.85086665227,277834.52253347175,277826.04440872394,277843.00106268923,277817.5666884829,277821.80549803784,277821.80549803784,277809.0893727855,277847.2404789625,277843.00106268923,277826.04440872394,277830.2834205368,277821.80549803784,277834.52253347175,277809.0893727855,277838.7617475241,277830.2834205368,277826.04440872394,277792.1359551701,277838.7617475241,277847.2404789625,277826.04440872394,277838.7617475241,277834.52253347175,277834.52253347175,277817.5666884829,277813.3279800639,277826.04440872394,277830.2834205368,277830.2834205368,277830.2834205368,277847.2404789625,277830.2834205368,277847.2404789625,277859.959334385,277855.719614815,277859.959334385,277847.2404789625,277851.4799963393,277851.4799963393,277859.959334385,0.0,277855.719614815,277859.959334385,277855.719614815,277843.00106268923,277843.00106268923,277855.719614815,277855.719614815,0.0,277859.959334385,277847.2404789625,277855.719614815,277851.4799963393,277851.4799963393,277855.719614815,277859.959334385,0.0,277859.959334385,277855.719614815,277855.719614815,277859.959334385,277851.4799963393,277851.4799963393,0.0,277855.719614815,277859.959334385,277851.4799963393,277859.959334385,277859.959334385,277855.719614815,277851.4799963393,0.0,0.0,0.0,277859.959334385,277859.959334385,277859.959334385,0.0,0.0,277855.719614815,0.0,277859.959334385,277859.959334385,277859.959334385,277851.4799963393,0.0,277855.719614815,277859.959334385,0.0,0.0,0.0,277855.719614815,277859.959334385
277859.959334385,0.0,0.0,0.0,0.0,0.0,277859.959334385,0.0,0.0,277855.719614815,0.0,277859.959334385,0.0,277859.959334385,0.0,277855.719614815,0.0,277859.959334385,0.0,0.0,277855.719614815,0.0,0.0,0.0,0.0,0.0,277851.4799963393,277859.959334385,277859.959334385,0.0,277859.959334385,277859.959334385,0.0,277859.959334385,277859.959334385,277859.959334385,0.0,0.0,0.0,277859.959334385,0.0,277859.959334385,277859.959334385,0.0,277855.719614815,0.0,277859.959334385,277855.719614815,0.0,277855.719614815,277855.719614815,0.0,277855.719614815,0.0,277855.719614815,0.0,0.0,0.0,277859.959334385,0.0,277859.959334385,277851.4799963393,277855.719614815,277847.2404789625,277851.4799963393,277851.4799963393,277847.2404789625,277847.2404789625,277838.7617475241,277851.4799963393,277855.719614815,277817.5666884829,277830.2834205368,277847.2404789625,277847.2404789625,277830.2834205368,277817.5666884829,277847.2404789625,277821.80549803784,277838.7617475241,277834.52253347175,277843.00106268923,277851.4799963393,277838.7617475241,277847.2404789625,277838.7617475241,277851.4799963393,277813.3279800639,277847.2404789625,277855.719614815,277851.4799963393,277821.80549803784,277851.4799963393,277830.2834205368,277830.2834205368,277826.04440872394,277821.80549803784,277834.52253347175,277838.7617475241,277834.52253347175,277830.2834205368,277821.80549803784,277821.80549803784,277838.7617475241,277851.4799963393,277834.52253347175,277838.7617475241,277834.52253347175,277830.2834205368,277834.52253347175,277830.2834205368,277847.2404789625,277847.2404789625,277847.2404789625,277843.00106268923,277821.80549803784,277834.52253347175,277830.2834205368,277830.2834205368,277834.52253347175,277830.2834205368,277830.2834205368,277830.2834205368,277830.2834205368,277817.5666884829,277834.52253347175,277847.2404789625,277834.52253347175,277843.00106268923,277843.00106268923,277847.2404789625,277830.2834205368,277851.4799963393,277826.04440872394,277855.719614815,277826.04440872394,277830.2834205368,277821.80549803784,277800.6124616689,277758.23397609376,277817.5666884829,277817.5666884829,277834.52253347175,277830.2834205368,277843.00106268923,277830.2834205368,277855.719614815,277843.00106268923,277813.3279800639,277830.2834205368,277851.4799963393,277830.2834205368,277838.7617475241,277826.04440872394,277830.2834205368,277843.00106268923,277830.2834205368,277834.52253347175,277826.04440872394,277830.2834205368,277830.2834205368,277838.7617475241,277817.5666884829,277834.52253347175,277826.04440872394,277847.2404789625,277830.2834205368,277838.7617475241,277838.7617475241,277830.2834205368,277826.04440872394,277834.52253347175,277851.4799963393,277847.2404789625,277809.0893727855,277830.2834205368,277826.04440872394,277851.4799963393,277809.0893727855,277830.2834205368,277830.2834205368,277838.7617475241,277830.2834205368,277838.7617475241,277826.04440872394,277830.2834205368,277843.00106268923,277813.3279800639,277830.2834205368,277838.7617475241,277838.7617475241,277834.52253347175,277838.7617475241,277838.7617475241,277830.2834205368,277843.00106268923,277847.2404789625,277843.00106268923,277859.959334385,277843.00106268923,0.0,277859.959334385,277855.719614815,277855.719614815,277855.719614815,277859.959334385,0.0,277855.719614815,0.0,277859.959334385,277859.959334385,277859.959334385,277855.719614815,277859.959334385,0.0,0.0,277859.959334385,0.0,0.0,0.0,277859.959334385,0.0,277847.2404789625,277859.959334385,277859.959334385,0.0,0.0,277859.959334385,0.0,277859.959334385,277851.4799963393,0.0,277859.959334385,0.0,0.0,277855.719614815,0.0,277855.719614815,0.0,0.0,277855.719614815,0.0,0.0,277859.959334385,0.0,0.0,0.0,277859.959334385,0.0,277859.959334385,277855.719614815,0.0,0.0,0.0,277859.959334385,0.0
277859.959334385,0.0,0.0,277855.719614815,277855.719614815,0.0,0.0,0.0,0.0,277859.959334385,0.0,0.0,0.0,0.0,277859.959334385,277855.719614815,277859.959334385,277859.959334385,0.0,277859.959334385,277859.959334385,0.0,277859.959334385,277855.719614815,0.0,0.0,277859.959334385,277855.719614815,277859.959334385,277859.959334385,277855.719614815,277855.719614815,277859.959334385,0.0,277859.959334385,277859.959334385,0.0,0.0,0.0,0.0,0.0,277859.959334385,277855.719614815,0.0,0.0,277859.959334385,277855.719614815,277859.959334385,0.0,0.0,0.0,0.0,277859.959334385,0.0,0.0,0.0,277855.719614815,277855.719614815,0.0,0.0,277851.4799963393,277859.959334385,0.0,277855.719614815,277855.719614815,277859.959334385,277834.52253347175,277838.7617475241,277851.4799963393,277834.52253347175,277851.4799963393,277843.00106268923,277834.52253347175,277855.719614815,277838.7617475241,277830.2834205368,277830.2834205368,277830.2834205368,277843.00106268923,277834.52253347175,277847.2404789625,277817.5666884829,277821.80549803784,277847.2404789625,277855.719614815,277813.3279800639,277838.7617475241,277826.04440872394,277855.719614815,277843.00106268923,277843.00106268923,277817.5666884829,277830.2834205368,277796.3741578399,277847.2404789625,277834.52253347175,277830.2834205368,277817.5666884829,277826.04440872394,277834.52253347175,277826.04440872394,277834.52253347175,277838.7617475241,277843.00106268923,277821.80549803784,277834.52253347175,277830.2834205368,277834.52253347175,277826.04440872394,277834.52253347175,277830.2834205368,277817.5666884829,277838.7617475241,277847.2404789625,277834.52253347175,277813.3279800639,277826.04440872394,277821.80549803784,277830.2834205368,277838.7617475241,277826.04440872394,277851.4799963393,277838.7617475241,277826.04440872394,277834.52253347175,277830.2834205368,277813.3279800639,277843.00106268923,277826.04440872394,277843.00106268923,277851.4799963393,277859.959334385,277834.52253347175,277826.04440872394,277834.52253347175,277826.04440872394,277838.7617475241,277834.52253347175,277826.04440872394,277792.1359551701,277796.3741578399,277813.3279800639,277834.52253347175,277817.5666884829,277843.00106268923,277830.2834205368,277826.04440872394,277830.2834205368,277826.04440872394,277826.04440872394,277834.52253347175,277826.04440872394,277821.80549803784,277838.7617475241,277843.00106268923,277826.04440872394,277843.00106268923,277834.52253347175,277821.80549803784,277813.3279800639,277834.52253347175,277821.80549803784,277813.3279800639,277838.7617475241,277830.2834205368,277834.52253347175,277830.2834205368,277826.04440872394,277847.2404789625,277826.04440872394,277826.04440872394,277851.4799963393,277826.04440872394,277843.00106268923,277847.2404789625,277826.04440872394,277834.52253347175,277859.959334385,277813.3279800639,277834.52253347175,277792.1359551701,277838.7617475241,277838.7617475241,277834.52253347175,277826.04440872394,277843.00106268923,277834.52253347175,277851.4799963393,277834.52253347175,277826.04440872394,277830.2834205368,277826.04440872394,277834.52253347175,277838.7617475241,277847.2404789625,277838.7617475241,277851.4799963393,277855.719614815,0.0,277855.719614815,277851.4799963393,277847.2404789625,277859.959334385,277855.719614815,277851.4799963393,277859.959334385,277851.4799963393,277859.959334385,0.0,277859.959334385,277859.959334385,277855.719614815,277859.959334385,277855.719614815,277859.959334385,277859.959334385,0.0,277851.4799963393,277855.719614815,0.0,0.0,277855.719614815,277859.959334385,277851.4799963393,277859.959334385,0.0,0.0,277859.959334385,0.0,277859.959334385,277851.4799963393,277855.719614815,277859.959334385,0.0,277855.719614815,277859.959334385,277855.719614815,277855.719614815,277859.959334385,277859.959334385,277855.719614815,0.0,277859.959334385,277855.719614815,0.0,277859.959334385,277859.959334385,0.0,0.0,277855.719614815,277859.959334385,277859.959334385,277859.959334385,277855.719614815,277851.4799963393,277847.2404789625
277859.959334385,0.0,277859.959334385,277859.959334385,277859.959334385,0.0,0.0,277859.959334385,277859.959334385,277859.959334385,277855.719614815,0.0,277855.719614815,277859.959334385,277859.959334385,0.0,0.0,0.0,0.0,0.0,277855.719614815,0.0,277855.719614815,277859.959334385,0.0,277859.959334385,277859.959334385,0.0,0.0,277859.959334385,0.0,277859.959334385,0.0,277859.959334385,277859.959334385,0.0,277855.719614815,277847.2404789625,277859.959334385,277859.959334385,277859.959334385,277859.959334385,277859.959334385,277855.719614815,277859.959334385,0.0,0.0,0.0,0.0,0.0,0.0,277859.959334385,0.0,277855.719614815,0.0,277855.719614815,0.0,0.0,277855.719614815,277851.4799963393,277851.4799963393,277859.959334385,277859.959334385,277859.959334385,277855.719614815,277826.04440872394,277826.04440872394,277851.4799963393,277843.00106268923,277843.00106268923,277843.00106268923,277830.2834205368,277834.52253347175,277847.2404789625,277813.3279800639,277826.04440872394,277817.5666884829,277843.00106268923,277834.52253347175,277834.52253347175,277843.00106268923,277834.52253347175,277855.719614815,277817.5666884829,277843.00106268923,277821.80549803784,277834.52253347175,277830.2834205368,277838.7617475241,277834.52253347175,277821.80549803784,277843.00106268923,277847.2404789625,277826.04440872394,277843.00106268923,277821.80549803784,277821.80549803784,277830.2834205368,277847.2404789625,277859.959334385,277834.52253347175,277851.4799963393,277847.2404789625,277838.7617475241,277843.00106268923,277843.00106268923,277817.5666884829,277826.04440872394,277813.3279800639,277843.00106268923,277855.719614815,277796.3741578399,277851.4799963393,277851.4799963393,277843.00106268923,277843.00106268923,277834.52253347175,277821.80549803784,277813.3279800639,277834.52253347175,277826.04440872394,277830.2834205368,277834.52253347175,277830.2834205368,277843.00106268923,277843.00106268923,277834.52253347175,277817.5666884829,277809.0893727855,277838.7617475241,277817.5666884829,277843.00106268923,277847.2404789625,277834.52253347175,277817.5666884829,277834.52253347175,277851.4799963393,277838.7617475241,277817.5666884829,277826.04440872394,277804.85086665227,277813.3279800639,277826.04440872394,277843.00106268923,277830.2834205368,277830.2834205368,277826.04440872394,277843.00106268923,277826.04440872394,277838.7617475241,277834.52253347175,277834.52253347175,277843.00106268923,277834.52253347175,277817.5666884829,277847.2404789625,277817.5666884829,277826.04440872394,277821.80549803784,277830.2834205368,277834.52253347175,277834.52253347175,277813.3279800639,277847.2404789625,277834.52253347175,277834.52253347175,277830.2834205368,277817.5666884829,277834.52253347175,277830.2834205368,277838.7617475241,277809.0893727855,277830.2834205368,277826.04440872394,277821.80549803784,277813.3279800639,277834.52253347175,277817.5666884829,277830.2834205368,277817.5666884829,277830.2834205368,277821.80549803784,277847.2404789625,277821.80549803784,277838.7617475241,277830.2834205368,277826.04440872394,277830.2834205368,277800.6124616689,277834.52253347175,277817.5666884829,277838.7617475241,277830.2834205368,277813.3279800639,277838.7617475241,277843.00106268923,277838.7617475241,0.0,277855.719614815,277859.959334385,277838.7617475241,277843.00106268923,277851.4799963393,277851.4799963393,277847.2404789625,0.0,0.0,277859.959334385,277851.4799963393,277859.959334385,277855.719614815,277859.959334385,0.0,277855.719614815,277859.959334385,277847.2404789625,277855.719614815,277859.959334385,277855.719614815,277859.959334385,277859.959334385,277855.719614815,277859.959334385,277843.00106268923,0.0,277859.959334385,0.0,0.0,0.0,277855.719614815,277855.719614815,277851.4799963393,277859.959334385,277851.4799963393,277855.719614815,277851.4799963393,277855.719614815,277859.959334385,0.0,277859.959334385,277859.959334385,0.0,277855.719614815,277859.959334385,0.0,0.0,0.0,0.0,277859.959334385,277859.959334385,277859.959334385,277859.959334385,0.0,277859.959334385,277859.959334385,277851.4799963393
0.0,0.0,277859.959334385,0.0,277859.959334385,0.0,277855.719614815,277855.719614815,277859.959334385,0.0,277855.719614815,0.0,0.0,0.0,277859.959334385,277859.959334385,0.0,0.0,0.0,0.0,277855.719614815,0.0,0.0,277855.719614815,277859.959334385,0.0,277859.959334385,277859.959334385,0.0,0.0,0.0,277855.719614815,0.0,277855.719614815,0.0,277855.719614815,0.0,277859.959334385,277859.959334385,0.0,277855.719614815,0.0,277859.959334385,0.0,0.0,0.0,277859.959334385,0.0,0.0,0.0,277847.2404789625,277859.959334385,277859.959334385,277855.719614815,0.0,277859.959334385,277859.959334385,277851.4799963393,277859.959334385,277851.4799963393,277855.719614815,277859.959334385,277859.959334385,277855.719614815,277855.719614815,277851.4799963393,277834.52253347175,277847.2404789625,277851.4799963393,277838.7617475241,277851.4799963393,277855.719614815,277838.7617475241,277843.00106268923,277843.00106268923,277838.7617475241,277796.3741578399,277821.80549803784,277830.2834205368,277843.00106268923,277855.719614815,277826.04440872394,277834.52253347175,277809.0893727855,277843.00106268923,277834.52253347175,277847.2404789625,277859.959334385,277851.4799963393,277817.5666884829,277851.4799963393,277838.7617475241,277826.04440872394,277826.04440872394,277847.2404789625,277843.00106268923,277843.00106268923,277847.2404789625,277838.7617475241,277834.52253347175,277843.00106268923,277830.2834205368,277838.7617475241,277838.7617475241,277830.2834205368,277834.52253347175,277834.52253347175,277851.4799963393,277821.80549803784,277826.04440872394,277804.85086665227,277834.52253347175,277817.5666884829,277834.52253347175,277851.4799963393,277838.7617475241,277838.7617475241,277813.3279800639,277834.52253347175,277847.2404789625,277843.00106268923,277851.4799963393,277843.00106268923,277843.00106268923,277830.2834205368,277855.719614815,277838.7617475241,277826.04440872394,277826.04440872394,277800.6124616689,277838.7617475241,277843.00106268923,277855.719614815,277830.2834205368,277843.00106268923,277826.04440872394,277847.2404789625,277817.5666884829,277855.719614815,277834.52253347175,277804.85086665227,277834.52253347175,277843.00106268923,277843.00106268923,277843.00106268923,277830.2834205368,277817.5666884829,277830.2834205368,277826.04440872394,277847.2404789625,277830.2834205368,277847.2404789625,277838.7617475241,277838.7617475241,277830.2834205368,277838.7617475241,277855.719614815,277830.2834205368,277830.2834205368,277826.04440872394,277843.00106268923,277851.4799963393,277830.2834205368,277821.80549803784,277838.7617475241,277813.3279800639,277830.2834205368,277830.2834205368,277838.7617475241,277830.2834205368,277834.52253347175,277834.52253347175,277838.7617475241,277826.04440872394,277817.5666884829,277838.7617475241,277847.2404789625,277838.7617475241,277843.00106268923,277830.2834205368,277830.2834205368,277809.0893727855,277830.2834205368,277843.00106268923,277826.04440872394,277821.80549803784,277834.52253347175,277834.52253347175,277838.7617475241,277826.04440872394,277843.00106268923,277813.3279800639,277817.5666884829,277826.04440872394,277843.00106268923,277855.719614815,277834.52253347175,277855.719614815,277851.4799963393,277847.2404789625,277826.04440872394,277851.4799963393,277859.959334385,277855.719614815,277847.2404789625,277855.719614815,277859.959334385,277855.719614815,277855.719614815,277859.959334385,277855.719614815,277859.959334385,277859.959334385,277859.959334385,277855.719614815,0.0,277851.4799963393,277855.719614815,0.0,277855.719614815,277859.959334385,0.0,277855.719614815,0.0,277851.4799963393,277859.959334385,277859.959334385,277855.719614815,277859.959334385,0.0,0.0,0.0,0.0,277859.959334385,277851.4799963393,277851.4799963393,277851.4799963393,277859.959334385,0.0,0.0,277859.959334385,277859.959334385,0.0,0.0,0.0,277859.959334385,277859.959334385,277855.719614815,0.0,0.0,277859.959334385,277851.4799963393,0.0,0.0,0.0,0.0
0.0,277859.959334385,277859.959334385,277855.719614815,277859.959334385,277855.719614815,277859.959334385,277859.959334385,0.0,0.0,0.0,0.0,277859.959334385,277859.959334385,0.0,277859.959334385,277859.959334385,0.0,0.0,0.0,0.0,0.0,277859.959334385,277859.959334385,277859.959334385,0.0,0.0,0.0,277859.959334385,0.0,277859.959334385,0.0,0.0,277859.959334385,0.0,277859.959334385,277855.719614815,0.0,0.0,277851.4799963393,0.0,0.0,277855.719614815,277859.959334385,0.0,0.0,0.0,277859.959334385,0.0,277859.959334385,277859.959334385,277859.959334385,0.0,277859.959334385,0.0,277855.719614815,277859.959334385,277859.959334385,277855.719614815,0.0,277855.719614815,277859.959334385,277859.959334385,0.0,277851.4799963393,277851.4799963393,277859.959334385,277843.00106268923,277838.7617475241,277851.4799963393,277847.2404789625,277834.52253347175,277851.4799963393,277855.719614815,277826.04440872394,277847.2404789625,277813.3279800639,277830.2834205368,277830.2834205368,277838.7617475241,277847.2404789625,277838.7617475241,277830.2834205368,277847.2404789625,277838.7617475241,277813.3279800639,277838.7617475241,277843.00106268923,277830.2834205368,277838.7617475241,277830.2834205368,277834.52253347175,277834.52253347175,277830.2834205368,277817.5666884829,277838.7617475241,277830.2834205368,277830.2834205368,277838.7617475241,277838.7617475241,277813.3279800639,277830.2834205368,277834.52253347175,277851.4799963393,277855.719614815,277830.2834205368,277838.7617475241,277838.7617475241,277834.52253347175,277847.2404789625,277843.00106268923,277813.3279800639,277826.04440872394,277834.52253347175,277843.00106268923,277821.80549803784,277817.5666884829,277843.00106268923,277838.7617475241,277843.00106268923,277843.00106268923,277834.52253347175,277838.7617475241,277817.5666884829,277838.7617475241,277821.80549803784,277809.0893727855,277826.04440872394,277830.2834205368,277826.04440872394,277834.52253347175,277843.00106268923,277821.80549803784,277838.7617475241,277843.00106268923,277838.7617475241,277834.52253347175,277847.2404789625,277838.7617475241,277830.2834205368,277826.04440872394,277834.52253347175,277855.719614815,277826.04440872394,277838.7617475241,277851.4799963393,277830.2834205368,277847.2404789625,277834.52253347175,277809.0893727855,277838.7617475241,277847.2404789625,277851.4799963393,277834.52253347175,277847.2404789625,277851.4799963393,277838.7617475241,277847.2404789625,277830.2834205368,277838.7617475241,277843.00106268923,277826.04440872394,277847.2404789625,277817.5666884829,277813.3279800639,277826.04440872394,277821.80549803784,277843.00106268923,277813.3279800639,277826.04440872394,277817.5666884829,277826.04440872394,277821.80549803784,277838.7617475241,277830.2834205368,277847.2404789625,277826.04440872394,277834.52253347175,277843.00106268923,277804.85086665227,277838.7617475241,277847.2404789625,277838.7617475241,277838.7617475241,277834.52253347175,277843.00106268923,277843.00106268923,277838.7617475241,277826.04440872394,277826.04440872394,277843.00106268923,277847.2404789625,277855.719614815,277847.2404789625,277847.2404789625,277847.2404789625,277838.7617475241,277847.2404789625,277851.4799963393,277855.719614815,277851.4799963393,0.0,277851.4799963393,277855.719614815,277855.719614815,277855.719614815,277859.959334385,0.0,0.0,277847.2404789625,277859.959334385,0.0,277851.4799963393,277859.959334385,277859.959334385,0.0,277855.719614815,277855.719614815,277855.719614815,277859.959334385,277859.959334385,277859.959334385,277855.719614815,277855.719614815,277855.719614815,277855.719614815,277859.959334385,0.0,277855.719614815,277855.719614815,0.0,277855.719614815,277859.959334385,0.0,277859.959334385,277859.959334385,277859.959334385,0.0,0.0,277859.959334385,0.0,0.0,0.0,277859.959334385,277859.959334385,0.0,277859.959334385,277859.959334385,0.0,0.0,277855.719614815,0.0,0.0,0.0,0.0,277855.719614815
0.0,277859.959334385,277859.959334385,0.0,277859.959334385,0.0,277851.4799963393,0.0,277859.959334385,277859.959334385,277855.719614815,277855.719614815,277851.4799963393,0.0,0.0,277859.959334385,277859.959334385,0.0,277859.959334385,277851.4799963393,277859.959334385,277859.959334385,277855.719614815,277859.959334385,277859.959334385,277859.959334385,277855.719614815,277859.959334385,0.0,277855.719614815,277859.959334385,0.0,277859.959334385,0.0,0.0,0.0,277859.959334385,0.0,0.0,277859.959334385,277855.719614815,277859.959334385,277859.959334385,0.0,0.0,0.0,0.0,277851.4799963393,277851.4799963393,277859.959334385,0.0,277855.719614815,277859.959334385,277859.959334385,0.0,277859.959334385,277859.959334385,0.0,277859.959334385,0.0,277859.959334385,0.0,0.0,0.0,277859.959334385,277851.4799963393,277847.2404789625,277855.719614815,277847.2404789625,277851.4799963393,277851.4799963393,277830.2834205368,277847.2404789625,277843.00106268923,277830.2834205368,277847.2404789625,277851.4799963393,277830.2834205368,277838.7617475241,277834.52253347175,277830.2834205368,277838.7617475241,277834.52253347175,277847.2404789625,277855.719614815,277834.52253347175,277830.2834205368,277838.7617475241,277847.2404789625,277821.80549803784,277838.7617475241,277834.52253347175,277813.3279800639,277843.00106268923,277843.00106268923,277830.2834205368,277838.7617475241,277834.52253347175,277834.52253347175,277834.52253347175,277834.52253347175,277838.7617475241,277843.00106268923,277851.4799963393,277817.5666884829,277847.2404789625,277843.00106268923,277838.7617475241,277851.4799963393,277821.80549803784,277826.04440872394,277847.2404789625,277826.04440872394,277821.80549803784,277838.7617475241,277834.52253347175,277830.2834205368,277838.7617475241,277821.80549803784,277821.80549803784,277843.00106268923,277834.52253347175,277851.4799963393,277830.2834205368,277855.719614815,277851.4799963393,277855.719614815,277843.00106268923,277847.2404789625,277826.04440872394,277826.04440872394,277847.2404789625,277826.04440872394,277826.04440872394,277834.52253347175,277843.00106268923,277834.52253347175,277843.00106268923,277834.52253347175,277847.2404789625,277830.2834205368,277859.959334385,277834.52253347175,277817.5666884829,277851.4799963393,277821.80549803784,277813.3279800639,277834.52253347175,277826.04440872394,277830.2834205368,277843.00106268923,277821.80549803784,277834.52253347175,277830.2834205368,277830.2834205368,277843.00106268923,277847.2404789625,277838.7617475241,277821.80549803784,277826.04440872394,277821.80549803784,277830.2834205368,277809.0893727855,277821.80549803784,277834.52253347175,277838.7617475241,277843.00106268923,277830.2834205368,277830.2834205368,277847.2404789625,277834.52253347175,277830.2834205368,277830.2834205368,277830.2834205368,277834.52253347175,277855.719614815,277851.4799963393,277826.04440872394,277826.04440872394,277826.04440872394,277817.5666884829,277817.5666884829,277826.04440872394,277834.52253347175,277830.2834205368,277859.959334385,277830.2834205368,277830.2834205368,277851.4799963393,277796.3741578399,277821.80549803784,277826.04440872394,277830.2834205368,277821.80549803784,277843.00106268923,277855.719614815,277855.719614815,277847.2404789625,277851.4799963393,277851.4799963393,277855.719614815,277851.4799963393,277851.4799963393,277859.959334385,277859.959334385,0.0,277859.959334385,277859.959334385,277859.959334385,277859.959334385,277859.959334385,0.0,0.0,0.0,277855.719614815,277855.719614815,277859.959334385,277843.00106268923,277851.4799963393,277855.719614815,277859.959334385,277859.959334385,0.0,277855.719614815,277855.719614815,277843.00106268923,0.0,277859.959334385,277859.959334385,277859.959334385,277855.719614815,0.0,277859.959334385,277859.959334385,277855.719614815,277859.959334385,277859.959334385,0.0,0.0,277859.959334385,277855.719614815,277859.959334385,277859.959334385,0.0,277855.719614815,0.0,0.0,277859.959334385,277859.959334385,277855.719614815,0.0,277859.959334385,277859.959334385,0.0,277859.959334385,0.0
277855.719614815,277855.719614815,0.0,0.0,0.0,0.0,0.0,0.0,0.0,277859.959334385,0.0,0.0,0.0,0.0,277859.959334385,0.0,277851.4799963393,277855.719614815,277859.959334385,0.0,0.0,277859.959334385,0.0,0.0,0.0,277859.959334385,277859.959334385,0.0,0.0,277859.959334385,277847.2404789625,0.0,0.0,277859.959334385,277859.959334385,0.0,277859.959334385,0.0,277859.959334385,277855.719614815,277859.959334385,0.0,277859.959334385,0.0,277851.4799963393,277859.959334385,0.0,0.0,0.0,0.0,277859.959334385,0.0,0.0,0.0,277859.959334385,0.0,277859.959334385,277859.959334385,277855.719614815,277859.959334385,277855.719614815,277859.959334385,277855.719614815,277859.959334385,277859.959334385,277859.959334385,277847.2404789625,277847.2404789625,277847.2404789625,277843.00106268923,277847.2404789625,277843.00106268923,277855.719614815,277838.7617475241,277830.2834205368,277847.2404789625,277851.4799963393,277826.04440872394,277847.2404789625,277834.52253347175,277834.52253347175,277834.52253347175,277834.52253347175,277843.00106268923,277834.52253347175,277821.80549803784,277830.2834205368,277834.52253347175,277834.52253347175,277830.2834205368,277838.7617475241,277843.00106268923,277834.52253347175,277830.2834205368,277817.5666884829,277851.4799963393,277851.4799963393,277830.2834205368,277817.5666884829,277843.00106268923,277838.7617475241,277834.52253347175,277838.7617475241,277817.5666884829,277855.719614815,277830.2834205368,277830.2834205368,277851.4799963393,277817.5666884829,277830.2834205368,277809.0893727855,277838.7617475241,277838.7617475241,277851.4799963393,277813.3279800639,277830.2834205368,277830.2834205368,277821.80549803784,277838.7617475241,277847.2404789625,277796.3741578399,277830.2834205368,277830.2834205368,277843.00106268923,277843.00106268923,277851.4799963393,277830.2834205368,277847.2404789625,277847.2404789625,277821.80549803784,277830.2834205368,277847.2404789625,277817.5666884829,277847.2404789625,277826.04440872394,277821.80549803784,277826.04440872394,277830.2834205368,277834.52253347175,277834.52253347175,277859.959334385,277851.4799963393,277847.2404789625,277838.7617475241,277830.2834205368,277830.2834205368,277826.04440872394,277843.00106268923,277821.80549803784,277813.3279800639,277821.80549803784,277851.4799963393,277830.2834205368,277847.2404789625,277817.5666884829,277821.80549803784,277821.80549803784,277830.2834205368,277838.7617475241,277834.52253347175,277847.2404789625,277826.04440872394,277830.2834205368,277830.2834205368,277821.80549803784,277830.2834205368,277830.2834205368,277843.00106268923,277843.00106268923,277826.04440872394,277838.7617475241,277813.3279800639,277838.7617475241,277830.2834205368,277826.04440872394,277826.04440872394,277821.80549803784,277843.00106268923,277834.52253347175,277834.52253347175,277826.04440872394,277792.1359551701,277843.00106268923,277821.80549803784,277834.52253347175,277821.80549803784,277851.4799963393,277843.00106268923,277821.80549803784,277826.04440872394,277847.2404789625,277838.7617475241,277813.3279800639,277830.2834205368,277838.7617475241,277838.7617475241,277847.2404789625,277851.4799963393,277859.959334385,277859.959334385,277855.719614815,277855.719614815,277855.719614815,277855.719614815,277859.959334385,0.0,0.0,0.0,277855.719614815,277859.959334385,277859.959334385,0.0,277855.719614815,277855.719614815,277855.719614815,277855.719614815,277859.959334385,0.0,277859.959334385,277859.959334385,277855.719614815,277855.719614815,277859.959334385,0.0,0.0,277838.7617475241,277847.2404789625,277855.719614815,277859.959334385,0.0,277855.719614815,277851.4799963393,0.0,277859.959334385,277859.959334385,277851.4799963393,0.0,277859.959334385,0.0,0.0,0.0,277855.719614815,277859.959334385,277859.959334385,0.0,0.0,277855.719614815,0.0,0.0,0.0,0.0,0.0,277859.959334385,277859.959334385,277859.959334385,277843.00106268923
0.0,0.0,0.0,0.0,0.0,277859.959334385,0.0,0.0,0.0,0.0,277855.719614815,277859.959334385,0.0,277855.719614815,0.0,0.0,0.0,0.0,277859.959334385,0.0,277859.959334385,277859.959334385,0.0,0.0,0.0,0.0,277859.959334385,0.0,0.0,277859.959334385,277855.719614815,277855.719614815,277859.959334385,0.0,0.0,277859.959334385,0.0,0.0,277859.959334385,0.0,0.0,0.0,0.0,277859.959334385,277859.959334385,277859.959334385,0.0,0.0,277855.719614815,0.0,277859.959334385,0.0,277859.959334385,0.0,277859.959334385,0.0,277859.959334385,0.0,277855.719614815,0.0,277859.959334385,0.0,0.0,277847.2404789625,277859.959334385,277859.959334385,277851.4799963393,277855.719614815,277847.2404789625,277847.2404789625,277847.2404789625,277843.00106268923,277843.00106268923,277851.4799963393,277847.2404789625,277847.2404789625,277843.00106268923,277847.2404789625,277834.52253347175,277826.04440872394,277843.00106268923,277843.00106268923,277813.3279800639,277847.2404789625,277817.5666884829,277847.2404789625,277834.52253347175,277851.4799963393,277830.2834205368,277834.52253347175,277830.2834205368,277851.4799963393,277817.5666884829,277821.80549803784,277821.80549803784,277838.7617475241,277855.719614815,277838.7617475241,277834.52253347175,277838.7617475241,277826.04440872394,277834.52253347175,277843.00106268923,277838.7617475241,277843.00106268923,277834.52253347175,277838.7617475241,277834.52253347175,277834.52253347175,277826.04440872394,277817.5666884829,277834.52253347175,277826.04440872394,277796.3741578399,277813.3279800639,277826.04440872394,277855.719614815,277838.7617475241,277838.7617475241,277843.00106268923,277847.2404789625,277821.80549803784,277838.7617475241,277847.2404789625,277851.4799963393,277843.00106268923,277847.2404789625,277821.80549803784,277830.2834205368,277851.4799963393,277847.2404789625,277851.4799963393,277847.2404789625,277851.4799963393,277838.7617475241,277859.959334385,277851.4799963393,277843.00106268923,277843.00106268923,277838.7617475241,277855.719614815,277843.00106268923,277855.719614815,277826.04440872394,277817.5666884829,277813.3279800639,277817.5666884829,277838.7617475241,277830.2834205368,277843.00106268923,0.0,277834.52253347175,277838.7617475241,277847.2404789625,277838.7617475241,277830.2834205368,277834.52253347175,277834.52253347175,277821.80549803784,277834.52253347175,277834.52253347175,277821.80549803784,277834.52253347175,277826.04440872394,277838.7617475241,277821.80549803784,277851.4799963393,277830.2834205368,277834.52253347175,277826.04440872394,277821.80549803784,277826.04440872394,277847.2404789625,277813.3279800639,277809.0893727855,277804.85086665227,277817.5666884829,277851.4799963393,277838.7617475241,277817.5666884829,277847.2404789625,277809.0893727855,277809.0893727855,277826.04440872394,277821.80549803784,277830.2834205368,277843.00106268923,277834.52253347175,277834.52253347175,277821.80549803784,277821.80549803784,277834.52253347175,277838.7617475241,277817.5666884829,277847.2404789625,277821.80549803784,277830.2834205368,277847.2404789625,277851.4799963393,277843.00106268923,277847.2404789625,277859.959334385,277851.4799963393,277847.2404789625,277847.2404789625,277859.959334385,277855.719614815,277843.00106268923,277855.719614815,277859.959334385,0.0,0.0,0.0,0.0,277855.719614815,0.0,277855.719614815,277859.959334385,0.0,0.0,277859.959334385,0.0,277859.959334385,277859.959334385,277851.4799963393,277855.719614815,277859.959334385,0.0,277855.719614815,0.0,0.0,277859.959334385,277847.2404789625,277859.959334385,0.0,277859.959334385,0.0,0.0,0.0,0.0,0.0,0.0,0.0,0.0,277859.959334385,0.0,277859.959334385,277859.959334385,277855.719614815,277855.719614815,277855.719614815,277859.959334385,277859.959334385,277855.719614815,277859.959334385,277855.719614815
277859.959334385,0.0,0.0,277855.719614815,0.0,0.0,277855.719614815,277859.959334385,0.0,277859.959334385,277855.719614815,0.0,0.0,0.0,0.0,0.0,0.0,277851.4799963393,277851.4799963393,0.0,277859.959334385,0.0,0.0,277855.719614815,277855.719614815,0.0,277859.959334385,277859.959334385,277859.959334385,277855.719614815,277859.959334385,0.0,277859.959334385,277855.719614815,0.0,0.0,0.0,277859.959334385,0.0,0.0,0.0,0.0,0.0,0.0,0.0,0.0,0.0,0.0,0.0,277851.4799963393,277859.959334385,0.0,0.0,277855.719614815,0.0,277859.959334385,277855.719614815,0.0,0.0,277855.719614815,277859.959334385,277859.959334385,277859.959334385,277859.959334385,0.0,277851.4799963393,277859.959334385,277851.4799963393,277851.4799963393,277843.00106268923,277847.2404789625,277851.4799963393,277843.00106268923,277843.00106268923,277847.2404789625,277847.2404789625,277851.4799963393,277843.00106268923,277817.5666884829,277847.2404789625,277843.00106268923,277817.5666884829,277838.7617475241,277838.7617475241,277838.7617475241,277830.2834205368,277847.2404789625,277855.719614815,277821.80549803784,277830.2834205368,277817.5666884829,277834.52253347175,277834.52253347175,277826.04440872394,277830.2834205368,277838.7617475241,277826.04440872394,277859.959334385,277821.80549803784,277843.00106268923,277847.2404789625,277838.7617475241,277821.80549803784,277838.7617475241,277834.52253347175,277847.2404789625,277847.2404789625,277855.719614815,277826.04440872394,277834.52253347175,277847.2404789625,277834.52253347175,277834.52253347175,277838.7617475241,277830.2834205368,277830.2834205368,277817.5666884829,277834.52253347175,277834.52253347175,277809.0893727855,277826.04440872394,277843.00106268923,277843.00106268923,277851.4799963393,277838.7617475241,277855.719614815,277834.52253347175,277826.04440872394,277838.7617475241,277851.4799963393,277847.2404789625,277830.2834205368,277826.04440872394,277847.2404789625,277830.2834205368,277838.7617475241,277838.7617475241,277826.04440872394,277830.2834205368,277847.2404789625,277838.7617475241,277830.2834205368,277843.00106268923,277826.04440872394,277804.85086665227,277847.2404789625,277838.7617475241,277821.80549803784,277830.2834205368,277830.2834205368,277830.2834205368,277813.3279800639,277843.00106268923,277834.52253347175,277843.00106268923,277826.04440872394,277830.2834205368,277821.80549803784,277851.4799963393,277834.52253347175,277834.52253347175,277826.04440872394,277838.7617475241,277834.52253347175,277821.80549803784,277830.2834205368,277830.2834205368,277826.04440872394,277834.52253347175,277843.00106268923,277838.7617475241,277834.52253347175,277821.80549803784,277821.80549803784,277830.2834205368,277817.5666884829,277821.80549803784,277838.7617475241,277813.3279800639,277855.719614815,277843.00106268923,277830.2834205368,277834.52253347175,277830.2834205368,277838.7617475241,277834.52253347175,277834.52253347175,277843.00106268923,277830.2834205368,277830.2834205368,277830.2834205368,277834.52253347175,277834.52253347175,277813.3279800639,277826.04440872394,277817.5666884829,277847.2404789625,277851.4799963393,277859.959334385,277847.2404789625,277851.4799963393,277830.2834205368,0.0,277834.52253347175,277847.2404789625,0.0,0.0,277843.00106268923,277855.719614815,277851.4799963393,277859.959334385,277847.2404789625,277847.2404789625,277855.719614815,0.0,0.0,277843.00106268923,277859.959334385,0.0,277855.719614815,0.0,277859.959334385,277859.959334385,277851.4799963393,277859.959334385,277851.4799963393,277859.959334385,277851.4799963393,277859.959334385,277855.719614815,277859.959334385,277859.959334385,0.0,0.0,0.0,277859.959334385,277855.719614815,277851.4799963393,0.0,277847.2404789625,0.0,0.0,0.0,0.0,0.0,277859.959334385,277859.959334385,277859.959334385,0.0,277859.959334385,277859.959334385,277843.00106268923,277859.959334385,0.0,277851.4799963393,277855.719614815
0.0,277855.719614815,0.0,277859.959334385,0.0,0.0,277859.959334385,0.0,277859.959334385,0.0,277855.719614815,277859.959334385,0.0,277855.719614815,0.0,0.0,277859.959334385,0.0,0.0,277859.959334385,277859.959334385,277859.959334385,0.0,0.0,0.0,277855.719614815,0.0,0.0,0.0,0.0,277859.959334385,277859.959334385,0.0,277855.719614815,0.0,0.0,0.0,0.0,0.0,0.0,0.0,277859.959334385,0.0,277859.959334385,0.0,0.0,277847.2404789625,0.0,0.0,0.0,277859.959334385,277859.959334385,0.0,0.0,0.0,277859.959334385,0.0,277855.719614815,277859.959334385,277859.959334385,277855.719614815,0.0,277851.4799963393,277847.2404789625,0.0,277859.959334385,277851.4799963393,277851.4799963393,277851.4799963393,277847.2404789625,277830.2834205368,277834.52253347175,277851.4799963393,277838.7617475241,277804.85086665227,277830.2834205368,277843.00106268923,277830.2834205368,277851.4799963393,277838.7617475241,277843.00106268923,277838.7617475241,277838.7617475241,277809.0893727855,277830.2834205368,277834.52253347175,277826.04440872394,277843.00106268923,277855.719614815,277813.3279800639,277826.04440872394,277826.04440872394,277834.52253347175,277830.2834205368,277843.00106268923,277838.7617475241,277826.04440872394,277838.7617475241,277851.4799963393,277813.3279800639,277859.959334385,277817.5666884829,277838.7617475241,277826.04440872394,277830.2834205368,277838.7617475241,277834.52253347175,277838.7617475241,277821.80549803784,277838.7617475241,277826.04440872394,277826.04440872394,277826.04440872394,277838.7617475241,277830.2834205368,277847.2404789625,277830.2834205368,277843.00106268923,277821.80549803784,277847.2404789625,277843.00106268923,277851.4799963393,277834.52253347175,277847.2404789625,277859.959334385,277843.00106268923,277826.04440872394,277838.7617475241,277838.7617475241,277830.2834205368,277826.04440872394,277843.00106268923,277855.719614815,277826.04440872394,277847.2404789625,277838.7617475241,277838.7617475241,277838.7617475241,277834.52253347175,277851.4799963393,277843.00106268923,277851.4799963393,277826.04440872394,277834.52253347175,277830.2834205368,277834.52253347175,277843.00106268923,277830.2834205368,277817.5666884829,277838.7617475241,277826.04440872394,277838.7617475241,277826.04440872394,277826.04440872394,277838.7617475241,277847.2404789625,277830.2834205368,277826.04440872394,277838.7617475241,277834.52253347175,277838.7617475241,277838.7617475241,277821.80549803784,277834.52253347175,277838.7617475241,277826.04440872394,277813.3279800639,277826.04440872394,277813.3279800639,277830.2834205368,277838.7617475241,277834.52253347175,277851.4799963393,277826.04440872394,277843.00106268923,277830.2834205368,277847.2404789625,277847.2404789625,277800.6124616689,277838.7617475241,277826.04440872394,277821.80549803784,277847.2404789625,277851.4799963393,277834.52253347175,277830.2834205368,277817.5666884829,277809.0893727855,277830.2834205368,277834.52253347175,277821.80549803784,277817.5666884829,277838.7617475241,277826.04440872394,277826.04440872394,277830.2834205368,277830.2834205368,277843.00106268923,277855.719614815,277830.2834205368,277859.959334385,277834.52253347175,277851.4799963393,277855.719614815,277851.4799963393,277859.959334385,277859.959334385,0.0,277855.719614815,277859.959334385,277855.719614815,277855.719614815,277859.959334385,277847.2404789625,0.0,277859.959334385,0.0,0.0,277855.719614815,0.0,277859.959334385,0.0,277855.719614815,277851.4799963393,277859.959334385,0.0,277855.719614815,277847.2404789625,0.0,277859.959334385,0.0,277843.00106268923,0.0,277859.959334385,277855.719614815,0.0,277859.959334385,0.0,0.0,0.0,0.0,0.0,277859.959334385,0.0,277855.719614815,0.0,277855.719614815,277859.959334385,277851.4799963393,0.0,0.0,277851.4799963393,277851.4799963393,277851.4799963393,277847.2404789625,277843.00106268923
0.0,0.0,277859.959334385,277851.4799963393,0.0,277855.719614815,0.0,0.0,277851.4799963393,0.0,0.0,277859.959334385,0.0,277855.719614815,277855.719614815,0.0,0.0,0.0,0.0,0.0,0.0,277859.959334385,0.0,0.0,277859.959334385,277859.959334385,0.0,0.0,0.0,0.0,0.0,0.0,0.0,277859.959334385,277859.959334385,277859.959334385,0.0,0.0,0.0,277859.959334385,277859.959334385,277859.959334385,0.0,0.0,277859.959334385,277859.959334385,277859.959334385,0.0,277855.719614815,277859.959334385,277855.719614815,277847.2404789625,0.0,277859.959334385,0.0,277855.719614815,277859.959334385,0.0,277859.959334385,277859.959334385,277855.719614815,277855.719614815,0.0,277859.959334385,0.0,277859.959334385,277851.4799963393,277834.52253347175,277851.4799963393,277838.7617475241,277847.2404789625,277830.2834205368,277847.2404789625,277847.2404789625,277826.04440872394,277838.7617475241,277838.7617475241,277855.719614815,277830.2834205368,277821.80549803784,277847.2404789625,277838.7617475241,277830.2834205368,277817.5666884829,277830.2834205368,277830.2834205368,277834.52253347175,277817.5666884829,277838.7617475241,277813.3279800639,277843.00106268923,277843.00106268923,277843.00106268923,277826.04440872394,277847.2404789625,277843.00106268923,277847.2404789625,277838.7617475241,277804.85086665227,277847.2404789625,277838.7617475241,277847.2404789625,277855.719614815,277851.4799963393,277843.00106268923,277834.52253347175,277834.52253347175,277830.2834205368,277834.52253347175,277843.00106268923,277830.2834205368,277817.5666884829,277838.7617475241,277821.80549803784,277826.04440872394,277838.7617475241,277838.7617475241,277855.719614815,277826.04440872394,277826.04440872394,277847.2404789625,277847.2404789625,277843.00106268923,277847.2404789625,277830.2834205368,277834.52253347175,277813.3279800639,277826.04440872394,277855.719614815,277847.2404789625,277838.7617475241,277813.3279800639,277843.00106268923,277817.5666884829,277775.18415617413,277817.5666884829,277779.42195416125,277830.2834205368,277838.7617475241,277838.7617475241,277826.04440872394,277847.2404789625,277851.4799963393,277838.7617475241,277821.80549803784,277843.00106268923,277826.04440872394,277813.3279800639,277826.04440872394,277826.04440872394,277838.7617475241,277826.04440872394,277851.4799963393,277834.52253347175,277851.4799963393,277826.04440872394,277834.52253347175,277830.2834205368,277834.52253347175,277834.52253347175,277847.2404789625,277834.52253347175,277843.00106268923,277830.2834205368,277838.7617475241,277834.52253347175,277830.2834205368,277843.00106268923,277813.3279800639,277838.7617475241,277843.00106268923,277830.2834205368,277834.52253347175,277851.4799963393,277830.2834205368,277826.04440872394,277843.00106268923,277838.7617475241,277813.3279800639,277817.5666884829,277821.80549803784,277851.4799963393,277817.5666884829,277834.52253347175,277817.5666884829,277847.2404789625,277826.04440872394,277821.80549803784,277843.00106268923,277843.00106268923,277838.7617475241,277826.04440872394,277826.04440872394,277838.7617475241,277838.7617475241,277838.7617475241,277843.00106268923,277851.4799963393,277847.2404789625,277826.04440872394,277843.00106268923,277834.52253347175,277855.719614815,277847.2404789625,277851.4799963393,277843.00106268923,277855.719614815,277851.4799963393,277859.959334385,0.0,277847.2404789625,277855.719614815,0.0,277859.959334385,0.0,277859.959334385,0.0,277859.959334385,277851.4799963393,0.0,277847.2404789625,0.0,0.0,0.0,277859.959334385,277859.959334385,277851.4799963393,277855.719614815,277859.959334385,277859.959334385,277855.719614815,277851.4799963393,277859.959334385,277859.959334385,277859.959334385,277859.959334385,0.0,0.0,0.0,0.0,277855.719614815,0.0,0.0,277859.959334385,277855.719614815,0.0,277859.959334385,277851.4799963393,277843.00106268923,0.0,277851.4799963393,277855.719614815,277847.2404789625,277855.719614815,277847.2404789625,277859.959334385
277859.959334385,0.0,277847.2404789625,277859.959334385,0.0,0.0,277859.959334385,277859.959334385,0.0,0.0,277851.4799963393,0.0,277859.959334385,0.0,277859.959334385,277859.959334385,277855.719614815,277859.959334385,277851.4799963393,0.0,277859.959334385,0.0,0.0,277855.719614815,277859.959334385,0.0,0.0,277855.719614815,277859.959334385,277859.959334385,277859.959334385,0.0,0.0,277851.4799963393,277859.959334385,0.0,277855.719614815,277859.959334385,0.0,277859.959334385,0.0,0.0,0.0,277859.959334385,277855.719614815,0.0,0.0,0.0,277855.719614815,0.0,277855.719614815,0.0,0.0,0.0,277859.959334385,277859.959334385,277859.959334385,0.0,0.0,277859.959334385,277859.959334385,277859.959334385,0.0,277859.959334385,277859.959334385,277859.959334385,277851.4799963393,277855.719614815,277838.7617475241,277855.719614815,277817.5666884829,277834.52253347175,277830.2834205368,277851.4799963393,277826.04440872394,277834.52253347175,277834.52253347175,277826.04440872394,277838.7617475241,277834.52253347175,277826.04440872394,277843.00106268923,277826.04440872394,277830.2834205368,277843.00106268923,277834.52253347175,277834.52253347175,277847.2404789625,277838.7617475241,277843.00106268923,277838.7617475241,277843.00106268923,277834.52253347175,277851.4799963393,277830.2834205368,277826.04440872394,277830.2834205368,277834.52253347175,277843.00106268923,277838.7617475241,277834.52253347175,277855.719614815,277838.7617475241,277838.7617475241,277838.7617475241,277838.7617475241,277826.04440872394,277834.52253347175,277813.3279800639,277847.2404789625,277826.04440872394,277830.2834205368,277834.52253347175,277838.7617475241,277847.2404789625,277843.00106268923,277834.52253347175,277838.7617475241,277834.52253347175,277851.4799963393,277821.80549803784,277821.80549803784,277855.719614815,277826.04440872394,277847.2404789625,277855.719614815,277838.7617475241,277838.7617475241,277838.7617475241,277843.00106268923,277830.2834205368,277847.2404789625,277826.04440872394,277770.9464593691,277753.996684064,277779.42195416125,277792.1359551701,277838.7617475241,277838.7617475241,277838.7617475241,277847.2404789625,277817.5666884829,277830.2834205368,277796.3741578399,277834.52253347175,277826.04440872394,277851.4799963393,277821.80549803784,277843.00106268923,277834.52253347175,277834.52253347175,277843.00106268923,277838.7617475241,277821.80549803784,277826.04440872394,277817.5666884829,277838.7617475241,277834.52253347175,277830.2834205368,277838.7617475241,277843.00106268923,277830.2834205368,277843.00106268923,277838.7617475241,277813.3279800639,277826.04440872394,277830.2834205368,277826.04440872394,277834.52253347175,277821.80549803784,277813.3279800639,277834.52253347175,277817.5666884829,277843.00106268923,277834.52253347175,277838.7617475241,277838.7617475241,277817.5666884829,277859.959334385,277804.85086665227,277821.80549803784,277800.6124616689,277817.5666884829,277817.5666884829,277843.00106268923,277838.7617475241,277813.3279800639,277826.04440872394,277834.52253347175,277817.5666884829,277834.52253347175,277834.52253347175,277838.7617475241,277826.04440872394,277851.4799963393,277838.7617475241,277821.80549803784,277851.4799963393,277859.959334385,0.0,277826.04440872394,277843.00106268923,277859.959334385,277859.959334385,277847.2404789625,277851.4799963393,277855.719614815,277855.719614815,277855.719614815,0.0,277855.719614815,277859.959334385,277855.719614815,277855.719614815,0.0,277859.959334385,277859.959334385,0.0,277847.2404789625,277859.959334385,277859.959334385,277855.719614815,277859.959334385,277847.2404789625,277859.959334385,277855.719614815,0.0,277855.719614815,277859.959334385,277847.2404789625,277855.719614815,277855.719614815,0.0,277859.959334385,277859.959334385,0.0,0.0,277859.959334385,0.0,277859.959334385,0.0,0.0,0.0,277859.959334385,277859.959334385,277859.959334385,277855.719614815,0.0,277859.959334385,277859.959334385,277851.4799963393,277855.719614815,277855.719614815,277855.719614815,277851.4799963393,277855.719614815
0.0,0.0,0.0,0.0,0.0,0.0,0.0,0.0,277859.959334385,277859.959334385,277859.959334385,277855.719614815,277859.959334385,277851.4799963393,0.0,0.0,277855.719614815,0.0,277851.4799963393,0.0,0.0,0.0,0.0,0.0,277859.959334385,277855.719614815,0.0,0.0,277859.959334385,277855.719614815,0.0,277855.719614815,277859.959334385,277847.2404789625,0.0,0.0,0.0,0.0,0.0,0.0,0.0,277859.959334385,0.0,277859.959334385,0.0,277859.959334385,277859.959334385,277859.959334385,277859.959334385,277859.959334385,0.0,0.0,0.0,0.0,277855.719614815,277855.719614815,0.0,277859.959334385,277851.4799963393,0.0,277851.4799963393,0.0,277855.719614815,277855.719614815,277855.719614815,277855.719614815,277859.959334385,0.0,277855.719614815,277859.959334385,277847.2404789625,277851.4799963393,277851.4799963393,277855.719614815,277821.80549803784,277821.80549803784,277843.00106268923,277843.00106268923,277843.00106268923,277834.52253347175,277817.5666884829,277847.2404789625,277804.85086665227,277838.7617475241,277821.80549803784,277843.00106268923,277838.7617475241,277813.3279800639,277851.4799963393,277838.7617475241,277843.00106268923,277834.52253347175,277847.2404789625,277843.00106268923,277855.719614815,277847.2404789625,277838.7617475241,277847.2404789625,277838.7617475241,277834.52253347175,277830.2834205368,277843.00106268923,277834.52253347175,277821.80549803784,277855.719614815,277804.85086665227,277834.52253347175,277830.2834205368,277838.7617475241,277847.2404789625,277817.5666884829,277800.6124616689,277826.04440872394,277838.7617475241,277826.04440872394,277834.52253347175,277843.00106268923,277821.80549803784,277813.3279800639,277834.52253347175,277826.04440872394,277859.959334385,277838.7617475241,277847.2404789625,277838.7617475241,277847.2404789625,277838.7617475241,277843.00106268923,277843.00106268923,277843.00106268923,277834.52253347175,277843.00106268923,277838.7617475241,277770.9464593691,277711.62933082716,277711.62933082716,277779.42195416125,277817.5666884829,277821.80549803784,277834.52253347175,277843.00106268923,277838.7617475241,277817.5666884829,277817.5666884829,277817.5666884829,277821.80549803784,277821.80549803784,277843.00106268923,277817.5666884829,277834.52253347175,277830.2834205368,277834.52253347175,277834.52253347175,277838.7617475241,277834.52253347175,277834.52253347175,277838.7617475241,277834.52253347175,277855.719614815,277821.80549803784,277834.52253347175,277843.00106268923,277826.04440872394,277834.52253347175,277830.2834205368,277838.7617475241,277843.00106268923,277859.959334385,277826.04440872394,277813.3279800639,277809.0893727855,277826.04440872394,277813.3279800639,277830.2834205368,277834.52253347175,277830.2834205368,277830.2834205368,277821.80549803784,277809.0893727855,277821.80549803784,277821.80549803784,277817.5666884829,277821.80549803784,277834.52253347175,277830.2834205368,277834.52253347175,277826.04440872394,277843.00106268923,277826.04440872394,277821.80549803784,277834.52253347175,277821.80549803784,277817.5666884829,277821.80549803784,277813.3279800639,277834.52253347175,277834.52253347175,277847.2404789625,277843.00106268923,277859.959334385,277859.959334385,277859.959334385,277855.719614815,277851.4799963393,277847.2404789625,0.0,0.0,0.0,277855.719614815,0.0,0.0,277855.719614815,0.0,277851.4799963393,277859.959334385,277855.719614815,0.0,277859.959334385,277859.959334385,277859.959334385,277855.719614815,277859.959334385,0.0,277859.959334385,277859.959334385,277855.719614815,277851.4799963393,0.0,277859.959334385,277855.719614815,0.0,0.0,277855.719614815,277859.959334385,0.0,277859.959334385,0.0,277859.959334385,277859.959334385,277855.719614815,277859.959334385,277859.959334385,277859.959334385,0.0,0.0,277859.959334385,277851.4799963393,0.0,277859.959334385,0.0,277859.959334385,0.0,277859.959334385,277851.4799963393,277847.2404789625,277851.4799963393
0.0,277859.959334385,277855.719614815,0.0,0.0,0.0,277859.959334385,0.0,0.0,0.0,277859.959334385,0.0,0.0,0.0,277859.959334385,0.0,277851.4799963393,277859.959334385,0.0,0.0,277859.959334385,277859.959334385,277859.959334385,0.0,277859.959334385,277859.959334385,277859.959334385,277855.719614815,277859.959334385,277859.959334385,277859.959334385,0.0,277859.959334385,0.0,0.0,0.0,277847.2404789625,0.0,277859.959334385,0.0,0.0,0.0,0.0,277859.959334385,0.0,0.0,277859.959334385,277859.959334385,0.0,277855.719614815,277859.959334385,0.0,277859.959334385,0.0,277851.4799963393,277859.959334385,277855.719614815,277859.959334385,0.0,277859.959334385,277859.959334385,277855.719614815,277859.959334385,0.0,277855.719614815,277847.2404789625,277855.719614815,277855.719614815,277834.52253347175,277843.00106268923,277855.719614815,277813.3279800639,277851.4799963393,277847.2404789625,277817.5666884829,277843.00106268923,277855.719614815,277843.00106268923,277859.959334385,277847.2404789625,277809.0893727855,277830.2834205368,277826.04440872394,277821.80549803784,277847.2404789625,277838.7617475241,277847.2404789625,277838.7617475241,277830.2834205368,277826.04440872394,277847.2404789625,277847.2404789625,277834.52253347175,277830.2834205368,277830.2834205368,277821.80549803784,277851.4799963393,277847.2404789625,277830.2834205368,277834.52253347175,277838.7617475241,277826.04440872394,277834.52253347175,277830.2834205368,277838.7617475241,277826.04440872394,277830.2834205368,277826.04440872394,277830.2834205368,277830.2834205368,277826.04440872394,277843.00106268923,277843.00106268923,277826.04440872394,277847.2404789625,277838.7617475241,277843.00106268923,277830.2834205368,277838.7617475241,277834.52253347175,277826.04440872394,277838.7617475241,277830.2834205368,277834.52253347175,277855.719614815,277838.7617475241,277851.4799963393,277847.2404789625,277851.4799963393,277847.2404789625,277838.7617475241,277851.4799963393,277838.7617475241,277796.3741578399,277779.42195416125,277783.65985332616,277817.5666884829,277851.4799963393,277830.2834205368,277834.52253347175,277834.52253347175,277830.2834205368,277843.00106268923,277847.2404789625,277826.04440872394,277821.80549803784,277821.80549803784,277843.00106268923,277804.85086665227,277838.7617475241,277813.3279800639,277834.52253347175,277851.4799963393,277821.80549803784,277847.2404789625,277830.2834205368,277843.00106268923,277838.7617475241,277834.52253347175,277843.00106268923,277817.5666884829,277838.7617475241,277834.52253347175,277838.7617475241,277834.52253347175,277843.00106268923,277838.7617475241,277834.52253347175,277834.52253347175,277826.04440872394,277813.3279800639,277809.0893727855,277830.2834205368,277843.00106268923,277834.52253347175,277843.00106268923,277813.3279800639,277826.04440872394,277821.80549803784,277830.2834205368,277830.2834205368,277847.2404789625,277826.04440872394,277851.4799963393,277813.3279800639,277834.52253347175,277826.04440872394,277838.7617475241,277851.4799963393,277826.04440872394,277813.3279800639,277809.0893727855,277830.2834205368,277813.3279800639,277838.7617475241,277843.00106268923,277847.2404789625,277843.00106268923,277838.7617475241,277855.719614815,277859.959334385,277855.719614815,277847.2404789625,277851.4799963393,277855.719614815,277851.4799963393,0.0,277855.719614815,277855.719614815,277851.4799963393,277855.719614815,277859.959334385,277859.959334385,277859.959334385,277859.959334385,277855.719614815,277859.959334385,277855.719614815,0.0,277859.959334385,0.0,277859.959334385,0.0,277859.959334385,277851.4799963393,0.0,277855.719614815,0.0,277851.4799963393,277859.959334385,277859.959334385,0.0,0.0,0.0,277859.959334385,277859.959334385,0.0,277855.719614815,277859.959334385,277855.719614815,277859.959334385,277859.959334385,277859.959334385,277859.959334385,277855.719614815,277859.959334385,277859.959334385,277855.719614815,0.0,277859.959334385,277851.4799963393,0.0,277859.959334385,277851.4799963393,277851.4799963393,277855.719614815
277859.959334385,277859.959334385,0.0,277859.959334385,0.0,0.0,0.0,277859.959334385,0.0,277859.959334385,277859.959334385,0.0,0.0,277859.959334385,277859.959334385,277859.959334385,0.0,277859.959334385,277859.959334385,277859.959334385,0.0,277859.959334385,0.0,277859.959334385,0.0,277859.959334385,277855.719614815,277855.719614815,0.0,277859.959334385,0.0,277859.959334385,0.0,277859.959334385,0.0,277859.959334385,0.0,0.0,277859.959334385,0.0,0.0,277855.719614815,277859.959334385,0.0,0.0,277859.959334385,0.0,277855.719614815,277859.959334385,0.0,277859.959334385,0.0,277859.959334385,277859.959334385,0.0,0.0,277859.959334385,277859.959334385,277859.959334385,277855.719614815,277859.959334385,277855.719614815,0.0,277855.719614815,277859.959334385,277855.719614815,277855.719614815,0.0,277843.00106268923,277843.00106268923,277847.2404789625,277834.52253347175,277851.4799963393,277826.04440872394,277847.2404789625,277838.7617475241,277855.719614815,277847.2404789625,277847.2404789625,277830.2834205368,277855.719614815,277834.52253347175,277838.7617475241,277834.52253347175,277830.2834205368,277855.719614815,277834.52253347175,277843.00106268923,277834.52253347175,277838.7617475241,277830.2834205368,277834.52253347175,277834.52253347175,277813.3279800639,277834.52253347175,277834.52253347175,277847.2404789625,277843.00106268923,277851.4799963393,277830.2834205368,277838.7617475241,277847.2404789625,277826.04440872394,277838.7617475241,277838.7617475241,277809.0893727855,277834.52253347175,277838.7617475241,277834.52253347175,277851.4799963393,277826.04440872394,277838.7617475241,277809.0893727855,277838.7617475241,277804.85086665227,277843.00106268923,277834.52253347175,277843.00106268923,277821.80549803784,277826.04440872394,277838.7617475241,277851.4799963393,277830.2834205368,277830.2834205368,277813.3279800639,277843.00106268923,277855.719614815,277843.00106268923,277843.00106268923,277838.7617475241,277847.2404789625,277859.959334385,277813.3279800639,277830.2834205368,277821.80549803784,277826.04440872394,277821.80549803784,277838.7617475241,277838.7617475241,277826.04440872394,277834.52253347175,277826.04440872394,277843.00106268923,277838.7617475241,277830.2834205368,277859.959334385,277817.5666884829,277843.00106268923,277834.52253347175,277813.3279800639,277809.0893727855,277821.80549803784,277821.80549803784,277826.04440872394,277843.00106268923,277809.0893727855,277838.7617475241,277851.4799963393,277834.52253347175,277826.04440872394,277838.7617475241,277838.7617475241,277851.4799963393,277838.7617475241,277830.2834205368,277851.4799963393,277830.2834205368,277843.00106268923,277838.7617475241,277834.52253347175,277830.2834205368,277804.85086665227,277834.52253347175,277843.00106268923,277838.7617475241,277838.7617475241,277821.80549803784,277796.3741578399,277838.7617475241,277813.3279800639,277834.52253347175,277826.04440872394,277821.80549803784,277817.5666884829,277817.5666884829,277843.00106268923,277830.2834205368,277821.80549803784,277847.2404789625,277821.80549803784,277817.5666884829,277826.04440872394,277834.52253347175,277826.04440872394,277834.52253347175,277809.0893727855,277834.52253347175,277851.4799963393,0.0,277847.2404789625,277851.4799963393,277859.959334385,0.0,277859.959334385,277855.719614815,0.0,277851.4799963393,277859.959334385,277855.719614815,277847.2404789625,277851.4799963393,0.0,277851.4799963393,277855.719614815,277851.4799963393,277855.719614815,277859.959334385,277859.959334385,277851.4799963393,0.0,0.0,277859.959334385,277859.959334385,0.0,0.0,277855.719614815,277855.719614815,0.0,277859.959334385,0.0,277859.959334385,0.0,0.0,277859.959334385,277859.959334385,0.0,277855.719614815,277859.959334385,0.0,277855.719614815,277859.959334385,0.0,277851.4799963393,277859.959334385,277859.959334385,277859.959334385,277851.4799963393,277851.4799963393,277859.959334385,277847.2404789625,277859.959334385,0.0,277855.719614815,0.0,277838.7617475241,277851.4799963393
0.0,277859.959334385,277851.4799963393,0.0,277855.719614815,277859.959334385,0.0,277851.4799963393,277859.959334385,277859.959334385,0.0,277859.959334385,277855.719614815,277859.959334385,277859.959334385,0.0,0.0,0.0,0.0,0.0,277859.959334385,0.0,0.0,0.0,277859.959334385,277859.959334385,0.0,0.0,0.0,277859.959334385,0.0,277859.959334385,0.0,277859.959334385,0.0,0.0,0.0,0.0,0.0,0.0,0.0,277859.959334385,277859.959334385,277859.959334385,0.0,277859.959334385,0.0,0.0,0.0,0.0,277855.719614815,277855.719614815,277859.959334385,0.0,0.0,0.0,0.0,0.0,277855.719614815,277859.959334385,277855.719614815,277855.719614815,277851.4799963393,277859.959334385,277855.719614815,277859.959334385,277847.2404789625,0.0,0.0,277843.00106268923,277847.2404789625,277838.7617475241,277843.00106268923,277843.00106268923,277847.2404789625,277834.52253347175,277843.00106268923,277830.2834205368,277826.04440872394,277838.7617475241,277838.7617475241,277843.00106268923,0.0,277834.52253347175,277838.7617475241,277843.00106268923,277817.5666884829,277830.2834205368,277834.52253347175,277834.52253347175,277830.2834205368,277817.5666884829,277834.52253347175,277843.00106268923,277851.4799963393,277847.2404789625,277843.00106268923,277830.2834205368,277847.2404789625,277834.52253347175,277838.7617475241,277826.04440872394,277830.2834205368,277855.719614815,277838.7617475241,277817.5666884829,277838.7617475241,277826.04440872394,277834.52253347175,277821.80549803784,277817.5666884829,277851.4799963393,277830.2834205368,277838.7617475241,277830.2834205368,277847.2404789625,277838.7617475241,277843.00106268923,277834.52253347175,277830.2834205368,277826.04440872394,277843.00106268923,277838.7617475241,277813.3279800639,277847.2404789625,277826.04440872394,277847.2404789625,277834.52253347175,277838.7617475241,277847.2404789625,277843.00106268923,277855.719614815,277826.04440872394,277847.2404789625,277834.52253347175,277821.80549803784,277834.52253347175,277834.52253347175,277821.80549803784,277817.5666884829,277838.7617475241,277843.00106268923,277851.4799963393,277834.52253347175,277813.3279800639,0.0,277817.5666884829,277826.04440872394,277821.80549803784,277821.80549803784,277813.3279800639,277830.2834205368,277826.04440872394,277830.2834205368,277809.0893727855,277821.80549803784,277843.00106268923,277843.00106268923,277813.3279800639,277859.959334385,277826.04440872394,277834.52253347175,277821.80549803784,277843.00106268923,277826.04440872394,277855.719614815,277838.7617475241,277821.80549803784,277843.00106268923,277821.80549803784,277821.80549803784,277817.5666884829,277813.3279800639,277821.80549803784,277817.5666884829,277809.0893727855,277817.5666884829,277843.00106268923,277826.04440872394,277826.04440872394,277826.04440872394,277821.80549803784,277830.2834205368,277834.52253347175,277838.7617475241,277838.7617475241,277834.52253347175,277813.3279800639,277855.719614815,277830.2834205368,277830.2834205368,277834.52253347175,277826.04440872394,277843.00106268923,277813.3279800639,277859.959334385,277830.2834205368,277838.7617475241,277855.719614815,277855.719614815,277855.719614815,0.0,277859.959334385,277859.959334385,0.0,277851.4799963393,277859.959334385,277859.959334385,277859.959334385,277851.4799963393,277851.4799963393,277859.959334385,277859.959334385,0.0,0.0,0.0,277843.00106268923,277855.719614815,277859.959334385,0.0,277859.959334385,277859.959334385,277851.4799963393,0.0,277859.959334385,277859.959334385,277855.719614815,0.0,277855.719614815,277851.4799963393,0.0,277859.959334385,277855.719614815,277859.959334385,277855.719614815,0.0,277851.4799963393,0.0,277859.959334385,0.0,277859.959334385,0.0,277859.959334385,0.0,0.0,0.0,277851.4799963393,277859.959334385,277859.959334385,277855.719614815,0.0,277855.719614815,0.0,277859.959334385,0.0,277859.959334385
277859.959334385,0.0,277859.959334385,0.0,277855.719614815,277859.959334385,277855.719614815,277859.959334385,0.0,277859.959334385,277859.959334385,0.0,0.0,0.0,277855.719614815,0.0,277855.719614815,0.0,277859.959334385,0.0,277855.719614815,277855.719614815,0.0,277859.959334385,277859.959334385,277847.2404789625,277855.719614815,0.0,277859.959334385,277859.959334385,0.0,277859.959334385,0.0,0.0,277859.959334385,0.0,0.0,277855.719614815,0.0,0.0,0.0,277859.959334385,277859.959334385,0.0,0.0,277859.959334385,0.0,0.0,0.0,0.0,0.0,277851.4799963393,0.0,277859.959334385,277859.959334385,277859.959334385,277859.959334385,277859.959334385,0.0,0.0,0.0,277859.959334385,0.0,0.0,0.0,277859.959334385,0.0,277859.959334385,277847.2404789625,277838.7617475241,277851.4799963393,277851.4799963393,277843.00106268923,277859.959334385,277821.80549803784,277847.2404789625,277843.00106268923,277851.4799963393,277838.7617475241,277826.04440872394,277830.2834205368,277830.2834205368,277826.04440872394,277817.5666884829,277826.04440872394,277834.52253347175,277834.52253347175,277838.7617475241,277843.00106268923,277821.80549803784,277838.7617475241,277843.00106268923,277834.52253347175,277855.719614815,277843.00106268923,277830.2834205368,277834.52253347175,277838.7617475241,277834.52253347175,277838.7617475241,277838.7617475241,277843.00106268923,277834.52253347175,277843.00106268923,277843.00106268923,277843.00106268923,277843.00106268923,277838.7617475241,277843.00106268923,277830.2834205368,277843.00106268923,277851.4799963393,277851.4799963393,277834.52253347175,277830.2834205368,277830.2834205368,277813.3279800639,277847.2404789625,277847.2404789625,277834.52253347175,277826.04440872394,277830.2834205368,277838.7617475241,277855.719614815,277838.7617475241,277838.7617475241,277851.4799963393,277830.2834205368,277830.2834205368,277821.80549803784,277830.2834205368,277826.04440872394,277834.52253347175,277843.00106268923,277834.52253347175,277834.52253347175,277817.5666884829,277834.52253347175,277821.80549803784,277830.2834205368,277838.7617475241,277843.00106268923,277830.2834205368,277817.5666884829,277817.5666884829,277817.5666884829,277834.52253347175,277851.4799963393,277838.7617475241,277843.00106268923,277817.5666884829,277838.7617475241,277826.04440872394,277834.52253347175,277838.7617475241,277817.5666884829,277847.2404789625,277843.00106268923,277838.7617475241,277813.3279800639,277817.5666884829,277843.00106268923,277851.4799963393,277855.719614815,277804.85086665227,277830.2834205368,277817.5666884829,277813.3279800639,277826.04440872394,277826.04440872394,277809.0893727855,277826.04440872394,277843.00106268923,277826.04440872394,277834.52253347175,277834.52253347175,277830.2834205368,277821.80549803784,277843.00106268923,277800.6124616689,277821.80549803784,277843.00106268923,277838.7617475241,277826.04440872394,277830.2834205368,277830.2834205368,277821.80549803784,277817.5666884829,277838.7617475241,277830.2834205368,277851.4799963393,277817.5666884829,277838.7617475241,277830.2834205368,277838.7617475241,277855.719614815,277843.00106268923,277855.719614815,277851.4799963393,277859.959334385,277855.719614815,277851.4799963393,277855.719614815,277851.4799963393,0.0,277855.719614815,277859.959334385,0.0,0.0,277859.959334385,277859.959334385,0.0,277855.719614815,0.0,277859.959334385,277859.959334385,0.0,277859.959334385,277855.719614815,277855.719614815,0.0,277851.4799963393,277859.959334385,277859.959334385,277859.959334385,277855.719614815,277859.959334385,0.0,277859.959334385,277859.959334385,0.0,277855.719614815,277859.959334385,0.0,277859.959334385,0.0,277859.959334385,277859.959334385,277855.719614815,0.0,0.0,277855.719614815,0.0,0.0,277855.719614815,277859.959334385,277859.959334385,277851.4799963393,277859.959334385,0.0,277859.959334385,0.0,277859.959334385,277843.00106268923,277855.719614815,277859.959334385
277859.959334385,0.0,277859.959334385,277859.959334385,0.0,0.0,0.0,0.0,277859.959334385,277859.959334385,277855.719614815,277859.959334385,0.0,0.0,277859.959334385,277855.719614815,277859.959334385,277855.719614815,0.0,277855.719614815,0.0,277855.719614815,0.0,277855.719614815,277859.959334385,277859.959334385,277859.959334385,0.0,277859.959334385,0.0,0.0,0.0,0.0,277859.959334385,0.0,0.0,277859.959334385,277859.959334385,277859.959334385,277859.959334385,277855.719614815,0.0,277859.959334385,277859.959334385,0.0,277855.719614815,0.0,0.0,277859.959334385,277859.959334385,0.0,0.0,0.0,277859.959334385,277855.719614815,0.0,277859.959334385,0.0,0.0,0.0,0.0,0.0,277859.959334385,277859.959334385,277855.719614815,277859.959334385,277851.4799963393,277859.959334385,0.0,277851.4799963393,277851.4799963393,277834.52253347175,277838.7617475241,277847.2404789625,277838.7617475241,277851.4799963393,277847.2404789625,277855.719614815,277830.2834205368,277855.719614815,277838.7617475241,277826.04440872394,277834.52253347175,277843.00106268923,277830.2834205368,277834.52253347175,277821.80549803784,277843.00106268923,277826.04440872394,277830.2834205368,277843.00106268923,277847.2404789625,277830.2834205368,277826.04440872394,277830.2834205368,277838.7617475241,277847.2404789625,277847.2404789625,277855.719614815,277826.04440872394,277843.00106268923,277859.959334385,277838.7617475241,277834.52253347175,277826.04440872394,277834.52253347175,277826.04440872394,277843.00106268923,277834.52253347175,277847.2404789625,277834.52253347175,277847.2404789625,277838.7617475241,277821.80549803784,277830.2834205368,277834.52253347175,277834.52253347175,277830.2834205368,277830.2834205368,277843.00106268923,277851.4799963393,277838.7617475241,277851.4799963393,277855.719614815,277821.80549803784,277826.04440872394,277826.04440872394,277843.00106268923,277847.2404789625,277851.4799963393,277843.00106268923,277834.52253347175,277851.4799963393,277834.52253347175,277830.2834205368,277821.80549803784,277830.2834205368,277843.00106268923,277826.04440872394,277838.7617475241,277804.85086665227,277838.7617475241,277826.04440872394,277813.3279800639,277838.7617475241,277830.2834205368,277821.80549803784,277843.00106268923,277830.2834205368,277817.5666884829,277847.2404789625,277817.5666884829,277847.2404789625,277830.2834205368,277821.80549803784,277821.80549803784,277826.04440872394,277821.80549803784,277838.7617475241,277851.4799963393,277847.2404789625,277830.2834205368,277813.3279800639,277809.0893727855,277826.04440872394,277834.52253347175,277826.04440872394,277821.80549803784,277838.7617475241,277817.5666884829,277834.52253347175,277838.7617475241,277830.2834205368,277826.04440872394,277843.00106268923,277826.04440872394,277800.6124616689,277838.7617475241,277830.2834205368,277817.5666884829,277843.00106268923,277826.04440872394,277821.80549803784,277804.85086665227,277830.2834205368,277830.2834205368,277826.04440872394,277826.04440872394,277834.52253347175,277813.3279800639,277834.52253347175,277834.52253347175,277847.2404789625,277834.52253347175,277847.2404789625,277826.04440872394,277830.2834205368,277843.00106268923,277859.959334385,277851.4799963393,277847.2404789625,277843.00106268923,277859.959334385,277859.959334385,277847.2404789625,277859.959334385,277859.959334385,277855.719614815,277847.2404789625,0.0,277855.719614815,277851.4799963393,277855.719614815,0.0,277851.4799963393,277859.959334385,0.0,0.0,277843.00106268923,277855.719614815,277859.959334385,0.0,277859.959334385,277855.719614815,0.0,277847.2404789625,0.0,277859.959334385,277859.959334385,277859.959334385,0.0,277859.959334385,277859.959334385,0.0,0.0,277859.959334385,277859.959334385,277851.4799963393,0.0,0.0,277859.959334385,277855.719614815,0.0,0.0,0.0,0.0,277859.959334385,0.0,277847.2404789625,0.0,277855.719614815,277859.959334385,0.0,0.0,277859.959334385,277838.7617475241
0.0,0.0,0.0,277859.959334385,0.0,277855.719614815,277859.959334385,277859.959334385,277859.959334385,277859.959334385,277855.719614815,0.0,0.0,0.0,277859.959334385,277851.4799963393,0.0,0.0,277851.4799963393,277859.959334385,0.0,277855.719614815,0.0,277859.959334385,0.0,277859.959334385,277859.959334385,0.0,277859.959334385,277859.959334385,0.0,277859.959334385,277859.959334385,277859.959334385,277859.959334385,0.0,0.0,0.0,0.0,0.0,277859.959334385,0.0,277855.719614815,277859.959334385,277859.959334385,277859.959334385,0.0,277855.719614815,277859.959334385,0.0,277859.959334385,277859.959334385,0.0,0.0,277847.2404789625,277855.719614815,0.0,277855.719614815,277859.959334385,0.0,0.0,0.0,277851.4799963393,277859.959334385,277859.959334385,0.0,0.0,0.0,277859.959334385,0.0,277847.2404789625,277855.719614815,277843.00106268923,277838.7617475241,277851.4799963393,277855.719614815,277834.52253347175,277843.00106268923,277843.00106268923,277843.00106268923,277838.7617475241,277843.00106268923,277830.2834205368,277821.80549803784,277817.5666884829,277838.7617475241,277834.52253347175,277834.52253347175,277843.00106268923,277847.2404789625,277830.2834205368,277826.04440872394,277830.2834205368,277817.5666884829,277834.52253347175,277843.00106268923,277830.2834205368,277851.4799963393,277834.52253347175,277851.4799963393,0.0,277826.04440872394,277851.4799963393,277830.2834205368,277843.00106268923,277826.04440872394,277843.00106268923,277843.00106268923,277851.4799963393,277817.5666884829,277847.2404789625,277826.04440872394,277838.7617475241,277830.2834205368,277830.2834205368,277851.4799963393,277834.52253347175,277830.2834205368,277843.00106268923,277834.52253347175,277838.7617475241,277851.4799963393,277838.7617475241,277826.04440872394,277834.52253347175,277830.2834205368,277830.2834205368,277800.6124616689,277834.52253347175,277830.2834205368,277809.0893727855,277838.7617475241,277838.7617475241,277838.7617475241,277851.4799963393,277826.04440872394,277830.2834205368,277843.00106268923,277834.52253347175,277813.3279800639,277826.04440872394,277843.00106268923,277843.00106268923,277843.00106268923,277817.5666884829,277843.00106268923,277847.2404789625,277838.7617475241,277830.2834205368,277851.4799963393,277843.00106268923,277813.3279800639,277830.2834205368,277813.3279800639,277817.5666884829,277826.04440872394,277830.2834205368,277847.2404789625,277821.80549803784,277834.52253347175,277821.80549803784,277830.2834205368,277847.2404789625,277834.52253347175,277838.7617475241,277817.5666884829,277834.52253347175,277838.7617475241,277847.2404789625,277847.2404789625,277826.04440872394,277855.719614815,277843.00106268923,277834.52253347175,277826.04440872394,277843.00106268923,277817.5666884829,277843.00106268923,277838.7617475241,277826.04440872394,277826.04440872394,277817.5666884829,277817.5666884829,277817.5666884829,277821.80549803784,277843.00106268923,277838.7617475241,277821.80549803784,277838.7617475241,277804.85086665227,277838.7617475241,277851.4799963393,277800.6124616689,277821.80549803784,277838.7617475241,277834.52253347175,277851.4799963393,277843.00106268923,277834.52253347175,277851.4799963393,277855.719614815,277855.719614815,277859.959334385,277855.719614815,277851.4799963393,277855.719614815,277859.959334385,277859.959334385,277855.719614815,0.0,277855.719614815,277859.959334385,277855.719614815,277851.4799963393,277859.959334385,277859.959334385,0.0,277855.719614815,277859.959334385,277859.959334385,277851.4799963393,277851.4799963393,277855.719614815,277859.959334385,277855.719614815,277859.959334385,277859.959334385,0.0,0.0,277855.719614815,277859.959334385,277859.959334385,0.0,0.0,277855.719614815,0.0,277859.959334385,277859.959334385,277859.959334385,0.0,0.0,0.0,277859.959334385,0.0,277851.4799963393,277859.959334385,277859.959334385,277859.959334385,0.0,277855.719614815,277855.719614815,277859.959334385,0.0,0.0,0.0,277851.4799963393
0.0,0.0,277859.959334385,0.0,0.0,277855.719614815,0.0,0.0,0.0,0.0,0.0,277855.719614815,277855.719614815,0.0,0.0,277855.719614815,0.0,0.0,0.0,0.0,0.0,0.0,0.0,0.0,0.0,277859.959334385,0.0,0.0,277859.959334385,0.0,277855.719614815,0.0,277855.719614815,277855.719614815,277859.959334385,277859.959334385,0.0,0.0,277859.959334385,0.0,0.0,277859.959334385,277859.959334385,277859.959334385,277859.959334385,277855.719614815,277859.959334385,0.0,277859.959334385,0.0,277859.959334385,277855.719614815,277859.959334385,0.0,277859.959334385,0.0,277851.4799963393,0.0,0.0,277859.959334385,0.0,0.0,0.0,0.0,277859.959334385,277859.959334385,0.0,277859.959334385,277855.719614815,277859.959334385,277847.2404789625,277847.2404789625,277847.2404789625,277859.959334385,277855.719614815,277855.719614815,277855.719614815,277838.7617475241,277834.52253347175,277847.2404789625,277851.4799963393,277847.2404789625,277838.7617475241,277838.7617475241,277843.00106268923,277834.52253347175,277847.2404789625,277826.04440872394,277843.00106268923,277855.719614815,277834.52253347175,277830.2834205368,277826.04440872394,277826.04440872394,277838.7617475241,277804.85086665227,277830.2834205368,277851.4799963393,277847.2404789625,277813.3279800639,277826.04440872394,277843.00106268923,277838.7617475241,277838.7617475241,277843.00106268923,277855.719614815,277843.00106268923,277838.7617475241,277830.2834205368,277813.3279800639,277834.52253347175,277817.5666884829,277813.3279800639,277834.52253347175,277838.7617475241,277830.2834205368,277826.04440872394,277821.80549803784,277826.04440872394,277843.00106268923,277855.719614815,277843.00106268923,277859.959334385,277838.7617475241,277838.7617475241,277830.2834205368,277834.52253347175,277834.52253347175,277830.2834205368,277821.80549803784,277843.00106268923,277830.2834205368,277821.80549803784,277843.00106268923,277834.52253347175,277851.4799963393,277847.2404789625,277851.4799963393,277838.7617475241,277830.2834205368,277843.00106268923,277843.00106268923,277830.2834205368,277834.52253347175,277843.00106268923,277834.52253347175,277809.0893727855,277830.2834205368,277843.00106268923,277826.04440872394,277826.04440872394,277826.04440872394,277834.52253347175,277834.52253347175,277851.4799963393,277821.80549803784,277834.52253347175,277838.7617475241,277830.2834205368,277826.04440872394,277843.00106268923,277834.52253347175,277851.4799963393,277826.04440872394,277843.00106268923,277826.04440872394,277847.2404789625,277834.52253347175,277821.80549803784,277830.2834205368,277843.00106268923,277817.5666884829,277847.2404789625,277779.42195416125,277830.2834205368,277830.2834205368,277826.04440872394,277826.04440872394,277821.80549803784,277838.7617475241,277830.2834205368,277834.52253347175,277817.5666884829,277830.2834205368,277826.04440872394,277851.4799963393,277838.7617475241,277834.52253347175,277796.3741578399,277813.3279800639,277838.7617475241,277813.3279800639,277804.85086665227,277838.7617475241,277817.5666884829,277826.04440872394,277838.7617475241,277821.80549803784,277838.7617475241,0.0,277851.4799963393,277859.959334385,277851.4799963393,277851.4799963393,277859.959334385,277859.959334385,277855.719614815,277851.4799963393,277859.959334385,277859.959334385,277851.4799963393,277847.2404789625,277859.959334385,277859.959334385,277859.959334385,0.0,277859.959334385,277859.959334385,0.0,277859.959334385,277855.719614815,0.0,277859.959334385,277851.4799963393,277855.719614815,0.0,0.0,277859.959334385,277855.719614815,277859.959334385,277859.959334385,0.0,277859.959334385,277855.719614815,0.0,0.0,0.0,0.0,277855.719614815,0.0,277859.959334385,277859.959334385,0.0,277851.4799963393,277855.719614815,0.0,277859.959334385,277859.959334385,277859.959334385,277859.959334385,277855.719614815,277855.719614815,277859.959334385,277859.959334385,277855.719614815,277843.00106268923
0.0,0.0,0.0,0.0,277855.719614815,277859.959334385,277855.719614815,277855.719614815,277859.959334385,0.0,277855.719614815,0.0,277851.4799963393,0.0,277859.959334385,277859.959334385,277859.959334385,277851.4799963393,277855.719614815,0.0,0.0,277859.959334385,0.0,277859.959334385,0.0,0.0,277859.959334385,0.0,0.0,277859.959334385,277855.719614815,277859.959334385,0.0,277859.959334385,0.0,277855.719614815,277859.959334385,0.0,0.0,0.0,0.0,277859.959334385,277859.959334385,277859.959334385,277855.719614815,0.0,0.0,277851.4799963393,277859.959334385,0.0,277859.959334385,0.0,0.0,0.0,0.0,0.0,277859.959334385,0.0,0.0,277855.719614815,277859.959334385,0.0,0.0,0.0,0.0,0.0,0.0,277855.719614815,0.0,277855.719614815,277855.719614815,277838.7617475241,277843.00106268923,277826.04440872394,277838.7617475241,277855.719614815,277855.719614815,277817.5666884829,277838.7617475241,277843.00106268923,277851.4799963393,277830.2834205368,277838.7617475241,277838.7617475241,277843.00106268923,277847.2404789625,277821.80549803784,277834.52253347175,277847.2404789625,277821.80549803784,277859.959334385,277834.52253347175,277826.04440872394,277838.7617475241,277843.00106268923,277834.52253347175,277838.7617475241,277817.5666884829,277817.5666884829,277843.00106268923,277826.04440872394,277834.52253347175,277847.2404789625,277843.00106268923,277847.2404789625,277830.2834205368,277817.5666884829,277821.80549803784,277834.52253347175,277804.85086665227,277830.2834205368,277834.52253347175,277830.2834205368,277826.04440872394,277821.80549803784,277830.2834205368,277838.7617475241,277826.04440872394,277843.00106268923,277821.80549803784,277834.52253347175,277821.80549803784,277821.80549803784,277838.7617475241,277847.2404789625,277851.4799963393,277838.7617475241,0.0,277817.5666884829,277826.04440872394,277830.2834205368,277847.2404789625,277851.4799963393,277826.04440872394,277851.4799963393,277821.80549803784,277826.04440872394,277847.2404789625,277826.04440872394,277859.959334385,277830.2834205368,277830.2834205368,277830.2834205368,277817.5666884829,277834.52253347175,277826.04440872394,277851.4799963393,277809.0893727855,277804.85086665227,277843.00106268923,277851.4799963393,277826.04440872394,277830.2834205368,277838.7617475241,277817.5666884829,277817.5666884829,277826.04440872394,277843.00106268923,277817.5666884829,277826.04440872394,277830.2834205368,277821.80549803784,277851.4799963393,277830.2834205368,277838.7617475241,277838.7617475241,277800.6124616689,277830.2834205368,277826.04440872394,277826.04440872394,277821.80549803784,277838.7617475241,277843.00106268923,277809.0893727855,277843.00106268923,277830.2834205368,277817.5666884829,277847.2404789625,277847.2404789625,277813.3279800639,277834.52253347175,277830.2834205368,277813.3279800639,277813.3279800639,277817.5666884829,277830.2834205368,277838.7617475241,277804.85086665227,277800.6124616689,277830.2834205368,277843.00106268923,277826.04440872394,277830.2834205368,277838.7617475241,277830.2834205368,277843.00106268923,277859.959334385,277855.719614815,277851.4799963393,0.0,277855.719614815,277855.719614815,277855.719614815,0.0,0.0,277851.4799963393,0.0,0.0,277855.719614815,277859.959334385,277855.719614815,0.0,277859.959334385,277859.959334385,277859.959334385,277859.959334385,0.0,277859.959334385,277847.2404789625,0.0,0.0,0.0,277859.959334385,277859.959334385,277859.959334385,277859.959334385,0.0,0.0,277859.959334385,277859.959334385,0.0,0.0,0.0,277859.959334385,277859.959334385,277851.4799963393,277859.959334385,277859.959334385,277855.719614815,277847.2404789625,277855.719614815,277855.719614815,277859.959334385,277859.959334385,277859.959334385,277838.7617475241,277859.959334385,0.0,277855.719614815,277855.719614815,277855.719614815,277855.719614815,277859.959334385,277855.719614815,0.0,0.0
0.0,0.0,277859.959334385,277859.959334385,277855.719614815,277855.719614815,0.0,0.0,0.0,277859.959334385,0.0,0.0,0.0,277855.719614815,0.0,277859.959334385,277859.959334385,277859.959334385,0.0,0.0,277855.719614815,0.0,277859.959334385,0.0,0.0,277859.959334385,0.0,0.0,277859.959334385,0.0,277859.959334385,277859.959334385,277859.959334385,0.0,0.0,0.0,277859.959334385,277855.719614815,277859.959334385,277859.959334385,0.0,277855.719614815,0.0,277859.959334385,0.0,0.0,0.0,277859.959334385,277851.4799963393,0.0,277859.959334385,277859.959334385,277859.959334385,0.0,277859.959334385,0.0,0.0,277855.719614815,277851.4799963393,0.0,277859.959334385,277851.4799963393,277859.959334385,0.0,0.0,0.0,0.0,277859.959334385,277859.959334385,277859.959334385,277855.719614815,277855.719614815,277838.7617475241,277855.719614815,277843.00106268923,277843.00106268923,277851.4799963393,277847.2404789625,277847.2404789625,277843.00106268923,277826.04440872394,277830.2834205368,277830.2834205368,277843.00106268923,277843.00106268923,277847.2404789625,277838.7617475241,277843.00106268923,277838.7617475241,277834.52253347175,277813.3279800639,277838.7617475241,277847.2404789625,277826.04440872394,277851.4799963393,277821.80549803784,277826.04440872394,277847.2404789625,277843.00106268923,277826.04440872394,277843.00106268923,277834.52253347175,277851.4799963393,277838.7617475241,277843.00106268923,277843.00106268923,277859.959334385,277826.04440872394,277830.2834205368,277838.7617475241,277834.52253347175,277826.04440872394,277830.2834205368,277838.7617475241,277830.2834205368,277813.3279800639,277851.4799963393,277834.52253347175,277821.80549803784,277838.7617475241,277855.719614815,277843.00106268923,277843.00106268923,277843.00106268923,277847.2404789625,277843.00106268923,277834.52253347175,277834.52253347175,277830.2834205368,277830.2834205368,277830.2834205368,277821.80549803784,277826.04440872394,277859.959334385,277826.04440872394,277821.80549803784,277838.7617475241,277838.7617475241,277830.2834205368,277851.4799963393,277830.2834205368,277800.6124616689,277847.2404789625,277821.80549803784,277809.0893727855,277830.2834205368,277834.52253347175,277843.00106268923,277800.6124616689,277847.2404789625,277834.52253347175,277838.7617475241,277838.7617475241,277830.2834205368,277830.2834205368,277834.52253347175,277851.4799963393,277838.7617475241,277834.52253347175,277855.719614815,277821.80549803784,277826.04440872394,277796.3741578399,277838.7617475241,277834.52253347175,277826.04440872394,277859.959334385,277847.2404789625,277855.719614815,277843.00106268923,277843.00106268923,277821.80549803784,277817.5666884829,277838.7617475241,277830.2834205368,277838.7617475241,277838.7617475241,277830.2834205368,277826.04440872394,277834.52253347175,277821.80549803784,277843.00106268923,277830.2834205368,277834.52253347175,277813.3279800639,277796.3741578399,277813.3279800639,277826.04440872394,277830.2834205368,277847.2404789625,277830.2834205368,277847.2404789625,277804.85086665227,277817.5666884829,277843.00106268923,277817.5666884829,277817.5666884829,277830.2834205368,277855.719614815,277855.719614815,277851.4799963393,277859.959334385,277851.4799963393,0.0,277851.4799963393,277859.959334385,277851.4799963393,277859.959334385,277851.4799963393,277851.4799963393,277859.959334385,277859.959334385,277859.959334385,0.0,277859.959334385,0.0,0.0,277843.00106268923,0.0,277855.719614815,277859.959334385,277851.4799963393,0.0,277859.959334385,0.0,277859.959334385,277847.2404789625,0.0,0.0,277859.959334385,277859.959334385,0.0,277851.4799963393,0.0,277859.959334385,277859.959334385,277859.959334385,0.0,0.0,0.0,0.0,0.0,0.0,277855.719614815,277859.959334385,277859.959334385,277859.959334385,277855.719614815,0.0,0.0,277859.959334385,0.0,277851.4799963393,277859.959334385,0.0,277851.4799963393
0.0,277859.959334385,277855.719614815,277855.719614815,277855.719614815,0.0,0.0,0.0,277859.959334385,0.0,277855.719614815,277859.959334385,277855.719614815,0.0,0.0,277859.959334385,277859.959334385,277855.719614815,0.0,277855.719614815,277859.959334385,277855.719614815,0.0,277859.959334385,277855.719614815,0.0,277859.959334385,277855.719614815,277859.959334385,277859.959334385,277855.719614815,277859.959334385,0.0,277859.959334385,277859.959334385,277855.719614815,0.0,277859.959334385,0.0,277855.719614815,0.0,277859.959334385,0.0,277851.4799963393,0.0,0.0,0.0,0.0,277859.959334385,277855.719614815,277859.959334385,0.0,277859.959334385,277859.959334385,0.0,0.0,277859.959334385,0.0,277859.959334385,277855.719614815,277859.959334385,0.0,277859.959334385,0.0,277855.719614815,0.0,277855.719614815,277855.719614815,277859.959334385,0.0,0.0,277847.2404789625,277843.00106268923,277851.4799963393,277834.52253347175,277851.4799963393,277809.0893727855,277855.719614815,277851.4799963393,277843.00106268923,277847.2404789625,277821.80549803784,277847.2404789625,277838.7617475241,277834.52253347175,277821.80549803784,277830.2834205368,277830.2834205368,277847.2404789625,277843.00106268923,277817.5666884829,277847.2404789625,277851.4799963393,277851.4799963393,277843.00106268923,277838.7617475241,277821.80549803784,277838.7617475241,277859.959334385,277843.00106268923,277821.80549803784,277851.4799963393,277830.2834205368,277817.5666884829,277834.52253347175,277834.52253347175,277843.00106268923,277838.7617475241,277817.5666884829,277821.80549803784,277843.00106268923,277834.52253347175,277834.52253347175,277838.7617475241,277843.00106268923,277838.7617475241,277843.00106268923,277847.2404789625,277838.7617475241,277834.52253347175,277830.2834205368,277809.0893727855,277834.52253347175,277830.2834205368,277838.7617475241,277851.4799963393,277847.2404789625,277830.2834205368,277826.04440872394,277838.7617475241,277826.04440872394,277826.04440872394,277830.2834205368,277817.5666884829,277838.7617475241,277834.52253347175,277838.7617475241,277834.52253347175,277830.2834205368,277851.4799963393,277847.2404789625,277826.04440872394,277821.80549803784,277821.80549803784,277813.3279800639,277855.719614815,277843.00106268923,277826.04440872394,277838.7617475241,277817.5666884829,277809.0893727855,277834.52253347175,277847.2404789625,277847.2404789625,277838.7617475241,277851.4799963393,277855.719614815,277813.3279800639,277838.7617475241,277826.04440872394,277826.04440872394,277830.2834205368,277843.00106268923,277830.2834205368,277821.80549803784,277838.7617475241,277830.2834205368,277821.80549803784,277855.719614815,277847.2404789625,277834.52253347175,277851.4799963393,277838.7617475241,277843.00106268923,277830.2834205368,277826.04440872394,277838.7617475241,277851.4799963393,277826.04440872394,277834.52253347175,277830.2834205368,277834.52253347175,277817.5666884829,277834.52253347175,277826.04440872394,277817.5666884829,277817.5666884829,277830.2834205368,277813.3279800639,277826.04440872394,277800.6124616689,277830.2834205368,277826.04440872394,277830.2834205368,277838.7617475241,277834.52253347175,277830.2834205368,277838.7617475241,277843.00106268923,277859.959334385,277847.2404789625,277855.719614815,277855.719614815,277855.719614815,277859.959334385,0.0,277855.719614815,277838.7617475241,0.0,0.0,277859.959334385,277855.719614815,277859.959334385,0.0,277855.719614815,277859.959334385,0.0,277859.959334385,0.0,277859.959334385,0.0,277851.4799963393,0.0,0.0,0.0,277859.959334385,277859.959334385,0.0,0.0,277859.959334385,277855.719614815,277851.4799963393,277855.719614815,0.0,277851.4799963393,277855.719614815,0.0,277859.959334385,277859.959334385,0.0,277859.959334385,277859.959334385,0.0,0.0,0.0,277855.719614815,0.0,0.0,277859.959334385,0.0,277859.959334385,277859.959334385,277859.959334385,0.0,277851.4799963393,277851.4799963393
0.0,0.0,277859.959334385,277859.959334385,277859.959334385,0.0,277859.959334385,277855.719614815,0.0,0.0,0.0,277859.959334385,0.0,277859.959334385,0.0,0.0,277855.719614815,277859.959334385,277859.959334385,0.0,0.0,0.0,277855.719614815,0.0,0.0,277859.959334385,0.0,277855.719614815,0.0,277859.959334385,0.0,277855.719614815,0.0,0.0,0.0,277859.959334385,277859.959334385,0.0,0.0,0.0,0.0,0.0,277859.959334385,277855.719614815,0.0,0.0,277859.959334385,277859.959334385,277859.959334385,0.0,277859.959334385,277847.2404789625,277855.719614815,277859.959334385,277851.4799963393,0.0,277855.719614815,0.0,277859.959334385,0.0,277859.959334385,277855.719614815,0.0,277855.719614815,277859.959334385,277859.959334385,277855.719614815,277859.959334385,0.0,277855.719614815,277851.4799963393,277859.959334385,277859.959334385,277855.719614815,277838.7617475241,277843.00106268923,277826.04440872394,277859.959334385,277843.00106268923,277834.52253347175,277838.7617475241,277843.00106268923,277830.2834205368,277834.52253347175,277826.04440872394,277838.7617475241,277817.5666884829,277821.80549803784,277851.4799963393,277838.7617475241,277838.7617475241,277830.2834205368,277830.2834205368,277830.2834205368,277838.7617475241,277834.52253347175,277826.04440872394,277821.80549803784,277851.4799963393,277851.4799963393,277830.2834205368,277843.00106268923,277855.719614815,277843.00106268923,277855.719614815,277817.5666884829,277817.5666884829,277847.2404789625,277843.00106268923,277847.2404789625,277838.7617475241,277847.2404789625,277838.7617475241,277834.52253347175,277834.52253347175,277843.00106268923,277851.4799963393,277830.2834205368,277834.52253347175,277834.52253347175,277855.719614815,277830.2834205368,277847.2404789625,277843.00106268923,277838.7617475241,277834.52253347175,277838.7617475241,277843.00106268923,277830.2834205368,277838.7617475241,277834.52253347175,277847.2404789625,277821.80549803784,277838.7617475241,277834.52253347175,277838.7617475241,277838.7617475241,277843.00106268923,277838.7617475241,277830.2834205368,277838.7617475241,277838.7617475241,277843.00106268923,277830.2834205368,277830.2834205368,277838.7617475241,277843.00106268923,277826.04440872394,277847.2404789625,277821.80549803784,277847.2404789625,277847.2404789625,277826.04440872394,277817.5666884829,277838.7617475241,277834.52253347175,277821.80549803784,277838.7617475241,277821.80549803784,277843.00106268923,277855.719614815,277826.04440872394,277847.2404789625,277838.7617475241,277834.52253347175,277821.80549803784,277847.2404789625,277804.85086665227,277838.7617475241,277830.2834205368,277826.04440872394,277800.6124616689,277847.2404789625,277830.2834205368,277834.52253347175,277821.80549803784,277817.5666884829,277838.7617475241,277809.0893727855,277826.04440872394,277834.52253347175,277809.0893727855,277821.80549803784,277834.52253347175,277847.2404789625,277821.80549803784,277834.52253347175,277826.04440872394,277834.52253347175,277826.04440872394,277834.52253347175,277821.80549803784,277830.2834205368,277834.52253347175,277834.52253347175,277826.04440872394,277838.7617475241,277855.719614815,277859.959334385,277855.719614815,277855.719614815,277859.959334385,0.0,0.0,277859.959334385,277859.959334385,0.0,277859.959334385,277859.959334385,0.0,277855.719614815,277859.959334385,277855.719614815,277851.4799963393,0.0,277859.959334385,277859.959334385,277859.959334385,277851.4799963393,0.0,0.0,0.0,277859.959334385,0.0,277851.4799963393,277859.959334385,0.0,277859.959334385,277855.719614815,277859.959334385,0.0,277847.2404789625,0.0,0.0,0.0,277847.2404789625,277859.959334385,0.0,277859.959334385,277855.719614815,277859.959334385,277859.959334385,277859.959334385,277859.959334385,277851.4799963393,0.0,277859.959334385,277855.719614815,277851.4799963393,277859.959334385,277859.959334385,0.0,277855.719614815,277859.959334385,0.0,277855.719614815
277855.719614815,0.0,277859.959334385,0.0,0.0,0.0,0.0,277855.719614815,277859.959334385,277859.959334385,0.0,277851.4799963393,0.0,277859.959334385,0.0,277855.719614815,0.0,277859.959334385,277855.719614815,0.0,277859.959334385,277859.959334385,0.0,277855.719614815,0.0,277859.959334385,0.0,277855.719614815,277859.959334385,277859.959334385,277851.4799963393,277859.959334385,0.0,277851.4799963393,277855.719614815,277859.959334385,0.0,0.0,277859.959334385,277855.719614815,277859.959334385,277859.959334385,0.0,277859.959334385,0.0,277859.959334385,277859.959334385,277859.959334385,0.0,0.0,0.0,277859.959334385,0.0,277859.959334385,0.0,0.0,0.0,0.0,0.0,277855.719614815,277855.719614815,277851.4799963393,277859.959334385,277859.959334385,277855.719614815,277859.959334385,277855.719614815,277859.959334385,277859.959334385,0.0,277859.959334385,277859.959334385,277843.00106268923,277834.52253347175,277843.00106268923,277843.00106268923,277826.04440872394,277834.52253347175,277851.4799963393,277838.7617475241,277847.2404789625,277851.4799963393,277821.80549803784,277830.2834205368,277843.00106268923,277826.04440872394,277830.2834205368,277817.5666884829,277809.0893727855,277830.2834205368,277843.00106268923,277826.04440872394,277843.00106268923,277834.52253347175,277847.2404789625,277826.04440872394,277826.04440872394,277826.04440872394,277796.3741578399,277830.2834205368,277834.52253347175,277830.2834205368,277834.52253347175,277834.52253347175,277847.2404789625,277834.52253347175,277830.2834205368,277826.04440872394,277834.52253347175,277800.6124616689,277843.00106268923,277834.52253347175,277830.2834205368,277834.52253347175,277834.52253347175,277830.2834205368,277847.2404789625,277830.2834205368,277834.52253347175,277838.7617475241,277826.04440872394,277843.00106268923,277843.00106268923,277834.52253347175,277834.52253347175,277843.00106268923,277838.7617475241,277838.7617475241,277834.52253347175,277838.7617475241,277851.4799963393,277821.80549803784,277859.959334385,277843.00106268923,277851.4799963393,277859.959334385,277813.3279800639,277838.7617475241,277843.00106268923,277817.5666884829,277847.2404789625,277847.2404789625,277838.7617475241,277843.00106268923,277838.7617475241,277821.80549803784,277843.00106268923,277838.7617475241,277838.7617475241,277834.52253347175,277821.80549803784,277843.00106268923,277843.00106268923,277830.2834205368,277851.4799963393,277838.7617475241,277851.4799963393,277855.719614815,277809.0893727855,277813.3279800639,277830.2834205368,277859.959334385,277830.2834205368,277830.2834205368,277821.80549803784,277821.80549803784,277826.04440872394,277838.7617475241,277843.00106268923,277817.5666884829,277821.80549803784,277834.52253347175,277826.04440872394,277817.5666884829,277843.00106268923,277821.80549803784,277843.00106268923,277817.5666884829,277821.80549803784,277838.7617475241,277834.52253347175,277834.52253347175,277817.5666884829,277826.04440872394,277830.2834205368,277838.7617475241,277826.04440872394,277826.04440872394,277830.2834205368,277821.80549803784,277826.04440872394,277834.52253347175,277817.5666884829,277821.80549803784,277838.7617475241,277834.52253347175,277859.959334385,277834.52253347175,277859.959334385,277859.959334385,277859.959334385,277859.959334385,277859.959334385,277859.959334385,277859.959334385,0.0,0.0,277855.719614815,277855.719614815,277855.719614815,277855.719614815,0.0,277855.719614815,277851.4799963393,277855.719614815,0.0,277855.719614815,0.0,277855.719614815,277851.4799963393,0.0,0.0,0.0,277859.959334385,277851.4799963393,0.0,0.0,0.0,277855.719614815,0.0,277859.959334385,0.0,277855.719614815,277859.959334385,277859.959334385,277851.4799963393,277855.719614815,0.0,0.0,0.0,0.0,277859.959334385,0.0,0.0,0.0,277847.2404789625,277859.959334385,0.0,277851.4799963393,277851.4799963393,277843.00106268923,277859.959334385,277851.4799963393,277859.959334385,277843.00106268923,277859.959334385
277859.959334385,0.0,277855.719614815,0.0,0.0,0.0,277859.959334385,0.0,277859.959334385,0.0,277859.959334385,0.0,277859.959334385,277859.959334385,277859.959334385,0.0,277859.959334385,0.0,0.0,0.0,277859.959334385,0.0,0.0,277859.959334385,0.0,277855.719614815,277851.4799963393,0.0,0.0,277859.959334385,277859.959334385,277859.959334385,277855.719614815,277855.719614815,277859.959334385,277859.959334385,0.0,277855.719614815,277859.959334385,0.0,277859.959334385,0.0,0.0,277859.959334385,0.0,0.0,0.0,0.0,0.0,0.0,277855.719614815,0.0,0.0,0.0,277859.959334385,0.0,0.0,0.0,0.0,277859.959334385,277851.4799963393,0.0,277859.959334385,277859.959334385,277859.959334385,0.0,277851.4799963393,277859.959334385,277859.959334385,277855.719614815,277859.959334385,277851.4799963393,277859.959334385,277855.719614815,277847.2404789625,277851.4799963393,277847.2404789625,277834.52253347175,277834.52253347175,277838.7617475241,277838.7617475241,277817.5666884829,277834.52253347175,277813.3279800639,277847.2404789625,277834.52253347175,277834.52253347175,277826.04440872394,277847.2404789625,277851.4799963393,277813.3279800639,277847.2404789625,277838.7617475241,277834.52253347175,277834.52253347175,277821.80549803784,277821.80549803784,277847.2404789625,277843.00106268923,277847.2404789625,277838.7617475241,277847.2404789625,277826.04440872394,277830.2834205368,277821.80549803784,277834.52253347175,277838.7617475241,277821.80549803784,277826.04440872394,277830.2834205368,277838.7617475241,277834.52253347175,277843.00106268923,277847.2404789625,277821.80549803784,277834.52253347175,277855.719614815,277830.2834205368,277826.04440872394,277843.00106268923,277821.80549803784,277830.2834205368,277834.52253347175,277838.7617475241,277843.00106268923,277834.52253347175,277821.80549803784,277826.04440872394,277847.2404789625,277843.00106268923,277830.2834205368,277847.2404789625,277830.2834205368,277843.00106268923,277821.80549803784,277834.52253347175,277830.2834205368,277838.7617475241,277834.52253347175,277834.52253347175,277834.52253347175,277838.7617475241,277834.52253347175,277838.7617475241,277847.2404789625,277834.52253347175,277838.7617475241,277843.00106268923,277821.80549803784,277826.04440872394,277855.719614815,277843.00106268923,277821.80549803784,277821.80549803784,277830.2834205368,277847.2404789625,277838.7617475241,277834.52253347175,277851.4799963393,277817.5666884829,277830.2834205368,277826.04440872394,277843.00106268923,277834.52253347175,277821.80549803784,277800.6124616689,277834.52253347175,277817.5666884829,277855.719614815,277834.52253347175,277851.4799963393,277851.4799963393,277843.00106268923,277838.7617475241,277843.00106268923,277843.00106268923,277817.5666884829,277851.4799963393,277830.2834205368,277817.5666884829,277804.85086665227,277809.0893727855,277826.04440872394,277830.2834205368,277821.80549803784,277817.5666884829,277830.2834205368,277830.2834205368,277783.65985332616,277834.52253347175,277851.4799963393,277826.04440872394,277838.7617475241,277821.80549803784,277843.00106268923,277834.52253347175,277838.7617475241,277855.719614815,277851.4799963393,0.0,277855.719614815,277859.959334385,277859.959334385,277847.2404789625,277855.719614815,277855.719614815,0.0,277859.959334385,277855.719614815,0.0,277859.959334385,277859.959334385,277859.959334385,0.0,277859.959334385,277859.959334385,277859.959334385,0.0,277855.719614815,277859.959334385,277859.959334385,277859.959334385,0.0,277855.719614815,0.0,0.0,0.0,277859.959334385,0.0,277855.719614815,277851.4799963393,0.0,277847.2404789625,277851.4799963393,277851.4799963393,0.0,0.0,277855.719614815,0.0,277859.959334385,277859.959334385,277855.719614815,277855.719614815,277855.719614815,277859.959334385,277851.4799963393,277859.959334385,277859.959334385,277855.719614815,277838.7617475241,277847.2404789625,277847.2404789625,277859.959334385,277855.719614815,277855.719614815,277851.4799963393
277859.959334385,0.0,0.0,0.0,277847.2404789625,277859.959334385,277859.959334385,0.0,277859.959334385,277859.959334385,0.0,277859.959334385,0.0,0.0,277851.4799963393,277859.959334385,277859.959334385,277859.959334385,0.0,277859.959334385,0.0,0.0,277855.719614815,0.0,277855.719614815,277855.719614815,277855.719614815,0.0,0.0,277859.959334385,0.0,277859.959334385,277859.959334385,0.0,0.0,0.0,277859.959334385,0.0,0.0,277859.959334385,0.0,277859.959334385,277859.959334385,0.0,0.0,277859.959334385,0.0,0.0,0.0,0.0,0.0,0.0,0.0,0.0,0.0,0.0,0.0,277859.959334385,277847.2404789625,277859.959334385,277859.959334385,277847.2404789625,0.0,0.0,277859.959334385,0.0,0.0,0.0,277859.959334385,277843.00106268923,277855.719614815,277859.959334385,277851.4799963393,277838.7617475241,277847.2404789625,277851.4799963393,277851.4799963393,277855.719614815,277843.00106268923,277830.2834205368,277847.2404789625,277834.52253347175,277847.2404789625,277826.04440872394,277843.00106268923,277834.52253347175,277834.52253347175,277834.52253347175,277847.2404789625,277834.52253347175,277847.2404789625,277847.2404789625,277826.04440872394,277821.80549803784,277821.80549803784,277813.3279800639,277834.52253347175,277821.80549803784,277834.52253347175,277834.52253347175,277834.52253347175,277838.7617475241,277838.7617475241,277830.2834205368,277826.04440872394,277847.2404789625,277843.00106268923,277847.2404789625,277830.2834205368,277834.52253347175,277847.2404789625,277838.7617475241,277821.80549803784,277817.5666884829,277834.52253347175,277838.7617475241,277838.7617475241,277813.3279800639,277813.3279800639,277826.04440872394,277843.00106268923,277847.2404789625,277838.7617475241,277834.52253347175,277838.7617475241,277813.3279800639,277847.2404789625,277830.2834205368,277847.2404789625,277830.2834205368,277847.2404789625,277821.80549803784,277830.2834205368,277838.7617475241,277834.52253347175,277843.00106268923,277838.7617475241,277838.7617475241,277821.80549803784,277817.5666884829,277830.2834205368,277834.52253347175,277834.52253347175,277826.04440872394,277843.00106268923,277851.4799963393,277834.52253347175,277843.00106268923,277843.00106268923,277821.80549803784,277826.04440872394,277843.00106268923,277830.2834205368,277830.2834205368,277834.52253347175,277809.0893727855,277834.52253347175,277826.04440872394,277847.2404789625,277830.2834205368,277838.7617475241,277826.04440872394,277826.04440872394,277830.2834205368,277804.85086665227,277838.7617475241,277843.00106268923,277826.04440872394,277821.80549803784,277830.2834205368,277838.7617475241,277838.7617475241,277843.00106268923,277830.2834205368,277821.80549803784,277813.3279800639,277843.00106268923,277843.00106268923,277813.3279800639,277847.2404789625,277834.52253347175,277830.2834205368,277830.2834205368,277838.7617475241,277830.2834205368,277838.7617475241,277826.04440872394,277830.2834205368,277834.52253347175,277830.2834205368,277821.80549803784,277843.00106268923,277843.00106268923,277851.4799963393,277851.4799963393,277821.80549803784,277830.2834205368,277847.2404789625,277859.959334385,277859.959334385,0.0,277859.959334385,277859.959334385,277859.959334385,277859.959334385,277855.719614815,0.0,277859.959334385,0.0,277859.959334385,277855.719614815,277859.959334385,277859.959334385,277855.719614815,277855.719614815,277859.959334385,0.0,0.0,277859.959334385,277859.959334385,0.0,0.0,277859.959334385,277855.719614815,0.0,277859.959334385,0.0,277859.959334385,277859.959334385,0.0,0.0,277859.959334385,277851.4799963393,277843.00106268923,277851.4799963393,0.0,277859.959334385,277859.959334385,277859.959334385,277859.959334385,277859.959334385,277855.719614815,0.0,277859.959334385,277859.959334385,277855.719614815,277855.719614815,277851.4799963393,277838.7617475241,277838.7617475241,277834.52253347175,277843.00106268923,277847.2404789625,277851.4799963393,277859.959334385,0.0
277859.959334385,0.0,0.0,277859.959334385,0.0,0.0,277859.959334385,0.0,0.0,277859.959334385,277859.959334385,277859.959334385,0.0,0.0,277855.719614815,0.0,0.0,277855.719614815,0.0,0.0,0.0,277855.719614815,0.0,0.0,0.0,0.0,277859.959334385,277859.959334385,277859.959334385,0.0,277859.959334385,0.0,277859.959334385,0.0,277859.959334385,277851.4799963393,277859.959334385,0.0,277859.959334385,0.0,277859.959334385,0.0,0.0,277851.4799963393,0.0,0.0,0.0,277859.959334385,277859.959334385,277859.959334385,277859.959334385,0.0,277859.959334385,277859.959334385,0.0,0.0,0.0,0.0,277859.959334385,0.0,277859.959334385,277859.959334385,0.0,277859.959334385,277859.959334385,277859.959334385,0.0,277855.719614815,0.0,0.0,277847.2404789625,277851.4799963393,277855.719614815,277855.719614815,277843.00106268923,277834.52253347175,277847.2404789625,277851.4799963393,277838.7617475241,277834.52253347175,277834.52253347175,277843.00106268923,277847.2404789625,277834.52253347175,277826.04440872394,277834.52253347175,277838.7617475241,277834.52253347175,277826.04440872394,277847.2404789625,277830.2834205368,277838.7617475241,277847.2404789625,277830.2834205368,277834.52253347175,277830.2834205368,277838.7617475241,277834.52253347175,277843.00106268923,277826.04440872394,277838.7617475241,277838.7617475241,277838.7617475241,0.0,277821.80549803784,277838.7617475241,277826.04440872394,277843.00106268923,277834.52253347175,277826.04440872394,277834.52253347175,277834.52253347175,277817.5666884829,277851.4799963393,277843.00106268923,277838.7617475241,277830.2834205368,277834.52253347175,277834.52253347175,277838.7617475241,277834.52253347175,277796.3741578399,277813.3279800639,277834.52253347175,277834.52253347175,277826.04440872394,277804.85086665227,277847.2404789625,277817.5666884829,277809.0893727855,277821.80549803784,277813.3279800639,277838.7617475241,277809.0893727855,277826.04440872394,277834.52253347175,277851.4799963393,277851.4799963393,277830.2834205368,277843.00106268923,277843.00106268923,277834.52253347175,277830.2834205368,277855.719614815,277847.2404789625,277859.959334385,277847.2404789625,277834.52253347175,277855.719614815,277817.5666884829,277813.3279800639,277830.2834205368,277830.2834205368,277834.52253347175,277826.04440872394,277813.3279800639,277843.00106268923,277830.2834205368,277843.00106268923,277830.2834205368,277847.2404789625,277843.00106268923,277817.5666884829,277834.52253347175,277830.2834205368,277787.89785366395,277817.5666884829,277838.7617475241,277847.2404789625,277813.3279800639,277843.00106268923,277838.7617475241,277817.5666884829,277847.2404789625,277830.2834205368,277851.4799963393,277830.2834205368,277843.00106268923,277830.2834205368,277847.2404789625,277838.7617475241,277830.2834205368,277838.7617475241,277826.04440872394,277834.52253347175,277843.00106268923,277838.7617475241,277826.04440872394,277817.5666884829,277847.2404789625,277843.00106268923,277847.2404789625,277821.80549803784,277843.00106268923,277855.719614815,277826.04440872394,277851.4799963393,277834.52253347175,277859.959334385,277855.719614815,277859.959334385,277855.719614815,277851.4799963393,277859.959334385,0.0,277843.00106268923,0.0,277855.719614815,0.0,277851.4799963393,0.0,277855.719614815,277847.2404789625,277855.719614815,277859.959334385,0.0,277851.4799963393,277859.959334385,277859.959334385,277859.959334385,0.0,277859.959334385,277859.959334385,0.0,277859.959334385,277859.959334385,277855.719614815,277855.719614815,0.0,0.0,0.0,0.0,277851.4799963393,0.0,277851.4799963393,277855.719614815,0.0,0.0,277859.959334385,277859.959334385,277859.959334385,277855.719614815,277855.719614815,277859.959334385,277855.719614815,277859.959334385,277855.719614815,277851.4799963393,277851.4799963393,277843.00106268923,277851.4799963393,277843.00106268923,277855.719614815,0.0,277855.719614815,277855.719614815
0.0,277859.959334385,0.0,0.0,0.0,277855.719614815,277859.959334385,277859.959334385,277859.959334385,0.0,0.0,277855.719614815,277859.959334385,277855.719614815,0.0,277859.959334385,277859.959334385,277859.959334385,277859.959334385,0.0,0.0,0.0,0.0,277859.959334385,277855.719614815,0.0,277859.959334385,0.0,0.0,0.0,0.0,0.0,277851.4799963393,0.0,0.0,277859.959334385,0.0,0.0,0.0,0.0,0.0,0.0,277859.959334385,277855.719614815,0.0,277859.959334385,0.0,277859.959334385,277855.719614815,0.0,0.0,0.0,0.0,0.0,277859.959334385,277855.719614815,0.0,0.0,0.0,0.0,277859.959334385,277859.959334385,0.0,277859.959334385,277859.959334385,0.0,277859.959334385,277855.719614815,277851.4799963393,277851.4799963393,277855.719614815,277843.00106268923,277851.4799963393,277855.719614815,277817.5666884829,277851.4799963393,277843.00106268923,277843.00106268923,277834.52253347175,277851.4799963393,277834.52253347175,277847.2404789625,277838.7617475241,277830.2834205368,277830.2834205368,277847.2404789625,277826.04440872394,277838.7617475241,277838.7617475241,277830.2834205368,277834.52253347175,277821.80549803784,277838.7617475241,277838.7617475241,277809.0893727855,277838.7617475241,277834.52253347175,277847.2404789625,277838.7617475241,277826.04440872394,277843.00106268923,277817.5666884829,277830.2834205368,277838.7617475241,277830.2834205368,277834.52253347175,277843.00106268923,277838.7617475241,277830.2834205368,277851.4799963393,277851.4799963393,277821.80549803784,277843.00106268923,277826.04440872394,277821.80549803784,277843.00106268923,277830.2834205368,277838.7617475241,277830.2834205368,277847.2404789625,277821.80549803784,277826.04440872394,277826.04440872394,277830.2834205368,277826.04440872394,277817.5666884829,277834.52253347175,277826.04440872394,277826.04440872394,277826.04440872394,277826.04440872394,277843.00106268923,277838.7617475241,277830.2834205368,277830.2834205368,277847.2404789625,277847.2404789625,277821.80549803784,277826.04440872394,277817.5666884829,277830.2834205368,277843.00106268923,277830.2834205368,277826.04440872394,277834.52253347175,277838.7617475241,277847.2404789625,277843.00106268923,277843.00106268923,277834.52253347175,277851.4799963393,277826.04440872394,277830.2834205368,277838.7617475241,277834.52253347175,277843.00106268923,277826.04440872394,277830.2834205368,277821.80549803784,277843.00106268923,277830.2834205368,277787.89785366395,277834.52253347175,277843.00106268923,277855.719614815,277826.04440872394,277843.00106268923,277821.80549803784,277838.7617475241,277809.0893727855,277817.5666884829,277830.2834205368,277834.52253347175,277826.04440872394,277817.5666884829,277830.2834205368,277830.2834205368,277813.3279800639,277838.7617475241,277821.80549803784,277843.00106268923,277834.52253347175,277830.2834205368,277855.719614815,277834.52253347175,277847.2404789625,277826.04440872394,277826.04440872394,277826.04440872394,277826.04440872394,277843.00106268923,277826.04440872394,277834.52253347175,277834.52253347175,277830.2834205368,277847.2404789625,277838.7617475241,277847.2404789625,277847.2404789625,277855.719614815,0.0,277851.4799963393,277843.00106268923,0.0,277851.4799963393,277847.2404789625,277859.959334385,277855.719614815,277859.959334385,277859.959334385,277859.959334385,277851.4799963393,0.0,277859.959334385,277851.4799963393,277855.719614815,277855.719614815,277859.959334385,277859.959334385,277859.959334385,0.0,277859.959334385,0.0,0.0,277859.959334385,0.0,277855.719614815,277859.959334385,277851.4799963393,277859.959334385,0.0,277855.719614815,277851.4799963393,277847.2404789625,277847.2404789625,277859.959334385,277859.959334385,277851.4799963393,277859.959334385,0.0,0.0,277851.4799963393,277855.719614815,0.0,277855.719614815,277859.959334385,277847.2404789625,277855.719614815,277847.2404789625,277843.00106268923,277821.80549803784,277830.2834205368,277855.719614815,277859.959334385,277855.719614815,277855.719614815
0.0,0.0,277859.959334385,277855.719614815,277859.959334385,0.0,0.0,277855.719614815,0.0,277859.959334385,0.0,0.0,0.0,277859.959334385,0.0,277859.959334385,0.0,277859.959334385,277855.719614815,277859.959334385,277859.959334385,277859.959334385,0.0,277859.959334385,277851.4799963393,0.0,277859.959334385,277859.959334385,277859.959334385,277859.959334385,277859.959334385,0.0,277855.719614815,0.0,277859.959334385,277859.959334385,277859.959334385,277859.959334385,277859.959334385,0.0,277855.719614815,0.0,277859.959334385,277855.719614815,277855.719614815,277859.959334385,277859.959334385,0.0,277859.959334385,0.0,277859.959334385,277859.959334385,277859.959334385,0.0,0.0,277855.719614815,277859.959334385,0.0,277859.959334385,0.0,0.0,0.0,0.0,277859.959334385,277859.959334385,277859.959334385,277851.4799963393,277855.719614815,277859.959334385,277855.719614815,277859.959334385,277847.2404789625,277838.7617475241,277859.959334385,277843.00106268923,277851.4799963393,277821.80549803784,277855.719614815,277830.2834205368,277826.04440872394,277826.04440872394,277817.5666884829,277855.719614815,277843.00106268923,277826.04440872394,277843.00106268923,277859.959334385,277855.719614815,277855.719614815,277855.719614815,277826.04440872394,277826.04440872394,277843.00106268923,277838.7617475241,277847.2404789625,277830.2834205368,277838.7617475241,277843.00106268923,277847.2404789625,277817.5666884829,277847.2404789625,277851.4799963393,277855.719614815,277834.52253347175,277847.2404789625,277821.80549803784,277834.52253347175,277817.5666884829,277834.52253347175,277843.00106268923,277817.5666884829,277838.7617475241,277821.80549803784,277843.00106268923,277855.719614815,277847.2404789625,277847.2404789625,277834.52253347175,277834.52253347175,277830.2834205368,277838.7617475241,277843.00106268923,277826.04440872394,277847.2404789625,277817.5666884829,277847.2404789625,277821.80549803784,277834.52253347175,277834.52253347175,277838.7617475241,277800.6124616689,277847.2404789625,277830.2834205368,277843.00106268923,277830.2834205368,277826.04440872394,277826.04440872394,277821.80549803784,277851.4799963393,277838.7617475241,277847.2404789625,277809.0893727855,277817.5666884829,277817.5666884829,277809.0893727855,277851.4799963393,277851.4799963393,277826.04440872394,277817.5666884829,277843.00106268923,277834.52253347175,277834.52253347175,277809.0893727855,277834.52253347175,277847.2404789625,277843.00106268923,277838.7617475241,277817.5666884829,277826.04440872394,277826.04440872394,277821.80549803784,277804.85086665227,277834.52253347175,277817.5666884829,277813.3279800639,277821.80549803784,277834.52253347175,277838.7617475241,277817.5666884829,277830.2834205368,277821.80549803784,277843.00106268923,277830.2834205368,277843.00106268923,277855.719614815,277809.0893727855,277843.00106268923,277826.04440872394,277847.2404789625,277843.00106268923,277817.5666884829,277843.00106268923,277830.2834205368,277834.52253347175,277843.00106268923,277851.4799963393,277834.52253347175,277821.80549803784,277830.2834205368,277826.04440872394,277843.00106268923,277826.04440872394,277821.80549803784,277834.52253347175,277843.00106268923,277826.04440872394,277834.52253347175,277843.00106268923,277855.719614815,277851.4799963393,0.0,277859.959334385,277859.959334385,0.0,0.0,277855.719614815,0.0,277847.2404789625,277851.4799963393,0.0,277855.719614815,277847.2404789625,0.0,277859.959334385,0.0,0.0,277851.4799963393,277859.959334385,277859.959334385,0.0,0.0,277859.959334385,277855.719614815,0.0,277855.719614815,0.0,277859.959334385,277859.959334385,0.0,277859.959334385,277851.4799963393,277859.959334385,277843.00106268923,277855.719614815,277851.4799963393,277838.7617475241,277855.719614815,277859.959334385,277855.719614815,277843.00106268923,277859.959334385,0.0,277847.2404789625,277859.959334385,0.0,277855.719614815,0.0,277851.4799963393,277830.2834205368,277847.2404789625,277838.7617475241,277834.52253347175,0.0,277859.959334385,277855.719614815,277855.719614815
0.0,0.0,277859.959334385,0.0,0.0,277859.959334385,0.0,0.0,0.0,277855.719614815,0.0,277859.959334385,277847.2404789625,0.0,0.0,277855.719614815,277855.719614815,0.0,277859.959334385,0.0,0.0,0.0,277855.719614815,277859.959334385,0.0,0.0,0.0,277855.719614815,0.0,277859.959334385,277855.719614815,0.0,0.0,277851.4799963393,277859.959334385,277855.719614815,277859.959334385,0.0,277855.719614815,277859.959334385,277859.959334385,277859.959334385,277859.959334385,277859.959334385,277855.719614815,277859.959334385,277851.4799963393,277859.959334385,277859.959334385,0.0,277859.959334385,0.0,277855.719614815,277859.959334385,0.0,277859.959334385,277855.719614815,277855.719614815,277859.959334385,277859.959334385,277859.959334385,277855.719614815,277855.719614815,0.0,277859.959334385,0.0,277859.959334385,0.0,0.0,277859.959334385,277851.4799963393,277851.4799963393,277855.719614815,277859.959334385,277838.7617475241,277847.2404789625,277843.00106268923,277855.719614815,277843.00106268923,277851.4799963393,277843.00106268923,277847.2404789625,277843.00106268923,277843.00106268923,277821.80549803784,277817.5666884829,277851.4799963393,277843.00106268923,277838.7617475241,277817.5666884829,277851.4799963393,277826.04440872394,277851.4799963393,277851.4799963393,277847.2404789625,277855.719614815,277838.7617475241,277817.5666884829,277809.0893727855,277826.04440872394,277834.52253347175,277817.5666884829,277847.2404789625,277821.80549803784,277843.00106268923,277830.2834205368,277843.00106268923,277834.52253347175,277813.3279800639,277838.7617475241,277830.2834205368,277830.2834205368,277813.3279800639,277843.00106268923,277847.2404789625,277843.00106268923,277843.00106268923,277834.52253347175,277830.2834205368,277847.2404789625,277821.80549803784,277826.04440872394,277838.7617475241,277809.0893727855,277813.3279800639,277826.04440872394,277809.0893727855,277834.52253347175,277813.3279800639,277821.80549803784,277838.7617475241,277855.719614815,277838.7617475241,277834.52253347175,277838.7617475241,277821.80549803784,277817.5666884829,277838.7617475241,277834.52253347175,277830.2834205368,277809.0893727855,277838.7617475241,277804.85086665227,277817.5666884829,277834.52253347175,277847.2404789625,277843.00106268923,277847.2404789625,277851.4799963393,277843.00106268923,277851.4799963393,277834.52253347175,277830.2834205368,277838.7617475241,277834.52253347175,277834.52253347175,277813.3279800639,277838.7617475241,277834.52253347175,277834.52253347175,277838.7617475241,277851.4799963393,277813.3279800639,277813.3279800639,277792.1359551701,277826.04440872394,277830.2834205368,277838.7617475241,277834.52253347175,277809.0893727855,277813.3279800639,277830.2834205368,277851.4799963393,277817.5666884829,277851.4799963393,277804.85086665227,277851.4799963393,277830.2834205368,277838.7617475241,277855.719614815,277838.7617475241,277834.52253347175,277838.7617475241,277843.00106268923,277830.2834205368,277838.7617475241,277859.959334385,277843.00106268923,277813.3279800639,277821.80549803784,277830.2834205368,277843.00106268923,277843.00106268923,277834.52253347175,277830.2834205368,277826.04440872394,277851.4799963393,277851.4799963393,277851.4799963393,277843.00106268923,277851.4799963393,277855.719614815,0.0,277855.719614815,277859.959334385,277859.959334385,277859.959334385,277859.959334385,277859.959334385,277859.959334385,277859.959334385,277838.7617475241,277855.719614815,277859.959334385,277847.2404789625,277859.959334385,277859.959334385,277859.959334385,277859.959334385,277859.959334385,277855.719614815,277859.959334385,277859.959334385,277859.959334385,277859.959334385,0.0,0.0,0.0,0.0,0.0,277855.719614815,277859.959334385,277855.719614815,277859.959334385,277834.52253347175,277855.719614815,277843.00106268923,277847.2404789625,277851.4799963393,277855.719614815,0.0,277855.719614815,277859.959334385,277859.959334385,277859.959334385,277859.959334385,277855.719614815,277855.719614815,277855.719614815,277847.2404789625,277826.04440872394,277859.959334385,0.0,277855.719614815,277843.00106268923,0.0
277859.959334385,277855.719614815,277859.959334385,0.0,0.0,0.0,277859.959334385,277859.959334385,0.0,0.0,0.0,277855.719614815,277859.959334385,0.0,277859.959334385,277859.959334385,0.0,0.0,0.0,277859.959334385,0.0,0.0,277855.719614815,277859.959334385,277859.959334385,0.0,277855.719614815,277859.959334385,277859.959334385,0.0,0.0,277859.959334385,277859.959334385,0.0,277859.959334385,0.0,277859.959334385,0.0,277859.959334385,277859.959334385,0.0,0.0,0.0,0.0,277851.4799963393,0.0,0.0,277859.959334385,0.0,277855.719614815,0.0,277855.719614815,0.0,0.0,0.0,0.0,277859.959334385,277859.959334385,277859.959334385,0.0,277859.959334385,0.0,0.0,277859.959334385,0.0,0.0,0.0,277859.959334385,277855.719614815,277855.719614815,277847.2404789625,277855.719614815,277838.7617475241,277838.7617475241,277847.2404789625,277859.959334385,277838.7617475241,277826.04440872394,277851.4799963393,277859.959334385,277855.719614815,277813.3279800639,277838.7617475241,277826.04440872394,277855.719614815,277838.7617475241,277821.80549803784,277843.00106268923,277834.52253347175,277843.00106268923,277826.04440872394,277826.04440872394,277830.2834205368,277830.2834205368,277826.04440872394,277838.7617475241,277843.00106268923,277843.00106268923,277830.2834205368,277826.04440872394,277826.04440872394,277830.2834205368,277830.2834205368,277813.3279800639,277843.00106268923,277830.2834205368,277838.7617475241,277847.2404789625,277826.04440872394,277826.04440872394,277821.80549803784,277830.2834205368,277834.52253347175,277838.7617475241,277830.2834205368,277830.2834205368,277838.7617475241,277855.719614815,277830.2834205368,277821.80549803784,277843.00106268923,277834.52253347175,277838.7617475241,277830.2834205368,277813.3279800639,277821.80549803784,277817.5666884829,277826.04440872394,277826.04440872394,277821.80549803784,277838.7617475241,277826.04440872394,277838.7617475241,277834.52253347175,277830.2834205368,277838.7617475241,277826.04440872394,277826.04440872394,277834.52253347175,277830.2834205368,277830.2834205368,277817.5666884829,277830.2834205368,277826.04440872394,277838.7617475241,277847.2404789625,277859.959334385,277847.2404789625,277851.4799963393,277830.2834205368,277834.52253347175,277830.2834205368,277817.5666884829,277830.2834205368,277834.52253347175,277830.2834205368,277834.52253347175,277851.4799963393,277830.2834205368,277838.7617475241,277830.2834205368,277821.80549803784,277847.2404789625,277843.00106268923,277826.04440872394,277821.80549803784,277821.80549803784,277843.00106268923,277834.52253347175,277847.2404789625,277834.52253347175,277821.80549803784,277834.52253347175,277834.52253347175,277817.5666884829,277851.4799963393,277830.2834205368,277838.7617475241,277830.2834205368,277813.3279800639,277838.7617475241,277834.52253347175,277851.4799963393,277838.7617475241,277821.80549803784,277847.2404789625,277834.52253347175,277830.2834205368,277838.7617475241,277804.85086665227,277838.7617475241,277830.2834205368,277851.4799963393,277843.00106268923,277838.7617475241,277851.4799963393,277838.7617475241,277855.719614815,277855.719614815,0.0,277847.2404789625,277859.959334385,277859.959334385,277855.719614815,277859.959334385,277855.719614815,277859.959334385,277859.959334385,277855.719614815,277859.959334385,277855.719614815,0.0,0.0,277859.959334385,0.0,0.0,277851.4799963393,0.0,0.0,277859.959334385,0.0,277855.719614815,277855.719614815,277859.959334385,0.0,0.0,277859.959334385,277855.719614815,277847.2404789625,277855.719614815,277859.959334385,0.0,277855.719614815,277851.4799963393,277851.4799963393,277855.719614815,277859.959334385,0.0,277855.719614815,277859.959334385,277859.959334385,277859.959334385,0.0,277859.959334385,277855.719614815,277851.4799963393,277855.719614815,277859.959334385,277843.00106268923,277843.00106268923,0.0,277843.00106268923,277826.04440872394,277838.7617475241,277847.2404789625,277855.719614815
277851.4799963393,0.0,0.0,0.0,0.0,0.0,277859.959334385,277859.959334385,277859.959334385,277859.959334385,0.0,0.0,0.0,0.0,0.0,0.0,0.0,277859.959334385,277859.959334385,0.0,277859.959334385,0.0,277859.959334385,277859.959334385,277859.959334385,277859.959334385,277855.719614815,0.0,277859.959334385,277859.959334385,277859.959334385,277859.959334385,0.0,0.0,277859.959334385,277855.719614815,277859.959334385,277855.719614815,277859.959334385,277859.959334385,277847.2404789625,277859.959334385,0.0,0.0,277855.719614815,0.0,0.0,0.0,0.0,277855.719614815,0.0,0.0,0.0,277859.959334385,0.0,0.0,277859.959334385,277859.959334385,277859.959334385,0.0,277859.959334385,0.0,277859.959334385,277859.959334385,0.0,277847.2404789625,0.0,0.0,277859.959334385,277859.959334385,277859.959334385,0.0,0.0,277859.959334385,277851.4799963393,277838.7617475241,277838.7617475241,277838.7617475241,277851.4799963393,0.0,277855.719614815,277821.80549803784,277838.7617475241,277843.00106268923,277859.959334385,277838.7617475241,277838.7617475241,277843.00106268923,277838.7617475241,277826.04440872394,277847.2404789625,277851.4799963393,277843.00106268923,277847.2404789625,277847.2404789625,277830.2834205368,277809.0893727855,277847.2404789625,277834.52253347175,277830.2834205368,277817.5666884829,277834.52253347175,277834.52253347175,277859.959334385,277847.2404789625,277834.52253347175,277843.00106268923,277847.2404789625,277834.52253347175,277843.00106268923,277826.04440872394,277843.00106268923,277838.7617475241,277817.5666884829,277847.2404789625,277847.2404789625,277821.80549803784,277830.2834205368,277843.00106268923,277847.2404789625,277834.52253347175,277813.3279800639,277834.52253347175,277817.5666884829,277817.5666884829,277826.04440872394,277817.5666884829,277826.04440872394,277830.2834205368,277817.5666884829,277834.52253347175,277813.3279800639,277834.52253347175,277851.4799963393,277834.52253347175,277847.2404789625,277834.52253347175,277834.52253347175,277821.80549803784,277834.52253347175,277830.2834205368,277843.00106268923,277834.52253347175,277843.00106268923,277838.7617475241,277813.3279800639,277813.3279800639,277851.4799963393,277838.7617475241,277838.7617475241,277843.00106268923,277843.00106268923,277821.80549803784,277843.00106268923,277838.7617475241,277843.00106268923,277826.04440872394,277826.04440872394,277826.04440872394,277834.52253347175,277826.04440872394,277830.2834205368,277830.2834205368,277834.52253347175,277838.7617475241,277830.2834205368,277826.04440872394,277809.0893727855,277826.04440872394,277813.3279800639,277817.5666884829,277826.04440872394,277804.85086665227,277838.7617475241,277821.80549803784,277817.5666884829,277830.2834205368,277847.2404789625,277830.2834205368,277843.00106268923,277851.4799963393,277830.2834205368,277843.00106268923,277851.4799963393,277817.5666884829,277834.52253347175,277838.7617475241,277821.80549803784,277838.7617475241,277826.04440872394,277826.04440872394,277838.7617475241,277834.52253347175,277838.7617475241,277847.2404789625,277834.52253347175,277834.52253347175,277851.4799963393,277855.719614815,277851.4799963393,277843.00106268923,277851.4799963393,277859.959334385,0.0,277855.719614815,277847.2404789625,277859.959334385,277855.719614815,277859.959334385,277859.959334385,277851.4799963393,277855.719614815,277855.719614815,277859.959334385,277859.959334385,277855.719614815,277859.959334385,0.0,277855.719614815,277859.959334385,0.0,277855.719614815,0.0,277859.959334385,277855.719614815,277851.4799963393,277855.719614815,0.0,277859.959334385,0.0,277859.959334385,0.0,0.0,277855.719614815,0.0,277851.4799963393,277859.959334385,277859.959334385,0.0,0.0,277851.4799963393,277855.719614815,277855.719614815,277859.959334385,277847.2404789625,277859.959334385,277851.4799963393,277859.959334385,0.0,277851.4799963393,277834.52253347175,277817.5666884829,277796.3741578399,277813.3279800639,277843.00106268923,277855.719614815
0.0,277851.4799963393,0.0,277859.959334385,277855.719614815,0.0,0.0,277851.4799963393,0.0,277859.959334385,0.0,0.0,0.0,0.0,277855.719614815,0.0,0.0,0.0,0.0,0.0,0.0,277859.959334385,0.0,0.0,277859.959334385,0.0,0.0,277855.719614815,277859.959334385,277859.959334385,277859.959334385,277855.719614815,277859.959334385,0.0,0.0,277851.4799963393,277859.959334385,277859.959334385,277855.719614815,277855.719614815,277859.959334385,277859.959334385,277859.959334385,277859.959334385,277847.2404789625,0.0,277859.959334385,0.0,277859.959334385,0.0,277855.719614815,277851.4799963393,277855.719614815,0.0,277859.959334385,0.0,0.0,277847.2404789625,277859.959334385,0.0,277843.00106268923,277859.959334385,277855.719614815,0.0,277859.959334385,0.0,277855.719614815,277859.959334385,277851.4799963393,277855.719614815,277859.959334385,0.0,277859.959334385,277855.719614815,277859.959334385,277843.00106268923,277847.2404789625,277851.4799963393,277838.7617475241,277821.80549803784,277851.4799963393,277834.52253347175,277855.719614815,277817.5666884829,277834.52253347175,277851.4799963393,277834.52253347175,277834.52253347175,277843.00106268923,277826.04440872394,277838.7617475241,277817.5666884829,277830.2834205368,277830.2834205368,277843.00106268923,277838.7617475241,277826.04440872394,277843.00106268923,277851.4799963393,277809.0893727855,277821.80549803784,277821.80549803784,277847.2404789625,277826.04440872394,277847.2404789625,277834.52253347175,277843.00106268923,277830.2834205368,277851.4799963393,277826.04440872394,277826.04440872394,277830.2834205368,277838.7617475241,277851.4799963393,277830.2834205368,277826.04440872394,277817.5666884829,277830.2834205368,277838.7617475241,277838.7617475241,277830.2834205368,277834.52253347175,277843.00106268923,277821.80549803784,277804.85086665227,277817.5666884829,277817.5666884829,277830.2834205368,277821.80549803784,277830.2834205368,277834.52253347175,277843.00106268923,277834.52253347175,277843.00106268923,277826.04440872394,277843.00106268923,277843.00106268923,277830.2834205368,277826.04440872394,277851.4799963393,277838.7617475241,277830.2834205368,277838.7617475241,277838.7617475241,277834.52253347175,277843.00106268923,277821.80549803784,277851.4799963393,277843.00106268923,277843.00106268923,277830.2834205368,277843.00106268923,277813.3279800639,277847.2404789625,277838.7617475241,277834.52253347175,277834.52253347175,277834.52253347175,277830.2834205368,277843.00106268923,277821.80549803784,277813.3279800639,277826.04440872394,277804.85086665227,277830.2834205368,277817.5666884829,277838.7617475241,277821.80549803784,277817.5666884829,277826.04440872394,277813.3279800639,277796.3741578399,277821.80549803784,277830.2834205368,277821.80549803784,277847.2404789625,277834.52253347175,277838.7617475241,277834.52253347175,277817.5666884829,277855.719614815,277838.7617475241,277830.2834205368,277843.00106268923,277838.7617475241,277851.4799963393,277821.80549803784,277830.2834205368,277851.4799963393,277851.4799963393,277847.2404789625,277834.52253347175,277809.0893727855,277821.80549803784,277830.2834205368,277830.2834205368,277847.2404789625,277859.959334385,277851.4799963393,277843.00106268923,277851.4799963393,277851.4799963393,277851.4799963393,0.0,0.0,0.0,0.0,277855.719614815,277851.4799963393,277855.719614815,0.0,0.0,0.0,277855.719614815,277851.4799963393,277855.719614815,277855.719614815,277838.7617475241,277859.959334385,277859.959334385,0.0,0.0,0.0,277859.959334385,0.0,277859.959334385,277859.959334385,277859.959334385,0.0,0.0,0.0,0.0,0.0,277859.959334385,277859.959334385,0.0,277847.2404789625,277851.4799963393,277855.719614815,277851.4799963393,277843.00106268923,277859.959334385,277855.719614815,277847.2404789625,277847.2404789625,277847.2404789625,277855.719614815,277855.719614815,277859.959334385,277855.719614815,277855.719614815,277851.4799963393,277817.5666884829,277838.7617475241,277855.719614815,277851.4799963393
277859.959334385,277859.959334385,0.0,277859.959334385,277855.719614815,277859.959334385,277859.959334385,0.0,277855.719614815,277859.959334385,0.0,277859.959334385,277859.959334385,277859.959334385,277859.959334385,277859.959334385,0.0,0.0,0.0,0.0,0.0,277859.959334385,0.0,277855.719614815,0.0,0.0,0.0,0.0,0.0,0.0,277859.959334385,277851.4799963393,277855.719614815,277855.719614815,277859.959334385,277859.959334385,277859.959334385,277859.959334385,0.0,277859.959334385,277855.719614815,0.0,277851.4799963393,277859.959334385,0.0,277859.959334385,277859.959334385,277859.959334385,0.0,0.0,277855.719614815,277859.959334385,0.0,0.0,0.0,0.0,277859.959334385,277859.959334385,0.0,277859.959334385,0.0,277855.719614815,0.0,277859.959334385,277859.959334385,0.0,0.0,277859.959334385,277859.959334385,277859.959334385,277847.2404789625,277855.719614815,277855.719614815,277838.7617475241,277847.2404789625,277847.2404789625,277847.2404789625,277851.4799963393,277851.4799963393,277859.959334385,277851.4799963393,277843.00106268923,277834.52253347175,277855.719614815,277843.00106268923,277821.80549803784,277843.00106268923,277843.00106268923,277851.4799963393,277838.7617475241,277855.719614815,277838.7617475241,277838.7617475241,277821.80549803784,277843.00106268923,277826.04440872394,277843.00106268923,277834.52253347175,277838.7617475241,277830.2834205368,277843.00106268923,277830.2834205368,277830.2834205368,277851.4799963393,277834.52253347175,277821.80549803784,277834.52253347175,277834.52253347175,277826.04440872394,277843.00106268923,277830.2834205368,277847.2404789625,277826.04440872394,277843.00106268923,277834.52253347175,277843.00106268923,277851.4799963393,277834.52253347175,277813.3279800639,277817.5666884829,277855.719614815,277809.0893727855,277821.80549803784,277834.52253347175,277813.3279800639,277838.7617475241,277834.52253347175,277834.52253347175,277838.7617475241,277821.80549803784,277826.04440872394,277817.5666884829,277809.0893727855,277826.04440872394,277834.52253347175,277838.7617475241,277830.2834205368,277809.0893727855,277817.5666884829,277834.52253347175,277847.2404789625,277826.04440872394,277843.00106268923,277826.04440872394,277813.3279800639,277843.00106268923,277834.52253347175,277834.52253347175,277826.04440872394,277834.52253347175,277838.7617475241,277838.7617475241,277804.85086665227,277847.2404789625,277813.3279800639,277821.80549803784,277821.80549803784,277826.04440872394,277817.5666884829,277834.52253347175,277830.2834205368,277817.5666884829,277813.3279800639,277821.80549803784,277838.7617475241,277817.5666884829,277817.5666884829,277834.52253347175,277800.6124616689,277821.80549803784,277847.2404789625,277817.5666884829,277838.7617475241,277817.5666884829,277847.2404789625,277821.80549803784,277843.00106268923,277834.52253347175,277843.00106268923,277838.7617475241,277826.04440872394,277834.52253347175,277847.2404789625,277804.85086665227,277851.4799963393,277843.00106268923,277843.00106268923,277834.52253347175,277813.3279800639,277847.2404789625,277843.00106268923,277838.7617475241,277838.7617475241,277843.00106268923,277830.2834205368,277834.52253347175,277830.2834205368,277851.4799963393,277859.959334385,277855.719614815,277855.719614815,277859.959334385,0.0,277851.4799963393,277851.4799963393,277855.719614815,277855.719614815,0.0,277859.959334385,277855.719614815,277855.719614815,277855.719614815,0.0,0.0,0.0,277851.4799963393,277859.959334385,0.0,277855.719614815,277859.959334385,0.0,277859.959334385,277859.959334385,277859.959334385,0.0,0.0,277851.4799963393,277859.959334385,277855.719614815,0.0,277859.959334385,277859.959334385,277855.719614815,0.0,277859.959334385,277847.2404789625,277847.2404789625,277843.00106268923,277843.00106268923,277855.719614815,277855.719614815,277834.52253347175,277855.719614815,277847.2404789625,277855.719614815,0.0,277859.959334385,277859.959334385,0.0,0.0,0.0,0.0,277859.959334385,277859.959334385,0.0,277859.959334385
277859.959334385,0.0,277859.959334385,0.0,0.0,277859.959334385,277855.719614815,0.0,0.0,0.0,277851.4799963393,277859.959334385,0.0,277859.959334385,0.0,0.0,0.0,0.0,0.0,277855.719614815,277859.959334385,0.0,0.0,277859.959334385,0.0,277855.719614815,277859.959334385,0.0,0.0,277859.959334385,277859.959334385,277855.719614815,0.0,277859.959334385,0.0,0.0,277855.719614815,277859.959334385,0.0,277859.959334385,277859.959334385,0.0,0.0,0.0,277855.719614815,277855.719614815,0.0,0.0,277859.959334385,0.0,277859.959334385,277859.959334385,277859.959334385,277859.959334385,277855.719614815,0.0,0.0,0.0,0.0,277855.719614815,277859.959334385,277859.959334385,0.0,277851.4799963393,277859.959334385,277859.959334385,0.0,277855.719614815,277855.719614815,277855.719614815,277859.959334385,277851.4799963393,277855.719614815,277855.719614815,277851.4799963393,277855.719614815,277843.00106268923,277834.52253347175,277855.719614815,277843.00106268923,277859.959334385,277851.4799963393,277834.52253347175,277847.2404789625,277834.52253347175,277855.719614815,277843.00106268923,277826.04440872394,277834.52253347175,277843.00106268923,277830.2834205368,277830.2834205368,277843.00106268923,277838.7617475241,277843.00106268923,277838.7617475241,277826.04440872394,277817.5666884829,277830.2834205368,277834.52253347175,277809.0893727855,277838.7617475241,277821.80549803784,277851.4799963393,277851.4799963393,277847.2404789625,277838.7617475241,277843.00106268923,277855.719614815,277817.5666884829,277800.6124616689,277838.7617475241,277843.00106268923,277826.04440872394,277834.52253347175,277838.7617475241,277830.2834205368,277847.2404789625,277843.00106268923,277847.2404789625,277851.4799963393,277809.0893727855,277809.0893727855,277817.5666884829,277826.04440872394,277792.1359551701,277830.2834205368,277830.2834205368,277838.7617475241,277843.00106268923,277821.80549803784,277838.7617475241,277809.0893727855,277826.04440872394,277834.52253347175,277821.80549803784,277834.52253347175,277838.7617475241,277813.3279800639,277826.04440872394,277834.52253347175,277826.04440872394,277813.3279800639,277804.85086665227,277834.52253347175,277826.04440872394,277826.04440872394,277838.7617475241,277843.00106268923,277838.7617475241,277834.52253347175,277834.52253347175,277834.52253347175,277826.04440872394,277817.5666884829,277834.52253347175,277817.5666884829,277826.04440872394,277826.04440872394,277821.80549803784,277800.6124616689,277826.04440872394,277821.80549803784,277826.04440872394,277838.7617475241,277847.2404789625,277813.3279800639,277809.0893727855,277817.5666884829,277838.7617475241,277843.00106268923,277830.2834205368,277843.00106268923,277843.00106268923,277830.2834205368,277821.80549803784,277821.80549803784,277830.2834205368,277847.2404789625,277826.04440872394,277847.2404789625,277843.00106268923,277830.2834205368,277838.7617475241,277817.5666884829,277834.52253347175,277855.719614815,277843.00106268923,277838.7617475241,277843.00106268923,277830.2834205368,277834.52253347175,277813.3279800639,277821.80549803784,277834.52253347175,277847.2404789625,277843.00106268923,277851.4799963393,277838.7617475241,277851.4799963393,277851.4799963393,277847.2404789625,277847.2404789625,0.0,277855.719614815,277859.959334385,0.0,0.0,277859.959334385,277855.719614815,277855.719614815,277859.959334385,277859.959334385,277855.719614815,277855.719614815,277859.959334385,277847.2404789625,0.0,0.0,0.0,277859.959334385,0.0,0.0,0.0,0.0,277855.719614815,0.0,277859.959334385,277855.719614815,277855.719614815,277859.959334385,277859.959334385,277859.959334385,277855.719614815,277847.2404789625,277847.2404789625,277826.04440872394,277847.2404789625,0.0,277855.719614815,277851.4799963393,277855.719614815,277847.2404789625,277855.719614815,277847.2404789625,277855.719614815,277859.959334385,0.0,277855.719614815,277859.959334385,277859.959334385,0.0,0.0,277859.959334385,0.0,0.0
0.0,0.0,277855.719614815,277855.719614815,277851.4799963393,277847.2404789625,277834.52253347175,0.0,277859.959334385,277855.719614815,277859.959334385,277855.719614815,277855.719614815,277859.959334385,0.0,0.0,0.0,277859.959334385,277855.719614815,0.0,0.0,277855.719614815,277855.719614815,277859.959334385,0.0,277859.959334385,277847.2404789625,277855.719614815,0.0,0.0,277859.959334385,0.0,277859.959334385,277859.959334385,277859.959334385,277859.959334385,0.0,0.0,0.0,0.0,0.0,0.0,277859.959334385,277859.959334385,0.0,0.0,277859.959334385,0.0,0.0,277859.959334385,277859.959334385,277855.719614815,277859.959334385,0.0,0.0,0.0,277859.959334385,277859.959334385,277859.959334385,0.0,277855.719614815,0.0,0.0,277855.719614815,0.0,0.0,0.0,277851.4799963393,0.0,0.0,277855.719614815,277851.4799963393,277855.719614815,277851.4799963393,277843.00106268923,277847.2404789625,277851.4799963393,277813.3279800639,277834.52253347175,277847.2404789625,277809.0893727855,277834.52253347175,277843.00106268923,277838.7617475241,277847.2404789625,277838.7617475241,277838.7617475241,277851.4799963393,277834.52253347175,277834.52253347175,277826.04440872394,277821.80549803784,277838.7617475241,277826.04440872394,277843.00106268923,277821.80549803784,277838.7617475241,277838.7617475241,277855.719614815,277843.00106268923,277817.5666884829,277834.52253347175,277817.5666884829,277826.04440872394,277821.80549803784,277838.7617475241,277838.7617475241,277826.04440872394,277847.2404789625,277817.5666884829,277830.2834205368,277838.7617475241,277838.7617475241,277826.04440872394,277826.04440872394,277834.52253347175,277838.7617475241,277834.52253347175,277847.2404789625,277838.7617475241,277851.4799963393,277843.00106268923,277813.3279800639,277809.0893727855,277826.04440872394,277843.00106268923,277826.04440872394,277843.00106268923,277821.80549803784,277826.04440872394,277813.3279800639,277847.2404789625,277843.00106268923,277838.7617475241,277834.52253347175,277838.7617475241,277838.7617475241,277847.2404789625,277838.7617475241,277804.85086665227,277804.85086665227,277821.80549803784,277826.04440872394,277834.52253347175,277830.2834205368,277851.4799963393,277838.7617475241,277847.2404789625,277838.7617475241,277838.7617475241,277851.4799963393,277838.7617475241,277834.52253347175,277826.04440872394,277843.00106268923,277834.52253347175,277821.80549803784,277834.52253347175,277813.3279800639,277792.1359551701,277813.3279800639,277796.3741578399,277817.5666884829,277838.7617475241,277830.2834205368,277826.04440872394,277830.2834205368,277821.80549803784,277813.3279800639,277817.5666884829,277843.00106268923,277826.04440872394,277821.80549803784,277834.52253347175,277826.04440872394,277817.5666884829,277826.04440872394,277834.52253347175,277851.4799963393,277838.7617475241,277834.52253347175,277838.7617475241,277826.04440872394,277838.7617475241,277834.52253347175,277843.00106268923,277826.04440872394,277830.2834205368,277838.7617475241,277843.00106268923,277838.7617475241,277830.2834205368,277830.2834205368,277843.00106268923,277855.719614815,277843.00106268923,277859.959334385,277843.00106268923,277859.959334385,277847.2404789625,277851.4799963393,0.0,277859.959334385,277855.719614815,277851.4799963393,277851.4799963393,277859.959334385,0.0,277859.959334385,277855.719614815,0.0,277855.719614815,277859.959334385,277859.959334385,277847.2404789625,277859.959334385,277851.4799963393,277859.959334385,277859.959334385,277855.719614815,277859.959334385,277859.959334385,277855.719614815,277855.719614815,0.0,0.0,277859.959334385,0.0,277859.959334385,277851.4799963393,0.0,0.0,0.0,277855.719614815,0.0,277855.719614815,0.0,277847.2404789625,277843.00106268923,277847.2404789625,277851.4799963393,0.0,0.0,277855.719614815,277851.4799963393,277843.00106268923,277851.4799963393,277855.719614815,0.0,277859.959334385,277859.959334385,277843.00106268923,277851.4799963393,277851.4799963393,277859.959334385,277859.959334385
277855.719614815,0.0,277855.719614815,277859.959334385,277851.4799963393,277821.80549803784,277838.7617475241,277838.7617475241,277847.2404789625,277855.719614815,277859.959334385,277847.2404789625,277855.719614815,277859.959334385,277855.719614815,277859.959334385,277851.4799963393,277859.959334385,277859.959334385,277859.959334385,277847.2404789625,0.0,0.0,277851.4799963393,277851.4799963393,277859.959334385,277859.959334385,277859.959334385,0.0,0.0,277859.959334385,277859.959334385,0.0,0.0,277859.959334385,0.0,277847.2404789625,277847.2404789625,0.0,277859.959334385,0.0,0.0,277859.959334385,0.0,277855.719614815,277855.719614815,0.0,0.0,0.0,277859.959334385,277859.959334385,277855.719614815,277859.959334385,277859.959334385,0.0,277859.959334385,277859.959334385,0.0,0.0,0.0,0.0,0.0,0.0,277855.719614815,277859.959334385,277859.959334385,0.0,277859.959334385,277859.959334385,277855.719614815,277859.959334385,277851.4799963393,277843.00106268923,277843.00106268923,277855.719614815,277847.2404789625,277855.719614815,277834.52253347175,277851.4799963393,277843.00106268923,277838.7617475241,277830.2834205368,277838.7617475241,277855.719614815,277834.52253347175,277834.52253347175,277796.3741578399,277847.2404789625,277838.7617475241,277830.2834205368,277834.52253347175,277817.5666884829,277821.80549803784,277851.4799963393,277843.00106268923,277847.2404789625,277830.2834205368,277830.2834205368,277821.80549803784,277821.80549803784,277843.00106268923,277838.7617475241,277813.3279800639,277834.52253347175,277830.2834205368,277851.4799963393,277834.52253347175,277834.52253347175,277843.00106268923,277847.2404789625,277834.52253347175,277843.00106268923,277838.7617475241,277830.2834205368,277855.719614815,277826.04440872394,277826.04440872394,277843.00106268923,277838.7617475241,277838.7617475241,277834.52253347175,277813.3279800639,277826.04440872394,277838.7617475241,277843.00106268923,277817.5666884829,277830.2834205368,277838.7617475241,277813.3279800639,277838.7617475241,277826.04440872394,277834.52253347175,277834.52253347175,277826.04440872394,277826.04440872394,277838.7617475241,277821.80549803784,277843.00106268923,277813.3279800639,277830.2834205368,277826.04440872394,277809.0893727855,277843.00106268923,277826.04440872394,277821.80549803784,277821.80549803784,277826.04440872394,277838.7617475241,277838.7617475241,277834.52253347175,277830.2834205368,277826.04440872394,277851.4799963393,277826.04440872394,277830.2834205368,277843.00106268923,277838.7617475241,277821.80549803784,277813.3279800639,277775.18415617413,277796.3741578399,277800.6124616689,277804.85086665227,277838.7617475241,277830.2834205368,277834.52253347175,277843.00106268923,277830.2834205368,277826.04440872394,277809.0893727855,277838.7617475241,277800.6124616689,277847.2404789625,277821.80549803784,277838.7617475241,277838.7617475241,277830.2834205368,277830.2834205368,0.0,277826.04440872394,277843.00106268923,277847.2404789625,277834.52253347175,277830.2834205368,277838.7617475241,277834.52253347175,277834.52253347175,277834.52253347175,277813.3279800639,277834.52253347175,277834.52253347175,277817.5666884829,277830.2834205368,277847.2404789625,277847.2404789625,277838.7617475241,277847.2404789625,277851.4799963393,277830.2834205368,277859.959334385,277851.4799963393,277855.719614815,277855.719614815,277855.719614815,0.0,277855.719614815,0.0,0.0,277855.719614815,0.0,277855.719614815,277855.719614815,277855.719614815,277855.719614815,277855.719614815,277855.719614815,277855.719614815,277859.959334385,277855.719614815,277851.4799963393,277859.959334385,277855.719614815,0.0,0.0,277859.959334385,277855.719614815,277859.959334385,277855.719614815,277851.4799963393,0.0,277859.959334385,277859.959334385,277847.2404789625,0.0,277859.959334385,277851.4799963393,277834.52253347175,277847.2404789625,277851.4799963393,277855.719614815,0.0,277859.959334385,277843.00106268923,277855.719614815,277855.719614815,277859.959334385,277855.719614815,277859.959334385,277855.719614815,277855.719614815,0.0,0.0,277843.00106268923,277851.4799963393,277859.959334385,277851.4799963393
277859.959334385,277838.7617475241,277851.4799963393,277847.2404789625,277851.4799963393,277843.00106268923,277800.6124616689,277821.80549803784,277847.2404789625,277830.2834205368,277838.7617475241,277843.00106268923,277855.719614815,277843.00106268923,277859.959334385,0.0,277851.4799963393,277851.4799963393,277859.959334385,0.0,0.0,277859.959334385,277851.4799963393,0.0,277847.2404789625,277855.719614815,277859.959334385,277859.959334385,277859.959334385,0.0,0.0,0.0,277859.959334385,0.0,0.0,0.0,0.0,277855.719614815,277859.959334385,0.0,0.0,277855.719614815,0.0,277859.959334385,277859.959334385,277859.959334385,277859.959334385,277859.959334385,0.0,0.0,277859.959334385,277855.719614815,0.0,277859.959334385,277859.959334385,277859.959334385,0.0,277859.959334385,277859.959334385,0.0,0.0,0.0,277859.959334385,0.0,277851.4799963393,277855.719614815,277855.719614815,277851.4799963393,277859.959334385,0.0,0.0,277859.959334385,277855.719614815,277855.719614815,277859.959334385,277834.52253347175,277843.00106268923,277843.00106268923,277855.719614815,277847.2404789625,277843.00106268923,277826.04440872394,277843.00106268923,277851.4799963393,277847.2404789625,277826.04440872394,277834.52253347175,277838.7617475241,277817.5666884829,277834.52253347175,277826.04440872394,277817.5666884829,277826.04440872394,277843.00106268923,277851.4799963393,277821.80549803784,277847.2404789625,277830.2834205368,277834.52253347175,277834.52253347175,277830.2834205368,277834.52253347175,277847.2404789625,277855.719614815,277830.2834205368,277851.4799963393,277843.00106268923,277804.85086665227,277834.52253347175,277813.3279800639,277830.2834205368,277834.52253347175,277843.00106268923,277813.3279800639,277838.7617475241,277834.52253347175,277843.00106268923,277834.52253347175,277847.2404789625,277834.52253347175,277851.4799963393,277830.2834205368,277838.7617475241,277838.7617475241,277855.719614815,277843.00106268923,277838.7617475241,277843.00106268923,277826.04440872394,277821.80549803784,277847.2404789625,277834.52253347175,277821.80549803784,277817.5666884829,277809.0893727855,277817.5666884829,277834.52253347175,277830.2834205368,277826.04440872394,277826.04440872394,277834.52253347175,277821.80549803784,277813.3279800639,277826.04440872394,277826.04440872394,277809.0893727855,277838.7617475241,277821.80549803784,277817.5666884829,277830.2834205368,277843.00106268923,277843.00106268923,277826.04440872394,277821.80549803784,277843.00106268923,277847.2404789625,277817.5666884829,277830.2834205368,277817.5666884829,277813.3279800639,277838.7617475241,277817.5666884829,277821.80549803784,277826.04440872394,277821.80549803784,277830.2834205368,277826.04440872394,277787.89785366395,277834.52253347175,277834.52253347175,277826.04440872394,277834.52253347175,277821.80549803784,277834.52253347175,277855.719614815,277847.2404789625,277826.04440872394,277834.52253347175,277843.00106268923,277830.2834205368,277826.04440872394,277830.2834205368,277830.2834205368,277830.2834205368,277826.04440872394,277830.2834205368,277826.04440872394,277843.00106268923,277817.5666884829,277843.00106268923,277830.2834205368,277834.52253347175,277838.7617475241,277838.7617475241,277826.04440872394,277855.719614815,277855.719614815,277847.2404789625,277851.4799963393,277843.00106268923,277843.00106268923,277851.4799963393,0.0,0.0,277843.00106268923,277847.2404789625,277859.959334385,277859.959334385,277859.959334385,277859.959334385,277855.719614815,0.0,0.0,277855.719614815,0.0,277859.959334385,277859.959334385,0.0,277855.719614815,277855.719614815,277847.2404789625,277847.2404789625,277859.959334385,277859.959334385,277859.959334385,277859.959334385,277855.719614815,0.0,277859.959334385,277859.959334385,277859.959334385,0.0,277859.959334385,277855.719614815,277855.719614815,277855.719614815,277838.7617475241,277855.719614815,277847.2404789625,277855.719614815,0.0,277851.4799963393,277843.00106268923,277826.04440872394,277843.00106268923,277855.719614815,277851.4799963393,277859.959334385,277851.4799963393,277847.2404789625,277855.719614815,277843.00106268923,277838.7617475241,277843.00106268923,277855.719614815,277859.959334385
277851.4799963393,277817.5666884829,277847.2404789625,277851.4799963393,277851.4799963393,277834.52253347175,277796.3741578399,277826.04440872394,277830.2834205368,277821.80549803784,277838.7617475241,277796.3741578399,277838.7617475241,277851.4799963393,277851.4799963393,277859.959334385,277851.4799963393,277859.959334385,277855.719614815,277851.4799963393,277855.719614815,0.0,277859.959334385,0.0,0.0,277855.719614815,277851.4799963393,277855.719614815,277855.719614815,277859.959334385,277855.719614815,277859.959334385,277859.959334385,277859.959334385,0.0,277855.719614815,0.0,0.0,277859.959334385,277859.959334385,277859.959334385,0.0,0.0,277855.719614815,277855.719614815,0.0,0.0,277855.719614815,277855.719614815,277859.959334385,277859.959334385,277859.959334385,0.0,277859.959334385,277859.959334385,0.0,277859.959334385,277855.719614815,0.0,0.0,0.0,0.0,277859.959334385,0.0,277859.959334385,0.0,0.0,277859.959334385,277855.719614815,277859.959334385,277847.2404789625,277859.959334385,277859.959334385,277847.2404789625,277838.7617475241,277838.7617475241,0.0,277847.2404789625,277851.4799963393,277830.2834205368,277821.80549803784,277821.80549803784,277838.7617475241,277830.2834205368,277830.2834205368,277838.7617475241,277830.2834205368,277817.5666884829,277826.04440872394,277834.52253347175,277817.5666884829,277838.7617475241,277830.2834205368,277826.04440872394,277830.2834205368,277830.2834205368,277809.0893727855,277817.5666884829,277830.2834205368,277809.0893727855,277834.52253347175,277847.2404789625,277800.6124616689,277813.3279800639,277847.2404789625,277838.7617475241,277826.04440872394,277847.2404789625,277847.2404789625,277834.52253347175,277826.04440872394,277847.2404789625,277838.7617475241,277847.2404789625,277843.00106268923,277847.2404789625,277830.2834205368,277826.04440872394,277830.2834205368,277826.04440872394,277826.04440872394,277847.2404789625,277809.0893727855,277821.80549803784,277838.7617475241,277817.5666884829,277830.2834205368,277843.00106268923,277826.04440872394,277838.7617475241,277830.2834205368,277826.04440872394,277813.3279800639,277813.3279800639,277838.7617475241,277813.3279800639,277830.2834205368,277817.5666884829,277830.2834205368,277830.2834205368,277821.80549803784,277817.5666884829,277834.52253347175,277843.00106268923,277838.7617475241,277821.80549803784,277838.7617475241,277821.80549803784,277838.7617475241,277838.7617475241,277838.7617475241,277817.5666884829,277830.2834205368,277838.7617475241,277847.2404789625,277843.00106268923,277830.2834205368,277830.2834205368,277830.2834205368,277826.04440872394,277838.7617475241,277830.2834205368,277847.2404789625,277851.4799963393,277843.00106268923,277838.7617475241,277834.52253347175,277838.7617475241,277834.52253347175,277838.7617475241,277817.5666884829,277838.7617475241,277830.2834205368,277847.2404789625,277838.7617475241,277834.52253347175,277851.4799963393,277851.4799963393,277830.2834205368,277821.80549803784,277809.0893727855,277821.80549803784,277830.2834205368,277834.52253347175,277826.04440872394,277838.7617475241,277847.2404789625,277809.0893727855,277847.2404789625,277847.2404789625,277838.7617475241,277813.3279800639,277851.4799963393,277838.7617475241,277834.52253347175,277847.2404789625,277838.7617475241,277847.2404789625,277851.4799963393,277843.00106268923,277855.719614815,0.0,277851.4799963393,277859.959334385,277855.719614815,277859.959334385,0.0,277859.959334385,277859.959334385,277859.959334385,0.0,277855.719614815,277859.959334385,277859.959334385,0.0,277855.719614815,277847.2404789625,277851.4799963393,277855.719614815,277855.719614815,277855.719614815,277843.00106268923,0.0,277855.719614815,277855.719614815,277855.719614815,0.0,0.0,0.0,277859.959334385,277859.959334385,277859.959334385,277855.719614815,277859.959334385,277859.959334385,277838.7617475241,277851.4799963393,277847.2404789625,277859.959334385,277851.4799963393,277859.959334385,277855.719614815,277847.2404789625,277855.719614815,277847.2404789625,277859.959334385,277843.00106268923,277859.959334385,277847.2404789625,277851.4799963393,277859.959334385,277843.00106268923,277817.5666884829,277821.80549803784,277838.7617475241,277851.4799963393
277851.4799963393,277834.52253347175,277821.80549803784,277838.7617475241,277826.04440872394,277834.52253347175,277821.80549803784,277834.52253347175,277826.04440872394,277855.719614815,277855.719614815,277838.7617475241,277838.7617475241,277843.00106268923,277851.4799963393,277855.719614815,277847.2404789625,277859.959334385,277855.719614815,277859.959334385,0.0,277859.959334385,277855.719614815,277855.719614815,277855.719614815,277851.4799963393,277847.2404789625,277859.959334385,0.0,0.0,277851.4799963393,277859.959334385,277859.959334385,0.0,0.0,277859.959334385,277859.959334385,277859.959334385,0.0,0.0,0.0,0.0,0.0,277851.4799963393,277859.959334385,0.0,0.0,277859.959334385,0.0,0.0,277859.959334385,277859.959334385,0.0,0.0,277859.959334385,0.0,0.0,277859.959334385,277859.959334385,0.0,0.0,277859.959334385,277859.959334385,277851.4799963393,277859.959334385,0.0,277855.719614815,277859.959334385,277859.959334385,277855.719614815,277851.4799963393,277855.719614815,277859.959334385,277859.959334385,277843.00106268923,277851.4799963393,277834.52253347175,277847.2404789625,277859.959334385,277830.2834205368,277838.7617475241,277821.80549803784,277800.6124616689,277851.4799963393,277843.00106268923,277826.04440872394,277847.2404789625,277830.2834205368,277834.52253347175,277847.2404789625,277838.7617475241,277843.00106268923,277834.52253347175,277847.2404789625,277826.04440872394,277826.04440872394,277826.04440872394,0.0,277838.7617475241,277826.04440872394,277851.4799963393,277847.2404789625,277821.80549803784,277826.04440872394,277843.00106268923,277847.2404789625,277834.52253347175,277830.2834205368,277821.80549803784,277843.00106268923,277838.7617475241,277826.04440872394,277843.00106268923,277838.7617475241,277830.2834205368,277796.3741578399,277843.00106268923,277847.2404789625,277838.7617475241,277843.00106268923,277834.52253347175,277843.00106268923,277834.52253347175,277830.2834205368,277855.719614815,277826.04440872394,277847.2404789625,277851.4799963393,277830.2834205368,277838.7617475241,277834.52253347175,277838.7617475241,277826.04440872394,277838.7617475241,277826.04440872394,277834.52253347175,277838.7617475241,277830.2834205368,277830.2834205368,277843.00106268923,277813.3279800639,277817.5666884829,277838.7617475241,277843.00106268923,277838.7617475241,277830.2834205368,277851.4799963393,277843.00106268923,277834.52253347175,277838.7617475241,277830.2834205368,277821.80549803784,277826.04440872394,277821.80549803784,277843.00106268923,277830.2834205368,277855.719614815,277834.52253347175,277847.2404789625,277821.80549803784,277821.80549803784,277821.80549803784,277851.4799963393,277821.80549803784,277851.4799963393,277834.52253347175,277817.5666884829,277830.2834205368,277834.52253347175,277838.7617475241,277851.4799963393,277830.2834205368,277813.3279800639,277855.719614815,277817.5666884829,277843.00106268923,277838.7617475241,277821.80549803784,277834.52253347175,277847.2404789625,277834.52253347175,277859.959334385,277843.00106268923,277851.4799963393,277843.00106268923,277821.80549803784,277821.80549803784,277826.04440872394,277847.2404789625,277847.2404789625,277834.52253347175,277826.04440872394,277851.4799963393,277847.2404789625,0.0,277847.2404789625,0.0,277851.4799963393,277851.4799963393,277847.2404789625,277851.4799963393,277859.959334385,277859.959334385,277855.719614815,277851.4799963393,277859.959334385,0.0,277859.959334385,277859.959334385,277855.719614815,277859.959334385,277859.959334385,277859.959334385,277851.4799963393,277859.959334385,277855.719614815,277859.959334385,277851.4799963393,0.0,277859.959334385,0.0,277859.959334385,277859.959334385,277855.719614815,0.0,0.0,0.0,0.0,277855.719614815,277859.959334385,277855.719614815,0.0,277851.4799963393,0.0,277855.719614815,277855.719614815,277843.00106268923,277855.719614815,277855.719614815,277859.959334385,0.0,277851.4799963393,0.0,277851.4799963393,277859.959334385,277847.2404789625,277851.4799963393,277855.719614815,277838.7617475241,0.0,277851.4799963393,277834.52253347175,277834.52253347175,277830.2834205368,277855.719614815,277859.959334385
277847.2404789625,277851.4799963393,277830.2834205368,0.0,277855.719614815,277851.4799963393,277859.959334385,277855.719614815,277851.4799963393,277847.2404789625,277859.959334385,277838.7617475241,277838.7617475241,277851.4799963393,277851.4799963393,277851.4799963393,277855.719614815,0.0,0.0,277859.959334385,277855.719614815,277859.959334385,277847.2404789625,277859.959334385,277847.2404789625,277859.959334385,277855.719614815,277847.2404789625,277859.959334385,0.0,277851.4799963393,277859.959334385,0.0,277859.959334385,277855.719614815,0.0,277859.959334385,0.0,277847.2404789625,277859.959334385,0.0,0.0,277855.719614815,277859.959334385,277859.959334385,277855.719614815,277855.719614815,277859.959334385,277855.719614815,277855.719614815,277859.959334385,277859.959334385,277859.959334385,0.0,277859.959334385,0.0,277851.4799963393,277859.959334385,277859.959334385,277855.719614815,277855.719614815,277855.719614815,277859.959334385,0.0,277851.4799963393,277859.959334385,277855.719614815,0.0,277855.719614815,0.0,277851.4799963393,277859.959334385,277851.4799963393,277855.719614815,277859.959334385,277851.4799963393,277847.2404789625,277843.00106268923,277847.2404789625,277859.959334385,277830.2834205368,277817.5666884829,277855.719614815,277843.00106268923,277834.52253347175,277843.00106268923,277847.2404789625,277830.2834205368,277813.3279800639,277830.2834205368,277834.52253347175,277855.719614815,277821.80549803784,277830.2834205368,277838.7617475241,277838.7617475241,277843.00106268923,277843.00106268923,277834.52253347175,277843.00106268923,277834.52253347175,277830.2834205368,277838.7617475241,277855.719614815,277821.80549803784,277834.52253347175,277843.00106268923,277847.2404789625,277821.80549803784,277855.719614815,277826.04440872394,277838.7617475241,277813.3279800639,277834.52253347175,277826.04440872394,277843.00106268923,277821.80549803784,277826.04440872394,277847.2404789625,277826.04440872394,277826.04440872394,277834.52253347175,277847.2404789625,277813.3279800639,277826.04440872394,277847.2404789625,277821.80549803784,277834.52253347175,277826.04440872394,277830.2834205368,277826.04440872394,277851.4799963393,277821.80549803784,277847.2404789625,277838.7617475241,277826.04440872394,277826.04440872394,277834.52253347175,277826.04440872394,277821.80549803784,277838.7617475241,277843.00106268923,277834.52253347175,277838.7617475241,277826.04440872394,277834.52253347175,277826.04440872394,277809.0893727855,277830.2834205368,277826.04440872394,277830.2834205368,277847.2404789625,277843.00106268923,277830.2834205368,277847.2404789625,277843.00106268923,277809.0893727855,277830.2834205368,277830.2834205368,277821.80549803784,277834.52253347175,277826.04440872394,277851.4799963393,277817.5666884829,277826.04440872394,277821.80549803784,277817.5666884829,277838.7617475241,277843.00106268923,277843.00106268923,277817.5666884829,277851.4799963393,277834.52253347175,277826.04440872394,277821.80549803784,277821.80549803784,277834.52253347175,277826.04440872394,277851.4799963393,277843.00106268923,277826.04440872394,277838.7617475241,277834.52253347175,277838.7617475241,277817.5666884829,277851.4799963393,277830.2834205368,277847.2404789625,277834.52253347175,277851.4799963393,277843.00106268923,277847.2404789625,277855.719614815,277834.52253347175,277851.4799963393,277843.00106268923,277834.52253347175,277851.4799963393,277851.4799963393,277847.2404789625,277851.4799963393,277855.719614815,277851.4799963393,277851.4799963393,277847.2404789625,277855.719614815,277859.959334385,277855.719614815,277859.959334385,277855.719614815,277851.4799963393,277859.959334385,277851.4799963393,0.0,0.0,277851.4799963393,277855.719614815,0.0,277855.719614815,277855.719614815,277859.959334385,277859.959334385,0.0,277859.959334385,277859.959334385,0.0,0.0,277855.719614815,0.0,277859.959334385,277855.719614815,277859.959334385,277855.719614815,277855.719614815,277851.4799963393,277851.4799963393,277847.2404789625,277851.4799963393,277851.4799963393,277855.719614815,277859.959334385,277855.719614815,277847.2404789625,277851.4799963393,277851.4799963393,277851.4799963393,0.0,277859.959334385,277847.2404789625,277859.959334385,277859.959334385,277859.959334385,277838.7617475241,277851.4799963393,277855.719614815,277851.4799963393
277830.2834205368,277855.719614815,277851.4799963393,277851.4799963393,0.0,277859.959334385,277859.959334385,277851.4799963393,277855.719614815,277851.4799963393,277851.4799963393,277855.719614815,277843.00106268923,277855.719614815,277843.00106268923,277851.4799963393,277855.719614815,0.0,0.0,0.0,277855.719614815,277859.959334385,277855.719614815,277859.959334385,0.0,277859.959334385,277851.4799963393,277843.00106268923,277855.719614815,277859.959334385,0.0,277859.959334385,0.0,0.0,0.0,0.0,277859.959334385,0.0,277859.959334385,277859.959334385,277847.2404789625,277859.959334385,277851.4799963393,277859.959334385,0.0,0.0,277855.719614815,277855.719614815,0.0,0.0,277855.719614815,277859.959334385,277859.959334385,277855.719614815,0.0,277859.959334385,277859.959334385,277859.959334385,0.0,0.0,0.0,0.0,0.0,277859.959334385,0.0,277859.959334385,0.0,277859.959334385,277855.719614815,277859.959334385,277859.959334385,277855.719614815,0.0,277847.2404789625,0.0,277843.00106268923,277843.00106268923,277843.00106268923,277843.00106268923,277859.959334385,277830.2834205368,277834.52253347175,277838.7617475241,277851.4799963393,277847.2404789625,277826.04440872394,277851.4799963393,277817.5666884829,277838.7617475241,277843.00106268923,277834.52253347175,277834.52253347175,277826.04440872394,277834.52253347175,277843.00106268923,277830.2834205368,277838.7617475241,277847.2404789625,277851.4799963393,277847.2404789625,277851.4799963393,277847.2404789625,277834.52253347175,277834.52253347175,277843.00106268923,277851.4799963393,277830.2834205368,277830.2834205368,277834.52253347175,277847.2404789625,277834.52253347175,277847.2404789625,277834.52253347175,277821.80549803784,277817.5666884829,277834.52253347175,277826.04440872394,277834.52253347175,277826.04440872394,277787.89785366395,277830.2834205368,277830.2834205368,277851.4799963393,277847.2404789625,277813.3279800639,277851.4799963393,277817.5666884829,277813.3279800639,277838.7617475241,277838.7617475241,277826.04440872394,277834.52253347175,277838.7617475241,277847.2404789625,277838.7617475241,277830.2834205368,277830.2834205368,277834.52253347175,277843.00106268923,277834.52253347175,277834.52253347175,277817.5666884829,277843.00106268923,277851.4799963393,277830.2834205368,277847.2404789625,277834.52253347175,277821.80549803784,277821.80549803784,277843.00106268923,277830.2834205368,277817.5666884829,277830.2834205368,277859.959334385,277843.00106268923,277826.04440872394,277838.7617475241,277838.7617475241,277847.2404789625,277817.5666884829,277834.52253347175,277838.7617475241,277821.80549803784,277830.2834205368,277813.3279800639,277834.52253347175,277847.2404789625,277821.80549803784,277843.00106268923,277847.2404789625,277843.00106268923,277834.52253347175,277838.7617475241,277830.2834205368,277826.04440872394,277843.00106268923,277838.7617475241,277826.04440872394,277834.52253347175,277855.719614815,277843.00106268923,277847.2404789625,277834.52253347175,277855.719614815,277834.52253347175,277851.4799963393,277843.00106268923,277830.2834205368,277851.4799963393,277855.719614815,277843.00106268923,277851.4799963393,277838.7617475241,277834.52253347175,277855.719614815,277847.2404789625,277855.719614815,277855.719614815,277851.4799963393,277851.4799963393,277851.4799963393,277838.7617475241,277851.4799963393,0.0,277855.719614815,277859.959334385,277847.2404789625,0.0,277859.959334385,277859.959334385,277859.959334385,0.0,277855.719614815,277855.719614815,0.0,0.0,277855.719614815,0.0,277859.959334385,277859.959334385,277859.959334385,277855.719614815,0.0,277855.719614815,277859.959334385,277859.959334385,0.0,0.0,0.0,277855.719614815,277855.719614815,277859.959334385,0.0,277855.719614815,277859.959334385,277859.959334385,277855.719614815,277855.719614815,0.0,277851.4799963393,277859.959334385,0.0,277855.719614815,277855.719614815,0.0,0.0,0.0,277855.719614815,0.0,277855.719614815,277855.719614815,0.0,277855.719614815,0.0,277859.959334385,0.0
277859.959334385,277838.7617475241,277859.959334385,277859.959334385,277859.959334385,277855.719614815,277843.00106268923,277859.959334385,277859.959334385,277859.959334385,277847.2404789625,0.0,277859.959334385,277851.4799963393,277855.719614815,277855.719614815,0.0,0.0,277851.4799963393,0.0,277859.959334385,277859.959334385,277859.959334385,277855.719614815,277855.719614815,277855.719614815,0.0,0.0,277859.959334385,0.0,277859.959334385,277859.959334385,0.0,277859.959334385,277855.719614815,277859.959334385,0.0,277847.2404789625,277859.959334385,277855.719614815,277859.959334385,277859.959334385,0.0,0.0,277859.959334385,277859.959334385,0.0,0.0,0.0,277855.719614815,277859.959334385,277859.959334385,0.0,0.0,277855.719614815,0.0,0.0,0.0,277859.959334385,0.0,0.0,277859.959334385,277859.959334385,277859.959334385,0.0,0.0,0.0,277843.00106268923,277859.959334385,277855.719614815,277855.719614815,277851.4799963393,277847.2404789625,0.0,277855.719614815,277847.2404789625,277851.4799963393,277851.4799963393,277855.719614815,277830.2834205368,277834.52253347175,277834.52253347175,277855.719614815,277851.4799963393,277851.4799963393,277851.4799963393,277834.52253347175,277830.2834205368,277851.4799963393,277834.52253347175,277830.2834205368,277817.5666884829,277834.52253347175,277847.2404789625,277843.00106268923,277821.80549803784,277830.2834205368,277843.00106268923,277843.00106268923,277821.80549803784,277826.04440872394,277859.959334385,277843.00106268923,277851.4799963393,277830.2834205368,277843.00106268923,277838.7617475241,277817.5666884829,277826.04440872394,277821.80549803784,277838.7617475241,277830.2834205368,277834.52253347175,277855.719614815,277826.04440872394,277834.52253347175,277843.00106268923,277813.3279800639,277847.2404789625,277843.00106268923,277830.2834205368,277838.7617475241,277821.80549803784,277851.4799963393,277855.719614815,277813.3279800639,277830.2834205368,277826.04440872394,277830.2834205368,277826.04440872394,277847.2404789625,277830.2834205368,277826.04440872394,277821.80549803784,277813.3279800639,277847.2404789625,277847.2404789625,277813.3279800639,277817.5666884829,277809.0893727855,277847.2404789625,277851.4799963393,277847.2404789625,277830.2834205368,277834.52253347175,277826.04440872394,277813.3279800639,277826.04440872394,277847.2404789625,277830.2834205368,277838.7617475241,277826.04440872394,277838.7617475241,277826.04440872394,277843.00106268923,277826.04440872394,277830.2834205368,277843.00106268923,277826.04440872394,277838.7617475241,277838.7617475241,277826.04440872394,277838.7617475241,277821.80549803784,277847.2404789625,277817.5666884829,277834.52253347175,277847.2404789625,277838.7617475241,277847.2404789625,277830.2834205368,277847.2404789625,277838.7617475241,277826.04440872394,277830.2834205368,277847.2404789625,277851.4799963393,277843.00106268923,277834.52253347175,277826.04440872394,277847.2404789625,277838.7617475241,277834.52253347175,277843.00106268923,277843.00106268923,277838.7617475241,277851.4799963393,277830.2834205368,277838.7617475241,277847.2404789625,277834.52253347175,277838.7617475241,277851.4799963393,277855.719614815,277838.7617475241,277859.959334385,277855.719614815,277859.959334385,277851.4799963393,277847.2404789625,0.0,277855.719614815,277843.00106268923,277843.00106268923,277859.959334385,277855.719614815,277859.959334385,277859.959334385,0.0,277859.959334385,277859.959334385,0.0,277851.4799963393,277855.719614815,277855.719614815,277851.4799963393,0.0,277859.959334385,277855.719614815,277859.959334385,277859.959334385,277851.4799963393,277851.4799963393,277855.719614815,0.0,277859.959334385,277851.4799963393,277859.959334385,277855.719614815,0.0,277843.00106268923,277859.959334385,277851.4799963393,277843.00106268923,277859.959334385,277859.959334385,277859.959334385,277843.00106268923,277847.2404789625,277855.719614815,277859.959334385,277847.2404789625,277855.719614815,277859.959334385,277859.959334385,0.0,277855.719614815,277851.4799963393,277859.959334385,277851.4799963393,277859.959334385,277859.959334385,277855.719614815,277859.959334385,277859.959334385,277859.959334385
277834.52253347175,277851.4799963393,277859.959334385,277851.4799963393,277855.719614815,277855.719614815,277855.719614815,277859.959334385,277851.4799963393,277834.52253347175,277855.719614815,277859.959334385,277859.959334385,277859.959334385,277859.959334385,277855.719614815,277855.719614815,277851.4799963393,277859.959334385,277859.959334385,277859.959334385,277859.959334385,277855.719614815,277859.959334385,277838.7617475241,277859.959334385,277859.959334385,277855.719614815,277855.719614815,277855.719614815,277859.959334385,277855.719614815,0.0,277859.959334385,277859.959334385,0.0,277859.959334385,277859.959334385,277855.719614815,0.0,0.0,277859.959334385,0.0,0.0,0.0,0.0,277859.959334385,0.0,277859.959334385,277859.959334385,277859.959334385,0.0,0.0,277851.4799963393,277851.4799963393,277851.4799963393,0.0,0.0,0.0,277859.959334385,0.0,277859.959334385,277859.959334385,277859.959334385,277859.959334385,0.0,277859.959334385,0.0,277859.959334385,0.0,277859.959334385,277859.959334385,277859.959334385,277859.959334385,277851.4799963393,277843.00106268923,277847.2404789625,277851.4799963393,277834.52253347175,277834.52253347175,277847.2404789625,277838.7617475241,277834.52253347175,277847.2404789625,277838.7617475241,277851.4799963393,277838.7617475241,277826.04440872394,277830.2834205368,277834.52253347175,277843.00106268923,277817.5666884829,277826.04440872394,277851.4799963393,277834.52253347175,277851.4799963393,277838.7617475241,277855.719614815,277838.7617475241,277843.00106268923,277847.2404789625,277847.2404789625,277834.52253347175,277830.2834205368,277838.7617475241,277834.52253347175,277830.2834205368,277817.5666884829,277834.52253347175,277830.2834205368,277821.80549803784,277855.719614815,277813.3279800639,277838.7617475241,277834.52253347175,277847.2404789625,277830.2834205368,277843.00106268923,277821.80549803784,277817.5666884829,277830.2834205368,277826.04440872394,277847.2404789625,277813.3279800639,277830.2834205368,277843.00106268923,277826.04440872394,277834.52253347175,277843.00106268923,277838.7617475241,277843.00106268923,277838.7617475241,277847.2404789625,277830.2834205368,277821.80549803784,277855.719614815,277800.6124616689,277843.00106268923,277838.7617475241,277834.52253347175,277843.00106268923,277843.00106268923,277830.2834205368,277826.04440872394,277838.7617475241,277821.80549803784,277847.2404789625,277838.7617475241,277830.2834205368,277838.7617475241,277830.2834205368,277826.04440872394,277830.2834205368,277821.80549803784,277817.5666884829,277851.4799963393,277834.52253347175,277830.2834205368,277843.00106268923,277843.00106268923,277838.7617475241,277851.4799963393,277843.00106268923,277834.52253347175,277834.52253347175,277821.80549803784,277838.7617475241,0.0,277843.00106268923,277851.4799963393,277847.2404789625,277843.00106268923,277843.00106268923,277843.00106268923,277847.2404789625,277851.4799963393,277855.719614815,277847.2404789625,277843.00106268923,277855.719614815,277838.7617475241,277821.80549803784,277838.7617475241,277838.7617475241,277817.5666884829,277830.2834205368,277830.2834205368,277851.4799963393,277847.2404789625,277847.2404789625,277834.52253347175,277855.719614815,277843.00106268923,277851.4799963393,277851.4799963393,277838.7617475241,277838.7617475241,277851.4799963393,277851.4799963393,277859.959334385,277847.2404789625,277843.00106268923,277855.719614815,277851.4799963393,277859.959334385,277847.2404789625,0.0,277855.719614815,0.0,277859.959334385,277851.4799963393,277855.719614815,277855.719614815,0.0,0.0,277855.719614815,277855.719614815,277855.719614815,277859.959334385,277859.959334385,277855.719614815,0.0,277859.959334385,0.0,277851.4799963393,277855.719614815,0.0,0.0,0.0,0.0,277859.959334385,277855.719614815,0.0,277855.719614815,277855.719614815,277851.4799963393,277851.4799963393,277855.719614815,277851.4799963393,277851.4799963393,277847.2404789625,277859.959334385,277855.719614815,0.0,277847.2404789625,0.0,277847.2404789625,277851.4799963393,0.0,277859.959334385,0.0,277843.00106268923,277843.00106268923,277859.959334385,277859.959334385,277847.2404789625
277855.719614815,277851.4799963393,277843.00106268923,277855.719614815,277859.959334385,277859.959334385,277847.2404789625,277847.2404789625,277813.3279800639,277821.80549803784,277787.89785366395,277838.7617475241,277851.4799963393,277855.719614815,277851.4799963393,277855.719614815,277851.4799963393,277855.719614815,277859.959334385,0.0,277855.719614815,0.0,277855.719614815,277855.719614815,277859.959334385,0.0,277855.719614815,277859.959334385,0.0,277851.4799963393,0.0,277859.959334385,277847.2404789625,277859.959334385,277859.959334385,277859.959334385,0.0,277855.719614815,277859.959334385,0.0,0.0,277855.719614815,277855.719614815,277859.959334385,0.0,0.0,0.0,277859.959334385,277855.719614815,277859.959334385,277859.959334385,277859.959334385,277859.959334385,277859.959334385,0.0,0.0,277859.959334385,277859.959334385,0.0,0.0,0.0,277851.4799963393,0.0,0.0,277859.959334385,0.0,0.0,277859.959334385,0.0,0.0,277859.959334385,0.0,0.0,0.0,277855.719614815,277855.719614815,277847.2404789625,277847.2404789625,277851.4799963393,277830.2834205368,277847.2404789625,277838.7617475241,277834.52253347175,277851.4799963393,277847.2404789625,277847.2404789625,277834.52253347175,277813.3279800639,277834.52253347175,277826.04440872394,277834.52253347175,277826.04440872394,277834.52253347175,277851.4799963393,277851.4799963393,277830.2834205368,277843.00106268923,277826.04440872394,277834.52253347175,277826.04440872394,277843.00106268923,277843.00106268923,277817.5666884829,277855.719614815,277838.7617475241,277843.00106268923,277838.7617475241,277843.00106268923,277838.7617475241,277830.2834205368,277851.4799963393,277821.80549803784,277830.2834205368,277838.7617475241,277847.2404789625,277830.2834205368,277830.2834205368,277821.80549803784,277830.2834205368,277843.00106268923,277826.04440872394,277838.7617475241,277826.04440872394,277804.85086665227,277817.5666884829,277830.2834205368,277817.5666884829,277834.52253347175,277817.5666884829,277838.7617475241,277838.7617475241,277826.04440872394,277843.00106268923,277847.2404789625,277843.00106268923,277855.719614815,277834.52253347175,277813.3279800639,277821.80549803784,277843.00106268923,277838.7617475241,277838.7617475241,277838.7617475241,277821.80549803784,277830.2834205368,277843.00106268923,277843.00106268923,277838.7617475241,277826.04440872394,277821.80549803784,277821.80549803784,277834.52253347175,277834.52253347175,277830.2834205368,277838.7617475241,277847.2404789625,277843.00106268923,277838.7617475241,277847.2404789625,277843.00106268923,277830.2834205368,277826.04440872394,277826.04440872394,277847.2404789625,277847.2404789625,277843.00106268923,277838.7617475241,277847.2404789625,277855.719614815,277843.00106268923,277859.959334385,277843.00106268923,277855.719614815,0.0,277855.719614815,277859.959334385,277851.4799963393,277851.4799963393,277855.719614815,277851.4799963393,277847.2404789625,277851.4799963393,277847.2404789625,277834.52253347175,277847.2404789625,277838.7617475241,277855.719614815,277847.2404789625,277847.2404789625,277847.2404789625,277830.2834205368,277855.719614815,277855.719614815,277834.52253347175,277859.959334385,277847.2404789625,277851.4799963393,277855.719614815,277847.2404789625,277847.2404789625,277859.959334385,277855.719614815,0.0,277851.4799963393,277859.959334385,277851.4799963393,277859.959334385,0.0,277859.959334385,277859.959334385,277855.719614815,277855.719614815,277859.959334385,277855.719614815,277855.719614815,0.0,277859.959334385,0.0,0.0,0.0,277851.4799963393,0.0,277859.959334385,0.0,277859.959334385,277859.959334385,277859.959334385,0.0,0.0,277855.719614815,277859.959334385,277855.719614815,277851.4799963393,277859.959334385,0.0,277859.959334385,277847.2404789625,277847.2404789625,277855.719614815,277847.2404789625,277859.959334385,0.0,277851.4799963393,277847.2404789625,0.0,277859.959334385,277855.719614815,277859.959334385,277855.719614815,0.0,277855.719614815,277855.719614815,277859.959334385,277859.959334385,277855.719614815,277851.4799963393
277847.2404789625,277855.719614815,277859.959334385,0.0,0.0,0.0,277851.4799963393,277813.3279800639,277737.0485280451,277703.1570750521,277770.9464593691,277817.5666884829,277855.719614815,277859.959334385,0.0,0.0,277859.959334385,277855.719614815,277851.4799963393,277859.959334385,277847.2404789625,277859.959334385,277859.959334385,277851.4799963393,277855.719614815,0.0,277855.719614815,277855.719614815,277859.959334385,277851.4799963393,0.0,0.0,0.0,277855.719614815,277855.719614815,277855.719614815,277859.959334385,277859.959334385,0.0,277855.719614815,277855.719614815,0.0,277859.959334385,0.0,0.0,0.0,277855.719614815,0.0,277851.4799963393,0.0,0.0,0.0,277855.719614815,277859.959334385,0.0,277859.959334385,0.0,277859.959334385,277851.4799963393,277859.959334385,0.0,277859.959334385,0.0,277859.959334385,0.0,277859.959334385,277859.959334385,277851.4799963393,0.0,277855.719614815,277859.959334385,277847.2404789625,277859.959334385,277859.959334385,277859.959334385,0.0,0.0,277847.2404789625,277838.7617475241,277847.2404789625,277834.52253347175,277834.52253347175,277851.4799963393,277843.00106268923,277838.7617475241,277826.04440872394,277834.52253347175,277826.04440872394,277826.04440872394,277826.04440872394,277830.2834205368,277834.52253347175,277843.00106268923,277847.2404789625,277821.80549803784,277843.00106268923,277843.00106268923,277847.2404789625,277834.52253347175,277843.00106268923,277830.2834205368,277817.5666884829,277834.52253347175,277834.52253347175,277809.0893727855,277830.2834205368,277838.7617475241,277847.2404789625,277843.00106268923,277830.2834205368,277830.2834205368,277817.5666884829,277826.04440872394,277838.7617475241,277826.04440872394,277843.00106268923,277821.80549803784,277834.52253347175,277834.52253347175,277826.04440872394,277838.7617475241,277843.00106268923,277838.7617475241,277830.2834205368,277843.00106268923,277834.52253347175,277826.04440872394,277826.04440872394,277859.959334385,277817.5666884829,277851.4799963393,277847.2404789625,277838.7617475241,277859.959334385,277826.04440872394,277847.2404789625,277838.7617475241,277843.00106268923,277830.2834205368,277800.6124616689,277838.7617475241,277830.2834205368,277826.04440872394,277847.2404789625,277843.00106268923,277838.7617475241,277847.2404789625,277826.04440872394,277830.2834205368,277855.719614815,277821.80549803784,277821.80549803784,277826.04440872394,277813.3279800639,277855.719614815,277834.52253347175,277813.3279800639,277838.7617475241,277838.7617475241,277813.3279800639,277843.00106268923,277838.7617475241,277838.7617475241,277847.2404789625,277855.719614815,277847.2404789625,277855.719614815,277843.00106268923,277855.719614815,277851.4799963393,277859.959334385,277859.959334385,277855.719614815,0.0,277843.00106268923,0.0,277859.959334385,277847.2404789625,277859.959334385,277855.719614815,0.0,277851.4799963393,277851.4799963393,0.0,277855.719614815,277847.2404789625,277851.4799963393,277843.00106268923,277847.2404789625,277859.959334385,277838.7617475241,277847.2404789625,277843.00106268923,0.0,277847.2404789625,277851.4799963393,277859.959334385,277859.959334385,0.0,277855.719614815,277847.2404789625,277855.719614815,277847.2404789625,277847.2404789625,0.0,0.0,277847.2404789625,277859.959334385,0.0,0.0,0.0,0.0,0.0,277855.719614815,277855.719614815,277855.719614815,277859.959334385,0.0,277859.959334385,0.0,277859.959334385,277859.959334385,0.0,277843.00106268923,0.0,277859.959334385,0.0,0.0,277859.959334385,0.0,277855.719614815,277851.4799963393,0.0,277859.959334385,0.0,277855.719614815,277855.719614815,277851.4799963393,277855.719614815,277851.4799963393,277859.959334385,277855.719614815,277855.719614815,277847.2404789625,0.0,0.0,277859.959334385,277855.719614815,277855.719614815,277855.719614815,277851.4799963393,277855.719614815,277847.2404789625,277859.959334385,0.0,277859.959334385
0.0,277855.719614815,0.0,277855.719614815,277859.959334385,0.0,277859.959334385,277826.04440872394,277809.0893727855,277800.6124616689,277821.80549803784,277813.3279800639,277851.4799963393,277859.959334385,277859.959334385,277851.4799963393,0.0,277859.959334385,277855.719614815,0.0,277859.959334385,277855.719614815,0.0,277859.959334385,0.0,277859.959334385,277847.2404789625,277859.959334385,277859.959334385,277859.959334385,0.0,0.0,0.0,0.0,0.0,277859.959334385,277855.719614815,277859.959334385,277859.959334385,0.0,0.0,277859.959334385,0.0,0.0,0.0,277859.959334385,277855.719614815,277855.719614815,277859.959334385,277859.959334385,277859.959334385,277855.719614815,0.0,277859.959334385,0.0,277859.959334385,0.0,277859.959334385,277859.959334385,277855.719614815,0.0,277859.959334385,277859.959334385,0.0,277859.959334385,277859.959334385,0.0,0.0,277847.2404789625,277855.719614815,277859.959334385,277859.959334385,0.0,277859.959334385,277851.4799963393,277838.7617475241,277859.959334385,277847.2404789625,277859.959334385,277847.2404789625,277851.4799963393,277847.2404789625,277834.52253347175,277847.2404789625,277834.52253347175,277830.2834205368,277826.04440872394,277830.2834205368,277834.52253347175,277830.2834205368,277813.3279800639,277838.7617475241,277847.2404789625,277843.00106268923,277821.80549803784,277821.80549803784,277830.2834205368,277855.719614815,277826.04440872394,277843.00106268923,277817.5666884829,277834.52253347175,277813.3279800639,277851.4799963393,277830.2834205368,277826.04440872394,277851.4799963393,277834.52253347175,277834.52253347175,277834.52253347175,277821.80549803784,277830.2834205368,277804.85086665227,277838.7617475241,277826.04440872394,277830.2834205368,277796.3741578399,277834.52253347175,277843.00106268923,277821.80549803784,277830.2834205368,277834.52253347175,277826.04440872394,277817.5666884829,277830.2834205368,277821.80549803784,277792.1359551701,277847.2404789625,277817.5666884829,277847.2404789625,277838.7617475241,277851.4799963393,277830.2834205368,277847.2404789625,277826.04440872394,277838.7617475241,277830.2834205368,277834.52253347175,277817.5666884829,277838.7617475241,277821.80549803784,277851.4799963393,277813.3279800639,277834.52253347175,277830.2834205368,277834.52253347175,277830.2834205368,277847.2404789625,277821.80549803784,277830.2834205368,277817.5666884829,277830.2834205368,277847.2404789625,277847.2404789625,277821.80549803784,277826.04440872394,277847.2404789625,277851.4799963393,277838.7617475241,277838.7617475241,277838.7617475241,277843.00106268923,277851.4799963393,0.0,277851.4799963393,277859.959334385,277838.7617475241,277859.959334385,277855.719614815,277859.959334385,277855.719614815,277855.719614815,277859.959334385,277859.959334385,277851.4799963393,0.0,277859.959334385,277851.4799963393,277851.4799963393,0.0,277855.719614815,277859.959334385,277855.719614815,277855.719614815,277851.4799963393,0.0,0.0,277847.2404789625,277851.4799963393,277847.2404789625,277838.7617475241,277851.4799963393,277826.04440872394,277851.4799963393,277859.959334385,277851.4799963393,277847.2404789625,0.0,277847.2404789625,277851.4799963393,277859.959334385,277855.719614815,277859.959334385,277859.959334385,0.0,277859.959334385,0.0,277859.959334385,277855.719614815,0.0,277855.719614815,0.0,277855.719614815,277859.959334385,0.0,277855.719614815,277847.2404789625,0.0,277855.719614815,277859.959334385,277855.719614815,0.0,0.0,0.0,0.0,0.0,277855.719614815,277855.719614815,0.0,277859.959334385,0.0,0.0,277859.959334385,277855.719614815,277859.959334385,277851.4799963393,277855.719614815,0.0,277859.959334385,277855.719614815,277855.719614815,277859.959334385,277859.959334385,277859.959334385,277855.719614815,277851.4799963393,0.0,277847.2404789625,277859.959334385,277851.4799963393,277851.4799963393,277855.719614815,0.0,0.0,277855.719614815,277855.719614815
277855.719614815,277859.959334385,277859.959334385,277855.719614815,0.0,277859.959334385,0.0,277855.719614815,277855.719614815,277855.719614815,277847.2404789625,277859.959334385,277859.959334385,0.0,277859.959334385,277859.959334385,277855.719614815,277859.959334385,277851.4799963393,0.0,277851.4799963393,277855.719614815,0.0,277855.719614815,0.0,0.0,277855.719614815,0.0,277855.719614815,0.0,277859.959334385,0.0,277859.959334385,277855.719614815,0.0,277859.959334385,0.0,0.0,277855.719614815,0.0,0.0,277859.959334385,277859.959334385,277859.959334385,0.0,277859.959334385,0.0,277855.719614815,0.0,0.0,277855.719614815,277859.959334385,277859.959334385,0.0,277859.959334385,277859.959334385,277859.959334385,0.0,0.0,0.0,0.0,277855.719614815,0.0,0.0,277855.719614815,277859.959334385,0.0,0.0,0.0,0.0,0.0,0.0,277855.719614815,277859.959334385,277859.959334385,277855.719614815,277838.7617475241,277859.959334385,277838.7617475241,277847.2404789625,277843.00106268923,277847.2404789625,277843.00106268923,277830.2834205368,277834.52253347175,277847.2404789625,277847.2404789625,277834.52253347175,277834.52253347175,277821.80549803784,277830.2834205368,277821.80549803784,277843.00106268923,277830.2834205368,277804.85086665227,277826.04440872394,277834.52253347175,277843.00106268923,277817.5666884829,277838.7617475241,277817.5666884829,277830.2834205368,277834.52253347175,277804.85086665227,277787.89785366395,277813.3279800639,277830.2834205368,277834.52253347175,277847.2404789625,277813.3279800639,277813.3279800639,277809.0893727855,277838.7617475241,277843.00106268923,277809.0893727855,277838.7617475241,277826.04440872394,277817.5666884829,277813.3279800639,277821.80549803784,277809.0893727855,277830.2834205368,277834.52253347175,277834.52253347175,277813.3279800639,277838.7617475241,277826.04440872394,277821.80549803784,277830.2834205368,277826.04440872394,277830.2834205368,277834.52253347175,277817.5666884829,277838.7617475241,277847.2404789625,277847.2404789625,277834.52253347175,277809.0893727855,277859.959334385,277843.00106268923,277859.959334385,277817.5666884829,277855.719614815,277855.719614815,277847.2404789625,277817.5666884829,277813.3279800639,277838.7617475241,277834.52253347175,277817.5666884829,277821.80549803784,277838.7617475241,277843.00106268923,277826.04440872394,277809.0893727855,277817.5666884829,277834.52253347175,277847.2404789625,277830.2834205368,277847.2404789625,277855.719614815,277855.719614815,0.0,277859.959334385,277859.959334385,0.0,277859.959334385,277859.959334385,277859.959334385,0.0,277851.4799963393,277859.959334385,0.0,0.0,277855.719614815,0.0,0.0,0.0,277859.959334385,277859.959334385,277859.959334385,277859.959334385,277859.959334385,277859.959334385,277855.719614815,0.0,277855.719614815,277855.719614815,277859.959334385,277855.719614815,277855.719614815,277843.00106268923,277851.4799963393,277847.2404789625,277855.719614815,277847.2404789625,277859.959334385,277855.719614815,277851.4799963393,277855.719614815,0.0,277859.959334385,277859.959334385,277859.959334385,277855.719614815,277855.719614815,0.0,277855.719614815,277859.959334385,277847.2404789625,277855.719614815,0.0,277855.719614815,277859.959334385,277855.719614815,0.0,0.0,0.0,0.0,277859.959334385,277859.959334385,0.0,0.0,0.0,277859.959334385,277859.959334385,277859.959334385,0.0,0.0,0.0,0.0,0.0,277859.959334385,277855.719614815,0.0,277859.959334385,277859.959334385,277855.719614815,277851.4799963393,277859.959334385,277855.719614815,277859.959334385,277851.4799963393,0.0,277859.959334385,277851.4799963393,277843.00106268923,277847.2404789625,277834.52253347175,277851.4799963393,277851.4799963393,277843.00106268923,277859.959334385,277859.959334385,277855.719614815,277855.719614815
0.0,277859.959334385,277859.959334385,277855.719614815,0.0,0.0,277855.719614815,277855.719614815,277859.959334385,277859.959334385,277834.52253347175,277855.719614815,277859.959334385,277855.719614815,0.0,0.0,277859.959334385,0.0,277855.719614815,277855.719614815,0.0,277859.959334385,0.0,0.0,0.0,277855.719614815,277859.959334385,277859.959334385,277855.719614815,277859.959334385,277855.719614815,277855.719614815,0.0,277859.959334385,0.0,0.0,277855.719614815,0.0,0.0,277855.719614815,277859.959334385,277855.719614815,277855.719614815,277855.719614815,277851.4799963393,277859.959334385,0.0,277859.959334385,277855.719614815,277855.719614815,277855.719614815,0.0,277859.959334385,277859.959334385,0.0,277859.959334385,277855.719614815,0.0,0.0,277859.959334385,0.0,277855.719614815,277859.959334385,0.0,0.0,0.0,277859.959334385,277859.959334385,0.0,277859.959334385,277855.719614815,277859.959334385,277859.959334385,277855.719614815,277855.719614815,277851.4799963393,277859.959334385,277855.719614815,277847.2404789625,277859.959334385,277847.2404789625,277859.959334385,277847.2404789625,277851.4799963393,277843.00106268923,277847.2404789625,277817.5666884829,277834.52253347175,277855.719614815,277826.04440872394,277817.5666884829,277821.80549803784,277834.52253347175,277817.5666884829,277843.00106268923,277821.80549803784,277830.2834205368,277821.80549803784,277843.00106268923,277821.80549803784,277813.3279800639,277834.52253347175,277830.2834205368,277817.5666884829,277830.2834205368,277826.04440872394,277834.52253347175,277826.04440872394,277855.719614815,277821.80549803784,277843.00106268923,277830.2834205368,277830.2834205368,277838.7617475241,277838.7617475241,277826.04440872394,277843.00106268923,277813.3279800639,277843.00106268923,277830.2834205368,277830.2834205368,277817.5666884829,277847.2404789625,277834.52253347175,277834.52253347175,277821.80549803784,277826.04440872394,277821.80549803784,277838.7617475241,277821.80549803784,277809.0893727855,277834.52253347175,277838.7617475241,277851.4799963393,277843.00106268923,277851.4799963393,277817.5666884829,277843.00106268923,277821.80549803784,277804.85086665227,277826.04440872394,277843.00106268923,277843.00106268923,277838.7617475241,277830.2834205368,277813.3279800639,277834.52253347175,277834.52253347175,277838.7617475241,277847.2404789625,277834.52253347175,277843.00106268923,277834.52253347175,277830.2834205368,277838.7617475241,277834.52253347175,277834.52253347175,277847.2404789625,0.0,277851.4799963393,0.0,277855.719614815,277859.959334385,0.0,277859.959334385,277859.959334385,277859.959334385,0.0,277855.719614815,0.0,277859.959334385,277843.00106268923,0.0,0.0,277859.959334385,277851.4799963393,277855.719614815,0.0,0.0,277855.719614815,277855.719614815,0.0,277859.959334385,277855.719614815,277855.719614815,0.0,277855.719614815,277851.4799963393,277859.959334385,277859.959334385,277847.2404789625,277838.7617475241,277847.2404789625,277851.4799963393,277855.719614815,277859.959334385,277851.4799963393,277855.719614815,277855.719614815,277859.959334385,277859.959334385,277859.959334385,277859.959334385,277859.959334385,277855.719614815,277859.959334385,277847.2404789625,277859.959334385,0.0,277859.959334385,277859.959334385,0.0,277859.959334385,277859.959334385,277855.719614815,277855.719614815,277859.959334385,277859.959334385,0.0,0.0,0.0,277859.959334385,277859.959334385,277859.959334385,277859.959334385,0.0,277859.959334385,277859.959334385,277859.959334385,277855.719614815,277855.719614815,277859.959334385,277859.959334385,277859.959334385,277859.959334385,277859.959334385,277851.4799963393,0.0,277859.959334385,277859.959334385,277859.959334385,277859.959334385,277855.719614815,277847.2404789625,277847.2404789625,277830.2834205368,277783.65985332616,277817.5666884829,277830.2834205368,277847.2404789625,277859.959334385,277859.959334385,0.0,0.0,277855.719614815,277851.4799963393
0.0,0.0,277859.959334385,0.0,277855.719614815,277859.959334385,277847.2404789625,277851.4799963393,277859.959334385,277855.719614815,277859.959334385,0.0,277859.959334385,0.0,0.0,277859.959334385,0.0,0.0,277859.959334385,277851.4799963393,277859.959334385,277855.719614815,277855.719614815,277855.719614815,0.0,0.0,0.0,0.0,0.0,0.0,277859.959334385,0.0,277859.959334385,0.0,0.0,277859.959334385,0.0,0.0,277859.959334385,277859.959334385,0.0,0.0,0.0,0.0,277859.959334385,0.0,0.0,0.0,277851.4799963393,277859.959334385,277859.959334385,0.0,277859.959334385,0.0,277859.959334385,277859.959334385,277859.959334385,0.0,277859.959334385,0.0,0.0,0.0,0.0,277859.959334385,0.0,277855.719614815,0.0,0.0,0.0,0.0,277859.959334385,277859.959334385,0.0,0.0,0.0,277859.959334385,0.0,0.0,277859.959334385,277859.959334385,277847.2404789625,277851.4799963393,277855.719614815,277838.7617475241,277834.52253347175,277847.2404789625,277834.52253347175,277813.3279800639,277834.52253347175,277817.5666884829,277826.04440872394,277851.4799963393,277834.52253347175,277813.3279800639,277830.2834205368,277834.52253347175,277843.00106268923,277838.7617475241,277800.6124616689,277804.85086665227,277826.04440872394,277813.3279800639,277826.04440872394,277830.2834205368,277817.5666884829,277804.85086665227,277817.5666884829,277821.80549803784,277834.52253347175,277830.2834205368,277830.2834205368,277834.52253347175,277830.2834205368,277817.5666884829,277830.2834205368,277826.04440872394,277838.7617475241,277843.00106268923,277830.2834205368,277847.2404789625,277830.2834205368,277834.52253347175,277821.80549803784,277838.7617475241,277813.3279800639,277826.04440872394,277843.00106268923,277826.04440872394,277830.2834205368,277847.2404789625,277851.4799963393,277847.2404789625,277826.04440872394,277821.80549803784,277821.80549803784,277838.7617475241,277826.04440872394,277817.5666884829,277855.719614815,277821.80549803784,277821.80549803784,277834.52253347175,277809.0893727855,277830.2834205368,277821.80549803784,277830.2834205368,277834.52253347175,277813.3279800639,277821.80549803784,277834.52253347175,277826.04440872394,277847.2404789625,277830.2834205368,277821.80549803784,277843.00106268923,277838.7617475241,277838.7617475241,277855.719614815,277851.4799963393,277859.959334385,277855.719614815,277859.959334385,277859.959334385,277859.959334385,277859.959334385,277859.959334385,0.0,0.0,277855.719614815,277859.959334385,277859.959334385,277859.959334385,277859.959334385,0.0,0.0,0.0,277859.959334385,277859.959334385,277855.719614815,277859.959334385,277859.959334385,277855.719614815,0.0,0.0,277859.959334385,277859.959334385,277859.959334385,0.0,277855.719614815,277847.2404789625,277851.4799963393,277855.719614815,277834.52253347175,277847.2404789625,277855.719614815,277847.2404789625,277855.719614815,0.0,277855.719614815,0.0,277851.4799963393,277855.719614815,277859.959334385,277855.719614815,0.0,0.0,277851.4799963393,0.0,277855.719614815,277859.959334385,277859.959334385,277859.959334385,277855.719614815,277859.959334385,277855.719614815,0.0,277859.959334385,277855.719614815,277859.959334385,277855.719614815,277859.959334385,277859.959334385,0.0,0.0,277859.959334385,277859.959334385,277855.719614815,0.0,277855.719614815,0.0,0.0,277855.719614815,277855.719614815,277851.4799963393,277855.719614815,277838.7617475241,277834.52253347175,277847.2404789625,277855.719614815,277843.00106268923,277851.4799963393,277855.719614815,277859.959334385,277859.959334385,277847.2404789625,277830.2834205368,277813.3279800639,277817.5666884829,277843.00106268923,277859.959334385,277855.719614815,277859.959334385,277855.719614815,277859.959334385,0.0,277859.959334385
0.0,0.0,277859.959334385,277855.719614815,277855.719614815,277855.719614815,277859.959334385,277859.959334385,277859.959334385,277843.00106268923,277859.959334385,277859.959334385,277859.959334385,0.0,277859.959334385,0.0,0.0,277859.959334385,277851.4799963393,277859.959334385,277859.959334385,277859.959334385,277859.959334385,277859.959334385,277859.959334385,277859.959334385,277859.959334385,277859.959334385,277855.719614815,0.0,277859.959334385,277859.959334385,277855.719614815,0.0,0.0,0.0,277855.719614815,277859.959334385,277859.959334385,277855.719614815,0.0,277859.959334385,277859.959334385,0.0,0.0,0.0,277859.959334385,277859.959334385,277859.959334385,0.0,277859.959334385,0.0,277855.719614815,0.0,0.0,0.0,277855.719614815,0.0,0.0,277859.959334385,0.0,0.0,0.0,0.0,277859.959334385,277859.959334385,277859.959334385,0.0,0.0,0.0,0.0,0.0,277855.719614815,277859.959334385,277859.959334385,277847.2404789625,0.0,0.0,277859.959334385,277855.719614815,277851.4799963393,277847.2404789625,277843.00106268923,277843.00106268923,277843.00106268923,277830.2834205368,277830.2834205368,277834.52253347175,277821.80549803784,277826.04440872394,277838.7617475241,277826.04440872394,277838.7617475241,277834.52253347175,277838.7617475241,277821.80549803784,277834.52253347175,277817.5666884829,277821.80549803784,277830.2834205368,277821.80549803784,277826.04440872394,277821.80549803784,277813.3279800639,277830.2834205368,277830.2834205368,277830.2834205368,277851.4799963393,277838.7617475241,277834.52253347175,277847.2404789625,277817.5666884829,277826.04440872394,277821.80549803784,277830.2834205368,277821.80549803784,277813.3279800639,277830.2834205368,277843.00106268923,277843.00106268923,277821.80549803784,277821.80549803784,277813.3279800639,277838.7617475241,277830.2834205368,277834.52253347175,277821.80549803784,277843.00106268923,277834.52253347175,277838.7617475241,277821.80549803784,277830.2834205368,277843.00106268923,277826.04440872394,277855.719614815,277830.2834205368,277821.80549803784,277826.04440872394,277843.00106268923,277817.5666884829,277830.2834205368,277847.2404789625,277843.00106268923,277843.00106268923,277834.52253347175,277826.04440872394,277804.85086665227,277821.80549803784,277843.00106268923,277843.00106268923,277821.80549803784,277838.7617475241,277838.7617475241,277817.5666884829,277838.7617475241,277851.4799963393,277851.4799963393,0.0,0.0,277859.959334385,277859.959334385,0.0,0.0,277859.959334385,277859.959334385,0.0,277859.959334385,277851.4799963393,277855.719614815,277859.959334385,0.0,0.0,277859.959334385,277859.959334385,0.0,0.0,0.0,0.0,277859.959334385,0.0,277851.4799963393,277851.4799963393,277851.4799963393,0.0,277859.959334385,277851.4799963393,0.0,277851.4799963393,277859.959334385,277847.2404789625,277859.959334385,277843.00106268923,277859.959334385,277847.2404789625,277855.719614815,0.0,277843.00106268923,277855.719614815,277859.959334385,277855.719614815,277859.959334385,0.0,0.0,277859.959334385,277855.719614815,277855.719614815,277859.959334385,0.0,277851.4799963393,277847.2404789625,277859.959334385,277855.719614815,0.0,277859.959334385,277855.719614815,0.0,277847.2404789625,0.0,0.0,0.0,277859.959334385,0.0,0.0,277859.959334385,277855.719614815,277855.719614815,277859.959334385,277859.959334385,277855.719614815,0.0,0.0,277847.2404789625,277859.959334385,277847.2404789625,277851.4799963393,277838.7617475241,277838.7617475241,277843.00106268923,277851.4799963393,277847.2404789625,277859.959334385,277859.959334385,277855.719614815,277851.4799963393,0.0,277859.959334385,277851.4799963393,277821.80549803784,277855.719614815,277855.719614815,0.0,0.0,277859.959334385,277847.2404789625,277851.4799963393,0.0
277851.4799963393,277859.959334385,277859.959334385,277855.719614815,277847.2404789625,277855.719614815,277855.719614815,277859.959334385,277847.2404789625,277859.959334385,0.0,277855.719614815,277859.959334385,277855.719614815,277859.959334385,277859.959334385,0.0,277851.4799963393,0.0,0.0,0.0,277859.959334385,277859.959334385,0.0,0.0,0.0,277859.959334385,277859.959334385,277847.2404789625,277855.719614815,277859.959334385,0.0,0.0,0.0,277855.719614815,277859.959334385,0.0,0.0,277855.719614815,0.0,0.0,0.0,277859.959334385,0.0,277859.959334385,277859.959334385,277859.959334385,0.0,277859.959334385,277859.959334385,0.0,0.0,0.0,0.0,277859.959334385,0.0,0.0,277859.959334385,277859.959334385,0.0,277855.719614815,0.0,0.0,0.0,277859.959334385,0.0,0.0,277859.959334385,0.0,0.0,277859.959334385,277859.959334385,0.0,0.0,277855.719614815,277855.719614815,277851.4799963393,277855.719614815,277855.719614815,0.0,277859.959334385,277855.719614815,277859.959334385,277851.4799963393,277838.7617475241,277855.719614815,277821.80549803784,277847.2404789625,277838.7617475241,277826.04440872394,277830.2834205368,277838.7617475241,277813.3279800639,277843.00106268923,277826.04440872394,277821.80549803784,277830.2834205368,277834.52253347175,277834.52253347175,277800.6124616689,277809.0893727855,277809.0893727855,277830.2834205368,277830.2834205368,277830.2834205368,277843.00106268923,277809.0893727855,277830.2834205368,277843.00106268923,277834.52253347175,277830.2834205368,277834.52253347175,277838.7617475241,277821.80549803784,277821.80549803784,277834.52253347175,277838.7617475241,277826.04440872394,277830.2834205368,277838.7617475241,277813.3279800639,277817.5666884829,277821.80549803784,277843.00106268923,277830.2834205368,277855.719614815,277830.2834205368,277826.04440872394,277826.04440872394,277830.2834205368,277821.80549803784,277809.0893727855,277817.5666884829,277838.7617475241,277834.52253347175,277834.52253347175,277830.2834205368,277843.00106268923,277830.2834205368,277826.04440872394,277826.04440872394,277834.52253347175,277817.5666884829,277800.6124616689,277826.04440872394,277813.3279800639,277838.7617475241,277838.7617475241,277834.52253347175,277826.04440872394,277813.3279800639,277830.2834205368,277830.2834205368,277859.959334385,277838.7617475241,277859.959334385,0.0,277855.719614815,277859.959334385,0.0,277859.959334385,0.0,0.0,277859.959334385,0.0,277855.719614815,277859.959334385,277855.719614815,277859.959334385,277855.719614815,0.0,277859.959334385,277855.719614815,0.0,0.0,277855.719614815,0.0,277851.4799963393,0.0,277859.959334385,277855.719614815,0.0,0.0,0.0,277859.959334385,277855.719614815,0.0,277859.959334385,277851.4799963393,277859.959334385,277859.959334385,277851.4799963393,0.0,277851.4799963393,277855.719614815,277855.719614815,277851.4799963393,277855.719614815,277847.2404789625,277859.959334385,277859.959334385,277851.4799963393,277851.4799963393,0.0,277859.959334385,0.0,277838.7617475241,277859.959334385,277859.959334385,277855.719614815,277859.959334385,277855.719614815,277859.959334385,277847.2404789625,277859.959334385,277859.959334385,277859.959334385,277859.959334385,0.0,0.0,0.0,0.0,277859.959334385,0.0,277859.959334385,277851.4799963393,277859.959334385,277855.719614815,277855.719614815,277855.719614815,277859.959334385,277859.959334385,277859.959334385,277847.2404789625,277843.00106268923,277847.2404789625,277834.52253347175,277855.719614815,277859.959334385,277834.52253347175,277834.52253347175,0.0,277855.719614815,277851.4799963393,277855.719614815,277855.719614815,277838.7617475241,277847.2404789625,277859.959334385,277859.959334385,0.0,277851.4799963393,0.0,277859.959334385,277855.719614815,277851.4799963393
277859.959334385,0.0,277859.959334385,0.0,277859.959334385,0.0,277859.959334385,277847.2404789625,0.0,0.0,0.0,277859.959334385,277855.719614815,0.0,277859.959334385,0.0,277859.959334385,277851.4799963393,277859.959334385,0.0,277851.4799963393,0.0,0.0,277855.719614815,277859.959334385,277859.959334385,277859.959334385,0.0,0.0,277855.719614815,0.0,277855.719614815,0.0,277859.959334385,0.0,0.0,0.0,277859.959334385,277859.959334385,0.0,277859.959334385,277859.959334385,277859.959334385,0.0,277859.959334385,277859.959334385,0.0,277855.719614815,0.0,0.0,277859.959334385,277859.959334385,0.0,277859.959334385,0.0,0.0,0.0,0.0,277859.959334385,277855.719614815,0.0,277859.959334385,0.0,0.0,0.0,0.0,0.0,277855.719614815,0.0,277859.959334385,277859.959334385,277859.959334385,0.0,277838.7617475241,0.0,0.0,277859.959334385,277859.959334385,277859.959334385,277859.959334385,277851.4799963393,277859.959334385,277859.959334385,277859.959334385,277851.4799963393,277859.959334385,277838.7617475241,277847.2404789625,277834.52253347175,277809.0893727855,277817.5666884829,277821.80549803784,277838.7617475241,277838.7617475241,277843.00106268923,277838.7617475241,277821.80549803784,277826.04440872394,277838.7617475241,277834.52253347175,277796.3741578399,277830.2834205368,277826.04440872394,277834.52253347175,277838.7617475241,277843.00106268923,277834.52253347175,277809.0893727855,277834.52253347175,277843.00106268923,277826.04440872394,277813.3279800639,277817.5666884829,277821.80549803784,277838.7617475241,277838.7617475241,277813.3279800639,277817.5666884829,277843.00106268923,277855.719614815,277843.00106268923,277838.7617475241,277843.00106268923,277830.2834205368,277834.52253347175,277813.3279800639,277834.52253347175,277821.80549803784,277847.2404789625,277830.2834205368,277838.7617475241,277813.3279800639,277838.7617475241,277838.7617475241,277834.52253347175,277809.0893727855,277834.52253347175,277838.7617475241,277838.7617475241,277830.2834205368,277834.52253347175,277821.80549803784,277830.2834205368,277817.5666884829,277830.2834205368,277843.00106268923,277838.7617475241,277834.52253347175,277826.04440872394,277843.00106268923,277847.2404789625,277826.04440872394,277843.00106268923,277821.80549803784,277838.7617475241,0.0,0.0,277859.959334385,0.0,0.0,277855.719614815,0.0,277859.959334385,277855.719614815,0.0,277859.959334385,0.0,277859.959334385,0.0,277859.959334385,277838.7617475241,0.0,0.0,0.0,277855.719614815,277855.719614815,0.0,0.0,277855.719614815,277859.959334385,277855.719614815,0.0,277859.959334385,277855.719614815,277847.2404789625,277859.959334385,0.0,277859.959334385,0.0,277855.719614815,277859.959334385,277855.719614815,0.0,0.0,277855.719614815,277859.959334385,277855.719614815,277847.2404789625,277859.959334385,277855.719614815,277855.719614815,277855.719614815,277859.959334385,0.0,277855.719614815,277843.00106268923,277859.959334385,277859.959334385,0.0,0.0,277847.2404789625,277855.719614815,277855.719614815,277855.719614815,277859.959334385,0.0,277859.959334385,0.0,277859.959334385,277859.959334385,277855.719614815,0.0,277855.719614815,0.0,277855.719614815,277843.00106268923,277855.719614815,277859.959334385,277855.719614815,277859.959334385,277851.4799963393,277859.959334385,277843.00106268923,277859.959334385,277851.4799963393,277851.4799963393,0.0,277838.7617475241,277843.00106268923,277859.959334385,277851.4799963393,277855.719614815,277855.719614815,277859.959334385,277851.4799963393,277851.4799963393,277847.2404789625,277859.959334385,277855.719614815,277855.719614815,277859.959334385,277859.959334385,277847.2404789625,277859.959334385,277855.719614815,277847.2404789625
0.0,0.0,277851.4799963393,277859.959334385,277859.959334385,0.0,0.0,277859.959334385,277847.2404789625,277843.00106268923,277859.959334385,277851.4799963393,0.0,0.0,277855.719614815,277855.719614815,277855.719614815,277859.959334385,277859.959334385,277847.2404789625,0.0,277859.959334385,277859.959334385,0.0,0.0,0.0,0.0,0.0,277851.4799963393,0.0,0.0,277855.719614815,277855.719614815,277855.719614815,277859.959334385,277859.959334385,0.0,277859.959334385,0.0,0.0,0.0,0.0,277855.719614815,0.0,0.0,0.0,0.0,277855.719614815,277859.959334385,0.0,277859.959334385,0.0,277859.959334385,0.0,277851.4799963393,277859.959334385,0.0,277859.959334385,0.0,0.0,0.0,0.0,0.0,0.0,0.0,277859.959334385,0.0,277859.959334385,277855.719614815,277859.959334385,277855.719614815,0.0,277851.4799963393,277851.4799963393,277851.4799963393,277859.959334385,277859.959334385,277851.4799963393,277851.4799963393,277843.00106268923,277851.4799963393,277859.959334385,277855.719614815,0.0,277851.4799963393,277855.719614815,277855.719614815,277838.7617475241,277821.80549803784,277838.7617475241,277838.7617475241,277821.80549803784,277834.52253347175,277847.2404789625,277826.04440872394,277834.52253347175,277834.52253347175,277838.7617475241,277826.04440872394,277826.04440872394,277830.2834205368,277830.2834205368,277834.52253347175,277830.2834205368,277826.04440872394,277843.00106268923,277834.52253347175,277830.2834205368,277838.7617475241,277843.00106268923,277813.3279800639,277838.7617475241,277851.4799963393,277830.2834205368,277826.04440872394,277834.52253347175,277834.52253347175,277817.5666884829,277834.52253347175,277838.7617475241,277834.52253347175,277834.52253347175,277851.4799963393,277834.52253347175,277855.719614815,277821.80549803784,277843.00106268923,277817.5666884829,277838.7617475241,277809.0893727855,277838.7617475241,277834.52253347175,277851.4799963393,277838.7617475241,277826.04440872394,277830.2834205368,277821.80549803784,277830.2834205368,277830.2834205368,277826.04440872394,277830.2834205368,277838.7617475241,277826.04440872394,277834.52253347175,277813.3279800639,277838.7617475241,277843.00106268923,277838.7617475241,277830.2834205368,277843.00106268923,277843.00106268923,277838.7617475241,277843.00106268923,277851.4799963393,277859.959334385,277859.959334385,277855.719614815,277851.4799963393,277859.959334385,0.0,277859.959334385,277851.4799963393,277859.959334385,277859.959334385,0.0,277859.959334385,277859.959334385,0.0,0.0,277859.959334385,277855.719614815,277859.959334385,277859.959334385,0.0,0.0,277859.959334385,277859.959334385,277859.959334385,0.0,277855.719614815,0.0,277859.959334385,277859.959334385,277859.959334385,277859.959334385,0.0,0.0,277855.719614815,277851.4799963393,277855.719614815,0.0,277855.719614815,277851.4799963393,277859.959334385,0.0,277851.4799963393,277855.719614815,277843.00106268923,277851.4799963393,277859.959334385,277843.00106268923,277855.719614815,277859.959334385,277855.719614815,0.0,277859.959334385,277859.959334385,277859.959334385,277859.959334385,277859.959334385,277859.959334385,277859.959334385,277859.959334385,0.0,277855.719614815,0.0,277859.959334385,277859.959334385,0.0,0.0,0.0,0.0,277855.719614815,277859.959334385,277851.4799963393,0.0,0.0,277855.719614815,277859.959334385,277859.959334385,277859.959334385,277859.959334385,277859.959334385,277851.4799963393,277843.00106268923,277847.2404789625,277847.2404789625,277847.2404789625,277851.4799963393,277851.4799963393,277855.719614815,277855.719614815,277843.00106268923,277859.959334385,277843.00106268923,277847.2404789625,277834.52253347175,277859.959334385,277851.4799963393,277859.959334385,277838.7617475241,277859.959334385,277855.719614815,277859.959334385,277855.719614815,0.0
277859.959334385,277859.959334385,277847.2404789625,277859.959334385,277859.959334385,277855.719614815,277855.719614815,277855.719614815,277855.719614815,277855.719614815,277859.959334385,277855.719614815,277855.719614815,277855.719614815,277851.4799963393,277855.719614815,277855.719614815,0.0,277859.959334385,277859.959334385,277859.959334385,277859.959334385,0.0,277855.719614815,0.0,277859.959334385,0.0,277859.959334385,277859.959334385,0.0,277859.959334385,277859.959334385,0.0,277855.719614815,277859.959334385,0.0,277859.959334385,277859.959334385,277859.959334385,277859.959334385,0.0,0.0,0.0,0.0,0.0,0.0,277855.719614815,0.0,0.0,0.0,277859.959334385,0.0,277859.959334385,0.0,0.0,0.0,277855.719614815,277859.959334385,0.0,277859.959334385,0.0,277859.959334385,277859.959334385,277855.719614815,277859.959334385,277859.959334385,277859.959334385,277855.719614815,277847.2404789625,0.0,0.0,0.0,277859.959334385,277855.719614815,0.0,0.0,277851.4799963393,0.0,277859.959334385,0.0,277855.719614815,277855.719614815,277859.959334385,0.0,0.0,277855.719614815,277843.00106268923,277838.7617475241,277826.04440872394,277834.52253347175,277838.7617475241,277847.2404789625,277834.52253347175,277804.85086665227,277843.00106268923,277834.52253347175,277817.5666884829,277821.80549803784,277859.959334385,277843.00106268923,277809.0893727855,277847.2404789625,277826.04440872394,277830.2834205368,277834.52253347175,277830.2834205368,277830.2834205368,277834.52253347175,277847.2404789625,277843.00106268923,277813.3279800639,277821.80549803784,277800.6124616689,277834.52253347175,277838.7617475241,277826.04440872394,277826.04440872394,277847.2404789625,277834.52253347175,277851.4799963393,277830.2834205368,277817.5666884829,277830.2834205368,277821.80549803784,277817.5666884829,277851.4799963393,277830.2834205368,277830.2834205368,277838.7617475241,277830.2834205368,277834.52253347175,277830.2834205368,277826.04440872394,277830.2834205368,277821.80549803784,277813.3279800639,277817.5666884829,277826.04440872394,277851.4799963393,277847.2404789625,277834.52253347175,277851.4799963393,277851.4799963393,277800.6124616689,277834.52253347175,277834.52253347175,277821.80549803784,277834.52253347175,277838.7617475241,277855.719614815,277838.7617475241,277821.80549803784,277843.00106268923,277855.719614815,277855.719614815,277859.959334385,277851.4799963393,277855.719614815,0.0,0.0,277859.959334385,0.0,0.0,0.0,0.0,277859.959334385,0.0,0.0,277859.959334385,277859.959334385,277859.959334385,0.0,277859.959334385,277859.959334385,0.0,277859.959334385,0.0,277859.959334385,277855.719614815,0.0,277859.959334385,277855.719614815,0.0,277859.959334385,0.0,277855.719614815,277855.719614815,277847.2404789625,0.0,277859.959334385,277859.959334385,277851.4799963393,277859.959334385,277859.959334385,277859.959334385,277859.959334385,277843.00106268923,277859.959334385,277847.2404789625,0.0,0.0,277855.719614815,0.0,277859.959334385,277859.959334385,277859.959334385,277859.959334385,277855.719614815,277855.719614815,277855.719614815,277847.2404789625,277851.4799963393,277859.959334385,277855.719614815,277859.959334385,277859.959334385,0.0,0.0,0.0,277859.959334385,277859.959334385,0.0,277859.959334385,0.0,277851.4799963393,277859.959334385,0.0,0.0,0.0,0.0,0.0,277859.959334385,277838.7617475241,277830.2834205368,277855.719614815,277855.719614815,277847.2404789625,277851.4799963393,277843.00106268923,277859.959334385,277855.719614815,277855.719614815,277830.2834205368,277843.00106268923,277855.719614815,277830.2834205368,277838.7617475241,277847.2404789625,277843.00106268923,277859.959334385,277859.959334385,277843.00106268923,277851.4799963393,277843.00106268923,277855.719614815,277859.959334385
277859.959334385,0.0,0.0,277859.959334385,0.0,0.0,0.0,277859.959334385,277855.719614815,0.0,277855.719614815,277859.959334385,277855.719614815,277847.2404789625,277838.7617475241,277851.4799963393,277855.719614815,277847.2404789625,277851.4799963393,277855.719614815,277855.719614815,277859.959334385,277859.959334385,0.0,277859.959334385,277859.959334385,277859.959334385,277859.959334385,277859.959334385,277855.719614815,0.0,0.0,277859.959334385,0.0,277859.959334385,277859.959334385,0.0,0.0,0.0,277855.719614815,277859.959334385,0.0,0.0,277855.719614815,277855.719614815,277859.959334385,277859.959334385,277859.959334385,277859.959334385,0.0,0.0,277859.959334385,277859.959334385,277859.959334385,277859.959334385,0.0,277859.959334385,277859.959334385,0.0,277859.959334385,277859.959334385,0.0,277859.959334385,277851.4799963393,0.0,0.0,0.0,277859.959334385,277859.959334385,0.0,277855.719614815,277855.719614815,277859.959334385,277847.2404789625,277859.959334385,0.0,277859.959334385,277838.7617475241,0.0,277859.959334385,277834.52253347175,277859.959334385,277855.719614815,277859.959334385,277851.4799963393,277859.959334385,277855.719614815,277855.719614815,0.0,277847.2404789625,277830.2834205368,277851.4799963393,277834.52253347175,277826.04440872394,277830.2834205368,277834.52253347175,277830.2834205368,277817.5666884829,277834.52253347175,277821.80549803784,277834.52253347175,277838.7617475241,277843.00106268923,277830.2834205368,277821.80549803784,277830.2834205368,277838.7617475241,277838.7617475241,277834.52253347175,277830.2834205368,277817.5666884829,277809.0893727855,277826.04440872394,277830.2834205368,277821.80549803784,277804.85086665227,277847.2404789625,277800.6124616689,277843.00106268923,277821.80549803784,277809.0893727855,277809.0893727855,277830.2834205368,277838.7617475241,277843.00106268923,277826.04440872394,277843.00106268923,277834.52253347175,277826.04440872394,277813.3279800639,277838.7617475241,277834.52253347175,277826.04440872394,277838.7617475241,277817.5666884829,277834.52253347175,277838.7617475241,277843.00106268923,277847.2404789625,277838.7617475241,277851.4799963393,277843.00106268923,277834.52253347175,277834.52253347175,277830.2834205368,277821.80549803784,277838.7617475241,277830.2834205368,277843.00106268923,277838.7617475241,277851.4799963393,277847.2404789625,277851.4799963393,277859.959334385,277859.959334385,0.0,277851.4799963393,0.0,0.0,277851.4799963393,277859.959334385,277859.959334385,0.0,0.0,277859.959334385,277859.959334385,277855.719614815,0.0,0.0,0.0,277859.959334385,277859.959334385,0.0,0.0,277855.719614815,277859.959334385,0.0,0.0,0.0,277855.719614815,0.0,277859.959334385,277859.959334385,277859.959334385,0.0,277859.959334385,0.0,277843.00106268923,277859.959334385,0.0,277859.959334385,0.0,277859.959334385,277859.959334385,277851.4799963393,277851.4799963393,277851.4799963393,277855.719614815,0.0,277851.4799963393,277859.959334385,0.0,277859.959334385,277859.959334385,277859.959334385,0.0,277859.959334385,0.0,277855.719614815,0.0,277851.4799963393,277855.719614815,277859.959334385,277859.959334385,277855.719614815,277859.959334385,277859.959334385,277847.2404789625,0.0,277859.959334385,277851.4799963393,0.0,277851.4799963393,277859.959334385,277855.719614815,277859.959334385,0.0,0.0,277859.959334385,0.0,0.0,277859.959334385,277859.959334385,277851.4799963393,277859.959334385,277843.00106268923,277834.52253347175,277847.2404789625,277855.719614815,0.0,277855.719614815,277843.00106268923,277834.52253347175,277847.2404789625,277847.2404789625,277851.4799963393,277843.00106268923,277830.2834205368,277821.80549803784,277847.2404789625,277821.80549803784,277859.959334385,277851.4799963393,0.0,0.0,277859.959334385
0.0,277855.719614815,0.0,277859.959334385,277859.959334385,0.0,0.0,277859.959334385,277855.719614815,0.0,277859.959334385,277855.719614815,277843.00106268923,277843.00106268923,277847.2404789625,277847.2404789625,277859.959334385,277859.959334385,277859.959334385,277855.719614815,277855.719614815,277843.00106268923,277859.959334385,277859.959334385,0.0,277855.719614815,0.0,0.0,277855.719614815,0.0,0.0,277859.959334385,0.0,277859.959334385,0.0,0.0,0.0,277855.719614815,277859.959334385,277855.719614815,277859.959334385,277859.959334385,0.0,0.0,0.0,277859.959334385,0.0,0.0,0.0,277859.959334385,277855.719614815,277859.959334385,0.0,277855.719614815,0.0,277855.719614815,0.0,277855.719614815,277859.959334385,277859.959334385,277859.959334385,277859.959334385,277859.959334385,0.0,0.0,277859.959334385,0.0,277859.959334385,277859.959334385,277855.719614815,0.0,0.0,277855.719614815,277851.4799963393,277859.959334385,277855.719614815,0.0,0.0,277851.4799963393,277859.959334385,277859.959334385,277859.959334385,277855.719614815,277859.959334385,277859.959334385,0.0,277855.719614815,277847.2404789625,277851.4799963393,277847.2404789625,277843.00106268923,277830.2834205368,277838.7617475241,277821.80549803784,277838.7617475241,277843.00106268923,277821.80549803784,277826.04440872394,277821.80549803784,277817.5666884829,277817.5666884829,277813.3279800639,277821.80549803784,277830.2834205368,277830.2834205368,277843.00106268923,277826.04440872394,277834.52253347175,277838.7617475241,277843.00106268923,277813.3279800639,277817.5666884829,277826.04440872394,277821.80549803784,277796.3741578399,277834.52253347175,277830.2834205368,277826.04440872394,277804.85086665227,277834.52253347175,277813.3279800639,277851.4799963393,277826.04440872394,277830.2834205368,277843.00106268923,277826.04440872394,277843.00106268923,277843.00106268923,277859.959334385,277830.2834205368,277838.7617475241,277838.7617475241,277821.80549803784,277838.7617475241,277830.2834205368,277834.52253347175,277851.4799963393,277851.4799963393,277851.4799963393,277843.00106268923,277838.7617475241,277843.00106268923,277821.80549803784,277830.2834205368,277843.00106268923,277821.80549803784,277821.80549803784,277830.2834205368,277838.7617475241,277821.80549803784,277834.52253347175,277843.00106268923,277859.959334385,277859.959334385,277859.959334385,0.0,277855.719614815,277855.719614815,0.0,0.0,0.0,277855.719614815,277855.719614815,0.0,277851.4799963393,0.0,277859.959334385,277859.959334385,277855.719614815,0.0,277859.959334385,0.0,277859.959334385,0.0,277859.959334385,277851.4799963393,277855.719614815,0.0,277855.719614815,277851.4799963393,0.0,0.0,277855.719614815,277859.959334385,277859.959334385,0.0,277855.719614815,0.0,277859.959334385,277859.959334385,277855.719614815,277859.959334385,277859.959334385,277855.719614815,277859.959334385,277855.719614815,277855.719614815,277859.959334385,277859.959334385,277855.719614815,277855.719614815,0.0,277855.719614815,277851.4799963393,277847.2404789625,0.0,277859.959334385,0.0,277859.959334385,0.0,0.0,0.0,277855.719614815,277859.959334385,277859.959334385,277855.719614815,277855.719614815,0.0,277859.959334385,0.0,277859.959334385,0.0,277851.4799963393,277859.959334385,277855.719614815,277859.959334385,0.0,277859.959334385,0.0,0.0,277859.959334385,277859.959334385,277843.00106268923,277838.7617475241,277838.7617475241,277826.04440872394,277851.4799963393,277855.719614815,277855.719614815,277847.2404789625,277859.959334385,277843.00106268923,277843.00106268923,277826.04440872394,277847.2404789625,277855.719614815,277855.719614815,277834.52253347175,277821.80549803784,277834.52253347175,277838.7617475241,277834.52253347175,277847.2404789625,277847.2404789625,277855.719614815,277855.719614815
277855.719614815,0.0,277859.959334385,277851.4799963393,0.0,0.0,0.0,0.0,277859.959334385,277859.959334385,277859.959334385,0.0,0.0,277859.959334385,277859.959334385,277859.959334385,277851.4799963393,0.0,277859.959334385,0.0,0.0,277859.959334385,277859.959334385,0.0,277855.719614815,277859.959334385,277859.959334385,277855.719614815,277851.4799963393,277855.719614815,277859.959334385,277855.719614815,0.0,277855.719614815,277859.959334385,0.0,0.0,0.0,0.0,0.0,0.0,0.0,0.0,0.0,277851.4799963393,0.0,0.0,277855.719614815,0.0,0.0,277859.959334385,277851.4799963393,0.0,277855.719614815,0.0,0.0,0.0,277855.719614815,277859.959334385,277859.959334385,277859.959334385,0.0,277855.719614815,277859.959334385,277855.719614815,277855.719614815,0.0,277851.4799963393,277859.959334385,277859.959334385,277859.959334385,0.0,277859.959334385,277855.719614815,277859.959334385,277859.959334385,277851.4799963393,277859.959334385,0.0,277847.2404789625,277859.959334385,0.0,0.0,277855.719614815,0.0,0.0,277859.959334385,277855.719614815,277847.2404789625,0.0,277855.719614815,277859.959334385,277847.2404789625,277855.719614815,277826.04440872394,277851.4799963393,277851.4799963393,277834.52253347175,277809.0893727855,277821.80549803784,277843.00106268923,277838.7617475241,277838.7617475241,277838.7617475241,277817.5666884829,277834.52253347175,277838.7617475241,277830.2834205368,277834.52253347175,277834.52253347175,277834.52253347175,277834.52253347175,277817.5666884829,277834.52253347175,277826.04440872394,277826.04440872394,277830.2834205368,277834.52253347175,277830.2834205368,277838.7617475241,277847.2404789625,277804.85086665227,277826.04440872394,277817.5666884829,277830.2834205368,277843.00106268923,277830.2834205368,277826.04440872394,277830.2834205368,277843.00106268923,277834.52253347175,277847.2404789625,277834.52253347175,277834.52253347175,277834.52253347175,277826.04440872394,277830.2834205368,277847.2404789625,277843.00106268923,277847.2404789625,277821.80549803784,277821.80549803784,277817.5666884829,277821.80549803784,277830.2834205368,277804.85086665227,277809.0893727855,277821.80549803784,277847.2404789625,277834.52253347175,277838.7617475241,277855.719614815,0.0,0.0,277859.959334385,277859.959334385,277859.959334385,0.0,277859.959334385,277859.959334385,0.0,277859.959334385,0.0,0.0,0.0,0.0,277859.959334385,277859.959334385,0.0,277859.959334385,0.0,277851.4799963393,277855.719614815,277859.959334385,0.0,0.0,277859.959334385,277851.4799963393,0.0,277859.959334385,0.0,277855.719614815,0.0,277859.959334385,277859.959334385,277859.959334385,277851.4799963393,0.0,0.0,0.0,277851.4799963393,277855.719614815,277847.2404789625,277855.719614815,277855.719614815,277859.959334385,0.0,0.0,277851.4799963393,0.0,0.0,0.0,277859.959334385,277859.959334385,277855.719614815,277859.959334385,277859.959334385,277859.959334385,277859.959334385,0.0,277855.719614815,277859.959334385,0.0,0.0,277859.959334385,0.0,277859.959334385,0.0,0.0,277859.959334385,277859.959334385,0.0,0.0,277859.959334385,0.0,0.0,277855.719614815,0.0,0.0,277859.959334385,277851.4799963393,277851.4799963393,277859.959334385,277859.959334385,277847.2404789625,0.0,277855.719614815,277851.4799963393,277838.7617475241,277809.0893727855,277838.7617475241,277834.52253347175,277847.2404789625,277830.2834205368,277847.2404789625,277817.5666884829,277838.7617475241,277851.4799963393,277843.00106268923,277821.80549803784,277843.00106268923,277855.719614815,277855.719614815,277851.4799963393,277855.719614815,277851.4799963393
277859.959334385,277859.959334385,277859.959334385,277855.719614815,0.0,0.0,277859.959334385,277859.959334385,277859.959334385,0.0,277851.4799963393,277830.2834205368,277817.5666884829,277851.4799963393,277855.719614815,0.0,277859.959334385,0.0,277859.959334385,277855.719614815,277859.959334385,277847.2404789625,277855.719614815,0.0,0.0,277859.959334385,277855.719614815,0.0,0.0,277859.959334385,0.0,277851.4799963393,277859.959334385,277859.959334385,277855.719614815,0.0,0.0,0.0,277855.719614815,0.0,0.0,277851.4799963393,0.0,277859.959334385,277855.719614815,0.0,277859.959334385,277859.959334385,277855.719614815,277859.959334385,277855.719614815,0.0,0.0,0.0,277859.959334385,0.0,0.0,0.0,0.0,0.0,277859.959334385,0.0,0.0,277851.4799963393,0.0,277859.959334385,277859.959334385,0.0,0.0,277847.2404789625,277859.959334385,277838.7617475241,277855.719614815,277851.4799963393,0.0,277847.2404789625,277859.959334385,277847.2404789625,277859.959334385,0.0,0.0,0.0,277855.719614815,277859.959334385,277859.959334385,277855.719614815,277847.2404789625,277855.719614815,277851.4799963393,0.0,277847.2404789625,277859.959334385,277859.959334385,277838.7617475241,277817.5666884829,277826.04440872394,277817.5666884829,277843.00106268923,277817.5666884829,277826.04440872394,277838.7617475241,277817.5666884829,277830.2834205368,277830.2834205368,277830.2834205368,277838.7617475241,277809.0893727855,277834.52253347175,277821.80549803784,277838.7617475241,277834.52253347175,277821.80549803784,277809.0893727855,277830.2834205368,277830.2834205368,277843.00106268923,277826.04440872394,277830.2834205368,277847.2404789625,277796.3741578399,277826.04440872394,277830.2834205368,277843.00106268923,277834.52253347175,277817.5666884829,277817.5666884829,277834.52253347175,277838.7617475241,277838.7617475241,277834.52253347175,277826.04440872394,277821.80549803784,277826.04440872394,277847.2404789625,277804.85086665227,277834.52253347175,277826.04440872394,277855.719614815,277821.80549803784,277826.04440872394,277847.2404789625,277847.2404789625,277834.52253347175,277834.52253347175,277826.04440872394,277830.2834205368,277826.04440872394,277826.04440872394,277843.00106268923,277855.719614815,277859.959334385,277855.719614815,277851.4799963393,277859.959334385,0.0,0.0,277859.959334385,0.0,0.0,0.0,0.0,277855.719614815,277859.959334385,277859.959334385,277859.959334385,0.0,0.0,0.0,277855.719614815,277859.959334385,0.0,277851.4799963393,277859.959334385,277851.4799963393,277859.959334385,277851.4799963393,277859.959334385,277855.719614815,0.0,0.0,277859.959334385,0.0,0.0,0.0,277859.959334385,0.0,277859.959334385,277859.959334385,277859.959334385,0.0,277838.7617475241,0.0,277859.959334385,277859.959334385,0.0,277859.959334385,277843.00106268923,277859.959334385,277859.959334385,277859.959334385,277859.959334385,277859.959334385,277847.2404789625,277859.959334385,277859.959334385,277859.959334385,277851.4799963393,0.0,277859.959334385,277855.719614815,277859.959334385,0.0,277859.959334385,277859.959334385,277859.959334385,0.0,0.0,277855.719614815,0.0,0.0,0.0,0.0,0.0,277851.4799963393,0.0,0.0,277855.719614815,0.0,277859.959334385,277851.4799963393,277847.2404789625,277843.00106268923,277847.2404789625,277859.959334385,277859.959334385,0.0,277855.719614815,277859.959334385,277813.3279800639,277792.1359551701,277800.6124616689,277817.5666884829,277826.04440872394,277851.4799963393,277813.3279800639,277817.5666884829,277838.7617475241,277847.2404789625,277838.7617475241,277821.80549803784,277843.00106268923,277834.52253347175,277838.7617475241,277851.4799963393,277851.4799963393,277855.719614815
277838.7617475241,277859.959334385,277859.959334385,0.0,0.0,277859.959334385,0.0,277859.959334385,0.0,277851.4799963393,277813.3279800639,277826.04440872394,277809.0893727855,277851.4799963393,277830.2834205368,277859.959334385,277859.959334385,277855.719614815,277859.959334385,277859.959334385,277859.959334385,277859.959334385,277855.719614815,277859.959334385,277855.719614815,0.0,277859.959334385,0.0,0.0,0.0,0.0,277859.959334385,277855.719614815,277859.959334385,0.0,0.0,0.0,277859.959334385,277859.959334385,277859.959334385,0.0,0.0,277855.719614815,277859.959334385,277859.959334385,277859.959334385,277859.959334385,277859.959334385,277859.959334385,0.0,0.0,0.0,277859.959334385,277855.719614815,0.0,277855.719614815,277859.959334385,0.0,0.0,277859.959334385,0.0,277859.959334385,0.0,0.0,0.0,0.0,277859.959334385,277859.959334385,277859.959334385,277859.959334385,277851.4799963393,0.0,0.0,0.0,0.0,277859.959334385,0.0,277851.4799963393,0.0,0.0,277859.959334385,277847.2404789625,277847.2404789625,277855.719614815,0.0,277851.4799963393,0.0,277859.959334385,0.0,277851.4799963393,277851.4799963393,277838.7617475241,277855.719614815,277834.52253347175,277843.00106268923,277834.52253347175,277838.7617475241,277821.80549803784,277838.7617475241,277838.7617475241,277826.04440872394,277830.2834205368,277809.0893727855,277830.2834205368,277830.2834205368,277826.04440872394,277830.2834205368,277826.04440872394,277830.2834205368,277800.6124616689,277809.0893727855,277817.5666884829,277804.85086665227,277826.04440872394,277800.6124616689,277830.2834205368,277817.5666884829,277821.80549803784,277838.7617475241,277826.04440872394,277804.85086665227,277847.2404789625,277821.80549803784,277821.80549803784,277834.52253347175,277809.0893727855,277843.00106268923,277826.04440872394,277830.2834205368,277843.00106268923,277838.7617475241,277826.04440872394,277809.0893727855,277834.52253347175,277834.52253347175,277851.4799963393,277838.7617475241,277830.2834205368,277851.4799963393,277855.719614815,277830.2834205368,277851.4799963393,277834.52253347175,277830.2834205368,277838.7617475241,277855.719614815,277847.2404789625,277859.959334385,277851.4799963393,0.0,277855.719614815,277859.959334385,277855.719614815,277859.959334385,277859.959334385,277859.959334385,277843.00106268923,0.0,0.0,277859.959334385,277859.959334385,0.0,277859.959334385,277859.959334385,277859.959334385,0.0,0.0,0.0,0.0,277859.959334385,0.0,277851.4799963393,277859.959334385,0.0,277859.959334385,277859.959334385,0.0,277859.959334385,0.0,277859.959334385,277859.959334385,0.0,0.0,277859.959334385,277859.959334385,277859.959334385,0.0,277855.719614815,277859.959334385,277855.719614815,0.0,277847.2404789625,0.0,277859.959334385,277855.719614815,277859.959334385,0.0,277855.719614815,277855.719614815,0.0,277859.959334385,277855.719614815,277859.959334385,277855.719614815,277859.959334385,277859.959334385,0.0,277851.4799963393,277859.959334385,277855.719614815,277859.959334385,277855.719614815,0.0,277855.719614815,277859.959334385,0.0,0.0,277859.959334385,0.0,0.0,277859.959334385,0.0,277859.959334385,0.0,0.0,277859.959334385,0.0,277855.719614815,277847.2404789625,277834.52253347175,277855.719614815,277851.4799963393,277855.719614815,277859.959334385,0.0,277847.2404789625,0.0,277847.2404789625,277834.52253347175,277779.42195416125,277796.3741578399,277834.52253347175,277838.7617475241,277855.719614815,277851.4799963393,277813.3279800639,277813.3279800639,277821.80549803784,277843.00106268923,277826.04440872394,277847.2404789625,277851.4799963393,277847.2404789625,277843.00106268923,277855.719614815,277855.719614815
277859.959334385,277859.959334385,0.0,277859.959334385,277847.2404789625,277851.4799963393,277859.959334385,277859.959334385,277855.719614815,277855.719614815,277847.2404789625,277838.7617475241,277838.7617475241,277855.719614815,277855.719614815,277859.959334385,277838.7617475241,277855.719614815,277847.2404789625,0.0,0.0,0.0,277859.959334385,0.0,0.0,277859.959334385,277855.719614815,0.0,0.0,277851.4799963393,0.0,277859.959334385,0.0,0.0,277859.959334385,277851.4799963393,0.0,277855.719614815,277855.719614815,0.0,277859.959334385,0.0,277859.959334385,277859.959334385,0.0,0.0,277859.959334385,0.0,0.0,277855.719614815,277859.959334385,277859.959334385,0.0,277847.2404789625,0.0,277859.959334385,0.0,277859.959334385,277859.959334385,277859.959334385,0.0,277859.959334385,0.0,277855.719614815,277859.959334385,277859.959334385,277859.959334385,277859.959334385,277855.719614815,277859.959334385,0.0,0.0,0.0,0.0,277855.719614815,0.0,277859.959334385,277859.959334385,277859.959334385,277859.959334385,277855.719614815,277851.4799963393,277851.4799963393,0.0,0.0,277859.959334385,277851.4799963393,0.0,277847.2404789625,277859.959334385,0.0,277859.959334385,277855.719614815,277847.2404789625,277855.719614815,277813.3279800639,277834.52253347175,277826.04440872394,277834.52253347175,277843.00106268923,277826.04440872394,277838.7617475241,277830.2834205368,277834.52253347175,277843.00106268923,277847.2404789625,277847.2404789625,277838.7617475241,277830.2834205368,277813.3279800639,277817.5666884829,277826.04440872394,277826.04440872394,277834.52253347175,277830.2834205368,277809.0893727855,277843.00106268923,277838.7617475241,277834.52253347175,277838.7617475241,277834.52253347175,277826.04440872394,277830.2834205368,277830.2834205368,277843.00106268923,277821.80549803784,277834.52253347175,277826.04440872394,277838.7617475241,277851.4799963393,277843.00106268923,277821.80549803784,277830.2834205368,277847.2404789625,277821.80549803784,277834.52253347175,277830.2834205368,277830.2834205368,277847.2404789625,277847.2404789625,277838.7617475241,277826.04440872394,277847.2404789625,277847.2404789625,277843.00106268923,277843.00106268923,277851.4799963393,277859.959334385,277859.959334385,277859.959334385,277855.719614815,0.0,0.0,0.0,277859.959334385,277859.959334385,277855.719614815,277855.719614815,0.0,277859.959334385,0.0,0.0,277859.959334385,277859.959334385,0.0,277859.959334385,277847.2404789625,0.0,0.0,0.0,277855.719614815,277859.959334385,277855.719614815,0.0,277859.959334385,277855.719614815,0.0,0.0,277855.719614815,277859.959334385,277859.959334385,277855.719614815,277851.4799963393,277859.959334385,277855.719614815,0.0,277859.959334385,277859.959334385,277859.959334385,277855.719614815,277855.719614815,277859.959334385,277859.959334385,277859.959334385,277851.4799963393,277859.959334385,0.0,277859.959334385,0.0,277859.959334385,277859.959334385,277855.719614815,277855.719614815,277855.719614815,277859.959334385,277855.719614815,277855.719614815,0.0,277855.719614815,277859.959334385,277859.959334385,277859.959334385,0.0,277859.959334385,277855.719614815,277847.2404789625,0.0,277847.2404789625,277859.959334385,277855.719614815,0.0,277859.959334385,277851.4799963393,0.0,277855.719614815,0.0,0.0,277855.719614815,277847.2404789625,277847.2404789625,277843.00106268923,277847.2404789625,277855.719614815,0.0,0.0,277859.959334385,277859.959334385,277838.7617475241,277855.719614815,277834.52253347175,277821.80549803784,277851.4799963393,277851.4799963393,277859.959334385,277838.7617475241,277843.00106268923,0.0,277843.00106268923,277830.2834205368,277843.00106268923,277851.4799963393,277838.7617475241,277843.00106268923,277859.959334385,277847.2404789625,277843.00106268923
277851.4799963393,0.0,0.0,277855.719614815,277855.719614815,277847.2404789625,0.0,0.0,0.0,277859.959334385,277855.719614815,277843.00106268923,277838.7617475241,277834.52253347175,277851.4799963393,277859.959334385,277859.959334385,277855.719614815,0.0,0.0,277855.719614815,0.0,0.0,0.0,277859.959334385,0.0,0.0,277859.959334385,0.0,277855.719614815,277855.719614815,0.0,277855.719614815,0.0,277859.959334385,0.0,0.0,277851.4799963393,277859.959334385,277855.719614815,277859.959334385,277859.959334385,0.0,0.0,277855.719614815,0.0,277859.959334385,0.0,277859.959334385,277859.959334385,0.0,0.0,0.0,0.0,277859.959334385,0.0,277855.719614815,0.0,0.0,277859.959334385,0.0,277859.959334385,277859.959334385,277855.719614815,0.0,0.0,277855.719614815,277859.959334385,277859.959334385,277859.959334385,277851.4799963393,0.0,0.0,277859.959334385,277859.959334385,277859.959334385,277855.719614815,277855.719614815,277859.959334385,0.0,277851.4799963393,277851.4799963393,0.0,277859.959334385,277855.719614815,277855.719614815,277859.959334385,277859.959334385,277859.959334385,0.0,0.0,277855.719614815,277859.959334385,277847.2404789625,277851.4799963393,277838.7617475241,277838.7617475241,277826.04440872394,277821.80549803784,277855.719614815,277826.04440872394,277847.2404789625,277800.6124616689,277834.52253347175,277826.04440872394,277821.80549803784,277826.04440872394,277830.2834205368,277847.2404789625,277826.04440872394,277826.04440872394,277809.0893727855,277838.7617475241,277834.52253347175,277834.52253347175,277804.85086665227,277838.7617475241,277830.2834205368,277826.04440872394,277826.04440872394,277830.2834205368,277834.52253347175,277834.52253347175,277809.0893727855,277834.52253347175,277843.00106268923,277834.52253347175,277817.5666884829,277826.04440872394,277834.52253347175,277821.80549803784,277834.52253347175,277838.7617475241,277826.04440872394,277834.52253347175,277830.2834205368,277826.04440872394,277855.719614815,277851.4799963393,277847.2404789625,277855.719614815,277859.959334385,277855.719614815,277843.00106268923,277855.719614815,277855.719614815,277855.719614815,277859.959334385,0.0,277855.719614815,277859.959334385,277847.2404789625,277859.959334385,277851.4799963393,277834.52253347175,277834.52253347175,277859.959334385,277855.719614815,277855.719614815,0.0,0.0,277859.959334385,277851.4799963393,277859.959334385,0.0,277859.959334385,0.0,277859.959334385,277859.959334385,277859.959334385,277855.719614815,0.0,277855.719614815,277851.4799963393,277859.959334385,277855.719614815,277855.719614815,277859.959334385,0.0,0.0,0.0,0.0,0.0,0.0,0.0,277859.959334385,0.0,0.0,0.0,0.0,277859.959334385,277859.959334385,277851.4799963393,0.0,0.0,0.0,0.0,277859.959334385,0.0,277855.719614815,0.0,0.0,277855.719614815,277859.959334385,277855.719614815,277859.959334385,277851.4799963393,277855.719614815,0.0,277855.719614815,277859.959334385,277859.959334385,0.0,0.0,0.0,0.0,277855.719614815,277859.959334385,277859.959334385,0.0,277859.959334385,277855.719614815,277859.959334385,277855.719614815,277855.719614815,0.0,277859.959334385,277855.719614815,277838.7617475241,277855.719614815,277855.719614815,0.0,277859.959334385,277855.719614815,277847.2404789625,277855.719614815,277851.4799963393,277838.7617475241,277859.959334385,277843.00106268923,277843.00106268923,277847.2404789625,277843.00106268923,277855.719614815,277847.2404789625,277855.719614815,277847.2404789625,277838.7617475241,277843.00106268923,277847.2404789625,277830.2834205368,277851.4799963393,277838.7617475241,277855.719614815,277838.7617475241,277851.4799963393
277859.959334385,277859.959334385,277859.959334385,0.0,277855.719614815,277851.4799963393,0.0,277851.4799963393,277851.4799963393,277847.2404789625,277859.959334385,277855.719614815,277847.2404789625,277851.4799963393,277859.959334385,0.0,0.0,277855.719614815,0.0,0.0,0.0,277851.4799963393,277859.959334385,0.0,277859.959334385,0.0,277859.959334385,277847.2404789625,277855.719614815,277859.959334385,277851.4799963393,0.0,0.0,277855.719614815,0.0,0.0,0.0,0.0,0.0,0.0,277855.719614815,277855.719614815,0.0,0.0,277851.4799963393,0.0,0.0,0.0,0.0,0.0,0.0,277859.959334385,0.0,277859.959334385,277859.959334385,277859.959334385,0.0,277855.719614815,0.0,277859.959334385,277851.4799963393,277859.959334385,0.0,277859.959334385,277859.959334385,277859.959334385,0.0,0.0,0.0,0.0,277859.959334385,277859.959334385,277855.719614815,0.0,277855.719614815,277855.719614815,0.0,277855.719614815,0.0,277859.959334385,277859.959334385,277851.4799963393,277855.719614815,277855.719614815,0.0,0.0,277855.719614815,277851.4799963393,277859.959334385,277859.959334385,277859.959334385,277851.4799963393,277859.959334385,277843.00106268923,277859.959334385,277834.52253347175,277851.4799963393,277834.52253347175,277843.00106268923,277830.2834205368,277826.04440872394,277821.80549803784,277821.80549803784,277804.85086665227,277838.7617475241,277817.5666884829,277834.52253347175,277838.7617475241,277847.2404789625,277817.5666884829,277826.04440872394,277834.52253347175,277826.04440872394,277821.80549803784,277817.5666884829,277830.2834205368,277826.04440872394,277826.04440872394,277843.00106268923,277834.52253347175,277821.80549803784,277834.52253347175,277834.52253347175,277834.52253347175,277830.2834205368,277826.04440872394,277855.719614815,277838.7617475241,277847.2404789625,277847.2404789625,277843.00106268923,277830.2834205368,277834.52253347175,277847.2404789625,277851.4799963393,277859.959334385,277843.00106268923,277855.719614815,0.0,277847.2404789625,0.0,277859.959334385,277859.959334385,277859.959334385,277859.959334385,277859.959334385,277855.719614815,0.0,277847.2404789625,0.0,277851.4799963393,277855.719614815,0.0,277859.959334385,277826.04440872394,277843.00106268923,277859.959334385,277851.4799963393,277859.959334385,0.0,0.0,0.0,0.0,0.0,277859.959334385,277859.959334385,277859.959334385,0.0,277859.959334385,0.0,0.0,0.0,0.0,277855.719614815,277859.959334385,277859.959334385,0.0,277859.959334385,0.0,0.0,277851.4799963393,0.0,277859.959334385,277859.959334385,0.0,0.0,0.0,277855.719614815,277859.959334385,277859.959334385,277859.959334385,0.0,277859.959334385,277859.959334385,277859.959334385,277855.719614815,0.0,0.0,0.0,277855.719614815,277859.959334385,277859.959334385,277855.719614815,277859.959334385,0.0,277851.4799963393,277859.959334385,0.0,0.0,0.0,277859.959334385,277859.959334385,277859.959334385,0.0,277859.959334385,277855.719614815,0.0,277859.959334385,0.0,277855.719614815,277847.2404789625,0.0,277859.959334385,0.0,0.0,0.0,277855.719614815,0.0,277851.4799963393,0.0,277843.00106268923,277859.959334385,0.0,277859.959334385,277859.959334385,0.0,277847.2404789625,277859.959334385,277855.719614815,277855.719614815,0.0,277851.4799963393,277851.4799963393,277843.00106268923,277834.52253347175,277851.4799963393,277855.719614815,277838.7617475241,277834.52253347175,277843.00106268923,277847.2404789625,277851.4799963393,277859.959334385,0.0,277847.2404789625,277847.2404789625
277859.959334385,277855.719614815,277851.4799963393,277847.2404789625,0.0,277859.959334385,277855.719614815,277830.2834205368,277821.80549803784,277847.2404789625,277813.3279800639,277834.52253347175,277847.2404789625,277855.719614815,277855.719614815,277855.719614815,277855.719614815,277847.2404789625,277847.2404789625,277855.719614815,277847.2404789625,277859.959334385,277855.719614815,277855.719614815,277855.719614815,277859.959334385,277851.4799963393,277855.719614815,277855.719614815,277855.719614815,277843.00106268923,277855.719614815,277855.719614815,0.0,277855.719614815,277859.959334385,0.0,277859.959334385,277859.959334385,0.0,0.0,277859.959334385,0.0,277855.719614815,0.0,0.0,0.0,277859.959334385,277859.959334385,0.0,0.0,277859.959334385,277859.959334385,0.0,0.0,0.0,0.0,277855.719614815,277855.719614815,0.0,0.0,277855.719614815,277855.719614815,277859.959334385,0.0,277859.959334385,277859.959334385,277859.959334385,277859.959334385,277859.959334385,277859.959334385,277855.719614815,277855.719614815,0.0,0.0,0.0,0.0,277859.959334385,277855.719614815,277859.959334385,0.0,277859.959334385,277855.719614815,277855.719614815,277859.959334385,0.0,277851.4799963393,277847.2404789625,0.0,277855.719614815,0.0,277855.719614815,277855.719614815,0.0,0.0,277834.52253347175,277834.52253347175,277851.4799963393,277826.04440872394,277821.80549803784,277817.5666884829,277838.7617475241,277847.2404789625,277830.2834205368,277826.04440872394,277821.80549803784,277826.04440872394,277830.2834205368,277834.52253347175,277813.3279800639,277826.04440872394,277826.04440872394,277821.80549803784,277838.7617475241,277826.04440872394,277843.00106268923,277838.7617475241,277843.00106268923,277843.00106268923,277821.80549803784,277826.04440872394,277834.52253347175,277838.7617475241,277809.0893727855,277830.2834205368,277847.2404789625,277821.80549803784,277847.2404789625,277821.80549803784,277838.7617475241,277847.2404789625,277859.959334385,277855.719614815,0.0,277851.4799963393,0.0,277859.959334385,277859.959334385,277859.959334385,277859.959334385,277851.4799963393,277859.959334385,0.0,277859.959334385,277855.719614815,277855.719614815,277851.4799963393,277859.959334385,0.0,277859.959334385,0.0,277859.959334385,277855.719614815,277855.719614815,277843.00106268923,277851.4799963393,277838.7617475241,277851.4799963393,277851.4799963393,277859.959334385,277859.959334385,277859.959334385,277859.959334385,277855.719614815,277859.959334385,0.0,0.0,277859.959334385,0.0,277855.719614815,0.0,277859.959334385,0.0,277859.959334385,0.0,277859.959334385,277859.959334385,277859.959334385,277859.959334385,277855.719614815,277855.719614815,0.0,277855.719614815,277859.959334385,277859.959334385,277855.719614815,0.0,277855.719614815,277859.959334385,0.0,277859.959334385,277855.719614815,277855.719614815,277855.719614815,0.0,277855.719614815,277851.4799963393,0.0,0.0,277855.719614815,277855.719614815,277859.959334385,277859.959334385,277855.719614815,0.0,277851.4799963393,277859.959334385,277859.959334385,277859.959334385,277855.719614815,277859.959334385,277855.719614815,277859.959334385,277851.4799963393,277859.959334385,277855.719614815,0.0,277859.959334385,277859.959334385,277855.719614815,277859.959334385,0.0,277859.959334385,277859.959334385,0.0,277855.719614815,0.0,277859.959334385,0.0,0.0,277851.4799963393,277859.959334385,277859.959334385,277851.4799963393,0.0,277859.959334385,277859.959334385,277855.719614815,277843.00106268923,277859.959334385,277843.00106268923,277847.2404789625,277855.719614815,277851.4799963393,0.0,277859.959334385,277859.959334385,277855.719614815,277851.4799963393,277859.959334385,277855.719614815,277855.719614815,277838.7617475241,277855.719614815,277851.4799963393,277859.959334385
277859.959334385,277859.959334385,277843.00106268923,277859.959334385,277843.00106268923,277838.7617475241,277813.3279800639,277787.89785366395,277796.3741578399,277745.52240362525,277711.62933082716,277809.0893727855,277821.80549803784,277847.2404789625,277851.4799963393,277855.719614815,277859.959334385,0.0,277843.00106268923,277855.719614815,277847.2404789625,277847.2404789625,277851.4799963393,277847.2404789625,277851.4799963393,277855.719614815,277855.719614815,277851.4799963393,277851.4799963393,0.0,277843.00106268923,277859.959334385,277847.2404789625,277851.4799963393,277855.719614815,277859.959334385,277855.719614815,277859.959334385,0.0,0.0,277859.959334385,277855.719614815,0.0,0.0,0.0,277859.959334385,277859.959334385,0.0,0.0,277859.959334385,0.0,0.0,277859.959334385,0.0,277855.719614815,0.0,277855.719614815,0.0,0.0,0.0,277859.959334385,0.0,277859.959334385,0.0,277859.959334385,277855.719614815,0.0,0.0,277859.959334385,277855.719614815,277855.719614815,277859.959334385,277855.719614815,277851.4799963393,277855.719614815,0.0,0.0,0.0,277855.719614815,277859.959334385,277855.719614815,277859.959334385,277851.4799963393,277859.959334385,277859.959334385,277851.4799963393,277855.719614815,0.0,277847.2404789625,277859.959334385,277859.959334385,277859.959334385,277859.959334385,277855.719614815,0.0,277847.2404789625,277843.00106268923,277843.00106268923,277851.4799963393,277834.52253347175,277821.80549803784,277834.52253347175,277830.2834205368,277843.00106268923,277847.2404789625,277851.4799963393,277800.6124616689,277826.04440872394,277838.7617475241,277838.7617475241,277830.2834205368,277817.5666884829,277855.719614815,277830.2834205368,277838.7617475241,277838.7617475241,277826.04440872394,277826.04440872394,277809.0893727855,277838.7617475241,277843.00106268923,277830.2834205368,277838.7617475241,277834.52253347175,277838.7617475241,277830.2834205368,277838.7617475241,277834.52253347175,277847.2404789625,277830.2834205368,277855.719614815,277859.959334385,0.0,277855.719614815,277855.719614815,0.0,277859.959334385,277855.719614815,277859.959334385,277859.959334385,277859.959334385,277859.959334385,277859.959334385,277855.719614815,277859.959334385,277859.959334385,277855.719614815,277855.719614815,0.0,0.0,0.0,0.0,0.0,277851.4799963393,277851.4799963393,277838.7617475241,277796.3741578399,277847.2404789625,277855.719614815,0.0,0.0,0.0,277855.719614815,277859.959334385,277859.959334385,277859.959334385,0.0,277859.959334385,277859.959334385,277847.2404789625,0.0,277859.959334385,277859.959334385,0.0,0.0,0.0,277859.959334385,277859.959334385,0.0,0.0,277859.959334385,277859.959334385,277859.959334385,0.0,0.0,0.0,277851.4799963393,277851.4799963393,277855.719614815,277851.4799963393,277859.959334385,277859.959334385,277855.719614815,277859.959334385,277859.959334385,0.0,277859.959334385,0.0,277855.719614815,277834.52253347175,277855.719614815,277847.2404789625,277851.4799963393,277859.959334385,277859.959334385,277859.959334385,277859.959334385,277859.959334385,0.0,0.0,277855.719614815,277859.959334385,277859.959334385,277855.719614815,0.0,0.0,277855.719614815,0.0,277859.959334385,277859.959334385,0.0,0.0,0.0,0.0,277859.959334385,0.0,277859.959334385,0.0,0.0,277855.719614815,0.0,277847.2404789625,277859.959334385,277859.959334385,0.0,0.0,0.0,277859.959334385,277847.2404789625,277843.00106268923,277855.719614815,277859.959334385,0.0,277855.719614815,277855.719614815,277847.2404789625,277855.719614815,277851.4799963393,277855.719614815,277851.4799963393,277847.2404789625,277851.4799963393,277843.00106268923,277843.00106268923,277838.7617475241,277851.4799963393
277859.959334385,277847.2404789625,277855.719614815,277855.719614815,277855.719614815,277847.2404789625,277821.80549803784,277762.47136932425,277809.0893727855,277720.1019916091,277643.86262793327,277775.18415617413,277834.52253347175,277859.959334385,277855.719614815,277855.719614815,277847.2404789625,277843.00106268923,0.0,277859.959334385,277838.7617475241,277859.959334385,277851.4799963393,277838.7617475241,277851.4799963393,277851.4799963393,277855.719614815,277851.4799963393,277855.719614815,277847.2404789625,277847.2404789625,277859.959334385,277838.7617475241,277859.959334385,277855.719614815,277859.959334385,277859.959334385,0.0,277859.959334385,0.0,277859.959334385,277859.959334385,0.0,0.0,0.0,0.0,0.0,277859.959334385,277859.959334385,0.0,0.0,277859.959334385,277855.719614815,277859.959334385,277859.959334385,0.0,277859.959334385,277859.959334385,0.0,277859.959334385,0.0,277859.959334385,0.0,277859.959334385,0.0,277847.2404789625,0.0,0.0,277859.959334385,277855.719614815,0.0,277859.959334385,277847.2404789625,277855.719614815,277859.959334385,277851.4799963393,277859.959334385,277855.719614815,277851.4799963393,277855.719614815,277859.959334385,277851.4799963393,277859.959334385,277859.959334385,277859.959334385,277855.719614815,0.0,277859.959334385,277855.719614815,0.0,277851.4799963393,277859.959334385,0.0,277851.4799963393,277859.959334385,0.0,277855.719614815,277855.719614815,277843.00106268923,277847.2404789625,277847.2404789625,277809.0893727855,277838.7617475241,277851.4799963393,277821.80549803784,277826.04440872394,277813.3279800639,277830.2834205368,277834.52253347175,277796.3741578399,277809.0893727855,277830.2834205368,277830.2834205368,277817.5666884829,277830.2834205368,277843.00106268923,277834.52253347175,277830.2834205368,277834.52253347175,277821.80549803784,277847.2404789625,277821.80549803784,277821.80549803784,277843.00106268923,277843.00106268923,277851.4799963393,277847.2404789625,277838.7617475241,277843.00106268923,277859.959334385,277859.959334385,277855.719614815,277851.4799963393,277855.719614815,0.0,277855.719614815,277851.4799963393,277855.719614815,277859.959334385,0.0,0.0,277859.959334385,277859.959334385,0.0,277859.959334385,277859.959334385,277859.959334385,0.0,277859.959334385,277859.959334385,0.0,0.0,277859.959334385,0.0,277855.719614815,277843.00106268923,277843.00106268923,277859.959334385,277859.959334385,0.0,277855.719614815,0.0,0.0,277847.2404789625,0.0,277847.2404789625,277859.959334385,0.0,277859.959334385,0.0,277859.959334385,0.0,0.0,277859.959334385,277859.959334385,0.0,0.0,277851.4799963393,277859.959334385,277847.2404789625,277855.719614815,277859.959334385,0.0,277859.959334385,0.0,277855.719614815,0.0,277859.959334385,0.0,277855.719614815,277855.719614815,277859.959334385,277859.959334385,277859.959334385,277859.959334385,277859.959334385,0.0,277855.719614815,0.0,277855.719614815,277855.719614815,0.0,277843.00106268923,277855.719614815,277855.719614815,277855.719614815,277851.4799963393,0.0,0.0,0.0,0.0,277859.959334385,0.0,277855.719614815,0.0,0.0,277859.959334385,0.0,277859.959334385,277859.959334385,277855.719614815,0.0,0.0,277859.959334385,277855.719614815,277859.959334385,277859.959334385,277859.959334385,0.0,0.0,277859.959334385,0.0,277855.719614815,277859.959334385,277859.959334385,277855.719614815,0.0,0.0,0.0,0.0,277851.4799963393,277859.959334385,277859.959334385,277859.959334385,277855.719614815,277851.4799963393,277859.959334385,277847.2404789625,277855.719614815,277859.959334385,277847.2404789625,277859.959334385,277838.7617475241,277826.04440872394,277838.7617475241,277855.719614815
277859.959334385,0.0,277851.4799963393,277855.719614815,277821.80549803784,277830.2834205368,277775.18415617413,277796.3741578399,277826.04440872394,277787.89785366395,277796.3741578399,277813.3279800639,277838.7617475241,277851.4799963393,277847.2404789625,277851.4799963393,277843.00106268923,277847.2404789625,0.0,277851.4799963393,277843.00106268923,277851.4799963393,277851.4799963393,277851.4799963393,277838.7617475241,277855.719614815,277851.4799963393,277847.2404789625,277855.719614815,0.0,277843.00106268923,277855.719614815,277859.959334385,0.0,0.0,0.0,277859.959334385,0.0,277855.719614815,0.0,277859.959334385,0.0,277859.959334385,0.0,0.0,277859.959334385,277859.959334385,0.0,0.0,277855.719614815,0.0,277859.959334385,0.0,0.0,0.0,277859.959334385,277859.959334385,277859.959334385,0.0,0.0,0.0,0.0,277851.4799963393,277851.4799963393,0.0,0.0,277855.719614815,277855.719614815,277859.959334385,277859.959334385,0.0,0.0,277855.719614815,277859.959334385,0.0,277859.959334385,277847.2404789625,277859.959334385,277847.2404789625,277859.959334385,277859.959334385,277859.959334385,277851.4799963393,0.0,277859.959334385,277855.719614815,0.0,0.0,0.0,277859.959334385,0.0,0.0,0.0,277859.959334385,0.0,277855.719614815,277859.959334385,277838.7617475241,277821.80549803784,277834.52253347175,277851.4799963393,277830.2834205368,277843.00106268923,277843.00106268923,277830.2834205368,277838.7617475241,277838.7617475241,277826.04440872394,277830.2834205368,277826.04440872394,277859.959334385,277834.52253347175,277838.7617475241,277834.52253347175,277826.04440872394,277834.52253347175,277834.52253347175,277830.2834205368,277817.5666884829,277843.00106268923,277813.3279800639,277830.2834205368,277830.2834205368,277838.7617475241,277843.00106268923,277847.2404789625,277851.4799963393,277855.719614815,277859.959334385,277855.719614815,277851.4799963393,277855.719614815,0.0,0.0,0.0,277855.719614815,0.0,277859.959334385,0.0,0.0,277859.959334385,277855.719614815,0.0,277859.959334385,277859.959334385,0.0,277855.719614815,277859.959334385,277847.2404789625,0.0,277859.959334385,0.0,277859.959334385,277855.719614815,0.0,277851.4799963393,277838.7617475241,277847.2404789625,277859.959334385,0.0,0.0,0.0,0.0,277859.959334385,0.0,277859.959334385,0.0,277847.2404789625,277859.959334385,277859.959334385,0.0,0.0,0.0,277851.4799963393,277859.959334385,277859.959334385,0.0,0.0,277851.4799963393,277855.719614815,0.0,277855.719614815,277859.959334385,0.0,0.0,277859.959334385,0.0,0.0,277855.719614815,277859.959334385,277859.959334385,277851.4799963393,0.0,277847.2404789625,0.0,277859.959334385,277855.719614815,277859.959334385,0.0,277855.719614815,277855.719614815,277855.719614815,277859.959334385,277855.719614815,0.0,277855.719614815,277855.719614815,277855.719614815,277851.4799963393,277855.719614815,0.0,277859.959334385,277859.959334385,277859.959334385,0.0,277859.959334385,277855.719614815,0.0,277859.959334385,277859.959334385,277859.959334385,277855.719614815,277855.719614815,0.0,0.0,277859.959334385,0.0,0.0,277859.959334385,277859.959334385,0.0,0.0,0.0,277859.959334385,277859.959334385,277859.959334385,277859.959334385,277859.959334385,0.0,0.0,0.0,277859.959334385,277859.959334385,277859.959334385,0.0,0.0,277859.959334385,277859.959334385,277855.719614815,277855.719614815,277838.7617475241,277838.7617475241,277838.7617475241,277821.80549803784,277766.708863751,277813.3279800639
277851.4799963393,277859.959334385,277859.959334385,277838.7617475241,277834.52253347175,277741.2854152256,277732.8117420887,277770.9464593691,277843.00106268923,277847.2404789625,277859.959334385,277847.2404789625,277851.4799963393,0.0,277851.4799963393,277859.959334385,277859.959334385,277838.7617475241,277847.2404789625,277843.00106268923,277834.52253347175,277855.719614815,277843.00106268923,0.0,277847.2404789625,277855.719614815,277859.959334385,277855.719614815,277851.4799963393,277851.4799963393,0.0,277851.4799963393,277859.959334385,277855.719614815,277859.959334385,277855.719614815,277847.2404789625,277855.719614815,277859.959334385,277855.719614815,277859.959334385,0.0,0.0,277859.959334385,0.0,0.0,0.0,0.0,277859.959334385,0.0,277851.4799963393,277859.959334385,277851.4799963393,277859.959334385,277859.959334385,0.0,277859.959334385,277855.719614815,277859.959334385,277859.959334385,277859.959334385,277859.959334385,277859.959334385,277859.959334385,0.0,277855.719614815,277855.719614815,0.0,0.0,277855.719614815,0.0,0.0,0.0,0.0,0.0,277851.4799963393,277859.959334385,277855.719614815,277855.719614815,277859.959334385,277859.959334385,277855.719614815,277855.719614815,277859.959334385,277843.00106268923,277859.959334385,0.0,277855.719614815,277859.959334385,277855.719614815,277859.959334385,277859.959334385,277859.959334385,277859.959334385,0.0,277851.4799963393,0.0,277855.719614815,277855.719614815,277838.7617475241,277834.52253347175,277830.2834205368,277838.7617475241,277851.4799963393,277834.52253347175,277804.85086665227,277838.7617475241,277813.3279800639,277830.2834205368,277830.2834205368,277847.2404789625,277843.00106268923,277851.4799963393,277843.00106268923,277813.3279800639,277830.2834205368,277830.2834205368,277855.719614815,277817.5666884829,277821.80549803784,277847.2404789625,277855.719614815,277838.7617475241,277847.2404789625,277838.7617475241,277851.4799963393,277851.4799963393,277855.719614815,277855.719614815,0.0,277855.719614815,0.0,277851.4799963393,0.0,277859.959334385,0.0,277859.959334385,0.0,277859.959334385,277855.719614815,0.0,0.0,0.0,0.0,277855.719614815,0.0,0.0,277855.719614815,0.0,277859.959334385,277859.959334385,277859.959334385,0.0,277855.719614815,277859.959334385,277859.959334385,277859.959334385,277855.719614815,277859.959334385,277855.719614815,0.0,0.0,277859.959334385,0.0,277859.959334385,0.0,277859.959334385,0.0,0.0,0.0,277859.959334385,0.0,0.0,0.0,277851.4799963393,0.0,0.0,0.0,277847.2404789625,277855.719614815,277859.959334385,277859.959334385,277855.719614815,0.0,0.0,277859.959334385,277859.959334385,0.0,277851.4799963393,277855.719614815,277859.959334385,277859.959334385,0.0,277859.959334385,277851.4799963393,277859.959334385,0.0,277859.959334385,0.0,0.0,0.0,277855.719614815,0.0,277859.959334385,277855.719614815,0.0,277859.959334385,0.0,277859.959334385,0.0,0.0,277859.959334385,0.0,0.0,0.0,0.0,277847.2404789625,277859.959334385,0.0,0.0,0.0,0.0,0.0,0.0,277855.719614815,277855.719614815,0.0,0.0,277855.719614815,277859.959334385,277855.719614815,0.0,277859.959334385,277847.2404789625,0.0,277851.4799963393,277855.719614815,277859.959334385,0.0,277855.719614815,0.0,277859.959334385,0.0,0.0,0.0,277851.4799963393,277859.959334385,277855.719614815,0.0,277859.959334385,277859.959334385,277855.719614815,277817.5666884829,277826.04440872394,277766.708863751,277783.65985332616
0.0,277851.4799963393,277859.959334385,277838.7617475241,277817.5666884829,277758.23397609376,277720.1019916091,277787.89785366395,277851.4799963393,277847.2404789625,0.0,277855.719614815,277838.7617475241,277847.2404789625,277855.719614815,277855.719614815,277847.2404789625,277855.719614815,277851.4799963393,277851.4799963393,277855.719614815,277855.719614815,277859.959334385,0.0,0.0,277859.959334385,0.0,277859.959334385,277851.4799963393,0.0,0.0,277855.719614815,0.0,0.0,277851.4799963393,0.0,277859.959334385,277859.959334385,0.0,277859.959334385,277855.719614815,277855.719614815,277855.719614815,277859.959334385,0.0,0.0,0.0,277859.959334385,0.0,0.0,277859.959334385,0.0,277855.719614815,277859.959334385,277859.959334385,277859.959334385,0.0,0.0,0.0,277851.4799963393,277859.959334385,277851.4799963393,277859.959334385,277859.959334385,0.0,277859.959334385,277859.959334385,277859.959334385,277851.4799963393,277851.4799963393,0.0,0.0,277859.959334385,277851.4799963393,277851.4799963393,277859.959334385,277859.959334385,0.0,277851.4799963393,277859.959334385,277859.959334385,0.0,277859.959334385,277843.00106268923,277851.4799963393,277851.4799963393,277859.959334385,0.0,277855.719614815,0.0,0.0,277859.959334385,277855.719614815,0.0,0.0,277855.719614815,0.0,277855.719614815,277834.52253347175,277851.4799963393,277838.7617475241,277851.4799963393,277847.2404789625,277826.04440872394,277830.2834205368,277834.52253347175,277838.7617475241,277838.7617475241,277826.04440872394,277838.7617475241,277830.2834205368,277834.52253347175,277838.7617475241,277830.2834205368,277834.52253347175,277834.52253347175,277851.4799963393,277855.719614815,277817.5666884829,277838.7617475241,277851.4799963393,277859.959334385,277851.4799963393,277855.719614815,0.0,277851.4799963393,277859.959334385,277859.959334385,277855.719614815,0.0,0.0,277859.959334385,0.0,0.0,0.0,277859.959334385,277855.719614815,0.0,0.0,0.0,277859.959334385,0.0,0.0,277859.959334385,277855.719614815,0.0,0.0,277851.4799963393,0.0,0.0,0.0,277855.719614815,0.0,277855.719614815,0.0,0.0,0.0,0.0,277859.959334385,0.0,277855.719614815,277855.719614815,0.0,0.0,0.0,277859.959334385,0.0,0.0,0.0,277855.719614815,0.0,277859.959334385,0.0,0.0,0.0,0.0,0.0,0.0,0.0,0.0,0.0,277859.959334385,277859.959334385,277859.959334385,0.0,277859.959334385,0.0,277859.959334385,0.0,0.0,0.0,277859.959334385,277851.4799963393,0.0,277859.959334385,277859.959334385,277855.719614815,0.0,0.0,277851.4799963393,277859.959334385,0.0,0.0,0.0,277859.959334385,277859.959334385,0.0,277859.959334385,277859.959334385,0.0,277855.719614815,0.0,277859.959334385,0.0,277855.719614815,277855.719614815,277855.719614815,277851.4799963393,277855.719614815,0.0,0.0,277859.959334385,0.0,0.0,277859.959334385,277859.959334385,277855.719614815,277859.959334385,0.0,277859.959334385,0.0,0.0,277855.719614815,0.0,277859.959334385,277859.959334385,0.0,277859.959334385,0.0,277859.959334385,0.0,277859.959334385,277859.959334385,0.0,277859.959334385,277851.4799963393,277859.959334385,0.0,277855.719614815,277855.719614815,0.0,277843.00106268923,277834.52253347175,277796.3741578399,277800.6124616689,277787.89785366395
277855.719614815,277851.4799963393,277838.7617475241,277838.7617475241,277813.3279800639,277809.0893727855,277817.5666884829,277855.719614815,277859.959334385,277855.719614815,277855.719614815,277851.4799963393,0.0,277859.959334385,277855.719614815,277859.959334385,277859.959334385,277859.959334385,0.0,0.0,0.0,0.0,0.0,0.0,0.0,0.0,0.0,277859.959334385,0.0,277859.959334385,0.0,0.0,277859.959334385,0.0,277855.719614815,277859.959334385,277859.959334385,277859.959334385,0.0,277859.959334385,277859.959334385,0.0,277859.959334385,277855.719614815,0.0,277855.719614815,0.0,0.0,277859.959334385,0.0,0.0,277859.959334385,0.0,0.0,277855.719614815,277859.959334385,277859.959334385,0.0,0.0,277859.959334385,277855.719614815,0.0,277859.959334385,277859.959334385,277851.4799963393,277855.719614815,0.0,0.0,0.0,277855.719614815,277859.959334385,277855.719614815,277859.959334385,277859.959334385,277855.719614815,277859.959334385,0.0,277851.4799963393,277859.959334385,277855.719614815,277859.959334385,277859.959334385,0.0,277851.4799963393,277859.959334385,277859.959334385,277851.4799963393,277859.959334385,0.0,277859.959334385,277859.959334385,0.0,277855.719614815,0.0,0.0,277847.2404789625,0.0,277847.2404789625,0.0,277855.719614815,277830.2834205368,277792.1359551701,277847.2404789625,277838.7617475241,277843.00106268923,277813.3279800639,277851.4799963393,277847.2404789625,277830.2834205368,277830.2834205368,277826.04440872394,277826.04440872394,277826.04440872394,277834.52253347175,277809.0893727855,277817.5666884829,277843.00106268923,277834.52253347175,277838.7617475241,277838.7617475241,277851.4799963393,277859.959334385,277859.959334385,0.0,277838.7617475241,277859.959334385,277855.719614815,277855.719614815,0.0,0.0,0.0,0.0,277859.959334385,0.0,0.0,0.0,0.0,277859.959334385,277859.959334385,277855.719614815,277859.959334385,0.0,277859.959334385,277851.4799963393,277859.959334385,0.0,277859.959334385,0.0,277859.959334385,0.0,0.0,277855.719614815,277859.959334385,0.0,277859.959334385,0.0,277859.959334385,277859.959334385,277847.2404789625,277859.959334385,0.0,0.0,277859.959334385,0.0,0.0,277855.719614815,0.0,277859.959334385,277855.719614815,277859.959334385,0.0,277855.719614815,277859.959334385,0.0,0.0,0.0,277855.719614815,277859.959334385,277859.959334385,0.0,277859.959334385,0.0,277859.959334385,277859.959334385,0.0,277859.959334385,0.0,277859.959334385,277859.959334385,277859.959334385,0.0,277859.959334385,277859.959334385,0.0,277859.959334385,0.0,277855.719614815,277859.959334385,277859.959334385,277859.959334385,277855.719614815,277851.4799963393,277859.959334385,277859.959334385,277859.959334385,277855.719614815,0.0,0.0,277855.719614815,277859.959334385,277859.959334385,0.0,0.0,277859.959334385,277859.959334385,277838.7617475241,277859.959334385,0.0,277859.959334385,0.0,277859.959334385,0.0,277855.719614815,277859.959334385,0.0,277859.959334385,0.0,277859.959334385,277859.959334385,0.0,277859.959334385,277851.4799963393,0.0,277859.959334385,0.0,0.0,277859.959334385,0.0,0.0,0.0,0.0,0.0,277855.719614815,0.0,277859.959334385,0.0,277859.959334385,0.0,0.0,277855.719614815,0.0,0.0,277851.4799963393,277851.4799963393,277813.3279800639,277800.6124616689
277851.4799963393,277855.719614815,277851.4799963393,277817.5666884829,277804.85086665227,277830.2834205368,277830.2834205368,277847.2404789625,0.0,277855.719614815,277859.959334385,277859.959334385,277847.2404789625,277859.959334385,277859.959334385,277851.4799963393,277859.959334385,277859.959334385,0.0,0.0,0.0,0.0,277859.959334385,277855.719614815,0.0,277855.719614815,0.0,0.0,277859.959334385,277855.719614815,277855.719614815,277859.959334385,0.0,0.0,277859.959334385,277855.719614815,277859.959334385,0.0,277859.959334385,0.0,277859.959334385,277859.959334385,0.0,0.0,277859.959334385,0.0,277859.959334385,277859.959334385,277859.959334385,277859.959334385,0.0,0.0,277859.959334385,0.0,0.0,277859.959334385,277859.959334385,0.0,277855.719614815,277855.719614815,0.0,0.0,0.0,277859.959334385,277851.4799963393,277855.719614815,277851.4799963393,277855.719614815,277855.719614815,277859.959334385,0.0,277851.4799963393,277859.959334385,0.0,277855.719614815,277859.959334385,0.0,277855.719614815,277855.719614815,277851.4799963393,277851.4799963393,0.0,277855.719614815,277855.719614815,277855.719614815,277859.959334385,0.0,277855.719614815,277855.719614815,277859.959334385,277859.959334385,277851.4799963393,277855.719614815,0.0,277851.4799963393,0.0,277855.719614815,277859.959334385,277855.719614815,277859.959334385,277859.959334385,277851.4799963393,277847.2404789625,277821.80549803784,277826.04440872394,277847.2404789625,277826.04440872394,277826.04440872394,277830.2834205368,277855.719614815,277821.80549803784,277826.04440872394,277847.2404789625,277821.80549803784,277838.7617475241,277838.7617475241,277830.2834205368,277838.7617475241,277838.7617475241,277859.959334385,277855.719614815,0.0,277851.4799963393,277830.2834205368,277838.7617475241,277859.959334385,277859.959334385,277859.959334385,0.0,0.0,277859.959334385,277859.959334385,277859.959334385,0.0,0.0,0.0,277859.959334385,277859.959334385,0.0,277859.959334385,277859.959334385,0.0,277855.719614815,277859.959334385,0.0,0.0,277859.959334385,277859.959334385,277855.719614815,0.0,0.0,277859.959334385,0.0,0.0,0.0,277859.959334385,277859.959334385,0.0,277847.2404789625,0.0,277859.959334385,277855.719614815,277859.959334385,277859.959334385,277859.959334385,0.0,0.0,0.0,277859.959334385,0.0,0.0,277859.959334385,277859.959334385,277859.959334385,277859.959334385,0.0,0.0,277859.959334385,0.0,0.0,277859.959334385,277859.959334385,0.0,0.0,0.0,277859.959334385,277851.4799963393,277855.719614815,277855.719614815,277855.719614815,0.0,0.0,0.0,277855.719614815,277855.719614815,277859.959334385,0.0,277859.959334385,0.0,0.0,277855.719614815,277855.719614815,277855.719614815,277851.4799963393,0.0,0.0,277855.719614815,277855.719614815,0.0,0.0,0.0,0.0,277851.4799963393,277859.959334385,277859.959334385,277859.959334385,277859.959334385,277859.959334385,0.0,0.0,0.0,0.0,277855.719614815,0.0,277859.959334385,0.0,277859.959334385,277859.959334385,0.0,277859.959334385,277847.2404789625,277855.719614815,277855.719614815,277859.959334385,277855.719614815,277855.719614815,0.0,0.0,277859.959334385,277859.959334385,0.0,277859.959334385,277859.959334385,0.0,0.0,0.0,0.0,0.0,277859.959334385,277859.959334385,277855.719614815,277859.959334385,277859.959334385,0.0,277851.4799963393,277813.3279800639
277859.959334385,277855.719614815,277847.2404789625,277830.2834205368,277817.5666884829,277804.85086665227,277792.1359551701,277847.2404789625,277859.959334385,277855.719614815,277859.959334385,277855.719614815,277859.959334385,277855.719614815,0.0,277859.959334385,277859.959334385,0.0,277855.719614815,277859.959334385,0.0,0.0,0.0,277859.959334385,0.0,0.0,0.0,0.0,277855.719614815,277859.959334385,277847.2404789625,277851.4799963393,277859.959334385,277859.959334385,0.0,0.0,277859.959334385,0.0,277855.719614815,277859.959334385,277859.959334385,0.0,277851.4799963393,277859.959334385,277855.719614815,277859.959334385,277855.719614815,277859.959334385,0.0,0.0,277859.959334385,0.0,277859.959334385,0.0,0.0,277855.719614815,0.0,277843.00106268923,277855.719614815,0.0,277851.4799963393,277855.719614815,277851.4799963393,0.0,277851.4799963393,277855.719614815,0.0,0.0,277859.959334385,277859.959334385,277859.959334385,277851.4799963393,277859.959334385,277851.4799963393,277855.719614815,277859.959334385,277851.4799963393,277859.959334385,277851.4799963393,0.0,277855.719614815,277847.2404789625,277855.719614815,277843.00106268923,277859.959334385,277843.00106268923,277859.959334385,277859.959334385,277859.959334385,0.0,277855.719614815,277855.719614815,277859.959334385,277859.959334385,0.0,0.0,0.0,0.0,0.0,277847.2404789625,277855.719614815,277838.7617475241,277838.7617475241,277851.4799963393,277821.80549803784,277809.0893727855,277851.4799963393,277859.959334385,277821.80549803784,277830.2834205368,277843.00106268923,277838.7617475241,277843.00106268923,277834.52253347175,277843.00106268923,277838.7617475241,277830.2834205368,277851.4799963393,277859.959334385,0.0,277859.959334385,0.0,0.0,277855.719614815,277855.719614815,0.0,0.0,277859.959334385,277859.959334385,277859.959334385,277859.959334385,277859.959334385,0.0,277859.959334385,277859.959334385,277859.959334385,0.0,277855.719614815,277859.959334385,0.0,0.0,277855.719614815,0.0,0.0,0.0,0.0,277859.959334385,0.0,277859.959334385,277859.959334385,277859.959334385,277859.959334385,277851.4799963393,277859.959334385,0.0,0.0,0.0,0.0,0.0,277859.959334385,0.0,277855.719614815,277859.959334385,0.0,0.0,277851.4799963393,0.0,277859.959334385,277859.959334385,277859.959334385,277859.959334385,277859.959334385,277859.959334385,277859.959334385,277859.959334385,0.0,0.0,277855.719614815,0.0,277859.959334385,0.0,277855.719614815,0.0,277859.959334385,277859.959334385,0.0,0.0,0.0,277855.719614815,277847.2404789625,277859.959334385,277859.959334385,277859.959334385,277843.00106268923,277855.719614815,0.0,277859.959334385,277855.719614815,0.0,0.0,0.0,277859.959334385,0.0,0.0,277855.719614815,0.0,277859.959334385,0.0,277851.4799963393,0.0,0.0,0.0,0.0,277855.719614815,277851.4799963393,277855.719614815,0.0,277855.719614815,0.0,277859.959334385,0.0,277859.959334385,0.0,277859.959334385,277859.959334385,277859.959334385,0.0,277855.719614815,277859.959334385,0.0,277859.959334385,0.0,277859.959334385,277859.959334385,277851.4799963393,277859.959334385,0.0,277859.959334385,0.0,0.0,277855.719614815,0.0,277855.719614815,0.0,277859.959334385,277859.959334385,277855.719614815,0.0,277855.719614815,277855.719614815,0.0,277859.959334385,277855.719614815,277859.959334385,277834.52253347175,277792.1359551701
277855.719614815,277826.04440872394,277847.2404789625,277847.2404789625,277817.5666884829,277817.5666884829,277826.04440872394,277847.2404789625,277859.959334385,277859.959334385,277855.719614815,0.0,277859.959334385,277859.959334385,277855.719614815,0.0,0.0,277859.959334385,277859.959334385,277859.959334385,277859.959334385,277855.719614815,0.0,0.0,0.0,277859.959334385,0.0,0.0,0.0,277859.959334385,277855.719614815,277859.959334385,0.0,277859.959334385,277859.959334385,277855.719614815,0.0,0.0,0.0,277859.959334385,277859.959334385,277859.959334385,0.0,277859.959334385,0.0,0.0,277847.2404789625,277859.959334385,0.0,0.0,0.0,0.0,0.0,0.0,277859.959334385,277859.959334385,277859.959334385,277851.4799963393,0.0,277851.4799963393,0.0,277859.959334385,0.0,0.0,277851.4799963393,277859.959334385,0.0,0.0,277859.959334385,277859.959334385,0.0,277859.959334385,277855.719614815,277855.719614815,277859.959334385,277851.4799963393,277855.719614815,0.0,277847.2404789625,277859.959334385,277859.959334385,277855.719614815,277855.719614815,0.0,277859.959334385,277859.959334385,277855.719614815,277851.4799963393,277859.959334385,277855.719614815,0.0,277859.959334385,277859.959334385,277859.959334385,277847.2404789625,0.0,277859.959334385,277855.719614815,277859.959334385,0.0,277847.2404789625,277851.4799963393,277847.2404789625,277843.00106268923,277838.7617475241,277809.0893727855,277834.52253347175,277838.7617475241,277809.0893727855,277843.00106268923,277826.04440872394,277830.2834205368,277826.04440872394,277813.3279800639,277830.2834205368,277834.52253347175,277851.4799963393,277847.2404789625,0.0,277855.719614815,0.0,277851.4799963393,0.0,277855.719614815,277855.719614815,277855.719614815,0.0,0.0,0.0,0.0,277855.719614815,277855.719614815,277859.959334385,0.0,0.0,277859.959334385,0.0,0.0,0.0,0.0,277855.719614815,277859.959334385,277859.959334385,277859.959334385,277855.719614815,277859.959334385,0.0,0.0,277851.4799963393,277855.719614815,277847.2404789625,277859.959334385,0.0,0.0,277855.719614815,0.0,277859.959334385,0.0,277851.4799963393,0.0,0.0,277859.959334385,277855.719614815,277859.959334385,277855.719614815,277851.4799963393,277859.959334385,0.0,0.0,0.0,0.0,0.0,0.0,0.0,0.0,277859.959334385,277859.959334385,0.0,0.0,277859.959334385,277859.959334385,0.0,0.0,0.0,0.0,277859.959334385,277859.959334385,277859.959334385,0.0,277855.719614815,277851.4799963393,277855.719614815,277855.719614815,0.0,277859.959334385,277855.719614815,277859.959334385,0.0,277859.959334385,0.0,277851.4799963393,277851.4799963393,0.0,277855.719614815,277859.959334385,277859.959334385,277859.959334385,277859.959334385,277859.959334385,277855.719614815,277859.959334385,0.0,0.0,0.0,277859.959334385,0.0,0.0,277855.719614815,277847.2404789625,0.0,277859.959334385,0.0,0.0,277855.719614815,0.0,277859.959334385,0.0,277843.00106268923,277859.959334385,0.0,277859.959334385,0.0,0.0,0.0,0.0,277859.959334385,0.0,0.0,277851.4799963393,277855.719614815,0.0,0.0,0.0,0.0,277859.959334385,277855.719614815,0.0,277859.959334385,277859.959334385,0.0,277855.719614815,277859.959334385,277859.959334385,277851.4799963393,277826.04440872394,277775.18415617413
277855.719614815,277826.04440872394,277813.3279800639,277770.9464593691,277826.04440872394,277821.80549803784,277838.7617475241,277847.2404789625,277847.2404789625,277847.2404789625,0.0,277855.719614815,0.0,277855.719614815,0.0,277859.959334385,0.0,277855.719614815,277859.959334385,277855.719614815,0.0,0.0,0.0,277855.719614815,0.0,277851.4799963393,0.0,277851.4799963393,0.0,277859.959334385,277851.4799963393,0.0,0.0,0.0,0.0,277851.4799963393,0.0,0.0,0.0,277851.4799963393,277859.959334385,277855.719614815,0.0,277859.959334385,0.0,0.0,0.0,277859.959334385,277859.959334385,277855.719614815,277859.959334385,277855.719614815,0.0,277855.719614815,277859.959334385,277859.959334385,277851.4799963393,277855.719614815,277855.719614815,277859.959334385,277859.959334385,0.0,277855.719614815,277859.959334385,0.0,277859.959334385,277859.959334385,277859.959334385,277855.719614815,0.0,277851.4799963393,277859.959334385,0.0,0.0,277855.719614815,277851.4799963393,277851.4799963393,277843.00106268923,277859.959334385,277855.719614815,277847.2404789625,0.0,0.0,277859.959334385,277855.719614815,0.0,0.0,277859.959334385,0.0,277859.959334385,277859.959334385,0.0,0.0,277855.719614815,0.0,0.0,0.0,0.0,277855.719614815,277847.2404789625,277855.719614815,277847.2404789625,277830.2834205368,277830.2834205368,277838.7617475241,277855.719614815,277847.2404789625,277847.2404789625,277847.2404789625,277826.04440872394,277847.2404789625,277830.2834205368,277838.7617475241,277847.2404789625,277834.52253347175,277859.959334385,277855.719614815,277859.959334385,277855.719614815,277851.4799963393,277855.719614815,277859.959334385,277855.719614815,277859.959334385,0.0,277859.959334385,277855.719614815,277859.959334385,277859.959334385,0.0,277851.4799963393,277851.4799963393,277859.959334385,277851.4799963393,0.0,277855.719614815,0.0,0.0,0.0,0.0,0.0,0.0,277859.959334385,277859.959334385,277859.959334385,0.0,277859.959334385,277855.719614815,0.0,277851.4799963393,277847.2404789625,277826.04440872394,277838.7617475241,0.0,277859.959334385,277859.959334385,277859.959334385,277859.959334385,0.0,277859.959334385,0.0,277859.959334385,277859.959334385,0.0,0.0,0.0,0.0,277859.959334385,277855.719614815,277855.719614815,277855.719614815,0.0,277855.719614815,0.0,0.0,277859.959334385,277859.959334385,277859.959334385,277859.959334385,277855.719614815,0.0,277855.719614815,277859.959334385,277859.959334385,0.0,0.0,277859.959334385,0.0,0.0,277859.959334385,277859.959334385,277859.959334385,0.0,0.0,277859.959334385,0.0,0.0,277859.959334385,0.0,277859.959334385,277859.959334385,277859.959334385,277855.719614815,277859.959334385,277859.959334385,277859.959334385,0.0,277859.959334385,0.0,0.0,0.0,277859.959334385,277859.959334385,277859.959334385,277859.959334385,277859.959334385,277859.959334385,0.0,0.0,277859.959334385,0.0,0.0,0.0,277859.959334385,0.0,277859.959334385,277859.959334385,277859.959334385,277859.959334385,277859.959334385,0.0,277859.959334385,277859.959334385,0.0,277859.959334385,277859.959334385,0.0,0.0,277859.959334385,0.0,0.0,277859.959334385,277859.959334385,0.0,277855.719614815,0.0,277851.4799963393,0.0,277859.959334385,0.0,0.0,277859.959334385,0.0,277851.4799963393,277830.2834205368,277809.0893727855
277855.719614815,277834.52253347175,277779.42195416125,277792.1359551701,277821.80549803784,277859.959334385,277859.959334385,277834.52253347175,277855.719614815,277859.959334385,277855.719614815,0.0,277851.4799963393,277859.959334385,0.0,0.0,277855.719614815,0.0,0.0,0.0,277859.959334385,0.0,277859.959334385,277851.4799963393,0.0,277859.959334385,277855.719614815,0.0,0.0,0.0,0.0,0.0,277859.959334385,277859.959334385,0.0,0.0,0.0,0.0,277859.959334385,277859.959334385,277859.959334385,0.0,277859.959334385,0.0,277859.959334385,0.0,277855.719614815,277859.959334385,277859.959334385,0.0,0.0,277859.959334385,0.0,0.0,277859.959334385,277851.4799963393,277859.959334385,277855.719614815,277847.2404789625,0.0,277859.959334385,277859.959334385,0.0,277859.959334385,277859.959334385,0.0,277859.959334385,277855.719614815,277859.959334385,277851.4799963393,277855.719614815,277855.719614815,277859.959334385,277859.959334385,277859.959334385,277838.7617475241,277859.959334385,277855.719614815,277859.959334385,0.0,277855.719614815,277859.959334385,277855.719614815,277859.959334385,277855.719614815,0.0,277859.959334385,277855.719614815,277855.719614815,277855.719614815,277859.959334385,277859.959334385,0.0,0.0,0.0,0.0,277851.4799963393,277859.959334385,277851.4799963393,277855.719614815,277843.00106268923,277855.719614815,277855.719614815,277859.959334385,277847.2404789625,277847.2404789625,277830.2834205368,277813.3279800639,277834.52253347175,277847.2404789625,277847.2404789625,277834.52253347175,277834.52253347175,277847.2404789625,277851.4799963393,277851.4799963393,277859.959334385,277859.959334385,0.0,277859.959334385,277859.959334385,277859.959334385,0.0,277859.959334385,0.0,277859.959334385,277859.959334385,277859.959334385,277859.959334385,277859.959334385,277851.4799963393,0.0,277855.719614815,277847.2404789625,277855.719614815,277859.959334385,277855.719614815,277859.959334385,277859.959334385,277859.959334385,0.0,0.0,0.0,277859.959334385,0.0,0.0,277859.959334385,277855.719614815,277859.959334385,277826.04440872394,277800.6124616689,277770.9464593691,277834.52253347175,277851.4799963393,0.0,0.0,277859.959334385,277859.959334385,277851.4799963393,0.0,277859.959334385,277859.959334385,0.0,277851.4799963393,277859.959334385,277855.719614815,0.0,0.0,0.0,0.0,0.0,0.0,277859.959334385,0.0,277851.4799963393,0.0,277855.719614815,277859.959334385,277855.719614815,277851.4799963393,277855.719614815,277851.4799963393,277847.2404789625,0.0,277859.959334385,277859.959334385,277855.719614815,0.0,277859.959334385,277859.959334385,277851.4799963393,277859.959334385,277859.959334385,277855.719614815,277859.959334385,0.0,0.0,277859.959334385,277859.959334385,277859.959334385,277855.719614815,277851.4799963393,277859.959334385,0.0,0.0,277859.959334385,277851.4799963393,0.0,0.0,0.0,277859.959334385,0.0,0.0,277859.959334385,0.0,277859.959334385,277859.959334385,277859.959334385,277859.959334385,277859.959334385,277859.959334385,0.0,0.0,277859.959334385,277859.959334385,0.0,277859.959334385,277855.719614815,0.0,277859.959334385,277859.959334385,277859.959334385,0.0,277859.959334385,277859.959334385,277859.959334385,0.0,0.0,0.0,277859.959334385,0.0,277859.959334385,0.0,0.0,0.0,0.0,277859.959334385,277859.959334385,277859.959334385,277859.959334385,277859.959334385,0.0,0.0,277851.4799963393,277855.719614815,277834.52253347175
277859.959334385,277855.719614815,277843.00106268923,277821.80549803784,277826.04440872394,277838.7617475241,277847.2404789625,277838.7617475241,277843.00106268923,277851.4799963393,277851.4799963393,277851.4799963393,277855.719614815,277859.959334385,277838.7617475241,277855.719614815,277859.959334385,277855.719614815,277859.959334385,277859.959334385,0.0,0.0,0.0,277859.959334385,277859.959334385,277855.719614815,277859.959334385,277859.959334385,277855.719614815,0.0,0.0,277859.959334385,0.0,277859.959334385,277855.719614815,277859.959334385,0.0,277859.959334385,277859.959334385,0.0,277859.959334385,277855.719614815,277859.959334385,277859.959334385,0.0,277855.719614815,0.0,0.0,0.0,0.0,0.0,0.0,0.0,0.0,277855.719614815,277851.4799963393,277847.2404789625,277847.2404789625,277859.959334385,277847.2404789625,0.0,277855.719614815,0.0,277847.2404789625,277855.719614815,277843.00106268923,277859.959334385,0.0,277855.719614815,0.0,277855.719614815,277855.719614815,277843.00106268923,277855.719614815,277855.719614815,0.0,277851.4799963393,277855.719614815,0.0,277859.959334385,0.0,0.0,277859.959334385,0.0,277855.719614815,277851.4799963393,0.0,0.0,0.0,277859.959334385,277859.959334385,0.0,0.0,277859.959334385,277859.959334385,0.0,277859.959334385,277859.959334385,277851.4799963393,277859.959334385,277859.959334385,277859.959334385,277859.959334385,277859.959334385,277851.4799963393,277855.719614815,277859.959334385,277830.2834205368,277830.2834205368,277843.00106268923,277851.4799963393,277813.3279800639,277851.4799963393,277847.2404789625,277851.4799963393,277847.2404789625,0.0,0.0,277855.719614815,277855.719614815,0.0,277843.00106268923,277859.959334385,277851.4799963393,0.0,0.0,0.0,0.0,0.0,277859.959334385,0.0,277851.4799963393,277847.2404789625,277859.959334385,277859.959334385,0.0,277859.959334385,0.0,277859.959334385,0.0,0.0,0.0,277859.959334385,277859.959334385,0.0,277859.959334385,0.0,0.0,277838.7617475241,277779.42195416125,277737.0485280451,277804.85086665227,277859.959334385,277859.959334385,0.0,277859.959334385,0.0,277859.959334385,0.0,277855.719614815,0.0,0.0,277855.719614815,0.0,277855.719614815,0.0,277859.959334385,277859.959334385,277859.959334385,277859.959334385,277859.959334385,0.0,277855.719614815,277855.719614815,277859.959334385,277859.959334385,0.0,0.0,277855.719614815,0.0,0.0,277855.719614815,277859.959334385,0.0,0.0,277855.719614815,0.0,277859.959334385,0.0,277855.719614815,277855.719614815,0.0,277851.4799963393,277859.959334385,0.0,0.0,277855.719614815,0.0,277855.719614815,277855.719614815,0.0,277859.959334385,277855.719614815,0.0,0.0,277855.719614815,0.0,277859.959334385,277859.959334385,277859.959334385,277859.959334385,277855.719614815,277855.719614815,0.0,0.0,0.0,277859.959334385,277855.719614815,277859.959334385,277859.959334385,277855.719614815,277851.4799963393,277859.959334385,0.0,277859.959334385,277859.959334385,277855.719614815,0.0,277855.719614815,0.0,0.0,0.0,277859.959334385,0.0,0.0,0.0,277859.959334385,0.0,0.0,277859.959334385,277859.959334385,277859.959334385,0.0,0.0,277859.959334385,277855.719614815,277859.959334385,0.0,277859.959334385,0.0,277855.719614815,0.0,0.0,277859.959334385,277859.959334385,277830.2834205368
0.0,277859.959334385,277859.959334385,277855.719614815,277843.00106268923,277826.04440872394,277813.3279800639,277813.3279800639,277813.3279800639,277809.0893727855,277826.04440872394,277843.00106268923,277855.719614815,277855.719614815,277859.959334385,277859.959334385,277851.4799963393,0.0,277859.959334385,277855.719614815,0.0,0.0,0.0,277859.959334385,277855.719614815,0.0,0.0,0.0,0.0,0.0,0.0,0.0,277855.719614815,0.0,0.0,277859.959334385,277855.719614815,277859.959334385,0.0,0.0,0.0,277859.959334385,277859.959334385,0.0,0.0,277859.959334385,0.0,0.0,0.0,277859.959334385,277859.959334385,277859.959334385,0.0,277855.719614815,277859.959334385,0.0,277859.959334385,0.0,277859.959334385,0.0,0.0,277859.959334385,0.0,277855.719614815,277859.959334385,277855.719614815,277859.959334385,0.0,0.0,277855.719614815,277851.4799963393,277859.959334385,0.0,277855.719614815,277859.959334385,277847.2404789625,277855.719614815,277859.959334385,277847.2404789625,277859.959334385,277859.959334385,0.0,277855.719614815,277855.719614815,277859.959334385,277859.959334385,0.0,0.0,277859.959334385,277855.719614815,0.0,277859.959334385,277855.719614815,0.0,277855.719614815,277847.2404789625,277859.959334385,277855.719614815,0.0,277855.719614815,277859.959334385,277855.719614815,0.0,0.0,277843.00106268923,277847.2404789625,277859.959334385,277847.2404789625,277843.00106268923,277838.7617475241,277847.2404789625,277855.719614815,277851.4799963393,277859.959334385,277847.2404789625,277859.959334385,277851.4799963393,277859.959334385,277851.4799963393,277855.719614815,277851.4799963393,0.0,0.0,0.0,277843.00106268923,0.0,0.0,0.0,277859.959334385,277859.959334385,277855.719614815,277859.959334385,0.0,277855.719614815,277855.719614815,277855.719614815,277859.959334385,277855.719614815,0.0,0.0,277859.959334385,277859.959334385,0.0,0.0,0.0,0.0,277855.719614815,277859.959334385,277826.04440872394,277800.6124616689,277758.23397609376,277813.3279800639,277838.7617475241,0.0,0.0,0.0,277847.2404789625,277851.4799963393,0.0,0.0,0.0,277859.959334385,0.0,277859.959334385,0.0,277859.959334385,0.0,0.0,277859.959334385,277855.719614815,0.0,0.0,0.0,277855.719614815,277859.959334385,277859.959334385,277847.2404789625,0.0,277855.719614815,277859.959334385,277859.959334385,0.0,277855.719614815,277855.719614815,0.0,277855.719614815,0.0,0.0,277859.959334385,277859.959334385,0.0,277859.959334385,277859.959334385,0.0,0.0,277859.959334385,0.0,0.0,277855.719614815,0.0,0.0,0.0,0.0,277859.959334385,277859.959334385,277859.959334385,277855.719614815,277859.959334385,0.0,277851.4799963393,277855.719614815,0.0,277859.959334385,277859.959334385,277847.2404789625,277859.959334385,0.0,277851.4799963393,277859.959334385,277859.959334385,277859.959334385,0.0,0.0,0.0,0.0,0.0,0.0,0.0,277859.959334385,0.0,0.0,0.0,277855.719614815,277855.719614815,0.0,277859.959334385,0.0,0.0,0.0,277851.4799963393,0.0,0.0,277859.959334385,277855.719614815,277859.959334385,0.0,277859.959334385,0.0,277859.959334385,277859.959334385,277859.959334385,277859.959334385,277851.4799963393,277859.959334385,277859.959334385,277847.2404789625
277851.4799963393,277843.00106268923,277859.959334385,277851.4799963393,0.0,277821.80549803784,277817.5666884829,277753.996684064,277817.5666884829,277796.3741578399,277800.6124616689,277826.04440872394,277855.719614815,277855.719614815,277859.959334385,0.0,277855.719614815,277855.719614815,277859.959334385,277859.959334385,277859.959334385,0.0,0.0,277855.719614815,277859.959334385,277859.959334385,277855.719614815,0.0,0.0,277859.959334385,277851.4799963393,0.0,0.0,277859.959334385,277859.959334385,0.0,277859.959334385,277851.4799963393,277859.959334385,0.0,0.0,0.0,0.0,0.0,0.0,277855.719614815,277855.719614815,0.0,277855.719614815,277859.959334385,277859.959334385,0.0,277855.719614815,277859.959334385,277859.959334385,277859.959334385,277859.959334385,0.0,277855.719614815,0.0,277859.959334385,277855.719614815,0.0,0.0,277851.4799963393,277855.719614815,277851.4799963393,277859.959334385,277859.959334385,0.0,277855.719614815,277859.959334385,277855.719614815,0.0,277855.719614815,277855.719614815,0.0,0.0,277859.959334385,0.0,0.0,277855.719614815,277859.959334385,277859.959334385,0.0,0.0,0.0,0.0,0.0,277859.959334385,0.0,0.0,0.0,0.0,0.0,277859.959334385,0.0,277851.4799963393,277859.959334385,277859.959334385,0.0,277859.959334385,0.0,277859.959334385,0.0,277855.719614815,277847.2404789625,277855.719614815,277851.4799963393,277843.00106268923,277855.719614815,277847.2404789625,277855.719614815,277851.4799963393,277859.959334385,277851.4799963393,277859.959334385,277855.719614815,277838.7617475241,277855.719614815,0.0,0.0,277859.959334385,277847.2404789625,277855.719614815,277855.719614815,0.0,0.0,0.0,0.0,277855.719614815,0.0,0.0,0.0,277859.959334385,277859.959334385,0.0,277859.959334385,277859.959334385,277859.959334385,277843.00106268923,277859.959334385,277859.959334385,0.0,0.0,277859.959334385,277859.959334385,277855.719614815,277847.2404789625,277830.2834205368,277787.89785366395,277809.0893727855,277826.04440872394,277855.719614815,277859.959334385,277859.959334385,277859.959334385,0.0,277859.959334385,0.0,0.0,277859.959334385,0.0,277851.4799963393,277859.959334385,277859.959334385,277859.959334385,277851.4799963393,277855.719614815,0.0,0.0,277855.719614815,0.0,277859.959334385,277859.959334385,0.0,277859.959334385,0.0,0.0,0.0,277859.959334385,277859.959334385,277859.959334385,0.0,0.0,277851.4799963393,277859.959334385,277859.959334385,277855.719614815,277859.959334385,277851.4799963393,277859.959334385,277859.959334385,0.0,277847.2404789625,277859.959334385,0.0,277859.959334385,277859.959334385,277859.959334385,277855.719614815,0.0,0.0,277851.4799963393,0.0,277859.959334385,277851.4799963393,277855.719614815,0.0,277855.719614815,277855.719614815,0.0,277855.719614815,0.0,0.0,0.0,0.0,277859.959334385,277859.959334385,0.0,277859.959334385,277855.719614815,0.0,0.0,277859.959334385,277859.959334385,0.0,0.0,277859.959334385,0.0,0.0,277859.959334385,277859.959334385,277859.959334385,277859.959334385,0.0,0.0,0.0,0.0,277859.959334385,0.0,0.0,277847.2404789625,0.0,0.0,277859.959334385,0.0,277855.719614815,0.0,277859.959334385,277855.719614815,0.0,0.0,277855.719614815,277859.959334385,277859.959334385
277859.959334385,277859.959334385,277859.959334385,277859.959334385,277847.2404789625,277792.1359551701,277749.7594932397,277758.23397609376,277770.9464593691,277830.2834205368,277843.00106268923,277847.2404789625,0.0,277859.959334385,0.0,277843.00106268923,277851.4799963393,277855.719614815,277851.4799963393,0.0,0.0,277855.719614815,277855.719614815,0.0,277855.719614815,277855.719614815,277859.959334385,0.0,0.0,0.0,0.0,277847.2404789625,277859.959334385,0.0,277859.959334385,0.0,0.0,277855.719614815,0.0,277859.959334385,277859.959334385,0.0,0.0,0.0,277859.959334385,277859.959334385,277855.719614815,0.0,277859.959334385,277847.2404789625,0.0,277859.959334385,0.0,277847.2404789625,0.0,277855.719614815,277855.719614815,277855.719614815,277859.959334385,0.0,277859.959334385,277855.719614815,277855.719614815,0.0,277855.719614815,0.0,0.0,277859.959334385,277851.4799963393,0.0,0.0,277859.959334385,277859.959334385,277847.2404789625,277847.2404789625,277855.719614815,277855.719614815,0.0,277859.959334385,277855.719614815,0.0,0.0,277859.959334385,277859.959334385,277855.719614815,277859.959334385,0.0,277859.959334385,277859.959334385,0.0,277859.959334385,277855.719614815,277851.4799963393,277859.959334385,0.0,277859.959334385,277859.959334385,0.0,277859.959334385,277859.959334385,0.0,0.0,0.0,277847.2404789625,277859.959334385,277843.00106268923,277859.959334385,277851.4799963393,277817.5666884829,277859.959334385,277826.04440872394,277859.959334385,277851.4799963393,277855.719614815,277859.959334385,0.0,277859.959334385,277851.4799963393,277855.719614815,277851.4799963393,0.0,277859.959334385,277859.959334385,277851.4799963393,0.0,277859.959334385,277851.4799963393,277855.719614815,277855.719614815,0.0,277859.959334385,277859.959334385,0.0,0.0,277859.959334385,0.0,0.0,277859.959334385,0.0,277859.959334385,277855.719614815,0.0,277859.959334385,0.0,0.0,277859.959334385,0.0,277851.4799963393,277843.00106268923,277855.719614815,277838.7617475241,277847.2404789625,277843.00106268923,0.0,0.0,277855.719614815,277859.959334385,277859.959334385,277859.959334385,277855.719614815,277859.959334385,277859.959334385,277859.959334385,277859.959334385,277851.4799963393,277847.2404789625,277855.719614815,277838.7617475241,277855.719614815,0.0,0.0,0.0,0.0,0.0,0.0,0.0,0.0,0.0,0.0,277851.4799963393,277859.959334385,277855.719614815,0.0,277855.719614815,0.0,277859.959334385,277859.959334385,0.0,277855.719614815,277855.719614815,277855.719614815,277855.719614815,277859.959334385,0.0,277859.959334385,0.0,277859.959334385,277859.959334385,277859.959334385,277859.959334385,277859.959334385,0.0,0.0,0.0,0.0,0.0,277851.4799963393,277847.2404789625,277855.719614815,0.0,277859.959334385,277851.4799963393,277859.959334385,277855.719614815,277859.959334385,0.0,277859.959334385,277859.959334385,0.0,0.0,0.0,277859.959334385,0.0,277855.719614815,0.0,0.0,277859.959334385,277855.719614815,277859.959334385,277859.959334385,277859.959334385,277859.959334385,277859.959334385,277859.959334385,0.0,277859.959334385,0.0,277859.959334385,0.0,277859.959334385,0.0,277859.959334385,277855.719614815,277859.959334385,0.0,277859.959334385,0.0,0.0,0.0,0.0,277855.719614815,277859.959334385,0.0,0.0,277859.959334385,277859.959334385
277859.959334385,277859.959334385,277855.719614815,277855.719614815,277855.719614815,277830.2834205368,277770.9464593691,277783.65985332616,277804.85086665227,277855.719614815,277847.2404789625,277847.2404789625,277855.719614815,0.0,277855.719614815,277859.959334385,277851.4799963393,277859.959334385,0.0,0.0,277855.719614815,0.0,0.0,0.0,277855.719614815,277859.959334385,277859.959334385,0.0,277859.959334385,0.0,277859.959334385,277855.719614815,0.0,277855.719614815,277859.959334385,277859.959334385,277859.959334385,0.0,0.0,277851.4799963393,0.0,277859.959334385,277859.959334385,0.0,277859.959334385,277859.959334385,0.0,277859.959334385,277859.959334385,277859.959334385,0.0,277859.959334385,0.0,277855.719614815,277855.719614815,277847.2404789625,277851.4799963393,277859.959334385,277859.959334385,0.0,0.0,277859.959334385,0.0,0.0,277855.719614815,0.0,277859.959334385,0.0,0.0,0.0,0.0,0.0,277855.719614815,0.0,277834.52253347175,277847.2404789625,0.0,277859.959334385,0.0,277855.719614815,0.0,0.0,0.0,0.0,277859.959334385,277855.719614815,277859.959334385,0.0,277855.719614815,277855.719614815,0.0,277859.959334385,0.0,277859.959334385,0.0,277859.959334385,0.0,0.0,0.0,0.0,277855.719614815,0.0,277859.959334385,277855.719614815,277843.00106268923,277859.959334385,277855.719614815,277851.4799963393,277855.719614815,277843.00106268923,277847.2404789625,0.0,277847.2404789625,277851.4799963393,277855.719614815,0.0,277859.959334385,277859.959334385,0.0,0.0,0.0,277855.719614815,277859.959334385,277855.719614815,277859.959334385,277855.719614815,277847.2404789625,277859.959334385,277859.959334385,277859.959334385,277855.719614815,277859.959334385,0.0,277855.719614815,277851.4799963393,277859.959334385,0.0,277855.719614815,277855.719614815,277859.959334385,277847.2404789625,277859.959334385,277859.959334385,0.0,277859.959334385,277859.959334385,277855.719614815,0.0,277847.2404789625,277859.959334385,277838.7617475241,0.0,0.0,0.0,277855.719614815,277855.719614815,277859.959334385,277855.719614815,277847.2404789625,0.0,0.0,277859.959334385,277847.2404789625,277855.719614815,277847.2404789625,277855.719614815,0.0,0.0,0.0,277859.959334385,0.0,277859.959334385,277859.959334385,277855.719614815,277859.959334385,0.0,277859.959334385,277859.959334385,277859.959334385,277859.959334385,277859.959334385,277855.719614815,277859.959334385,277855.719614815,277859.959334385,0.0,0.0,0.0,277851.4799963393,0.0,277859.959334385,277851.4799963393,277851.4799963393,277859.959334385,0.0,277859.959334385,277859.959334385,277859.959334385,0.0,0.0,277851.4799963393,0.0,277843.00106268923,277847.2404789625,277859.959334385,277851.4799963393,277851.4799963393,277859.959334385,0.0,0.0,277859.959334385,277855.719614815,277855.719614815,277851.4799963393,277859.959334385,277859.959334385,277859.959334385,277851.4799963393,0.0,0.0,277851.4799963393,0.0,277859.959334385,277855.719614815,277859.959334385,0.0,0.0,277859.959334385,277855.719614815,0.0,277859.959334385,277859.959334385,0.0,277859.959334385,277859.959334385,277859.959334385,0.0,0.0,0.0,0.0,0.0,0.0,277859.959334385,0.0,277859.959334385,277859.959334385,277855.719614815,277859.959334385,0.0,277855.719614815,0.0,0.0,277859.959334385,277859.959334385,277855.719614815,0.0
277859.959334385,277851.4799963393,277859.959334385,277859.959334385,277859.959334385,277855.719614815,277834.52253347175,277826.04440872394,277855.719614815,277855.719614815,277855.719614815,277855.719614815,277851.4799963393,277847.2404789625,277851.4799963393,277851.4799963393,277855.719614815,277851.4799963393,0.0,0.0,277855.719614815,277855.719614815,277859.959334385,277859.959334385,277859.959334385,0.0,277855.719614815,277859.959334385,277859.959334385,277859.959334385,277859.959334385,0.0,0.0,0.0,277855.719614815,277855.719614815,0.0,277843.00106268923,277859.959334385,277855.719614815,277851.4799963393,0.0,0.0,277859.959334385,0.0,277859.959334385,0.0,277855.719614815,0.0,277859.959334385,277851.4799963393,0.0,277859.959334385,277859.959334385,0.0,0.0,277851.4799963393,277859.959334385,277859.959334385,277855.719614815,0.0,0.0,0.0,0.0,277859.959334385,0.0,0.0,277851.4799963393,0.0,277855.719614815,0.0,277855.719614815,277855.719614815,277855.719614815,277855.719614815,277855.719614815,277851.4799963393,277847.2404789625,0.0,277855.719614815,277859.959334385,0.0,277851.4799963393,277855.719614815,277843.00106268923,277847.2404789625,277851.4799963393,277859.959334385,277847.2404789625,277851.4799963393,277859.959334385,277855.719614815,277855.719614815,277855.719614815,0.0,277855.719614815,0.0,0.0,0.0,0.0,277859.959334385,0.0,277859.959334385,0.0,277855.719614815,0.0,0.0,0.0,277855.719614815,0.0,0.0,277855.719614815,277855.719614815,277851.4799963393,0.0,277859.959334385,277851.4799963393,277855.719614815,277859.959334385,277851.4799963393,0.0,277859.959334385,277851.4799963393,277855.719614815,0.0,277855.719614815,277859.959334385,0.0,277855.719614815,277859.959334385,277859.959334385,277855.719614815,0.0,0.0,277859.959334385,277855.719614815,0.0,277859.959334385,277851.4799963393,277855.719614815,0.0,0.0,0.0,277851.4799963393,0.0,0.0,0.0,277859.959334385,277843.00106268923,277847.2404789625,277851.4799963393,277859.959334385,0.0,277855.719614815,277859.959334385,277855.719614815,0.0,277851.4799963393,277851.4799963393,0.0,277859.959334385,0.0,277859.959334385,277859.959334385,0.0,277855.719614815,277847.2404789625,277847.2404789625,277855.719614815,277855.719614815,0.0,277855.719614815,277859.959334385,0.0,277859.959334385,277859.959334385,0.0,0.0,0.0,0.0,277859.959334385,0.0,277859.959334385,277859.959334385,0.0,0.0,0.0,277859.959334385,0.0,277859.959334385,0.0,277855.719614815,277847.2404789625,0.0,0.0,0.0,277859.959334385,0.0,277855.719614815,277855.719614815,277859.959334385,0.0,0.0,0.0,277855.719614815,277851.4799963393,277859.959334385,0.0,277859.959334385,277859.959334385,0.0,0.0,0.0,277859.959334385,277859.959334385,277855.719614815,0.0,277851.4799963393,277859.959334385,277855.719614815,277859.959334385,277859.959334385,277859.959334385,277851.4799963393,277851.4799963393,277859.959334385,277859.959334385,277859.959334385,277859.959334385,277859.959334385,0.0,0.0,277859.959334385,0.0,0.0,0.0,277855.719614815,277859.959334385,277859.959334385,0.0,277855.719614815,0.0,277859.959334385,277851.4799963393,0.0,277859.959334385,0.0,0.0,0.0,0.0,0.0,277855.719614815,277859.959334385,0.0,0.0,0.0
277847.2404789625,277855.719614815,0.0,277847.2404789625,277859.959334385,277855.719614815,277851.4799963393,277855.719614815,277851.4799963393,277859.959334385,0.0,277834.52253347175,277847.2404789625,277851.4799963393,277851.4799963393,277851.4799963393,277855.719614815,277859.959334385,277855.719614815,0.0,0.0,0.0,277859.959334385,277859.959334385,0.0,277859.959334385,0.0,277855.719614815,277855.719614815,277855.719614815,0.0,0.0,0.0,277859.959334385,0.0,277851.4799963393,277859.959334385,0.0,277859.959334385,0.0,277855.719614815,277859.959334385,277859.959334385,277843.00106268923,277855.719614815,277859.959334385,277859.959334385,0.0,277859.959334385,277855.719614815,0.0,277851.4799963393,277855.719614815,0.0,277859.959334385,277859.959334385,277859.959334385,0.0,277851.4799963393,0.0,277851.4799963393,0.0,0.0,0.0,0.0,277855.719614815,277859.959334385,277851.4799963393,0.0,277855.719614815,277859.959334385,277859.959334385,277855.719614815,277859.959334385,277855.719614815,0.0,277859.959334385,277859.959334385,0.0,277859.959334385,0.0,0.0,277855.719614815,277859.959334385,277859.959334385,277843.00106268923,277838.7617475241,277859.959334385,277855.719614815,277859.959334385,277855.719614815,277859.959334385,277859.959334385,277859.959334385,277859.959334385,0.0,277859.959334385,277855.719614815,277859.959334385,0.0,277855.719614815,277859.959334385,0.0,277851.4799963393,277859.959334385,277855.719614815,0.0,277851.4799963393,277859.959334385,0.0,0.0,277859.959334385,277859.959334385,277855.719614815,277855.719614815,277855.719614815,277859.959334385,277855.719614815,277859.959334385,0.0,277855.719614815,0.0,0.0,277843.00106268923,0.0,277859.959334385,0.0,277847.2404789625,277859.959334385,277859.959334385,0.0,0.0,277859.959334385,277859.959334385,0.0,277859.959334385,0.0,0.0,0.0,0.0,0.0,277859.959334385,277855.719614815,277859.959334385,277859.959334385,277859.959334385,277855.719614815,277855.719614815,277851.4799963393,277834.52253347175,277843.00106268923,277855.719614815,0.0,277855.719614815,0.0,0.0,0.0,277859.959334385,277855.719614815,0.0,277851.4799963393,277859.959334385,277855.719614815,277851.4799963393,277847.2404789625,277855.719614815,277855.719614815,277859.959334385,277859.959334385,277859.959334385,0.0,277859.959334385,277855.719614815,277855.719614815,277855.719614815,277859.959334385,0.0,277855.719614815,277859.959334385,277855.719614815,0.0,277855.719614815,0.0,0.0,277859.959334385,0.0,0.0,0.0,277859.959334385,277859.959334385,0.0,0.0,0.0,277859.959334385,0.0,277859.959334385,0.0,0.0,0.0,0.0,277851.4799963393,277851.4799963393,0.0,0.0,277859.959334385,277851.4799963393,277847.2404789625,277855.719614815,277859.959334385,277859.959334385,277855.719614815,0.0,277855.719614815,0.0,0.0,0.0,277859.959334385,277851.4799963393,277855.719614815,277859.959334385,277855.719614815,0.0,277855.719614815,277855.719614815,0.0,277851.4799963393,0.0,0.0,277847.2404789625,0.0,277855.719614815,277859.959334385,277859.959334385,0.0,0.0,277859.959334385,0.0,0.0,277859.959334385,277851.4799963393,277859.959334385,0.0,277859.959334385,0.0,0.0,277859.959334385,277859.959334385,277859.959334385,0.0,277859.959334385,0.0,277859.959334385,0.0,277855.719614815,277859.959334385,0.0
0.0,277847.2404789625,277855.719614815,277851.4799963393,277843.00106268923,277859.959334385,277855.719614815,277843.00106268923,277859.959334385,277855.719614815,277855.719614815,277855.719614815,277859.959334385,277859.959334385,0.0,277859.959334385,277859.959334385,0.0,277855.719614815,0.0,277859.959334385,277847.2404789625,0.0,0.0,277855.719614815,277859.959334385,277851.4799963393,277859.959334385,277859.959334385,277855.719614815,0.0,0.0,0.0,277859.959334385,0.0,0.0,277855.719614815,0.0,0.0,0.0,0.0,277821.80549803784,277834.52253347175,277813.3279800639,277855.719614815,277855.719614815,277859.959334385,277855.719614815,0.0,277855.719614815,277855.719614815,277859.959334385,277859.959334385,277847.2404789625,277855.719614815,0.0,277855.719614815,0.0,277859.959334385,0.0,277859.959334385,277859.959334385,277859.959334385,277855.719614815,277851.4799963393,0.0,0.0,277851.4799963393,0.0,0.0,0.0,277851.4799963393,277855.719614815,277855.719614815,0.0,277859.959334385,0.0,277859.959334385,0.0,277855.719614815,277859.959334385,277859.959334385,277859.959334385,277859.959334385,277859.959334385,277855.719614815,277859.959334385,277859.959334385,0.0,277855.719614815,277851.4799963393,277859.959334385,277851.4799963393,0.0,277855.719614815,277855.719614815,277859.959334385,0.0,277859.959334385,0.0,277855.719614815,277859.959334385,0.0,0.0,277859.959334385,277859.959334385,277855.719614815,277847.2404789625,0.0,0.0,0.0,277855.719614815,277855.719614815,0.0,0.0,277859.959334385,277859.959334385,0.0,0.0,0.0,277855.719614815,277855.719614815,277859.959334385,277855.719614815,277859.959334385,277855.719614815,277855.719614815,0.0,277855.719614815,277859.959334385,277851.4799963393,0.0,277855.719614815,0.0,0.0,277843.00106268923,0.0,277859.959334385,277851.4799963393,277859.959334385,0.0,277851.4799963393,0.0,277859.959334385,277859.959334385,277855.719614815,277855.719614815,0.0,277859.959334385,277843.00106268923,277855.719614815,277851.4799963393,277855.719614815,277851.4799963393,277855.719614815,277859.959334385,277859.959334385,277859.959334385,0.0,0.0,277859.959334385,0.0,277847.2404789625,277859.959334385,277859.959334385,277859.959334385,277855.719614815,0.0,0.0,277859.959334385,277847.2404789625,0.0,0.0,0.0,277859.959334385,0.0,0.0,0.0,277855.719614815,0.0,277851.4799963393,277859.959334385,277859.959334385,277855.719614815,0.0,277851.4799963393,277859.959334385,277859.959334385,0.0,0.0,0.0,0.0,277859.959334385,0.0,277855.719614815,0.0,277855.719614815,277855.719614815,277859.959334385,0.0,277855.719614815,277859.959334385,0.0,277859.959334385,277859.959334385,0.0,277859.959334385,277851.4799963393,277859.959334385,277855.719614815,0.0,277851.4799963393,277859.959334385,277851.4799963393,277859.959334385,0.0,277851.4799963393,277855.719614815,277851.4799963393,277859.959334385,277859.959334385,0.0,0.0,277859.959334385,277859.959334385,277859.959334385,277859.959334385,0.0,277859.959334385,277859.959334385,277851.4799963393,0.0,0.0,0.0,277859.959334385,0.0,277859.959334385,0.0,0.0,277859.959334385,277855.719614815,0.0,0.0,277851.4799963393,0.0,277859.959334385,0.0,0.0,277855.719614815,277859.959334385,277859.959334385,277859.959334385,277859.959334385,0.0,277859.959334385,0.0
277855.719614815,277855.719614815,277855.719614815,277855.719614815,277851.4799963393,277855.719614815,277855.719614815,277838.7617475241,277851.4799963393,277855.719614815,277855.719614815,277851.4799963393,277838.7617475241,277851.4799963393,277855.719614815,277855.719614815,277859.959334385,277859.959334385,277855.719614815,277859.959334385,0.0,0.0,0.0,0.0,0.0,277859.959334385,0.0,277847.2404789625,0.0,277851.4799963393,277859.959334385,0.0,0.0,0.0,277855.719614815,277859.959334385,0.0,0.0,277859.959334385,0.0,277855.719614815,277851.4799963393,277826.04440872394,277834.52253347175,277843.00106268923,277859.959334385,0.0,0.0,277851.4799963393,0.0,277851.4799963393,277851.4799963393,277859.959334385,277859.959334385,0.0,277859.959334385,0.0,277855.719614815,277847.2404789625,0.0,0.0,0.0,0.0,277859.959334385,277859.959334385,0.0,277859.959334385,277859.959334385,277859.959334385,277859.959334385,277859.959334385,277859.959334385,0.0,277859.959334385,0.0,0.0,277855.719614815,0.0,277859.959334385,277859.959334385,0.0,277855.719614815,277855.719614815,0.0,277855.719614815,277859.959334385,0.0,277855.719614815,0.0,277859.959334385,277859.959334385,277859.959334385,0.0,277859.959334385,277855.719614815,277859.959334385,277859.959334385,0.0,0.0,0.0,0.0,277859.959334385,0.0,277847.2404789625,0.0,277859.959334385,0.0,0.0,0.0,277859.959334385,277855.719614815,0.0,277855.719614815,0.0,277859.959334385,277859.959334385,277851.4799963393,0.0,277859.959334385,277859.959334385,277859.959334385,277859.959334385,277859.959334385,277855.719614815,277855.719614815,277855.719614815,277859.959334385,277847.2404789625,277859.959334385,277847.2404789625,277859.959334385,277855.719614815,277847.2404789625,0.0,277855.719614815,277859.959334385,277859.959334385,0.0,277859.959334385,277859.959334385,277859.959334385,0.0,0.0,0.0,277855.719614815,277855.719614815,277859.959334385,277859.959334385,277855.719614815,277855.719614815,0.0,0.0,277859.959334385,0.0,0.0,0.0,0.0,277855.719614815,0.0,0.0,277855.719614815,277859.959334385,0.0,0.0,277859.959334385,0.0,277859.959334385,277855.719614815,277859.959334385,0.0,0.0,0.0,0.0,277859.959334385,0.0,0.0,277855.719614815,277859.959334385,0.0,277859.959334385,0.0,0.0,0.0,0.0,277859.959334385,0.0,277855.719614815,277855.719614815,0.0,0.0,0.0,0.0,0.0,277859.959334385,277859.959334385,277851.4799963393,0.0,277859.959334385,277859.959334385,277859.959334385,277855.719614815,0.0,277847.2404789625,0.0,277859.959334385,0.0,277859.959334385,277855.719614815,277855.719614815,277859.959334385,0.0,277855.719614815,0.0,277855.719614815,277859.959334385,277859.959334385,277859.959334385,277855.719614815,277859.959334385,277859.959334385,0.0,0.0,277851.4799963393,277851.4799963393,0.0,0.0,277855.719614815,277859.959334385,277859.959334385,277855.719614815,0.0,277859.959334385,277859.959334385,277859.959334385,0.0,277859.959334385,0.0,277855.719614815,277859.959334385,277855.719614815,277859.959334385,0.0,0.0,277851.4799963393,0.0,0.0,0.0,277859.959334385,0.0,0.0,277859.959334385,277859.959334385,0.0,0.0,277859.959334385,277859.959334385
0.0,0.0,277851.4799963393,277859.959334385,277851.4799963393,277847.2404789625,277859.959334385,277855.719614815,277855.719614815,277855.719614815,277859.959334385,277851.4799963393,277855.719614815,277851.4799963393,277859.959334385,0.0,277859.959334385,0.0,0.0,0.0,277859.959334385,0.0,0.0,0.0,0.0,277859.959334385,277859.959334385,0.0,277859.959334385,0.0,0.0,0.0,277859.959334385,277859.959334385,0.0,277859.959334385,0.0,277859.959334385,277859.959334385,0.0,277838.7617475241,277859.959334385,277859.959334385,277859.959334385,0.0,277859.959334385,277859.959334385,277859.959334385,0.0,277855.719614815,0.0,0.0,277859.959334385,277859.959334385,0.0,277859.959334385,277859.959334385,0.0,277859.959334385,0.0,277859.959334385,277851.4799963393,0.0,277859.959334385,0.0,0.0,277859.959334385,277859.959334385,277855.719614815,0.0,0.0,277859.959334385,277855.719614815,0.0,277855.719614815,277855.719614815,277859.959334385,277859.959334385,277859.959334385,277855.719614815,277851.4799963393,277855.719614815,277859.959334385,277851.4799963393,277859.959334385,0.0,277859.959334385,0.0,0.0,277855.719614815,277859.959334385,277855.719614815,277859.959334385,277851.4799963393,0.0,277859.959334385,277859.959334385,277855.719614815,277859.959334385,0.0,277855.719614815,0.0,277859.959334385,0.0,0.0,277859.959334385,277855.719614815,277859.959334385,0.0,277859.959334385,277859.959334385,277859.959334385,277859.959334385,277851.4799963393,277859.959334385,277855.719614815,0.0,277859.959334385,0.0,0.0,0.0,0.0,0.0,0.0,277855.719614815,0.0,277847.2404789625,277855.719614815,277855.719614815,0.0,277855.719614815,0.0,0.0,0.0,0.0,277859.959334385,0.0,277855.719614815,0.0,277859.959334385,277859.959334385,0.0,277847.2404789625,277859.959334385,277859.959334385,0.0,277859.959334385,0.0,0.0,0.0,277859.959334385,0.0,277859.959334385,277859.959334385,277859.959334385,277859.959334385,0.0,0.0,0.0,277855.719614815,277855.719614815,277859.959334385,0.0,277851.4799963393,277855.719614815,277859.959334385,277859.959334385,277855.719614815,277859.959334385,0.0,277855.719614815,0.0,0.0,0.0,0.0,277859.959334385,0.0,0.0,277859.959334385,0.0,277859.959334385,277859.959334385,277859.959334385,0.0,0.0,277859.959334385,277859.959334385,277851.4799963393,0.0,0.0,0.0,0.0,277859.959334385,277859.959334385,277859.959334385,277855.719614815,277859.959334385,277859.959334385,0.0,0.0,277859.959334385,0.0,0.0,0.0,0.0,277859.959334385,0.0,0.0,0.0,0.0,277855.719614815,277847.2404789625,277855.719614815,277859.959334385,277855.719614815,277855.719614815,277855.719614815,0.0,277859.959334385,277847.2404789625,277855.719614815,277847.2404789625,277851.4799963393,277859.959334385,0.0,277847.2404789625,277859.959334385,277859.959334385,0.0,0.0,0.0,0.0,277859.959334385,277859.959334385,0.0,0.0,277855.719614815,0.0,0.0,0.0,0.0,277859.959334385,277855.719614815,0.0,0.0,0.0,0.0,0.0,0.0,0.0,0.0,0.0,277855.719614815,277859.959334385,277855.719614815,0.0
277855.719614815,277851.4799963393,277859.959334385,277821.80549803784,277830.2834205368,277859.959334385,277859.959334385,277855.719614815,277855.719614815,277859.959334385,277851.4799963393,277855.719614815,277847.2404789625,277859.959334385,277855.719614815,0.0,277859.959334385,0.0,277859.959334385,277859.959334385,277859.959334385,277855.719614815,0.0,277855.719614815,277855.719614815,277859.959334385,277859.959334385,0.0,277855.719614815,277859.959334385,0.0,277855.719614815,0.0,0.0,0.0,0.0,0.0,0.0,277859.959334385,0.0,277859.959334385,0.0,0.0,277855.719614815,277855.719614815,277851.4799963393,277847.2404789625,277859.959334385,0.0,277859.959334385,277855.719614815,277855.719614815,0.0,0.0,277855.719614815,277851.4799963393,0.0,277859.959334385,277855.719614815,0.0,277859.959334385,0.0,0.0,0.0,0.0,0.0,0.0,277851.4799963393,0.0,277855.719614815,277859.959334385,277859.959334385,277859.959334385,277859.959334385,277855.719614815,0.0,277855.719614815,277855.719614815,0.0,277859.959334385,277859.959334385,0.0,277859.959334385,277855.719614815,277859.959334385,0.0,277859.959334385,0.0,277859.959334385,277859.959334385,277855.719614815,0.0,277843.00106268923,0.0,277855.719614815,277855.719614815,277851.4799963393,277847.2404789625,277855.719614815,0.0,277859.959334385,277859.959334385,277859.959334385,0.0,0.0,277859.959334385,0.0,0.0,0.0,277859.959334385,277859.959334385,0.0,277855.719614815,0.0,277851.4799963393,277859.959334385,277859.959334385,277859.959334385,277859.959334385,0.0,0.0,277859.959334385,0.0,277838.7617475241,277855.719614815,277859.959334385,0.0,277851.4799963393,277859.959334385,277855.719614815,0.0,0.0,0.0,0.0,0.0,277859.959334385,0.0,0.0,277855.719614815,0.0,277855.719614815,277855.719614815,0.0,277851.4799963393,277847.2404789625,277859.959334385,277859.959334385,0.0,0.0,0.0,0.0,277859.959334385,277855.719614815,0.0,277859.959334385,277859.959334385,277859.959334385,277851.4799963393,277859.959334385,277855.719614815,0.0,0.0,277859.959334385,0.0,0.0,277859.959334385,277859.959334385,277855.719614815,0.0,277859.959334385,0.0,0.0,277851.4799963393,0.0,277859.959334385,0.0,277855.719614815,0.0,277859.959334385,277859.959334385,0.0,277855.719614815,0.0,277855.719614815,277855.719614815,0.0,277859.959334385,277859.959334385,0.0,0.0,277851.4799963393,277855.719614815,277859.959334385,0.0,0.0,277855.719614815,277859.959334385,277855.719614815,277855.719614815,277855.719614815,277855.719614815,0.0,277859.959334385,277855.719614815,277855.719614815,0.0,277855.719614815,277859.959334385,277855.719614815,277855.719614815,277859.959334385,277855.719614815,0.0,277859.959334385,277847.2404789625,277855.719614815,277859.959334385,277855.719614815,277859.959334385,277851.4799963393,277859.959334385,0.0,0.0,277855.719614815,0.0,277855.719614815,277859.959334385,277859.959334385,277859.959334385,0.0,277855.719614815,0.0,0.0,277859.959334385,277859.959334385,277851.4799963393,277859.959334385,0.0,277859.959334385,277855.719614815,277855.719614815,0.0,277859.959334385,0.0,277859.959334385,277859.959334385,0.0,0.0,0.0,0.0,0.0,0.0,0.0,0.0,0.0,277855.719614815
277851.4799963393,277851.4799963393,277847.2404789625,277847.2404789625,277851.4799963393,277851.4799963393,277859.959334385,277859.959334385,277855.719614815,277859.959334385,0.0,277855.719614815,277843.00106268923,277859.959334385,277859.959334385,0.0,277859.959334385,0.0,0.0,0.0,0.0,0.0,277859.959334385,0.0,277859.959334385,0.0,277855.719614815,277859.959334385,0.0,0.0,0.0,277859.959334385,0.0,277859.959334385,277859.959334385,277855.719614815,0.0,277859.959334385,277859.959334385,0.0,277859.959334385,0.0,277851.4799963393,0.0,277859.959334385,277851.4799963393,0.0,277855.719614815,0.0,277855.719614815,0.0,277859.959334385,277855.719614815,277851.4799963393,277859.959334385,277859.959334385,0.0,277859.959334385,0.0,277859.959334385,277855.719614815,277859.959334385,0.0,0.0,277855.719614815,0.0,0.0,277855.719614815,0.0,277859.959334385,0.0,0.0,0.0,277859.959334385,277855.719614815,277855.719614815,0.0,0.0,277859.959334385,0.0,277859.959334385,277855.719614815,0.0,0.0,0.0,277859.959334385,277859.959334385,0.0,0.0,0.0,0.0,277855.719614815,277859.959334385,277855.719614815,277851.4799963393,277859.959334385,277859.959334385,277847.2404789625,0.0,0.0,277855.719614815,0.0,0.0,277855.719614815,277855.719614815,0.0,0.0,277859.959334385,277859.959334385,277859.959334385,277847.2404789625,0.0,0.0,0.0,277859.959334385,277855.719614815,0.0,277855.719614815,0.0,277859.959334385,277859.959334385,277855.719614815,277855.719614815,0.0,0.0,277859.959334385,277851.4799963393,277859.959334385,0.0,0.0,277859.959334385,277855.719614815,0.0,0.0,277859.959334385,277847.2404789625,0.0,277855.719614815,277855.719614815,277855.719614815,0.0,0.0,0.0,0.0,0.0,277859.959334385,0.0,277859.959334385,277855.719614815,277859.959334385,277855.719614815,277859.959334385,277859.959334385,277859.959334385,277859.959334385,277859.959334385,0.0,277855.719614815,0.0,0.0,277859.959334385,277855.719614815,277859.959334385,277859.959334385,0.0,277851.4799963393,0.0,0.0,0.0,277855.719614815,0.0,277859.959334385,277855.719614815,0.0,277859.959334385,0.0,0.0,277859.959334385,277855.719614815,277859.959334385,277859.959334385,277859.959334385,277859.959334385,277859.959334385,0.0,0.0,0.0,277859.959334385,0.0,277859.959334385,0.0,277859.959334385,0.0,0.0,277859.959334385,277851.4799963393,277859.959334385,277847.2404789625,0.0,277855.719614815,277859.959334385,0.0,277859.959334385,277859.959334385,0.0,277859.959334385,277847.2404789625,0.0,0.0,277859.959334385,277859.959334385,277855.719614815,0.0,0.0,277859.959334385,277859.959334385,277859.959334385,277847.2404789625,277859.959334385,0.0,277859.959334385,277855.719614815,277859.959334385,277855.719614815,277859.959334385,277855.719614815,277847.2404789625,277851.4799963393,277859.959334385,0.0,0.0,277855.719614815,277855.719614815,277851.4799963393,0.0,0.0,0.0,277859.959334385,0.0,0.0,0.0,277859.959334385,277855.719614815,277859.959334385,0.0,277859.959334385,277855.719614815,277859.959334385,0.0,0.0,277859.959334385,0.0,0.0,0.0,0.0,0.0
277859.959334385,277859.959334385,277855.719614815,277855.719614815,277859.959334385,277859.959334385,0.0,0.0,277855.719614815,0.0,277859.959334385,277855.719614815,277859.959334385,277859.959334385,277855.719614815,0.0,0.0,0.0,277859.959334385,0.0,277859.959334385,0.0,277859.959334385,277859.959334385,277859.959334385,277859.959334385,277859.959334385,0.0,277859.959334385,0.0,0.0,0.0,277859.959334385,277855.719614815,277855.719614815,0.0,0.0,0.0,0.0,277859.959334385,0.0,0.0,0.0,0.0,0.0,277859.959334385,277855.719614815,277859.959334385,0.0,277859.959334385,0.0,0.0,0.0,0.0,277855.719614815,0.0,0.0,277859.959334385,277859.959334385,0.0,277859.959334385,0.0,277847.2404789625,277855.719614815,277855.719614815,277859.959334385,277859.959334385,277851.4799963393,277859.959334385,277855.719614815,277859.959334385,0.0,277855.719614815,277859.959334385,277855.719614815,277847.2404789625,0.0,0.0,277859.959334385,0.0,277859.959334385,277859.959334385,277859.959334385,0.0,277859.959334385,0.0,277855.719614815,0.0,277855.719614815,277859.959334385,0.0,0.0,277855.719614815,0.0,0.0,0.0,0.0,0.0,277855.719614815,277855.719614815,0.0,277855.719614815,0.0,0.0,277859.959334385,0.0,277859.959334385,277855.719614815,0.0,0.0,277859.959334385,277859.959334385,0.0,0.0,277855.719614815,277859.959334385,277859.959334385,277851.4799963393,277847.2404789625,277859.959334385,277859.959334385,277855.719614815,0.0,277859.959334385,277859.959334385,277859.959334385,277851.4799963393,0.0,277851.4799963393,277847.2404789625,277855.719614815,0.0,277851.4799963393,277855.719614815,277855.719614815,277855.719614815,0.0,0.0,0.0,277855.719614815,277855.719614815,0.0,0.0,277859.959334385,0.0,0.0,0.0,277859.959334385,277859.959334385,277855.719614815,0.0,0.0,0.0,0.0,0.0,277855.719614815,277859.959334385,0.0,277859.959334385,277859.959334385,277859.959334385,0.0,277859.959334385,0.0,0.0,277855.719614815,277851.4799963393,277851.4799963393,0.0,0.0,277855.719614815,0.0,277859.959334385,277859.959334385,0.0,277855.719614815,277855.719614815,0.0,0.0,277855.719614815,277851.4799963393,277859.959334385,277859.959334385,277859.959334385,277843.00106268923,277859.959334385,277851.4799963393,0.0,277847.2404789625,277851.4799963393,0.0,277859.959334385,277859.959334385,0.0,0.0,0.0,0.0,277855.719614815,277855.719614815,277859.959334385,277859.959334385,0.0,277851.4799963393,0.0,277847.2404789625,277859.959334385,0.0,277859.959334385,277859.959334385,277851.4799963393,277859.959334385,277851.4799963393,277851.4799963393,277859.959334385,277855.719614815,277851.4799963393,277855.719614815,277859.959334385,277859.959334385,277859.959334385,277855.719614815,0.0,0.0,277859.959334385,277859.959334385,0.0,0.0,277859.959334385,0.0,0.0,277859.959334385,0.0,0.0,0.0,0.0,0.0,0.0,0.0,0.0,0.0,277855.719614815,0.0,277855.719614815,0.0,0.0,0.0,277859.959334385,0.0,0.0,277855.719614815,0.0,0.0,0.0,0.0,0.0,277855.719614815
277859.959334385,0.0,0.0,277859.959334385,0.0,277859.959334385,0.0,0.0,0.0,277851.4799963393,0.0,0.0,277859.959334385,0.0,0.0,277859.959334385,277859.959334385,277859.959334385,0.0,277851.4799963393,0.0,0.0,0.0,0.0,0.0,277855.719614815,277859.959334385,277851.4799963393,0.0,277855.719614815,277859.959334385,0.0,277859.959334385,0.0,0.0,277855.719614815,277855.719614815,0.0,0.0,0.0,0.0,0.0,277859.959334385,277855.719614815,0.0,0.0,277859.959334385,0.0,277855.719614815,277855.719614815,0.0,277859.959334385,0.0,277859.959334385,0.0,0.0,0.0,277855.719614815,277859.959334385,277859.959334385,0.0,277859.959334385,0.0,277859.959334385,0.0,277855.719614815,277855.719614815,277859.959334385,0.0,0.0,0.0,0.0,277855.719614815,277851.4799963393,277859.959334385,277855.719614815,277855.719614815,277859.959334385,277855.719614815,277855.719614815,0.0,0.0,0.0,0.0,277859.959334385,277855.719614815,0.0,277859.959334385,277859.959334385,0.0,0.0,277855.719614815,0.0,277859.959334385,277859.959334385,0.0,277855.719614815,277859.959334385,277847.2404789625,277855.719614815,0.0,277859.959334385,277855.719614815,277859.959334385,277851.4799963393,277859.959334385,0.0,277859.959334385,0.0,277859.959334385,0.0,277859.959334385,0.0,277859.959334385,277855.719614815,277855.719614815,277855.719614815,0.0,277855.719614815,277855.719614815,277859.959334385,277851.4799963393,277859.959334385,277851.4799963393,277859.959334385,277851.4799963393,277859.959334385,0.0,277855.719614815,277847.2404789625,277855.719614815,277851.4799963393,277855.719614815,0.0,277859.959334385,277859.959334385,277859.959334385,277859.959334385,277859.959334385,277859.959334385,0.0,0.0,277859.959334385,0.0,277855.719614815,0.0,277859.959334385,0.0,0.0,0.0,0.0,277859.959334385,0.0,277859.959334385,0.0,277855.719614815,277859.959334385,277855.719614815,277859.959334385,277847.2404789625,277859.959334385,0.0,277859.959334385,0.0,277859.959334385,277859.959334385,277859.959334385,0.0,277859.959334385,0.0,277859.959334385,277855.719614815,277859.959334385,277855.719614815,277859.959334385,0.0,277855.719614815,0.0,277859.959334385,277851.4799963393,277855.719614815,0.0,277855.719614815,0.0,277851.4799963393,277847.2404789625,0.0,0.0,0.0,277859.959334385,0.0,0.0,0.0,277855.719614815,277859.959334385,277859.959334385,277855.719614815,277855.719614815,0.0,0.0,277859.959334385,277859.959334385,0.0,277859.959334385,277859.959334385,0.0,0.0,277859.959334385,0.0,277859.959334385,277859.959334385,277859.959334385,0.0,277859.959334385,277855.719614815,0.0,277847.2404789625,277851.4799963393,277851.4799963393,277855.719614815,277843.00106268923,0.0,277855.719614815,277859.959334385,277851.4799963393,0.0,277855.719614815,277851.4799963393,277859.959334385,0.0,277859.959334385,277859.959334385,277855.719614815,277859.959334385,277859.959334385,277859.959334385,277859.959334385,277859.959334385,0.0,277859.959334385,277855.719614815,0.0,277859.959334385,0.0,0.0,277859.959334385,277859.959334385,277859.959334385,277859.959334385,277859.959334385,277859.959334385,277859.959334385,0.0,0.0,277859.959334385,277855.719614815
277859.959334385,277859.959334385,0.0,277855.719614815,277855.719614815,0.0,277859.959334385,277851.4799963393,0.0,0.0,277855.719614815,277859.959334385,0.0,0.0,277855.719614815,0.0,277847.2404789625,0.0,0.0,0.0,277855.719614815,0.0,0.0,277859.959334385,277855.719614815,277859.959334385,0.0,277851.4799963393,0.0,277859.959334385,277859.959334385,277855.719614815,0.0,277859.959334385,0.0,277855.719614815,0.0,0.0,0.0,0.0,277859.959334385,277855.719614815,0.0,277855.719614815,277855.719614815,0.0,277851.4799963393,0.0,277859.959334385,277859.959334385,0.0,277855.719614815,277859.959334385,277859.959334385,277855.719614815,277859.959334385,277859.959334385,0.0,0.0,0.0,277859.959334385,277855.719614815,0.0,277859.959334385,277855.719614815,277859.959334385,0.0,277859.959334385,0.0,277847.2404789625,0.0,277859.959334385,277855.719614815,0.0,277855.719614815,277855.719614815,277859.959334385,277855.719614815,277855.719614815,0.0,0.0,277855.719614815,277855.719614815,0.0,0.0,0.0,277859.959334385,0.0,277855.719614815,277859.959334385,277859.959334385,277859.959334385,277859.959334385,0.0,277859.959334385,0.0,277859.959334385,0.0,0.0,0.0,277859.959334385,0.0,0.0,277855.719614815,0.0,277855.719614815,0.0,0.0,277855.719614815,277859.959334385,0.0,277859.959334385,277859.959334385,277859.959334385,0.0,277859.959334385,277859.959334385,277859.959334385,0.0,277859.959334385,0.0,0.0,0.0,277859.959334385,277859.959334385,277859.959334385,277855.719614815,277859.959334385,0.0,277859.959334385,277847.2404789625,0.0,277859.959334385,0.0,0.0,0.0,0.0,0.0,277859.959334385,277855.719614815,0.0,277859.959334385,0.0,277855.719614815,277859.959334385,277859.959334385,0.0,0.0,0.0,0.0,0.0,0.0,277859.959334385,277859.959334385,0.0,0.0,277859.959334385,277859.959334385,277855.719614815,277855.719614815,277859.959334385,277859.959334385,277859.959334385,0.0,277859.959334385,277859.959334385,0.0,0.0,0.0,0.0,277859.959334385,0.0,277859.959334385,0.0,0.0,277859.959334385,0.0,0.0,0.0,277851.4799963393,277859.959334385,0.0,0.0,0.0,277859.959334385,277859.959334385,0.0,277851.4799963393,0.0,277855.719614815,277855.719614815,277859.959334385,277851.4799963393,0.0,277855.719614815,0.0,277851.4799963393,0.0,0.0,277859.959334385,277855.719614815,277851.4799963393,277851.4799963393,0.0,277859.959334385,0.0,0.0,277859.959334385,0.0,277859.959334385,0.0,277859.959334385,277855.719614815,277855.719614815,277859.959334385,277855.719614815,277855.719614815,277859.959334385,0.0,277855.719614815,0.0,277859.959334385,277859.959334385,277855.719614815,277851.4799963393,277855.719614815,0.0,277859.959334385,0.0,0.0,0.0,0.0,277859.959334385,0.0,277855.719614815,0.0,277855.719614815,0.0,0.0,277855.719614815,277855.719614815,277851.4799963393,277851.4799963393,0.0,277859.959334385,0.0,277855.719614815,0.0,0.0,277859.959334385,277859.959334385,0.0,277859.959334385,277859.959334385,277859.959334385,277855.719614815
0.0,277859.959334385,277851.4799963393,0.0,277859.959334385,277855.719614815,277859.959334385,0.0,277859.959334385,0.0,277859.959334385,277859.959334385,0.0,0.0,277859.959334385,277859.959334385,277859.959334385,0.0,277855.719614815,277859.959334385,0.0,0.0,277859.959334385,277859.959334385,277847.2404789625,277851.4799963393,0.0,277859.959334385,0.0,277859.959334385,277859.959334385,277859.959334385,277855.719614815,277859.959334385,0.0,0.0,277859.959334385,277859.959334385,0.0,0.0,277859.959334385,0.0,277859.959334385,277859.959334385,277851.4799963393,277855.719614815,277859.959334385,0.0,0.0,0.0,277855.719614815,277859.959334385,0.0,277859.959334385,0.0,277859.959334385,0.0,277855.719614815,0.0,0.0,0.0,277859.959334385,277859.959334385,277859.959334385,0.0,0.0,0.0,277859.959334385,277859.959334385,0.0,277855.719614815,277859.959334385,277855.719614815,277855.719614815,0.0,277859.959334385,277859.959334385,277859.959334385,277855.719614815,277855.719614815,277859.959334385,0.0,0.0,0.0,277855.719614815,277859.959334385,277859.959334385,0.0,277859.959334385,0.0,0.0,0.0,0.0,0.0,277859.959334385,277859.959334385,277859.959334385,0.0,0.0,277859.959334385,277859.959334385,277851.4799963393,277855.719614815,277859.959334385,277855.719614815,0.0,277843.00106268923,277859.959334385,277855.719614815,277859.959334385,277855.719614815,277859.959334385,277855.719614815,0.0,277847.2404789625,277859.959334385,277859.959334385,277859.959334385,0.0,277855.719614815,277851.4799963393,277838.7617475241,277855.719614815,277855.719614815,0.0,277855.719614815,277859.959334385,277855.719614815,277859.959334385,277855.719614815,277855.719614815,277859.959334385,277859.959334385,0.0,277859.959334385,0.0,277859.959334385,277851.4799963393,277847.2404789625,277851.4799963393,277859.959334385,277859.959334385,0.0,277859.959334385,277855.719614815,277859.959334385,0.0,277851.4799963393,0.0,277859.959334385,277851.4799963393,277855.719614815,277855.719614815,277847.2404789625,277855.719614815,277851.4799963393,0.0,0.0,0.0,277859.959334385,0.0,0.0,0.0,277859.959334385,277859.959334385,277859.959334385,0.0,0.0,277859.959334385,277851.4799963393,0.0,0.0,0.0,0.0,0.0,277859.959334385,0.0,277859.959334385,277859.959334385,277859.959334385,0.0,0.0,277855.719614815,0.0,0.0,277851.4799963393,277859.959334385,0.0,0.0,277855.719614815,0.0,277855.719614815,0.0,277859.959334385,277859.959334385,277851.4799963393,0.0,277859.959334385,277855.719614815,0.0,277855.719614815,0.0,277859.959334385,277847.2404789625,277855.719614815,277855.719614815,277855.719614815,277855.719614815,277851.4799963393,277859.959334385,277851.4799963393,277847.2404789625,277859.959334385,0.0,0.0,277859.959334385,277851.4799963393,277855.719614815,0.0,277855.719614815,0.0,277851.4799963393,0.0,277855.719614815,277859.959334385,277855.719614815,277855.719614815,277859.959334385,0.0,0.0,0.0,277859.959334385,277859.959334385,277859.959334385,277855.719614815,0.0,0.0,277855.719614815,0.0,277855.719614815,277851.4799963393,0.0,0.0,0.0,277855.719614815,0.0,277859.959334385,0.0,277859.959334385,277855.719614815,0.0,0.0,277859.959334385,0.0,277859.959334385,277859.959334385
0.0,277851.4799963393,0.0,0.0,277851.4799963393,0.0,277859.959334385,277859.959334385,0.0,277859.959334385,0.0,0.0,0.0,0.0,277855.719614815,277859.959334385,0.0,0.0,0.0,0.0,277859.959334385,0.0,0.0,277859.959334385,277859.959334385,0.0,277859.959334385,277859.959334385,277855.719614815,277859.959334385,277859.959334385,277851.4799963393,0.0,0.0,277851.4799963393,277859.959334385,277855.719614815,277859.959334385,0.0,0.0,277855.719614815,0.0,277859.959334385,277847.2404789625,277859.959334385,277859.959334385,277855.719614815,277859.959334385,0.0,277855.719614815,277859.959334385,277859.959334385,0.0,277851.4799963393,277859.959334385,277859.959334385,277859.959334385,0.0,277847.2404789625,0.0,277855.719614815,277851.4799963393,277859.959334385,0.0,277855.719614815,277859.959334385,277859.959334385,0.0,277859.959334385,277855.719614815,0.0,277859.959334385,277859.959334385,277859.959334385,0.0,0.0,0.0,0.0,277859.959334385,277851.4799963393,0.0,277847.2404789625,0.0,277859.959334385,0.0,277859.959334385,0.0,277859.959334385,0.0,0.0,0.0,277859.959334385,0.0,277859.959334385,0.0,0.0,277859.959334385,277847.2404789625,277859.959334385,0.0,0.0,277851.4799963393,277851.4799963393,277859.959334385,0.0,277855.719614815,0.0,277851.4799963393,0.0,0.0,0.0,277859.959334385,0.0,277855.719614815,277855.719614815,277855.719614815,277859.959334385,277855.719614815,0.0,277859.959334385,277851.4799963393,277855.719614815,0.0,0.0,0.0,0.0,0.0,277855.719614815,0.0,0.0,277851.4799963393,277847.2404789625,277859.959334385,0.0,0.0,277859.959334385,0.0,277855.719614815,277859.959334385,277859.959334385,277855.719614815,277855.719614815,0.0,0.0,277859.959334385,0.0,0.0,0.0,277855.719614815,277859.959334385,277859.959334385,277855.719614815,277859.959334385,0.0,277851.4799963393,277855.719614815,0.0,0.0,277859.959334385,0.0,0.0,277859.959334385,0.0,0.0,0.0,0.0,277855.719614815,277859.959334385,277859.959334385,277855.719614815,0.0,277859.959334385,277859.959334385,0.0,277859.959334385,277851.4799963393,277859.959334385,277855.719614815,0.0,277859.959334385,277859.959334385,0.0,277859.959334385,277859.959334385,0.0,277859.959334385,277847.2404789625,277855.719614815,0.0,0.0,277855.719614815,277851.4799963393,277843.00106268923,277855.719614815,277859.959334385,277855.719614815,0.0,277859.959334385,277855.719614815,277859.959334385,0.0,277859.959334385,277855.719614815,0.0,0.0,277855.719614815,277851.4799963393,277851.4799963393,277855.719614815,0.0,277859.959334385,277859.959334385,0.0,277859.959334385,0.0,277859.959334385,277859.959334385,277859.959334385,277859.959334385,0.0,277855.719614815,0.0,0.0,277855.719614815,277855.719614815,277855.719614815,0.0,277855.719614815,0.0,277851.4799963393,0.0,0.0,0.0,0.0,277855.719614815,0.0,277859.959334385,277855.719614815,0.0,277859.959334385,0.0,277859.959334385,277859.959334385,277855.719614815,277855.719614815,277859.959334385,0.0,0.0,0.0,0.0,277855.719614815,277859.959334385,0.0,0.0,277851.4799963393,0.0
0.0,0.0,0.0,0.0,277859.959334385,277859.959334385,277855.719614815,277859.959334385,0.0,277859.959334385,0.0,277855.719614815,277851.4799963393,277859.959334385,0.0,0.0,277859.959334385,277859.959334385,0.0,0.0,0.0,0.0,277855.719614815,277859.959334385,0.0,277855.719614815,277859.959334385,277859.959334385,277859.959334385,277859.959334385,277859.959334385,277855.719614815,277859.959334385,277859.959334385,277855.719614815,277859.959334385,277859.959334385,277859.959334385,277855.719614815,0.0,277859.959334385,277859.959334385,277855.719614815,277859.959334385,277851.4799963393,277855.719614815,0.0,0.0,0.0,0.0,277859.959334385,277851.4799963393,277855.719614815,277855.719614815,0.0,0.0,277859.959334385,0.0,277859.959334385,0.0,0.0,0.0,277855.719614815,277859.959334385,0.0,277851.4799963393,277859.959334385,277851.4799963393,277855.719614815,0.0,277855.719614815,277859.959334385,277859.959334385,277855.719614815,277859.959334385,277859.959334385,277859.959334385,277859.959334385,277855.719614815,0.0,277859.959334385,277859.959334385,277859.959334385,0.0,277855.719614815,277855.719614815,277859.959334385,277859.959334385,277855.719614815,277859.959334385,277859.959334385,0.0,277859.959334385,0.0,0.0,0.0,0.0,0.0,277851.4799963393,277838.7617475241,277859.959334385,277855.719614815,0.0,277855.719614815,277859.959334385,277855.719614815,277847.2404789625,277855.719614815,277855.719614815,277855.719614815,277859.959334385,0.0,277859.959334385,277847.2404789625,277859.959334385,0.0,277855.719614815,277859.959334385,277859.959334385,277851.4799963393,0.0,277859.959334385,277855.719614815,277859.959334385,0.0,277859.959334385,277859.959334385,0.0,277859.959334385,277859.959334385,277847.2404789625,277847.2404789625,0.0,277855.719614815,277859.959334385,277859.959334385,277855.719614815,277847.2404789625,277851.4799963393,277843.00106268923,277851.4799963393,277855.719614815,277855.719614815,0.0,277859.959334385,277859.959334385,0.0,0.0,277859.959334385,277859.959334385,277859.959334385,277855.719614815,277855.719614815,277855.719614815,277859.959334385,0.0,277859.959334385,277855.719614815,277851.4799963393,0.0,0.0,277859.959334385,277855.719614815,0.0,0.0,277859.959334385,277859.959334385,0.0,0.0,277859.959334385,0.0,0.0,277855.719614815,0.0,277851.4799963393,277851.4799963393,0.0,277855.719614815,277855.719614815,277859.959334385,277859.959334385,277859.959334385,277859.959334385,0.0,277855.719614815,0.0,277855.719614815,0.0,0.0,0.0,277855.719614815,277855.719614815,0.0,277855.719614815,0.0,277859.959334385,277859.959334385,0.0,0.0,0.0,277855.719614815,277855.719614815,277855.719614815,0.0,277855.719614815,0.0,277851.4799963393,277859.959334385,277855.719614815,0.0,277859.959334385,277855.719614815,277851.4799963393,277855.719614815,277855.719614815,277851.4799963393,277855.719614815,0.0,277855.719614815,0.0,0.0,0.0,277855.719614815,277855.719614815,277851.4799963393,277855.719614815,277855.719614815,0.0,277843.00106268923,277859.959334385,277859.959334385,0.0,277859.959334385,0.0,0.0,0.0,277851.4799963393,0.0,0.0,277855.719614815,277851.4799963393,277859.959334385,277855.719614815,277855.719614815,277859.959334385,277851.4799963393,0.0,277859.959334385,0.0,277855.719614815,0.0,0.0,277851.4799963393,277859.959334385,0.0,0.0
0.0,277851.4799963393,277859.959334385,0.0,0.0,0.0,277859.959334385,0.0,277859.959334385,277859.959334385,277859.959334385,277859.959334385,277859.959334385,0.0,277859.959334385,277859.959334385,277859.959334385,0.0,0.0,277859.959334385,277859.959334385,0.0,0.0,277859.959334385,277859.959334385,277859.959334385,277859.959334385,0.0,277855.719614815,277855.719614815,277855.719614815,0.0,277855.719614815,0.0,277859.959334385,277855.719614815,0.0,277859.959334385,0.0,0.0,277855.719614815,277859.959334385,0.0,277859.959334385,0.0,277859.959334385,277851.4799963393,0.0,0.0,0.0,0.0,277851.4799963393,0.0,277855.719614815,0.0,277859.959334385,277859.959334385,0.0,0.0,0.0,0.0,0.0,277859.959334385,0.0,277859.959334385,277851.4799963393,277859.959334385,277859.959334385,277855.719614815,0.0,0.0,0.0,277851.4799963393,0.0,277859.959334385,277855.719614815,0.0,0.0,0.0,277859.959334385,0.0,0.0,277859.959334385,277855.719614815,277843.00106268923,277855.719614815,277851.4799963393,0.0,0.0,277859.959334385,277855.719614815,277859.959334385,277855.719614815,277859.959334385,0.0,277859.959334385,0.0,277859.959334385,277859.959334385,277859.959334385,277847.2404789625,277859.959334385,277855.719614815,277859.959334385,277859.959334385,277855.719614815,277855.719614815,277859.959334385,277851.4799963393,277855.719614815,277855.719614815,0.0,0.0,0.0,277859.959334385,277859.959334385,0.0,277859.959334385,0.0,0.0,0.0,277855.719614815,277859.959334385,0.0,277855.719614815,0.0,0.0,0.0,277855.719614815,277855.719614815,277843.00106268923,277847.2404789625,277859.959334385,277855.719614815,277859.959334385,277855.719614815,277843.00106268923,277851.4799963393,277859.959334385,277847.2404789625,277847.2404789625,277855.719614815,0.0,277855.719614815,0.0,0.0,277859.959334385,0.0,277851.4799963393,277859.959334385,277859.959334385,277843.00106268923,0.0,277859.959334385,277855.719614815,277847.2404789625,277855.719614815,0.0,277859.959334385,277851.4799963393,0.0,277859.959334385,0.0,0.0,277855.719614815,277859.959334385,0.0,277859.959334385,277855.719614815,277859.959334385,0.0,277859.959334385,277859.959334385,0.0,0.0,277855.719614815,0.0,277859.959334385,277855.719614815,0.0,0.0,277851.4799963393,277859.959334385,277851.4799963393,277859.959334385,277859.959334385,0.0,277859.959334385,277859.959334385,0.0,277859.959334385,277851.4799963393,277859.959334385,0.0,277859.959334385,277859.959334385,277851.4799963393,277859.959334385,277847.2404789625,277855.719614815,277859.959334385,277859.959334385,277851.4799963393,277855.719614815,277855.719614815,0.0,0.0,0.0,277859.959334385,277847.2404789625,277855.719614815,277859.959334385,277859.959334385,277859.959334385,277855.719614815,277851.4799963393,277859.959334385,0.0,277855.719614815,277859.959334385,0.0,277855.719614815,277859.959334385,277851.4799963393,277851.4799963393,277855.719614815,277859.959334385,277851.4799963393,0.0,277851.4799963393,277859.959334385,277855.719614815,277859.959334385,277855.719614815,277859.959334385,277859.959334385,277855.719614815,277855.719614815,0.0,277859.959334385,277851.4799963393,277859.959334385,277855.719614815,277843.00106268923,277855.719614815,277855.719614815,277855.719614815,0.0,277855.719614815,0.0,0.0,277855.719614815,0.0,0.0,0.0,0.0
277859.959334385,0.0,0.0,277851.4799963393,277859.959334385,0.0,277859.959334385,0.0,0.0,0.0,277859.959334385,277859.959334385,0.0,277859.959334385,277855.719614815,0.0,277855.719614815,0.0,0.0,0.0,0.0,0.0,0.0,0.0,277859.959334385,277859.959334385,0.0,0.0,0.0,277859.959334385,277859.959334385,277859.959334385,277859.959334385,277855.719614815,277859.959334385,277855.719614815,277859.959334385,0.0,277855.719614815,277855.719614815,277855.719614815,0.0,277859.959334385,277847.2404789625,277859.959334385,0.0,277855.719614815,0.0,277851.4799963393,0.0,0.0,0.0,277859.959334385,0.0,0.0,0.0,277859.959334385,277859.959334385,277859.959334385,277859.959334385,0.0,277855.719614815,277855.719614815,0.0,277855.719614815,277859.959334385,277855.719614815,277855.719614815,277855.719614815,277855.719614815,277855.719614815,277859.959334385,0.0,277855.719614815,277847.2404789625,277855.719614815,277855.719614815,277855.719614815,277859.959334385,277855.719614815,277859.959334385,0.0,277855.719614815,277851.4799963393,277859.959334385,277847.2404789625,277855.719614815,0.0,0.0,0.0,277859.959334385,0.0,277855.719614815,277855.719614815,0.0,0.0,277859.959334385,277859.959334385,277855.719614815,0.0,0.0,277859.959334385,277859.959334385,0.0,277851.4799963393,277859.959334385,277847.2404789625,277843.00106268923,277855.719614815,277855.719614815,277859.959334385,277851.4799963393,277859.959334385,277859.959334385,277859.959334385,277859.959334385,277859.959334385,0.0,0.0,0.0,0.0,277859.959334385,0.0,0.0,277855.719614815,277855.719614815,0.0,0.0,0.0,277855.719614815,277838.7617475241,277843.00106268923,277851.4799963393,277855.719614815,277851.4799963393,277843.00106268923,277859.959334385,277838.7617475241,277851.4799963393,277855.719614815,277855.719614815,0.0,277847.2404789625,277855.719614815,277859.959334385,0.0,277855.719614815,0.0,277859.959334385,277855.719614815,277855.719614815,277855.719614815,277847.2404789625,277859.959334385,277859.959334385,277855.719614815,277843.00106268923,277855.719614815,277847.2404789625,277859.959334385,0.0,277859.959334385,0.0,277859.959334385,0.0,0.0,277855.719614815,0.0,0.0,277859.959334385,277859.959334385,277855.719614815,277859.959334385,0.0,277859.959334385,0.0,0.0,0.0,0.0,0.0,277859.959334385,0.0,277859.959334385,0.0,0.0,277855.719614815,277859.959334385,0.0,0.0,0.0,277855.719614815,277851.4799963393,277855.719614815,277859.959334385,277855.719614815,277859.959334385,277855.719614815,277859.959334385,277855.719614815,277859.959334385,277855.719614815,0.0,277855.719614815,277859.959334385,277859.959334385,277855.719614815,277851.4799963393,277859.959334385,277859.959334385,277855.719614815,0.0,277859.959334385,0.0,277859.959334385,0.0,277859.959334385,277859.959334385,277851.4799963393,277859.959334385,277859.959334385,277855.719614815,277855.719614815,277851.4799963393,277855.719614815,0.0,277855.719614815,0.0,0.0,277855.719614815,0.0,277855.719614815,277859.959334385,277851.4799963393,277851.4799963393,0.0,0.0,277855.719614815,0.0,0.0,277847.2404789625,277855.719614815,277851.4799963393,277855.719614815,277851.4799963393,277859.959334385,0.0,0.0,0.0,0.0,0.0,277855.719614815,277859.959334385,0.0,277859.959334385,0.0,277859.959334385
0.0,277851.4799963393,0.0,0.0,0.0,0.0,277859.959334385,277859.959334385,277851.4799963393,0.0,0.0,0.0,0.0,277859.959334385,277859.959334385,277859.959334385,0.0,0.0,277855.719614815,0.0,0.0,0.0,277859.959334385,277855.719614815,0.0,0.0,277859.959334385,277855.719614815,0.0,0.0,0.0,277859.959334385,277859.959334385,0.0,0.0,277859.959334385,0.0,277851.4799963393,277859.959334385,0.0,277859.959334385,277843.00106268923,277851.4799963393,0.0,0.0,0.0,277859.959334385,277855.719614815,277859.959334385,0.0,0.0,277859.959334385,277855.719614815,277859.959334385,0.0,277847.2404789625,277859.959334385,0.0,0.0,277859.959334385,277859.959334385,0.0,277859.959334385,277855.719614815,0.0,277855.719614815,277851.4799963393,277859.959334385,0.0,277859.959334385,277859.959334385,277859.959334385,277859.959334385,277855.719614815,0.0,277855.719614815,277851.4799963393,0.0,277855.719614815,0.0,0.0,277859.959334385,0.0,277859.959334385,277859.959334385,277855.719614815,0.0,277859.959334385,277859.959334385,277855.719614815,277851.4799963393,0.0,277859.959334385,0.0,277855.719614815,277859.959334385,277859.959334385,277859.959334385,0.0,277859.959334385,277859.959334385,277847.2404789625,0.0,277855.719614815,0.0,277830.2834205368,277838.7617475241,277826.04440872394,277843.00106268923,277859.959334385,0.0,0.0,0.0,277855.719614815,277859.959334385,0.0,0.0,0.0,277859.959334385,0.0,277855.719614815,277859.959334385,277859.959334385,277855.719614815,0.0,0.0,0.0,277859.959334385,277859.959334385,277855.719614815,277855.719614815,277855.719614815,277859.959334385,0.0,277855.719614815,277859.959334385,277855.719614815,277855.719614815,277855.719614815,277851.4799963393,0.0,277855.719614815,277855.719614815,277855.719614815,277859.959334385,0.0,277855.719614815,277859.959334385,277859.959334385,277859.959334385,0.0,277838.7617475241,277855.719614815,277851.4799963393,277834.52253347175,277859.959334385,0.0,277859.959334385,277851.4799963393,277851.4799963393,0.0,277855.719614815,0.0,0.0,0.0,0.0,0.0,277859.959334385,277859.959334385,0.0,0.0,277859.959334385,277859.959334385,0.0,277847.2404789625,277859.959334385,0.0,277859.959334385,0.0,277859.959334385,277855.719614815,277859.959334385,0.0,277855.719614815,277859.959334385,277859.959334385,0.0,0.0,277859.959334385,277851.4799963393,0.0,277843.00106268923,277851.4799963393,277859.959334385,0.0,0.0,277859.959334385,277843.00106268923,277859.959334385,277859.959334385,0.0,277859.959334385,277859.959334385,277851.4799963393,0.0,277855.719614815,0.0,277855.719614815,0.0,277859.959334385,277855.719614815,277851.4799963393,0.0,277859.959334385,0.0,277859.959334385,277855.719614815,277859.959334385,277855.719614815,277855.719614815,277855.719614815,277859.959334385,0.0,277859.959334385,277855.719614815,277859.959334385,277855.719614815,0.0,0.0,0.0,277859.959334385,0.0,0.0,0.0,277855.719614815,277859.959334385,277838.7617475241,277838.7617475241,277859.959334385,277851.4799963393,277847.2404789625,277851.4799963393,277847.2404789625,277855.719614815,277855.719614815,277859.959334385,277859.959334385,277859.959334385,0.0,277851.4799963393,0.0,277859.959334385,277855.719614815,0.0,277859.959334385,277859.959334385
277859.959334385,277859.959334385,0.0,0.0,0.0,277859.959334385,277855.719614815,277843.00106268923,277859.959334385,0.0,0.0,0.0,0.0,0.0,277855.719614815,277855.719614815,0.0,277859.959334385,277855.719614815,277855.719614815,0.0,0.0,277859.959334385,277859.959334385,0.0,277855.719614815,277855.719614815,277859.959334385,0.0,277859.959334385,277859.959334385,0.0,277859.959334385,0.0,0.0,0.0,277855.719614815,277859.959334385,0.0,0.0,0.0,0.0,277859.959334385,277859.959334385,0.0,277847.2404789625,0.0,277851.4799963393,277859.959334385,0.0,277859.959334385,0.0,0.0,277859.959334385,0.0,0.0,0.0,277859.959334385,277855.719614815,277847.2404789625,277855.719614815,0.0,277859.959334385,0.0,0.0,0.0,277859.959334385,277859.959334385,0.0,277855.719614815,0.0,277859.959334385,0.0,277855.719614815,0.0,277859.959334385,277855.719614815,277859.959334385,277859.959334385,277855.719614815,277859.959334385,0.0,0.0,277851.4799963393,277855.719614815,277838.7617475241,0.0,277859.959334385,277851.4799963393,0.0,277838.7617475241,277847.2404789625,277855.719614815,0.0,277855.719614815,277847.2404789625,277859.959334385,277859.959334385,277855.719614815,277859.959334385,277859.959334385,277843.00106268923,277855.719614815,277851.4799963393,0.0,277859.959334385,277855.719614815,277838.7617475241,277838.7617475241,277847.2404789625,277859.959334385,0.0,0.0,0.0,277851.4799963393,277851.4799963393,277851.4799963393,277859.959334385,277851.4799963393,0.0,277859.959334385,277859.959334385,0.0,0.0,0.0,277859.959334385,0.0,277859.959334385,277859.959334385,0.0,0.0,277855.719614815,277847.2404789625,277855.719614815,277851.4799963393,277847.2404789625,277859.959334385,277855.719614815,277859.959334385,0.0,0.0,0.0,277855.719614815,277859.959334385,277838.7617475241,277859.959334385,277855.719614815,277859.959334385,277855.719614815,277843.00106268923,277847.2404789625,0.0,277834.52253347175,277855.719614815,277855.719614815,277851.4799963393,277859.959334385,277851.4799963393,277859.959334385,277859.959334385,277859.959334385,277855.719614815,0.0,277859.959334385,0.0,277855.719614815,277859.959334385,277855.719614815,277855.719614815,277851.4799963393,277855.719614815,277855.719614815,0.0,277851.4799963393,277859.959334385,0.0,277859.959334385,0.0,0.0,277851.4799963393,277859.959334385,277855.719614815,277859.959334385,0.0,277859.959334385,277855.719614815,0.0,277855.719614815,277855.719614815,0.0,0.0,277859.959334385,277855.719614815,277859.959334385,277855.719614815,277855.719614815,277851.4799963393,277847.2404789625,277859.959334385,0.0,277859.959334385,277855.719614815,277859.959334385,277859.959334385,277847.2404789625,277859.959334385,0.0,277855.719614815,0.0,277859.959334385,0.0,277851.4799963393,277855.719614815,277859.959334385,277851.4799963393,277855.719614815,277855.719614815,0.0,277855.719614815,277843.00106268923,277847.2404789625,277855.719614815,0.0,277859.959334385,277859.959334385,277859.959334385,277851.4799963393,277859.959334385,0.0,277859.959334385,277851.4799963393,277859.959334385,0.0,277859.959334385,277859.959334385,0.0,0.0,277855.719614815,277843.00106268923,277851.4799963393,277847.2404789625,277855.719614815,0.0,277855.719614815,277847.2404789625,277859.959334385,277859.959334385,0.0,0.0,0.0,0.0,0.0,0.0,0.0,0.0,277859.959334385
277859.959334385,277855.719614815,0.0,0.0,277851.4799963393,0.0,277859.959334385,277859.959334385,277855.719614815,277859.959334385,277859.959334385,277859.959334385,0.0,277855.719614815,0.0,0.0,0.0,277855.719614815,277859.959334385,0.0,0.0,277855.719614815,0.0,0.0,0.0,277859.959334385,277855.719614815,0.0,277859.959334385,277859.959334385,277847.2404789625,277859.959334385,277855.719614815,277859.959334385,277843.00106268923,0.0,277859.959334385,277859.959334385,0.0,277855.719614815,277847.2404789625,277859.959334385,277859.959334385,0.0,277855.719614815,277855.719614815,0.0,277851.4799963393,277851.4799963393,277855.719614815,277859.959334385,277855.719614815,0.0,0.0,0.0,0.0,0.0,0.0,277859.959334385,277855.719614815,0.0,277859.959334385,0.0,277855.719614815,277855.719614815,277851.4799963393,0.0,0.0,277859.959334385,277859.959334385,277847.2404789625,0.0,277859.959334385,277859.959334385,0.0,0.0,277855.719614815,277859.959334385,277859.959334385,277855.719614815,0.0,0.0,277859.959334385,277851.4799963393,277855.719614815,277859.959334385,0.0,0.0,0.0,277859.959334385,277851.4799963393,277834.52253347175,277855.719614815,277847.2404789625,277821.80549803784,277859.959334385,0.0,277851.4799963393,277859.959334385,277855.719614815,277855.719614815,0.0,0.0,277851.4799963393,0.0,277859.959334385,277838.7617475241,277855.719614815,0.0,277855.719614815,277855.719614815,0.0,277859.959334385,277859.959334385,277847.2404789625,277843.00106268923,277851.4799963393,0.0,277855.719614815,277855.719614815,277859.959334385,0.0,0.0,277859.959334385,0.0,277859.959334385,277855.719614815,277859.959334385,277851.4799963393,0.0,0.0,277855.719614815,0.0,277847.2404789625,277847.2404789625,277855.719614815,277855.719614815,0.0,277859.959334385,0.0,277851.4799963393,0.0,277859.959334385,0.0,277847.2404789625,277855.719614815,277838.7617475241,0.0,0.0,277847.2404789625,277851.4799963393,0.0,277851.4799963393,277847.2404789625,277847.2404789625,277859.959334385,277855.719614815,277859.959334385,0.0,0.0,0.0,277859.959334385,277859.959334385,277859.959334385,277859.959334385,0.0,277855.719614815,0.0,0.0,0.0,0.0,0.0,277855.719614815,0.0,0.0,0.0,0.0,277851.4799963393,277859.959334385,277859.959334385,277859.959334385,0.0,0.0,277843.00106268923,0.0,0.0,0.0,277855.719614815,277855.719614815,277855.719614815,277859.959334385,277859.959334385,0.0,277855.719614815,277855.719614815,277859.959334385,277855.719614815,0.0,277847.2404789625,277859.959334385,277847.2404789625,277855.719614815,0.0,277855.719614815,277855.719614815,0.0,277859.959334385,277855.719614815,277847.2404789625,0.0,0.0,277855.719614815,0.0,277859.959334385,277859.959334385,277855.719614815,277859.959334385,277859.959334385,0.0,277847.2404789625,0.0,277855.719614815,277855.719614815,277851.4799963393,277855.719614815,0.0,277859.959334385,277859.959334385,0.0,277859.959334385,277851.4799963393,0.0,0.0,277859.959334385,0.0,277859.959334385,277855.719614815,277859.959334385,277859.959334385,277838.7617475241,277847.2404789625,277843.00106268923,277847.2404789625,277859.959334385,277834.52253347175,277855.719614815,277855.719614815,277851.4799963393,0.0,0.0,277859.959334385,277855.719614815,0.0,277855.719614815,277859.959334385,277859.959334385
277855.719614815,277859.959334385,277859.959334385,0.0,277859.959334385,0.0,277859.959334385,277859.959334385,277851.4799963393,0.0,277855.719614815,277851.4799963393,277859.959334385,0.0,277859.959334385,277859.959334385,0.0,277859.959334385,0.0,0.0,0.0,277855.719614815,277855.719614815,277851.4799963393,277859.959334385,277859.959334385,277855.719614815,0.0,0.0,277855.719614815,277859.959334385,0.0,277855.719614815,277859.959334385,0.0,277859.959334385,0.0,277855.719614815,277847.2404789625,0.0,277855.719614815,0.0,277855.719614815,277855.719614815,277859.959334385,0.0,0.0,277859.959334385,277855.719614815,0.0,277851.4799963393,0.0,277859.959334385,0.0,0.0,277859.959334385,277851.4799963393,277859.959334385,0.0,0.0,277855.719614815,277843.00106268923,277851.4799963393,277851.4799963393,277859.959334385,277859.959334385,0.0,0.0,277859.959334385,277851.4799963393,277859.959334385,0.0,0.0,0.0,277855.719614815,0.0,277851.4799963393,0.0,277859.959334385,277851.4799963393,277859.959334385,277855.719614815,0.0,0.0,277855.719614815,277855.719614815,277851.4799963393,277859.959334385,0.0,0.0,277859.959334385,277859.959334385,277851.4799963393,277855.719614815,277830.2834205368,277847.2404789625,277847.2404789625,0.0,0.0,0.0,0.0,277847.2404789625,277851.4799963393,277851.4799963393,277859.959334385,0.0,277855.719614815,277834.52253347175,277859.959334385,277859.959334385,0.0,277855.719614815,277859.959334385,277859.959334385,0.0,277855.719614815,277859.959334385,277859.959334385,277859.959334385,0.0,277855.719614815,0.0,277859.959334385,277859.959334385,0.0,277859.959334385,277847.2404789625,277859.959334385,277855.719614815,277855.719614815,0.0,0.0,277855.719614815,277859.959334385,277847.2404789625,277843.00106268923,277855.719614815,277859.959334385,277859.959334385,0.0,277855.719614815,0.0,0.0,277834.52253347175,277821.80549803784,277834.52253347175,277847.2404789625,277859.959334385,277855.719614815,0.0,277851.4799963393,0.0,277855.719614815,277859.959334385,277847.2404789625,277859.959334385,277859.959334385,277855.719614815,277859.959334385,0.0,277859.959334385,277851.4799963393,0.0,277859.959334385,277859.959334385,277859.959334385,0.0,0.0,0.0,0.0,0.0,277847.2404789625,277859.959334385,277855.719614815,0.0,277859.959334385,277859.959334385,277859.959334385,277855.719614815,0.0,277859.959334385,0.0,0.0,277855.719614815,277859.959334385,0.0,277859.959334385,0.0,0.0,277851.4799963393,277851.4799963393,277851.4799963393,277855.719614815,277847.2404789625,277859.959334385,277847.2404789625,277855.719614815,0.0,277855.719614815,277855.719614815,277859.959334385,277859.959334385,0.0,277859.959334385,277859.959334385,277859.959334385,0.0,277851.4799963393,277851.4799963393,277851.4799963393,277855.719614815,277843.00106268923,277855.719614815,277851.4799963393,277855.719614815,277855.719614815,277855.719614815,277855.719614815,277851.4799963393,0.0,277859.959334385,277859.959334385,277859.959334385,0.0,277859.959334385,277851.4799963393,277859.959334385,0.0,277859.959334385,277859.959334385,0.0,277855.719614815,277859.959334385,0.0,0.0,0.0,277859.959334385,277851.4799963393,277859.959334385,277851.4799963393,277859.959334385,277847.2404789625,277843.00106268923,277851.4799963393,277855.719614815,277847.2404789625,0.0,277859.959334385,277859.959334385,0.0,277859.959334385,0.0,277859.959334385,277859.959334385,0.0,0.0
277855.719614815,277847.2404789625,277859.959334385,277855.719614815,0.0,0.0,277859.959334385,277859.959334385,277859.959334385,0.0,277847.2404789625,277851.4799963393,277859.959334385,277855.719614815,277855.719614815,277859.959334385,277847.2404789625,277843.00106268923,277855.719614815,0.0,277859.959334385,0.0,0.0,277851.4799963393,277855.719614815,0.0,277855.719614815,0.0,0.0,0.0,277847.2404789625,277859.959334385,277859.959334385,0.0,277859.959334385,0.0,0.0,277855.719614815,277859.959334385,277859.959334385,277851.4799963393,277855.719614815,277855.719614815,277855.719614815,277859.959334385,0.0,0.0,277855.719614815,0.0,0.0,0.0,0.0,277847.2404789625,277855.719614815,0.0,0.0,277859.959334385,277859.959334385,0.0,277859.959334385,277855.719614815,277859.959334385,277859.959334385,277855.719614815,277851.4799963393,0.0,277847.2404789625,277851.4799963393,277859.959334385,277859.959334385,0.0,277847.2404789625,277855.719614815,0.0,277859.959334385,277859.959334385,277859.959334385,277859.959334385,277851.4799963393,277847.2404789625,277859.959334385,277859.959334385,0.0,0.0,277851.4799963393,0.0,0.0,277859.959334385,277859.959334385,0.0,0.0,277859.959334385,277847.2404789625,277847.2404789625,277838.7617475241,277843.00106268923,277843.00106268923,277859.959334385,0.0,277859.959334385,0.0,277855.719614815,277851.4799963393,277859.959334385,277843.00106268923,0.0,277851.4799963393,277847.2404789625,277843.00106268923,0.0,0.0,277855.719614815,277859.959334385,277855.719614815,277851.4799963393,277855.719614815,0.0,0.0,0.0,277855.719614815,277859.959334385,0.0,0.0,277855.719614815,277859.959334385,277859.959334385,0.0,0.0,277859.959334385,277855.719614815,0.0,277859.959334385,277855.719614815,277855.719614815,277851.4799963393,277855.719614815,277855.719614815,277859.959334385,0.0,277855.719614815,277859.959334385,277855.719614815,277843.00106268923,277830.2834205368,277843.00106268923,277855.719614815,277859.959334385,277847.2404789625,277851.4799963393,277859.959334385,277859.959334385,0.0,277859.959334385,277851.4799963393,277855.719614815,277855.719614815,0.0,277855.719614815,0.0,0.0,277859.959334385,0.0,277859.959334385,0.0,0.0,277859.959334385,0.0,0.0,277859.959334385,277855.719614815,0.0,0.0,277859.959334385,277859.959334385,277859.959334385,277859.959334385,0.0,0.0,0.0,277859.959334385,0.0,0.0,277859.959334385,0.0,277859.959334385,0.0,0.0,277859.959334385,277851.4799963393,0.0,277851.4799963393,277859.959334385,277859.959334385,277843.00106268923,277843.00106268923,277855.719614815,277855.719614815,277859.959334385,277847.2404789625,277843.00106268923,277847.2404789625,277847.2404789625,277851.4799963393,277855.719614815,0.0,277859.959334385,0.0,277859.959334385,277855.719614815,0.0,277855.719614815,277855.719614815,277855.719614815,277859.959334385,277859.959334385,277859.959334385,277855.719614815,277859.959334385,0.0,0.0,277859.959334385,277859.959334385,277855.719614815,277859.959334385,277859.959334385,277855.719614815,277851.4799963393,0.0,277855.719614815,277855.719614815,277855.719614815,0.0,277859.959334385,277855.719614815,277851.4799963393,277847.2404789625,277855.719614815,0.0,0.0,277843.00106268923,277847.2404789625,277851.4799963393,277859.959334385,277838.7617475241,277851.4799963393,277855.719614815,277859.959334385,277851.4799963393,0.0,0.0,277859.959334385,0.0,0.0,277859.959334385,277855.719614815,277859.959334385
277855.719614815,277855.719614815,0.0,277855.719614815,277855.719614815,0.0,0.0,277859.959334385,277851.4799963393,277859.959334385,277859.959334385,277851.4799963393,277855.719614815,277859.959334385,0.0,0.0,277855.719614815,277851.4799963393,277855.719614815,277855.719614815,277859.959334385,277859.959334385,277859.959334385,0.0,277859.959334385,277859.959334385,0.0,277859.959334385,0.0,277859.959334385,277859.959334385,0.0,0.0,277855.719614815,277855.719614815,277859.959334385,0.0,277855.719614815,0.0,0.0,277851.4799963393,277855.719614815,277859.959334385,277847.2404789625,0.0,0.0,277855.719614815,277859.959334385,0.0,0.0,277855.719614815,277859.959334385,0.0,0.0,277859.959334385,277855.719614815,0.0,277855.719614815,0.0,0.0,277859.959334385,0.0,277855.719614815,277847.2404789625,277851.4799963393,0.0,277855.719614815,0.0,0.0,277859.959334385,277859.959334385,0.0,0.0,277855.719614815,277859.959334385,277859.959334385,277855.719614815,277855.719614815,277855.719614815,277859.959334385,277859.959334385,277855.719614815,0.0,277859.959334385,277859.959334385,0.0,277855.719614815,277859.959334385,0.0,277855.719614815,277851.4799963393,0.0,277855.719614815,277855.719614815,277855.719614815,277855.719614815,0.0,277847.2404789625,277855.719614815,0.0,277851.4799963393,0.0,277851.4799963393,277851.4799963393,277855.719614815,277855.719614815,0.0,277851.4799963393,277851.4799963393,0.0,0.0,277859.959334385,277855.719614815,277847.2404789625,277851.4799963393,0.0,0.0,277859.959334385,277851.4799963393,0.0,277859.959334385,277855.719614815,277859.959334385,277855.719614815,0.0,0.0,277859.959334385,277855.719614815,277859.959334385,277859.959334385,277859.959334385,277855.719614815,277859.959334385,277851.4799963393,277855.719614815,0.0,277843.00106268923,0.0,277855.719614815,277859.959334385,277855.719614815,277855.719614815,277855.719614815,277859.959334385,277855.719614815,277838.7617475241,0.0,277851.4799963393,277851.4799963393,277855.719614815,277855.719614815,277859.959334385,277859.959334385,0.0,277859.959334385,0.0,277859.959334385,277859.959334385,0.0,277859.959334385,277859.959334385,0.0,277859.959334385,0.0,277859.959334385,0.0,0.0,277855.719614815,0.0,277859.959334385,277859.959334385,277855.719614815,277859.959334385,277859.959334385,0.0,277851.4799963393,277859.959334385,277859.959334385,277855.719614815,277855.719614815,277859.959334385,277847.2404789625,277859.959334385,277855.719614815,0.0,0.0,277859.959334385,277855.719614815,277859.959334385,277859.959334385,0.0,277859.959334385,277851.4799963393,277847.2404789625,277843.00106268923,277847.2404789625,277855.719614815,277847.2404789625,277859.959334385,277838.7617475241,277859.959334385,277851.4799963393,277859.959334385,277851.4799963393,277855.719614815,277855.719614815,277859.959334385,277859.959334385,277859.959334385,277847.2404789625,277855.719614815,277855.719614815,277851.4799963393,277855.719614815,277859.959334385,277855.719614815,277855.719614815,277855.719614815,277859.959334385,277847.2404789625,0.0,0.0,0.0,277859.959334385,277859.959334385,277847.2404789625,277859.959334385,0.0,277859.959334385,0.0,277855.719614815,277859.959334385,277855.719614815,277855.719614815,277855.719614815,277855.719614815,277851.4799963393,0.0,277859.959334385,277843.00106268923,277851.4799963393,277847.2404789625,277834.52253347175,277817.5666884829,277851.4799963393,277847.2404789625,277847.2404789625,277851.4799963393,0.0,277859.959334385,0.0,0.0,277855.719614815,0.0,0.0,277855.719614815
0.0,277859.959334385,277859.959334385,277859.959334385,0.0,277859.959334385,277859.959334385,0.0,277855.719614815,277859.959334385,277855.719614815,277859.959334385,277859.959334385,0.0,0.0,277859.959334385,277855.719614815,277859.959334385,277859.959334385,277855.719614815,277855.719614815,277855.719614815,0.0,0.0,0.0,277855.719614815,277859.959334385,277855.719614815,0.0,0.0,277851.4799963393,277859.959334385,277851.4799963393,277859.959334385,0.0,277859.959334385,277851.4799963393,0.0,0.0,0.0,277859.959334385,0.0,277855.719614815,277851.4799963393,277859.959334385,0.0,277859.959334385,0.0,0.0,0.0,277859.959334385,0.0,277859.959334385,277859.959334385,277855.719614815,0.0,277843.00106268923,277851.4799963393,0.0,277851.4799963393,277851.4799963393,0.0,0.0,277855.719614815,0.0,0.0,0.0,277859.959334385,277855.719614815,0.0,277851.4799963393,0.0,0.0,0.0,277859.959334385,0.0,277859.959334385,277859.959334385,277847.2404789625,277851.4799963393,277859.959334385,277859.959334385,277855.719614815,277859.959334385,0.0,277859.959334385,277859.959334385,277859.959334385,277859.959334385,0.0,277851.4799963393,277855.719614815,277859.959334385,277859.959334385,277855.719614815,277855.719614815,277838.7617475241,277851.4799963393,0.0,277847.2404789625,277859.959334385,277851.4799963393,0.0,277859.959334385,277859.959334385,0.0,277859.959334385,0.0,0.0,277851.4799963393,277855.719614815,277843.00106268923,277838.7617475241,277855.719614815,0.0,277859.959334385,277859.959334385,277855.719614815,277855.719614815,277851.4799963393,277855.719614815,277859.959334385,0.0,0.0,0.0,277859.959334385,277855.719614815,0.0,277847.2404789625,0.0,277851.4799963393,277859.959334385,277851.4799963393,277847.2404789625,0.0,0.0,277859.959334385,277855.719614815,0.0,0.0,0.0,277847.2404789625,277851.4799963393,277859.959334385,277847.2404789625,277859.959334385,277859.959334385,277859.959334385,277851.4799963393,277859.959334385,277859.959334385,0.0,0.0,0.0,277859.959334385,0.0,0.0,0.0,0.0,0.0,0.0,277859.959334385,0.0,277859.959334385,0.0,277859.959334385,277859.959334385,277855.719614815,277859.959334385,277859.959334385,277859.959334385,0.0,0.0,277855.719614815,277851.4799963393,277855.719614815,0.0,0.0,277855.719614815,277855.719614815,277855.719614815,0.0,0.0,0.0,277859.959334385,0.0,277859.959334385,277859.959334385,277855.719614815,277855.719614815,277855.719614815,277859.959334385,0.0,277859.959334385,277859.959334385,277847.2404789625,277851.4799963393,0.0,277843.00106268923,277859.959334385,277859.959334385,277834.52253347175,277847.2404789625,277855.719614815,277834.52253347175,277855.719614815,277847.2404789625,277855.719614815,277859.959334385,277859.959334385,277855.719614815,277859.959334385,277847.2404789625,277859.959334385,0.0,0.0,277851.4799963393,277859.959334385,277855.719614815,277855.719614815,277855.719614815,277851.4799963393,0.0,277859.959334385,0.0,277859.959334385,277855.719614815,277847.2404789625,277855.719614815,0.0,277855.719614815,277843.00106268923,277859.959334385,277847.2404789625,277859.959334385,277859.959334385,277859.959334385,277855.719614815,277838.7617475241,277851.4799963393,277851.4799963393,277838.7617475241,277843.00106268923,277834.52253347175,277821.80549803784,277843.00106268923,277834.52253347175,277830.2834205368,277847.2404789625,277859.959334385,277855.719614815,0.0,277859.959334385,277859.959334385,277859.959334385,277855.719614815
277855.719614815,277851.4799963393,277859.959334385,0.0,0.0,277855.719614815,277838.7617475241,277851.4799963393,277855.719614815,277851.4799963393,277859.959334385,277859.959334385,0.0,277859.959334385,0.0,277859.959334385,277859.959334385,0.0,277859.959334385,0.0,0.0,277855.719614815,277859.959334385,277855.719614815,277855.719614815,277855.719614815,277859.959334385,277855.719614815,277855.719614815,0.0,0.0,0.0,277855.719614815,277859.959334385,277859.959334385,0.0,0.0,0.0,277859.959334385,0.0,0.0,277859.959334385,277859.959334385,0.0,277859.959334385,0.0,277855.719614815,277855.719614815,277851.4799963393,277859.959334385,277859.959334385,0.0,277859.959334385,0.0,277859.959334385,277838.7617475241,277838.7617475241,277851.4799963393,277855.719614815,277851.4799963393,277859.959334385,277859.959334385,0.0,277859.959334385,277855.719614815,277855.719614815,277855.719614815,0.0,277855.719614815,277855.719614815,277859.959334385,0.0,277859.959334385,0.0,0.0,277851.4799963393,0.0,0.0,277859.959334385,0.0,277851.4799963393,277859.959334385,0.0,277855.719614815,277855.719614815,277859.959334385,277855.719614815,277855.719614815,0.0,0.0,277859.959334385,0.0,0.0,0.0,277859.959334385,277851.4799963393,277855.719614815,277847.2404789625,277855.719614815,277855.719614815,277847.2404789625,0.0,0.0,277859.959334385,0.0,0.0,277859.959334385,277859.959334385,277859.959334385,277855.719614815,277859.959334385,277847.2404789625,277859.959334385,277859.959334385,0.0,0.0,277851.4799963393,277859.959334385,277859.959334385,277859.959334385,277855.719614815,0.0,0.0,277855.719614815,0.0,277859.959334385,277855.719614815,0.0,277855.719614815,0.0,277859.959334385,277855.719614815,277851.4799963393,277851.4799963393,277855.719614815,277855.719614815,0.0,277859.959334385,277855.719614815,277855.719614815,0.0,277859.959334385,277843.00106268923,0.0,277855.719614815,277851.4799963393,277859.959334385,277859.959334385,277847.2404789625,0.0,277859.959334385,277859.959334385,277859.959334385,277859.959334385,277855.719614815,277859.959334385,277855.719614815,277859.959334385,0.0,277851.4799963393,277855.719614815,277859.959334385,277851.4799963393,277855.719614815,0.0,0.0,0.0,277847.2404789625,277859.959334385,0.0,277855.719614815,0.0,277859.959334385,0.0,277859.959334385,0.0,277855.719614815,277859.959334385,0.0,0.0,0.0,277851.4799963393,0.0,277859.959334385,277851.4799963393,0.0,0.0,277859.959334385,277859.959334385,277851.4799963393,277859.959334385,277847.2404789625,277838.7617475241,277859.959334385,277859.959334385,277859.959334385,277855.719614815,277851.4799963393,0.0,277838.7617475241,277847.2404789625,277851.4799963393,277855.719614815,277847.2404789625,277838.7617475241,277847.2404789625,277847.2404789625,277847.2404789625,277847.2404789625,277859.959334385,277847.2404789625,0.0,277859.959334385,277859.959334385,277859.959334385,277859.959334385,277855.719614815,277855.719614815,277855.719614815,277859.959334385,0.0,277859.959334385,0.0,277855.719614815,277859.959334385,0.0,277855.719614815,277855.719614815,277859.959334385,277859.959334385,277855.719614815,277855.719614815,277851.4799963393,277843.00106268923,277855.719614815,277855.719614815,277838.7617475241,277847.2404789625,277834.52253347175,277851.4799963393,277847.2404789625,277851.4799963393,277838.7617475241,277834.52253347175,277834.52253347175,277830.2834205368,277830.2834205368,277826.04440872394,277855.719614815,277855.719614815,277859.959334385,277847.2404789625,0.0,277855.719614815,0.0,0.0
277859.959334385,277859.959334385,0.0,0.0,0.0,277855.719614815,277851.4799963393,277859.959334385,277855.719614815,277851.4799963393,0.0,0.0,277851.4799963393,0.0,277851.4799963393,277855.719614815,277855.719614815,277859.959334385,277859.959334385,277855.719614815,277859.959334385,0.0,277859.959334385,277859.959334385,0.0,277859.959334385,277859.959334385,277859.959334385,277855.719614815,277859.959334385,277855.719614815,0.0,277859.959334385,277843.00106268923,277859.959334385,0.0,277859.959334385,0.0,277859.959334385,0.0,277855.719614815,277855.719614815,277859.959334385,0.0,277859.959334385,277859.959334385,277859.959334385,277855.719614815,277859.959334385,277859.959334385,277855.719614815,277859.959334385,277859.959334385,277851.4799963393,277851.4799963393,277847.2404789625,277847.2404789625,277855.719614815,277855.719614815,0.0,277859.959334385,277855.719614815,277859.959334385,277859.959334385,277851.4799963393,0.0,277859.959334385,277847.2404789625,277851.4799963393,0.0,277851.4799963393,277851.4799963393,0.0,277855.719614815,0.0,0.0,277851.4799963393,0.0,0.0,277847.2404789625,277851.4799963393,277838.7617475241,277855.719614815,0.0,277855.719614815,0.0,0.0,0.0,277855.719614815,0.0,277859.959334385,277859.959334385,0.0,277859.959334385,277859.959334385,277855.719614815,277859.959334385,277855.719614815,277859.959334385,277855.719614815,277859.959334385,277843.00106268923,277859.959334385,0.0,277859.959334385,0.0,277859.959334385,277859.959334385,0.0,277859.959334385,277851.4799963393,277851.4799963393,277855.719614815,277859.959334385,277847.2404789625,277847.2404789625,0.0,0.0,277851.4799963393,277859.959334385,277847.2404789625,277855.719614815,277859.959334385,0.0,277855.719614815,277859.959334385,277855.719614815,277847.2404789625,0.0,0.0,0.0,0.0,277859.959334385,277859.959334385,277855.719614815,277859.959334385,277855.719614815,0.0,0.0,0.0,0.0,277847.2404789625,277855.719614815,277855.719614815,277859.959334385,277843.00106268923,277855.719614815,277851.4799963393,0.0,0.0,277855.719614815,277859.959334385,277859.959334385,0.0,277859.959334385,277859.959334385,277855.719614815,0.0,277855.719614815,277851.4799963393,277859.959334385,0.0,0.0,277859.959334385,277859.959334385,0.0,0.0,0.0,0.0,0.0,277855.719614815,277859.959334385,0.0,0.0,277859.959334385,0.0,0.0,0.0,0.0,0.0,0.0,0.0,0.0,0.0,0.0,277859.959334385,277859.959334385,0.0,0.0,0.0,277855.719614815,277855.719614815,277851.4799963393,0.0,277855.719614815,277855.719614815,277859.959334385,277855.719614815,277851.4799963393,277847.2404789625,277851.4799963393,277847.2404789625,277838.7617475241,277847.2404789625,277843.00106268923,277855.719614815,277859.959334385,0.0,277851.4799963393,277859.959334385,277859.959334385,277859.959334385,0.0,277855.719614815,277855.719614815,277859.959334385,277859.959334385,0.0,277855.719614815,277855.719614815,277859.959334385,277859.959334385,277851.4799963393,277859.959334385,0.0,277859.959334385,0.0,277859.959334385,277859.959334385,277838.7617475241,277851.4799963393,277855.719614815,277851.4799963393,277859.959334385,277847.2404789625,277859.959334385,277855.719614815,277859.959334385,277847.2404789625,277843.00106268923,277847.2404789625,277813.3279800639,277830.2834205368,277838.7617475241,277830.2834205368,277821.80549803784,277830.2834205368,277847.2404789625,277838.7617475241,277851.4799963393,0.0,277855.719614815,0.0,277859.959334385,277851.4799963393,277847.2404789625
277855.719614815,0.0,0.0,277859.959334385,277859.959334385,0.0,277851.4799963393,277851.4799963393,277855.719614815,0.0,277855.719614815,277859.959334385,277859.959334385,0.0,277855.719614815,277859.959334385,277855.719614815,277859.959334385,277855.719614815,277859.959334385,0.0,277851.4799963393,277859.959334385,0.0,0.0,277855.719614815,277855.719614815,277859.959334385,277859.959334385,0.0,277855.719614815,0.0,0.0,0.0,0.0,277859.959334385,277859.959334385,277855.719614815,0.0,277851.4799963393,0.0,277843.00106268923,0.0,277855.719614815,277859.959334385,277859.959334385,277859.959334385,277859.959334385,277859.959334385,0.0,0.0,277859.959334385,277859.959334385,277855.719614815,0.0,277855.719614815,0.0,277859.959334385,0.0,277855.719614815,0.0,277855.719614815,277855.719614815,277855.719614815,0.0,0.0,277855.719614815,277855.719614815,277859.959334385,277855.719614815,277859.959334385,277851.4799963393,0.0,0.0,277855.719614815,277855.719614815,0.0,0.0,0.0,277859.959334385,277859.959334385,0.0,277855.719614815,277851.4799963393,277855.719614815,277855.719614815,0.0,0.0,277859.959334385,0.0,277855.719614815,0.0,0.0,277855.719614815,277847.2404789625,277859.959334385,277843.00106268923,277859.959334385,0.0,0.0,0.0,0.0,0.0,0.0,0.0,0.0,277855.719614815,277851.4799963393,277859.959334385,0.0,277851.4799963393,277855.719614815,277851.4799963393,277851.4799963393,277859.959334385,277855.719614815,277859.959334385,277855.719614815,277855.719614815,277859.959334385,277859.959334385,277855.719614815,0.0,277855.719614815,0.0,277855.719614815,277847.2404789625,277855.719614815,0.0,277855.719614815,0.0,0.0,277859.959334385,277859.959334385,277851.4799963393,0.0,277859.959334385,0.0,0.0,277859.959334385,277859.959334385,0.0,277859.959334385,0.0,277851.4799963393,0.0,277851.4799963393,277855.719614815,0.0,277859.959334385,277851.4799963393,277859.959334385,277851.4799963393,277855.719614815,0.0,277851.4799963393,0.0,0.0,277847.2404789625,277859.959334385,277859.959334385,0.0,277851.4799963393,277859.959334385,0.0,277851.4799963393,0.0,277859.959334385,0.0,277859.959334385,0.0,277859.959334385,277855.719614815,277855.719614815,277855.719614815,0.0,277859.959334385,0.0,277859.959334385,0.0,0.0,277859.959334385,0.0,277859.959334385,277855.719614815,277859.959334385,277859.959334385,277859.959334385,0.0,277855.719614815,277843.00106268923,277859.959334385,277859.959334385,0.0,0.0,277851.4799963393,277851.4799963393,277859.959334385,277847.2404789625,277855.719614815,277859.959334385,277859.959334385,277855.719614815,277859.959334385,277843.00106268923,277851.4799963393,277843.00106268923,277851.4799963393,277855.719614815,277847.2404789625,277859.959334385,277855.719614815,0.0,277851.4799963393,277855.719614815,277859.959334385,277859.959334385,277855.719614815,277851.4799963393,277855.719614815,277851.4799963393,277847.2404789625,0.0,277859.959334385,277855.719614815,277851.4799963393,277859.959334385,277859.959334385,277855.719614815,277843.00106268923,277855.719614815,277843.00106268923,277859.959334385,277851.4799963393,277830.2834205368,277834.52253347175,277834.52253347175,277855.719614815,277826.04440872394,277843.00106268923,277838.7617475241,277843.00106268923,277826.04440872394,277830.2834205368,277804.85086665227,277787.89785366395,277821.80549803784,277821.80549803784,277813.3279800639,277851.4799963393,277859.959334385,277859.959334385,0.0,277859.959334385,277859.959334385,277851.4799963393
277855.719614815,0.0,277859.959334385,277855.719614815,0.0,0.0,277859.959334385,0.0,277859.959334385,277859.959334385,277859.959334385,277855.719614815,277859.959334385,277855.719614815,277859.959334385,277855.719614815,0.0,277855.719614815,277855.719614815,277851.4799963393,277855.719614815,277855.719614815,277855.719614815,277851.4799963393,277851.4799963393,0.0,0.0,0.0,277859.959334385,0.0,277859.959334385,277859.959334385,0.0,277859.959334385,0.0,277855.719614815,277855.719614815,277855.719614815,277855.719614815,277855.719614815,277859.959334385,277855.719614815,0.0,0.0,277859.959334385,0.0,0.0,277859.959334385,277859.959334385,0.0,277859.959334385,0.0,0.0,277859.959334385,277859.959334385,0.0,277855.719614815,277859.959334385,277859.959334385,277847.2404789625,277859.959334385,277859.959334385,277859.959334385,277859.959334385,277859.959334385,277855.719614815,277859.959334385,277851.4799963393,277855.719614815,277855.719614815,277855.719614815,277859.959334385,0.0,277859.959334385,0.0,0.0,0.0,0.0,277859.959334385,277859.959334385,277855.719614815,277859.959334385,277855.719614815,277859.959334385,277855.719614815,0.0,277859.959334385,277855.719614815,277859.959334385,277855.719614815,0.0,0.0,0.0,277859.959334385,277838.7617475241,277855.719614815,277859.959334385,277859.959334385,277859.959334385,277859.959334385,0.0,0.0,277859.959334385,0.0,277859.959334385,277859.959334385,277855.719614815,277859.959334385,277851.4799963393,277859.959334385,277859.959334385,277847.2404789625,277843.00106268923,277859.959334385,277855.719614815,277859.959334385,277851.4799963393,277859.959334385,277855.719614815,277859.959334385,277855.719614815,277851.4799963393,277855.719614815,277855.719614815,277847.2404789625,277859.959334385,277847.2404789625,277851.4799963393,0.0,277859.959334385,277855.719614815,277855.719614815,277859.959334385,277859.959334385,0.0,277859.959334385,0.0,277851.4799963393,277855.719614815,0.0,0.0,277855.719614815,277859.959334385,277859.959334385,0.0,0.0,0.0,277851.4799963393,277851.4799963393,277855.719614815,277851.4799963393,0.0,277859.959334385,277851.4799963393,0.0,0.0,277859.959334385,0.0,277855.719614815,0.0,277855.719614815,0.0,277859.959334385,277859.959334385,277859.959334385,0.0,0.0,277859.959334385,277855.719614815,277855.719614815,0.0,277851.4799963393,277851.4799963393,277859.959334385,277851.4799963393,277859.959334385,0.0,0.0,0.0,0.0,277859.959334385,277855.719614815,277859.959334385,277855.719614815,0.0,277855.719614815,277859.959334385,0.0,277859.959334385,277859.959334385,277855.719614815,277859.959334385,277859.959334385,277855.719614815,277855.719614815,277851.4799963393,277851.4799963393,277843.00106268923,277847.2404789625,277859.959334385,277855.719614815,277859.959334385,277855.719614815,277843.00106268923,277855.719614815,277855.719614815,277851.4799963393,277859.959334385,277855.719614815,277855.719614815,277851.4799963393,0.0,277859.959334385,277855.719614815,277847.2404789625,277859.959334385,277855.719614815,277851.4799963393,277855.719614815,277855.719614815,277843.00106268923,277855.719614815,277847.2404789625,277855.719614815,277855.719614815,277847.2404789625,277855.719614815,277851.4799963393,277847.2404789625,277838.7617475241,277847.2404789625,277834.52253347175,277859.959334385,277847.2404789625,277838.7617475241,277817.5666884829,277834.52253347175,277847.2404789625,277851.4799963393,277821.80549803784,277830.2834205368,277821.80549803784,277804.85086665227,277813.3279800639,277809.0893727855,277804.85086665227,277796.3741578399,277821.80549803784,277813.3279800639,277830.2834205368,277851.4799963393,277859.959334385,277859.959334385,277859.959334385,277859.959334385,277859.959334385
277859.959334385,0.0,277859.959334385,0.0,277851.4799963393,0.0,277859.959334385,0.0,277859.959334385,277855.719614815,277859.959334385,277851.4799963393,277855.719614815,277855.719614815,277855.719614815,277859.959334385,0.0,0.0,277851.4799963393,277851.4799963393,277859.959334385,277847.2404789625,0.0,277859.959334385,277851.4799963393,0.0,277859.959334385,277855.719614815,0.0,0.0,0.0,277859.959334385,277855.719614815,0.0,277855.719614815,277859.959334385,277859.959334385,277859.959334385,277859.959334385,277859.959334385,0.0,277851.4799963393,0.0,0.0,0.0,277855.719614815,277855.719614815,277851.4799963393,277859.959334385,0.0,277855.719614815,277855.719614815,0.0,0.0,0.0,277847.2404789625,277859.959334385,0.0,277859.959334385,0.0,277859.959334385,277859.959334385,0.0,0.0,0.0,0.0,277859.959334385,0.0,277851.4799963393,277851.4799963393,0.0,0.0,277851.4799963393,277851.4799963393,0.0,277859.959334385,277859.959334385,277855.719614815,0.0,0.0,0.0,277859.959334385,277859.959334385,277855.719614815,277855.719614815,277843.00106268923,277851.4799963393,277855.719614815,0.0,0.0,277859.959334385,277859.959334385,277859.959334385,277851.4799963393,277851.4799963393,277855.719614815,277859.959334385,277855.719614815,277859.959334385,277859.959334385,277855.719614815,277859.959334385,277859.959334385,277855.719614815,277859.959334385,277859.959334385,277855.719614815,277847.2404789625,277834.52253347175,277855.719614815,0.0,277859.959334385,0.0,277855.719614815,277855.719614815,277855.719614815,277855.719614815,277859.959334385,277843.00106268923,277847.2404789625,277859.959334385,277855.719614815,277851.4799963393,277843.00106268923,277855.719614815,277855.719614815,277855.719614815,277847.2404789625,0.0,0.0,277859.959334385,0.0,0.0,277851.4799963393,0.0,277859.959334385,277855.719614815,277859.959334385,277855.719614815,0.0,277855.719614815,0.0,0.0,277859.959334385,277859.959334385,277855.719614815,277859.959334385,277851.4799963393,277859.959334385,277843.00106268923,277855.719614815,277855.719614815,277859.959334385,277851.4799963393,277855.719614815,277859.959334385,0.0,277838.7617475241,277855.719614815,277855.719614815,277859.959334385,277847.2404789625,277851.4799963393,0.0,277855.719614815,0.0,277859.959334385,277855.719614815,0.0,0.0,0.0,0.0,277859.959334385,277859.959334385,277859.959334385,0.0,0.0,277859.959334385,277859.959334385,277851.4799963393,0.0,0.0,0.0,0.0,0.0,277859.959334385,277859.959334385,0.0,0.0,277859.959334385,0.0,277855.719614815,277851.4799963393,277859.959334385,277851.4799963393,277843.00106268923,277843.00106268923,277859.959334385,277859.959334385,277859.959334385,277851.4799963393,277851.4799963393,277855.719614815,277855.719614815,277851.4799963393,277838.7617475241,277855.719614815,277859.959334385,277859.959334385,277847.2404789625,277859.959334385,277855.719614815,277855.719614815,0.0,277859.959334385,277859.959334385,277851.4799963393,277855.719614815,277859.959334385,277859.959334385,0.0,277843.00106268923,277843.00106268923,277851.4799963393,0.0,277855.719614815,277851.4799963393,277843.00106268923,277847.2404789625,277834.52253347175,277847.2404789625,277859.959334385,277830.2834205368,277830.2834205368,277834.52253347175,277830.2834205368,277838.7617475241,277830.2834205368,277830.2834205368,277804.85086665227,277830.2834205368,277796.3741578399,277826.04440872394,277826.04440872394,277813.3279800639,277813.3279800639,277792.1359551701,277821.80549803784,277800.6124616689,277817.5666884829,277834.52253347175,277843.00106268923,277843.00106268923,277855.719614815,277851.4799963393,277847.2404789625
0.0,277859.959334385,277859.959334385,0.0,0.0,277855.719614815,277851.4799963393,0.0,277851.4799963393,277859.959334385,277855.719614815,0.0,0.0,277855.719614815,277859.959334385,277859.959334385,0.0,277851.4799963393,277855.719614815,277859.959334385,0.0,277855.719614815,0.0,0.0,0.0,0.0,277855.719614815,0.0,0.0,277855.719614815,277859.959334385,0.0,0.0,277859.959334385,277859.959334385,277855.719614815,0.0,277859.959334385,0.0,0.0,277859.959334385,277859.959334385,0.0,277859.959334385,277859.959334385,277859.959334385,0.0,0.0,277859.959334385,0.0,0.0,277851.4799963393,277851.4799963393,277859.959334385,277859.959334385,277859.959334385,277855.719614815,277859.959334385,277859.959334385,277859.959334385,277855.719614815,277859.959334385,0.0,277859.959334385,0.0,277855.719614815,0.0,277859.959334385,277859.959334385,277859.959334385,277859.959334385,277859.959334385,277834.52253347175,277838.7617475241,277855.719614815,0.0,277851.4799963393,0.0,277851.4799963393,277859.959334385,0.0,277859.959334385,277851.4799963393,277859.959334385,277859.959334385,277851.4799963393,277859.959334385,277855.719614815,277855.719614815,277851.4799963393,277855.719614815,0.0,277859.959334385,0.0,0.0,0.0,277859.959334385,277859.959334385,277859.959334385,0.0,277855.719614815,0.0,0.0,0.0,277859.959334385,0.0,277859.959334385,277855.719614815,277859.959334385,277855.719614815,0.0,277855.719614815,277855.719614815,277855.719614815,0.0,277851.4799963393,277851.4799963393,277855.719614815,277855.719614815,277851.4799963393,277855.719614815,277859.959334385,277859.959334385,277847.2404789625,277859.959334385,277859.959334385,277855.719614815,277851.4799963393,277855.719614815,277859.959334385,277859.959334385,277855.719614815,277859.959334385,0.0,277851.4799963393,0.0,277855.719614815,277859.959334385,277847.2404789625,277855.719614815,277859.959334385,277855.719614815,277855.719614815,277851.4799963393,277859.959334385,277855.719614815,277859.959334385,277851.4799963393,277859.959334385,277851.4799963393,277855.719614815,0.0,277855.719614815,277859.959334385,0.0,277859.959334385,277851.4799963393,277859.959334385,277859.959334385,277859.959334385,277859.959334385,277855.719614815,277859.959334385,0.0,0.0,277859.959334385,0.0,277851.4799963393,277859.959334385,277859.959334385,277859.959334385,0.0,0.0,0.0,0.0,277859.959334385,0.0,277859.959334385,277859.959334385,277859.959334385,277859.959334385,277859.959334385,0.0,0.0,277859.959334385,277859.959334385,0.0,277859.959334385,277859.959334385,0.0,277859.959334385,277855.719614815,277855.719614815,277851.4799963393,277851.4799963393,277851.4799963393,277855.719614815,277847.2404789625,277838.7617475241,277851.4799963393,277851.4799963393,277855.719614815,277821.80549803784,277838.7617475241,277855.719614815,277855.719614815,277851.4799963393,277843.00106268923,277843.00106268923,277859.959334385,277859.959334385,277851.4799963393,277859.959334385,277855.719614815,277859.959334385,277847.2404789625,277855.719614815,277843.00106268923,277843.00106268923,277847.2404789625,277855.719614815,277851.4799963393,0.0,277847.2404789625,277843.00106268923,277859.959334385,277847.2404789625,277851.4799963393,277847.2404789625,277855.719614815,277834.52253347175,277821.80549803784,277813.3279800639,277838.7617475241,277838.7617475241,277843.00106268923,277838.7617475241,277826.04440872394,277834.52253347175,277834.52253347175,277838.7617475241,277817.5666884829,277817.5666884829,277787.89785366395,277809.0893727855,277813.3279800639,277834.52253347175,277792.1359551701,277830.2834205368,277834.52253347175,277834.52253347175,277834.52253347175,277834.52253347175,277830.2834205368,277838.7617475241,277847.2404789625
277859.959334385,0.0,277859.959334385,0.0,277859.959334385,277855.719614815,277855.719614815,277847.2404789625,277859.959334385,277859.959334385,277855.719614815,277855.719614815,277859.959334385,0.0,277855.719614815,277855.719614815,277851.4799963393,277855.719614815,277851.4799963393,277851.4799963393,0.0,277855.719614815,0.0,277851.4799963393,277859.959334385,277851.4799963393,0.0,277859.959334385,0.0,277859.959334385,277851.4799963393,0.0,277859.959334385,0.0,277855.719614815,277855.719614815,277855.719614815,0.0,0.0,0.0,277859.959334385,0.0,277859.959334385,277855.719614815,0.0,0.0,277859.959334385,0.0,0.0,0.0,277859.959334385,277859.959334385,277855.719614815,0.0,0.0,0.0,0.0,277851.4799963393,0.0,277855.719614815,0.0,0.0,277859.959334385,0.0,277859.959334385,0.0,277859.959334385,0.0,0.0,277851.4799963393,277855.719614815,277855.719614815,277851.4799963393,277843.00106268923,277847.2404789625,0.0,277855.719614815,277859.959334385,277859.959334385,277855.719614815,277859.959334385,0.0,0.0,277851.4799963393,0.0,277859.959334385,277859.959334385,277855.719614815,277851.4799963393,277851.4799963393,277851.4799963393,277855.719614815,277851.4799963393,277859.959334385,277859.959334385,277859.959334385,277859.959334385,277859.959334385,0.0,277859.959334385,277855.719614815,277859.959334385,277843.00106268923,0.0,277851.4799963393,277855.719614815,277843.00106268923,277859.959334385,0.0,277859.959334385,277855.719614815,0.0,277859.959334385,0.0,277859.959334385,277851.4799963393,277859.959334385,277843.00106268923,277847.2404789625,277847.2404789625,277851.4799963393,277851.4799963393,277859.959334385,277859.959334385,277851.4799963393,277847.2404789625,277855.719614815,277851.4799963393,277843.00106268923,277859.959334385,0.0,0.0,277855.719614815,0.0,277859.959334385,277851.4799963393,277859.959334385,277855.719614815,277859.959334385,0.0,277859.959334385,277859.959334385,0.0,277855.719614815,277859.959334385,277859.959334385,277859.959334385,0.0,0.0,277855.719614815,277859.959334385,277855.719614815,277847.2404789625,277851.4799963393,277859.959334385,277855.719614815,277826.04440872394,277851.4799963393,277847.2404789625,277859.959334385,0.0,277859.959334385,0.0,277859.959334385,0.0,277859.959334385,0.0,0.0,277855.719614815,0.0,277847.2404789625,277859.959334385,0.0,277859.959334385,277855.719614815,0.0,0.0,0.0,0.0,0.0,0.0,277855.719614815,277855.719614815,277859.959334385,277859.959334385,0.0,277859.959334385,277855.719614815,0.0,0.0,277855.719614815,277855.719614815,277851.4799963393,277851.4799963393,277843.00106268923,277855.719614815,277855.719614815,277843.00106268923,277851.4799963393,277851.4799963393,277859.959334385,277834.52253347175,277847.2404789625,277843.00106268923,277843.00106268923,277847.2404789625,277855.719614815,277855.719614815,277851.4799963393,277855.719614815,277847.2404789625,277859.959334385,277851.4799963393,277847.2404789625,277847.2404789625,277855.719614815,277855.719614815,277838.7617475241,277843.00106268923,277826.04440872394,277847.2404789625,277843.00106268923,277834.52253347175,277859.959334385,277847.2404789625,277855.719614815,277847.2404789625,277838.7617475241,277834.52253347175,277826.04440872394,277838.7617475241,277851.4799963393,277821.80549803784,277809.0893727855,277821.80549803784,277843.00106268923,277859.959334385,277826.04440872394,277826.04440872394,277809.0893727855,277817.5666884829,277838.7617475241,277813.3279800639,277813.3279800639,277821.80549803784,277817.5666884829,277804.85086665227,277830.2834205368,277813.3279800639,277817.5666884829,277838.7617475241,277821.80549803784,277826.04440872394,277821.80549803784,277834.52253347175,0.0
0.0,0.0,0.0,277855.719614815,277855.719614815,277859.959334385,0.0,277855.719614815,277859.959334385,277855.719614815,0.0,0.0,0.0,277851.4799963393,277855.719614815,277855.719614815,277855.719614815,277859.959334385,277851.4799963393,277859.959334385,277859.959334385,277855.719614815,277859.959334385,277855.719614815,277855.719614815,277859.959334385,277855.719614815,0.0,0.0,277855.719614815,0.0,277859.959334385,0.0,277859.959334385,277859.959334385,277859.959334385,0.0,277855.719614815,0.0,0.0,0.0,277859.959334385,0.0,277859.959334385,277855.719614815,277859.959334385,277859.959334385,277859.959334385,0.0,277855.719614815,0.0,0.0,277859.959334385,277855.719614815,0.0,277855.719614815,277855.719614815,277859.959334385,277847.2404789625,277851.4799963393,277855.719614815,277851.4799963393,0.0,277859.959334385,277855.719614815,0.0,0.0,277855.719614815,0.0,0.0,0.0,277859.959334385,277855.719614815,277859.959334385,0.0,0.0,277859.959334385,277859.959334385,0.0,0.0,0.0,0.0,277855.719614815,277855.719614815,277859.959334385,277859.959334385,277847.2404789625,0.0,277859.959334385,277851.4799963393,277847.2404789625,0.0,277851.4799963393,277859.959334385,277859.959334385,277855.719614815,0.0,277859.959334385,277855.719614815,0.0,277855.719614815,277859.959334385,0.0,277859.959334385,277859.959334385,277859.959334385,277859.959334385,277859.959334385,277859.959334385,277859.959334385,277859.959334385,0.0,0.0,277855.719614815,0.0,277859.959334385,0.0,277859.959334385,277855.719614815,277855.719614815,277855.719614815,277859.959334385,277855.719614815,277851.4799963393,277859.959334385,277847.2404789625,0.0,277847.2404789625,277855.719614815,277851.4799963393,0.0,277855.719614815,277855.719614815,0.0,277859.959334385,277859.959334385,277859.959334385,277859.959334385,277843.00106268923,277859.959334385,0.0,277859.959334385,277855.719614815,0.0,277859.959334385,277859.959334385,277859.959334385,277855.719614815,277859.959334385,0.0,277847.2404789625,277859.959334385,277834.52253347175,277859.959334385,277859.959334385,277855.719614815,277834.52253347175,0.0,0.0,277851.4799963393,277859.959334385,0.0,0.0,0.0,277859.959334385,277859.959334385,0.0,277855.719614815,277859.959334385,0.0,0.0,0.0,0.0,277859.959334385,277859.959334385,0.0,0.0,0.0,0.0,0.0,277859.959334385,277859.959334385,0.0,0.0,0.0,277859.959334385,277859.959334385,277859.959334385,277859.959334385,277859.959334385,0.0,277847.2404789625,0.0,277859.959334385,277847.2404789625,277855.719614815,277847.2404789625,277851.4799963393,277855.719614815,277859.959334385,277855.719614815,277826.04440872394,277855.719614815,277859.959334385,277855.719614815,277855.719614815,277859.959334385,277847.2404789625,277855.719614815,277859.959334385,277851.4799963393,277838.7617475241,277847.2404789625,277838.7617475241,277855.719614815,277855.719614815,277821.80549803784,277847.2404789625,277826.04440872394,277843.00106268923,277821.80549803784,277847.2404789625,277821.80549803784,277851.4799963393,277843.00106268923,277834.52253347175,277826.04440872394,277851.4799963393,277838.7617475241,277817.5666884829,277821.80549803784,277830.2834205368,277830.2834205368,277800.6124616689,277821.80549803784,277783.65985332616,277817.5666884829,277821.80549803784,277817.5666884829,277834.52253347175,277830.2834205368,277838.7617475241,277838.7617475241,277813.3279800639,277813.3279800639,277813.3279800639,277796.3741578399,277817.5666884829,277826.04440872394,277813.3279800639,277838.7617475241,277830.2834205368,277838.7617475241,277821.80549803784,277855.719614815,277847.2404789625
0.0,0.0,277851.4799963393,277859.959334385,277855.719614815,277855.719614815,277855.719614815,277847.2404789625,277855.719614815,277859.959334385,277859.959334385,277843.00106268923,0.0,277859.959334385,277859.959334385,0.0,277859.959334385,0.0,0.0,277838.7617475241,277851.4799963393,277847.2404789625,0.0,0.0,277855.719614815,277859.959334385,277859.959334385,277855.719614815,0.0,277855.719614815,277855.719614815,0.0,277851.4799963393,277859.959334385,0.0,0.0,277851.4799963393,277855.719614815,0.0,277855.719614815,277859.959334385,277859.959334385,277851.4799963393,0.0,277855.719614815,277855.719614815,277859.959334385,0.0,0.0,0.0,277859.959334385,277859.959334385,277859.959334385,277859.959334385,277859.959334385,277855.719614815,277838.7617475241,277859.959334385,277855.719614815,277855.719614815,277859.959334385,277847.2404789625,277859.959334385,277851.4799963393,0.0,277859.959334385,277855.719614815,277859.959334385,277859.959334385,277855.719614815,277851.4799963393,277855.719614815,0.0,0.0,0.0,277855.719614815,0.0,277859.959334385,0.0,277855.719614815,0.0,0.0,0.0,277859.959334385,0.0,277847.2404789625,277851.4799963393,277859.959334385,0.0,277859.959334385,277859.959334385,277851.4799963393,277859.959334385,277859.959334385,277855.719614815,277859.959334385,277859.959334385,277859.959334385,277855.719614815,277855.719614815,277851.4799963393,277847.2404789625,277855.719614815,277843.00106268923,0.0,277851.4799963393,277859.959334385,277859.959334385,277855.719614815,277859.959334385,0.0,0.0,277855.719614815,277859.959334385,0.0,0.0,277859.959334385,277859.959334385,277859.959334385,277859.959334385,277855.719614815,277859.959334385,277855.719614815,0.0,0.0,277847.2404789625,277855.719614815,277838.7617475241,277859.959334385,277859.959334385,0.0,277855.719614815,0.0,277859.959334385,277855.719614815,0.0,277859.959334385,0.0,277855.719614815,277847.2404789625,277859.959334385,277851.4799963393,277859.959334385,277859.959334385,277851.4799963393,0.0,277859.959334385,277855.719614815,277843.00106268923,277859.959334385,277847.2404789625,277851.4799963393,277847.2404789625,277843.00106268923,277859.959334385,277851.4799963393,277855.719614815,277851.4799963393,0.0,277851.4799963393,277855.719614815,277855.719614815,277847.2404789625,0.0,277859.959334385,277855.719614815,277851.4799963393,0.0,277855.719614815,277859.959334385,277855.719614815,277859.959334385,277851.4799963393,277851.4799963393,277859.959334385,277855.719614815,277859.959334385,277859.959334385,0.0,0.0,0.0,0.0,0.0,0.0,277855.719614815,0.0,277859.959334385,0.0,277851.4799963393,277859.959334385,277859.959334385,0.0,277859.959334385,277859.959334385,277855.719614815,277859.959334385,277855.719614815,277838.7617475241,0.0,277838.7617475241,277838.7617475241,277838.7617475241,277843.00106268923,277834.52253347175,277847.2404789625,277847.2404789625,277847.2404789625,277851.4799963393,277859.959334385,277847.2404789625,277838.7617475241,277826.04440872394,277834.52253347175,277855.719614815,277859.959334385,277843.00106268923,277851.4799963393,277859.959334385,277851.4799963393,277830.2834205368,277851.4799963393,277838.7617475241,277851.4799963393,277843.00106268923,277838.7617475241,277847.2404789625,277847.2404789625,277843.00106268923,277817.5666884829,277830.2834205368,277804.85086665227,277830.2834205368,277830.2834205368,277826.04440872394,277809.0893727855,277813.3279800639,277817.5666884829,277821.80549803784,277838.7617475241,277821.80549803784,277826.04440872394,277813.3279800639,277817.5666884829,277821.80549803784,277826.04440872394,277809.0893727855,277838.7617475241,277813.3279800639,277821.80549803784,277826.04440872394,277817.5666884829,277804.85086665227,277817.5666884829,277834.52253347175,277838.7617475241,0.0
277851.4799963393,277859.959334385,277859.959334385,0.0,0.0,277859.959334385,277859.959334385,277855.719614815,0.0,277859.959334385,0.0,277843.00106268923,277855.719614815,277859.959334385,277855.719614815,277847.2404789625,0.0,277855.719614815,277855.719614815,277851.4799963393,277855.719614815,277851.4799963393,277859.959334385,0.0,277859.959334385,277859.959334385,277859.959334385,0.0,277859.959334385,277859.959334385,0.0,277859.959334385,277855.719614815,277847.2404789625,0.0,277847.2404789625,277847.2404789625,0.0,277851.4799963393,277855.719614815,0.0,277859.959334385,0.0,277855.719614815,277859.959334385,277859.959334385,277855.719614815,277855.719614815,277859.959334385,0.0,277855.719614815,277859.959334385,277851.4799963393,277851.4799963393,277847.2404789625,0.0,277859.959334385,277855.719614815,277847.2404789625,277851.4799963393,277855.719614815,277855.719614815,277855.719614815,277859.959334385,277859.959334385,277851.4799963393,0.0,277855.719614815,277855.719614815,277859.959334385,277855.719614815,0.0,0.0,277859.959334385,277851.4799963393,0.0,277859.959334385,277859.959334385,277859.959334385,0.0,277859.959334385,0.0,277859.959334385,277859.959334385,277855.719614815,277847.2404789625,277855.719614815,277855.719614815,0.0,277859.959334385,277855.719614815,277855.719614815,277859.959334385,277847.2404789625,277855.719614815,277851.4799963393,277847.2404789625,277855.719614815,277859.959334385,0.0,277851.4799963393,277851.4799963393,277851.4799963393,0.0,277859.959334385,0.0,277859.959334385,0.0,277855.719614815,277859.959334385,277859.959334385,0.0,277859.959334385,277859.959334385,277851.4799963393,0.0,277859.959334385,277847.2404789625,277859.959334385,0.0,0.0,277859.959334385,0.0,277859.959334385,277855.719614815,277859.959334385,0.0,277847.2404789625,277834.52253347175,277859.959334385,0.0,0.0,277859.959334385,277855.719614815,0.0,277855.719614815,277855.719614815,0.0,277855.719614815,277859.959334385,277855.719614815,0.0,0.0,277851.4799963393,277843.00106268923,277851.4799963393,277855.719614815,277855.719614815,277847.2404789625,277847.2404789625,277851.4799963393,277859.959334385,277855.719614815,277859.959334385,277843.00106268923,277843.00106268923,277838.7617475241,0.0,277855.719614815,277851.4799963393,277851.4799963393,277855.719614815,277859.959334385,277859.959334385,0.0,277855.719614815,0.0,0.0,0.0,277855.719614815,0.0,0.0,0.0,277859.959334385,0.0,277847.2404789625,0.0,277859.959334385,0.0,277855.719614815,277859.959334385,277855.719614815,277859.959334385,0.0,0.0,0.0,0.0,277859.959334385,277855.719614815,277855.719614815,277851.4799963393,277847.2404789625,0.0,277859.959334385,277859.959334385,277859.959334385,277851.4799963393,277851.4799963393,277847.2404789625,277847.2404789625,277851.4799963393,277843.00106268923,277847.2404789625,277817.5666884829,277847.2404789625,277843.00106268923,277851.4799963393,277851.4799963393,277847.2404789625,277826.04440872394,277817.5666884829,277830.2834205368,277813.3279800639,277826.04440872394,277834.52253347175,277830.2834205368,277847.2404789625,277847.2404789625,277847.2404789625,277851.4799963393,277830.2834205368,277843.00106268923,277830.2834205368,277855.719614815,277834.52253347175,277843.00106268923,277821.80549803784,277838.7617475241,277804.85086665227,277779.42195416125,277813.3279800639,277804.85086665227,277830.2834205368,277779.42195416125,277834.52253347175,277800.6124616689,277826.04440872394,277804.85086665227,277821.80549803784,277847.2404789625,277834.52253347175,277817.5666884829,277800.6124616689,277830.2834205368,277809.0893727855,277809.0893727855,277843.00106268923,277821.80549803784,277821.80549803784,277843.00106268923,277817.5666884829,277826.04440872394,277851.4799963393,277830.2834205368,277851.4799963393,277855.719614815
277859.959334385,0.0,0.0,277859.959334385,277859.959334385,277847.2404789625,0.0,0.0,277855.719614815,277859.959334385,0.0,277859.959334385,277859.959334385,0.0,277859.959334385,277851.4799963393,0.0,277855.719614815,277859.959334385,277859.959334385,277859.959334385,277855.719614815,277855.719614815,0.0,0.0,277855.719614815,277851.4799963393,277855.719614815,277859.959334385,277859.959334385,0.0,0.0,0.0,277859.959334385,277859.959334385,0.0,0.0,277859.959334385,277855.719614815,277859.959334385,0.0,277855.719614815,277859.959334385,0.0,277859.959334385,277855.719614815,0.0,277851.4799963393,0.0,277859.959334385,277859.959334385,277851.4799963393,277847.2404789625,277838.7617475241,277847.2404789625,277847.2404789625,277855.719614815,277859.959334385,277855.719614815,0.0,277838.7617475241,277855.719614815,277859.959334385,277855.719614815,277855.719614815,0.0,277859.959334385,277855.719614815,277859.959334385,0.0,0.0,277859.959334385,0.0,0.0,0.0,0.0,0.0,277855.719614815,277855.719614815,277855.719614815,0.0,277859.959334385,277855.719614815,0.0,277859.959334385,277855.719614815,277851.4799963393,277843.00106268923,277855.719614815,277855.719614815,0.0,277855.719614815,277851.4799963393,277851.4799963393,277859.959334385,277859.959334385,277859.959334385,277847.2404789625,277851.4799963393,277859.959334385,277859.959334385,277855.719614815,277855.719614815,277859.959334385,277859.959334385,277855.719614815,277859.959334385,0.0,277859.959334385,277859.959334385,0.0,0.0,0.0,0.0,277859.959334385,277859.959334385,0.0,0.0,277855.719614815,277855.719614815,0.0,0.0,277859.959334385,277859.959334385,0.0,0.0,277851.4799963393,277859.959334385,277843.00106268923,277843.00106268923,277859.959334385,277859.959334385,277859.959334385,0.0,277859.959334385,277855.719614815,0.0,277859.959334385,277855.719614815,0.0,277859.959334385,277847.2404789625,277859.959334385,277847.2404789625,277847.2404789625,277855.719614815,277859.959334385,277843.00106268923,277834.52253347175,277851.4799963393,277847.2404789625,277855.719614815,0.0,277851.4799963393,277851.4799963393,277855.719614815,277859.959334385,277843.00106268923,277855.719614815,277855.719614815,277855.719614815,277847.2404789625,277855.719614815,277855.719614815,277847.2404789625,277859.959334385,277855.719614815,0.0,0.0,277855.719614815,0.0,277859.959334385,277859.959334385,277859.959334385,277859.959334385,277859.959334385,0.0,0.0,0.0,277859.959334385,0.0,0.0,277859.959334385,277859.959334385,277859.959334385,277859.959334385,277859.959334385,0.0,0.0,277859.959334385,0.0,277859.959334385,277859.959334385,277855.719614815,277847.2404789625,277851.4799963393,0.0,277843.00106268923,277851.4799963393,277847.2404789625,277851.4799963393,277838.7617475241,277843.00106268923,277834.52253347175,277834.52253347175,277847.2404789625,277838.7617475241,277851.4799963393,277830.2834205368,277817.5666884829,277804.85086665227,277800.6124616689,277813.3279800639,277843.00106268923,277843.00106268923,277834.52253347175,277843.00106268923,277843.00106268923,277826.04440872394,277847.2404789625,277847.2404789625,277834.52253347175,277826.04440872394,277847.2404789625,277813.3279800639,277800.6124616689,277830.2834205368,277817.5666884829,277800.6124616689,277813.3279800639,277796.3741578399,277817.5666884829,277809.0893727855,277809.0893727855,277787.89785366395,277809.0893727855,277809.0893727855,277826.04440872394,277804.85086665227,277834.52253347175,277834.52253347175,277830.2834205368,277817.5666884829,277800.6124616689,277796.3741578399,277796.3741578399,277826.04440872394,277787.89785366395,277821.80549803784,277826.04440872394,277813.3279800639,277834.52253347175,277838.7617475241,277821.80549803784,277843.00106268923,277855.719614815
277855.719614815,0.0,277847.2404789625,0.0,277859.959334385,277855.719614815,277859.959334385,277855.719614815,0.0,277859.959334385,277855.719614815,0.0,277851.4799963393,277859.959334385,277859.959334385,277855.719614815,277855.719614815,277851.4799963393,277851.4799963393,277855.719614815,277859.959334385,0.0,0.0,0.0,277855.719614815,0.0,277855.719614815,277859.959334385,277855.719614815,277859.959334385,277859.959334385,277859.959334385,277855.719614815,0.0,0.0,0.0,277859.959334385,277855.719614815,0.0,277855.719614815,0.0,0.0,0.0,0.0,0.0,0.0,0.0,0.0,0.0,277859.959334385,277855.719614815,277859.959334385,277855.719614815,277855.719614815,277851.4799963393,277855.719614815,277855.719614815,0.0,277851.4799963393,277851.4799963393,277847.2404789625,277855.719614815,277859.959334385,277859.959334385,277859.959334385,0.0,0.0,277859.959334385,0.0,277855.719614815,277855.719614815,0.0,277859.959334385,0.0,277859.959334385,0.0,277859.959334385,277859.959334385,0.0,277859.959334385,0.0,0.0,277859.959334385,277859.959334385,0.0,277859.959334385,277855.719614815,277859.959334385,277859.959334385,277855.719614815,277859.959334385,277855.719614815,0.0,0.0,0.0,277851.4799963393,0.0,277843.00106268923,277838.7617475241,277847.2404789625,277859.959334385,277851.4799963393,277851.4799963393,0.0,277859.959334385,277859.959334385,0.0,277847.2404789625,277847.2404789625,277859.959334385,0.0,277855.719614815,0.0,277859.959334385,277855.719614815,277859.959334385,0.0,0.0,0.0,0.0,277859.959334385,0.0,277859.959334385,277859.959334385,277859.959334385,277855.719614815,277855.719614815,0.0,277855.719614815,277855.719614815,277847.2404789625,0.0,0.0,0.0,0.0,277859.959334385,0.0,0.0,277855.719614815,277838.7617475241,277855.719614815,277847.2404789625,277847.2404789625,277830.2834205368,277859.959334385,277851.4799963393,277855.719614815,277851.4799963393,277855.719614815,277847.2404789625,277838.7617475241,277859.959334385,0.0,277855.719614815,0.0,277843.00106268923,0.0,277859.959334385,277855.719614815,277851.4799963393,277855.719614815,277855.719614815,277847.2404789625,277855.719614815,277855.719614815,0.0,277855.719614815,0.0,0.0,0.0,0.0,277859.959334385,0.0,0.0,0.0,277859.959334385,277859.959334385,0.0,0.0,0.0,0.0,277855.719614815,0.0,0.0,0.0,277859.959334385,277855.719614815,277859.959334385,0.0,0.0,277855.719614815,277859.959334385,277851.4799963393,277859.959334385,277859.959334385,277847.2404789625,277843.00106268923,277847.2404789625,277830.2834205368,277859.959334385,277859.959334385,277821.80549803784,277847.2404789625,277826.04440872394,277843.00106268923,277838.7617475241,277843.00106268923,277843.00106268923,277843.00106268923,277804.85086665227,277796.3741578399,277826.04440872394,277826.04440872394,277838.7617475241,277830.2834205368,277847.2404789625,277834.52253347175,277821.80549803784,277838.7617475241,277843.00106268923,277826.04440872394,277826.04440872394,277826.04440872394,277800.6124616689,277834.52253347175,277787.89785366395,277813.3279800639,277813.3279800639,277809.0893727855,277796.3741578399,277775.18415617413,277821.80549803784,277796.3741578399,277770.9464593691,277804.85086665227,277792.1359551701,277813.3279800639,277834.52253347175,277838.7617475241,277851.4799963393,277855.719614815,277847.2404789625,277804.85086665227,277787.89785366395,277783.65985332616,277800.6124616689,277804.85086665227,277809.0893727855,277796.3741578399,277830.2834205368,277813.3279800639,277826.04440872394,277826.04440872394,277834.52253347175,277843.00106268923,277851.4799963393
277859.959334385,277855.719614815,277859.959334385,277855.719614815,277855.719614815,277855.719614815,277851.4799963393,277851.4799963393,0.0,0.0,0.0,277855.719614815,277855.719614815,277855.719614815,277859.959334385,277859.959334385,277855.719614815,0.0,277859.959334385,277851.4799963393,0.0,277859.959334385,277855.719614815,277859.959334385,277855.719614815,0.0,277859.959334385,277855.719614815,277859.959334385,277855.719614815,277855.719614815,277855.719614815,277851.4799963393,0.0,277859.959334385,277855.719614815,0.0,0.0,0.0,0.0,0.0,277859.959334385,0.0,277859.959334385,0.0,277855.719614815,277859.959334385,277859.959334385,277859.959334385,277859.959334385,0.0,277851.4799963393,277855.719614815,0.0,277859.959334385,277859.959334385,277843.00106268923,277847.2404789625,277855.719614815,277847.2404789625,277859.959334385,0.0,277859.959334385,0.0,277859.959334385,277855.719614815,277859.959334385,277859.959334385,0.0,277859.959334385,0.0,0.0,0.0,0.0,277859.959334385,0.0,0.0,277859.959334385,0.0,0.0,0.0,277859.959334385,277859.959334385,0.0,277859.959334385,277859.959334385,277855.719614815,277859.959334385,277855.719614815,0.0,277855.719614815,277851.4799963393,277859.959334385,277855.719614815,277859.959334385,277843.00106268923,277855.719614815,277855.719614815,277851.4799963393,277855.719614815,277855.719614815,0.0,277855.719614815,277855.719614815,0.0,277859.959334385,277855.719614815,277859.959334385,0.0,277859.959334385,0.0,0.0,277851.4799963393,0.0,277859.959334385,0.0,0.0,277859.959334385,277859.959334385,277851.4799963393,0.0,0.0,277859.959334385,277859.959334385,277855.719614815,277851.4799963393,277851.4799963393,277847.2404789625,0.0,0.0,277859.959334385,277859.959334385,0.0,277859.959334385,277859.959334385,0.0,0.0,277855.719614815,277855.719614815,277859.959334385,277851.4799963393,277847.2404789625,277851.4799963393,277851.4799963393,277838.7617475241,277859.959334385,277855.719614815,0.0,277847.2404789625,277847.2404789625,277859.959334385,277859.959334385,0.0,0.0,0.0,277859.959334385,277859.959334385,0.0,277855.719614815,277859.959334385,277843.00106268923,0.0,0.0,277855.719614815,277851.4799963393,0.0,277855.719614815,277851.4799963393,277859.959334385,277855.719614815,0.0,0.0,277859.959334385,0.0,0.0,277859.959334385,277859.959334385,0.0,277855.719614815,0.0,277855.719614815,0.0,277859.959334385,277859.959334385,0.0,0.0,0.0,277859.959334385,277859.959334385,0.0,0.0,277855.719614815,277859.959334385,277855.719614815,277855.719614815,277847.2404789625,277851.4799963393,277851.4799963393,277847.2404789625,277830.2834205368,277851.4799963393,277847.2404789625,277843.00106268923,277830.2834205368,277851.4799963393,277830.2834205368,277843.00106268923,277847.2404789625,277830.2834205368,277809.0893727855,277830.2834205368,277813.3279800639,277851.4799963393,277826.04440872394,277830.2834205368,277851.4799963393,277826.04440872394,277859.959334385,277813.3279800639,277826.04440872394,277817.5666884829,277809.0893727855,277817.5666884829,277821.80549803784,277783.65985332616,277830.2834205368,277809.0893727855,277779.42195416125,277792.1359551701,277796.3741578399,277787.89785366395,277796.3741578399,277762.47136932425,277804.85086665227,277762.47136932425,277821.80549803784,277813.3279800639,277783.65985332616,277826.04440872394,277843.00106268923,277817.5666884829,277834.52253347175,277821.80549803784,277830.2834205368,277787.89785366395,277813.3279800639,277796.3741578399,277804.85086665227,277834.52253347175,277817.5666884829,277834.52253347175,277809.0893727855,277826.04440872394,277821.80549803784,277843.00106268923,277843.00106268923
277847.2404789625,277847.2404789625,277855.719614815,277855.719614815,277851.4799963393,277855.719614815,0.0,0.0,277855.719614815,277859.959334385,277859.959334385,277859.959334385,277859.959334385,277859.959334385,277851.4799963393,0.0,277855.719614815,277859.959334385,277859.959334385,277855.719614815,277859.959334385,277859.959334385,277859.959334385,277855.719614815,277859.959334385,0.0,0.0,0.0,277859.959334385,277859.959334385,277859.959334385,277859.959334385,277859.959334385,277855.719614815,277859.959334385,277847.2404789625,277855.719614815,277855.719614815,0.0,277859.959334385,277855.719614815,277859.959334385,277859.959334385,277859.959334385,277859.959334385,0.0,277859.959334385,277855.719614815,277859.959334385,277855.719614815,277859.959334385,277859.959334385,277859.959334385,277847.2404789625,277859.959334385,277859.959334385,277859.959334385,277855.719614815,277855.719614815,277859.959334385,277847.2404789625,277851.4799963393,0.0,0.0,0.0,277851.4799963393,277855.719614815,277859.959334385,0.0,277859.959334385,0.0,277855.719614815,277859.959334385,277855.719614815,0.0,0.0,0.0,277859.959334385,0.0,277859.959334385,0.0,277859.959334385,0.0,0.0,277859.959334385,277859.959334385,277851.4799963393,277855.719614815,277855.719614815,277847.2404789625,277859.959334385,277855.719614815,0.0,0.0,277859.959334385,277859.959334385,0.0,277859.959334385,277859.959334385,0.0,277859.959334385,277851.4799963393,277855.719614815,277855.719614815,277847.2404789625,277855.719614815,277859.959334385,0.0,277851.4799963393,277859.959334385,0.0,277855.719614815,277859.959334385,0.0,277859.959334385,0.0,277859.959334385,0.0,277855.719614815,277859.959334385,277855.719614815,277859.959334385,0.0,277855.719614815,277855.719614815,277855.719614815,277855.719614815,277851.4799963393,277855.719614815,277855.719614815,277859.959334385,277859.959334385,277859.959334385,277859.959334385,0.0,277855.719614815,0.0,277855.719614815,277847.2404789625,277834.52253347175,277855.719614815,277843.00106268923,277851.4799963393,277859.959334385,277855.719614815,277859.959334385,277859.959334385,277859.959334385,0.0,277847.2404789625,277851.4799963393,277859.959334385,0.0,277859.959334385,277851.4799963393,277851.4799963393,0.0,277859.959334385,277851.4799963393,0.0,277859.959334385,277855.719614815,0.0,0.0,277855.719614815,277855.719614815,0.0,277859.959334385,277859.959334385,277859.959334385,0.0,0.0,277859.959334385,277851.4799963393,277859.959334385,277851.4799963393,0.0,277859.959334385,0.0,0.0,277859.959334385,0.0,277855.719614815,0.0,277859.959334385,277859.959334385,0.0,277859.959334385,277859.959334385,277855.719614815,277851.4799963393,277859.959334385,277855.719614815,0.0,277859.959334385,277834.52253347175,277851.4799963393,277847.2404789625,277851.4799963393,277847.2404789625,277834.52253347175,277847.2404789625,277838.7617475241,277843.00106268923,277847.2404789625,277847.2404789625,277851.4799963393,277830.2834205368,277843.00106268923,277826.04440872394,277834.52253347175,277821.80549803784,277809.0893727855,277838.7617475241,277817.5666884829,277809.0893727855,277796.3741578399,277813.3279800639,277838.7617475241,277813.3279800639,277826.04440872394,277817.5666884829,277813.3279800639,277821.80549803784,277796.3741578399,277800.6124616689,277758.23397609376,277783.65985332616,277800.6124616689,277800.6124616689,277783.65985332616,277779.42195416125,277796.3741578399,277826.04440872394,277792.1359551701,277830.2834205368,277821.80549803784,277826.04440872394,277809.0893727855,277830.2834205368,277843.00106268923,277843.00106268923,277821.80549803784,277779.42195416125,277783.65985332616,277758.23397609376,277809.0893727855,277787.89785366395,277830.2834205368,277813.3279800639,277804.85086665227,277843.00106268923,277817.5666884829,277800.6124616689,277834.52253347175,277843.00106268923
277859.959334385,0.0,0.0,277855.719614815,277851.4799963393,277859.959334385,277851.4799963393,277859.959334385,277859.959334385,277859.959334385,0.0,277855.719614815,277855.719614815,277855.719614815,0.0,277859.959334385,277859.959334385,277851.4799963393,277859.959334385,277855.719614815,277859.959334385,277855.719614815,277851.4799963393,277859.959334385,277851.4799963393,0.0,277855.719614815,277859.959334385,277855.719614815,277855.719614815,277859.959334385,277859.959334385,0.0,277859.959334385,277859.959334385,277851.4799963393,277859.959334385,277855.719614815,0.0,0.0,277851.4799963393,277859.959334385,277859.959334385,277859.959334385,277855.719614815,277859.959334385,0.0,277859.959334385,277851.4799963393,0.0,277855.719614815,0.0,277859.959334385,277859.959334385,277859.959334385,277859.959334385,277855.719614815,277855.719614815,277859.959334385,0.0,277859.959334385,277859.959334385,0.0,0.0,0.0,277855.719614815,277859.959334385,0.0,0.0,277859.959334385,277855.719614815,277851.4799963393,277859.959334385,0.0,0.0,0.0,277859.959334385,277859.959334385,277855.719614815,277855.719614815,277859.959334385,0.0,277855.719614815,277859.959334385,277859.959334385,277859.959334385,277859.959334385,0.0,277859.959334385,0.0,0.0,277859.959334385,0.0,277859.959334385,0.0,277847.2404789625,277855.719614815,277851.4799963393,277859.959334385,277847.2404789625,0.0,0.0,277855.719614815,277847.2404789625,277859.959334385,277859.959334385,0.0,277855.719614815,277851.4799963393,0.0,0.0,0.0,0.0,277859.959334385,277859.959334385,0.0,0.0,277855.719614815,277859.959334385,277855.719614815,277859.959334385,0.0,0.0,0.0,277859.959334385,277859.959334385,277859.959334385,277859.959334385,277859.959334385,277851.4799963393,0.0,277859.959334385,277851.4799963393,277859.959334385,277859.959334385,277851.4799963393,277855.719614815,277855.719614815,277851.4799963393,277830.2834205368,277859.959334385,277851.4799963393,277855.719614815,0.0,277859.959334385,277859.959334385,277859.959334385,0.0,277855.719614815,0.0,277859.959334385,277859.959334385,277855.719614815,277855.719614815,277855.719614815,0.0,277851.4799963393,277859.959334385,277859.959334385,0.0,0.0,277859.959334385,277859.959334385,277859.959334385,277859.959334385,277859.959334385,0.0,0.0,277855.719614815,277859.959334385,0.0,0.0,277855.719614815,0.0,277855.719614815,277859.959334385,0.0,0.0,277859.959334385,0.0,277859.959334385,277859.959334385,277851.4799963393,0.0,0.0,277859.959334385,277855.719614815,0.0,277851.4799963393,277855.719614815,277855.719614815,277859.959334385,277859.959334385,277859.959334385,277859.959334385,277855.719614815,277838.7617475241,277847.2404789625,277859.959334385,277851.4799963393,277838.7617475241,277838.7617475241,277847.2404789625,277830.2834205368,277855.719614815,277817.5666884829,277826.04440872394,277826.04440872394,277838.7617475241,277813.3279800639,277843.00106268923,277813.3279800639,277826.04440872394,277809.0893727855,277821.80549803784,277787.89785366395,277809.0893727855,277834.52253347175,277792.1359551701,277821.80549803784,277838.7617475241,277787.89785366395,277787.89785366395,277762.47136932425,277775.18415617413,277792.1359551701,277809.0893727855,277821.80549803784,277787.89785366395,277775.18415617413,277766.708863751,277792.1359551701,277770.9464593691,277792.1359551701,277766.708863751,277783.65985332616,277834.52253347175,277809.0893727855,277804.85086665227,277834.52253347175,277817.5666884829,277804.85086665227,277821.80549803784,277783.65985332616,277783.65985332616,277792.1359551701,277758.23397609376,277787.89785366395,277809.0893727855,277800.6124616689,277779.42195416125,277792.1359551701,277792.1359551701,277817.5666884829,277830.2834205368,277826.04440872394
277855.719614815,277859.959334385,277843.00106268923,277859.959334385,0.0,277855.719614815,277859.959334385,0.0,277851.4799963393,277859.959334385,277851.4799963393,277859.959334385,0.0,0.0,277859.959334385,0.0,0.0,277851.4799963393,277851.4799963393,277851.4799963393,0.0,0.0,0.0,277851.4799963393,277855.719614815,277851.4799963393,277851.4799963393,277859.959334385,277859.959334385,277855.719614815,277855.719614815,277859.959334385,277851.4799963393,277859.959334385,0.0,277851.4799963393,0.0,0.0,277851.4799963393,277859.959334385,0.0,277859.959334385,277859.959334385,277855.719614815,277859.959334385,0.0,277855.719614815,277859.959334385,0.0,0.0,0.0,0.0,277855.719614815,0.0,277855.719614815,277859.959334385,277859.959334385,277859.959334385,0.0,0.0,0.0,277855.719614815,277855.719614815,0.0,0.0,0.0,277859.959334385,277855.719614815,277859.959334385,0.0,277859.959334385,277859.959334385,277859.959334385,277855.719614815,0.0,0.0,277855.719614815,0.0,277859.959334385,277859.959334385,277855.719614815,277859.959334385,277859.959334385,277855.719614815,277859.959334385,0.0,277851.4799963393,277855.719614815,277859.959334385,0.0,0.0,0.0,277859.959334385,277855.719614815,277859.959334385,277855.719614815,277859.959334385,277859.959334385,277847.2404789625,277859.959334385,277855.719614815,277855.719614815,277851.4799963393,277855.719614815,277843.00106268923,277855.719614815,277855.719614815,277843.00106268923,0.0,0.0,0.0,0.0,277859.959334385,0.0,277851.4799963393,0.0,277859.959334385,0.0,277855.719614815,277855.719614815,277855.719614815,0.0,0.0,277855.719614815,277855.719614815,277855.719614815,277859.959334385,277859.959334385,277851.4799963393,0.0,277859.959334385,277859.959334385,277855.719614815,277859.959334385,277855.719614815,277847.2404789625,277859.959334385,277847.2404789625,277847.2404789625,277843.00106268923,277847.2404789625,277859.959334385,277859.959334385,277855.719614815,277859.959334385,277855.719614815,277859.959334385,0.0,277855.719614815,0.0,277855.719614815,277851.4799963393,277851.4799963393,0.0,277859.959334385,0.0,277855.719614815,277855.719614815,277859.959334385,0.0,277855.719614815,277859.959334385,0.0,0.0,0.0,0.0,0.0,0.0,0.0,277859.959334385,0.0,0.0,277859.959334385,0.0,277859.959334385,0.0,0.0,277859.959334385,0.0,277859.959334385,0.0,277859.959334385,0.0,0.0,277855.719614815,277851.4799963393,277838.7617475241,0.0,277855.719614815,277855.719614815,277847.2404789625,277851.4799963393,277855.719614815,277859.959334385,277859.959334385,277843.00106268923,277851.4799963393,277826.04440872394,277838.7617475241,277834.52253347175,277838.7617475241,277838.7617475241,277838.7617475241,277838.7617475241,277830.2834205368,277813.3279800639,277821.80549803784,277809.0893727855,277830.2834205368,277830.2834205368,277830.2834205368,277809.0893727855,277821.80549803784,277813.3279800639,277821.80549803784,277821.80549803784,277813.3279800639,277804.85086665227,277770.9464593691,277800.6124616689,277783.65985332616,277800.6124616689,277796.3741578399,277809.0893727855,277783.65985332616,277783.65985332616,277775.18415617413,277766.708863751,277779.42195416125,277762.47136932425,277792.1359551701,277775.18415617413,277770.9464593691,277783.65985332616,277800.6124616689,277787.89785366395,277809.0893727855,277809.0893727855,277813.3279800639,277843.00106268923,277804.85086665227,277826.04440872394,277779.42195416125,277770.9464593691,277821.80549803784,277821.80549803784,277809.0893727855,277792.1359551701,277775.18415617413,277796.3741578399,277804.85086665227,277813.3279800639,277834.52253347175,277817.5666884829,277834.52253347175,277834.52253347175
277855.719614815,277859.959334385,277859.959334385,0.0,277855.719614815,0.0,277859.959334385,277859.959334385,277859.959334385,277859.959334385,277859.959334385,277859.959334385,277855.719614815,277855.719614815,277855.719614815,277859.959334385,277859.959334385,277855.719614815,277859.959334385,277855.719614815,277859.959334385,277851.4799963393,277859.959334385,0.0,277859.959334385,277859.959334385,277855.719614815,0.0,277855.719614815,277859.959334385,277855.719614815,277859.959334385,277859.959334385,277859.959334385,277859.959334385,277855.719614815,277838.7617475241,277855.719614815,277855.719614815,0.0,277855.719614815,277855.719614815,0.0,0.0,277859.959334385,277859.959334385,0.0,277859.959334385,277859.959334385,277855.719614815,277859.959334385,277855.719614815,277859.959334385,277855.719614815,277843.00106268923,277859.959334385,277859.959334385,277859.959334385,277851.4799963393,277859.959334385,277859.959334385,277855.719614815,277859.959334385,0.0,0.0,277859.959334385,277859.959334385,277855.719614815,0.0,0.0,277859.959334385,0.0,277859.959334385,277855.719614815,0.0,0.0,277855.719614815,277859.959334385,0.0,277859.959334385,0.0,277859.959334385,0.0,0.0,0.0,0.0,277859.959334385,277859.959334385,277855.719614815,0.0,277859.959334385,277859.959334385,0.0,277859.959334385,0.0,277851.4799963393,277855.719614815,277859.959334385,277855.719614815,277851.4799963393,277859.959334385,277859.959334385,277859.959334385,277855.719614815,277851.4799963393,277851.4799963393,277855.719614815,0.0,277859.959334385,0.0,0.0,277859.959334385,277859.959334385,277855.719614815,0.0,0.0,0.0,277855.719614815,277859.959334385,277855.719614815,277859.959334385,0.0,277855.719614815,0.0,277859.959334385,277855.719614815,277851.4799963393,277855.719614815,277859.959334385,0.0,277859.959334385,0.0,277859.959334385,277855.719614815,277859.959334385,277855.719614815,0.0,277855.719614815,277843.00106268923,0.0,277847.2404789625,277851.4799963393,277855.719614815,277847.2404789625,0.0,277859.959334385,0.0,277855.719614815,277855.719614815,277855.719614815,277855.719614815,277859.959334385,277855.719614815,0.0,277855.719614815,0.0,277855.719614815,277855.719614815,277859.959334385,277855.719614815,0.0,277859.959334385,0.0,0.0,277855.719614815,277859.959334385,0.0,0.0,0.0,0.0,277855.719614815,277859.959334385,0.0,0.0,0.0,0.0,277859.959334385,0.0,0.0,0.0,277859.959334385,0.0,0.0,277855.719614815,0.0,277859.959334385,277855.719614815,277855.719614815,0.0,277855.719614815,277859.959334385,277855.719614815,277843.00106268923,0.0,277855.719614815,277847.2404789625,277834.52253347175,277843.00106268923,277847.2404789625,277838.7617475241,277813.3279800639,277796.3741578399,277821.80549803784,277821.80549803784,277804.85086665227,277817.5666884829,277817.5666884829,277800.6124616689,277821.80549803784,277838.7617475241,277821.80549803784,277770.9464593691,277821.80549803784,277817.5666884829,277809.0893727855,277821.80549803784,277813.3279800639,277804.85086665227,277783.65985332616,277800.6124616689,277826.04440872394,277796.3741578399,277787.89785366395,277817.5666884829,277775.18415617413,277787.89785366395,277813.3279800639,277766.708863751,277800.6124616689,277758.23397609376,277787.89785366395,277792.1359551701,277741.2854152256,277800.6124616689,277804.85086665227,277787.89785366395,277813.3279800639,277800.6124616689,277809.0893727855,277770.9464593691,277800.6124616689,277813.3279800639,277817.5666884829,277792.1359551701,277826.04440872394,277796.3741578399,277796.3741578399,277817.5666884829,277770.9464593691,277732.8117420887,277800.6124616689,277804.85086665227,277783.65985332616,277813.3279800639,277787.89785366395,277817.5666884829
0.0,277859.959334385,277843.00106268923,277855.719614815,0.0,277859.959334385,0.0,277859.959334385,277847.2404789625,277855.719614815,277859.959334385,0.0,0.0,277859.959334385,0.0,0.0,277855.719614815,277855.719614815,0.0,0.0,277859.959334385,277851.4799963393,277851.4799963393,277851.4799963393,277851.4799963393,277851.4799963393,0.0,277859.959334385,0.0,0.0,0.0,277855.719614815,277859.959334385,277859.959334385,277859.959334385,277855.719614815,277859.959334385,0.0,277859.959334385,277851.4799963393,0.0,277859.959334385,277859.959334385,277859.959334385,0.0,0.0,0.0,277859.959334385,0.0,277859.959334385,277855.719614815,277843.00106268923,277859.959334385,277859.959334385,277851.4799963393,277859.959334385,277855.719614815,277859.959334385,0.0,277859.959334385,0.0,0.0,0.0,277859.959334385,277859.959334385,277859.959334385,277859.959334385,0.0,0.0,277859.959334385,277859.959334385,277855.719614815,0.0,277855.719614815,277859.959334385,0.0,0.0,0.0,0.0,0.0,277855.719614815,0.0,277859.959334385,0.0,0.0,0.0,0.0,0.0,277855.719614815,0.0,0.0,0.0,0.0,277855.719614815,277859.959334385,277859.959334385,277851.4799963393,277847.2404789625,0.0,0.0,0.0,277859.959334385,277855.719614815,277855.719614815,277851.4799963393,277859.959334385,277855.719614815,277847.2404789625,277851.4799963393,277855.719614815,277859.959334385,277859.959334385,0.0,0.0,277851.4799963393,0.0,277859.959334385,277855.719614815,277847.2404789625,277855.719614815,277859.959334385,277855.719614815,0.0,277859.959334385,277843.00106268923,0.0,0.0,277855.719614815,277859.959334385,277859.959334385,0.0,277851.4799963393,277851.4799963393,277855.719614815,277851.4799963393,277834.52253347175,277847.2404789625,277838.7617475241,277843.00106268923,0.0,277847.2404789625,277847.2404789625,277855.719614815,0.0,277855.719614815,277851.4799963393,277859.959334385,277859.959334385,277855.719614815,0.0,277859.959334385,277859.959334385,0.0,277859.959334385,0.0,277859.959334385,277851.4799963393,0.0,277851.4799963393,277859.959334385,0.0,277859.959334385,277859.959334385,0.0,0.0,277859.959334385,277855.719614815,277859.959334385,0.0,0.0,277859.959334385,0.0,277851.4799963393,0.0,0.0,0.0,0.0,0.0,0.0,277855.719614815,0.0,277859.959334385,277855.719614815,277855.719614815,277859.959334385,277859.959334385,277847.2404789625,277855.719614815,277859.959334385,277855.719614815,277851.4799963393,277843.00106268923,277851.4799963393,277855.719614815,0.0,277851.4799963393,277851.4799963393,277843.00106268923,277830.2834205368,277834.52253347175,277847.2404789625,277830.2834205368,277817.5666884829,277821.80549803784,277838.7617475241,277834.52253347175,277796.3741578399,277826.04440872394,277834.52253347175,277834.52253347175,277821.80549803784,277813.3279800639,277817.5666884829,277821.80549803784,277804.85086665227,277783.65985332616,277800.6124616689,277792.1359551701,277804.85086665227,277770.9464593691,277783.65985332616,277783.65985332616,277779.42195416125,277800.6124616689,277775.18415617413,277779.42195416125,277792.1359551701,277762.47136932425,277830.2834205368,277787.89785366395,277775.18415617413,277779.42195416125,277787.89785366395,277783.65985332616,277745.52240362525,277770.9464593691,277787.89785366395,277787.89785366395,277809.0893727855,277830.2834205368,277792.1359551701,277792.1359551701,277817.5666884829,277826.04440872394,277804.85086665227,277800.6124616689,277817.5666884829,277766.708863751,277766.708863751,277804.85086665227,277779.42195416125,277762.47136932425,277800.6124616689,277800.6124616689,277830.2834205368,277813.3279800639
0.0,0.0,277859.959334385,277859.959334385,277847.2404789625,277855.719614815,277847.2404789625,277859.959334385,0.0,277855.719614815,277859.959334385,277859.959334385,277859.959334385,277859.959334385,277855.719614815,277851.4799963393,0.0,277859.959334385,277851.4799963393,277851.4799963393,277859.959334385,0.0,0.0,277859.959334385,277859.959334385,277847.2404789625,277859.959334385,277855.719614815,277855.719614815,0.0,0.0,277859.959334385,277859.959334385,277855.719614815,0.0,0.0,277859.959334385,277847.2404789625,277834.52253347175,277855.719614815,277851.4799963393,277843.00106268923,277859.959334385,277851.4799963393,0.0,277859.959334385,277851.4799963393,277851.4799963393,277855.719614815,277859.959334385,277851.4799963393,277855.719614815,0.0,0.0,277859.959334385,277859.959334385,277859.959334385,0.0,277859.959334385,277859.959334385,277855.719614815,277855.719614815,0.0,277851.4799963393,277855.719614815,0.0,0.0,0.0,277859.959334385,277855.719614815,0.0,0.0,0.0,277859.959334385,0.0,277855.719614815,277859.959334385,277859.959334385,0.0,277851.4799963393,0.0,0.0,0.0,0.0,0.0,0.0,277855.719614815,277859.959334385,277851.4799963393,277859.959334385,277859.959334385,277859.959334385,0.0,0.0,277855.719614815,0.0,277859.959334385,0.0,277855.719614815,277855.719614815,277855.719614815,277859.959334385,277855.719614815,277859.959334385,0.0,0.0,277851.4799963393,277855.719614815,277851.4799963393,277855.719614815,277859.959334385,0.0,277859.959334385,277859.959334385,277851.4799963393,0.0,277859.959334385,277838.7617475241,277859.959334385,277859.959334385,277855.719614815,277847.2404789625,277859.959334385,0.0,277859.959334385,0.0,277847.2404789625,277859.959334385,277851.4799963393,277855.719614815,277859.959334385,277859.959334385,0.0,277851.4799963393,277817.5666884829,277775.18415617413,277792.1359551701,277787.89785366395,277830.2834205368,277843.00106268923,277821.80549803784,277855.719614815,277834.52253347175,277838.7617475241,277843.00106268923,277834.52253347175,277851.4799963393,277859.959334385,277855.719614815,277855.719614815,277859.959334385,0.0,277859.959334385,277859.959334385,0.0,277855.719614815,277859.959334385,0.0,277859.959334385,277859.959334385,277859.959334385,0.0,0.0,0.0,0.0,0.0,0.0,277859.959334385,277859.959334385,0.0,0.0,277851.4799963393,0.0,0.0,0.0,277855.719614815,0.0,277859.959334385,277859.959334385,0.0,277859.959334385,277859.959334385,0.0,0.0,0.0,277859.959334385,277859.959334385,277855.719614815,277855.719614815,277847.2404789625,277847.2404789625,277855.719614815,277838.7617475241,277855.719614815,277847.2404789625,277843.00106268923,277847.2404789625,277838.7617475241,277838.7617475241,277847.2404789625,277838.7617475241,277813.3279800639,277855.719614815,277792.1359551701,277813.3279800639,277796.3741578399,277792.1359551701,277809.0893727855,277792.1359551701,277813.3279800639,277821.80549803784,277817.5666884829,277792.1359551701,277813.3279800639,277787.89785366395,277809.0893727855,277804.85086665227,277813.3279800639,277796.3741578399,277770.9464593691,277775.18415617413,277783.65985332616,277775.18415617413,277787.89785366395,277804.85086665227,277779.42195416125,277775.18415617413,277762.47136932425,277787.89785366395,277796.3741578399,277753.996684064,277783.65985332616,277821.80549803784,277783.65985332616,277766.708863751,277775.18415617413,277792.1359551701,277800.6124616689,277762.47136932425,277800.6124616689,277766.708863751,277753.996684064,277787.89785366395,277817.5666884829,277787.89785366395,277813.3279800639,277796.3741578399,277792.1359551701,277779.42195416125,277817.5666884829,277826.04440872394,277809.0893727855,277796.3741578399,277813.3279800639,277766.708863751,277796.3741578399
277855.719614815,277859.959334385,0.0,0.0,277859.959334385,0.0,277851.4799963393,277851.4799963393,277859.959334385,0.0,0.0,277859.959334385,277859.959334385,0.0,277855.719614815,277859.959334385,0.0,277855.719614815,0.0,277859.959334385,277859.959334385,0.0,277859.959334385,277851.4799963393,277859.959334385,277859.959334385,0.0,277855.719614815,277859.959334385,277847.2404789625,277859.959334385,277851.4799963393,277859.959334385,277859.959334385,277859.959334385,277851.4799963393,277834.52253347175,277821.80549803784,277826.04440872394,277847.2404789625,277859.959334385,277859.959334385,277855.719614815,277859.959334385,0.0,0.0,0.0,277855.719614815,277859.959334385,277855.719614815,277859.959334385,277855.719614815,277855.719614815,277859.959334385,277859.959334385,277855.719614815,0.0,277855.719614815,277855.719614815,277859.959334385,0.0,0.0,0.0,277855.719614815,277855.719614815,0.0,0.0,277855.719614815,277855.719614815,277855.719614815,277859.959334385,277855.719614815,277855.719614815,0.0,0.0,0.0,277859.959334385,0.0,0.0,277851.4799963393,0.0,0.0,277855.719614815,277859.959334385,277859.959334385,277859.959334385,277859.959334385,277859.959334385,0.0,277855.719614815,0.0,277859.959334385,277859.959334385,0.0,0.0,277855.719614815,277855.719614815,277855.719614815,277855.719614815,277859.959334385,277855.719614815,277855.719614815,277859.959334385,277851.4799963393,277859.959334385,0.0,0.0,277838.7617475241,277851.4799963393,277859.959334385,277847.2404789625,277855.719614815,277847.2404789625,277851.4799963393,277855.719614815,277859.959334385,277851.4799963393,277859.959334385,277859.959334385,277855.719614815,277851.4799963393,277847.2404789625,0.0,277859.959334385,0.0,277859.959334385,277859.959334385,277859.959334385,0.0,0.0,277855.719614815,277855.719614815,0.0,277855.719614815,277838.7617475241,277783.65985332616,277817.5666884829,277800.6124616689,277821.80549803784,277847.2404789625,277821.80549803784,277826.04440872394,277830.2834205368,277851.4799963393,277826.04440872394,277851.4799963393,277855.719614815,277855.719614815,277855.719614815,277851.4799963393,277859.959334385,277855.719614815,277855.719614815,277859.959334385,0.0,277855.719614815,0.0,0.0,277859.959334385,0.0,0.0,0.0,0.0,0.0,277859.959334385,0.0,277859.959334385,0.0,277859.959334385,0.0,0.0,277859.959334385,277859.959334385,0.0,277859.959334385,277855.719614815,0.0,277859.959334385,277851.4799963393,277855.719614815,277855.719614815,277855.719614815,277843.00106268923,277859.959334385,0.0,277855.719614815,277859.959334385,277851.4799963393,277838.7617475241,277851.4799963393,277851.4799963393,0.0,277859.959334385,277851.4799963393,277855.719614815,277834.52253347175,277830.2834205368,277851.4799963393,277813.3279800639,277847.2404789625,277851.4799963393,277817.5666884829,277830.2834205368,277826.04440872394,277787.89785366395,277821.80549803784,277817.5666884829,277826.04440872394,277821.80549803784,277796.3741578399,277809.0893727855,277804.85086665227,277826.04440872394,277813.3279800639,277809.0893727855,277770.9464593691,277804.85086665227,277779.42195416125,277792.1359551701,277753.996684064,277796.3741578399,277783.65985332616,277809.0893727855,277762.47136932425,277775.18415617413,277809.0893727855,277783.65985332616,277813.3279800639,277783.65985332616,277804.85086665227,277813.3279800639,277796.3741578399,277800.6124616689,277745.52240362525,277787.89785366395,277779.42195416125,277817.5666884829,277796.3741578399,277783.65985332616,277792.1359551701,277775.18415617413,277753.996684064,277787.89785366395,277796.3741578399,277817.5666884829,277813.3279800639,277787.89785366395,277783.65985332616,277813.3279800639,277775.18415617413,277800.6124616689,277809.0893727855,277770.9464593691,277809.0893727855,277826.04440872394,277804.85086665227
277859.959334385,277855.719614815,277859.959334385,277851.4799963393,277855.719614815,277851.4799963393,0.0,277851.4799963393,277855.719614815,277851.4799963393,277855.719614815,277855.719614815,0.0,0.0,277859.959334385,277855.719614815,277855.719614815,0.0,277851.4799963393,277843.00106268923,277859.959334385,0.0,0.0,277859.959334385,277859.959334385,277847.2404789625,0.0,277859.959334385,277826.04440872394,0.0,0.0,0.0,0.0,0.0,277859.959334385,277851.4799963393,277817.5666884829,277826.04440872394,277838.7617475241,277847.2404789625,277859.959334385,277851.4799963393,277847.2404789625,0.0,277859.959334385,277859.959334385,277859.959334385,0.0,277859.959334385,277859.959334385,277855.719614815,277859.959334385,0.0,0.0,0.0,0.0,0.0,0.0,0.0,277855.719614815,0.0,0.0,0.0,277855.719614815,0.0,0.0,277855.719614815,277859.959334385,0.0,0.0,0.0,0.0,277851.4799963393,0.0,277859.959334385,0.0,0.0,0.0,0.0,277859.959334385,0.0,0.0,277855.719614815,277855.719614815,0.0,277855.719614815,0.0,277855.719614815,0.0,277859.959334385,277855.719614815,0.0,277859.959334385,277859.959334385,277859.959334385,277859.959334385,0.0,0.0,0.0,277859.959334385,0.0,277859.959334385,277859.959334385,0.0,277855.719614815,277859.959334385,277859.959334385,277855.719614815,277859.959334385,277855.719614815,277851.4799963393,277855.719614815,277859.959334385,277847.2404789625,0.0,277855.719614815,0.0,277847.2404789625,277859.959334385,277847.2404789625,277843.00106268923,277847.2404789625,0.0,277855.719614815,277859.959334385,277859.959334385,277859.959334385,0.0,0.0,0.0,277855.719614815,0.0,0.0,0.0,277834.52253347175,277855.719614815,277834.52253347175,277809.0893727855,277830.2834205368,277826.04440872394,277830.2834205368,277826.04440872394,277843.00106268923,277821.80549803784,277838.7617475241,277843.00106268923,277859.959334385,277855.719614815,0.0,277843.00106268923,277847.2404789625,277843.00106268923,0.0,277859.959334385,0.0,277859.959334385,277855.719614815,0.0,0.0,277851.4799963393,277859.959334385,277859.959334385,277859.959334385,277859.959334385,0.0,0.0,0.0,277859.959334385,277859.959334385,277859.959334385,0.0,0.0,277859.959334385,277855.719614815,277859.959334385,277859.959334385,277859.959334385,277859.959334385,0.0,277847.2404789625,277859.959334385,277851.4799963393,277855.719614815,277859.959334385,277859.959334385,277859.959334385,277851.4799963393,277847.2404789625,277851.4799963393,277838.7617475241,277843.00106268923,277859.959334385,277855.719614815,0.0,0.0,277843.00106268923,277826.04440872394,277847.2404789625,277817.5666884829,277821.80549803784,277813.3279800639,277804.85086665227,277783.65985332616,277821.80549803784,277800.6124616689,277796.3741578399,277813.3279800639,277796.3741578399,277800.6124616689,277796.3741578399,277804.85086665227,277775.18415617413,277817.5666884829,277804.85086665227,277783.65985332616,277796.3741578399,277779.42195416125,277813.3279800639,277813.3279800639,277796.3741578399,277770.9464593691,277766.708863751,277741.2854152256,277779.42195416125,277792.1359551701,277779.42195416125,277779.42195416125,277779.42195416125,277779.42195416125,277779.42195416125,277821.80549803784,277787.89785366395,277817.5666884829,277796.3741578399,277720.1019916091,277804.85086665227,277796.3741578399,277753.996684064,277745.52240362525,277809.0893727855,277787.89785366395,277737.0485280451,277779.42195416125,277762.47136932425,277813.3279800639,277796.3741578399,277813.3279800639,277779.42195416125,277779.42195416125,277796.3741578399,277800.6124616689,277787.89785366395,277796.3741578399,277804.85086665227,277804.85086665227,277813.3279800639
277859.959334385,277859.959334385,277843.00106268923,277859.959334385,0.0,277859.959334385,0.0,277851.4799963393,277859.959334385,277847.2404789625,277859.959334385,277859.959334385,277859.959334385,0.0,277855.719614815,0.0,277859.959334385,277847.2404789625,277855.719614815,277859.959334385,277855.719614815,277859.959334385,277859.959334385,277859.959334385,277851.4799963393,277859.959334385,0.0,277859.959334385,0.0,277855.719614815,277859.959334385,0.0,0.0,277859.959334385,0.0,277826.04440872394,277821.80549803784,277826.04440872394,277847.2404789625,277851.4799963393,277830.2834205368,0.0,277859.959334385,0.0,0.0,277855.719614815,0.0,277859.959334385,277859.959334385,0.0,0.0,0.0,277855.719614815,0.0,0.0,277859.959334385,277859.959334385,0.0,0.0,277859.959334385,0.0,277847.2404789625,0.0,277851.4799963393,277859.959334385,0.0,0.0,277859.959334385,0.0,277859.959334385,277859.959334385,277859.959334385,277859.959334385,0.0,0.0,0.0,0.0,0.0,277859.959334385,277855.719614815,0.0,0.0,0.0,0.0,277851.4799963393,0.0,277859.959334385,277855.719614815,0.0,277859.959334385,277859.959334385,277859.959334385,277855.719614815,277855.719614815,0.0,0.0,0.0,0.0,0.0,0.0,0.0,277859.959334385,277855.719614815,277855.719614815,0.0,277855.719614815,277859.959334385,277851.4799963393,277851.4799963393,277859.959334385,277851.4799963393,277859.959334385,277859.959334385,277851.4799963393,277851.4799963393,277859.959334385,0.0,277859.959334385,277847.2404789625,277843.00106268923,277855.719614815,277859.959334385,277859.959334385,277855.719614815,277855.719614815,277859.959334385,0.0,277859.959334385,277859.959334385,277851.4799963393,277859.959334385,277855.719614815,277859.959334385,277843.00106268923,277855.719614815,277855.719614815,277834.52253347175,277851.4799963393,277830.2834205368,277859.959334385,277843.00106268923,277813.3279800639,277847.2404789625,277851.4799963393,277851.4799963393,277851.4799963393,277855.719614815,277859.959334385,277847.2404789625,277826.04440872394,277847.2404789625,277847.2404789625,277847.2404789625,277855.719614815,0.0,277851.4799963393,277859.959334385,0.0,277859.959334385,277859.959334385,277855.719614815,0.0,277851.4799963393,0.0,0.0,277859.959334385,277859.959334385,0.0,0.0,0.0,0.0,0.0,0.0,0.0,0.0,0.0,0.0,0.0,277859.959334385,277855.719614815,277859.959334385,277851.4799963393,277859.959334385,277859.959334385,277851.4799963393,277851.4799963393,277851.4799963393,277851.4799963393,277847.2404789625,277855.719614815,277847.2404789625,277855.719614815,277847.2404789625,277838.7617475241,277855.719614815,277834.52253347175,277851.4799963393,277817.5666884829,277834.52253347175,277834.52253347175,277821.80549803784,277809.0893727855,277787.89785366395,277796.3741578399,277809.0893727855,277813.3279800639,277796.3741578399,277787.89785366395,277813.3279800639,277817.5666884829,277792.1359551701,277783.65985332616,277787.89785366395,277800.6124616689,277792.1359551701,277783.65985332616,277787.89785366395,277787.89785366395,277796.3741578399,277787.89785366395,277758.23397609376,277737.0485280451,277766.708863751,277792.1359551701,277770.9464593691,277762.47136932425,277762.47136932425,277783.65985332616,277792.1359551701,277787.89785366395,277800.6124616689,277783.65985332616,277796.3741578399,277715.86561059457,277787.89785366395,277775.18415617413,277783.65985332616,277770.9464593691,277792.1359551701,277762.47136932425,277762.47136932425,277775.18415617413,277809.0893727855,277787.89785366395,277830.2834205368,277813.3279800639,277821.80549803784,277817.5666884829,277787.89785366395,277800.6124616689,277800.6124616689,277809.0893727855,277809.0893727855,277796.3741578399,277800.6124616689,277830.2834205368
277859.959334385,277859.959334385,277859.959334385,277859.959334385,277851.4799963393,0.0,277851.4799963393,0.0,0.0,0.0,277859.959334385,277859.959334385,0.0,277859.959334385,277855.719614815,277851.4799963393,277855.719614815,0.0,277855.719614815,277855.719614815,277851.4799963393,277855.719614815,277851.4799963393,0.0,0.0,277851.4799963393,277851.4799963393,277859.959334385,277859.959334385,277851.4799963393,277859.959334385,0.0,277855.719614815,277859.959334385,277859.959334385,277830.2834205368,277817.5666884829,277855.719614815,277847.2404789625,277843.00106268923,277855.719614815,277859.959334385,277855.719614815,277859.959334385,0.0,277859.959334385,277859.959334385,0.0,277855.719614815,0.0,277851.4799963393,0.0,277855.719614815,277859.959334385,277851.4799963393,277855.719614815,0.0,277859.959334385,277859.959334385,0.0,277859.959334385,277859.959334385,277855.719614815,277851.4799963393,277851.4799963393,0.0,277859.959334385,277859.959334385,277859.959334385,277859.959334385,0.0,0.0,277855.719614815,0.0,277855.719614815,0.0,277855.719614815,0.0,277859.959334385,277859.959334385,0.0,0.0,277859.959334385,277859.959334385,0.0,0.0,277859.959334385,0.0,0.0,0.0,0.0,0.0,0.0,277859.959334385,0.0,0.0,277859.959334385,277855.719614815,0.0,277859.959334385,0.0,277859.959334385,0.0,0.0,277859.959334385,0.0,277859.959334385,277855.719614815,277851.4799963393,277859.959334385,277847.2404789625,277847.2404789625,277851.4799963393,277855.719614815,277859.959334385,277855.719614815,277859.959334385,277855.719614815,277847.2404789625,277855.719614815,277851.4799963393,277859.959334385,277851.4799963393,0.0,277855.719614815,277855.719614815,277851.4799963393,277855.719614815,277859.959334385,277851.4799963393,0.0,277855.719614815,0.0,0.0,0.0,277859.959334385,277859.959334385,277859.959334385,277843.00106268923,277838.7617475241,277800.6124616689,277826.04440872394,277851.4799963393,277851.4799963393,277851.4799963393,277843.00106268923,277851.4799963393,277859.959334385,277855.719614815,277843.00106268923,277855.719614815,277821.80549803784,277830.2834205368,277834.52253347175,277859.959334385,0.0,0.0,277859.959334385,277859.959334385,0.0,0.0,277855.719614815,277859.959334385,277855.719614815,277859.959334385,277859.959334385,0.0,0.0,277851.4799963393,0.0,277859.959334385,277855.719614815,277859.959334385,277855.719614815,277859.959334385,277859.959334385,277855.719614815,0.0,0.0,277859.959334385,277855.719614815,277851.4799963393,277851.4799963393,277855.719614815,277859.959334385,277855.719614815,277838.7617475241,277855.719614815,277830.2834205368,277834.52253347175,277851.4799963393,277851.4799963393,277855.719614815,277855.719614815,277847.2404789625,277821.80549803784,277838.7617475241,277821.80549803784,277809.0893727855,277826.04440872394,277813.3279800639,277809.0893727855,277800.6124616689,277826.04440872394,277783.65985332616,277826.04440872394,277809.0893727855,277783.65985332616,277749.7594932397,277766.708863751,277826.04440872394,277779.42195416125,277796.3741578399,277809.0893727855,277787.89785366395,277792.1359551701,277775.18415617413,277779.42195416125,277766.708863751,277783.65985332616,277779.42195416125,277741.2854152256,277770.9464593691,277796.3741578399,277770.9464593691,277749.7594932397,277753.996684064,277775.18415617413,277775.18415617413,277770.9464593691,277770.9464593691,277792.1359551701,277762.47136932425,277753.996684064,277745.52240362525,277766.708863751,277783.65985332616,277753.996684064,277779.42195416125,277783.65985332616,277800.6124616689,277770.9464593691,277792.1359551701,277787.89785366395,277796.3741578399,277800.6124616689,277796.3741578399,277809.0893727855,277783.65985332616,277800.6124616689,277775.18415617413,277800.6124616689,277817.5666884829,277792.1359551701,277800.6124616689,277787.89785366395
0.0,277851.4799963393,277859.959334385,277855.719614815,0.0,0.0,0.0,0.0,277859.959334385,277855.719614815,0.0,0.0,277859.959334385,277859.959334385,277851.4799963393,277859.959334385,0.0,277859.959334385,277859.959334385,277859.959334385,277859.959334385,0.0,0.0,0.0,277859.959334385,277851.4799963393,277855.719614815,277859.959334385,277859.959334385,0.0,277851.4799963393,277855.719614815,277859.959334385,277859.959334385,277859.959334385,277838.7617475241,277838.7617475241,277847.2404789625,277855.719614815,277855.719614815,0.0,277851.4799963393,0.0,0.0,277855.719614815,0.0,277859.959334385,277855.719614815,277847.2404789625,277855.719614815,277855.719614815,0.0,277855.719614815,277855.719614815,277859.959334385,0.0,0.0,277855.719614815,0.0,277855.719614815,277859.959334385,277855.719614815,277834.52253347175,277830.2834205368,277847.2404789625,277855.719614815,277855.719614815,277843.00106268923,277843.00106268923,277855.719614815,0.0,277859.959334385,277851.4799963393,0.0,277851.4799963393,277859.959334385,0.0,0.0,277859.959334385,277859.959334385,277859.959334385,0.0,0.0,277855.719614815,277859.959334385,277859.959334385,0.0,277859.959334385,277859.959334385,0.0,0.0,0.0,277859.959334385,277859.959334385,277855.719614815,277855.719614815,277859.959334385,277859.959334385,0.0,0.0,277855.719614815,0.0,277859.959334385,277859.959334385,0.0,0.0,277859.959334385,0.0,277855.719614815,277855.719614815,277855.719614815,277855.719614815,277855.719614815,277855.719614815,277855.719614815,277859.959334385,277855.719614815,277859.959334385,277855.719614815,277847.2404789625,277851.4799963393,0.0,277851.4799963393,277855.719614815,277847.2404789625,277859.959334385,0.0,277851.4799963393,277859.959334385,277859.959334385,277859.959334385,0.0,277851.4799963393,0.0,0.0,0.0,277847.2404789625,277847.2404789625,277855.719614815,277843.00106268923,277843.00106268923,277847.2404789625,277847.2404789625,277859.959334385,277855.719614815,0.0,277859.959334385,277855.719614815,277859.959334385,277855.719614815,277843.00106268923,277834.52253347175,277847.2404789625,277847.2404789625,277851.4799963393,277859.959334385,277859.959334385,277859.959334385,277855.719614815,0.0,0.0,0.0,277855.719614815,277859.959334385,277859.959334385,277855.719614815,277859.959334385,0.0,277859.959334385,277859.959334385,0.0,0.0,277859.959334385,277859.959334385,277859.959334385,277859.959334385,277859.959334385,277855.719614815,277859.959334385,0.0,277859.959334385,0.0,277855.719614815,277859.959334385,277855.719614815,277838.7617475241,277851.4799963393,277855.719614815,277855.719614815,277843.00106268923,277855.719614815,277826.04440872394,277838.7617475241,277843.00106268923,277838.7617475241,277847.2404789625,277838.7617475241,277826.04440872394,277813.3279800639,277817.5666884829,277804.85086665227,277809.0893727855,277826.04440872394,277783.65985332616,277796.3741578399,277796.3741578399,277779.42195416125,277762.47136932425,277830.2834205368,277766.708863751,277796.3741578399,277809.0893727855,277796.3741578399,277809.0893727855,277813.3279800639,277813.3279800639,277809.0893727855,277804.85086665227,277766.708863751,277804.85086665227,277779.42195416125,277796.3741578399,277796.3741578399,277749.7594932397,277753.996684064,277783.65985332616,277775.18415617413,277758.23397609376,277770.9464593691,277770.9464593691,277800.6124616689,277779.42195416125,277758.23397609376,277745.52240362525,277783.65985332616,277792.1359551701,277770.9464593691,277749.7594932397,277779.42195416125,277792.1359551701,277758.23397609376,277770.9464593691,277779.42195416125,277766.708863751,277779.42195416125,277796.3741578399,277809.0893727855,277783.65985332616,277804.85086665227,277787.89785366395,277770.9464593691,277809.0893727855,277826.04440872394,277830.2834205368,277796.3741578399,277804.85086665227
277859.959334385,277859.959334385,277847.2404789625,277855.719614815,0.0,277859.959334385,0.0,0.0,277859.959334385,277859.959334385,0.0,277851.4799963393,277855.719614815,277847.2404789625,277855.719614815,0.0,277855.719614815,0.0,277855.719614815,277859.959334385,277859.959334385,277855.719614815,0.0,277843.00106268923,0.0,277859.959334385,0.0,0.0,277851.4799963393,0.0,0.0,0.0,277859.959334385,277855.719614815,277855.719614815,277855.719614815,277859.959334385,0.0,277855.719614815,277859.959334385,277859.959334385,0.0,277859.959334385,0.0,277855.719614815,0.0,0.0,277851.4799963393,277855.719614815,277851.4799963393,0.0,277855.719614815,277859.959334385,277859.959334385,277859.959334385,0.0,277859.959334385,277855.719614815,277851.4799963393,0.0,277847.2404789625,277843.00106268923,277855.719614815,277859.959334385,277843.00106268923,277859.959334385,0.0,277855.719614815,277855.719614815,277859.959334385,277859.959334385,277859.959334385,0.0,277859.959334385,0.0,277859.959334385,277859.959334385,0.0,277851.4799963393,0.0,0.0,0.0,0.0,277855.719614815,0.0,0.0,0.0,277859.959334385,277859.959334385,277859.959334385,0.0,277859.959334385,0.0,0.0,0.0,0.0,0.0,277859.959334385,277859.959334385,277859.959334385,277859.959334385,0.0,277859.959334385,277855.719614815,0.0,277859.959334385,277859.959334385,277859.959334385,277851.4799963393,0.0,277851.4799963393,277847.2404789625,277859.959334385,277851.4799963393,0.0,277859.959334385,277855.719614815,277855.719614815,0.0,277847.2404789625,277859.959334385,277859.959334385,277843.00106268923,277843.00106268923,277859.959334385,277847.2404789625,277855.719614815,277855.719614815,277847.2404789625,277855.719614815,0.0,277855.719614815,277859.959334385,277851.4799963393,277847.2404789625,0.0,277851.4799963393,277855.719614815,277859.959334385,277859.959334385,277847.2404789625,277851.4799963393,277851.4799963393,277855.719614815,277859.959334385,277859.959334385,277859.959334385,277859.959334385,277859.959334385,277855.719614815,277851.4799963393,277843.00106268923,277847.2404789625,277855.719614815,277847.2404789625,277855.719614815,277855.719614815,0.0,277859.959334385,0.0,0.0,277859.959334385,0.0,277859.959334385,277859.959334385,277859.959334385,277859.959334385,0.0,0.0,0.0,277855.719614815,0.0,277851.4799963393,277859.959334385,277859.959334385,277851.4799963393,277859.959334385,277859.959334385,277859.959334385,0.0,0.0,277859.959334385,277859.959334385,277851.4799963393,277855.719614815,277855.719614815,277855.719614815,277855.719614815,277843.00106268923,277855.719614815,277847.2404789625,277843.00106268923,277813.3279800639,277834.52253347175,277834.52253347175,277826.04440872394,277834.52253347175,277834.52253347175,277821.80549803784,277817.5666884829,277800.6124616689,277792.1359551701,277826.04440872394,277809.0893727855,277779.42195416125,277775.18415617413,277817.5666884829,277783.65985332616,277826.04440872394,277800.6124616689,277821.80549803784,277779.42195416125,277792.1359551701,277796.3741578399,277796.3741578399,277766.708863751,277800.6124616689,277741.2854152256,277770.9464593691,277783.65985332616,277804.85086665227,277775.18415617413,277783.65985332616,277783.65985332616,277749.7594932397,277787.89785366395,277770.9464593691,277821.80549803784,277800.6124616689,277770.9464593691,277775.18415617413,277787.89785366395,277762.47136932425,277783.65985332616,277770.9464593691,277779.42195416125,277796.3741578399,277787.89785366395,277741.2854152256,277800.6124616689,277762.47136932425,277804.85086665227,277796.3741578399,277779.42195416125,277775.18415617413,277792.1359551701,277775.18415617413,277753.996684064,277783.65985332616,277766.708863751,277809.0893727855,277796.3741578399,277834.52253347175,277821.80549803784,277826.04440872394,277783.65985332616
277859.959334385,277859.959334385,277859.959334385,277847.2404789625,277859.959334385,0.0,277859.959334385,277859.959334385,277855.719614815,0.0,277847.2404789625,277851.4799963393,277859.959334385,0.0,0.0,277855.719614815,0.0,277855.719614815,0.0,277859.959334385,0.0,277859.959334385,277855.719614815,277855.719614815,277859.959334385,277851.4799963393,277859.959334385,277859.959334385,277855.719614815,277847.2404789625,277859.959334385,0.0,277855.719614815,277859.959334385,0.0,277859.959334385,0.0,277859.959334385,277859.959334385,277851.4799963393,0.0,277855.719614815,277855.719614815,277843.00106268923,0.0,277847.2404789625,277847.2404789625,0.0,0.0,277855.719614815,277855.719614815,277859.959334385,0.0,277855.719614815,0.0,277851.4799963393,277859.959334385,277859.959334385,0.0,277859.959334385,277859.959334385,277838.7617475241,277855.719614815,277859.959334385,277855.719614815,277847.2404789625,0.0,277859.959334385,277859.959334385,0.0,277859.959334385,0.0,0.0,0.0,0.0,277859.959334385,0.0,277859.959334385,277859.959334385,0.0,0.0,0.0,0.0,277859.959334385,277855.719614815,0.0,277859.959334385,277855.719614815,277859.959334385,277855.719614815,277859.959334385,277859.959334385,277859.959334385,277859.959334385,277859.959334385,277859.959334385,277855.719614815,0.0,0.0,277859.959334385,277855.719614815,0.0,277859.959334385,0.0,0.0,0.0,277859.959334385,277859.959334385,277859.959334385,0.0,277851.4799963393,277859.959334385,0.0,277851.4799963393,277859.959334385,277855.719614815,277855.719614815,0.0,277851.4799963393,277851.4799963393,277859.959334385,277855.719614815,277851.4799963393,277859.959334385,277855.719614815,277851.4799963393,277843.00106268923,0.0,277838.7617475241,277855.719614815,0.0,277859.959334385,277847.2404789625,277859.959334385,277859.959334385,277859.959334385,277851.4799963393,277859.959334385,277855.719614815,0.0,277851.4799963393,277851.4799963393,277847.2404789625,0.0,277859.959334385,277859.959334385,277843.00106268923,0.0,0.0,277859.959334385,277851.4799963393,277851.4799963393,277843.00106268923,277851.4799963393,277859.959334385,0.0,0.0,0.0,277859.959334385,277859.959334385,277859.959334385,277859.959334385,277859.959334385,277859.959334385,0.0,277859.959334385,277855.719614815,0.0,0.0,277859.959334385,277859.959334385,0.0,277859.959334385,277859.959334385,277855.719614815,277859.959334385,277859.959334385,0.0,0.0,277843.00106268923,277843.00106268923,277855.719614815,277859.959334385,277859.959334385,0.0,0.0,277847.2404789625,277859.959334385,277851.4799963393,277847.2404789625,277851.4799963393,277834.52253347175,277838.7617475241,277855.719614815,277821.80549803784,277855.719614815,277821.80549803784,277809.0893727855,277843.00106268923,277800.6124616689,277813.3279800639,277826.04440872394,277783.65985332616,277800.6124616689,277809.0893727855,277758.23397609376,277809.0893727855,277762.47136932425,277796.3741578399,277804.85086665227,277817.5666884829,277775.18415617413,277770.9464593691,277792.1359551701,277792.1359551701,277775.18415617413,277804.85086665227,277753.996684064,277783.65985332616,277745.52240362525,277783.65985332616,277766.708863751,277770.9464593691,277804.85086665227,277758.23397609376,277766.708863751,277783.65985332616,277787.89785366395,277787.89785366395,277766.708863751,277804.85086665227,277762.47136932425,277800.6124616689,277796.3741578399,277775.18415617413,277787.89785366395,277796.3741578399,277792.1359551701,277770.9464593691,277779.42195416125,277800.6124616689,277732.8117420887,277792.1359551701,277766.708863751,277783.65985332616,277779.42195416125,277766.708863751,277779.42195416125,277762.47136932425,277800.6124616689,277804.85086665227,277809.0893727855,277792.1359551701,277796.3741578399,277796.3741578399,277779.42195416125
277851.4799963393,277855.719614815,277851.4799963393,277851.4799963393,0.0,0.0,277859.959334385,277859.959334385,0.0,277859.959334385,277847.2404789625,0.0,277847.2404789625,277859.959334385,0.0,0.0,277855.719614815,0.0,277855.719614815,277859.959334385,277859.959334385,277851.4799963393,0.0,277859.959334385,277855.719614815,0.0,277859.959334385,0.0,277855.719614815,0.0,277851.4799963393,277851.4799963393,277855.719614815,0.0,277859.959334385,277851.4799963393,277851.4799963393,277859.959334385,277859.959334385,0.0,277855.719614815,0.0,277859.959334385,277859.959334385,277859.959334385,277859.959334385,277859.959334385,277859.959334385,277855.719614815,277859.959334385,277847.2404789625,277859.959334385,277859.959334385,277855.719614815,0.0,277859.959334385,277855.719614815,277859.959334385,0.0,277859.959334385,0.0,277859.959334385,0.0,0.0,0.0,277859.959334385,277859.959334385,277855.719614815,277859.959334385,0.0,277859.959334385,0.0,0.0,277855.719614815,277859.959334385,0.0,277855.719614815,277859.959334385,277855.719614815,0.0,277859.959334385,277859.959334385,0.0,277859.959334385,277855.719614815,0.0,277859.959334385,0.0,277859.959334385,277855.719614815,0.0,0.0,0.0,0.0,277859.959334385,0.0,0.0,0.0,277859.959334385,0.0,277859.959334385,0.0,277859.959334385,277859.959334385,0.0,0.0,0.0,277851.4799963393,0.0,0.0,277859.959334385,277851.4799963393,277851.4799963393,0.0,0.0,277851.4799963393,0.0,277851.4799963393,277855.719614815,277843.00106268923,277859.959334385,277847.2404789625,277851.4799963393,277859.959334385,277859.959334385,277851.4799963393,277855.719614815,277843.00106268923,277847.2404789625,277855.719614815,277859.959334385,277855.719614815,277851.4799963393,277847.2404789625,277859.959334385,277855.719614815,277855.719614815,277855.719614815,277847.2404789625,277834.52253347175,277855.719614815,0.0,0.0,277855.719614815,0.0,277855.719614815,0.0,0.0,277855.719614815,277859.959334385,0.0,277851.4799963393,277855.719614815,277851.4799963393,0.0,0.0,0.0,277859.959334385,0.0,0.0,277859.959334385,277859.959334385,277859.959334385,277859.959334385,0.0,0.0,0.0,0.0,0.0,277859.959334385,0.0,0.0,0.0,277859.959334385,277859.959334385,277859.959334385,277859.959334385,277859.959334385,277859.959334385,277826.04440872394,277830.2834205368,277855.719614815,277859.959334385,277855.719614815,277859.959334385,277859.959334385,0.0,277851.4799963393,277851.4799963393,277851.4799963393,277834.52253347175,277834.52253347175,277834.52253347175,277826.04440872394,277830.2834205368,277821.80549803784,277809.0893727855,277813.3279800639,277813.3279800639,277821.80549803784,277809.0893727855,277787.89785366395,277800.6124616689,277796.3741578399,277800.6124616689,277770.9464593691,277766.708863751,277800.6124616689,277766.708863751,277783.65985332616,277783.65985332616,277783.65985332616,277796.3741578399,277796.3741578399,277804.85086665227,277779.42195416125,277749.7594932397,277804.85086665227,277775.18415617413,277787.89785366395,277753.996684064,277787.89785366395,277792.1359551701,277766.708863751,277809.0893727855,277787.89785366395,277770.9464593691,277758.23397609376,277783.65985332616,277737.0485280451,277779.42195416125,277775.18415617413,277766.708863751,277779.42195416125,277809.0893727855,277813.3279800639,277779.42195416125,277800.6124616689,277779.42195416125,277770.9464593691,277826.04440872394,277783.65985332616,277770.9464593691,277753.996684064,277775.18415617413,277779.42195416125,277792.1359551701,277775.18415617413,277779.42195416125,277792.1359551701,277800.6124616689,277783.65985332616,277809.0893727855,277770.9464593691,277796.3741578399,277817.5666884829
277859.959334385,277855.719614815,0.0,277859.959334385,277855.719614815,277859.959334385,0.0,0.0,277851.4799963393,277859.959334385,277855.719614815,0.0,277855.719614815,277859.959334385,277855.719614815,277855.719614815,277859.959334385,277859.959334385,277851.4799963393,277859.959334385,0.0,277855.719614815,277859.959334385,277859.959334385,0.0,0.0,277859.959334385,277855.719614815,277859.959334385,0.0,277859.959334385,277855.719614815,277859.959334385,277851.4799963393,277847.2404789625,277851.4799963393,277843.00106268923,277859.959334385,277851.4799963393,277855.719614815,0.0,277859.959334385,277843.00106268923,277859.959334385,0.0,277851.4799963393,0.0,277855.719614815,277855.719614815,277855.719614815,0.0,277838.7617475241,277851.4799963393,277859.959334385,277855.719614815,277855.719614815,0.0,277859.959334385,0.0,0.0,277851.4799963393,0.0,277859.959334385,0.0,277855.719614815,0.0,277859.959334385,277847.2404789625,0.0,277859.959334385,277855.719614815,277859.959334385,277859.959334385,0.0,277859.959334385,277859.959334385,0.0,277859.959334385,277859.959334385,277847.2404789625,0.0,0.0,0.0,277859.959334385,277859.959334385,277859.959334385,0.0,277851.4799963393,277859.959334385,0.0,0.0,0.0,0.0,0.0,277859.959334385,277855.719614815,0.0,0.0,0.0,277859.959334385,0.0,277859.959334385,0.0,277859.959334385,277847.2404789625,0.0,0.0,277855.719614815,277859.959334385,0.0,277859.959334385,277855.719614815,0.0,277859.959334385,277859.959334385,277855.719614815,277847.2404789625,277851.4799963393,277855.719614815,277847.2404789625,277855.719614815,277859.959334385,277838.7617475241,277847.2404789625,277859.959334385,277843.00106268923,277838.7617475241,277855.719614815,277855.719614815,277855.719614815,0.0,0.0,277855.719614815,277859.959334385,277843.00106268923,277859.959334385,277843.00106268923,277847.2404789625,277851.4799963393,277851.4799963393,277847.2404789625,277859.959334385,277859.959334385,0.0,277855.719614815,277859.959334385,0.0,0.0,0.0,0.0,277855.719614815,277855.719614815,277851.4799963393,277859.959334385,277859.959334385,277859.959334385,0.0,277855.719614815,0.0,277859.959334385,277855.719614815,277851.4799963393,277859.959334385,277855.719614815,0.0,277859.959334385,277851.4799963393,0.0,0.0,0.0,277859.959334385,0.0,0.0,277855.719614815,277859.959334385,0.0,277859.959334385,277859.959334385,0.0,277813.3279800639,277830.2834205368,277851.4799963393,277855.719614815,277855.719614815,0.0,0.0,277851.4799963393,277847.2404789625,277843.00106268923,277843.00106268923,277847.2404789625,277843.00106268923,277809.0893727855,277838.7617475241,277821.80549803784,277809.0893727855,277813.3279800639,277817.5666884829,277838.7617475241,277775.18415617413,277813.3279800639,277809.0893727855,277826.04440872394,277800.6124616689,277775.18415617413,277792.1359551701,277766.708863751,277766.708863751,277779.42195416125,277804.85086665227,277783.65985332616,277770.9464593691,277821.80549803784,277741.2854152256,277787.89785366395,277766.708863751,277813.3279800639,277783.65985332616,277800.6124616689,277787.89785366395,277766.708863751,277728.5750573608,277753.996684064,277766.708863751,277762.47136932425,277809.0893727855,277758.23397609376,277749.7594932397,277787.89785366395,277762.47136932425,277783.65985332616,277766.708863751,277753.996684064,277779.42195416125,277783.65985332616,277770.9464593691,277804.85086665227,277766.708863751,277783.65985332616,277770.9464593691,277749.7594932397,277766.708863751,277796.3741578399,277792.1359551701,277796.3741578399,277775.18415617413,277762.47136932425,277804.85086665227,277775.18415617413,277804.85086665227,277779.42195416125,277770.9464593691,277809.0893727855,277830.2834205368,277796.3741578399,277800.6124616689
277859.959334385,277855.719614815,277855.719614815,277859.959334385,277859.959334385,0.0,0.0,277855.719614815,277859.959334385,277843.00106268923,277859.959334385,277859.959334385,277851.4799963393,277859.959334385,0.0,277855.719614815,277851.4799963393,277859.959334385,277851.4799963393,277855.719614815,0.0,277855.719614815,277851.4799963393,277851.4799963393,277855.719614815,277855.719614815,277851.4799963393,277859.959334385,0.0,277851.4799963393,0.0,277859.959334385,277859.959334385,0.0,277847.2404789625,277859.959334385,277859.959334385,277859.959334385,277855.719614815,277851.4799963393,0.0,277855.719614815,277859.959334385,277859.959334385,277859.959334385,277855.719614815,277855.719614815,277859.959334385,0.0,0.0,277859.959334385,277859.959334385,0.0,0.0,0.0,277855.719614815,277859.959334385,277859.959334385,277859.959334385,277855.719614815,277859.959334385,0.0,0.0,277851.4799963393,277855.719614815,277859.959334385,277859.959334385,0.0,0.0,277855.719614815,0.0,277859.959334385,0.0,0.0,0.0,0.0,277855.719614815,0.0,0.0,0.0,277859.959334385,0.0,0.0,277859.959334385,277855.719614815,277859.959334385,277859.959334385,277859.959334385,0.0,0.0,0.0,277855.719614815,0.0,0.0,0.0,277859.959334385,0.0,0.0,0.0,0.0,277859.959334385,277859.959334385,0.0,0.0,0.0,277859.959334385,0.0,277859.959334385,0.0,277859.959334385,0.0,277855.719614815,0.0,277859.959334385,277855.719614815,0.0,277847.2404789625,277859.959334385,277859.959334385,277843.00106268923,277859.959334385,277855.719614815,277847.2404789625,277847.2404789625,277838.7617475241,277834.52253347175,277830.2834205368,277843.00106268923,277855.719614815,0.0,0.0,277859.959334385,277855.719614815,0.0,0.0,277847.2404789625,277851.4799963393,277851.4799963393,277843.00106268923,277826.04440872394,0.0,277859.959334385,277855.719614815,277851.4799963393,277859.959334385,277859.959334385,0.0,277855.719614815,0.0,0.0,277859.959334385,277859.959334385,277847.2404789625,277859.959334385,277859.959334385,277859.959334385,277855.719614815,277859.959334385,0.0,0.0,277859.959334385,277859.959334385,277855.719614815,277859.959334385,277859.959334385,277855.719614815,277855.719614815,277859.959334385,277859.959334385,277855.719614815,277855.719614815,0.0,0.0,277855.719614815,0.0,277859.959334385,277859.959334385,277859.959334385,277847.2404789625,277851.4799963393,277847.2404789625,277838.7617475241,277855.719614815,0.0,277859.959334385,277859.959334385,277843.00106268923,277843.00106268923,277855.719614815,277830.2834205368,277821.80549803784,277834.52253347175,277817.5666884829,277821.80549803784,277817.5666884829,277834.52253347175,277809.0893727855,277838.7617475241,277804.85086665227,277804.85086665227,277817.5666884829,277800.6124616689,277809.0893727855,277792.1359551701,277813.3279800639,277800.6124616689,277783.65985332616,277787.89785366395,277796.3741578399,277775.18415617413,277787.89785366395,277821.80549803784,277787.89785366395,277800.6124616689,277779.42195416125,277749.7594932397,277813.3279800639,277779.42195416125,277770.9464593691,277766.708863751,277766.708863751,277787.89785366395,277770.9464593691,277800.6124616689,277779.42195416125,277749.7594932397,277766.708863751,277762.47136932425,277758.23397609376,277741.2854152256,277770.9464593691,277775.18415617413,277796.3741578399,277762.47136932425,277749.7594932397,277737.0485280451,277796.3741578399,277787.89785366395,277796.3741578399,277770.9464593691,277787.89785366395,277796.3741578399,277792.1359551701,277770.9464593691,277779.42195416125,277779.42195416125,277766.708863751,277758.23397609376,277783.65985332616,277792.1359551701,277762.47136932425,277792.1359551701,277787.89785366395,277809.0893727855,277779.42195416125,277800.6124616689
0.0,277851.4799963393,277859.959334385,0.0,277859.959334385,277851.4799963393,277859.959334385,277859.959334385,0.0,277855.719614815,0.0,277855.719614815,277859.959334385,277859.959334385,277838.7617475241,0.0,0.0,0.0,277847.2404789625,277859.959334385,277851.4799963393,277851.4799963393,277855.719614815,277855.719614815,0.0,0.0,0.0,277859.959334385,277859.959334385,277859.959334385,277859.959334385,0.0,277855.719614815,277843.00106268923,277859.959334385,277851.4799963393,277847.2404789625,277855.719614815,277847.2404789625,0.0,277859.959334385,277855.719614815,0.0,0.0,277855.719614815,277855.719614815,277855.719614815,277859.959334385,0.0,277859.959334385,277859.959334385,277855.719614815,0.0,0.0,0.0,0.0,277859.959334385,277855.719614815,277859.959334385,0.0,0.0,277851.4799963393,0.0,277859.959334385,277855.719614815,0.0,277851.4799963393,0.0,277859.959334385,0.0,277855.719614815,0.0,277859.959334385,277855.719614815,277855.719614815,0.0,0.0,277859.959334385,0.0,0.0,0.0,0.0,0.0,277859.959334385,0.0,0.0,277855.719614815,277859.959334385,0.0,277855.719614815,0.0,0.0,0.0,277855.719614815,277859.959334385,277855.719614815,0.0,0.0,0.0,277859.959334385,0.0,277855.719614815,0.0,0.0,0.0,0.0,277859.959334385,0.0,277859.959334385,0.0,277847.2404789625,277843.00106268923,277851.4799963393,277859.959334385,277855.719614815,0.0,277855.719614815,277859.959334385,277855.719614815,277859.959334385,277855.719614815,277855.719614815,277855.719614815,277859.959334385,277830.2834205368,277843.00106268923,277847.2404789625,277847.2404789625,277855.719614815,277855.719614815,277859.959334385,277859.959334385,277855.719614815,0.0,277859.959334385,277855.719614815,0.0,277838.7617475241,277834.52253347175,277851.4799963393,0.0,277859.959334385,277859.959334385,277859.959334385,0.0,277855.719614815,277859.959334385,0.0,0.0,277851.4799963393,277859.959334385,277859.959334385,277859.959334385,277851.4799963393,277851.4799963393,0.0,277851.4799963393,0.0,277855.719614815,277855.719614815,277859.959334385,277843.00106268923,277830.2834205368,277847.2404789625,277859.959334385,277859.959334385,0.0,0.0,277855.719614815,277851.4799963393,277838.7617475241,277855.719614815,277855.719614815,0.0,0.0,277859.959334385,277859.959334385,0.0,0.0,277859.959334385,0.0,277855.719614815,277859.959334385,277859.959334385,0.0,277847.2404789625,0.0,277859.959334385,277847.2404789625,277847.2404789625,277834.52253347175,277834.52253347175,277834.52253347175,277834.52253347175,277809.0893727855,277787.89785366395,277792.1359551701,277804.85086665227,277783.65985332616,277787.89785366395,277800.6124616689,277787.89785366395,277770.9464593691,277796.3741578399,277800.6124616689,277766.708863751,277775.18415617413,277804.85086665227,277775.18415617413,277796.3741578399,277779.42195416125,277783.65985332616,277800.6124616689,277787.89785366395,277749.7594932397,277775.18415617413,277783.65985332616,277766.708863751,277796.3741578399,277792.1359551701,277732.8117420887,277779.42195416125,277792.1359551701,277766.708863751,277753.996684064,277749.7594932397,277809.0893727855,277796.3741578399,277800.6124616689,277783.65985332616,277766.708863751,277753.996684064,277787.89785366395,277800.6124616689,277745.52240362525,277741.2854152256,277762.47136932425,277800.6124616689,277800.6124616689,277775.18415617413,277783.65985332616,277753.996684064,277804.85086665227,277766.708863751,277753.996684064,277779.42195416125,277779.42195416125,277753.996684064,277804.85086665227,277775.18415617413,277741.2854152256,277775.18415617413,277787.89785366395,277787.89785366395,277800.6124616689,277834.52253347175
277851.4799963393,0.0,0.0,0.0,277855.719614815,0.0,277859.959334385,0.0,277851.4799963393,0.0,0.0,277847.2404789625,277847.2404789625,277859.959334385,277851.4799963393,277855.719614815,277859.959334385,277859.959334385,277855.719614815,277851.4799963393,277859.959334385,277847.2404789625,277855.719614815,277855.719614815,277855.719614815,277859.959334385,0.0,277859.959334385,0.0,277855.719614815,277859.959334385,277847.2404789625,0.0,277855.719614815,277859.959334385,277859.959334385,277847.2404789625,277859.959334385,277855.719614815,277851.4799963393,0.0,0.0,277859.959334385,277859.959334385,0.0,277855.719614815,0.0,277859.959334385,277859.959334385,0.0,277859.959334385,0.0,0.0,277859.959334385,277859.959334385,277855.719614815,277859.959334385,277847.2404789625,277851.4799963393,277859.959334385,277859.959334385,0.0,0.0,277859.959334385,277859.959334385,0.0,0.0,0.0,0.0,0.0,0.0,0.0,0.0,277859.959334385,277859.959334385,277859.959334385,0.0,277859.959334385,277855.719614815,0.0,0.0,0.0,0.0,277859.959334385,277855.719614815,277859.959334385,0.0,277859.959334385,277859.959334385,0.0,277859.959334385,277859.959334385,277859.959334385,0.0,0.0,277859.959334385,277855.719614815,277855.719614815,0.0,277859.959334385,0.0,0.0,277855.719614815,277859.959334385,0.0,277859.959334385,277851.4799963393,0.0,277851.4799963393,277859.959334385,277859.959334385,277855.719614815,277855.719614815,277859.959334385,277859.959334385,0.0,277855.719614815,277859.959334385,277859.959334385,277855.719614815,0.0,0.0,277859.959334385,277855.719614815,277851.4799963393,277851.4799963393,277859.959334385,277859.959334385,277855.719614815,277859.959334385,277859.959334385,0.0,277859.959334385,0.0,277851.4799963393,277859.959334385,277855.719614815,277859.959334385,277838.7617475241,277851.4799963393,0.0,277855.719614815,277859.959334385,277855.719614815,277851.4799963393,277859.959334385,277859.959334385,277859.959334385,277855.719614815,277843.00106268923,277859.959334385,277851.4799963393,277834.52253347175,277859.959334385,277847.2404789625,277847.2404789625,277855.719614815,277859.959334385,277855.719614815,0.0,277855.719614815,277855.719614815,0.0,277851.4799963393,277851.4799963393,0.0,0.0,277851.4799963393,277855.719614815,277859.959334385,277847.2404789625,277851.4799963393,277859.959334385,0.0,277859.959334385,277859.959334385,0.0,0.0,277859.959334385,277851.4799963393,0.0,277859.959334385,277859.959334385,0.0,277855.719614815,277834.52253347175,277859.959334385,277855.719614815,277843.00106268923,277843.00106268923,277834.52253347175,277834.52253347175,277817.5666884829,277783.65985332616,277817.5666884829,277800.6124616689,277800.6124616689,277787.89785366395,277792.1359551701,277796.3741578399,277758.23397609376,277821.80549803784,277804.85086665227,277766.708863751,277792.1359551701,277834.52253347175,277800.6124616689,277796.3741578399,277775.18415617413,277745.52240362525,277775.18415617413,277813.3279800639,277792.1359551701,277766.708863751,277775.18415617413,277783.65985332616,277796.3741578399,277796.3741578399,277753.996684064,277749.7594932397,277775.18415617413,277796.3741578399,277787.89785366395,277766.708863751,277758.23397609376,277758.23397609376,277775.18415617413,277775.18415617413,277796.3741578399,277775.18415617413,277779.42195416125,277762.47136932425,277775.18415617413,277796.3741578399,277821.80549803784,277792.1359551701,277762.47136932425,277762.47136932425,277775.18415617413,277792.1359551701,277796.3741578399,277779.42195416125,277779.42195416125,277766.708863751,277758.23397609376,277783.65985332616,277779.42195416125,277800.6124616689,277749.7594932397,277770.9464593691,277796.3741578399,277762.47136932425,277796.3741578399,277792.1359551701,277770.9464593691,277792.1359551701
0.0,277855.719614815,0.0,277859.959334385,277855.719614815,277855.719614815,277855.719614815,277859.959334385,277859.959334385,277859.959334385,0.0,277859.959334385,277855.719614815,0.0,0.0,277859.959334385,277855.719614815,0.0,0.0,277847.2404789625,0.0,277851.4799963393,277847.2404789625,277859.959334385,277855.719614815,277859.959334385,277859.959334385,277855.719614815,277859.959334385,277855.719614815,277855.719614815,277859.959334385,277859.959334385,277843.00106268923,0.0,0.0,0.0,277859.959334385,277851.4799963393,277859.959334385,0.0,277859.959334385,0.0,277859.959334385,0.0,277855.719614815,0.0,277859.959334385,277859.959334385,277859.959334385,0.0,0.0,277859.959334385,0.0,277859.959334385,0.0,277855.719614815,0.0,0.0,0.0,277855.719614815,277859.959334385,0.0,277859.959334385,277855.719614815,277859.959334385,277855.719614815,0.0,277859.959334385,0.0,277851.4799963393,277859.959334385,277859.959334385,277851.4799963393,277855.719614815,0.0,277855.719614815,0.0,277859.959334385,277859.959334385,0.0,0.0,0.0,0.0,277855.719614815,0.0,0.0,0.0,0.0,277859.959334385,277859.959334385,0.0,0.0,0.0,0.0,277859.959334385,0.0,277851.4799963393,277855.719614815,0.0,0.0,0.0,277859.959334385,0.0,0.0,0.0,277859.959334385,0.0,277859.959334385,277851.4799963393,277851.4799963393,0.0,0.0,277859.959334385,277855.719614815,0.0,0.0,277859.959334385,277859.959334385,0.0,277859.959334385,277859.959334385,277859.959334385,277859.959334385,277855.719614815,277847.2404789625,0.0,277855.719614815,277855.719614815,277851.4799963393,277855.719614815,0.0,277859.959334385,277851.4799963393,277859.959334385,0.0,277859.959334385,0.0,277843.00106268923,277859.959334385,0.0,277859.959334385,277855.719614815,277847.2404789625,277855.719614815,277859.959334385,0.0,277855.719614815,0.0,0.0,277859.959334385,277859.959334385,0.0,277851.4799963393,277855.719614815,277855.719614815,277847.2404789625,277851.4799963393,277859.959334385,277851.4799963393,277859.959334385,277855.719614815,277847.2404789625,277834.52253347175,277851.4799963393,277855.719614815,0.0,277859.959334385,277855.719614815,277855.719614815,277834.52253347175,277847.2404789625,277851.4799963393,0.0,0.0,0.0,0.0,277859.959334385,277859.959334385,277855.719614815,277855.719614815,0.0,277855.719614815,277851.4799963393,277843.00106268923,0.0,277859.959334385,277847.2404789625,277838.7617475241,277847.2404789625,277826.04440872394,277834.52253347175,277838.7617475241,277826.04440872394,277800.6124616689,277800.6124616689,277796.3741578399,277800.6124616689,277779.42195416125,277770.9464593691,277809.0893727855,277783.65985332616,277792.1359551701,277813.3279800639,277804.85086665227,277787.89785366395,277770.9464593691,277762.47136932425,277787.89785366395,277796.3741578399,277770.9464593691,277770.9464593691,277792.1359551701,277775.18415617413,277766.708863751,277775.18415617413,277775.18415617413,277758.23397609376,277762.47136932425,277745.52240362525,277804.85086665227,277728.5750573608,277762.47136932425,277749.7594932397,277745.52240362525,277787.89785366395,277796.3741578399,277753.996684064,277766.708863751,277779.42195416125,277787.89785366395,277792.1359551701,277783.65985332616,277762.47136932425,277783.65985332616,277804.85086665227,277787.89785366395,277804.85086665227,277753.996684064,277779.42195416125,277775.18415617413,277745.52240362525,277783.65985332616,277800.6124616689,277775.18415617413,277804.85086665227,277796.3741578399,277783.65985332616,277770.9464593691,277796.3741578399,277809.0893727855,277792.1359551701,277783.65985332616,277787.89785366395,277787.89785366395,277779.42195416125
277859.959334385,0.0,277859.959334385,277859.959334385,277851.4799963393,277843.00106268923,277847.2404789625,277855.719614815,277859.959334385,0.0,277859.959334385,0.0,0.0,277855.719614815,277859.959334385,0.0,277859.959334385,277859.959334385,277859.959334385,277859.959334385,0.0,0.0,277855.719614815,277859.959334385,277855.719614815,277851.4799963393,0.0,277859.959334385,277855.719614815,277859.959334385,277859.959334385,277851.4799963393,277859.959334385,277859.959334385,0.0,277855.719614815,277859.959334385,277855.719614815,277855.719614815,0.0,277859.959334385,0.0,0.0,277859.959334385,277855.719614815,0.0,0.0,277859.959334385,277851.4799963393,277855.719614815,277859.959334385,277855.719614815,0.0,0.0,277855.719614815,0.0,0.0,277859.959334385,277859.959334385,277859.959334385,277859.959334385,0.0,277859.959334385,0.0,277859.959334385,277859.959334385,0.0,0.0,277855.719614815,277859.959334385,0.0,0.0,277851.4799963393,0.0,0.0,277859.959334385,0.0,0.0,0.0,0.0,277855.719614815,0.0,0.0,0.0,277855.719614815,0.0,277859.959334385,0.0,0.0,0.0,277859.959334385,0.0,277859.959334385,0.0,277855.719614815,277859.959334385,0.0,277859.959334385,0.0,277855.719614815,0.0,277859.959334385,277855.719614815,277859.959334385,0.0,277859.959334385,277851.4799963393,277859.959334385,0.0,0.0,277859.959334385,277855.719614815,0.0,0.0,0.0,0.0,277851.4799963393,277851.4799963393,277855.719614815,277851.4799963393,0.0,277859.959334385,0.0,277859.959334385,277834.52253347175,277851.4799963393,277851.4799963393,277851.4799963393,277855.719614815,277855.719614815,277855.719614815,277859.959334385,0.0,0.0,277855.719614815,0.0,277855.719614815,277847.2404789625,277859.959334385,277859.959334385,277859.959334385,277851.4799963393,277859.959334385,277859.959334385,277851.4799963393,277859.959334385,0.0,277855.719614815,0.0,0.0,277859.959334385,0.0,277855.719614815,277859.959334385,277859.959334385,277859.959334385,277851.4799963393,277859.959334385,277855.719614815,0.0,277843.00106268923,277859.959334385,277847.2404789625,0.0,277843.00106268923,277855.719614815,277859.959334385,0.0,277855.719614815,277843.00106268923,277855.719614815,277859.959334385,277847.2404789625,0.0,0.0,277855.719614815,0.0,0.0,277859.959334385,277859.959334385,0.0,277859.959334385,277859.959334385,277851.4799963393,277847.2404789625,277843.00106268923,277859.959334385,277830.2834205368,277834.52253347175,277826.04440872394,277821.80549803784,277800.6124616689,277809.0893727855,277779.42195416125,277804.85086665227,277796.3741578399,277741.2854152256,277817.5666884829,277809.0893727855,277804.85086665227,277796.3741578399,277821.80549803784,277796.3741578399,277762.47136932425,277775.18415617413,277796.3741578399,277800.6124616689,277796.3741578399,277792.1359551701,277796.3741578399,277770.9464593691,277783.65985332616,277779.42195416125,277787.89785366395,277779.42195416125,277783.65985332616,277749.7594932397,277775.18415617413,277779.42195416125,277762.47136932425,277753.996684064,277800.6124616689,277766.708863751,277770.9464593691,277770.9464593691,277783.65985332616,277766.708863751,277770.9464593691,277758.23397609376,277804.85086665227,277783.65985332616,277809.0893727855,277783.65985332616,277775.18415617413,277800.6124616689,277762.47136932425,277753.996684064,277787.89785366395,277804.85086665227,277783.65985332616,277783.65985332616,277779.42195416125,277783.65985332616,277787.89785366395,277783.65985332616,277775.18415617413,277830.2834205368,277749.7594932397,277800.6124616689,277762.47136932425,277775.18415617413,277787.89785366395,277796.3741578399,277779.42195416125,277821.80549803784,277792.1359551701
277859.959334385,0.0,277859.959334385,277859.959334385,277855.719614815,0.0,277855.719614815,277859.959334385,0.0,277855.719614815,277847.2404789625,277859.959334385,0.0,0.0,277859.959334385,0.0,0.0,277855.719614815,0.0,277851.4799963393,0.0,0.0,277855.719614815,277859.959334385,0.0,0.0,277859.959334385,277859.959334385,277859.959334385,277855.719614815,277855.719614815,0.0,277859.959334385,0.0,277855.719614815,277859.959334385,277859.959334385,277855.719614815,277847.2404789625,277851.4799963393,277855.719614815,277851.4799963393,277859.959334385,277851.4799963393,277855.719614815,0.0,0.0,0.0,277851.4799963393,277859.959334385,277859.959334385,277859.959334385,277847.2404789625,0.0,0.0,277847.2404789625,0.0,0.0,277859.959334385,277859.959334385,277855.719614815,277859.959334385,277859.959334385,0.0,277859.959334385,277859.959334385,0.0,277859.959334385,277855.719614815,0.0,0.0,0.0,0.0,277855.719614815,277855.719614815,277855.719614815,277855.719614815,277859.959334385,0.0,277859.959334385,277859.959334385,0.0,0.0,0.0,277855.719614815,277859.959334385,277859.959334385,277855.719614815,0.0,0.0,0.0,277855.719614815,277855.719614815,277859.959334385,0.0,0.0,0.0,277859.959334385,277851.4799963393,0.0,0.0,0.0,0.0,0.0,277855.719614815,277859.959334385,0.0,277859.959334385,277855.719614815,277859.959334385,277851.4799963393,277855.719614815,0.0,277859.959334385,0.0,0.0,277847.2404789625,277855.719614815,277859.959334385,277851.4799963393,0.0,0.0,0.0,277855.719614815,277859.959334385,277847.2404789625,277859.959334385,0.0,277851.4799963393,277859.959334385,277855.719614815,277859.959334385,0.0,277855.719614815,277859.959334385,277859.959334385,277859.959334385,0.0,277855.719614815,0.0,0.0,277859.959334385,277859.959334385,277851.4799963393,277851.4799963393,277855.719614815,277859.959334385,277855.719614815,277859.959334385,277855.719614815,277859.959334385,277843.00106268923,277851.4799963393,277859.959334385,0.0,277859.959334385,0.0,277859.959334385,277859.959334385,277859.959334385,277859.959334385,277855.719614815,277847.2404789625,277855.719614815,277859.959334385,0.0,277855.719614815,0.0,277855.719614815,277859.959334385,277851.4799963393,277855.719614815,277859.959334385,0.0,277859.959334385,277855.719614815,277851.4799963393,0.0,277859.959334385,0.0,277847.2404789625,0.0,277855.719614815,277838.7617475241,277855.719614815,277859.959334385,277847.2404789625,277847.2404789625,277821.80549803784,277809.0893727855,277826.04440872394,277838.7617475241,277813.3279800639,277770.9464593691,277809.0893727855,277783.65985332616,277804.85086665227,277775.18415617413,277830.2834205368,277800.6124616689,277804.85086665227,277800.6124616689,277800.6124616689,277809.0893727855,277800.6124616689,277783.65985332616,277792.1359551701,277787.89785366395,277787.89785366395,277813.3279800639,277792.1359551701,277758.23397609376,277770.9464593691,277758.23397609376,277766.708863751,277779.42195416125,277762.47136932425,277783.65985332616,277800.6124616689,277766.708863751,277792.1359551701,277749.7594932397,277796.3741578399,277737.0485280451,277809.0893727855,277796.3741578399,277766.708863751,277787.89785366395,277724.338473866,277796.3741578399,277732.8117420887,277770.9464593691,277787.89785366395,277792.1359551701,277758.23397609376,277745.52240362525,277787.89785366395,277749.7594932397,277783.65985332616,277813.3279800639,277766.708863751,277745.52240362525,277753.996684064,277775.18415617413,277792.1359551701,277792.1359551701,277783.65985332616,277783.65985332616,277770.9464593691,277758.23397609376,277753.996684064,277796.3741578399,277762.47136932425,277766.708863751,277817.5666884829,277830.2834205368
277855.719614815,277851.4799963393,277855.719614815,277855.719614815,277859.959334385,277859.959334385,277859.959334385,277859.959334385,0.0,277851.4799963393,277855.719614815,277855.719614815,277859.959334385,277859.959334385,277851.4799963393,277859.959334385,277851.4799963393,277859.959334385,277859.959334385,277859.959334385,277855.719614815,277859.959334385,277855.719614815,277851.4799963393,277855.719614815,0.0,277855.719614815,277847.2404789625,277855.719614815,277855.719614815,277855.719614815,277859.959334385,0.0,0.0,0.0,0.0,277855.719614815,277859.959334385,277859.959334385,277859.959334385,277855.719614815,0.0,0.0,277859.959334385,277859.959334385,277855.719614815,277859.959334385,277855.719614815,0.0,277855.719614815,277859.959334385,277855.719614815,277855.719614815,277855.719614815,0.0,277859.959334385,277859.959334385,277859.959334385,277859.959334385,0.0,0.0,0.0,277855.719614815,277859.959334385,0.0,0.0,0.0,277859.959334385,0.0,0.0,277855.719614815,0.0,0.0,0.0,277859.959334385,0.0,277859.959334385,277859.959334385,277851.4799963393,277855.719614815,277855.719614815,0.0,0.0,0.0,0.0,277859.959334385,0.0,0.0,0.0,277859.959334385,277859.959334385,0.0,0.0,277859.959334385,277859.959334385,277859.959334385,0.0,0.0,0.0,0.0,0.0,277859.959334385,0.0,277855.719614815,277859.959334385,277859.959334385,277859.959334385,277859.959334385,277855.719614815,277851.4799963393,277851.4799963393,277851.4799963393,277843.00106268923,277859.959334385,277859.959334385,0.0,0.0,0.0,0.0,277851.4799963393,277859.959334385,277859.959334385,277859.959334385,277859.959334385,277855.719614815,277855.719614815,277847.2404789625,0.0,0.0,0.0,277859.959334385,277843.00106268923,277855.719614815,277859.959334385,277859.959334385,277859.959334385,0.0,277859.959334385,0.0,277859.959334385,0.0,0.0,277851.4799963393,277851.4799963393,277855.719614815,277847.2404789625,0.0,277859.959334385,277851.4799963393,277859.959334385,277855.719614815,277855.719614815,277859.959334385,277855.719614815,0.0,277859.959334385,0.0,277859.959334385,0.0,277859.959334385,277851.4799963393,277851.4799963393,277847.2404789625,277851.4799963393,277838.7617475241,277847.2404789625,0.0,277859.959334385,277859.959334385,277859.959334385,277855.719614815,277855.719614815,277859.959334385,277855.719614815,0.0,277851.4799963393,0.0,277859.959334385,277859.959334385,277859.959334385,277859.959334385,0.0,277859.959334385,277855.719614815,277855.719614815,277821.80549803784,277843.00106268923,277826.04440872394,277830.2834205368,277821.80549803784,277800.6124616689,277813.3279800639,277826.04440872394,277817.5666884829,277766.708863751,277770.9464593691,277758.23397609376,277792.1359551701,277783.65985332616,277813.3279800639,277809.0893727855,277800.6124616689,277796.3741578399,277796.3741578399,277792.1359551701,277800.6124616689,277783.65985332616,277745.52240362525,277783.65985332616,277779.42195416125,277792.1359551701,277809.0893727855,277770.9464593691,277809.0893727855,277770.9464593691,277783.65985332616,277758.23397609376,277762.47136932425,277758.23397609376,277770.9464593691,277779.42195416125,277770.9464593691,277783.65985332616,277800.6124616689,277766.708863751,277732.8117420887,277779.42195416125,277775.18415617413,277741.2854152256,277749.7594932397,277796.3741578399,277758.23397609376,277775.18415617413,277792.1359551701,277775.18415617413,277775.18415617413,277826.04440872394,277779.42195416125,277796.3741578399,277770.9464593691,277787.89785366395,277779.42195416125,277766.708863751,277804.85086665227,277749.7594932397,277792.1359551701,277745.52240362525,277796.3741578399,277796.3741578399,277796.3741578399,277779.42195416125,277753.996684064,277783.65985332616,277787.89785366395,277779.42195416125,277817.5666884829
277855.719614815,277859.959334385,277851.4799963393,0.0,277859.959334385,277859.959334385,0.0,277855.719614815,0.0,277855.719614815,0.0,0.0,277855.719614815,277851.4799963393,277859.959334385,277851.4799963393,277859.959334385,0.0,277855.719614815,277855.719614815,277851.4799963393,277855.719614815,277855.719614815,0.0,277851.4799963393,277859.959334385,277859.959334385,277859.959334385,277855.719614815,277859.959334385,0.0,277855.719614815,277855.719614815,0.0,0.0,277855.719614815,0.0,277859.959334385,0.0,0.0,277859.959334385,277859.959334385,0.0,0.0,0.0,277855.719614815,0.0,277855.719614815,277859.959334385,277859.959334385,0.0,277859.959334385,0.0,0.0,0.0,277859.959334385,277859.959334385,277855.719614815,0.0,277851.4799963393,277859.959334385,277859.959334385,277855.719614815,0.0,277859.959334385,0.0,0.0,0.0,277859.959334385,277859.959334385,277851.4799963393,277855.719614815,0.0,277855.719614815,0.0,277847.2404789625,0.0,277859.959334385,277855.719614815,0.0,0.0,0.0,0.0,0.0,0.0,277859.959334385,277859.959334385,277859.959334385,0.0,277855.719614815,0.0,277859.959334385,0.0,277859.959334385,277855.719614815,0.0,0.0,0.0,0.0,277859.959334385,277859.959334385,277859.959334385,0.0,277859.959334385,277859.959334385,277855.719614815,277851.4799963393,0.0,277838.7617475241,277859.959334385,277847.2404789625,277843.00106268923,277851.4799963393,0.0,277855.719614815,0.0,0.0,0.0,277855.719614815,277851.4799963393,0.0,277859.959334385,277847.2404789625,277859.959334385,277859.959334385,277855.719614815,0.0,277855.719614815,277859.959334385,277859.959334385,277855.719614815,277855.719614815,277859.959334385,0.0,0.0,277855.719614815,277855.719614815,277859.959334385,0.0,277855.719614815,277855.719614815,277855.719614815,277859.959334385,277859.959334385,0.0,277859.959334385,277859.959334385,277851.4799963393,277859.959334385,0.0,277859.959334385,0.0,277859.959334385,0.0,0.0,277859.959334385,0.0,0.0,0.0,277855.719614815,277855.719614815,277851.4799963393,0.0,0.0,0.0,277847.2404789625,277859.959334385,277859.959334385,277855.719614815,277859.959334385,277855.719614815,277847.2404789625,277859.959334385,277859.959334385,277851.4799963393,0.0,0.0,277859.959334385,277859.959334385,277847.2404789625,277859.959334385,0.0,277851.4799963393,277838.7617475241,277847.2404789625,277830.2834205368,277826.04440872394,277826.04440872394,277834.52253347175,277834.52253347175,277838.7617475241,277800.6124616689,277804.85086665227,277783.65985332616,277796.3741578399,277775.18415617413,277762.47136932425,277792.1359551701,277783.65985332616,277800.6124616689,277787.89785366395,277779.42195416125,277804.85086665227,277796.3741578399,277749.7594932397,277753.996684064,277770.9464593691,277775.18415617413,277800.6124616689,277792.1359551701,277783.65985332616,277762.47136932425,277783.65985332616,277766.708863751,277813.3279800639,277749.7594932397,277804.85086665227,277779.42195416125,277787.89785366395,277770.9464593691,277779.42195416125,277783.65985332616,277783.65985332616,277758.23397609376,277779.42195416125,277745.52240362525,277804.85086665227,277775.18415617413,277770.9464593691,277766.708863751,277792.1359551701,277796.3741578399,277783.65985332616,277749.7594932397,277804.85086665227,277775.18415617413,277745.52240362525,277779.42195416125,277766.708863751,277762.47136932425,277766.708863751,277762.47136932425,277766.708863751,277775.18415617413,277775.18415617413,277775.18415617413,277770.9464593691,277745.52240362525,277703.1570750521,277796.3741578399,277749.7594932397,277783.65985332616,277792.1359551701,277787.89785366395,277809.0893727855,277830.2834205368
277851.4799963393,277859.959334385,277855.719614815,277859.959334385,277859.959334385,277859.959334385,277859.959334385,277851.4799963393,277855.719614815,277855.719614815,277859.959334385,0.0,277859.959334385,0.0,0.0,277851.4799963393,277859.959334385,277859.959334385,277855.719614815,277855.719614815,277855.719614815,277859.959334385,277855.719614815,0.0,277859.959334385,277855.719614815,0.0,0.0,0.0,0.0,0.0,277851.4799963393,277855.719614815,277859.959334385,277855.719614815,277847.2404789625,0.0,0.0,277859.959334385,277859.959334385,277859.959334385,277855.719614815,277859.959334385,0.0,277855.719614815,277855.719614815,277855.719614815,277855.719614815,0.0,0.0,277859.959334385,277859.959334385,277855.719614815,0.0,277859.959334385,0.0,0.0,277851.4799963393,277855.719614815,0.0,277859.959334385,0.0,0.0,0.0,0.0,0.0,277859.959334385,0.0,277859.959334385,0.0,277859.959334385,277859.959334385,0.0,277855.719614815,0.0,277851.4799963393,0.0,0.0,0.0,0.0,0.0,0.0,277859.959334385,277859.959334385,277859.959334385,277859.959334385,277859.959334385,0.0,0.0,277859.959334385,277855.719614815,277859.959334385,0.0,0.0,0.0,0.0,0.0,0.0,277859.959334385,277855.719614815,277855.719614815,0.0,0.0,277855.719614815,0.0,277859.959334385,277859.959334385,277855.719614815,0.0,277847.2404789625,277851.4799963393,277851.4799963393,277834.52253347175,277859.959334385,277859.959334385,0.0,0.0,277859.959334385,277855.719614815,277855.719614815,0.0,0.0,0.0,0.0,0.0,277859.959334385,0.0,277855.719614815,277859.959334385,0.0,277855.719614815,277851.4799963393,277859.959334385,277859.959334385,277847.2404789625,0.0,277859.959334385,277859.959334385,277855.719614815,0.0,277859.959334385,277859.959334385,0.0,277859.959334385,277859.959334385,0.0,0.0,0.0,277847.2404789625,0.0,277859.959334385,277855.719614815,277851.4799963393,277855.719614815,277855.719614815,0.0,277855.719614815,277855.719614815,277859.959334385,277859.959334385,277851.4799963393,277859.959334385,277851.4799963393,277855.719614815,277855.719614815,0.0,277851.4799963393,277855.719614815,277859.959334385,0.0,277847.2404789625,277859.959334385,277859.959334385,277855.719614815,277847.2404789625,277859.959334385,277851.4799963393,0.0,277851.4799963393,277855.719614815,0.0,277851.4799963393,277847.2404789625,277851.4799963393,277859.959334385,277830.2834205368,277843.00106268923,277821.80549803784,277821.80549803784,277792.1359551701,277809.0893727855,277775.18415617413,277796.3741578399,277766.708863751,277813.3279800639,277779.42195416125,277809.0893727855,277804.85086665227,277796.3741578399,277783.65985332616,277821.80549803784,277770.9464593691,277779.42195416125,277770.9464593691,277792.1359551701,277796.3741578399,277809.0893727855,277762.47136932425,277775.18415617413,277779.42195416125,277779.42195416125,277775.18415617413,277813.3279800639,277770.9464593691,277817.5666884829,277770.9464593691,277762.47136932425,277804.85086665227,277804.85086665227,277787.89785366395,277762.47136932425,277779.42195416125,277792.1359551701,277787.89785366395,277783.65985332616,277779.42195416125,277758.23397609376,277792.1359551701,277758.23397609376,277775.18415617413,277783.65985332616,277720.1019916091,277745.52240362525,277792.1359551701,277779.42195416125,277741.2854152256,277796.3741578399,277770.9464593691,277745.52240362525,277732.8117420887,277804.85086665227,277762.47136932425,277792.1359551701,277783.65985332616,277775.18415617413,277766.708863751,277787.89785366395,277787.89785366395,277758.23397609376,277770.9464593691,277783.65985332616,277792.1359551701,277779.42195416125,277792.1359551701,277804.85086665227,277796.3741578399
277851.4799963393,277851.4799963393,277851.4799963393,277859.959334385,277859.959334385,0.0,0.0,0.0,277855.719614815,0.0,277851.4799963393,0.0,277859.959334385,0.0,277851.4799963393,277859.959334385,0.0,277855.719614815,277855.719614815,0.0,277859.959334385,277855.719614815,277838.7617475241,0.0,277851.4799963393,277851.4799963393,277859.959334385,277859.959334385,0.0,277855.719614815,277855.719614815,277847.2404789625,277859.959334385,277855.719614815,0.0,277855.719614815,0.0,277859.959334385,0.0,0.0,277855.719614815,0.0,277855.719614815,0.0,277859.959334385,277859.959334385,0.0,277859.959334385,277855.719614815,277859.959334385,277855.719614815,277859.959334385,0.0,277855.719614815,0.0,0.0,277855.719614815,277859.959334385,277855.719614815,0.0,277859.959334385,0.0,0.0,0.0,277859.959334385,277859.959334385,277859.959334385,0.0,277859.959334385,0.0,277855.719614815,277859.959334385,0.0,277855.719614815,277859.959334385,0.0,277859.959334385,0.0,277859.959334385,277855.719614815,0.0,0.0,277859.959334385,277859.959334385,0.0,0.0,0.0,277859.959334385,0.0,0.0,0.0,277859.959334385,0.0,277859.959334385,0.0,277859.959334385,0.0,0.0,277859.959334385,0.0,277855.719614815,0.0,277855.719614815,0.0,277859.959334385,0.0,0.0,0.0,277855.719614815,277834.52253347175,277855.719614815,0.0,277859.959334385,0.0,277855.719614815,277855.719614815,277859.959334385,0.0,277859.959334385,0.0,0.0,0.0,277859.959334385,0.0,277859.959334385,277859.959334385,0.0,277859.959334385,277855.719614815,277859.959334385,277859.959334385,277855.719614815,277855.719614815,0.0,277843.00106268923,277847.2404789625,277855.719614815,277859.959334385,277855.719614815,0.0,277859.959334385,0.0,0.0,0.0,277859.959334385,0.0,277855.719614815,277859.959334385,277847.2404789625,277859.959334385,277859.959334385,277855.719614815,277855.719614815,277851.4799963393,277851.4799963393,0.0,0.0,277859.959334385,277859.959334385,0.0,0.0,0.0,277859.959334385,277834.52253347175,277838.7617475241,277859.959334385,277859.959334385,277851.4799963393,277859.959334385,277859.959334385,277859.959334385,277851.4799963393,277851.4799963393,277855.719614815,277859.959334385,277859.959334385,277851.4799963393,0.0,277855.719614815,277847.2404789625,277847.2404789625,277830.2834205368,277847.2404789625,277843.00106268923,277851.4799963393,277830.2834205368,277838.7617475241,277821.80549803784,277809.0893727855,277809.0893727855,277821.80549803784,277792.1359551701,277796.3741578399,277809.0893727855,277779.42195416125,277787.89785366395,277779.42195416125,277787.89785366395,277796.3741578399,277792.1359551701,277800.6124616689,277783.65985332616,277779.42195416125,277779.42195416125,277796.3741578399,277762.47136932425,277792.1359551701,277779.42195416125,277779.42195416125,277800.6124616689,277787.89785366395,277770.9464593691,277770.9464593691,277796.3741578399,277766.708863751,277762.47136932425,277809.0893727855,277758.23397609376,277796.3741578399,277787.89785366395,277779.42195416125,277783.65985332616,277753.996684064,277770.9464593691,277813.3279800639,277749.7594932397,277749.7594932397,277770.9464593691,277775.18415617413,277770.9464593691,277779.42195416125,277766.708863751,277787.89785366395,277796.3741578399,277813.3279800639,277775.18415617413,277766.708863751,277783.65985332616,277758.23397609376,277796.3741578399,277809.0893727855,277762.47136932425,277741.2854152256,277783.65985332616,277753.996684064,277741.2854152256,277787.89785366395,277749.7594932397,277770.9464593691,277770.9464593691,277804.85086665227,277758.23397609376,277753.996684064,277809.0893727855,277796.3741578399,277787.89785366395
0.0,277859.959334385,0.0,0.0,0.0,277859.959334385,0.0,277855.719614815,277859.959334385,0.0,0.0,0.0,0.0,0.0,0.0,0.0,0.0,277859.959334385,277859.959334385,0.0,0.0,277851.4799963393,277859.959334385,0.0,277855.719614815,277859.959334385,277859.959334385,0.0,277847.2404789625,277855.719614815,277859.959334385,0.0,277847.2404789625,277855.719614815,0.0,277859.959334385,277855.719614815,277859.959334385,277855.719614815,277855.719614815,0.0,277859.959334385,0.0,277859.959334385,277859.959334385,0.0,277859.959334385,277855.719614815,0.0,277859.959334385,0.0,277855.719614815,0.0,277851.4799963393,0.0,277859.959334385,0.0,0.0,0.0,277859.959334385,0.0,0.0,277855.719614815,0.0,0.0,0.0,0.0,0.0,277855.719614815,277859.959334385,0.0,0.0,0.0,0.0,277859.959334385,0.0,277859.959334385,277855.719614815,0.0,0.0,277859.959334385,277847.2404789625,277859.959334385,0.0,277859.959334385,277851.4799963393,0.0,277859.959334385,0.0,0.0,0.0,277859.959334385,0.0,277859.959334385,277859.959334385,0.0,277859.959334385,277859.959334385,277851.4799963393,277859.959334385,277859.959334385,0.0,0.0,0.0,277859.959334385,277859.959334385,277843.00106268923,277838.7617475241,277851.4799963393,277859.959334385,277847.2404789625,277855.719614815,0.0,0.0,277851.4799963393,277859.959334385,277859.959334385,277859.959334385,277855.719614815,0.0,277855.719614815,277855.719614815,0.0,277859.959334385,0.0,0.0,277859.959334385,0.0,0.0,0.0,277859.959334385,277851.4799963393,277855.719614815,277851.4799963393,277847.2404789625,277851.4799963393,277838.7617475241,0.0,277851.4799963393,277859.959334385,277859.959334385,0.0,277855.719614815,277859.959334385,0.0,277859.959334385,0.0,0.0,277855.719614815,0.0,277851.4799963393,277851.4799963393,277855.719614815,277851.4799963393,277851.4799963393,277855.719614815,277855.719614815,0.0,277855.719614815,277859.959334385,277855.719614815,277847.2404789625,277855.719614815,277851.4799963393,0.0,0.0,0.0,277859.959334385,277859.959334385,277855.719614815,277851.4799963393,0.0,277859.959334385,277859.959334385,277855.719614815,277859.959334385,0.0,277859.959334385,277859.959334385,277859.959334385,277838.7617475241,277847.2404789625,277847.2404789625,277838.7617475241,277843.00106268923,277851.4799963393,277834.52253347175,277830.2834205368,277800.6124616689,277783.65985332616,277821.80549803784,277809.0893727855,277800.6124616689,277779.42195416125,277792.1359551701,277749.7594932397,277770.9464593691,277770.9464593691,277783.65985332616,277809.0893727855,277817.5666884829,277817.5666884829,277783.65985332616,277787.89785366395,277792.1359551701,277775.18415617413,277753.996684064,277792.1359551701,277728.5750573608,277809.0893727855,277770.9464593691,277749.7594932397,277783.65985332616,277766.708863751,277762.47136932425,277766.708863751,277783.65985332616,277800.6124616689,277792.1359551701,277753.996684064,277796.3741578399,277779.42195416125,277779.42195416125,277762.47136932425,277762.47136932425,277783.65985332616,277796.3741578399,277758.23397609376,277783.65985332616,277762.47136932425,277745.52240362525,277783.65985332616,277762.47136932425,277779.42195416125,277766.708863751,277787.89785366395,277749.7594932397,277787.89785366395,277779.42195416125,277775.18415617413,277804.85086665227,277770.9464593691,277741.2854152256,277766.708863751,277770.9464593691,277796.3741578399,277800.6124616689,277741.2854152256,277783.65985332616,277724.338473866,277783.65985332616,277762.47136932425,277753.996684064,277800.6124616689,277792.1359551701,277821.80549803784
0.0,277859.959334385,277855.719614815,277855.719614815,277859.959334385,0.0,277855.719614815,277855.719614815,277847.2404789625,0.0,277859.959334385,0.0,0.0,0.0,277859.959334385,0.0,277855.719614815,277859.959334385,0.0,277859.959334385,277859.959334385,277859.959334385,277855.719614815,277859.959334385,277859.959334385,0.0,277859.959334385,277859.959334385,277859.959334385,0.0,0.0,0.0,277851.4799963393,277855.719614815,277859.959334385,277859.959334385,0.0,0.0,0.0,0.0,0.0,277859.959334385,0.0,0.0,277859.959334385,277855.719614815,277859.959334385,277855.719614815,0.0,0.0,277855.719614815,277859.959334385,277855.719614815,0.0,277859.959334385,277855.719614815,277859.959334385,277851.4799963393,0.0,277859.959334385,0.0,277859.959334385,0.0,0.0,277859.959334385,277859.959334385,277859.959334385,0.0,0.0,0.0,0.0,277851.4799963393,277859.959334385,277847.2404789625,277855.719614815,277855.719614815,277859.959334385,0.0,0.0,0.0,277859.959334385,0.0,277855.719614815,0.0,277855.719614815,277859.959334385,0.0,0.0,277859.959334385,277859.959334385,277859.959334385,0.0,277859.959334385,277859.959334385,277859.959334385,277859.959334385,0.0,277859.959334385,277855.719614815,277855.719614815,277859.959334385,0.0,277859.959334385,0.0,277859.959334385,277847.2404789625,277847.2404789625,277859.959334385,277834.52253347175,277859.959334385,277855.719614815,277859.959334385,0.0,277855.719614815,277859.959334385,277847.2404789625,277847.2404789625,277859.959334385,277859.959334385,0.0,0.0,277851.4799963393,277859.959334385,277859.959334385,277855.719614815,0.0,0.0,277859.959334385,277859.959334385,277859.959334385,0.0,277859.959334385,277859.959334385,0.0,277859.959334385,277851.4799963393,277843.00106268923,277855.719614815,277859.959334385,277851.4799963393,277855.719614815,0.0,0.0,277855.719614815,277855.719614815,277859.959334385,277859.959334385,277859.959334385,277859.959334385,277859.959334385,277855.719614815,277859.959334385,277859.959334385,277855.719614815,277851.4799963393,277847.2404789625,277859.959334385,277859.959334385,0.0,0.0,277859.959334385,277859.959334385,277843.00106268923,277855.719614815,277855.719614815,277855.719614815,0.0,277855.719614815,277855.719614815,277851.4799963393,277843.00106268923,277859.959334385,277851.4799963393,0.0,0.0,277851.4799963393,0.0,0.0,277855.719614815,277851.4799963393,277855.719614815,0.0,0.0,277851.4799963393,277834.52253347175,277834.52253347175,277830.2834205368,277834.52253347175,277804.85086665227,277792.1359551701,277796.3741578399,277817.5666884829,277813.3279800639,277796.3741578399,277783.65985332616,277779.42195416125,277792.1359551701,277792.1359551701,277800.6124616689,277779.42195416125,277800.6124616689,277741.2854152256,277745.52240362525,277779.42195416125,277783.65985332616,277787.89785366395,277753.996684064,277787.89785366395,277753.996684064,277775.18415617413,277741.2854152256,277779.42195416125,277753.996684064,277775.18415617413,277770.9464593691,277766.708863751,277762.47136932425,277783.65985332616,277775.18415617413,277770.9464593691,277787.89785366395,277770.9464593691,277804.85086665227,277770.9464593691,277787.89785366395,277792.1359551701,277753.996684064,277745.52240362525,277753.996684064,277770.9464593691,277804.85086665227,277753.996684064,277792.1359551701,277783.65985332616,277741.2854152256,277792.1359551701,277779.42195416125,277732.8117420887,277745.52240362525,277787.89785366395,277796.3741578399,277796.3741578399,277800.6124616689,277817.5666884829,277796.3741578399,277753.996684064,277792.1359551701,277762.47136932425,277758.23397609376,277762.47136932425,277787.89785366395,277762.47136932425,277753.996684064,277766.708863751,277770.9464593691,277758.23397609376
277859.959334385,277859.959334385,277859.959334385,0.0,277859.959334385,277851.4799963393,277859.959334385,277859.959334385,277847.2404789625,277859.959334385,277851.4799963393,277851.4799963393,277851.4799963393,0.0,0.0,277859.959334385,277859.959334385,277859.959334385,0.0,277859.959334385,277855.719614815,277859.959334385,0.0,0.0,0.0,277851.4799963393,0.0,0.0,277847.2404789625,0.0,0.0,277859.959334385,277859.959334385,277859.959334385,0.0,277859.959334385,0.0,0.0,0.0,0.0,0.0,277855.719614815,277859.959334385,277859.959334385,0.0,0.0,277855.719614815,277859.959334385,277859.959334385,277847.2404789625,277859.959334385,0.0,0.0,277855.719614815,277859.959334385,0.0,277859.959334385,0.0,277859.959334385,277855.719614815,277859.959334385,277859.959334385,277859.959334385,0.0,277859.959334385,0.0,0.0,0.0,0.0,0.0,277851.4799963393,0.0,0.0,0.0,277859.959334385,277859.959334385,0.0,0.0,0.0,0.0,277851.4799963393,277851.4799963393,277859.959334385,0.0,0.0,0.0,277855.719614815,277855.719614815,277859.959334385,0.0,277859.959334385,277859.959334385,277859.959334385,0.0,0.0,0.0,0.0,277859.959334385,277859.959334385,0.0,277859.959334385,277859.959334385,277859.959334385,0.0,0.0,277855.719614815,277859.959334385,0.0,277851.4799963393,277855.719614815,277851.4799963393,277859.959334385,277859.959334385,277855.719614815,277838.7617475241,277690.4494508586,277766.708863751,277843.00106268923,277859.959334385,277855.719614815,277859.959334385,0.0,277859.959334385,277859.959334385,277847.2404789625,277859.959334385,277859.959334385,277859.959334385,277859.959334385,277859.959334385,0.0,0.0,277859.959334385,0.0,277859.959334385,277859.959334385,0.0,0.0,277859.959334385,0.0,277859.959334385,0.0,0.0,0.0,0.0,277859.959334385,277859.959334385,277859.959334385,0.0,0.0,277859.959334385,0.0,0.0,0.0,277855.719614815,0.0,277859.959334385,277851.4799963393,277859.959334385,277851.4799963393,0.0,277859.959334385,277847.2404789625,277855.719614815,277859.959334385,277859.959334385,277847.2404789625,277838.7617475241,277859.959334385,277855.719614815,0.0,0.0,0.0,277859.959334385,0.0,277859.959334385,0.0,277859.959334385,277847.2404789625,277838.7617475241,277851.4799963393,277859.959334385,277847.2404789625,277834.52253347175,277834.52253347175,277843.00106268923,277804.85086665227,277804.85086665227,277804.85086665227,277821.80549803784,277821.80549803784,277809.0893727855,277826.04440872394,277809.0893727855,277779.42195416125,277787.89785366395,277787.89785366395,277766.708863751,277779.42195416125,277783.65985332616,277779.42195416125,277796.3741578399,277800.6124616689,277762.47136932425,277800.6124616689,277766.708863751,277753.996684064,277749.7594932397,277779.42195416125,277762.47136932425,277792.1359551701,277749.7594932397,277779.42195416125,277753.996684064,277779.42195416125,277796.3741578399,277792.1359551701,277800.6124616689,277775.18415617413,277783.65985332616,277762.47136932425,277796.3741578399,277766.708863751,277804.85086665227,277779.42195416125,277779.42195416125,277783.65985332616,277766.708863751,277749.7594932397,277758.23397609376,277775.18415617413,277809.0893727855,277783.65985332616,277792.1359551701,277770.9464593691,277745.52240362525,277775.18415617413,277741.2854152256,277745.52240362525,277758.23397609376,277792.1359551701,277783.65985332616,277758.23397609376,277766.708863751,277762.47136932425,277758.23397609376,277762.47136932425,277800.6124616689,277787.89785366395,277762.47136932425,277779.42195416125,277779.42195416125,277779.42195416125,277779.42195416125,277732.8117420887,277770.9464593691
277859.959334385,277859.959334385,0.0,277855.719614815,277859.959334385,0.0,277851.4799963393,277855.719614815,277855.719614815,277847.2404789625,277859.959334385,0.0,277851.4799963393,277851.4799963393,277855.719614815,277859.959334385,277859.959334385,277847.2404789625,277859.959334385,277859.959334385,277851.4799963393,277859.959334385,0.0,277859.959334385,277859.959334385,277859.959334385,277855.719614815,277855.719614815,277851.4799963393,277859.959334385,277859.959334385,277859.959334385,277859.959334385,0.0,0.0,0.0,277851.4799963393,0.0,277859.959334385,277855.719614815,0.0,0.0,277859.959334385,277847.2404789625,277859.959334385,277855.719614815,277859.959334385,277855.719614815,277855.719614815,277851.4799963393,0.0,277855.719614815,277847.2404789625,277859.959334385,277859.959334385,0.0,277855.719614815,277859.959334385,0.0,0.0,277859.959334385,0.0,0.0,0.0,277859.959334385,277855.719614815,0.0,277859.959334385,277859.959334385,0.0,0.0,277859.959334385,277859.959334385,277859.959334385,277859.959334385,277859.959334385,0.0,0.0,277859.959334385,277859.959334385,0.0,277859.959334385,277855.719614815,0.0,277859.959334385,0.0,0.0,277851.4799963393,0.0,277859.959334385,277851.4799963393,277859.959334385,277859.959334385,277855.719614815,277851.4799963393,277855.719614815,0.0,277859.959334385,0.0,0.0,277859.959334385,0.0,277851.4799963393,0.0,277855.719614815,277855.719614815,277859.959334385,277859.959334385,0.0,277851.4799963393,277851.4799963393,0.0,277855.719614815,277855.719614815,277851.4799963393,277707.3931523115,277753.996684064,277851.4799963393,277859.959334385,277859.959334385,0.0,0.0,0.0,277859.959334385,0.0,0.0,0.0,277859.959334385,0.0,277859.959334385,277859.959334385,0.0,0.0,277851.4799963393,0.0,0.0,0.0,277859.959334385,277855.719614815,0.0,0.0,0.0,277859.959334385,277859.959334385,277855.719614815,0.0,0.0,0.0,277855.719614815,277859.959334385,277859.959334385,0.0,277859.959334385,0.0,0.0,0.0,277851.4799963393,277859.959334385,277855.719614815,277851.4799963393,277851.4799963393,0.0,277859.959334385,277859.959334385,277851.4799963393,277859.959334385,0.0,277855.719614815,0.0,0.0,277859.959334385,277859.959334385,277855.719614815,0.0,277859.959334385,277855.719614815,277859.959334385,277855.719614815,277859.959334385,277847.2404789625,277859.959334385,277847.2404789625,277855.719614815,277843.00106268923,277813.3279800639,277843.00106268923,277800.6124616689,277800.6124616689,277813.3279800639,277779.42195416125,277787.89785366395,277800.6124616689,277821.80549803784,277779.42195416125,277813.3279800639,277783.65985332616,277796.3741578399,277783.65985332616,277787.89785366395,277787.89785366395,277817.5666884829,277817.5666884829,277796.3741578399,277796.3741578399,277766.708863751,277758.23397609376,277796.3741578399,277792.1359551701,277809.0893727855,277762.47136932425,277770.9464593691,277783.65985332616,277779.42195416125,277758.23397609376,277792.1359551701,277783.65985332616,277749.7594932397,277787.89785366395,277762.47136932425,277796.3741578399,277737.0485280451,277800.6124616689,277775.18415617413,277762.47136932425,277770.9464593691,277737.0485280451,277783.65985332616,277783.65985332616,277762.47136932425,277758.23397609376,277775.18415617413,277766.708863751,277800.6124616689,277762.47136932425,277783.65985332616,277796.3741578399,277749.7594932397,277792.1359551701,277766.708863751,277787.89785366395,277766.708863751,277749.7594932397,277787.89785366395,277770.9464593691,277745.52240362525,277762.47136932425,277749.7594932397,277766.708863751,277766.708863751,277753.996684064,277770.9464593691,277770.9464593691,277800.6124616689,277779.42195416125,277783.65985332616,277728.5750573608
277847.2404789625,277851.4799963393,277859.959334385,277859.959334385,0.0,277851.4799963393,0.0,0.0,277859.959334385,0.0,277855.719614815,0.0,277859.959334385,0.0,277859.959334385,277859.959334385,277859.959334385,277859.959334385,277855.719614815,0.0,277847.2404789625,277851.4799963393,277859.959334385,0.0,277851.4799963393,277855.719614815,0.0,277855.719614815,277855.719614815,277859.959334385,0.0,0.0,277855.719614815,0.0,277851.4799963393,277859.959334385,277859.959334385,277859.959334385,0.0,277859.959334385,277855.719614815,277851.4799963393,277859.959334385,277851.4799963393,277859.959334385,277859.959334385,277851.4799963393,277851.4799963393,277855.719614815,0.0,277855.719614815,277859.959334385,0.0,277859.959334385,0.0,0.0,277859.959334385,277859.959334385,0.0,277855.719614815,277859.959334385,0.0,0.0,277855.719614815,0.0,277859.959334385,0.0,0.0,277859.959334385,0.0,0.0,0.0,0.0,0.0,0.0,277859.959334385,277859.959334385,277859.959334385,277859.959334385,277859.959334385,277859.959334385,0.0,277859.959334385,0.0,277851.4799963393,277859.959334385,277859.959334385,277859.959334385,277859.959334385,277859.959334385,0.0,0.0,0.0,277859.959334385,277847.2404789625,277851.4799963393,277855.719614815,277855.719614815,277851.4799963393,0.0,277855.719614815,0.0,277855.719614815,0.0,277859.959334385,0.0,0.0,277859.959334385,277859.959334385,277847.2404789625,277859.959334385,277859.959334385,277859.959334385,277851.4799963393,277851.4799963393,277826.04440872394,277851.4799963393,277855.719614815,277859.959334385,0.0,277859.959334385,277855.719614815,0.0,277851.4799963393,277859.959334385,0.0,0.0,277859.959334385,277859.959334385,277855.719614815,277855.719614815,277859.959334385,0.0,0.0,0.0,277859.959334385,277855.719614815,277859.959334385,0.0,277855.719614815,0.0,0.0,0.0,0.0,277859.959334385,277859.959334385,0.0,277855.719614815,0.0,277859.959334385,0.0,277859.959334385,0.0,0.0,0.0,277855.719614815,277859.959334385,277851.4799963393,277859.959334385,277847.2404789625,277859.959334385,277859.959334385,277859.959334385,277859.959334385,277851.4799963393,277859.959334385,0.0,0.0,277855.719614815,277859.959334385,277859.959334385,0.0,0.0,277859.959334385,0.0,0.0,277843.00106268923,277859.959334385,277859.959334385,277834.52253347175,277843.00106268923,277834.52253347175,277843.00106268923,277843.00106268923,277830.2834205368,277813.3279800639,277787.89785366395,277817.5666884829,277817.5666884829,277821.80549803784,277775.18415617413,277787.89785366395,277779.42195416125,277775.18415617413,277783.65985332616,277817.5666884829,277792.1359551701,277787.89785366395,277753.996684064,277779.42195416125,277766.708863751,277779.42195416125,277766.708863751,277779.42195416125,277796.3741578399,277800.6124616689,277787.89785366395,277792.1359551701,277753.996684064,277800.6124616689,277745.52240362525,277775.18415617413,277779.42195416125,277741.2854152256,277800.6124616689,277766.708863751,277770.9464593691,277804.85086665227,277766.708863751,277783.65985332616,277770.9464593691,277779.42195416125,277804.85086665227,277792.1359551701,277779.42195416125,277787.89785366395,277783.65985332616,277779.42195416125,277758.23397609376,277753.996684064,277779.42195416125,277796.3741578399,277753.996684064,277762.47136932425,277792.1359551701,277732.8117420887,277804.85086665227,277766.708863751,277770.9464593691,277775.18415617413,277741.2854152256,277762.47136932425,277762.47136932425,277770.9464593691,277775.18415617413,277775.18415617413,277779.42195416125,277770.9464593691,277711.62933082716,277783.65985332616,277800.6124616689,277770.9464593691,277766.708863751,277737.0485280451,277758.23397609376,277766.708863751
277859.959334385,277859.959334385,277855.719614815,277855.719614815,0.0,277859.959334385,277855.719614815,0.0,277859.959334385,277855.719614815,277855.719614815,277855.719614815,277855.719614815,277855.719614815,277859.959334385,277855.719614815,277859.959334385,277859.959334385,0.0,0.0,277859.959334385,277859.959334385,277855.719614815,277859.959334385,0.0,277859.959334385,0.0,0.0,277859.959334385,0.0,277855.719614815,277859.959334385,0.0,277851.4799963393,0.0,277859.959334385,0.0,0.0,0.0,277859.959334385,277859.959334385,277855.719614815,277851.4799963393,277859.959334385,277851.4799963393,277855.719614815,0.0,277859.959334385,277855.719614815,277851.4799963393,277855.719614815,277859.959334385,277859.959334385,277855.719614815,277859.959334385,277855.719614815,0.0,0.0,277855.719614815,277851.4799963393,277859.959334385,277859.959334385,0.0,277851.4799963393,0.0,0.0,277859.959334385,277859.959334385,277859.959334385,0.0,0.0,0.0,277859.959334385,277855.719614815,277859.959334385,0.0,277859.959334385,277859.959334385,277859.959334385,277859.959334385,0.0,0.0,277859.959334385,0.0,277859.959334385,277859.959334385,0.0,277859.959334385,0.0,0.0,277859.959334385,277859.959334385,277855.719614815,277847.2404789625,277859.959334385,277855.719614815,277851.4799963393,277859.959334385,0.0,0.0,0.0,0.0,0.0,0.0,0.0,0.0,277851.4799963393,277859.959334385,277855.719614815,277855.719614815,277851.4799963393,277855.719614815,277851.4799963393,277855.719614815,277847.2404789625,277830.2834205368,277855.719614815,277855.719614815,277843.00106268923,277855.719614815,0.0,0.0,0.0,277855.719614815,0.0,277855.719614815,0.0,277859.959334385,0.0,277859.959334385,277855.719614815,0.0,277859.959334385,0.0,0.0,0.0,0.0,0.0,277855.719614815,277859.959334385,277859.959334385,0.0,277859.959334385,0.0,0.0,277855.719614815,277855.719614815,0.0,0.0,0.0,0.0,277851.4799963393,0.0,0.0,0.0,277859.959334385,0.0,277859.959334385,277859.959334385,0.0,0.0,277859.959334385,277859.959334385,0.0,277859.959334385,0.0,0.0,277859.959334385,277859.959334385,277859.959334385,277855.719614815,277859.959334385,277859.959334385,0.0,0.0,0.0,0.0,277859.959334385,0.0,277859.959334385,277838.7617475241,277851.4799963393,277817.5666884829,277847.2404789625,277813.3279800639,277847.2404789625,277830.2834205368,277809.0893727855,277830.2834205368,277809.0893727855,277758.23397609376,277770.9464593691,277753.996684064,277817.5666884829,277779.42195416125,277770.9464593691,277783.65985332616,277821.80549803784,277779.42195416125,277770.9464593691,277796.3741578399,277787.89785366395,277741.2854152256,277787.89785366395,277749.7594932397,277770.9464593691,277792.1359551701,277779.42195416125,277770.9464593691,277753.996684064,277766.708863751,277787.89785366395,277809.0893727855,277762.47136932425,277762.47136932425,277745.52240362525,277766.708863751,277766.708863751,277775.18415617413,277804.85086665227,277779.42195416125,277804.85086665227,277792.1359551701,277762.47136932425,277770.9464593691,277745.52240362525,277779.42195416125,277758.23397609376,277783.65985332616,277775.18415617413,277787.89785366395,277796.3741578399,277796.3741578399,277766.708863751,277775.18415617413,277809.0893727855,277804.85086665227,277800.6124616689,277779.42195416125,277775.18415617413,277800.6124616689,277766.708863751,277787.89785366395,277766.708863751,277766.708863751,277787.89785366395,277758.23397609376,277766.708863751,277787.89785366395,277770.9464593691,277783.65985332616,277775.18415617413,277770.9464593691,277796.3741578399,277770.9464593691,277724.338473866
277855.719614815,277859.959334385,277855.719614815,0.0,277855.719614815,277851.4799963393,277859.959334385,0.0,0.0,277859.959334385,0.0,0.0,277855.719614815,277855.719614815,0.0,0.0,277855.719614815,277859.959334385,277859.959334385,277859.959334385,277859.959334385,277859.959334385,277851.4799963393,0.0,277855.719614815,277859.959334385,0.0,0.0,0.0,0.0,277851.4799963393,277855.719614815,277855.719614815,277859.959334385,277859.959334385,277859.959334385,277855.719614815,277855.719614815,277855.719614815,0.0,277859.959334385,0.0,0.0,0.0,277859.959334385,0.0,277859.959334385,277859.959334385,277859.959334385,277859.959334385,0.0,0.0,0.0,0.0,0.0,277859.959334385,277859.959334385,277859.959334385,277859.959334385,0.0,277859.959334385,0.0,277859.959334385,277859.959334385,277859.959334385,277859.959334385,0.0,277855.719614815,277859.959334385,0.0,0.0,0.0,277855.719614815,277859.959334385,277859.959334385,0.0,277859.959334385,0.0,0.0,0.0,277855.719614815,0.0,277859.959334385,277859.959334385,277859.959334385,0.0,0.0,0.0,0.0,0.0,277859.959334385,277859.959334385,277859.959334385,277855.719614815,277859.959334385,0.0,277847.2404789625,0.0,0.0,277859.959334385,277859.959334385,277859.959334385,277859.959334385,0.0,277859.959334385,0.0,0.0,0.0,277859.959334385,0.0,277859.959334385,277851.4799963393,277855.719614815,277843.00106268923,277851.4799963393,277847.2404789625,277859.959334385,277847.2404789625,277859.959334385,0.0,0.0,0.0,0.0,277859.959334385,277859.959334385,277859.959334385,277851.4799963393,0.0,277851.4799963393,0.0,277859.959334385,0.0,0.0,277859.959334385,277859.959334385,277859.959334385,277859.959334385,277859.959334385,0.0,277855.719614815,277859.959334385,277859.959334385,277859.959334385,0.0,0.0,0.0,0.0,0.0,277859.959334385,0.0,0.0,277859.959334385,277859.959334385,0.0,277855.719614815,277855.719614815,0.0,277859.959334385,277859.959334385,277859.959334385,277855.719614815,277859.959334385,0.0,277859.959334385,0.0,277859.959334385,277859.959334385,0.0,0.0,277855.719614815,0.0,0.0,277855.719614815,0.0,277851.4799963393,277859.959334385,277851.4799963393,277859.959334385,277859.959334385,277851.4799963393,277838.7617475241,277847.2404789625,277817.5666884829,277817.5666884829,277804.85086665227,277809.0893727855,277787.89785366395,277796.3741578399,277804.85086665227,277775.18415617413,277813.3279800639,277796.3741578399,277813.3279800639,277821.80549803784,277796.3741578399,277787.89785366395,277779.42195416125,277817.5666884829,277758.23397609376,277775.18415617413,277796.3741578399,277753.996684064,277804.85086665227,277817.5666884829,277766.708863751,277787.89785366395,277775.18415617413,277762.47136932425,277809.0893727855,277775.18415617413,277796.3741578399,277779.42195416125,277762.47136932425,277766.708863751,277770.9464593691,277792.1359551701,277775.18415617413,277783.65985332616,277758.23397609376,277804.85086665227,277804.85086665227,277770.9464593691,277766.708863751,277749.7594932397,277762.47136932425,277817.5666884829,277792.1359551701,277813.3279800639,277775.18415617413,277762.47136932425,277792.1359551701,277770.9464593691,277787.89785366395,277766.708863751,277770.9464593691,277749.7594932397,277737.0485280451,277813.3279800639,277779.42195416125,277753.996684064,277770.9464593691,277800.6124616689,277775.18415617413,277770.9464593691,277758.23397609376,277766.708863751,277766.708863751,277758.23397609376,277762.47136932425,277732.8117420887,277787.89785366395,277770.9464593691,277783.65985332616,277804.85086665227,277783.65985332616,277783.65985332616
277855.719614815,277859.959334385,277855.719614815,277851.4799963393,0.0,277859.959334385,277855.719614815,0.0,277855.719614815,277851.4799963393,277855.719614815,277859.959334385,277859.959334385,277851.4799963393,277859.959334385,277859.959334385,0.0,277855.719614815,0.0,0.0,277855.719614815,0.0,0.0,277859.959334385,277859.959334385,0.0,0.0,277851.4799963393,277855.719614815,277859.959334385,277859.959334385,277859.959334385,277859.959334385,0.0,0.0,277859.959334385,277855.719614815,0.0,277859.959334385,277859.959334385,277859.959334385,277859.959334385,277859.959334385,0.0,277859.959334385,0.0,0.0,277859.959334385,0.0,277855.719614815,277859.959334385,277859.959334385,277855.719614815,277859.959334385,0.0,277855.719614815,0.0,0.0,0.0,0.0,277847.2404789625,277859.959334385,0.0,277855.719614815,0.0,0.0,277855.719614815,0.0,277855.719614815,0.0,277855.719614815,0.0,0.0,277859.959334385,0.0,0.0,277859.959334385,277851.4799963393,277859.959334385,277855.719614815,277859.959334385,277859.959334385,0.0,0.0,0.0,277859.959334385,277851.4799963393,277851.4799963393,277859.959334385,277859.959334385,277859.959334385,277859.959334385,277859.959334385,277851.4799963393,277859.959334385,277859.959334385,277859.959334385,0.0,0.0,0.0,0.0,0.0,277859.959334385,277859.959334385,0.0,277859.959334385,277859.959334385,277855.719614815,277851.4799963393,277859.959334385,0.0,277859.959334385,277851.4799963393,277855.719614815,277851.4799963393,277843.00106268923,277817.5666884829,277851.4799963393,277855.719614815,0.0,277859.959334385,277859.959334385,277851.4799963393,277859.959334385,277859.959334385,0.0,277855.719614815,277859.959334385,277843.00106268923,277851.4799963393,277855.719614815,0.0,277859.959334385,0.0,0.0,277859.959334385,0.0,277859.959334385,277859.959334385,0.0,277855.719614815,0.0,0.0,277859.959334385,277859.959334385,277859.959334385,277859.959334385,0.0,0.0,0.0,0.0,0.0,277859.959334385,0.0,277859.959334385,277859.959334385,277859.959334385,277859.959334385,277859.959334385,0.0,277855.719614815,277847.2404789625,277859.959334385,0.0,0.0,277859.959334385,277859.959334385,277859.959334385,277859.959334385,277851.4799963393,277859.959334385,0.0,277855.719614815,277859.959334385,277851.4799963393,277851.4799963393,277855.719614815,277859.959334385,277859.959334385,277859.959334385,277859.959334385,277859.959334385,277838.7617475241,277838.7617475241,277813.3279800639,277817.5666884829,277804.85086665227,277800.6124616689,277800.6124616689,277796.3741578399,277796.3741578399,277779.42195416125,277766.708863751,277775.18415617413,277804.85086665227,277749.7594932397,277800.6124616689,277783.65985332616,277813.3279800639,277770.9464593691,277792.1359551701,277796.3741578399,277792.1359551701,277813.3279800639,277817.5666884829,277775.18415617413,277770.9464593691,277783.65985332616,277792.1359551701,277809.0893727855,277800.6124616689,277804.85086665227,277804.85086665227,277775.18415617413,277796.3741578399,277796.3741578399,277796.3741578399,277800.6124616689,277762.47136932425,277792.1359551701,277749.7594932397,277787.89785366395,277792.1359551701,277783.65985332616,277792.1359551701,277753.996684064,277741.2854152256,277770.9464593691,277783.65985332616,277770.9464593691,277749.7594932397,277770.9464593691,277796.3741578399,277775.18415617413,277796.3741578399,277762.47136932425,277745.52240362525,277762.47136932425,277775.18415617413,277741.2854152256,277749.7594932397,277753.996684064,277745.52240362525,277745.52240362525,277779.42195416125,277762.47136932425,277775.18415617413,277753.996684064,277749.7594932397,277787.89785366395,277762.47136932425,277804.85086665227,277792.1359551701,277792.1359551701,277753.996684064,277796.3741578399
0.0,277859.959334385,277855.719614815,0.0,0.0,277859.959334385,277859.959334385,277851.4799963393,277859.959334385,277847.2404789625,277855.719614815,0.0,277855.719614815,0.0,277847.2404789625,277859.959334385,0.0,277859.959334385,277859.959334385,0.0,277859.959334385,0.0,277851.4799963393,277859.959334385,277859.959334385,277855.719614815,277855.719614815,277859.959334385,277855.719614815,0.0,0.0,277859.959334385,0.0,0.0,277859.959334385,277859.959334385,0.0,277855.719614815,0.0,277851.4799963393,0.0,277851.4799963393,277855.719614815,277859.959334385,0.0,0.0,277847.2404789625,0.0,277859.959334385,277855.719614815,277859.959334385,0.0,277859.959334385,277859.959334385,0.0,277859.959334385,0.0,277859.959334385,0.0,0.0,0.0,0.0,277851.4799963393,277851.4799963393,277859.959334385,277855.719614815,0.0,277851.4799963393,0.0,277855.719614815,0.0,0.0,277859.959334385,0.0,277859.959334385,0.0,277855.719614815,277859.959334385,0.0,0.0,277859.959334385,277859.959334385,277859.959334385,0.0,277855.719614815,0.0,277855.719614815,277859.959334385,277859.959334385,277855.719614815,277855.719614815,277855.719614815,0.0,0.0,277855.719614815,277855.719614815,277859.959334385,277859.959334385,0.0,0.0,277859.959334385,0.0,0.0,0.0,0.0,0.0,0.0,0.0,277859.959334385,0.0,0.0,277855.719614815,277847.2404789625,277843.00106268923,0.0,277847.2404789625,277826.04440872394,277834.52253347175,277834.52253347175,277851.4799963393,277859.959334385,277859.959334385,0.0,277859.959334385,277859.959334385,277834.52253347175,277855.719614815,277843.00106268923,277851.4799963393,277838.7617475241,277843.00106268923,277859.959334385,277855.719614815,0.0,0.0,277851.4799963393,0.0,277859.959334385,0.0,0.0,0.0,0.0,0.0,277859.959334385,277855.719614815,277855.719614815,277859.959334385,0.0,277859.959334385,277859.959334385,0.0,0.0,0.0,277859.959334385,0.0,0.0,0.0,277855.719614815,0.0,277859.959334385,277859.959334385,0.0,277855.719614815,277855.719614815,277859.959334385,0.0,277859.959334385,277859.959334385,0.0,0.0,277859.959334385,277851.4799963393,277843.00106268923,277851.4799963393,277851.4799963393,277855.719614815,277847.2404789625,277847.2404789625,277855.719614815,0.0,277855.719614815,277847.2404789625,277847.2404789625,277826.04440872394,277813.3279800639,277804.85086665227,277770.9464593691,277804.85086665227,277796.3741578399,277796.3741578399,277813.3279800639,277766.708863751,277770.9464593691,277800.6124616689,277796.3741578399,277775.18415617413,277796.3741578399,277792.1359551701,277800.6124616689,277783.65985332616,277779.42195416125,277783.65985332616,277758.23397609376,277783.65985332616,277813.3279800639,277715.86561059457,277762.47136932425,277792.1359551701,277792.1359551701,277792.1359551701,277796.3741578399,277813.3279800639,277783.65985332616,277762.47136932425,277749.7594932397,277821.80549803784,277792.1359551701,277749.7594932397,277753.996684064,277792.1359551701,277787.89785366395,277749.7594932397,277787.89785366395,277766.708863751,277758.23397609376,277770.9464593691,277792.1359551701,277766.708863751,277724.338473866,277770.9464593691,277770.9464593691,277758.23397609376,277796.3741578399,277783.65985332616,277762.47136932425,277783.65985332616,277745.52240362525,277783.65985332616,277745.52240362525,277749.7594932397,277770.9464593691,277770.9464593691,277766.708863751,277809.0893727855,277787.89785366395,277775.18415617413,277783.65985332616,277779.42195416125,277762.47136932425,277766.708863751,277766.708863751,277783.65985332616,277775.18415617413,277783.65985332616,277779.42195416125,277749.7594932397
