0.000	0.000	0.000	0.000	0.000	0.000	0.000	0.000	0.000	0.000	0.000	0.000	0.000	0.000	0.000	0.000	0.000	0.000	0.000	0.000	0.000	0.000	0.000	0.000	0.000	0.000	0.000	0.000	0.000	0.000	0.000	0.000	0.000	0.000	0.000	0.000	0.000	0.000	0.000	0.000	0.000	0.000	0.000	0.000	0.000	0.000	0.000	0.000	0.000	0.000	0.000	0.000	0.000	0.000	0.000	0.000	0.000	0.000	0.000	0.000	0.000	0.000	0.000	0.000	0.000	0.000	0.000	0.000	0.000	0.000	0.000	0.000	0.000	0.000	0.000	0.000	0.000	0.000	0.000	0.000	0.000	0.000	0.000	0.000	0.000	0.000	0.000	0.000	0.000	0.000	0.000	0.000	0.000	0.000	0.000	0.000	0.000	0.000	0.000	0.000	0.000	0.000	0.000	0.000	0.000	0.000	0.000	0.000	0.000	0.000	0.000	0.000	0.000	0.000	0.000	0.000	0.000	0.000	0.000	0.000	0.000	0.000	0.000	0.000	0.000	0.000	0.000	0.000	0.000	0.000	0.000	0.000	0.000	0.000	0.000	0.000	0.000	0.000	0.000	0.000	0.000	0.000	0.000	0.000	0.000	0.000	0.000	0.000	0.000	0.000	0.000	0.000	0.000	0.000	0.000	0.000	0.000	0.000	0.000	0.000	0.000	0.000	0.000	0.000	0.000	0.000	0.000	0.000	0.000	0.000	0.000	0.000	0.000	0.000	0.000	0.000	0.000	0.000	0.000	0.000	0.000	0.000	0.000	0.000	0.000	0.000	0.000	0.000	0.000	0.000	0.000	0.000	0.000	0.000	0.000	0.000	0.000	0.000	0.000	0.000	0.000	0.000	0.000	0.000	0.000	0.000	0.000	0.000	0.000	0.000	0.000	0.000	0.000	0.000	0.000	0.000	0.000	0.000	0.000	0.000	0.000	0.000	0.000	0.000	0.000	0.000	0.000	0.000	0.000	0.000	0.000	0.000	0.000	0.000	0.000	0.000	0.000	0.000	0.000	0.000	0.000	0.000	0.000	0.000	0.000	0.000	0.000	0.000	0.000	0.000	0.000	0.000	0.000	0.000	0.000	0.000
0.000	0.000	0.000	0.000	0.000	0.000	0.000	0.000	0.000	0.000	0.000	0.000	0.000	0.000	0.000	0.000	0.000	0.000	0.000	0.000	0.000	0.000	0.000	0.000	0.000	0.000	0.000	0.000	0.000	0.000	0.000	0.000	0.000	0.000	0.000	0.000	0.000	0.000	0.000	0.000	0.000	0.000	0.000	0.000	0.000	0.000	0.000	0.000	0.000	0.000	0.000	0.000	0.000	0.000	0.000	0.000	0.000	0.000	0.000	0.000	0.000	0.000	0.000	0.000	0.000	0.000	0.000	0.000	0.000	0.000	0.000	0.000	0.000	0.000	0.000	0.000	0.000	0.000	0.000	0.000	0.000	0.000	0.000	0.000	0.000	0.000	0.000	0.000	0.000	0.000	0.000	0.000	0.000	0.000	0.000	0.000	0.000	0.000	0.000	0.000	0.000	0.000	0.000	0.000	0.000	0.000	0.000	0.000	0.000	0.000	0.000	0.000	0.000	0.000	0.000	0.000	0.000	0.000	0.000	0.000	0.000	0.000	0.000	0.000	0.000	0.000	0.000	0.000	0.000	0.000	0.000	0.000	0.000	0.000	0.000	0.000	0.000	0.000	0.000	0.000	0.000	0.000	0.000	0.000	0.000	0.000	0.000	0.000	0.000	0.000	0.000	0.000	0.000	0.000	0.000	0.000	0.000	0.000	0.000	0.000	0.000	0.000	0.000	0.000	0.000	0.000	0.000	0.000	0.000	0.000	0.000	0.000	0.000	0.000	0.000	0.000	0.000	0.000	0.000	0.000	0.000	0.000	0.000	0.000	0.000	0.000	0.000	0.000	0.000	0.000	0.000	0.000	0.000	0.000	0.000	0.000	0.000	0.000	0.000	0.000	0.000	0.000	0.000	0.000	0.000	0.000	0.000	0.000	0.000	0.000	0.000	0.000	0.000	0.000	0.000	0.000	0.000	0.000	0.000	0.000	0.000	0.000	0.000	0.000	0.000	0.000	0.000	0.000	0.000	0.000	0.000	0.000	0.000	0.000	0.000	0.000	0.000	0.000	0.000	0.000	0.000	0.000	0.000	0.000	0.000	0.000	0.000	0.000	0.000	0.000	0.000	0.000	0.000	0.000	0.000	0.000
0.000	0.000	0.000	0.000	0.000	0.000	0.000	0.000	0.000	0.000	0.000	0.000	0.000	0.000	0.000	0.000	0.000	0.000	0.000	0.000	0.000	0.000	0.000	0.000	0.000	0.000	0.000	0.000	0.000	0.000	0.000	0.000	0.000	0.000	0.000	0.000	0.000	0.000	0.000	0.000	0.000	0.000	0.000	0.000	0.000	0.000	0.000	0.000	0.000	0.000	0.000	0.000	0.000	0.000	0.000	0.000	0.000	0.000	0.000	0.000	0.000	0.000	0.000	0.000	0.000	0.000	0.000	0.000	0.000	0.000	0.000	0.000	0.000	0.000	0.000	0.000	0.000	0.000	0.000	0.000	0.000	0.000	0.000	0.000	0.000	0.000	0.000	0.000	0.000	0.000	0.000	0.000	0.000	0.000	0.000	0.000	0.000	0.000	0.000	0.000	0.000	0.000	0.000	0.000	0.000	0.000	0.000	0.000	0.000	0.000	0.000	0.000	0.000	0.000	0.000	0.000	0.000	0.000	0.000	0.000	0.000	0.000	0.000	0.000	0.000	0.000	0.000	0.000	0.000	0.000	0.000	0.000	0.000	0.000	0.000	0.000	0.000	0.000	0.000	0.000	0.000	0.000	0.000	0.000	0.000	0.000	0.000	0.000	0.000	0.000	0.000	0.000	0.000	0.000	0.000	0.000	0.000	0.000	0.000	0.000	0.000	0.000	0.000	0.000	0.000	0.000	0.000	0.000	0.000	0.000	0.000	0.000	0.000	0.000	0.000	0.000	0.000	0.000	0.000	0.000	0.000	0.000	0.000	0.000	0.000	0.000	0.000	0.000	0.000	0.000	0.000	0.000	0.000	0.000	0.000	0.000	0.000	0.000	0.000	0.000	0.000	0.000	0.000	0.000	0.000	0.000	0.000	0.000	0.000	0.000	0.000	0.000	0.000	0.000	0.000	0.000	0.000	0.000	0.000	0.000	0.000	0.000	0.000	0.000	0.000	0.000	0.000	0.000	0.000	0.000	0.000	0.000	0.000	0.000	0.000	0.000	0.000	0.000	0.000	0.000	0.000	0.000	0.000	0.000	0.000	0.000	0.000	0.000	0.000	0.000	0.000	0.000	0.000	0.000	0.000	0.000
0.000	0.000	0.000	0.000	0.000	0.000	0.000	0.000	0.000	0.000	0.000	0.000	0.000	0.000	0.000	0.000	0.000	0.000	0.000	0.000	0.000	0.000	0.000	0.000	0.000	0.000	0.000	0.000	0.000	0.000	0.000	0.000	0.000	0.000	0.000	0.000	0.000	0.000	0.000	0.000	0.000	0.000	0.000	0.000	0.000	0.000	0.000	0.000	0.000	0.000	0.000	0.000	0.000	0.000	0.000	0.000	0.000	0.000	0.000	0.000	0.000	0.000	0.000	0.000	0.000	0.000	0.000	0.000	0.000	0.000	0.000	0.000	0.000	0.000	0.000	0.000	0.000	0.000	0.000	0.000	0.000	0.000	0.000	0.000	0.000	0.000	0.000	0.000	0.000	0.000	0.000	0.000	0.000	0.000	0.000	0.000	0.000	0.000	0.000	0.000	0.000	0.000	0.000	0.000	0.000	0.000	0.000	0.000	0.000	0.000	0.000	0.000	0.000	0.000	0.000	0.000	0.000	0.000	0.000	0.000	0.000	0.000	0.000	0.000	0.000	0.000	0.000	0.000	0.000	0.000	0.000	0.000	0.000	0.000	0.000	0.000	0.000	0.000	0.000	0.000	0.000	0.000	0.000	0.000	0.000	0.000	0.000	0.000	0.000	0.000	0.000	0.000	0.000	0.000	0.000	0.000	0.000	0.000	0.000	0.000	0.000	0.000	0.000	0.000	0.000	0.000	0.000	0.000	0.000	0.000	0.000	0.000	0.000	0.000	0.000	0.000	0.000	0.000	0.000	0.000	0.000	0.000	0.000	0.000	0.000	0.000	0.000	0.000	0.000	0.000	0.000	0.000	0.000	0.000	0.000	0.000	0.000	0.000	0.000	0.000	0.000	0.000	0.000	0.000	0.000	0.000	0.000	0.000	0.000	0.000	0.000	0.000	0.000	0.000	0.000	0.000	0.000	0.000	0.000	0.000	0.000	0.000	0.000	0.000	0.000	0.000	0.000	0.000	0.000	0.000	0.000	0.000	0.000	0.000	0.000	0.000	0.000	0.000	0.000	0.000	0.000	0.000	0.000	0.000	0.000	0.000	0.000	0.000	0.000	0.000	0.000	0.000	0.000	0.000	0.000	0.000
0.000	0.000	0.000	0.000	0.000	0.000	0.000	0.000	0.000	0.000	0.000	0.000	0.000	0.000	0.000	0.000	0.000	0.000	0.000	0.000	0.000	0.000	0.000	0.000	0.000	0.000	0.000	0.000	0.000	0.000	0.000	0.000	0.000	0.000	0.000	0.000	0.000	0.000	0.000	0.000	0.000	0.000	0.000	0.000	0.000	0.000	0.000	0.000	0.000	0.000	0.000	0.000	0.000	0.000	0.000	0.000	0.000	0.000	0.000	0.000	0.000	0.000	0.000	0.000	0.000	0.000	0.000	0.000	0.000	0.000	0.000	0.000	0.000	0.000	0.000	0.000	0.000	0.000	0.000	0.000	0.000	0.000	0.000	0.000	0.000	0.000	0.000	0.000	0.000	0.000	0.000	0.000	0.000	0.000	0.000	0.000	0.000	0.000	0.000	0.000	0.000	0.000	0.000	0.000	0.000	0.000	0.000	0.000	0.000	0.000	0.000	0.000	0.000	0.000	0.000	0.000	0.000	0.000	0.000	0.000	255.000	255.000	255.000	255.000	255.000	255.000	0.000	0.000	0.000	0.000	0.000	0.000	0.000	0.000	0.000	0.000	0.000	0.000	0.000	0.000	0.000	0.000	0.000	0.000	0.000	0.000	0.000	0.000	0.000	0.000	0.000	0.000	0.000	0.000	0.000	0.000	0.000	0.000	0.000	0.000	0.000	0.000	0.000	0.000	0.000	0.000	0.000	0.000	0.000	0.000	0.000	0.000	0.000	0.000	0.000	0.000	0.000	0.000	0.000	0.000	0.000	0.000	0.000	0.000	0.000	0.000	0.000	0.000	0.000	0.000	0.000	0.000	0.000	0.000	0.000	0.000	0.000	0.000	0.000	0.000	0.000	0.000	0.000	0.000	0.000	0.000	0.000	0.000	0.000	0.000	0.000	0.000	0.000	0.000	0.000	0.000	0.000	0.000	0.000	0.000	0.000	0.000	0.000	0.000	0.000	0.000	0.000	0.000	0.000	0.000	0.000	0.000	0.000	0.000	0.000	0.000	0.000	0.000	0.000	0.000	0.000	0.000	0.000	0.000	0.000	0.000	0.000	0.000	0.000	0.000	0.000	0.000	0.000	0.000	0.000	0.000
0.000	0.000	0.000	0.000	0.000	0.000	0.000	0.000	0.000	0.000	0.000	0.000	0.000	0.000	0.000	0.000	0.000	0.000	0.000	0.000	0.000	0.000	0.000	0.000	0.000	0.000	0.000	0.000	0.000	0.000	0.000	0.000	0.000	0.000	0.000	0.000	0.000	0.000	0.000	0.000	0.000	0.000	0.000	0.000	0.000	0.000	0.000	0.000	0.000	0.000	0.000	0.000	0.000	0.000	0.000	0.000	0.000	0.000	0.000	0.000	0.000	0.000	0.000	0.000	0.000	0.000	0.000	0.000	0.000	0.000	0.000	0.000	0.000	0.000	0.000	0.000	0.000	0.000	0.000	0.000	0.000	0.000	0.000	0.000	0.000	0.000	0.000	0.000	0.000	0.000	0.000	0.000	0.000	0.000	0.000	0.000	0.000	0.000	0.000	0.000	0.000	0.000	0.000	0.000	0.000	0.000	0.000	0.000	0.000	0.000	0.000	0.000	0.000	0.000	0.000	0.000	0.000	0.000	255.000	255.000	255.000	255.000	255.000	255.000	255.000	255.000	255.000	0.000	0.000	0.000	0.000	0.000	0.000	0.000	0.000	0.000	0.000	0.000	0.000	0.000	0.000	0.000	0.000	0.000	0.000	0.000	0.000	0.000	0.000	0.000	0.000	0.000	0.000	0.000	0.000	0.000	0.000	0.000	0.000	0.000	0.000	0.000	0.000	0.000	0.000	0.000	0.000	0.000	0.000	0.000	0.000	0.000	0.000	0.000	0.000	0.000	0.000	0.000	0.000	0.000	0.000	0.000	0.000	0.000	0.000	0.000	0.000	0.000	0.000	0.000	0.000	0.000	0.000	0.000	0.000	0.000	0.000	0.000	0.000	0.000	0.000	0.000	0.000	0.000	0.000	0.000	0.000	0.000	0.000	0.000	0.000	0.000	0.000	0.000	0.000	0.000	0.000	0.000	0.000	0.000	0.000	0.000	0.000	0.000	0.000	0.000	0.000	0.000	0.000	0.000	0.000	0.000	0.000	0.000	0.000	0.000	0.000	0.000	0.000	0.000	0.000	0.000	0.000	0.000	0.000	0.000	0.000	0.000	0.000	0.000	0.000	0.000	0.000	0.000	0.000	0.000
0.000	0.000	0.000	0.000	0.000	0.000	0.000	0.000	0.000	0.000	0.000	0.000	0.000	0.000	0.000	0.000	0.000	0.000	0.000	0.000	0.000	0.000	0.000	0.000	0.000	0.000	0.000	0.000	0.000	0.000	0.000	0.000	0.000	0.000	0.000	0.000	0.000	0.000	0.000	0.000	0.000	0.000	0.000	0.000	0.000	0.000	0.000	0.000	0.000	0.000	0.000	0.000	0.000	0.000	0.000	0.000	0.000	0.000	0.000	0.000	0.000	0.000	0.000	0.000	0.000	0.000	0.000	0.000	0.000	0.000	0.000	0.000	0.000	0.000	0.000	0.000	0.000	0.000	0.000	0.000	0.000	0.000	0.000	0.000	0.000	0.000	0.000	0.000	0.000	0.000	0.000	0.000	0.000	0.000	0.000	0.000	0.000	0.000	0.000	0.000	0.000	0.000	0.000	0.000	0.000	0.000	0.000	0.000	0.000	0.000	0.000	0.000	0.000	0.000	0.000	0.000	255.000	255.000	255.000	255.000	255.000	255.000	255.000	255.000	255.000	255.000	255.000	255.000	255.000	0.000	0.000	0.000	0.000	0.000	0.000	0.000	0.000	0.000	0.000	0.000	0.000	0.000	0.000	0.000	0.000	0.000	0.000	0.000	0.000	0.000	0.000	0.000	0.000	0.000	0.000	0.000	0.000	0.000	0.000	0.000	0.000	0.000	0.000	0.000	0.000	0.000	0.000	0.000	0.000	0.000	0.000	0.000	0.000	0.000	0.000	0.000	0.000	0.000	0.000	0.000	0.000	0.000	0.000	0.000	0.000	0.000	0.000	0.000	0.000	0.000	0.000	0.000	0.000	0.000	0.000	0.000	0.000	0.000	0.000	0.000	0.000	0.000	0.000	0.000	0.000	0.000	0.000	0.000	0.000	0.000	0.000	0.000	0.000	0.000	0.000	0.000	0.000	0.000	0.000	0.000	0.000	0.000	0.000	0.000	0.000	0.000	0.000	0.000	0.000	0.000	0.000	0.000	0.000	0.000	0.000	0.000	0.000	0.000	0.000	0.000	0.000	0.000	0.000	0.000	0.000	0.000	0.000	0.000	0.000	0.000	0.000	0.000	0.000	0.000	0.000	0.000
0.000	0.000	0.000	0.000	0.000	0.000	0.000	0.000	0.000	0.000	0.000	0.000	0.000	0.000	0.000	0.000	0.000	0.000	0.000	0.000	0.000	0.000	0.000	0.000	0.000	0.000	0.000	0.000	0.000	0.000	0.000	0.000	0.000	0.000	0.000	0.000	0.000	0.000	0.000	0.000	0.000	0.000	0.000	0.000	0.000	0.000	0.000	0.000	0.000	0.000	0.000	0.000	0.000	0.000	0.000	0.000	0.000	0.000	0.000	0.000	0.000	0.000	0.000	0.000	0.000	0.000	0.000	0.000	0.000	0.000	0.000	0.000	0.000	0.000	0.000	0.000	0.000	0.000	0.000	0.000	0.000	0.000	0.000	0.000	0.000	0.000	0.000	0.000	0.000	0.000	0.000	0.000	0.000	0.000	0.000	0.000	0.000	0.000	0.000	0.000	0.000	0.000	0.000	0.000	0.000	0.000	0.000	0.000	0.000	0.000	0.000	0.000	0.000	0.000	255.000	255.000	255.000	255.000	255.000	255.000	255.000	255.000	255.000	255.000	255.000	255.000	255.000	255.000	255.000	255.000	0.000	0.000	0.000	0.000	0.000	0.000	0.000	0.000	0.000	0.000	0.000	0.000	0.000	0.000	0.000	0.000	0.000	0.000	0.000	0.000	0.000	0.000	0.000	0.000	0.000	0.000	0.000	0.000	0.000	0.000	0.000	0.000	0.000	0.000	0.000	0.000	0.000	0.000	0.000	0.000	0.000	0.000	0.000	0.000	0.000	0.000	0.000	0.000	0.000	0.000	0.000	0.000	0.000	0.000	0.000	0.000	0.000	0.000	0.000	0.000	0.000	0.000	0.000	0.000	0.000	0.000	0.000	0.000	0.000	0.000	0.000	0.000	0.000	0.000	0.000	0.000	0.000	0.000	0.000	0.000	0.000	0.000	0.000	0.000	0.000	0.000	0.000	0.000	0.000	0.000	0.000	0.000	0.000	0.000	0.000	0.000	0.000	0.000	0.000	0.000	0.000	0.000	0.000	0.000	0.000	0.000	0.000	0.000	0.000	0.000	0.000	0.000	0.000	0.000	0.000	0.000	0.000	0.000	0.000	0.000	0.000	0.000	0.000	0.000	0.000	0.000
0.000	0.000	0.000	0.000	0.000	0.000	0.000	0.000	0.000	0.000	0.000	0.000	0.000	0.000	0.000	0.000	0.000	0.000	0.000	0.000	0.000	0.000	0.000	0.000	0.000	0.000	0.000	0.000	0.000	0.000	0.000	0.000	0.000	0.000	0.000	0.000	0.000	0.000	0.000	0.000	0.000	0.000	0.000	0.000	0.000	0.000	0.000	0.000	0.000	0.000	0.000	0.000	0.000	0.000	0.000	0.000	0.000	0.000	0.000	0.000	0.000	0.000	0.000	0.000	0.000	0.000	0.000	0.000	0.000	0.000	0.000	0.000	0.000	0.000	0.000	0.000	0.000	0.000	0.000	0.000	0.000	0.000	0.000	0.000	0.000	0.000	0.000	0.000	0.000	0.000	0.000	0.000	0.000	0.000	0.000	0.000	0.000	0.000	0.000	0.000	0.000	0.000	0.000	0.000	0.000	0.000	0.000	0.000	0.000	0.000	0.000	0.000	0.000	255.000	255.000	255.000	255.000	255.000	255.000	255.000	255.000	255.000	255.000	255.000	255.000	255.000	255.000	255.000	255.000	255.000	255.000	255.000	0.000	0.000	0.000	0.000	0.000	0.000	0.000	0.000	0.000	0.000	0.000	0.000	0.000	0.000	0.000	0.000	0.000	0.000	0.000	0.000	0.000	0.000	0.000	0.000	0.000	0.000	0.000	0.000	0.000	0.000	0.000	0.000	0.000	0.000	0.000	0.000	0.000	0.000	0.000	0.000	0.000	0.000	0.000	0.000	0.000	0.000	0.000	0.000	0.000	0.000	0.000	0.000	0.000	0.000	0.000	0.000	0.000	0.000	0.000	0.000	0.000	0.000	0.000	0.000	0.000	0.000	0.000	0.000	0.000	0.000	0.000	0.000	0.000	0.000	0.000	0.000	0.000	0.000	0.000	0.000	0.000	0.000	0.000	0.000	0.000	0.000	0.000	0.000	0.000	0.000	0.000	0.000	0.000	0.000	0.000	0.000	0.000	0.000	0.000	0.000	0.000	0.000	0.000	0.000	0.000	0.000	0.000	0.000	0.000	0.000	0.000	0.000	0.000	0.000	0.000	0.000	0.000	0.000	0.000	0.000	0.000	0.000	0.000	0.000
0.000	0.000	0.000	0.000	0.000	0.000	0.000	0.000	0.000	0.000	0.000	0.000	0.000	0.000	0.000	0.000	0.000	0.000	0.000	0.000	0.000	0.000	0.000	0.000	0.000	0.000	0.000	0.000	0.000	0.000	0.000	0.000	0.000	0.000	0.000	0.000	0.000	0.000	0.000	0.000	0.000	0.000	0.000	0.000	0.000	0.000	0.000	0.000	0.000	0.000	0.000	0.000	0.000	0.000	0.000	0.000	0.000	0.000	0.000	0.000	0.000	0.000	0.000	0.000	0.000	0.000	0.000	0.000	0.000	0.000	0.000	0.000	0.000	0.000	0.000	0.000	0.000	0.000	0.000	0.000	0.000	0.000	0.000	0.000	0.000	0.000	0.000	0.000	0.000	0.000	0.000	0.000	0.000	0.000	0.000	0.000	0.000	0.000	0.000	0.000	0.000	0.000	0.000	0.000	0.000	0.000	0.000	0.000	0.000	0.000	0.000	0.000	255.000	255.000	255.000	255.000	255.000	255.000	255.000	255.000	255.000	255.000	255.000	255.000	255.000	255.000	255.000	255.000	255.000	255.000	255.000	255.000	255.000	0.000	0.000	0.000	0.000	0.000	0.000	0.000	0.000	0.000	0.000	0.000	0.000	0.000	0.000	0.000	0.000	0.000	0.000	0.000	0.000	0.000	0.000	0.000	0.000	0.000	0.000	0.000	0.000	0.000	0.000	0.000	0.000	0.000	0.000	0.000	0.000	0.000	0.000	0.000	0.000	0.000	0.000	0.000	0.000	0.000	0.000	0.000	0.000	0.000	0.000	0.000	0.000	0.000	0.000	0.000	0.000	0.000	0.000	0.000	0.000	0.000	0.000	0.000	0.000	0.000	0.000	0.000	0.000	0.000	0.000	0.000	0.000	0.000	0.000	0.000	0.000	0.000	0.000	0.000	0.000	0.000	0.000	0.000	0.000	0.000	0.000	0.000	0.000	0.000	0.000	0.000	0.000	0.000	0.000	0.000	0.000	0.000	0.000	0.000	0.000	0.000	0.000	0.000	0.000	0.000	0.000	0.000	0.000	0.000	0.000	0.000	0.000	0.000	0.000	0.000	0.000	0.000	0.000	0.000	0.000	0.000	0.000	0.000
0.000	0.000	0.000	0.000	0.000	0.000	0.000	0.000	0.000	0.000	0.000	0.000	0.000	0.000	0.000	0.000	0.000	0.000	0.000	0.000	0.000	0.000	0.000	0.000	0.000	0.000	0.000	0.000	0.000	0.000	0.000	0.000	0.000	0.000	0.000	0.000	0.000	0.000	0.000	0.000	0.000	0.000	0.000	0.000	0.000	0.000	0.000	0.000	0.000	0.000	0.000	0.000	0.000	0.000	0.000	0.000	0.000	0.000	0.000	0.000	0.000	0.000	0.000	0.000	0.000	0.000	0.000	0.000	0.000	0.000	0.000	0.000	0.000	0.000	0.000	0.000	0.000	0.000	0.000	0.000	0.000	0.000	0.000	0.000	0.000	0.000	0.000	0.000	0.000	0.000	0.000	0.000	0.000	0.000	0.000	0.000	0.000	0.000	0.000	0.000	0.000	0.000	0.000	0.000	0.000	0.000	0.000	0.000	0.000	0.000	0.000	255.000	255.000	255.000	255.000	255.000	255.000	255.000	255.000	255.000	255.000	255.000	255.000	255.000	255.000	255.000	255.000	255.000	255.000	255.000	255.000	255.000	255.000	255.000	255.000	0.000	0.000	0.000	0.000	0.000	0.000	0.000	0.000	0.000	0.000	0.000	0.000	0.000	0.000	0.000	0.000	0.000	0.000	0.000	0.000	0.000	0.000	0.000	0.000	0.000	0.000	0.000	0.000	0.000	0.000	0.000	0.000	0.000	0.000	0.000	0.000	0.000	0.000	0.000	0.000	0.000	0.000	0.000	0.000	0.000	0.000	0.000	0.000	0.000	0.000	0.000	0.000	0.000	0.000	0.000	0.000	0.000	0.000	0.000	0.000	0.000	0.000	0.000	0.000	0.000	0.000	0.000	0.000	0.000	0.000	0.000	0.000	0.000	0.000	0.000	0.000	0.000	0.000	0.000	0.000	0.000	0.000	0.000	0.000	0.000	0.000	0.000	0.000	0.000	0.000	0.000	0.000	0.000	0.000	0.000	0.000	0.000	0.000	0.000	0.000	0.000	0.000	0.000	0.000	0.000	0.000	0.000	0.000	0.000	0.000	0.000	0.000	0.000	0.000	0.000	0.000	0.000	0.000	0.000	0.000	0.000
0.000	0.000	0.000	0.000	0.000	0.000	0.000	0.000	0.000	0.000	0.000	0.000	0.000	0.000	0.000	0.000	0.000	0.000	0.000	0.000	0.000	0.000	0.000	0.000	0.000	0.000	0.000	0.000	0.000	0.000	0.000	0.000	0.000	0.000	0.000	0.000	0.000	0.000	0.000	0.000	0.000	0.000	0.000	0.000	0.000	0.000	0.000	0.000	0.000	0.000	0.000	0.000	0.000	0.000	0.000	0.000	0.000	0.000	0.000	0.000	0.000	0.000	0.000	0.000	0.000	0.000	0.000	0.000	0.000	0.000	0.000	0.000	0.000	0.000	0.000	0.000	0.000	0.000	0.000	0.000	0.000	0.000	0.000	0.000	0.000	0.000	0.000	0.000	0.000	0.000	0.000	0.000	0.000	0.000	0.000	0.000	0.000	0.000	0.000	0.000	0.000	0.000	0.000	0.000	0.000	0.000	0.000	0.000	0.000	0.000	255.000	255.000	255.000	255.000	255.000	255.000	255.000	255.000	255.000	255.000	255.000	255.000	255.000	255.000	255.000	255.000	255.000	255.000	255.000	255.000	255.000	255.000	255.000	255.000	255.000	0.000	0.000	0.000	0.000	0.000	0.000	0.000	0.000	0.000	0.000	0.000	0.000	0.000	0.000	0.000	0.000	0.000	0.000	0.000	0.000	0.000	0.000	0.000	0.000	0.000	0.000	0.000	0.000	0.000	0.000	0.000	0.000	0.000	0.000	0.000	0.000	0.000	0.000	0.000	0.000	0.000	0.000	0.000	0.000	0.000	0.000	0.000	0.000	0.000	0.000	0.000	0.000	0.000	0.000	0.000	0.000	0.000	0.000	0.000	0.000	0.000	0.000	0.000	0.000	0.000	0.000	0.000	0.000	0.000	0.000	0.000	0.000	0.000	0.000	0.000	0.000	0.000	0.000	0.000	0.000	0.000	0.000	0.000	0.000	0.000	0.000	0.000	0.000	0.000	0.000	0.000	0.000	0.000	0.000	0.000	0.000	0.000	0.000	0.000	0.000	0.000	0.000	0.000	0.000	0.000	0.000	0.000	0.000	0.000	0.000	0.000	0.000	0.000	0.000	0.000	0.000	0.000	0.000	0.000	0.000	0.000
0.000	0.000	0.000	0.000	0.000	0.000	0.000	0.000	0.000	0.000	0.000	0.000	0.000	0.000	0.000	0.000	0.000	0.000	0.000	0.000	0.000	0.000	0.000	0.000	0.000	0.000	0.000	0.000	0.000	0.000	0.000	0.000	0.000	0.000	0.000	0.000	0.000	0.000	0.000	0.000	0.000	0.000	0.000	0.000	0.000	0.000	0.000	0.000	0.000	0.000	0.000	0.000	0.000	0.000	0.000	0.000	0.000	0.000	0.000	0.000	0.000	0.000	0.000	0.000	0.000	0.000	0.000	0.000	0.000	0.000	0.000	0.000	0.000	0.000	0.000	0.000	0.000	0.000	0.000	0.000	0.000	0.000	0.000	0.000	0.000	0.000	0.000	0.000	0.000	0.000	0.000	0.000	0.000	0.000	0.000	0.000	0.000	0.000	0.000	0.000	0.000	0.000	0.000	0.000	0.000	0.000	0.000	0.000	0.000	255.000	255.000	255.000	255.000	255.000	255.000	255.000	255.000	255.000	255.000	255.000	255.000	255.000	255.000	255.000	255.000	255.000	255.000	255.000	255.000	255.000	255.000	255.000	255.000	255.000	255.000	255.000	0.000	0.000	0.000	0.000	0.000	0.000	0.000	0.000	0.000	0.000	0.000	0.000	0.000	0.000	0.000	0.000	0.000	0.000	0.000	0.000	0.000	0.000	0.000	0.000	0.000	0.000	0.000	0.000	0.000	0.000	0.000	0.000	0.000	0.000	0.000	0.000	0.000	0.000	0.000	0.000	0.000	0.000	0.000	0.000	0.000	0.000	0.000	0.000	0.000	0.000	0.000	0.000	0.000	0.000	0.000	0.000	0.000	0.000	0.000	0.000	0.000	0.000	0.000	0.000	0.000	0.000	0.000	0.000	0.000	0.000	0.000	0.000	0.000	0.000	0.000	0.000	0.000	0.000	0.000	0.000	0.000	0.000	0.000	0.000	0.000	0.000	0.000	0.000	0.000	0.000	0.000	0.000	0.000	0.000	0.000	0.000	0.000	0.000	0.000	0.000	0.000	0.000	0.000	0.000	0.000	0.000	0.000	0.000	0.000	0.000	0.000	0.000	0.000	0.000	0.000	0.000	0.000	0.000	0.000	0.000
0.000	0.000	0.000	0.000	0.000	0.000	0.000	0.000	0.000	0.000	0.000	0.000	0.000	0.000	0.000	0.000	0.000	0.000	0.000	0.000	0.000	0.000	0.000	0.000	0.000	0.000	0.000	0.000	0.000	0.000	0.000	0.000	0.000	0.000	0.000	0.000	0.000	0.000	0.000	0.000	0.000	0.000	0.000	0.000	0.000	0.000	0.000	0.000	0.000	0.000	0.000	0.000	0.000	0.000	0.000	0.000	0.000	0.000	0.000	0.000	0.000	0.000	0.000	0.000	0.000	0.000	0.000	0.000	0.000	0.000	0.000	0.000	0.000	0.000	0.000	0.000	0.000	0.000	0.000	0.000	0.000	0.000	0.000	0.000	0.000	0.000	0.000	0.000	0.000	0.000	0.000	0.000	0.000	0.000	0.000	0.000	0.000	0.000	0.000	0.000	0.000	0.000	0.000	0.000	0.000	0.000	0.000	255.000	255.000	255.000	255.000	255.000	255.000	255.000	255.000	255.000	255.000	255.000	255.000	255.000	255.000	255.000	255.000	255.000	255.000	255.000	255.000	255.000	255.000	255.000	255.000	255.000	255.000	255.000	255.000	255.000	255.000	0.000	0.000	0.000	0.000	0.000	0.000	0.000	0.000	0.000	0.000	0.000	0.000	0.000	0.000	0.000	0.000	0.000	0.000	0.000	0.000	0.000	0.000	0.000	0.000	0.000	0.000	0.000	0.000	0.000	0.000	0.000	0.000	0.000	0.000	0.000	0.000	0.000	0.000	0.000	0.000	0.000	0.000	0.000	0.000	0.000	0.000	0.000	0.000	0.000	0.000	0.000	0.000	0.000	0.000	0.000	0.000	0.000	0.000	0.000	0.000	0.000	0.000	0.000	0.000	0.000	0.000	0.000	0.000	0.000	0.000	0.000	0.000	0.000	0.000	0.000	0.000	0.000	0.000	0.000	0.000	0.000	0.000	0.000	0.000	0.000	0.000	0.000	0.000	0.000	0.000	0.000	0.000	0.000	0.000	0.000	0.000	0.000	0.000	0.000	0.000	0.000	0.000	0.000	0.000	0.000	0.000	0.000	0.000	0.000	0.000	0.000	0.000	0.000	0.000	0.000	0.000	0.000	0.000	0.000
0.000	0.000	0.000	0.000	0.000	0.000	0.000	0.000	0.000	0.000	0.000	0.000	0.000	0.000	0.000	0.000	0.000	0.000	0.000	0.000	0.000	0.000	0.000	0.000	0.000	0.000	0.000	0.000	0.000	0.000	0.000	0.000	0.000	0.000	0.000	0.000	0.000	0.000	0.000	0.000	0.000	0.000	0.000	0.000	0.000	0.000	0.000	0.000	0.000	0.000	0.000	0.000	0.000	0.000	0.000	0.000	0.000	0.000	0.000	0.000	0.000	0.000	0.000	0.000	0.000	0.000	0.000	0.000	0.000	0.000	0.000	0.000	0.000	0.000	0.000	0.000	0.000	0.000	0.000	0.000	0.000	0.000	0.000	0.000	0.000	0.000	0.000	0.000	0.000	0.000	0.000	0.000	0.000	0.000	0.000	0.000	0.000	0.000	0.000	0.000	0.000	0.000	0.000	0.000	0.000	0.000	255.000	255.000	255.000	255.000	255.000	255.000	255.000	255.000	255.000	255.000	255.000	255.000	255.000	255.000	255.000	255.000	255.000	255.000	255.000	255.000	255.000	255.000	255.000	255.000	255.000	255.000	255.000	255.000	255.000	255.000	255.000	52.000	0.000	0.000	0.000	0.000	0.000	0.000	0.000	0.000	0.000	0.000	0.000	0.000	0.000	0.000	0.000	0.000	0.000	0.000	0.000	0.000	0.000	0.000	0.000	0.000	0.000	0.000	0.000	0.000	0.000	0.000	0.000	0.000	0.000	0.000	0.000	0.000	0.000	0.000	0.000	0.000	0.000	0.000	0.000	0.000	0.000	0.000	0.000	0.000	0.000	0.000	0.000	0.000	0.000	0.000	0.000	0.000	0.000	0.000	0.000	0.000	0.000	0.000	0.000	0.000	0.000	0.000	0.000	0.000	0.000	0.000	0.000	0.000	0.000	0.000	0.000	0.000	0.000	0.000	0.000	0.000	0.000	0.000	0.000	0.000	0.000	0.000	0.000	0.000	0.000	0.000	0.000	0.000	0.000	0.000	0.000	0.000	0.000	0.000	0.000	0.000	0.000	0.000	0.000	0.000	0.000	0.000	0.000	0.000	0.000	0.000	0.000	0.000	0.000	0.000	0.000	0.000	0.000	0.000
0.000	0.000	0.000	0.000	0.000	0.000	0.000	0.000	0.000	0.000	0.000	0.000	0.000	0.000	0.000	0.000	0.000	0.000	0.000	0.000	0.000	0.000	0.000	0.000	0.000	0.000	0.000	0.000	0.000	0.000	0.000	0.000	0.000	0.000	0.000	0.000	0.000	0.000	0.000	0.000	0.000	0.000	0.000	0.000	0.000	0.000	0.000	0.000	0.000	0.000	0.000	0.000	0.000	0.000	0.000	0.000	0.000	0.000	0.000	0.000	0.000	0.000	0.000	0.000	0.000	0.000	0.000	0.000	0.000	0.000	0.000	0.000	0.000	0.000	0.000	0.000	0.000	0.000	0.000	0.000	0.000	0.000	0.000	0.000	0.000	0.000	0.000	0.000	0.000	0.000	0.000	0.000	0.000	0.000	0.000	0.000	0.000	0.000	0.000	0.000	0.000	0.000	0.000	0.000	0.000	255.000	255.000	255.000	255.000	255.000	255.000	255.000	255.000	255.000	255.000	255.000	255.000	255.000	255.000	255.000	255.000	255.000	255.000	255.000	255.000	255.000	255.000	255.000	255.000	255.000	255.000	255.000	255.000	255.000	255.000	255.000	255.000	255.000	0.000	0.000	0.000	0.000	0.000	0.000	0.000	0.000	0.000	0.000	0.000	0.000	0.000	0.000	0.000	0.000	0.000	0.000	0.000	0.000	0.000	0.000	0.000	0.000	0.000	0.000	0.000	0.000	0.000	0.000	0.000	0.000	0.000	0.000	0.000	0.000	0.000	0.000	0.000	0.000	0.000	0.000	0.000	0.000	0.000	0.000	0.000	0.000	0.000	0.000	0.000	0.000	0.000	0.000	0.000	0.000	0.000	0.000	0.000	0.000	0.000	0.000	0.000	0.000	0.000	0.000	0.000	0.000	0.000	0.000	0.000	0.000	0.000	0.000	0.000	0.000	0.000	0.000	0.000	0.000	0.000	0.000	0.000	0.000	0.000	0.000	0.000	0.000	0.000	0.000	0.000	0.000	0.000	0.000	0.000	0.000	0.000	0.000	0.000	0.000	0.000	0.000	0.000	0.000	0.000	0.000	0.000	0.000	0.000	0.000	0.000	0.000	0.000	0.000	0.000	0.000	0.000	0.000
0.000	0.000	0.000	0.000	0.000	0.000	0.000	0.000	0.000	0.000	0.000	0.000	0.000	0.000	0.000	0.000	0.000	0.000	0.000	0.000	0.000	0.000	0.000	0.000	0.000	0.000	0.000	0.000	0.000	0.000	0.000	0.000	0.000	0.000	0.000	0.000	0.000	0.000	0.000	0.000	0.000	0.000	0.000	0.000	0.000	0.000	0.000	0.000	0.000	0.000	0.000	0.000	0.000	0.000	0.000	0.000	0.000	0.000	0.000	0.000	0.000	0.000	0.000	0.000	0.000	0.000	0.000	0.000	0.000	0.000	0.000	0.000	0.000	0.000	0.000	0.000	0.000	0.000	0.000	0.000	0.000	0.000	0.000	0.000	0.000	0.000	0.000	0.000	0.000	0.000	0.000	0.000	0.000	0.000	0.000	0.000	0.000	0.000	0.000	0.000	0.000	0.000	0.000	0.000	255.000	255.000	255.000	255.000	255.000	255.000	255.000	255.000	255.000	255.000	255.000	255.000	255.000	255.000	255.000	255.000	255.000	255.000	255.000	255.000	255.000	255.000	255.000	255.000	255.000	255.000	255.000	255.000	255.000	255.000	255.000	255.000	255.000	255.000	255.000	0.000	0.000	0.000	0.000	0.000	0.000	0.000	0.000	0.000	0.000	0.000	0.000	0.000	0.000	0.000	0.000	0.000	0.000	0.000	0.000	0.000	0.000	0.000	0.000	0.000	0.000	0.000	0.000	0.000	0.000	0.000	0.000	0.000	0.000	0.000	0.000	0.000	0.000	0.000	0.000	0.000	0.000	0.000	0.000	0.000	0.000	0.000	0.000	0.000	0.000	0.000	0.000	0.000	0.000	0.000	0.000	0.000	0.000	0.000	0.000	0.000	0.000	0.000	0.000	0.000	0.000	0.000	0.000	0.000	0.000	0.000	0.000	0.000	0.000	0.000	0.000	0.000	0.000	0.000	0.000	0.000	0.000	0.000	0.000	0.000	0.000	0.000	0.000	0.000	0.000	0.000	0.000	0.000	0.000	0.000	0.000	0.000	0.000	0.000	0.000	0.000	0.000	0.000	0.000	0.000	0.000	0.000	0.000	0.000	0.000	0.000	0.000	0.000	0.000	0.000	0.000	0.000
0.000	0.000	0.000	0.000	0.000	0.000	0.000	0.000	0.000	0.000	0.000	0.000	0.000	0.000	0.000	0.000	0.000	0.000	0.000	0.000	0.000	0.000	0.000	0.000	0.000	0.000	0.000	0.000	0.000	0.000	0.000	0.000	0.000	0.000	0.000	0.000	0.000	0.000	0.000	0.000	0.000	0.000	0.000	0.000	0.000	0.000	0.000	0.000	0.000	0.000	0.000	0.000	0.000	0.000	0.000	0.000	0.000	0.000	0.000	0.000	0.000	0.000	0.000	0.000	0.000	0.000	0.000	0.000	0.000	0.000	0.000	0.000	0.000	0.000	0.000	0.000	0.000	0.000	0.000	0.000	0.000	0.000	0.000	0.000	0.000	0.000	0.000	0.000	0.000	0.000	0.000	0.000	0.000	0.000	0.000	0.000	0.000	0.000	0.000	0.000	0.000	0.000	255.000	255.000	255.000	255.000	255.000	255.000	255.000	255.000	255.000	255.000	255.000	255.000	255.000	255.000	255.000	255.000	255.000	255.000	255.000	255.000	255.000	255.000	255.000	255.000	255.000	255.000	255.000	255.000	255.000	255.000	255.000	255.000	255.000	255.000	255.000	255.000	255.000	0.000	0.000	0.000	0.000	0.000	0.000	0.000	0.000	0.000	0.000	0.000	0.000	0.000	0.000	0.000	0.000	0.000	0.000	0.000	0.000	0.000	0.000	0.000	0.000	0.000	0.000	0.000	0.000	0.000	0.000	0.000	0.000	0.000	0.000	0.000	0.000	0.000	0.000	0.000	0.000	0.000	0.000	0.000	0.000	0.000	0.000	0.000	0.000	0.000	0.000	0.000	0.000	0.000	0.000	0.000	0.000	0.000	0.000	0.000	0.000	0.000	0.000	0.000	0.000	0.000	0.000	0.000	0.000	0.000	0.000	0.000	0.000	0.000	0.000	0.000	0.000	0.000	0.000	0.000	0.000	0.000	0.000	0.000	0.000	0.000	0.000	0.000	0.000	0.000	0.000	0.000	0.000	0.000	0.000	0.000	0.000	0.000	0.000	0.000	0.000	0.000	0.000	0.000	0.000	0.000	0.000	0.000	0.000	0.000	0.000	0.000	0.000	0.000	0.000	0.000	0.000	0.000
0.000	0.000	0.000	0.000	0.000	0.000	0.000	0.000	0.000	0.000	0.000	0.000	0.000	0.000	0.000	0.000	0.000	0.000	0.000	0.000	0.000	0.000	0.000	0.000	0.000	0.000	0.000	0.000	0.000	0.000	0.000	0.000	0.000	0.000	0.000	0.000	0.000	0.000	0.000	0.000	0.000	0.000	0.000	0.000	0.000	0.000	0.000	0.000	0.000	0.000	0.000	0.000	0.000	0.000	0.000	0.000	0.000	0.000	0.000	0.000	0.000	0.000	0.000	0.000	0.000	0.000	0.000	0.000	0.000	0.000	0.000	0.000	0.000	0.000	0.000	0.000	0.000	0.000	0.000	0.000	0.000	0.000	0.000	0.000	0.000	0.000	0.000	0.000	0.000	0.000	0.000	0.000	0.000	0.000	0.000	0.000	0.000	0.000	0.000	0.000	0.000	255.000	255.000	255.000	255.000	255.000	255.000	255.000	255.000	255.000	255.000	255.000	255.000	255.000	255.000	255.000	255.000	255.000	255.000	255.000	255.000	255.000	255.000	255.000	255.000	255.000	255.000	255.000	255.000	255.000	255.000	255.000	255.000	255.000	255.000	255.000	255.000	255.000	255.000	255.000	0.000	0.000	0.000	0.000	0.000	0.000	0.000	0.000	0.000	0.000	0.000	0.000	0.000	0.000	0.000	0.000	0.000	0.000	0.000	0.000	0.000	0.000	0.000	0.000	0.000	0.000	0.000	0.000	0.000	0.000	0.000	0.000	0.000	0.000	0.000	0.000	0.000	0.000	0.000	0.000	0.000	0.000	0.000	0.000	0.000	0.000	0.000	0.000	0.000	0.000	0.000	0.000	0.000	0.000	0.000	0.000	0.000	0.000	0.000	0.000	0.000	0.000	0.000	0.000	0.000	0.000	0.000	0.000	0.000	0.000	0.000	0.000	0.000	0.000	0.000	0.000	0.000	0.000	0.000	0.000	0.000	0.000	0.000	0.000	0.000	0.000	0.000	0.000	0.000	0.000	0.000	0.000	0.000	0.000	0.000	0.000	0.000	0.000	0.000	0.000	0.000	0.000	0.000	0.000	0.000	0.000	0.000	0.000	0.000	0.000	0.000	0.000	0.000	0.000	0.000	0.000
0.000	0.000	0.000	0.000	0.000	0.000	0.000	0.000	0.000	0.000	0.000	0.000	0.000	0.000	0.000	0.000	0.000	0.000	0.000	0.000	0.000	0.000	0.000	0.000	0.000	0.000	0.000	0.000	0.000	0.000	0.000	0.000	0.000	0.000	0.000	0.000	0.000	0.000	0.000	0.000	0.000	0.000	0.000	0.000	0.000	0.000	0.000	0.000	0.000	0.000	0.000	0.000	0.000	0.000	0.000	0.000	0.000	0.000	0.000	0.000	0.000	0.000	0.000	0.000	0.000	0.000	0.000	0.000	0.000	0.000	0.000	0.000	0.000	0.000	0.000	0.000	0.000	0.000	0.000	0.000	0.000	0.000	0.000	0.000	0.000	0.000	0.000	0.000	0.000	0.000	0.000	0.000	0.000	0.000	0.000	0.000	0.000	0.000	0.000	0.000	255.000	255.000	255.000	255.000	255.000	255.000	255.000	255.000	255.000	255.000	255.000	255.000	255.000	255.000	255.000	255.000	255.000	255.000	255.000	255.000	255.000	255.000	255.000	255.000	255.000	255.000	255.000	255.000	255.000	255.000	255.000	255.000	255.000	255.000	255.000	255.000	255.000	255.000	255.000	255.000	255.000	0.000	0.000	0.000	0.000	0.000	0.000	0.000	0.000	0.000	0.000	0.000	0.000	0.000	0.000	0.000	0.000	0.000	0.000	0.000	0.000	0.000	0.000	0.000	0.000	0.000	0.000	0.000	0.000	0.000	0.000	0.000	0.000	0.000	0.000	0.000	0.000	0.000	0.000	0.000	0.000	0.000	0.000	0.000	0.000	0.000	0.000	0.000	0.000	0.000	0.000	0.000	0.000	0.000	0.000	0.000	0.000	0.000	0.000	0.000	0.000	0.000	0.000	0.000	0.000	0.000	0.000	0.000	0.000	0.000	0.000	0.000	0.000	0.000	0.000	0.000	0.000	0.000	0.000	0.000	0.000	0.000	0.000	0.000	0.000	0.000	0.000	0.000	0.000	0.000	0.000	0.000	0.000	0.000	0.000	0.000	0.000	0.000	0.000	0.000	0.000	0.000	0.000	0.000	0.000	0.000	0.000	0.000	0.000	0.000	0.000	0.000	0.000	0.000	0.000	0.000
0.000	0.000	0.000	0.000	0.000	0.000	0.000	0.000	0.000	0.000	0.000	0.000	0.000	0.000	0.000	0.000	0.000	0.000	0.000	0.000	0.000	0.000	0.000	0.000	0.000	0.000	0.000	0.000	0.000	0.000	0.000	0.000	0.000	0.000	0.000	0.000	0.000	0.000	0.000	0.000	0.000	0.000	0.000	0.000	0.000	0.000	0.000	0.000	0.000	0.000	0.000	0.000	0.000	0.000	0.000	0.000	0.000	0.000	0.000	0.000	0.000	0.000	0.000	0.000	0.000	0.000	0.000	0.000	0.000	0.000	0.000	0.000	0.000	0.000	0.000	0.000	0.000	0.000	0.000	0.000	0.000	0.000	0.000	0.000	0.000	0.000	0.000	0.000	0.000	0.000	0.000	0.000	0.000	0.000	0.000	0.000	0.000	0.000	0.000	255.000	255.000	255.000	255.000	255.000	255.000	255.000	255.000	255.000	255.000	255.000	255.000	255.000	255.000	255.000	255.000	255.000	255.000	255.000	255.000	255.000	255.000	255.000	255.000	255.000	255.000	255.000	255.000	255.000	255.000	255.000	255.000	255.000	255.000	255.000	255.000	255.000	255.000	255.000	255.000	255.000	255.000	255.000	0.000	0.000	0.000	0.000	0.000	0.000	0.000	0.000	0.000	0.000	0.000	0.000	0.000	0.000	0.000	0.000	0.000	0.000	0.000	0.000	0.000	0.000	0.000	0.000	0.000	0.000	0.000	0.000	0.000	0.000	0.000	0.000	0.000	0.000	0.000	0.000	0.000	0.000	0.000	0.000	0.000	0.000	0.000	0.000	0.000	0.000	0.000	0.000	0.000	0.000	0.000	0.000	0.000	0.000	0.000	0.000	0.000	0.000	0.000	0.000	0.000	0.000	0.000	0.000	0.000	0.000	0.000	0.000	0.000	0.000	0.000	0.000	0.000	0.000	0.000	0.000	0.000	0.000	0.000	0.000	0.000	0.000	0.000	0.000	0.000	0.000	0.000	0.000	0.000	0.000	0.000	0.000	0.000	0.000	0.000	0.000	0.000	0.000	0.000	0.000	0.000	0.000	0.000	0.000	0.000	0.000	0.000	0.000	0.000	0.000	0.000	0.000	0.000	0.000
0.000	0.000	0.000	0.000	0.000	0.000	0.000	0.000	0.000	0.000	0.000	0.000	0.000	0.000	0.000	0.000	0.000	0.000	0.000	0.000	0.000	0.000	0.000	0.000	0.000	0.000	0.000	0.000	0.000	0.000	0.000	0.000	0.000	0.000	0.000	0.000	0.000	0.000	0.000	0.000	0.000	0.000	0.000	0.000	0.000	0.000	0.000	0.000	0.000	0.000	0.000	0.000	0.000	0.000	0.000	0.000	0.000	0.000	0.000	0.000	0.000	0.000	0.000	0.000	0.000	0.000	0.000	0.000	0.000	0.000	0.000	0.000	0.000	0.000	0.000	0.000	0.000	0.000	0.000	0.000	0.000	0.000	0.000	0.000	0.000	0.000	0.000	0.000	0.000	0.000	0.000	0.000	0.000	0.000	0.000	0.000	0.000	0.000	255.000	255.000	255.000	255.000	255.000	255.000	255.000	255.000	255.000	255.000	255.000	255.000	255.000	255.000	255.000	255.000	255.000	255.000	255.000	255.000	255.000	255.000	255.000	255.000	255.000	255.000	255.000	255.000	255.000	255.000	255.000	255.000	255.000	255.000	255.000	255.000	255.000	255.000	255.000	255.000	255.000	255.000	255.000	255.000	255.000	0.000	0.000	0.000	0.000	0.000	0.000	0.000	0.000	0.000	0.000	0.000	0.000	0.000	0.000	0.000	0.000	0.000	0.000	0.000	0.000	0.000	0.000	0.000	0.000	0.000	0.000	0.000	0.000	0.000	0.000	0.000	0.000	0.000	0.000	0.000	0.000	0.000	0.000	0.000	0.000	0.000	0.000	0.000	0.000	0.000	0.000	0.000	0.000	0.000	0.000	0.000	0.000	0.000	0.000	0.000	0.000	0.000	0.000	0.000	0.000	0.000	0.000	0.000	0.000	0.000	0.000	0.000	0.000	0.000	0.000	0.000	0.000	0.000	0.000	0.000	0.000	0.000	0.000	0.000	0.000	0.000	0.000	0.000	0.000	0.000	0.000	0.000	0.000	0.000	0.000	0.000	0.000	0.000	0.000	0.000	0.000	0.000	0.000	0.000	0.000	0.000	0.000	0.000	0.000	0.000	0.000	0.000	0.000	0.000	0.000	0.000	0.000	0.000
0.000	0.000	0.000	0.000	0.000	0.000	0.000	0.000	0.000	0.000	0.000	0.000	0.000	0.000	0.000	0.000	0.000	0.000	0.000	0.000	0.000	0.000	0.000	0.000	0.000	0.000	0.000	0.000	0.000	0.000	0.000	0.000	0.000	0.000	0.000	0.000	0.000	0.000	0.000	0.000	0.000	0.000	0.000	0.000	0.000	0.000	0.000	0.000	0.000	0.000	0.000	0.000	0.000	0.000	0.000	0.000	0.000	0.000	0.000	0.000	0.000	0.000	0.000	0.000	0.000	0.000	0.000	0.000	0.000	0.000	0.000	0.000	0.000	0.000	0.000	0.000	0.000	0.000	0.000	0.000	0.000	0.000	0.000	0.000	0.000	0.000	0.000	0.000	0.000	0.000	0.000	0.000	0.000	0.000	0.000	0.000	0.000	0.000	255.000	255.000	255.000	255.000	255.000	255.000	255.000	255.000	255.000	255.000	255.000	255.000	255.000	255.000	255.000	255.000	255.000	255.000	255.000	255.000	255.000	255.000	255.000	255.000	255.000	255.000	255.000	255.000	255.000	255.000	255.000	255.000	255.000	255.000	255.000	255.000	255.000	255.000	255.000	255.000	255.000	255.000	255.000	255.000	255.000	255.000	0.000	0.000	0.000	0.000	0.000	0.000	0.000	0.000	0.000	0.000	0.000	0.000	0.000	0.000	0.000	0.000	0.000	0.000	0.000	0.000	0.000	0.000	0.000	0.000	0.000	0.000	0.000	0.000	0.000	0.000	0.000	0.000	0.000	0.000	0.000	0.000	0.000	0.000	0.000	0.000	0.000	0.000	0.000	0.000	0.000	0.000	0.000	0.000	0.000	0.000	0.000	0.000	0.000	0.000	0.000	0.000	0.000	0.000	0.000	0.000	0.000	0.000	0.000	0.000	0.000	0.000	0.000	0.000	0.000	0.000	0.000	0.000	0.000	0.000	0.000	0.000	0.000	0.000	0.000	0.000	0.000	0.000	0.000	0.000	0.000	0.000	0.000	0.000	0.000	0.000	0.000	0.000	0.000	0.000	0.000	0.000	0.000	0.000	0.000	0.000	0.000	0.000	0.000	0.000	0.000	0.000	0.000	0.000	0.000	0.000	0.000	0.000
0.000	0.000	0.000	0.000	0.000	0.000	0.000	0.000	0.000	0.000	0.000	0.000	0.000	0.000	0.000	0.000	0.000	0.000	0.000	0.000	0.000	0.000	0.000	0.000	0.000	0.000	0.000	0.000	0.000	0.000	0.000	0.000	0.000	0.000	0.000	0.000	0.000	0.000	0.000	0.000	0.000	0.000	0.000	0.000	0.000	0.000	0.000	0.000	0.000	0.000	0.000	0.000	0.000	0.000	0.000	0.000	0.000	0.000	0.000	0.000	0.000	0.000	0.000	0.000	0.000	0.000	0.000	0.000	0.000	0.000	0.000	0.000	0.000	0.000	0.000	0.000	0.000	0.000	0.000	0.000	0.000	0.000	0.000	0.000	0.000	0.000	0.000	0.000	0.000	0.000	0.000	0.000	0.000	0.000	0.000	0.000	0.000	255.000	255.000	255.000	255.000	255.000	255.000	255.000	255.000	255.000	255.000	255.000	255.000	255.000	255.000	255.000	255.000	255.000	255.000	255.000	255.000	255.000	255.000	255.000	255.000	255.000	255.000	255.000	255.000	255.000	255.000	255.000	255.000	255.000	255.000	255.000	255.000	255.000	255.000	255.000	255.000	255.000	255.000	255.000	255.000	255.000	255.000	255.000	255.000	0.000	0.000	0.000	0.000	0.000	0.000	0.000	0.000	0.000	0.000	0.000	0.000	0.000	0.000	0.000	0.000	0.000	0.000	0.000	0.000	0.000	0.000	0.000	0.000	0.000	0.000	0.000	0.000	0.000	0.000	0.000	0.000	0.000	0.000	0.000	0.000	0.000	0.000	0.000	0.000	0.000	0.000	0.000	0.000	0.000	0.000	0.000	0.000	0.000	0.000	0.000	0.000	0.000	0.000	0.000	0.000	0.000	0.000	0.000	0.000	0.000	0.000	0.000	0.000	0.000	0.000	0.000	0.000	0.000	0.000	0.000	0.000	0.000	0.000	0.000	0.000	0.000	0.000	0.000	0.000	0.000	0.000	0.000	0.000	0.000	0.000	0.000	0.000	0.000	0.000	0.000	0.000	0.000	0.000	0.000	0.000	0.000	0.000	0.000	0.000	0.000	0.000	0.000	0.000	0.000	0.000	0.000	0.000	0.000	0.000	0.000
0.000	0.000	0.000	0.000	0.000	0.000	0.000	0.000	0.000	0.000	0.000	0.000	0.000	0.000	0.000	0.000	0.000	0.000	0.000	0.000	0.000	0.000	0.000	0.000	0.000	0.000	0.000	0.000	0.000	0.000	0.000	0.000	0.000	0.000	0.000	0.000	0.000	0.000	0.000	0.000	0.000	0.000	0.000	0.000	0.000	0.000	0.000	0.000	0.000	0.000	0.000	0.000	0.000	0.000	0.000	0.000	0.000	0.000	0.000	0.000	0.000	0.000	0.000	0.000	0.000	0.000	0.000	0.000	0.000	0.000	0.000	0.000	0.000	0.000	0.000	0.000	0.000	0.000	0.000	0.000	0.000	0.000	0.000	0.000	0.000	0.000	0.000	0.000	0.000	0.000	0.000	0.000	0.000	0.000	0.000	0.000	255.000	255.000	255.000	255.000	255.000	255.000	255.000	255.000	255.000	255.000	255.000	255.000	255.000	255.000	255.000	255.000	255.000	255.000	255.000	255.000	255.000	255.000	255.000	255.000	255.000	255.000	255.000	255.000	255.000	255.000	255.000	255.000	255.000	255.000	255.000	255.000	255.000	255.000	255.000	255.000	255.000	255.000	255.000	255.000	255.000	255.000	255.000	255.000	255.000	255.000	0.000	0.000	0.000	0.000	0.000	0.000	0.000	0.000	0.000	0.000	0.000	0.000	0.000	0.000	0.000	0.000	0.000	0.000	0.000	0.000	0.000	0.000	0.000	0.000	0.000	0.000	0.000	0.000	0.000	0.000	0.000	0.000	0.000	0.000	0.000	0.000	0.000	0.000	0.000	0.000	0.000	0.000	0.000	0.000	0.000	0.000	0.000	0.000	0.000	0.000	0.000	0.000	0.000	0.000	0.000	0.000	0.000	0.000	0.000	0.000	0.000	0.000	0.000	0.000	0.000	0.000	0.000	0.000	0.000	0.000	0.000	0.000	0.000	0.000	0.000	0.000	0.000	0.000	0.000	0.000	0.000	0.000	0.000	0.000	0.000	0.000	0.000	0.000	0.000	0.000	0.000	0.000	0.000	0.000	0.000	0.000	0.000	0.000	0.000	0.000	0.000	0.000	0.000	0.000	0.000	0.000	0.000	0.000	0.000	0.000
0.000	0.000	0.000	0.000	0.000	0.000	0.000	0.000	0.000	0.000	0.000	0.000	0.000	0.000	0.000	0.000	0.000	0.000	0.000	0.000	0.000	0.000	0.000	0.000	0.000	0.000	0.000	0.000	0.000	0.000	0.000	0.000	0.000	0.000	0.000	0.000	0.000	0.000	0.000	0.000	0.000	0.000	0.000	0.000	0.000	0.000	0.000	0.000	0.000	0.000	0.000	0.000	0.000	0.000	0.000	0.000	0.000	0.000	0.000	0.000	0.000	0.000	0.000	0.000	0.000	0.000	0.000	0.000	0.000	0.000	0.000	0.000	0.000	0.000	0.000	0.000	0.000	0.000	0.000	0.000	0.000	0.000	0.000	0.000	0.000	0.000	0.000	0.000	0.000	0.000	0.000	0.000	0.000	0.000	0.000	0.000	255.000	255.000	255.000	255.000	255.000	255.000	255.000	255.000	255.000	255.000	255.000	255.000	255.000	255.000	255.000	255.000	255.000	255.000	255.000	255.000	255.000	255.000	255.000	255.000	255.000	255.000	255.000	255.000	255.000	255.000	255.000	255.000	255.000	255.000	255.000	255.000	255.000	255.000	255.000	255.000	255.000	255.000	255.000	255.000	255.000	255.000	255.000	255.000	255.000	255.000	255.000	0.000	0.000	0.000	0.000	0.000	0.000	0.000	0.000	0.000	0.000	0.000	0.000	0.000	0.000	0.000	0.000	0.000	0.000	0.000	0.000	0.000	0.000	0.000	0.000	0.000	0.000	0.000	0.000	0.000	0.000	0.000	0.000	0.000	0.000	0.000	0.000	0.000	0.000	0.000	0.000	0.000	0.000	0.000	0.000	0.000	0.000	0.000	0.000	0.000	0.000	0.000	0.000	0.000	0.000	0.000	0.000	0.000	0.000	0.000	0.000	0.000	0.000	0.000	0.000	0.000	0.000	0.000	0.000	0.000	0.000	0.000	0.000	0.000	0.000	0.000	0.000	0.000	0.000	0.000	0.000	0.000	0.000	0.000	0.000	0.000	0.000	0.000	0.000	0.000	0.000	0.000	0.000	0.000	0.000	0.000	0.000	0.000	0.000	0.000	0.000	0.000	0.000	0.000	0.000	0.000	0.000	0.000	0.000	0.000
0.000	0.000	0.000	0.000	0.000	0.000	0.000	0.000	0.000	0.000	0.000	0.000	0.000	0.000	0.000	0.000	0.000	0.000	0.000	0.000	0.000	0.000	0.000	0.000	0.000	0.000	0.000	0.000	0.000	0.000	0.000	0.000	0.000	0.000	0.000	0.000	0.000	0.000	0.000	0.000	0.000	0.000	0.000	0.000	0.000	0.000	0.000	0.000	0.000	0.000	0.000	0.000	0.000	0.000	0.000	0.000	0.000	0.000	0.000	0.000	0.000	0.000	0.000	0.000	0.000	0.000	0.000	0.000	0.000	0.000	0.000	0.000	0.000	0.000	0.000	0.000	0.000	0.000	0.000	0.000	0.000	0.000	0.000	0.000	0.000	0.000	0.000	0.000	0.000	0.000	0.000	0.000	0.000	0.000	0.000	255.000	255.000	255.000	255.000	255.000	255.000	255.000	255.000	255.000	255.000	255.000	255.000	255.000	255.000	255.000	255.000	255.000	255.000	255.000	255.000	255.000	255.000	255.000	255.000	255.000	255.000	255.000	255.000	255.000	255.000	255.000	255.000	255.000	255.000	255.000	255.000	255.000	255.000	255.000	255.000	255.000	255.000	255.000	255.000	255.000	255.000	255.000	255.000	255.000	255.000	255.000	255.000	46.667	0.000	0.000	0.000	0.000	0.000	0.000	0.000	0.000	0.000	0.000	0.000	0.000	0.000	0.000	0.000	0.000	0.000	0.000	0.000	0.000	0.000	0.000	0.000	0.000	0.000	0.000	0.000	0.000	0.000	0.000	0.000	0.000	0.000	0.000	0.000	0.000	0.000	0.000	0.000	0.000	0.000	0.000	0.000	0.000	0.000	0.000	0.000	0.000	0.000	0.000	0.000	0.000	0.000	0.000	0.000	0.000	0.000	0.000	0.000	0.000	0.000	0.000	0.000	0.000	0.000	0.000	0.000	0.000	0.000	0.000	0.000	0.000	0.000	0.000	0.000	0.000	0.000	0.000	0.000	0.000	0.000	0.000	0.000	0.000	0.000	0.000	0.000	0.000	0.000	0.000	0.000	0.000	0.000	0.000	0.000	0.000	0.000	0.000	0.000	0.000	0.000	0.000	0.000	0.000	0.000	0.000	0.000	0.000
0.000	0.000	0.000	0.000	0.000	0.000	0.000	0.000	0.000	0.000	0.000	0.000	0.000	0.000	0.000	0.000	0.000	0.000	0.000	0.000	0.000	0.000	0.000	0.000	0.000	0.000	0.000	0.000	0.000	0.000	0.000	0.000	0.000	0.000	0.000	0.000	0.000	0.000	0.000	0.000	0.000	0.000	0.000	0.000	0.000	0.000	0.000	0.000	0.000	0.000	0.000	0.000	0.000	0.000	0.000	0.000	0.000	0.000	0.000	0.000	0.000	0.000	0.000	0.000	0.000	0.000	0.000	0.000	0.000	0.000	0.000	0.000	0.000	0.000	0.000	0.000	0.000	0.000	0.000	0.000	0.000	0.000	0.000	0.000	0.000	0.000	0.000	0.000	0.000	0.000	0.000	0.000	0.000	0.000	255.000	255.000	255.000	255.000	255.000	255.000	255.000	255.000	255.000	255.000	255.000	255.000	255.000	255.000	255.000	255.000	255.000	255.000	255.000	255.000	255.000	255.000	255.000	255.000	255.000	255.000	255.000	255.000	255.000	255.000	255.000	255.000	255.000	255.000	255.000	255.000	255.000	255.000	255.000	255.000	255.000	255.000	255.000	255.000	255.000	255.000	255.000	255.000	255.000	255.000	255.000	255.000	255.000	255.000	255.000	0.000	0.000	0.000	0.000	0.000	0.000	0.000	0.000	0.000	0.000	0.000	0.000	0.000	0.000	0.000	0.000	0.000	0.000	0.000	0.000	0.000	0.000	0.000	0.000	0.000	0.000	0.000	0.000	0.000	0.000	0.000	0.000	0.000	0.000	0.000	0.000	0.000	0.000	0.000	0.000	0.000	0.000	0.000	0.000	0.000	0.000	0.000	0.000	0.000	0.000	0.000	0.000	0.000	0.000	0.000	0.000	0.000	0.000	0.000	0.000	0.000	0.000	0.000	0.000	0.000	0.000	0.000	0.000	0.000	0.000	0.000	0.000	0.000	0.000	0.000	0.000	0.000	0.000	0.000	0.000	0.000	0.000	0.000	0.000	0.000	0.000	0.000	0.000	0.000	0.000	0.000	0.000	0.000	0.000	0.000	0.000	0.000	0.000	0.000	0.000	0.000	0.000	0.000	0.000	0.000	0.000	0.000
0.000	0.000	0.000	0.000	0.000	0.000	0.000	0.000	0.000	0.000	0.000	0.000	0.000	0.000	0.000	0.000	0.000	0.000	0.000	0.000	0.000	0.000	0.000	0.000	0.000	0.000	0.000	0.000	0.000	0.000	0.000	0.000	0.000	0.000	0.000	0.000	0.000	0.000	0.000	0.000	0.000	0.000	0.000	0.000	0.000	0.000	0.000	0.000	0.000	0.000	0.000	0.000	0.000	0.000	0.000	0.000	0.000	0.000	0.000	0.000	0.000	0.000	0.000	0.000	0.000	0.000	0.000	0.000	0.000	0.000	0.000	0.000	0.000	0.000	0.000	0.000	0.000	0.000	0.000	0.000	0.000	0.000	0.000	0.000	0.000	0.000	0.000	0.000	0.000	0.000	0.000	0.000	0.000	0.000	255.000	255.000	255.000	255.000	255.000	255.000	255.000	255.000	255.000	255.000	255.000	255.000	255.000	255.000	255.000	255.000	255.000	255.000	255.000	255.000	255.000	255.000	255.000	255.000	255.000	255.000	255.000	255.000	255.000	255.000	255.000	255.000	255.000	255.000	255.000	255.000	255.000	255.000	255.000	255.000	255.000	255.000	255.000	255.000	255.000	255.000	255.000	255.000	255.000	255.000	255.000	255.000	255.000	255.000	255.000	255.000	0.000	0.000	0.000	0.000	0.000	0.000	0.000	0.000	0.000	0.000	0.000	0.000	0.000	0.000	0.000	0.000	0.000	0.000	0.000	0.000	0.000	0.000	0.000	0.000	0.000	0.000	0.000	0.000	0.000	0.000	0.000	0.000	0.000	0.000	0.000	0.000	0.000	0.000	0.000	0.000	0.000	0.000	0.000	0.000	0.000	0.000	0.000	0.000	0.000	0.000	0.000	0.000	0.000	0.000	0.000	0.000	0.000	0.000	0.000	0.000	0.000	0.000	0.000	0.000	0.000	0.000	0.000	0.000	0.000	0.000	0.000	0.000	0.000	0.000	0.000	0.000	0.000	0.000	0.000	0.000	0.000	0.000	0.000	0.000	0.000	0.000	0.000	0.000	0.000	0.000	0.000	0.000	0.000	0.000	0.000	0.000	0.000	0.000	0.000	0.000	0.000	0.000	0.000	0.000	0.000	0.000
0.000	0.000	0.000	0.000	0.000	0.000	0.000	0.000	0.000	0.000	0.000	0.000	0.000	0.000	0.000	0.000	0.000	0.000	0.000	0.000	0.000	0.000	0.000	0.000	0.000	0.000	0.000	0.000	0.000	0.000	0.000	0.000	0.000	0.000	0.000	0.000	0.000	0.000	0.000	0.000	0.000	0.000	0.000	0.000	0.000	0.000	0.000	0.000	0.000	0.000	0.000	0.000	0.000	0.000	0.000	0.000	0.000	0.000	0.000	0.000	0.000	0.000	0.000	0.000	0.000	0.000	0.000	0.000	0.000	0.000	0.000	0.000	0.000	0.000	0.000	0.000	0.000	0.000	0.000	0.000	0.000	0.000	0.000	0.000	0.000	0.000	0.000	0.000	0.000	0.000	0.000	0.000	0.000	255.000	255.000	255.000	255.000	255.000	255.000	255.000	255.000	255.000	255.000	255.000	255.000	255.000	255.000	255.000	255.000	255.000	255.000	255.000	255.000	255.000	255.000	255.000	255.000	255.000	255.000	255.000	255.000	255.000	255.000	255.000	255.000	255.000	255.000	255.000	255.000	255.000	255.000	255.000	255.000	255.000	255.000	255.000	255.000	255.000	255.000	255.000	255.000	255.000	255.000	255.000	255.000	255.000	255.000	255.000	255.000	255.000	255.000	0.000	0.000	0.000	0.000	0.000	0.000	0.000	0.000	0.000	0.000	0.000	0.000	0.000	0.000	0.000	0.000	0.000	0.000	0.000	0.000	0.000	0.000	0.000	0.000	0.000	0.000	0.000	0.000	0.000	0.000	0.000	0.000	0.000	0.000	0.000	0.000	0.000	0.000	0.000	0.000	0.000	0.000	0.000	0.000	0.000	0.000	0.000	0.000	0.000	0.000	0.000	0.000	0.000	0.000	0.000	0.000	0.000	0.000	0.000	0.000	0.000	0.000	0.000	0.000	0.000	0.000	0.000	0.000	0.000	0.000	0.000	0.000	0.000	0.000	0.000	0.000	0.000	0.000	0.000	0.000	0.000	0.000	0.000	0.000	0.000	0.000	0.000	0.000	0.000	0.000	0.000	0.000	0.000	0.000	0.000	0.000	0.000	0.000	0.000	0.000	0.000	0.000	0.000	0.000	0.000
0.000	0.000	0.000	0.000	0.000	0.000	0.000	0.000	0.000	0.000	0.000	0.000	0.000	0.000	0.000	0.000	0.000	0.000	0.000	0.000	0.000	0.000	0.000	0.000	0.000	0.000	0.000	0.000	0.000	0.000	0.000	0.000	0.000	0.000	0.000	0.000	0.000	0.000	0.000	0.000	0.000	0.000	0.000	0.000	0.000	0.000	0.000	0.000	0.000	0.000	0.000	0.000	0.000	0.000	0.000	0.000	0.000	0.000	0.000	0.000	0.000	0.000	0.000	0.000	0.000	0.000	0.000	0.000	0.000	0.000	0.000	0.000	0.000	0.000	0.000	0.000	0.000	0.000	0.000	0.000	0.000	0.000	0.000	0.000	0.000	0.000	0.000	0.000	0.000	0.000	0.000	0.000	255.000	255.000	255.000	255.000	255.000	255.000	255.000	255.000	255.000	255.000	255.000	255.000	255.000	255.000	255.000	255.000	255.000	255.000	255.000	255.000	255.000	255.000	255.000	255.000	255.000	255.000	255.000	255.000	255.000	255.000	255.000	255.000	255.000	255.000	255.000	255.000	255.000	255.000	255.000	255.000	255.000	255.000	255.000	255.000	255.000	255.000	255.000	255.000	255.000	255.000	255.000	255.000	255.000	255.000	255.000	255.000	255.000	255.000	255.000	255.000	255.000	0.000	0.000	0.000	0.000	0.000	0.000	0.000	0.000	0.000	0.000	0.000	0.000	0.000	0.000	0.000	0.000	0.000	0.000	0.000	0.000	0.000	0.000	0.000	0.000	0.000	0.000	0.000	0.000	0.000	0.000	0.000	0.000	0.000	0.000	0.000	0.000	0.000	0.000	0.000	0.000	0.000	0.000	0.000	0.000	0.000	0.000	0.000	0.000	0.000	0.000	0.000	0.000	0.000	0.000	0.000	0.000	0.000	0.000	0.000	0.000	0.000	0.000	0.000	0.000	0.000	0.000	0.000	0.000	0.000	0.000	0.000	0.000	0.000	0.000	0.000	0.000	0.000	0.000	0.000	0.000	0.000	0.000	0.000	0.000	0.000	0.000	0.000	0.000	0.000	0.000	0.000	0.000	0.000	0.000	0.000	0.000	0.000	0.000	0.000	0.000	0.000	0.000	0.000
0.000	0.000	0.000	0.000	0.000	0.000	0.000	0.000	0.000	0.000	0.000	0.000	0.000	0.000	0.000	0.000	0.000	0.000	0.000	0.000	0.000	0.000	0.000	0.000	0.000	0.000	0.000	0.000	0.000	0.000	0.000	0.000	0.000	0.000	0.000	0.000	0.000	0.000	0.000	0.000	0.000	0.000	0.000	0.000	0.000	0.000	0.000	0.000	0.000	0.000	0.000	0.000	0.000	0.000	0.000	0.000	0.000	0.000	0.000	0.000	0.000	0.000	0.000	0.000	0.000	0.000	0.000	0.000	0.000	0.000	0.000	0.000	0.000	0.000	0.000	0.000	0.000	0.000	0.000	0.000	0.000	0.000	0.000	0.000	0.000	0.000	0.000	0.000	0.000	0.000	0.000	0.000	255.000	255.000	255.000	255.000	255.000	255.000	255.000	255.000	255.000	255.000	255.000	255.000	255.000	255.000	255.000	255.000	255.000	255.000	255.000	255.000	255.000	255.000	255.000	255.000	255.000	255.000	255.000	255.000	255.000	255.000	255.000	255.000	255.000	255.000	255.000	255.000	255.000	255.000	255.000	255.000	255.000	255.000	255.000	255.000	255.000	255.000	255.000	255.000	255.000	255.000	255.000	255.000	255.000	255.000	255.000	255.000	255.000	255.000	255.000	255.000	255.000	255.000	0.000	0.000	0.000	0.000	0.000	0.000	0.000	0.000	0.000	0.000	0.000	0.000	0.000	0.000	0.000	0.000	0.000	0.000	0.000	0.000	0.000	0.000	0.000	0.000	0.000	0.000	0.000	0.000	0.000	0.000	0.000	0.000	0.000	0.000	0.000	0.000	0.000	0.000	0.000	0.000	0.000	0.000	0.000	0.000	0.000	0.000	0.000	0.000	0.000	0.000	0.000	0.000	0.000	0.000	0.000	0.000	0.000	0.000	0.000	0.000	0.000	0.000	0.000	0.000	0.000	0.000	0.000	0.000	0.000	0.000	0.000	0.000	0.000	0.000	0.000	0.000	0.000	0.000	0.000	0.000	0.000	0.000	0.000	0.000	0.000	0.000	0.000	0.000	0.000	0.000	0.000	0.000	0.000	0.000	0.000	0.000	0.000	0.000	0.000	0.000	0.000	0.000
0.000	0.000	0.000	0.000	0.000	0.000	0.000	0.000	0.000	0.000	0.000	0.000	0.000	0.000	0.000	0.000	0.000	0.000	0.000	0.000	0.000	0.000	0.000	0.000	0.000	0.000	0.000	0.000	0.000	0.000	0.000	0.000	0.000	0.000	0.000	0.000	0.000	0.000	0.000	0.000	0.000	0.000	0.000	0.000	0.000	0.000	0.000	0.000	0.000	0.000	0.000	0.000	0.000	0.000	0.000	0.000	0.000	0.000	0.000	0.000	0.000	0.000	0.000	0.000	0.000	0.000	0.000	0.000	0.000	0.000	0.000	0.000	0.000	0.000	0.000	0.000	0.000	0.000	0.000	0.000	0.000	0.000	0.000	0.000	0.000	0.000	0.000	0.000	0.000	0.000	0.000	255.000	255.000	255.000	255.000	255.000	255.000	255.000	255.000	255.000	255.000	255.000	255.000	255.000	255.000	255.000	255.000	255.000	255.000	255.000	255.000	255.000	255.000	255.000	255.000	255.000	255.000	255.000	255.000	255.000	255.000	255.000	255.000	255.000	255.000	255.000	255.000	255.000	255.000	255.000	255.000	255.000	255.000	255.000	255.000	255.000	255.000	255.000	255.000	255.000	255.000	255.000	255.000	255.000	255.000	255.000	255.000	255.000	255.000	255.000	255.000	255.000	255.000	255.000	255.000	255.000	0.000	0.000	0.000	0.000	0.000	0.000	0.000	0.000	0.000	0.000	0.000	0.000	0.000	0.000	0.000	0.000	0.000	0.000	0.000	0.000	0.000	0.000	0.000	0.000	0.000	0.000	0.000	0.000	0.000	0.000	0.000	0.000	0.000	0.000	0.000	0.000	0.000	0.000	0.000	0.000	0.000	0.000	0.000	0.000	0.000	0.000	0.000	0.000	0.000	0.000	0.000	0.000	0.000	0.000	0.000	0.000	0.000	0.000	0.000	0.000	0.000	0.000	0.000	0.000	0.000	0.000	0.000	0.000	0.000	0.000	0.000	0.000	0.000	0.000	0.000	0.000	0.000	0.000	0.000	0.000	0.000	0.000	0.000	0.000	0.000	0.000	0.000	0.000	0.000	0.000	0.000	0.000	0.000	0.000	0.000	0.000	0.000	0.000	0.000	0.000
0.000	0.000	0.000	0.000	0.000	0.000	0.000	0.000	0.000	0.000	0.000	0.000	0.000	0.000	0.000	0.000	0.000	0.000	0.000	0.000	0.000	0.000	0.000	0.000	0.000	0.000	0.000	0.000	0.000	0.000	0.000	0.000	0.000	0.000	0.000	0.000	0.000	0.000	0.000	0.000	0.000	0.000	0.000	0.000	0.000	0.000	0.000	0.000	0.000	0.000	0.000	0.000	0.000	0.000	0.000	0.000	0.000	0.000	0.000	0.000	0.000	0.000	0.000	0.000	0.000	0.000	0.000	0.000	0.000	0.000	0.000	0.000	0.000	0.000	0.000	0.000	0.000	0.000	0.000	0.000	0.000	0.000	0.000	0.000	0.000	0.000	0.000	0.000	0.000	0.000	0.000	255.000	255.000	255.000	255.000	255.000	255.000	255.000	255.000	255.000	255.000	255.000	255.000	255.000	255.000	255.000	255.000	255.000	255.000	255.000	255.000	255.000	255.000	255.000	255.000	255.000	255.000	255.000	255.000	255.000	255.000	255.000	255.000	255.000	255.000	255.000	255.000	255.000	255.000	255.000	255.000	255.000	255.000	255.000	255.000	255.000	255.000	255.000	255.000	255.000	255.000	255.000	255.000	255.000	255.000	255.000	255.000	255.000	255.000	255.000	255.000	255.000	255.000	255.000	255.000	255.000	255.000	0.000	0.000	0.000	0.000	0.000	0.000	0.000	0.000	0.000	0.000	0.000	0.000	0.000	0.000	0.000	0.000	0.000	0.000	0.000	0.000	0.000	0.000	0.000	0.000	0.000	0.000	0.000	0.000	0.000	0.000	0.000	0.000	0.000	0.000	0.000	0.000	0.000	0.000	0.000	0.000	0.000	0.000	0.000	0.000	0.000	0.000	0.000	0.000	0.000	0.000	0.000	0.000	0.000	0.000	0.000	0.000	0.000	0.000	0.000	0.000	0.000	0.000	0.000	0.000	0.000	0.000	0.000	0.000	0.000	0.000	0.000	0.000	0.000	0.000	0.000	0.000	0.000	0.000	0.000	0.000	0.000	0.000	0.000	0.000	0.000	0.000	0.000	0.000	0.000	0.000	0.000	0.000	0.000	0.000	0.000	0.000	0.000	0.000	0.000
0.000	0.000	0.000	0.000	0.000	0.000	0.000	0.000	0.000	0.000	0.000	0.000	0.000	0.000	0.000	0.000	0.000	0.000	0.000	0.000	0.000	0.000	0.000	0.000	0.000	0.000	0.000	0.000	0.000	0.000	0.000	0.000	0.000	0.000	0.000	0.000	0.000	0.000	0.000	0.000	0.000	0.000	0.000	0.000	0.000	0.000	0.000	0.000	0.000	0.000	0.000	0.000	0.000	0.000	0.000	0.000	0.000	0.000	0.000	0.000	0.000	0.000	0.000	0.000	0.000	0.000	0.000	0.000	0.000	0.000	0.000	0.000	0.000	0.000	0.000	0.000	0.000	0.000	0.000	0.000	0.000	0.000	0.000	0.000	0.000	0.000	0.000	0.000	0.000	0.000	255.000	255.000	255.000	255.000	255.000	255.000	255.000	255.000	255.000	255.000	255.000	255.000	255.000	255.000	255.000	255.000	255.000	255.000	255.000	255.000	255.000	255.000	255.000	255.000	255.000	255.000	255.000	255.000	255.000	255.000	255.000	255.000	255.000	255.000	255.000	255.000	255.000	255.000	255.000	255.000	255.000	255.000	255.000	255.000	255.000	255.000	255.000	255.000	255.000	255.000	255.000	255.000	255.000	255.000	255.000	255.000	255.000	255.000	255.000	255.000	255.000	255.000	255.000	255.000	255.000	255.000	255.000	255.000	0.000	0.000	0.000	0.000	0.000	0.000	0.000	0.000	0.000	0.000	0.000	0.000	0.000	0.000	0.000	0.000	0.000	0.000	0.000	0.000	0.000	0.000	0.000	0.000	0.000	0.000	0.000	0.000	0.000	0.000	0.000	0.000	0.000	0.000	0.000	0.000	0.000	0.000	0.000	0.000	0.000	0.000	0.000	0.000	0.000	0.000	0.000	0.000	0.000	0.000	0.000	0.000	0.000	0.000	0.000	0.000	0.000	0.000	0.000	0.000	0.000	0.000	0.000	0.000	0.000	0.000	0.000	0.000	0.000	0.000	0.000	0.000	0.000	0.000	0.000	0.000	0.000	0.000	0.000	0.000	0.000	0.000	0.000	0.000	0.000	0.000	0.000	0.000	0.000	0.000	0.000	0.000	0.000	0.000	0.000	0.000	0.000	0.000
0.000	0.000	0.000	0.000	0.000	0.000	0.000	0.000	0.000	0.000	0.000	0.000	0.000	0.000	0.000	0.000	0.000	0.000	0.000	0.000	0.000	0.000	0.000	0.000	0.000	0.000	0.000	0.000	0.000	0.000	0.000	0.000	0.000	0.000	0.000	0.000	0.000	0.000	0.000	0.000	0.000	0.000	0.000	0.000	0.000	0.000	0.000	0.000	0.000	0.000	0.000	0.000	0.000	0.000	0.000	0.000	0.000	0.000	0.000	0.000	0.000	0.000	0.000	0.000	0.000	0.000	0.000	0.000	0.000	0.000	0.000	0.000	0.000	0.000	0.000	0.000	0.000	0.000	0.000	0.000	0.000	0.000	0.000	0.000	0.000	0.000	0.000	0.000	0.000	255.000	255.000	255.000	255.000	255.000	255.000	255.000	255.000	255.000	255.000	255.000	255.000	255.000	255.000	255.000	255.000	255.000	255.000	255.000	255.000	255.000	255.000	255.000	255.000	255.000	255.000	255.000	255.000	255.000	255.000	255.000	255.000	255.000	255.000	255.000	255.000	255.000	255.000	255.000	255.000	255.000	255.000	255.000	255.000	255.000	255.000	255.000	255.000	255.000	255.000	255.000	255.000	255.000	255.000	255.000	255.000	255.000	255.000	255.000	255.000	255.000	255.000	255.000	255.000	255.000	255.000	255.000	255.000	255.000	255.000	255.000	0.000	0.000	0.000	0.000	0.000	0.000	0.000	0.000	0.000	0.000	0.000	0.000	0.000	0.000	0.000	0.000	0.000	0.000	0.000	0.000	0.000	0.000	0.000	0.000	0.000	0.000	0.000	0.000	0.000	0.000	0.000	0.000	0.000	0.000	0.000	0.000	0.000	0.000	0.000	0.000	0.000	0.000	0.000	0.000	0.000	0.000	0.000	0.000	0.000	0.000	0.000	0.000	0.000	0.000	0.000	0.000	0.000	0.000	0.000	0.000	0.000	0.000	0.000	0.000	0.000	0.000	0.000	0.000	0.000	0.000	0.000	0.000	0.000	0.000	0.000	0.000	0.000	0.000	0.000	0.000	0.000	0.000	0.000	0.000	0.000	0.000	0.000	0.000	0.000	0.000	0.000	0.000	0.000	0.000	0.000	0.000
0.000	0.000	0.000	0.000	0.000	0.000	0.000	0.000	0.000	0.000	0.000	0.000	0.000	0.000	0.000	0.000	0.000	0.000	0.000	0.000	0.000	0.000	0.000	0.000	0.000	0.000	0.000	0.000	0.000	0.000	0.000	0.000	0.000	0.000	0.000	0.000	0.000	0.000	0.000	0.000	0.000	0.000	0.000	0.000	0.000	0.000	0.000	0.000	0.000	0.000	0.000	0.000	0.000	0.000	0.000	0.000	0.000	0.000	0.000	0.000	0.000	0.000	0.000	0.000	0.000	0.000	0.000	0.000	0.000	0.000	0.000	0.000	0.000	0.000	0.000	0.000	0.000	0.000	0.000	0.000	0.000	0.000	0.000	0.000	0.000	0.000	0.000	0.000	255.000	255.000	255.000	255.000	255.000	255.000	255.000	255.000	255.000	255.000	255.000	255.000	255.000	255.000	255.000	255.000	255.000	255.000	255.000	255.000	255.000	255.000	255.000	255.000	255.000	255.000	255.000	255.000	255.000	255.000	255.000	255.000	255.000	255.000	255.000	255.000	255.000	255.000	255.000	255.000	255.000	255.000	255.000	255.000	255.000	255.000	255.000	255.000	255.000	255.000	255.000	255.000	255.000	255.000	255.000	255.000	255.000	255.000	255.000	255.000	255.000	255.000	255.000	255.000	255.000	255.000	255.000	255.000	255.000	255.000	255.000	255.000	255.000	0.000	0.000	0.000	0.000	0.000	0.000	0.000	0.000	0.000	0.000	0.000	0.000	0.000	0.000	0.000	0.000	0.000	0.000	0.000	0.000	0.000	0.000	0.000	0.000	0.000	0.000	0.000	0.000	0.000	0.000	0.000	0.000	0.000	0.000	0.000	0.000	0.000	0.000	0.000	0.000	0.000	0.000	0.000	0.000	0.000	0.000	0.000	0.000	0.000	0.000	0.000	0.000	0.000	0.000	0.000	0.000	0.000	0.000	0.000	0.000	0.000	0.000	0.000	0.000	0.000	0.000	0.000	0.000	0.000	0.000	0.000	0.000	0.000	0.000	0.000	0.000	0.000	0.000	0.000	0.000	0.000	0.000	0.000	0.000	0.000	0.000	0.000	0.000	0.000	0.000	0.000	0.000	0.000	0.000	0.000
0.000	0.000	0.000	0.000	0.000	0.000	0.000	0.000	0.000	0.000	0.000	0.000	0.000	0.000	0.000	0.000	0.000	0.000	0.000	0.000	0.000	0.000	0.000	0.000	0.000	0.000	0.000	0.000	0.000	0.000	0.000	0.000	0.000	0.000	0.000	0.000	0.000	0.000	0.000	0.000	0.000	0.000	0.000	0.000	0.000	0.000	0.000	0.000	0.000	0.000	0.000	0.000	0.000	0.000	0.000	0.000	0.000	0.000	0.000	0.000	0.000	0.000	0.000	0.000	0.000	0.000	0.000	0.000	0.000	0.000	0.000	0.000	0.000	0.000	0.000	0.000	0.000	0.000	0.000	0.000	0.000	0.000	0.000	0.000	0.000	0.000	0.000	0.000	255.000	255.000	255.000	255.000	255.000	255.000	255.000	255.000	255.000	255.000	255.000	255.000	255.000	255.000	255.000	255.000	255.000	255.000	255.000	255.000	255.000	255.000	255.000	255.000	255.000	255.000	255.000	255.000	255.000	255.000	255.000	255.000	255.000	255.000	255.000	255.000	255.000	255.000	255.000	255.000	255.000	255.000	255.000	255.000	255.000	255.000	255.000	255.000	255.000	255.000	255.000	255.000	255.000	255.000	255.000	255.000	255.000	255.000	255.000	255.000	255.000	255.000	255.000	255.000	255.000	255.000	255.000	255.000	255.000	255.000	255.000	255.000	255.000	255.000	0.000	0.000	0.000	0.000	0.000	0.000	0.000	0.000	0.000	0.000	0.000	0.000	0.000	0.000	0.000	0.000	0.000	0.000	0.000	0.000	0.000	0.000	0.000	0.000	0.000	0.000	0.000	0.000	0.000	0.000	0.000	0.000	0.000	0.000	0.000	0.000	0.000	0.000	0.000	0.000	0.000	0.000	0.000	0.000	0.000	0.000	0.000	0.000	0.000	0.000	0.000	0.000	0.000	0.000	0.000	0.000	0.000	0.000	0.000	0.000	0.000	0.000	0.000	0.000	0.000	0.000	0.000	0.000	0.000	0.000	0.000	0.000	0.000	0.000	0.000	0.000	0.000	0.000	0.000	0.000	0.000	0.000	0.000	0.000	0.000	0.000	0.000	0.000	0.000	0.000	0.000	0.000	0.000	0.000
0.000	0.000	0.000	0.000	0.000	0.000	0.000	0.000	0.000	0.000	0.000	0.000	0.000	0.000	0.000	0.000	0.000	0.000	0.000	0.000	0.000	0.000	0.000	0.000	0.000	0.000	0.000	0.000	0.000	0.000	0.000	0.000	0.000	0.000	0.000	0.000	0.000	0.000	0.000	0.000	0.000	0.000	0.000	0.000	0.000	0.000	0.000	0.000	0.000	0.000	0.000	0.000	0.000	0.000	0.000	0.000	0.000	0.000	0.000	0.000	0.000	0.000	0.000	0.000	0.000	0.000	0.000	0.000	0.000	0.000	0.000	0.000	0.000	0.000	0.000	0.000	0.000	0.000	0.000	0.000	0.000	0.000	0.000	0.000	0.000	0.000	0.000	255.000	255.000	255.000	255.000	255.000	255.000	255.000	255.000	255.000	255.000	255.000	255.000	255.000	255.000	255.000	255.000	255.000	255.000	255.000	255.000	255.000	255.000	255.000	255.000	255.000	255.000	255.000	255.000	255.000	255.000	255.000	255.000	255.000	255.000	255.000	255.000	255.000	255.000	255.000	255.000	255.000	255.000	255.000	255.000	255.000	255.000	255.000	255.000	255.000	255.000	255.000	255.000	255.000	255.000	255.000	255.000	255.000	255.000	255.000	255.000	255.000	255.000	255.000	255.000	255.000	255.000	255.000	255.000	255.000	255.000	255.000	255.000	255.000	255.000	255.000	255.000	255.000	255.000	0.000	0.000	0.000	0.000	0.000	0.000	0.000	0.000	0.000	0.000	0.000	0.000	0.000	0.000	0.000	0.000	0.000	0.000	0.000	0.000	0.000	0.000	0.000	0.000	0.000	0.000	0.000	0.000	0.000	0.000	0.000	0.000	0.000	0.000	0.000	0.000	0.000	0.000	0.000	0.000	0.000	0.000	0.000	0.000	0.000	0.000	0.000	0.000	0.000	0.000	0.000	0.000	0.000	0.000	0.000	0.000	0.000	0.000	0.000	0.000	0.000	0.000	0.000	0.000	0.000	0.000	0.000	0.000	0.000	0.000	0.000	0.000	0.000	0.000	0.000	0.000	0.000	0.000	0.000	0.000	0.000	0.000	0.000	0.000	0.000	0.000	0.000	0.000	0.000	0.000	0.000
0.000	0.000	0.000	0.000	0.000	0.000	0.000	0.000	0.000	0.000	0.000	0.000	0.000	0.000	0.000	0.000	0.000	0.000	0.000	0.000	0.000	0.000	0.000	0.000	0.000	0.000	0.000	0.000	0.000	0.000	0.000	0.000	0.000	0.000	0.000	0.000	0.000	0.000	0.000	0.000	0.000	0.000	0.000	0.000	0.000	0.000	0.000	0.000	0.000	0.000	0.000	0.000	0.000	0.000	0.000	0.000	0.000	0.000	0.000	0.000	0.000	0.000	0.000	0.000	0.000	0.000	0.000	0.000	0.000	0.000	0.000	0.000	0.000	0.000	0.000	0.000	0.000	0.000	0.000	0.000	0.000	0.000	0.000	0.000	0.000	0.000	0.000	255.000	255.000	255.000	255.000	255.000	255.000	255.000	255.000	255.000	255.000	255.000	255.000	255.000	255.000	255.000	255.000	255.000	255.000	255.000	255.000	255.000	255.000	255.000	255.000	255.000	255.000	255.000	255.000	255.000	255.000	255.000	255.000	255.000	255.000	255.000	255.000	255.000	255.000	255.000	255.000	255.000	255.000	255.000	255.000	255.000	255.000	255.000	255.000	255.000	255.000	255.000	255.000	255.000	255.000	255.000	255.000	255.000	255.000	255.000	255.000	255.000	255.000	255.000	255.000	255.000	255.000	255.000	255.000	255.000	255.000	255.000	255.000	255.000	255.000	255.000	255.000	255.000	255.000	255.000	255.000	0.000	0.000	0.000	0.000	0.000	0.000	0.000	0.000	0.000	0.000	0.000	0.000	0.000	0.000	0.000	0.000	0.000	0.000	0.000	0.000	0.000	0.000	0.000	0.000	0.000	0.000	0.000	0.000	0.000	0.000	0.000	0.000	0.000	0.000	0.000	0.000	0.000	0.000	0.000	0.000	0.000	0.000	0.000	0.000	0.000	0.000	0.000	0.000	0.000	0.000	0.000	0.000	0.000	0.000	0.000	0.000	0.000	0.000	0.000	0.000	0.000	0.000	0.000	0.000	0.000	0.000	0.000	0.000	0.000	0.000	0.000	0.000	0.000	0.000	0.000	0.000	0.000	0.000	0.000	0.000	0.000	0.000	0.000	0.000	0.000	0.000	0.000	0.000	0.000
0.000	0.000	0.000	0.000	0.000	0.000	0.000	0.000	0.000	0.000	0.000	0.000	0.000	0.000	0.000	0.000	0.000	0.000	0.000	0.000	0.000	0.000	0.000	0.000	0.000	0.000	0.000	0.000	0.000	0.000	0.000	0.000	0.000	0.000	0.000	0.000	0.000	0.000	0.000	0.000	0.000	0.000	0.000	0.000	0.000	0.000	0.000	0.000	0.000	0.000	0.000	0.000	0.000	0.000	0.000	0.000	0.000	0.000	0.000	0.000	0.000	0.000	0.000	0.000	0.000	0.000	0.000	0.000	0.000	0.000	0.000	0.000	0.000	0.000	0.000	0.000	0.000	0.000	0.000	0.000	0.000	0.000	0.000	0.000	0.000	0.000	255.000	255.000	255.000	255.000	255.000	255.000	255.000	255.000	255.000	255.000	255.000	255.000	255.000	255.000	255.000	255.000	255.000	255.000	255.000	255.000	255.000	255.000	255.000	255.000	255.000	255.000	255.000	255.000	255.000	255.000	255.000	255.000	255.000	255.000	255.000	255.000	255.000	255.000	255.000	255.000	255.000	255.000	255.000	255.000	255.000	255.000	255.000	255.000	255.000	255.000	255.000	255.000	255.000	255.000	255.000	255.000	255.000	255.000	255.000	255.000	255.000	255.000	255.000	255.000	255.000	255.000	255.000	255.000	255.000	255.000	255.000	255.000	255.000	255.000	255.000	255.000	255.000	255.000	255.000	255.000	255.000	255.000	0.000	0.000	0.000	0.000	0.000	0.000	0.000	0.000	0.000	0.000	0.000	0.000	0.000	0.000	0.000	0.000	0.000	0.000	0.000	0.000	0.000	0.000	0.000	0.000	0.000	0.000	0.000	0.000	0.000	0.000	0.000	0.000	0.000	0.000	0.000	0.000	0.000	0.000	0.000	0.000	0.000	0.000	0.000	0.000	0.000	0.000	0.000	0.000	0.000	0.000	0.000	0.000	0.000	0.000	0.000	0.000	0.000	0.000	0.000	0.000	0.000	0.000	0.000	0.000	0.000	0.000	0.000	0.000	0.000	0.000	0.000	0.000	0.000	0.000	0.000	0.000	0.000	0.000	0.000	0.000	0.000	0.000	0.000	0.000	0.000	0.000	0.000	0.000
0.000	0.000	0.000	0.000	0.000	0.000	0.000	0.000	0.000	0.000	0.000	0.000	0.000	0.000	0.000	0.000	0.000	0.000	0.000	0.000	0.000	0.000	0.000	0.000	0.000	0.000	0.000	0.000	0.000	0.000	0.000	0.000	0.000	0.000	0.000	0.000	0.000	0.000	0.000	0.000	0.000	0.000	0.000	0.000	0.000	0.000	0.000	0.000	0.000	0.000	0.000	0.000	0.000	0.000	0.000	0.000	0.000	0.000	0.000	0.000	0.000	0.000	0.000	0.000	0.000	0.000	0.000	0.000	0.000	0.000	0.000	0.000	0.000	0.000	0.000	0.000	0.000	0.000	0.000	0.000	0.000	0.000	0.000	0.000	0.000	255.000	255.000	255.000	255.000	255.000	255.000	255.000	255.000	255.000	255.000	255.000	255.000	255.000	255.000	255.000	255.000	255.000	255.000	255.000	255.000	255.000	255.000	255.000	255.000	255.000	255.000	255.000	255.000	255.000	255.000	255.000	255.000	255.000	255.000	255.000	255.000	255.000	255.000	255.000	255.000	255.000	255.000	255.000	255.000	255.000	255.000	255.000	255.000	255.000	255.000	255.000	255.000	255.000	255.000	255.000	255.000	255.000	255.000	255.000	255.000	255.000	255.000	255.000	255.000	255.000	255.000	255.000	255.000	255.000	255.000	255.000	255.000	255.000	255.000	255.000	255.000	255.000	255.000	255.000	255.000	255.000	255.000	255.000	255.000	255.000	0.000	0.000	0.000	0.000	0.000	0.000	0.000	0.000	0.000	0.000	0.000	0.000	0.000	0.000	0.000	0.000	0.000	0.000	0.000	0.000	0.000	0.000	0.000	0.000	0.000	0.000	0.000	0.000	0.000	0.000	0.000	0.000	0.000	0.000	0.000	0.000	0.000	0.000	0.000	0.000	0.000	0.000	0.000	0.000	0.000	0.000	0.000	0.000	0.000	0.000	0.000	0.000	0.000	0.000	0.000	0.000	0.000	0.000	0.000	0.000	0.000	0.000	0.000	0.000	0.000	0.000	0.000	0.000	0.000	0.000	0.000	0.000	0.000	0.000	0.000	0.000	0.000	0.000	0.000	0.000	0.000	0.000	0.000	0.000	0.000	0.000
0.000	0.000	0.000	0.000	0.000	0.000	0.000	0.000	0.000	0.000	0.000	0.000	0.000	0.000	0.000	0.000	0.000	0.000	0.000	0.000	0.000	0.000	0.000	0.000	0.000	0.000	0.000	0.000	0.000	0.000	0.000	0.000	0.000	0.000	0.000	0.000	0.000	0.000	0.000	0.000	0.000	0.000	0.000	0.000	0.000	0.000	0.000	0.000	0.000	0.000	0.000	0.000	0.000	0.000	0.000	0.000	0.000	0.000	0.000	0.000	0.000	0.000	0.000	0.000	0.000	0.000	0.000	0.000	0.000	0.000	0.000	0.000	0.000	0.000	0.000	0.000	0.000	0.000	0.000	0.000	0.000	0.000	0.000	0.000	255.000	255.000	255.000	255.000	255.000	255.000	255.000	255.000	255.000	255.000	255.000	255.000	255.000	255.000	255.000	255.000	255.000	255.000	255.000	255.000	255.000	255.000	255.000	255.000	255.000	255.000	255.000	255.000	255.000	255.000	255.000	255.000	255.000	255.000	255.000	255.000	255.000	255.000	255.000	255.000	255.000	255.000	255.000	255.000	255.000	255.000	255.000	255.000	255.000	255.000	255.000	255.000	255.000	255.000	255.000	255.000	255.000	255.000	255.000	255.000	255.000	255.000	255.000	255.000	255.000	255.000	255.000	255.000	255.000	255.000	255.000	255.000	255.000	255.000	255.000	255.000	255.000	255.000	255.000	255.000	255.000	255.000	255.000	255.000	255.000	255.000	255.000	0.000	0.000	0.000	0.000	0.000	0.000	0.000	0.000	0.000	0.000	0.000	0.000	0.000	0.000	0.000	0.000	0.000	0.000	0.000	0.000	0.000	0.000	0.000	0.000	0.000	0.000	0.000	0.000	0.000	0.000	0.000	0.000	0.000	0.000	0.000	0.000	0.000	0.000	0.000	0.000	0.000	0.000	0.000	0.000	0.000	0.000	0.000	0.000	0.000	0.000	0.000	0.000	0.000	0.000	0.000	0.000	0.000	0.000	0.000	0.000	0.000	0.000	0.000	0.000	0.000	0.000	0.000	0.000	0.000	0.000	0.000	0.000	0.000	0.000	0.000	0.000	0.000	0.000	0.000	0.000	0.000	0.000	0.000	0.000	0.000
0.000	0.000	0.000	0.000	0.000	0.000	0.000	0.000	0.000	0.000	0.000	0.000	0.000	0.000	0.000	0.000	0.000	0.000	0.000	0.000	0.000	0.000	0.000	0.000	0.000	0.000	0.000	0.000	0.000	0.000	0.000	0.000	0.000	0.000	0.000	0.000	0.000	0.000	0.000	0.000	0.000	0.000	0.000	0.000	0.000	0.000	0.000	0.000	0.000	0.000	0.000	0.000	0.000	0.000	0.000	0.000	0.000	0.000	0.000	0.000	0.000	0.000	0.000	0.000	0.000	0.000	0.000	0.000	0.000	0.000	0.000	0.000	0.000	0.000	0.000	0.000	0.000	0.000	0.000	0.000	0.000	0.000	0.000	0.000	255.000	255.000	255.000	255.000	255.000	255.000	255.000	255.000	255.000	255.000	255.000	255.000	255.000	255.000	255.000	255.000	255.000	255.000	255.000	255.000	255.000	255.000	255.000	255.000	255.000	255.000	255.000	255.000	255.000	255.000	255.000	255.000	255.000	255.000	255.000	255.000	255.000	255.000	255.000	255.000	255.000	255.000	255.000	255.000	255.000	255.000	255.000	255.000	255.000	255.000	255.000	255.000	255.000	255.000	255.000	255.000	255.000	255.000	255.000	255.000	255.000	255.000	255.000	255.000	255.000	255.000	255.000	255.000	255.000	255.000	255.000	255.000	255.000	255.000	255.000	255.000	255.000	255.000	255.000	255.000	255.000	255.000	255.000	255.000	255.000	255.000	255.000	255.000	255.000	0.000	0.000	0.000	0.000	0.000	0.000	0.000	0.000	0.000	0.000	0.000	0.000	0.000	0.000	0.000	0.000	0.000	0.000	0.000	0.000	0.000	0.000	0.000	0.000	0.000	0.000	0.000	0.000	0.000	0.000	0.000	0.000	0.000	0.000	0.000	0.000	0.000	0.000	0.000	0.000	0.000	0.000	0.000	0.000	0.000	0.000	0.000	0.000	0.000	0.000	0.000	0.000	0.000	0.000	0.000	0.000	0.000	0.000	0.000	0.000	0.000	0.000	0.000	0.000	0.000	0.000	0.000	0.000	0.000	0.000	0.000	0.000	0.000	0.000	0.000	0.000	0.000	0.000	0.000	0.000	0.000	0.000	0.000
0.000	0.000	0.000	0.000	0.000	0.000	0.000	0.000	0.000	0.000	0.000	0.000	0.000	0.000	0.000	0.000	0.000	0.000	0.000	0.000	0.000	0.000	0.000	0.000	0.000	0.000	0.000	0.000	0.000	0.000	0.000	0.000	0.000	0.000	0.000	0.000	0.000	0.000	0.000	0.000	0.000	0.000	0.000	0.000	0.000	0.000	0.000	0.000	0.000	0.000	0.000	0.000	0.000	0.000	0.000	0.000	0.000	0.000	0.000	0.000	0.000	0.000	0.000	0.000	0.000	0.000	0.000	0.000	0.000	0.000	0.000	0.000	0.000	0.000	0.000	0.000	0.000	0.000	0.000	0.000	0.000	0.000	0.000	255.000	255.000	255.000	255.000	255.000	255.000	255.000	255.000	255.000	255.000	255.000	255.000	255.000	255.000	255.000	255.000	255.000	255.000	255.000	255.000	255.000	255.000	255.000	255.000	255.000	255.000	255.000	255.000	255.000	255.000	255.000	255.000	255.000	255.000	255.000	255.000	255.000	255.000	255.000	255.000	255.000	255.000	255.000	255.000	255.000	255.000	255.000	255.000	255.000	255.000	255.000	255.000	255.000	255.000	255.000	255.000	255.000	255.000	255.000	255.000	255.000	255.000	255.000	255.000	255.000	255.000	255.000	255.000	255.000	255.000	255.000	255.000	255.000	255.000	255.000	255.000	255.000	255.000	255.000	255.000	255.000	255.000	255.000	255.000	255.000	255.000	255.000	255.000	255.000	255.000	255.000	52.000	0.000	0.000	0.000	0.000	0.000	0.000	0.000	0.000	0.000	0.000	0.000	0.000	0.000	0.000	0.000	0.000	0.000	0.000	0.000	0.000	0.000	0.000	0.000	0.000	0.000	0.000	0.000	0.000	0.000	0.000	0.000	0.000	0.000	0.000	0.000	0.000	0.000	0.000	0.000	0.000	0.000	0.000	0.000	0.000	0.000	0.000	0.000	0.000	0.000	0.000	0.000	0.000	0.000	0.000	0.000	0.000	0.000	0.000	0.000	0.000	0.000	0.000	0.000	0.000	0.000	0.000	0.000	0.000	0.000	0.000	0.000	0.000	0.000	0.000	0.000	0.000	0.000	0.000	0.000	0.000	0.000
0.000	0.000	0.000	0.000	0.000	0.000	0.000	0.000	0.000	0.000	0.000	0.000	0.000	0.000	0.000	0.000	0.000	0.000	0.000	0.000	0.000	0.000	0.000	0.000	0.000	0.000	0.000	0.000	0.000	0.000	0.000	0.000	0.000	0.000	0.000	0.000	0.000	0.000	0.000	0.000	0.000	0.000	0.000	0.000	0.000	0.000	0.000	0.000	0.000	0.000	0.000	0.000	0.000	0.000	0.000	0.000	0.000	0.000	0.000	0.000	0.000	0.000	0.000	0.000	0.000	0.000	0.000	0.000	0.000	0.000	0.000	0.000	0.000	0.000	0.000	0.000	0.000	0.000	0.000	0.000	0.000	0.000	0.000	255.000	255.000	255.000	255.000	255.000	255.000	255.000	255.000	255.000	255.000	255.000	255.000	255.000	255.000	255.000	255.000	255.000	255.000	255.000	255.000	255.000	255.000	255.000	255.000	255.000	255.000	255.000	255.000	255.000	255.000	255.000	255.000	255.000	255.000	255.000	255.000	255.000	255.000	255.000	255.000	255.000	255.000	255.000	255.000	255.000	255.000	255.000	255.000	255.000	255.000	255.000	255.000	255.000	255.000	255.000	255.000	255.000	255.000	255.000	255.000	255.000	255.000	255.000	255.000	255.000	255.000	255.000	255.000	255.000	255.000	255.000	255.000	255.000	255.000	255.000	255.000	255.000	255.000	255.000	255.000	255.000	255.000	255.000	255.000	255.000	255.000	255.000	255.000	255.000	255.000	255.000	255.000	52.000	0.000	0.000	0.000	0.000	0.000	0.000	0.000	0.000	0.000	0.000	0.000	0.000	0.000	0.000	0.000	0.000	0.000	0.000	0.000	0.000	0.000	0.000	0.000	0.000	0.000	0.000	0.000	0.000	0.000	0.000	0.000	0.000	0.000	0.000	0.000	0.000	0.000	0.000	0.000	0.000	0.000	0.000	0.000	0.000	0.000	0.000	0.000	0.000	0.000	0.000	0.000	0.000	0.000	0.000	0.000	0.000	0.000	0.000	0.000	0.000	0.000	0.000	0.000	0.000	0.000	0.000	0.000	0.000	0.000	0.000	0.000	0.000	0.000	0.000	0.000	0.000	0.000	0.000	0.000	0.000
0.000	0.000	0.000	0.000	0.000	0.000	0.000	0.000	0.000	0.000	0.000	0.000	0.000	0.000	0.000	0.000	0.000	0.000	0.000	0.000	0.000	0.000	0.000	0.000	0.000	0.000	0.000	0.000	0.000	0.000	0.000	0.000	0.000	0.000	0.000	0.000	0.000	0.000	0.000	0.000	0.000	0.000	0.000	0.000	0.000	0.000	0.000	0.000	0.000	0.000	0.000	0.000	0.000	0.000	0.000	0.000	0.000	0.000	0.000	0.000	0.000	0.000	0.000	0.000	0.000	0.000	0.000	0.000	0.000	0.000	0.000	0.000	0.000	0.000	0.000	0.000	0.000	0.000	0.000	0.000	0.000	0.000	255.000	255.000	255.000	255.000	255.000	255.000	255.000	255.000	255.000	255.000	255.000	255.000	255.000	255.000	255.000	255.000	255.000	255.000	255.000	255.000	255.000	255.000	255.000	255.000	255.000	255.000	255.000	255.000	255.000	255.000	255.000	255.000	255.000	255.000	255.000	255.000	255.000	255.000	255.000	255.000	255.000	255.000	255.000	255.000	255.000	255.000	255.000	255.000	255.000	255.000	255.000	255.000	255.000	255.000	255.000	255.000	255.000	255.000	255.000	255.000	255.000	255.000	255.000	255.000	255.000	255.000	255.000	255.000	255.000	255.000	255.000	255.000	255.000	255.000	255.000	255.000	255.000	255.000	255.000	255.000	255.000	255.000	255.000	255.000	255.000	255.000	255.000	255.000	255.000	255.000	255.000	255.000	255.000	255.000	255.000	0.000	0.000	0.000	0.000	0.000	0.000	0.000	0.000	0.000	0.000	0.000	0.000	0.000	0.000	0.000	0.000	0.000	0.000	0.000	0.000	0.000	0.000	0.000	0.000	0.000	0.000	0.000	0.000	0.000	0.000	0.000	0.000	0.000	0.000	0.000	0.000	0.000	0.000	0.000	0.000	0.000	0.000	0.000	0.000	0.000	0.000	0.000	0.000	0.000	0.000	0.000	0.000	0.000	0.000	0.000	0.000	0.000	0.000	0.000	0.000	0.000	0.000	0.000	0.000	0.000	0.000	0.000	0.000	0.000	0.000	0.000	0.000	0.000	0.000	0.000	0.000	0.000	0.000	0.000
0.000	0.000	0.000	0.000	0.000	0.000	0.000	0.000	0.000	0.000	0.000	0.000	0.000	0.000	0.000	0.000	0.000	0.000	0.000	0.000	0.000	0.000	0.000	0.000	0.000	0.000	0.000	0.000	0.000	0.000	0.000	0.000	0.000	0.000	0.000	0.000	0.000	0.000	0.000	0.000	0.000	0.000	0.000	0.000	0.000	0.000	0.000	0.000	0.000	0.000	0.000	0.000	0.000	0.000	0.000	0.000	0.000	0.000	0.000	0.000	0.000	0.000	0.000	0.000	0.000	0.000	0.000	0.000	0.000	0.000	0.000	0.000	0.000	0.000	0.000	0.000	0.000	0.000	0.000	0.000	0.000	255.000	255.000	255.000	255.000	255.000	255.000	255.000	255.000	255.000	255.000	255.000	255.000	255.000	255.000	255.000	255.000	255.000	255.000	255.000	255.000	255.000	255.000	255.000	255.000	255.000	255.000	255.000	255.000	255.000	255.000	255.000	255.000	255.000	255.000	255.000	255.000	255.000	255.000	255.000	255.000	255.000	255.000	255.000	255.000	255.000	255.000	255.000	255.000	255.000	255.000	255.000	255.000	255.000	255.000	255.000	255.000	255.000	255.000	255.000	255.000	255.000	255.000	255.000	255.000	255.000	255.000	255.000	255.000	255.000	255.000	255.000	255.000	255.000	255.000	255.000	255.000	255.000	255.000	255.000	255.000	255.000	255.000	255.000	255.000	255.000	255.000	255.000	255.000	255.000	255.000	255.000	255.000	255.000	255.000	255.000	255.000	255.000	42.667	0.000	0.000	0.000	0.000	0.000	0.000	0.000	0.000	0.000	0.000	0.000	0.000	0.000	0.000	0.000	0.000	0.000	0.000	0.000	0.000	0.000	0.000	0.000	0.000	0.000	0.000	0.000	0.000	0.000	0.000	0.000	0.000	0.000	0.000	0.000	0.000	0.000	0.000	0.000	0.000	0.000	0.000	0.000	0.000	0.000	0.000	0.000	0.000	0.000	0.000	0.000	0.000	0.000	0.000	0.000	0.000	0.000	0.000	0.000	0.000	0.000	0.000	0.000	0.000	0.000	0.000	0.000	0.000	0.000	0.000	0.000	0.000	0.000	0.000	0.000	0.000	0.000
0.000	0.000	0.000	0.000	0.000	0.000	0.000	0.000	0.000	0.000	0.000	0.000	0.000	0.000	0.000	0.000	0.000	0.000	0.000	0.000	0.000	0.000	0.000	0.000	0.000	0.000	0.000	0.000	0.000	0.000	0.000	0.000	0.000	0.000	0.000	0.000	0.000	0.000	0.000	0.000	0.000	0.000	0.000	0.000	0.000	0.000	0.000	0.000	0.000	0.000	0.000	0.000	0.000	0.000	0.000	0.000	0.000	0.000	0.000	0.000	0.000	0.000	0.000	0.000	0.000	0.000	0.000	0.000	0.000	0.000	0.000	0.000	0.000	0.000	0.000	0.000	0.000	0.000	0.000	0.000	0.000	255.000	255.000	255.000	255.000	255.000	255.000	255.000	255.000	255.000	255.000	255.000	255.000	255.000	255.000	255.000	255.000	255.000	255.000	255.000	255.000	255.000	255.000	255.000	255.000	255.000	255.000	255.000	255.000	255.000	255.000	255.000	255.000	255.000	255.000	255.000	255.000	255.000	255.000	255.000	255.000	255.000	255.000	255.000	255.000	255.000	255.000	255.000	255.000	255.000	255.000	255.000	255.000	255.000	255.000	255.000	255.000	255.000	255.000	255.000	255.000	255.000	255.000	255.000	255.000	255.000	255.000	255.000	255.000	255.000	255.000	255.000	255.000	255.000	255.000	255.000	255.000	255.000	255.000	255.000	255.000	255.000	255.000	255.000	255.000	255.000	255.000	255.000	255.000	255.000	255.000	255.000	255.000	255.000	255.000	255.000	255.000	255.000	255.000	255.000	255.000	0.000	0.000	0.000	0.000	0.000	0.000	0.000	0.000	0.000	0.000	0.000	0.000	0.000	0.000	0.000	0.000	0.000	0.000	0.000	0.000	0.000	0.000	0.000	0.000	0.000	0.000	0.000	0.000	0.000	0.000	0.000	0.000	0.000	0.000	0.000	0.000	0.000	0.000	0.000	0.000	0.000	0.000	0.000	0.000	0.000	0.000	0.000	0.000	0.000	0.000	0.000	0.000	0.000	0.000	0.000	0.000	0.000	0.000	0.000	0.000	0.000	0.000	0.000	0.000	0.000	0.000	0.000	0.000	0.000	0.000	0.000	0.000	0.000	0.000	0.000
0.000	0.000	0.000	0.000	0.000	0.000	0.000	0.000	0.000	0.000	0.000	0.000	0.000	0.000	0.000	0.000	0.000	0.000	0.000	0.000	0.000	0.000	0.000	0.000	0.000	0.000	0.000	0.000	0.000	0.000	0.000	0.000	0.000	0.000	0.000	0.000	0.000	0.000	0.000	0.000	0.000	0.000	0.000	0.000	0.000	0.000	0.000	0.000	0.000	0.000	0.000	0.000	0.000	0.000	0.000	0.000	0.000	0.000	0.000	0.000	0.000	0.000	0.000	0.000	0.000	0.000	0.000	0.000	0.000	0.000	0.000	0.000	0.000	0.000	0.000	0.000	0.000	0.000	0.000	0.000	255.000	255.000	255.000	255.000	255.000	255.000	255.000	255.000	255.000	255.000	255.000	255.000	255.000	255.000	255.000	255.000	255.000	255.000	255.000	255.000	255.000	255.000	255.000	255.000	255.000	255.000	255.000	255.000	255.000	255.000	255.000	255.000	255.000	255.000	255.000	255.000	255.000	255.000	255.000	255.000	255.000	255.000	255.000	255.000	255.000	255.000	255.000	255.000	255.000	255.000	255.000	255.000	255.000	255.000	255.000	255.000	255.000	255.000	255.000	255.000	255.000	255.000	255.000	255.000	255.000	255.000	255.000	255.000	255.000	255.000	255.000	255.000	255.000	255.000	255.000	255.000	255.000	255.000	255.000	255.000	255.000	255.000	255.000	255.000	255.000	255.000	255.000	255.000	255.000	255.000	255.000	255.000	255.000	255.000	255.000	255.000	255.000	255.000	255.000	255.000	255.000	255.000	0.000	0.000	0.000	0.000	0.000	0.000	0.000	0.000	0.000	0.000	0.000	0.000	0.000	0.000	0.000	0.000	0.000	0.000	0.000	0.000	0.000	0.000	0.000	0.000	0.000	0.000	0.000	0.000	0.000	0.000	0.000	0.000	0.000	0.000	0.000	0.000	0.000	0.000	0.000	0.000	0.000	0.000	0.000	0.000	0.000	0.000	0.000	0.000	0.000	0.000	0.000	0.000	0.000	0.000	0.000	0.000	0.000	0.000	0.000	0.000	0.000	0.000	0.000	0.000	0.000	0.000	0.000	0.000	0.000	0.000	0.000	0.000	0.000	0.000
0.000	0.000	0.000	0.000	0.000	0.000	0.000	0.000	0.000	0.000	0.000	0.000	0.000	0.000	0.000	0.000	0.000	0.000	0.000	0.000	0.000	0.000	0.000	0.000	0.000	0.000	0.000	0.000	0.000	0.000	0.000	0.000	0.000	0.000	0.000	0.000	0.000	0.000	0.000	0.000	0.000	0.000	0.000	0.000	0.000	0.000	0.000	0.000	0.000	0.000	0.000	0.000	0.000	0.000	0.000	0.000	0.000	0.000	0.000	0.000	0.000	0.000	0.000	0.000	0.000	0.000	0.000	0.000	0.000	0.000	0.000	0.000	0.000	0.000	0.000	0.000	0.000	0.000	0.000	255.000	255.000	255.000	255.000	255.000	255.000	255.000	255.000	255.000	255.000	255.000	255.000	255.000	255.000	255.000	255.000	255.000	255.000	255.000	255.000	255.000	255.000	255.000	255.000	255.000	255.000	255.000	255.000	255.000	255.000	255.000	255.000	255.000	255.000	255.000	255.000	255.000	255.000	255.000	255.000	255.000	255.000	255.000	255.000	255.000	255.000	255.000	255.000	255.000	255.000	255.000	255.000	255.000	255.000	255.000	255.000	255.000	255.000	255.000	255.000	255.000	255.000	255.000	255.000	255.000	255.000	255.000	255.000	255.000	255.000	255.000	255.000	255.000	255.000	255.000	255.000	255.000	255.000	255.000	255.000	255.000	255.000	255.000	255.000	255.000	255.000	255.000	255.000	255.000	255.000	255.000	255.000	255.000	255.000	255.000	255.000	255.000	255.000	255.000	255.000	255.000	255.000	255.000	255.000	255.000	0.000	0.000	0.000	0.000	0.000	0.000	0.000	0.000	0.000	0.000	0.000	0.000	0.000	0.000	0.000	0.000	0.000	0.000	0.000	0.000	0.000	0.000	0.000	0.000	0.000	0.000	0.000	0.000	0.000	0.000	0.000	0.000	0.000	0.000	0.000	0.000	0.000	0.000	0.000	0.000	0.000	0.000	0.000	0.000	0.000	0.000	0.000	0.000	0.000	0.000	0.000	0.000	0.000	0.000	0.000	0.000	0.000	0.000	0.000	0.000	0.000	0.000	0.000	0.000	0.000	0.000	0.000	0.000	0.000	0.000	0.000	0.000
0.000	0.000	0.000	0.000	0.000	0.000	0.000	0.000	0.000	0.000	0.000	0.000	0.000	0.000	0.000	0.000	0.000	0.000	0.000	0.000	0.000	0.000	0.000	0.000	0.000	0.000	0.000	0.000	0.000	0.000	0.000	0.000	0.000	0.000	0.000	0.000	0.000	0.000	0.000	0.000	0.000	0.000	0.000	0.000	0.000	0.000	0.000	0.000	0.000	0.000	0.000	0.000	0.000	0.000	0.000	0.000	0.000	0.000	0.000	0.000	0.000	0.000	0.000	0.000	0.000	0.000	0.000	0.000	0.000	0.000	0.000	0.000	0.000	0.000	0.000	0.000	0.000	0.000	255.000	255.000	255.000	255.000	255.000	255.000	255.000	255.000	255.000	255.000	255.000	255.000	255.000	255.000	255.000	255.000	255.000	255.000	255.000	255.000	255.000	255.000	255.000	255.000	255.000	255.000	255.000	255.000	255.000	255.000	255.000	255.000	255.000	255.000	255.000	255.000	255.000	255.000	255.000	255.000	255.000	255.000	255.000	255.000	255.000	255.000	255.000	255.000	255.000	255.000	255.000	255.000	255.000	255.000	255.000	255.000	255.000	255.000	255.000	255.000	255.000	255.000	255.000	255.000	255.000	255.000	255.000	255.000	255.000	255.000	255.000	255.000	255.000	255.000	255.000	255.000	255.000	255.000	255.000	255.000	255.000	255.000	255.000	255.000	255.000	255.000	255.000	255.000	255.000	255.000	255.000	255.000	255.000	255.000	255.000	255.000	255.000	255.000	255.000	255.000	255.000	255.000	255.000	255.000	255.000	255.000	255.000	0.000	0.000	0.000	0.000	0.000	0.000	0.000	0.000	0.000	0.000	0.000	0.000	0.000	0.000	0.000	0.000	0.000	0.000	0.000	0.000	0.000	0.000	0.000	0.000	0.000	0.000	0.000	0.000	0.000	0.000	0.000	0.000	0.000	0.000	0.000	0.000	0.000	0.000	0.000	0.000	0.000	0.000	0.000	0.000	0.000	0.000	0.000	0.000	0.000	0.000	0.000	0.000	0.000	0.000	0.000	0.000	0.000	0.000	0.000	0.000	0.000	0.000	0.000	0.000	0.000	0.000	0.000	0.000	0.000	0.000	0.000
0.000	0.000	0.000	0.000	0.000	0.000	0.000	0.000	0.000	0.000	0.000	0.000	0.000	0.000	0.000	0.000	0.000	0.000	0.000	0.000	0.000	0.000	0.000	0.000	0.000	0.000	0.000	0.000	0.000	0.000	0.000	0.000	0.000	0.000	0.000	0.000	0.000	0.000	0.000	0.000	0.000	0.000	0.000	0.000	0.000	0.000	0.000	0.000	0.000	0.000	0.000	0.000	0.000	0.000	0.000	0.000	0.000	0.000	0.000	0.000	0.000	0.000	0.000	0.000	0.000	0.000	0.000	0.000	0.000	0.000	0.000	0.000	0.000	0.000	0.000	0.000	0.000	255.000	255.000	255.000	255.000	255.000	255.000	255.000	255.000	255.000	255.000	255.000	255.000	255.000	255.000	255.000	255.000	255.000	255.000	255.000	255.000	255.000	255.000	255.000	255.000	255.000	255.000	255.000	255.000	255.000	255.000	255.000	255.000	255.000	255.000	255.000	255.000	255.000	255.000	255.000	255.000	255.000	255.000	255.000	255.000	255.000	255.000	255.000	255.000	255.000	255.000	255.000	255.000	255.000	255.000	255.000	255.000	255.000	255.000	255.000	255.000	255.000	255.000	255.000	255.000	255.000	255.000	255.000	255.000	255.000	255.000	255.000	255.000	255.000	255.000	255.000	255.000	255.000	255.000	255.000	255.000	255.000	255.000	255.000	255.000	255.000	255.000	255.000	255.000	255.000	255.000	255.000	255.000	255.000	255.000	255.000	255.000	255.000	255.000	255.000	255.000	255.000	255.000	255.000	255.000	255.000	255.000	255.000	255.000	255.000	255.000	255.000	0.000	0.000	0.000	0.000	0.000	0.000	0.000	0.000	0.000	0.000	0.000	0.000	0.000	0.000	0.000	0.000	0.000	0.000	0.000	0.000	0.000	0.000	0.000	0.000	0.000	0.000	0.000	0.000	0.000	0.000	0.000	0.000	0.000	0.000	0.000	0.000	0.000	0.000	0.000	0.000	0.000	0.000	0.000	0.000	0.000	0.000	0.000	0.000	0.000	0.000	0.000	0.000	0.000	0.000	0.000	0.000	0.000	0.000	0.000	0.000	0.000	0.000	0.000	0.000	0.000	0.000	0.000	0.000
0.000	0.000	0.000	0.000	0.000	0.000	0.000	0.000	0.000	0.000	0.000	0.000	0.000	0.000	0.000	0.000	0.000	0.000	0.000	0.000	0.000	0.000	0.000	0.000	0.000	0.000	0.000	0.000	0.000	0.000	0.000	0.000	0.000	0.000	0.000	0.000	0.000	0.000	0.000	0.000	0.000	0.000	0.000	0.000	0.000	0.000	0.000	0.000	0.000	0.000	0.000	0.000	0.000	0.000	0.000	0.000	0.000	0.000	0.000	0.000	0.000	0.000	0.000	0.000	0.000	0.000	0.000	0.000	0.000	0.000	0.000	0.000	0.000	0.000	0.000	0.000	255.000	255.000	255.000	255.000	255.000	255.000	255.000	255.000	255.000	255.000	255.000	255.000	255.000	255.000	255.000	255.000	255.000	255.000	255.000	255.000	255.000	255.000	255.000	255.000	255.000	255.000	255.000	255.000	255.000	255.000	255.000	255.000	255.000	255.000	255.000	255.000	255.000	255.000	255.000	255.000	255.000	255.000	255.000	255.000	255.000	255.000	255.000	255.000	255.000	255.000	255.000	255.000	255.000	255.000	255.000	255.000	255.000	255.000	255.000	255.000	255.000	255.000	255.000	255.000	255.000	255.000	255.000	255.000	255.000	255.000	255.000	255.000	255.000	255.000	255.000	255.000	255.000	255.000	255.000	255.000	255.000	255.000	255.000	255.000	255.000	255.000	255.000	255.000	255.000	255.000	255.000	255.000	255.000	255.000	255.000	255.000	255.000	255.000	255.000	255.000	255.000	255.000	255.000	255.000	255.000	255.000	255.000	255.000	255.000	255.000	255.000	255.000	255.000	255.000	255.000	0.000	0.000	0.000	0.000	0.000	0.000	0.000	0.000	0.000	0.000	0.000	0.000	0.000	0.000	0.000	0.000	0.000	0.000	0.000	0.000	0.000	0.000	0.000	0.000	0.000	0.000	0.000	0.000	0.000	0.000	0.000	0.000	0.000	0.000	0.000	0.000	0.000	0.000	0.000	0.000	0.000	0.000	0.000	0.000	0.000	0.000	0.000	0.000	0.000	0.000	0.000	0.000	0.000	0.000	0.000	0.000	0.000	0.000	0.000	0.000	0.000	0.000	0.000	0.000	0.000
0.000	0.000	0.000	0.000	0.000	0.000	0.000	0.000	0.000	0.000	0.000	0.000	0.000	0.000	0.000	0.000	0.000	0.000	0.000	0.000	0.000	0.000	0.000	0.000	0.000	0.000	0.000	0.000	0.000	0.000	0.000	0.000	0.000	0.000	0.000	0.000	0.000	0.000	0.000	0.000	0.000	0.000	0.000	0.000	0.000	0.000	0.000	0.000	0.000	0.000	0.000	0.000	0.000	0.000	0.000	0.000	0.000	0.000	0.000	0.000	0.000	0.000	0.000	0.000	0.000	0.000	0.000	0.000	0.000	0.000	0.000	0.000	0.000	0.000	255.000	0.000	255.000	255.000	255.000	255.000	255.000	255.000	255.000	255.000	255.000	255.000	255.000	255.000	255.000	255.000	255.000	255.000	255.000	255.000	255.000	255.000	255.000	255.000	255.000	255.000	255.000	255.000	255.000	255.000	255.000	255.000	255.000	255.000	255.000	255.000	255.000	255.000	255.000	255.000	255.000	255.000	255.000	255.000	255.000	255.000	255.000	255.000	255.000	255.000	255.000	255.000	255.000	255.000	255.000	255.000	255.000	255.000	255.000	255.000	255.000	255.000	255.000	255.000	255.000	255.000	255.000	255.000	255.000	255.000	255.000	255.000	255.000	255.000	255.000	255.000	255.000	255.000	255.000	255.000	255.000	255.000	255.000	255.000	255.000	255.000	255.000	255.000	255.000	255.000	255.000	255.000	255.000	255.000	255.000	255.000	255.000	255.000	255.000	255.000	255.000	255.000	255.000	255.000	255.000	255.000	255.000	255.000	255.000	255.000	255.000	255.000	255.000	255.000	255.000	255.000	255.000	255.000	255.000	255.000	0.000	0.000	0.000	0.000	0.000	0.000	0.000	0.000	0.000	0.000	0.000	0.000	0.000	0.000	0.000	0.000	0.000	0.000	0.000	0.000	0.000	0.000	0.000	0.000	0.000	0.000	0.000	0.000	0.000	0.000	0.000	0.000	0.000	0.000	0.000	0.000	0.000	0.000	0.000	0.000	0.000	0.000	0.000	0.000	0.000	0.000	0.000	0.000	0.000	0.000	0.000	0.000	0.000	0.000	0.000	0.000	0.000	0.000	0.000	0.000	0.000	0.000
0.000	0.000	0.000	0.000	0.000	0.000	0.000	0.000	0.000	0.000	0.000	0.000	0.000	0.000	0.000	0.000	0.000	0.000	0.000	0.000	0.000	0.000	0.000	0.000	0.000	0.000	0.000	0.000	0.000	0.000	0.000	0.000	0.000	0.000	0.000	0.000	0.000	0.000	0.000	0.000	0.000	0.000	0.000	0.000	0.000	0.000	0.000	0.000	0.000	0.000	0.000	0.000	0.000	0.000	0.000	0.000	0.000	0.000	0.000	0.000	0.000	0.000	0.000	0.000	0.000	0.000	0.000	0.000	0.000	0.000	0.000	0.000	255.000	255.000	0.000	255.000	255.000	255.000	255.000	255.000	255.000	255.000	255.000	255.000	255.000	255.000	255.000	255.000	255.000	255.000	255.000	255.000	255.000	255.000	255.000	255.000	255.000	255.000	255.000	255.000	255.000	255.000	255.000	255.000	255.000	255.000	255.000	255.000	255.000	255.000	255.000	255.000	255.000	255.000	255.000	255.000	255.000	255.000	255.000	255.000	255.000	255.000	255.000	255.000	255.000	255.000	255.000	255.000	255.000	255.000	255.000	255.000	255.000	255.000	255.000	255.000	255.000	255.000	255.000	255.000	255.000	255.000	255.000	255.000	255.000	255.000	255.000	255.000	255.000	255.000	255.000	255.000	255.000	255.000	255.000	255.000	255.000	255.000	255.000	255.000	255.000	255.000	255.000	255.000	255.000	255.000	255.000	255.000	255.000	255.000	255.000	255.000	255.000	255.000	255.000	255.000	255.000	255.000	255.000	255.000	255.000	255.000	255.000	255.000	255.000	255.000	255.000	255.000	255.000	255.000	255.000	255.000	255.000	255.000	255.000	255.000	255.000	255.000	0.000	0.000	0.000	0.000	0.000	0.000	0.000	0.000	0.000	0.000	0.000	0.000	0.000	0.000	0.000	0.000	0.000	0.000	0.000	0.000	0.000	0.000	0.000	0.000	0.000	0.000	0.000	0.000	0.000	0.000	0.000	0.000	0.000	0.000	0.000	0.000	0.000	0.000	0.000	0.000	0.000	0.000	0.000	0.000	0.000	0.000	0.000	0.000	0.000	0.000	0.000	0.000	0.000	0.000	0.000	0.000	0.000	0.000
0.000	0.000	0.000	0.000	0.000	0.000	0.000	0.000	0.000	0.000	0.000	0.000	0.000	0.000	0.000	0.000	0.000	0.000	0.000	0.000	0.000	0.000	0.000	0.000	0.000	0.000	0.000	0.000	0.000	0.000	0.000	0.000	0.000	0.000	0.000	0.000	0.000	0.000	0.000	0.000	0.000	0.000	0.000	0.000	0.000	0.000	0.000	0.000	0.000	0.000	0.000	0.000	0.000	0.000	0.000	0.000	0.000	0.000	0.000	0.000	0.000	0.000	0.000	0.000	0.000	0.000	0.000	0.000	0.000	0.000	0.000	255.000	255.000	255.000	255.000	255.000	255.000	255.000	255.000	255.000	255.000	255.000	255.000	255.000	255.000	255.000	255.000	255.000	255.000	255.000	255.000	255.000	255.000	255.000	255.000	255.000	255.000	255.000	255.000	255.000	255.000	255.000	255.000	255.000	255.000	255.000	255.000	255.000	255.000	255.000	255.000	255.000	255.000	255.000	255.000	255.000	255.000	255.000	255.000	255.000	255.000	255.000	255.000	255.000	255.000	255.000	255.000	255.000	255.000	255.000	255.000	255.000	255.000	255.000	255.000	255.000	255.000	255.000	255.000	255.000	255.000	255.000	255.000	255.000	255.000	255.000	255.000	255.000	255.000	255.000	255.000	255.000	255.000	255.000	255.000	255.000	255.000	255.000	255.000	255.000	255.000	255.000	255.000	255.000	255.000	255.000	255.000	255.000	255.000	255.000	255.000	255.000	255.000	255.000	255.000	255.000	255.000	255.000	255.000	255.000	255.000	255.000	255.000	255.000	255.000	255.000	255.000	255.000	255.000	255.000	255.000	255.000	255.000	255.000	255.000	255.000	255.000	255.000	255.000	255.000	255.000	0.000	0.000	0.000	0.000	0.000	0.000	0.000	0.000	0.000	0.000	0.000	0.000	0.000	0.000	0.000	0.000	0.000	0.000	0.000	0.000	0.000	0.000	0.000	0.000	0.000	0.000	0.000	0.000	0.000	0.000	0.000	0.000	0.000	0.000	0.000	0.000	0.000	0.000	0.000	0.000	0.000	0.000	0.000	0.000	0.000	0.000	0.000	0.000	0.000	0.000	0.000	0.000	0.000	0.000	0.000
0.000	0.000	0.000	0.000	0.000	0.000	0.000	0.000	0.000	0.000	0.000	0.000	0.000	0.000	0.000	0.000	0.000	0.000	0.000	0.000	0.000	0.000	0.000	0.000	0.000	0.000	0.000	0.000	0.000	0.000	0.000	0.000	0.000	0.000	0.000	0.000	0.000	0.000	0.000	0.000	0.000	0.000	0.000	0.000	0.000	0.000	0.000	0.000	0.000	0.000	0.000	0.000	0.000	0.000	0.000	0.000	0.000	0.000	0.000	0.000	0.000	0.000	0.000	0.000	0.000	0.000	0.000	0.000	0.000	255.000	255.000	255.000	255.000	255.000	255.000	255.000	255.000	255.000	255.000	255.000	255.000	255.000	255.000	255.000	255.000	255.000	255.000	255.000	255.000	255.000	255.000	255.000	255.000	255.000	255.000	255.000	255.000	255.000	255.000	255.000	255.000	255.000	255.000	255.000	255.000	255.000	255.000	255.000	255.000	255.000	255.000	255.000	255.000	255.000	255.000	255.000	255.000	255.000	255.000	255.000	255.000	255.000	255.000	255.000	255.000	255.000	255.000	255.000	255.000	255.000	255.000	255.000	255.000	255.000	255.000	255.000	255.000	255.000	255.000	255.000	255.000	255.000	255.000	255.000	255.000	255.000	255.000	255.000	255.000	255.000	255.000	255.000	255.000	255.000	255.000	255.000	255.000	255.000	255.000	255.000	255.000	255.000	255.000	255.000	255.000	255.000	255.000	255.000	255.000	255.000	255.000	255.000	255.000	255.000	255.000	255.000	255.000	255.000	255.000	255.000	255.000	255.000	255.000	255.000	255.000	255.000	255.000	255.000	255.000	255.000	255.000	255.000	255.000	255.000	255.000	255.000	255.000	255.000	255.000	255.000	255.000	255.000	255.000	0.000	0.000	0.000	0.000	0.000	0.000	0.000	0.000	0.000	0.000	0.000	0.000	0.000	0.000	0.000	0.000	0.000	0.000	0.000	0.000	0.000	0.000	0.000	0.000	0.000	0.000	0.000	0.000	0.000	0.000	0.000	0.000	0.000	0.000	0.000	0.000	0.000	0.000	0.000	0.000	0.000	0.000	0.000	0.000	0.000	0.000	0.000	0.000	0.000	0.000	0.000	0.000	0.000
0.000	0.000	0.000	0.000	0.000	0.000	0.000	0.000	0.000	0.000	0.000	0.000	0.000	0.000	0.000	0.000	0.000	0.000	0.000	0.000	0.000	0.000	0.000	0.000	0.000	0.000	0.000	0.000	0.000	0.000	0.000	0.000	0.000	0.000	0.000	0.000	0.000	0.000	0.000	0.000	0.000	0.000	0.000	0.000	0.000	0.000	0.000	0.000	0.000	0.000	0.000	0.000	0.000	0.000	0.000	0.000	0.000	0.000	0.000	0.000	0.000	0.000	0.000	0.000	0.000	0.000	0.000	0.000	255.000	255.000	255.000	255.000	255.000	255.000	255.000	255.000	255.000	255.000	255.000	255.000	255.000	255.000	255.000	255.000	255.000	255.000	255.000	255.000	255.000	255.000	255.000	255.000	255.000	255.000	255.000	255.000	255.000	255.000	255.000	255.000	255.000	255.000	255.000	255.000	255.000	255.000	255.000	255.000	255.000	255.000	255.000	255.000	255.000	255.000	255.000	255.000	255.000	255.000	255.000	255.000	255.000	255.000	255.000	255.000	255.000	255.000	255.000	255.000	255.000	255.000	255.000	255.000	255.000	255.000	255.000	255.000	255.000	255.000	255.000	255.000	255.000	255.000	255.000	255.000	255.000	255.000	255.000	255.000	255.000	255.000	255.000	255.000	255.000	255.000	255.000	255.000	255.000	255.000	255.000	255.000	255.000	255.000	255.000	255.000	255.000	255.000	255.000	255.000	255.000	255.000	255.000	255.000	255.000	255.000	255.000	255.000	255.000	255.000	255.000	255.000	255.000	255.000	255.000	255.000	255.000	255.000	255.000	255.000	255.000	255.000	255.000	255.000	255.000	255.000	255.000	255.000	255.000	255.000	255.000	255.000	255.000	255.000	255.000	255.000	255.000	0.000	0.000	0.000	0.000	0.000	0.000	0.000	0.000	0.000	0.000	0.000	0.000	0.000	0.000	0.000	0.000	0.000	0.000	0.000	0.000	0.000	0.000	0.000	0.000	0.000	0.000	0.000	0.000	0.000	0.000	0.000	0.000	0.000	0.000	0.000	0.000	0.000	0.000	0.000	0.000	0.000	0.000	0.000	0.000	0.000	0.000	0.000	0.000	0.000	0.000	0.000
0.000	0.000	0.000	0.000	0.000	0.000	0.000	0.000	0.000	0.000	0.000	0.000	0.000	0.000	0.000	0.000	0.000	0.000	0.000	0.000	0.000	0.000	0.000	0.000	0.000	0.000	0.000	0.000	0.000	0.000	0.000	0.000	0.000	0.000	0.000	0.000	0.000	0.000	0.000	0.000	0.000	0.000	0.000	0.000	0.000	0.000	0.000	0.000	0.000	0.000	0.000	0.000	0.000	0.000	0.000	0.000	0.000	0.000	0.000	0.000	0.000	0.000	0.000	0.000	0.000	0.000	0.000	255.000	255.000	255.000	255.000	255.000	255.000	255.000	255.000	255.000	255.000	255.000	255.000	255.000	255.000	255.000	255.000	255.000	255.000	255.000	255.000	255.000	255.000	255.000	255.000	255.000	255.000	255.000	255.000	255.000	255.000	255.000	255.000	255.000	255.000	255.000	255.000	255.000	255.000	255.000	255.000	255.000	255.000	255.000	255.000	255.000	255.000	255.000	255.000	255.000	255.000	255.000	255.000	255.000	255.000	255.000	255.000	255.000	255.000	255.000	255.000	255.000	255.000	255.000	255.000	255.000	255.000	255.000	255.000	255.000	255.000	255.000	255.000	255.000	255.000	255.000	255.000	255.000	255.000	255.000	255.000	255.000	255.000	255.000	255.000	255.000	255.000	255.000	255.000	255.000	255.000	255.000	255.000	255.000	255.000	255.000	255.000	255.000	255.000	255.000	255.000	255.000	255.000	255.000	255.000	255.000	255.000	255.000	255.000	255.000	255.000	255.000	255.000	255.000	255.000	255.000	255.000	255.000	255.000	255.000	255.000	255.000	255.000	255.000	255.000	255.000	255.000	255.000	255.000	255.000	255.000	255.000	255.000	255.000	255.000	255.000	255.000	255.000	255.000	255.000	255.000	255.000	0.000	0.000	0.000	0.000	0.000	0.000	0.000	0.000	0.000	0.000	0.000	0.000	0.000	0.000	0.000	0.000	0.000	0.000	0.000	0.000	0.000	0.000	0.000	0.000	0.000	0.000	0.000	0.000	0.000	0.000	0.000	0.000	0.000	0.000	0.000	0.000	0.000	0.000	0.000	0.000	0.000	0.000	0.000	0.000	0.000	0.000	0.000	0.000
0.000	0.000	0.000	0.000	0.000	0.000	0.000	0.000	0.000	0.000	0.000	0.000	0.000	0.000	0.000	0.000	0.000	0.000	0.000	0.000	0.000	0.000	0.000	0.000	0.000	0.000	0.000	0.000	0.000	0.000	0.000	0.000	0.000	0.000	0.000	0.000	0.000	0.000	0.000	0.000	0.000	0.000	0.000	0.000	0.000	0.000	0.000	0.000	0.000	0.000	0.000	0.000	0.000	0.000	0.000	0.000	0.000	0.000	0.000	0.000	0.000	0.000	0.000	0.000	0.000	0.000	255.000	255.000	255.000	255.000	255.000	255.000	255.000	255.000	255.000	255.000	255.000	255.000	255.000	255.000	255.000	255.000	255.000	255.000	255.000	255.000	255.000	255.000	255.000	255.000	255.000	255.000	255.000	255.000	255.000	255.000	255.000	255.000	255.000	255.000	255.000	255.000	255.000	255.000	255.000	255.000	255.000	255.000	255.000	255.000	255.000	255.000	255.000	255.000	255.000	255.000	255.000	255.000	255.000	255.000	255.000	255.000	255.000	255.000	255.000	255.000	255.000	255.000	255.000	255.000	255.000	255.000	255.000	255.000	255.000	255.000	255.000	255.000	255.000	255.000	255.000	255.000	255.000	255.000	255.000	255.000	255.000	255.000	255.000	255.000	255.000	255.000	255.000	255.000	255.000	255.000	255.000	255.000	255.000	255.000	255.000	255.000	255.000	255.000	255.000	255.000	255.000	255.000	255.000	255.000	255.000	255.000	255.000	255.000	255.000	255.000	255.000	255.000	255.000	255.000	255.000	255.000	255.000	255.000	255.000	255.000	255.000	255.000	255.000	255.000	255.000	255.000	255.000	255.000	255.000	255.000	255.000	255.000	255.000	255.000	255.000	255.000	255.000	255.000	255.000	255.000	255.000	255.000	255.000	0.000	0.000	0.000	0.000	0.000	0.000	0.000	0.000	0.000	0.000	0.000	0.000	0.000	0.000	0.000	0.000	0.000	0.000	0.000	0.000	0.000	0.000	0.000	0.000	0.000	0.000	0.000	0.000	0.000	0.000	0.000	0.000	0.000	0.000	0.000	0.000	0.000	0.000	0.000	0.000	0.000	0.000	0.000	0.000	0.000	0.000	0.000
0.000	0.000	0.000	0.000	0.000	0.000	0.000	0.000	0.000	0.000	0.000	0.000	0.000	0.000	0.000	0.000	0.000	0.000	0.000	0.000	0.000	0.000	0.000	0.000	0.000	0.000	0.000	0.000	0.000	0.000	0.000	0.000	0.000	0.000	0.000	0.000	0.000	0.000	0.000	0.000	0.000	0.000	0.000	0.000	0.000	0.000	0.000	0.000	0.000	0.000	0.000	0.000	0.000	0.000	0.000	0.000	0.000	0.000	0.000	0.000	0.000	0.000	0.000	0.000	0.000	0.000	255.000	255.000	255.000	255.000	255.000	255.000	255.000	255.000	255.000	255.000	255.000	255.000	255.000	255.000	255.000	255.000	255.000	255.000	255.000	255.000	255.000	255.000	255.000	255.000	255.000	255.000	255.000	255.000	255.000	255.000	255.000	255.000	255.000	255.000	255.000	255.000	255.000	255.000	255.000	255.000	255.000	255.000	255.000	255.000	255.000	255.000	255.000	255.000	255.000	255.000	255.000	255.000	255.000	255.000	255.000	255.000	255.000	255.000	255.000	255.000	255.000	255.000	255.000	255.000	255.000	255.000	255.000	255.000	255.000	255.000	255.000	255.000	255.000	255.000	255.000	255.000	255.000	255.000	255.000	255.000	255.000	255.000	255.000	255.000	255.000	255.000	255.000	255.000	255.000	255.000	255.000	255.000	255.000	255.000	255.000	255.000	255.000	255.000	255.000	255.000	255.000	255.000	255.000	255.000	255.000	255.000	255.000	255.000	255.000	255.000	255.000	255.000	255.000	255.000	255.000	255.000	255.000	255.000	255.000	255.000	255.000	255.000	255.000	255.000	255.000	255.000	255.000	255.000	255.000	255.000	255.000	255.000	255.000	255.000	255.000	255.000	255.000	255.000	255.000	255.000	255.000	255.000	255.000	255.000	0.000	0.000	0.000	0.000	0.000	0.000	0.000	0.000	0.000	0.000	0.000	0.000	0.000	0.000	0.000	0.000	0.000	0.000	0.000	0.000	0.000	0.000	0.000	0.000	0.000	0.000	0.000	0.000	0.000	0.000	0.000	0.000	0.000	0.000	0.000	0.000	0.000	0.000	0.000	0.000	0.000	0.000	0.000	0.000	0.000	0.000
0.000	0.000	0.000	0.000	0.000	0.000	0.000	0.000	0.000	0.000	0.000	0.000	0.000	0.000	0.000	0.000	0.000	0.000	0.000	0.000	0.000	0.000	0.000	0.000	0.000	0.000	0.000	0.000	0.000	0.000	0.000	0.000	0.000	0.000	0.000	0.000	0.000	0.000	0.000	0.000	0.000	0.000	0.000	0.000	0.000	0.000	0.000	0.000	0.000	0.000	0.000	0.000	0.000	0.000	0.000	0.000	0.000	0.000	0.000	0.000	0.000	0.000	0.000	0.000	0.000	255.000	255.000	255.000	255.000	255.000	255.000	255.000	255.000	255.000	255.000	255.000	255.000	255.000	255.000	255.000	255.000	255.000	255.000	255.000	255.000	255.000	255.000	255.000	255.000	255.000	255.000	255.000	255.000	255.000	255.000	255.000	255.000	255.000	255.000	255.000	255.000	255.000	255.000	255.000	255.000	255.000	255.000	255.000	255.000	255.000	255.000	255.000	255.000	255.000	255.000	255.000	255.000	255.000	255.000	255.000	255.000	255.000	255.000	255.000	255.000	255.000	255.000	255.000	255.000	255.000	255.000	255.000	255.000	255.000	255.000	255.000	255.000	255.000	255.000	255.000	255.000	255.000	255.000	255.000	255.000	255.000	255.000	255.000	255.000	255.000	255.000	255.000	255.000	255.000	255.000	255.000	255.000	255.000	255.000	255.000	255.000	255.000	255.000	255.000	255.000	255.000	255.000	255.000	255.000	255.000	255.000	255.000	255.000	255.000	255.000	255.000	255.000	255.000	255.000	255.000	255.000	255.000	255.000	255.000	255.000	255.000	255.000	255.000	255.000	255.000	255.000	255.000	255.000	255.000	255.000	255.000	255.000	255.000	255.000	255.000	255.000	255.000	255.000	255.000	255.000	255.000	255.000	255.000	255.000	255.000	255.000	255.000	0.000	0.000	0.000	0.000	0.000	0.000	0.000	0.000	0.000	0.000	0.000	0.000	0.000	0.000	0.000	0.000	0.000	0.000	0.000	0.000	0.000	0.000	0.000	0.000	0.000	0.000	0.000	0.000	0.000	0.000	0.000	0.000	0.000	0.000	0.000	0.000	0.000	0.000	0.000	0.000	0.000	0.000	0.000	0.000
0.000	0.000	0.000	0.000	0.000	0.000	0.000	0.000	0.000	0.000	0.000	0.000	0.000	0.000	0.000	0.000	0.000	0.000	0.000	0.000	0.000	0.000	0.000	0.000	0.000	0.000	0.000	0.000	0.000	0.000	0.000	0.000	0.000	0.000	0.000	0.000	0.000	0.000	0.000	0.000	0.000	0.000	0.000	0.000	0.000	0.000	0.000	0.000	0.000	0.000	0.000	0.000	0.000	0.000	0.000	0.000	0.000	0.000	0.000	0.000	0.000	0.000	0.000	0.000	255.000	255.000	255.000	255.000	255.000	255.000	255.000	255.000	255.000	255.000	255.000	255.000	255.000	255.000	255.000	255.000	255.000	255.000	255.000	255.000	255.000	255.000	255.000	255.000	255.000	255.000	255.000	255.000	255.000	255.000	255.000	255.000	255.000	255.000	255.000	255.000	255.000	255.000	255.000	255.000	255.000	255.000	255.000	255.000	255.000	255.000	255.000	255.000	255.000	255.000	255.000	255.000	255.000	255.000	255.000	255.000	255.000	255.000	255.000	255.000	255.000	255.000	255.000	255.000	255.000	255.000	255.000	255.000	255.000	255.000	255.000	255.000	255.000	255.000	255.000	255.000	255.000	255.000	255.000	255.000	255.000	255.000	255.000	255.000	255.000	255.000	255.000	255.000	255.000	255.000	255.000	255.000	255.000	255.000	255.000	255.000	255.000	255.000	255.000	255.000	255.000	255.000	255.000	255.000	255.000	255.000	255.000	255.000	255.000	255.000	255.000	255.000	255.000	255.000	255.000	255.000	255.000	255.000	255.000	255.000	255.000	255.000	255.000	255.000	255.000	255.000	255.000	255.000	255.000	255.000	255.000	255.000	255.000	255.000	255.000	255.000	255.000	255.000	255.000	255.000	255.000	255.000	255.000	255.000	255.000	255.000	255.000	255.000	255.000	0.000	0.000	0.000	0.000	0.000	0.000	0.000	0.000	0.000	0.000	0.000	0.000	0.000	0.000	0.000	0.000	0.000	0.000	0.000	0.000	0.000	0.000	0.000	0.000	0.000	0.000	0.000	0.000	0.000	0.000	0.000	0.000	0.000	0.000	0.000	0.000	0.000	0.000	0.000	0.000	0.000	0.000	0.000
0.000	0.000	0.000	0.000	0.000	0.000	0.000	0.000	0.000	0.000	0.000	0.000	0.000	0.000	0.000	0.000	0.000	0.000	0.000	0.000	0.000	0.000	0.000	0.000	0.000	0.000	0.000	0.000	0.000	0.000	0.000	0.000	0.000	0.000	0.000	0.000	0.000	0.000	0.000	0.000	0.000	0.000	0.000	0.000	0.000	0.000	0.000	0.000	0.000	0.000	0.000	0.000	0.000	0.000	0.000	0.000	0.000	0.000	0.000	0.000	0.000	0.000	0.000	255.000	255.000	255.000	255.000	255.000	255.000	255.000	255.000	255.000	255.000	255.000	255.000	255.000	255.000	255.000	255.000	255.000	255.000	255.000	255.000	255.000	255.000	255.000	255.000	255.000	255.000	255.000	255.000	255.000	255.000	255.000	255.000	255.000	255.000	255.000	255.000	255.000	255.000	255.000	255.000	255.000	255.000	255.000	255.000	255.000	255.000	255.000	255.000	255.000	255.000	255.000	255.000	255.000	255.000	255.000	255.000	255.000	255.000	255.000	255.000	255.000	255.000	255.000	255.000	255.000	255.000	255.000	255.000	255.000	255.000	255.000	255.000	255.000	255.000	255.000	255.000	255.000	255.000	255.000	255.000	255.000	255.000	255.000	255.000	255.000	255.000	255.000	255.000	255.000	255.000	255.000	255.000	255.000	255.000	255.000	255.000	255.000	255.000	255.000	255.000	255.000	255.000	255.000	255.000	255.000	255.000	255.000	255.000	255.000	255.000	255.000	255.000	255.000	255.000	255.000	255.000	255.000	255.000	255.000	255.000	255.000	255.000	255.000	255.000	255.000	255.000	255.000	255.000	255.000	255.000	255.000	255.000	255.000	255.000	255.000	255.000	255.000	255.000	255.000	255.000	255.000	255.000	255.000	255.000	255.000	255.000	255.000	255.000	255.000	255.000	255.000	0.000	0.000	0.000	0.000	0.000	0.000	0.000	0.000	0.000	0.000	0.000	0.000	0.000	0.000	0.000	0.000	0.000	0.000	0.000	0.000	0.000	0.000	0.000	0.000	0.000	0.000	0.000	0.000	0.000	0.000	0.000	0.000	0.000	0.000	0.000	0.000	0.000	0.000	0.000	0.000	0.000	0.000
0.000	0.000	0.000	0.000	0.000	0.000	0.000	0.000	0.000	0.000	0.000	0.000	0.000	0.000	0.000	0.000	0.000	0.000	0.000	0.000	0.000	0.000	0.000	0.000	0.000	0.000	0.000	0.000	0.000	0.000	0.000	0.000	0.000	0.000	0.000	0.000	0.000	0.000	0.000	0.000	0.000	0.000	0.000	0.000	0.000	0.000	0.000	0.000	0.000	0.000	0.000	0.000	0.000	0.000	0.000	0.000	0.000	0.000	0.000	0.000	0.000	0.000	0.000	255.000	255.000	255.000	255.000	255.000	255.000	255.000	255.000	255.000	255.000	255.000	255.000	255.000	255.000	255.000	255.000	255.000	255.000	255.000	255.000	255.000	255.000	255.000	255.000	255.000	255.000	255.000	255.000	255.000	255.000	255.000	255.000	255.000	255.000	255.000	255.000	255.000	255.000	255.000	255.000	255.000	255.000	255.000	255.000	255.000	255.000	255.000	255.000	255.000	255.000	255.000	255.000	255.000	255.000	255.000	255.000	255.000	255.000	255.000	255.000	255.000	255.000	255.000	255.000	255.000	255.000	255.000	255.000	255.000	255.000	255.000	255.000	255.000	255.000	255.000	255.000	255.000	255.000	255.000	255.000	255.000	255.000	255.000	255.000	255.000	255.000	255.000	255.000	255.000	255.000	255.000	255.000	255.000	255.000	255.000	255.000	255.000	255.000	255.000	255.000	255.000	255.000	255.000	255.000	255.000	255.000	255.000	255.000	255.000	255.000	255.000	255.000	255.000	255.000	255.000	255.000	255.000	255.000	255.000	255.000	255.000	255.000	255.000	255.000	255.000	255.000	255.000	255.000	255.000	255.000	255.000	255.000	255.000	255.000	255.000	255.000	255.000	255.000	255.000	255.000	255.000	255.000	255.000	255.000	255.000	255.000	255.000	255.000	255.000	255.000	255.000	255.000	0.000	0.000	0.000	0.000	0.000	0.000	0.000	0.000	0.000	0.000	0.000	0.000	0.000	0.000	0.000	0.000	0.000	0.000	0.000	0.000	0.000	0.000	0.000	0.000	0.000	0.000	0.000	0.000	0.000	0.000	0.000	0.000	0.000	0.000	0.000	0.000	0.000	0.000	0.000	0.000	0.000
0.000	0.000	0.000	0.000	0.000	0.000	0.000	0.000	0.000	0.000	0.000	0.000	0.000	0.000	0.000	0.000	0.000	0.000	0.000	0.000	0.000	0.000	0.000	0.000	0.000	0.000	0.000	0.000	0.000	0.000	0.000	0.000	0.000	0.000	0.000	0.000	0.000	0.000	0.000	0.000	0.000	0.000	0.000	0.000	0.000	0.000	0.000	0.000	0.000	0.000	0.000	0.000	0.000	0.000	0.000	0.000	0.000	0.000	0.000	0.000	0.000	0.000	255.000	255.000	255.000	255.000	255.000	255.000	255.000	255.000	255.000	255.000	255.000	255.000	255.000	255.000	255.000	255.000	255.000	255.000	255.000	255.000	255.000	255.000	255.000	255.000	255.000	255.000	255.000	255.000	255.000	255.000	255.000	255.000	255.000	255.000	255.000	255.000	255.000	255.000	255.000	255.000	255.000	255.000	255.000	255.000	255.000	255.000	255.000	255.000	255.000	255.000	255.000	255.000	255.000	255.000	255.000	255.000	255.000	255.000	255.000	255.000	255.000	255.000	255.000	255.000	255.000	255.000	255.000	255.000	255.000	255.000	255.000	255.000	255.000	255.000	255.000	255.000	255.000	255.000	255.000	255.000	255.000	255.000	255.000	255.000	255.000	255.000	255.000	255.000	255.000	255.000	255.000	255.000	255.000	255.000	255.000	255.000	255.000	255.000	255.000	255.000	255.000	255.000	255.000	255.000	255.000	255.000	255.000	255.000	255.000	255.000	255.000	255.000	255.000	255.000	255.000	255.000	255.000	255.000	255.000	255.000	255.000	255.000	255.000	255.000	255.000	255.000	255.000	255.000	255.000	255.000	255.000	255.000	255.000	255.000	255.000	255.000	255.000	255.000	255.000	255.000	255.000	255.000	255.000	255.000	255.000	255.000	255.000	255.000	255.000	255.000	255.000	255.000	255.000	255.000	0.000	0.000	0.000	0.000	0.000	0.000	0.000	0.000	0.000	0.000	0.000	0.000	0.000	0.000	0.000	0.000	0.000	0.000	0.000	0.000	0.000	0.000	0.000	0.000	0.000	0.000	0.000	0.000	0.000	0.000	0.000	0.000	0.000	0.000	0.000	0.000	0.000	0.000	0.000	0.000
0.000	0.000	0.000	0.000	0.000	0.000	0.000	0.000	0.000	0.000	0.000	0.000	0.000	0.000	0.000	0.000	0.000	0.000	0.000	0.000	0.000	0.000	0.000	0.000	0.000	0.000	0.000	0.000	0.000	0.000	0.000	0.000	0.000	0.000	0.000	0.000	0.000	0.000	0.000	0.000	0.000	0.000	0.000	0.000	0.000	0.000	0.000	0.000	0.000	0.000	0.000	0.000	0.000	0.000	0.000	0.000	0.000	0.000	0.000	0.000	0.000	255.000	255.000	255.000	255.000	255.000	255.000	255.000	255.000	255.000	255.000	255.000	255.000	255.000	255.000	255.000	255.000	255.000	255.000	255.000	255.000	255.000	255.000	255.000	255.000	255.000	255.000	255.000	255.000	255.000	255.000	255.000	255.000	255.000	255.000	255.000	255.000	255.000	255.000	255.000	255.000	255.000	255.000	255.000	255.000	255.000	255.000	255.000	255.000	255.000	255.000	255.000	255.000	255.000	255.000	255.000	255.000	255.000	255.000	255.000	255.000	255.000	255.000	255.000	255.000	255.000	255.000	255.000	255.000	255.000	255.000	255.000	255.000	255.000	255.000	255.000	255.000	255.000	255.000	255.000	255.000	255.000	255.000	255.000	255.000	255.000	255.000	255.000	255.000	255.000	255.000	255.000	255.000	255.000	255.000	255.000	255.000	255.000	255.000	255.000	255.000	255.000	255.000	255.000	255.000	255.000	255.000	255.000	255.000	255.000	255.000	255.000	255.000	255.000	255.000	255.000	255.000	255.000	255.000	255.000	255.000	255.000	255.000	255.000	255.000	255.000	255.000	255.000	255.000	255.000	255.000	255.000	255.000	255.000	255.000	255.000	255.000	255.000	255.000	255.000	255.000	255.000	255.000	255.000	255.000	255.000	255.000	255.000	255.000	255.000	255.000	255.000	255.000	255.000	255.000	255.000	255.000	0.000	0.000	0.000	0.000	0.000	0.000	0.000	0.000	0.000	0.000	0.000	0.000	0.000	0.000	0.000	0.000	0.000	0.000	0.000	0.000	0.000	0.000	0.000	0.000	0.000	0.000	0.000	0.000	0.000	0.000	0.000	0.000	0.000	0.000	0.000	0.000	0.000	0.000	0.000
0.000	0.000	0.000	0.000	0.000	0.000	0.000	0.000	0.000	0.000	0.000	0.000	0.000	0.000	0.000	0.000	0.000	0.000	0.000	0.000	0.000	0.000	0.000	0.000	0.000	0.000	0.000	0.000	0.000	0.000	0.000	0.000	0.000	0.000	0.000	0.000	0.000	0.000	0.000	0.000	0.000	0.000	0.000	0.000	0.000	0.000	0.000	0.000	0.000	0.000	0.000	0.000	0.000	0.000	0.000	0.000	0.000	0.000	0.000	0.000	255.000	255.000	255.000	255.000	255.000	255.000	255.000	255.000	255.000	255.000	255.000	255.000	255.000	255.000	255.000	255.000	255.000	255.000	255.000	255.000	255.000	255.000	255.000	255.000	255.000	255.000	255.000	255.000	255.000	255.000	255.000	255.000	255.000	255.000	255.000	255.000	255.000	255.000	255.000	255.000	255.000	255.000	255.000	255.000	255.000	255.000	255.000	255.000	255.000	255.000	255.000	255.000	255.000	255.000	255.000	255.000	255.000	255.000	255.000	255.000	255.000	255.000	255.000	255.000	255.000	255.000	255.000	255.000	255.000	255.000	255.000	255.000	255.000	255.000	255.000	255.000	255.000	255.000	255.000	255.000	255.000	255.000	255.000	255.000	255.000	255.000	255.000	255.000	255.000	255.000	255.000	255.000	255.000	255.000	255.000	255.000	255.000	255.000	255.000	255.000	255.000	255.000	255.000	255.000	255.000	255.000	255.000	255.000	255.000	255.000	255.000	255.000	255.000	255.000	255.000	255.000	255.000	255.000	255.000	255.000	255.000	255.000	255.000	255.000	255.000	255.000	255.000	255.000	255.000	255.000	255.000	255.000	255.000	255.000	255.000	255.000	255.000	255.000	255.000	255.000	255.000	255.000	255.000	255.000	255.000	255.000	255.000	255.000	255.000	255.000	255.000	255.000	255.000	255.000	255.000	255.000	255.000	255.000	0.000	0.000	0.000	0.000	0.000	0.000	0.000	0.000	0.000	0.000	0.000	0.000	0.000	0.000	0.000	0.000	0.000	0.000	0.000	0.000	0.000	0.000	0.000	0.000	0.000	0.000	0.000	0.000	0.000	0.000	0.000	0.000	0.000	0.000	0.000	0.000	0.000	0.000
0.000	0.000	0.000	0.000	0.000	0.000	0.000	0.000	0.000	0.000	0.000	0.000	0.000	0.000	0.000	0.000	0.000	0.000	0.000	0.000	0.000	0.000	0.000	0.000	0.000	0.000	0.000	0.000	0.000	0.000	0.000	0.000	0.000	0.000	0.000	0.000	0.000	0.000	0.000	0.000	0.000	0.000	0.000	0.000	0.000	0.000	0.000	0.000	0.000	0.000	0.000	0.000	0.000	0.000	0.000	0.000	0.000	0.000	255.000	255.000	255.000	255.000	255.000	255.000	255.000	255.000	255.000	255.000	255.000	255.000	255.000	255.000	255.000	255.000	255.000	255.000	255.000	255.000	255.000	255.000	255.000	255.000	255.000	255.000	255.000	255.000	255.000	255.000	255.000	255.000	255.000	255.000	255.000	255.000	255.000	255.000	255.000	255.000	255.000	255.000	255.000	255.000	255.000	255.000	255.000	255.000	255.000	255.000	255.000	255.000	255.000	255.000	255.000	255.000	255.000	255.000	255.000	255.000	255.000	255.000	255.000	255.000	255.000	255.000	255.000	255.000	255.000	255.000	255.000	255.000	255.000	255.000	255.000	255.000	255.000	255.000	255.000	255.000	255.000	255.000	255.000	255.000	255.000	255.000	255.000	255.000	255.000	255.000	255.000	255.000	255.000	255.000	255.000	255.000	255.000	255.000	255.000	255.000	255.000	255.000	255.000	255.000	255.000	255.000	255.000	255.000	255.000	255.000	255.000	255.000	255.000	255.000	255.000	255.000	255.000	255.000	255.000	255.000	255.000	255.000	255.000	255.000	255.000	255.000	255.000	255.000	255.000	255.000	255.000	255.000	255.000	255.000	255.000	255.000	255.000	255.000	255.000	255.000	255.000	255.000	255.000	255.000	255.000	255.000	255.000	255.000	255.000	255.000	255.000	255.000	255.000	255.000	255.000	255.000	255.000	255.000	255.000	255.000	0.000	0.000	0.000	0.000	0.000	0.000	0.000	0.000	0.000	0.000	0.000	0.000	0.000	0.000	0.000	0.000	0.000	0.000	0.000	0.000	0.000	0.000	0.000	0.000	0.000	0.000	0.000	0.000	0.000	0.000	0.000	0.000	0.000	0.000	0.000	0.000	0.000	0.000
0.000	0.000	0.000	0.000	0.000	0.000	0.000	0.000	0.000	0.000	0.000	0.000	0.000	0.000	0.000	0.000	0.000	0.000	0.000	0.000	0.000	0.000	0.000	0.000	0.000	0.000	0.000	0.000	0.000	0.000	0.000	0.000	0.000	0.000	0.000	0.000	0.000	0.000	0.000	0.000	0.000	0.000	0.000	0.000	0.000	0.000	0.000	0.000	0.000	0.000	0.000	0.000	0.000	0.000	0.000	0.000	0.000	255.000	255.000	255.000	255.000	255.000	255.000	255.000	255.000	255.000	255.000	255.000	255.000	255.000	255.000	255.000	255.000	255.000	255.000	255.000	255.000	255.000	255.000	255.000	255.000	255.000	255.000	255.000	255.000	255.000	255.000	255.000	255.000	255.000	255.000	255.000	255.000	255.000	255.000	255.000	255.000	255.000	255.000	255.000	255.000	255.000	255.000	255.000	255.000	255.000	255.000	255.000	255.000	255.000	255.000	255.000	255.000	255.000	255.000	255.000	255.000	255.000	255.000	255.000	255.000	255.000	255.000	255.000	255.000	255.000	255.000	255.000	255.000	255.000	255.000	255.000	255.000	255.000	255.000	255.000	255.000	255.000	255.000	255.000	255.000	255.000	255.000	255.000	255.000	255.000	255.000	255.000	255.000	255.000	255.000	255.000	255.000	255.000	255.000	255.000	255.000	255.000	255.000	255.000	255.000	255.000	255.000	255.000	255.000	255.000	255.000	255.000	255.000	255.000	255.000	255.000	255.000	255.000	255.000	255.000	255.000	255.000	255.000	255.000	255.000	255.000	255.000	255.000	255.000	255.000	255.000	255.000	255.000	255.000	255.000	255.000	255.000	255.000	255.000	255.000	255.000	255.000	255.000	255.000	255.000	255.000	255.000	255.000	255.000	255.000	255.000	255.000	255.000	255.000	255.000	255.000	255.000	255.000	255.000	255.000	255.000	255.000	255.000	0.000	0.000	0.000	0.000	0.000	0.000	0.000	0.000	0.000	0.000	0.000	0.000	0.000	0.000	0.000	0.000	0.000	0.000	0.000	0.000	0.000	0.000	0.000	0.000	0.000	0.000	0.000	0.000	0.000	0.000	0.000	0.000	0.000	0.000	0.000	0.000	0.000
0.000	0.000	0.000	0.000	0.000	0.000	0.000	0.000	0.000	0.000	0.000	0.000	0.000	0.000	0.000	0.000	0.000	0.000	0.000	0.000	0.000	0.000	0.000	0.000	0.000	0.000	0.000	0.000	0.000	0.000	0.000	0.000	0.000	0.000	0.000	0.000	0.000	0.000	0.000	0.000	0.000	0.000	0.000	0.000	0.000	0.000	0.000	0.000	0.000	0.000	0.000	0.000	0.000	0.000	0.000	0.000	255.000	255.000	255.000	255.000	255.000	255.000	255.000	255.000	255.000	255.000	255.000	255.000	255.000	255.000	255.000	255.000	255.000	255.000	255.000	255.000	255.000	255.000	255.000	255.000	255.000	255.000	255.000	255.000	255.000	255.000	255.000	255.000	255.000	255.000	255.000	255.000	255.000	255.000	255.000	255.000	255.000	255.000	255.000	255.000	255.000	255.000	255.000	255.000	255.000	255.000	255.000	255.000	255.000	255.000	255.000	255.000	255.000	255.000	255.000	255.000	255.000	255.000	255.000	255.000	255.000	255.000	255.000	255.000	255.000	255.000	255.000	255.000	255.000	255.000	255.000	255.000	255.000	255.000	255.000	255.000	255.000	255.000	255.000	255.000	255.000	255.000	255.000	255.000	255.000	255.000	255.000	255.000	255.000	255.000	255.000	255.000	255.000	255.000	255.000	255.000	255.000	255.000	255.000	255.000	255.000	255.000	255.000	255.000	255.000	255.000	255.000	255.000	255.000	255.000	255.000	255.000	255.000	255.000	255.000	255.000	255.000	255.000	255.000	255.000	255.000	255.000	255.000	255.000	255.000	255.000	255.000	255.000	255.000	255.000	255.000	255.000	255.000	255.000	255.000	255.000	255.000	255.000	255.000	255.000	255.000	255.000	255.000	255.000	255.000	255.000	255.000	255.000	255.000	255.000	255.000	255.000	255.000	255.000	255.000	255.000	255.000	255.000	255.000	255.000	0.000	0.000	0.000	0.000	0.000	0.000	0.000	0.000	0.000	0.000	0.000	0.000	0.000	0.000	0.000	0.000	0.000	0.000	0.000	0.000	0.000	0.000	0.000	0.000	0.000	0.000	0.000	0.000	0.000	0.000	0.000	0.000	0.000	0.000	0.000	0.000
0.000	0.000	0.000	0.000	0.000	0.000	0.000	0.000	0.000	0.000	0.000	0.000	0.000	0.000	0.000	0.000	0.000	0.000	0.000	0.000	0.000	0.000	0.000	0.000	0.000	0.000	0.000	0.000	0.000	0.000	0.000	0.000	0.000	0.000	0.000	0.000	0.000	0.000	0.000	0.000	0.000	0.000	0.000	0.000	0.000	0.000	0.000	0.000	0.000	0.000	0.000	0.000	0.000	0.000	0.000	255.000	255.000	255.000	255.000	255.000	255.000	255.000	255.000	255.000	255.000	255.000	255.000	255.000	255.000	255.000	255.000	255.000	255.000	255.000	255.000	255.000	255.000	255.000	255.000	255.000	255.000	255.000	255.000	255.000	255.000	255.000	255.000	255.000	255.000	255.000	255.000	255.000	255.000	255.000	255.000	255.000	255.000	255.000	255.000	255.000	255.000	255.000	255.000	255.000	255.000	255.000	255.000	255.000	255.000	255.000	255.000	255.000	255.000	255.000	255.000	255.000	255.000	255.000	255.000	255.000	255.000	255.000	255.000	255.000	255.000	255.000	255.000	255.000	255.000	255.000	255.000	255.000	255.000	255.000	255.000	255.000	255.000	255.000	255.000	255.000	255.000	255.000	255.000	255.000	255.000	255.000	255.000	255.000	255.000	255.000	255.000	255.000	255.000	255.000	255.000	255.000	255.000	255.000	255.000	255.000	255.000	255.000	255.000	255.000	255.000	255.000	255.000	255.000	255.000	255.000	255.000	255.000	255.000	255.000	255.000	255.000	255.000	255.000	255.000	255.000	255.000	255.000	255.000	255.000	255.000	255.000	255.000	255.000	255.000	255.000	255.000	255.000	255.000	255.000	255.000	255.000	255.000	255.000	255.000	255.000	255.000	255.000	255.000	255.000	255.000	255.000	255.000	255.000	255.000	255.000	255.000	255.000	255.000	255.000	255.000	255.000	255.000	255.000	255.000	255.000	255.000	0.000	0.000	0.000	0.000	0.000	0.000	0.000	0.000	0.000	0.000	0.000	0.000	0.000	0.000	0.000	0.000	0.000	0.000	0.000	0.000	0.000	0.000	0.000	0.000	0.000	0.000	0.000	0.000	0.000	0.000	0.000	0.000	0.000	0.000	0.000
0.000	0.000	0.000	0.000	0.000	0.000	0.000	0.000	0.000	0.000	0.000	0.000	0.000	0.000	0.000	0.000	0.000	0.000	0.000	0.000	0.000	0.000	0.000	0.000	0.000	0.000	0.000	0.000	0.000	0.000	0.000	0.000	0.000	0.000	0.000	0.000	0.000	0.000	0.000	0.000	0.000	0.000	0.000	0.000	0.000	0.000	0.000	0.000	0.000	0.000	0.000	0.000	0.000	0.000	255.000	255.000	255.000	255.000	255.000	255.000	255.000	255.000	255.000	255.000	255.000	255.000	255.000	255.000	255.000	255.000	255.000	255.000	255.000	255.000	255.000	255.000	255.000	255.000	255.000	255.000	255.000	255.000	255.000	255.000	255.000	255.000	255.000	255.000	255.000	255.000	255.000	255.000	255.000	255.000	255.000	255.000	255.000	255.000	255.000	255.000	255.000	255.000	255.000	255.000	255.000	255.000	255.000	255.000	255.000	255.000	255.000	255.000	255.000	255.000	255.000	255.000	255.000	255.000	255.000	255.000	255.000	255.000	255.000	255.000	255.000	255.000	255.000	255.000	255.000	255.000	255.000	255.000	255.000	255.000	255.000	255.000	255.000	255.000	255.000	255.000	255.000	255.000	255.000	255.000	255.000	255.000	255.000	255.000	255.000	255.000	255.000	255.000	255.000	255.000	255.000	255.000	255.000	255.000	255.000	255.000	255.000	255.000	255.000	255.000	255.000	255.000	255.000	255.000	255.000	255.000	255.000	255.000	255.000	255.000	255.000	255.000	255.000	255.000	255.000	255.000	255.000	255.000	255.000	255.000	255.000	255.000	255.000	255.000	255.000	255.000	255.000	255.000	255.000	255.000	255.000	255.000	255.000	255.000	255.000	255.000	255.000	255.000	255.000	255.000	255.000	255.000	255.000	255.000	255.000	255.000	255.000	255.000	255.000	255.000	255.000	255.000	255.000	255.000	255.000	255.000	255.000	0.000	0.000	0.000	0.000	0.000	0.000	0.000	0.000	0.000	0.000	0.000	0.000	0.000	0.000	0.000	0.000	0.000	0.000	0.000	0.000	0.000	0.000	0.000	0.000	0.000	0.000	0.000	0.000	0.000	0.000	0.000	0.000	0.000	0.000	0.000
0.000	0.000	0.000	0.000	0.000	0.000	0.000	0.000	0.000	0.000	0.000	0.000	0.000	0.000	0.000	0.000	0.000	0.000	0.000	0.000	0.000	0.000	0.000	0.000	0.000	0.000	0.000	0.000	0.000	0.000	0.000	0.000	0.000	0.000	0.000	0.000	0.000	0.000	0.000	0.000	0.000	0.000	0.000	0.000	0.000	0.000	0.000	0.000	0.000	0.000	0.000	0.000	0.000	255.000	255.000	255.000	255.000	255.000	255.000	255.000	255.000	255.000	255.000	255.000	255.000	255.000	255.000	255.000	255.000	255.000	255.000	255.000	255.000	255.000	255.000	255.000	255.000	255.000	255.000	255.000	255.000	255.000	255.000	255.000	255.000	255.000	255.000	255.000	255.000	255.000	255.000	255.000	255.000	255.000	255.000	255.000	255.000	255.000	255.000	255.000	255.000	255.000	255.000	255.000	255.000	255.000	255.000	255.000	255.000	255.000	255.000	255.000	255.000	255.000	255.000	255.000	255.000	255.000	255.000	255.000	255.000	255.000	255.000	255.000	255.000	255.000	255.000	255.000	255.000	255.000	255.000	255.000	255.000	255.000	255.000	255.000	255.000	255.000	255.000	255.000	255.000	255.000	255.000	255.000	255.000	255.000	255.000	255.000	255.000	255.000	255.000	255.000	255.000	255.000	255.000	255.000	255.000	255.000	255.000	255.000	255.000	255.000	255.000	255.000	255.000	255.000	255.000	255.000	255.000	255.000	255.000	255.000	255.000	255.000	255.000	255.000	255.000	255.000	255.000	255.000	255.000	255.000	255.000	255.000	255.000	255.000	255.000	255.000	255.000	255.000	255.000	255.000	255.000	255.000	255.000	255.000	255.000	255.000	255.000	255.000	255.000	255.000	255.000	255.000	255.000	255.000	255.000	255.000	255.000	255.000	255.000	255.000	255.000	255.000	255.000	255.000	255.000	255.000	255.000	255.000	255.000	255.000	0.000	0.000	0.000	0.000	0.000	0.000	0.000	0.000	0.000	0.000	0.000	0.000	0.000	0.000	0.000	0.000	0.000	0.000	0.000	0.000	0.000	0.000	0.000	0.000	0.000	0.000	0.000	0.000	0.000	0.000	0.000	0.000	0.000	0.000
0.000	0.000	0.000	0.000	0.000	0.000	0.000	0.000	0.000	0.000	0.000	0.000	0.000	0.000	0.000	0.000	0.000	0.000	0.000	0.000	0.000	0.000	0.000	0.000	0.000	0.000	0.000	0.000	0.000	0.000	0.000	0.000	0.000	0.000	0.000	0.000	0.000	0.000	0.000	0.000	0.000	0.000	0.000	0.000	0.000	0.000	0.000	0.000	0.000	0.000	0.000	0.000	255.000	255.000	255.000	255.000	255.000	255.000	255.000	255.000	255.000	255.000	255.000	255.000	255.000	255.000	255.000	255.000	255.000	255.000	255.000	255.000	255.000	255.000	255.000	255.000	255.000	255.000	255.000	255.000	255.000	255.000	255.000	255.000	255.000	255.000	255.000	255.000	255.000	255.000	255.000	255.000	255.000	255.000	255.000	255.000	255.000	255.000	255.000	255.000	255.000	255.000	255.000	255.000	255.000	255.000	255.000	255.000	255.000	255.000	255.000	255.000	255.000	255.000	255.000	255.000	255.000	255.000	255.000	255.000	255.000	255.000	255.000	255.000	255.000	255.000	255.000	255.000	255.000	255.000	255.000	255.000	255.000	255.000	255.000	255.000	255.000	255.000	255.000	255.000	255.000	255.000	255.000	255.000	255.000	255.000	255.000	255.000	255.000	255.000	255.000	255.000	255.000	255.000	255.000	255.000	255.000	255.000	255.000	255.000	255.000	255.000	255.000	255.000	255.000	255.000	255.000	255.000	255.000	255.000	255.000	255.000	255.000	255.000	255.000	255.000	255.000	255.000	255.000	255.000	255.000	255.000	255.000	255.000	255.000	255.000	255.000	255.000	255.000	255.000	255.000	255.000	255.000	255.000	255.000	255.000	255.000	255.000	255.000	255.000	255.000	255.000	255.000	255.000	255.000	255.000	255.000	255.000	255.000	255.000	255.000	255.000	255.000	255.000	255.000	255.000	255.000	255.000	255.000	255.000	255.000	255.000	255.000	0.000	0.000	0.000	0.000	0.000	0.000	0.000	0.000	0.000	0.000	0.000	0.000	0.000	0.000	0.000	0.000	0.000	0.000	0.000	0.000	0.000	0.000	0.000	0.000	0.000	0.000	0.000	0.000	0.000	0.000	0.000	0.000	0.000
0.000	0.000	0.000	0.000	0.000	0.000	0.000	0.000	0.000	0.000	0.000	0.000	0.000	0.000	0.000	0.000	0.000	0.000	0.000	0.000	0.000	0.000	0.000	0.000	0.000	0.000	0.000	0.000	0.000	0.000	0.000	0.000	0.000	0.000	0.000	0.000	0.000	0.000	0.000	0.000	0.000	0.000	0.000	0.000	0.000	0.000	0.000	0.000	0.000	0.000	255.000	255.000	255.000	255.000	255.000	255.000	255.000	255.000	255.000	255.000	255.000	255.000	255.000	255.000	255.000	255.000	255.000	255.000	255.000	255.000	255.000	255.000	255.000	255.000	255.000	255.000	255.000	255.000	255.000	255.000	255.000	255.000	255.000	255.000	255.000	255.000	255.000	255.000	255.000	255.000	255.000	255.000	255.000	255.000	255.000	255.000	255.000	255.000	255.000	255.000	255.000	255.000	255.000	255.000	255.000	255.000	255.000	255.000	255.000	255.000	255.000	255.000	255.000	255.000	255.000	255.000	255.000	255.000	255.000	255.000	255.000	255.000	255.000	255.000	255.000	255.000	255.000	255.000	255.000	255.000	255.000	255.000	255.000	255.000	255.000	255.000	255.000	255.000	255.000	255.000	255.000	255.000	255.000	255.000	255.000	255.000	255.000	255.000	255.000	255.000	255.000	255.000	255.000	255.000	255.000	255.000	255.000	255.000	255.000	255.000	255.000	255.000	255.000	255.000	255.000	255.000	255.000	255.000	255.000	255.000	255.000	255.000	255.000	255.000	255.000	255.000	255.000	255.000	255.000	255.000	255.000	255.000	255.000	255.000	255.000	255.000	255.000	255.000	255.000	255.000	255.000	255.000	255.000	255.000	255.000	255.000	255.000	255.000	255.000	255.000	255.000	255.000	255.000	255.000	255.000	255.000	255.000	255.000	255.000	255.000	255.000	255.000	255.000	255.000	255.000	255.000	255.000	255.000	255.000	255.000	255.000	255.000	255.000	0.000	0.000	0.000	0.000	0.000	0.000	0.000	0.000	0.000	0.000	0.000	0.000	0.000	0.000	0.000	0.000	0.000	0.000	0.000	0.000	0.000	0.000	0.000	0.000	0.000	0.000	0.000	0.000	0.000	0.000	0.000	0.000	0.000
0.000	0.000	0.000	0.000	0.000	0.000	0.000	0.000	0.000	0.000	0.000	0.000	0.000	0.000	0.000	0.000	0.000	0.000	0.000	0.000	0.000	0.000	0.000	0.000	0.000	0.000	0.000	0.000	0.000	0.000	0.000	0.000	0.000	0.000	0.000	0.000	0.000	0.000	0.000	0.000	0.000	0.000	0.000	0.000	0.000	0.000	0.000	0.000	0.000	255.000	255.000	255.000	255.000	255.000	255.000	255.000	255.000	255.000	255.000	255.000	255.000	255.000	255.000	255.000	255.000	255.000	255.000	255.000	255.000	255.000	255.000	255.000	255.000	255.000	255.000	255.000	255.000	255.000	255.000	255.000	255.000	255.000	255.000	255.000	255.000	255.000	255.000	255.000	255.000	255.000	255.000	255.000	255.000	255.000	255.000	255.000	255.000	255.000	255.000	255.000	255.000	255.000	255.000	255.000	255.000	255.000	255.000	255.000	255.000	255.000	255.000	255.000	255.000	255.000	255.000	255.000	255.000	255.000	255.000	255.000	255.000	255.000	255.000	255.000	255.000	255.000	255.000	255.000	255.000	255.000	255.000	255.000	255.000	255.000	255.000	255.000	255.000	255.000	255.000	255.000	255.000	255.000	255.000	255.000	255.000	255.000	255.000	255.000	255.000	255.000	255.000	255.000	255.000	255.000	255.000	255.000	255.000	255.000	255.000	255.000	255.000	255.000	255.000	255.000	255.000	255.000	255.000	255.000	255.000	255.000	255.000	255.000	255.000	255.000	255.000	255.000	255.000	255.000	255.000	255.000	255.000	255.000	255.000	255.000	255.000	255.000	255.000	255.000	255.000	255.000	255.000	255.000	255.000	255.000	255.000	255.000	255.000	255.000	255.000	255.000	255.000	255.000	255.000	255.000	255.000	255.000	255.000	255.000	255.000	255.000	255.000	255.000	255.000	255.000	255.000	255.000	255.000	255.000	255.000	255.000	255.000	255.000	255.000	255.000	0.000	0.000	0.000	0.000	0.000	0.000	0.000	0.000	0.000	0.000	0.000	0.000	0.000	0.000	0.000	0.000	0.000	0.000	0.000	0.000	0.000	0.000	0.000	0.000	0.000	0.000	0.000	0.000	0.000	0.000	0.000	0.000
0.000	0.000	0.000	0.000	0.000	0.000	0.000	0.000	0.000	0.000	0.000	0.000	0.000	0.000	0.000	0.000	0.000	0.000	0.000	0.000	0.000	0.000	0.000	0.000	0.000	0.000	0.000	0.000	0.000	0.000	0.000	0.000	0.000	0.000	0.000	0.000	0.000	0.000	0.000	0.000	0.000	0.000	0.000	0.000	0.000	0.000	0.000	0.000	255.000	255.000	255.000	255.000	255.000	255.000	255.000	255.000	255.000	255.000	255.000	255.000	255.000	255.000	255.000	255.000	255.000	255.000	255.000	255.000	255.000	255.000	255.000	255.000	255.000	255.000	255.000	255.000	255.000	255.000	255.000	255.000	255.000	255.000	255.000	255.000	255.000	255.000	255.000	255.000	255.000	255.000	255.000	255.000	255.000	255.000	255.000	255.000	255.000	255.000	255.000	255.000	255.000	255.000	255.000	255.000	255.000	255.000	255.000	255.000	255.000	255.000	255.000	255.000	255.000	255.000	255.000	255.000	255.000	255.000	255.000	255.000	255.000	255.000	255.000	255.000	255.000	255.000	255.000	255.000	255.000	255.000	255.000	255.000	255.000	255.000	255.000	255.000	255.000	255.000	255.000	255.000	255.000	255.000	255.000	255.000	255.000	255.000	255.000	255.000	255.000	255.000	255.000	255.000	255.000	255.000	255.000	255.000	255.000	255.000	255.000	255.000	255.000	255.000	255.000	255.000	255.000	255.000	255.000	255.000	255.000	255.000	255.000	255.000	255.000	255.000	255.000	255.000	255.000	255.000	255.000	255.000	255.000	255.000	255.000	255.000	255.000	255.000	255.000	255.000	255.000	255.000	255.000	255.000	255.000	255.000	255.000	255.000	255.000	255.000	255.000	255.000	255.000	255.000	255.000	255.000	255.000	255.000	255.000	255.000	255.000	255.000	255.000	255.000	255.000	255.000	255.000	255.000	255.000	255.000	255.000	255.000	255.000	255.000	255.000	255.000	0.000	0.000	0.000	0.000	0.000	0.000	0.000	0.000	0.000	0.000	0.000	0.000	0.000	0.000	0.000	0.000	0.000	0.000	0.000	0.000	0.000	0.000	0.000	0.000	0.000	0.000	0.000	0.000	0.000	0.000	0.000	0.000
0.000	0.000	0.000	0.000	0.000	0.000	0.000	0.000	0.000	0.000	0.000	0.000	0.000	0.000	0.000	0.000	0.000	0.000	0.000	0.000	0.000	0.000	0.000	0.000	0.000	0.000	0.000	0.000	0.000	0.000	0.000	0.000	0.000	0.000	0.000	0.000	0.000	0.000	0.000	0.000	0.000	0.000	0.000	0.000	0.000	0.000	0.000	255.000	255.000	255.000	255.000	255.000	255.000	255.000	255.000	255.000	255.000	255.000	255.000	255.000	255.000	255.000	255.000	255.000	255.000	255.000	255.000	255.000	255.000	255.000	255.000	255.000	255.000	255.000	255.000	255.000	255.000	255.000	255.000	255.000	255.000	255.000	255.000	255.000	255.000	255.000	255.000	255.000	255.000	255.000	255.000	255.000	255.000	255.000	255.000	255.000	255.000	255.000	255.000	255.000	255.000	255.000	255.000	255.000	255.000	255.000	255.000	255.000	255.000	255.000	255.000	255.000	255.000	255.000	255.000	255.000	255.000	255.000	255.000	255.000	255.000	255.000	255.000	255.000	255.000	255.000	255.000	255.000	255.000	255.000	255.000	255.000	255.000	255.000	255.000	255.000	255.000	255.000	255.000	255.000	255.000	255.000	255.000	255.000	255.000	255.000	255.000	255.000	255.000	255.000	255.000	255.000	255.000	255.000	255.000	255.000	255.000	255.000	255.000	255.000	255.000	255.000	255.000	255.000	255.000	255.000	255.000	255.000	255.000	255.000	255.000	255.000	255.000	255.000	255.000	255.000	255.000	255.000	255.000	255.000	255.000	255.000	255.000	255.000	255.000	255.000	255.000	255.000	255.000	255.000	255.000	255.000	255.000	255.000	255.000	255.000	255.000	255.000	255.000	255.000	255.000	255.000	255.000	255.000	255.000	255.000	255.000	255.000	255.000	255.000	255.000	255.000	255.000	255.000	255.000	255.000	255.000	255.000	255.000	255.000	255.000	255.000	255.000	255.000	255.000	0.000	0.000	0.000	0.000	0.000	0.000	0.000	0.000	0.000	0.000	0.000	0.000	0.000	0.000	0.000	0.000	0.000	0.000	0.000	0.000	0.000	0.000	0.000	0.000	0.000	0.000	0.000	0.000	0.000	0.000	0.000
0.000	0.000	0.000	0.000	0.000	0.000	0.000	0.000	0.000	0.000	0.000	0.000	0.000	0.000	0.000	0.000	0.000	0.000	0.000	0.000	0.000	0.000	0.000	0.000	0.000	0.000	0.000	0.000	0.000	0.000	0.000	0.000	0.000	0.000	0.000	0.000	0.000	0.000	0.000	0.000	0.000	0.000	0.000	0.000	0.000	0.000	255.000	255.000	255.000	255.000	255.000	255.000	255.000	255.000	255.000	255.000	255.000	255.000	255.000	255.000	255.000	255.000	255.000	255.000	255.000	255.000	255.000	255.000	255.000	255.000	255.000	255.000	255.000	255.000	255.000	255.000	255.000	255.000	255.000	255.000	255.000	255.000	255.000	255.000	255.000	255.000	255.000	255.000	255.000	255.000	255.000	255.000	255.000	255.000	255.000	255.000	255.000	255.000	255.000	255.000	255.000	255.000	255.000	255.000	255.000	255.000	255.000	255.000	255.000	255.000	255.000	255.000	255.000	255.000	255.000	255.000	255.000	255.000	255.000	255.000	255.000	255.000	255.000	255.000	255.000	255.000	255.000	255.000	255.000	255.000	255.000	255.000	255.000	255.000	255.000	255.000	255.000	255.000	255.000	255.000	255.000	255.000	255.000	255.000	255.000	255.000	255.000	255.000	255.000	255.000	255.000	255.000	255.000	255.000	255.000	255.000	255.000	255.000	255.000	255.000	255.000	255.000	255.000	255.000	255.000	255.000	255.000	255.000	255.000	255.000	255.000	255.000	255.000	255.000	255.000	255.000	255.000	255.000	255.000	255.000	255.000	255.000	255.000	255.000	255.000	255.000	255.000	255.000	255.000	255.000	255.000	255.000	255.000	255.000	255.000	255.000	255.000	255.000	255.000	255.000	255.000	255.000	255.000	255.000	255.000	255.000	255.000	255.000	255.000	255.000	255.000	255.000	255.000	255.000	255.000	255.000	255.000	255.000	255.000	255.000	255.000	255.000	255.000	255.000	255.000	0.000	0.000	0.000	0.000	0.000	0.000	0.000	0.000	0.000	0.000	0.000	0.000	0.000	0.000	0.000	0.000	0.000	0.000	0.000	0.000	0.000	0.000	0.000	0.000	0.000	0.000	0.000	0.000	0.000	0.000	0.000
0.000	0.000	0.000	0.000	0.000	0.000	0.000	0.000	0.000	0.000	0.000	0.000	0.000	0.000	0.000	0.000	0.000	0.000	0.000	0.000	0.000	0.000	0.000	0.000	0.000	0.000	0.000	0.000	0.000	0.000	0.000	0.000	0.000	0.000	0.000	0.000	0.000	0.000	0.000	0.000	0.000	0.000	0.000	0.000	0.000	255.000	255.000	255.000	255.000	255.000	255.000	255.000	255.000	255.000	255.000	255.000	255.000	255.000	255.000	255.000	255.000	255.000	255.000	255.000	255.000	255.000	255.000	255.000	255.000	255.000	255.000	255.000	255.000	255.000	255.000	255.000	255.000	255.000	255.000	255.000	255.000	255.000	255.000	255.000	255.000	255.000	255.000	255.000	255.000	255.000	255.000	255.000	255.000	255.000	255.000	255.000	255.000	255.000	255.000	255.000	255.000	255.000	255.000	255.000	255.000	255.000	255.000	255.000	255.000	255.000	255.000	255.000	255.000	255.000	255.000	255.000	255.000	255.000	255.000	255.000	255.000	255.000	255.000	255.000	255.000	255.000	255.000	255.000	255.000	255.000	255.000	255.000	255.000	255.000	255.000	255.000	255.000	255.000	255.000	255.000	255.000	255.000	255.000	255.000	255.000	255.000	255.000	255.000	255.000	255.000	255.000	255.000	255.000	255.000	255.000	255.000	255.000	255.000	255.000	255.000	255.000	255.000	255.000	255.000	255.000	255.000	255.000	255.000	255.000	255.000	255.000	255.000	255.000	255.000	255.000	255.000	255.000	255.000	255.000	255.000	255.000	255.000	255.000	255.000	255.000	255.000	255.000	255.000	255.000	255.000	255.000	255.000	255.000	255.000	255.000	255.000	255.000	255.000	255.000	255.000	255.000	255.000	255.000	255.000	255.000	255.000	255.000	255.000	255.000	255.000	255.000	255.000	255.000	255.000	255.000	255.000	255.000	255.000	255.000	255.000	255.000	255.000	255.000	255.000	255.000	0.000	0.000	0.000	0.000	0.000	0.000	0.000	0.000	0.000	0.000	0.000	0.000	0.000	0.000	0.000	0.000	0.000	0.000	0.000	0.000	0.000	0.000	0.000	0.000	0.000	0.000	0.000	0.000	0.000	0.000	0.000
0.000	0.000	0.000	0.000	0.000	0.000	0.000	0.000	0.000	0.000	0.000	0.000	0.000	0.000	0.000	0.000	0.000	0.000	0.000	0.000	0.000	0.000	0.000	0.000	0.000	0.000	0.000	0.000	0.000	0.000	0.000	0.000	0.000	0.000	0.000	0.000	0.000	0.000	0.000	0.000	0.000	0.000	0.000	0.000	255.000	255.000	255.000	255.000	255.000	255.000	255.000	255.000	255.000	255.000	255.000	255.000	255.000	255.000	255.000	255.000	255.000	255.000	255.000	255.000	255.000	255.000	255.000	255.000	255.000	255.000	255.000	255.000	255.000	255.000	255.000	255.000	255.000	255.000	255.000	255.000	255.000	255.000	255.000	255.000	255.000	255.000	255.000	255.000	255.000	255.000	255.000	255.000	255.000	255.000	255.000	255.000	255.000	255.000	255.000	255.000	255.000	255.000	255.000	255.000	255.000	255.000	255.000	255.000	255.000	255.000	255.000	255.000	255.000	255.000	255.000	255.000	255.000	255.000	255.000	255.000	255.000	255.000	255.000	255.000	255.000	255.000	255.000	255.000	255.000	255.000	255.000	255.000	255.000	255.000	255.000	255.000	255.000	255.000	255.000	255.000	255.000	255.000	255.000	255.000	255.000	255.000	255.000	255.000	255.000	255.000	255.000	255.000	255.000	255.000	255.000	255.000	255.000	255.000	255.000	255.000	255.000	255.000	255.000	255.000	255.000	255.000	255.000	255.000	255.000	255.000	255.000	255.000	255.000	255.000	255.000	255.000	255.000	255.000	255.000	255.000	255.000	255.000	255.000	255.000	255.000	255.000	255.000	255.000	255.000	255.000	255.000	255.000	255.000	255.000	255.000	255.000	255.000	255.000	255.000	255.000	255.000	255.000	255.000	255.000	255.000	255.000	255.000	255.000	255.000	255.000	255.000	255.000	255.000	255.000	255.000	255.000	255.000	255.000	255.000	255.000	255.000	255.000	255.000	255.000	255.000	0.000	0.000	0.000	0.000	0.000	0.000	0.000	0.000	0.000	0.000	0.000	0.000	0.000	0.000	0.000	0.000	0.000	0.000	0.000	0.000	0.000	0.000	0.000	0.000	0.000	0.000	0.000	0.000	0.000	0.000	0.000
0.000	0.000	0.000	0.000	0.000	0.000	0.000	0.000	0.000	0.000	0.000	0.000	0.000	0.000	0.000	0.000	0.000	0.000	0.000	0.000	0.000	0.000	0.000	0.000	0.000	0.000	0.000	0.000	0.000	0.000	0.000	0.000	0.000	0.000	0.000	0.000	0.000	0.000	0.000	0.000	0.000	0.000	0.000	255.000	255.000	255.000	255.000	255.000	255.000	255.000	255.000	255.000	255.000	255.000	255.000	255.000	255.000	255.000	255.000	255.000	255.000	255.000	255.000	255.000	255.000	255.000	255.000	255.000	255.000	255.000	255.000	255.000	255.000	255.000	255.000	255.000	255.000	255.000	255.000	255.000	255.000	255.000	255.000	255.000	255.000	255.000	255.000	255.000	255.000	255.000	255.000	255.000	255.000	255.000	255.000	255.000	255.000	255.000	255.000	255.000	255.000	255.000	255.000	255.000	255.000	255.000	255.000	255.000	255.000	255.000	255.000	255.000	255.000	255.000	255.000	255.000	255.000	255.000	255.000	255.000	255.000	255.000	255.000	255.000	255.000	255.000	255.000	255.000	255.000	255.000	255.000	255.000	255.000	255.000	255.000	255.000	255.000	255.000	255.000	255.000	255.000	255.000	255.000	255.000	255.000	255.000	255.000	255.000	255.000	255.000	255.000	255.000	255.000	255.000	255.000	255.000	255.000	255.000	255.000	255.000	255.000	255.000	255.000	255.000	255.000	255.000	255.000	255.000	255.000	255.000	255.000	255.000	255.000	255.000	255.000	255.000	255.000	255.000	255.000	255.000	255.000	255.000	255.000	255.000	255.000	255.000	255.000	255.000	255.000	255.000	255.000	255.000	255.000	255.000	255.000	255.000	255.000	255.000	255.000	255.000	255.000	255.000	255.000	255.000	255.000	255.000	255.000	255.000	255.000	255.000	255.000	255.000	255.000	255.000	255.000	255.000	255.000	255.000	255.000	255.000	255.000	255.000	255.000	255.000	255.000	0.000	0.000	0.000	0.000	0.000	0.000	0.000	0.000	0.000	0.000	0.000	0.000	0.000	0.000	0.000	0.000	0.000	0.000	0.000	0.000	0.000	0.000	0.000	0.000	0.000	0.000	0.000	0.000	0.000	0.000	0.000
0.000	0.000	0.000	0.000	0.000	0.000	0.000	0.000	0.000	0.000	0.000	0.000	0.000	0.000	0.000	0.000	0.000	0.000	0.000	0.000	0.000	0.000	0.000	0.000	0.000	0.000	0.000	0.000	0.000	0.000	0.000	0.000	0.000	0.000	0.000	0.000	0.000	0.000	0.000	0.000	0.000	0.000	0.000	255.000	255.000	255.000	255.000	255.000	255.000	255.000	255.000	255.000	255.000	255.000	255.000	255.000	255.000	255.000	255.000	255.000	255.000	255.000	255.000	255.000	255.000	255.000	255.000	255.000	255.000	255.000	255.000	255.000	255.000	255.000	255.000	255.000	255.000	255.000	255.000	255.000	255.000	255.000	255.000	255.000	255.000	255.000	255.000	255.000	255.000	255.000	255.000	255.000	255.000	255.000	255.000	255.000	255.000	255.000	255.000	255.000	255.000	255.000	255.000	255.000	255.000	255.000	255.000	255.000	255.000	255.000	255.000	255.000	255.000	255.000	255.000	255.000	255.000	255.000	255.000	255.000	255.000	255.000	255.000	255.000	255.000	255.000	255.000	255.000	255.000	255.000	255.000	255.000	255.000	255.000	255.000	255.000	255.000	255.000	255.000	255.000	255.000	255.000	255.000	255.000	255.000	255.000	255.000	255.000	255.000	255.000	255.000	255.000	255.000	255.000	255.000	255.000	255.000	255.000	255.000	255.000	255.000	255.000	255.000	255.000	255.000	255.000	255.000	255.000	255.000	255.000	255.000	255.000	255.000	255.000	255.000	255.000	255.000	255.000	255.000	255.000	255.000	255.000	255.000	255.000	255.000	255.000	255.000	255.000	255.000	255.000	255.000	255.000	255.000	255.000	255.000	255.000	255.000	255.000	255.000	255.000	255.000	255.000	255.000	255.000	255.000	255.000	255.000	255.000	255.000	255.000	255.000	255.000	255.000	255.000	255.000	255.000	255.000	255.000	255.000	255.000	255.000	255.000	255.000	255.000	255.000	0.000	0.000	0.000	0.000	0.000	0.000	0.000	0.000	0.000	0.000	0.000	0.000	0.000	0.000	0.000	0.000	0.000	0.000	0.000	0.000	0.000	0.000	0.000	0.000	0.000	0.000	0.000	0.000	0.000	0.000	0.000
0.000	0.000	0.000	0.000	0.000	0.000	0.000	0.000	0.000	0.000	0.000	0.000	0.000	0.000	0.000	0.000	0.000	0.000	0.000	0.000	0.000	0.000	0.000	0.000	0.000	0.000	0.000	0.000	0.000	0.000	0.000	0.000	0.000	0.000	0.000	0.000	0.000	0.000	0.000	0.000	0.000	0.000	255.000	255.000	255.000	255.000	255.000	255.000	255.000	255.000	255.000	255.000	255.000	255.000	255.000	255.000	255.000	255.000	255.000	255.000	255.000	255.000	255.000	255.000	255.000	255.000	255.000	255.000	255.000	255.000	255.000	255.000	255.000	255.000	255.000	255.000	255.000	255.000	255.000	255.000	255.000	255.000	255.000	255.000	255.000	255.000	255.000	255.000	255.000	255.000	255.000	255.000	255.000	255.000	255.000	255.000	255.000	255.000	255.000	255.000	255.000	255.000	255.000	255.000	255.000	255.000	255.000	255.000	255.000	255.000	255.000	255.000	255.000	255.000	255.000	255.000	255.000	255.000	255.000	255.000	255.000	255.000	255.000	255.000	255.000	255.000	255.000	255.000	255.000	255.000	255.000	255.000	255.000	255.000	255.000	255.000	255.000	255.000	255.000	255.000	255.000	255.000	255.000	255.000	255.000	255.000	255.000	255.000	255.000	255.000	255.000	255.000	255.000	255.000	255.000	255.000	255.000	255.000	255.000	255.000	255.000	255.000	255.000	255.000	255.000	255.000	255.000	255.000	255.000	255.000	255.000	255.000	255.000	255.000	255.000	255.000	255.000	255.000	255.000	255.000	255.000	255.000	255.000	255.000	255.000	255.000	255.000	255.000	255.000	255.000	255.000	255.000	255.000	255.000	255.000	255.000	255.000	255.000	255.000	255.000	255.000	255.000	255.000	255.000	255.000	255.000	255.000	255.000	255.000	255.000	255.000	255.000	255.000	255.000	255.000	255.000	255.000	255.000	255.000	255.000	255.000	255.000	255.000	255.000	255.000	0.000	0.000	0.000	0.000	0.000	0.000	0.000	0.000	0.000	0.000	0.000	0.000	0.000	0.000	0.000	0.000	0.000	0.000	0.000	0.000	0.000	0.000	0.000	0.000	0.000	0.000	0.000	0.000	0.000	0.000	0.000
0.000	0.000	0.000	0.000	0.000	0.000	0.000	0.000	0.000	0.000	0.000	0.000	0.000	0.000	0.000	0.000	0.000	0.000	0.000	0.000	0.000	0.000	0.000	0.000	0.000	0.000	0.000	0.000	0.000	0.000	0.000	0.000	0.000	0.000	0.000	0.000	0.000	0.000	0.000	0.000	0.000	255.000	255.000	255.000	255.000	255.000	255.000	255.000	255.000	255.000	255.000	255.000	255.000	255.000	255.000	255.000	255.000	255.000	255.000	255.000	255.000	255.000	255.000	255.000	255.000	255.000	255.000	255.000	255.000	255.000	255.000	255.000	255.000	255.000	255.000	255.000	255.000	255.000	255.000	255.000	255.000	255.000	255.000	255.000	255.000	255.000	255.000	255.000	255.000	255.000	255.000	255.000	255.000	255.000	255.000	255.000	255.000	255.000	255.000	255.000	255.000	255.000	255.000	255.000	255.000	255.000	255.000	255.000	255.000	255.000	255.000	255.000	255.000	255.000	255.000	255.000	255.000	255.000	255.000	255.000	255.000	255.000	255.000	255.000	255.000	255.000	255.000	255.000	255.000	255.000	255.000	255.000	255.000	255.000	255.000	255.000	255.000	255.000	255.000	255.000	255.000	255.000	255.000	255.000	255.000	255.000	255.000	255.000	255.000	255.000	255.000	255.000	255.000	255.000	255.000	255.000	255.000	255.000	255.000	255.000	255.000	255.000	255.000	255.000	255.000	255.000	255.000	255.000	255.000	255.000	255.000	255.000	255.000	255.000	255.000	255.000	255.000	255.000	255.000	255.000	255.000	255.000	255.000	255.000	255.000	255.000	255.000	255.000	255.000	255.000	255.000	255.000	255.000	255.000	255.000	255.000	255.000	255.000	255.000	255.000	255.000	255.000	255.000	255.000	255.000	255.000	255.000	255.000	255.000	255.000	255.000	255.000	255.000	255.000	255.000	255.000	255.000	255.000	255.000	255.000	255.000	255.000	255.000	255.000	255.000	0.000	0.000	0.000	0.000	0.000	0.000	0.000	0.000	0.000	0.000	0.000	0.000	0.000	0.000	0.000	0.000	0.000	0.000	0.000	0.000	0.000	0.000	0.000	0.000	0.000	0.000	0.000	0.000	0.000	0.000	0.000
0.000	0.000	0.000	0.000	0.000	0.000	0.000	0.000	0.000	0.000	0.000	0.000	0.000	0.000	0.000	0.000	0.000	0.000	0.000	0.000	0.000	0.000	0.000	0.000	0.000	0.000	0.000	0.000	0.000	0.000	0.000	0.000	0.000	0.000	0.000	0.000	0.000	0.000	0.000	0.000	255.000	255.000	255.000	255.000	255.000	255.000	255.000	255.000	255.000	255.000	255.000	255.000	255.000	255.000	255.000	255.000	255.000	255.000	255.000	255.000	255.000	255.000	255.000	255.000	255.000	255.000	255.000	255.000	255.000	255.000	255.000	255.000	255.000	255.000	255.000	255.000	255.000	255.000	255.000	255.000	255.000	255.000	255.000	255.000	255.000	255.000	255.000	255.000	255.000	255.000	255.000	255.000	255.000	255.000	255.000	255.000	255.000	255.000	255.000	255.000	255.000	255.000	255.000	255.000	255.000	255.000	255.000	255.000	255.000	255.000	255.000	255.000	255.000	255.000	255.000	255.000	255.000	255.000	255.000	255.000	255.000	255.000	255.000	255.000	255.000	255.000	255.000	255.000	255.000	255.000	255.000	255.000	255.000	255.000	255.000	255.000	255.000	255.000	255.000	255.000	255.000	255.000	255.000	255.000	255.000	255.000	255.000	255.000	255.000	255.000	255.000	255.000	255.000	255.000	255.000	255.000	255.000	255.000	255.000	255.000	255.000	255.000	255.000	255.000	255.000	255.000	255.000	255.000	255.000	255.000	255.000	255.000	255.000	255.000	255.000	255.000	255.000	255.000	255.000	255.000	255.000	255.000	255.000	255.000	255.000	255.000	255.000	255.000	255.000	255.000	255.000	255.000	255.000	255.000	255.000	255.000	255.000	255.000	255.000	255.000	255.000	255.000	255.000	255.000	255.000	255.000	255.000	255.000	255.000	255.000	255.000	255.000	255.000	255.000	255.000	255.000	255.000	255.000	255.000	255.000	255.000	255.000	255.000	255.000	255.000	0.000	0.000	0.000	0.000	0.000	0.000	0.000	0.000	0.000	0.000	0.000	0.000	0.000	0.000	0.000	0.000	0.000	0.000	0.000	0.000	0.000	0.000	0.000	0.000	0.000	0.000	0.000	0.000	0.000	0.000	0.000
0.000	0.000	0.000	0.000	0.000	0.000	0.000	0.000	0.000	0.000	0.000	0.000	0.000	0.000	0.000	0.000	0.000	0.000	0.000	0.000	0.000	0.000	0.000	0.000	0.000	0.000	0.000	0.000	0.000	0.000	0.000	0.000	0.000	0.000	0.000	0.000	0.000	0.000	0.000	255.000	255.000	255.000	255.000	255.000	255.000	255.000	255.000	255.000	255.000	255.000	255.000	255.000	255.000	255.000	255.000	255.000	255.000	255.000	255.000	255.000	255.000	255.000	255.000	255.000	255.000	255.000	255.000	255.000	255.000	255.000	255.000	255.000	255.000	255.000	255.000	255.000	255.000	255.000	255.000	255.000	255.000	255.000	255.000	255.000	255.000	255.000	255.000	255.000	255.000	255.000	255.000	255.000	255.000	255.000	255.000	255.000	255.000	255.000	255.000	255.000	255.000	255.000	255.000	255.000	255.000	255.000	255.000	255.000	255.000	255.000	255.000	255.000	255.000	255.000	255.000	255.000	255.000	255.000	255.000	255.000	255.000	255.000	255.000	255.000	255.000	255.000	255.000	255.000	255.000	255.000	255.000	255.000	255.000	255.000	255.000	255.000	255.000	255.000	255.000	255.000	255.000	255.000	255.000	255.000	255.000	255.000	255.000	255.000	255.000	255.000	255.000	255.000	255.000	255.000	255.000	255.000	255.000	255.000	255.000	255.000	255.000	255.000	255.000	255.000	255.000	255.000	255.000	255.000	255.000	255.000	255.000	255.000	255.000	255.000	255.000	255.000	255.000	255.000	255.000	255.000	255.000	255.000	255.000	255.000	255.000	255.000	255.000	255.000	255.000	255.000	255.000	255.000	255.000	255.000	255.000	255.000	255.000	255.000	255.000	255.000	255.000	255.000	255.000	255.000	255.000	255.000	255.000	255.000	255.000	255.000	255.000	255.000	255.000	255.000	255.000	255.000	255.000	255.000	255.000	255.000	255.000	255.000	255.000	255.000	255.000	0.000	0.000	0.000	0.000	0.000	0.000	0.000	0.000	0.000	0.000	0.000	0.000	0.000	0.000	0.000	0.000	0.000	0.000	0.000	0.000	0.000	0.000	0.000	0.000	0.000	0.000	0.000	0.000	0.000	0.000	0.000
0.000	0.000	0.000	0.000	0.000	0.000	0.000	0.000	0.000	0.000	0.000	0.000	0.000	0.000	0.000	0.000	0.000	0.000	0.000	0.000	0.000	0.000	0.000	0.000	0.000	0.000	0.000	0.000	0.000	0.000	0.000	0.000	0.000	0.000	0.000	0.000	0.000	0.000	0.000	255.000	255.000	255.000	255.000	255.000	255.000	255.000	255.000	255.000	255.000	255.000	255.000	255.000	255.000	255.000	255.000	255.000	255.000	255.000	255.000	255.000	255.000	255.000	255.000	255.000	255.000	255.000	255.000	255.000	255.000	255.000	255.000	255.000	255.000	255.000	255.000	255.000	255.000	255.000	255.000	255.000	255.000	255.000	255.000	255.000	255.000	255.000	255.000	255.000	255.000	255.000	255.000	255.000	255.000	255.000	255.000	255.000	255.000	255.000	255.000	255.000	255.000	255.000	255.000	255.000	255.000	255.000	255.000	255.000	255.000	255.000	255.000	255.000	255.000	255.000	255.000	255.000	255.000	255.000	255.000	255.000	255.000	255.000	255.000	255.000	255.000	255.000	255.000	255.000	255.000	255.000	255.000	255.000	255.000	255.000	255.000	255.000	255.000	255.000	255.000	255.000	255.000	255.000	255.000	255.000	255.000	255.000	255.000	255.000	255.000	255.000	255.000	255.000	255.000	255.000	255.000	255.000	255.000	255.000	255.000	255.000	255.000	255.000	255.000	255.000	255.000	255.000	255.000	255.000	255.000	255.000	255.000	255.000	255.000	255.000	255.000	255.000	255.000	255.000	255.000	255.000	255.000	255.000	255.000	255.000	255.000	255.000	255.000	255.000	255.000	255.000	255.000	255.000	255.000	255.000	255.000	255.000	255.000	255.000	255.000	255.000	255.000	255.000	255.000	255.000	255.000	255.000	255.000	255.000	255.000	255.000	255.000	255.000	255.000	255.000	255.000	255.000	255.000	255.000	255.000	255.000	255.000	255.000	255.000	255.000	255.000	0.000	0.000	0.000	0.000	0.000	0.000	0.000	0.000	0.000	0.000	0.000	0.000	0.000	0.000	0.000	0.000	0.000	0.000	0.000	0.000	0.000	0.000	0.000	0.000	0.000	0.000	0.000	0.000	0.000	0.000	0.000
0.000	0.000	0.000	0.000	0.000	0.000	0.000	0.000	0.000	0.000	0.000	0.000	0.000	0.000	0.000	0.000	0.000	0.000	0.000	0.000	0.000	0.000	0.000	0.000	0.000	0.000	0.000	0.000	0.000	0.000	0.000	0.000	0.000	0.000	0.000	0.000	0.000	0.000	255.000	255.000	255.000	255.000	255.000	255.000	255.000	255.000	255.000	255.000	255.000	255.000	255.000	255.000	255.000	255.000	255.000	255.000	255.000	255.000	255.000	255.000	255.000	255.000	255.000	255.000	255.000	255.000	255.000	255.000	255.000	255.000	255.000	255.000	255.000	255.000	255.000	255.000	255.000	255.000	255.000	255.000	255.000	255.000	255.000	255.000	255.000	255.000	255.000	255.000	255.000	255.000	255.000	255.000	255.000	255.000	255.000	255.000	255.000	255.000	255.000	255.000	255.000	255.000	255.000	255.000	255.000	255.000	255.000	255.000	255.000	255.000	255.000	255.000	255.000	255.000	255.000	255.000	255.000	255.000	255.000	255.000	255.000	255.000	255.000	255.000	255.000	255.000	255.000	255.000	255.000	255.000	255.000	255.000	255.000	255.000	255.000	255.000	255.000	255.000	255.000	255.000	255.000	255.000	255.000	255.000	255.000	255.000	255.000	255.000	255.000	255.000	255.000	255.000	255.000	255.000	255.000	255.000	255.000	255.000	255.000	255.000	255.000	255.000	255.000	255.000	255.000	255.000	255.000	255.000	255.000	255.000	255.000	255.000	255.000	255.000	255.000	255.000	255.000	255.000	255.000	255.000	255.000	255.000	255.000	255.000	255.000	255.000	255.000	255.000	255.000	255.000	255.000	255.000	255.000	255.000	255.000	255.000	255.000	255.000	255.000	255.000	255.000	255.000	255.000	255.000	255.000	255.000	255.000	255.000	255.000	255.000	255.000	255.000	255.000	255.000	255.000	255.000	255.000	255.000	255.000	255.000	255.000	255.000	255.000	255.000	255.000	0.000	0.000	0.000	0.000	0.000	0.000	0.000	0.000	0.000	0.000	0.000	0.000	0.000	0.000	0.000	0.000	0.000	0.000	0.000	0.000	0.000	0.000	0.000	0.000	0.000	0.000	0.000	0.000	0.000	0.000	0.000
0.000	0.000	0.000	0.000	0.000	0.000	0.000	0.000	0.000	0.000	0.000	0.000	0.000	0.000	0.000	0.000	0.000	0.000	0.000	0.000	0.000	0.000	0.000	0.000	0.000	0.000	0.000	0.000	0.000	0.000	0.000	0.000	0.000	0.000	0.000	0.000	0.000	0.000	255.000	255.000	255.000	255.000	255.000	255.000	255.000	255.000	255.000	255.000	255.000	255.000	255.000	255.000	255.000	255.000	255.000	255.000	255.000	255.000	255.000	255.000	255.000	255.000	255.000	255.000	255.000	255.000	255.000	255.000	255.000	255.000	255.000	255.000	255.000	255.000	255.000	255.000	255.000	255.000	255.000	255.000	255.000	255.000	255.000	255.000	255.000	255.000	255.000	255.000	255.000	255.000	255.000	255.000	255.000	255.000	255.000	255.000	255.000	255.000	255.000	255.000	255.000	255.000	255.000	255.000	255.000	255.000	255.000	255.000	255.000	255.000	255.000	255.000	255.000	255.000	255.000	255.000	255.000	255.000	255.000	255.000	255.000	255.000	255.000	255.000	255.000	255.000	255.000	255.000	255.000	255.000	255.000	255.000	255.000	255.000	255.000	255.000	255.000	255.000	255.000	255.000	255.000	255.000	255.000	255.000	255.000	255.000	255.000	255.000	255.000	255.000	255.000	255.000	255.000	255.000	255.000	255.000	255.000	255.000	255.000	255.000	255.000	255.000	255.000	255.000	255.000	255.000	255.000	255.000	255.000	255.000	255.000	255.000	255.000	255.000	255.000	255.000	255.000	255.000	255.000	255.000	255.000	255.000	255.000	255.000	255.000	255.000	255.000	255.000	255.000	255.000	255.000	255.000	255.000	255.000	255.000	255.000	255.000	255.000	255.000	255.000	255.000	255.000	255.000	255.000	255.000	255.000	255.000	255.000	255.000	255.000	255.000	255.000	255.000	255.000	255.000	255.000	255.000	255.000	255.000	255.000	255.000	255.000	255.000	255.000	255.000	0.000	0.000	0.000	0.000	0.000	0.000	0.000	0.000	0.000	0.000	0.000	0.000	0.000	0.000	0.000	0.000	0.000	0.000	0.000	0.000	0.000	0.000	0.000	0.000	0.000	0.000	0.000	0.000	0.000	0.000	0.000
0.000	0.000	0.000	0.000	0.000	0.000	0.000	0.000	0.000	0.000	0.000	0.000	0.000	0.000	0.000	0.000	0.000	0.000	0.000	0.000	0.000	0.000	0.000	0.000	0.000	0.000	0.000	0.000	0.000	0.000	0.000	0.000	0.000	0.000	0.000	0.000	0.000	255.000	255.000	255.000	255.000	255.000	255.000	255.000	255.000	255.000	255.000	255.000	255.000	255.000	255.000	255.000	255.000	255.000	255.000	255.000	255.000	255.000	255.000	255.000	255.000	255.000	255.000	255.000	255.000	255.000	255.000	255.000	255.000	255.000	255.000	255.000	255.000	255.000	255.000	255.000	255.000	255.000	255.000	255.000	255.000	255.000	255.000	255.000	255.000	255.000	255.000	255.000	255.000	255.000	255.000	255.000	255.000	255.000	255.000	255.000	255.000	255.000	255.000	255.000	255.000	255.000	255.000	255.000	255.000	255.000	255.000	255.000	255.000	255.000	255.000	255.000	255.000	255.000	255.000	255.000	255.000	255.000	255.000	255.000	255.000	255.000	255.000	255.000	255.000	255.000	255.000	255.000	255.000	255.000	255.000	255.000	255.000	255.000	255.000	255.000	255.000	255.000	255.000	255.000	255.000	255.000	255.000	255.000	255.000	255.000	255.000	255.000	255.000	255.000	255.000	255.000	255.000	255.000	255.000	255.000	255.000	255.000	255.000	255.000	255.000	255.000	255.000	255.000	255.000	255.000	255.000	255.000	255.000	255.000	255.000	255.000	255.000	255.000	255.000	255.000	255.000	255.000	255.000	255.000	255.000	255.000	255.000	255.000	255.000	255.000	255.000	255.000	255.000	255.000	255.000	255.000	255.000	255.000	255.000	255.000	255.000	255.000	255.000	255.000	255.000	255.000	255.000	255.000	255.000	255.000	255.000	255.000	255.000	255.000	255.000	255.000	255.000	255.000	255.000	255.000	255.000	255.000	255.000	255.000	255.000	255.000	255.000	255.000	255.000	0.000	0.000	0.000	0.000	0.000	0.000	0.000	0.000	0.000	0.000	0.000	0.000	0.000	0.000	0.000	0.000	0.000	0.000	0.000	0.000	0.000	0.000	0.000	0.000	0.000	0.000	0.000	0.000	0.000	0.000	0.000
0.000	0.000	0.000	0.000	0.000	0.000	0.000	0.000	0.000	0.000	0.000	0.000	0.000	0.000	0.000	0.000	0.000	0.000	0.000	0.000	0.000	0.000	0.000	0.000	0.000	0.000	0.000	0.000	0.000	0.000	0.000	0.000	0.000	0.000	0.000	0.000	0.000	255.000	255.000	255.000	255.000	255.000	255.000	255.000	255.000	255.000	255.000	255.000	255.000	255.000	255.000	255.000	255.000	255.000	255.000	255.000	255.000	255.000	255.000	255.000	255.000	255.000	255.000	255.000	255.000	255.000	255.000	255.000	255.000	255.000	255.000	255.000	255.000	255.000	255.000	255.000	255.000	255.000	255.000	255.000	255.000	255.000	255.000	255.000	255.000	255.000	255.000	255.000	255.000	255.000	255.000	255.000	255.000	255.000	255.000	255.000	255.000	255.000	255.000	255.000	255.000	255.000	255.000	255.000	255.000	255.000	255.000	255.000	255.000	255.000	255.000	255.000	255.000	255.000	255.000	255.000	255.000	255.000	255.000	255.000	255.000	255.000	255.000	255.000	255.000	255.000	255.000	255.000	255.000	255.000	255.000	255.000	255.000	255.000	255.000	255.000	255.000	255.000	255.000	255.000	255.000	255.000	255.000	255.000	255.000	255.000	255.000	255.000	255.000	255.000	255.000	255.000	255.000	255.000	255.000	255.000	255.000	255.000	255.000	255.000	255.000	255.000	255.000	255.000	255.000	255.000	255.000	255.000	255.000	255.000	255.000	255.000	255.000	255.000	255.000	255.000	255.000	255.000	255.000	255.000	255.000	255.000	255.000	255.000	255.000	255.000	255.000	255.000	255.000	255.000	255.000	255.000	255.000	255.000	255.000	255.000	255.000	255.000	255.000	255.000	255.000	255.000	255.000	255.000	255.000	255.000	255.000	255.000	255.000	255.000	255.000	255.000	255.000	255.000	255.000	255.000	255.000	255.000	255.000	255.000	255.000	255.000	255.000	255.000	255.000	0.000	0.000	0.000	0.000	0.000	0.000	0.000	0.000	0.000	0.000	0.000	0.000	0.000	0.000	0.000	0.000	0.000	0.000	0.000	0.000	0.000	0.000	0.000	0.000	0.000	0.000	0.000	0.000	0.000	0.000	0.000
0.000	0.000	0.000	0.000	0.000	0.000	0.000	0.000	0.000	0.000	0.000	0.000	0.000	0.000	0.000	0.000	0.000	0.000	0.000	0.000	0.000	0.000	0.000	0.000	0.000	0.000	0.000	0.000	0.000	0.000	0.000	0.000	0.000	0.000	0.000	0.000	255.000	255.000	255.000	255.000	255.000	255.000	255.000	255.000	255.000	255.000	255.000	255.000	255.000	255.000	255.000	255.000	255.000	255.000	255.000	255.000	255.000	255.000	255.000	255.000	255.000	255.000	255.000	255.000	255.000	255.000	255.000	255.000	255.000	255.000	255.000	255.000	255.000	255.000	255.000	255.000	255.000	255.000	255.000	255.000	255.000	255.000	255.000	255.000	255.000	255.000	255.000	255.000	255.000	255.000	255.000	255.000	255.000	255.000	255.000	255.000	255.000	255.000	255.000	255.000	255.000	255.000	255.000	255.000	255.000	255.000	255.000	255.000	255.000	255.000	255.000	255.000	255.000	255.000	255.000	255.000	255.000	255.000	255.000	255.000	255.000	255.000	255.000	255.000	255.000	255.000	255.000	255.000	255.000	255.000	255.000	255.000	255.000	255.000	255.000	255.000	255.000	255.000	255.000	255.000	255.000	255.000	255.000	255.000	255.000	255.000	255.000	255.000	255.000	255.000	255.000	255.000	255.000	255.000	255.000	255.000	255.000	255.000	255.000	255.000	255.000	255.000	255.000	255.000	255.000	255.000	255.000	255.000	255.000	255.000	255.000	255.000	255.000	255.000	255.000	255.000	255.000	255.000	255.000	255.000	255.000	255.000	255.000	255.000	255.000	255.000	255.000	255.000	255.000	255.000	255.000	255.000	255.000	255.000	255.000	255.000	255.000	255.000	255.000	255.000	255.000	255.000	255.000	255.000	255.000	255.000	255.000	255.000	255.000	255.000	255.000	255.000	255.000	255.000	255.000	255.000	255.000	255.000	255.000	255.000	255.000	255.000	255.000	255.000	255.000	0.000	0.000	0.000	0.000	0.000	0.000	0.000	0.000	0.000	0.000	0.000	0.000	0.000	0.000	0.000	0.000	0.000	0.000	0.000	0.000	0.000	0.000	0.000	0.000	0.000	0.000	0.000	0.000	0.000	0.000	0.000
0.000	0.000	0.000	0.000	0.000	0.000	0.000	0.000	0.000	0.000	0.000	0.000	0.000	0.000	0.000	0.000	0.000	0.000	0.000	0.000	0.000	0.000	0.000	0.000	0.000	0.000	0.000	0.000	0.000	0.000	0.000	0.000	0.000	0.000	0.000	0.000	255.000	255.000	255.000	255.000	255.000	255.000	255.000	255.000	255.000	255.000	255.000	255.000	255.000	255.000	255.000	255.000	255.000	255.000	255.000	255.000	255.000	255.000	255.000	255.000	255.000	255.000	255.000	255.000	255.000	255.000	255.000	255.000	255.000	255.000	255.000	255.000	255.000	255.000	255.000	255.000	255.000	255.000	255.000	255.000	255.000	255.000	255.000	255.000	255.000	255.000	255.000	255.000	255.000	255.000	255.000	255.000	255.000	255.000	255.000	255.000	255.000	255.000	255.000	255.000	255.000	255.000	255.000	255.000	255.000	255.000	255.000	255.000	255.000	255.000	255.000	255.000	255.000	255.000	255.000	255.000	255.000	255.000	255.000	255.000	255.000	255.000	255.000	255.000	255.000	255.000	255.000	255.000	255.000	255.000	255.000	255.000	255.000	255.000	255.000	255.000	255.000	255.000	255.000	255.000	255.000	255.000	255.000	255.000	255.000	255.000	255.000	255.000	255.000	255.000	255.000	255.000	255.000	255.000	255.000	255.000	255.000	255.000	255.000	255.000	255.000	255.000	255.000	255.000	255.000	255.000	255.000	255.000	255.000	255.000	255.000	255.000	255.000	255.000	255.000	255.000	255.000	255.000	255.000	255.000	255.000	255.000	255.000	255.000	255.000	255.000	255.000	255.000	255.000	255.000	255.000	255.000	255.000	255.000	255.000	255.000	255.000	255.000	255.000	255.000	255.000	255.000	255.000	255.000	255.000	255.000	255.000	255.000	255.000	255.000	255.000	255.000	255.000	255.000	255.000	255.000	255.000	255.000	255.000	255.000	255.000	255.000	255.000	255.000	255.000	0.000	0.000	0.000	0.000	0.000	0.000	0.000	0.000	0.000	0.000	0.000	0.000	0.000	0.000	0.000	0.000	0.000	0.000	0.000	0.000	0.000	0.000	0.000	0.000	0.000	0.000	0.000	0.000	0.000	0.000	0.000
0.000	0.000	0.000	0.000	0.000	0.000	0.000	0.000	0.000	0.000	0.000	0.000	0.000	0.000	0.000	0.000	0.000	0.000	0.000	0.000	0.000	0.000	0.000	0.000	0.000	0.000	0.000	0.000	0.000	0.000	0.000	0.000	0.000	0.000	0.000	255.000	255.000	255.000	255.000	255.000	255.000	255.000	255.000	255.000	255.000	255.000	255.000	255.000	255.000	255.000	255.000	255.000	255.000	255.000	255.000	255.000	255.000	255.000	255.000	255.000	255.000	255.000	255.000	255.000	255.000	255.000	255.000	255.000	255.000	255.000	255.000	255.000	255.000	255.000	255.000	255.000	255.000	255.000	255.000	255.000	255.000	255.000	255.000	255.000	255.000	255.000	255.000	255.000	255.000	255.000	255.000	255.000	255.000	255.000	255.000	255.000	255.000	255.000	255.000	255.000	255.000	255.000	255.000	255.000	255.000	255.000	255.000	255.000	255.000	255.000	255.000	255.000	255.000	255.000	255.000	255.000	255.000	255.000	255.000	255.000	255.000	255.000	255.000	255.000	255.000	255.000	255.000	255.000	255.000	255.000	255.000	255.000	255.000	255.000	255.000	255.000	255.000	255.000	255.000	255.000	255.000	255.000	255.000	255.000	255.000	255.000	255.000	255.000	255.000	255.000	255.000	255.000	255.000	255.000	255.000	255.000	255.000	255.000	255.000	255.000	255.000	255.000	255.000	255.000	255.000	255.000	255.000	255.000	255.000	255.000	255.000	255.000	255.000	255.000	255.000	255.000	255.000	255.000	255.000	255.000	255.000	255.000	255.000	255.000	255.000	255.000	255.000	255.000	255.000	255.000	255.000	255.000	255.000	255.000	255.000	255.000	255.000	255.000	255.000	255.000	255.000	255.000	255.000	255.000	255.000	255.000	255.000	255.000	255.000	255.000	255.000	255.000	255.000	255.000	255.000	255.000	255.000	255.000	255.000	255.000	255.000	255.000	255.000	255.000	255.000	0.000	0.000	0.000	0.000	0.000	0.000	0.000	0.000	0.000	0.000	0.000	0.000	0.000	0.000	0.000	0.000	0.000	0.000	0.000	0.000	0.000	0.000	0.000	0.000	0.000	0.000	0.000	0.000	0.000	0.000	0.000
0.000	0.000	0.000	0.000	0.000	0.000	0.000	0.000	0.000	0.000	0.000	0.000	0.000	0.000	0.000	0.000	0.000	0.000	0.000	0.000	0.000	0.000	0.000	0.000	0.000	0.000	0.000	0.000	0.000	0.000	0.000	0.000	0.000	0.000	0.000	255.000	255.000	255.000	255.000	255.000	255.000	255.000	255.000	255.000	255.000	255.000	255.000	255.000	255.000	255.000	255.000	255.000	255.000	255.000	255.000	255.000	255.000	255.000	255.000	255.000	255.000	255.000	255.000	255.000	255.000	255.000	255.000	255.000	255.000	255.000	255.000	255.000	255.000	255.000	255.000	255.000	255.000	255.000	255.000	255.000	255.000	255.000	255.000	255.000	255.000	255.000	255.000	255.000	255.000	255.000	255.000	255.000	255.000	255.000	255.000	255.000	255.000	255.000	255.000	255.000	255.000	255.000	255.000	255.000	255.000	255.000	255.000	255.000	255.000	255.000	255.000	255.000	255.000	255.000	255.000	255.000	255.000	255.000	255.000	255.000	255.000	255.000	255.000	255.000	255.000	255.000	255.000	255.000	255.000	255.000	255.000	255.000	255.000	255.000	255.000	255.000	255.000	255.000	255.000	255.000	255.000	255.000	255.000	255.000	255.000	255.000	255.000	255.000	255.000	255.000	255.000	255.000	255.000	255.000	255.000	255.000	255.000	255.000	255.000	255.000	255.000	255.000	255.000	255.000	255.000	255.000	255.000	255.000	255.000	255.000	255.000	255.000	255.000	255.000	255.000	255.000	255.000	255.000	255.000	255.000	255.000	255.000	255.000	255.000	255.000	255.000	255.000	255.000	255.000	255.000	255.000	255.000	255.000	255.000	255.000	255.000	255.000	255.000	255.000	255.000	255.000	255.000	255.000	255.000	255.000	255.000	255.000	255.000	255.000	255.000	255.000	255.000	255.000	255.000	255.000	255.000	255.000	255.000	255.000	255.000	255.000	255.000	255.000	255.000	255.000	255.000	0.000	0.000	0.000	0.000	0.000	0.000	0.000	0.000	0.000	0.000	0.000	0.000	0.000	0.000	0.000	0.000	0.000	0.000	0.000	0.000	0.000	0.000	0.000	0.000	0.000	0.000	0.000	0.000	0.000	0.000
0.000	0.000	0.000	0.000	0.000	0.000	0.000	0.000	0.000	0.000	0.000	0.000	0.000	0.000	0.000	0.000	0.000	0.000	0.000	0.000	0.000	0.000	0.000	0.000	0.000	0.000	0.000	0.000	0.000	0.000	0.000	0.000	0.000	0.000	255.000	255.000	255.000	255.000	255.000	255.000	255.000	255.000	255.000	255.000	255.000	255.000	255.000	255.000	255.000	255.000	255.000	255.000	255.000	255.000	255.000	255.000	255.000	255.000	255.000	255.000	255.000	255.000	255.000	255.000	255.000	255.000	255.000	255.000	255.000	255.000	255.000	255.000	255.000	255.000	255.000	255.000	255.000	255.000	255.000	255.000	255.000	255.000	255.000	255.000	255.000	255.000	255.000	255.000	255.000	255.000	255.000	255.000	255.000	255.000	255.000	255.000	255.000	255.000	255.000	255.000	255.000	255.000	255.000	255.000	255.000	255.000	255.000	255.000	255.000	255.000	255.000	255.000	255.000	255.000	255.000	255.000	255.000	255.000	255.000	255.000	255.000	255.000	255.000	255.000	255.000	255.000	255.000	255.000	255.000	255.000	255.000	255.000	255.000	255.000	255.000	255.000	255.000	255.000	255.000	255.000	255.000	255.000	255.000	255.000	255.000	255.000	255.000	255.000	255.000	255.000	255.000	255.000	255.000	255.000	255.000	255.000	255.000	255.000	255.000	255.000	255.000	255.000	255.000	255.000	255.000	255.000	255.000	255.000	255.000	255.000	255.000	255.000	255.000	255.000	255.000	255.000	255.000	255.000	255.000	255.000	255.000	255.000	255.000	255.000	255.000	255.000	255.000	255.000	255.000	255.000	255.000	255.000	255.000	255.000	255.000	255.000	255.000	255.000	255.000	255.000	255.000	255.000	255.000	255.000	255.000	255.000	255.000	255.000	255.000	255.000	255.000	255.000	255.000	255.000	255.000	255.000	255.000	255.000	255.000	255.000	255.000	255.000	255.000	255.000	255.000	255.000	0.000	0.000	0.000	0.000	0.000	0.000	0.000	0.000	0.000	0.000	0.000	0.000	0.000	0.000	0.000	0.000	0.000	0.000	0.000	0.000	0.000	0.000	0.000	0.000	0.000	0.000	0.000	0.000	0.000	0.000
0.000	0.000	0.000	0.000	0.000	0.000	0.000	0.000	0.000	0.000	0.000	0.000	0.000	0.000	0.000	0.000	0.000	0.000	0.000	0.000	0.000	0.000	0.000	0.000	0.000	0.000	0.000	0.000	0.000	0.000	0.000	0.000	0.000	255.000	255.000	255.000	255.000	255.000	255.000	255.000	255.000	255.000	255.000	255.000	255.000	255.000	255.000	255.000	255.000	255.000	255.000	255.000	255.000	255.000	255.000	255.000	255.000	255.000	255.000	255.000	255.000	255.000	255.000	255.000	255.000	255.000	255.000	255.000	255.000	255.000	255.000	255.000	255.000	255.000	255.000	255.000	255.000	255.000	255.000	255.000	255.000	255.000	255.000	255.000	255.000	255.000	255.000	255.000	255.000	255.000	255.000	255.000	255.000	255.000	255.000	255.000	255.000	255.000	255.000	255.000	255.000	255.000	255.000	255.000	255.000	255.000	255.000	255.000	255.000	255.000	255.000	255.000	255.000	255.000	255.000	255.000	255.000	255.000	255.000	255.000	255.000	255.000	255.000	255.000	255.000	255.000	255.000	255.000	255.000	255.000	255.000	255.000	255.000	255.000	255.000	255.000	255.000	255.000	255.000	255.000	255.000	255.000	255.000	255.000	255.000	255.000	255.000	255.000	255.000	255.000	255.000	255.000	255.000	255.000	255.000	255.000	255.000	255.000	255.000	255.000	255.000	255.000	255.000	255.000	255.000	255.000	255.000	255.000	255.000	255.000	255.000	255.000	255.000	255.000	255.000	255.000	255.000	255.000	255.000	255.000	255.000	255.000	255.000	255.000	255.000	255.000	255.000	255.000	255.000	255.000	255.000	255.000	255.000	255.000	255.000	255.000	255.000	255.000	255.000	255.000	255.000	255.000	255.000	255.000	255.000	255.000	255.000	255.000	255.000	255.000	255.000	255.000	255.000	255.000	255.000	255.000	255.000	255.000	255.000	255.000	255.000	255.000	255.000	255.000	255.000	255.000	0.000	0.000	0.000	0.000	0.000	0.000	0.000	0.000	0.000	0.000	0.000	0.000	0.000	0.000	0.000	0.000	0.000	0.000	0.000	0.000	0.000	0.000	0.000	0.000	0.000	0.000	0.000	0.000	0.000	0.000
0.000	0.000	0.000	0.000	0.000	0.000	0.000	0.000	0.000	0.000	0.000	0.000	0.000	0.000	0.000	0.000	0.000	0.000	0.000	0.000	0.000	0.000	0.000	0.000	0.000	0.000	0.000	0.000	0.000	0.000	0.000	0.000	0.000	255.000	255.000	255.000	255.000	255.000	255.000	255.000	255.000	255.000	255.000	255.000	255.000	255.000	255.000	255.000	255.000	255.000	255.000	255.000	255.000	255.000	255.000	255.000	255.000	255.000	255.000	255.000	255.000	255.000	255.000	255.000	255.000	255.000	255.000	255.000	255.000	255.000	255.000	255.000	255.000	255.000	255.000	255.000	255.000	255.000	255.000	255.000	255.000	255.000	255.000	255.000	255.000	255.000	255.000	255.000	255.000	255.000	255.000	255.000	255.000	255.000	255.000	255.000	255.000	255.000	255.000	255.000	255.000	255.000	255.000	255.000	255.000	255.000	255.000	255.000	255.000	255.000	255.000	255.000	255.000	255.000	255.000	255.000	255.000	255.000	255.000	255.000	255.000	255.000	255.000	255.000	255.000	255.000	255.000	255.000	255.000	255.000	255.000	255.000	255.000	255.000	255.000	255.000	255.000	255.000	255.000	255.000	255.000	255.000	255.000	255.000	255.000	255.000	255.000	255.000	255.000	255.000	255.000	255.000	255.000	255.000	255.000	255.000	255.000	255.000	255.000	255.000	255.000	255.000	255.000	255.000	255.000	255.000	255.000	255.000	255.000	255.000	255.000	255.000	255.000	255.000	255.000	255.000	255.000	255.000	255.000	255.000	255.000	255.000	255.000	255.000	255.000	255.000	255.000	255.000	255.000	255.000	255.000	255.000	255.000	255.000	255.000	255.000	255.000	255.000	255.000	255.000	255.000	255.000	255.000	255.000	255.000	255.000	255.000	255.000	255.000	255.000	255.000	255.000	255.000	255.000	255.000	255.000	255.000	255.000	255.000	255.000	255.000	255.000	255.000	255.000	255.000	255.000	0.000	0.000	0.000	0.000	0.000	0.000	0.000	0.000	0.000	0.000	0.000	0.000	0.000	0.000	0.000	0.000	0.000	0.000	0.000	0.000	0.000	0.000	0.000	0.000	0.000	0.000	0.000	0.000	0.000	0.000
0.000	0.000	0.000	0.000	0.000	0.000	0.000	0.000	0.000	0.000	0.000	0.000	0.000	0.000	0.000	0.000	0.000	0.000	0.000	0.000	0.000	0.000	0.000	0.000	0.000	0.000	0.000	0.000	0.000	0.000	0.000	0.000	0.000	255.000	255.000	255.000	255.000	255.000	255.000	255.000	255.000	255.000	255.000	255.000	255.000	255.000	255.000	255.000	255.000	255.000	255.000	255.000	255.000	255.000	255.000	255.000	255.000	255.000	255.000	255.000	255.000	255.000	255.000	255.000	255.000	255.000	255.000	255.000	255.000	255.000	255.000	255.000	255.000	255.000	255.000	255.000	255.000	255.000	255.000	255.000	255.000	255.000	255.000	255.000	255.000	255.000	255.000	255.000	255.000	255.000	255.000	255.000	255.000	255.000	255.000	255.000	255.000	255.000	255.000	255.000	255.000	255.000	255.000	255.000	255.000	255.000	255.000	255.000	255.000	255.000	255.000	255.000	255.000	255.000	255.000	255.000	255.000	255.000	255.000	255.000	255.000	255.000	255.000	255.000	255.000	255.000	255.000	255.000	255.000	255.000	255.000	255.000	255.000	255.000	255.000	255.000	255.000	255.000	255.000	255.000	255.000	255.000	255.000	255.000	255.000	255.000	255.000	255.000	255.000	255.000	255.000	255.000	255.000	255.000	255.000	255.000	255.000	255.000	255.000	255.000	255.000	255.000	255.000	255.000	255.000	255.000	255.000	255.000	255.000	255.000	255.000	255.000	255.000	255.000	255.000	255.000	255.000	255.000	255.000	255.000	255.000	255.000	255.000	255.000	255.000	255.000	255.000	255.000	255.000	255.000	255.000	255.000	255.000	255.000	255.000	255.000	255.000	255.000	255.000	255.000	255.000	255.000	255.000	255.000	255.000	255.000	255.000	255.000	255.000	255.000	255.000	255.000	255.000	255.000	255.000	255.000	255.000	255.000	255.000	255.000	255.000	255.000	255.000	255.000	255.000	255.000	0.000	0.000	0.000	0.000	0.000	0.000	0.000	0.000	0.000	0.000	0.000	0.000	0.000	0.000	0.000	0.000	0.000	0.000	0.000	0.000	0.000	0.000	0.000	0.000	0.000	0.000	0.000	0.000	0.000	0.000
0.000	0.000	0.000	0.000	0.000	0.000	0.000	0.000	0.000	0.000	0.000	0.000	0.000	0.000	0.000	0.000	0.000	0.000	0.000	0.000	0.000	0.000	0.000	0.000	0.000	0.000	0.000	0.000	0.000	0.000	0.000	0.000	255.000	255.000	255.000	255.000	255.000	255.000	255.000	255.000	255.000	255.000	255.000	255.000	255.000	255.000	255.000	255.000	255.000	255.000	255.000	255.000	255.000	255.000	255.000	255.000	255.000	255.000	255.000	255.000	255.000	255.000	255.000	255.000	255.000	255.000	255.000	255.000	255.000	255.000	255.000	255.000	255.000	255.000	255.000	255.000	255.000	255.000	255.000	255.000	255.000	255.000	255.000	255.000	255.000	255.000	255.000	255.000	255.000	255.000	255.000	255.000	255.000	255.000	255.000	255.000	255.000	255.000	255.000	255.000	255.000	255.000	255.000	255.000	255.000	255.000	255.000	255.000	255.000	255.000	255.000	255.000	255.000	255.000	255.000	255.000	255.000	255.000	255.000	255.000	255.000	255.000	255.000	255.000	255.000	255.000	255.000	255.000	255.000	255.000	255.000	255.000	255.000	255.000	255.000	255.000	255.000	255.000	255.000	255.000	255.000	255.000	255.000	255.000	255.000	255.000	255.000	255.000	255.000	255.000	255.000	255.000	255.000	255.000	255.000	255.000	255.000	255.000	255.000	255.000	255.000	255.000	255.000	255.000	255.000	255.000	255.000	255.000	255.000	255.000	255.000	255.000	255.000	255.000	255.000	255.000	255.000	255.000	255.000	255.000	255.000	255.000	255.000	255.000	255.000	255.000	255.000	255.000	255.000	255.000	255.000	255.000	255.000	255.000	255.000	255.000	255.000	255.000	255.000	255.000	255.000	255.000	255.000	255.000	255.000	255.000	255.000	255.000	255.000	255.000	255.000	255.000	255.000	255.000	255.000	255.000	255.000	255.000	255.000	255.000	255.000	255.000	255.000	255.000	255.000	255.000	0.000	0.000	0.000	0.000	0.000	0.000	0.000	0.000	0.000	0.000	0.000	0.000	0.000	0.000	0.000	0.000	0.000	0.000	0.000	0.000	0.000	0.000	0.000	0.000	0.000	0.000	0.000	0.000	0.000	0.000
0.000	0.000	0.000	0.000	0.000	0.000	0.000	0.000	0.000	0.000	0.000	0.000	0.000	0.000	0.000	0.000	0.000	0.000	0.000	0.000	0.000	0.000	0.000	0.000	0.000	0.000	0.000	0.000	0.000	0.000	0.000	0.000	255.000	255.000	255.000	255.000	255.000	255.000	255.000	255.000	255.000	255.000	255.000	255.000	255.000	255.000	255.000	255.000	255.000	255.000	255.000	255.000	255.000	255.000	255.000	255.000	255.000	255.000	255.000	255.000	255.000	255.000	255.000	255.000	255.000	255.000	255.000	255.000	255.000	255.000	255.000	255.000	255.000	255.000	255.000	255.000	255.000	255.000	255.000	255.000	255.000	255.000	255.000	255.000	255.000	255.000	255.000	255.000	255.000	255.000	255.000	255.000	255.000	255.000	255.000	255.000	255.000	255.000	255.000	255.000	255.000	255.000	255.000	255.000	255.000	255.000	255.000	255.000	255.000	255.000	255.000	255.000	255.000	255.000	255.000	255.000	255.000	255.000	255.000	255.000	255.000	255.000	255.000	255.000	255.000	255.000	255.000	255.000	255.000	255.000	255.000	255.000	255.000	255.000	255.000	255.000	255.000	255.000	255.000	255.000	255.000	255.000	255.000	255.000	255.000	255.000	255.000	255.000	255.000	255.000	255.000	255.000	255.000	255.000	255.000	255.000	255.000	255.000	255.000	255.000	255.000	255.000	255.000	255.000	255.000	255.000	255.000	255.000	255.000	255.000	255.000	255.000	255.000	255.000	255.000	255.000	255.000	255.000	255.000	255.000	255.000	255.000	255.000	255.000	255.000	255.000	255.000	255.000	255.000	255.000	255.000	255.000	255.000	255.000	255.000	255.000	255.000	255.000	255.000	255.000	255.000	255.000	255.000	255.000	255.000	255.000	255.000	255.000	255.000	255.000	255.000	255.000	255.000	255.000	255.000	255.000	255.000	255.000	255.000	255.000	255.000	255.000	255.000	255.000	255.000	0.000	0.000	0.000	0.000	0.000	0.000	0.000	0.000	0.000	0.000	0.000	0.000	0.000	0.000	0.000	0.000	0.000	0.000	0.000	0.000	0.000	0.000	0.000	0.000	0.000	0.000	0.000	0.000	0.000	0.000	0.000
0.000	0.000	0.000	0.000	0.000	0.000	0.000	0.000	0.000	0.000	0.000	0.000	0.000	0.000	0.000	0.000	0.000	0.000	0.000	0.000	0.000	0.000	0.000	0.000	0.000	0.000	0.000	0.000	0.000	0.000	0.000	0.000	255.000	255.000	255.000	255.000	255.000	255.000	255.000	255.000	255.000	255.000	255.000	255.000	255.000	255.000	255.000	255.000	255.000	255.000	255.000	255.000	255.000	255.000	255.000	255.000	255.000	255.000	255.000	255.000	255.000	255.000	255.000	255.000	255.000	255.000	255.000	255.000	255.000	255.000	255.000	255.000	255.000	255.000	255.000	255.000	255.000	255.000	255.000	255.000	255.000	255.000	255.000	255.000	255.000	255.000	255.000	255.000	255.000	255.000	255.000	255.000	255.000	255.000	255.000	255.000	255.000	255.000	255.000	255.000	255.000	255.000	255.000	255.000	255.000	255.000	255.000	255.000	255.000	255.000	255.000	255.000	255.000	255.000	255.000	255.000	255.000	255.000	255.000	255.000	255.000	255.000	255.000	255.000	255.000	255.000	255.000	255.000	255.000	255.000	255.000	255.000	255.000	255.000	255.000	255.000	255.000	255.000	255.000	255.000	255.000	255.000	255.000	255.000	255.000	255.000	255.000	255.000	255.000	255.000	255.000	255.000	255.000	255.000	255.000	255.000	255.000	255.000	255.000	255.000	255.000	255.000	255.000	255.000	255.000	255.000	255.000	255.000	255.000	255.000	255.000	255.000	255.000	255.000	255.000	255.000	255.000	255.000	255.000	255.000	255.000	255.000	255.000	255.000	255.000	255.000	255.000	255.000	255.000	255.000	255.000	255.000	255.000	255.000	255.000	255.000	255.000	255.000	255.000	255.000	255.000	255.000	255.000	255.000	255.000	255.000	255.000	255.000	255.000	255.000	255.000	255.000	255.000	255.000	255.000	255.000	255.000	255.000	255.000	255.000	255.000	255.000	255.000	255.000	255.000	0.000	0.000	0.000	0.000	0.000	0.000	0.000	0.000	0.000	0.000	0.000	0.000	0.000	0.000	0.000	0.000	0.000	0.000	0.000	0.000	0.000	0.000	0.000	0.000	0.000	0.000	0.000	0.000	0.000	0.000	0.000
0.000	0.000	0.000	0.000	0.000	0.000	0.000	0.000	0.000	0.000	0.000	0.000	0.000	0.000	0.000	0.000	0.000	0.000	0.000	0.000	0.000	0.000	0.000	0.000	0.000	0.000	0.000	0.000	0.000	0.000	0.000	0.000	255.000	255.000	255.000	255.000	255.000	255.000	255.000	255.000	255.000	255.000	255.000	255.000	255.000	255.000	255.000	255.000	255.000	255.000	255.000	255.000	255.000	255.000	255.000	255.000	255.000	255.000	255.000	255.000	255.000	255.000	255.000	255.000	255.000	255.000	255.000	255.000	255.000	255.000	255.000	255.000	255.000	255.000	255.000	255.000	255.000	255.000	255.000	255.000	255.000	255.000	255.000	255.000	255.000	255.000	255.000	255.000	255.000	255.000	255.000	255.000	255.000	255.000	255.000	255.000	255.000	255.000	255.000	255.000	255.000	255.000	255.000	255.000	255.000	255.000	255.000	255.000	255.000	255.000	255.000	255.000	255.000	255.000	255.000	255.000	255.000	255.000	255.000	255.000	255.000	255.000	255.000	255.000	255.000	255.000	255.000	255.000	255.000	255.000	255.000	255.000	255.000	255.000	255.000	255.000	255.000	255.000	255.000	255.000	255.000	255.000	255.000	255.000	255.000	255.000	255.000	255.000	255.000	255.000	255.000	255.000	255.000	255.000	255.000	255.000	255.000	255.000	255.000	255.000	255.000	255.000	255.000	255.000	255.000	255.000	255.000	255.000	255.000	255.000	255.000	255.000	255.000	255.000	255.000	255.000	255.000	255.000	255.000	255.000	255.000	255.000	255.000	255.000	255.000	255.000	255.000	255.000	255.000	255.000	255.000	255.000	255.000	255.000	255.000	255.000	255.000	255.000	255.000	255.000	255.000	255.000	255.000	255.000	255.000	255.000	255.000	255.000	255.000	255.000	255.000	255.000	255.000	255.000	255.000	255.000	255.000	255.000	255.000	255.000	255.000	255.000	255.000	255.000	255.000	0.000	0.000	0.000	0.000	0.000	0.000	0.000	0.000	0.000	0.000	0.000	0.000	0.000	0.000	0.000	0.000	0.000	0.000	0.000	0.000	0.000	0.000	0.000	0.000	0.000	0.000	0.000	0.000	0.000	0.000	0.000
0.000	0.000	0.000	0.000	0.000	0.000	0.000	0.000	0.000	0.000	0.000	0.000	0.000	0.000	0.000	0.000	0.000	0.000	0.000	0.000	0.000	0.000	0.000	0.000	0.000	0.000	0.000	0.000	0.000	0.000	0.000	0.000	255.000	255.000	255.000	255.000	255.000	255.000	255.000	255.000	255.000	255.000	255.000	255.000	255.000	255.000	255.000	255.000	255.000	255.000	255.000	255.000	255.000	255.000	255.000	255.000	255.000	255.000	255.000	255.000	255.000	255.000	255.000	255.000	255.000	255.000	255.000	255.000	255.000	255.000	255.000	255.000	255.000	255.000	255.000	255.000	255.000	255.000	255.000	255.000	255.000	255.000	255.000	255.000	255.000	255.000	255.000	255.000	255.000	255.000	255.000	255.000	255.000	255.000	255.000	255.000	255.000	255.000	255.000	255.000	255.000	255.000	255.000	255.000	255.000	255.000	255.000	255.000	255.000	255.000	255.000	255.000	255.000	255.000	255.000	255.000	255.000	255.000	255.000	255.000	255.000	255.000	255.000	255.000	255.000	255.000	255.000	255.000	255.000	255.000	255.000	255.000	255.000	255.000	255.000	255.000	255.000	255.000	255.000	255.000	255.000	255.000	255.000	255.000	255.000	255.000	255.000	255.000	255.000	255.000	255.000	255.000	255.000	255.000	255.000	255.000	255.000	255.000	255.000	255.000	255.000	255.000	255.000	255.000	255.000	255.000	255.000	255.000	255.000	255.000	255.000	255.000	255.000	255.000	255.000	255.000	255.000	255.000	255.000	255.000	255.000	255.000	255.000	255.000	255.000	255.000	255.000	255.000	255.000	255.000	255.000	255.000	255.000	255.000	255.000	255.000	255.000	255.000	255.000	255.000	255.000	255.000	255.000	255.000	255.000	255.000	255.000	255.000	255.000	255.000	255.000	255.000	255.000	255.000	255.000	255.000	255.000	255.000	255.000	255.000	255.000	255.000	255.000	255.000	0.000	0.000	0.000	0.000	0.000	0.000	0.000	0.000	0.000	0.000	0.000	0.000	0.000	0.000	0.000	0.000	0.000	0.000	0.000	0.000	0.000	0.000	0.000	0.000	0.000	0.000	0.000	0.000	0.000	0.000	0.000	0.000
0.000	0.000	0.000	0.000	0.000	0.000	0.000	0.000	0.000	0.000	0.000	0.000	0.000	0.000	0.000	0.000	0.000	0.000	0.000	0.000	0.000	0.000	0.000	0.000	0.000	0.000	0.000	0.000	0.000	0.000	0.000	0.000	255.000	255.000	255.000	255.000	255.000	255.000	255.000	255.000	255.000	255.000	255.000	255.000	255.000	255.000	255.000	255.000	255.000	255.000	255.000	255.000	255.000	255.000	255.000	255.000	255.000	255.000	255.000	255.000	255.000	255.000	255.000	255.000	255.000	255.000	255.000	255.000	255.000	255.000	255.000	255.000	255.000	255.000	255.000	255.000	255.000	255.000	255.000	255.000	255.000	255.000	255.000	255.000	255.000	255.000	255.000	255.000	255.000	255.000	255.000	255.000	255.000	255.000	255.000	255.000	255.000	255.000	255.000	255.000	255.000	255.000	255.000	255.000	255.000	255.000	255.000	255.000	255.000	255.000	255.000	255.000	255.000	255.000	255.000	255.000	255.000	255.000	255.000	255.000	255.000	255.000	255.000	255.000	255.000	255.000	255.000	255.000	255.000	255.000	255.000	255.000	255.000	255.000	255.000	255.000	255.000	255.000	255.000	255.000	255.000	255.000	255.000	255.000	255.000	255.000	255.000	255.000	255.000	255.000	255.000	255.000	255.000	255.000	255.000	255.000	255.000	255.000	255.000	255.000	255.000	255.000	255.000	255.000	255.000	255.000	255.000	255.000	255.000	255.000	255.000	255.000	255.000	255.000	255.000	255.000	255.000	255.000	255.000	255.000	255.000	255.000	255.000	255.000	255.000	255.000	255.000	255.000	255.000	255.000	255.000	255.000	255.000	255.000	255.000	255.000	255.000	255.000	255.000	255.000	255.000	255.000	255.000	255.000	255.000	255.000	255.000	255.000	255.000	255.000	255.000	255.000	255.000	255.000	255.000	255.000	255.000	255.000	255.000	255.000	255.000	255.000	255.000	255.000	0.000	0.000	0.000	0.000	0.000	0.000	0.000	0.000	0.000	0.000	0.000	0.000	0.000	0.000	0.000	0.000	0.000	0.000	0.000	0.000	0.000	0.000	0.000	0.000	0.000	0.000	0.000	0.000	0.000	0.000	0.000	0.000
0.000	0.000	0.000	0.000	0.000	0.000	0.000	0.000	0.000	0.000	0.000	0.000	0.000	0.000	0.000	0.000	0.000	0.000	0.000	0.000	0.000	0.000	0.000	0.000	0.000	0.000	0.000	0.000	0.000	0.000	0.000	0.000	255.000	255.000	255.000	255.000	255.000	255.000	255.000	255.000	255.000	255.000	255.000	255.000	255.000	255.000	255.000	255.000	255.000	255.000	255.000	255.000	255.000	255.000	255.000	255.000	255.000	255.000	255.000	255.000	255.000	255.000	255.000	255.000	255.000	255.000	255.000	255.000	255.000	255.000	255.000	255.000	255.000	255.000	255.000	255.000	255.000	255.000	255.000	255.000	255.000	255.000	255.000	255.000	255.000	255.000	255.000	255.000	255.000	255.000	255.000	255.000	255.000	255.000	255.000	255.000	255.000	255.000	255.000	255.000	255.000	255.000	255.000	255.000	255.000	255.000	255.000	255.000	255.000	255.000	255.000	255.000	255.000	255.000	255.000	255.000	255.000	255.000	255.000	255.000	255.000	255.000	255.000	255.000	255.000	255.000	255.000	255.000	255.000	255.000	255.000	255.000	255.000	255.000	255.000	255.000	255.000	255.000	255.000	255.000	255.000	255.000	255.000	255.000	255.000	255.000	255.000	255.000	255.000	255.000	255.000	255.000	255.000	255.000	255.000	255.000	255.000	255.000	255.000	255.000	255.000	255.000	255.000	255.000	255.000	255.000	255.000	255.000	255.000	255.000	255.000	255.000	255.000	255.000	255.000	255.000	255.000	255.000	255.000	255.000	255.000	255.000	255.000	255.000	255.000	255.000	255.000	255.000	255.000	255.000	255.000	255.000	255.000	255.000	255.000	255.000	255.000	255.000	255.000	255.000	255.000	255.000	255.000	255.000	255.000	255.000	255.000	255.000	255.000	255.000	255.000	255.000	255.000	255.000	255.000	255.000	255.000	255.000	255.000	255.000	255.000	255.000	255.000	0.000	0.000	0.000	0.000	0.000	0.000	0.000	0.000	0.000	0.000	0.000	0.000	0.000	0.000	0.000	0.000	0.000	0.000	0.000	0.000	0.000	0.000	0.000	0.000	0.000	0.000	0.000	0.000	0.000	0.000	0.000	0.000	0.000
0.000	0.000	0.000	0.000	0.000	0.000	0.000	0.000	0.000	0.000	0.000	0.000	0.000	0.000	0.000	0.000	0.000	0.000	0.000	0.000	0.000	0.000	0.000	0.000	0.000	0.000	0.000	0.000	0.000	0.000	0.000	0.000	255.000	255.000	255.000	255.000	255.000	255.000	255.000	255.000	255.000	255.000	255.000	255.000	255.000	255.000	255.000	255.000	255.000	255.000	255.000	255.000	255.000	255.000	255.000	255.000	255.000	255.000	255.000	255.000	255.000	255.000	255.000	255.000	255.000	255.000	255.000	255.000	255.000	255.000	255.000	255.000	255.000	255.000	255.000	255.000	255.000	255.000	255.000	255.000	255.000	255.000	255.000	255.000	255.000	255.000	255.000	255.000	255.000	255.000	255.000	255.000	255.000	255.000	255.000	255.000	255.000	255.000	255.000	255.000	255.000	255.000	255.000	255.000	255.000	255.000	255.000	255.000	255.000	255.000	255.000	255.000	255.000	255.000	255.000	255.000	255.000	255.000	255.000	255.000	255.000	255.000	255.000	255.000	255.000	255.000	255.000	255.000	255.000	255.000	255.000	255.000	255.000	255.000	255.000	255.000	255.000	255.000	255.000	255.000	255.000	255.000	255.000	255.000	255.000	255.000	255.000	255.000	255.000	255.000	255.000	255.000	255.000	255.000	255.000	255.000	255.000	255.000	255.000	255.000	255.000	255.000	255.000	255.000	255.000	255.000	255.000	255.000	255.000	255.000	255.000	255.000	255.000	255.000	255.000	255.000	255.000	255.000	255.000	255.000	255.000	255.000	255.000	255.000	255.000	255.000	255.000	255.000	255.000	255.000	255.000	255.000	255.000	255.000	255.000	255.000	255.000	255.000	255.000	255.000	255.000	255.000	255.000	255.000	255.000	255.000	255.000	255.000	255.000	255.000	255.000	255.000	255.000	255.000	255.000	255.000	255.000	255.000	255.000	255.000	255.000	255.000	255.000	0.000	0.000	0.000	0.000	0.000	0.000	0.000	0.000	0.000	0.000	0.000	0.000	0.000	0.000	0.000	0.000	0.000	0.000	0.000	0.000	0.000	0.000	0.000	0.000	0.000	0.000	0.000	0.000	0.000	0.000	0.000	0.000	0.000
0.000	0.000	0.000	0.000	0.000	0.000	0.000	0.000	0.000	0.000	0.000	0.000	0.000	0.000	0.000	0.000	0.000	0.000	0.000	0.000	0.000	0.000	0.000	0.000	0.000	0.000	0.000	0.000	0.000	0.000	0.000	0.000	255.000	255.000	255.000	255.000	255.000	255.000	255.000	255.000	255.000	255.000	255.000	255.000	255.000	255.000	255.000	255.000	255.000	255.000	255.000	255.000	255.000	255.000	255.000	255.000	255.000	255.000	255.000	255.000	255.000	255.000	255.000	255.000	255.000	255.000	255.000	255.000	255.000	255.000	255.000	255.000	255.000	255.000	255.000	255.000	255.000	255.000	255.000	255.000	255.000	255.000	255.000	255.000	255.000	255.000	255.000	255.000	255.000	255.000	255.000	255.000	255.000	255.000	255.000	255.000	255.000	255.000	255.000	255.000	255.000	255.000	255.000	255.000	255.000	255.000	255.000	255.000	255.000	255.000	255.000	255.000	255.000	255.000	255.000	255.000	255.000	255.000	255.000	255.000	255.000	255.000	255.000	255.000	255.000	255.000	255.000	255.000	255.000	255.000	255.000	255.000	255.000	255.000	255.000	255.000	255.000	255.000	255.000	255.000	255.000	255.000	255.000	255.000	255.000	255.000	255.000	255.000	255.000	255.000	255.000	255.000	255.000	255.000	255.000	255.000	255.000	255.000	255.000	255.000	255.000	255.000	255.000	255.000	255.000	255.000	255.000	255.000	255.000	255.000	255.000	255.000	255.000	255.000	255.000	255.000	255.000	255.000	255.000	255.000	255.000	255.000	255.000	255.000	255.000	255.000	255.000	255.000	255.000	255.000	255.000	255.000	255.000	255.000	255.000	255.000	255.000	255.000	255.000	255.000	255.000	255.000	255.000	255.000	255.000	255.000	255.000	255.000	255.000	255.000	255.000	255.000	255.000	255.000	255.000	255.000	255.000	255.000	255.000	255.000	255.000	255.000	255.000	0.000	0.000	0.000	0.000	0.000	0.000	0.000	0.000	0.000	0.000	0.000	0.000	0.000	0.000	0.000	0.000	0.000	0.000	0.000	0.000	0.000	0.000	0.000	0.000	0.000	0.000	0.000	0.000	0.000	0.000	0.000	0.000	0.000
0.000	0.000	0.000	0.000	0.000	0.000	0.000	0.000	0.000	0.000	0.000	0.000	0.000	0.000	0.000	0.000	0.000	0.000	0.000	0.000	0.000	0.000	0.000	0.000	0.000	0.000	0.000	0.000	0.000	0.000	0.000	0.000	255.000	255.000	255.000	255.000	255.000	255.000	255.000	255.000	255.000	255.000	255.000	255.000	255.000	255.000	255.000	255.000	255.000	255.000	255.000	255.000	255.000	255.000	255.000	255.000	255.000	255.000	255.000	255.000	255.000	255.000	255.000	255.000	255.000	255.000	255.000	255.000	255.000	255.000	255.000	255.000	255.000	255.000	255.000	255.000	255.000	255.000	255.000	255.000	255.000	255.000	255.000	255.000	255.000	255.000	255.000	255.000	255.000	255.000	255.000	255.000	255.000	255.000	255.000	255.000	255.000	255.000	255.000	255.000	255.000	255.000	255.000	255.000	255.000	255.000	255.000	255.000	255.000	255.000	255.000	255.000	255.000	255.000	255.000	255.000	255.000	255.000	255.000	255.000	255.000	255.000	255.000	255.000	255.000	255.000	255.000	255.000	255.000	255.000	255.000	255.000	255.000	255.000	255.000	255.000	255.000	255.000	255.000	255.000	255.000	255.000	255.000	255.000	255.000	255.000	255.000	255.000	255.000	255.000	255.000	255.000	255.000	255.000	255.000	255.000	255.000	255.000	255.000	255.000	255.000	255.000	255.000	255.000	255.000	255.000	255.000	255.000	255.000	255.000	255.000	255.000	255.000	255.000	255.000	255.000	255.000	255.000	255.000	255.000	255.000	255.000	255.000	255.000	255.000	255.000	255.000	255.000	255.000	255.000	255.000	255.000	255.000	255.000	255.000	255.000	255.000	255.000	255.000	255.000	255.000	255.000	255.000	255.000	255.000	255.000	255.000	255.000	255.000	255.000	255.000	255.000	255.000	255.000	255.000	255.000	255.000	255.000	255.000	255.000	255.000	255.000	0.000	0.000	0.000	0.000	0.000	0.000	0.000	0.000	0.000	0.000	0.000	0.000	0.000	0.000	0.000	0.000	0.000	0.000	0.000	0.000	0.000	0.000	0.000	0.000	0.000	0.000	0.000	0.000	0.000	0.000	0.000	0.000	0.000	0.000
0.000	0.000	0.000	0.000	0.000	0.000	0.000	0.000	0.000	0.000	0.000	0.000	0.000	0.000	0.000	0.000	0.000	0.000	0.000	0.000	0.000	0.000	0.000	0.000	0.000	0.000	0.000	0.000	0.000	0.000	0.000	0.000	0.000	255.000	255.000	255.000	255.000	255.000	255.000	255.000	255.000	255.000	255.000	255.000	255.000	255.000	255.000	255.000	255.000	255.000	255.000	255.000	255.000	255.000	255.000	255.000	255.000	255.000	255.000	255.000	255.000	255.000	255.000	255.000	255.000	255.000	255.000	255.000	255.000	255.000	255.000	255.000	255.000	255.000	255.000	255.000	255.000	255.000	255.000	255.000	255.000	255.000	255.000	255.000	255.000	255.000	255.000	255.000	255.000	255.000	255.000	255.000	255.000	255.000	255.000	255.000	255.000	255.000	255.000	255.000	255.000	255.000	255.000	255.000	255.000	255.000	255.000	255.000	255.000	255.000	255.000	255.000	255.000	255.000	255.000	255.000	255.000	255.000	255.000	255.000	255.000	255.000	255.000	255.000	255.000	255.000	255.000	255.000	255.000	255.000	255.000	255.000	255.000	255.000	255.000	255.000	255.000	255.000	255.000	255.000	255.000	255.000	255.000	255.000	255.000	255.000	255.000	255.000	255.000	255.000	255.000	255.000	255.000	255.000	255.000	255.000	255.000	255.000	255.000	255.000	255.000	255.000	255.000	255.000	255.000	255.000	255.000	255.000	255.000	255.000	255.000	255.000	255.000	255.000	255.000	255.000	255.000	255.000	255.000	255.000	255.000	255.000	255.000	255.000	255.000	255.000	255.000	255.000	255.000	255.000	255.000	255.000	255.000	255.000	255.000	255.000	255.000	255.000	255.000	255.000	255.000	255.000	255.000	255.000	255.000	255.000	255.000	255.000	255.000	255.000	255.000	255.000	255.000	255.000	255.000	255.000	255.000	255.000	255.000	255.000	255.000	255.000	0.000	0.000	0.000	0.000	0.000	0.000	0.000	0.000	0.000	0.000	0.000	0.000	0.000	0.000	0.000	0.000	0.000	0.000	0.000	0.000	0.000	0.000	0.000	0.000	0.000	0.000	0.000	0.000	0.000	0.000	0.000	0.000	0.000	0.000
0.000	0.000	0.000	0.000	0.000	0.000	0.000	0.000	0.000	0.000	0.000	0.000	0.000	0.000	0.000	0.000	0.000	0.000	0.000	0.000	0.000	0.000	0.000	0.000	0.000	0.000	0.000	0.000	0.000	0.000	0.000	0.000	0.000	255.000	255.000	255.000	255.000	255.000	255.000	255.000	255.000	255.000	255.000	255.000	255.000	255.000	255.000	255.000	255.000	255.000	255.000	255.000	255.000	255.000	255.000	255.000	255.000	255.000	255.000	255.000	255.000	255.000	255.000	255.000	255.000	255.000	255.000	255.000	255.000	255.000	255.000	255.000	255.000	255.000	255.000	255.000	255.000	255.000	255.000	255.000	255.000	255.000	255.000	255.000	255.000	255.000	255.000	255.000	255.000	255.000	255.000	255.000	255.000	255.000	255.000	255.000	255.000	255.000	255.000	255.000	255.000	255.000	255.000	255.000	255.000	255.000	255.000	255.000	255.000	255.000	255.000	255.000	255.000	255.000	255.000	255.000	255.000	255.000	255.000	255.000	255.000	255.000	255.000	255.000	255.000	255.000	255.000	255.000	255.000	255.000	255.000	255.000	255.000	255.000	255.000	255.000	255.000	255.000	255.000	255.000	255.000	255.000	255.000	255.000	255.000	255.000	255.000	255.000	255.000	255.000	255.000	255.000	255.000	255.000	255.000	255.000	255.000	255.000	255.000	255.000	255.000	255.000	255.000	255.000	255.000	255.000	255.000	255.000	255.000	255.000	255.000	255.000	255.000	255.000	255.000	255.000	255.000	255.000	255.000	255.000	255.000	255.000	255.000	255.000	255.000	255.000	255.000	255.000	255.000	255.000	255.000	255.000	255.000	255.000	255.000	255.000	255.000	255.000	255.000	255.000	255.000	255.000	255.000	255.000	255.000	255.000	255.000	255.000	255.000	255.000	255.000	255.000	255.000	255.000	255.000	255.000	255.000	255.000	255.000	255.000	255.000	0.000	0.000	0.000	0.000	0.000	0.000	0.000	0.000	0.000	0.000	0.000	0.000	0.000	0.000	0.000	0.000	0.000	0.000	0.000	0.000	0.000	0.000	0.000	0.000	0.000	0.000	0.000	0.000	0.000	0.000	0.000	0.000	0.000	0.000	0.000
0.000	0.000	0.000	0.000	0.000	0.000	0.000	0.000	0.000	0.000	0.000	0.000	0.000	0.000	0.000	0.000	0.000	0.000	0.000	0.000	0.000	0.000	0.000	0.000	0.000	0.000	0.000	0.000	0.000	0.000	0.000	0.000	0.000	0.000	255.000	255.000	255.000	255.000	255.000	255.000	255.000	255.000	255.000	255.000	255.000	255.000	255.000	255.000	255.000	255.000	255.000	255.000	255.000	255.000	255.000	255.000	255.000	255.000	255.000	255.000	255.000	255.000	255.000	255.000	255.000	255.000	255.000	255.000	255.000	255.000	255.000	255.000	255.000	255.000	255.000	255.000	255.000	255.000	255.000	255.000	255.000	255.000	255.000	255.000	255.000	255.000	255.000	255.000	255.000	255.000	255.000	255.000	255.000	255.000	255.000	255.000	255.000	255.000	255.000	255.000	255.000	255.000	255.000	255.000	255.000	255.000	255.000	255.000	255.000	255.000	255.000	255.000	255.000	255.000	255.000	255.000	255.000	255.000	255.000	255.000	255.000	255.000	255.000	255.000	255.000	255.000	255.000	255.000	255.000	255.000	255.000	255.000	255.000	255.000	255.000	255.000	255.000	255.000	255.000	255.000	255.000	255.000	255.000	255.000	255.000	255.000	255.000	255.000	255.000	255.000	255.000	255.000	255.000	255.000	255.000	255.000	255.000	255.000	255.000	255.000	255.000	255.000	255.000	255.000	255.000	255.000	255.000	255.000	255.000	255.000	255.000	255.000	255.000	255.000	255.000	255.000	255.000	255.000	255.000	255.000	255.000	255.000	255.000	255.000	255.000	255.000	255.000	255.000	255.000	255.000	255.000	255.000	255.000	255.000	255.000	255.000	255.000	255.000	255.000	255.000	255.000	255.000	255.000	255.000	255.000	255.000	255.000	255.000	255.000	255.000	255.000	255.000	255.000	255.000	255.000	255.000	255.000	255.000	255.000	255.000	255.000	0.000	0.000	0.000	0.000	0.000	0.000	0.000	0.000	0.000	0.000	0.000	0.000	0.000	0.000	0.000	0.000	0.000	0.000	0.000	0.000	0.000	0.000	0.000	0.000	0.000	0.000	0.000	0.000	0.000	0.000	0.000	0.000	0.000	0.000	0.000
0.000	0.000	0.000	0.000	0.000	0.000	0.000	0.000	0.000	0.000	0.000	0.000	0.000	0.000	0.000	0.000	0.000	0.000	0.000	0.000	0.000	0.000	0.000	0.000	0.000	0.000	0.000	0.000	0.000	0.000	0.000	0.000	0.000	0.000	255.000	255.000	255.000	255.000	255.000	255.000	255.000	255.000	255.000	255.000	255.000	255.000	255.000	255.000	255.000	255.000	255.000	255.000	255.000	255.000	255.000	255.000	255.000	255.000	255.000	255.000	255.000	255.000	255.000	255.000	255.000	255.000	255.000	255.000	255.000	255.000	255.000	255.000	255.000	255.000	255.000	255.000	255.000	255.000	255.000	255.000	255.000	255.000	255.000	255.000	255.000	255.000	255.000	255.000	255.000	255.000	255.000	255.000	255.000	255.000	255.000	255.000	255.000	255.000	255.000	255.000	255.000	255.000	255.000	255.000	255.000	255.000	255.000	255.000	255.000	255.000	255.000	255.000	255.000	255.000	255.000	255.000	255.000	255.000	255.000	255.000	255.000	255.000	255.000	255.000	255.000	255.000	255.000	255.000	255.000	255.000	255.000	255.000	255.000	255.000	255.000	255.000	255.000	255.000	255.000	255.000	255.000	255.000	255.000	255.000	255.000	255.000	255.000	255.000	255.000	255.000	255.000	255.000	255.000	255.000	255.000	255.000	255.000	255.000	255.000	255.000	255.000	255.000	255.000	255.000	255.000	255.000	255.000	255.000	255.000	255.000	255.000	255.000	255.000	255.000	255.000	255.000	255.000	255.000	255.000	255.000	255.000	255.000	255.000	255.000	255.000	255.000	255.000	255.000	255.000	255.000	255.000	255.000	255.000	255.000	255.000	255.000	255.000	255.000	255.000	255.000	255.000	255.000	255.000	255.000	255.000	255.000	255.000	255.000	255.000	255.000	255.000	255.000	255.000	255.000	255.000	255.000	255.000	255.000	255.000	255.000	255.000	0.000	0.000	0.000	0.000	0.000	0.000	0.000	0.000	0.000	0.000	0.000	0.000	0.000	0.000	0.000	0.000	0.000	0.000	0.000	0.000	0.000	0.000	0.000	0.000	0.000	0.000	0.000	0.000	0.000	0.000	0.000	0.000	0.000	0.000	0.000
0.000	0.000	0.000	0.000	0.000	0.000	0.000	0.000	0.000	0.000	0.000	0.000	0.000	0.000	0.000	0.000	0.000	0.000	0.000	0.000	0.000	0.000	0.000	0.000	0.000	0.000	0.000	0.000	0.000	0.000	0.000	0.000	0.000	0.000	255.000	255.000	255.000	255.000	255.000	255.000	255.000	255.000	255.000	255.000	255.000	255.000	255.000	255.000	255.000	255.000	255.000	255.000	255.000	255.000	255.000	255.000	255.000	255.000	255.000	255.000	255.000	255.000	255.000	255.000	255.000	255.000	255.000	255.000	255.000	255.000	255.000	255.000	255.000	255.000	255.000	255.000	255.000	255.000	255.000	255.000	255.000	255.000	255.000	255.000	255.000	255.000	255.000	255.000	255.000	255.000	255.000	255.000	255.000	255.000	255.000	255.000	255.000	255.000	255.000	255.000	255.000	255.000	255.000	255.000	255.000	255.000	255.000	255.000	255.000	255.000	255.000	255.000	255.000	255.000	255.000	255.000	255.000	255.000	255.000	255.000	255.000	255.000	255.000	255.000	255.000	255.000	255.000	255.000	255.000	255.000	255.000	255.000	255.000	255.000	255.000	255.000	255.000	255.000	255.000	255.000	255.000	255.000	255.000	255.000	255.000	255.000	255.000	255.000	255.000	255.000	255.000	255.000	255.000	255.000	255.000	255.000	255.000	255.000	255.000	255.000	255.000	255.000	255.000	255.000	255.000	255.000	255.000	255.000	255.000	255.000	255.000	255.000	255.000	255.000	255.000	255.000	255.000	255.000	255.000	255.000	255.000	255.000	255.000	255.000	255.000	255.000	255.000	255.000	255.000	255.000	255.000	255.000	255.000	255.000	255.000	255.000	255.000	255.000	255.000	255.000	255.000	255.000	255.000	255.000	255.000	255.000	255.000	255.000	255.000	255.000	255.000	255.000	255.000	255.000	255.000	255.000	255.000	255.000	255.000	255.000	0.000	0.000	0.000	0.000	0.000	0.000	0.000	0.000	0.000	0.000	0.000	0.000	0.000	0.000	0.000	0.000	0.000	0.000	0.000	0.000	0.000	0.000	0.000	0.000	0.000	0.000	0.000	0.000	0.000	0.000	0.000	0.000	0.000	0.000	0.000	0.000
0.000	0.000	0.000	0.000	0.000	0.000	0.000	0.000	0.000	0.000	0.000	0.000	0.000	0.000	0.000	0.000	0.000	0.000	0.000	0.000	0.000	0.000	0.000	0.000	0.000	0.000	0.000	0.000	0.000	0.000	0.000	0.000	0.000	0.000	255.000	255.000	255.000	255.000	255.000	255.000	255.000	255.000	255.000	255.000	255.000	255.000	255.000	255.000	255.000	255.000	255.000	255.000	255.000	255.000	255.000	255.000	255.000	255.000	255.000	255.000	255.000	255.000	255.000	255.000	255.000	255.000	255.000	255.000	255.000	255.000	255.000	255.000	255.000	255.000	255.000	255.000	255.000	255.000	255.000	255.000	255.000	255.000	255.000	255.000	255.000	255.000	255.000	255.000	255.000	255.000	255.000	255.000	255.000	255.000	255.000	255.000	255.000	255.000	255.000	255.000	255.000	255.000	255.000	255.000	255.000	255.000	255.000	255.000	255.000	255.000	255.000	255.000	255.000	255.000	255.000	255.000	255.000	255.000	255.000	255.000	255.000	255.000	255.000	255.000	255.000	255.000	255.000	255.000	255.000	255.000	255.000	255.000	255.000	255.000	255.000	255.000	255.000	255.000	255.000	255.000	255.000	255.000	255.000	255.000	255.000	255.000	255.000	255.000	255.000	255.000	255.000	255.000	255.000	255.000	255.000	255.000	255.000	255.000	255.000	255.000	255.000	255.000	255.000	255.000	255.000	255.000	255.000	255.000	255.000	255.000	255.000	255.000	255.000	255.000	255.000	255.000	255.000	255.000	255.000	255.000	255.000	255.000	255.000	255.000	255.000	255.000	255.000	255.000	255.000	255.000	255.000	255.000	255.000	255.000	255.000	255.000	255.000	255.000	255.000	255.000	255.000	255.000	255.000	255.000	255.000	255.000	255.000	255.000	255.000	255.000	255.000	255.000	255.000	255.000	255.000	255.000	255.000	255.000	255.000	255.000	0.000	0.000	0.000	0.000	0.000	0.000	0.000	0.000	0.000	0.000	0.000	0.000	0.000	0.000	0.000	0.000	0.000	0.000	0.000	0.000	0.000	0.000	0.000	0.000	0.000	0.000	0.000	0.000	0.000	0.000	0.000	0.000	0.000	0.000	0.000	0.000
0.000	0.000	0.000	0.000	0.000	0.000	0.000	0.000	0.000	0.000	0.000	0.000	0.000	0.000	0.000	0.000	0.000	0.000	0.000	0.000	0.000	0.000	0.000	0.000	0.000	0.000	0.000	0.000	0.000	0.000	0.000	0.000	0.000	0.000	0.000	255.000	255.000	255.000	255.000	255.000	255.000	255.000	255.000	255.000	255.000	255.000	255.000	255.000	255.000	255.000	255.000	255.000	255.000	255.000	255.000	255.000	255.000	255.000	255.000	255.000	255.000	255.000	255.000	255.000	255.000	255.000	255.000	255.000	255.000	255.000	255.000	255.000	255.000	255.000	255.000	255.000	255.000	255.000	255.000	255.000	255.000	255.000	255.000	255.000	255.000	255.000	255.000	255.000	255.000	255.000	255.000	255.000	255.000	255.000	255.000	255.000	255.000	255.000	255.000	255.000	255.000	255.000	255.000	255.000	255.000	255.000	255.000	255.000	255.000	255.000	255.000	255.000	255.000	255.000	255.000	255.000	255.000	255.000	255.000	255.000	255.000	255.000	255.000	255.000	255.000	255.000	255.000	255.000	255.000	255.000	255.000	255.000	255.000	255.000	255.000	255.000	255.000	255.000	255.000	255.000	255.000	255.000	255.000	255.000	255.000	255.000	255.000	255.000	255.000	255.000	255.000	255.000	255.000	255.000	255.000	255.000	255.000	255.000	255.000	255.000	255.000	255.000	255.000	255.000	255.000	255.000	255.000	255.000	255.000	255.000	255.000	255.000	255.000	255.000	255.000	255.000	255.000	255.000	255.000	255.000	255.000	255.000	255.000	255.000	255.000	255.000	255.000	255.000	255.000	255.000	255.000	255.000	255.000	255.000	255.000	255.000	255.000	255.000	255.000	255.000	255.000	255.000	255.000	255.000	255.000	255.000	255.000	255.000	255.000	255.000	255.000	255.000	255.000	255.000	255.000	255.000	255.000	255.000	255.000	0.000	0.000	0.000	0.000	0.000	0.000	0.000	0.000	0.000	0.000	0.000	0.000	0.000	0.000	0.000	0.000	0.000	0.000	0.000	0.000	0.000	0.000	0.000	0.000	0.000	0.000	0.000	0.000	0.000	0.000	0.000	0.000	0.000	0.000	0.000	0.000	0.000
0.000	0.000	0.000	0.000	0.000	0.000	0.000	0.000	0.000	0.000	0.000	0.000	0.000	0.000	0.000	0.000	0.000	0.000	0.000	0.000	0.000	0.000	0.000	0.000	0.000	0.000	0.000	0.000	0.000	0.000	0.000	0.000	0.000	0.000	0.000	255.000	255.000	255.000	255.000	255.000	255.000	255.000	255.000	255.000	255.000	255.000	255.000	255.000	255.000	255.000	255.000	255.000	255.000	255.000	255.000	255.000	255.000	255.000	255.000	255.000	255.000	255.000	255.000	255.000	255.000	255.000	255.000	255.000	255.000	255.000	255.000	255.000	255.000	255.000	255.000	255.000	255.000	255.000	255.000	255.000	255.000	255.000	255.000	255.000	255.000	255.000	255.000	255.000	255.000	255.000	255.000	255.000	255.000	255.000	255.000	255.000	255.000	255.000	255.000	255.000	255.000	255.000	255.000	255.000	255.000	255.000	255.000	255.000	255.000	255.000	255.000	255.000	255.000	255.000	255.000	255.000	255.000	255.000	255.000	255.000	255.000	255.000	255.000	255.000	255.000	255.000	255.000	255.000	255.000	255.000	255.000	255.000	255.000	255.000	255.000	255.000	255.000	255.000	255.000	255.000	255.000	255.000	255.000	255.000	255.000	255.000	255.000	255.000	255.000	255.000	255.000	255.000	255.000	255.000	255.000	255.000	255.000	255.000	255.000	255.000	255.000	255.000	255.000	255.000	255.000	255.000	255.000	255.000	255.000	255.000	255.000	255.000	255.000	255.000	255.000	255.000	255.000	255.000	255.000	255.000	255.000	255.000	255.000	255.000	255.000	255.000	255.000	255.000	255.000	255.000	255.000	255.000	255.000	255.000	255.000	255.000	255.000	255.000	255.000	255.000	255.000	255.000	255.000	255.000	255.000	255.000	255.000	255.000	255.000	255.000	255.000	255.000	255.000	255.000	255.000	255.000	255.000	255.000	0.000	0.000	0.000	0.000	0.000	0.000	0.000	0.000	0.000	0.000	0.000	0.000	0.000	0.000	0.000	0.000	0.000	0.000	0.000	0.000	0.000	0.000	0.000	0.000	0.000	0.000	0.000	0.000	0.000	0.000	0.000	0.000	0.000	0.000	0.000	0.000	0.000	0.000
0.000	0.000	0.000	0.000	0.000	0.000	0.000	0.000	0.000	0.000	0.000	0.000	0.000	0.000	0.000	0.000	0.000	0.000	0.000	0.000	0.000	0.000	0.000	0.000	0.000	0.000	0.000	0.000	0.000	0.000	0.000	0.000	0.000	0.000	0.000	0.000	255.000	255.000	255.000	255.000	255.000	255.000	255.000	255.000	255.000	255.000	255.000	255.000	255.000	255.000	255.000	255.000	255.000	255.000	255.000	255.000	255.000	255.000	255.000	255.000	255.000	255.000	255.000	255.000	255.000	255.000	255.000	255.000	255.000	255.000	255.000	255.000	255.000	255.000	255.000	255.000	255.000	255.000	255.000	255.000	255.000	255.000	255.000	255.000	255.000	255.000	255.000	255.000	255.000	255.000	255.000	255.000	255.000	255.000	255.000	255.000	255.000	255.000	255.000	255.000	255.000	255.000	255.000	255.000	255.000	255.000	255.000	255.000	255.000	255.000	255.000	255.000	255.000	255.000	255.000	255.000	255.000	255.000	255.000	255.000	255.000	255.000	255.000	255.000	255.000	255.000	255.000	255.000	255.000	255.000	255.000	255.000	255.000	255.000	255.000	255.000	255.000	255.000	255.000	255.000	255.000	255.000	255.000	255.000	255.000	255.000	255.000	255.000	255.000	255.000	255.000	255.000	255.000	255.000	255.000	255.000	255.000	255.000	255.000	255.000	255.000	255.000	255.000	255.000	255.000	255.000	255.000	255.000	255.000	255.000	255.000	255.000	255.000	255.000	255.000	255.000	255.000	255.000	255.000	255.000	255.000	255.000	255.000	255.000	255.000	255.000	255.000	255.000	255.000	255.000	255.000	255.000	255.000	255.000	255.000	255.000	255.000	255.000	255.000	255.000	255.000	255.000	255.000	255.000	255.000	255.000	255.000	255.000	255.000	255.000	255.000	255.000	255.000	255.000	255.000	255.000	255.000	57.333	0.000	0.000	0.000	0.000	0.000	0.000	0.000	0.000	0.000	0.000	0.000	0.000	0.000	0.000	0.000	0.000	0.000	0.000	0.000	0.000	0.000	0.000	0.000	0.000	0.000	0.000	0.000	0.000	0.000	0.000	0.000	0.000	0.000	0.000	0.000	0.000	0.000	0.000
0.000	0.000	0.000	0.000	0.000	0.000	0.000	0.000	0.000	0.000	0.000	0.000	0.000	0.000	0.000	0.000	0.000	0.000	0.000	0.000	0.000	0.000	0.000	0.000	0.000	0.000	0.000	0.000	0.000	0.000	0.000	0.000	0.000	0.000	0.000	0.000	255.000	255.000	255.000	255.000	255.000	255.000	255.000	255.000	255.000	255.000	255.000	255.000	255.000	255.000	255.000	255.000	255.000	255.000	255.000	255.000	255.000	255.000	255.000	255.000	255.000	255.000	255.000	255.000	255.000	255.000	255.000	255.000	255.000	255.000	255.000	255.000	255.000	255.000	255.000	255.000	255.000	255.000	255.000	255.000	255.000	255.000	255.000	255.000	255.000	255.000	255.000	255.000	255.000	255.000	255.000	255.000	255.000	255.000	255.000	255.000	255.000	255.000	255.000	255.000	255.000	255.000	255.000	255.000	255.000	255.000	255.000	255.000	255.000	255.000	255.000	255.000	255.000	255.000	255.000	255.000	255.000	255.000	255.000	255.000	255.000	255.000	255.000	255.000	255.000	255.000	255.000	255.000	255.000	255.000	255.000	255.000	255.000	255.000	255.000	255.000	255.000	255.000	255.000	255.000	255.000	255.000	255.000	255.000	255.000	255.000	255.000	255.000	255.000	255.000	255.000	255.000	255.000	255.000	255.000	255.000	255.000	255.000	255.000	255.000	255.000	255.000	255.000	255.000	255.000	255.000	255.000	255.000	255.000	255.000	255.000	255.000	255.000	255.000	255.000	255.000	255.000	255.000	255.000	255.000	255.000	255.000	255.000	255.000	255.000	255.000	255.000	255.000	255.000	255.000	255.000	255.000	255.000	255.000	255.000	255.000	255.000	255.000	255.000	255.000	255.000	255.000	255.000	255.000	255.000	255.000	255.000	255.000	255.000	255.000	255.000	255.000	255.000	255.000	255.000	255.000	255.000	0.000	0.000	0.000	0.000	0.000	0.000	0.000	0.000	0.000	0.000	0.000	0.000	0.000	0.000	0.000	0.000	0.000	0.000	0.000	0.000	0.000	0.000	0.000	0.000	0.000	0.000	0.000	0.000	0.000	0.000	0.000	0.000	0.000	0.000	0.000	0.000	0.000	0.000	0.000
0.000	0.000	0.000	0.000	0.000	0.000	0.000	0.000	0.000	0.000	0.000	0.000	0.000	0.000	0.000	0.000	0.000	0.000	0.000	0.000	0.000	0.000	0.000	0.000	0.000	0.000	0.000	0.000	0.000	0.000	0.000	0.000	0.000	0.000	0.000	0.000	255.000	255.000	255.000	255.000	255.000	255.000	255.000	255.000	255.000	255.000	255.000	255.000	255.000	255.000	255.000	255.000	255.000	255.000	255.000	255.000	255.000	255.000	255.000	255.000	255.000	255.000	255.000	255.000	255.000	255.000	255.000	255.000	255.000	255.000	255.000	255.000	255.000	255.000	255.000	255.000	255.000	255.000	255.000	255.000	255.000	255.000	255.000	255.000	255.000	255.000	255.000	255.000	255.000	255.000	255.000	255.000	255.000	255.000	255.000	255.000	255.000	255.000	255.000	255.000	255.000	255.000	255.000	255.000	255.000	255.000	255.000	255.000	255.000	255.000	255.000	255.000	255.000	255.000	255.000	255.000	255.000	255.000	255.000	255.000	255.000	255.000	255.000	255.000	255.000	255.000	255.000	255.000	255.000	255.000	255.000	255.000	255.000	255.000	255.000	255.000	255.000	255.000	255.000	255.000	255.000	255.000	255.000	255.000	255.000	255.000	255.000	255.000	255.000	255.000	255.000	255.000	255.000	255.000	255.000	255.000	255.000	255.000	255.000	255.000	255.000	255.000	255.000	255.000	255.000	255.000	255.000	255.000	255.000	255.000	255.000	255.000	255.000	255.000	255.000	255.000	255.000	255.000	255.000	255.000	255.000	255.000	255.000	255.000	255.000	255.000	255.000	255.000	255.000	255.000	255.000	255.000	255.000	255.000	255.000	255.000	255.000	255.000	255.000	255.000	255.000	255.000	255.000	255.000	255.000	255.000	255.000	255.000	255.000	255.000	255.000	255.000	255.000	255.000	255.000	255.000	0.000	0.000	0.000	0.000	0.000	0.000	0.000	0.000	0.000	0.000	0.000	0.000	0.000	0.000	0.000	0.000	0.000	0.000	0.000	0.000	0.000	0.000	0.000	0.000	0.000	0.000	0.000	0.000	0.000	0.000	0.000	0.000	0.000	0.000	0.000	0.000	0.000	0.000	0.000	0.000
0.000	0.000	0.000	0.000	0.000	0.000	0.000	0.000	0.000	0.000	0.000	0.000	0.000	0.000	0.000	0.000	0.000	0.000	0.000	0.000	0.000	0.000	0.000	0.000	0.000	0.000	0.000	0.000	0.000	0.000	0.000	0.000	0.000	0.000	0.000	0.000	255.000	255.000	255.000	255.000	255.000	255.000	255.000	255.000	255.000	255.000	255.000	255.000	255.000	255.000	255.000	255.000	255.000	255.000	255.000	255.000	255.000	255.000	255.000	255.000	255.000	255.000	255.000	255.000	255.000	255.000	255.000	255.000	255.000	255.000	255.000	255.000	255.000	255.000	255.000	255.000	255.000	255.000	255.000	255.000	255.000	255.000	255.000	255.000	255.000	255.000	255.000	255.000	255.000	255.000	255.000	255.000	255.000	255.000	255.000	255.000	255.000	255.000	255.000	255.000	255.000	255.000	255.000	255.000	255.000	255.000	255.000	255.000	255.000	255.000	255.000	255.000	255.000	255.000	255.000	255.000	255.000	255.000	255.000	255.000	255.000	255.000	255.000	255.000	255.000	255.000	255.000	255.000	255.000	255.000	255.000	255.000	255.000	255.000	255.000	255.000	255.000	255.000	255.000	255.000	255.000	255.000	255.000	255.000	255.000	255.000	255.000	255.000	255.000	255.000	255.000	255.000	255.000	255.000	255.000	255.000	255.000	255.000	255.000	255.000	255.000	255.000	255.000	255.000	255.000	255.000	255.000	255.000	255.000	255.000	255.000	255.000	255.000	255.000	255.000	255.000	255.000	255.000	255.000	255.000	255.000	255.000	255.000	255.000	255.000	255.000	255.000	255.000	255.000	255.000	255.000	255.000	255.000	255.000	255.000	255.000	255.000	255.000	255.000	255.000	255.000	255.000	255.000	255.000	255.000	255.000	255.000	255.000	255.000	255.000	255.000	255.000	255.000	255.000	255.000	0.000	0.000	0.000	0.000	0.000	0.000	0.000	0.000	0.000	0.000	0.000	0.000	0.000	0.000	0.000	0.000	0.000	0.000	0.000	0.000	0.000	0.000	0.000	0.000	0.000	0.000	0.000	0.000	0.000	0.000	0.000	0.000	0.000	0.000	0.000	0.000	0.000	0.000	0.000	0.000	0.000
0.000	0.000	0.000	0.000	0.000	0.000	0.000	0.000	0.000	0.000	0.000	0.000	0.000	0.000	0.000	0.000	0.000	0.000	0.000	0.000	0.000	0.000	0.000	0.000	0.000	0.000	0.000	0.000	0.000	0.000	0.000	0.000	0.000	0.000	0.000	0.000	255.000	255.000	255.000	255.000	255.000	255.000	255.000	255.000	255.000	255.000	255.000	255.000	255.000	255.000	255.000	255.000	255.000	255.000	255.000	255.000	255.000	255.000	255.000	255.000	255.000	255.000	255.000	255.000	255.000	255.000	255.000	255.000	255.000	255.000	255.000	255.000	255.000	255.000	255.000	255.000	255.000	255.000	255.000	255.000	255.000	255.000	255.000	255.000	255.000	255.000	255.000	255.000	255.000	255.000	255.000	255.000	255.000	255.000	255.000	255.000	255.000	255.000	255.000	255.000	255.000	255.000	255.000	255.000	255.000	255.000	255.000	255.000	255.000	255.000	255.000	255.000	255.000	255.000	255.000	255.000	255.000	255.000	255.000	255.000	255.000	255.000	255.000	255.000	255.000	255.000	255.000	255.000	255.000	255.000	255.000	255.000	255.000	255.000	255.000	255.000	255.000	255.000	255.000	255.000	255.000	255.000	255.000	255.000	255.000	255.000	255.000	255.000	255.000	255.000	255.000	255.000	255.000	255.000	255.000	255.000	255.000	255.000	255.000	255.000	255.000	255.000	255.000	255.000	255.000	255.000	255.000	255.000	255.000	255.000	255.000	255.000	255.000	255.000	255.000	255.000	255.000	255.000	255.000	255.000	255.000	255.000	255.000	255.000	255.000	255.000	255.000	255.000	255.000	255.000	255.000	255.000	255.000	255.000	255.000	255.000	255.000	255.000	255.000	255.000	255.000	255.000	255.000	255.000	255.000	255.000	255.000	255.000	255.000	255.000	255.000	255.000	255.000	255.000	255.000	0.000	0.000	0.000	0.000	0.000	0.000	0.000	0.000	0.000	0.000	0.000	0.000	0.000	0.000	0.000	0.000	0.000	0.000	0.000	0.000	0.000	0.000	0.000	0.000	0.000	0.000	0.000	0.000	0.000	0.000	0.000	0.000	0.000	0.000	0.000	0.000	0.000	0.000	0.000	0.000	0.000
0.000	0.000	0.000	0.000	0.000	0.000	0.000	0.000	0.000	0.000	0.000	0.000	0.000	0.000	0.000	0.000	0.000	0.000	0.000	0.000	0.000	0.000	0.000	0.000	0.000	0.000	0.000	0.000	0.000	0.000	0.000	0.000	0.000	0.000	0.000	0.000	0.000	255.000	255.000	255.000	255.000	255.000	255.000	255.000	255.000	255.000	255.000	255.000	255.000	255.000	255.000	255.000	255.000	255.000	255.000	255.000	255.000	255.000	255.000	255.000	255.000	255.000	255.000	255.000	255.000	255.000	255.000	255.000	255.000	255.000	255.000	255.000	255.000	255.000	255.000	255.000	255.000	255.000	255.000	255.000	255.000	255.000	255.000	255.000	255.000	255.000	255.000	255.000	255.000	255.000	255.000	255.000	255.000	255.000	255.000	255.000	255.000	255.000	255.000	255.000	255.000	255.000	255.000	255.000	255.000	255.000	255.000	255.000	255.000	255.000	255.000	255.000	255.000	255.000	255.000	255.000	255.000	255.000	255.000	255.000	255.000	255.000	255.000	255.000	255.000	255.000	255.000	255.000	255.000	255.000	255.000	255.000	255.000	255.000	255.000	255.000	255.000	255.000	255.000	255.000	255.000	255.000	255.000	255.000	255.000	255.000	255.000	255.000	255.000	255.000	255.000	255.000	255.000	255.000	255.000	255.000	255.000	255.000	255.000	255.000	255.000	255.000	255.000	255.000	255.000	255.000	255.000	255.000	255.000	255.000	255.000	255.000	255.000	255.000	255.000	255.000	255.000	255.000	255.000	255.000	255.000	255.000	255.000	255.000	255.000	255.000	255.000	255.000	255.000	255.000	255.000	255.000	255.000	255.000	255.000	255.000	255.000	255.000	255.000	255.000	255.000	255.000	255.000	255.000	255.000	255.000	255.000	255.000	255.000	255.000	255.000	255.000	255.000	255.000	0.000	0.000	0.000	0.000	0.000	0.000	0.000	0.000	0.000	0.000	0.000	0.000	0.000	0.000	0.000	0.000	0.000	0.000	0.000	0.000	0.000	0.000	0.000	0.000	0.000	0.000	0.000	0.000	0.000	0.000	0.000	0.000	0.000	0.000	0.000	0.000	0.000	0.000	0.000	0.000	0.000	0.000
0.000	0.000	0.000	0.000	0.000	0.000	0.000	0.000	0.000	0.000	0.000	0.000	0.000	0.000	0.000	0.000	0.000	0.000	0.000	0.000	0.000	0.000	0.000	0.000	0.000	0.000	0.000	0.000	0.000	0.000	0.000	0.000	0.000	0.000	0.000	0.000	0.000	255.000	255.000	255.000	255.000	255.000	255.000	255.000	255.000	255.000	255.000	255.000	255.000	255.000	255.000	255.000	255.000	255.000	255.000	255.000	255.000	255.000	255.000	255.000	255.000	255.000	255.000	255.000	255.000	255.000	255.000	255.000	255.000	255.000	255.000	255.000	255.000	255.000	255.000	255.000	255.000	255.000	255.000	255.000	255.000	255.000	255.000	255.000	255.000	255.000	255.000	255.000	255.000	255.000	255.000	255.000	255.000	255.000	255.000	255.000	255.000	255.000	255.000	255.000	255.000	255.000	255.000	255.000	255.000	255.000	255.000	255.000	255.000	255.000	255.000	255.000	255.000	255.000	255.000	255.000	255.000	255.000	255.000	255.000	255.000	255.000	255.000	255.000	255.000	255.000	255.000	255.000	255.000	255.000	255.000	255.000	255.000	255.000	255.000	255.000	255.000	255.000	255.000	255.000	255.000	255.000	255.000	255.000	255.000	255.000	255.000	255.000	255.000	255.000	255.000	255.000	255.000	255.000	255.000	255.000	255.000	255.000	255.000	255.000	255.000	255.000	255.000	255.000	255.000	255.000	255.000	255.000	255.000	255.000	255.000	255.000	255.000	255.000	255.000	255.000	255.000	255.000	255.000	255.000	255.000	255.000	255.000	255.000	255.000	255.000	255.000	255.000	255.000	255.000	255.000	255.000	255.000	255.000	255.000	255.000	255.000	255.000	255.000	255.000	255.000	255.000	255.000	255.000	255.000	255.000	255.000	255.000	255.000	255.000	255.000	255.000	255.000	0.000	0.000	0.000	0.000	0.000	0.000	0.000	0.000	0.000	0.000	0.000	0.000	0.000	0.000	0.000	0.000	0.000	0.000	0.000	0.000	0.000	0.000	0.000	0.000	0.000	0.000	0.000	0.000	0.000	0.000	0.000	0.000	0.000	0.000	0.000	0.000	0.000	0.000	0.000	0.000	0.000	0.000	0.000
0.000	0.000	0.000	0.000	0.000	0.000	0.000	0.000	0.000	0.000	0.000	0.000	0.000	0.000	0.000	0.000	0.000	0.000	0.000	0.000	0.000	0.000	0.000	0.000	0.000	0.000	0.000	0.000	0.000	0.000	0.000	0.000	0.000	0.000	0.000	0.000	0.000	255.000	255.000	255.000	255.000	255.000	255.000	255.000	255.000	255.000	255.000	255.000	255.000	255.000	255.000	255.000	255.000	255.000	255.000	255.000	255.000	255.000	255.000	255.000	255.000	255.000	255.000	255.000	255.000	255.000	255.000	255.000	255.000	255.000	255.000	255.000	255.000	255.000	255.000	255.000	255.000	255.000	255.000	255.000	255.000	255.000	255.000	255.000	255.000	255.000	255.000	255.000	255.000	255.000	255.000	255.000	255.000	255.000	255.000	255.000	255.000	255.000	255.000	255.000	255.000	255.000	255.000	255.000	255.000	255.000	255.000	255.000	255.000	255.000	255.000	255.000	255.000	255.000	255.000	255.000	255.000	255.000	255.000	255.000	255.000	255.000	255.000	255.000	255.000	255.000	255.000	255.000	255.000	255.000	255.000	255.000	255.000	255.000	255.000	255.000	255.000	255.000	255.000	255.000	255.000	255.000	255.000	255.000	255.000	255.000	255.000	255.000	255.000	255.000	255.000	255.000	255.000	255.000	255.000	255.000	255.000	255.000	255.000	255.000	255.000	255.000	255.000	255.000	255.000	255.000	255.000	255.000	255.000	255.000	255.000	255.000	255.000	255.000	255.000	255.000	255.000	255.000	255.000	255.000	255.000	255.000	255.000	255.000	255.000	255.000	255.000	255.000	255.000	255.000	255.000	255.000	255.000	255.000	255.000	255.000	255.000	255.000	255.000	255.000	255.000	255.000	255.000	255.000	255.000	255.000	255.000	255.000	255.000	255.000	255.000	255.000	255.000	0.000	0.000	0.000	0.000	0.000	0.000	0.000	0.000	0.000	0.000	0.000	0.000	0.000	0.000	0.000	0.000	0.000	0.000	0.000	0.000	0.000	0.000	0.000	0.000	0.000	0.000	0.000	0.000	0.000	0.000	0.000	0.000	0.000	0.000	0.000	0.000	0.000	0.000	0.000	0.000	0.000	0.000	0.000
0.000	0.000	0.000	0.000	0.000	0.000	0.000	0.000	0.000	0.000	0.000	0.000	0.000	0.000	0.000	0.000	0.000	0.000	0.000	0.000	0.000	0.000	0.000	0.000	0.000	0.000	0.000	0.000	0.000	0.000	0.000	0.000	0.000	0.000	0.000	0.000	0.000	255.000	255.000	255.000	255.000	255.000	255.000	255.000	255.000	255.000	255.000	255.000	255.000	255.000	255.000	255.000	255.000	255.000	255.000	255.000	255.000	255.000	255.000	255.000	255.000	255.000	255.000	255.000	255.000	255.000	255.000	255.000	255.000	255.000	255.000	255.000	255.000	255.000	255.000	255.000	255.000	255.000	255.000	255.000	255.000	255.000	255.000	255.000	255.000	255.000	255.000	255.000	255.000	255.000	255.000	255.000	255.000	255.000	255.000	255.000	255.000	255.000	255.000	255.000	255.000	255.000	255.000	255.000	255.000	255.000	255.000	255.000	255.000	255.000	255.000	255.000	255.000	255.000	255.000	255.000	255.000	255.000	255.000	255.000	255.000	255.000	255.000	255.000	255.000	255.000	255.000	255.000	255.000	255.000	255.000	255.000	255.000	255.000	255.000	255.000	255.000	255.000	255.000	255.000	255.000	255.000	255.000	255.000	255.000	255.000	255.000	255.000	255.000	255.000	255.000	255.000	255.000	255.000	255.000	255.000	255.000	255.000	255.000	255.000	255.000	255.000	255.000	255.000	255.000	255.000	255.000	255.000	255.000	255.000	255.000	255.000	255.000	255.000	255.000	255.000	255.000	255.000	255.000	255.000	255.000	255.000	255.000	255.000	255.000	255.000	255.000	255.000	255.000	255.000	255.000	255.000	255.000	255.000	255.000	255.000	255.000	255.000	255.000	255.000	255.000	255.000	255.000	255.000	255.000	255.000	255.000	255.000	255.000	255.000	255.000	255.000	0.000	0.000	0.000	0.000	0.000	0.000	0.000	0.000	0.000	0.000	0.000	0.000	0.000	0.000	0.000	0.000	0.000	0.000	0.000	0.000	0.000	0.000	0.000	0.000	0.000	0.000	0.000	0.000	0.000	0.000	0.000	0.000	0.000	0.000	0.000	0.000	0.000	0.000	0.000	0.000	0.000	0.000	0.000	0.000
0.000	0.000	0.000	0.000	0.000	0.000	0.000	0.000	0.000	0.000	0.000	0.000	0.000	0.000	0.000	0.000	0.000	0.000	0.000	0.000	0.000	0.000	0.000	0.000	0.000	0.000	0.000	0.000	0.000	0.000	0.000	0.000	0.000	0.000	0.000	0.000	0.000	255.000	255.000	255.000	255.000	255.000	255.000	255.000	255.000	255.000	255.000	255.000	255.000	255.000	255.000	255.000	255.000	255.000	255.000	255.000	255.000	255.000	255.000	255.000	255.000	255.000	255.000	255.000	255.000	255.000	255.000	255.000	255.000	255.000	255.000	255.000	255.000	255.000	255.000	255.000	255.000	255.000	255.000	255.000	255.000	255.000	255.000	255.000	255.000	255.000	255.000	255.000	255.000	255.000	255.000	255.000	255.000	255.000	255.000	255.000	255.000	255.000	255.000	255.000	255.000	255.000	255.000	255.000	255.000	255.000	255.000	255.000	255.000	255.000	255.000	255.000	255.000	255.000	255.000	255.000	255.000	255.000	255.000	255.000	255.000	255.000	255.000	255.000	255.000	255.000	255.000	255.000	255.000	255.000	255.000	255.000	255.000	255.000	255.000	255.000	255.000	255.000	255.000	255.000	255.000	255.000	255.000	255.000	255.000	255.000	255.000	255.000	255.000	255.000	255.000	255.000	255.000	255.000	255.000	255.000	255.000	255.000	255.000	255.000	255.000	255.000	255.000	255.000	255.000	255.000	255.000	255.000	255.000	255.000	255.000	255.000	255.000	255.000	255.000	255.000	255.000	255.000	255.000	255.000	255.000	255.000	255.000	255.000	255.000	255.000	255.000	255.000	255.000	255.000	255.000	255.000	255.000	255.000	255.000	255.000	255.000	255.000	255.000	255.000	255.000	255.000	255.000	255.000	255.000	255.000	255.000	255.000	255.000	255.000	255.000	0.000	0.000	0.000	0.000	0.000	0.000	0.000	0.000	0.000	0.000	0.000	0.000	0.000	0.000	0.000	0.000	0.000	0.000	0.000	0.000	0.000	0.000	0.000	0.000	0.000	0.000	0.000	0.000	0.000	0.000	0.000	0.000	0.000	0.000	0.000	0.000	0.000	0.000	0.000	0.000	0.000	0.000	0.000	0.000	0.000
0.000	0.000	0.000	0.000	0.000	0.000	0.000	0.000	0.000	0.000	0.000	0.000	0.000	0.000	0.000	0.000	0.000	0.000	0.000	0.000	0.000	0.000	0.000	0.000	0.000	0.000	0.000	0.000	0.000	0.000	0.000	0.000	0.000	0.000	0.000	0.000	0.000	255.000	255.000	255.000	255.000	255.000	255.000	255.000	255.000	255.000	255.000	255.000	255.000	255.000	255.000	255.000	255.000	255.000	255.000	255.000	255.000	255.000	255.000	255.000	255.000	255.000	255.000	255.000	255.000	255.000	255.000	255.000	255.000	255.000	255.000	255.000	255.000	255.000	255.000	255.000	255.000	255.000	255.000	255.000	255.000	255.000	255.000	255.000	255.000	255.000	255.000	255.000	255.000	255.000	255.000	255.000	255.000	255.000	255.000	255.000	255.000	255.000	255.000	255.000	255.000	255.000	255.000	255.000	255.000	255.000	255.000	255.000	255.000	255.000	255.000	255.000	255.000	255.000	255.000	255.000	255.000	255.000	255.000	255.000	255.000	255.000	255.000	255.000	255.000	255.000	255.000	255.000	255.000	255.000	255.000	255.000	255.000	255.000	255.000	255.000	255.000	255.000	255.000	255.000	255.000	255.000	255.000	255.000	255.000	255.000	255.000	255.000	255.000	255.000	255.000	255.000	255.000	255.000	255.000	255.000	255.000	255.000	255.000	255.000	255.000	255.000	255.000	255.000	255.000	255.000	255.000	255.000	255.000	255.000	255.000	255.000	255.000	255.000	255.000	255.000	255.000	255.000	255.000	255.000	255.000	255.000	255.000	255.000	255.000	255.000	255.000	255.000	255.000	255.000	255.000	255.000	255.000	255.000	255.000	255.000	255.000	255.000	255.000	255.000	255.000	255.000	255.000	255.000	255.000	255.000	255.000	255.000	255.000	255.000	255.000	0.000	0.000	0.000	0.000	0.000	0.000	0.000	0.000	0.000	0.000	0.000	0.000	0.000	0.000	0.000	0.000	0.000	0.000	0.000	0.000	0.000	0.000	0.000	0.000	0.000	0.000	0.000	0.000	0.000	0.000	0.000	0.000	0.000	0.000	0.000	0.000	0.000	0.000	0.000	0.000	0.000	0.000	0.000	0.000	0.000
0.000	0.000	0.000	0.000	0.000	0.000	0.000	0.000	0.000	0.000	0.000	0.000	0.000	0.000	0.000	0.000	0.000	0.000	0.000	0.000	0.000	0.000	0.000	0.000	0.000	0.000	0.000	0.000	0.000	0.000	0.000	0.000	0.000	0.000	0.000	0.000	0.000	255.000	255.000	255.000	255.000	255.000	255.000	255.000	255.000	255.000	255.000	255.000	255.000	255.000	255.000	255.000	255.000	255.000	255.000	255.000	255.000	255.000	255.000	255.000	255.000	255.000	255.000	255.000	255.000	255.000	255.000	255.000	255.000	255.000	255.000	255.000	255.000	255.000	255.000	255.000	255.000	255.000	255.000	255.000	255.000	255.000	255.000	255.000	255.000	255.000	255.000	255.000	255.000	255.000	255.000	255.000	255.000	255.000	255.000	255.000	255.000	255.000	255.000	255.000	255.000	255.000	255.000	255.000	255.000	255.000	255.000	255.000	255.000	255.000	255.000	255.000	255.000	255.000	255.000	255.000	255.000	255.000	255.000	255.000	255.000	255.000	255.000	255.000	255.000	255.000	255.000	255.000	255.000	255.000	255.000	255.000	255.000	255.000	255.000	255.000	255.000	255.000	255.000	255.000	255.000	255.000	255.000	255.000	255.000	255.000	255.000	255.000	255.000	255.000	255.000	255.000	255.000	255.000	255.000	255.000	255.000	255.000	255.000	255.000	255.000	255.000	255.000	255.000	255.000	255.000	255.000	255.000	255.000	255.000	255.000	255.000	255.000	255.000	255.000	255.000	255.000	255.000	255.000	255.000	255.000	255.000	255.000	255.000	255.000	255.000	255.000	255.000	255.000	255.000	255.000	255.000	255.000	255.000	255.000	255.000	255.000	255.000	255.000	255.000	255.000	255.000	255.000	255.000	255.000	255.000	255.000	255.000	255.000	255.000	0.000	0.000	0.000	0.000	0.000	0.000	0.000	0.000	0.000	0.000	0.000	0.000	0.000	0.000	0.000	0.000	0.000	0.000	0.000	0.000	0.000	0.000	0.000	0.000	0.000	0.000	0.000	0.000	0.000	0.000	0.000	0.000	0.000	0.000	0.000	0.000	0.000	0.000	0.000	0.000	0.000	0.000	0.000	0.000	0.000	0.000
0.000	0.000	0.000	0.000	0.000	0.000	0.000	0.000	0.000	0.000	0.000	0.000	0.000	0.000	0.000	0.000	0.000	0.000	0.000	0.000	0.000	0.000	0.000	0.000	0.000	0.000	0.000	0.000	0.000	0.000	0.000	0.000	0.000	0.000	0.000	0.000	0.000	255.000	255.000	255.000	255.000	255.000	255.000	255.000	255.000	255.000	255.000	255.000	255.000	255.000	255.000	255.000	255.000	255.000	255.000	255.000	255.000	255.000	255.000	255.000	255.000	255.000	255.000	255.000	255.000	255.000	255.000	255.000	255.000	255.000	255.000	255.000	255.000	255.000	255.000	255.000	255.000	255.000	255.000	255.000	255.000	255.000	255.000	255.000	255.000	255.000	255.000	255.000	255.000	255.000	255.000	255.000	255.000	255.000	255.000	255.000	255.000	255.000	255.000	255.000	255.000	255.000	255.000	255.000	255.000	255.000	255.000	255.000	255.000	255.000	255.000	255.000	255.000	255.000	255.000	255.000	255.000	255.000	255.000	255.000	255.000	255.000	255.000	255.000	255.000	255.000	255.000	255.000	255.000	255.000	255.000	255.000	255.000	255.000	255.000	255.000	255.000	255.000	255.000	255.000	255.000	255.000	255.000	255.000	255.000	255.000	255.000	255.000	255.000	255.000	255.000	255.000	255.000	255.000	255.000	255.000	255.000	255.000	255.000	255.000	255.000	255.000	255.000	255.000	255.000	255.000	255.000	255.000	255.000	255.000	255.000	255.000	255.000	255.000	255.000	255.000	255.000	255.000	255.000	255.000	255.000	255.000	255.000	255.000	255.000	255.000	255.000	255.000	255.000	255.000	255.000	255.000	255.000	255.000	255.000	255.000	255.000	255.000	255.000	255.000	255.000	255.000	255.000	255.000	255.000	255.000	255.000	255.000	255.000	0.000	0.000	0.000	0.000	0.000	0.000	0.000	0.000	0.000	0.000	0.000	0.000	0.000	0.000	0.000	0.000	0.000	0.000	0.000	0.000	0.000	0.000	0.000	0.000	0.000	0.000	0.000	0.000	0.000	0.000	0.000	0.000	0.000	0.000	0.000	0.000	0.000	0.000	0.000	0.000	0.000	0.000	0.000	0.000	0.000	0.000	0.000
0.000	0.000	0.000	0.000	0.000	0.000	0.000	0.000	0.000	0.000	0.000	0.000	0.000	0.000	0.000	0.000	0.000	0.000	0.000	0.000	0.000	0.000	0.000	0.000	0.000	0.000	0.000	0.000	0.000	0.000	0.000	0.000	0.000	0.000	0.000	0.000	0.000	0.000	255.000	255.000	255.000	255.000	255.000	255.000	255.000	255.000	255.000	255.000	255.000	255.000	255.000	255.000	255.000	255.000	255.000	255.000	255.000	255.000	255.000	255.000	255.000	255.000	255.000	255.000	255.000	255.000	255.000	255.000	255.000	255.000	255.000	255.000	255.000	255.000	255.000	255.000	255.000	255.000	255.000	255.000	255.000	255.000	255.000	255.000	255.000	255.000	255.000	255.000	255.000	255.000	255.000	255.000	255.000	255.000	255.000	255.000	255.000	255.000	255.000	255.000	255.000	255.000	255.000	255.000	255.000	255.000	255.000	255.000	255.000	255.000	255.000	255.000	255.000	255.000	255.000	255.000	255.000	255.000	255.000	255.000	255.000	255.000	255.000	255.000	255.000	255.000	255.000	255.000	255.000	255.000	255.000	255.000	255.000	255.000	255.000	255.000	255.000	255.000	255.000	255.000	255.000	255.000	255.000	255.000	255.000	255.000	255.000	255.000	255.000	255.000	255.000	255.000	255.000	255.000	255.000	255.000	255.000	255.000	255.000	255.000	255.000	255.000	255.000	255.000	255.000	255.000	255.000	255.000	255.000	255.000	255.000	255.000	255.000	255.000	255.000	255.000	255.000	255.000	255.000	255.000	255.000	255.000	255.000	255.000	255.000	255.000	255.000	255.000	255.000	255.000	255.000	255.000	255.000	255.000	255.000	255.000	255.000	255.000	255.000	255.000	255.000	255.000	255.000	255.000	255.000	255.000	255.000	255.000	0.000	0.000	0.000	0.000	0.000	0.000	0.000	0.000	0.000	0.000	0.000	0.000	0.000	0.000	0.000	0.000	0.000	0.000	0.000	0.000	0.000	0.000	0.000	0.000	0.000	0.000	0.000	0.000	0.000	0.000	0.000	0.000	0.000	0.000	0.000	0.000	0.000	0.000	0.000	0.000	0.000	0.000	0.000	0.000	0.000	0.000	0.000	0.000
0.000	0.000	0.000	0.000	0.000	0.000	0.000	0.000	0.000	0.000	0.000	0.000	0.000	0.000	0.000	0.000	0.000	0.000	0.000	0.000	0.000	0.000	0.000	0.000	0.000	0.000	0.000	0.000	0.000	0.000	0.000	0.000	0.000	0.000	0.000	0.000	0.000	0.000	255.000	255.000	255.000	255.000	255.000	255.000	255.000	255.000	255.000	255.000	255.000	255.000	255.000	255.000	255.000	255.000	255.000	255.000	255.000	255.000	255.000	255.000	255.000	255.000	255.000	255.000	255.000	255.000	255.000	255.000	255.000	255.000	255.000	255.000	255.000	255.000	255.000	255.000	255.000	255.000	255.000	255.000	255.000	255.000	255.000	255.000	255.000	255.000	255.000	255.000	255.000	255.000	255.000	255.000	255.000	255.000	255.000	255.000	255.000	255.000	255.000	255.000	255.000	255.000	255.000	255.000	255.000	255.000	255.000	255.000	255.000	255.000	255.000	255.000	255.000	255.000	255.000	255.000	255.000	255.000	255.000	255.000	255.000	255.000	255.000	255.000	255.000	255.000	255.000	255.000	255.000	255.000	255.000	255.000	255.000	255.000	255.000	255.000	255.000	255.000	255.000	255.000	255.000	255.000	255.000	255.000	255.000	255.000	255.000	255.000	255.000	255.000	255.000	255.000	255.000	255.000	255.000	255.000	255.000	255.000	255.000	255.000	255.000	255.000	255.000	255.000	255.000	255.000	255.000	255.000	255.000	255.000	255.000	255.000	255.000	255.000	255.000	255.000	255.000	255.000	255.000	255.000	255.000	255.000	255.000	255.000	255.000	255.000	255.000	255.000	255.000	255.000	255.000	255.000	255.000	255.000	255.000	255.000	255.000	255.000	255.000	255.000	255.000	255.000	255.000	255.000	255.000	255.000	255.000	255.000	0.000	0.000	0.000	0.000	0.000	0.000	0.000	0.000	0.000	0.000	0.000	0.000	0.000	0.000	0.000	0.000	0.000	0.000	0.000	0.000	0.000	0.000	0.000	0.000	0.000	0.000	0.000	0.000	0.000	0.000	0.000	0.000	0.000	0.000	0.000	0.000	0.000	0.000	0.000	0.000	0.000	0.000	0.000	0.000	0.000	0.000	0.000	0.000
0.000	0.000	0.000	0.000	0.000	0.000	0.000	0.000	0.000	0.000	0.000	0.000	0.000	0.000	0.000	0.000	0.000	0.000	0.000	0.000	0.000	0.000	0.000	0.000	0.000	0.000	0.000	0.000	0.000	0.000	0.000	0.000	0.000	0.000	0.000	0.000	0.000	0.000	255.000	255.000	255.000	255.000	255.000	255.000	255.000	255.000	255.000	255.000	255.000	255.000	255.000	255.000	255.000	255.000	255.000	255.000	255.000	255.000	255.000	255.000	255.000	255.000	255.000	255.000	255.000	255.000	255.000	255.000	255.000	255.000	255.000	255.000	255.000	255.000	255.000	255.000	255.000	255.000	255.000	255.000	255.000	255.000	255.000	255.000	255.000	255.000	255.000	255.000	255.000	255.000	255.000	255.000	255.000	255.000	255.000	255.000	255.000	255.000	255.000	255.000	255.000	255.000	255.000	255.000	255.000	255.000	255.000	255.000	255.000	255.000	255.000	255.000	255.000	255.000	255.000	255.000	255.000	255.000	255.000	255.000	255.000	255.000	255.000	255.000	255.000	255.000	255.000	255.000	255.000	255.000	255.000	255.000	255.000	255.000	255.000	255.000	255.000	255.000	255.000	255.000	255.000	255.000	255.000	255.000	255.000	255.000	255.000	255.000	255.000	255.000	255.000	255.000	255.000	255.000	255.000	255.000	255.000	255.000	255.000	255.000	255.000	255.000	255.000	255.000	255.000	255.000	255.000	255.000	255.000	255.000	255.000	255.000	255.000	255.000	255.000	255.000	255.000	255.000	255.000	255.000	255.000	255.000	255.000	255.000	255.000	255.000	255.000	255.000	255.000	255.000	255.000	255.000	255.000	255.000	255.000	255.000	255.000	255.000	255.000	255.000	255.000	255.000	255.000	255.000	255.000	255.000	255.000	0.000	0.000	0.000	0.000	0.000	0.000	0.000	0.000	0.000	0.000	0.000	0.000	0.000	0.000	0.000	0.000	0.000	0.000	0.000	0.000	0.000	0.000	0.000	0.000	0.000	0.000	0.000	0.000	0.000	0.000	0.000	0.000	0.000	0.000	0.000	0.000	0.000	0.000	0.000	0.000	0.000	0.000	0.000	0.000	0.000	0.000	0.000	0.000	0.000
0.000	0.000	0.000	0.000	0.000	0.000	0.000	0.000	0.000	0.000	0.000	0.000	0.000	0.000	0.000	0.000	0.000	0.000	0.000	0.000	0.000	0.000	0.000	0.000	0.000	0.000	0.000	0.000	0.000	0.000	0.000	0.000	0.000	0.000	0.000	0.000	0.000	0.000	255.000	255.000	255.000	255.000	255.000	255.000	255.000	255.000	255.000	255.000	255.000	255.000	255.000	255.000	255.000	255.000	255.000	255.000	255.000	255.000	255.000	255.000	255.000	255.000	255.000	255.000	255.000	255.000	255.000	255.000	255.000	255.000	255.000	255.000	255.000	255.000	255.000	255.000	255.000	255.000	255.000	255.000	255.000	255.000	255.000	255.000	255.000	255.000	255.000	255.000	255.000	255.000	255.000	255.000	255.000	255.000	255.000	255.000	255.000	255.000	255.000	255.000	255.000	255.000	255.000	255.000	255.000	255.000	255.000	255.000	255.000	255.000	255.000	255.000	255.000	255.000	255.000	255.000	255.000	255.000	255.000	255.000	255.000	255.000	255.000	255.000	255.000	255.000	255.000	255.000	255.000	255.000	255.000	255.000	255.000	255.000	255.000	255.000	255.000	255.000	255.000	255.000	255.000	255.000	255.000	255.000	255.000	255.000	255.000	255.000	255.000	255.000	255.000	255.000	255.000	255.000	255.000	255.000	255.000	255.000	255.000	255.000	255.000	255.000	255.000	255.000	255.000	255.000	255.000	255.000	255.000	255.000	255.000	255.000	255.000	255.000	255.000	255.000	255.000	255.000	255.000	255.000	255.000	255.000	255.000	255.000	255.000	255.000	255.000	255.000	255.000	255.000	255.000	255.000	255.000	255.000	255.000	255.000	255.000	255.000	255.000	255.000	255.000	255.000	255.000	255.000	255.000	0.000	0.000	0.000	0.000	0.000	0.000	0.000	0.000	0.000	0.000	0.000	0.000	0.000	0.000	0.000	0.000	0.000	0.000	0.000	0.000	0.000	0.000	0.000	0.000	0.000	0.000	0.000	0.000	0.000	0.000	0.000	0.000	0.000	0.000	0.000	0.000	0.000	0.000	0.000	0.000	0.000	0.000	0.000	0.000	0.000	0.000	0.000	0.000	0.000	0.000	0.000
0.000	0.000	0.000	0.000	0.000	0.000	0.000	0.000	0.000	0.000	0.000	0.000	0.000	0.000	0.000	0.000	0.000	0.000	0.000	0.000	0.000	0.000	0.000	0.000	0.000	0.000	0.000	0.000	0.000	0.000	0.000	0.000	0.000	0.000	0.000	0.000	0.000	0.000	255.000	255.000	255.000	255.000	255.000	255.000	255.000	255.000	255.000	255.000	255.000	255.000	255.000	255.000	255.000	255.000	255.000	255.000	255.000	255.000	255.000	255.000	255.000	255.000	255.000	255.000	255.000	255.000	255.000	255.000	255.000	255.000	255.000	255.000	255.000	255.000	255.000	255.000	255.000	255.000	255.000	255.000	255.000	255.000	255.000	255.000	255.000	255.000	255.000	255.000	255.000	255.000	255.000	255.000	255.000	255.000	255.000	255.000	255.000	255.000	255.000	255.000	255.000	255.000	255.000	255.000	255.000	255.000	255.000	255.000	255.000	255.000	255.000	255.000	255.000	255.000	255.000	255.000	255.000	255.000	255.000	255.000	255.000	255.000	255.000	255.000	255.000	255.000	255.000	255.000	255.000	255.000	255.000	255.000	255.000	255.000	255.000	255.000	255.000	255.000	255.000	255.000	255.000	255.000	255.000	255.000	255.000	255.000	255.000	255.000	255.000	255.000	255.000	255.000	255.000	255.000	255.000	255.000	255.000	255.000	255.000	255.000	255.000	255.000	255.000	255.000	255.000	255.000	255.000	255.000	255.000	255.000	255.000	255.000	255.000	255.000	255.000	255.000	255.000	255.000	255.000	255.000	255.000	255.000	255.000	255.000	255.000	255.000	255.000	255.000	255.000	255.000	255.000	255.000	255.000	255.000	255.000	255.000	255.000	255.000	255.000	255.000	255.000	255.000	255.000	255.000	255.000	0.000	0.000	0.000	0.000	0.000	0.000	0.000	0.000	0.000	0.000	0.000	0.000	0.000	0.000	0.000	0.000	0.000	0.000	0.000	0.000	0.000	0.000	0.000	0.000	0.000	0.000	0.000	0.000	0.000	0.000	0.000	0.000	0.000	0.000	0.000	0.000	0.000	0.000	0.000	0.000	0.000	0.000	0.000	0.000	0.000	0.000	0.000	0.000	0.000	0.000	0.000
0.000	0.000	0.000	0.000	0.000	0.000	0.000	0.000	0.000	0.000	0.000	0.000	0.000	0.000	0.000	0.000	0.000	0.000	0.000	0.000	0.000	0.000	0.000	0.000	0.000	0.000	0.000	0.000	0.000	0.000	0.000	0.000	0.000	0.000	0.000	0.000	0.000	0.000	0.000	255.000	255.000	255.000	255.000	255.000	255.000	255.000	255.000	255.000	255.000	255.000	255.000	255.000	255.000	255.000	255.000	255.000	255.000	255.000	255.000	255.000	255.000	255.000	255.000	255.000	255.000	255.000	255.000	255.000	255.000	255.000	255.000	255.000	255.000	255.000	255.000	255.000	255.000	255.000	255.000	255.000	255.000	255.000	255.000	255.000	255.000	255.000	255.000	255.000	255.000	255.000	255.000	255.000	255.000	255.000	255.000	255.000	255.000	255.000	255.000	255.000	255.000	255.000	255.000	255.000	255.000	255.000	255.000	255.000	255.000	255.000	255.000	255.000	255.000	255.000	255.000	255.000	255.000	255.000	255.000	255.000	255.000	255.000	255.000	255.000	255.000	255.000	255.000	255.000	255.000	255.000	255.000	255.000	255.000	255.000	255.000	255.000	255.000	255.000	255.000	255.000	255.000	255.000	255.000	255.000	255.000	255.000	255.000	255.000	255.000	255.000	255.000	255.000	255.000	255.000	255.000	255.000	255.000	255.000	255.000	255.000	255.000	255.000	255.000	255.000	255.000	255.000	255.000	255.000	255.000	255.000	255.000	255.000	255.000	255.000	255.000	255.000	255.000	255.000	255.000	255.000	255.000	255.000	255.000	255.000	255.000	255.000	255.000	255.000	255.000	255.000	255.000	255.000	255.000	255.000	255.000	255.000	255.000	255.000	255.000	255.000	255.000	255.000	255.000	255.000	0.000	0.000	0.000	0.000	0.000	0.000	0.000	0.000	0.000	0.000	0.000	0.000	0.000	0.000	0.000	0.000	0.000	0.000	0.000	0.000	0.000	0.000	0.000	0.000	0.000	0.000	0.000	0.000	0.000	0.000	0.000	0.000	0.000	0.000	0.000	0.000	0.000	0.000	0.000	0.000	0.000	0.000	0.000	0.000	0.000	0.000	0.000	0.000	0.000	0.000	0.000	0.000
0.000	0.000	0.000	0.000	0.000	0.000	0.000	0.000	0.000	0.000	0.000	0.000	0.000	0.000	0.000	0.000	0.000	0.000	0.000	0.000	0.000	0.000	0.000	0.000	0.000	0.000	0.000	0.000	0.000	0.000	0.000	0.000	0.000	0.000	0.000	0.000	0.000	0.000	0.000	0.000	255.000	255.000	255.000	255.000	255.000	255.000	255.000	255.000	255.000	255.000	255.000	255.000	255.000	255.000	255.000	255.000	255.000	255.000	255.000	255.000	255.000	255.000	255.000	255.000	255.000	255.000	255.000	255.000	255.000	255.000	255.000	255.000	255.000	255.000	255.000	255.000	255.000	255.000	255.000	255.000	255.000	255.000	255.000	255.000	255.000	255.000	255.000	255.000	255.000	255.000	255.000	255.000	255.000	255.000	255.000	255.000	255.000	255.000	255.000	255.000	255.000	255.000	255.000	255.000	255.000	255.000	255.000	255.000	255.000	255.000	255.000	255.000	255.000	255.000	255.000	255.000	255.000	255.000	255.000	255.000	255.000	255.000	255.000	255.000	255.000	255.000	255.000	255.000	255.000	255.000	255.000	255.000	255.000	255.000	255.000	255.000	255.000	255.000	255.000	255.000	255.000	255.000	255.000	255.000	255.000	255.000	255.000	255.000	255.000	255.000	255.000	255.000	255.000	255.000	255.000	255.000	255.000	255.000	255.000	255.000	255.000	255.000	255.000	255.000	255.000	255.000	255.000	255.000	255.000	255.000	255.000	255.000	255.000	255.000	255.000	255.000	255.000	255.000	255.000	255.000	255.000	255.000	255.000	255.000	255.000	255.000	255.000	255.000	255.000	255.000	255.000	255.000	255.000	255.000	255.000	255.000	255.000	255.000	255.000	255.000	255.000	255.000	255.000	0.000	0.000	0.000	0.000	0.000	0.000	0.000	0.000	0.000	0.000	0.000	0.000	0.000	0.000	0.000	0.000	0.000	0.000	0.000	0.000	0.000	0.000	0.000	0.000	0.000	0.000	0.000	0.000	0.000	0.000	0.000	0.000	0.000	0.000	0.000	0.000	0.000	0.000	0.000	0.000	0.000	0.000	0.000	0.000	0.000	0.000	0.000	0.000	0.000	0.000	0.000	0.000	0.000
0.000	0.000	0.000	0.000	0.000	0.000	0.000	0.000	0.000	0.000	0.000	0.000	0.000	0.000	0.000	0.000	0.000	0.000	0.000	0.000	0.000	0.000	0.000	0.000	0.000	0.000	0.000	0.000	0.000	0.000	0.000	0.000	0.000	0.000	0.000	0.000	0.000	0.000	0.000	0.000	255.000	255.000	255.000	255.000	255.000	255.000	255.000	255.000	255.000	255.000	255.000	255.000	255.000	255.000	255.000	255.000	255.000	255.000	255.000	255.000	255.000	255.000	255.000	255.000	255.000	255.000	255.000	255.000	255.000	255.000	255.000	255.000	255.000	255.000	255.000	255.000	255.000	255.000	255.000	255.000	255.000	255.000	255.000	255.000	255.000	255.000	255.000	255.000	255.000	255.000	255.000	255.000	255.000	255.000	255.000	255.000	255.000	255.000	255.000	255.000	255.000	255.000	255.000	255.000	255.000	255.000	255.000	255.000	255.000	255.000	255.000	255.000	255.000	255.000	255.000	255.000	255.000	255.000	255.000	255.000	255.000	255.000	255.000	255.000	255.000	255.000	255.000	255.000	255.000	255.000	255.000	255.000	255.000	255.000	255.000	255.000	255.000	255.000	255.000	255.000	255.000	255.000	255.000	255.000	255.000	255.000	255.000	255.000	255.000	255.000	255.000	255.000	255.000	255.000	255.000	255.000	255.000	255.000	255.000	255.000	255.000	255.000	255.000	255.000	255.000	255.000	255.000	255.000	255.000	255.000	255.000	255.000	255.000	255.000	255.000	255.000	255.000	255.000	255.000	255.000	255.000	255.000	255.000	255.000	255.000	255.000	255.000	255.000	255.000	255.000	255.000	255.000	255.000	255.000	255.000	255.000	255.000	255.000	255.000	255.000	255.000	255.000	0.000	0.000	0.000	0.000	0.000	0.000	0.000	0.000	0.000	0.000	0.000	0.000	0.000	0.000	0.000	0.000	0.000	0.000	0.000	0.000	0.000	0.000	0.000	0.000	0.000	0.000	0.000	0.000	0.000	0.000	0.000	0.000	0.000	0.000	0.000	0.000	0.000	0.000	0.000	0.000	0.000	0.000	0.000	0.000	0.000	0.000	0.000	0.000	0.000	0.000	0.000	0.000	0.000	0.000
0.000	0.000	0.000	0.000	0.000	0.000	0.000	0.000	0.000	0.000	0.000	0.000	0.000	0.000	0.000	0.000	0.000	0.000	0.000	0.000	0.000	0.000	0.000	0.000	0.000	0.000	0.000	0.000	0.000	0.000	0.000	0.000	0.000	0.000	0.000	0.000	0.000	0.000	0.000	0.000	0.000	255.000	255.000	255.000	255.000	255.000	255.000	255.000	255.000	255.000	255.000	255.000	255.000	255.000	255.000	255.000	255.000	255.000	255.000	255.000	255.000	255.000	255.000	255.000	255.000	255.000	255.000	255.000	255.000	255.000	255.000	255.000	255.000	255.000	255.000	255.000	255.000	255.000	255.000	255.000	255.000	255.000	255.000	255.000	255.000	255.000	255.000	255.000	255.000	255.000	255.000	255.000	255.000	255.000	255.000	255.000	255.000	255.000	255.000	255.000	255.000	255.000	255.000	255.000	255.000	255.000	255.000	255.000	255.000	255.000	255.000	255.000	255.000	255.000	255.000	255.000	255.000	255.000	255.000	255.000	255.000	255.000	255.000	255.000	255.000	255.000	255.000	255.000	255.000	255.000	255.000	255.000	255.000	255.000	255.000	255.000	255.000	255.000	255.000	255.000	255.000	255.000	255.000	255.000	255.000	255.000	255.000	255.000	255.000	255.000	255.000	255.000	255.000	255.000	255.000	255.000	255.000	255.000	255.000	255.000	255.000	255.000	255.000	255.000	255.000	255.000	255.000	255.000	255.000	255.000	255.000	255.000	255.000	255.000	255.000	255.000	255.000	255.000	255.000	255.000	255.000	255.000	255.000	255.000	255.000	255.000	255.000	255.000	255.000	255.000	255.000	255.000	255.000	255.000	255.000	255.000	255.000	255.000	255.000	255.000	255.000	0.000	0.000	0.000	0.000	0.000	0.000	0.000	0.000	0.000	0.000	0.000	0.000	0.000	0.000	0.000	0.000	0.000	0.000	0.000	0.000	0.000	0.000	0.000	0.000	0.000	0.000	0.000	0.000	0.000	0.000	0.000	0.000	0.000	0.000	0.000	0.000	0.000	0.000	0.000	0.000	0.000	0.000	0.000	0.000	0.000	0.000	0.000	0.000	0.000	0.000	0.000	0.000	0.000	0.000	0.000
0.000	0.000	0.000	0.000	0.000	0.000	0.000	0.000	0.000	0.000	0.000	0.000	0.000	0.000	0.000	0.000	0.000	0.000	0.000	0.000	0.000	0.000	0.000	0.000	0.000	0.000	0.000	0.000	0.000	0.000	0.000	0.000	0.000	0.000	0.000	0.000	0.000	0.000	0.000	0.000	0.000	255.000	255.000	255.000	255.000	255.000	255.000	255.000	255.000	255.000	255.000	255.000	255.000	255.000	255.000	255.000	255.000	255.000	255.000	255.000	255.000	255.000	255.000	255.000	255.000	255.000	255.000	255.000	255.000	255.000	255.000	255.000	255.000	255.000	255.000	255.000	255.000	255.000	255.000	255.000	255.000	255.000	255.000	255.000	255.000	255.000	255.000	255.000	255.000	255.000	255.000	255.000	255.000	255.000	255.000	255.000	255.000	255.000	255.000	255.000	255.000	255.000	255.000	255.000	255.000	255.000	255.000	255.000	255.000	255.000	255.000	255.000	255.000	255.000	255.000	255.000	255.000	255.000	255.000	255.000	255.000	255.000	255.000	255.000	255.000	255.000	255.000	255.000	255.000	255.000	255.000	255.000	255.000	255.000	255.000	255.000	255.000	255.000	255.000	255.000	255.000	255.000	255.000	255.000	255.000	255.000	255.000	255.000	255.000	255.000	255.000	255.000	255.000	255.000	255.000	255.000	255.000	255.000	255.000	255.000	255.000	255.000	255.000	255.000	255.000	255.000	255.000	255.000	255.000	255.000	255.000	255.000	255.000	255.000	255.000	255.000	255.000	255.000	255.000	255.000	255.000	255.000	255.000	255.000	255.000	255.000	255.000	255.000	255.000	255.000	255.000	255.000	255.000	255.000	255.000	255.000	255.000	255.000	255.000	255.000	0.000	0.000	0.000	0.000	0.000	0.000	0.000	0.000	0.000	0.000	0.000	0.000	0.000	0.000	0.000	0.000	0.000	0.000	0.000	0.000	0.000	0.000	0.000	0.000	0.000	0.000	0.000	0.000	0.000	0.000	0.000	0.000	0.000	0.000	0.000	0.000	0.000	0.000	0.000	0.000	0.000	0.000	0.000	0.000	0.000	0.000	0.000	0.000	0.000	0.000	0.000	0.000	0.000	0.000	0.000	0.000
0.000	0.000	0.000	0.000	0.000	0.000	0.000	0.000	0.000	0.000	0.000	0.000	0.000	0.000	0.000	0.000	0.000	0.000	0.000	0.000	0.000	0.000	0.000	0.000	0.000	0.000	0.000	0.000	0.000	0.000	0.000	0.000	0.000	0.000	0.000	0.000	0.000	0.000	0.000	0.000	0.000	255.000	255.000	255.000	255.000	255.000	255.000	255.000	255.000	255.000	255.000	255.000	255.000	255.000	255.000	255.000	255.000	255.000	255.000	255.000	255.000	255.000	255.000	255.000	255.000	255.000	255.000	255.000	255.000	255.000	255.000	255.000	255.000	255.000	255.000	255.000	255.000	255.000	255.000	255.000	255.000	255.000	255.000	255.000	255.000	255.000	255.000	255.000	255.000	255.000	255.000	255.000	255.000	255.000	255.000	255.000	255.000	255.000	255.000	255.000	255.000	255.000	255.000	255.000	255.000	255.000	255.000	255.000	255.000	255.000	255.000	255.000	255.000	255.000	255.000	255.000	255.000	255.000	255.000	255.000	255.000	255.000	255.000	255.000	255.000	255.000	255.000	255.000	255.000	255.000	255.000	255.000	255.000	255.000	255.000	255.000	255.000	255.000	255.000	255.000	255.000	255.000	255.000	255.000	255.000	255.000	255.000	255.000	255.000	255.000	255.000	255.000	255.000	255.000	255.000	255.000	255.000	255.000	255.000	255.000	255.000	255.000	255.000	255.000	255.000	255.000	255.000	255.000	255.000	255.000	255.000	255.000	255.000	255.000	255.000	255.000	255.000	255.000	255.000	255.000	255.000	255.000	255.000	255.000	255.000	255.000	255.000	255.000	255.000	255.000	255.000	255.000	255.000	255.000	255.000	255.000	255.000	255.000	255.000	0.000	0.000	0.000	0.000	0.000	0.000	0.000	0.000	0.000	0.000	0.000	0.000	0.000	0.000	0.000	0.000	0.000	0.000	0.000	0.000	0.000	0.000	0.000	0.000	0.000	0.000	0.000	0.000	0.000	0.000	0.000	0.000	0.000	0.000	0.000	0.000	0.000	0.000	0.000	0.000	0.000	0.000	0.000	0.000	0.000	0.000	0.000	0.000	0.000	0.000	0.000	0.000	0.000	0.000	0.000	0.000	0.000
0.000	0.000	0.000	0.000	0.000	0.000	0.000	0.000	0.000	0.000	0.000	0.000	0.000	0.000	0.000	0.000	0.000	0.000	0.000	0.000	0.000	0.000	0.000	0.000	0.000	0.000	0.000	0.000	0.000	0.000	0.000	0.000	0.000	0.000	0.000	0.000	0.000	0.000	0.000	0.000	0.000	0.000	255.000	255.000	255.000	255.000	255.000	255.000	255.000	255.000	255.000	255.000	255.000	255.000	255.000	255.000	255.000	255.000	255.000	255.000	255.000	255.000	255.000	255.000	255.000	255.000	255.000	255.000	255.000	255.000	255.000	255.000	255.000	255.000	255.000	255.000	255.000	255.000	255.000	255.000	255.000	255.000	255.000	255.000	255.000	255.000	255.000	255.000	255.000	255.000	255.000	255.000	255.000	255.000	255.000	255.000	255.000	255.000	255.000	255.000	255.000	255.000	255.000	255.000	255.000	255.000	255.000	255.000	255.000	255.000	255.000	255.000	255.000	255.000	255.000	255.000	255.000	255.000	255.000	255.000	255.000	255.000	255.000	255.000	255.000	255.000	255.000	255.000	255.000	255.000	255.000	255.000	255.000	255.000	255.000	255.000	255.000	255.000	255.000	255.000	255.000	255.000	255.000	255.000	255.000	255.000	255.000	255.000	255.000	255.000	255.000	255.000	255.000	255.000	255.000	255.000	255.000	255.000	255.000	255.000	255.000	255.000	255.000	255.000	255.000	255.000	255.000	255.000	255.000	255.000	255.000	255.000	255.000	255.000	255.000	255.000	255.000	255.000	255.000	255.000	255.000	255.000	255.000	255.000	255.000	255.000	255.000	255.000	255.000	255.000	255.000	255.000	255.000	255.000	255.000	255.000	255.000	255.000	0.000	0.000	0.000	0.000	0.000	0.000	0.000	0.000	0.000	0.000	0.000	0.000	0.000	0.000	0.000	0.000	0.000	0.000	0.000	0.000	0.000	0.000	0.000	0.000	0.000	0.000	0.000	0.000	0.000	0.000	0.000	0.000	0.000	0.000	0.000	0.000	0.000	0.000	0.000	0.000	0.000	0.000	0.000	0.000	0.000	0.000	0.000	0.000	0.000	0.000	0.000	0.000	0.000	0.000	0.000	0.000	0.000	0.000
0.000	0.000	0.000	0.000	0.000	0.000	0.000	0.000	0.000	0.000	0.000	0.000	0.000	0.000	0.000	0.000	0.000	0.000	0.000	0.000	0.000	0.000	0.000	0.000	0.000	0.000	0.000	0.000	0.000	0.000	0.000	0.000	0.000	0.000	0.000	0.000	0.000	0.000	0.000	0.000	0.000	0.000	255.000	255.000	255.000	255.000	255.000	255.000	255.000	255.000	255.000	255.000	255.000	255.000	255.000	255.000	255.000	255.000	255.000	255.000	255.000	255.000	255.000	255.000	255.000	255.000	255.000	255.000	255.000	255.000	255.000	255.000	255.000	255.000	255.000	255.000	255.000	255.000	255.000	255.000	255.000	255.000	255.000	255.000	255.000	255.000	255.000	255.000	255.000	255.000	255.000	255.000	255.000	255.000	255.000	255.000	255.000	255.000	255.000	255.000	255.000	255.000	255.000	255.000	255.000	255.000	255.000	255.000	255.000	255.000	255.000	255.000	255.000	255.000	255.000	255.000	255.000	255.000	255.000	255.000	255.000	255.000	255.000	255.000	255.000	255.000	255.000	255.000	255.000	255.000	255.000	255.000	255.000	255.000	255.000	255.000	255.000	255.000	255.000	255.000	255.000	255.000	255.000	255.000	255.000	255.000	255.000	255.000	255.000	255.000	255.000	255.000	255.000	255.000	255.000	255.000	255.000	255.000	255.000	255.000	255.000	255.000	255.000	255.000	255.000	255.000	255.000	255.000	255.000	255.000	255.000	255.000	255.000	255.000	255.000	255.000	255.000	255.000	255.000	255.000	255.000	255.000	255.000	255.000	255.000	255.000	255.000	255.000	255.000	255.000	255.000	255.000	255.000	255.000	255.000	255.000	255.000	255.000	0.000	0.000	0.000	0.000	0.000	0.000	0.000	0.000	0.000	0.000	0.000	0.000	0.000	0.000	0.000	0.000	0.000	0.000	0.000	0.000	0.000	0.000	0.000	0.000	0.000	0.000	0.000	0.000	0.000	0.000	0.000	0.000	0.000	0.000	0.000	0.000	0.000	0.000	0.000	0.000	0.000	0.000	0.000	0.000	0.000	0.000	0.000	0.000	0.000	0.000	0.000	0.000	0.000	0.000	0.000	0.000	0.000	0.000
0.000	0.000	0.000	0.000	0.000	0.000	0.000	0.000	0.000	0.000	0.000	0.000	0.000	0.000	0.000	0.000	0.000	0.000	0.000	0.000	0.000	0.000	0.000	0.000	0.000	0.000	0.000	0.000	0.000	0.000	0.000	0.000	0.000	0.000	0.000	0.000	0.000	0.000	0.000	0.000	0.000	0.000	0.000	255.000	255.000	255.000	255.000	255.000	255.000	255.000	255.000	255.000	255.000	255.000	255.000	255.000	255.000	255.000	255.000	255.000	255.000	255.000	255.000	255.000	255.000	255.000	255.000	255.000	255.000	255.000	255.000	255.000	255.000	255.000	255.000	255.000	255.000	255.000	255.000	255.000	255.000	255.000	255.000	255.000	255.000	255.000	255.000	255.000	255.000	255.000	255.000	255.000	255.000	255.000	255.000	255.000	255.000	255.000	255.000	255.000	255.000	255.000	255.000	255.000	255.000	255.000	255.000	255.000	255.000	255.000	255.000	255.000	255.000	255.000	255.000	255.000	255.000	255.000	255.000	255.000	255.000	255.000	255.000	255.000	255.000	255.000	255.000	255.000	255.000	255.000	255.000	255.000	255.000	255.000	255.000	255.000	255.000	255.000	255.000	255.000	255.000	255.000	255.000	255.000	255.000	255.000	255.000	255.000	255.000	255.000	255.000	255.000	255.000	255.000	255.000	255.000	255.000	255.000	255.000	255.000	255.000	255.000	255.000	255.000	255.000	255.000	255.000	255.000	255.000	255.000	255.000	255.000	255.000	255.000	255.000	255.000	255.000	255.000	255.000	255.000	255.000	255.000	255.000	255.000	255.000	255.000	255.000	255.000	255.000	255.000	255.000	255.000	255.000	255.000	255.000	255.000	255.000	0.000	0.000	0.000	0.000	0.000	0.000	0.000	0.000	0.000	0.000	0.000	0.000	0.000	0.000	0.000	0.000	0.000	0.000	0.000	0.000	0.000	0.000	0.000	0.000	0.000	0.000	0.000	0.000	0.000	0.000	0.000	0.000	0.000	0.000	0.000	0.000	0.000	0.000	0.000	0.000	0.000	0.000	0.000	0.000	0.000	0.000	0.000	0.000	0.000	0.000	0.000	0.000	0.000	0.000	0.000	0.000	0.000	0.000	0.000
0.000	0.000	0.000	0.000	0.000	0.000	0.000	0.000	0.000	0.000	0.000	0.000	0.000	0.000	0.000	0.000	0.000	0.000	0.000	0.000	0.000	0.000	0.000	0.000	0.000	0.000	0.000	0.000	0.000	0.000	0.000	0.000	0.000	0.000	0.000	0.000	0.000	0.000	0.000	0.000	0.000	0.000	0.000	255.000	255.000	255.000	255.000	255.000	255.000	255.000	255.000	255.000	255.000	255.000	255.000	255.000	255.000	255.000	255.000	255.000	255.000	255.000	255.000	255.000	255.000	255.000	255.000	255.000	255.000	255.000	255.000	255.000	255.000	255.000	255.000	255.000	255.000	255.000	255.000	255.000	255.000	255.000	255.000	255.000	255.000	255.000	255.000	255.000	255.000	255.000	255.000	255.000	255.000	255.000	255.000	255.000	255.000	255.000	255.000	255.000	255.000	255.000	255.000	255.000	255.000	255.000	255.000	255.000	255.000	255.000	255.000	255.000	255.000	255.000	255.000	255.000	255.000	255.000	255.000	255.000	255.000	255.000	255.000	255.000	255.000	255.000	255.000	255.000	255.000	255.000	255.000	255.000	255.000	255.000	255.000	255.000	255.000	255.000	255.000	255.000	255.000	255.000	255.000	255.000	255.000	255.000	255.000	255.000	255.000	255.000	255.000	255.000	255.000	255.000	255.000	255.000	255.000	255.000	255.000	255.000	255.000	255.000	255.000	255.000	255.000	255.000	255.000	255.000	255.000	255.000	255.000	255.000	255.000	255.000	255.000	255.000	255.000	255.000	255.000	255.000	255.000	255.000	255.000	255.000	255.000	255.000	255.000	255.000	255.000	255.000	255.000	255.000	255.000	255.000	255.000	255.000	255.000	0.000	0.000	0.000	0.000	0.000	0.000	0.000	0.000	0.000	0.000	0.000	0.000	0.000	0.000	0.000	0.000	0.000	0.000	0.000	0.000	0.000	0.000	0.000	0.000	0.000	0.000	0.000	0.000	0.000	0.000	0.000	0.000	0.000	0.000	0.000	0.000	0.000	0.000	0.000	0.000	0.000	0.000	0.000	0.000	0.000	0.000	0.000	0.000	0.000	0.000	0.000	0.000	0.000	0.000	0.000	0.000	0.000	0.000	0.000
0.000	0.000	0.000	0.000	0.000	0.000	0.000	0.000	0.000	0.000	0.000	0.000	0.000	0.000	0.000	0.000	0.000	0.000	0.000	0.000	0.000	0.000	0.000	0.000	0.000	0.000	0.000	0.000	0.000	0.000	0.000	0.000	0.000	0.000	0.000	0.000	0.000	0.000	0.000	0.000	0.000	0.000	0.000	255.000	255.000	255.000	255.000	255.000	255.000	255.000	255.000	255.000	255.000	255.000	255.000	255.000	255.000	255.000	255.000	255.000	255.000	255.000	255.000	255.000	255.000	255.000	255.000	255.000	255.000	255.000	255.000	255.000	255.000	255.000	255.000	255.000	255.000	255.000	255.000	255.000	255.000	255.000	255.000	255.000	255.000	255.000	255.000	255.000	255.000	255.000	255.000	255.000	255.000	255.000	255.000	255.000	255.000	255.000	255.000	255.000	255.000	255.000	255.000	255.000	255.000	255.000	255.000	255.000	255.000	255.000	255.000	255.000	255.000	255.000	255.000	255.000	255.000	255.000	255.000	255.000	255.000	255.000	255.000	255.000	255.000	255.000	255.000	255.000	255.000	255.000	255.000	255.000	255.000	255.000	255.000	255.000	255.000	255.000	255.000	255.000	255.000	255.000	255.000	255.000	255.000	255.000	255.000	255.000	255.000	255.000	255.000	255.000	255.000	255.000	255.000	255.000	255.000	255.000	255.000	255.000	255.000	255.000	255.000	255.000	255.000	255.000	255.000	255.000	255.000	255.000	255.000	255.000	255.000	255.000	255.000	255.000	255.000	255.000	255.000	255.000	255.000	255.000	255.000	255.000	255.000	255.000	255.000	255.000	255.000	255.000	255.000	255.000	255.000	255.000	255.000	255.000	0.000	0.000	0.000	0.000	0.000	0.000	0.000	0.000	0.000	0.000	0.000	0.000	0.000	0.000	0.000	0.000	0.000	0.000	0.000	0.000	0.000	0.000	0.000	0.000	0.000	0.000	0.000	0.000	0.000	0.000	0.000	0.000	0.000	0.000	0.000	0.000	0.000	0.000	0.000	0.000	0.000	0.000	0.000	0.000	0.000	0.000	0.000	0.000	0.000	0.000	0.000	0.000	0.000	0.000	0.000	0.000	0.000	0.000	0.000	0.000
0.000	0.000	0.000	0.000	0.000	0.000	0.000	0.000	0.000	0.000	0.000	0.000	0.000	0.000	0.000	0.000	0.000	0.000	0.000	0.000	0.000	0.000	0.000	0.000	0.000	0.000	0.000	0.000	0.000	0.000	0.000	0.000	0.000	0.000	0.000	0.000	0.000	0.000	0.000	0.000	0.000	0.000	0.000	0.000	255.000	255.000	255.000	255.000	255.000	255.000	255.000	255.000	255.000	255.000	255.000	255.000	255.000	255.000	255.000	255.000	255.000	255.000	255.000	255.000	255.000	255.000	255.000	255.000	255.000	255.000	255.000	255.000	255.000	255.000	255.000	255.000	255.000	255.000	255.000	255.000	255.000	255.000	255.000	255.000	255.000	255.000	255.000	255.000	255.000	255.000	255.000	255.000	255.000	255.000	255.000	255.000	255.000	255.000	255.000	255.000	255.000	255.000	255.000	255.000	255.000	255.000	255.000	255.000	255.000	255.000	255.000	255.000	255.000	255.000	255.000	255.000	255.000	255.000	255.000	255.000	255.000	255.000	255.000	255.000	255.000	255.000	255.000	255.000	255.000	255.000	255.000	255.000	255.000	255.000	255.000	255.000	255.000	255.000	255.000	255.000	255.000	255.000	255.000	255.000	255.000	255.000	255.000	255.000	255.000	255.000	255.000	255.000	255.000	255.000	255.000	255.000	255.000	255.000	255.000	255.000	255.000	255.000	255.000	255.000	255.000	255.000	255.000	255.000	255.000	255.000	255.000	255.000	255.000	255.000	255.000	255.000	255.000	255.000	255.000	255.000	255.000	255.000	255.000	255.000	255.000	255.000	255.000	255.000	255.000	255.000	255.000	255.000	255.000	255.000	255.000	255.000	0.000	0.000	0.000	0.000	0.000	0.000	0.000	0.000	0.000	0.000	0.000	0.000	0.000	0.000	0.000	0.000	0.000	0.000	0.000	0.000	0.000	0.000	0.000	0.000	0.000	0.000	0.000	0.000	0.000	0.000	0.000	0.000	0.000	0.000	0.000	0.000	0.000	0.000	0.000	0.000	0.000	0.000	0.000	0.000	0.000	0.000	0.000	0.000	0.000	0.000	0.000	0.000	0.000	0.000	0.000	0.000	0.000	0.000	0.000	0.000
0.000	0.000	0.000	0.000	0.000	0.000	0.000	0.000	0.000	0.000	0.000	0.000	0.000	0.000	0.000	0.000	0.000	0.000	0.000	0.000	0.000	0.000	0.000	0.000	0.000	0.000	0.000	0.000	0.000	0.000	0.000	0.000	0.000	0.000	0.000	0.000	0.000	0.000	0.000	0.000	0.000	0.000	0.000	0.000	255.000	255.000	255.000	255.000	255.000	255.000	255.000	255.000	255.000	255.000	255.000	255.000	255.000	255.000	255.000	255.000	255.000	255.000	255.000	255.000	255.000	255.000	255.000	255.000	255.000	255.000	255.000	255.000	255.000	255.000	255.000	255.000	255.000	255.000	255.000	255.000	255.000	255.000	255.000	255.000	255.000	255.000	255.000	255.000	255.000	255.000	255.000	255.000	255.000	255.000	255.000	255.000	255.000	255.000	255.000	255.000	255.000	255.000	255.000	255.000	255.000	255.000	255.000	255.000	255.000	255.000	255.000	255.000	255.000	255.000	255.000	255.000	255.000	255.000	255.000	255.000	255.000	255.000	255.000	255.000	255.000	255.000	255.000	255.000	255.000	255.000	255.000	255.000	255.000	255.000	255.000	255.000	255.000	255.000	255.000	255.000	255.000	255.000	255.000	255.000	255.000	255.000	255.000	255.000	255.000	255.000	255.000	255.000	255.000	255.000	255.000	255.000	255.000	255.000	255.000	255.000	255.000	255.000	255.000	255.000	255.000	255.000	255.000	255.000	255.000	255.000	255.000	255.000	255.000	255.000	255.000	255.000	255.000	255.000	255.000	255.000	255.000	255.000	255.000	255.000	255.000	255.000	255.000	255.000	255.000	255.000	255.000	255.000	255.000	255.000	255.000	0.000	0.000	0.000	0.000	0.000	0.000	0.000	0.000	0.000	0.000	0.000	0.000	0.000	0.000	0.000	0.000	0.000	0.000	0.000	0.000	0.000	0.000	0.000	0.000	0.000	0.000	0.000	0.000	0.000	0.000	0.000	0.000	0.000	0.000	0.000	0.000	0.000	0.000	0.000	0.000	0.000	0.000	0.000	0.000	0.000	0.000	0.000	0.000	0.000	0.000	0.000	0.000	0.000	0.000	0.000	0.000	0.000	0.000	0.000	0.000	0.000
0.000	0.000	0.000	0.000	0.000	0.000	0.000	0.000	0.000	0.000	0.000	0.000	0.000	0.000	0.000	0.000	0.000	0.000	0.000	0.000	0.000	0.000	0.000	0.000	0.000	0.000	0.000	0.000	0.000	0.000	0.000	0.000	0.000	0.000	0.000	0.000	0.000	0.000	0.000	0.000	0.000	0.000	0.000	0.000	255.000	255.000	255.000	255.000	255.000	255.000	255.000	255.000	255.000	255.000	255.000	255.000	255.000	255.000	255.000	255.000	255.000	255.000	255.000	255.000	255.000	255.000	255.000	255.000	255.000	255.000	255.000	255.000	255.000	255.000	255.000	255.000	255.000	255.000	255.000	255.000	255.000	255.000	255.000	255.000	255.000	255.000	255.000	255.000	255.000	255.000	255.000	255.000	255.000	255.000	255.000	255.000	255.000	255.000	255.000	255.000	255.000	255.000	255.000	255.000	255.000	255.000	255.000	255.000	255.000	255.000	255.000	255.000	255.000	255.000	255.000	255.000	255.000	255.000	255.000	255.000	255.000	255.000	255.000	255.000	255.000	255.000	255.000	255.000	255.000	255.000	255.000	255.000	255.000	255.000	255.000	255.000	255.000	255.000	255.000	255.000	255.000	255.000	255.000	255.000	255.000	255.000	255.000	255.000	255.000	255.000	255.000	255.000	255.000	255.000	255.000	255.000	255.000	255.000	255.000	255.000	255.000	255.000	255.000	255.000	255.000	255.000	255.000	255.000	255.000	255.000	255.000	255.000	255.000	255.000	255.000	255.000	255.000	255.000	255.000	255.000	255.000	255.000	255.000	255.000	255.000	255.000	255.000	255.000	255.000	255.000	255.000	255.000	255.000	255.000	255.000	0.000	0.000	0.000	0.000	0.000	0.000	0.000	0.000	0.000	0.000	0.000	0.000	0.000	0.000	0.000	0.000	0.000	0.000	0.000	0.000	0.000	0.000	0.000	0.000	0.000	0.000	0.000	0.000	0.000	0.000	0.000	0.000	0.000	0.000	0.000	0.000	0.000	0.000	0.000	0.000	0.000	0.000	0.000	0.000	0.000	0.000	0.000	0.000	0.000	0.000	0.000	0.000	0.000	0.000	0.000	0.000	0.000	0.000	0.000	0.000	0.000
0.000	0.000	0.000	0.000	0.000	0.000	0.000	0.000	0.000	0.000	0.000	0.000	0.000	0.000	0.000	0.000	0.000	0.000	0.000	0.000	0.000	0.000	0.000	0.000	0.000	0.000	0.000	0.000	0.000	0.000	0.000	0.000	0.000	0.000	0.000	0.000	0.000	0.000	0.000	0.000	0.000	0.000	0.000	0.000	0.000	255.000	255.000	255.000	255.000	255.000	255.000	255.000	255.000	255.000	255.000	255.000	255.000	255.000	255.000	255.000	255.000	255.000	255.000	255.000	255.000	255.000	255.000	255.000	255.000	255.000	255.000	255.000	255.000	255.000	255.000	255.000	255.000	255.000	255.000	255.000	255.000	255.000	255.000	255.000	255.000	255.000	255.000	255.000	255.000	255.000	255.000	255.000	255.000	255.000	255.000	255.000	255.000	255.000	255.000	255.000	255.000	255.000	255.000	255.000	255.000	255.000	255.000	255.000	255.000	255.000	255.000	255.000	255.000	255.000	255.000	255.000	255.000	255.000	255.000	255.000	255.000	255.000	255.000	255.000	255.000	255.000	255.000	255.000	255.000	255.000	255.000	255.000	255.000	255.000	255.000	255.000	255.000	255.000	255.000	255.000	255.000	255.000	255.000	255.000	255.000	255.000	255.000	255.000	255.000	255.000	255.000	255.000	255.000	255.000	255.000	255.000	255.000	255.000	255.000	255.000	255.000	255.000	255.000	255.000	255.000	255.000	255.000	255.000	255.000	255.000	255.000	255.000	255.000	255.000	255.000	255.000	255.000	255.000	255.000	255.000	255.000	255.000	255.000	255.000	255.000	255.000	255.000	255.000	255.000	255.000	255.000	255.000	255.000	255.000	0.000	0.000	0.000	0.000	0.000	0.000	0.000	0.000	0.000	0.000	0.000	0.000	0.000	0.000	0.000	0.000	0.000	0.000	0.000	0.000	0.000	0.000	0.000	0.000	0.000	0.000	0.000	0.000	0.000	0.000	0.000	0.000	0.000	0.000	0.000	0.000	0.000	0.000	0.000	0.000	0.000	0.000	0.000	0.000	0.000	0.000	0.000	0.000	0.000	0.000	0.000	0.000	0.000	0.000	0.000	0.000	0.000	0.000	0.000	0.000	0.000	0.000
0.000	0.000	0.000	0.000	0.000	0.000	0.000	0.000	0.000	0.000	0.000	0.000	0.000	0.000	0.000	0.000	0.000	0.000	0.000	0.000	0.000	0.000	0.000	0.000	0.000	0.000	0.000	0.000	0.000	0.000	0.000	0.000	0.000	0.000	0.000	0.000	0.000	0.000	0.000	0.000	0.000	0.000	0.000	0.000	0.000	0.000	255.000	255.000	255.000	255.000	255.000	255.000	255.000	255.000	255.000	255.000	255.000	255.000	255.000	255.000	255.000	255.000	255.000	255.000	255.000	255.000	255.000	255.000	255.000	255.000	255.000	255.000	255.000	255.000	255.000	255.000	255.000	255.000	255.000	255.000	255.000	255.000	255.000	255.000	255.000	255.000	255.000	255.000	255.000	255.000	255.000	255.000	255.000	255.000	255.000	255.000	255.000	255.000	255.000	255.000	255.000	255.000	255.000	255.000	255.000	255.000	255.000	255.000	255.000	255.000	255.000	255.000	255.000	255.000	255.000	255.000	255.000	255.000	255.000	255.000	255.000	255.000	255.000	255.000	255.000	255.000	255.000	255.000	255.000	255.000	255.000	255.000	255.000	255.000	255.000	255.000	255.000	255.000	255.000	255.000	255.000	255.000	255.000	255.000	255.000	255.000	255.000	255.000	255.000	255.000	255.000	255.000	255.000	255.000	255.000	255.000	255.000	255.000	255.000	255.000	255.000	255.000	255.000	255.000	255.000	255.000	255.000	255.000	255.000	255.000	255.000	255.000	255.000	255.000	255.000	255.000	255.000	255.000	255.000	255.000	255.000	255.000	255.000	255.000	255.000	255.000	255.000	255.000	255.000	255.000	255.000	255.000	255.000	255.000	0.000	0.000	0.000	0.000	0.000	0.000	0.000	0.000	0.000	0.000	0.000	0.000	0.000	0.000	0.000	0.000	0.000	0.000	0.000	0.000	0.000	0.000	0.000	0.000	0.000	0.000	0.000	0.000	0.000	0.000	0.000	0.000	0.000	0.000	0.000	0.000	0.000	0.000	0.000	0.000	0.000	0.000	0.000	0.000	0.000	0.000	0.000	0.000	0.000	0.000	0.000	0.000	0.000	0.000	0.000	0.000	0.000	0.000	0.000	0.000	0.000	0.000
0.000	0.000	0.000	0.000	0.000	0.000	0.000	0.000	0.000	0.000	0.000	0.000	0.000	0.000	0.000	0.000	0.000	0.000	0.000	0.000	0.000	0.000	0.000	0.000	0.000	0.000	0.000	0.000	0.000	0.000	0.000	0.000	0.000	0.000	0.000	0.000	0.000	0.000	0.000	0.000	0.000	0.000	0.000	0.000	0.000	0.000	255.000	255.000	255.000	255.000	255.000	255.000	255.000	255.000	255.000	255.000	255.000	255.000	255.000	255.000	255.000	255.000	255.000	255.000	255.000	255.000	255.000	255.000	255.000	255.000	255.000	255.000	255.000	255.000	255.000	255.000	255.000	255.000	255.000	255.000	255.000	255.000	255.000	255.000	255.000	255.000	255.000	255.000	255.000	255.000	255.000	255.000	255.000	255.000	255.000	255.000	255.000	255.000	255.000	255.000	255.000	255.000	255.000	255.000	255.000	255.000	255.000	255.000	255.000	255.000	255.000	255.000	255.000	255.000	255.000	255.000	255.000	255.000	255.000	255.000	255.000	255.000	255.000	255.000	255.000	255.000	255.000	255.000	255.000	255.000	255.000	255.000	255.000	255.000	255.000	255.000	255.000	255.000	255.000	255.000	255.000	255.000	255.000	255.000	255.000	255.000	255.000	255.000	255.000	255.000	255.000	255.000	255.000	255.000	255.000	255.000	255.000	255.000	255.000	255.000	255.000	255.000	255.000	255.000	255.000	255.000	255.000	255.000	255.000	255.000	255.000	255.000	255.000	255.000	255.000	255.000	255.000	255.000	255.000	255.000	255.000	255.000	255.000	255.000	255.000	255.000	255.000	255.000	255.000	255.000	255.000	255.000	255.000	255.000	0.000	0.000	0.000	0.000	0.000	0.000	0.000	0.000	0.000	0.000	0.000	0.000	0.000	0.000	0.000	0.000	0.000	0.000	0.000	0.000	0.000	0.000	0.000	0.000	0.000	0.000	0.000	0.000	0.000	0.000	0.000	0.000	0.000	0.000	0.000	0.000	0.000	0.000	0.000	0.000	0.000	0.000	0.000	0.000	0.000	0.000	0.000	0.000	0.000	0.000	0.000	0.000	0.000	0.000	0.000	0.000	0.000	0.000	0.000	0.000	0.000	0.000
0.000	0.000	0.000	0.000	0.000	0.000	0.000	0.000	0.000	0.000	0.000	0.000	0.000	0.000	0.000	0.000	0.000	0.000	0.000	0.000	0.000	0.000	0.000	0.000	0.000	0.000	0.000	0.000	0.000	0.000	0.000	0.000	0.000	0.000	0.000	0.000	0.000	0.000	0.000	0.000	0.000	0.000	0.000	0.000	0.000	0.000	0.000	255.000	255.000	255.000	255.000	255.000	255.000	255.000	255.000	255.000	255.000	255.000	255.000	255.000	255.000	255.000	255.000	255.000	255.000	255.000	255.000	255.000	255.000	255.000	255.000	255.000	255.000	255.000	255.000	255.000	255.000	255.000	255.000	255.000	255.000	255.000	255.000	255.000	255.000	255.000	255.000	255.000	255.000	255.000	255.000	255.000	255.000	255.000	255.000	255.000	255.000	255.000	255.000	255.000	255.000	255.000	255.000	255.000	255.000	255.000	255.000	255.000	255.000	255.000	255.000	255.000	255.000	255.000	255.000	255.000	255.000	255.000	255.000	255.000	255.000	255.000	255.000	255.000	255.000	255.000	255.000	255.000	255.000	255.000	255.000	255.000	255.000	255.000	255.000	255.000	255.000	255.000	255.000	255.000	255.000	255.000	255.000	255.000	255.000	255.000	255.000	255.000	255.000	255.000	255.000	255.000	255.000	255.000	255.000	255.000	255.000	255.000	255.000	255.000	255.000	255.000	255.000	255.000	255.000	255.000	255.000	255.000	255.000	255.000	255.000	255.000	255.000	255.000	255.000	255.000	255.000	255.000	255.000	255.000	255.000	255.000	255.000	255.000	255.000	255.000	255.000	255.000	255.000	255.000	255.000	255.000	255.000	255.000	0.000	0.000	0.000	0.000	0.000	0.000	0.000	0.000	0.000	0.000	0.000	0.000	0.000	0.000	0.000	0.000	0.000	0.000	0.000	0.000	0.000	0.000	0.000	0.000	0.000	0.000	0.000	0.000	0.000	0.000	0.000	0.000	0.000	0.000	0.000	0.000	0.000	0.000	0.000	0.000	0.000	0.000	0.000	0.000	0.000	0.000	0.000	0.000	0.000	0.000	0.000	0.000	0.000	0.000	0.000	0.000	0.000	0.000	0.000	0.000	0.000	0.000
0.000	0.000	0.000	0.000	0.000	0.000	0.000	0.000	0.000	0.000	0.000	0.000	0.000	0.000	0.000	0.000	0.000	0.000	0.000	0.000	0.000	0.000	0.000	0.000	0.000	0.000	0.000	0.000	0.000	0.000	0.000	0.000	0.000	0.000	0.000	0.000	0.000	0.000	0.000	0.000	0.000	0.000	0.000	0.000	0.000	0.000	0.000	255.000	255.000	255.000	255.000	255.000	255.000	255.000	255.000	255.000	255.000	255.000	255.000	255.000	255.000	255.000	255.000	255.000	255.000	255.000	255.000	255.000	255.000	255.000	255.000	255.000	255.000	255.000	255.000	255.000	255.000	255.000	255.000	255.000	255.000	255.000	255.000	255.000	255.000	255.000	255.000	255.000	255.000	255.000	255.000	255.000	255.000	255.000	255.000	255.000	255.000	255.000	255.000	255.000	255.000	255.000	255.000	255.000	255.000	255.000	255.000	255.000	255.000	255.000	255.000	255.000	255.000	255.000	255.000	255.000	255.000	255.000	255.000	255.000	255.000	255.000	255.000	255.000	255.000	255.000	255.000	255.000	255.000	255.000	255.000	255.000	255.000	255.000	255.000	255.000	255.000	255.000	255.000	255.000	255.000	255.000	255.000	255.000	255.000	255.000	255.000	255.000	255.000	255.000	255.000	255.000	255.000	255.000	255.000	255.000	255.000	255.000	255.000	255.000	255.000	255.000	255.000	255.000	255.000	255.000	255.000	255.000	255.000	255.000	255.000	255.000	255.000	255.000	255.000	255.000	255.000	255.000	255.000	255.000	255.000	255.000	255.000	255.000	255.000	255.000	255.000	255.000	255.000	255.000	255.000	255.000	255.000	0.000	0.000	0.000	0.000	0.000	0.000	0.000	0.000	0.000	0.000	0.000	0.000	0.000	0.000	0.000	0.000	0.000	0.000	0.000	0.000	0.000	0.000	0.000	0.000	0.000	0.000	0.000	0.000	0.000	0.000	0.000	0.000	0.000	0.000	0.000	0.000	0.000	0.000	0.000	0.000	0.000	0.000	0.000	0.000	0.000	0.000	0.000	0.000	0.000	0.000	0.000	0.000	0.000	0.000	0.000	0.000	0.000	0.000	0.000	0.000	0.000	0.000	0.000
0.000	0.000	0.000	0.000	0.000	0.000	0.000	0.000	0.000	0.000	0.000	0.000	0.000	0.000	0.000	0.000	0.000	0.000	0.000	0.000	0.000	0.000	0.000	0.000	0.000	0.000	0.000	0.000	0.000	0.000	0.000	0.000	0.000	0.000	0.000	0.000	0.000	0.000	0.000	0.000	0.000	0.000	0.000	0.000	0.000	0.000	0.000	255.000	255.000	255.000	255.000	255.000	255.000	255.000	255.000	255.000	255.000	255.000	255.000	255.000	255.000	255.000	255.000	255.000	255.000	255.000	255.000	255.000	255.000	255.000	255.000	255.000	255.000	255.000	255.000	255.000	255.000	255.000	255.000	255.000	255.000	255.000	255.000	255.000	255.000	255.000	255.000	255.000	255.000	255.000	255.000	255.000	255.000	255.000	255.000	255.000	255.000	255.000	255.000	255.000	255.000	255.000	255.000	255.000	255.000	255.000	255.000	255.000	255.000	255.000	255.000	255.000	255.000	255.000	255.000	255.000	255.000	255.000	255.000	255.000	255.000	255.000	255.000	255.000	255.000	255.000	255.000	255.000	255.000	255.000	255.000	255.000	255.000	255.000	255.000	255.000	255.000	255.000	255.000	255.000	255.000	255.000	255.000	255.000	255.000	255.000	255.000	255.000	255.000	255.000	255.000	255.000	255.000	255.000	255.000	255.000	255.000	255.000	255.000	255.000	255.000	255.000	255.000	255.000	255.000	255.000	255.000	255.000	255.000	255.000	255.000	255.000	255.000	255.000	255.000	255.000	255.000	255.000	255.000	255.000	255.000	255.000	255.000	255.000	255.000	255.000	255.000	255.000	255.000	255.000	255.000	255.000	0.000	0.000	0.000	0.000	0.000	0.000	0.000	0.000	0.000	0.000	0.000	0.000	0.000	0.000	0.000	0.000	0.000	0.000	0.000	0.000	0.000	0.000	0.000	0.000	0.000	0.000	0.000	0.000	0.000	0.000	0.000	0.000	0.000	0.000	0.000	0.000	0.000	0.000	0.000	0.000	0.000	0.000	0.000	0.000	0.000	0.000	0.000	0.000	0.000	0.000	0.000	0.000	0.000	0.000	0.000	0.000	0.000	0.000	0.000	0.000	0.000	0.000	0.000	0.000
0.000	0.000	0.000	0.000	0.000	0.000	0.000	0.000	0.000	0.000	0.000	0.000	0.000	0.000	0.000	0.000	0.000	0.000	0.000	0.000	0.000	0.000	0.000	0.000	0.000	0.000	0.000	0.000	0.000	0.000	0.000	0.000	0.000	0.000	0.000	0.000	0.000	0.000	0.000	0.000	0.000	0.000	0.000	0.000	0.000	0.000	0.000	255.000	255.000	255.000	255.000	255.000	255.000	255.000	255.000	255.000	255.000	255.000	255.000	255.000	255.000	255.000	255.000	255.000	255.000	255.000	255.000	255.000	255.000	255.000	255.000	255.000	255.000	255.000	255.000	255.000	255.000	255.000	255.000	255.000	255.000	255.000	255.000	255.000	255.000	255.000	255.000	255.000	255.000	255.000	255.000	255.000	255.000	255.000	255.000	255.000	255.000	255.000	255.000	255.000	255.000	255.000	255.000	255.000	255.000	255.000	255.000	255.000	255.000	255.000	255.000	255.000	255.000	255.000	255.000	255.000	255.000	255.000	255.000	255.000	255.000	255.000	255.000	255.000	255.000	255.000	255.000	255.000	255.000	255.000	255.000	255.000	255.000	255.000	255.000	255.000	255.000	255.000	255.000	255.000	255.000	255.000	255.000	255.000	255.000	255.000	255.000	255.000	255.000	255.000	255.000	255.000	255.000	255.000	255.000	255.000	255.000	255.000	255.000	255.000	255.000	255.000	255.000	255.000	255.000	255.000	255.000	255.000	255.000	255.000	255.000	255.000	255.000	255.000	255.000	255.000	255.000	255.000	255.000	255.000	255.000	255.000	255.000	255.000	255.000	255.000	255.000	255.000	255.000	255.000	255.000	255.000	0.000	0.000	0.000	0.000	0.000	0.000	0.000	0.000	0.000	0.000	0.000	0.000	0.000	0.000	0.000	0.000	0.000	0.000	0.000	0.000	0.000	0.000	0.000	0.000	0.000	0.000	0.000	0.000	0.000	0.000	0.000	0.000	0.000	0.000	0.000	0.000	0.000	0.000	0.000	0.000	0.000	0.000	0.000	0.000	0.000	0.000	0.000	0.000	0.000	0.000	0.000	0.000	0.000	0.000	0.000	0.000	0.000	0.000	0.000	0.000	0.000	0.000	0.000	0.000
0.000	0.000	0.000	0.000	0.000	0.000	0.000	0.000	0.000	0.000	0.000	0.000	0.000	0.000	0.000	0.000	0.000	0.000	0.000	0.000	0.000	0.000	0.000	0.000	0.000	0.000	0.000	0.000	0.000	0.000	0.000	0.000	0.000	0.000	0.000	0.000	0.000	0.000	0.000	0.000	0.000	0.000	0.000	0.000	0.000	0.000	0.000	0.000	255.000	255.000	255.000	255.000	255.000	255.000	255.000	255.000	255.000	255.000	255.000	255.000	255.000	255.000	255.000	255.000	255.000	255.000	255.000	255.000	255.000	255.000	255.000	255.000	255.000	255.000	255.000	255.000	255.000	255.000	255.000	255.000	255.000	255.000	255.000	255.000	255.000	255.000	255.000	255.000	255.000	255.000	255.000	255.000	255.000	255.000	255.000	255.000	255.000	255.000	255.000	255.000	255.000	255.000	255.000	255.000	255.000	255.000	255.000	255.000	255.000	255.000	255.000	255.000	255.000	255.000	255.000	255.000	255.000	255.000	255.000	255.000	255.000	255.000	255.000	255.000	255.000	255.000	255.000	255.000	255.000	255.000	255.000	255.000	255.000	255.000	255.000	255.000	255.000	255.000	255.000	255.000	255.000	255.000	255.000	255.000	255.000	255.000	255.000	255.000	255.000	255.000	255.000	255.000	255.000	255.000	255.000	255.000	255.000	255.000	255.000	255.000	255.000	255.000	255.000	255.000	255.000	255.000	255.000	255.000	255.000	255.000	255.000	255.000	255.000	255.000	255.000	255.000	255.000	255.000	255.000	255.000	255.000	255.000	255.000	255.000	255.000	255.000	255.000	255.000	255.000	255.000	255.000	0.000	0.000	0.000	0.000	0.000	0.000	0.000	0.000	0.000	0.000	0.000	0.000	0.000	0.000	0.000	0.000	0.000	0.000	0.000	0.000	0.000	0.000	0.000	0.000	0.000	0.000	0.000	0.000	0.000	0.000	0.000	0.000	0.000	0.000	0.000	0.000	0.000	0.000	0.000	0.000	0.000	0.000	0.000	0.000	0.000	0.000	0.000	0.000	0.000	0.000	0.000	0.000	0.000	0.000	0.000	0.000	0.000	0.000	0.000	0.000	0.000	0.000	0.000	0.000	0.000
0.000	0.000	0.000	0.000	0.000	0.000	0.000	0.000	0.000	0.000	0.000	0.000	0.000	0.000	0.000	0.000	0.000	0.000	0.000	0.000	0.000	0.000	0.000	0.000	0.000	0.000	0.000	0.000	0.000	0.000	0.000	0.000	0.000	0.000	0.000	0.000	0.000	0.000	0.000	0.000	0.000	0.000	0.000	0.000	0.000	0.000	0.000	0.000	255.000	255.000	255.000	255.000	255.000	255.000	255.000	255.000	255.000	255.000	255.000	255.000	255.000	255.000	255.000	255.000	255.000	255.000	255.000	255.000	255.000	255.000	255.000	255.000	255.000	255.000	255.000	255.000	255.000	255.000	255.000	255.000	255.000	255.000	255.000	255.000	255.000	255.000	255.000	255.000	255.000	255.000	255.000	255.000	255.000	255.000	255.000	255.000	255.000	255.000	255.000	255.000	255.000	255.000	255.000	255.000	255.000	255.000	255.000	255.000	255.000	255.000	255.000	255.000	255.000	255.000	255.000	255.000	255.000	255.000	255.000	255.000	255.000	255.000	255.000	255.000	255.000	255.000	255.000	255.000	255.000	255.000	255.000	255.000	255.000	255.000	255.000	255.000	255.000	255.000	255.000	255.000	255.000	255.000	255.000	255.000	255.000	255.000	255.000	255.000	255.000	255.000	255.000	255.000	255.000	255.000	255.000	255.000	255.000	255.000	255.000	255.000	255.000	255.000	255.000	255.000	255.000	255.000	255.000	255.000	255.000	255.000	255.000	255.000	255.000	255.000	255.000	255.000	255.000	255.000	255.000	255.000	255.000	255.000	255.000	255.000	255.000	255.000	255.000	255.000	255.000	255.000	255.000	0.000	0.000	0.000	0.000	0.000	0.000	0.000	0.000	0.000	0.000	0.000	0.000	0.000	0.000	0.000	0.000	0.000	0.000	0.000	0.000	0.000	0.000	0.000	0.000	0.000	0.000	0.000	0.000	0.000	0.000	0.000	0.000	0.000	0.000	0.000	0.000	0.000	0.000	0.000	0.000	0.000	0.000	0.000	0.000	0.000	0.000	0.000	0.000	0.000	0.000	0.000	0.000	0.000	0.000	0.000	0.000	0.000	0.000	0.000	0.000	0.000	0.000	0.000	0.000	0.000
0.000	0.000	0.000	0.000	0.000	0.000	0.000	0.000	0.000	0.000	0.000	0.000	0.000	0.000	0.000	0.000	0.000	0.000	0.000	0.000	0.000	0.000	0.000	0.000	0.000	0.000	0.000	0.000	0.000	0.000	0.000	0.000	0.000	0.000	0.000	0.000	0.000	0.000	0.000	0.000	0.000	0.000	0.000	0.000	0.000	0.000	0.000	0.000	0.000	255.000	255.000	255.000	255.000	255.000	255.000	255.000	255.000	255.000	255.000	255.000	255.000	255.000	255.000	255.000	255.000	255.000	255.000	255.000	255.000	255.000	255.000	255.000	255.000	255.000	255.000	255.000	255.000	255.000	255.000	255.000	255.000	255.000	255.000	255.000	255.000	255.000	255.000	255.000	255.000	255.000	255.000	255.000	255.000	255.000	255.000	255.000	255.000	255.000	255.000	255.000	255.000	255.000	255.000	255.000	255.000	255.000	255.000	255.000	255.000	255.000	255.000	255.000	255.000	255.000	255.000	255.000	255.000	255.000	255.000	255.000	255.000	255.000	255.000	255.000	255.000	255.000	255.000	255.000	255.000	255.000	255.000	255.000	255.000	255.000	255.000	255.000	255.000	255.000	255.000	255.000	255.000	255.000	255.000	255.000	255.000	255.000	255.000	255.000	255.000	255.000	255.000	255.000	255.000	255.000	255.000	255.000	255.000	255.000	255.000	255.000	255.000	255.000	255.000	255.000	255.000	255.000	255.000	255.000	255.000	255.000	255.000	255.000	255.000	255.000	255.000	255.000	255.000	255.000	255.000	255.000	255.000	255.000	255.000	255.000	255.000	255.000	255.000	255.000	255.000	255.000	0.000	0.000	0.000	0.000	0.000	0.000	0.000	0.000	0.000	0.000	0.000	0.000	0.000	0.000	0.000	0.000	0.000	0.000	0.000	0.000	0.000	0.000	0.000	0.000	0.000	0.000	0.000	0.000	0.000	0.000	0.000	0.000	0.000	0.000	0.000	0.000	0.000	0.000	0.000	0.000	0.000	0.000	0.000	0.000	0.000	0.000	0.000	0.000	0.000	0.000	0.000	0.000	0.000	0.000	0.000	0.000	0.000	0.000	0.000	0.000	0.000	0.000	0.000	0.000	0.000	0.000
0.000	0.000	0.000	0.000	0.000	0.000	0.000	0.000	0.000	0.000	0.000	0.000	0.000	0.000	0.000	0.000	0.000	0.000	0.000	0.000	0.000	0.000	0.000	0.000	0.000	0.000	0.000	0.000	0.000	0.000	0.000	0.000	0.000	0.000	0.000	0.000	0.000	0.000	0.000	0.000	0.000	0.000	0.000	0.000	0.000	0.000	0.000	0.000	0.000	255.000	255.000	255.000	255.000	255.000	255.000	255.000	255.000	255.000	255.000	255.000	255.000	255.000	255.000	255.000	255.000	255.000	255.000	255.000	255.000	255.000	255.000	255.000	255.000	255.000	255.000	255.000	255.000	255.000	255.000	255.000	255.000	255.000	255.000	255.000	255.000	255.000	255.000	255.000	255.000	255.000	255.000	255.000	255.000	255.000	255.000	255.000	255.000	255.000	255.000	255.000	255.000	255.000	255.000	255.000	255.000	255.000	255.000	255.000	255.000	255.000	255.000	255.000	255.000	255.000	255.000	255.000	255.000	255.000	255.000	255.000	255.000	255.000	255.000	255.000	255.000	255.000	255.000	255.000	255.000	255.000	255.000	255.000	255.000	255.000	255.000	255.000	255.000	255.000	255.000	255.000	255.000	255.000	255.000	255.000	255.000	255.000	255.000	255.000	255.000	255.000	255.000	255.000	255.000	255.000	255.000	255.000	255.000	255.000	255.000	255.000	255.000	255.000	255.000	255.000	255.000	255.000	255.000	255.000	255.000	255.000	255.000	255.000	255.000	255.000	255.000	255.000	255.000	255.000	255.000	255.000	255.000	255.000	255.000	255.000	255.000	255.000	255.000	255.000	255.000	255.000	0.000	0.000	0.000	0.000	0.000	0.000	0.000	0.000	0.000	0.000	0.000	0.000	0.000	0.000	0.000	0.000	0.000	0.000	0.000	0.000	0.000	0.000	0.000	0.000	0.000	0.000	0.000	0.000	0.000	0.000	0.000	0.000	0.000	0.000	0.000	0.000	0.000	0.000	0.000	0.000	0.000	0.000	0.000	0.000	0.000	0.000	0.000	0.000	0.000	0.000	0.000	0.000	0.000	0.000	0.000	0.000	0.000	0.000	0.000	0.000	0.000	0.000	0.000	0.000	0.000	0.000
0.000	0.000	0.000	0.000	0.000	0.000	0.000	0.000	0.000	0.000	0.000	0.000	0.000	0.000	0.000	0.000	0.000	0.000	0.000	0.000	0.000	0.000	0.000	0.000	0.000	0.000	0.000	0.000	0.000	0.000	0.000	0.000	0.000	0.000	0.000	0.000	0.000	0.000	0.000	0.000	0.000	0.000	0.000	0.000	0.000	0.000	0.000	0.000	0.000	255.000	255.000	255.000	255.000	255.000	255.000	255.000	255.000	255.000	255.000	255.000	255.000	255.000	255.000	255.000	255.000	255.000	255.000	255.000	255.000	255.000	255.000	255.000	255.000	255.000	255.000	255.000	255.000	255.000	255.000	255.000	255.000	255.000	255.000	255.000	255.000	255.000	255.000	255.000	255.000	255.000	255.000	255.000	255.000	255.000	255.000	255.000	255.000	255.000	255.000	255.000	255.000	255.000	255.000	255.000	255.000	255.000	255.000	255.000	255.000	255.000	255.000	255.000	255.000	255.000	255.000	255.000	255.000	255.000	255.000	255.000	255.000	255.000	255.000	255.000	255.000	255.000	255.000	255.000	255.000	255.000	255.000	255.000	255.000	255.000	255.000	255.000	255.000	255.000	255.000	255.000	255.000	255.000	255.000	255.000	255.000	255.000	255.000	255.000	255.000	255.000	255.000	255.000	255.000	255.000	255.000	255.000	255.000	255.000	255.000	255.000	255.000	255.000	255.000	255.000	255.000	255.000	255.000	255.000	255.000	255.000	255.000	255.000	255.000	255.000	255.000	255.000	255.000	255.000	255.000	255.000	255.000	255.000	255.000	255.000	255.000	255.000	255.000	255.000	255.000	0.000	0.000	0.000	0.000	0.000	0.000	0.000	0.000	0.000	0.000	0.000	0.000	0.000	0.000	0.000	0.000	0.000	0.000	0.000	0.000	0.000	0.000	0.000	0.000	0.000	0.000	0.000	0.000	0.000	0.000	0.000	0.000	0.000	0.000	0.000	0.000	0.000	0.000	0.000	0.000	0.000	0.000	0.000	0.000	0.000	0.000	0.000	0.000	0.000	0.000	0.000	0.000	0.000	0.000	0.000	0.000	0.000	0.000	0.000	0.000	0.000	0.000	0.000	0.000	0.000	0.000	0.000
0.000	0.000	0.000	0.000	0.000	0.000	0.000	0.000	0.000	0.000	0.000	0.000	0.000	0.000	0.000	0.000	0.000	0.000	0.000	0.000	0.000	0.000	0.000	0.000	0.000	0.000	0.000	0.000	0.000	0.000	0.000	0.000	0.000	0.000	0.000	0.000	0.000	0.000	0.000	0.000	0.000	0.000	0.000	0.000	0.000	0.000	0.000	0.000	0.000	0.000	255.000	255.000	255.000	255.000	255.000	255.000	255.000	255.000	255.000	255.000	255.000	255.000	255.000	255.000	255.000	255.000	255.000	255.000	255.000	255.000	255.000	255.000	255.000	255.000	255.000	255.000	255.000	255.000	255.000	255.000	255.000	255.000	255.000	255.000	255.000	255.000	255.000	255.000	255.000	255.000	255.000	255.000	255.000	255.000	255.000	255.000	255.000	255.000	255.000	255.000	255.000	255.000	255.000	255.000	255.000	255.000	255.000	255.000	255.000	255.000	255.000	255.000	255.000	255.000	255.000	255.000	255.000	255.000	255.000	255.000	255.000	255.000	255.000	255.000	255.000	255.000	255.000	255.000	255.000	255.000	255.000	255.000	255.000	255.000	255.000	255.000	255.000	255.000	255.000	255.000	255.000	255.000	255.000	255.000	255.000	255.000	255.000	255.000	255.000	255.000	255.000	255.000	255.000	255.000	255.000	255.000	255.000	255.000	255.000	255.000	255.000	255.000	255.000	255.000	255.000	255.000	255.000	255.000	255.000	255.000	255.000	255.000	255.000	255.000	255.000	255.000	255.000	255.000	255.000	255.000	255.000	255.000	255.000	255.000	255.000	255.000	255.000	255.000	255.000	0.000	0.000	0.000	0.000	0.000	0.000	0.000	0.000	0.000	0.000	0.000	0.000	0.000	0.000	0.000	0.000	0.000	0.000	0.000	0.000	0.000	0.000	0.000	0.000	0.000	0.000	0.000	0.000	0.000	0.000	0.000	0.000	0.000	0.000	0.000	0.000	0.000	0.000	0.000	0.000	0.000	0.000	0.000	0.000	0.000	0.000	0.000	0.000	0.000	0.000	0.000	0.000	0.000	0.000	0.000	0.000	0.000	0.000	0.000	0.000	0.000	0.000	0.000	0.000	0.000	0.000	0.000
0.000	0.000	0.000	0.000	0.000	0.000	0.000	0.000	0.000	0.000	0.000	0.000	0.000	0.000	0.000	0.000	0.000	0.000	0.000	0.000	0.000	0.000	0.000	0.000	0.000	0.000	0.000	0.000	0.000	0.000	0.000	0.000	0.000	0.000	0.000	0.000	0.000	0.000	0.000	0.000	0.000	0.000	0.000	0.000	0.000	0.000	0.000	0.000	0.000	0.000	255.000	255.000	255.000	255.000	255.000	255.000	255.000	255.000	255.000	255.000	255.000	255.000	255.000	255.000	255.000	255.000	255.000	255.000	255.000	255.000	255.000	255.000	255.000	255.000	255.000	255.000	255.000	255.000	255.000	255.000	255.000	255.000	255.000	255.000	255.000	255.000	255.000	255.000	255.000	255.000	255.000	255.000	255.000	255.000	255.000	255.000	255.000	255.000	255.000	255.000	255.000	255.000	255.000	255.000	255.000	255.000	255.000	255.000	255.000	255.000	255.000	255.000	255.000	255.000	255.000	255.000	255.000	255.000	255.000	255.000	255.000	255.000	255.000	255.000	255.000	255.000	255.000	255.000	255.000	255.000	255.000	255.000	255.000	255.000	255.000	255.000	255.000	255.000	255.000	255.000	255.000	255.000	255.000	255.000	255.000	255.000	255.000	255.000	255.000	255.000	255.000	255.000	255.000	255.000	255.000	255.000	255.000	255.000	255.000	255.000	255.000	255.000	255.000	255.000	255.000	255.000	255.000	255.000	255.000	255.000	255.000	255.000	255.000	255.000	255.000	255.000	255.000	255.000	255.000	255.000	255.000	255.000	255.000	255.000	255.000	255.000	255.000	255.000	0.000	0.000	0.000	0.000	0.000	0.000	0.000	0.000	0.000	0.000	0.000	0.000	0.000	0.000	0.000	0.000	0.000	0.000	0.000	0.000	0.000	0.000	0.000	0.000	0.000	0.000	0.000	0.000	0.000	0.000	0.000	0.000	0.000	0.000	0.000	0.000	0.000	0.000	0.000	0.000	0.000	0.000	0.000	0.000	0.000	0.000	0.000	0.000	0.000	0.000	0.000	0.000	0.000	0.000	0.000	0.000	0.000	0.000	0.000	0.000	0.000	0.000	0.000	0.000	0.000	0.000	0.000	0.000
0.000	0.000	0.000	0.000	0.000	0.000	0.000	0.000	0.000	0.000	0.000	0.000	0.000	0.000	0.000	0.000	0.000	0.000	0.000	0.000	0.000	0.000	0.000	0.000	0.000	0.000	0.000	0.000	0.000	0.000	0.000	0.000	0.000	0.000	0.000	0.000	0.000	0.000	0.000	0.000	0.000	0.000	0.000	0.000	0.000	0.000	0.000	0.000	0.000	0.000	255.000	255.000	255.000	255.000	255.000	255.000	255.000	255.000	255.000	255.000	255.000	255.000	255.000	255.000	255.000	255.000	255.000	255.000	255.000	255.000	255.000	255.000	255.000	255.000	255.000	255.000	255.000	255.000	255.000	255.000	255.000	255.000	255.000	255.000	255.000	255.000	255.000	255.000	255.000	255.000	255.000	255.000	255.000	255.000	255.000	255.000	255.000	255.000	255.000	255.000	255.000	255.000	255.000	255.000	255.000	255.000	255.000	255.000	255.000	255.000	255.000	255.000	255.000	255.000	255.000	255.000	255.000	255.000	255.000	255.000	255.000	255.000	255.000	255.000	255.000	255.000	255.000	255.000	255.000	255.000	255.000	255.000	255.000	255.000	255.000	255.000	255.000	255.000	255.000	255.000	255.000	255.000	255.000	255.000	255.000	255.000	255.000	255.000	255.000	255.000	255.000	255.000	255.000	255.000	255.000	255.000	255.000	255.000	255.000	255.000	255.000	255.000	255.000	255.000	255.000	255.000	255.000	255.000	255.000	255.000	255.000	255.000	255.000	255.000	255.000	255.000	255.000	255.000	255.000	255.000	255.000	255.000	255.000	255.000	255.000	255.000	255.000	255.000	0.000	0.000	0.000	0.000	0.000	0.000	0.000	0.000	0.000	0.000	0.000	0.000	0.000	0.000	0.000	0.000	0.000	0.000	0.000	0.000	0.000	0.000	0.000	0.000	0.000	0.000	0.000	0.000	0.000	0.000	0.000	0.000	0.000	0.000	0.000	0.000	0.000	0.000	0.000	0.000	0.000	0.000	0.000	0.000	0.000	0.000	0.000	0.000	0.000	0.000	0.000	0.000	0.000	0.000	0.000	0.000	0.000	0.000	0.000	0.000	0.000	0.000	0.000	0.000	0.000	0.000	0.000	0.000
0.000	0.000	0.000	0.000	0.000	0.000	0.000	0.000	0.000	0.000	0.000	0.000	0.000	0.000	0.000	0.000	0.000	0.000	0.000	0.000	0.000	0.000	0.000	0.000	0.000	0.000	0.000	0.000	0.000	0.000	0.000	0.000	0.000	0.000	0.000	0.000	0.000	0.000	0.000	0.000	0.000	0.000	0.000	0.000	0.000	0.000	0.000	0.000	0.000	0.000	0.000	255.000	255.000	255.000	255.000	255.000	255.000	255.000	255.000	255.000	255.000	255.000	255.000	255.000	255.000	255.000	255.000	255.000	255.000	255.000	255.000	255.000	255.000	255.000	255.000	255.000	255.000	255.000	255.000	255.000	255.000	255.000	255.000	255.000	255.000	255.000	255.000	255.000	255.000	255.000	255.000	255.000	255.000	255.000	255.000	255.000	255.000	255.000	255.000	255.000	255.000	255.000	255.000	255.000	255.000	255.000	255.000	255.000	255.000	255.000	255.000	255.000	255.000	255.000	255.000	255.000	255.000	255.000	255.000	255.000	255.000	255.000	255.000	255.000	255.000	255.000	255.000	255.000	255.000	255.000	255.000	255.000	255.000	255.000	255.000	255.000	255.000	255.000	255.000	255.000	255.000	255.000	255.000	255.000	255.000	255.000	255.000	255.000	255.000	255.000	255.000	255.000	255.000	255.000	255.000	255.000	255.000	255.000	255.000	255.000	255.000	255.000	255.000	255.000	255.000	255.000	255.000	255.000	255.000	255.000	255.000	255.000	255.000	255.000	255.000	255.000	255.000	255.000	255.000	255.000	255.000	255.000	255.000	255.000	255.000	255.000	255.000	0.000	0.000	0.000	0.000	0.000	0.000	0.000	0.000	0.000	0.000	0.000	0.000	0.000	0.000	0.000	0.000	0.000	0.000	0.000	0.000	0.000	0.000	0.000	0.000	0.000	0.000	0.000	0.000	0.000	0.000	0.000	0.000	0.000	0.000	0.000	0.000	0.000	0.000	0.000	0.000	0.000	0.000	0.000	0.000	0.000	0.000	0.000	0.000	0.000	0.000	0.000	0.000	0.000	0.000	0.000	0.000	0.000	0.000	0.000	0.000	0.000	0.000	0.000	0.000	0.000	0.000	0.000	0.000	0.000
0.000	0.000	0.000	0.000	0.000	0.000	0.000	0.000	0.000	0.000	0.000	0.000	0.000	0.000	0.000	0.000	0.000	0.000	0.000	0.000	0.000	0.000	0.000	0.000	0.000	0.000	0.000	0.000	0.000	0.000	0.000	0.000	0.000	0.000	0.000	0.000	0.000	0.000	0.000	0.000	0.000	0.000	0.000	0.000	0.000	0.000	0.000	0.000	0.000	0.000	0.000	255.000	255.000	255.000	255.000	255.000	255.000	255.000	255.000	255.000	255.000	255.000	255.000	255.000	255.000	255.000	255.000	255.000	255.000	255.000	255.000	255.000	255.000	255.000	255.000	255.000	255.000	255.000	255.000	255.000	255.000	255.000	255.000	255.000	255.000	255.000	255.000	255.000	255.000	255.000	255.000	255.000	255.000	255.000	255.000	255.000	255.000	255.000	255.000	255.000	255.000	255.000	255.000	255.000	255.000	255.000	255.000	255.000	255.000	255.000	255.000	255.000	255.000	255.000	255.000	255.000	255.000	255.000	255.000	255.000	255.000	255.000	255.000	255.000	255.000	255.000	255.000	255.000	255.000	255.000	255.000	255.000	255.000	255.000	255.000	255.000	255.000	255.000	255.000	255.000	255.000	255.000	255.000	255.000	255.000	255.000	255.000	255.000	255.000	255.000	255.000	255.000	255.000	255.000	255.000	255.000	255.000	255.000	255.000	255.000	255.000	255.000	255.000	255.000	255.000	255.000	255.000	255.000	255.000	255.000	255.000	255.000	255.000	255.000	255.000	255.000	255.000	255.000	255.000	255.000	255.000	255.000	255.000	255.000	255.000	255.000	255.000	0.000	0.000	0.000	0.000	0.000	0.000	0.000	0.000	0.000	0.000	0.000	0.000	0.000	0.000	0.000	0.000	0.000	0.000	0.000	0.000	0.000	0.000	0.000	0.000	0.000	0.000	0.000	0.000	0.000	0.000	0.000	0.000	0.000	0.000	0.000	0.000	0.000	0.000	0.000	0.000	0.000	0.000	0.000	0.000	0.000	0.000	0.000	0.000	0.000	0.000	0.000	0.000	0.000	0.000	0.000	0.000	0.000	0.000	0.000	0.000	0.000	0.000	0.000	0.000	0.000	0.000	0.000	0.000	0.000
0.000	0.000	0.000	0.000	0.000	0.000	0.000	0.000	0.000	0.000	0.000	0.000	0.000	0.000	0.000	0.000	0.000	0.000	0.000	0.000	0.000	0.000	0.000	0.000	0.000	0.000	0.000	0.000	0.000	0.000	0.000	0.000	0.000	0.000	0.000	0.000	0.000	0.000	0.000	0.000	0.000	0.000	0.000	0.000	0.000	0.000	0.000	0.000	0.000	0.000	0.000	0.000	255.000	255.000	255.000	255.000	255.000	255.000	255.000	255.000	255.000	255.000	255.000	255.000	255.000	255.000	255.000	255.000	255.000	255.000	255.000	255.000	255.000	255.000	255.000	255.000	255.000	255.000	255.000	255.000	255.000	255.000	255.000	255.000	255.000	255.000	255.000	255.000	255.000	255.000	255.000	255.000	255.000	255.000	255.000	255.000	255.000	255.000	255.000	255.000	255.000	255.000	255.000	255.000	255.000	255.000	255.000	255.000	255.000	255.000	255.000	255.000	255.000	255.000	255.000	255.000	255.000	255.000	255.000	255.000	255.000	255.000	255.000	255.000	255.000	255.000	255.000	255.000	255.000	255.000	255.000	255.000	255.000	255.000	255.000	255.000	255.000	255.000	255.000	255.000	255.000	255.000	255.000	255.000	255.000	255.000	255.000	255.000	255.000	255.000	255.000	255.000	255.000	255.000	255.000	255.000	255.000	255.000	255.000	255.000	255.000	255.000	255.000	255.000	255.000	255.000	255.000	255.000	255.000	255.000	255.000	255.000	255.000	255.000	255.000	255.000	255.000	255.000	255.000	255.000	255.000	255.000	255.000	255.000	255.000	255.000	0.000	0.000	0.000	0.000	0.000	0.000	0.000	0.000	0.000	0.000	0.000	0.000	0.000	0.000	0.000	0.000	0.000	0.000	0.000	0.000	0.000	0.000	0.000	0.000	0.000	0.000	0.000	0.000	0.000	0.000	0.000	0.000	0.000	0.000	0.000	0.000	0.000	0.000	0.000	0.000	0.000	0.000	0.000	0.000	0.000	0.000	0.000	0.000	0.000	0.000	0.000	0.000	0.000	0.000	0.000	0.000	0.000	0.000	0.000	0.000	0.000	0.000	0.000	0.000	0.000	0.000	0.000	0.000	0.000	0.000
0.000	0.000	0.000	0.000	0.000	0.000	0.000	0.000	0.000	0.000	0.000	0.000	0.000	0.000	0.000	0.000	0.000	0.000	0.000	0.000	0.000	0.000	0.000	0.000	0.000	0.000	0.000	0.000	0.000	0.000	0.000	0.000	0.000	0.000	0.000	0.000	0.000	0.000	0.000	0.000	0.000	0.000	0.000	0.000	0.000	0.000	0.000	0.000	0.000	0.000	0.000	0.000	0.000	255.000	255.000	255.000	255.000	255.000	255.000	255.000	255.000	255.000	255.000	255.000	255.000	255.000	255.000	255.000	255.000	255.000	255.000	255.000	255.000	255.000	255.000	255.000	255.000	255.000	255.000	255.000	255.000	255.000	255.000	255.000	255.000	255.000	255.000	255.000	255.000	255.000	255.000	255.000	255.000	255.000	255.000	255.000	255.000	255.000	255.000	255.000	255.000	255.000	255.000	255.000	255.000	255.000	255.000	255.000	255.000	255.000	255.000	255.000	255.000	255.000	255.000	255.000	255.000	255.000	255.000	255.000	255.000	255.000	255.000	255.000	255.000	255.000	255.000	255.000	255.000	255.000	255.000	255.000	255.000	255.000	255.000	255.000	255.000	255.000	255.000	255.000	255.000	255.000	255.000	255.000	255.000	255.000	255.000	255.000	255.000	255.000	255.000	255.000	255.000	255.000	255.000	255.000	255.000	255.000	255.000	255.000	255.000	255.000	255.000	255.000	255.000	255.000	255.000	255.000	255.000	255.000	255.000	255.000	255.000	255.000	255.000	255.000	255.000	255.000	255.000	255.000	255.000	255.000	255.000	255.000	255.000	0.000	0.000	0.000	0.000	0.000	0.000	0.000	0.000	0.000	0.000	0.000	0.000	0.000	0.000	0.000	0.000	0.000	0.000	0.000	0.000	0.000	0.000	0.000	0.000	0.000	0.000	0.000	0.000	0.000	0.000	0.000	0.000	0.000	0.000	0.000	0.000	0.000	0.000	0.000	0.000	0.000	0.000	0.000	0.000	0.000	0.000	0.000	0.000	0.000	0.000	0.000	0.000	0.000	0.000	0.000	0.000	0.000	0.000	0.000	0.000	0.000	0.000	0.000	0.000	0.000	0.000	0.000	0.000	0.000	0.000	0.000
0.000	0.000	0.000	0.000	0.000	0.000	0.000	0.000	0.000	0.000	0.000	0.000	0.000	0.000	0.000	0.000	0.000	0.000	0.000	0.000	0.000	0.000	0.000	0.000	0.000	0.000	0.000	0.000	0.000	0.000	0.000	0.000	0.000	0.000	0.000	0.000	0.000	0.000	0.000	0.000	0.000	0.000	0.000	0.000	0.000	0.000	0.000	0.000	0.000	0.000	0.000	0.000	0.000	255.000	255.000	255.000	255.000	255.000	255.000	255.000	255.000	255.000	255.000	255.000	255.000	255.000	255.000	255.000	255.000	255.000	255.000	255.000	255.000	255.000	255.000	255.000	255.000	255.000	255.000	255.000	255.000	255.000	255.000	255.000	255.000	255.000	255.000	255.000	255.000	255.000	255.000	255.000	255.000	255.000	255.000	255.000	255.000	255.000	255.000	255.000	255.000	255.000	255.000	255.000	255.000	255.000	255.000	255.000	255.000	255.000	255.000	255.000	255.000	255.000	255.000	255.000	255.000	255.000	255.000	255.000	255.000	255.000	255.000	255.000	255.000	255.000	255.000	255.000	255.000	255.000	255.000	255.000	255.000	255.000	255.000	255.000	255.000	255.000	255.000	255.000	255.000	255.000	255.000	255.000	255.000	255.000	255.000	255.000	255.000	255.000	255.000	255.000	255.000	255.000	255.000	255.000	255.000	255.000	255.000	255.000	255.000	255.000	255.000	255.000	255.000	255.000	255.000	255.000	255.000	255.000	255.000	255.000	255.000	255.000	255.000	255.000	255.000	255.000	255.000	255.000	255.000	255.000	255.000	255.000	255.000	0.000	0.000	0.000	0.000	0.000	0.000	0.000	0.000	0.000	0.000	0.000	0.000	0.000	0.000	0.000	0.000	0.000	0.000	0.000	0.000	0.000	0.000	0.000	0.000	0.000	0.000	0.000	0.000	0.000	0.000	0.000	0.000	0.000	0.000	0.000	0.000	0.000	0.000	0.000	0.000	0.000	0.000	0.000	0.000	0.000	0.000	0.000	0.000	0.000	0.000	0.000	0.000	0.000	0.000	0.000	0.000	0.000	0.000	0.000	0.000	0.000	0.000	0.000	0.000	0.000	0.000	0.000	0.000	0.000	0.000	0.000
0.000	0.000	0.000	0.000	0.000	0.000	0.000	0.000	0.000	0.000	0.000	0.000	0.000	0.000	0.000	0.000	0.000	0.000	0.000	0.000	0.000	0.000	0.000	0.000	0.000	0.000	0.000	0.000	0.000	0.000	0.000	0.000	0.000	0.000	0.000	0.000	0.000	0.000	0.000	0.000	0.000	0.000	0.000	0.000	0.000	0.000	0.000	0.000	0.000	0.000	0.000	0.000	0.000	0.000	255.000	255.000	255.000	255.000	255.000	255.000	255.000	255.000	255.000	255.000	255.000	255.000	255.000	255.000	255.000	255.000	255.000	255.000	255.000	255.000	255.000	255.000	255.000	255.000	255.000	255.000	255.000	255.000	255.000	255.000	255.000	255.000	255.000	255.000	255.000	255.000	255.000	255.000	255.000	255.000	255.000	255.000	255.000	255.000	255.000	255.000	255.000	255.000	255.000	255.000	255.000	255.000	255.000	255.000	255.000	255.000	255.000	255.000	255.000	255.000	255.000	255.000	255.000	255.000	255.000	255.000	255.000	255.000	255.000	255.000	255.000	255.000	255.000	255.000	255.000	255.000	255.000	255.000	255.000	255.000	255.000	255.000	255.000	255.000	255.000	255.000	255.000	255.000	255.000	255.000	255.000	255.000	255.000	255.000	255.000	255.000	255.000	255.000	255.000	255.000	255.000	255.000	255.000	255.000	255.000	255.000	255.000	255.000	255.000	255.000	255.000	255.000	255.000	255.000	255.000	255.000	255.000	255.000	255.000	255.000	255.000	255.000	255.000	255.000	255.000	255.000	255.000	255.000	255.000	255.000	0.000	0.000	0.000	0.000	0.000	0.000	0.000	0.000	0.000	0.000	0.000	0.000	0.000	0.000	0.000	0.000	0.000	0.000	0.000	0.000	0.000	0.000	0.000	0.000	0.000	0.000	0.000	0.000	0.000	0.000	0.000	0.000	0.000	0.000	0.000	0.000	0.000	0.000	0.000	0.000	0.000	0.000	0.000	0.000	0.000	0.000	0.000	0.000	0.000	0.000	0.000	0.000	0.000	0.000	0.000	0.000	0.000	0.000	0.000	0.000	0.000	0.000	0.000	0.000	0.000	0.000	0.000	0.000	0.000	0.000	0.000	0.000
0.000	0.000	0.000	0.000	0.000	0.000	0.000	0.000	0.000	0.000	0.000	0.000	0.000	0.000	0.000	0.000	0.000	0.000	0.000	0.000	0.000	0.000	0.000	0.000	0.000	0.000	0.000	0.000	0.000	0.000	0.000	0.000	0.000	0.000	0.000	0.000	0.000	0.000	0.000	0.000	0.000	0.000	0.000	0.000	0.000	0.000	0.000	0.000	0.000	0.000	0.000	0.000	0.000	0.000	46.667	255.000	255.000	255.000	255.000	255.000	255.000	255.000	255.000	255.000	255.000	255.000	255.000	255.000	255.000	255.000	255.000	255.000	255.000	255.000	255.000	255.000	255.000	255.000	255.000	255.000	255.000	255.000	255.000	255.000	255.000	255.000	255.000	255.000	255.000	255.000	255.000	255.000	255.000	255.000	255.000	255.000	255.000	255.000	255.000	255.000	255.000	255.000	255.000	255.000	255.000	255.000	255.000	255.000	255.000	255.000	255.000	255.000	255.000	255.000	255.000	255.000	255.000	255.000	255.000	255.000	255.000	255.000	255.000	255.000	255.000	255.000	255.000	255.000	255.000	255.000	255.000	255.000	255.000	255.000	255.000	255.000	255.000	255.000	255.000	255.000	255.000	255.000	255.000	255.000	255.000	255.000	255.000	255.000	255.000	255.000	255.000	255.000	255.000	255.000	255.000	255.000	255.000	255.000	255.000	255.000	255.000	255.000	255.000	255.000	255.000	255.000	255.000	255.000	255.000	255.000	255.000	255.000	255.000	255.000	255.000	255.000	255.000	255.000	255.000	255.000	255.000	255.000	255.000	0.000	0.000	0.000	0.000	0.000	0.000	0.000	0.000	0.000	0.000	0.000	0.000	0.000	0.000	0.000	0.000	0.000	0.000	0.000	0.000	0.000	0.000	0.000	0.000	0.000	0.000	0.000	0.000	0.000	0.000	0.000	0.000	0.000	0.000	0.000	0.000	0.000	0.000	0.000	0.000	0.000	0.000	0.000	0.000	0.000	0.000	0.000	0.000	0.000	0.000	0.000	0.000	0.000	0.000	0.000	0.000	0.000	0.000	0.000	0.000	0.000	0.000	0.000	0.000	0.000	0.000	0.000	0.000	0.000	0.000	0.000	0.000	0.000
0.000	0.000	0.000	0.000	0.000	0.000	0.000	0.000	0.000	0.000	0.000	0.000	0.000	0.000	0.000	0.000	0.000	0.000	0.000	0.000	0.000	0.000	0.000	0.000	0.000	0.000	0.000	0.000	0.000	0.000	0.000	0.000	0.000	0.000	0.000	0.000	0.000	0.000	0.000	0.000	0.000	0.000	0.000	0.000	0.000	0.000	0.000	0.000	0.000	0.000	0.000	0.000	0.000	0.000	0.000	255.000	255.000	255.000	255.000	255.000	255.000	255.000	255.000	255.000	255.000	255.000	255.000	255.000	255.000	255.000	255.000	255.000	255.000	255.000	255.000	255.000	255.000	255.000	255.000	255.000	255.000	255.000	255.000	255.000	255.000	255.000	255.000	255.000	255.000	255.000	255.000	255.000	255.000	255.000	255.000	255.000	255.000	255.000	255.000	255.000	255.000	255.000	255.000	255.000	255.000	255.000	255.000	255.000	255.000	255.000	255.000	255.000	255.000	255.000	255.000	255.000	255.000	255.000	255.000	255.000	255.000	255.000	255.000	255.000	255.000	255.000	255.000	255.000	255.000	255.000	255.000	255.000	255.000	255.000	255.000	255.000	255.000	255.000	255.000	255.000	255.000	255.000	255.000	255.000	255.000	255.000	255.000	255.000	255.000	255.000	255.000	255.000	255.000	255.000	255.000	255.000	255.000	255.000	255.000	255.000	255.000	255.000	255.000	255.000	255.000	255.000	255.000	255.000	255.000	255.000	255.000	255.000	255.000	255.000	255.000	255.000	255.000	255.000	255.000	255.000	255.000	255.000	255.000	0.000	0.000	0.000	0.000	0.000	0.000	0.000	0.000	0.000	0.000	0.000	0.000	0.000	0.000	0.000	0.000	0.000	0.000	0.000	0.000	0.000	0.000	0.000	0.000	0.000	0.000	0.000	0.000	0.000	0.000	0.000	0.000	0.000	0.000	0.000	0.000	0.000	0.000	0.000	0.000	0.000	0.000	0.000	0.000	0.000	0.000	0.000	0.000	0.000	0.000	0.000	0.000	0.000	0.000	0.000	0.000	0.000	0.000	0.000	0.000	0.000	0.000	0.000	0.000	0.000	0.000	0.000	0.000	0.000	0.000	0.000	0.000	0.000
0.000	0.000	0.000	0.000	0.000	0.000	0.000	0.000	0.000	0.000	0.000	0.000	0.000	0.000	0.000	0.000	0.000	0.000	0.000	0.000	0.000	0.000	0.000	0.000	0.000	0.000	0.000	0.000	0.000	0.000	0.000	0.000	0.000	0.000	0.000	0.000	0.000	0.000	0.000	0.000	0.000	0.000	0.000	0.000	0.000	0.000	0.000	0.000	0.000	0.000	0.000	0.000	0.000	0.000	0.000	0.000	255.000	255.000	255.000	255.000	255.000	255.000	255.000	255.000	255.000	255.000	255.000	255.000	255.000	255.000	255.000	255.000	255.000	255.000	255.000	255.000	255.000	255.000	255.000	255.000	255.000	255.000	255.000	255.000	255.000	255.000	255.000	255.000	255.000	255.000	255.000	255.000	255.000	255.000	255.000	255.000	255.000	255.000	255.000	255.000	255.000	255.000	255.000	255.000	255.000	255.000	255.000	255.000	255.000	255.000	255.000	255.000	255.000	255.000	255.000	255.000	255.000	255.000	255.000	255.000	255.000	255.000	255.000	255.000	255.000	255.000	255.000	255.000	255.000	255.000	255.000	255.000	255.000	255.000	255.000	255.000	255.000	255.000	255.000	255.000	255.000	255.000	255.000	255.000	255.000	255.000	255.000	255.000	255.000	255.000	255.000	255.000	255.000	255.000	255.000	255.000	255.000	255.000	255.000	255.000	255.000	255.000	255.000	255.000	255.000	255.000	255.000	255.000	255.000	255.000	255.000	255.000	255.000	255.000	255.000	255.000	255.000	255.000	255.000	255.000	255.000	255.000	0.000	0.000	0.000	0.000	0.000	0.000	0.000	0.000	0.000	0.000	0.000	0.000	0.000	0.000	0.000	0.000	0.000	0.000	0.000	0.000	0.000	0.000	0.000	0.000	0.000	0.000	0.000	0.000	0.000	0.000	0.000	0.000	0.000	0.000	0.000	0.000	0.000	0.000	0.000	0.000	0.000	0.000	0.000	0.000	0.000	0.000	0.000	0.000	0.000	0.000	0.000	0.000	0.000	0.000	0.000	0.000	0.000	0.000	0.000	0.000	0.000	0.000	0.000	0.000	0.000	0.000	0.000	0.000	0.000	0.000	0.000	0.000	0.000	0.000
0.000	0.000	0.000	0.000	0.000	0.000	0.000	0.000	0.000	0.000	0.000	0.000	0.000	0.000	0.000	0.000	0.000	0.000	0.000	0.000	0.000	0.000	0.000	0.000	0.000	0.000	0.000	0.000	0.000	0.000	0.000	0.000	0.000	0.000	0.000	0.000	0.000	0.000	0.000	0.000	0.000	0.000	0.000	0.000	0.000	0.000	0.000	0.000	0.000	0.000	0.000	0.000	0.000	0.000	0.000	0.000	255.000	255.000	255.000	255.000	255.000	255.000	255.000	255.000	255.000	255.000	255.000	255.000	255.000	255.000	255.000	255.000	255.000	255.000	255.000	255.000	255.000	255.000	255.000	255.000	255.000	255.000	255.000	255.000	255.000	255.000	255.000	255.000	255.000	255.000	255.000	255.000	255.000	255.000	255.000	255.000	255.000	255.000	255.000	255.000	255.000	255.000	255.000	255.000	255.000	255.000	255.000	255.000	255.000	255.000	255.000	255.000	255.000	255.000	255.000	255.000	255.000	255.000	255.000	255.000	255.000	255.000	255.000	255.000	255.000	255.000	255.000	255.000	255.000	255.000	255.000	255.000	255.000	255.000	255.000	255.000	255.000	255.000	255.000	255.000	255.000	255.000	255.000	255.000	255.000	255.000	255.000	255.000	255.000	255.000	255.000	255.000	255.000	255.000	255.000	255.000	255.000	255.000	255.000	255.000	255.000	255.000	255.000	255.000	255.000	255.000	255.000	255.000	255.000	255.000	255.000	255.000	255.000	255.000	255.000	255.000	255.000	255.000	255.000	255.000	255.000	255.000	0.000	0.000	0.000	0.000	0.000	0.000	0.000	0.000	0.000	0.000	0.000	0.000	0.000	0.000	0.000	0.000	0.000	0.000	0.000	0.000	0.000	0.000	0.000	0.000	0.000	0.000	0.000	0.000	0.000	0.000	0.000	0.000	0.000	0.000	0.000	0.000	0.000	0.000	0.000	0.000	0.000	0.000	0.000	0.000	0.000	0.000	0.000	0.000	0.000	0.000	0.000	0.000	0.000	0.000	0.000	0.000	0.000	0.000	0.000	0.000	0.000	0.000	0.000	0.000	0.000	0.000	0.000	0.000	0.000	0.000	0.000	0.000	0.000	0.000
0.000	0.000	0.000	0.000	0.000	0.000	0.000	0.000	0.000	0.000	0.000	0.000	0.000	0.000	0.000	0.000	0.000	0.000	0.000	0.000	0.000	0.000	0.000	0.000	0.000	0.000	0.000	0.000	0.000	0.000	0.000	0.000	0.000	0.000	0.000	0.000	0.000	0.000	0.000	0.000	0.000	0.000	0.000	0.000	0.000	0.000	0.000	0.000	0.000	0.000	0.000	0.000	0.000	0.000	0.000	0.000	0.000	255.000	255.000	255.000	255.000	255.000	255.000	255.000	255.000	255.000	255.000	255.000	255.000	255.000	255.000	255.000	255.000	255.000	255.000	255.000	255.000	255.000	255.000	255.000	255.000	255.000	255.000	255.000	255.000	255.000	255.000	255.000	255.000	255.000	255.000	255.000	255.000	255.000	255.000	255.000	255.000	255.000	255.000	255.000	255.000	255.000	255.000	255.000	255.000	255.000	255.000	255.000	255.000	255.000	255.000	255.000	255.000	255.000	255.000	255.000	255.000	255.000	255.000	255.000	255.000	255.000	255.000	255.000	255.000	255.000	255.000	255.000	255.000	255.000	255.000	255.000	255.000	255.000	255.000	255.000	255.000	255.000	255.000	255.000	255.000	255.000	255.000	255.000	255.000	255.000	255.000	255.000	255.000	255.000	255.000	255.000	255.000	255.000	255.000	255.000	255.000	255.000	255.000	255.000	255.000	255.000	255.000	255.000	255.000	255.000	255.000	255.000	255.000	255.000	255.000	255.000	255.000	255.000	255.000	255.000	255.000	255.000	255.000	255.000	255.000	255.000	0.000	0.000	0.000	0.000	0.000	0.000	0.000	0.000	0.000	0.000	0.000	0.000	0.000	0.000	0.000	0.000	0.000	0.000	0.000	0.000	0.000	0.000	0.000	0.000	0.000	0.000	0.000	0.000	0.000	0.000	0.000	0.000	0.000	0.000	0.000	0.000	0.000	0.000	0.000	0.000	0.000	0.000	0.000	0.000	0.000	0.000	0.000	0.000	0.000	0.000	0.000	0.000	0.000	0.000	0.000	0.000	0.000	0.000	0.000	0.000	0.000	0.000	0.000	0.000	0.000	0.000	0.000	0.000	0.000	0.000	0.000	0.000	0.000	0.000
0.000	0.000	0.000	0.000	0.000	0.000	0.000	0.000	0.000	0.000	0.000	0.000	0.000	0.000	0.000	0.000	0.000	0.000	0.000	0.000	0.000	0.000	0.000	0.000	0.000	0.000	0.000	0.000	0.000	0.000	0.000	0.000	0.000	0.000	0.000	0.000	0.000	0.000	0.000	0.000	0.000	0.000	0.000	0.000	0.000	0.000	0.000	0.000	0.000	0.000	0.000	0.000	0.000	0.000	0.000	0.000	0.000	0.000	255.000	255.000	255.000	255.000	255.000	255.000	255.000	255.000	255.000	255.000	255.000	255.000	255.000	255.000	255.000	255.000	255.000	255.000	255.000	255.000	255.000	255.000	255.000	255.000	255.000	255.000	255.000	255.000	255.000	255.000	255.000	255.000	255.000	255.000	255.000	255.000	255.000	255.000	255.000	255.000	255.000	255.000	255.000	255.000	255.000	255.000	255.000	255.000	255.000	255.000	255.000	255.000	255.000	255.000	255.000	255.000	255.000	255.000	255.000	255.000	255.000	255.000	255.000	255.000	255.000	255.000	255.000	255.000	255.000	255.000	255.000	255.000	255.000	255.000	255.000	255.000	255.000	255.000	255.000	255.000	255.000	255.000	255.000	255.000	255.000	255.000	255.000	255.000	255.000	255.000	255.000	255.000	255.000	255.000	255.000	255.000	255.000	255.000	255.000	255.000	255.000	255.000	255.000	255.000	255.000	255.000	255.000	255.000	255.000	255.000	255.000	255.000	255.000	255.000	255.000	255.000	255.000	255.000	255.000	255.000	255.000	255.000	255.000	0.000	0.000	0.000	0.000	0.000	0.000	0.000	0.000	0.000	0.000	0.000	0.000	0.000	0.000	0.000	0.000	0.000	0.000	0.000	0.000	0.000	0.000	0.000	0.000	0.000	0.000	0.000	0.000	0.000	0.000	0.000	0.000	0.000	0.000	0.000	0.000	0.000	0.000	0.000	0.000	0.000	0.000	0.000	0.000	0.000	0.000	0.000	0.000	0.000	0.000	0.000	0.000	0.000	0.000	0.000	0.000	0.000	0.000	0.000	0.000	0.000	0.000	0.000	0.000	0.000	0.000	0.000	0.000	0.000	0.000	0.000	0.000	0.000	0.000	0.000
0.000	0.000	0.000	0.000	0.000	0.000	0.000	0.000	0.000	0.000	0.000	0.000	0.000	0.000	0.000	0.000	0.000	0.000	0.000	0.000	0.000	0.000	0.000	0.000	0.000	0.000	0.000	0.000	0.000	0.000	0.000	0.000	0.000	0.000	0.000	0.000	0.000	0.000	0.000	0.000	0.000	0.000	0.000	0.000	0.000	0.000	0.000	0.000	0.000	0.000	0.000	0.000	0.000	0.000	0.000	0.000	0.000	0.000	255.000	255.000	255.000	255.000	255.000	255.000	255.000	255.000	255.000	255.000	255.000	255.000	255.000	255.000	255.000	255.000	255.000	255.000	255.000	255.000	255.000	255.000	255.000	255.000	255.000	255.000	255.000	255.000	255.000	255.000	255.000	255.000	255.000	255.000	255.000	255.000	255.000	255.000	255.000	255.000	255.000	255.000	255.000	255.000	255.000	255.000	255.000	255.000	255.000	255.000	255.000	255.000	255.000	255.000	255.000	255.000	255.000	255.000	255.000	255.000	255.000	255.000	255.000	255.000	255.000	255.000	255.000	255.000	255.000	255.000	255.000	255.000	255.000	255.000	255.000	255.000	255.000	255.000	255.000	255.000	255.000	255.000	255.000	255.000	255.000	255.000	255.000	255.000	255.000	255.000	255.000	255.000	255.000	255.000	255.000	255.000	255.000	255.000	255.000	255.000	255.000	255.000	255.000	255.000	255.000	255.000	255.000	255.000	255.000	255.000	255.000	255.000	255.000	255.000	255.000	255.000	255.000	255.000	255.000	255.000	255.000	255.000	255.000	0.000	0.000	0.000	0.000	0.000	0.000	0.000	0.000	0.000	0.000	0.000	0.000	0.000	0.000	0.000	0.000	0.000	0.000	0.000	0.000	0.000	0.000	0.000	0.000	0.000	0.000	0.000	0.000	0.000	0.000	0.000	0.000	0.000	0.000	0.000	0.000	0.000	0.000	0.000	0.000	0.000	0.000	0.000	0.000	0.000	0.000	0.000	0.000	0.000	0.000	0.000	0.000	0.000	0.000	0.000	0.000	0.000	0.000	0.000	0.000	0.000	0.000	0.000	0.000	0.000	0.000	0.000	0.000	0.000	0.000	0.000	0.000	0.000	0.000	0.000
0.000	0.000	0.000	0.000	0.000	0.000	0.000	0.000	0.000	0.000	0.000	0.000	0.000	0.000	0.000	0.000	0.000	0.000	0.000	0.000	0.000	0.000	0.000	0.000	0.000	0.000	0.000	0.000	0.000	0.000	0.000	0.000	0.000	0.000	0.000	0.000	0.000	0.000	0.000	0.000	0.000	0.000	0.000	0.000	0.000	0.000	0.000	0.000	0.000	0.000	0.000	0.000	0.000	0.000	0.000	0.000	0.000	0.000	0.000	255.000	255.000	255.000	255.000	255.000	255.000	255.000	255.000	255.000	255.000	255.000	255.000	255.000	255.000	255.000	255.000	255.000	255.000	255.000	255.000	255.000	255.000	255.000	255.000	255.000	255.000	255.000	255.000	255.000	255.000	255.000	255.000	255.000	255.000	255.000	255.000	255.000	255.000	255.000	255.000	255.000	255.000	255.000	255.000	255.000	255.000	255.000	255.000	255.000	255.000	255.000	255.000	255.000	255.000	255.000	255.000	255.000	255.000	255.000	255.000	255.000	255.000	255.000	255.000	255.000	255.000	255.000	255.000	255.000	255.000	255.000	255.000	255.000	255.000	255.000	255.000	255.000	255.000	255.000	255.000	255.000	255.000	255.000	255.000	255.000	255.000	255.000	255.000	255.000	255.000	255.000	255.000	255.000	255.000	255.000	255.000	255.000	255.000	255.000	255.000	255.000	255.000	255.000	255.000	255.000	255.000	255.000	255.000	255.000	255.000	255.000	255.000	255.000	255.000	255.000	255.000	255.000	255.000	255.000	255.000	255.000	255.000	0.000	0.000	0.000	0.000	0.000	0.000	0.000	0.000	0.000	0.000	0.000	0.000	0.000	0.000	0.000	0.000	0.000	0.000	0.000	0.000	0.000	0.000	0.000	0.000	0.000	0.000	0.000	0.000	0.000	0.000	0.000	0.000	0.000	0.000	0.000	0.000	0.000	0.000	0.000	0.000	0.000	0.000	0.000	0.000	0.000	0.000	0.000	0.000	0.000	0.000	0.000	0.000	0.000	0.000	0.000	0.000	0.000	0.000	0.000	0.000	0.000	0.000	0.000	0.000	0.000	0.000	0.000	0.000	0.000	0.000	0.000	0.000	0.000	0.000	0.000
0.000	0.000	0.000	0.000	0.000	0.000	0.000	0.000	0.000	0.000	0.000	0.000	0.000	0.000	0.000	0.000	0.000	0.000	0.000	0.000	0.000	0.000	0.000	0.000	0.000	0.000	0.000	0.000	0.000	0.000	0.000	0.000	0.000	0.000	0.000	0.000	0.000	0.000	0.000	0.000	0.000	0.000	0.000	0.000	0.000	0.000	0.000	0.000	0.000	0.000	0.000	0.000	0.000	0.000	0.000	0.000	0.000	0.000	0.000	0.000	255.000	255.000	255.000	255.000	255.000	255.000	255.000	255.000	255.000	255.000	255.000	255.000	255.000	255.000	255.000	255.000	255.000	255.000	255.000	255.000	255.000	255.000	255.000	255.000	255.000	255.000	255.000	255.000	255.000	255.000	255.000	255.000	255.000	255.000	255.000	255.000	255.000	255.000	255.000	255.000	255.000	255.000	255.000	255.000	255.000	255.000	255.000	255.000	255.000	255.000	255.000	255.000	255.000	255.000	255.000	255.000	255.000	255.000	255.000	255.000	255.000	255.000	255.000	255.000	255.000	255.000	255.000	255.000	255.000	255.000	255.000	255.000	255.000	255.000	255.000	255.000	255.000	255.000	255.000	255.000	255.000	255.000	255.000	255.000	255.000	255.000	255.000	255.000	255.000	255.000	255.000	255.000	255.000	255.000	255.000	255.000	255.000	255.000	255.000	255.000	255.000	255.000	255.000	255.000	255.000	255.000	255.000	255.000	255.000	255.000	255.000	255.000	255.000	255.000	255.000	255.000	255.000	255.000	255.000	255.000	0.000	0.000	0.000	0.000	0.000	0.000	0.000	0.000	0.000	0.000	0.000	0.000	0.000	0.000	0.000	0.000	0.000	0.000	0.000	0.000	0.000	0.000	0.000	0.000	0.000	0.000	0.000	0.000	0.000	0.000	0.000	0.000	0.000	0.000	0.000	0.000	0.000	0.000	0.000	0.000	0.000	0.000	0.000	0.000	0.000	0.000	0.000	0.000	0.000	0.000	0.000	0.000	0.000	0.000	0.000	0.000	0.000	0.000	0.000	0.000	0.000	0.000	0.000	0.000	0.000	0.000	0.000	0.000	0.000	0.000	0.000	0.000	0.000	0.000	0.000	0.000
0.000	0.000	0.000	0.000	0.000	0.000	0.000	0.000	0.000	0.000	0.000	0.000	0.000	0.000	0.000	0.000	0.000	0.000	0.000	0.000	0.000	0.000	0.000	0.000	0.000	0.000	0.000	0.000	0.000	0.000	0.000	0.000	0.000	0.000	0.000	0.000	0.000	0.000	0.000	0.000	0.000	0.000	0.000	0.000	0.000	0.000	0.000	0.000	0.000	0.000	0.000	0.000	0.000	0.000	0.000	0.000	0.000	0.000	0.000	0.000	255.000	255.000	255.000	255.000	255.000	255.000	255.000	255.000	255.000	255.000	255.000	255.000	255.000	255.000	255.000	255.000	255.000	255.000	255.000	255.000	255.000	255.000	255.000	255.000	255.000	255.000	255.000	255.000	255.000	255.000	255.000	255.000	255.000	255.000	255.000	255.000	255.000	255.000	255.000	255.000	255.000	255.000	255.000	255.000	255.000	255.000	255.000	255.000	255.000	255.000	255.000	255.000	255.000	255.000	255.000	255.000	255.000	255.000	255.000	255.000	255.000	255.000	255.000	255.000	255.000	255.000	255.000	255.000	255.000	255.000	255.000	255.000	255.000	255.000	255.000	255.000	255.000	255.000	255.000	255.000	255.000	255.000	255.000	255.000	255.000	255.000	255.000	255.000	255.000	255.000	255.000	255.000	255.000	255.000	255.000	255.000	255.000	255.000	255.000	255.000	255.000	255.000	255.000	255.000	255.000	255.000	255.000	255.000	255.000	255.000	255.000	255.000	255.000	255.000	255.000	255.000	255.000	255.000	255.000	255.000	0.000	0.000	0.000	0.000	0.000	0.000	0.000	0.000	0.000	0.000	0.000	0.000	0.000	0.000	0.000	0.000	0.000	0.000	0.000	0.000	0.000	0.000	0.000	0.000	0.000	0.000	0.000	0.000	0.000	0.000	0.000	0.000	0.000	0.000	0.000	0.000	0.000	0.000	0.000	0.000	0.000	0.000	0.000	0.000	0.000	0.000	0.000	0.000	0.000	0.000	0.000	0.000	0.000	0.000	0.000	0.000	0.000	0.000	0.000	0.000	0.000	0.000	0.000	0.000	0.000	0.000	0.000	0.000	0.000	0.000	0.000	0.000	0.000	0.000	0.000	0.000
0.000	0.000	0.000	0.000	0.000	0.000	0.000	0.000	0.000	0.000	0.000	0.000	0.000	0.000	0.000	0.000	0.000	0.000	0.000	0.000	0.000	0.000	0.000	0.000	0.000	0.000	0.000	0.000	0.000	0.000	0.000	0.000	0.000	0.000	0.000	0.000	0.000	0.000	0.000	0.000	0.000	0.000	0.000	0.000	0.000	0.000	0.000	0.000	0.000	0.000	0.000	0.000	0.000	0.000	0.000	0.000	0.000	0.000	0.000	0.000	255.000	255.000	255.000	255.000	255.000	255.000	255.000	255.000	255.000	255.000	255.000	255.000	255.000	255.000	255.000	255.000	255.000	255.000	255.000	255.000	255.000	255.000	255.000	255.000	255.000	255.000	255.000	255.000	255.000	255.000	255.000	255.000	255.000	255.000	255.000	255.000	255.000	255.000	255.000	255.000	255.000	255.000	255.000	255.000	255.000	255.000	255.000	255.000	255.000	255.000	255.000	255.000	255.000	255.000	255.000	255.000	255.000	255.000	255.000	255.000	255.000	255.000	255.000	255.000	255.000	255.000	255.000	255.000	255.000	255.000	255.000	255.000	255.000	255.000	255.000	255.000	255.000	255.000	255.000	255.000	255.000	255.000	255.000	255.000	255.000	255.000	255.000	255.000	255.000	255.000	255.000	255.000	255.000	255.000	255.000	255.000	255.000	255.000	255.000	255.000	255.000	255.000	255.000	255.000	255.000	255.000	255.000	255.000	255.000	255.000	255.000	255.000	255.000	255.000	255.000	255.000	255.000	255.000	255.000	255.000	0.000	0.000	0.000	0.000	0.000	0.000	0.000	0.000	0.000	0.000	0.000	0.000	0.000	0.000	0.000	0.000	0.000	0.000	0.000	0.000	0.000	0.000	0.000	0.000	0.000	0.000	0.000	0.000	0.000	0.000	0.000	0.000	0.000	0.000	0.000	0.000	0.000	0.000	0.000	0.000	0.000	0.000	0.000	0.000	0.000	0.000	0.000	0.000	0.000	0.000	0.000	0.000	0.000	0.000	0.000	0.000	0.000	0.000	0.000	0.000	0.000	0.000	0.000	0.000	0.000	0.000	0.000	0.000	0.000	0.000	0.000	0.000	0.000	0.000	0.000	0.000
0.000	0.000	0.000	0.000	0.000	0.000	0.000	0.000	0.000	0.000	0.000	0.000	0.000	0.000	0.000	0.000	0.000	0.000	0.000	0.000	0.000	0.000	0.000	0.000	0.000	0.000	0.000	0.000	0.000	0.000	0.000	0.000	0.000	0.000	0.000	0.000	0.000	0.000	0.000	0.000	0.000	0.000	0.000	0.000	0.000	0.000	0.000	0.000	0.000	0.000	0.000	0.000	0.000	0.000	0.000	0.000	0.000	0.000	0.000	0.000	0.000	255.000	255.000	255.000	255.000	255.000	255.000	255.000	255.000	255.000	255.000	255.000	255.000	255.000	255.000	255.000	255.000	255.000	255.000	255.000	255.000	255.000	255.000	255.000	255.000	255.000	255.000	255.000	255.000	255.000	255.000	255.000	255.000	255.000	255.000	255.000	255.000	255.000	255.000	255.000	255.000	255.000	255.000	255.000	255.000	255.000	255.000	255.000	255.000	255.000	255.000	255.000	255.000	255.000	255.000	255.000	255.000	255.000	255.000	255.000	255.000	255.000	255.000	255.000	255.000	255.000	255.000	255.000	255.000	255.000	255.000	255.000	255.000	255.000	255.000	255.000	255.000	255.000	255.000	255.000	255.000	255.000	255.000	255.000	255.000	255.000	255.000	255.000	255.000	255.000	255.000	255.000	255.000	255.000	255.000	255.000	255.000	255.000	255.000	255.000	255.000	255.000	255.000	255.000	255.000	255.000	255.000	255.000	255.000	255.000	255.000	255.000	255.000	255.000	255.000	255.000	255.000	255.000	255.000	255.000	0.000	0.000	0.000	0.000	0.000	0.000	0.000	0.000	0.000	0.000	0.000	0.000	0.000	0.000	0.000	0.000	0.000	0.000	0.000	0.000	0.000	0.000	0.000	0.000	0.000	0.000	0.000	0.000	0.000	0.000	0.000	0.000	0.000	0.000	0.000	0.000	0.000	0.000	0.000	0.000	0.000	0.000	0.000	0.000	0.000	0.000	0.000	0.000	0.000	0.000	0.000	0.000	0.000	0.000	0.000	0.000	0.000	0.000	0.000	0.000	0.000	0.000	0.000	0.000	0.000	0.000	0.000	0.000	0.000	0.000	0.000	0.000	0.000	0.000	0.000	0.000
0.000	0.000	0.000	0.000	0.000	0.000	0.000	0.000	0.000	0.000	0.000	0.000	0.000	0.000	0.000	0.000	0.000	0.000	0.000	0.000	0.000	0.000	0.000	0.000	0.000	0.000	0.000	0.000	0.000	0.000	0.000	0.000	0.000	0.000	0.000	0.000	0.000	0.000	0.000	0.000	0.000	0.000	0.000	0.000	0.000	0.000	0.000	0.000	0.000	0.000	0.000	0.000	0.000	0.000	0.000	0.000	0.000	0.000	0.000	0.000	0.000	0.000	255.000	255.000	255.000	255.000	255.000	255.000	255.000	255.000	255.000	255.000	255.000	255.000	255.000	255.000	255.000	255.000	255.000	255.000	255.000	255.000	255.000	255.000	255.000	255.000	255.000	255.000	255.000	255.000	255.000	255.000	255.000	255.000	255.000	255.000	255.000	255.000	255.000	255.000	255.000	255.000	255.000	255.000	255.000	255.000	255.000	255.000	255.000	255.000	255.000	255.000	255.000	255.000	255.000	255.000	255.000	255.000	255.000	255.000	255.000	255.000	255.000	255.000	255.000	255.000	255.000	255.000	255.000	255.000	255.000	255.000	255.000	255.000	255.000	255.000	255.000	255.000	255.000	255.000	255.000	255.000	255.000	255.000	255.000	255.000	255.000	255.000	255.000	255.000	255.000	255.000	255.000	255.000	255.000	255.000	255.000	255.000	255.000	255.000	255.000	255.000	255.000	255.000	255.000	255.000	255.000	255.000	255.000	255.000	255.000	255.000	255.000	255.000	255.000	255.000	255.000	255.000	255.000	255.000	0.000	0.000	0.000	0.000	0.000	0.000	0.000	0.000	0.000	0.000	0.000	0.000	0.000	0.000	0.000	0.000	0.000	0.000	0.000	0.000	0.000	0.000	0.000	0.000	0.000	0.000	0.000	0.000	0.000	0.000	0.000	0.000	0.000	0.000	0.000	0.000	0.000	0.000	0.000	0.000	0.000	0.000	0.000	0.000	0.000	0.000	0.000	0.000	0.000	0.000	0.000	0.000	0.000	0.000	0.000	0.000	0.000	0.000	0.000	0.000	0.000	0.000	0.000	0.000	0.000	0.000	0.000	0.000	0.000	0.000	0.000	0.000	0.000	0.000	0.000	0.000
0.000	0.000	0.000	0.000	0.000	0.000	0.000	0.000	0.000	0.000	0.000	0.000	0.000	0.000	0.000	0.000	0.000	0.000	0.000	0.000	0.000	0.000	0.000	0.000	0.000	0.000	0.000	0.000	0.000	0.000	0.000	0.000	0.000	0.000	0.000	0.000	0.000	0.000	0.000	0.000	0.000	0.000	0.000	0.000	0.000	0.000	0.000	0.000	0.000	0.000	0.000	0.000	0.000	0.000	0.000	0.000	0.000	0.000	0.000	0.000	0.000	0.000	255.000	255.000	255.000	255.000	255.000	255.000	255.000	255.000	255.000	255.000	255.000	255.000	255.000	255.000	255.000	255.000	255.000	255.000	255.000	255.000	255.000	255.000	255.000	255.000	255.000	255.000	255.000	255.000	255.000	255.000	255.000	255.000	255.000	255.000	255.000	255.000	255.000	255.000	255.000	255.000	255.000	255.000	255.000	255.000	255.000	255.000	255.000	255.000	255.000	255.000	255.000	255.000	255.000	255.000	255.000	255.000	255.000	255.000	255.000	255.000	255.000	255.000	255.000	255.000	255.000	255.000	255.000	255.000	255.000	255.000	255.000	255.000	255.000	255.000	255.000	255.000	255.000	255.000	255.000	255.000	255.000	255.000	255.000	255.000	255.000	255.000	255.000	255.000	255.000	255.000	255.000	255.000	255.000	255.000	255.000	255.000	255.000	255.000	255.000	255.000	255.000	255.000	255.000	255.000	255.000	255.000	255.000	255.000	255.000	255.000	255.000	255.000	255.000	255.000	255.000	255.000	255.000	255.000	0.000	0.000	0.000	0.000	0.000	0.000	0.000	0.000	0.000	0.000	0.000	0.000	0.000	0.000	0.000	0.000	0.000	0.000	0.000	0.000	0.000	0.000	0.000	0.000	0.000	0.000	0.000	0.000	0.000	0.000	0.000	0.000	0.000	0.000	0.000	0.000	0.000	0.000	0.000	0.000	0.000	0.000	0.000	0.000	0.000	0.000	0.000	0.000	0.000	0.000	0.000	0.000	0.000	0.000	0.000	0.000	0.000	0.000	0.000	0.000	0.000	0.000	0.000	0.000	0.000	0.000	0.000	0.000	0.000	0.000	0.000	0.000	0.000	0.000	0.000	0.000
0.000	0.000	0.000	0.000	0.000	0.000	0.000	0.000	0.000	0.000	0.000	0.000	0.000	0.000	0.000	0.000	0.000	0.000	0.000	0.000	0.000	0.000	0.000	0.000	0.000	0.000	0.000	0.000	0.000	0.000	0.000	0.000	0.000	0.000	0.000	0.000	0.000	0.000	0.000	0.000	0.000	0.000	0.000	0.000	0.000	0.000	0.000	0.000	0.000	0.000	0.000	0.000	0.000	0.000	0.000	0.000	0.000	0.000	0.000	0.000	0.000	0.000	0.000	255.000	255.000	255.000	255.000	255.000	255.000	255.000	255.000	255.000	255.000	255.000	255.000	255.000	255.000	255.000	255.000	255.000	255.000	255.000	255.000	255.000	255.000	255.000	255.000	255.000	255.000	255.000	255.000	255.000	255.000	255.000	255.000	255.000	255.000	255.000	255.000	255.000	255.000	255.000	255.000	255.000	255.000	255.000	255.000	255.000	255.000	255.000	255.000	255.000	255.000	255.000	255.000	255.000	255.000	255.000	255.000	255.000	255.000	255.000	255.000	255.000	255.000	255.000	255.000	255.000	255.000	255.000	255.000	255.000	255.000	255.000	255.000	255.000	255.000	255.000	255.000	255.000	255.000	255.000	255.000	255.000	255.000	255.000	255.000	255.000	255.000	255.000	255.000	255.000	255.000	255.000	255.000	255.000	255.000	255.000	255.000	255.000	255.000	255.000	255.000	255.000	255.000	255.000	255.000	255.000	255.000	255.000	255.000	255.000	255.000	255.000	255.000	255.000	255.000	255.000	255.000	255.000	0.000	0.000	0.000	0.000	0.000	0.000	0.000	0.000	0.000	0.000	0.000	0.000	0.000	0.000	0.000	0.000	0.000	0.000	0.000	0.000	0.000	0.000	0.000	0.000	0.000	0.000	0.000	0.000	0.000	0.000	0.000	0.000	0.000	0.000	0.000	0.000	0.000	0.000	0.000	0.000	0.000	0.000	0.000	0.000	0.000	0.000	0.000	0.000	0.000	0.000	0.000	0.000	0.000	0.000	0.000	0.000	0.000	0.000	0.000	0.000	0.000	0.000	0.000	0.000	0.000	0.000	0.000	0.000	0.000	0.000	0.000	0.000	0.000	0.000	0.000	0.000
0.000	0.000	0.000	0.000	0.000	0.000	0.000	0.000	0.000	0.000	0.000	0.000	0.000	0.000	0.000	0.000	0.000	0.000	0.000	0.000	0.000	0.000	0.000	0.000	0.000	0.000	0.000	0.000	0.000	0.000	0.000	0.000	0.000	0.000	0.000	0.000	0.000	0.000	0.000	0.000	0.000	0.000	0.000	0.000	0.000	0.000	0.000	0.000	0.000	0.000	0.000	0.000	0.000	0.000	0.000	0.000	0.000	0.000	0.000	0.000	0.000	0.000	0.000	255.000	255.000	255.000	255.000	255.000	255.000	255.000	255.000	255.000	255.000	255.000	255.000	255.000	255.000	255.000	255.000	255.000	255.000	255.000	255.000	255.000	255.000	255.000	255.000	255.000	255.000	255.000	255.000	255.000	255.000	255.000	255.000	255.000	255.000	255.000	255.000	255.000	255.000	255.000	255.000	255.000	255.000	255.000	255.000	255.000	255.000	255.000	255.000	255.000	255.000	255.000	255.000	255.000	255.000	255.000	255.000	255.000	255.000	255.000	255.000	255.000	255.000	255.000	255.000	255.000	255.000	255.000	255.000	255.000	255.000	255.000	255.000	255.000	255.000	255.000	255.000	255.000	255.000	255.000	255.000	255.000	255.000	255.000	255.000	255.000	255.000	255.000	255.000	255.000	255.000	255.000	255.000	255.000	255.000	255.000	255.000	255.000	255.000	255.000	255.000	255.000	255.000	255.000	255.000	255.000	255.000	255.000	255.000	255.000	255.000	255.000	255.000	255.000	255.000	255.000	255.000	0.000	0.000	0.000	0.000	0.000	0.000	0.000	0.000	0.000	0.000	0.000	0.000	0.000	0.000	0.000	0.000	0.000	0.000	0.000	0.000	0.000	0.000	0.000	0.000	0.000	0.000	0.000	0.000	0.000	0.000	0.000	0.000	0.000	0.000	0.000	0.000	0.000	0.000	0.000	0.000	0.000	0.000	0.000	0.000	0.000	0.000	0.000	0.000	0.000	0.000	0.000	0.000	0.000	0.000	0.000	0.000	0.000	0.000	0.000	0.000	0.000	0.000	0.000	0.000	0.000	0.000	0.000	0.000	0.000	0.000	0.000	0.000	0.000	0.000	0.000	0.000	0.000
0.000	0.000	0.000	0.000	0.000	0.000	0.000	0.000	0.000	0.000	0.000	0.000	0.000	0.000	0.000	0.000	0.000	0.000	0.000	0.000	0.000	0.000	0.000	0.000	0.000	0.000	0.000	0.000	0.000	0.000	0.000	0.000	0.000	0.000	0.000	0.000	0.000	0.000	0.000	0.000	0.000	0.000	0.000	0.000	0.000	0.000	0.000	0.000	0.000	0.000	0.000	0.000	0.000	0.000	0.000	0.000	0.000	0.000	0.000	0.000	0.000	0.000	0.000	0.000	255.000	255.000	255.000	255.000	255.000	255.000	255.000	255.000	255.000	255.000	255.000	255.000	255.000	255.000	255.000	255.000	255.000	255.000	255.000	255.000	255.000	255.000	255.000	255.000	255.000	255.000	255.000	255.000	255.000	255.000	255.000	255.000	255.000	255.000	255.000	255.000	255.000	255.000	255.000	255.000	255.000	255.000	255.000	255.000	255.000	255.000	255.000	255.000	255.000	255.000	255.000	255.000	255.000	255.000	255.000	255.000	255.000	255.000	255.000	255.000	255.000	255.000	255.000	255.000	255.000	255.000	255.000	255.000	255.000	255.000	255.000	255.000	255.000	255.000	255.000	255.000	255.000	255.000	255.000	255.000	255.000	255.000	255.000	255.000	255.000	255.000	255.000	255.000	255.000	255.000	255.000	255.000	255.000	255.000	255.000	255.000	255.000	255.000	255.000	255.000	255.000	255.000	255.000	255.000	255.000	255.000	255.000	255.000	255.000	255.000	255.000	255.000	255.000	255.000	255.000	0.000	0.000	0.000	0.000	0.000	0.000	0.000	0.000	0.000	0.000	0.000	0.000	0.000	0.000	0.000	0.000	0.000	0.000	0.000	0.000	0.000	0.000	0.000	0.000	0.000	0.000	0.000	0.000	0.000	0.000	0.000	0.000	0.000	0.000	0.000	0.000	0.000	0.000	0.000	0.000	0.000	0.000	0.000	0.000	0.000	0.000	0.000	0.000	0.000	0.000	0.000	0.000	0.000	0.000	0.000	0.000	0.000	0.000	0.000	0.000	0.000	0.000	0.000	0.000	0.000	0.000	0.000	0.000	0.000	0.000	0.000	0.000	0.000	0.000	0.000	0.000	0.000
0.000	0.000	0.000	0.000	0.000	0.000	0.000	0.000	0.000	0.000	0.000	0.000	0.000	0.000	0.000	0.000	0.000	0.000	0.000	0.000	0.000	0.000	0.000	0.000	0.000	0.000	0.000	0.000	0.000	0.000	0.000	0.000	0.000	0.000	0.000	0.000	0.000	0.000	0.000	0.000	0.000	0.000	0.000	0.000	0.000	0.000	0.000	0.000	0.000	0.000	0.000	0.000	0.000	0.000	0.000	0.000	0.000	0.000	0.000	0.000	0.000	0.000	0.000	0.000	0.000	255.000	255.000	255.000	255.000	255.000	255.000	255.000	255.000	255.000	255.000	255.000	255.000	255.000	255.000	255.000	255.000	255.000	255.000	255.000	255.000	255.000	255.000	255.000	255.000	255.000	255.000	255.000	255.000	255.000	255.000	255.000	255.000	255.000	255.000	255.000	255.000	255.000	255.000	255.000	255.000	255.000	255.000	255.000	255.000	255.000	255.000	255.000	255.000	255.000	255.000	255.000	255.000	255.000	255.000	255.000	255.000	255.000	255.000	255.000	255.000	255.000	255.000	255.000	255.000	255.000	255.000	255.000	255.000	255.000	255.000	255.000	255.000	255.000	255.000	255.000	255.000	255.000	255.000	255.000	255.000	255.000	255.000	255.000	255.000	255.000	255.000	255.000	255.000	255.000	255.000	255.000	255.000	255.000	255.000	255.000	255.000	255.000	255.000	255.000	255.000	255.000	255.000	255.000	255.000	255.000	255.000	255.000	255.000	255.000	255.000	255.000	255.000	255.000	255.000	0.000	0.000	0.000	0.000	0.000	0.000	0.000	0.000	0.000	0.000	0.000	0.000	0.000	0.000	0.000	0.000	0.000	0.000	0.000	0.000	0.000	0.000	0.000	0.000	0.000	0.000	0.000	0.000	0.000	0.000	0.000	0.000	0.000	0.000	0.000	0.000	0.000	0.000	0.000	0.000	0.000	0.000	0.000	0.000	0.000	0.000	0.000	0.000	0.000	0.000	0.000	0.000	0.000	0.000	0.000	0.000	0.000	0.000	0.000	0.000	0.000	0.000	0.000	0.000	0.000	0.000	0.000	0.000	0.000	0.000	0.000	0.000	0.000	0.000	0.000	0.000	0.000
0.000	0.000	0.000	0.000	0.000	0.000	0.000	0.000	0.000	0.000	0.000	0.000	0.000	0.000	0.000	0.000	0.000	0.000	0.000	0.000	0.000	0.000	0.000	0.000	0.000	0.000	0.000	0.000	0.000	0.000	0.000	0.000	0.000	0.000	0.000	0.000	0.000	0.000	0.000	0.000	0.000	0.000	0.000	0.000	0.000	0.000	0.000	0.000	0.000	0.000	0.000	0.000	0.000	0.000	0.000	0.000	0.000	0.000	0.000	0.000	0.000	0.000	0.000	0.000	0.000	0.000	255.000	255.000	255.000	255.000	255.000	255.000	255.000	255.000	255.000	255.000	255.000	255.000	255.000	255.000	255.000	255.000	255.000	255.000	255.000	255.000	255.000	255.000	255.000	255.000	255.000	255.000	255.000	255.000	255.000	255.000	255.000	255.000	255.000	255.000	255.000	255.000	255.000	255.000	255.000	255.000	255.000	255.000	255.000	255.000	255.000	255.000	255.000	255.000	255.000	255.000	255.000	255.000	255.000	255.000	255.000	255.000	255.000	255.000	255.000	255.000	255.000	255.000	255.000	255.000	255.000	255.000	255.000	255.000	255.000	255.000	255.000	255.000	255.000	255.000	255.000	255.000	255.000	255.000	255.000	255.000	255.000	255.000	255.000	255.000	255.000	255.000	255.000	255.000	255.000	255.000	255.000	255.000	255.000	255.000	255.000	255.000	255.000	255.000	255.000	255.000	255.000	255.000	255.000	255.000	255.000	255.000	255.000	255.000	255.000	255.000	255.000	255.000	255.000	0.000	0.000	0.000	0.000	0.000	0.000	0.000	0.000	0.000	0.000	0.000	0.000	0.000	0.000	0.000	0.000	0.000	0.000	0.000	0.000	0.000	0.000	0.000	0.000	0.000	0.000	0.000	0.000	0.000	0.000	0.000	0.000	0.000	0.000	0.000	0.000	0.000	0.000	0.000	0.000	0.000	0.000	0.000	0.000	0.000	0.000	0.000	0.000	0.000	0.000	0.000	0.000	0.000	0.000	0.000	0.000	0.000	0.000	0.000	0.000	0.000	0.000	0.000	0.000	0.000	0.000	0.000	0.000	0.000	0.000	0.000	0.000	0.000	0.000	0.000	0.000	0.000
0.000	0.000	0.000	0.000	0.000	0.000	0.000	0.000	0.000	0.000	0.000	0.000	0.000	0.000	0.000	0.000	0.000	0.000	0.000	0.000	0.000	0.000	0.000	0.000	0.000	0.000	0.000	0.000	0.000	0.000	0.000	0.000	0.000	0.000	0.000	0.000	0.000	0.000	0.000	0.000	0.000	0.000	0.000	0.000	0.000	0.000	0.000	0.000	0.000	0.000	0.000	0.000	0.000	0.000	0.000	0.000	0.000	0.000	0.000	0.000	0.000	0.000	0.000	0.000	0.000	0.000	255.000	255.000	255.000	255.000	255.000	255.000	255.000	255.000	255.000	255.000	255.000	255.000	255.000	255.000	255.000	255.000	255.000	255.000	255.000	255.000	255.000	255.000	255.000	255.000	255.000	255.000	255.000	255.000	255.000	255.000	255.000	255.000	255.000	255.000	255.000	255.000	255.000	255.000	255.000	255.000	255.000	255.000	255.000	255.000	255.000	255.000	255.000	255.000	255.000	255.000	255.000	255.000	255.000	255.000	255.000	255.000	255.000	255.000	255.000	255.000	255.000	255.000	255.000	255.000	255.000	255.000	255.000	255.000	255.000	255.000	255.000	255.000	255.000	255.000	255.000	255.000	255.000	255.000	255.000	255.000	255.000	255.000	255.000	255.000	255.000	255.000	255.000	255.000	255.000	255.000	255.000	255.000	255.000	255.000	255.000	255.000	255.000	255.000	255.000	255.000	255.000	255.000	255.000	255.000	255.000	255.000	255.000	255.000	255.000	255.000	255.000	255.000	0.000	0.000	0.000	0.000	0.000	0.000	0.000	0.000	0.000	0.000	0.000	0.000	0.000	0.000	0.000	0.000	0.000	0.000	0.000	0.000	0.000	0.000	0.000	0.000	0.000	0.000	0.000	0.000	0.000	0.000	0.000	0.000	0.000	0.000	0.000	0.000	0.000	0.000	0.000	0.000	0.000	0.000	0.000	0.000	0.000	0.000	0.000	0.000	0.000	0.000	0.000	0.000	0.000	0.000	0.000	0.000	0.000	0.000	0.000	0.000	0.000	0.000	0.000	0.000	0.000	0.000	0.000	0.000	0.000	0.000	0.000	0.000	0.000	0.000	0.000	0.000	0.000	0.000
0.000	0.000	0.000	0.000	0.000	0.000	0.000	0.000	0.000	0.000	0.000	0.000	0.000	0.000	0.000	0.000	0.000	0.000	0.000	0.000	0.000	0.000	0.000	0.000	0.000	0.000	0.000	0.000	0.000	0.000	0.000	0.000	0.000	0.000	0.000	0.000	0.000	0.000	0.000	0.000	0.000	0.000	0.000	0.000	0.000	0.000	0.000	0.000	0.000	0.000	0.000	0.000	0.000	0.000	0.000	0.000	0.000	0.000	0.000	0.000	0.000	0.000	0.000	0.000	0.000	0.000	0.000	255.000	255.000	255.000	255.000	255.000	255.000	255.000	255.000	255.000	255.000	255.000	255.000	255.000	255.000	255.000	255.000	255.000	255.000	255.000	255.000	255.000	255.000	255.000	255.000	255.000	255.000	255.000	255.000	255.000	255.000	255.000	255.000	255.000	255.000	255.000	255.000	255.000	255.000	255.000	255.000	255.000	255.000	255.000	255.000	255.000	255.000	255.000	255.000	255.000	255.000	255.000	255.000	255.000	255.000	255.000	255.000	255.000	255.000	255.000	255.000	255.000	255.000	255.000	255.000	255.000	255.000	255.000	255.000	255.000	255.000	255.000	255.000	255.000	255.000	255.000	255.000	255.000	255.000	255.000	255.000	255.000	255.000	255.000	255.000	255.000	255.000	255.000	255.000	255.000	255.000	255.000	255.000	255.000	255.000	255.000	255.000	255.000	255.000	255.000	255.000	255.000	255.000	255.000	255.000	255.000	255.000	255.000	255.000	255.000	255.000	255.000	0.000	0.000	0.000	0.000	0.000	0.000	0.000	0.000	0.000	0.000	0.000	0.000	0.000	0.000	0.000	0.000	0.000	0.000	0.000	0.000	0.000	0.000	0.000	0.000	0.000	0.000	0.000	0.000	0.000	0.000	0.000	0.000	0.000	0.000	0.000	0.000	0.000	0.000	0.000	0.000	0.000	0.000	0.000	0.000	0.000	0.000	0.000	0.000	0.000	0.000	0.000	0.000	0.000	0.000	0.000	0.000	0.000	0.000	0.000	0.000	0.000	0.000	0.000	0.000	0.000	0.000	0.000	0.000	0.000	0.000	0.000	0.000	0.000	0.000	0.000	0.000	0.000	0.000
0.000	0.000	0.000	0.000	0.000	0.000	0.000	0.000	0.000	0.000	0.000	0.000	0.000	0.000	0.000	0.000	0.000	0.000	0.000	0.000	0.000	0.000	0.000	0.000	0.000	0.000	0.000	0.000	0.000	0.000	0.000	0.000	0.000	0.000	0.000	0.000	0.000	0.000	0.000	0.000	0.000	0.000	0.000	0.000	0.000	0.000	0.000	0.000	0.000	0.000	0.000	0.000	0.000	0.000	0.000	0.000	0.000	0.000	0.000	0.000	0.000	0.000	0.000	0.000	0.000	0.000	0.000	255.000	255.000	255.000	255.000	255.000	255.000	255.000	255.000	255.000	255.000	255.000	255.000	255.000	255.000	255.000	255.000	255.000	255.000	255.000	255.000	255.000	255.000	255.000	255.000	255.000	255.000	255.000	255.000	255.000	255.000	255.000	255.000	255.000	255.000	255.000	255.000	255.000	255.000	255.000	255.000	255.000	255.000	255.000	255.000	255.000	255.000	255.000	255.000	255.000	255.000	255.000	255.000	255.000	255.000	255.000	255.000	255.000	255.000	255.000	255.000	255.000	255.000	255.000	255.000	255.000	255.000	255.000	255.000	255.000	255.000	255.000	255.000	255.000	255.000	255.000	255.000	255.000	255.000	255.000	255.000	255.000	255.000	255.000	255.000	255.000	255.000	255.000	255.000	255.000	255.000	255.000	255.000	255.000	255.000	255.000	255.000	255.000	255.000	255.000	255.000	255.000	255.000	255.000	255.000	255.000	255.000	255.000	255.000	255.000	255.000	0.000	0.000	0.000	0.000	0.000	0.000	0.000	0.000	0.000	0.000	0.000	0.000	0.000	0.000	0.000	0.000	0.000	0.000	0.000	0.000	0.000	0.000	0.000	0.000	0.000	0.000	0.000	0.000	0.000	0.000	0.000	0.000	0.000	0.000	0.000	0.000	0.000	0.000	0.000	0.000	0.000	0.000	0.000	0.000	0.000	0.000	0.000	0.000	0.000	0.000	0.000	0.000	0.000	0.000	0.000	0.000	0.000	0.000	0.000	0.000	0.000	0.000	0.000	0.000	0.000	0.000	0.000	0.000	0.000	0.000	0.000	0.000	0.000	0.000	0.000	0.000	0.000	0.000	0.000
0.000	0.000	0.000	0.000	0.000	0.000	0.000	0.000	0.000	0.000	0.000	0.000	0.000	0.000	0.000	0.000	0.000	0.000	0.000	0.000	0.000	0.000	0.000	0.000	0.000	0.000	0.000	0.000	0.000	0.000	0.000	0.000	0.000	0.000	0.000	0.000	0.000	0.000	0.000	0.000	0.000	0.000	0.000	0.000	0.000	0.000	0.000	0.000	0.000	0.000	0.000	0.000	0.000	0.000	0.000	0.000	0.000	0.000	0.000	0.000	0.000	0.000	0.000	0.000	0.000	0.000	0.000	0.000	255.000	255.000	255.000	255.000	255.000	255.000	255.000	255.000	255.000	255.000	255.000	255.000	255.000	255.000	255.000	255.000	255.000	255.000	255.000	255.000	255.000	255.000	255.000	255.000	255.000	255.000	255.000	255.000	255.000	255.000	255.000	255.000	255.000	255.000	255.000	255.000	255.000	255.000	255.000	255.000	255.000	255.000	255.000	255.000	255.000	255.000	255.000	255.000	255.000	255.000	255.000	255.000	255.000	255.000	255.000	255.000	255.000	255.000	255.000	255.000	255.000	255.000	255.000	255.000	255.000	255.000	255.000	255.000	255.000	255.000	255.000	255.000	255.000	255.000	255.000	255.000	255.000	255.000	255.000	255.000	255.000	255.000	255.000	255.000	255.000	255.000	255.000	255.000	255.000	255.000	255.000	255.000	255.000	255.000	255.000	255.000	255.000	255.000	255.000	255.000	255.000	255.000	255.000	255.000	255.000	255.000	255.000	255.000	255.000	0.000	0.000	0.000	0.000	0.000	0.000	0.000	0.000	0.000	0.000	0.000	0.000	0.000	0.000	0.000	0.000	0.000	0.000	0.000	0.000	0.000	0.000	0.000	0.000	0.000	0.000	0.000	0.000	0.000	0.000	0.000	0.000	0.000	0.000	0.000	0.000	0.000	0.000	0.000	0.000	0.000	0.000	0.000	0.000	0.000	0.000	0.000	0.000	0.000	0.000	0.000	0.000	0.000	0.000	0.000	0.000	0.000	0.000	0.000	0.000	0.000	0.000	0.000	0.000	0.000	0.000	0.000	0.000	0.000	0.000	0.000	0.000	0.000	0.000	0.000	0.000	0.000	0.000	0.000
0.000	0.000	0.000	0.000	0.000	0.000	0.000	0.000	0.000	0.000	0.000	0.000	0.000	0.000	0.000	0.000	0.000	0.000	0.000	0.000	0.000	0.000	0.000	0.000	0.000	0.000	0.000	0.000	0.000	0.000	0.000	0.000	0.000	0.000	0.000	0.000	0.000	0.000	0.000	0.000	0.000	0.000	0.000	0.000	0.000	0.000	0.000	0.000	0.000	0.000	0.000	0.000	0.000	0.000	0.000	0.000	0.000	0.000	0.000	0.000	0.000	0.000	0.000	0.000	0.000	0.000	0.000	0.000	0.000	0.000	255.000	255.000	255.000	255.000	255.000	255.000	255.000	255.000	255.000	255.000	255.000	255.000	255.000	255.000	255.000	255.000	255.000	255.000	255.000	255.000	255.000	255.000	255.000	255.000	255.000	255.000	255.000	255.000	255.000	255.000	255.000	255.000	255.000	255.000	255.000	255.000	255.000	255.000	255.000	255.000	255.000	255.000	255.000	255.000	255.000	255.000	255.000	255.000	255.000	255.000	255.000	255.000	255.000	255.000	255.000	255.000	255.000	255.000	255.000	255.000	255.000	255.000	255.000	255.000	255.000	255.000	255.000	255.000	255.000	255.000	255.000	255.000	255.000	255.000	255.000	255.000	255.000	255.000	255.000	255.000	255.000	255.000	255.000	255.000	255.000	255.000	255.000	255.000	255.000	255.000	255.000	255.000	255.000	255.000	255.000	255.000	255.000	255.000	255.000	255.000	255.000	255.000	255.000	255.000	255.000	255.000	255.000	0.000	0.000	0.000	0.000	0.000	0.000	0.000	0.000	0.000	0.000	0.000	0.000	0.000	0.000	0.000	0.000	0.000	0.000	0.000	0.000	0.000	0.000	0.000	0.000	0.000	0.000	0.000	0.000	0.000	0.000	0.000	0.000	0.000	0.000	0.000	0.000	0.000	0.000	0.000	0.000	0.000	0.000	0.000	0.000	0.000	0.000	0.000	0.000	0.000	0.000	0.000	0.000	0.000	0.000	0.000	0.000	0.000	0.000	0.000	0.000	0.000	0.000	0.000	0.000	0.000	0.000	0.000	0.000	0.000	0.000	0.000	0.000	0.000	0.000	0.000	0.000	0.000	0.000	0.000
0.000	0.000	0.000	0.000	0.000	0.000	0.000	0.000	0.000	0.000	0.000	0.000	0.000	0.000	0.000	0.000	0.000	0.000	0.000	0.000	0.000	0.000	0.000	0.000	0.000	0.000	0.000	0.000	0.000	0.000	0.000	0.000	0.000	0.000	0.000	0.000	0.000	0.000	0.000	0.000	0.000	0.000	0.000	0.000	0.000	0.000	0.000	0.000	0.000	0.000	0.000	0.000	0.000	0.000	0.000	0.000	0.000	0.000	0.000	0.000	0.000	0.000	0.000	0.000	0.000	0.000	0.000	0.000	0.000	0.000	0.000	255.000	255.000	255.000	255.000	255.000	255.000	255.000	255.000	255.000	255.000	255.000	255.000	255.000	255.000	255.000	255.000	255.000	255.000	255.000	255.000	255.000	255.000	255.000	255.000	255.000	255.000	255.000	255.000	255.000	255.000	255.000	255.000	255.000	255.000	255.000	255.000	255.000	255.000	255.000	255.000	255.000	255.000	255.000	255.000	255.000	255.000	255.000	255.000	255.000	255.000	255.000	255.000	255.000	255.000	255.000	255.000	0.000	0.000	0.000	0.000	0.000	0.000	0.000	0.000	0.000	0.000	255.000	255.000	255.000	255.000	255.000	255.000	255.000	255.000	255.000	255.000	255.000	255.000	255.000	255.000	255.000	255.000	255.000	255.000	255.000	255.000	255.000	255.000	255.000	255.000	255.000	255.000	255.000	255.000	255.000	255.000	255.000	255.000	255.000	255.000	255.000	255.000	255.000	255.000	255.000	0.000	0.000	0.000	0.000	0.000	0.000	0.000	0.000	0.000	0.000	0.000	0.000	0.000	0.000	0.000	0.000	0.000	0.000	0.000	0.000	0.000	0.000	0.000	0.000	0.000	0.000	0.000	0.000	0.000	0.000	0.000	0.000	0.000	0.000	0.000	0.000	0.000	0.000	0.000	0.000	0.000	0.000	0.000	0.000	0.000	0.000	0.000	0.000	0.000	0.000	0.000	0.000	0.000	0.000	0.000	0.000	0.000	0.000	0.000	0.000	0.000	0.000	0.000	0.000	0.000	0.000	0.000	0.000	0.000	0.000	0.000	0.000	0.000	0.000	0.000	0.000	0.000	0.000	0.000	0.000
0.000	0.000	0.000	0.000	0.000	0.000	0.000	0.000	0.000	0.000	0.000	0.000	0.000	0.000	0.000	0.000	0.000	0.000	0.000	0.000	0.000	0.000	0.000	0.000	0.000	0.000	0.000	0.000	0.000	0.000	0.000	0.000	0.000	0.000	0.000	0.000	0.000	0.000	0.000	0.000	0.000	0.000	0.000	0.000	0.000	0.000	0.000	0.000	0.000	0.000	0.000	0.000	0.000	0.000	0.000	0.000	0.000	0.000	0.000	0.000	0.000	0.000	0.000	0.000	0.000	0.000	0.000	0.000	0.000	0.000	0.000	0.000	255.000	255.000	255.000	255.000	255.000	255.000	255.000	255.000	255.000	255.000	255.000	255.000	255.000	255.000	255.000	255.000	255.000	255.000	255.000	255.000	255.000	255.000	255.000	255.000	255.000	255.000	255.000	255.000	255.000	255.000	255.000	255.000	255.000	255.000	255.000	255.000	255.000	255.000	255.000	255.000	255.000	255.000	255.000	255.000	255.000	255.000	255.000	255.000	255.000	255.000	255.000	255.000	0.000	0.000	0.000	0.000	0.000	0.000	0.000	0.000	0.000	0.000	0.000	0.000	0.000	0.000	0.000	255.000	255.000	255.000	255.000	255.000	255.000	255.000	255.000	255.000	255.000	255.000	255.000	255.000	255.000	255.000	255.000	255.000	255.000	255.000	255.000	255.000	255.000	255.000	255.000	255.000	255.000	255.000	255.000	255.000	255.000	255.000	255.000	255.000	255.000	255.000	255.000	255.000	0.000	0.000	0.000	0.000	0.000	0.000	0.000	0.000	0.000	0.000	0.000	0.000	0.000	0.000	0.000	0.000	0.000	0.000	0.000	0.000	0.000	0.000	0.000	0.000	0.000	0.000	0.000	0.000	0.000	0.000	0.000	0.000	0.000	0.000	0.000	0.000	0.000	0.000	0.000	0.000	0.000	0.000	0.000	0.000	0.000	0.000	0.000	0.000	0.000	0.000	0.000	0.000	0.000	0.000	0.000	0.000	0.000	0.000	0.000	0.000	0.000	0.000	0.000	0.000	0.000	0.000	0.000	0.000	0.000	0.000	0.000	0.000	0.000	0.000	0.000	0.000	0.000	0.000	0.000	0.000
0.000	0.000	0.000	0.000	0.000	0.000	0.000	0.000	0.000	0.000	0.000	0.000	0.000	0.000	0.000	0.000	0.000	0.000	0.000	0.000	0.000	0.000	0.000	0.000	0.000	0.000	0.000	0.000	0.000	0.000	0.000	0.000	0.000	0.000	0.000	0.000	0.000	0.000	0.000	0.000	0.000	0.000	0.000	0.000	0.000	0.000	0.000	0.000	0.000	0.000	0.000	0.000	0.000	0.000	0.000	0.000	0.000	0.000	0.000	0.000	0.000	0.000	0.000	0.000	0.000	0.000	0.000	0.000	0.000	0.000	0.000	0.000	0.000	255.000	255.000	255.000	255.000	255.000	255.000	255.000	255.000	255.000	255.000	255.000	255.000	255.000	255.000	255.000	255.000	255.000	255.000	255.000	255.000	255.000	255.000	255.000	255.000	255.000	255.000	255.000	255.000	255.000	255.000	255.000	255.000	255.000	255.000	255.000	255.000	255.000	255.000	255.000	255.000	255.000	255.000	255.000	255.000	255.000	255.000	255.000	255.000	0.000	0.000	0.000	0.000	0.000	0.000	0.000	0.000	0.000	0.000	0.000	0.000	0.000	0.000	0.000	0.000	0.000	0.000	0.000	255.000	255.000	255.000	255.000	255.000	255.000	255.000	255.000	255.000	255.000	255.000	255.000	255.000	255.000	255.000	255.000	255.000	255.000	255.000	255.000	255.000	255.000	255.000	255.000	255.000	255.000	255.000	255.000	255.000	255.000	255.000	255.000	255.000	255.000	255.000	0.000	0.000	0.000	0.000	0.000	0.000	0.000	0.000	0.000	0.000	0.000	0.000	0.000	0.000	0.000	0.000	0.000	0.000	0.000	0.000	0.000	0.000	0.000	0.000	0.000	0.000	0.000	0.000	0.000	0.000	0.000	0.000	0.000	0.000	0.000	0.000	0.000	0.000	0.000	0.000	0.000	0.000	0.000	0.000	0.000	0.000	0.000	0.000	0.000	0.000	0.000	0.000	0.000	0.000	0.000	0.000	0.000	0.000	0.000	0.000	0.000	0.000	0.000	0.000	0.000	0.000	0.000	0.000	0.000	0.000	0.000	0.000	0.000	0.000	0.000	0.000	0.000	0.000	0.000	0.000	0.000
0.000	0.000	0.000	0.000	0.000	0.000	0.000	0.000	0.000	0.000	0.000	0.000	0.000	0.000	0.000	0.000	0.000	0.000	0.000	0.000	0.000	0.000	0.000	0.000	0.000	0.000	0.000	0.000	0.000	0.000	0.000	0.000	0.000	0.000	0.000	0.000	0.000	0.000	0.000	0.000	0.000	0.000	0.000	0.000	0.000	0.000	0.000	0.000	0.000	0.000	0.000	0.000	0.000	0.000	0.000	0.000	0.000	0.000	0.000	0.000	0.000	0.000	0.000	0.000	0.000	0.000	0.000	0.000	0.000	0.000	0.000	0.000	0.000	0.000	255.000	255.000	255.000	255.000	255.000	255.000	255.000	255.000	255.000	255.000	255.000	255.000	255.000	255.000	255.000	255.000	255.000	255.000	255.000	255.000	255.000	255.000	255.000	255.000	255.000	255.000	255.000	255.000	255.000	255.000	255.000	255.000	255.000	255.000	255.000	255.000	255.000	255.000	255.000	255.000	255.000	255.000	255.000	255.000	255.000	0.000	0.000	0.000	0.000	0.000	0.000	0.000	0.000	0.000	0.000	0.000	0.000	0.000	0.000	0.000	0.000	0.000	0.000	0.000	0.000	0.000	0.000	255.000	255.000	255.000	255.000	255.000	255.000	255.000	255.000	255.000	255.000	255.000	255.000	255.000	255.000	255.000	255.000	255.000	255.000	255.000	255.000	255.000	255.000	255.000	255.000	255.000	255.000	255.000	255.000	255.000	255.000	255.000	255.000	255.000	255.000	0.000	0.000	0.000	0.000	0.000	0.000	0.000	0.000	0.000	0.000	0.000	0.000	0.000	0.000	0.000	0.000	0.000	0.000	0.000	0.000	0.000	0.000	0.000	0.000	0.000	0.000	0.000	0.000	0.000	0.000	0.000	0.000	0.000	0.000	0.000	0.000	0.000	0.000	0.000	0.000	0.000	0.000	0.000	0.000	0.000	0.000	0.000	0.000	0.000	0.000	0.000	0.000	0.000	0.000	0.000	0.000	0.000	0.000	0.000	0.000	0.000	0.000	0.000	0.000	0.000	0.000	0.000	0.000	0.000	0.000	0.000	0.000	0.000	0.000	0.000	0.000	0.000	0.000	0.000	0.000	0.000
0.000	0.000	0.000	0.000	0.000	0.000	0.000	0.000	0.000	0.000	0.000	0.000	0.000	0.000	0.000	0.000	0.000	0.000	0.000	0.000	0.000	0.000	0.000	0.000	0.000	0.000	0.000	0.000	0.000	0.000	0.000	0.000	0.000	0.000	0.000	0.000	0.000	0.000	0.000	0.000	0.000	0.000	0.000	0.000	0.000	0.000	0.000	0.000	0.000	0.000	0.000	0.000	0.000	0.000	0.000	0.000	0.000	0.000	0.000	0.000	0.000	0.000	0.000	0.000	0.000	0.000	0.000	0.000	0.000	0.000	0.000	0.000	0.000	0.000	0.000	0.000	0.000	255.000	255.000	255.000	255.000	255.000	255.000	255.000	255.000	255.000	255.000	255.000	255.000	255.000	255.000	255.000	255.000	255.000	255.000	255.000	255.000	255.000	255.000	255.000	255.000	255.000	255.000	255.000	255.000	255.000	255.000	255.000	255.000	255.000	255.000	255.000	255.000	255.000	255.000	255.000	255.000	255.000	0.000	0.000	0.000	0.000	0.000	0.000	0.000	0.000	0.000	0.000	0.000	0.000	0.000	0.000	0.000	0.000	0.000	0.000	0.000	0.000	0.000	0.000	0.000	0.000	255.000	255.000	255.000	255.000	255.000	255.000	255.000	255.000	255.000	255.000	255.000	255.000	255.000	255.000	255.000	255.000	255.000	255.000	255.000	255.000	255.000	255.000	255.000	255.000	255.000	255.000	255.000	255.000	255.000	255.000	255.000	255.000	0.000	0.000	0.000	0.000	0.000	0.000	0.000	0.000	0.000	0.000	0.000	0.000	0.000	0.000	0.000	0.000	0.000	0.000	0.000	0.000	0.000	0.000	0.000	0.000	0.000	0.000	0.000	0.000	0.000	0.000	0.000	0.000	0.000	0.000	0.000	0.000	0.000	0.000	0.000	0.000	0.000	0.000	0.000	0.000	0.000	0.000	0.000	0.000	0.000	0.000	0.000	0.000	0.000	0.000	0.000	0.000	0.000	0.000	0.000	0.000	0.000	0.000	0.000	0.000	0.000	0.000	0.000	0.000	0.000	0.000	0.000	0.000	0.000	0.000	0.000	0.000	0.000	0.000	0.000	0.000	0.000	0.000
0.000	0.000	0.000	0.000	0.000	0.000	0.000	0.000	0.000	0.000	0.000	0.000	0.000	0.000	0.000	0.000	0.000	0.000	0.000	0.000	0.000	0.000	0.000	0.000	0.000	0.000	0.000	0.000	0.000	0.000	0.000	0.000	0.000	0.000	0.000	0.000	0.000	0.000	0.000	0.000	0.000	0.000	0.000	0.000	0.000	0.000	0.000	0.000	0.000	0.000	0.000	0.000	0.000	0.000	0.000	0.000	0.000	0.000	0.000	0.000	0.000	0.000	0.000	0.000	0.000	0.000	0.000	0.000	0.000	0.000	0.000	0.000	0.000	0.000	0.000	0.000	0.000	0.000	0.000	0.000	0.000	255.000	255.000	255.000	255.000	255.000	255.000	255.000	255.000	255.000	255.000	255.000	255.000	255.000	255.000	255.000	255.000	255.000	255.000	255.000	255.000	255.000	255.000	255.000	255.000	255.000	255.000	255.000	255.000	255.000	255.000	255.000	255.000	255.000	0.000	0.000	0.000	0.000	0.000	0.000	0.000	0.000	0.000	0.000	0.000	0.000	0.000	0.000	0.000	0.000	0.000	0.000	0.000	0.000	0.000	0.000	0.000	0.000	0.000	0.000	0.000	0.000	0.000	255.000	255.000	255.000	255.000	255.000	255.000	255.000	255.000	255.000	255.000	255.000	255.000	255.000	255.000	255.000	255.000	255.000	255.000	255.000	255.000	255.000	255.000	255.000	255.000	255.000	255.000	255.000	255.000	255.000	255.000	255.000	0.000	0.000	0.000	0.000	0.000	0.000	0.000	0.000	0.000	0.000	0.000	0.000	0.000	0.000	0.000	0.000	0.000	0.000	0.000	0.000	0.000	0.000	0.000	0.000	0.000	0.000	0.000	0.000	0.000	0.000	0.000	0.000	0.000	0.000	0.000	0.000	0.000	0.000	0.000	0.000	0.000	0.000	0.000	0.000	0.000	0.000	0.000	0.000	0.000	0.000	0.000	0.000	0.000	0.000	0.000	0.000	0.000	0.000	0.000	0.000	0.000	0.000	0.000	0.000	0.000	0.000	0.000	0.000	0.000	0.000	0.000	0.000	0.000	0.000	0.000	0.000	0.000	0.000	0.000	0.000	0.000	0.000
0.000	0.000	0.000	0.000	0.000	0.000	0.000	0.000	0.000	0.000	0.000	0.000	0.000	0.000	0.000	0.000	0.000	0.000	0.000	0.000	0.000	0.000	0.000	0.000	0.000	0.000	0.000	0.000	0.000	0.000	0.000	0.000	0.000	0.000	0.000	0.000	0.000	0.000	0.000	0.000	0.000	0.000	0.000	0.000	0.000	0.000	0.000	0.000	0.000	0.000	0.000	0.000	0.000	0.000	0.000	0.000	0.000	0.000	0.000	0.000	0.000	0.000	0.000	0.000	0.000	0.000	0.000	0.000	0.000	0.000	0.000	0.000	0.000	0.000	0.000	0.000	0.000	0.000	0.000	0.000	0.000	0.000	0.000	0.000	255.000	255.000	255.000	255.000	255.000	255.000	255.000	255.000	255.000	255.000	255.000	255.000	255.000	255.000	255.000	255.000	255.000	255.000	255.000	255.000	255.000	255.000	255.000	255.000	255.000	255.000	255.000	0.000	0.000	0.000	0.000	0.000	0.000	0.000	0.000	0.000	0.000	0.000	0.000	0.000	0.000	0.000	0.000	0.000	0.000	0.000	0.000	0.000	0.000	0.000	0.000	0.000	0.000	0.000	0.000	0.000	0.000	0.000	0.000	0.000	255.000	255.000	255.000	255.000	255.000	255.000	255.000	255.000	255.000	255.000	255.000	255.000	255.000	255.000	255.000	255.000	255.000	255.000	255.000	255.000	255.000	255.000	255.000	255.000	255.000	255.000	255.000	255.000	255.000	0.000	0.000	0.000	0.000	0.000	0.000	0.000	0.000	0.000	0.000	0.000	0.000	0.000	0.000	0.000	0.000	0.000	0.000	0.000	0.000	0.000	0.000	0.000	0.000	0.000	0.000	0.000	0.000	0.000	0.000	0.000	0.000	0.000	0.000	0.000	0.000	0.000	0.000	0.000	0.000	0.000	0.000	0.000	0.000	0.000	0.000	0.000	0.000	0.000	0.000	0.000	0.000	0.000	0.000	0.000	0.000	0.000	0.000	0.000	0.000	0.000	0.000	0.000	0.000	0.000	0.000	0.000	0.000	0.000	0.000	0.000	0.000	0.000	0.000	0.000	0.000	0.000	0.000	0.000	0.000	0.000	0.000	0.000
0.000	0.000	0.000	0.000	0.000	0.000	0.000	0.000	0.000	0.000	0.000	0.000	0.000	0.000	0.000	0.000	0.000	0.000	0.000	0.000	0.000	0.000	0.000	0.000	0.000	0.000	0.000	0.000	0.000	0.000	0.000	0.000	0.000	0.000	0.000	0.000	0.000	0.000	0.000	0.000	0.000	0.000	0.000	0.000	0.000	0.000	0.000	0.000	0.000	0.000	0.000	0.000	0.000	0.000	0.000	0.000	0.000	0.000	0.000	0.000	0.000	0.000	0.000	0.000	0.000	0.000	0.000	0.000	0.000	0.000	0.000	0.000	0.000	0.000	0.000	0.000	0.000	0.000	0.000	0.000	0.000	0.000	0.000	0.000	0.000	0.000	0.000	0.000	255.000	255.000	255.000	255.000	255.000	255.000	255.000	255.000	255.000	255.000	255.000	255.000	255.000	255.000	255.000	255.000	255.000	255.000	255.000	255.000	0.000	0.000	0.000	0.000	0.000	0.000	0.000	0.000	0.000	0.000	0.000	0.000	0.000	0.000	0.000	0.000	0.000	0.000	0.000	0.000	0.000	0.000	0.000	0.000	0.000	0.000	0.000	0.000	0.000	0.000	0.000	0.000	0.000	0.000	0.000	0.000	0.000	255.000	255.000	255.000	255.000	255.000	255.000	255.000	255.000	255.000	255.000	255.000	255.000	255.000	255.000	255.000	255.000	255.000	255.000	255.000	255.000	255.000	255.000	255.000	255.000	255.000	255.000	255.000	255.000	0.000	0.000	0.000	0.000	0.000	0.000	0.000	0.000	0.000	0.000	0.000	0.000	0.000	0.000	0.000	0.000	0.000	0.000	0.000	0.000	0.000	0.000	0.000	0.000	0.000	0.000	0.000	0.000	0.000	0.000	0.000	0.000	0.000	0.000	0.000	0.000	0.000	0.000	0.000	0.000	0.000	0.000	0.000	0.000	0.000	0.000	0.000	0.000	0.000	0.000	0.000	0.000	0.000	0.000	0.000	0.000	0.000	0.000	0.000	0.000	0.000	0.000	0.000	0.000	0.000	0.000	0.000	0.000	0.000	0.000	0.000	0.000	0.000	0.000	0.000	0.000	0.000	0.000	0.000	0.000	0.000	0.000	0.000
0.000	0.000	0.000	0.000	0.000	0.000	0.000	0.000	0.000	0.000	0.000	0.000	0.000	0.000	0.000	0.000	0.000	0.000	0.000	0.000	0.000	0.000	0.000	0.000	0.000	0.000	0.000	0.000	0.000	0.000	0.000	0.000	0.000	0.000	0.000	0.000	0.000	0.000	0.000	0.000	0.000	0.000	0.000	0.000	0.000	0.000	0.000	0.000	0.000	0.000	0.000	0.000	0.000	0.000	0.000	0.000	0.000	0.000	0.000	0.000	0.000	0.000	0.000	0.000	0.000	0.000	0.000	0.000	0.000	0.000	0.000	0.000	0.000	0.000	0.000	0.000	0.000	0.000	0.000	0.000	0.000	0.000	0.000	0.000	0.000	0.000	0.000	0.000	0.000	0.000	0.000	255.000	255.000	255.000	255.000	255.000	255.000	255.000	255.000	255.000	255.000	255.000	255.000	255.000	255.000	255.000	0.000	0.000	0.000	0.000	0.000	0.000	0.000	0.000	0.000	0.000	0.000	0.000	0.000	0.000	0.000	0.000	0.000	0.000	0.000	0.000	0.000	0.000	0.000	0.000	0.000	0.000	0.000	0.000	0.000	0.000	0.000	0.000	0.000	0.000	0.000	0.000	0.000	0.000	0.000	0.000	255.000	255.000	255.000	255.000	255.000	255.000	255.000	255.000	255.000	255.000	255.000	255.000	255.000	255.000	255.000	255.000	255.000	255.000	255.000	255.000	255.000	255.000	255.000	255.000	255.000	255.000	0.000	0.000	0.000	0.000	0.000	0.000	0.000	0.000	0.000	0.000	0.000	0.000	0.000	0.000	0.000	0.000	0.000	0.000	0.000	0.000	0.000	0.000	0.000	0.000	0.000	0.000	0.000	0.000	0.000	0.000	0.000	0.000	0.000	0.000	0.000	0.000	0.000	0.000	0.000	0.000	0.000	0.000	0.000	0.000	0.000	0.000	0.000	0.000	0.000	0.000	0.000	0.000	0.000	0.000	0.000	0.000	0.000	0.000	0.000	0.000	0.000	0.000	0.000	0.000	0.000	0.000	0.000	0.000	0.000	0.000	0.000	0.000	0.000	0.000	0.000	0.000	0.000	0.000	0.000	0.000	0.000	0.000	0.000	0.000
0.000	0.000	0.000	0.000	0.000	0.000	0.000	0.000	0.000	0.000	0.000	0.000	0.000	0.000	0.000	0.000	0.000	0.000	0.000	0.000	0.000	0.000	0.000	0.000	0.000	0.000	0.000	0.000	0.000	0.000	0.000	0.000	0.000	0.000	0.000	0.000	0.000	0.000	0.000	0.000	0.000	0.000	0.000	0.000	0.000	0.000	0.000	0.000	0.000	0.000	0.000	0.000	0.000	0.000	0.000	0.000	0.000	0.000	0.000	0.000	0.000	0.000	0.000	0.000	0.000	0.000	0.000	0.000	0.000	0.000	0.000	0.000	0.000	0.000	0.000	0.000	0.000	0.000	0.000	0.000	0.000	0.000	0.000	0.000	0.000	0.000	0.000	0.000	0.000	0.000	0.000	0.000	0.000	0.000	255.000	255.000	255.000	255.000	255.000	255.000	0.000	0.000	0.000	0.000	0.000	0.000	0.000	0.000	0.000	0.000	0.000	0.000	0.000	0.000	0.000	0.000	0.000	0.000	0.000	0.000	0.000	0.000	0.000	0.000	0.000	0.000	0.000	0.000	0.000	0.000	0.000	0.000	0.000	0.000	0.000	0.000	0.000	0.000	0.000	0.000	0.000	0.000	0.000	0.000	0.000	0.000	0.000	255.000	255.000	255.000	255.000	255.000	255.000	255.000	255.000	255.000	255.000	255.000	255.000	255.000	255.000	255.000	255.000	255.000	255.000	255.000	255.000	255.000	255.000	255.000	255.000	0.000	0.000	0.000	0.000	0.000	0.000	0.000	0.000	0.000	0.000	0.000	0.000	0.000	0.000	0.000	0.000	0.000	0.000	0.000	0.000	0.000	0.000	0.000	0.000	0.000	0.000	0.000	0.000	0.000	0.000	0.000	0.000	0.000	0.000	0.000	0.000	0.000	0.000	0.000	0.000	0.000	0.000	0.000	0.000	0.000	0.000	0.000	0.000	0.000	0.000	0.000	0.000	0.000	0.000	0.000	0.000	0.000	0.000	0.000	0.000	0.000	0.000	0.000	0.000	0.000	0.000	0.000	0.000	0.000	0.000	0.000	0.000	0.000	0.000	0.000	0.000	0.000	0.000	0.000	0.000	0.000	0.000	0.000	0.000	0.000
0.000	0.000	0.000	0.000	0.000	0.000	0.000	0.000	0.000	0.000	0.000	0.000	0.000	0.000	0.000	0.000	0.000	0.000	0.000	0.000	0.000	0.000	0.000	0.000	0.000	0.000	0.000	0.000	0.000	0.000	0.000	0.000	0.000	0.000	0.000	0.000	0.000	0.000	0.000	0.000	0.000	0.000	0.000	0.000	0.000	0.000	0.000	0.000	0.000	0.000	0.000	0.000	0.000	0.000	0.000	0.000	0.000	0.000	0.000	0.000	0.000	0.000	0.000	0.000	0.000	0.000	0.000	0.000	0.000	0.000	0.000	0.000	0.000	0.000	0.000	0.000	0.000	0.000	0.000	0.000	0.000	0.000	0.000	0.000	0.000	0.000	0.000	0.000	0.000	0.000	0.000	0.000	0.000	0.000	0.000	0.000	0.000	0.000	0.000	0.000	0.000	0.000	0.000	0.000	0.000	0.000	0.000	0.000	0.000	0.000	0.000	0.000	0.000	0.000	0.000	0.000	0.000	0.000	0.000	0.000	0.000	0.000	0.000	0.000	0.000	0.000	0.000	0.000	0.000	0.000	0.000	0.000	0.000	0.000	0.000	0.000	0.000	0.000	0.000	0.000	0.000	0.000	0.000	0.000	0.000	0.000	0.000	0.000	0.000	255.000	255.000	255.000	255.000	255.000	255.000	255.000	255.000	255.000	255.000	255.000	255.000	255.000	255.000	255.000	255.000	255.000	255.000	255.000	255.000	255.000	0.000	0.000	0.000	0.000	0.000	0.000	0.000	0.000	0.000	0.000	0.000	0.000	0.000	0.000	0.000	0.000	0.000	0.000	0.000	0.000	0.000	0.000	0.000	0.000	0.000	0.000	0.000	0.000	0.000	0.000	0.000	0.000	0.000	0.000	0.000	0.000	0.000	0.000	0.000	0.000	0.000	0.000	0.000	0.000	0.000	0.000	0.000	0.000	0.000	0.000	0.000	0.000	0.000	0.000	0.000	0.000	0.000	0.000	0.000	0.000	0.000	0.000	0.000	0.000	0.000	0.000	0.000	0.000	0.000	0.000	0.000	0.000	0.000	0.000	0.000	0.000	0.000	0.000	0.000	0.000	0.000	0.000	0.000	0.000	0.000	0.000
0.000	0.000	0.000	0.000	0.000	0.000	0.000	0.000	0.000	0.000	0.000	0.000	0.000	0.000	0.000	0.000	0.000	0.000	0.000	0.000	0.000	0.000	0.000	0.000	0.000	0.000	0.000	0.000	0.000	0.000	0.000	0.000	0.000	0.000	0.000	0.000	0.000	0.000	0.000	0.000	0.000	0.000	0.000	0.000	0.000	0.000	0.000	0.000	0.000	0.000	0.000	0.000	0.000	0.000	0.000	0.000	0.000	0.000	0.000	0.000	0.000	0.000	0.000	0.000	0.000	0.000	0.000	0.000	0.000	0.000	0.000	0.000	0.000	0.000	0.000	0.000	0.000	0.000	0.000	0.000	0.000	0.000	0.000	0.000	0.000	0.000	0.000	0.000	0.000	0.000	0.000	0.000	0.000	0.000	0.000	0.000	0.000	0.000	0.000	0.000	0.000	0.000	0.000	0.000	0.000	0.000	0.000	0.000	0.000	0.000	0.000	0.000	0.000	0.000	0.000	0.000	0.000	0.000	0.000	0.000	0.000	0.000	0.000	0.000	0.000	0.000	0.000	0.000	0.000	0.000	0.000	0.000	0.000	0.000	0.000	0.000	0.000	0.000	0.000	0.000	0.000	0.000	0.000	0.000	0.000	0.000	0.000	0.000	0.000	0.000	0.000	255.000	255.000	255.000	255.000	255.000	255.000	255.000	255.000	255.000	255.000	255.000	255.000	255.000	255.000	255.000	255.000	255.000	255.000	0.000	0.000	0.000	0.000	0.000	0.000	0.000	0.000	0.000	0.000	0.000	0.000	0.000	0.000	0.000	0.000	0.000	0.000	0.000	0.000	0.000	0.000	0.000	0.000	0.000	0.000	0.000	0.000	0.000	0.000	0.000	0.000	0.000	0.000	0.000	0.000	0.000	0.000	0.000	0.000	0.000	0.000	0.000	0.000	0.000	0.000	0.000	0.000	0.000	0.000	0.000	0.000	0.000	0.000	0.000	0.000	0.000	0.000	0.000	0.000	0.000	0.000	0.000	0.000	0.000	0.000	0.000	0.000	0.000	0.000	0.000	0.000	0.000	0.000	0.000	0.000	0.000	0.000	0.000	0.000	0.000	0.000	0.000	0.000	0.000	0.000	0.000
0.000	0.000	0.000	0.000	0.000	0.000	0.000	0.000	0.000	0.000	0.000	0.000	0.000	0.000	0.000	0.000	0.000	0.000	0.000	0.000	0.000	0.000	0.000	0.000	0.000	0.000	0.000	0.000	0.000	0.000	0.000	0.000	0.000	0.000	0.000	0.000	0.000	0.000	0.000	0.000	0.000	0.000	0.000	0.000	0.000	0.000	0.000	0.000	0.000	0.000	0.000	0.000	0.000	0.000	0.000	0.000	0.000	0.000	0.000	0.000	0.000	0.000	0.000	0.000	0.000	0.000	0.000	0.000	0.000	0.000	0.000	0.000	0.000	0.000	0.000	0.000	0.000	0.000	0.000	0.000	0.000	0.000	0.000	0.000	0.000	0.000	0.000	0.000	0.000	0.000	0.000	0.000	0.000	0.000	0.000	0.000	0.000	0.000	0.000	0.000	0.000	0.000	0.000	0.000	0.000	0.000	0.000	0.000	0.000	0.000	0.000	0.000	0.000	0.000	0.000	0.000	0.000	0.000	0.000	0.000	0.000	0.000	0.000	0.000	0.000	0.000	0.000	0.000	0.000	0.000	0.000	0.000	0.000	0.000	0.000	0.000	0.000	0.000	0.000	0.000	0.000	0.000	0.000	0.000	0.000	0.000	0.000	0.000	0.000	0.000	0.000	0.000	0.000	255.000	255.000	255.000	255.000	255.000	255.000	255.000	255.000	255.000	255.000	255.000	255.000	255.000	255.000	0.000	0.000	0.000	0.000	0.000	0.000	0.000	0.000	0.000	0.000	0.000	0.000	0.000	0.000	0.000	0.000	0.000	0.000	0.000	0.000	0.000	0.000	0.000	0.000	0.000	0.000	0.000	0.000	0.000	0.000	0.000	0.000	0.000	0.000	0.000	0.000	0.000	0.000	0.000	0.000	0.000	0.000	0.000	0.000	0.000	0.000	0.000	0.000	0.000	0.000	0.000	0.000	0.000	0.000	0.000	0.000	0.000	0.000	0.000	0.000	0.000	0.000	0.000	0.000	0.000	0.000	0.000	0.000	0.000	0.000	0.000	0.000	0.000	0.000	0.000	0.000	0.000	0.000	0.000	0.000	0.000	0.000	0.000	0.000	0.000	0.000	0.000	0.000	0.000
0.000	0.000	0.000	0.000	0.000	0.000	0.000	0.000	0.000	0.000	0.000	0.000	0.000	0.000	0.000	0.000	0.000	0.000	0.000	0.000	0.000	0.000	0.000	0.000	0.000	0.000	0.000	0.000	0.000	0.000	0.000	0.000	0.000	0.000	0.000	0.000	0.000	0.000	0.000	0.000	0.000	0.000	0.000	0.000	0.000	0.000	0.000	0.000	0.000	0.000	0.000	0.000	0.000	0.000	0.000	0.000	0.000	0.000	0.000	0.000	0.000	0.000	0.000	0.000	0.000	0.000	0.000	0.000	0.000	0.000	0.000	0.000	0.000	0.000	0.000	0.000	0.000	0.000	0.000	0.000	0.000	0.000	0.000	0.000	0.000	0.000	0.000	0.000	0.000	0.000	0.000	0.000	0.000	0.000	0.000	0.000	0.000	0.000	0.000	0.000	0.000	0.000	0.000	0.000	0.000	0.000	0.000	0.000	0.000	0.000	0.000	0.000	0.000	0.000	0.000	0.000	0.000	0.000	0.000	0.000	0.000	0.000	0.000	0.000	0.000	0.000	0.000	0.000	0.000	0.000	0.000	0.000	0.000	0.000	0.000	0.000	0.000	0.000	0.000	0.000	0.000	0.000	0.000	0.000	0.000	0.000	0.000	0.000	0.000	0.000	0.000	0.000	0.000	0.000	0.000	255.000	255.000	255.000	255.000	255.000	255.000	255.000	255.000	0.000	0.000	0.000	0.000	0.000	0.000	0.000	0.000	0.000	0.000	0.000	0.000	0.000	0.000	0.000	0.000	0.000	0.000	0.000	0.000	0.000	0.000	0.000	0.000	0.000	0.000	0.000	0.000	0.000	0.000	0.000	0.000	0.000	0.000	0.000	0.000	0.000	0.000	0.000	0.000	0.000	0.000	0.000	0.000	0.000	0.000	0.000	0.000	0.000	0.000	0.000	0.000	0.000	0.000	0.000	0.000	0.000	0.000	0.000	0.000	0.000	0.000	0.000	0.000	0.000	0.000	0.000	0.000	0.000	0.000	0.000	0.000	0.000	0.000	0.000	0.000	0.000	0.000	0.000	0.000	0.000	0.000	0.000	0.000	0.000	0.000	0.000	0.000	0.000	0.000	0.000	0.000	0.000
0.000	0.000	0.000	0.000	0.000	0.000	0.000	0.000	0.000	0.000	0.000	0.000	0.000	0.000	0.000	0.000	0.000	0.000	0.000	0.000	0.000	0.000	0.000	0.000	0.000	0.000	0.000	0.000	0.000	0.000	0.000	0.000	0.000	0.000	0.000	0.000	0.000	0.000	0.000	0.000	0.000	0.000	0.000	0.000	0.000	0.000	0.000	0.000	0.000	0.000	0.000	0.000	0.000	0.000	0.000	0.000	0.000	0.000	0.000	0.000	0.000	0.000	0.000	0.000	0.000	0.000	0.000	0.000	0.000	0.000	0.000	0.000	0.000	0.000	0.000	0.000	0.000	0.000	0.000	0.000	0.000	0.000	0.000	0.000	0.000	0.000	0.000	0.000	0.000	0.000	0.000	0.000	0.000	0.000	0.000	0.000	0.000	0.000	0.000	0.000	0.000	0.000	0.000	0.000	0.000	0.000	0.000	0.000	0.000	0.000	0.000	0.000	0.000	0.000	0.000	0.000	0.000	0.000	0.000	0.000	0.000	0.000	0.000	0.000	0.000	0.000	0.000	0.000	0.000	0.000	0.000	0.000	0.000	0.000	0.000	0.000	0.000	0.000	0.000	0.000	0.000	0.000	0.000	0.000	0.000	0.000	0.000	0.000	0.000	0.000	0.000	0.000	0.000	0.000	0.000	0.000	0.000	0.000	0.000	0.000	0.000	0.000	0.000	0.000	0.000	0.000	0.000	0.000	0.000	0.000	0.000	0.000	0.000	0.000	0.000	0.000	0.000	0.000	0.000	0.000	0.000	0.000	0.000	0.000	0.000	0.000	0.000	0.000	0.000	0.000	0.000	0.000	0.000	0.000	0.000	0.000	0.000	0.000	0.000	0.000	0.000	0.000	0.000	0.000	0.000	0.000	0.000	0.000	0.000	0.000	0.000	0.000	0.000	0.000	0.000	0.000	0.000	0.000	0.000	0.000	0.000	0.000	0.000	0.000	0.000	0.000	0.000	0.000	0.000	0.000	0.000	0.000	0.000	0.000	0.000	0.000	0.000	0.000	0.000	0.000	0.000	0.000	0.000	0.000	0.000	0.000	0.000	0.000	0.000	0.000	0.000	0.000	0.000	0.000	0.000	0.000
0.000	0.000	0.000	0.000	0.000	0.000	0.000	0.000	0.000	0.000	0.000	0.000	0.000	0.000	0.000	0.000	0.000	0.000	0.000	0.000	0.000	0.000	0.000	0.000	0.000	0.000	0.000	0.000	0.000	0.000	0.000	0.000	0.000	0.000	0.000	0.000	0.000	0.000	0.000	0.000	0.000	0.000	0.000	0.000	0.000	0.000	0.000	0.000	0.000	0.000	0.000	0.000	0.000	0.000	0.000	0.000	0.000	0.000	0.000	0.000	0.000	0.000	0.000	0.000	0.000	0.000	0.000	0.000	0.000	0.000	0.000	0.000	0.000	0.000	0.000	0.000	0.000	0.000	0.000	0.000	0.000	0.000	0.000	0.000	0.000	0.000	0.000	0.000	0.000	0.000	0.000	0.000	0.000	0.000	0.000	0.000	0.000	0.000	0.000	0.000	0.000	0.000	0.000	0.000	0.000	0.000	0.000	0.000	0.000	0.000	0.000	0.000	0.000	0.000	0.000	0.000	0.000	0.000	0.000	0.000	0.000	0.000	0.000	0.000	0.000	0.000	0.000	0.000	0.000	0.000	0.000	0.000	0.000	0.000	0.000	0.000	0.000	0.000	0.000	0.000	0.000	0.000	0.000	0.000	0.000	0.000	0.000	0.000	0.000	0.000	0.000	0.000	0.000	0.000	0.000	0.000	0.000	0.000	0.000	0.000	0.000	0.000	0.000	0.000	0.000	0.000	0.000	0.000	0.000	0.000	0.000	0.000	0.000	0.000	0.000	0.000	0.000	0.000	0.000	0.000	0.000	0.000	0.000	0.000	0.000	0.000	0.000	0.000	0.000	0.000	0.000	0.000	0.000	0.000	0.000	0.000	0.000	0.000	0.000	0.000	0.000	0.000	0.000	0.000	0.000	0.000	0.000	0.000	0.000	0.000	0.000	0.000	0.000	0.000	0.000	0.000	0.000	0.000	0.000	0.000	0.000	0.000	0.000	0.000	0.000	0.000	0.000	0.000	0.000	0.000	0.000	0.000	0.000	0.000	0.000	0.000	0.000	0.000	0.000	0.000	0.000	0.000	0.000	0.000	0.000	0.000	0.000	0.000	0.000	0.000	0.000	0.000	0.000	0.000	0.000	0.000
0.000	0.000	0.000	0.000	0.000	0.000	0.000	0.000	0.000	0.000	0.000	0.000	0.000	0.000	0.000	0.000	0.000	0.000	0.000	0.000	0.000	0.000	0.000	0.000	0.000	0.000	0.000	0.000	0.000	0.000	0.000	0.000	0.000	0.000	0.000	0.000	0.000	0.000	0.000	0.000	0.000	0.000	0.000	0.000	0.000	0.000	0.000	0.000	0.000	0.000	0.000	0.000	0.000	0.000	0.000	0.000	0.000	0.000	0.000	0.000	0.000	0.000	0.000	0.000	0.000	0.000	0.000	0.000	0.000	0.000	0.000	0.000	0.000	0.000	0.000	0.000	0.000	0.000	0.000	0.000	0.000	0.000	0.000	0.000	0.000	0.000	0.000	0.000	0.000	0.000	0.000	0.000	0.000	0.000	0.000	0.000	0.000	0.000	0.000	0.000	0.000	0.000	0.000	0.000	0.000	0.000	0.000	0.000	0.000	0.000	0.000	0.000	0.000	0.000	0.000	0.000	0.000	0.000	0.000	0.000	0.000	0.000	0.000	0.000	0.000	0.000	0.000	0.000	0.000	0.000	0.000	0.000	0.000	0.000	0.000	0.000	0.000	0.000	0.000	0.000	0.000	0.000	0.000	0.000	0.000	0.000	0.000	0.000	0.000	0.000	0.000	0.000	0.000	0.000	0.000	0.000	0.000	0.000	0.000	0.000	0.000	0.000	0.000	0.000	0.000	0.000	0.000	0.000	0.000	0.000	0.000	0.000	0.000	0.000	0.000	0.000	0.000	0.000	0.000	0.000	0.000	0.000	0.000	0.000	0.000	0.000	0.000	0.000	0.000	0.000	0.000	0.000	0.000	0.000	0.000	0.000	0.000	0.000	0.000	0.000	0.000	0.000	0.000	0.000	0.000	0.000	0.000	0.000	0.000	0.000	0.000	0.000	0.000	0.000	0.000	0.000	0.000	0.000	0.000	0.000	0.000	0.000	0.000	0.000	0.000	0.000	0.000	0.000	0.000	0.000	0.000	0.000	0.000	0.000	0.000	0.000	0.000	0.000	0.000	0.000	0.000	0.000	0.000	0.000	0.000	0.000	0.000	0.000	0.000	0.000	0.000	0.000	0.000	0.000	0.000	0.000
0.000	0.000	0.000	0.000	0.000	0.000	0.000	0.000	0.000	0.000	0.000	0.000	0.000	0.000	0.000	0.000	0.000	0.000	0.000	0.000	0.000	0.000	0.000	0.000	0.000	0.000	0.000	0.000	0.000	0.000	0.000	0.000	0.000	0.000	0.000	0.000	0.000	0.000	0.000	0.000	0.000	0.000	0.000	0.000	0.000	0.000	0.000	0.000	0.000	0.000	0.000	0.000	0.000	0.000	0.000	0.000	0.000	0.000	0.000	0.000	0.000	0.000	0.000	0.000	0.000	0.000	0.000	0.000	0.000	0.000	0.000	0.000	0.000	0.000	0.000	0.000	0.000	0.000	0.000	0.000	0.000	0.000	0.000	0.000	0.000	0.000	0.000	0.000	0.000	0.000	0.000	0.000	0.000	0.000	0.000	0.000	0.000	0.000	0.000	0.000	0.000	0.000	0.000	0.000	0.000	0.000	0.000	0.000	0.000	0.000	0.000	0.000	0.000	0.000	0.000	0.000	0.000	0.000	0.000	0.000	0.000	0.000	0.000	0.000	0.000	0.000	0.000	0.000	0.000	0.000	0.000	0.000	0.000	0.000	0.000	0.000	0.000	0.000	0.000	0.000	0.000	0.000	0.000	0.000	0.000	0.000	0.000	0.000	0.000	0.000	0.000	0.000	0.000	0.000	0.000	0.000	0.000	0.000	0.000	0.000	0.000	0.000	0.000	0.000	0.000	0.000	0.000	0.000	0.000	0.000	0.000	0.000	0.000	0.000	0.000	0.000	0.000	0.000	0.000	0.000	0.000	0.000	0.000	0.000	0.000	0.000	0.000	0.000	0.000	0.000	0.000	0.000	0.000	0.000	0.000	0.000	0.000	0.000	0.000	0.000	0.000	0.000	0.000	0.000	0.000	0.000	0.000	0.000	0.000	0.000	0.000	0.000	0.000	0.000	0.000	0.000	0.000	0.000	0.000	0.000	0.000	0.000	0.000	0.000	0.000	0.000	0.000	0.000	0.000	0.000	0.000	0.000	0.000	0.000	0.000	0.000	0.000	0.000	0.000	0.000	0.000	0.000	0.000	0.000	0.000	0.000	0.000	0.000	0.000	0.000	0.000	0.000	0.000	0.000	0.000	0.000
0.000	0.000	0.000	0.000	0.000	0.000	0.000	0.000	0.000	0.000	0.000	0.000	0.000	0.000	0.000	0.000	0.000	0.000	0.000	0.000	0.000	0.000	0.000	0.000	0.000	0.000	0.000	0.000	0.000	0.000	0.000	0.000	0.000	0.000	0.000	0.000	0.000	0.000	0.000	0.000	0.000	0.000	0.000	0.000	0.000	0.000	0.000	0.000	0.000	0.000	0.000	0.000	0.000	0.000	0.000	0.000	0.000	0.000	0.000	0.000	0.000	0.000	0.000	0.000	0.000	0.000	0.000	0.000	0.000	0.000	0.000	0.000	0.000	0.000	0.000	0.000	0.000	0.000	0.000	0.000	0.000	0.000	0.000	0.000	0.000	0.000	0.000	0.000	0.000	0.000	0.000	0.000	0.000	0.000	0.000	0.000	0.000	0.000	0.000	0.000	0.000	0.000	0.000	0.000	0.000	0.000	0.000	0.000	0.000	0.000	0.000	0.000	0.000	0.000	0.000	0.000	0.000	0.000	0.000	0.000	0.000	0.000	0.000	0.000	0.000	0.000	0.000	0.000	0.000	0.000	0.000	0.000	0.000	0.000	0.000	0.000	0.000	0.000	0.000	0.000	0.000	0.000	0.000	0.000	0.000	0.000	0.000	0.000	0.000	0.000	0.000	0.000	0.000	0.000	0.000	0.000	0.000	0.000	0.000	0.000	0.000	0.000	0.000	0.000	0.000	0.000	0.000	0.000	0.000	0.000	0.000	0.000	0.000	0.000	0.000	0.000	0.000	0.000	0.000	0.000	0.000	0.000	0.000	0.000	0.000	0.000	0.000	0.000	0.000	0.000	0.000	0.000	0.000	0.000	0.000	0.000	0.000	0.000	0.000	0.000	0.000	0.000	0.000	0.000	0.000	0.000	0.000	0.000	0.000	0.000	0.000	0.000	0.000	0.000	0.000	0.000	0.000	0.000	0.000	0.000	0.000	0.000	0.000	0.000	0.000	0.000	0.000	0.000	0.000	0.000	0.000	0.000	0.000	0.000	0.000	0.000	0.000	0.000	0.000	0.000	0.000	0.000	0.000	0.000	0.000	0.000	0.000	0.000	0.000	0.000	0.000	0.000	0.000	0.000	0.000	0.000
0.000	0.000	0.000	0.000	0.000	0.000	0.000	0.000	0.000	0.000	0.000	0.000	0.000	0.000	0.000	0.000	0.000	0.000	0.000	0.000	0.000	0.000	0.000	0.000	0.000	0.000	0.000	0.000	0.000	0.000	0.000	0.000	0.000	0.000	0.000	0.000	0.000	0.000	0.000	0.000	0.000	0.000	0.000	0.000	0.000	0.000	0.000	0.000	0.000	0.000	0.000	0.000	0.000	0.000	0.000	0.000	0.000	0.000	0.000	0.000	0.000	0.000	0.000	0.000	0.000	0.000	0.000	0.000	0.000	0.000	0.000	0.000	0.000	0.000	0.000	0.000	0.000	0.000	0.000	0.000	0.000	0.000	0.000	0.000	0.000	0.000	0.000	0.000	0.000	0.000	0.000	0.000	0.000	0.000	0.000	0.000	0.000	0.000	0.000	0.000	0.000	0.000	0.000	0.000	0.000	0.000	0.000	0.000	0.000	0.000	0.000	0.000	0.000	0.000	0.000	0.000	0.000	0.000	0.000	0.000	0.000	0.000	0.000	0.000	0.000	0.000	0.000	0.000	0.000	0.000	0.000	0.000	0.000	0.000	0.000	0.000	0.000	0.000	0.000	0.000	0.000	0.000	0.000	0.000	0.000	0.000	0.000	0.000	0.000	0.000	0.000	0.000	0.000	0.000	0.000	0.000	0.000	0.000	0.000	0.000	0.000	0.000	0.000	0.000	0.000	0.000	0.000	0.000	0.000	0.000	0.000	0.000	0.000	0.000	0.000	0.000	0.000	0.000	0.000	0.000	0.000	0.000	0.000	0.000	0.000	0.000	0.000	0.000	0.000	0.000	0.000	0.000	0.000	0.000	0.000	0.000	0.000	0.000	0.000	0.000	0.000	0.000	0.000	0.000	0.000	0.000	0.000	0.000	0.000	0.000	0.000	0.000	0.000	0.000	0.000	0.000	0.000	0.000	0.000	0.000	0.000	0.000	0.000	0.000	0.000	0.000	0.000	0.000	0.000	0.000	0.000	0.000	0.000	0.000	0.000	0.000	0.000	0.000	0.000	0.000	0.000	0.000	0.000	0.000	0.000	0.000	0.000	0.000	0.000	0.000	0.000	0.000	0.000	0.000	0.000	0.000
0.000	0.000	0.000	0.000	0.000	0.000	0.000	0.000	0.000	0.000	0.000	0.000	0.000	0.000	0.000	0.000	0.000	0.000	0.000	0.000	0.000	0.000	0.000	0.000	0.000	0.000	0.000	0.000	0.000	0.000	0.000	0.000	0.000	0.000	0.000	0.000	0.000	0.000	0.000	0.000	0.000	0.000	0.000	0.000	0.000	0.000	0.000	0.000	0.000	0.000	0.000	0.000	0.000	0.000	0.000	0.000	0.000	0.000	0.000	0.000	0.000	0.000	0.000	0.000	0.000	0.000	0.000	0.000	0.000	0.000	0.000	0.000	0.000	0.000	0.000	0.000	0.000	0.000	0.000	0.000	0.000	0.000	0.000	0.000	0.000	0.000	0.000	0.000	0.000	0.000	0.000	0.000	0.000	0.000	0.000	0.000	0.000	0.000	0.000	0.000	0.000	0.000	0.000	0.000	0.000	0.000	0.000	0.000	0.000	0.000	0.000	0.000	0.000	0.000	0.000	0.000	0.000	0.000	0.000	0.000	0.000	0.000	0.000	0.000	0.000	0.000	0.000	0.000	0.000	0.000	0.000	0.000	0.000	0.000	0.000	0.000	0.000	0.000	0.000	0.000	0.000	0.000	0.000	0.000	0.000	0.000	0.000	0.000	0.000	0.000	0.000	0.000	0.000	0.000	0.000	0.000	0.000	0.000	0.000	0.000	0.000	0.000	0.000	0.000	0.000	0.000	0.000	0.000	0.000	0.000	0.000	0.000	0.000	0.000	0.000	0.000	0.000	0.000	0.000	0.000	0.000	0.000	0.000	0.000	0.000	0.000	0.000	0.000	0.000	0.000	0.000	0.000	0.000	0.000	0.000	0.000	0.000	0.000	0.000	0.000	0.000	0.000	0.000	0.000	0.000	0.000	0.000	0.000	0.000	0.000	0.000	0.000	0.000	0.000	0.000	0.000	0.000	0.000	0.000	0.000	0.000	0.000	0.000	0.000	0.000	0.000	0.000	0.000	0.000	0.000	0.000	0.000	0.000	0.000	0.000	0.000	0.000	0.000	0.000	0.000	0.000	0.000	0.000	0.000	0.000	0.000	0.000	0.000	0.000	0.000	0.000	0.000	0.000	0.000	0.000	0.000
0.000	0.000	0.000	0.000	0.000	0.000	0.000	0.000	0.000	0.000	0.000	0.000	0.000	0.000	0.000	0.000	0.000	0.000	0.000	0.000	0.000	0.000	0.000	0.000	0.000	0.000	0.000	0.000	0.000	0.000	0.000	0.000	0.000	0.000	0.000	0.000	0.000	0.000	0.000	0.000	0.000	0.000	0.000	0.000	0.000	0.000	0.000	0.000	0.000	0.000	0.000	0.000	0.000	0.000	0.000	0.000	0.000	0.000	0.000	0.000	0.000	0.000	0.000	0.000	0.000	0.000	0.000	0.000	0.000	0.000	0.000	0.000	0.000	0.000	0.000	0.000	0.000	0.000	0.000	0.000	0.000	0.000	0.000	0.000	0.000	0.000	0.000	0.000	0.000	0.000	0.000	0.000	0.000	0.000	0.000	0.000	0.000	0.000	0.000	0.000	0.000	0.000	0.000	0.000	0.000	0.000	0.000	0.000	0.000	0.000	0.000	0.000	0.000	0.000	0.000	0.000	0.000	0.000	0.000	0.000	0.000	0.000	0.000	0.000	0.000	0.000	0.000	0.000	0.000	0.000	0.000	0.000	0.000	0.000	0.000	0.000	0.000	0.000	0.000	0.000	0.000	0.000	0.000	0.000	0.000	0.000	0.000	0.000	0.000	0.000	0.000	0.000	0.000	0.000	0.000	0.000	0.000	0.000	0.000	0.000	0.000	0.000	0.000	0.000	0.000	0.000	0.000	0.000	0.000	0.000	0.000	0.000	0.000	0.000	0.000	0.000	0.000	0.000	0.000	0.000	0.000	0.000	0.000	0.000	0.000	0.000	0.000	0.000	0.000	0.000	0.000	0.000	0.000	0.000	0.000	0.000	0.000	0.000	0.000	0.000	0.000	0.000	0.000	0.000	0.000	0.000	0.000	0.000	0.000	0.000	0.000	0.000	0.000	0.000	0.000	0.000	0.000	0.000	0.000	0.000	0.000	0.000	0.000	0.000	0.000	0.000	0.000	0.000	0.000	0.000	0.000	0.000	0.000	0.000	0.000	0.000	0.000	0.000	0.000	0.000	0.000	0.000	0.000	0.000	0.000	0.000	0.000	0.000	0.000	0.000	0.000	0.000	0.000	0.000	0.000	0.000
0.000	0.000	0.000	0.000	0.000	0.000	0.000	0.000	0.000	0.000	0.000	0.000	0.000	0.000	0.000	0.000	0.000	0.000	0.000	0.000	0.000	0.000	0.000	0.000	0.000	0.000	0.000	0.000	0.000	0.000	0.000	0.000	0.000	0.000	0.000	0.000	0.000	0.000	0.000	0.000	0.000	0.000	0.000	0.000	0.000	0.000	0.000	0.000	0.000	0.000	0.000	0.000	0.000	0.000	0.000	0.000	0.000	0.000	0.000	0.000	0.000	0.000	0.000	0.000	0.000	0.000	0.000	0.000	0.000	0.000	0.000	0.000	0.000	0.000	0.000	0.000	0.000	0.000	0.000	0.000	0.000	0.000	0.000	0.000	0.000	0.000	0.000	0.000	0.000	0.000	0.000	0.000	0.000	0.000	0.000	0.000	0.000	0.000	0.000	0.000	0.000	0.000	0.000	0.000	0.000	0.000	0.000	0.000	0.000	0.000	0.000	0.000	0.000	0.000	0.000	0.000	0.000	0.000	0.000	0.000	0.000	0.000	0.000	0.000	0.000	0.000	0.000	0.000	0.000	0.000	0.000	0.000	0.000	0.000	0.000	0.000	0.000	0.000	0.000	0.000	0.000	0.000	0.000	0.000	0.000	0.000	0.000	0.000	0.000	0.000	0.000	0.000	0.000	0.000	0.000	0.000	0.000	0.000	0.000	0.000	0.000	0.000	0.000	0.000	0.000	0.000	0.000	0.000	0.000	0.000	0.000	0.000	0.000	0.000	0.000	0.000	0.000	0.000	0.000	0.000	0.000	0.000	0.000	0.000	0.000	0.000	0.000	0.000	0.000	0.000	0.000	0.000	0.000	0.000	0.000	0.000	0.000	0.000	0.000	0.000	0.000	0.000	0.000	0.000	0.000	0.000	0.000	0.000	0.000	0.000	0.000	0.000	0.000	0.000	0.000	0.000	0.000	0.000	0.000	0.000	0.000	0.000	0.000	0.000	0.000	0.000	0.000	0.000	0.000	0.000	0.000	0.000	0.000	0.000	0.000	0.000	0.000	0.000	0.000	0.000	0.000	0.000	0.000	0.000	0.000	0.000	0.000	0.000	0.000	0.000	0.000	0.000	0.000	0.000	0.000	0.000
0.000	0.000	0.000	0.000	0.000	0.000	0.000	0.000	0.000	0.000	0.000	0.000	0.000	0.000	0.000	0.000	0.000	0.000	0.000	0.000	0.000	0.000	0.000	0.000	0.000	0.000	0.000	0.000	0.000	0.000	0.000	0.000	0.000	0.000	0.000	0.000	0.000	0.000	0.000	0.000	0.000	0.000	0.000	0.000	0.000	0.000	0.000	0.000	0.000	0.000	0.000	0.000	0.000	0.000	0.000	0.000	0.000	0.000	0.000	0.000	0.000	0.000	0.000	0.000	0.000	0.000	0.000	0.000	0.000	0.000	0.000	0.000	0.000	0.000	0.000	0.000	0.000	0.000	0.000	0.000	0.000	0.000	0.000	0.000	0.000	0.000	0.000	0.000	0.000	0.000	0.000	0.000	0.000	0.000	0.000	0.000	0.000	0.000	0.000	0.000	0.000	0.000	0.000	0.000	0.000	0.000	0.000	0.000	0.000	0.000	0.000	0.000	0.000	0.000	0.000	0.000	0.000	0.000	0.000	0.000	0.000	0.000	0.000	0.000	0.000	0.000	0.000	0.000	0.000	0.000	0.000	0.000	0.000	0.000	0.000	0.000	0.000	0.000	0.000	0.000	0.000	0.000	0.000	0.000	0.000	0.000	0.000	0.000	0.000	0.000	0.000	0.000	0.000	0.000	0.000	0.000	0.000	0.000	0.000	0.000	0.000	0.000	0.000	0.000	0.000	0.000	0.000	0.000	0.000	0.000	0.000	0.000	0.000	0.000	0.000	0.000	0.000	0.000	0.000	0.000	0.000	0.000	0.000	0.000	0.000	0.000	0.000	0.000	0.000	0.000	0.000	0.000	0.000	0.000	0.000	0.000	0.000	0.000	0.000	0.000	0.000	0.000	0.000	0.000	0.000	0.000	0.000	0.000	0.000	0.000	0.000	0.000	0.000	0.000	0.000	0.000	0.000	0.000	0.000	0.000	0.000	0.000	0.000	0.000	0.000	0.000	0.000	0.000	0.000	0.000	0.000	0.000	0.000	0.000	0.000	0.000	0.000	0.000	0.000	0.000	0.000	0.000	0.000	0.000	0.000	0.000	0.000	0.000	0.000	0.000	0.000	0.000	0.000	0.000	0.000	0.000
0.000	0.000	0.000	0.000	0.000	0.000	0.000	0.000	0.000	0.000	0.000	0.000	0.000	0.000	0.000	0.000	0.000	0.000	0.000	0.000	0.000	0.000	0.000	0.000	0.000	0.000	0.000	0.000	0.000	0.000	0.000	0.000	0.000	0.000	0.000	0.000	0.000	0.000	0.000	0.000	0.000	0.000	0.000	0.000	0.000	0.000	0.000	0.000	0.000	0.000	0.000	0.000	0.000	0.000	0.000	0.000	0.000	0.000	0.000	0.000	0.000	0.000	0.000	0.000	0.000	0.000	0.000	0.000	0.000	0.000	0.000	0.000	0.000	0.000	0.000	0.000	0.000	0.000	0.000	0.000	0.000	0.000	0.000	0.000	0.000	0.000	0.000	0.000	0.000	0.000	0.000	0.000	0.000	0.000	0.000	0.000	0.000	0.000	0.000	0.000	0.000	0.000	0.000	0.000	0.000	0.000	0.000	0.000	0.000	0.000	0.000	0.000	0.000	0.000	0.000	0.000	0.000	0.000	0.000	0.000	0.000	0.000	0.000	0.000	0.000	0.000	0.000	0.000	0.000	0.000	0.000	0.000	0.000	0.000	0.000	0.000	0.000	0.000	0.000	0.000	0.000	0.000	0.000	0.000	0.000	0.000	0.000	0.000	0.000	0.000	0.000	0.000	0.000	0.000	0.000	0.000	0.000	0.000	0.000	0.000	0.000	0.000	0.000	0.000	0.000	0.000	0.000	0.000	0.000	0.000	0.000	0.000	0.000	0.000	0.000	0.000	0.000	0.000	0.000	0.000	0.000	0.000	0.000	0.000	0.000	0.000	0.000	0.000	0.000	0.000	0.000	0.000	0.000	0.000	0.000	0.000	0.000	0.000	0.000	0.000	0.000	0.000	0.000	0.000	0.000	0.000	0.000	0.000	0.000	0.000	0.000	0.000	0.000	0.000	0.000	0.000	0.000	0.000	0.000	0.000	0.000	0.000	0.000	0.000	0.000	0.000	0.000	0.000	0.000	0.000	0.000	0.000	0.000	0.000	0.000	0.000	0.000	0.000	0.000	0.000	0.000	0.000	0.000	0.000	0.000	0.000	0.000	0.000	0.000	0.000	0.000	0.000	0.000	0.000	0.000	0.000
0.000	0.000	0.000	0.000	0.000	0.000	0.000	0.000	0.000	0.000	0.000	0.000	0.000	0.000	0.000	0.000	0.000	0.000	0.000	0.000	0.000	0.000	0.000	0.000	0.000	0.000	0.000	0.000	0.000	0.000	0.000	0.000	0.000	0.000	0.000	0.000	0.000	0.000	0.000	0.000	0.000	0.000	0.000	0.000	0.000	0.000	0.000	0.000	0.000	0.000	0.000	0.000	0.000	0.000	0.000	0.000	0.000	0.000	0.000	0.000	0.000	0.000	0.000	0.000	0.000	0.000	0.000	0.000	0.000	0.000	0.000	0.000	0.000	0.000	0.000	0.000	0.000	0.000	0.000	0.000	0.000	0.000	0.000	0.000	0.000	0.000	0.000	0.000	0.000	0.000	0.000	0.000	0.000	0.000	0.000	0.000	0.000	0.000	0.000	0.000	0.000	0.000	0.000	0.000	0.000	0.000	0.000	0.000	0.000	0.000	0.000	0.000	0.000	0.000	0.000	0.000	0.000	0.000	0.000	0.000	0.000	0.000	0.000	0.000	0.000	0.000	0.000	0.000	0.000	0.000	0.000	0.000	0.000	0.000	0.000	0.000	0.000	0.000	0.000	0.000	0.000	0.000	0.000	0.000	0.000	0.000	0.000	0.000	0.000	0.000	0.000	0.000	0.000	0.000	0.000	0.000	0.000	0.000	0.000	0.000	0.000	0.000	0.000	0.000	0.000	0.000	0.000	0.000	0.000	0.000	0.000	0.000	0.000	0.000	0.000	0.000	0.000	0.000	0.000	0.000	0.000	0.000	0.000	0.000	0.000	0.000	0.000	0.000	0.000	0.000	0.000	0.000	0.000	0.000	0.000	0.000	0.000	0.000	0.000	0.000	0.000	0.000	0.000	0.000	0.000	0.000	0.000	0.000	0.000	0.000	0.000	0.000	0.000	0.000	0.000	0.000	0.000	0.000	0.000	0.000	0.000	0.000	0.000	0.000	0.000	0.000	0.000	0.000	0.000	0.000	0.000	0.000	0.000	0.000	0.000	0.000	0.000	0.000	0.000	0.000	0.000	0.000	0.000	0.000	0.000	0.000	0.000	0.000	0.000	0.000	0.000	0.000	0.000	0.000	0.000	0.000
0.000	0.000	0.000	0.000	0.000	0.000	0.000	0.000	0.000	0.000	0.000	0.000	0.000	0.000	0.000	0.000	0.000	0.000	0.000	0.000	0.000	0.000	0.000	0.000	0.000	0.000	0.000	0.000	0.000	0.000	0.000	0.000	0.000	0.000	0.000	0.000	0.000	0.000	0.000	0.000	0.000	0.000	0.000	0.000	0.000	0.000	0.000	0.000	0.000	0.000	0.000	0.000	0.000	0.000	0.000	0.000	0.000	0.000	0.000	0.000	0.000	0.000	0.000	0.000	0.000	0.000	0.000	0.000	0.000	0.000	0.000	0.000	0.000	0.000	0.000	0.000	0.000	0.000	0.000	0.000	0.000	0.000	0.000	0.000	0.000	0.000	0.000	0.000	0.000	0.000	0.000	0.000	0.000	0.000	0.000	0.000	0.000	0.000	0.000	0.000	0.000	0.000	0.000	0.000	0.000	0.000	0.000	0.000	0.000	0.000	0.000	0.000	0.000	0.000	0.000	0.000	0.000	0.000	0.000	0.000	0.000	0.000	0.000	0.000	0.000	0.000	0.000	0.000	0.000	0.000	0.000	0.000	0.000	0.000	0.000	0.000	0.000	0.000	0.000	0.000	0.000	0.000	0.000	0.000	0.000	0.000	0.000	0.000	0.000	0.000	0.000	0.000	0.000	0.000	0.000	0.000	0.000	0.000	0.000	0.000	0.000	0.000	0.000	0.000	0.000	0.000	0.000	0.000	0.000	0.000	0.000	0.000	0.000	0.000	0.000	0.000	0.000	0.000	0.000	0.000	0.000	0.000	0.000	0.000	0.000	0.000	0.000	0.000	0.000	0.000	0.000	0.000	0.000	0.000	0.000	0.000	0.000	0.000	0.000	0.000	0.000	0.000	0.000	0.000	0.000	0.000	0.000	0.000	0.000	0.000	0.000	0.000	0.000	0.000	0.000	0.000	0.000	0.000	0.000	0.000	0.000	0.000	0.000	0.000	0.000	0.000	0.000	0.000	0.000	0.000	0.000	0.000	0.000	0.000	0.000	0.000	0.000	0.000	0.000	0.000	0.000	0.000	0.000	0.000	0.000	0.000	0.000	0.000	0.000	0.000	0.000	0.000	0.000	0.000	0.000	0.000
0.000	0.000	0.000	0.000	0.000	0.000	0.000	0.000	0.000	0.000	0.000	0.000	0.000	0.000	0.000	0.000	0.000	0.000	0.000	0.000	0.000	0.000	0.000	0.000	0.000	0.000	0.000	0.000	0.000	0.000	0.000	0.000	0.000	0.000	0.000	0.000	0.000	0.000	0.000	0.000	0.000	0.000	0.000	0.000	0.000	0.000	0.000	0.000	0.000	0.000	0.000	0.000	0.000	0.000	0.000	0.000	0.000	0.000	0.000	0.000	0.000	0.000	0.000	0.000	0.000	0.000	0.000	0.000	0.000	0.000	0.000	0.000	0.000	0.000	0.000	0.000	0.000	0.000	0.000	0.000	0.000	0.000	0.000	0.000	0.000	0.000	0.000	0.000	0.000	0.000	0.000	0.000	0.000	0.000	0.000	0.000	0.000	0.000	0.000	0.000	0.000	0.000	0.000	0.000	0.000	0.000	0.000	0.000	0.000	0.000	0.000	0.000	0.000	0.000	0.000	0.000	0.000	0.000	0.000	0.000	0.000	0.000	0.000	0.000	0.000	0.000	0.000	0.000	0.000	0.000	0.000	0.000	0.000	0.000	0.000	0.000	0.000	0.000	0.000	0.000	0.000	0.000	0.000	0.000	0.000	0.000	0.000	0.000	0.000	0.000	0.000	0.000	0.000	0.000	0.000	0.000	0.000	0.000	0.000	0.000	0.000	0.000	0.000	0.000	0.000	0.000	0.000	0.000	0.000	0.000	0.000	0.000	0.000	0.000	0.000	0.000	0.000	0.000	0.000	0.000	0.000	0.000	0.000	0.000	0.000	0.000	0.000	0.000	0.000	0.000	0.000	0.000	0.000	0.000	0.000	0.000	0.000	0.000	0.000	0.000	0.000	0.000	0.000	0.000	0.000	0.000	0.000	0.000	0.000	0.000	0.000	0.000	0.000	0.000	0.000	0.000	0.000	0.000	0.000	0.000	0.000	0.000	0.000	0.000	0.000	0.000	0.000	0.000	0.000	0.000	0.000	0.000	0.000	0.000	0.000	0.000	0.000	0.000	0.000	0.000	0.000	0.000	0.000	0.000	0.000	0.000	0.000	0.000	0.000	0.000	0.000	0.000	0.000	0.000	0.000	0.000
0.000	0.000	0.000	0.000	0.000	0.000	0.000	0.000	0.000	0.000	0.000	0.000	0.000	0.000	0.000	0.000	0.000	0.000	0.000	0.000	0.000	0.000	0.000	0.000	0.000	0.000	0.000	0.000	0.000	0.000	0.000	0.000	0.000	0.000	0.000	0.000	0.000	0.000	0.000	0.000	0.000	0.000	0.000	0.000	0.000	0.000	0.000	0.000	0.000	0.000	0.000	0.000	0.000	0.000	0.000	0.000	0.000	0.000	0.000	0.000	0.000	0.000	0.000	0.000	0.000	0.000	0.000	0.000	0.000	0.000	0.000	0.000	0.000	0.000	0.000	0.000	0.000	0.000	0.000	0.000	0.000	0.000	0.000	0.000	0.000	0.000	0.000	0.000	0.000	0.000	0.000	0.000	0.000	0.000	0.000	0.000	0.000	0.000	0.000	0.000	0.000	0.000	0.000	0.000	0.000	0.000	0.000	0.000	0.000	0.000	0.000	0.000	0.000	0.000	0.000	0.000	0.000	0.000	0.000	0.000	0.000	0.000	0.000	0.000	0.000	0.000	0.000	0.000	0.000	0.000	0.000	0.000	0.000	0.000	0.000	0.000	0.000	0.000	0.000	0.000	0.000	0.000	0.000	0.000	0.000	0.000	0.000	0.000	0.000	0.000	0.000	0.000	0.000	0.000	0.000	0.000	0.000	0.000	0.000	0.000	0.000	0.000	0.000	0.000	0.000	0.000	0.000	0.000	0.000	0.000	0.000	0.000	0.000	0.000	0.000	0.000	0.000	0.000	0.000	0.000	0.000	0.000	0.000	0.000	0.000	0.000	0.000	0.000	0.000	0.000	0.000	0.000	0.000	0.000	0.000	0.000	0.000	0.000	0.000	0.000	0.000	0.000	0.000	0.000	0.000	0.000	0.000	0.000	0.000	0.000	0.000	0.000	0.000	0.000	0.000	0.000	0.000	0.000	0.000	0.000	0.000	0.000	0.000	0.000	0.000	0.000	0.000	0.000	0.000	0.000	0.000	0.000	0.000	0.000	0.000	0.000	0.000	0.000	0.000	0.000	0.000	0.000	0.000	0.000	0.000	0.000	0.000	0.000	0.000	0.000	0.000	0.000	0.000	0.000	0.000	0.000
0.000	0.000	0.000	0.000	0.000	0.000	0.000	0.000	0.000	0.000	0.000	0.000	0.000	0.000	0.000	0.000	0.000	0.000	0.000	0.000	0.000	0.000	0.000	0.000	0.000	0.000	0.000	0.000	0.000	0.000	0.000	0.000	0.000	0.000	0.000	0.000	0.000	0.000	0.000	0.000	0.000	0.000	0.000	0.000	0.000	0.000	0.000	0.000	0.000	0.000	0.000	0.000	0.000	0.000	0.000	0.000	0.000	0.000	0.000	0.000	0.000	0.000	0.000	0.000	0.000	0.000	0.000	0.000	0.000	0.000	0.000	0.000	0.000	0.000	0.000	0.000	0.000	0.000	0.000	0.000	0.000	0.000	0.000	0.000	0.000	0.000	0.000	0.000	0.000	0.000	0.000	0.000	0.000	0.000	0.000	0.000	0.000	0.000	0.000	0.000	0.000	0.000	0.000	0.000	0.000	0.000	0.000	0.000	0.000	0.000	0.000	0.000	0.000	0.000	0.000	0.000	0.000	0.000	0.000	0.000	0.000	0.000	0.000	0.000	0.000	0.000	0.000	0.000	0.000	0.000	0.000	0.000	0.000	0.000	0.000	0.000	0.000	0.000	0.000	0.000	0.000	0.000	0.000	0.000	0.000	0.000	0.000	0.000	0.000	0.000	0.000	0.000	0.000	0.000	0.000	0.000	0.000	0.000	0.000	0.000	0.000	0.000	0.000	0.000	0.000	0.000	0.000	0.000	0.000	0.000	0.000	0.000	0.000	0.000	0.000	0.000	0.000	0.000	0.000	0.000	0.000	0.000	0.000	0.000	0.000	0.000	0.000	0.000	0.000	0.000	0.000	0.000	0.000	0.000	0.000	0.000	0.000	0.000	0.000	0.000	0.000	0.000	0.000	0.000	0.000	0.000	0.000	0.000	0.000	0.000	0.000	0.000	0.000	0.000	0.000	0.000	0.000	0.000	0.000	0.000	0.000	0.000	0.000	0.000	0.000	0.000	0.000	0.000	0.000	0.000	0.000	0.000	0.000	0.000	0.000	0.000	0.000	0.000	0.000	0.000	0.000	0.000	0.000	0.000	0.000	0.000	0.000	0.000	0.000	0.000	0.000	0.000	0.000	0.000	0.000	0.000
0.000	0.000	0.000	0.000	0.000	0.000	0.000	0.000	0.000	0.000	0.000	0.000	0.000	0.000	0.000	0.000	0.000	0.000	0.000	0.000	0.000	0.000	0.000	0.000	0.000	0.000	0.000	0.000	0.000	0.000	0.000	0.000	0.000	0.000	0.000	0.000	0.000	0.000	0.000	0.000	0.000	0.000	0.000	0.000	0.000	0.000	0.000	0.000	0.000	0.000	0.000	0.000	0.000	0.000	0.000	0.000	0.000	0.000	0.000	0.000	0.000	0.000	0.000	0.000	0.000	0.000	0.000	0.000	0.000	0.000	0.000	0.000	0.000	0.000	0.000	0.000	0.000	0.000	0.000	0.000	0.000	0.000	0.000	0.000	0.000	0.000	0.000	0.000	0.000	0.000	0.000	0.000	0.000	0.000	0.000	0.000	0.000	0.000	0.000	0.000	0.000	0.000	0.000	0.000	0.000	0.000	0.000	0.000	0.000	0.000	0.000	0.000	0.000	0.000	0.000	0.000	0.000	0.000	0.000	0.000	0.000	0.000	0.000	0.000	0.000	0.000	0.000	0.000	0.000	0.000	0.000	0.000	0.000	0.000	0.000	0.000	0.000	0.000	0.000	0.000	0.000	0.000	0.000	0.000	0.000	0.000	0.000	0.000	0.000	0.000	0.000	0.000	0.000	0.000	0.000	0.000	0.000	0.000	0.000	0.000	0.000	0.000	0.000	0.000	0.000	0.000	0.000	0.000	0.000	0.000	0.000	0.000	0.000	0.000	0.000	0.000	0.000	0.000	0.000	0.000	0.000	0.000	0.000	0.000	0.000	0.000	0.000	0.000	0.000	0.000	0.000	0.000	0.000	0.000	0.000	0.000	0.000	0.000	0.000	0.000	0.000	0.000	0.000	0.000	0.000	0.000	0.000	0.000	0.000	0.000	0.000	0.000	0.000	0.000	0.000	0.000	0.000	0.000	0.000	0.000	0.000	0.000	0.000	0.000	0.000	0.000	0.000	0.000	0.000	0.000	0.000	0.000	0.000	0.000	0.000	0.000	0.000	0.000	0.000	0.000	0.000	0.000	0.000	0.000	0.000	0.000	0.000	0.000	0.000	0.000	0.000	0.000	0.000	0.000	0.000	0.000
0.000	0.000	0.000	0.000	0.000	0.000	0.000	0.000	0.000	0.000	0.000	0.000	0.000	0.000	0.000	0.000	0.000	0.000	0.000	0.000	0.000	0.000	0.000	0.000	0.000	0.000	0.000	0.000	0.000	0.000	0.000	0.000	0.000	0.000	0.000	0.000	0.000	0.000	0.000	0.000	0.000	0.000	0.000	0.000	0.000	0.000	0.000	0.000	0.000	0.000	0.000	0.000	0.000	0.000	0.000	0.000	0.000	0.000	0.000	0.000	0.000	0.000	0.000	0.000	0.000	0.000	0.000	0.000	0.000	0.000	0.000	0.000	0.000	0.000	0.000	0.000	0.000	0.000	0.000	0.000	0.000	0.000	0.000	0.000	0.000	0.000	0.000	0.000	0.000	0.000	0.000	0.000	0.000	0.000	0.000	0.000	0.000	0.000	0.000	0.000	0.000	0.000	0.000	0.000	0.000	0.000	0.000	0.000	0.000	0.000	0.000	0.000	0.000	0.000	0.000	0.000	0.000	0.000	0.000	0.000	0.000	0.000	0.000	0.000	0.000	0.000	0.000	0.000	0.000	0.000	0.000	0.000	0.000	0.000	0.000	0.000	0.000	0.000	0.000	0.000	0.000	0.000	0.000	0.000	0.000	0.000	0.000	0.000	0.000	0.000	0.000	0.000	0.000	0.000	0.000	0.000	0.000	0.000	0.000	0.000	0.000	0.000	0.000	0.000	0.000	0.000	0.000	0.000	0.000	0.000	0.000	0.000	0.000	0.000	0.000	0.000	0.000	0.000	0.000	0.000	0.000	0.000	0.000	0.000	0.000	0.000	0.000	0.000	0.000	0.000	0.000	0.000	0.000	0.000	0.000	0.000	0.000	0.000	0.000	0.000	0.000	0.000	0.000	0.000	0.000	0.000	0.000	0.000	0.000	0.000	0.000	0.000	0.000	0.000	0.000	0.000	0.000	0.000	0.000	0.000	0.000	0.000	0.000	0.000	0.000	0.000	0.000	0.000	0.000	0.000	0.000	0.000	0.000	0.000	0.000	0.000	0.000	0.000	0.000	0.000	0.000	0.000	0.000	0.000	0.000	0.000	0.000	0.000	0.000	0.000	0.000	0.000	0.000	0.000	0.000	0.000
0.000	0.000	0.000	0.000	0.000	0.000	0.000	0.000	0.000	0.000	0.000	0.000	0.000	0.000	0.000	0.000	0.000	0.000	0.000	0.000	0.000	0.000	0.000	0.000	0.000	0.000	0.000	0.000	0.000	0.000	0.000	0.000	0.000	0.000	0.000	0.000	0.000	0.000	0.000	0.000	0.000	0.000	0.000	0.000	0.000	0.000	0.000	0.000	0.000	0.000	0.000	0.000	0.000	0.000	0.000	0.000	0.000	0.000	0.000	0.000	0.000	0.000	0.000	0.000	0.000	0.000	0.000	0.000	0.000	0.000	0.000	0.000	0.000	0.000	0.000	0.000	0.000	0.000	0.000	0.000	0.000	0.000	0.000	0.000	0.000	0.000	0.000	0.000	0.000	0.000	0.000	0.000	0.000	0.000	0.000	0.000	0.000	0.000	0.000	0.000	0.000	0.000	0.000	0.000	0.000	0.000	0.000	0.000	0.000	0.000	0.000	0.000	0.000	0.000	0.000	0.000	0.000	0.000	0.000	0.000	0.000	0.000	0.000	0.000	0.000	0.000	0.000	0.000	0.000	0.000	0.000	0.000	0.000	0.000	0.000	0.000	0.000	0.000	0.000	0.000	0.000	0.000	0.000	0.000	0.000	0.000	0.000	0.000	0.000	0.000	0.000	0.000	0.000	0.000	0.000	0.000	0.000	0.000	0.000	0.000	0.000	0.000	0.000	0.000	0.000	0.000	0.000	0.000	0.000	0.000	0.000	0.000	0.000	0.000	0.000	0.000	0.000	0.000	0.000	0.000	0.000	0.000	0.000	0.000	0.000	0.000	0.000	0.000	0.000	0.000	0.000	0.000	0.000	0.000	0.000	0.000	0.000	0.000	0.000	0.000	0.000	0.000	0.000	0.000	0.000	0.000	0.000	0.000	0.000	0.000	0.000	0.000	0.000	0.000	0.000	0.000	0.000	0.000	0.000	0.000	0.000	0.000	0.000	0.000	0.000	0.000	0.000	0.000	0.000	0.000	0.000	0.000	0.000	0.000	0.000	0.000	0.000	0.000	0.000	0.000	0.000	0.000	0.000	0.000	0.000	0.000	0.000	0.000	0.000	0.000	0.000	0.000	0.000	0.000	0.000	0.000
0.000	0.000	0.000	0.000	0.000	0.000	0.000	0.000	0.000	0.000	0.000	0.000	0.000	0.000	0.000	0.000	0.000	0.000	0.000	0.000	0.000	0.000	0.000	0.000	0.000	0.000	0.000	0.000	0.000	0.000	0.000	0.000	0.000	0.000	0.000	0.000	0.000	0.000	0.000	0.000	0.000	0.000	0.000	0.000	0.000	0.000	0.000	0.000	0.000	0.000	0.000	0.000	0.000	0.000	0.000	0.000	0.000	0.000	0.000	0.000	0.000	0.000	0.000	0.000	0.000	0.000	0.000	0.000	0.000	0.000	0.000	0.000	0.000	0.000	0.000	0.000	0.000	0.000	0.000	0.000	0.000	0.000	0.000	0.000	0.000	0.000	0.000	0.000	0.000	0.000	0.000	0.000	0.000	0.000	0.000	0.000	0.000	0.000	0.000	0.000	0.000	0.000	0.000	0.000	0.000	0.000	0.000	0.000	0.000	0.000	0.000	0.000	0.000	0.000	0.000	0.000	0.000	0.000	0.000	0.000	0.000	0.000	0.000	0.000	0.000	0.000	0.000	0.000	0.000	0.000	0.000	0.000	0.000	0.000	0.000	0.000	0.000	0.000	0.000	0.000	0.000	0.000	0.000	0.000	0.000	0.000	0.000	0.000	0.000	0.000	0.000	0.000	0.000	0.000	0.000	0.000	0.000	0.000	0.000	0.000	0.000	0.000	0.000	0.000	0.000	0.000	0.000	0.000	0.000	0.000	0.000	0.000	0.000	0.000	0.000	0.000	0.000	0.000	0.000	0.000	0.000	0.000	0.000	0.000	0.000	0.000	0.000	0.000	0.000	0.000	0.000	0.000	0.000	0.000	0.000	0.000	0.000	0.000	0.000	0.000	0.000	0.000	0.000	0.000	0.000	0.000	0.000	0.000	0.000	0.000	0.000	0.000	0.000	0.000	0.000	0.000	0.000	0.000	0.000	0.000	0.000	0.000	0.000	0.000	0.000	0.000	0.000	0.000	0.000	0.000	0.000	0.000	0.000	0.000	0.000	0.000	0.000	0.000	0.000	0.000	0.000	0.000	0.000	0.000	0.000	0.000	0.000	0.000	0.000	0.000	0.000	0.000	0.000	0.000	0.000	0.000
0.000	0.000	0.000	0.000	0.000	0.000	0.000	0.000	0.000	0.000	0.000	0.000	0.000	0.000	0.000	0.000	0.000	0.000	0.000	0.000	0.000	0.000	0.000	0.000	0.000	0.000	0.000	0.000	0.000	0.000	0.000	0.000	0.000	0.000	0.000	0.000	0.000	0.000	0.000	0.000	0.000	0.000	0.000	0.000	0.000	0.000	0.000	0.000	0.000	0.000	0.000	0.000	0.000	0.000	0.000	0.000	0.000	0.000	0.000	0.000	0.000	0.000	0.000	0.000	0.000	0.000	0.000	0.000	0.000	0.000	0.000	0.000	0.000	0.000	0.000	0.000	0.000	0.000	0.000	0.000	0.000	0.000	0.000	0.000	0.000	0.000	0.000	0.000	0.000	0.000	0.000	0.000	0.000	0.000	0.000	0.000	0.000	0.000	0.000	0.000	0.000	0.000	0.000	0.000	0.000	0.000	0.000	0.000	0.000	0.000	0.000	0.000	0.000	0.000	0.000	0.000	0.000	0.000	0.000	0.000	0.000	0.000	0.000	0.000	0.000	0.000	0.000	0.000	0.000	0.000	0.000	0.000	0.000	0.000	0.000	0.000	0.000	0.000	0.000	0.000	0.000	0.000	0.000	0.000	0.000	0.000	0.000	0.000	0.000	0.000	0.000	0.000	0.000	0.000	0.000	0.000	0.000	0.000	0.000	0.000	0.000	0.000	0.000	0.000	0.000	0.000	0.000	0.000	0.000	0.000	0.000	0.000	0.000	0.000	0.000	0.000	0.000	0.000	0.000	0.000	0.000	0.000	0.000	0.000	0.000	0.000	0.000	0.000	0.000	0.000	0.000	0.000	0.000	0.000	0.000	0.000	0.000	0.000	0.000	0.000	0.000	0.000	0.000	0.000	0.000	0.000	0.000	0.000	0.000	0.000	0.000	0.000	0.000	0.000	0.000	0.000	0.000	0.000	0.000	0.000	0.000	0.000	0.000	0.000	0.000	0.000	0.000	0.000	0.000	0.000	0.000	0.000	0.000	0.000	0.000	0.000	0.000	0.000	0.000	0.000	0.000	0.000	0.000	0.000	0.000	0.000	0.000	0.000	0.000	0.000	0.000	0.000	0.000	0.000	0.000	0.000
0.000	0.000	0.000	0.000	0.000	0.000	0.000	0.000	0.000	0.000	0.000	0.000	0.000	0.000	0.000	0.000	0.000	0.000	0.000	0.000	0.000	0.000	0.000	0.000	0.000	0.000	0.000	0.000	0.000	0.000	0.000	0.000	0.000	0.000	0.000	0.000	0.000	0.000	0.000	0.000	0.000	0.000	0.000	0.000	0.000	0.000	0.000	0.000	0.000	0.000	0.000	0.000	0.000	0.000	0.000	0.000	0.000	0.000	0.000	0.000	0.000	0.000	0.000	0.000	0.000	0.000	0.000	0.000	0.000	0.000	0.000	0.000	0.000	0.000	0.000	0.000	0.000	0.000	0.000	0.000	0.000	0.000	0.000	0.000	0.000	0.000	0.000	0.000	0.000	0.000	0.000	0.000	0.000	0.000	0.000	0.000	0.000	0.000	0.000	0.000	0.000	0.000	0.000	0.000	0.000	0.000	0.000	0.000	0.000	0.000	0.000	0.000	0.000	0.000	0.000	0.000	0.000	0.000	0.000	0.000	0.000	0.000	0.000	0.000	0.000	0.000	0.000	0.000	0.000	0.000	0.000	0.000	0.000	0.000	0.000	0.000	0.000	0.000	0.000	0.000	0.000	0.000	0.000	0.000	0.000	0.000	0.000	0.000	0.000	0.000	0.000	0.000	0.000	0.000	0.000	0.000	0.000	0.000	0.000	0.000	0.000	0.000	0.000	0.000	0.000	0.000	0.000	0.000	0.000	0.000	0.000	0.000	0.000	0.000	0.000	0.000	0.000	0.000	0.000	0.000	0.000	0.000	0.000	0.000	0.000	0.000	0.000	0.000	0.000	0.000	0.000	0.000	0.000	0.000	0.000	0.000	0.000	0.000	0.000	0.000	0.000	0.000	0.000	0.000	0.000	0.000	0.000	0.000	0.000	0.000	0.000	0.000	0.000	0.000	0.000	0.000	0.000	0.000	0.000	0.000	0.000	0.000	0.000	0.000	0.000	0.000	0.000	0.000	0.000	0.000	0.000	0.000	0.000	0.000	0.000	0.000	0.000	0.000	0.000	0.000	0.000	0.000	0.000	0.000	0.000	0.000	0.000	0.000	0.000	0.000	0.000	0.000	0.000	0.000	0.000	0.000
0.000	0.000	0.000	0.000	0.000	0.000	0.000	0.000	0.000	0.000	0.000	0.000	0.000	0.000	0.000	0.000	0.000	0.000	0.000	0.000	0.000	0.000	0.000	0.000	0.000	0.000	0.000	0.000	0.000	0.000	0.000	0.000	0.000	0.000	0.000	0.000	0.000	0.000	0.000	0.000	0.000	0.000	0.000	0.000	0.000	0.000	0.000	0.000	0.000	0.000	0.000	0.000	0.000	0.000	0.000	0.000	0.000	0.000	0.000	0.000	0.000	0.000	0.000	0.000	0.000	0.000	0.000	0.000	0.000	0.000	0.000	0.000	0.000	0.000	0.000	0.000	0.000	0.000	0.000	0.000	0.000	0.000	0.000	0.000	0.000	0.000	0.000	0.000	0.000	0.000	0.000	0.000	0.000	0.000	0.000	0.000	0.000	0.000	0.000	0.000	0.000	0.000	0.000	0.000	0.000	0.000	0.000	0.000	0.000	0.000	0.000	0.000	0.000	0.000	0.000	0.000	0.000	0.000	0.000	0.000	0.000	0.000	0.000	0.000	0.000	0.000	0.000	0.000	0.000	0.000	0.000	0.000	0.000	0.000	0.000	0.000	0.000	0.000	0.000	0.000	0.000	0.000	0.000	0.000	0.000	0.000	0.000	0.000	0.000	0.000	0.000	0.000	0.000	0.000	0.000	0.000	0.000	0.000	0.000	0.000	0.000	0.000	0.000	0.000	0.000	0.000	0.000	0.000	0.000	0.000	0.000	0.000	0.000	0.000	0.000	0.000	0.000	0.000	0.000	0.000	0.000	0.000	0.000	0.000	0.000	0.000	0.000	0.000	0.000	0.000	0.000	0.000	0.000	0.000	0.000	0.000	0.000	0.000	0.000	0.000	0.000	0.000	0.000	0.000	0.000	0.000	0.000	0.000	0.000	0.000	0.000	0.000	0.000	0.000	0.000	0.000	0.000	0.000	0.000	0.000	0.000	0.000	0.000	0.000	0.000	0.000	0.000	0.000	0.000	0.000	0.000	0.000	0.000	0.000	0.000	0.000	0.000	0.000	0.000	0.000	0.000	0.000	0.000	0.000	0.000	0.000	0.000	0.000	0.000	0.000	0.000	0.000	0.000	0.000	0.000	0.000
0.000	0.000	0.000	0.000	0.000	0.000	0.000	0.000	0.000	0.000	0.000	0.000	0.000	0.000	0.000	0.000	0.000	0.000	0.000	0.000	0.000	0.000	0.000	0.000	0.000	0.000	0.000	0.000	0.000	0.000	0.000	0.000	0.000	0.000	0.000	0.000	0.000	0.000	0.000	0.000	0.000	0.000	0.000	0.000	0.000	0.000	0.000	0.000	0.000	0.000	0.000	0.000	0.000	0.000	0.000	0.000	0.000	0.000	0.000	0.000	0.000	0.000	0.000	0.000	0.000	0.000	0.000	0.000	0.000	0.000	0.000	0.000	0.000	0.000	0.000	0.000	0.000	0.000	0.000	0.000	0.000	0.000	0.000	0.000	0.000	0.000	0.000	0.000	0.000	0.000	0.000	0.000	0.000	0.000	0.000	0.000	0.000	0.000	0.000	0.000	0.000	0.000	0.000	0.000	0.000	0.000	0.000	0.000	0.000	0.000	0.000	0.000	0.000	0.000	0.000	0.000	0.000	0.000	0.000	0.000	0.000	0.000	0.000	0.000	0.000	0.000	0.000	0.000	0.000	0.000	0.000	0.000	0.000	0.000	0.000	0.000	0.000	0.000	0.000	0.000	0.000	0.000	0.000	0.000	0.000	0.000	0.000	0.000	0.000	0.000	0.000	0.000	0.000	0.000	0.000	0.000	0.000	0.000	0.000	0.000	0.000	0.000	0.000	0.000	0.000	0.000	0.000	0.000	0.000	0.000	0.000	0.000	0.000	0.000	0.000	0.000	0.000	0.000	0.000	0.000	0.000	0.000	0.000	0.000	0.000	0.000	0.000	0.000	0.000	0.000	0.000	0.000	0.000	0.000	0.000	0.000	0.000	0.000	0.000	0.000	0.000	0.000	0.000	0.000	0.000	0.000	0.000	0.000	0.000	0.000	0.000	0.000	0.000	0.000	0.000	0.000	0.000	0.000	0.000	0.000	0.000	0.000	0.000	0.000	0.000	0.000	0.000	0.000	0.000	0.000	0.000	0.000	0.000	0.000	0.000	0.000	0.000	0.000	0.000	0.000	0.000	0.000	0.000	0.000	0.000	0.000	0.000	0.000	0.000	0.000	0.000	0.000	0.000	0.000	0.000	0.000
0.000	0.000	0.000	0.000	0.000	0.000	0.000	0.000	0.000	0.000	0.000	0.000	0.000	0.000	0.000	0.000	0.000	0.000	0.000	0.000	0.000	0.000	0.000	0.000	0.000	0.000	0.000	0.000	0.000	0.000	0.000	0.000	0.000	0.000	0.000	0.000	0.000	0.000	0.000	0.000	0.000	0.000	0.000	0.000	0.000	0.000	0.000	0.000	0.000	0.000	0.000	0.000	0.000	0.000	0.000	0.000	0.000	0.000	0.000	0.000	0.000	0.000	0.000	0.000	0.000	0.000	0.000	0.000	0.000	0.000	0.000	0.000	0.000	0.000	0.000	0.000	0.000	0.000	0.000	0.000	0.000	0.000	0.000	0.000	0.000	0.000	0.000	0.000	0.000	0.000	0.000	0.000	0.000	0.000	0.000	0.000	0.000	0.000	0.000	0.000	0.000	0.000	0.000	0.000	0.000	0.000	0.000	0.000	0.000	0.000	0.000	0.000	0.000	0.000	0.000	0.000	0.000	0.000	0.000	0.000	0.000	0.000	0.000	0.000	0.000	0.000	0.000	0.000	0.000	0.000	0.000	0.000	0.000	0.000	0.000	0.000	0.000	0.000	0.000	0.000	0.000	0.000	0.000	0.000	0.000	0.000	0.000	0.000	0.000	0.000	0.000	0.000	0.000	0.000	0.000	0.000	0.000	0.000	0.000	0.000	0.000	0.000	0.000	0.000	0.000	0.000	0.000	0.000	0.000	0.000	0.000	0.000	0.000	0.000	0.000	0.000	0.000	0.000	0.000	0.000	0.000	0.000	0.000	0.000	0.000	0.000	0.000	0.000	0.000	0.000	0.000	0.000	0.000	0.000	0.000	0.000	0.000	0.000	0.000	0.000	0.000	0.000	0.000	0.000	0.000	0.000	0.000	0.000	0.000	0.000	0.000	0.000	0.000	0.000	0.000	0.000	0.000	0.000	0.000	0.000	0.000	0.000	0.000	0.000	0.000	0.000	0.000	0.000	0.000	0.000	0.000	0.000	0.000	0.000	0.000	0.000	0.000	0.000	0.000	0.000	0.000	0.000	0.000	0.000	0.000	0.000	0.000	0.000	0.000	0.000	0.000	0.000	0.000	0.000	0.000	0.000
0.000	0.000	0.000	0.000	0.000	0.000	0.000	0.000	0.000	0.000	0.000	0.000	0.000	0.000	0.000	0.000	0.000	0.000	0.000	0.000	0.000	0.000	0.000	0.000	0.000	0.000	0.000	0.000	0.000	0.000	0.000	0.000	0.000	0.000	0.000	0.000	0.000	0.000	0.000	0.000	0.000	0.000	0.000	0.000	0.000	0.000	0.000	0.000	0.000	0.000	0.000	0.000	0.000	0.000	0.000	0.000	0.000	0.000	0.000	0.000	0.000	0.000	0.000	0.000	0.000	0.000	0.000	0.000	0.000	0.000	0.000	0.000	0.000	0.000	0.000	0.000	0.000	0.000	0.000	0.000	0.000	0.000	0.000	0.000	0.000	0.000	0.000	0.000	0.000	0.000	0.000	0.000	0.000	0.000	0.000	0.000	0.000	0.000	0.000	0.000	0.000	0.000	0.000	0.000	0.000	0.000	0.000	0.000	0.000	0.000	0.000	0.000	0.000	0.000	0.000	0.000	0.000	0.000	0.000	0.000	0.000	0.000	0.000	0.000	0.000	0.000	0.000	0.000	0.000	0.000	0.000	0.000	0.000	0.000	0.000	0.000	0.000	0.000	0.000	0.000	0.000	0.000	0.000	0.000	0.000	0.000	0.000	0.000	0.000	0.000	0.000	0.000	0.000	0.000	0.000	0.000	0.000	0.000	0.000	0.000	0.000	0.000	0.000	0.000	0.000	0.000	0.000	0.000	0.000	0.000	0.000	0.000	0.000	0.000	0.000	0.000	0.000	0.000	0.000	0.000	0.000	0.000	0.000	0.000	0.000	0.000	0.000	0.000	0.000	0.000	0.000	0.000	0.000	0.000	0.000	0.000	0.000	0.000	0.000	0.000	0.000	0.000	0.000	0.000	0.000	0.000	0.000	0.000	0.000	0.000	0.000	0.000	0.000	0.000	0.000	0.000	0.000	0.000	0.000	0.000	0.000	0.000	0.000	0.000	0.000	0.000	0.000	0.000	0.000	0.000	0.000	0.000	0.000	0.000	0.000	0.000	0.000	0.000	0.000	0.000	0.000	0.000	0.000	0.000	0.000	0.000	0.000	0.000	0.000	0.000	0.000	0.000	0.000	0.000	0.000	0.000
0.000	0.000	0.000	0.000	0.000	0.000	0.000	0.000	0.000	0.000	0.000	0.000	0.000	0.000	0.000	0.000	0.000	0.000	0.000	0.000	0.000	0.000	0.000	0.000	0.000	0.000	0.000	0.000	0.000	0.000	0.000	0.000	0.000	0.000	0.000	0.000	0.000	0.000	0.000	0.000	0.000	0.000	0.000	0.000	0.000	0.000	0.000	0.000	0.000	0.000	0.000	0.000	0.000	0.000	0.000	0.000	0.000	0.000	0.000	0.000	0.000	0.000	0.000	0.000	0.000	0.000	0.000	0.000	0.000	0.000	0.000	0.000	0.000	0.000	0.000	0.000	0.000	0.000	0.000	0.000	0.000	0.000	0.000	0.000	0.000	0.000	0.000	0.000	0.000	0.000	0.000	0.000	0.000	0.000	0.000	0.000	0.000	0.000	0.000	0.000	0.000	0.000	0.000	0.000	0.000	0.000	0.000	0.000	0.000	0.000	0.000	0.000	0.000	0.000	0.000	0.000	0.000	0.000	0.000	0.000	0.000	0.000	0.000	0.000	0.000	0.000	0.000	0.000	0.000	0.000	0.000	0.000	0.000	0.000	0.000	0.000	0.000	0.000	0.000	0.000	0.000	0.000	0.000	0.000	0.000	0.000	0.000	0.000	0.000	0.000	0.000	0.000	0.000	0.000	0.000	0.000	0.000	0.000	0.000	0.000	0.000	0.000	0.000	0.000	0.000	0.000	0.000	0.000	0.000	0.000	0.000	0.000	0.000	0.000	0.000	0.000	0.000	0.000	0.000	0.000	0.000	0.000	0.000	0.000	0.000	0.000	0.000	0.000	0.000	0.000	0.000	0.000	0.000	0.000	0.000	0.000	0.000	0.000	0.000	0.000	0.000	0.000	0.000	0.000	0.000	0.000	0.000	0.000	0.000	0.000	0.000	0.000	0.000	0.000	0.000	0.000	0.000	0.000	0.000	0.000	0.000	0.000	0.000	0.000	0.000	0.000	0.000	0.000	0.000	0.000	0.000	0.000	0.000	0.000	0.000	0.000	0.000	0.000	0.000	0.000	0.000	0.000	0.000	0.000	0.000	0.000	0.000	0.000	0.000	0.000	0.000	0.000	0.000	0.000	0.000	0.000
0.000	0.000	0.000	0.000	0.000	0.000	0.000	0.000	0.000	0.000	0.000	0.000	0.000	0.000	0.000	0.000	0.000	0.000	0.000	0.000	0.000	0.000	0.000	0.000	0.000	0.000	0.000	0.000	0.000	0.000	0.000	0.000	0.000	0.000	0.000	0.000	0.000	0.000	0.000	0.000	0.000	0.000	0.000	0.000	0.000	0.000	0.000	0.000	0.000	0.000	0.000	0.000	0.000	0.000	0.000	0.000	0.000	0.000	0.000	0.000	0.000	0.000	0.000	0.000	0.000	0.000	0.000	0.000	0.000	0.000	0.000	0.000	0.000	0.000	0.000	0.000	0.000	0.000	0.000	0.000	0.000	0.000	0.000	0.000	0.000	0.000	0.000	0.000	0.000	0.000	0.000	0.000	0.000	0.000	0.000	0.000	0.000	0.000	0.000	0.000	0.000	0.000	0.000	0.000	0.000	0.000	0.000	0.000	0.000	0.000	0.000	0.000	0.000	0.000	0.000	0.000	0.000	0.000	0.000	0.000	0.000	0.000	0.000	0.000	0.000	0.000	0.000	0.000	0.000	0.000	0.000	0.000	0.000	0.000	0.000	0.000	0.000	0.000	0.000	0.000	0.000	0.000	0.000	0.000	0.000	0.000	0.000	0.000	0.000	0.000	0.000	0.000	0.000	0.000	0.000	0.000	0.000	0.000	0.000	0.000	0.000	0.000	0.000	0.000	0.000	0.000	0.000	0.000	0.000	0.000	0.000	0.000	0.000	0.000	0.000	0.000	0.000	0.000	0.000	0.000	0.000	0.000	0.000	0.000	0.000	0.000	0.000	0.000	0.000	0.000	0.000	0.000	0.000	0.000	0.000	0.000	0.000	0.000	0.000	0.000	0.000	0.000	0.000	0.000	0.000	0.000	0.000	0.000	0.000	0.000	0.000	0.000	0.000	0.000	0.000	0.000	0.000	0.000	0.000	0.000	0.000	0.000	0.000	0.000	0.000	0.000	0.000	0.000	0.000	0.000	0.000	0.000	0.000	0.000	0.000	0.000	0.000	0.000	0.000	0.000	0.000	0.000	0.000	0.000	0.000	0.000	0.000	0.000	0.000	0.000	0.000	0.000	0.000	0.000	0.000	0.000
0.000	0.000	0.000	0.000	0.000	0.000	0.000	0.000	0.000	0.000	0.000	0.000	0.000	0.000	0.000	0.000	0.000	0.000	0.000	0.000	0.000	0.000	0.000	0.000	0.000	0.000	0.000	0.000	0.000	0.000	0.000	0.000	0.000	0.000	0.000	0.000	0.000	0.000	0.000	0.000	0.000	0.000	0.000	0.000	0.000	0.000	0.000	0.000	0.000	0.000	0.000	0.000	0.000	0.000	0.000	0.000	0.000	0.000	0.000	0.000	0.000	0.000	0.000	0.000	0.000	0.000	0.000	0.000	0.000	0.000	0.000	0.000	0.000	0.000	0.000	0.000	0.000	0.000	0.000	0.000	0.000	0.000	0.000	0.000	0.000	0.000	0.000	0.000	0.000	0.000	0.000	0.000	0.000	0.000	0.000	0.000	0.000	0.000	0.000	0.000	0.000	0.000	0.000	0.000	0.000	0.000	0.000	0.000	0.000	0.000	0.000	0.000	0.000	0.000	0.000	0.000	0.000	0.000	0.000	0.000	0.000	0.000	0.000	0.000	0.000	0.000	0.000	0.000	0.000	0.000	0.000	0.000	0.000	0.000	0.000	0.000	0.000	0.000	0.000	0.000	0.000	0.000	0.000	0.000	0.000	0.000	0.000	0.000	0.000	0.000	0.000	0.000	0.000	0.000	0.000	0.000	0.000	0.000	0.000	0.000	0.000	0.000	0.000	0.000	0.000	0.000	0.000	0.000	0.000	0.000	0.000	0.000	0.000	0.000	0.000	0.000	0.000	0.000	0.000	0.000	0.000	0.000	0.000	0.000	0.000	0.000	0.000	0.000	0.000	0.000	0.000	0.000	0.000	0.000	0.000	0.000	0.000	0.000	0.000	0.000	0.000	0.000	0.000	0.000	0.000	0.000	0.000	0.000	0.000	0.000	0.000	0.000	0.000	0.000	0.000	0.000	0.000	0.000	0.000	0.000	0.000	0.000	0.000	0.000	0.000	0.000	0.000	0.000	0.000	0.000	0.000	0.000	0.000	0.000	0.000	0.000	0.000	0.000	0.000	0.000	0.000	0.000	0.000	0.000	0.000	0.000	0.000	0.000	0.000	0.000	0.000	0.000	0.000	0.000	0.000	0.000
0.000	0.000	0.000	0.000	0.000	0.000	0.000	0.000	0.000	0.000	0.000	0.000	0.000	0.000	0.000	0.000	0.000	0.000	0.000	0.000	0.000	0.000	0.000	0.000	0.000	0.000	0.000	0.000	0.000	0.000	0.000	0.000	0.000	0.000	0.000	0.000	0.000	0.000	0.000	0.000	0.000	0.000	0.000	0.000	0.000	0.000	0.000	0.000	0.000	0.000	0.000	0.000	0.000	0.000	0.000	0.000	0.000	0.000	0.000	0.000	0.000	0.000	0.000	0.000	0.000	0.000	0.000	0.000	0.000	0.000	0.000	0.000	0.000	0.000	0.000	0.000	0.000	0.000	0.000	0.000	0.000	0.000	0.000	0.000	0.000	0.000	0.000	0.000	0.000	0.000	0.000	0.000	0.000	0.000	0.000	0.000	0.000	0.000	0.000	0.000	0.000	0.000	0.000	0.000	0.000	0.000	0.000	0.000	0.000	0.000	0.000	0.000	0.000	0.000	0.000	0.000	0.000	0.000	0.000	0.000	0.000	0.000	0.000	0.000	0.000	0.000	0.000	0.000	0.000	0.000	0.000	0.000	0.000	0.000	0.000	0.000	0.000	0.000	0.000	0.000	0.000	0.000	0.000	0.000	0.000	0.000	0.000	0.000	0.000	0.000	0.000	0.000	0.000	0.000	0.000	0.000	0.000	0.000	0.000	0.000	0.000	0.000	0.000	0.000	0.000	0.000	0.000	0.000	0.000	0.000	0.000	0.000	0.000	0.000	0.000	0.000	0.000	0.000	0.000	0.000	0.000	0.000	0.000	0.000	0.000	0.000	0.000	0.000	0.000	0.000	0.000	0.000	0.000	0.000	0.000	0.000	0.000	0.000	0.000	0.000	0.000	0.000	0.000	0.000	0.000	0.000	0.000	0.000	0.000	0.000	0.000	0.000	0.000	0.000	0.000	0.000	0.000	0.000	0.000	0.000	0.000	0.000	0.000	0.000	0.000	0.000	0.000	0.000	0.000	0.000	0.000	0.000	0.000	0.000	0.000	0.000	0.000	0.000	0.000	0.000	0.000	0.000	0.000	0.000	0.000	0.000	0.000	0.000	0.000	0.000	0.000	0.000	0.000	0.000	0.000	0.000
0.000	0.000	0.000	0.000	0.000	0.000	0.000	0.000	0.000	0.000	0.000	0.000	0.000	0.000	0.000	0.000	0.000	0.000	0.000	0.000	0.000	0.000	0.000	0.000	0.000	0.000	0.000	0.000	0.000	0.000	0.000	0.000	0.000	0.000	0.000	0.000	0.000	0.000	0.000	0.000	0.000	0.000	0.000	0.000	0.000	0.000	0.000	0.000	0.000	0.000	0.000	0.000	0.000	0.000	0.000	0.000	0.000	0.000	0.000	0.000	0.000	0.000	0.000	0.000	0.000	0.000	0.000	0.000	0.000	0.000	0.000	0.000	0.000	0.000	0.000	0.000	0.000	0.000	0.000	0.000	0.000	0.000	0.000	0.000	0.000	0.000	0.000	0.000	0.000	0.000	0.000	0.000	0.000	0.000	0.000	0.000	0.000	0.000	0.000	0.000	0.000	0.000	0.000	0.000	0.000	0.000	0.000	0.000	0.000	0.000	0.000	0.000	0.000	0.000	0.000	0.000	0.000	0.000	0.000	0.000	0.000	0.000	0.000	0.000	0.000	0.000	0.000	0.000	0.000	0.000	0.000	0.000	0.000	0.000	0.000	0.000	0.000	0.000	0.000	0.000	0.000	0.000	0.000	0.000	0.000	0.000	0.000	0.000	0.000	0.000	0.000	0.000	0.000	0.000	0.000	0.000	0.000	0.000	0.000	0.000	0.000	0.000	0.000	0.000	0.000	0.000	0.000	0.000	0.000	0.000	0.000	0.000	0.000	0.000	0.000	0.000	0.000	0.000	0.000	0.000	0.000	0.000	0.000	0.000	0.000	0.000	0.000	0.000	0.000	0.000	0.000	0.000	0.000	0.000	0.000	0.000	0.000	0.000	0.000	0.000	0.000	0.000	0.000	0.000	0.000	0.000	0.000	0.000	0.000	0.000	0.000	0.000	0.000	0.000	0.000	0.000	0.000	0.000	0.000	0.000	0.000	0.000	0.000	0.000	0.000	0.000	0.000	0.000	0.000	0.000	0.000	0.000	0.000	0.000	0.000	0.000	0.000	0.000	0.000	0.000	0.000	0.000	0.000	0.000	0.000	0.000	0.000	0.000	0.000	0.000	0.000	0.000	0.000	0.000	0.000	0.000
0.000	0.000	0.000	0.000	0.000	0.000	0.000	0.000	0.000	0.000	0.000	0.000	0.000	0.000	0.000	0.000	0.000	0.000	0.000	0.000	0.000	0.000	0.000	0.000	0.000	0.000	0.000	0.000	0.000	0.000	0.000	0.000	0.000	0.000	0.000	0.000	0.000	0.000	0.000	0.000	0.000	0.000	0.000	0.000	0.000	0.000	0.000	0.000	0.000	0.000	0.000	0.000	0.000	0.000	0.000	0.000	0.000	0.000	0.000	0.000	0.000	0.000	0.000	0.000	0.000	0.000	0.000	0.000	0.000	0.000	0.000	0.000	0.000	0.000	0.000	0.000	0.000	0.000	0.000	0.000	0.000	0.000	0.000	0.000	0.000	0.000	0.000	0.000	0.000	0.000	0.000	0.000	0.000	0.000	0.000	0.000	0.000	0.000	0.000	0.000	0.000	0.000	0.000	0.000	0.000	0.000	0.000	0.000	0.000	0.000	0.000	0.000	0.000	0.000	0.000	0.000	0.000	0.000	0.000	0.000	0.000	0.000	0.000	0.000	0.000	0.000	0.000	0.000	0.000	0.000	0.000	0.000	0.000	0.000	0.000	0.000	0.000	0.000	0.000	0.000	0.000	0.000	0.000	0.000	0.000	0.000	0.000	0.000	0.000	0.000	0.000	0.000	0.000	0.000	0.000	0.000	0.000	0.000	0.000	0.000	0.000	0.000	0.000	0.000	0.000	0.000	0.000	0.000	0.000	0.000	0.000	0.000	0.000	0.000	0.000	0.000	0.000	0.000	0.000	0.000	0.000	0.000	0.000	0.000	0.000	0.000	0.000	0.000	0.000	0.000	0.000	0.000	0.000	0.000	0.000	0.000	0.000	0.000	0.000	0.000	0.000	0.000	0.000	0.000	0.000	0.000	0.000	0.000	0.000	0.000	0.000	0.000	0.000	0.000	0.000	0.000	0.000	0.000	0.000	0.000	0.000	0.000	0.000	0.000	0.000	0.000	0.000	0.000	0.000	0.000	0.000	0.000	0.000	0.000	0.000	0.000	0.000	0.000	0.000	0.000	0.000	0.000	0.000	0.000	0.000	0.000	0.000	0.000	0.000	0.000	0.000	0.000	0.000	0.000	0.000	0.000
0.000	0.000	0.000	0.000	0.000	0.000	0.000	0.000	0.000	0.000	0.000	0.000	0.000	0.000	0.000	0.000	0.000	0.000	0.000	0.000	0.000	0.000	0.000	0.000	0.000	0.000	0.000	0.000	0.000	0.000	0.000	0.000	0.000	0.000	0.000	0.000	0.000	0.000	0.000	0.000	0.000	0.000	0.000	0.000	0.000	0.000	0.000	0.000	0.000	0.000	0.000	0.000	0.000	0.000	0.000	0.000	0.000	0.000	0.000	0.000	0.000	0.000	0.000	0.000	0.000	0.000	0.000	0.000	0.000	0.000	0.000	0.000	0.000	0.000	0.000	0.000	0.000	0.000	0.000	0.000	0.000	0.000	0.000	0.000	0.000	0.000	0.000	0.000	0.000	0.000	0.000	0.000	0.000	0.000	0.000	0.000	0.000	0.000	0.000	0.000	0.000	0.000	0.000	0.000	0.000	0.000	0.000	0.000	0.000	0.000	0.000	0.000	0.000	0.000	0.000	0.000	0.000	0.000	0.000	0.000	0.000	0.000	0.000	0.000	0.000	0.000	0.000	0.000	0.000	0.000	0.000	0.000	0.000	0.000	0.000	0.000	0.000	0.000	0.000	0.000	0.000	0.000	0.000	0.000	0.000	0.000	0.000	0.000	0.000	0.000	0.000	0.000	0.000	0.000	0.000	0.000	0.000	0.000	0.000	0.000	0.000	0.000	0.000	0.000	0.000	0.000	0.000	0.000	0.000	0.000	0.000	0.000	0.000	0.000	0.000	0.000	0.000	0.000	0.000	0.000	0.000	0.000	0.000	0.000	0.000	0.000	0.000	0.000	0.000	0.000	0.000	0.000	0.000	0.000	0.000	0.000	0.000	0.000	0.000	0.000	0.000	0.000	0.000	0.000	0.000	0.000	0.000	0.000	0.000	0.000	0.000	0.000	0.000	0.000	0.000	0.000	0.000	0.000	0.000	0.000	0.000	0.000	0.000	0.000	0.000	0.000	0.000	0.000	0.000	0.000	0.000	0.000	0.000	0.000	0.000	0.000	0.000	0.000	0.000	0.000	0.000	0.000	0.000	0.000	0.000	0.000	0.000	0.000	0.000	0.000	0.000	0.000	0.000	0.000	0.000	0.000
0.000	0.000	0.000	0.000	0.000	0.000	0.000	0.000	0.000	0.000	0.000	0.000	0.000	0.000	0.000	0.000	0.000	0.000	0.000	0.000	0.000	0.000	0.000	0.000	0.000	0.000	0.000	0.000	0.000	0.000	0.000	0.000	0.000	0.000	0.000	0.000	0.000	0.000	0.000	0.000	0.000	0.000	0.000	0.000	0.000	0.000	0.000	0.000	0.000	0.000	0.000	0.000	0.000	0.000	0.000	0.000	0.000	0.000	0.000	0.000	0.000	0.000	0.000	0.000	0.000	0.000	0.000	0.000	0.000	0.000	0.000	0.000	0.000	0.000	0.000	0.000	0.000	0.000	0.000	0.000	0.000	0.000	0.000	0.000	0.000	0.000	0.000	0.000	0.000	0.000	0.000	0.000	0.000	0.000	0.000	0.000	0.000	0.000	0.000	0.000	0.000	0.000	0.000	0.000	0.000	0.000	0.000	0.000	0.000	0.000	0.000	0.000	0.000	0.000	0.000	0.000	0.000	0.000	0.000	0.000	0.000	0.000	0.000	0.000	0.000	0.000	0.000	0.000	0.000	0.000	0.000	0.000	0.000	0.000	0.000	0.000	0.000	0.000	0.000	0.000	0.000	0.000	0.000	0.000	0.000	0.000	0.000	0.000	0.000	0.000	0.000	0.000	0.000	0.000	0.000	0.000	0.000	0.000	0.000	0.000	0.000	0.000	0.000	0.000	0.000	0.000	0.000	0.000	0.000	0.000	0.000	0.000	0.000	0.000	0.000	0.000	0.000	0.000	0.000	0.000	0.000	0.000	0.000	0.000	0.000	0.000	0.000	0.000	0.000	0.000	0.000	0.000	0.000	0.000	0.000	0.000	0.000	0.000	0.000	0.000	0.000	0.000	0.000	0.000	0.000	0.000	0.000	0.000	0.000	0.000	0.000	0.000	0.000	0.000	0.000	0.000	0.000	0.000	0.000	0.000	0.000	0.000	0.000	0.000	0.000	0.000	0.000	0.000	0.000	0.000	0.000	0.000	0.000	0.000	0.000	0.000	0.000	0.000	0.000	0.000	0.000	0.000	0.000	0.000	0.000	0.000	0.000	0.000	0.000	0.000	0.000	0.000	0.000	0.000	0.000	0.000
0.000	0.000	0.000	0.000	0.000	0.000	0.000	0.000	0.000	0.000	0.000	0.000	0.000	0.000	0.000	0.000	0.000	0.000	0.000	0.000	0.000	0.000	0.000	0.000	0.000	0.000	0.000	0.000	0.000	0.000	0.000	0.000	0.000	0.000	0.000	0.000	0.000	0.000	0.000	0.000	0.000	0.000	0.000	0.000	0.000	0.000	0.000	0.000	0.000	0.000	0.000	0.000	0.000	0.000	0.000	0.000	0.000	0.000	0.000	0.000	0.000	0.000	0.000	0.000	0.000	0.000	0.000	0.000	0.000	0.000	0.000	0.000	0.000	0.000	0.000	0.000	0.000	0.000	0.000	0.000	0.000	0.000	0.000	0.000	0.000	0.000	0.000	0.000	0.000	0.000	0.000	0.000	0.000	0.000	0.000	0.000	0.000	0.000	0.000	0.000	0.000	0.000	0.000	0.000	0.000	0.000	0.000	0.000	0.000	0.000	0.000	0.000	0.000	0.000	0.000	0.000	0.000	0.000	0.000	0.000	0.000	0.000	0.000	0.000	0.000	0.000	0.000	0.000	0.000	0.000	0.000	0.000	0.000	0.000	0.000	0.000	0.000	0.000	0.000	0.000	0.000	0.000	0.000	0.000	0.000	0.000	0.000	0.000	0.000	0.000	0.000	0.000	0.000	0.000	0.000	0.000	0.000	0.000	0.000	0.000	0.000	0.000	0.000	0.000	0.000	0.000	0.000	0.000	0.000	0.000	0.000	0.000	0.000	0.000	0.000	0.000	0.000	0.000	0.000	0.000	0.000	0.000	0.000	0.000	0.000	0.000	0.000	0.000	0.000	0.000	0.000	0.000	0.000	0.000	0.000	0.000	0.000	0.000	0.000	0.000	0.000	0.000	0.000	0.000	0.000	0.000	0.000	0.000	0.000	0.000	0.000	0.000	0.000	0.000	0.000	0.000	0.000	0.000	0.000	0.000	0.000	0.000	0.000	0.000	0.000	0.000	0.000	0.000	0.000	0.000	0.000	0.000	0.000	0.000	0.000	0.000	0.000	0.000	0.000	0.000	0.000	0.000	0.000	0.000	0.000	0.000	0.000	0.000	0.000	0.000	0.000	0.000	0.000	0.000	0.000	0.000
0.000	0.000	0.000	0.000	0.000	0.000	0.000	0.000	0.000	0.000	0.000	0.000	0.000	0.000	0.000	0.000	0.000	0.000	0.000	0.000	0.000	0.000	0.000	0.000	0.000	0.000	0.000	0.000	0.000	0.000	0.000	0.000	0.000	0.000	0.000	0.000	0.000	0.000	0.000	0.000	0.000	0.000	0.000	0.000	0.000	0.000	0.000	0.000	0.000	0.000	0.000	0.000	0.000	0.000	0.000	0.000	0.000	0.000	0.000	0.000	0.000	0.000	0.000	0.000	0.000	0.000	0.000	0.000	0.000	0.000	0.000	0.000	0.000	0.000	0.000	0.000	0.000	0.000	0.000	0.000	0.000	0.000	0.000	0.000	0.000	0.000	0.000	0.000	0.000	0.000	0.000	0.000	0.000	0.000	0.000	0.000	0.000	0.000	0.000	0.000	0.000	0.000	0.000	0.000	0.000	0.000	0.000	0.000	0.000	0.000	0.000	0.000	0.000	0.000	0.000	0.000	0.000	0.000	0.000	0.000	0.000	0.000	0.000	0.000	0.000	0.000	0.000	0.000	0.000	0.000	0.000	0.000	0.000	0.000	0.000	0.000	0.000	0.000	0.000	0.000	0.000	0.000	0.000	0.000	0.000	0.000	0.000	0.000	0.000	0.000	0.000	0.000	0.000	0.000	0.000	0.000	0.000	0.000	0.000	0.000	0.000	0.000	0.000	0.000	0.000	0.000	0.000	0.000	0.000	0.000	0.000	0.000	0.000	0.000	0.000	0.000	0.000	0.000	0.000	0.000	0.000	0.000	0.000	0.000	0.000	0.000	0.000	0.000	0.000	0.000	0.000	0.000	0.000	0.000	0.000	0.000	0.000	0.000	0.000	0.000	0.000	0.000	0.000	0.000	0.000	0.000	0.000	0.000	0.000	0.000	0.000	0.000	0.000	0.000	0.000	0.000	0.000	0.000	0.000	0.000	0.000	0.000	0.000	0.000	0.000	0.000	0.000	0.000	0.000	0.000	0.000	0.000	0.000	0.000	0.000	0.000	0.000	0.000	0.000	0.000	0.000	0.000	0.000	0.000	0.000	0.000	0.000	0.000	0.000	0.000	0.000	0.000	0.000	0.000	0.000	0.000
0.000	0.000	0.000	0.000	0.000	0.000	0.000	0.000	0.000	0.000	0.000	0.000	0.000	0.000	0.000	0.000	0.000	0.000	0.000	0.000	0.000	0.000	0.000	0.000	0.000	0.000	0.000	0.000	0.000	0.000	0.000	0.000	0.000	0.000	0.000	0.000	0.000	0.000	0.000	0.000	0.000	0.000	0.000	0.000	0.000	0.000	0.000	0.000	0.000	0.000	0.000	0.000	0.000	0.000	0.000	0.000	0.000	0.000	0.000	0.000	0.000	0.000	0.000	0.000	0.000	0.000	0.000	0.000	0.000	0.000	0.000	0.000	0.000	0.000	0.000	0.000	0.000	0.000	0.000	0.000	0.000	0.000	0.000	0.000	0.000	0.000	0.000	0.000	0.000	0.000	0.000	0.000	0.000	0.000	0.000	0.000	0.000	0.000	0.000	0.000	0.000	0.000	0.000	0.000	0.000	0.000	0.000	0.000	0.000	0.000	0.000	0.000	0.000	0.000	0.000	0.000	0.000	0.000	0.000	0.000	0.000	0.000	0.000	0.000	0.000	0.000	0.000	0.000	0.000	0.000	0.000	0.000	0.000	0.000	0.000	0.000	0.000	0.000	0.000	0.000	0.000	0.000	0.000	0.000	0.000	0.000	0.000	0.000	0.000	0.000	0.000	0.000	0.000	0.000	0.000	0.000	0.000	0.000	0.000	0.000	0.000	0.000	0.000	0.000	0.000	0.000	0.000	0.000	0.000	0.000	0.000	0.000	0.000	0.000	0.000	0.000	0.000	0.000	0.000	0.000	0.000	0.000	0.000	0.000	0.000	0.000	0.000	0.000	0.000	0.000	0.000	0.000	0.000	0.000	0.000	0.000	0.000	0.000	0.000	0.000	0.000	0.000	0.000	0.000	0.000	0.000	0.000	0.000	0.000	0.000	0.000	0.000	0.000	0.000	0.000	0.000	0.000	0.000	0.000	0.000	0.000	0.000	0.000	0.000	0.000	0.000	0.000	0.000	0.000	0.000	0.000	0.000	0.000	0.000	0.000	0.000	0.000	0.000	0.000	0.000	0.000	0.000	0.000	0.000	0.000	0.000	0.000	0.000	0.000	0.000	0.000	0.000	0.000	0.000	0.000	0.000
0.000	0.000	0.000	0.000	0.000	0.000	0.000	0.000	0.000	0.000	0.000	0.000	0.000	0.000	0.000	0.000	0.000	0.000	0.000	0.000	0.000	0.000	0.000	0.000	0.000	0.000	0.000	0.000	0.000	0.000	0.000	0.000	0.000	0.000	0.000	0.000	0.000	0.000	0.000	0.000	0.000	0.000	0.000	0.000	0.000	0.000	0.000	0.000	0.000	0.000	0.000	0.000	0.000	0.000	0.000	0.000	0.000	0.000	0.000	0.000	0.000	0.000	0.000	0.000	0.000	0.000	0.000	0.000	0.000	0.000	0.000	0.000	0.000	0.000	0.000	0.000	0.000	0.000	0.000	0.000	0.000	0.000	0.000	0.000	0.000	0.000	0.000	0.000	0.000	0.000	0.000	0.000	0.000	0.000	0.000	0.000	0.000	0.000	0.000	0.000	0.000	0.000	0.000	0.000	0.000	0.000	0.000	0.000	0.000	0.000	0.000	0.000	0.000	0.000	0.000	0.000	0.000	0.000	0.000	0.000	0.000	0.000	0.000	0.000	0.000	0.000	0.000	0.000	0.000	0.000	0.000	0.000	0.000	0.000	0.000	0.000	0.000	0.000	0.000	0.000	0.000	0.000	0.000	0.000	0.000	0.000	0.000	0.000	0.000	0.000	0.000	0.000	0.000	0.000	0.000	0.000	0.000	0.000	0.000	0.000	0.000	0.000	0.000	0.000	0.000	0.000	0.000	0.000	0.000	0.000	0.000	0.000	0.000	0.000	0.000	0.000	0.000	0.000	0.000	0.000	0.000	0.000	0.000	0.000	0.000	0.000	0.000	0.000	0.000	0.000	0.000	0.000	0.000	0.000	0.000	0.000	0.000	0.000	0.000	0.000	0.000	0.000	0.000	0.000	0.000	0.000	0.000	0.000	0.000	0.000	0.000	0.000	0.000	0.000	0.000	0.000	0.000	0.000	0.000	0.000	0.000	0.000	0.000	0.000	0.000	0.000	0.000	0.000	0.000	0.000	0.000	0.000	0.000	0.000	0.000	0.000	0.000	0.000	0.000	0.000	0.000	0.000	0.000	0.000	0.000	0.000	0.000	0.000	0.000	0.000	0.000	0.000	0.000	0.000	0.000	0.000
0.000	0.000	0.000	0.000	0.000	0.000	0.000	0.000	0.000	0.000	0.000	0.000	0.000	0.000	0.000	0.000	0.000	0.000	0.000	0.000	0.000	0.000	0.000	0.000	0.000	0.000	0.000	0.000	0.000	0.000	0.000	0.000	0.000	0.000	0.000	0.000	0.000	0.000	0.000	0.000	0.000	0.000	0.000	0.000	0.000	0.000	0.000	0.000	0.000	0.000	0.000	0.000	0.000	0.000	0.000	0.000	0.000	0.000	0.000	0.000	0.000	0.000	0.000	0.000	0.000	0.000	0.000	0.000	0.000	0.000	0.000	0.000	0.000	0.000	0.000	0.000	0.000	0.000	0.000	0.000	0.000	0.000	0.000	0.000	0.000	0.000	0.000	0.000	0.000	0.000	0.000	0.000	0.000	0.000	0.000	0.000	0.000	0.000	0.000	0.000	0.000	0.000	0.000	0.000	0.000	0.000	0.000	0.000	0.000	0.000	0.000	0.000	0.000	0.000	0.000	0.000	0.000	0.000	0.000	0.000	0.000	0.000	0.000	0.000	0.000	0.000	0.000	0.000	0.000	0.000	0.000	0.000	0.000	0.000	0.000	0.000	0.000	0.000	0.000	0.000	0.000	0.000	0.000	0.000	0.000	0.000	0.000	0.000	0.000	0.000	0.000	0.000	0.000	0.000	0.000	0.000	0.000	0.000	0.000	0.000	0.000	0.000	0.000	0.000	0.000	0.000	0.000	0.000	0.000	0.000	0.000	0.000	0.000	0.000	0.000	0.000	0.000	0.000	0.000	0.000	0.000	0.000	0.000	0.000	0.000	0.000	0.000	0.000	0.000	0.000	0.000	0.000	0.000	0.000	0.000	0.000	0.000	0.000	0.000	0.000	0.000	0.000	0.000	0.000	0.000	0.000	0.000	0.000	0.000	0.000	0.000	0.000	0.000	0.000	0.000	0.000	0.000	0.000	0.000	0.000	0.000	0.000	0.000	0.000	0.000	0.000	0.000	0.000	0.000	0.000	0.000	0.000	0.000	0.000	0.000	0.000	0.000	0.000	0.000	0.000	0.000	0.000	0.000	0.000	0.000	0.000	0.000	0.000	0.000	0.000	0.000	0.000	0.000	0.000	0.000	0.000
0.000	0.000	0.000	0.000	0.000	0.000	0.000	0.000	0.000	0.000	0.000	0.000	0.000	0.000	0.000	0.000	0.000	0.000	0.000	0.000	0.000	0.000	0.000	0.000	0.000	0.000	0.000	0.000	0.000	0.000	0.000	0.000	0.000	0.000	0.000	0.000	0.000	0.000	0.000	0.000	0.000	0.000	0.000	0.000	0.000	0.000	0.000	0.000	0.000	0.000	0.000	0.000	0.000	0.000	0.000	0.000	0.000	0.000	0.000	0.000	0.000	0.000	0.000	0.000	0.000	0.000	0.000	0.000	0.000	0.000	0.000	0.000	0.000	0.000	0.000	0.000	0.000	0.000	0.000	0.000	0.000	0.000	0.000	0.000	0.000	0.000	0.000	0.000	0.000	0.000	0.000	0.000	0.000	0.000	0.000	0.000	0.000	0.000	0.000	0.000	0.000	0.000	0.000	0.000	0.000	0.000	0.000	0.000	0.000	0.000	0.000	0.000	0.000	0.000	0.000	0.000	0.000	0.000	0.000	0.000	0.000	0.000	0.000	0.000	0.000	0.000	0.000	0.000	0.000	0.000	0.000	0.000	0.000	0.000	0.000	0.000	0.000	0.000	0.000	0.000	0.000	0.000	0.000	0.000	0.000	0.000	0.000	0.000	0.000	0.000	0.000	0.000	0.000	0.000	0.000	0.000	0.000	0.000	0.000	0.000	0.000	0.000	0.000	0.000	0.000	0.000	0.000	0.000	0.000	0.000	0.000	0.000	0.000	0.000	0.000	0.000	0.000	0.000	0.000	0.000	0.000	0.000	0.000	0.000	0.000	0.000	0.000	0.000	0.000	0.000	0.000	0.000	0.000	0.000	0.000	0.000	0.000	0.000	0.000	0.000	0.000	0.000	0.000	0.000	0.000	0.000	0.000	0.000	0.000	0.000	0.000	0.000	0.000	0.000	0.000	0.000	0.000	0.000	0.000	0.000	0.000	0.000	0.000	0.000	0.000	0.000	0.000	0.000	0.000	0.000	0.000	0.000	0.000	0.000	0.000	0.000	0.000	0.000	0.000	0.000	0.000	0.000	0.000	0.000	0.000	0.000	0.000	0.000	0.000	0.000	0.000	0.000	0.000	0.000	0.000	0.000
0.000	0.000	0.000	0.000	0.000	0.000	0.000	0.000	0.000	0.000	0.000	0.000	0.000	0.000	0.000	0.000	0.000	0.000	0.000	0.000	0.000	0.000	0.000	0.000	0.000	0.000	0.000	0.000	0.000	0.000	0.000	0.000	0.000	0.000	0.000	0.000	0.000	0.000	0.000	0.000	0.000	0.000	0.000	0.000	0.000	0.000	0.000	0.000	0.000	0.000	0.000	0.000	0.000	0.000	0.000	0.000	0.000	0.000	0.000	0.000	0.000	0.000	0.000	0.000	0.000	0.000	0.000	0.000	0.000	0.000	0.000	0.000	0.000	0.000	0.000	0.000	0.000	0.000	0.000	0.000	0.000	0.000	0.000	0.000	0.000	0.000	0.000	0.000	0.000	0.000	0.000	0.000	0.000	0.000	0.000	0.000	0.000	0.000	0.000	0.000	0.000	0.000	0.000	0.000	0.000	0.000	0.000	0.000	0.000	0.000	0.000	0.000	0.000	0.000	0.000	0.000	0.000	0.000	0.000	0.000	0.000	0.000	0.000	0.000	0.000	0.000	0.000	0.000	0.000	0.000	0.000	0.000	0.000	0.000	0.000	0.000	0.000	0.000	0.000	0.000	0.000	0.000	0.000	0.000	0.000	0.000	0.000	0.000	0.000	0.000	0.000	0.000	0.000	0.000	0.000	0.000	0.000	0.000	0.000	0.000	0.000	0.000	0.000	0.000	0.000	0.000	0.000	0.000	0.000	0.000	0.000	0.000	0.000	0.000	0.000	0.000	0.000	0.000	0.000	0.000	0.000	0.000	0.000	0.000	0.000	0.000	0.000	0.000	0.000	0.000	0.000	0.000	0.000	0.000	0.000	0.000	0.000	0.000	0.000	0.000	0.000	0.000	0.000	0.000	0.000	0.000	0.000	0.000	0.000	0.000	0.000	0.000	0.000	0.000	0.000	0.000	0.000	0.000	0.000	0.000	0.000	0.000	0.000	0.000	0.000	0.000	0.000	0.000	0.000	0.000	0.000	0.000	0.000	0.000	0.000	0.000	0.000	0.000	0.000	0.000	0.000	0.000	0.000	0.000	0.000	0.000	0.000	0.000	0.000	0.000	0.000	0.000	0.000	0.000	0.000	0.000
0.000	0.000	0.000	0.000	0.000	0.000	0.000	0.000	0.000	0.000	0.000	0.000	0.000	0.000	0.000	0.000	0.000	0.000	0.000	0.000	0.000	0.000	0.000	0.000	0.000	0.000	0.000	0.000	0.000	0.000	0.000	0.000	0.000	0.000	0.000	0.000	0.000	0.000	0.000	0.000	0.000	0.000	0.000	0.000	0.000	0.000	0.000	0.000	0.000	0.000	0.000	0.000	0.000	0.000	0.000	0.000	0.000	0.000	0.000	0.000	0.000	0.000	0.000	0.000	0.000	0.000	0.000	0.000	0.000	0.000	0.000	0.000	0.000	0.000	0.000	0.000	0.000	0.000	0.000	0.000	0.000	0.000	0.000	0.000	0.000	0.000	0.000	0.000	0.000	0.000	0.000	0.000	0.000	0.000	0.000	0.000	0.000	0.000	0.000	0.000	0.000	0.000	0.000	0.000	0.000	0.000	0.000	0.000	0.000	0.000	0.000	0.000	0.000	0.000	0.000	0.000	0.000	0.000	0.000	0.000	0.000	0.000	0.000	0.000	0.000	0.000	0.000	0.000	0.000	0.000	0.000	0.000	0.000	0.000	0.000	0.000	0.000	0.000	0.000	0.000	0.000	0.000	0.000	0.000	0.000	0.000	0.000	0.000	0.000	0.000	0.000	0.000	0.000	0.000	0.000	0.000	0.000	0.000	0.000	0.000	0.000	0.000	0.000	0.000	0.000	0.000	0.000	0.000	0.000	0.000	0.000	0.000	0.000	0.000	0.000	0.000	0.000	0.000	0.000	0.000	0.000	0.000	0.000	0.000	0.000	0.000	0.000	0.000	0.000	0.000	0.000	0.000	0.000	0.000	0.000	0.000	0.000	0.000	0.000	0.000	0.000	0.000	0.000	0.000	0.000	0.000	0.000	0.000	0.000	0.000	0.000	0.000	0.000	0.000	0.000	0.000	0.000	0.000	0.000	0.000	0.000	0.000	0.000	0.000	0.000	0.000	0.000	0.000	0.000	0.000	0.000	0.000	0.000	0.000	0.000	0.000	0.000	0.000	0.000	0.000	0.000	0.000	0.000	0.000	0.000	0.000	0.000	0.000	0.000	0.000	0.000	0.000	0.000	0.000	0.000	0.000
0.000	0.000	0.000	0.000	0.000	0.000	0.000	0.000	0.000	0.000	0.000	0.000	0.000	0.000	0.000	0.000	0.000	0.000	0.000	0.000	0.000	0.000	0.000	0.000	0.000	0.000	0.000	0.000	0.000	0.000	0.000	0.000	0.000	0.000	0.000	0.000	0.000	0.000	0.000	0.000	0.000	0.000	0.000	0.000	0.000	0.000	0.000	0.000	0.000	0.000	0.000	0.000	0.000	0.000	0.000	0.000	0.000	0.000	0.000	0.000	0.000	0.000	0.000	0.000	0.000	0.000	0.000	0.000	0.000	0.000	0.000	0.000	0.000	0.000	0.000	0.000	0.000	0.000	0.000	0.000	0.000	0.000	0.000	0.000	0.000	0.000	0.000	0.000	0.000	0.000	0.000	0.000	0.000	0.000	0.000	0.000	0.000	0.000	0.000	0.000	0.000	0.000	0.000	0.000	0.000	0.000	0.000	0.000	0.000	0.000	0.000	0.000	0.000	0.000	0.000	0.000	0.000	0.000	0.000	0.000	0.000	0.000	0.000	0.000	0.000	0.000	0.000	0.000	0.000	0.000	0.000	0.000	0.000	0.000	0.000	0.000	0.000	0.000	0.000	0.000	0.000	0.000	0.000	0.000	0.000	0.000	0.000	0.000	0.000	0.000	0.000	0.000	0.000	0.000	0.000	0.000	0.000	0.000	0.000	0.000	0.000	0.000	0.000	0.000	0.000	0.000	0.000	0.000	0.000	0.000	0.000	0.000	0.000	0.000	0.000	0.000	0.000	0.000	0.000	0.000	0.000	0.000	0.000	0.000	0.000	0.000	0.000	0.000	0.000	0.000	0.000	0.000	0.000	0.000	0.000	0.000	0.000	0.000	0.000	0.000	0.000	0.000	0.000	0.000	0.000	0.000	0.000	0.000	0.000	0.000	0.000	0.000	0.000	0.000	0.000	0.000	0.000	0.000	0.000	0.000	0.000	0.000	0.000	0.000	0.000	0.000	0.000	0.000	0.000	0.000	0.000	0.000	0.000	0.000	0.000	0.000	0.000	0.000	0.000	0.000	0.000	0.000	0.000	0.000	0.000	0.000	0.000	0.000	0.000	0.000	0.000	0.000	0.000	0.000	0.000	0.000
0.000	0.000	0.000	0.000	0.000	0.000	0.000	0.000	0.000	0.000	0.000	0.000	0.000	0.000	0.000	0.000	0.000	0.000	0.000	0.000	0.000	0.000	0.000	0.000	0.000	0.000	0.000	0.000	0.000	0.000	0.000	0.000	0.000	0.000	0.000	0.000	0.000	0.000	0.000	0.000	0.000	0.000	0.000	0.000	0.000	0.000	0.000	0.000	0.000	0.000	0.000	0.000	0.000	0.000	0.000	0.000	0.000	0.000	0.000	0.000	0.000	0.000	0.000	0.000	0.000	0.000	0.000	0.000	0.000	0.000	0.000	0.000	0.000	0.000	0.000	0.000	0.000	0.000	0.000	0.000	0.000	0.000	0.000	0.000	0.000	0.000	0.000	0.000	0.000	0.000	0.000	0.000	0.000	0.000	0.000	0.000	0.000	0.000	0.000	0.000	0.000	0.000	0.000	0.000	0.000	0.000	0.000	0.000	0.000	0.000	0.000	0.000	0.000	0.000	0.000	0.000	0.000	0.000	0.000	0.000	0.000	0.000	0.000	0.000	0.000	0.000	0.000	0.000	0.000	0.000	0.000	0.000	0.000	0.000	0.000	0.000	0.000	0.000	0.000	0.000	0.000	0.000	0.000	0.000	0.000	0.000	0.000	0.000	0.000	0.000	0.000	0.000	0.000	0.000	0.000	0.000	0.000	0.000	0.000	0.000	0.000	0.000	0.000	0.000	0.000	0.000	0.000	0.000	0.000	0.000	0.000	0.000	0.000	0.000	0.000	0.000	0.000	0.000	0.000	0.000	0.000	0.000	0.000	0.000	0.000	0.000	0.000	0.000	0.000	0.000	0.000	0.000	0.000	0.000	0.000	0.000	0.000	0.000	0.000	0.000	0.000	0.000	0.000	0.000	0.000	0.000	0.000	0.000	0.000	0.000	0.000	0.000	0.000	0.000	0.000	0.000	0.000	0.000	0.000	0.000	0.000	0.000	0.000	0.000	0.000	0.000	0.000	0.000	0.000	0.000	0.000	0.000	0.000	0.000	0.000	0.000	0.000	0.000	0.000	0.000	0.000	0.000	0.000	0.000	0.000	0.000	0.000	0.000	0.000	0.000	0.000	0.000	0.000	0.000	0.000	0.000
0.000	0.000	0.000	0.000	0.000	0.000	0.000	0.000	0.000	0.000	0.000	0.000	0.000	0.000	0.000	0.000	0.000	0.000	0.000	0.000	0.000	0.000	0.000	0.000	0.000	0.000	0.000	0.000	0.000	0.000	0.000	0.000	0.000	0.000	0.000	0.000	0.000	0.000	0.000	0.000	0.000	0.000	0.000	0.000	0.000	0.000	0.000	0.000	0.000	0.000	0.000	0.000	0.000	0.000	0.000	0.000	0.000	0.000	0.000	0.000	0.000	0.000	0.000	0.000	0.000	0.000	0.000	0.000	0.000	0.000	0.000	0.000	0.000	0.000	0.000	0.000	0.000	0.000	0.000	0.000	0.000	0.000	0.000	0.000	0.000	0.000	0.000	0.000	0.000	0.000	0.000	0.000	0.000	0.000	0.000	0.000	0.000	0.000	0.000	0.000	0.000	0.000	0.000	0.000	0.000	0.000	0.000	0.000	0.000	0.000	0.000	0.000	0.000	0.000	0.000	0.000	0.000	0.000	0.000	0.000	0.000	0.000	0.000	0.000	0.000	0.000	0.000	0.000	0.000	0.000	0.000	0.000	0.000	0.000	0.000	0.000	0.000	0.000	0.000	0.000	0.000	0.000	0.000	0.000	0.000	0.000	0.000	0.000	0.000	0.000	0.000	0.000	0.000	0.000	0.000	0.000	0.000	0.000	0.000	0.000	0.000	0.000	0.000	0.000	0.000	0.000	0.000	0.000	0.000	0.000	0.000	0.000	0.000	0.000	0.000	0.000	0.000	0.000	0.000	0.000	0.000	0.000	0.000	0.000	0.000	0.000	0.000	0.000	0.000	0.000	0.000	0.000	0.000	0.000	0.000	0.000	0.000	0.000	0.000	0.000	0.000	0.000	0.000	0.000	0.000	0.000	0.000	0.000	0.000	0.000	0.000	0.000	0.000	0.000	0.000	0.000	0.000	0.000	0.000	0.000	0.000	0.000	0.000	0.000	0.000	0.000	0.000	0.000	0.000	0.000	0.000	0.000	0.000	0.000	0.000	0.000	0.000	0.000	0.000	0.000	0.000	0.000	0.000	0.000	0.000	0.000	0.000	0.000	0.000	0.000	0.000	0.000	0.000	0.000	0.000	0.000
