,,,,,,,,,,,,,,,,,,,,,,,,,,,,,,,,,,,,,,,,,,,,,,,,,,,,,,,,,,,,,,,,,,,,,,,,,,,,,,,,,,,,,,,,,,,,,,,,,,,,,,,,,,,,,,,,,,,,,,,,,,,,,,,,,,,,,,,,,,,,,,,,,,,,,,,,,,,,,,,,,,,,,,,,,,,,,,,,,,,,,,,,,,,,,,,,,,,,,,,,,,,,,,,,,,,,,,,,,,,,,,,,,,,,,,,,,,,,,,,,,,,,,,,,,,,,,,,
,,,,,,,,,,,,,,,,,,,,,,,,,,,,,,,,,,,,,,,,,,,,,,,,,,,,,,,,,,,,,,,,,,,,,,,,,,,,,,,,,,,,,,,,,,,,,,,,,,,,,,,,,,,,,,,,,,,,,,,,,,,,,,,,,,,,,,,,,,,,,,,,,,,,,,,,,,,,,,,,,,,,,,,,,,,,,,,,,,,,,,,,,,,,,,,,,,,,,,,,,,,,,,,,,,,,,,,,,,,,,,,,,,,,,,,,,,,,,,,,,,,,,,,,,,,,,,,
,,,,,,,,,,,,,,,,,,,,,,,,,,,,,,,,,,,,,,,,,,,,,,,,,,,,,,,,,,,,,,,,,,,,,,,,,,,,,,,,,,,,,,,,,,,,,,,,,,,,,,,,,,,,,,,,,,,,,,,,,,,,,,,,,,,,,,,,,,,,,,,,,,,,,,,,,,,,,,,,,,,,,,,,,,,,,,,,,,,,,,,,,,,,,,,,,,,,,,,,,,,,,,,,,,,,,,,,,,,,,,,,,,,,,,,,,,,,,,,,,,,,,,,,,,,,,,,
,,,,,,,,,,,,,,,,,,,,,,,,,,,,,,,,,,,,,,,,,,,,,,,,,,,,,,,,,,,,,,,,,,,,,,,,,,,,,,,,,,,,,,,,,,,,,,,,,,,,,,,,,,,,,,,,,,,,,,,,,,,,,,,,,,,,,,,,,,,,,,,,,,,,,,,,,,,,,,,,,,,,,,,,,,,,,,,,,,,,,,,,,,,,,,,,,,,,,,,,,,,,,,,,,,,,,,,,,,,,,,,,,,,,,,,,,,,,,,,,,,,,,,,,,,,,,,,
,,,,,,,,,,,,,,,,,,,,,,,,,,,,,,,,,,,,,,,,,,,,,,,,,,,,,,,,,,,,,,,,,,,,,,,,,,,,,,,,,,,,,,,,,,,,,,,,,,,,,,,,,,,,,,,,,,,,,,,,,,,,,,,,,,,,,,,,,,,,,,,,,,,,,,,,,,,,,,,,,,,,,,,,,,,,,,,,,,,,,,,,,,,,,,,,,,,,,,,,,,,,,,,,,,,,,,,,,,,,,,,,,,,,,,,,,,,,,,,,,,,,,,,,,,,,,,,
,,,,,,,,,,,,,,,,,,,,,,,,,,,,,,,,,,,,,,,,,,,,,,,,,,,,,,,,,,,,,,,,,,,,,,,,,,,,,,,,,,,,,,,,,,,,,,,,,,,,,,,,,,,,,,,,,,,,,,,,,,,,,,,,,,,,,,,,,,,,,,,,,,,,,,,,,,,,,,,,,,,,,,,,,,,,,,,,,,,,,,,,,,,,,,,,,,,,,,,,,,,,,,,,,,,,,,,,,,,,,,,,,,,,,,,,,,,,,,,,,,,,,,,,,,,,,,,
,,,,,,,,,,,,,,,,,,,,,,,,,,,,,,,,,,,,,,,,,,,,,,,,,,,,,,,,,,,,,,,,,,,,,,,,,,,,,,,,,,,,,,,,,,,,,,,,,,,,,,,,,,,,,,,,,,,,,,,,,,,,,,,,,,,,,,,,,,,,,,,,,,,,,,,,,,,,,,,,,,,,,,,,,,,,,,,,,,,,,,,,,,,,,,,,,,,,,,,,,,,,,,,,,,,,,,,,,,,,,,,,,,,,,,,,,,,,,,,,,,,,,,,,,,,,,,,
,,,,,,,,,,,,,,,,,,,,,,,,,,,,,,,,,,,,,,,,,,,,,,,,,,,,,,,,,,,,,,,,,,,,,,,,,,,,,,,,,,,,,,,,,,,,,,,,,,,,,,,,,,,,,,,,,,,,,,,,,,,,,,,,,,,,,,,,,,,,,,,,,,,,,,,,,,,,,,,,,,,,,,,,,,,,,,,,,,,,,,,,,,,,,,,,,,,,,,,,,,,,,,,,,,,,,,,,,,,,,,,,,,,,,,,,,,,,,,,,,,,,,,,,,,,,,,,
,,,,,,,,,,,,,,,,,,,,,,,,,,,,,,,,,,,,,,,,,,,,,,,,,,,,,,,,,,,,,,,,,,,,,,,,,,,,,,,,,,,,,,,,,,,,,,,,,,,,,,,,,,,,,,,,,,,,,,,,,,,,,,,,,,,,,,,,,,,,,,,,,,,,,,,,,,,,,,,,,,,,,,,,,,,,,,,,,,,,,,,,,,,,,,,,,,,,,,,,,,,,,,,,,,,,,,,,,,,,,,,,,,,,,,,,,,,,,,,,,,,,,,,,,,,,,,,
,,,,,,,,,,,,,,,,,,,,,,,,,,,,,,,,,,,,,,,,,,,,,,,,,,,,,,,,,,,,,,,,,,,,,,,,,,,,,,,,,,,,,,,,,,,,,,,,,,,,,,,,,,,,,,,,,,,,,,,,,,,,,,,,,,,,,,,,,,,,,,,,,,,,,,,,,,,,,,,,,,,,,,,,,,,,,,,,,,,,,,,,,,,,,,,,,,,,,,,,,,,,,,,,,,,,,,,,,,,,,,,,,,,,,,,,,,,,,,,,,,,,,,,,,,,,,,,
,,,,,,,,,,,,,,,,,,,,,,,,,,,,,,,,,,,,,,,,,,,,,,,,,,,,,,,,,,,,,,,,,,,,,,,,,,,,,,,,,,,,,,,,,,,,,,,,,,,,,,,,,,,,,,,,,,,,,,,,,,,,,,,,,,,,,,,,,,,,,,,,,,,,,,,,,,,,,,,,,,,,,,,,,,,,,,,,,,,,,,,,,,,,,,,,,,,,,,,,,,,,,,,,,,,,,,,,,,,,,,,,,,,,,,,,,,,,,,,,,,,,,,,,,,,,,,,
,,,,,,,,,,,,,,,,,,,,,,,,,,,,,,,,,,,,,,,,,,,,,,,,,,,,,,,,,,,,,,,,,,,,,,,,,,,,,,,,,,,,,,,,,,,,,,,,,,,,,,,,,,,,,,,,,,,,,,,,,,,,,,,,,,,,,,,,,,,,,,,,,,,,,,,,,,,,,,,,,,,,,,,,,,,,,,,,,,,,,,,,,,,,,,,,,,,,,,,,,,,,,,,,,,,,,,,,,,,,,,,,,,,,,,,,,,,,,,,,,,,,,,,,,,,,,,,
,,,,,,,,,,,,,,,,,,,,,,,,,,,,,,,,,,,,,,,,,,,,,,,,,,,,,,,,,,,,,,,,,,,,,,,,,,,,,,,,,,,,,,,,,,,,,,,,,,,,,,,,,,,,,,,,,,,,,,,,,,,,,,,,,,,,,,,,,,,,,,,,,,,,,,,,,,,,,,,,,,,,,,,,,,,,,,,,,,,,,,,,,,,,,,,,,,,,,,,,,,,,,,,,,,,,,,,,,,,,,,,,,,,,,,,,,,,,,,,,,,,,,,,,,,,,,,,
,,,,,,,,,,,,,,,,,,,,,,,,,,,,,,,,,,,,,,,,,,,,,,,,,,,,,,,,,,,,,,,,,,,,,,,,,,,,,,,,,,,,,,,,,,,,,,,,,,,,,,,,,,,,,,,,,,,,,,,,,,,,,,,,,,,,,,,,,,,,,,,,,,,,,,,,,,,,,,,,,,,,,,,,,,,,,,,,,,,,,,,,,,,,,,,,,,,,,,,,,,,,,,,,,,,,,,,,,,,,,,,,,,,,,,,,,,,,,,,,,,,,,,,,,,,,,,,
,,,,,,,,,,,,,,,,,,,,,,,,,,,,,,,,,,,,,,,,,,,,,,,,,,,,,,,,,,,,,,,,,,,,,,,,,,,,,,,,,,,,,,,,,,,,,,,,,,,,,,,,,,,,,,,,,,,,,,,,,,,,,,,,,,,,,,,,,,,,,,,,,,,,,,,,,,,,,,,,,,,,,,,,,,,,,,,,,,,,,,,,,,,,,,,,,,,,,,,,,,,,,,,,,,,,,,,,,,,,,,,,,,,,,,,,,,,,,,,,,,,,,,,,,,,,,,,
,,,,,,,,,,,,,,,,,,,,,,,,,,,,,,,,,,,,,,,,,,,,,,,,,,,,,,,,,,,,,,,,,,,,,,,,,,,,,,,,,,,,,,,,,,,,,,,,,,,,,,,,,,,,,,,,,,,,,,,,,,,,,,,,,,,,,,,,,,,,,,,,,,,,,,,,,,,,,,,,,,,,,,,,,,,,,,,,,,,,,,,,,,,,,,,,,,,,,,,,,,,,,,,,,,,,,,,,,,,,,,,,,,,,,,,,,,,,,,,,,,,,,,,,,,,,,,,
,,,,,,,,,,,,,,,,,,,,,,,,,,,,,,,,,,,,,,,,,,,,,,,,,,,,,,,,,,,,,,,,,,,,,,,,,,,,,,,,,,,,,,,,,,,,,,,,,,,,,,,,,,,,,,,,,,,,,,,,,,,,,,,,,,,,,,,,,,,,,,,,,,,,,,,,,,,,,,,,,,,,,,,,,,,,,,,,,,,,,,,,,,,,,,,,,,,,,,,,,,,,,,,,,,,,,,,,,,,,,,,,,,,,,,,,,,,,,,,,,,,,,,,,,,,,,,,
,,,,,,,,,,,,,,,,,,,,,,,,,,,,,,,,,,,,,,,,,,,,,,,,,,,,,,,,,,,,,,,,,,,,,,,,,,,,,,,,,,,,,,,,,,,,,,,,,,,,,,,,,,,,,,,,,,,,,,,,,,,,,,,,,,,,,,,,,,,,,,,,,,,,,,,,,,,,,,,,,,,,,,,,,,,,,,,,,,,,,,,,,,,,,,,,,,,,,,,,,,,,,,,,,,,,,,,,,,,,,,,,,,,,,,,,,,,,,,,,,,,,,,,,,,,,,,,
,,,,,,,,,,,,,,,,,,,,,,,,,,,,,,,,,,,,,,,,,,,,,,,,,,,,,,,,,,,,,,,,,,,,,,,,,,,,,,,,,,,,,,,,,,,,,,,,,,,,,,,,,,,,,,,,,,,,,,,,,,,,,,,,,,,,,,,,,,,,,,,,,,,,,,,,,,,,,,,,,,,,,,,,,,,,,,,,,,,,,,,,,,,,,,,,,,,,,,,,,,,,,,,,,,,,,,,,,,,,,,,,,,,,,,,,,,,,,,,,,,,,,,,,,,,,,,,
,,,,,,,,,,,,,,,,,,,,,,,,,,,,,,,,,,,,,,,,,,,,,,,,,,,,,,,,,,,,,,,,,,,,,,,,,,,,,,,,,,,,,,,,,,,,,,,,,,,,,,,,,,,,,,,,,,,,,,,,,,,,,,,,,,,,,,,,,,,,,,,,,,,,,,,,,,,,,,,,,,,,,,,,,,,,,,,,,,,,,,,,,,,,,,,,,,,,,,,,,,,,,,,,,,,,,,,,,,,,,,,,,,,,,,,,,,,,,,,,,,,,,,,,,,,,,,,
,,,,,,,,,,,,,,,,,,,,,,,,,,,,,,,,,,,,,,,,,,,,,,,,,,,,,,,,,,,,,,,,,,,,,,,,,,,,,,,,,,,,,,,,,,,,,,,,,,,,,,,,,,,,,,,,,,,,,,,,,,,,,,,,,,,,,,,,,,,,,,,,,,,,,,,,,,,,,,,,,,,,,,,,,,,,,,,,,,,,,,,,,,,,,,,,,,,,,,,,,,,,,,,,,,,,,,,,,,,,,,,,,,,,,,,,,,,,,,,,,,,,,,,,,,,,,,,
,,,,,,,,,,,,,,,,,,,,,,,,,,,,,,,,,,,,,,,,,,,,,,,,,,,,,,,,,,,,,,,,,,,,,,,,,,,,,,,,,,,,,,,,,,,,,,,,,,,,,,,,,,,,,,,,,,,,,,,,,,,,,,,,,,,,,,,,,,,,,,,,,,,,,,,,,,,,,,,,,,,,,,,,,,,,,,,,,,,,,,,,,,,,,,,,,,,,,,,,,,,,,,,,,,,,,,,,,,,,,,,,,,,,,,,,,,,,,,,,,,,,,,,,,,,,,,,
,,,,,,,,,,,,,,,,,,,,,,,,,,,,,,,,,,,,,,,,,,,,,,,,,,,,,,,,,,,,,,,,,,,,,,,,,,,,,,,,,,,,,,,,,,,,,,,,,,,,,,,,,,,,,,,,,,,,,,,,,,,,,,,,,,,,,,,,,,,,,,,,,,,,,,,,,,,,,,,,,,,,,,,,,,,,,,,,,,,,,,,,,,,,,,,,,,,,,,,,,,,,,,,,,,,,,,,,,,,,,,,,,,,,,,,,,,,,,,,,,,,,,,,,,,,,,,,
,,,,,,,,,,,,,,,,,,,,,,,,,,,,,,,,,,,,,,,,,,,,,,,,,,,,,,,,,,,,,,,,,,,,,,,,,,,,,,,,,,,,,,,,,,,,,,,,,,,,,,,,,,,,,,,,,,,,,,,,,,,,,,,,,,,,,,,,,,,,,,,,,,,,,,,,,,,,,,,,,,,,,,,,,,,,,,,,,,,,,,,,,,,,,,,,,,,,,,,,,,,,,,,,,,,,,,,,,,,,,,,,,,,,,,,,,,,,,,,,,,,,,,,,,,,,,,,
,,,,,,,,,,,,,,,,,,,,,,,,,,,,,,,,,,,,,,,,,,,,,,,,,,,,,,,,,,,,,,,,,,,,,,,,,,,,,,,,,,,,,,,,,,,,,,,,,,,,,,,,,,,,,,,,,,,,,,,,,,,,,,,,,,,,,,,,,,,,,,,,,,,,,,,,,,,,,,,,,,,,,,,,,,,,,,,,,,,,,,,,,,,,,,,,,,,,,,,,,,,,,,,,,,,,,,,,,,,,,,,,,,,,,,,,,,,,,,,,,,,,,,,,,,,,,,,
,,,,,,,,,,,,,,,,,,,,,,,,,,,,,,,,,,,,,,,,,,,,,,,,,,,,,,,,,,,,,,,,,,,,,,,,,,,,,,,,,,,,,,,,,,,,,,,,,,,,,,,,,,,,,,,,,,,,,,,,,,,,,,,,,,,,,,,,,,,,,,,,,,,,,,,,,,,,,,,,,,,,,,,,,,,,,,,,,,,,,,,,,,,,,,,,,,,,,,,,,,,,,,,,,,,,,,,,,,,,,,,,,,,,,,,,,,,,,,,,,,,,,,,,,,,,,,,
,,,,,,,,,,,,,,,,,,,,,,,,,,,,,,,,,,,,,,,,,,,,,,,,,,,,,,,,,,,,,,,,,,,,,,,,,,,,,,,,,,,,,,,,,,,,,,,,,,,,,,,,,,,,,,,,,,,,,,,,,,,,,,,,,,,,,,,,,,,,,,,,,,,,,,,,,,,,,,,,,,,,,,,,,,,,,,,,,,,,,,,,,,,,,,,,,,,,,,,,,,,,,,,,,,,,,,,,,,,,,,,,,,,,,,,,,,,,,,,,,,,,,,,,,,,,,,,
,,,,,,,,,,,,,,,,,,,,,,,,,,,,,,,,,,,,,,,,,,,,,,,,,,,,,,,,,,,,,,,,,,,,,,,,,,,,,,,,,,,,,,,,,,,,,,,,,,,,,,,,,,,,,,,,,,,,,,,,,,,,,,,,,,,,,,,,,,,,,,,,,,,,,,,,,,,,,,,,,,,,,,,,,,,,,,,,,,,,,,,,,,,,,,,,,,,,,,,,,,,,,,,,,,,,,,,,,,,,,,,,,,,,,,,,,,,,,,,,,,,,,,,,,,,,,,,
,,,,,,,,,,,,,,,,,,,,,,,,,,,,,,,,,,,,,,,,,,,,,,,,,,,,,,,,,,,,,,,,,,,,,,,,,,,,,,,,,,,,,,,,,,,,,,,,,,,,,,,,,,,,,,,,,,,,,,,,,,,,,,,,,,,,,,,,,,,,,,,,,,,,,,,,,,,,,,,,,,,,,,,,,,,,,,,,,,,,,,,,,,,,,,,,,,,,,,,,,,,,,,,,,,,,,,,,,,,,,,,,,,,,,,,,,,,,,,,,,,,,,,,,,,,,,,,
,,,,,,,,,,,,,,,,,,,,,,,,,,,,,,,,,,,,,,,,,,,,,,,,,,,,,,,,,,,,,,,,,,,,,,,,,,,,,,,,,,,,,,,,,,,,,,,,,,,,,,,,,,,,,,,,,,,,,,,,,,,,,,,,,,,,,,,,,,,,,,,,,,,,,,,,,,,,,,,,,,,,,,,,,,,,,,,,,,,,,,,,,,,,,,,,,,,,,,,,,,,,,,,,,,,,,,,,,,,,,,,,,,,,,,,,,,,,,,,,,,,,,,,,,,,,,,,
,,,,,,,,,,,,,,,,,,,,,,,,,,,,,,,,,,,,,,,,,,,,,,,,,,,,,,,,,,,,,,,,,,,,,,,,,,,,,,,,,,,,,,,,,,,,,,,,,,,,,,,,,,,,,,,,,,,,,,,,,,,,,,,,,,,,,,,,,,,,,,,,,,,,,,,,,,,,,,,,,,,,,,,,,,,,,,,,,,,,,,,,,,,,,,,,,,,,,,,,,,,,,,,,,,,,,,,,,,,,,,,,,,,,,,,,,,,,,,,,,,,,,,,,,,,,,,,
,,,,,,,,,,,,,,,,,,,,,,,,,,,,,,,,,,,,,,,,,,,,,,,,,,,,,,,,,,,,,,,,,,,,,,,,,,,,,,,,,,,,,,,,,,,,,,,,,,,,,,,,,,,,,,,,,,,,,,,,,,,,,,,,,,,,,,,,,,,,,,,,,,,,,,,,,,,,,,,,,,,,,,,,,,,,,,,,,,,,,,,,,,,,,,,,,,,,,,,,,,,,,,,,,,,,,,,,,,,,,,,,,,,,,,,,,,,,,,,,,,,,,,,,,,,,,,,
,,,,,,,,,,,,,,,,,,,,,,,,,,,,,,,,,,,,,,,,,,,,,,,,,,,,,,,,,,,,,,,,,,,,,,,,,,,,,,,,,,,,,,,,,,,,,,,,,,,,,,,,,,,,,,,,,,,,,,,,,,,,,,,,,,,,,,,,,,,,,,,,,,,,,,,,,,,,,,,,,,,,,,,,,,,,,,,,,,,,,,,,,,,,,,,,,,,,,,,,,,,,,,,,,,,,,,,,,,,,,,,,,,,,,,,,,,,,,,,,,,,,,,,,,,,,,,,
,,,,,,,,,,,,,,,,,,,,,,,,,,,,,,,,,,,,,,,,,,,,,,,,,,,,,,,,,,,,,,,,,,,,,,,,,,,,,,,,,,,,,,,,,,,,,,,,,,,,,,,,,,,,,,,,,,,,,,,,,,,,,,,,,,,,,,,,,,,,,,,,,,,,,,,,,,,,,,,,,,,,,,,,,,,,,,,,,,,,,,,,,,,,,,,,,,,,,,,,,,,,,,,,,,,,,,,,,,,,,,,,,,,,,,,,,,,,,,,,,,,,,,,,,,,,,,,
,,,,,,,,,,,,,,,,,,,,,,,,,,,,,,,,,,,,,,,,,,,,,,,,,,,,,,,,,,,,,,,,,,,,,,,,,,,,,,,,,,,,,,,,,,,,,,,,,,,,,,,,,,,,,,,,,,,,,,,,,,,,,,,,,,,,,,,,,,,,,,,,,,,,,,,,,,,,,,,,,,,,,,,,,,,,,,,,,,,,,,,,,,,,,,,,,,,,,,,,,,,,,,,,,,,,,,,,,,,,,,,,,,,,,,,,,,,,,,,,,,,,,,,,,,,,,,,
,,,,,,,,,,,,,,,,,,,,,,,,,,,,,,,,,,,,,,,,,,,,,,,,,,,,,,,,,,,,,,,,,,,,,,,,,,,,,,,,,,,,,,,,,,,,,,,,,,,,,,,,,,,,,,,,,,,,,,,,,,,,,,,,,,,,,,,,,,,,,,,,,,,,,,,,,,,,,,,,,,,,,,,,,,,,,,,,,,,,,,,,,,,,,,,,,,,,,,,,,,,,,,,,,,,,,,,,,,,,,,,,,,,,,,,,,,,,,,,,,,,,,,,,,,,,,,,
,,,,,,,,,,,,,,,,,,,,,,,,,,,,,,,,,,,,,,,,,,,,,,,,,,,,,,,,,,,,,,,,,,,,,,,,,,,,,,,,,,,,,,,,,,,,,,,,,,,,,,,,,,,,,,,,,,,,,,,,,,,,,,,,,,,,,,,,,,,,,,,,,,,,,,,,,,,,,,,,,,,,,,,,,,,,,,,,,,,,,,,,,,,,,,,,,,,,,,,,,,,,,,,,,,,,,,,,,,,,,,,,,,,,,,,,,,,,,,,,,,,,,,,,,,,,,,,
,,,,,,,,,,,,,,,,,,,,,,,,,,,,,,,,,,,,,,,,,,,,,,,,,,,,,,,,,,,,,,,,,,,,,,,,,,,,,,,,,,,,,,,,,,,,,,,,,,,,,,,,,,,,,,,,,,,,,,,,,,,,,,,,,,,,,,,,,,,,,,,,,,,,,,,,,,,,,,,,,,,,,,,,,,,,,,,,,,,,,,,,,,,,,,,,,,,,,,,,,,,,,,,,,,,,,,,,,,,,,,,,,,,,,,,,,,,,,,,,,,,,,,,,,,,,,,,
,,,,,,,,,,,,,,,,,,,,,,,,,,,,,,,,,,,,,,,,,,,,,,,,,,,,,,,,,,,,,,,,,,,,,,,,,,,,,,,,,,,,,,,,,,,,,,,,,,,,,,,,,,,,,,,,,,,,,,,,,,,,,,,,,,,,,,,,,,,,,,,,,,,,,,,,,,,,,,,,,,,,,,,,,,,,,,,,,,,,,,,,,,,,,,,,,,,,,,,,,,,,,,,,,,,,,,,,,,,,,,,,,,,,,,,,,,,,,,,,,,,,,,,,,,,,,,,
,,,,,,,,,,,,,,,,,,,,,,,,,,,,,,,,,,,,,,,,,,,,,,,,,,,,,,,,,,,,,,,,,,,,,,,,,,,,,,,,,,,,,,,,,,,,,,,,,,,,,,,,,,,,,,,,,,,,,,,,,,,,,,,,,,,,,,,,,,,,,,,,,,,,,,,,,,,,,,,,,,,,,,,,,,,,,,,,,,,,,,,,,,,,,,,,,,,,,,,,,,,,,,,,,,,,,,,,,,,,,,,,,,,,,,,,,,,,,,,,,,,,,,,,,,,,,,,
,,,,,,,,,,,,,,,,,,,,,,,,,,,,,,,,,,,,,,,,,,,,,,,,,,,,,,,,,,,,,,,,,,,,,,,,,,,,,,,,,,,,,,,,,,,,,,,,,,,,,,,,,,,,,,,,,,,,,,,,,,,,,,,,,,,,,,,,,,,,,,,,,,,,,,,,,,,,,,,,,,,,,,,,,,,,,,,,,,,,,,,,,,,,,,,,,,,,,,,,,,,,,,,,,,,,,,,,,,,,,,,,,,,,,,,,,,,,,,,,,,,,,,,,,,,,,,,
,,,,,,,,,,,,,,,,,,,,,,,,,,,,,,,,,,,,,,,,,,,,,,,,,,,,,,,,,,,,,,,,,,,,,,,,,,,,,,,,,,,,,,,,,,,,,,,,,,,,,,,,,,,,,,,,,,,,,,,,,,,,,,,,,,,,,,,,,,,,,,,,,,,,,,,,,,,,,,,,,,,,,,,,,,,,,,,,,,,,,,,,,,,,,,,,,,,,,,,,,,,,,,,,,,,,,,,,,,,,,,,,,,,,,,,,,,,,,,,,,,,,,,,,,,,,,,,
,,,,,,,,,,,,,,,,,,,,,,,,,,,,,,,,,,,,,,,,,,,,,,,,,,,,,,,,,,,,,,,,,,,,,,,,,,,,,,,,,,,,,,,,,,,,,,,,,,,,,,,,,,,,,,,,,,,,,,,,,,,,,,,,,,,,,,,,,,,,,,,,,,,,,,,,,,,,,,,,,,,,,,,,,,,,,,,,,,,,,,,,,,,,,,,,,,,,,,,,,,,,,,,,,,,,,,,,,,,,,,,,,,,,,,,,,,,,,,,,,,,,,,,,,,,,,,,
,,,,,,,,,,,,,,,,,,,,,,,,,,,,,,,,,,,,,,,,,,,,,,,,,,,,,,,,,,,,,,,,,,,,,,,,,,,,,,,,,,,,,,,,,1530.0,,,,,,,,,,,,,,,,,,,4080.0,3060.0,2040.0,2550.0,,,,,,,,,,,,,,,,,,,,,,,,,,,,,,,,,,,,,,,,,,,,,,,,,,,,,,,,,,,,,,,,,,,,,,,,,,,,,,,,,,,,,,,,,,,,,,,,,,,,,,,,,,,,,,,,,,,,,,,,,,,,,,,,,,,,,,,,,,,,,,,,
,,,,,,,,,,,,,,,,,,,,,,,,,,,,,,,,,,,,,,,,,,,,,,,,,,,,,,,,,,,,,,,,,3060.0,5100.0,2550.0,,,,,,,,,,,,,,3060.0,2550.0,3315.0,,,,,,3570.0,,,,,,,,,,,,,,,,,,,,2805.0,4590.0,3570.0,,,,,,,,,,,,,,,,,,,,,,,,,,,,,,,,,,,,,,,,,,,,,,,,,,,,,,,,,,,,,,,,,,,,,,,,,,,,,,,,,,,,,,,,,,,,,,,,,,,,,,,,,,,,,,,,,,,,,,,,,,,,,,,,,,,,,,,,,,,,,,,,
,,,,,,,,,,,,,,,,,,,,,,,,,,,,,,,,,,,,,,,,,,,,,,,,,,,,,,,,,,,,,,,,,2805.0,2040.0,3060.0,,,,,,,,,,,,,2550.0,3060.0,2295.0,2805.0,,,,,,2295.0,2040.0,,,,,,,,,,,,,,,,,,,2550.0,2550.0,2295.0,,,,,,,,,,,,,,,,,,,,,,,,,,,,,,,,,,,,,,,,,,,,,,,,,,,,,,,,,,,,,,,,,,,,,,,,,,,,,,,,,,,,,,,,,,,,,,,,,,,,,,,,,,,,,,,,,,,,,,,,,,,,,,,,,,,,,,,,,,,,,,,,
,,,,,,,,,,,,,,,,,,,,,,,,,,,,,,,,,,,,,,,,,,,,,,,,,,,,,,,,,,,,,,,,,,2040.0,2805.0,2550.0,,,,,,,,,,3315.0,3315.0,3315.0,1530.0,4335.0,3315.0,2550.0,,,2805.0,2805.0,2550.0,,,,,,,,,,,,,,,,,,,,2805.0,2805.0,3825.0,2805.0,,,,,,,,,,,,,,,,,,,3570.0,2295.0,,,,,,,,,,,,,2550.0,3570.0,,,,,,,,,,,,,,,,,,,,,,,,,,,,,,,,,,,,,,,,,,,,,,,,,,,,,,,,,,,,,,,,,,,,,,,,,,,,,,,,,,,,,,,,,,,,,,,,,,,,,,,,,,,,,
,,,,,,,,,,,,,,,,,,,,,,,,,,,,,,,,,,,,,,,,,,,,,,,,,,,,,,,,,,,,,,,,,,1785.0,2550.0,3315.0,1785.0,,,,,,,,,2550.0,3315.0,2805.0,2040.0,3570.0,4590.0,2805.0,1785.0,3060.0,3060.0,3570.0,1530.0,,2040.0,3060.0,2040.0,4845.0,,,,,1785.0,,,,2295.0,2040.0,3315.0,1785.0,3060.0,2550.0,3060.0,3825.0,3315.0,2805.0,2550.0,,,2040.0,2805.0,2295.0,,,,,,,,,3825.0,3060.0,4080.0,1785.0,4845.0,2550.0,,,,,,,,,,,,4080.0,3825.0,4080.0,2040.0,3060.0,,,,,,,,,,,,,,,,,,,,,,,,,,,,,,,,,,,,,,,,,,,,,,,,,,,,,,,,,,,,,,,,,,,,,,,,,,,,,,,,,,,,,,,,,,,,,,,,,,,,,,,,,,,
,,,,,,,,,,,,,,,,,,,,,,,,,,,,,,,,,,,,,,,,,,,,,,,,,,,,,,,,,,,5355.0,,,,,,3825.0,1785.0,3570.0,3315.0,3570.0,1530.0,2805.0,2295.0,,,3825.0,1785.0,1530.0,3315.0,2295.0,2550.0,3060.0,2295.0,3825.0,2550.0,2040.0,3570.0,4335.0,3315.0,2295.0,1785.0,2550.0,2805.0,3570.0,3060.0,2040.0,,,3315.0,4845.0,3570.0,3060.0,3060.0,4080.0,3315.0,1530.0,4845.0,2040.0,3570.0,2550.0,3060.0,2805.0,2295.0,3570.0,2040.0,3060.0,3060.0,3570.0,2295.0,,,,,,,,,2295.0,4080.0,1020.0,2805.0,3060.0,1530.0,3315.0,,,,,,,,,,2805.0,1275.0,3315.0,3315.0,2805.0,4335.0,,,,,,,,,,,,,,,,,,,,,,,,,,2550.0,1785.0,2805.0,,,,,,,,,,,,,,,,,,,,,,,,,,,,,,,,,,,,,,,,,,,,,,,,,,,,,,,,,,,,,,,,,,,,,,,,,,,,,,,
,,,,,,,,,,,,,,,,,,,,,,,,,,,,,,,,,,,,,,,,,,,,,,,,,,,,,,,,,,3570.0,1785.0,3060.0,,,,2805.0,3060.0,4080.0,2805.0,3060.0,2295.0,2550.0,3315.0,3570.0,1785.0,1785.0,2040.0,3060.0,2805.0,3825.0,2805.0,2550.0,3315.0,2805.0,3060.0,3060.0,3315.0,3315.0,1530.0,3060.0,2040.0,3570.0,2040.0,2550.0,2295.0,5100.0,3060.0,2295.0,2295.0,1785.0,3825.0,2295.0,2805.0,4335.0,4590.0,6120.0,3060.0,4335.0,3315.0,4845.0,2040.0,2550.0,5865.0,3060.0,3315.0,4845.0,1275.0,2295.0,4845.0,4590.0,1785.0,2040.0,,,1785.0,2550.0,1530.0,2040.0,2805.0,2805.0,2040.0,3060.0,3060.0,2295.0,2040.0,4590.0,2550.0,,,,4590.0,1275.0,2805.0,2040.0,1530.0,4335.0,2040.0,2805.0,3315.0,1785.0,2295.0,3315.0,3315.0,3060.0,3315.0,3570.0,1785.0,,,,,,,,,,,,,,,,,,,4080.0,3825.0,3825.0,2295.0,,3315.0,2295.0,2550.0,,,,,,,,,,,,,,,,,,,,,,,,,,,,,,,,,,,,,,,,,,,,,,,,,,,,,,,,,,,,,,,,,,,,,,,,,,
,,,,,,,,,,,,,,,,,,,,,,,,,,,,,,,,,,,,,,,,,,,,,,,,,,,,,,,,,,2295.0,3060.0,2295.0,2295.0,2295.0,3315.0,2805.0,,,2805.0,3570.0,3315.0,2040.0,1275.0,3570.0,2295.0,2550.0,3060.0,4080.0,2550.0,2040.0,4590.0,2805.0,2550.0,3060.0,4335.0,1785.0,3825.0,2805.0,1530.0,1530.0,3570.0,3060.0,2550.0,4335.0,1020.0,3315.0,3060.0,2805.0,2295.0,4080.0,2550.0,2295.0,1275.0,2040.0,3060.0,2295.0,3825.0,3315.0,3570.0,4590.0,2550.0,2550.0,2295.0,1530.0,2550.0,3570.0,765.0,2040.0,3825.0,3060.0,2295.0,3315.0,3060.0,2040.0,4335.0,2805.0,5100.0,2295.0,4590.0,3825.0,3825.0,3315.0,4590.0,2550.0,2805.0,4080.0,1530.0,4080.0,3315.0,3825.0,2550.0,4335.0,3060.0,3060.0,4590.0,3060.0,2805.0,3060.0,3825.0,2295.0,2550.0,2295.0,3315.0,2550.0,2805.0,3825.0,3060.0,3060.0,,,,,3060.0,1530.0,,,,,,,,,,,,,2550.0,3060.0,2295.0,,3570.0,3060.0,3315.0,,,,,,,,,,,,,,,,,,,,,,,,,,,,,,,,,,,,,,,,,,,,,,,,,,,,,,,,,,,,,,,,,,,,,,,,,,
,,,,,,,,,,,,,,,,,,,,,,,,,,,,,,,,,,,,,,,,,,,,,,,,,,,,,,2805.0,3570.0,,,3315.0,3570.0,3060.0,2550.0,2550.0,4080.0,,,,,2040.0,2805.0,3060.0,2550.0,3570.0,1275.0,2550.0,2550.0,3570.0,2550.0,1785.0,3060.0,2295.0,2040.0,3060.0,4845.0,2295.0,3315.0,1530.0,1785.0,1275.0,2805.0,2040.0,2040.0,2805.0,2550.0,3570.0,4845.0,2550.0,3060.0,2805.0,2295.0,3315.0,1275.0,2040.0,1785.0,2550.0,3570.0,5100.0,1530.0,3315.0,2040.0,3315.0,2550.0,2805.0,1530.0,3315.0,2805.0,3060.0,4335.0,2550.0,2040.0,5100.0,2295.0,2040.0,2040.0,3315.0,4335.0,2040.0,2805.0,2805.0,4335.0,3315.0,3825.0,3060.0,4590.0,3570.0,3060.0,2040.0,2040.0,3060.0,3315.0,4080.0,3060.0,2805.0,3315.0,1275.0,5100.0,3570.0,3315.0,4080.0,1275.0,2805.0,2295.0,3315.0,4590.0,3570.0,2550.0,2805.0,2550.0,3060.0,1530.0,3060.0,3570.0,2040.0,2550.0,2295.0,,,,,,,,,,,,2550.0,,,1530.0,2550.0,4080.0,2040.0,,,2550.0,2805.0,2550.0,,,,,,,,,,,,,,,,,,,,,,,,,,,,,,,,,,,,,,,,,,,,,,,,,,,,,,,,,,,,,,,,,,,,
,,,,,,,,,,,,,,,,,,,,,,,,,,,,,,,,,,,,,,,,,,,,,,,,,,,,,,2805.0,3570.0,1020.0,2550.0,2040.0,2295.0,2295.0,3570.0,2295.0,,,,,,,,,3060.0,2805.0,4845.0,1785.0,3570.0,4335.0,2550.0,3570.0,5610.0,3060.0,3570.0,2550.0,3060.0,4080.0,1785.0,2550.0,3060.0,4080.0,3060.0,1785.0,2805.0,1785.0,2805.0,2550.0,2040.0,1785.0,3315.0,3825.0,1020.0,3060.0,3570.0,2040.0,2295.0,2805.0,2040.0,3315.0,3315.0,2040.0,3315.0,4080.0,2805.0,1275.0,2805.0,3570.0,4080.0,2295.0,3570.0,5100.0,3570.0,2295.0,2040.0,2040.0,2805.0,2550.0,2550.0,3315.0,1785.0,1530.0,2295.0,3570.0,3060.0,2295.0,1785.0,2550.0,3060.0,2040.0,3570.0,3060.0,1785.0,2295.0,3315.0,2550.0,3570.0,3825.0,3315.0,2295.0,3060.0,3315.0,3060.0,1530.0,3315.0,3570.0,3825.0,3060.0,3060.0,2550.0,3060.0,4080.0,2550.0,2295.0,1530.0,3570.0,4590.0,2550.0,3315.0,1275.0,2295.0,3315.0,2550.0,4080.0,,,,,,,2295.0,2040.0,4080.0,2040.0,2040.0,2550.0,3060.0,2040.0,3060.0,3315.0,3315.0,,,,,,,,,,,,,,,,,,,,,,,,,,,,,,,,,,,,,,,,,,,,,,,,,,,,,,,,,,,,,,,,,,,,
,,,,,,,,,,,,,,,,,,,,,,,,,,,,,,,,,,,,,,,,,,,,,,,,,,,,,,,2295.0,4080.0,4080.0,2295.0,2805.0,4335.0,3570.0,,,,,,,,,,,2550.0,2805.0,3315.0,4845.0,3570.0,1785.0,4845.0,1785.0,2040.0,2805.0,4080.0,3570.0,1785.0,2040.0,1530.0,2295.0,1020.0,2295.0,1275.0,2040.0,1275.0,2295.0,2550.0,2805.0,2805.0,2550.0,2805.0,2040.0,1020.0,2550.0,2040.0,3315.0,1530.0,510.0,2550.0,2040.0,4335.0,3825.0,4590.0,4590.0,2805.0,1530.0,2550.0,3570.0,3060.0,3825.0,2550.0,2550.0,2040.0,1275.0,1530.0,4845.0,2295.0,2805.0,2040.0,1785.0,3060.0,1530.0,2040.0,1785.0,3060.0,4845.0,2550.0,2805.0,4845.0,3570.0,2805.0,2295.0,2805.0,4080.0,4080.0,3315.0,4590.0,3825.0,2295.0,2040.0,3570.0,2295.0,3315.0,2295.0,2040.0,3570.0,3570.0,2805.0,1530.0,2805.0,3315.0,2805.0,6120.0,3825.0,3315.0,3315.0,3060.0,2550.0,3315.0,3570.0,2550.0,2550.0,3315.0,3315.0,,,,,,1785.0,2805.0,3315.0,2550.0,1020.0,1275.0,4080.0,3315.0,2550.0,3825.0,1530.0,,,,,,,,,,,,,,,,,,,,,,,,,,,,,,,,,,,,,,,,,,,,,,,,,,,,,,,,,,,,,,,,,,,,
,,,,,,,,,,,,,,,,,,,,,,,,,,,,,,,,,,,,,,,,,,,,,,,,,,,,,,,2550.0,3570.0,2805.0,3060.0,2550.0,1530.0,,,,,,,,,,,,3825.0,2040.0,3315.0,3570.0,2040.0,2550.0,4080.0,3315.0,2550.0,2805.0,2295.0,2295.0,4080.0,3060.0,3315.0,3570.0,3825.0,3825.0,2550.0,2040.0,2550.0,2040.0,2040.0,3315.0,2040.0,1020.0,1530.0,2805.0,1275.0,3060.0,3570.0,1530.0,2550.0,3570.0,2550.0,2805.0,2805.0,3315.0,2040.0,3825.0,2805.0,3315.0,2295.0,3825.0,2805.0,3570.0,3570.0,2805.0,3315.0,3570.0,1785.0,1530.0,3060.0,4080.0,3315.0,3570.0,2295.0,2295.0,1785.0,2295.0,3060.0,2040.0,2805.0,4080.0,1275.0,4335.0,2805.0,3060.0,2295.0,2295.0,3060.0,3570.0,3825.0,2805.0,3060.0,2040.0,3570.0,3315.0,3060.0,2550.0,3060.0,2040.0,2295.0,3315.0,765.0,2040.0,3060.0,1785.0,2805.0,1785.0,2040.0,3315.0,3825.0,4335.0,3060.0,2550.0,2805.0,2805.0,2805.0,4080.0,2040.0,,,,,2550.0,2805.0,2805.0,765.0,510.0,2805.0,2295.0,1530.0,2040.0,3315.0,2805.0,,,,,,,,,,,,,,,,,,,,,,,,,,,,,,,,,,,,,,,,,,,,,,,,,,,,,,,,,,,,,,,,,,,,
,,,,,,,,,,,,,,,,,,,,,,,,,,,,,,,,,,,,,,,,,,,,,,,,,,,,,,,3060.0,3825.0,2550.0,3060.0,2295.0,,,,,,,,,,,,3570.0,2040.0,2805.0,3315.0,3825.0,2295.0,3315.0,5100.0,2550.0,1530.0,2550.0,2295.0,2805.0,3825.0,2295.0,2550.0,2040.0,5100.0,2550.0,2550.0,4080.0,3570.0,2295.0,1785.0,1530.0,2295.0,1530.0,2805.0,2040.0,2040.0,4845.0,2550.0,3315.0,1785.0,4335.0,1020.0,2805.0,4590.0,2550.0,2805.0,1785.0,3825.0,4845.0,3315.0,3315.0,2040.0,3570.0,4335.0,2805.0,3060.0,1785.0,3825.0,2295.0,2295.0,4080.0,4080.0,4335.0,2550.0,4335.0,3315.0,2295.0,2550.0,2550.0,3060.0,2040.0,1785.0,3060.0,4335.0,4080.0,2805.0,3315.0,2295.0,2040.0,3060.0,1530.0,3825.0,3825.0,3570.0,2805.0,5100.0,2295.0,2295.0,2550.0,1530.0,4080.0,2805.0,3825.0,3825.0,3570.0,2550.0,4590.0,2040.0,2805.0,4335.0,2295.0,4590.0,4080.0,3570.0,1530.0,3570.0,3825.0,3315.0,,,,3315.0,2550.0,3570.0,2295.0,2805.0,1275.0,2550.0,1020.0,2295.0,2550.0,2040.0,4080.0,2805.0,,,,,,,,,,,,,,,,,,,,,,,,,,,,,,,,,,,,,,,,,,,,,,,,,,,,,,,,,,,,,,,,,,,
,,,,,,,,,,,,,,,,,,,,,,,,,,,,,,,,,,,,,,,,,,,,,,,,,,,,,,,,3315.0,2295.0,2550.0,3315.0,,,,,,,,,,,1785.0,1785.0,3060.0,2550.0,1785.0,3570.0,2550.0,2040.0,3825.0,2805.0,1785.0,3570.0,3570.0,2040.0,1785.0,2805.0,2295.0,2805.0,2295.0,3315.0,2550.0,2805.0,1275.0,2040.0,2295.0,1530.0,3060.0,1020.0,1785.0,4335.0,4590.0,3825.0,3060.0,2040.0,1275.0,2040.0,2040.0,3570.0,4080.0,3315.0,2295.0,4080.0,5355.0,3570.0,1530.0,2295.0,4080.0,1530.0,5100.0,3315.0,3570.0,3570.0,2805.0,3060.0,2295.0,3315.0,3060.0,5100.0,4335.0,2295.0,2805.0,3315.0,765.0,3315.0,3060.0,4335.0,2295.0,2295.0,3825.0,4590.0,3060.0,2295.0,3315.0,4080.0,3060.0,1275.0,1785.0,3060.0,4590.0,2805.0,3060.0,4080.0,3825.0,1530.0,4590.0,3060.0,4080.0,2805.0,2550.0,4335.0,2550.0,3315.0,1785.0,3825.0,2805.0,3825.0,3570.0,1275.0,2040.0,4080.0,2805.0,2295.0,2805.0,,,,2805.0,2295.0,2805.0,1785.0,3315.0,765.0,2550.0,1785.0,1785.0,2550.0,2295.0,2040.0,3570.0,,,,,,,,,,,,,,,,,,,,,,,,,,,,,,,,,,,,,,,,,,,,,,,,,,,,,,,,,,,,,,,,,,,
,,,,,,,,,,,,,,,,,,,,,,,,,,,,,,,,,,,,,,,,,,,,,,,,,,,,,,,,2805.0,3570.0,3060.0,3570.0,,,,,,,,,,2550.0,3570.0,4080.0,2295.0,2550.0,2805.0,3570.0,3825.0,3315.0,2805.0,3825.0,2550.0,1275.0,2040.0,3060.0,1020.0,2550.0,2550.0,2040.0,2040.0,3060.0,3570.0,1275.0,2805.0,2295.0,2295.0,1530.0,4080.0,3315.0,2040.0,2040.0,3315.0,1785.0,3570.0,3570.0,1785.0,2295.0,3060.0,1530.0,3060.0,3570.0,2550.0,5100.0,2550.0,3570.0,2040.0,1785.0,3315.0,1530.0,2295.0,3570.0,3060.0,2550.0,1785.0,3825.0,2295.0,2295.0,2550.0,2805.0,2550.0,3060.0,2295.0,1530.0,2550.0,2805.0,2805.0,2040.0,1530.0,1785.0,3825.0,5100.0,3060.0,2550.0,2805.0,1785.0,1785.0,2550.0,2550.0,2295.0,3060.0,1785.0,4080.0,2550.0,2040.0,2550.0,2040.0,2550.0,2040.0,2805.0,4335.0,3825.0,3060.0,3060.0,2805.0,3315.0,2295.0,3315.0,2805.0,3315.0,2805.0,3570.0,3825.0,2040.0,4590.0,,,,4080.0,3570.0,1530.0,1530.0,2805.0,2805.0,1530.0,765.0,2295.0,4080.0,4590.0,1530.0,3315.0,,,,,,,,,,,,,,,,,,,,,,,,,,,,,,,,,,,,,,,,,,,,,,,,,,,,,,,,,,,,,,,,,,,
,,,,,,,,,,,,,,,,,,,,,,,,,,,,,,,,,,,,,,,,,,,,,,,,,,,,,,,,,,,,,,,,,,,,,4080.0,1530.0,2550.0,2040.0,3060.0,2040.0,2805.0,4080.0,1020.0,2040.0,1785.0,2550.0,1530.0,2550.0,3570.0,2040.0,3825.0,2295.0,3060.0,3060.0,2295.0,2550.0,3060.0,1530.0,1785.0,3315.0,2295.0,1785.0,2550.0,3060.0,2295.0,1530.0,2295.0,3315.0,2550.0,2295.0,1020.0,4080.0,2040.0,3315.0,3315.0,3060.0,2550.0,1785.0,3315.0,2295.0,3315.0,4590.0,2805.0,1785.0,3060.0,3315.0,2805.0,3315.0,2805.0,3570.0,2295.0,3825.0,2805.0,4335.0,3315.0,3315.0,3060.0,2550.0,3315.0,3315.0,4080.0,2550.0,3060.0,2040.0,3315.0,3060.0,3315.0,3315.0,4080.0,5355.0,3315.0,3570.0,4335.0,3060.0,3060.0,3315.0,3570.0,5355.0,3060.0,2805.0,3315.0,4590.0,4335.0,3570.0,3570.0,2040.0,3570.0,1785.0,3825.0,3570.0,3825.0,2295.0,3060.0,5100.0,2295.0,3060.0,2295.0,1785.0,,,3060.0,2040.0,3060.0,2295.0,2805.0,3825.0,1785.0,2295.0,1020.0,2295.0,1785.0,3825.0,2805.0,,,,,,,,,,,,,,,,,,,,,,,,,,,,,,,,,,,,,,,,,,,,,,,,,,,,,,,,,,,,,,,,,,,,
,,,,,,,,,,,,,,,,,,,,,,,,,,,,,,,,,,,,,,,,,,,,,,,,,,,,,,,,,,,,,,,,,,,,,2805.0,1785.0,2295.0,1275.0,2040.0,2295.0,2295.0,1785.0,1785.0,2040.0,3570.0,3060.0,3060.0,1785.0,3315.0,3570.0,2550.0,2295.0,3315.0,1785.0,2040.0,1785.0,2550.0,2805.0,3570.0,3315.0,3570.0,1020.0,3315.0,1785.0,2040.0,2295.0,4335.0,2550.0,4080.0,2805.0,2805.0,4335.0,3570.0,3060.0,3315.0,5100.0,2295.0,2295.0,3570.0,3570.0,3060.0,1275.0,5355.0,2295.0,2805.0,3825.0,3315.0,4335.0,2805.0,4335.0,2805.0,2550.0,3315.0,3060.0,4080.0,3315.0,1785.0,1785.0,765.0,3825.0,3570.0,2295.0,3570.0,3570.0,1020.0,2805.0,2295.0,2295.0,2550.0,3570.0,3570.0,3315.0,2550.0,3315.0,3825.0,2040.0,4080.0,3060.0,4590.0,3825.0,3825.0,3315.0,2805.0,2295.0,4335.0,3315.0,2805.0,2040.0,3570.0,2550.0,4845.0,3570.0,3060.0,4845.0,3825.0,4080.0,3315.0,2295.0,4335.0,2040.0,2805.0,4845.0,2805.0,3570.0,1530.0,1785.0,3825.0,1785.0,2550.0,1530.0,2550.0,2805.0,2295.0,,,,,,,,,,,,,,,,,,,,,,,,,,,,,,,,,,,,,,,,,,,,,,,,,,,,,,,,,,,,,,,,,,,,
,,,,,,,,,,,,,,,,,,,,,,,,,,,,,,,,,,,,,,,,,,,,,,,,,,,,,,,,,,,,,,,3825.0,1530.0,3570.0,2295.0,4335.0,,,3315.0,2295.0,2040.0,2550.0,3060.0,2295.0,3060.0,2550.0,2295.0,2550.0,2040.0,4080.0,1275.0,3570.0,2805.0,3570.0,2550.0,2805.0,2805.0,4335.0,2040.0,2805.0,3315.0,1530.0,3060.0,2295.0,2550.0,2295.0,3570.0,1785.0,3825.0,4335.0,1530.0,2550.0,4845.0,2805.0,2040.0,2295.0,2805.0,3060.0,2805.0,2550.0,2295.0,2295.0,2040.0,3570.0,4080.0,2040.0,2295.0,2040.0,3570.0,2295.0,3060.0,3315.0,2040.0,3060.0,2295.0,2550.0,2805.0,3060.0,2805.0,2550.0,3315.0,3825.0,2550.0,2040.0,1785.0,2295.0,2295.0,3825.0,2040.0,3060.0,3570.0,2040.0,2040.0,3825.0,2805.0,1275.0,3570.0,4845.0,2295.0,2040.0,3060.0,2805.0,2295.0,3060.0,3060.0,4845.0,4080.0,3570.0,3060.0,3060.0,1785.0,3825.0,2805.0,2040.0,2805.0,3315.0,3315.0,3315.0,1530.0,2040.0,2550.0,2040.0,3315.0,3570.0,3315.0,1275.0,,,2805.0,3060.0,3315.0,3570.0,3060.0,2295.0,2805.0,4080.0,,,,,,,,,,,,,,,,,,,,,,,,,,,,,,,,,,,,,,,,,,,,,,,,,,,,,,,,,,,,,,,,,,,,
,,,,,,,,,,,,,,,,,,,,,,,,,,,,,,,,,,,,,,,,,,,,,,,,,,,,,,,,,,,,2040.0,2295.0,3825.0,3060.0,2550.0,3570.0,3570.0,,,,2295.0,3825.0,2550.0,3315.0,2040.0,2295.0,2040.0,2040.0,2295.0,3315.0,2295.0,3060.0,2040.0,2805.0,1530.0,1530.0,1020.0,3060.0,2550.0,1530.0,2805.0,1530.0,1785.0,2550.0,2550.0,2550.0,4335.0,2040.0,2040.0,5355.0,3315.0,3825.0,3570.0,2295.0,3315.0,4845.0,2295.0,3315.0,2550.0,2805.0,2295.0,3060.0,3570.0,2805.0,2295.0,3825.0,3825.0,4080.0,2805.0,2805.0,2295.0,1530.0,2805.0,2040.0,5610.0,3060.0,2550.0,2550.0,1530.0,2040.0,2295.0,1275.0,3315.0,2805.0,3570.0,1530.0,2040.0,1275.0,3315.0,4080.0,2550.0,3315.0,765.0,765.0,3315.0,2805.0,2295.0,1785.0,2295.0,4080.0,3060.0,1530.0,3315.0,2805.0,2805.0,2295.0,5100.0,4590.0,3315.0,3825.0,2550.0,2295.0,3570.0,2550.0,3060.0,2805.0,5865.0,4590.0,4080.0,4590.0,2295.0,3315.0,1785.0,1785.0,1785.0,1785.0,3060.0,,,,1785.0,2550.0,3315.0,2805.0,3060.0,2550.0,,,,,,,,,,,,,,,,,,,,,,,,,,,,,,,,,,,,,,,,,,,,,,,,,,,,,,,,,,,,,,,,,,,,,,
,,,,,,,,,,,,,,,,,,,,,,,,,,,,,,,,,,,,,,,,,,,,,,,,,,,,,,,,,,,,2805.0,3060.0,2550.0,2805.0,2805.0,2040.0,,,,,2295.0,4335.0,2040.0,3315.0,1530.0,1275.0,3060.0,2550.0,2550.0,3825.0,1020.0,2805.0,2550.0,1530.0,1530.0,3060.0,3060.0,2295.0,2805.0,1785.0,2550.0,1275.0,2550.0,3825.0,4080.0,2550.0,3825.0,1785.0,3060.0,3315.0,3825.0,4080.0,2805.0,2550.0,2040.0,2805.0,2550.0,2295.0,2040.0,5355.0,3060.0,2805.0,2550.0,1275.0,3825.0,3060.0,3060.0,3315.0,2040.0,2550.0,2040.0,2805.0,3060.0,3060.0,2805.0,4335.0,4080.0,2295.0,3060.0,3315.0,3060.0,2805.0,3060.0,2550.0,2295.0,2040.0,2805.0,4590.0,1785.0,1785.0,1275.0,3060.0,4080.0,2550.0,3570.0,2550.0,2805.0,2550.0,3570.0,4080.0,3060.0,4335.0,3570.0,4335.0,2295.0,2805.0,3570.0,3825.0,5610.0,2040.0,3570.0,3315.0,2295.0,4080.0,3060.0,2040.0,2295.0,3825.0,2550.0,2550.0,2040.0,4335.0,2550.0,2805.0,4080.0,3315.0,4080.0,,,,4080.0,3060.0,3060.0,,,,,,,,,,,,,,,,,,,,,,,,,,,,,,,,,,,,,,,,,,,,,,,,,,,,,,,,,,,,,,,,,,,,,,,,,
,,,,,,,,,,,,,,,,,,,,,,,,,,,,,,,,,,,,,,,,,,,,,,,,,,,,,,,,,,,2040.0,2805.0,2040.0,3060.0,2550.0,1785.0,,,,,,1530.0,1785.0,2805.0,2805.0,5355.0,2295.0,1530.0,1275.0,2550.0,2805.0,3060.0,1785.0,2040.0,2295.0,2550.0,2295.0,3825.0,3825.0,2805.0,2805.0,3825.0,3315.0,2040.0,1275.0,3570.0,2550.0,1785.0,2805.0,1275.0,3060.0,2805.0,2805.0,3315.0,2805.0,3570.0,3060.0,4335.0,3315.0,2550.0,3060.0,3060.0,2295.0,3825.0,2550.0,2040.0,3825.0,2295.0,3315.0,3315.0,1785.0,2040.0,2805.0,2550.0,2040.0,3570.0,2550.0,5100.0,2805.0,3570.0,2805.0,4335.0,2040.0,3060.0,1275.0,2550.0,3570.0,3060.0,3570.0,2040.0,2550.0,1530.0,3570.0,3570.0,2295.0,1785.0,2295.0,3060.0,2040.0,3825.0,2295.0,1530.0,4080.0,4080.0,3315.0,3060.0,3570.0,2040.0,4335.0,3315.0,4590.0,2550.0,3315.0,4080.0,3825.0,3060.0,3315.0,1785.0,3570.0,5355.0,3825.0,2805.0,3570.0,3315.0,2295.0,3825.0,1785.0,3825.0,2040.0,,,,,,,,,,,,,,,,,,,,,,,,,,,,,,,,,,,,,,,,,,,,,,,,,,,,,,,,,,,,,,,,,,,,,,,,,,,,,,
,,,,,,,,,,,,,,,,,,,,,,,,,,,,,,,,,,,,,,,,,,,,,,,,,,,,,,,,,,,3825.0,2040.0,2295.0,2805.0,2805.0,2805.0,2040.0,,,,,4080.0,2805.0,2295.0,2805.0,1530.0,3315.0,3060.0,4335.0,4335.0,2295.0,4080.0,3060.0,2805.0,3570.0,3315.0,3315.0,3570.0,4080.0,1785.0,2550.0,2040.0,2805.0,3060.0,3060.0,4080.0,2805.0,3060.0,2295.0,4335.0,2805.0,2805.0,2805.0,3315.0,4335.0,2550.0,2550.0,3570.0,2805.0,2805.0,2805.0,2550.0,3060.0,2805.0,3825.0,4080.0,3060.0,3060.0,2550.0,2550.0,1275.0,1275.0,3060.0,3315.0,2550.0,3060.0,2805.0,1785.0,3570.0,3315.0,3060.0,3315.0,2295.0,2040.0,5100.0,1785.0,3570.0,2805.0,4335.0,4080.0,3825.0,1530.0,4080.0,2805.0,2550.0,2550.0,2040.0,2550.0,3825.0,2805.0,2805.0,2295.0,2805.0,3060.0,3060.0,3060.0,2295.0,3570.0,3315.0,3570.0,4590.0,5100.0,2805.0,4845.0,3570.0,2805.0,3570.0,2805.0,2040.0,3060.0,3060.0,2550.0,1275.0,3060.0,3315.0,4590.0,2805.0,1530.0,2295.0,2805.0,,,,,,,,,,,,,,,,,,,,,,,,,,,,,,,,,,,,,,,,,,,,,,,,,,,,,,,,,,,,,,,,,,,,,,,,,,,,,
,,,,,,,,,,,,,,,,,,,,,,,,,,,,,,,,,,,,,,,,,,,,,,,,,,,,,,,,,,,,,2040.0,3060.0,2805.0,3825.0,2550.0,3060.0,,3315.0,1530.0,3315.0,1020.0,2040.0,1530.0,2295.0,2040.0,1785.0,2295.0,2550.0,2295.0,2550.0,2295.0,2295.0,510.0,3570.0,2040.0,3825.0,2295.0,3060.0,1785.0,3060.0,2550.0,3570.0,2295.0,2295.0,2805.0,2040.0,4080.0,2550.0,2040.0,1530.0,2295.0,2550.0,2040.0,3315.0,4845.0,3315.0,2550.0,2040.0,2550.0,4080.0,3570.0,2805.0,4845.0,3060.0,3315.0,3570.0,1275.0,1275.0,2295.0,2550.0,3060.0,2805.0,3570.0,3060.0,2550.0,4335.0,3315.0,1530.0,3315.0,3060.0,3315.0,4590.0,3060.0,2040.0,2805.0,1530.0,2295.0,3315.0,5100.0,1530.0,2805.0,2805.0,2550.0,3060.0,4080.0,4590.0,2550.0,3825.0,2295.0,3570.0,2805.0,1785.0,3315.0,3825.0,3570.0,3060.0,2805.0,4080.0,4080.0,2550.0,3825.0,1785.0,3315.0,3060.0,4335.0,2805.0,2805.0,2805.0,2550.0,1530.0,1785.0,3825.0,3570.0,4080.0,4335.0,2295.0,4845.0,3315.0,,,,,,,,,,,,,,,,,,,,,,,,,,,,,,,,,,,,,,,,,,,,,,,,,,,,,,,,,,,,,,,,,,,,,,,,,,,,,
,,,,,,,,,,,,,,,,,,,,,,,,,,,,,,,,,,,,,,,,,,,,,,,,,,,,,,,,,,,,,,2550.0,3825.0,2805.0,2295.0,3060.0,1530.0,4590.0,2040.0,2550.0,2550.0,3570.0,3060.0,3315.0,1530.0,2805.0,1785.0,2295.0,1530.0,3315.0,2040.0,2805.0,2040.0,2040.0,2550.0,1785.0,2040.0,3315.0,3060.0,1530.0,4080.0,2295.0,2295.0,3825.0,2040.0,2550.0,1275.0,2550.0,3825.0,3060.0,3825.0,1530.0,2040.0,3825.0,3060.0,3060.0,2550.0,3825.0,3060.0,4335.0,5100.0,4080.0,1785.0,2295.0,4845.0,3570.0,1530.0,1275.0,1275.0,2040.0,4590.0,5100.0,2295.0,3060.0,2040.0,3060.0,3060.0,2040.0,2805.0,2805.0,2550.0,3570.0,3570.0,3060.0,1785.0,2295.0,2550.0,2550.0,3825.0,2295.0,1785.0,2805.0,2295.0,3060.0,1530.0,4335.0,3060.0,2550.0,2550.0,3825.0,2295.0,3315.0,1275.0,3315.0,2295.0,2805.0,1530.0,2805.0,4590.0,4590.0,1785.0,4080.0,4335.0,2805.0,3315.0,3060.0,2805.0,2805.0,2550.0,2040.0,2040.0,3825.0,2040.0,3060.0,3825.0,3060.0,1275.0,3315.0,2550.0,,,,,,,,,,,,,,,,,,,,,,,,,,,,,,,,,,,,,,,,,,,,,,,,,,,,,,,,,,,,,,,,,,,,,,,,,,,,
,,,,,,,,,,,,,,,,,,,,,,,,,,,,,,,,,,,,,,,,,,,,,,,,,,,,,,,,,,,,,,,1785.0,3570.0,2040.0,3825.0,1530.0,2805.0,2550.0,2295.0,1785.0,2805.0,2040.0,4080.0,2805.0,2805.0,2805.0,3570.0,2295.0,2040.0,3570.0,1785.0,1275.0,2295.0,3060.0,2295.0,2295.0,3060.0,3315.0,2805.0,3570.0,3315.0,3060.0,2550.0,1785.0,2805.0,3315.0,2550.0,4335.0,3060.0,2805.0,3060.0,3315.0,765.0,3315.0,1530.0,4335.0,2805.0,2295.0,3060.0,2295.0,3570.0,2550.0,2805.0,2805.0,3060.0,3315.0,3060.0,1275.0,3315.0,3570.0,3315.0,4845.0,2805.0,3060.0,3315.0,3570.0,2295.0,4590.0,2550.0,2295.0,3825.0,3570.0,2295.0,3315.0,2805.0,3060.0,2295.0,3060.0,2295.0,3060.0,3825.0,2550.0,3060.0,2295.0,3315.0,3315.0,2295.0,1275.0,4335.0,2040.0,4080.0,4080.0,2550.0,1785.0,2805.0,2805.0,3570.0,2805.0,2040.0,2805.0,4335.0,2550.0,4335.0,4335.0,1530.0,2295.0,1530.0,2040.0,765.0,2550.0,2040.0,1530.0,2295.0,2550.0,2805.0,3315.0,3825.0,2295.0,,,,,,,,,,,,,,,,,,,,,,,,,,,,,,,,,,,,,,,,,,,,,,,,,,,,,,,,,,,,,,,,,,,,,,,,,,,,
,,,,,,,,,,,,,,,,,,,,,,,,,,,,,,,,,,,,,,,,,,,,,,,,,,,,,,,,,,,,,,,3315.0,1785.0,3060.0,3825.0,1275.0,2805.0,3060.0,2295.0,1530.0,1020.0,3060.0,2295.0,2805.0,2040.0,3060.0,4335.0,3060.0,3060.0,2550.0,2295.0,2550.0,1530.0,1785.0,2295.0,2295.0,2550.0,2805.0,4080.0,3570.0,2040.0,4080.0,2805.0,2295.0,3315.0,4590.0,3060.0,1785.0,2040.0,2805.0,2550.0,3315.0,2040.0,2295.0,3315.0,2040.0,2550.0,2040.0,3315.0,2550.0,2805.0,3825.0,2040.0,1785.0,765.0,3060.0,2805.0,2295.0,3825.0,3570.0,3570.0,2550.0,3060.0,3825.0,3825.0,3060.0,3315.0,3315.0,2805.0,1785.0,3570.0,2805.0,4080.0,3060.0,3060.0,3060.0,1785.0,3315.0,3570.0,3570.0,3825.0,3570.0,3060.0,3570.0,3570.0,3315.0,2295.0,5100.0,2805.0,2040.0,2295.0,2805.0,4080.0,2805.0,2550.0,3060.0,3060.0,3315.0,2550.0,2550.0,1785.0,2295.0,6120.0,2040.0,3315.0,2040.0,3570.0,3315.0,2040.0,2805.0,2040.0,2805.0,3315.0,2550.0,3825.0,2805.0,1275.0,3570.0,2040.0,,,,,,,,,,,,,,,,,,,,,,,,,,,,,,,,,,,,,,,,,,,,,,,,,,,,,,,,,,,,,,,,,,,,,,,,,,,
,,,,,,,,,,,,,,,,,,,,,,,,,,,,,,,,,,,,,,,,,,,,,,,,,,,,,,,,,,,,,,,1785.0,3825.0,2550.0,2295.0,1530.0,2040.0,1530.0,3060.0,3570.0,2295.0,4080.0,2805.0,4590.0,2805.0,2295.0,2805.0,1530.0,4080.0,3060.0,1275.0,2550.0,3570.0,3060.0,2805.0,3570.0,3570.0,4080.0,2040.0,4080.0,4080.0,3060.0,1785.0,1785.0,2295.0,1530.0,1785.0,4080.0,4335.0,4845.0,3315.0,1275.0,2295.0,3060.0,3570.0,1785.0,2550.0,1275.0,1785.0,2040.0,2040.0,2805.0,3315.0,2295.0,2040.0,2805.0,3825.0,2295.0,4080.0,3570.0,2550.0,3570.0,4335.0,3060.0,3060.0,3060.0,4080.0,3825.0,4590.0,4590.0,4590.0,4080.0,1020.0,3315.0,2550.0,4845.0,4080.0,3570.0,2295.0,2805.0,2295.0,2040.0,2040.0,3570.0,3315.0,3825.0,2550.0,2295.0,3060.0,2805.0,3825.0,2295.0,3060.0,3060.0,3570.0,4590.0,4335.0,2805.0,2040.0,3570.0,3315.0,5610.0,2550.0,3060.0,3570.0,2295.0,3570.0,3570.0,2040.0,3825.0,3315.0,4080.0,2295.0,3060.0,4335.0,2040.0,3060.0,2805.0,3570.0,,,,,,,,,,,,,,,,,,,,,,,,,,,,,,,,,,,,,,,,,,,,,,,,,,,,,,,,,,,,,,,,,,,,,,,,,,,
,,,,,,,,,,,,,,,,,,,,,,,,,,,,,,,,,,,,,,,,,,,,,,,,,,,,,,,,,,,,,3825.0,3315.0,2805.0,3825.0,2805.0,2295.0,2805.0,3060.0,1785.0,2040.0,2805.0,3570.0,4080.0,2550.0,3315.0,2550.0,2805.0,2040.0,1530.0,2295.0,2295.0,2040.0,2805.0,1530.0,3060.0,4590.0,3060.0,2805.0,3060.0,2550.0,2805.0,2040.0,4590.0,3570.0,3060.0,5610.0,1020.0,4080.0,3825.0,3825.0,1530.0,1785.0,2805.0,765.0,2040.0,2040.0,1530.0,1020.0,2295.0,2550.0,765.0,1530.0,1530.0,2295.0,3060.0,2295.0,3570.0,4080.0,3060.0,4335.0,5100.0,3825.0,3315.0,3570.0,2805.0,2295.0,1785.0,3315.0,5100.0,3825.0,2805.0,3315.0,4080.0,2550.0,3825.0,1785.0,1785.0,2040.0,2550.0,1785.0,2805.0,3060.0,3570.0,2040.0,3060.0,2040.0,2040.0,5355.0,2550.0,4335.0,4845.0,4335.0,2805.0,2805.0,2295.0,3060.0,2295.0,3315.0,4845.0,3570.0,2805.0,2295.0,3315.0,3570.0,2040.0,5355.0,3315.0,3315.0,3060.0,3060.0,3570.0,3825.0,2550.0,3825.0,3570.0,3060.0,2295.0,2550.0,1020.0,2805.0,,,,,,,,,,,,,,,,,,,,,,,,,,,,,,,,,,,,,,,,,,,,,,,,,,,,,,,,,,,,,,,,,,,,,,,,,,,
,,,,,,,,,,,,,,,,,,,,,,,,,,,,,,,,,,,,,,,,,,,,,,,,,,,,,,,,,,,,,3315.0,3060.0,3060.0,2295.0,2040.0,3060.0,1530.0,1530.0,3825.0,5100.0,3825.0,2550.0,3315.0,3315.0,1530.0,3060.0,2040.0,2295.0,4080.0,3570.0,2805.0,1785.0,3315.0,2295.0,1785.0,2805.0,2295.0,2805.0,1785.0,2550.0,2295.0,4590.0,2805.0,2550.0,2040.0,2550.0,3060.0,2295.0,1785.0,3315.0,2550.0,2550.0,3825.0,1530.0,1020.0,2295.0,2295.0,2550.0,1785.0,255.0,1785.0,2550.0,2295.0,2040.0,4080.0,5355.0,3825.0,3060.0,3825.0,4080.0,2550.0,4080.0,5865.0,3570.0,4080.0,1530.0,2805.0,3060.0,3315.0,2550.0,4590.0,6375.0,2805.0,4335.0,3060.0,2550.0,2805.0,1785.0,2040.0,2040.0,4080.0,2805.0,4080.0,2805.0,3315.0,3825.0,4590.0,4845.0,2295.0,3570.0,2805.0,2805.0,3315.0,3825.0,4590.0,3825.0,3060.0,2040.0,3060.0,3570.0,2550.0,3060.0,2805.0,3060.0,3060.0,3570.0,3060.0,3825.0,2040.0,2805.0,2040.0,3315.0,2295.0,2805.0,2295.0,1530.0,3315.0,1785.0,3315.0,,,,,,,,,,,,,,,,,,,,,,,,,,,,,,,,,,,,,,,,,,,,,,,,,,,,,,,,,,,,,,,,,,,,,,,,,,,,
,,,,,,,,,,,,,,,,,,,,,,,,,,,,,,,,,,,,,,,,,,,,,,,,,,,,,,,,,,,,,1530.0,3570.0,2550.0,3060.0,2550.0,1530.0,1275.0,3060.0,2040.0,2805.0,3570.0,3315.0,3315.0,1530.0,3060.0,4845.0,2550.0,2040.0,3315.0,2805.0,2805.0,2550.0,3825.0,1530.0,3060.0,2295.0,3315.0,2550.0,2040.0,1530.0,1785.0,1530.0,2295.0,3060.0,2295.0,2040.0,2550.0,1785.0,2040.0,2295.0,2805.0,3315.0,2550.0,3060.0,3060.0,3315.0,2295.0,1530.0,3315.0,3060.0,2550.0,2295.0,2805.0,1785.0,2805.0,4845.0,5610.0,2805.0,3570.0,3825.0,3060.0,2295.0,3315.0,4335.0,3570.0,3060.0,3315.0,3315.0,3315.0,3570.0,2295.0,1785.0,1020.0,2805.0,2550.0,4080.0,2295.0,3315.0,2295.0,2040.0,1275.0,3315.0,3825.0,2805.0,1785.0,2040.0,3570.0,4590.0,2295.0,3825.0,2805.0,4335.0,4590.0,2550.0,3315.0,2295.0,3570.0,3825.0,4080.0,2040.0,4335.0,3315.0,2040.0,3825.0,2805.0,2550.0,2805.0,3315.0,2805.0,2040.0,4590.0,3570.0,2805.0,1785.0,3570.0,3825.0,3315.0,2295.0,2040.0,2295.0,,,,,,,,,,,,,,,,,,,,,,,,,,,,,,,,,,,,,,,,,,,,,,,,,,,,,,,,,,,,,,,,,,,,,,,,,,,
,,,,,,,,,,,,,,,,,,,,,,,,,,,,,,,,,,,,,,,,,,,,,,,,,,,,,,,,,,,,,,5100.0,3315.0,4080.0,3060.0,2805.0,2805.0,2295.0,1785.0,2040.0,3315.0,3570.0,3060.0,3315.0,3315.0,3315.0,1530.0,4845.0,3570.0,765.0,3060.0,2550.0,4080.0,1785.0,2040.0,2295.0,2040.0,3570.0,2295.0,3060.0,2550.0,1785.0,3825.0,2040.0,1530.0,1275.0,1530.0,2295.0,3315.0,4080.0,2805.0,2805.0,2295.0,2550.0,2040.0,3315.0,3315.0,510.0,2550.0,2295.0,4080.0,1785.0,2805.0,2040.0,4590.0,3825.0,3825.0,4590.0,5865.0,5610.0,2040.0,2550.0,3570.0,3315.0,3060.0,2295.0,3315.0,2040.0,3825.0,3825.0,3315.0,4080.0,2295.0,3060.0,3060.0,2295.0,3060.0,2550.0,2295.0,2805.0,2295.0,3570.0,1530.0,4080.0,4080.0,2805.0,1785.0,3570.0,2040.0,3825.0,3570.0,2805.0,2805.0,4590.0,2550.0,3060.0,4845.0,2550.0,2805.0,2550.0,3825.0,3825.0,3825.0,2040.0,4590.0,3570.0,3570.0,3315.0,2805.0,4590.0,2805.0,3570.0,3060.0,3315.0,1530.0,3315.0,3315.0,2550.0,2550.0,3315.0,,,,,,,,,,,,,,,,,,,,,,,,,,,,,,,,,,,,,,,,,,,,,,,,,,,,,,,,,,,,,,,,,,,,,,,,,,,
,,,,,,,,,,,,,,,,,,,,,,,,,,,,,,,,,,,,,,,,,,,,,,,,,,,,,,,,,,,,,,4335.0,4080.0,3570.0,2550.0,1785.0,2040.0,3060.0,1275.0,3825.0,2550.0,2040.0,2550.0,3060.0,3060.0,3570.0,2550.0,2550.0,2295.0,2550.0,2805.0,2295.0,3315.0,2040.0,1530.0,1530.0,2805.0,2805.0,2040.0,3315.0,1785.0,1785.0,3570.0,2805.0,2295.0,3315.0,3570.0,3315.0,2295.0,2805.0,2550.0,2550.0,2805.0,2550.0,1275.0,3825.0,2805.0,1785.0,4335.0,2295.0,1785.0,2040.0,1530.0,2295.0,2040.0,2550.0,2040.0,2550.0,2550.0,2805.0,3315.0,2040.0,2295.0,2550.0,2295.0,2040.0,2295.0,3570.0,3060.0,2295.0,2550.0,2550.0,2295.0,3315.0,4335.0,4080.0,4845.0,765.0,3060.0,2295.0,3570.0,3315.0,3570.0,3315.0,3825.0,3060.0,2295.0,3060.0,4590.0,2550.0,4080.0,2040.0,3825.0,2040.0,2805.0,1785.0,3060.0,3315.0,2295.0,3060.0,3060.0,4845.0,3570.0,4590.0,1530.0,2295.0,3060.0,3315.0,3060.0,3825.0,1785.0,2550.0,1785.0,1785.0,3825.0,2040.0,3315.0,2805.0,5100.0,2550.0,1530.0,2295.0,3570.0,3060.0,,,,,,,,,,,,,,,,,,,,,,,,,,,,,,,,,,,,,,,,,,,,,,,,,,,,,,,,,,,,,,,,,,,,,,,
,,,,,,,,,,,,,,,,,,,,,,,,,,,,,,,,,,,,,,,,,,,,,,,,,,,,,,,,,,,,,,1275.0,2550.0,2040.0,3060.0,3570.0,3570.0,3060.0,2550.0,2040.0,3315.0,2040.0,1530.0,3315.0,2295.0,1530.0,3570.0,3315.0,4845.0,2550.0,3315.0,2550.0,3060.0,2805.0,2295.0,2550.0,4590.0,2805.0,2040.0,3570.0,1785.0,510.0,2805.0,4335.0,2805.0,4335.0,3570.0,2550.0,2295.0,4335.0,2040.0,2550.0,2040.0,3060.0,2550.0,1020.0,3060.0,2040.0,3570.0,4335.0,3060.0,2040.0,2040.0,4080.0,1275.0,2550.0,1530.0,3570.0,2805.0,2295.0,2295.0,2040.0,1785.0,1785.0,2550.0,3315.0,2550.0,1785.0,2295.0,3825.0,2805.0,2550.0,4845.0,4080.0,1530.0,3570.0,4590.0,1275.0,2805.0,3825.0,3570.0,2295.0,2040.0,3570.0,3825.0,3060.0,3825.0,1785.0,3570.0,3060.0,3315.0,3315.0,2040.0,3315.0,2040.0,2550.0,2805.0,4335.0,1785.0,2805.0,2040.0,2295.0,2805.0,4080.0,1530.0,3315.0,3060.0,2550.0,4080.0,3315.0,2805.0,4335.0,2805.0,3060.0,3060.0,2550.0,3060.0,2805.0,2550.0,2295.0,2805.0,3060.0,2295.0,3315.0,2805.0,3570.0,4080.0,,,,,,,,,,,,,,,,,,,,,,,,,,,,,,,,,,,,,,,,,,,,,,,,,,,,,,,,,,,,,,,,,,,,
,,,,,,,,,,,,,,,,,,,,,,,,,,,,,,,,,,,,,,,,,,,,,,,,,,,,,,,,,,,,,,,3570.0,2040.0,3315.0,2295.0,3570.0,3060.0,2295.0,1785.0,1785.0,3570.0,2040.0,3060.0,2550.0,1785.0,2295.0,3315.0,2295.0,2805.0,1530.0,3315.0,3315.0,2805.0,1275.0,2295.0,1530.0,3570.0,1785.0,2805.0,1530.0,3825.0,2805.0,3060.0,1785.0,1785.0,4845.0,2805.0,2805.0,2805.0,2550.0,4080.0,3315.0,2805.0,2550.0,3060.0,2550.0,3060.0,3060.0,3315.0,2040.0,3315.0,2550.0,3060.0,3060.0,2040.0,3060.0,2295.0,2550.0,1530.0,2550.0,2805.0,2040.0,2550.0,3570.0,2295.0,3825.0,3060.0,3315.0,4335.0,2040.0,3570.0,3060.0,2295.0,2295.0,2040.0,2550.0,3060.0,4080.0,3315.0,2550.0,3825.0,3060.0,4590.0,3060.0,3315.0,3060.0,2805.0,3570.0,2805.0,2550.0,3570.0,2295.0,4080.0,3315.0,4335.0,3570.0,2550.0,3060.0,3315.0,3825.0,3570.0,2805.0,2550.0,1785.0,3570.0,3315.0,3315.0,3315.0,2040.0,2295.0,3570.0,1785.0,4080.0,3060.0,2550.0,2805.0,2040.0,3570.0,3825.0,4590.0,3060.0,1530.0,2805.0,1530.0,2805.0,2805.0,,,,,,,,,,,,,,,,,,,,,,,,,,,,,,,,,,,,,,,,,,,,,,,,,,,,,,,,,,,,,,,,,,,,
,,,,,,,,,,,,,,,,,,,,,,,,,,,,,,,,,,,,,,,,,,,,,,,,,,,,,,,,,,,,,,,2295.0,2550.0,2550.0,3315.0,2550.0,4080.0,3825.0,1785.0,2805.0,2550.0,4080.0,4080.0,1785.0,3060.0,3060.0,2550.0,2550.0,3060.0,3825.0,2295.0,2805.0,1530.0,2295.0,2805.0,3060.0,2295.0,2805.0,2040.0,3060.0,3825.0,4335.0,2805.0,2295.0,4335.0,2040.0,1785.0,3315.0,1530.0,3570.0,3060.0,2040.0,2550.0,2805.0,3825.0,765.0,2040.0,2040.0,2040.0,2805.0,3060.0,3060.0,2295.0,1785.0,3060.0,1020.0,1530.0,3060.0,2040.0,2805.0,2805.0,2295.0,3060.0,2550.0,2040.0,3060.0,2295.0,2295.0,1275.0,1785.0,3825.0,2805.0,1785.0,2040.0,4335.0,4590.0,4080.0,3570.0,2295.0,1785.0,3570.0,4080.0,2805.0,4845.0,5355.0,3825.0,1530.0,4335.0,2805.0,3570.0,3060.0,4590.0,2550.0,2805.0,3570.0,2550.0,4590.0,2040.0,2805.0,4080.0,3570.0,2805.0,2295.0,2805.0,3060.0,3825.0,2805.0,4080.0,2040.0,2805.0,2550.0,3060.0,2040.0,3060.0,4335.0,4590.0,2805.0,2805.0,3825.0,3570.0,3570.0,3570.0,3570.0,,,,,,,,,,,,,,,,,,,,,,,,,,,,,,,,,,,,,,,,,,,,,,,,,,,,,,,,,,,,,,,,,,,,,,,
,,,,,,,,,,,,,,,,,,,,,,,,,,,,,,,,,,,,,,,,,,,,,,,,,,,,,,,,,,,,,,,2805.0,4590.0,2550.0,3060.0,1785.0,2295.0,2295.0,2550.0,2295.0,1785.0,2550.0,3315.0,2040.0,2805.0,3060.0,3315.0,3060.0,2040.0,3825.0,2295.0,2550.0,1020.0,2295.0,1530.0,2805.0,2040.0,2805.0,3825.0,2040.0,2295.0,3060.0,2550.0,3315.0,2295.0,3570.0,2550.0,2040.0,2295.0,1785.0,2550.0,2295.0,2550.0,1530.0,2550.0,2805.0,3825.0,1275.0,3570.0,2040.0,1785.0,1785.0,3060.0,1530.0,2295.0,2805.0,3315.0,1785.0,2040.0,1530.0,1785.0,2805.0,2805.0,4335.0,2295.0,3315.0,3060.0,2295.0,1785.0,2040.0,3570.0,3315.0,3315.0,3825.0,3825.0,3825.0,3060.0,5355.0,2805.0,2805.0,3060.0,3315.0,2805.0,3825.0,2805.0,4080.0,2550.0,4590.0,4080.0,3570.0,4590.0,3060.0,3825.0,2805.0,3060.0,2550.0,2550.0,4335.0,4080.0,2295.0,2295.0,3315.0,3060.0,1275.0,4845.0,3825.0,2805.0,2550.0,3570.0,3060.0,3060.0,2805.0,3570.0,3825.0,3060.0,2040.0,4590.0,2295.0,3570.0,4080.0,3060.0,2805.0,2295.0,,,,,,,,,,,,,,,,,,,,,,,,,,,,,,,,,,,,,,,,,,,,,,,,,,,,,,,,,,,,,,,,,,,,,,,
,,,,,,,,,,,,,,,,,,,,,,,,,,,,,,,,,,,,,,,,,,,,,,,,,,,,,,,,,,,,,,,,2805.0,765.0,5610.0,2295.0,3060.0,2550.0,1785.0,1275.0,3315.0,2805.0,3825.0,2295.0,2295.0,2805.0,3060.0,3315.0,2550.0,2805.0,3060.0,2805.0,2550.0,1530.0,3060.0,3570.0,1785.0,2550.0,1785.0,3060.0,1785.0,765.0,2040.0,2295.0,5355.0,3060.0,2805.0,3060.0,3060.0,1530.0,2295.0,2550.0,3315.0,2805.0,4080.0,2805.0,3570.0,2805.0,3825.0,2295.0,2550.0,2295.0,2805.0,4590.0,3315.0,1275.0,3060.0,3060.0,2805.0,1530.0,2550.0,2295.0,2295.0,4590.0,2805.0,2550.0,3570.0,2040.0,2295.0,1530.0,2040.0,3825.0,3570.0,4080.0,2550.0,3315.0,4080.0,3825.0,3825.0,3570.0,4590.0,2295.0,2295.0,2550.0,4590.0,4080.0,3315.0,3570.0,3570.0,4080.0,2040.0,2550.0,2805.0,5355.0,2805.0,2550.0,3825.0,4590.0,3315.0,2295.0,2295.0,3570.0,1020.0,1275.0,2805.0,3060.0,2040.0,2040.0,1275.0,2295.0,3060.0,2040.0,2550.0,2295.0,4845.0,2295.0,3060.0,3825.0,2040.0,2040.0,1785.0,4590.0,2805.0,,,,,,,,,,,,,,,,,,,,,,,,,,,,,,,,,,,,,,,,,,,,,,,,,,,,,,,,,,,,,,,,,,,,,,,
,,,,,,,,,,,,,,,,,,,,,,,,,,,,,,,,,,,,,,,,,,,,,,,,,,,,,,,,,,,,,,,,3060.0,2805.0,3570.0,4080.0,3060.0,2550.0,2295.0,2040.0,2295.0,1785.0,3570.0,1530.0,1785.0,2040.0,2295.0,4590.0,3060.0,1785.0,1785.0,2295.0,1530.0,3315.0,2295.0,2550.0,2550.0,2805.0,2805.0,1785.0,1275.0,1530.0,3570.0,1785.0,2295.0,1785.0,1275.0,1785.0,1530.0,3060.0,2295.0,3570.0,1785.0,1785.0,1785.0,2040.0,2805.0,3315.0,3570.0,2805.0,3060.0,2295.0,3570.0,2040.0,5355.0,2805.0,4590.0,4335.0,2550.0,1275.0,2550.0,3315.0,3060.0,1020.0,3570.0,3315.0,3825.0,5355.0,3315.0,2040.0,3315.0,3060.0,3570.0,2550.0,2295.0,2805.0,2040.0,2805.0,2550.0,3060.0,2805.0,4335.0,2550.0,3570.0,3060.0,3825.0,5865.0,2295.0,3570.0,1785.0,2805.0,4845.0,1785.0,2805.0,3060.0,3315.0,5100.0,2040.0,1020.0,2805.0,2805.0,1785.0,2040.0,2805.0,2040.0,3060.0,4590.0,2550.0,2805.0,4080.0,4335.0,3060.0,3060.0,1785.0,4590.0,3825.0,1530.0,4335.0,3825.0,3060.0,4080.0,2805.0,2040.0,,,,,,,,,,,,,,,,,,,,,,,,,,,,,,,,,,,,,,,,,,,,,,,,,,,,,,,,,,,,,,,,,,,,,,,
,,,,,,,,,,,,,,,,,,,,,,,,,,,,,,,,,,,,,,,,,,,,,,,,,,,,,,,,,,,,,,,,3060.0,4335.0,3060.0,2295.0,1275.0,2550.0,2805.0,2040.0,1530.0,3060.0,2550.0,1530.0,1530.0,2805.0,2040.0,1785.0,1785.0,3825.0,2295.0,2805.0,3315.0,2295.0,3315.0,4080.0,2295.0,3060.0,510.0,1020.0,1530.0,1275.0,1785.0,3060.0,1785.0,2040.0,1530.0,2805.0,1530.0,3825.0,2550.0,2040.0,3060.0,3315.0,2805.0,1530.0,2295.0,2805.0,765.0,765.0,1785.0,2295.0,2040.0,2550.0,3315.0,2040.0,2805.0,2550.0,5610.0,2805.0,3570.0,2550.0,2295.0,4845.0,2295.0,2295.0,3315.0,3315.0,2805.0,2550.0,2040.0,1020.0,1530.0,2550.0,3060.0,4080.0,2040.0,4080.0,5100.0,3060.0,3570.0,2805.0,4080.0,3315.0,3825.0,2805.0,4590.0,4590.0,2805.0,2550.0,2550.0,3315.0,2295.0,4080.0,1530.0,3570.0,2805.0,3060.0,2040.0,2295.0,4845.0,2295.0,4335.0,3315.0,3570.0,2295.0,3315.0,4335.0,1275.0,4080.0,5610.0,3060.0,3060.0,3060.0,3060.0,5100.0,3570.0,1020.0,2295.0,2805.0,4845.0,3570.0,2295.0,,,,4080.0,3315.0,2805.0,3570.0,2295.0,,,,,,,,,,,,,,,,,,,,,,,,,,,,,,,,,,,,,,,,,,,,,,,,,,,,,,,,,,,,,,,
,,,,,,,,,,,,,,,,,,,,,,,,,,,,,,,,,,,,,,,,,,,,,,,,,,,,,,,,,,,,,,,,,3060.0,4590.0,3315.0,1530.0,2550.0,1785.0,2550.0,2295.0,3060.0,3060.0,2550.0,3825.0,2805.0,2295.0,4590.0,3060.0,2040.0,3060.0,3570.0,2805.0,1275.0,1530.0,2295.0,1530.0,3825.0,2295.0,2805.0,3825.0,1020.0,1530.0,3570.0,2805.0,2040.0,2295.0,3315.0,2550.0,2550.0,2550.0,4335.0,3315.0,4845.0,2550.0,3825.0,1785.0,2550.0,765.0,1785.0,1020.0,3315.0,2805.0,2550.0,1530.0,4845.0,2295.0,3060.0,3825.0,2550.0,2295.0,3825.0,4080.0,3570.0,4080.0,4080.0,4845.0,3825.0,2295.0,2550.0,1020.0,2040.0,2295.0,4080.0,5100.0,3570.0,2805.0,1785.0,2040.0,4335.0,4080.0,3060.0,5100.0,2550.0,3060.0,3060.0,4335.0,2040.0,2295.0,2805.0,3825.0,3570.0,3570.0,3825.0,2550.0,1530.0,3060.0,1785.0,3060.0,1275.0,1785.0,2805.0,2295.0,2805.0,3060.0,2550.0,2805.0,2295.0,1530.0,510.0,3570.0,3315.0,2805.0,3825.0,4080.0,3315.0,5610.0,3825.0,3315.0,3825.0,2805.0,1785.0,4080.0,3060.0,3315.0,3060.0,3570.0,1530.0,1530.0,4080.0,2040.0,4080.0,,,,,,,,,,,,,,,,,,,,,,,,,,,,,,,,,,,,,,,,,,,,,,,,,,,,,,,,,,,,,,
,,,,,,,,,,,,,,,,,,,,,,,,,,,,,,,,,,,,,,,,,,,,,,,,,,,,,,,,,,,,,,,,,1275.0,3060.0,2295.0,2295.0,3315.0,2550.0,1785.0,2805.0,2805.0,4080.0,2295.0,2805.0,1530.0,1020.0,3060.0,3825.0,3060.0,2550.0,2040.0,1530.0,3315.0,2295.0,2805.0,1785.0,2040.0,2295.0,3060.0,1785.0,3315.0,2550.0,1785.0,1785.0,1785.0,1530.0,2295.0,3060.0,2295.0,1785.0,2805.0,2550.0,2550.0,2550.0,2550.0,3315.0,1785.0,2295.0,1785.0,3060.0,2040.0,2805.0,3315.0,4845.0,2550.0,2550.0,2040.0,2295.0,3825.0,2295.0,4335.0,1785.0,1785.0,2805.0,2295.0,2805.0,2550.0,4335.0,4080.0,2295.0,4335.0,3570.0,5610.0,3060.0,3570.0,2805.0,1785.0,2805.0,3315.0,2040.0,3060.0,4335.0,2295.0,3570.0,4080.0,3825.0,2805.0,3060.0,3825.0,3825.0,2040.0,2550.0,2295.0,2550.0,2550.0,4080.0,3825.0,2550.0,2295.0,1785.0,1275.0,3060.0,3315.0,2550.0,3060.0,2805.0,3315.0,2805.0,3315.0,2550.0,3315.0,2295.0,3825.0,3060.0,3825.0,3570.0,2295.0,2295.0,2550.0,2040.0,3060.0,2295.0,2550.0,3825.0,2550.0,3060.0,4335.0,4335.0,3825.0,3060.0,2805.0,,,,,,,,,,,,,,,,,,,,,,,,,,,,,,,,,,,,,,,,,,,,,,,,,,,,,,,,,,,,,,
,,,,,,,,,,,,,,,,,,,,,,,,,,,,,,,,,,,,,,,,,,,,,,,,,,,,,,,,,,,,,,,,,,,2295.0,4335.0,3315.0,2295.0,2550.0,2295.0,1275.0,2295.0,3570.0,3825.0,2040.0,2805.0,1785.0,2550.0,3570.0,2550.0,1530.0,4080.0,2295.0,3570.0,2805.0,1275.0,3315.0,3570.0,3315.0,1275.0,2295.0,2040.0,2040.0,1785.0,1020.0,1530.0,2550.0,1785.0,3060.0,3060.0,2040.0,1785.0,3570.0,2805.0,2295.0,2550.0,3315.0,3060.0,6120.0,2805.0,2295.0,2550.0,3060.0,2040.0,1785.0,4335.0,2805.0,3825.0,2805.0,2040.0,3315.0,4590.0,3570.0,3060.0,3570.0,2805.0,4080.0,3060.0,4590.0,1020.0,2550.0,2805.0,3570.0,3315.0,4335.0,2805.0,3060.0,2040.0,3570.0,4080.0,4845.0,3315.0,4080.0,2805.0,3315.0,3060.0,2040.0,4590.0,4590.0,3825.0,2805.0,3060.0,3825.0,3060.0,2805.0,2805.0,5355.0,1275.0,3315.0,1275.0,1530.0,3570.0,2295.0,2295.0,1785.0,2550.0,3060.0,3825.0,2805.0,2295.0,2805.0,5355.0,2805.0,3315.0,3825.0,1275.0,3570.0,2805.0,1785.0,3825.0,2550.0,3825.0,2550.0,3825.0,3315.0,2295.0,3060.0,3060.0,2805.0,2805.0,2550.0,,,,,,,,,,,,,,,,,,,,,,,,,,,,,,,,,,,,,,,,,,,,,,,,,,,,,,,,,,,,,,
,,,,,,,,,,,,,,,,,,,,,,,,,,,,,,,,,,,,,,,,,,,,,,,,,,,,,,,,,,,,,,,,,,,3060.0,3825.0,2550.0,2295.0,2040.0,2295.0,3060.0,3315.0,2550.0,4590.0,2295.0,3315.0,2805.0,2295.0,1530.0,2040.0,2805.0,2805.0,2805.0,3315.0,4590.0,2040.0,2550.0,2550.0,2295.0,1530.0,3570.0,2805.0,1530.0,1785.0,3060.0,2040.0,2550.0,3570.0,2040.0,1785.0,2550.0,1785.0,2550.0,3825.0,2040.0,2550.0,2040.0,3315.0,2550.0,2550.0,2550.0,3825.0,1530.0,2550.0,1275.0,2805.0,1275.0,2295.0,4335.0,3570.0,3570.0,1530.0,3060.0,3570.0,3570.0,3315.0,3315.0,2040.0,4335.0,2805.0,2040.0,3060.0,2040.0,3060.0,3315.0,2295.0,2805.0,4845.0,2805.0,4080.0,3315.0,2550.0,2805.0,4080.0,3825.0,3570.0,3060.0,3060.0,3825.0,3570.0,2805.0,2550.0,3315.0,3315.0,3825.0,2040.0,2040.0,2295.0,3315.0,3315.0,3315.0,3825.0,4590.0,1530.0,3570.0,2040.0,2550.0,2550.0,3825.0,3825.0,2295.0,3570.0,4845.0,2805.0,2805.0,2295.0,3570.0,3060.0,2295.0,1530.0,1785.0,2805.0,1275.0,2550.0,3570.0,,3570.0,2805.0,3060.0,,,,,,,,,,,,,,,,,,,,,,,,,,,,,,,,,,,,,,,,,,,,,,,,,,,,,,,,,,,,,,,,
,,,,,,,,,,,,,,,,,,,,,,,,,,,,,,,,,,,,,,,,,,,,,,,,,,,,,,,,,,,,,,,,,,,2040.0,2295.0,1530.0,1530.0,2805.0,3570.0,1275.0,3570.0,1275.0,1530.0,2805.0,2295.0,2805.0,3570.0,4080.0,3060.0,3315.0,3315.0,3570.0,1785.0,2805.0,3570.0,2805.0,3315.0,3315.0,2040.0,1275.0,3315.0,1020.0,1785.0,1785.0,2805.0,3315.0,3060.0,1785.0,1020.0,1020.0,1530.0,1785.0,2295.0,2040.0,1785.0,1785.0,3825.0,2295.0,3315.0,2805.0,2295.0,1275.0,1785.0,1785.0,1785.0,1785.0,1275.0,1530.0,2295.0,2295.0,2805.0,3060.0,3060.0,2550.0,4335.0,2295.0,3570.0,2295.0,2295.0,3315.0,3570.0,1785.0,2295.0,4590.0,2040.0,2805.0,4080.0,3315.0,2295.0,2040.0,3060.0,4335.0,3825.0,2040.0,2295.0,2295.0,3825.0,4590.0,4590.0,5610.0,3825.0,3315.0,3060.0,1275.0,3570.0,4845.0,2040.0,3570.0,1275.0,2295.0,3315.0,2550.0,3570.0,2040.0,2550.0,4080.0,3825.0,3570.0,2040.0,2550.0,4080.0,3825.0,1785.0,2550.0,1530.0,3060.0,3825.0,2550.0,2295.0,3060.0,2040.0,,,,,,,,,,,,,,,,,,,,,,,,,,,,,,,,,,,,,,,,,,,,,,,,,,,,,,,,,,,,,,,,,,,,,,,
,,,,,,,,,,,,,,,,,,,,,,,,,,,,,,,,,,,,,,,,,,,,,,,,,,,,,,,,,,,,,,,,,,,3060.0,3060.0,2805.0,4335.0,1275.0,3825.0,1785.0,1530.0,2550.0,2040.0,2295.0,3315.0,2040.0,2550.0,3060.0,2550.0,2040.0,2295.0,2550.0,2295.0,4590.0,2550.0,3315.0,3315.0,3060.0,3060.0,2805.0,2550.0,2295.0,1785.0,2040.0,1530.0,2550.0,2040.0,1275.0,2040.0,1275.0,1785.0,1785.0,3825.0,2805.0,2295.0,2040.0,3315.0,3315.0,2550.0,3315.0,2805.0,1530.0,2295.0,1530.0,3060.0,3060.0,2805.0,3315.0,1530.0,1785.0,1785.0,2295.0,2805.0,1785.0,3315.0,3060.0,1785.0,3315.0,1020.0,2550.0,4590.0,2805.0,2040.0,6375.0,3570.0,2295.0,4590.0,3060.0,3060.0,3315.0,2295.0,5100.0,4080.0,3570.0,3060.0,2040.0,3825.0,3060.0,3570.0,3825.0,3315.0,3825.0,3060.0,3060.0,2805.0,4080.0,2550.0,1785.0,3060.0,3060.0,2040.0,3570.0,3315.0,2040.0,3825.0,4335.0,3060.0,3825.0,1530.0,3570.0,2805.0,3315.0,2550.0,3825.0,2295.0,3060.0,3315.0,4590.0,1530.0,4080.0,2550.0,,,,,,,,,,,,,,,,,,,,,,,,,,,,,,,,,,,,,,,,,,,,,,,,,,,,,,,,,,,,,,,,,,,,,,,
,,,,,,,,,,,,,,,,,,,,,,,,,,,,,,,,,,,,,,,,,,,,,,,,,,,,,,,,,,,,,,,,,,,,3315.0,1020.0,2295.0,2550.0,2550.0,1785.0,5610.0,1785.0,2805.0,3315.0,2550.0,5100.0,1275.0,4080.0,3060.0,2550.0,2040.0,3315.0,3060.0,4080.0,2805.0,3825.0,3060.0,2040.0,3060.0,2040.0,2550.0,2550.0,3315.0,2040.0,3315.0,3060.0,2295.0,2550.0,1785.0,2805.0,2550.0,2295.0,2040.0,1530.0,1785.0,2040.0,2295.0,2805.0,2295.0,1530.0,3315.0,2295.0,2550.0,1275.0,3060.0,765.0,2040.0,2040.0,2805.0,2040.0,2295.0,2550.0,3570.0,3570.0,1530.0,3315.0,2295.0,4335.0,3825.0,2550.0,2040.0,3060.0,4590.0,3060.0,3825.0,5100.0,4590.0,3825.0,4080.0,4335.0,3315.0,1020.0,3570.0,3315.0,2550.0,2550.0,1785.0,1020.0,3060.0,3060.0,2805.0,5355.0,3825.0,3060.0,4590.0,3315.0,3060.0,1785.0,3570.0,765.0,2805.0,4080.0,4845.0,3825.0,3825.0,3060.0,3570.0,2550.0,3315.0,3060.0,3315.0,5100.0,1785.0,3570.0,2550.0,2550.0,2805.0,1785.0,2040.0,3825.0,3825.0,2295.0,,,,,,,,,,,,,,,,,,,,,,,,,,,,,,,,,,,,,,,,,,,,,,,,,,,,,,,,,,,,,,,,,,,,,,
,,,,,,,,,,,,,,,,,,,,,,,,,,,,,,,,,,,,,,,,,,,,,,,,,,,,,,,,,,,,,,,,,,,,2550.0,3825.0,2550.0,2040.0,4335.0,2805.0,2040.0,2550.0,3060.0,3060.0,2295.0,1530.0,3570.0,2040.0,2295.0,3825.0,4845.0,4845.0,3570.0,1020.0,3060.0,3060.0,1785.0,1530.0,4590.0,3060.0,3060.0,3315.0,2295.0,1785.0,3060.0,3060.0,2040.0,2550.0,3060.0,5100.0,3060.0,2550.0,3315.0,2040.0,3315.0,1275.0,3060.0,4080.0,2805.0,3570.0,1785.0,1275.0,1275.0,3825.0,1785.0,3060.0,2805.0,3315.0,1785.0,1785.0,2550.0,3315.0,3570.0,1785.0,2295.0,4335.0,4335.0,2550.0,2550.0,2295.0,3825.0,3570.0,1785.0,2805.0,4845.0,3570.0,2295.0,4590.0,3315.0,1530.0,2040.0,2805.0,1785.0,4335.0,2550.0,5610.0,2550.0,2805.0,2550.0,2295.0,3315.0,2805.0,1275.0,1785.0,2550.0,2805.0,3060.0,2295.0,2295.0,1785.0,1275.0,2550.0,2295.0,3570.0,2805.0,2040.0,4845.0,3315.0,1785.0,3060.0,2805.0,2550.0,4590.0,2295.0,2040.0,3825.0,2295.0,4590.0,2805.0,4080.0,3060.0,2040.0,,,,,,,,,,,,,,,,,,,,,,,,,,,,,,,,,,,,,,,,,,,,,,,,,,,,,,,,,,,,,,,,,,,,,,
,,,,,,,,,,,,,,,,,,,,,,,,,,,,,,,,,,,,,,,,,,,,,,,,,,,,,,,,,,,,,,,,,,,,,3315.0,2805.0,4335.0,1785.0,2040.0,2295.0,765.0,4335.0,1275.0,2805.0,3060.0,2550.0,3060.0,3315.0,2295.0,3825.0,3570.0,3825.0,2805.0,3570.0,2805.0,2040.0,2550.0,3315.0,4335.0,1785.0,4335.0,2040.0,3825.0,2805.0,3315.0,2550.0,1020.0,1530.0,1530.0,2550.0,2040.0,2040.0,2550.0,1785.0,2040.0,2295.0,1785.0,2295.0,2550.0,2040.0,2040.0,2550.0,2550.0,1275.0,3060.0,3315.0,1530.0,1530.0,1530.0,3060.0,2295.0,3060.0,3315.0,2805.0,2550.0,2805.0,3570.0,4845.0,3060.0,1785.0,2550.0,1785.0,3825.0,2295.0,3315.0,3570.0,3315.0,2805.0,1530.0,2295.0,2295.0,2805.0,2550.0,1530.0,3060.0,3060.0,3060.0,4335.0,2295.0,3060.0,2550.0,3825.0,1530.0,4335.0,3825.0,3060.0,2295.0,2550.0,3315.0,2550.0,4080.0,2295.0,2295.0,3825.0,3060.0,2550.0,3570.0,2805.0,2295.0,4080.0,3570.0,1785.0,1275.0,2805.0,3570.0,3060.0,4080.0,3825.0,5100.0,4845.0,4335.0,,,,,,,,,,,,,,,,,,,,,,,,,,,,,,,,,,,,,,,,,,,,,,,,,,,,,,,,,,,,,,,,,,,,,,
,,,,,,,,,,,,,,,,,,,,,,,,,,,,,,,,,,,,,,,,,,,,,,,,,,,,,,,,,,,,,,,,,,,,,,2805.0,3060.0,3315.0,765.0,2295.0,3315.0,1275.0,2295.0,3060.0,3060.0,1275.0,2805.0,2295.0,3570.0,2805.0,2550.0,2295.0,2040.0,1785.0,1530.0,1785.0,1020.0,4080.0,3060.0,2295.0,2040.0,3825.0,1530.0,1785.0,2550.0,2040.0,2805.0,2040.0,2550.0,2040.0,1530.0,2040.0,1785.0,2040.0,1785.0,2805.0,2040.0,3315.0,2550.0,2040.0,2295.0,3315.0,1785.0,2805.0,3825.0,2295.0,1275.0,2805.0,765.0,1785.0,3570.0,3315.0,4080.0,4590.0,2550.0,3570.0,2040.0,2805.0,2550.0,2295.0,2805.0,4335.0,2805.0,3570.0,3825.0,2295.0,1785.0,2550.0,1275.0,4335.0,4845.0,2550.0,1275.0,3825.0,2550.0,3315.0,3315.0,1530.0,2295.0,3315.0,3060.0,4335.0,3825.0,2805.0,1530.0,2295.0,3315.0,2550.0,3060.0,3570.0,2550.0,3315.0,3060.0,3315.0,2805.0,3570.0,2805.0,2550.0,2295.0,2295.0,2295.0,2805.0,2295.0,3570.0,2040.0,2040.0,2805.0,5355.0,1020.0,3315.0,3315.0,2040.0,,,,,,,,,,,,,,,,,,,,,,,,,,,,,,,,,,,,,,,,,,,,,,,,,,,,,,,,,,,,,,,,,,,,,
,,,,,,,,,,,,,,,,,,,,,,,,,,,,,,,,,,,,,,,,,,,,,,,,,,,,,,,,,,,,,,,,,,,,,,,2550.0,2805.0,2805.0,2550.0,2295.0,3060.0,2550.0,2805.0,3060.0,2295.0,3060.0,2805.0,2040.0,2550.0,3060.0,3315.0,2295.0,2295.0,2040.0,2295.0,2040.0,2550.0,2295.0,1785.0,3315.0,2295.0,2295.0,2295.0,2550.0,1275.0,1785.0,2295.0,2295.0,1275.0,1785.0,4335.0,2295.0,2805.0,2805.0,1785.0,3825.0,1785.0,2550.0,3060.0,2805.0,2550.0,2295.0,3060.0,2295.0,3315.0,2295.0,3060.0,1785.0,2550.0,2040.0,1785.0,2805.0,2040.0,3060.0,3825.0,3315.0,765.0,2550.0,4080.0,3060.0,2295.0,2805.0,3570.0,2295.0,3060.0,1785.0,2295.0,2040.0,4590.0,3570.0,4590.0,3570.0,2040.0,3060.0,2040.0,4335.0,3570.0,3315.0,1020.0,2805.0,2805.0,4845.0,4590.0,2805.0,5100.0,2295.0,5610.0,3570.0,2040.0,4335.0,1785.0,2805.0,1530.0,3315.0,2805.0,2040.0,4080.0,2805.0,3825.0,2805.0,3060.0,3570.0,3825.0,4080.0,2295.0,2295.0,2295.0,3060.0,2295.0,4845.0,2040.0,,,,,,,,,,,,,,,,,,,,,,,,,,,,,,,,,,,,,,,,,,,,,,,,,,,,,,,,,,,,,,,,,,,,,
,,,,,,,,,,,,,,,,,,,,,,,,,,,,,,,,,,,,,,,,,,,,,,,,,,,,,,,,,,,,,,,,,,,,,,,,4080.0,2040.0,2040.0,3315.0,1785.0,1785.0,2805.0,3315.0,2805.0,3570.0,4080.0,3060.0,4080.0,4080.0,4080.0,2040.0,1785.0,2040.0,1020.0,2805.0,3060.0,3315.0,2805.0,2805.0,1785.0,1785.0,2040.0,2040.0,3060.0,4080.0,3570.0,765.0,2040.0,1785.0,1275.0,2550.0,3570.0,2040.0,2040.0,3825.0,3825.0,1530.0,2295.0,2040.0,2295.0,3825.0,2550.0,5100.0,2550.0,1530.0,3570.0,3825.0,2040.0,2295.0,2550.0,4335.0,2550.0,3825.0,4590.0,3825.0,3315.0,2550.0,2805.0,2805.0,1785.0,2295.0,3570.0,4080.0,2040.0,4080.0,2550.0,2295.0,4080.0,3315.0,2550.0,3060.0,3315.0,3060.0,3570.0,3060.0,3315.0,3315.0,1530.0,4080.0,3315.0,2295.0,3570.0,1785.0,4080.0,2550.0,3570.0,2040.0,3315.0,2550.0,2295.0,1785.0,2550.0,2550.0,4335.0,2040.0,2550.0,4080.0,2295.0,2805.0,2295.0,3315.0,4590.0,3315.0,2805.0,2040.0,2040.0,3315.0,1785.0,4080.0,3060.0,,,,,,,,,,,,,,,,,,,,,,,,,,,,,,,,,,,,,,,,,,,,,,,,,,,,,,,,,,,,,,,,,,,,,
,,,,,,,,,,,,,,,,,,,,,,,,,,,,,,,,,,,,,,,,,,,,,,,,,,,,,,,,,,,,,,,,,,,,,,,,2550.0,4080.0,3315.0,1785.0,2040.0,3825.0,2040.0,2040.0,1530.0,2805.0,2550.0,2040.0,3060.0,4590.0,1785.0,3060.0,2805.0,2295.0,1785.0,1785.0,1275.0,3825.0,2550.0,4590.0,2805.0,2040.0,3825.0,1785.0,3060.0,2550.0,1530.0,3060.0,1275.0,2805.0,1275.0,2550.0,2805.0,1785.0,1530.0,3315.0,1530.0,1530.0,2550.0,2295.0,1275.0,3060.0,3825.0,2805.0,3060.0,4845.0,2550.0,4845.0,1275.0,3060.0,3060.0,6120.0,4335.0,5610.0,4590.0,3570.0,2040.0,4590.0,1785.0,2550.0,1530.0,3315.0,5355.0,5100.0,4845.0,3315.0,2550.0,3570.0,4590.0,4590.0,3315.0,2040.0,3315.0,2805.0,3570.0,3060.0,4335.0,2550.0,4335.0,3315.0,2550.0,2040.0,3060.0,1785.0,2805.0,3570.0,2550.0,2040.0,2040.0,3060.0,3570.0,1275.0,1275.0,5100.0,1785.0,2295.0,5865.0,4845.0,4080.0,2550.0,3060.0,2805.0,3825.0,3315.0,2550.0,4080.0,3060.0,2295.0,,,,,,,,,,,,,,,,,,,,,,,,,,,,,,,,,,,,,,,,,,,,,,,,,,,,,,,,,,,,,,,,,,,,,,,,
,,,,,,,,,,,,,,,,,,,,,,,,,,,,,,,,,,,,,,,,,,,,,,,,,,,,,,,,,,,,,,,,,,,,,,,,,3315.0,2550.0,2805.0,1785.0,4335.0,1785.0,2040.0,4080.0,3060.0,2550.0,2550.0,3570.0,3060.0,3825.0,2295.0,510.0,1275.0,1530.0,2040.0,1785.0,3060.0,2295.0,2805.0,4080.0,4080.0,2805.0,2040.0,2550.0,1785.0,1020.0,3315.0,3570.0,4335.0,2805.0,1275.0,1785.0,2295.0,3060.0,2805.0,1275.0,4335.0,1530.0,2805.0,1020.0,1530.0,2040.0,4590.0,4590.0,3315.0,4590.0,2550.0,2805.0,4335.0,3315.0,3570.0,3315.0,5355.0,5100.0,3060.0,2040.0,2295.0,3060.0,3315.0,3315.0,5610.0,6885.0,4590.0,3825.0,4335.0,3825.0,2295.0,3315.0,4590.0,4590.0,2295.0,1530.0,2805.0,5355.0,3060.0,4845.0,3060.0,2295.0,3825.0,3060.0,3315.0,2040.0,1020.0,3315.0,2550.0,2550.0,2550.0,2805.0,1275.0,3570.0,2040.0,2805.0,4080.0,2805.0,2805.0,4335.0,3060.0,3060.0,3315.0,2805.0,2040.0,4080.0,3060.0,2805.0,3315.0,2550.0,1785.0,,,,,,,,,,,,,,,,,,,,,,,,,,,,,,,,,,,,,,,,,,,,,,,,,,,,,,,,,,,,,,,,,,,,,,,,
,,,,,,,,,,,,,,,,,,,,,,,,,,,,,,,,,,,,,,,,,,,,,,,,,,,,,,,,,,,,,,,,,,,,,,,,,3060.0,3060.0,3315.0,2295.0,3060.0,1275.0,1020.0,2550.0,2550.0,2550.0,4845.0,1530.0,6120.0,2040.0,2550.0,1020.0,1785.0,2295.0,2040.0,2295.0,2805.0,3570.0,3315.0,2805.0,2805.0,765.0,3060.0,2295.0,1530.0,2295.0,3825.0,3315.0,3825.0,2805.0,1785.0,2295.0,2295.0,2295.0,4335.0,2295.0,3825.0,5100.0,2550.0,1530.0,1785.0,1530.0,4845.0,5100.0,5610.0,3570.0,2040.0,2805.0,3060.0,2040.0,3315.0,3570.0,4590.0,5100.0,3060.0,3060.0,3315.0,1785.0,2805.0,4590.0,3570.0,6630.0,7650.0,4845.0,3825.0,3315.0,5100.0,2550.0,2040.0,3315.0,3315.0,3060.0,2805.0,3315.0,3825.0,3825.0,1785.0,4335.0,3315.0,3570.0,3825.0,2550.0,2295.0,2805.0,3825.0,4080.0,1785.0,3315.0,3315.0,3570.0,4080.0,4080.0,4335.0,2550.0,4335.0,2550.0,3570.0,4080.0,2040.0,3570.0,3315.0,3060.0,2295.0,3825.0,2805.0,3825.0,3315.0,,,,,,,,,,,,,,,,,,,,,,,,,,,,,,,,,,,,,,,,,,,,,,,,,,,,,,,,,,,,,,,,,,,,,,,,
,,,,,,,,,,,,,,,,,,,,,,,,,,,,,,,,,,,,,,,,,,,,,,,,,,,,,,,,,,,,,,,,,,,,,,,,,3315.0,2295.0,1020.0,3060.0,2805.0,4080.0,2805.0,2040.0,3825.0,3315.0,3315.0,3315.0,4080.0,3060.0,2295.0,2805.0,2040.0,1020.0,1275.0,2040.0,765.0,1785.0,2040.0,2550.0,2550.0,4080.0,2550.0,1785.0,2805.0,2805.0,2550.0,3060.0,4080.0,2805.0,4335.0,2805.0,2805.0,2805.0,3825.0,2805.0,2295.0,2805.0,2040.0,1785.0,2295.0,3060.0,3570.0,4845.0,3315.0,3570.0,2040.0,2295.0,2550.0,2805.0,3060.0,3570.0,4080.0,3060.0,3825.0,1530.0,2805.0,2295.0,4080.0,3570.0,2550.0,4590.0,4335.0,4080.0,2805.0,3315.0,2550.0,4335.0,4080.0,6630.0,3825.0,1275.0,4080.0,2805.0,3315.0,1530.0,3060.0,3570.0,4590.0,1020.0,2040.0,2805.0,3825.0,4080.0,3060.0,3060.0,2805.0,1020.0,3825.0,3315.0,2805.0,2040.0,3315.0,3825.0,2295.0,2550.0,4845.0,2295.0,3570.0,3060.0,4590.0,5100.0,3825.0,4335.0,2040.0,4080.0,2550.0,2040.0,,,,,,,,,,,,,,,,,,,,,,,,,,,,,,,,,,,,,,,,,,,,,,,,,,,,,,,,,,,,,,,,,,,,,,,
,,,,,,,,,,,,,,,,,,,,,,,,,,,,,,,,,,,,,,,,,,,,,,,,,,,,,,,,,,,,,,,,,,,,,,,,,1275.0,2550.0,3570.0,2295.0,4335.0,2805.0,3315.0,2295.0,3315.0,3315.0,1785.0,3570.0,2295.0,2040.0,2805.0,1020.0,2040.0,1530.0,1020.0,2295.0,2550.0,2040.0,1785.0,3315.0,1530.0,3060.0,1785.0,3060.0,2805.0,3315.0,2805.0,2550.0,1785.0,3060.0,3060.0,3570.0,3315.0,3315.0,3060.0,2295.0,2040.0,3315.0,3570.0,1785.0,2295.0,2805.0,3060.0,3825.0,3060.0,4335.0,2550.0,3315.0,2040.0,1530.0,1275.0,2805.0,4080.0,4335.0,4335.0,3570.0,2805.0,3570.0,2040.0,3315.0,3315.0,4590.0,4590.0,3060.0,3060.0,4080.0,4080.0,3570.0,3570.0,1785.0,3060.0,2805.0,4080.0,4335.0,2550.0,3570.0,2550.0,2550.0,4335.0,2805.0,2805.0,2550.0,2295.0,5355.0,3570.0,2550.0,3825.0,2295.0,1785.0,5100.0,3825.0,2550.0,3315.0,4590.0,2040.0,3060.0,2295.0,2550.0,2550.0,2550.0,5865.0,2805.0,3570.0,1530.0,2295.0,3825.0,2040.0,,,,,,,,,,,,,,,,,,,,,,,,,,,,,,,,,,,,,,,,,,,,,,,,,,,,,,,,,,,,,,,,,,,,,,,,
,,,,,,,,,,,,,,,,,,,,,,,,,,,,,,,,,,,,,,,,,,,,,,,,,,,,,,,,,,,,,,,,,,,,,,,,,3315.0,3570.0,3315.0,2295.0,4335.0,3315.0,1785.0,1275.0,3570.0,3825.0,3825.0,2040.0,3060.0,2040.0,1275.0,1020.0,1785.0,2295.0,765.0,1275.0,2295.0,1530.0,2295.0,1785.0,2550.0,3570.0,4080.0,2805.0,2805.0,1275.0,2805.0,2550.0,2805.0,1785.0,3570.0,2295.0,1785.0,3315.0,3060.0,4335.0,2550.0,2805.0,4080.0,2295.0,3060.0,3825.0,2040.0,4335.0,5100.0,2805.0,2295.0,1530.0,1530.0,3060.0,2040.0,2295.0,1785.0,1275.0,3060.0,2295.0,3060.0,1785.0,4335.0,3060.0,2805.0,3570.0,3825.0,4335.0,4080.0,5865.0,1275.0,2295.0,4590.0,2295.0,2040.0,2040.0,3060.0,4845.0,2295.0,1020.0,2295.0,1530.0,1275.0,2805.0,4335.0,2805.0,3570.0,3060.0,4845.0,2550.0,2805.0,3570.0,2805.0,3570.0,3825.0,3060.0,3060.0,3570.0,3315.0,4080.0,3825.0,5100.0,2805.0,3060.0,3570.0,3570.0,3570.0,4080.0,4590.0,2550.0,2040.0,,,,,,,,,,,,,,,,,,,,,,,,,,,,,,,,,,,,,,,,,,,,,,,,,,,,,,,,,,,,,,,,,,,,,,,,
,,,,,,,,,,,,,,,,,,,,,,,,,,,,,,,,,,,,,,,,,,,,,,,,,,,,,,,,,,,,,,,,,,,,,,,,,2295.0,2805.0,3570.0,2550.0,1785.0,2040.0,2040.0,3570.0,3060.0,1530.0,2295.0,2550.0,3060.0,3060.0,2295.0,3060.0,2040.0,1530.0,2040.0,2550.0,1530.0,1020.0,2550.0,1275.0,2040.0,1785.0,2550.0,2550.0,4335.0,3315.0,2295.0,3060.0,3570.0,4590.0,2295.0,2295.0,2550.0,3315.0,1530.0,3060.0,1530.0,2295.0,2805.0,1530.0,2805.0,2805.0,3570.0,4590.0,4335.0,4080.0,2295.0,2805.0,2040.0,1530.0,2805.0,2805.0,2805.0,3315.0,1785.0,2805.0,2550.0,3060.0,3570.0,4590.0,4080.0,2550.0,2805.0,3060.0,2040.0,3570.0,2805.0,4845.0,1530.0,3060.0,3570.0,4080.0,1275.0,5610.0,3315.0,5355.0,2040.0,4335.0,4080.0,2550.0,2550.0,3315.0,1785.0,2295.0,4590.0,3315.0,4590.0,3060.0,4080.0,4080.0,1530.0,2040.0,1785.0,2295.0,3570.0,3825.0,2550.0,3315.0,2805.0,2295.0,2040.0,3570.0,4080.0,4335.0,1530.0,3060.0,,,,,,,,,,,,,,,,,,,,,,,,,,,,,,,,,,,,,,,,,,,,,,,,,,,,,,,,,,,,,,,,,,,,,,,,,
,,,,,,,,,,,,,,,,,,,,,,,,,,,,,,,,,,,,,,,,,,,,,,,,,,,,,,,,,,,,,,,,,,,,,,,,,,3570.0,3315.0,3060.0,4590.0,2295.0,2805.0,2040.0,3315.0,2805.0,3570.0,3060.0,4335.0,3315.0,3570.0,3570.0,1530.0,2295.0,1020.0,2805.0,1275.0,2295.0,3060.0,2805.0,765.0,3060.0,2550.0,2550.0,3570.0,2805.0,3825.0,3060.0,1530.0,2040.0,2295.0,2040.0,3315.0,3570.0,2805.0,3315.0,3315.0,2550.0,2295.0,3315.0,3315.0,3570.0,2805.0,3315.0,2550.0,2805.0,2550.0,510.0,2295.0,2550.0,2040.0,3315.0,3570.0,3570.0,2295.0,3315.0,3570.0,2805.0,2295.0,3570.0,4590.0,4845.0,2295.0,2040.0,1530.0,2550.0,3060.0,2295.0,5610.0,3315.0,3315.0,4845.0,4335.0,3825.0,3060.0,3570.0,2805.0,4590.0,2550.0,2550.0,2550.0,5355.0,3060.0,2040.0,2550.0,4590.0,3060.0,5865.0,3825.0,3315.0,3570.0,1785.0,2805.0,2550.0,2295.0,1785.0,2295.0,3825.0,2040.0,3060.0,1275.0,2040.0,2550.0,1530.0,3315.0,2040.0,,,,,,,,,,,,,,,,,,,,,,,,,,,,,,,,,,,,,,,,,,,,,,,,,,,,,,,,,,,,,,,,,,,,,,,,,
,,,,,,,,,,,,,,,,,,,,,,,,,,,,,,,,,,,,,,,,,,,,,,,,,,,,,,,,,,,,,,,,,,,,,,,,,,3315.0,1785.0,3315.0,3315.0,3060.0,2295.0,4080.0,2295.0,2550.0,3825.0,2550.0,1785.0,1785.0,3825.0,4080.0,3060.0,2295.0,2550.0,2295.0,2550.0,3060.0,3060.0,4080.0,3060.0,2295.0,4335.0,2805.0,2550.0,2040.0,1785.0,3825.0,4080.0,2295.0,2295.0,3060.0,1530.0,1785.0,4080.0,2805.0,1785.0,2295.0,3060.0,2295.0,3315.0,4335.0,3060.0,2805.0,3315.0,3060.0,3315.0,3825.0,2805.0,3315.0,4845.0,3570.0,2295.0,2805.0,3060.0,765.0,4080.0,3570.0,3570.0,3825.0,4080.0,1785.0,3825.0,1785.0,3825.0,2550.0,1785.0,2295.0,2550.0,3570.0,1530.0,4335.0,1530.0,3570.0,3315.0,2040.0,2550.0,2805.0,3315.0,2805.0,4080.0,2295.0,3315.0,2295.0,3825.0,2550.0,5100.0,3060.0,4335.0,2805.0,4080.0,2295.0,2040.0,2805.0,2550.0,2805.0,2805.0,3825.0,1530.0,4080.0,3315.0,1530.0,1785.0,3570.0,1020.0,4080.0,,,,,,,,,,,,,,,,,,,,,,,,,,,,,,,,,,,,,,,,,,,,,,,,,,,,,,,,,,,,,,,,,,,,,,,,,
,,,,,,,,,,,,,,,,,,,,,,,,,,,,,,,,,,,,,,,,,,,,,,,,,,,,,,,,,,,,,,,,,,,,,,,,,,3315.0,4080.0,2550.0,3570.0,3060.0,2550.0,3570.0,2550.0,3060.0,3825.0,3825.0,1530.0,3825.0,1785.0,1530.0,3825.0,3315.0,2805.0,1785.0,2295.0,2295.0,3825.0,3315.0,2550.0,1530.0,3060.0,2805.0,3060.0,1785.0,3060.0,2805.0,1530.0,5610.0,5610.0,4590.0,3060.0,1530.0,765.0,3825.0,3315.0,2295.0,2295.0,2295.0,2040.0,3060.0,1785.0,2040.0,3825.0,2805.0,3825.0,2040.0,3060.0,4080.0,4335.0,3825.0,3315.0,2805.0,3060.0,2040.0,3060.0,1530.0,2040.0,2295.0,1785.0,2295.0,4845.0,4335.0,2550.0,3060.0,2550.0,2550.0,4335.0,2805.0,2550.0,3570.0,3570.0,4335.0,2805.0,3570.0,3570.0,2805.0,3060.0,3315.0,4845.0,2295.0,4080.0,3060.0,3060.0,3570.0,3060.0,3315.0,4335.0,3060.0,4590.0,1530.0,3570.0,2550.0,3315.0,5355.0,3060.0,3825.0,3060.0,2550.0,3060.0,2550.0,2295.0,1020.0,3570.0,2550.0,,,,,,,,,,,,,,,,,,,,,,,,,,,,,,,,,,,,,,,,,,,,,,,,,,,,,,,,,,,,,,,,,,,,,,,,,
,,,,,,,,,,,,,,,,,,,,,,,,,,,,,,,,,,,,,,,,,,,,,,,,,,,,,,,,,,,,,,,,,,,,,,,,,,,,2550.0,2295.0,2295.0,2550.0,3060.0,2295.0,3570.0,2295.0,2295.0,4080.0,2295.0,4590.0,1530.0,3060.0,1785.0,3060.0,4080.0,3060.0,2550.0,2550.0,2040.0,3060.0,2805.0,3060.0,2805.0,2550.0,1275.0,1530.0,2805.0,2805.0,2550.0,3315.0,4590.0,4845.0,2295.0,1785.0,3570.0,2550.0,1530.0,3570.0,2805.0,4335.0,1785.0,1275.0,2295.0,3060.0,2295.0,3060.0,2040.0,3825.0,4080.0,4335.0,2805.0,2805.0,4080.0,2295.0,3315.0,3060.0,1785.0,2040.0,2550.0,3060.0,3825.0,2805.0,2805.0,4590.0,3315.0,2040.0,3060.0,2550.0,2805.0,3570.0,3060.0,2805.0,4335.0,3570.0,2805.0,2040.0,2550.0,4590.0,1530.0,2295.0,2550.0,2040.0,2805.0,3060.0,2550.0,1530.0,5355.0,2805.0,3060.0,2550.0,3315.0,3570.0,3570.0,2805.0,3060.0,2805.0,3570.0,3060.0,4590.0,5355.0,2550.0,3570.0,2550.0,2040.0,3315.0,,,,,,,,,,,,,,,,,,,,,,,,,,,,,,,,,,,,,,,,,,,,,,,,,,,,,,,,,,,,,,,,,,,,,,,,,
,,,,,,,,,,,,,,,,,,,,,,,,,,,,,,,,,,,,,,,,,,,,,,,,,,,,,,,,,,,,,,,,,,,,,,,,,,,,,3570.0,4335.0,3825.0,4590.0,3825.0,2295.0,2040.0,3570.0,1785.0,3315.0,3570.0,2805.0,1530.0,1785.0,1785.0,3570.0,2040.0,2295.0,2550.0,2295.0,4080.0,3315.0,2805.0,3060.0,3570.0,3570.0,1785.0,3060.0,2805.0,3060.0,2550.0,2550.0,3570.0,4080.0,4080.0,1530.0,3570.0,3825.0,1530.0,2805.0,4335.0,4590.0,3315.0,3570.0,2550.0,3060.0,2295.0,2805.0,4335.0,2550.0,3060.0,4335.0,1530.0,3315.0,3060.0,3060.0,2295.0,1530.0,4080.0,2040.0,2295.0,1020.0,2805.0,2295.0,1530.0,3060.0,2295.0,1530.0,3570.0,2040.0,3315.0,4080.0,2805.0,3060.0,1785.0,2295.0,4335.0,3315.0,3060.0,2550.0,3825.0,3315.0,4845.0,2550.0,4590.0,3315.0,3060.0,3315.0,3570.0,2805.0,4845.0,3060.0,3570.0,4335.0,5355.0,4845.0,2550.0,4335.0,2550.0,2805.0,2805.0,3825.0,1785.0,3570.0,1785.0,2805.0,,,,,,,,,,,,,,,,,,,,,,,,,,,,,,,,,,,,,,,,,,,,,,,,,,,,,,,,,,,,,,,,,,,,,,,,,
,,,,,,,,,,,,,,,,,,,,,,,,,,,,,,,,,,,,,,,,,,,,,,,,,,,,,,,,,,,,,,,,,,,,,,,,,,,,,3060.0,3570.0,4845.0,2805.0,3060.0,2805.0,4845.0,2295.0,2295.0,3570.0,4335.0,2805.0,2550.0,1785.0,2295.0,3570.0,2040.0,2295.0,2295.0,3570.0,4335.0,1275.0,3825.0,5100.0,3060.0,4335.0,2040.0,2295.0,3825.0,1530.0,3060.0,3825.0,2550.0,2295.0,2040.0,2295.0,2550.0,2550.0,2295.0,1785.0,2040.0,2295.0,1020.0,2295.0,2805.0,3825.0,2295.0,2805.0,3825.0,3060.0,2295.0,2295.0,2295.0,1785.0,3570.0,4080.0,3060.0,2550.0,3825.0,1785.0,3060.0,3570.0,2550.0,2550.0,1785.0,3315.0,5355.0,2805.0,2550.0,4080.0,2040.0,3825.0,4845.0,2550.0,3060.0,2805.0,3825.0,4080.0,3060.0,2805.0,2040.0,2295.0,2550.0,3315.0,3315.0,3570.0,2805.0,3315.0,3315.0,4080.0,4335.0,2805.0,2550.0,3825.0,2805.0,3570.0,2550.0,2550.0,1275.0,1785.0,1785.0,1530.0,3315.0,3060.0,1785.0,3060.0,3570.0,,,,,,,,,,,,,,,,,,,,,,,,,,,,,,,,,,,,,,,,,,,,,,,,,,,,,,,,,,,,,,,,,,,,,,,,
,,,,,,,,,,,,,,,,,,,,,,,,,,,,,,,,,,,,,,,,,,,,,,,,,,,,,,,,,,,,,,,,,,,,,,,,,,,,3570.0,3570.0,2805.0,2550.0,2550.0,4335.0,4590.0,3315.0,3060.0,3315.0,2805.0,1785.0,1785.0,3570.0,2295.0,4590.0,1530.0,1530.0,2805.0,2550.0,4335.0,3060.0,2805.0,2550.0,4590.0,2295.0,3315.0,3570.0,3570.0,3825.0,4845.0,3570.0,3315.0,2040.0,4335.0,1530.0,3315.0,2550.0,2550.0,3060.0,3315.0,3315.0,2295.0,2295.0,1530.0,1020.0,4335.0,3060.0,3570.0,2805.0,2295.0,2550.0,1785.0,2805.0,2805.0,4335.0,2805.0,3315.0,255.0,2805.0,3060.0,3825.0,765.0,1530.0,2040.0,2550.0,1785.0,3315.0,2295.0,3570.0,4590.0,3570.0,3315.0,1785.0,4845.0,3825.0,3825.0,2550.0,3825.0,3060.0,3315.0,3825.0,2805.0,2805.0,2805.0,3315.0,3060.0,3315.0,3315.0,3570.0,1275.0,3570.0,2550.0,2295.0,3060.0,1785.0,3570.0,3060.0,1530.0,1275.0,2550.0,3060.0,4080.0,4590.0,3570.0,3060.0,3570.0,3060.0,,,,,,,,,,,,,,,,,,,,,,,,,,,,,,,,,,,,,,,,,,,,,,,,,,,,,,,,,,,,,,,,,,,,,,,,
,,,,,,,,,,,,,,,,,,,,,,,,,,,,,,,,,,,,,,,,,,,,,,,,,,,,,,,,,,,,,,,,,,,,,,,,,,,,2295.0,3060.0,3825.0,4590.0,4335.0,3825.0,3570.0,3570.0,2805.0,2295.0,3315.0,1530.0,2040.0,3825.0,3570.0,3060.0,3825.0,2550.0,4335.0,2550.0,4080.0,3570.0,2805.0,3315.0,2550.0,3060.0,2295.0,2550.0,2040.0,4080.0,3060.0,2550.0,3060.0,2295.0,2805.0,3315.0,2040.0,2295.0,2550.0,2040.0,3825.0,2550.0,3060.0,4080.0,2295.0,1530.0,1785.0,2040.0,3315.0,1530.0,1275.0,4590.0,3315.0,2040.0,3825.0,3570.0,3060.0,3060.0,4845.0,5100.0,3315.0,3060.0,3060.0,3060.0,1275.0,3060.0,3570.0,3825.0,2805.0,3570.0,3825.0,2805.0,2040.0,3825.0,3060.0,3570.0,2295.0,3315.0,4590.0,3825.0,3060.0,3060.0,3825.0,4845.0,1020.0,2295.0,4080.0,3570.0,3570.0,3315.0,3570.0,3060.0,1530.0,3825.0,2550.0,4590.0,3570.0,2805.0,2550.0,3570.0,3315.0,5610.0,3570.0,5100.0,3315.0,3825.0,2040.0,2040.0,,,,,,,,,,,,,,,,,,,,,,,,,,,,,,,,,,,,,,,,,,,,,,,,,,,,,,,,,,,,,,,,,,,,,,,,
,,,,,,,,,,,,,,,,,,,,,,,,,,,,,,,,,,,,,,,,,,,,,,,,,,,,,,,,,,,,,,,,,,,,,,,,,,,,,3825.0,2805.0,1020.0,3570.0,3315.0,2805.0,6120.0,2805.0,3315.0,2040.0,3060.0,3570.0,3060.0,3060.0,4080.0,3060.0,2295.0,2295.0,2295.0,4080.0,4080.0,3570.0,2550.0,2550.0,2805.0,765.0,5355.0,4590.0,2805.0,2550.0,3570.0,2550.0,2805.0,4335.0,3060.0,2805.0,2040.0,3060.0,2550.0,3315.0,3825.0,4335.0,1275.0,2295.0,2040.0,1785.0,2550.0,4845.0,3825.0,5355.0,3825.0,2550.0,2295.0,2040.0,3825.0,4335.0,2295.0,4335.0,2550.0,3825.0,3570.0,4335.0,3825.0,3570.0,2550.0,3570.0,4080.0,4080.0,3315.0,2295.0,3825.0,3570.0,2040.0,3825.0,2805.0,2805.0,3060.0,3570.0,3825.0,2295.0,3825.0,2295.0,2550.0,2550.0,2805.0,4590.0,1275.0,2550.0,3570.0,4590.0,2295.0,3315.0,4335.0,3825.0,3825.0,1020.0,4080.0,2040.0,5355.0,4335.0,3315.0,2295.0,2040.0,2805.0,4335.0,2550.0,,,,,,,,,,,,,,,,,,,,,,,,,,,,,,,,,,,,,,,,,,,,,,,,,,,,,,,,,,,,,,,,,,,,,,,,,
,,,,,,,,,,,,,,,,,,,,,,,,,,,,,,,,,,,,,,,,,,,,,,,,,,,,,,,,,,,,,,,,,,,,,,,,,,,,,,,,3570.0,3060.0,3315.0,5100.0,2040.0,4080.0,3570.0,4080.0,2805.0,2295.0,1785.0,3570.0,2295.0,255.0,3825.0,2295.0,1530.0,1530.0,3315.0,2295.0,2295.0,3570.0,4590.0,4080.0,4080.0,3315.0,2040.0,1275.0,3060.0,2295.0,2550.0,3570.0,2295.0,2805.0,2295.0,2040.0,3060.0,2805.0,2295.0,1530.0,2295.0,2805.0,1275.0,2550.0,2805.0,2295.0,2805.0,1530.0,2550.0,3315.0,2550.0,1785.0,3570.0,3315.0,3825.0,1785.0,3060.0,3825.0,1785.0,2295.0,2040.0,5865.0,3315.0,3060.0,3315.0,2295.0,4080.0,1530.0,4335.0,3060.0,2295.0,3825.0,2805.0,3060.0,3315.0,3825.0,3060.0,3060.0,2805.0,3060.0,2295.0,3825.0,4335.0,2040.0,3570.0,4080.0,3315.0,3570.0,1530.0,4845.0,3570.0,3570.0,2295.0,3570.0,3825.0,1785.0,5355.0,2295.0,3315.0,3570.0,2040.0,4080.0,1530.0,,,,,,,,,,,,,,,,,,,,,,,,,,,,,,,,,,,,,,,,,,,,,,,,,,,,,,,,,,,,,,,,,,,,,,,,,
,,,,,,,,,,,,,,,,,,,,,,,,,,,,,,,,,,,,,,,,,,,,,,,,,,,,,,,,,,,,,,,,,,,,,,,,,,,,,,,,2040.0,2805.0,3825.0,4845.0,3825.0,3315.0,3825.0,2295.0,1020.0,2295.0,2805.0,2040.0,2550.0,1530.0,3060.0,2550.0,2805.0,1275.0,2295.0,2805.0,3060.0,3570.0,1275.0,1785.0,2805.0,1785.0,3060.0,2805.0,4590.0,1020.0,2805.0,3315.0,3060.0,2550.0,2295.0,2295.0,2805.0,3570.0,2550.0,1275.0,2550.0,3060.0,3315.0,4080.0,1785.0,4080.0,3825.0,3060.0,2805.0,2040.0,4080.0,1020.0,2550.0,2295.0,1785.0,3060.0,4080.0,4335.0,4590.0,4080.0,3315.0,2040.0,4080.0,4335.0,3570.0,4335.0,3060.0,3315.0,4335.0,2295.0,2040.0,2295.0,3315.0,3570.0,3825.0,2805.0,3060.0,3315.0,3825.0,2805.0,2805.0,4845.0,3060.0,4845.0,2550.0,3570.0,2805.0,3060.0,2550.0,2550.0,2295.0,3570.0,3570.0,2295.0,2295.0,2040.0,1785.0,2805.0,2295.0,2805.0,2295.0,2040.0,3060.0,,,,,,,,,,,,,,,,,,,,,,,,,,,,,,,,,,,,,,,,,,,,,,,,,,,,,,,,,,,,,,,,,,,,,,,,,
,,,,,,,,,,,,,,,,,,,,,,,,,,,,,,,,,,,,,,,,,,,,,,,,,,,,,,,,,,,,,,,,,,,,,,,,,,,,,,,,3315.0,3315.0,3570.0,3825.0,3315.0,4845.0,3060.0,2550.0,2040.0,2550.0,1530.0,2550.0,2295.0,2550.0,3060.0,4080.0,1530.0,3825.0,2550.0,2550.0,4080.0,2295.0,3825.0,2295.0,1785.0,2805.0,3060.0,2040.0,2040.0,2295.0,3315.0,4590.0,2040.0,1785.0,3570.0,2550.0,3315.0,1785.0,3825.0,2805.0,1530.0,3825.0,3060.0,3315.0,3570.0,4080.0,4080.0,3315.0,3060.0,3825.0,2550.0,3315.0,3825.0,3315.0,3060.0,4590.0,3315.0,2295.0,3570.0,4080.0,2295.0,3570.0,5100.0,3315.0,3060.0,2550.0,3060.0,4080.0,4080.0,2295.0,1530.0,3060.0,2550.0,3825.0,2040.0,2805.0,2550.0,2805.0,3825.0,3060.0,1785.0,4590.0,3060.0,4845.0,3060.0,2805.0,2040.0,3315.0,5865.0,4845.0,3825.0,3060.0,3570.0,2805.0,1785.0,4080.0,2040.0,2805.0,2040.0,4080.0,3315.0,2040.0,3825.0,,,,,,,,,,,,,,,,,,,,,,,,,,,,,,,,,,,,,,,,,,,,,,,,,,,,,,,,,,,,,,,,,,,,,,,,,
,,,,,,,,,,,,,,,,,,,,,,,,,,,,,,,,,,,,,,,,,,,,,,,,,,,,,,,,,,,,,,,,,,,,,,,,,,,,,,,,2040.0,4335.0,3570.0,4335.0,3315.0,2550.0,3825.0,1530.0,3825.0,1275.0,1275.0,3570.0,3315.0,3315.0,2805.0,4080.0,3570.0,4080.0,2805.0,2550.0,2805.0,2040.0,1785.0,3060.0,3825.0,2805.0,1785.0,3570.0,3060.0,2805.0,2040.0,3060.0,3315.0,2550.0,1275.0,2805.0,2805.0,3825.0,2040.0,1275.0,3315.0,4080.0,4080.0,2550.0,3570.0,2295.0,2040.0,3570.0,2295.0,1530.0,1530.0,5865.0,2805.0,4845.0,2550.0,3570.0,4590.0,3060.0,2550.0,2805.0,2040.0,3315.0,3315.0,1020.0,3060.0,2805.0,2040.0,3060.0,2805.0,4590.0,2550.0,3060.0,2550.0,3060.0,2295.0,3570.0,5100.0,3060.0,3825.0,3570.0,2550.0,2040.0,3570.0,3060.0,3570.0,2040.0,4080.0,3825.0,2805.0,2550.0,4080.0,1530.0,2550.0,2550.0,2805.0,4080.0,3315.0,2040.0,4080.0,1785.0,1020.0,3060.0,2550.0,,,,,,,,,,,,,,,,,,,,,,,,,,,,,,,,,,,,,,,,,,,,,,,,,,,,,,,,,,,,,,,,,,,,,,,,,
,,,,,,,,,,,,,,,,,,,,,,,,,,,,,,,,,,,,,,,,,,,,,,,,,,,,,,,,,,,,,,,,,,,,,,,,,,,,,,,,,2040.0,2805.0,2295.0,3825.0,2550.0,2295.0,3825.0,3315.0,3315.0,2295.0,4335.0,3060.0,3570.0,2805.0,1530.0,4335.0,2805.0,3060.0,3570.0,2805.0,2295.0,3825.0,2295.0,3060.0,3315.0,2550.0,2805.0,2805.0,3570.0,2040.0,2805.0,3060.0,3825.0,2295.0,3060.0,1275.0,1785.0,3060.0,510.0,2805.0,2040.0,3315.0,3060.0,3060.0,3060.0,4080.0,2550.0,2805.0,2295.0,2805.0,3570.0,2295.0,2805.0,2040.0,3315.0,6120.0,3570.0,2040.0,2040.0,3315.0,1785.0,3060.0,3315.0,2295.0,2295.0,2040.0,2805.0,3570.0,4080.0,1530.0,3825.0,2550.0,3570.0,2805.0,2040.0,2040.0,4335.0,2040.0,4845.0,2550.0,4080.0,2550.0,3825.0,2805.0,2040.0,3570.0,2040.0,2295.0,2805.0,1530.0,3060.0,2805.0,2550.0,2040.0,1275.0,2040.0,2550.0,2295.0,2805.0,2550.0,3315.0,,,,,,,,,,,,,,,,,,,,,,,,,,,,,,,,,,,,,,,,,,,,,,,,,,,,,,,,,,,,,,,,,,,,,,,,,,
,,,,,,,,,,,,,,,,,,,,,,,,,,,,,,,,,,,,,,,,,,,,,,,,,,,,,,,,,,,,,,,,,,,,,,,,,,,,,,,,,3060.0,2805.0,2550.0,2040.0,1530.0,2040.0,2805.0,3315.0,3315.0,2295.0,2805.0,2295.0,765.0,2295.0,1020.0,2805.0,3315.0,2805.0,2805.0,2295.0,4080.0,4080.0,2550.0,3570.0,3060.0,2550.0,5100.0,2805.0,2805.0,2805.0,4080.0,4335.0,2805.0,3060.0,1785.0,2295.0,2040.0,3315.0,3060.0,3825.0,3060.0,3315.0,3315.0,2295.0,4080.0,3570.0,3825.0,3060.0,2550.0,3060.0,4080.0,3570.0,1785.0,2295.0,1785.0,3825.0,2550.0,3315.0,4590.0,3825.0,3315.0,1785.0,3060.0,4335.0,1785.0,2805.0,2805.0,2295.0,1275.0,2550.0,3315.0,5100.0,5355.0,4590.0,5355.0,3825.0,2295.0,2805.0,3060.0,2805.0,2550.0,3315.0,3825.0,1530.0,3825.0,5100.0,2295.0,1275.0,2040.0,2805.0,3825.0,2295.0,3060.0,2550.0,2550.0,2295.0,2040.0,3825.0,3315.0,4590.0,1785.0,,,,,,,,,,,,,,,,,,,,,,,,,,,,,,,,,,,,,,,,,,,,,,,,,,,,,,,,,,,,,,,,,,,,,,,,,,
,,,,,,,,,,,,,,,,,,,,,,,,,,,,,,,,,,,,,,,,,,,,,,,,,,,,,,,,,,,,,,,,,,,,,,,,,,,,,,,,,,2805.0,3315.0,2295.0,2550.0,2805.0,2805.0,4590.0,3825.0,2295.0,3570.0,3060.0,3060.0,1530.0,1275.0,3315.0,2040.0,3570.0,3315.0,2550.0,2040.0,2805.0,2040.0,3060.0,3825.0,2295.0,2295.0,3315.0,2550.0,1020.0,2550.0,2295.0,3315.0,2040.0,2295.0,1785.0,1530.0,2550.0,1785.0,3825.0,3060.0,3315.0,4335.0,2295.0,2295.0,2040.0,2550.0,2550.0,3315.0,1785.0,5100.0,3315.0,2295.0,2295.0,1785.0,2040.0,3315.0,5100.0,2550.0,3825.0,4080.0,2550.0,2805.0,4590.0,3825.0,3570.0,2040.0,5100.0,2550.0,3060.0,1785.0,2295.0,2295.0,2295.0,3315.0,4590.0,2805.0,3825.0,3570.0,2805.0,3315.0,3570.0,4080.0,2295.0,4590.0,1530.0,2040.0,3315.0,3315.0,4590.0,3570.0,3570.0,2040.0,3315.0,3060.0,2040.0,3315.0,2040.0,3315.0,3570.0,,,,,,,,,,,,,,,,,,,,,,,,,,,,,,,,,,,,,,,,,,,,,,,,,,,,,,,,,,,,,,,,,,,,,,,,,,,
,,,,,,,,,,,,,,,,,,,,,,,,,,,,,,,,,,,,,,,,,,,,,,,,,,,,,,,,,,,,,,,,,,,,,,,,,,,,,,,,,,2550.0,3315.0,,2040.0,4335.0,2040.0,1530.0,2805.0,3060.0,3060.0,2040.0,3315.0,2040.0,2550.0,3570.0,1785.0,2550.0,2550.0,3570.0,4335.0,1785.0,3570.0,2550.0,2550.0,2295.0,4335.0,2040.0,2040.0,3060.0,3060.0,3570.0,2550.0,2295.0,3315.0,3060.0,2040.0,2295.0,2550.0,1785.0,2805.0,4080.0,3060.0,3060.0,3315.0,3315.0,2040.0,1785.0,4080.0,3315.0,3315.0,2805.0,3570.0,1530.0,3060.0,4080.0,3060.0,3315.0,3060.0,4590.0,2550.0,2295.0,2295.0,3825.0,4080.0,4080.0,3315.0,5865.0,3825.0,2550.0,3315.0,3060.0,3825.0,2805.0,5610.0,4080.0,2550.0,4335.0,3060.0,1785.0,1530.0,2295.0,3570.0,2040.0,3570.0,2805.0,1530.0,3060.0,2805.0,3570.0,2805.0,1785.0,2805.0,5355.0,3060.0,3060.0,2040.0,2550.0,2805.0,,,,,,,,,,,,,,,,,,,,,,,,,,,,,,,,,,,,,,,,,,,,,,,,,,,,,,,,,,,,,,,,,,,,,,,,,,,,
,,,,,,,,,,,,,,,,,,,,,,,,,,,,,,,,,,,,,,,,,,,,,,,,,,,,,,,,,,,,,,,,,,,,,,,,,,,,,,,,,,,,,,1530.0,3060.0,3060.0,2550.0,3570.0,3315.0,1530.0,4335.0,2040.0,3825.0,2805.0,1275.0,2805.0,1530.0,2040.0,2805.0,2805.0,1275.0,1275.0,1530.0,2805.0,2295.0,1785.0,1785.0,2550.0,3825.0,1785.0,3060.0,4335.0,2550.0,2805.0,3570.0,3570.0,2040.0,4590.0,1530.0,3060.0,2550.0,3825.0,4335.0,3060.0,3315.0,3825.0,4080.0,3570.0,2040.0,2040.0,3060.0,3315.0,1275.0,3825.0,3315.0,1785.0,3315.0,3825.0,3825.0,3060.0,2550.0,3060.0,2295.0,5355.0,3315.0,3570.0,3825.0,3315.0,4335.0,2040.0,2295.0,3060.0,3570.0,2550.0,3825.0,3315.0,2550.0,3060.0,2040.0,4335.0,2040.0,2550.0,3060.0,,,,3570.0,3315.0,3060.0,4590.0,1785.0,2550.0,1785.0,,,,,,,,,,,,,,,,,,,,,,,,,,,,,,,,,,,,,,,,,,,,,,,,,,,,,,,,,,,,,,,,,,,,,,,,,,,,,,,,
,,,,,,,,,,,,,,,,,,,,,,,,,,,,,,,,,,,,,,,,,,,,,,,,,,,,,,,,,,,,,,,,,,,,,,,,,,,,,,,,,,,,,,3825.0,2805.0,2550.0,3315.0,3315.0,2295.0,3825.0,5100.0,3060.0,2805.0,3315.0,4080.0,3315.0,2295.0,3825.0,1785.0,4335.0,2805.0,3060.0,1275.0,2805.0,2295.0,3060.0,3825.0,3315.0,2550.0,2040.0,2040.0,4080.0,1785.0,2040.0,3060.0,2805.0,2550.0,2295.0,3825.0,4080.0,3315.0,1020.0,2550.0,2550.0,1785.0,3060.0,3060.0,2805.0,4845.0,3060.0,2550.0,1785.0,2040.0,2805.0,3060.0,3825.0,2805.0,5100.0,2550.0,3570.0,4080.0,3060.0,2295.0,2805.0,3060.0,2550.0,2550.0,3060.0,2805.0,2040.0,3060.0,3060.0,2295.0,2295.0,3315.0,2040.0,3060.0,2040.0,1020.0,2040.0,4845.0,2040.0,,,,,,,,,,,,,,,,,,,,,,,,,,,,,,,,,,,,,,,,,,,,,,,,,,,,,,,,,,,,,,,,,,,,,,,,,,,,,,,,,,,,,,,,,,,
,,,,,,,,,,,,,,,,,,,,,,,,,,,,,,,,,,,,,,,,,,,,,,,,,,,,,,,,,,,,,,,,,,,,,,,,,,,,,,,,,,,,,3060.0,2550.0,2295.0,3570.0,3315.0,3315.0,1785.0,3060.0,2040.0,3060.0,3060.0,5355.0,2040.0,2805.0,1785.0,2550.0,2805.0,2295.0,4590.0,3315.0,2550.0,3570.0,2040.0,3060.0,3315.0,2805.0,3315.0,2805.0,1785.0,3315.0,4590.0,3315.0,3570.0,2040.0,2805.0,3825.0,2805.0,1785.0,3315.0,2805.0,2805.0,4590.0,3570.0,2295.0,2805.0,4845.0,2295.0,1785.0,2040.0,3570.0,3570.0,2040.0,2295.0,2805.0,2040.0,3060.0,3060.0,5100.0,4335.0,2805.0,6375.0,4335.0,3825.0,3570.0,2040.0,2550.0,2805.0,2805.0,2805.0,3315.0,5865.0,2550.0,5355.0,3825.0,3315.0,2805.0,3570.0,,,,,,,,,,,,,,,,,,,,,,,,,,,,,,,,,,,,,,,,,,,,,,,,,,,,,,,,,,,,,,,,,,,,,,,,,,,,,,,,,,,,,,,,,,,,,,
,,,,,,,,,,,,,,,,,,,,,,,,,,,,,,,,,,,,,,,,,,,,,,,,,,,,,,,,,,,,,,,,,,,,,,,,,,,,,,,,,,,,,3825.0,2805.0,1275.0,,,,,2040.0,3570.0,2040.0,3060.0,3570.0,4845.0,3570.0,1785.0,2040.0,3570.0,4590.0,3060.0,3825.0,3060.0,3060.0,2805.0,3825.0,2550.0,1785.0,2550.0,2295.0,3570.0,2805.0,3060.0,2550.0,2550.0,1785.0,2805.0,2295.0,2805.0,2805.0,3315.0,3825.0,2550.0,3060.0,3315.0,5355.0,4590.0,1530.0,2805.0,3315.0,3060.0,3315.0,3570.0,1275.0,2805.0,3315.0,3060.0,3060.0,3315.0,3060.0,2805.0,3570.0,3825.0,2295.0,3060.0,4080.0,3060.0,3060.0,4080.0,2040.0,2550.0,3060.0,3060.0,2550.0,2040.0,2805.0,4590.0,3060.0,,,,,,,,,,,,,,,,,,,,,,,,,,,,,,,,,,,,,,,,,,,,,,,,,,,,,,,,,,,,,,,,,,,,,,,,,,,,,,,,,,,,,,,,,,,,,,,
,,,,,,,,,,,,,,,,,,,,,,,,,,,,,,,,,,,,,,,,,,,,,,,,,,,,,,,,,,,,,,,,,,,,,,,,,,,,,,,,,,,,,1530.0,3315.0,,,,,,,,3060.0,1785.0,3570.0,3315.0,4080.0,2805.0,2550.0,2040.0,3060.0,2550.0,4080.0,3570.0,3315.0,4590.0,1785.0,4080.0,2295.0,2805.0,2295.0,2550.0,2040.0,3315.0,3825.0,2295.0,2040.0,2550.0,3060.0,3060.0,3060.0,4335.0,1275.0,2805.0,3315.0,2550.0,3060.0,4080.0,2805.0,3315.0,3825.0,3315.0,4080.0,2550.0,2295.0,4335.0,4335.0,3825.0,2550.0,2295.0,4845.0,2550.0,3060.0,2040.0,3060.0,5100.0,2040.0,3570.0,1530.0,2550.0,,,3060.0,3570.0,,,,,,,,,,,,,,,,,,,,,,,,,,,,,,,,,,,,,,,,,,,,,,,,,,,,,,,,,,,,,,,,,,,,,,,,,,,,,,,,,,,,,,,,,,,,,,,,,,,,
,,,,,,,,,,,,,,,,,,,,,,,,,,,,,,,,,,,,,,,,,,,,,,,,,,,,,,,,,,,,,,,,,,,,,,,,,,,,,,,,,,,,,,,,,,,,,,,,1275.0,2805.0,1785.0,3060.0,2805.0,5610.0,3315.0,5355.0,4590.0,1785.0,3060.0,3060.0,2040.0,3825.0,5355.0,3570.0,3060.0,1785.0,1020.0,2550.0,4080.0,2805.0,4845.0,2550.0,2805.0,4845.0,3570.0,4845.0,4590.0,5355.0,5100.0,1275.0,3315.0,4080.0,4335.0,3315.0,3315.0,5355.0,3060.0,3060.0,2295.0,3060.0,2295.0,3825.0,1785.0,2550.0,3315.0,1785.0,3570.0,4590.0,2040.0,2295.0,3570.0,2295.0,,,,,,,,,,,,,,,,,,,,,,,,,,,,,,,,,,,,,,,,,,,,,,,,,,,,,,,,,,,,,,,,,,,,,,,,,,,,,,,,,,,,,,,,,,,,,,,,,,,,,,,,,,
,,,,,,,,,,,,,,,,,,,,,,,,,,,,,,,,,,,,,,,,,,,,,,,,,,,,,,,,,,,,,,,,,,,,,,,,,,,,,,,,,,,,,,,,,,,,,,,,,,,2550.0,2295.0,2040.0,4080.0,2805.0,4335.0,2550.0,2550.0,3060.0,2805.0,2295.0,2040.0,3060.0,1785.0,3315.0,3315.0,4080.0,2295.0,,,2805.0,3825.0,3825.0,3570.0,3570.0,3570.0,2040.0,4080.0,4080.0,2040.0,3825.0,4590.0,4335.0,3315.0,5100.0,5100.0,3570.0,3315.0,2550.0,3570.0,4080.0,4335.0,3060.0,3315.0,2295.0,1530.0,4335.0,1785.0,3060.0,3570.0,3825.0,,,,,,,,,,,,,,,,,,,,,,,,,,,,,,,,,,,,,,,,,,,,,,,,,,,,,,,,,,,,,,,,,,,,,,,,,,,,,,,,,,,,,,,,,,,,,,,,,,,,,,,,,,
,,,,,,,,,,,,,,,,,,,,,,,,,,,,,,,,,,,,,,,,,,,,,,,,,,,,,,,,,,,,,,,,,,,,,,,,,,,,,,,,,,,,,,,,,,,,,,,,,,,,2805.0,3570.0,5100.0,2550.0,2040.0,3315.0,1785.0,2550.0,2805.0,1785.0,2550.0,2550.0,4590.0,,,,,,,1530.0,4845.0,2295.0,2295.0,2040.0,4080.0,1530.0,2805.0,1785.0,2295.0,2040.0,2295.0,3060.0,3570.0,2550.0,2550.0,2550.0,2295.0,5100.0,2805.0,5100.0,3570.0,3060.0,3315.0,,,,,,,,,,,,,,,,,,,,,,,,,,,,,,,,,,,,,,,,,,,,,,,,,,,,,,,,,,,,,,,,,,,,,,,,,,,,,,,,,,,,,,,,,,,,,,,,,,,,,,,,,,,,,,,,,
,,,,,,,,,,,,,,,,,,,,,,,,,,,,,,,,,,,,,,,,,,,,,,,,,,,,,,,,,,,,,,,,,,,,,,,,,,,,,,,,,,,,,,,,,,,,,,,,,,,,,2295.0,1785.0,4335.0,2805.0,2550.0,2295.0,4080.0,,,,,,,,,,,,,2040.0,5355.0,2805.0,3060.0,1785.0,4080.0,3060.0,2550.0,3060.0,2550.0,3315.0,3060.0,,,,,,,,,,,,,,,,,,,,,,,,,,,,,,,,,,,,,,,,,,,,,,,,,,,,,,,,,,,,,,,,,,,,,,,,,,,,,,,,,,,,,,,,,,,,,,,,,,,,,,,,,,,,,,,,,,,,,,,,,,,,
,,,,,,,,,,,,,,,,,,,,,,,,,,,,,,,,,,,,,,,,,,,,,,,,,,,,,,,,,,,,,,,,,,,,,,,,,,,,,,,,,,,,,,,,,,,,,,,,,,,,,,,,,,,,,,,,,,,,,,,,,,3060.0,2805.0,3060.0,2805.0,2040.0,,,,,,,,,,,,,,,,,,,,,,,,,,,,,,,,,,,,,,,,,,,,,,,,,,,,,,,,,,,,,,,,,,,,,,,,,,,,,,,,,,,,,,,,,,,,,,,,,,,,,,,,,,,,,,,,,,,,,,,,,,,,,,,,,
,,,,,,,,,,,,,,,,,,,,,,,,,,,,,,,,,,,,,,,,,,,,,,,,,,,,,,,,,,,,,,,,,,,,,,,,,,,,,,,,,,,,,,,,,,,,,,,,,,,,,,,,,,,,,,,,,,,,,,,,,,,,,,,,,,,,,,,,,,,,,,,,,,,,,,,,,,,,,,,,,,,,,,,,,,,,,,,,,,,,,,,,,,,,,,,,,,,,,,,,,,,,,,,,,,,,,,,,,,,,,,,,,,,,,,,,,,,,,,,,,,,,,,,,,,,,,,,
,,,,,,,,,,,,,,,,,,,,,,,,,,,,,,,,,,,,,,,,,,,,,,,,,,,,,,,,,,,,,,,,,,,,,,,,,,,,,,,,,,,,,,,,,,,,,,,,,,,,,,,,,,,,,,,,,,,,,,,,,,,,,,,,,,,,,,,,,,,,,,,,,,,,,,,,,,,,,,,,,,,,,,,,,,,,,,,,,,,,,,,,,,,,,,,,,,,,,,,,,,,,,,,,,,,,,,,,,,,,,,,,,,,,,,,,,,,,,,,,,,,,,,,,,,,,,,,
,,,,,,,,,,,,,,,,,,,,,,,,,,,,,,,,,,,,,,,,,,,,,,,,,,,,,,,,,,,,,,,,,,,,,,,,,,,,,,,,,,,,,,,,,,,,,,,,,,,,,,,,,,,,,,,,,,,,,,,,,,,,,,,,,,,,,,,,,,,,,,,,,,,,,,,,,,,,,,,,,,,,,,,,,,,,,,,,,,,,,,,,,,,,,,,,,,,,,,,,,,,,,,,,,,,,,,,,,,,,,,,,,,,,,,,,,,,,,,,,,,,,,,,,,,,,,,,
,,,,,,,,,,,,,,,,,,,,,,,,,,,,,,,,,,,,,,,,,,,,,,,,,,,,,,,,,,,,,,,,,,,,,,,,,,,,,,,,,,,,,,,,,,,,,,,,,,,,,,,,,,,,,,,,,,,,,,,,,,,,,,,,,,,,,,,,,,,,,,,,,,,,,,,,,,,,,,,,,,,,,,,,,,,,,,,,,,,,,,,,,,,,,,,,,,,,,,,,,,,,,,,,,,,,,,,,,,,,,,,,,,,,,,,,,,,,,,,,,,,,,,,,,,,,,,,
,,,,,,,,,,,,,,,,,,,,,,,,,,,,,,,,,,,,,,,,,,,,,,,,,,,,,,,,,,,,,,,,,,,,,,,,,,,,,,,,,,,,,,,,,,,,,,,,,,,,,,,,,,,,,,,,,,,,,,,,,,,,,,,,,,,,,,,,,,,,,,,,,,,,,,,,,,,,,,,,,,,,,,,,,,,,,,,,,,,,,,,,,,,,,,,,,,,,,,,,,,,,,,,,,,,,,,,,,,,,,,,,,,,,,,,,,,,,,,,,,,,,,,,,,,,,,,,
,,,,,,,,,,,,,,,,,,,,,,,,,,,,,,,,,,,,,,,,,,,,,,,,,,,,,,,,,,,,,,,,,,,,,,,,,,,,,,,,,,,,,,,,,,,,,,,,,,,,,,,,,,,,,,,,,,,,,,,,,,,,,,,,,,,,,,,,,,,,,,,,,,,,,,,,,,,,,,,,,,,,,,,,,,,,,,,,,,,,,,,,,,,,,,,,,,,,,,,,,,,,,,,,,,,,,,,,,,,,,,,,,,,,,,,,,,,,,,,,,,,,,,,,,,,,,,,
,,,,,,,,,,,,,,,,,,,,,,,,,,,,,,,,,,,,,,,,,,,,,,,,,,,,,,,,,,,,,,,,,,,,,,,,,,,,,,,,,,,,,,,,,,,,,,,,,,,,,,,,,,,,,,,,,,,,,,,,,,,,,,,,,,,,,,,,,,,,,,,,,,,,,,,,,,,,,,,,,,,,,,,,,,,,,,,,,,,,,,,,,,,,,,,,,,,,,,,,,,,,,,,,,,,,,,,,,,,,,,,,,,,,,,,,,,,,,,,,,,,,,,,,,,,,,,,
,,,,,,,,,,,,,,,,,,,,,,,,,,,,,,,,,,,,,,,,,,,,,,,,,,,,,,,,,,,,,,,,,,,,,,,,,,,,,,,,,,,,,,,,,,,,,,,,,,,,,,,,,,,,,,,,,,,,,,,,,,,,,,,,,,,,,,,,,,,,,,,,,,,,,,,,,,,,,,,,,,,,,,,,,,,,,,,,,,,,,,,,,,,,,,,,,,,,,,,,,,,,,,,,,,,,,,,,,,,,,,,,,,,,,,,,,,,,,,,,,,,,,,,,,,,,,,,
,,,,,,,,,,,,,,,,,,,,,,,,,,,,,,,,,,,,,,,,,,,,,,,,,,,,,,,,,,,,,,,,,,,,,,,,,,,,,,,,,,,,,,,,,,,,,,,,,,,,,,,,,,,,,,,,,,,,,,,,,,,,,,,,,,,,,,,,,,,,,,,,,,,,,,,,,,,,,,,,,,,,,,,,,,,,,,,,,,,,,,,,,,,,,,,,,,,,,,,,,,,,,,,,,,,,,,,,,,,,,,,,,,,,,,,,,,,,,,,,,,,,,,,,,,,,,,,
,,,,,,,,,,,,,,,,,,,,,,,,,,,,,,,,,,,,,,,,,,,,,,,,,,,,,,,,,,,,,,,,,,,,,,,,,,,,,,,,,,,,,,,,,,,,,,,,,,,,,,,,,,,,,,,,,,,,,,,,,,,,,,,,,,,,,,,,,,,,,,,,,,,,,,,,,,,,,,,,,,,,,,,,,,,,,,,,,,,,,,,,,,,,,,,,,,,,,,,,,,,,,,,,,,,,,,,,,,,,,,,,,,,,,,,,,,,,,,,,,,,,,,,,,,,,,,,
,,,,,,,,,,,,,,,,,,,,,,,,,,,,,,,,,,,,,,,,,,,,,,,,,,,,,,,,,,,,,,,,,,,,,,,,,,,,,,,,,,,,,,,,,,,,,,,,,,,,,,,,,,,,,,,,,,,,,,,,,,,,,,,,,,,,,,,,,,,,,,,,,,,,,,,,,,,,,,,,,,,,,,,,,,,,,,,,,,,,,,,,,,,,,,,,,,,,,,,,,,,,,,,,,,,,,,,,,,,,,,,,,,,,,,,,,,,,,,,,,,,,,,,,,,,,,,,
,,,,,,,,,,,,,,,,,,,,,,,,,,,,,,,,,,,,,,,,,,,,,,,,,,,,,,,,,,,,,,,,,,,,,,,,,,,,,,,,,,,,,,,,,,,,,,,,,,,,,,,,,,,,,,,,,,,,,,,,,,,,,,,,,,,,,,,,,,,,,,,,,,,,,,,,,,,,,,,,,,,,,,,,,,,,,,,,,,,,,,,,,,,,,,,,,,,,,,,,,,,,,,,,,,,,,,,,,,,,,,,,,,,,,,,,,,,,,,,,,,,,,,,,,,,,,,,
,,,,,,,,,,,,,,,,,,,,,,,,,,,,,,,,,,,,,,,,,,,,,,,,,,,,,,,,,,,,,,,,,,,,,,,,,,,,,,,,,,,,,,,,,,,,,,,,,,,,,,,,,,,,,,,,,,,,,,,,,,,,,,,,,,,,,,,,,,,,,,,,,,,,,,,,,,,,,,,,,,,,,,,,,,,,,,,,,,,,,,,,,,,,,,,,,,,,,,,,,,,,,,,,,,,,,,,,,,,,,,,,,,,,,,,,,,,,,,,,,,,,,,,,,,,,,,,
,,,,,,,,,,,,,,,,,,,,,,,,,,,,,,,,,,,,,,,,,,,,,,,,,,,,,,,,,,,,,,,,,,,,,,,,,,,,,,,,,,,,,,,,,,,,,,,,,,,,,,,,,,,,,,,,,,,,,,,,,,,,,,,,,,,,,,,,,,,,,,,,,,,,,,,,,,,,,,,,,,,,,,,,,,,,,,,,,,,,,,,,,,,,,,,,,,,,,,,,,,,,,,,,,,,,,,,,,,,,,,,,,,,,,,,,,,,,,,,,,,,,,,,,,,,,,,,
,,,,,,,,,,,,,,,,,,,,,,,,,,,,,,,,,,,,,,,,,,,,,,,,,,,,,,,,,,,,,,,,,,,,,,,,,,,,,,,,,,,,,,,,,,,,,,,,,,,,,,,,,,,,,,,,,,,,,,,,,,,,,,,,,,,,,,,,,,,,,,,,,,,,,,,,,,,,,,,,,,,,,,,,,,,,,,,,,,,,,,,,,,,,,,,,,,,,,,,,,,,,,,,,,,,,,,,,,,,,,,,,,,,,,,,,,,,,,,,,,,,,,,,,,,,,,,,
,,,,,,,,,,,,,,,,,,,,,,,,,,,,,,,,,,,,,,,,,,,,,,,,,,,,,,,,,,,,,,,,,,,,,,,,,,,,,,,,,,,,,,,,,,,,,,,,,,,,,,,,,,,,,,,,,,,,,,,,,,,,,,,,,,,,,,,,,,,,,,,,,,,,,,,,,,,,,,,,,,,,,,,,,,,,,,,,,,,,,,,,,,,,,,,,,,,,,,,,,,,,,,,,,,,,,,,,,,,,,,,,,,,,,,,,,,,,,,,,,,,,,,,,,,,,,,,
,,,,,,,,,,,,,,,,,,,,,,,,,,,,,,,,,,,,,,,,,,,,,,,,,,,,,,,,,,,,,,,,,,,,,,,,,,,,,,,,,,,,,,,,,,,,,,,,,,,,,,,,,,,,,,,,,,,,,,,,,,,,,,,,,,,,,,,,,,,,,,,,,,,,,,,,,,,,,,,,,,,,,,,,,,,,,,,,,,,,,,,,,,,,,,,,,,,,,,,,,,,,,,,,,,,,,,,,,,,,,,,,,,,,,,,,,,,,,,,,,,,,,,,,,,,,,,,
,,,,,,,,,,,,,,,,,,,,,,,,,,,,,,,,,,,,,,,,,,,,,,,,,,,,,,,,,,,,,,,,,,,,,,,,,,,,,,,,,,,,,,,,,,,,,,,,,,,,,,,,,,,,,,,,,,,,,,,,,,,,,,,,,,,,,,,,,,,,,,,,,,,,,,,,,,,,,,,,,,,,,,,,,,,,,,,,,,,,,,,,,,,,,,,,,,,,,,,,,,,,,,,,,,,,,,,,,,,,,,,,,,,,,,,,,,,,,,,,,,,,,,,,,,,,,,,
,,,,,,,,,,,,,,,,,,,,,,,,,,,,,,,,,,,,,,,,,,,,,,,,,,,,,,,,,,,,,,,,,,,,,,,,,,,,,,,,,,,,,,,,,,,,,,,,,,,,,,,,,,,,,,,,,,,,,,,,,,,,,,,,,,,,,,,,,,,,,,,,,,,,,,,,,,,,,,,,,,,,,,,,,,,,,,,,,,,,,,,,,,,,,,,,,,,,,,,,,,,,,,,,,,,,,,,,,,,,,,,,,,,,,,,,,,,,,,,,,,,,,,,,,,,,,,,
,,,,,,,,,,,,,,,,,,,,,,,,,,,,,,,,,,,,,,,,,,,,,,,,,,,,,,,,,,,,,,,,,,,,,,,,,,,,,,,,,,,,,,,,,,,,,,,,,,,,,,,,,,,,,,,,,,,,,,,,,,,,,,,,,,,,,,,,,,,,,,,,,,,,,,,,,,,,,,,,,,,,,,,,,,,,,,,,,,,,,,,,,,,,,,,,,,,,,,,,,,,,,,,,,,,,,,,,,,,,,,,,,,,,,,,,,,,,,,,,,,,,,,,,,,,,,,,
,,,,,,,,,,,,,,,,,,,,,,,,,,,,,,,,,,,,,,,,,,,,,,,,,,,,,,,,,,,,,,,,,,,,,,,,,,,,,,,,,,,,,,,,,,,,,,,,,,,,,,,,,,,,,,,,,,,,,,,,,,,,,,,,,,,,,,,,,,,,,,,,,,,,,,,,,,,,,,,,,,,,,,,,,,,,,,,,,,,,,,,,,,,,,,,,,,,,,,,,,,,,,,,,,,,,,,,,,,,,,,,,,,,,,,,,,,,,,,,,,,,,,,,,,,,,,,,
,,,,,,,,,,,,,,,,,,,,,,,,,,,,,,,,,,,,,,,,,,,,,,,,,,,,,,,,,,,,,,,,,,,,,,,,,,,,,,,,,,,,,,,,,,,,,,,,,,,,,,,,,,,,,,,,,,,,,,,,,,,,,,,,,,,,,,,,,,,,,,,,,,,,,,,,,,,,,,,,,,,,,,,,,,,,,,,,,,,,,,,,,,,,,,,,,,,,,,,,,,,,,,,,,,,,,,,,,,,,,,,,,,,,,,,,,,,,,,,,,,,,,,,,,,,,,,,
,,,,,,,,,,,,,,,,,,,,,,,,,,,,,,,,,,,,,,,,,,,,,,,,,,,,,,,,,,,,,,,,,,,,,,,,,,,,,,,,,,,,,,,,,,,,,,,,,,,,,,,,,,,,,,,,,,,,,,,,,,,,,,,,,,,,,,,,,,,,,,,,,,,,,,,,,,,,,,,,,,,,,,,,,,,,,,,,,,,,,,,,,,,,,,,,,,,,,,,,,,,,,,,,,,,,,,,,,,,,,,,,,,,,,,,,,,,,,,,,,,,,,,,,,,,,,,,
,,,,,,,,,,,,,,,,,,,,,,,,,,,,,,,,,,,,,,,,,,,,,,,,,,,,,,,,,,,,,,,,,,,,,,,,,,,,,,,,,,,,,,,,,,,,,,,,,,,,,,,,,,,,,,,,,,,,,,,,,,,,,,,,,,,,,,,,,,,,,,,,,,,,,,,,,,,,,,,,,,,,,,,,,,,,,,,,,,,,,,,,,,,,,,,,,,,,,,,,,,,,,,,,,,,,,,,,,,,,,,,,,,,,,,,,,,,,,,,,,,,,,,,,,,,,,,,
,,,,,,,,,,,,,,,,,,,,,,,,,,,,,,,,,,,,,,,,,,,,,,,,,,,,,,,,,,,,,,,,,,,,,,,,,,,,,,,,,,,,,,,,,,,,,,,,,,,,,,,,,,,,,,,,,,,,,,,,,,,,,,,,,,,,,,,,,,,,,,,,,,,,,,,,,,,,,,,,,,,,,,,,,,,,,,,,,,,,,,,,,,,,,,,,,,,,,,,,,,,,,,,,,,,,,,,,,,,,,,,,,,,,,,,,,,,,,,,,,,,,,,,,,,,,,,,
,,,,,,,,,,,,,,,,,,,,,,,,,,,,,,,,,,,,,,,,,,,,,,,,,,,,,,,,,,,,,,,,,,,,,,,,,,,,,,,,,,,,,,,,,,,,,,,,,,,,,,,,,,,,,,,,,,,,,,,,,,,,,,,,,,,,,,,,,,,,,,,,,,,,,,,,,,,,,,,,,,,,,,,,,,,,,,,,,,,,,,,,,,,,,,,,,,,,,,,,,,,,,,,,,,,,,,,,,,,,,,,,,,,,,,,,,,,,,,,,,,,,,,,,,,,,,,,
,,,,,,,,,,,,,,,,,,,,,,,,,,,,,,,,,,,,,,,,,,,,,,,,,,,,,,,,,,,,,,,,,,,,,,,,,,,,,,,,,,,,,,,,,,,,,,,,,,,,,,,,,,,,,,,,,,,,,,,,,,,,,,,,,,,,,,,,,,,,,,,,,,,,,,,,,,,,,,,,,,,,,,,,,,,,,,,,,,,,,,,,,,,,,,,,,,,,,,,,,,,,,,,,,,,,,,,,,,,,,,,,,,,,,,,,,,,,,,,,,,,,,,,,,,,,,,,
,,,,,,,,,,,,,,,,,,,,,,,,,,,,,,,,,,,,,,,,,,,,,,,,,,,,,,,,,,,,,,,,,,,,,,,,,,,,,,,,,,,,,,,,,,,,,,,,,,,,,,,,,,,,,,,,,,,,,,,,,,,,,,,,,,,,,,,,,,,,,,,,,,,,,,,,,,,,,,,,,,,,,,,,,,,,,,,,,,,,,,,,,,,,,,,,,,,,,,,,,,,,,,,,,,,,,,,,,,,,,,,,,,,,,,,,,,,,,,,,,,,,,,,,,,,,,,,
,,,,,,,,,,,,,,,,,,,,,,,,,,,,,,,,,,,,,,,,,,,,,,,,,,,,,,,,,,,,,,,,,,,,,,,,,,,,,,,,,,,,,,,,,,,,,,,,,,,,,,,,,,,,,,,,,,,,,,,,,,,,,,,,,,,,,,,,,,,,,,,,,,,,,,,,,,,,,,,,,,,,,,,,,,,,,,,,,,,,,,,,,,,,,,,,,,,,,,,,,,,,,,,,,,,,,,,,,,,,,,,,,,,,,,,,,,,,,,,,,,,,,,,,,,,,,,,
,,,,,,,,,,,,,,,,,,,,,,,,,,,,,,,,,,,,,,,,,,,,,,,,,,,,,,,,,,,,,,,,,,,,,,,,,,,,,,,,,,,,,,,,,,,,,,,,,,,,,,,,,,,,,,,,,,,,,,,,,,,,,,,,,,,,,,,,,,,,,,,,,,,,,,,,,,,,,,,,,,,,,,,,,,,,,,,,,,,,,,,,,,,,,,,,,,,,,,,,,,,,,,,,,,,,,,,,,,,,,,,,,,,,,,,,,,,,,,,,,,,,,,,,,,,,,,,
,,,,,,,,,,,,,,,,,,,,,,,,,,,,,,,,,,,,,,,,,,,,,,,,,,,,,,,,,,,,,,,,,,,,,,,,,,,,,,,,,,,,,,,,,,,,,,,,,,,,,,,,,,,,,,,,,,,,,,,,,,,,,,,,,,,,,,,,,,,,,,,,,,,,,,,,,,,,,,,,,,,,,,,,,,,,,,,,,,,,,,,,,,,,,,,,,,,,,,,,,,,,,,,,,,,,,,,,,,,,,,,,,,,,,,,,,,,,,,,,,,,,,,,,,,,,,,,
,,,,,,,,,,,,,,,,,,,,,,,,,,,,,,,,,,,,,,,,,,,,,,,,,,,,,,,,,,,,,,,,,,,,,,,,,,,,,,,,,,,,,,,,,,,,,,,,,,,,,,,,,,,,,,,,,,,,,,,,,,,,,,,,,,,,,,,,,,,,,,,,,,,,,,,,,,,,,,,,,,,,,,,,,,,,,,,,,,,,,,,,,,,,,,,,,,,,,,,,,,,,,,,,,,,,,,,,,,,,,,,,,,,,,,,,,,,,,,,,,,,,,,,,,,,,,,,
,,,,,,,,,,,,,,,,,,,,,,,,,,,,,,,,,,,,,,,,,,,,,,,,,,,,,,,,,,,,,,,,,,,,,,,,,,,,,,,,,,,,,,,,,,,,,,,,,,,,,,,,,,,,,,,,,,,,,,,,,,,,,,,,,,,,,,,,,,,,,,,,,,,,,,,,,,,,,,,,,,,,,,,,,,,,,,,,,,,,,,,,,,,,,,,,,,,,,,,,,,,,,,,,,,,,,,,,,,,,,,,,,,,,,,,,,,,,,,,,,,,,,,,,,,,,,,,
,,,,,,,,,,,,,,,,,,,,,,,,,,,,,,,,,,,,,,,,,,,,,,,,,,,,,,,,,,,,,,,,,,,,,,,,,,,,,,,,,,,,,,,,,,,,,,,,,,,,,,,,,,,,,,,,,,,,,,,,,,,,,,,,,,,,,,,,,,,,,,,,,,,,,,,,,,,,,,,,,,,,,,,,,,,,,,,,,,,,,,,,,,,,,,,,,,,,,,,,,,,,,,,,,,,,,,,,,,,,,,,,,,,,,,,,,,,,,,,,,,,,,,,,,,,,,,,
,,,,,,,,,,,,,,,,,,,,,,,,,,,,,,,,,,,,,,,,,,,,,,,,,,,,,,,,,,,,,,,,,,,,,,,,,,,,,,,,,,,,,,,,,,,,,,,,,,,,,,,,,,,,,,,,,,,,,,,,,,,,,,,,,,,,,,,,,,,,,,,,,,,,,,,,,,,,,,,,,,,,,,,,,,,,,,,,,,,,,,,,,,,,,,,,,,,,,,,,,,,,,,,,,,,,,,,,,,,,,,,,,,,,,,,,,,,,,,,,,,,,,,,,,,,,,,,
,,,,,,,,,,,,,,,,,,,,,,,,,,,,,,,,,,,,,,,,,,,,,,,,,,,,,,,,,,,,,,,,,,,,,,,,,,,,,,,,,,,,,,,,,,,,,,,,,,,,,,,,,,,,,,,,,,,,,,,,,,,,,,,,,,,,,,,,,,,,,,,,,,,,,,,,,,,,,,,,,,,,,,,,,,,,,,,,,,,,,,,,,,,,,,,,,,,,,,,,,,,,,,,,,,,,,,,,,,,,,,,,,,,,,,,,,,,,,,,,,,,,,,,,,,,,,,,
,,,,,,,,,,,,,,,,,,,,,,,,,,,,,,,,,,,,,,,,,,,,,,,,,,,,,,,,,,,,,,,,,,,,,,,,,,,,,,,,,,,,,,,,,,,,,,,,,,,,,,,,,,,,,,,,,,,,,,,,,,,,,,,,,,,,,,,,,,,,,,,,,,,,,,,,,,,,,,,,,,,,,,,,,,,,,,,,,,,,,,,,,,,,,,,,,,,,,,,,,,,,,,,,,,,,,,,,,,,,,,,,,,,,,,,,,,,,,,,,,,,,,,,,,,,,,,,
,,,,,,,,,,,,,,,,,,,,,,,,,,,,,,,,,,,,,,,,,,,,,,,,,,,,,,,,,,,,,,,,,,,,,,,,,,,,,,,,,,,,,,,,,,,,,,,,,,,,,,,,,,,,,,,,,,,,,,,,,,,,,,,,,,,,,,,,,,,,,,,,,,,,,,,,,,,,,,,,,,,,,,,,,,,,,,,,,,,,,,,,,,,,,,,,,,,,,,,,,,,,,,,,,,,,,,,,,,,,,,,,,,,,,,,,,,,,,,,,,,,,,,,,,,,,,,,
,,,,,,,,,,,,,,,,,,,,,,,,,,,,,,,,,,,,,,,,,,,,,,,,,,,,,,,,,,,,,,,,,,,,,,,,,,,,,,,,,,,,,,,,,,,,,,,,,,,,,,,,,,,,,,,,,,,,,,,,,,,,,,,,,,,,,,,,,,,,,,,,,,,,,,,,,,,,,,,,,,,,,,,,,,,,,,,,,,,,,,,,,,,,,,,,,,,,,,,,,,,,,,,,,,,,,,,,,,,,,,,,,,,,,,,,,,,,,,,,,,,,,,,,,,,,,,,
,,,,,,,,,,,,,,,,,,,,,,,,,,,,,,,,,,,,,,,,,,,,,,,,,,,,,,,,,,,,,,,,,,,,,,,,,,,,,,,,,,,,,,,,,,,,,,,,,,,,,,,,,,,,,,,,,,,,,,,,,,,,,,,,,,,,,,,,,,,,,,,,,,,,,,,,,,,,,,,,,,,,,,,,,,,,,,,,,,,,,,,,,,,,,,,,,,,,,,,,,,,,,,,,,,,,,,,,,,,,,,,,,,,,,,,,,,,,,,,,,,,,,,,,,,,,,,,
,,,,,,,,,,,,,,,,,,,,,,,,,,,,,,,,,,,,,,,,,,,,,,,,,,,,,,,,,,,,,,,,,,,,,,,,,,,,,,,,,,,,,,,,,,,,,,,,,,,,,,,,,,,,,,,,,,,,,,,,,,,,,,,,,,,,,,,,,,,,,,,,,,,,,,,,,,,,,,,,,,,,,,,,,,,,,,,,,,,,,,,,,,,,,,,,,,,,,,,,,,,,,,,,,,,,,,,,,,,,,,,,,,,,,,,,,,,,,,,,,,,,,,,,,,,,,,,
,,,,,,,,,,,,,,,,,,,,,,,,,,,,,,,,,,,,,,,,,,,,,,,,,,,,,,,,,,,,,,,,,,,,,,,,,,,,,,,,,,,,,,,,,,,,,,,,,,,,,,,,,,,,,,,,,,,,,,,,,,,,,,,,,,,,,,,,,,,,,,,,,,,,,,,,,,,,,,,,,,,,,,,,,,,,,,,,,,,,,,,,,,,,,,,,,,,,,,,,,,,,,,,,,,,,,,,,,,,,,,,,,,,,,,,,,,,,,,,,,,,,,,,,,,,,,,,
,,,,,,,,,,,,,,,,,,,,,,,,,,,,,,,,,,,,,,,,,,,,,,,,,,,,,,,,,,,,,,,,,,,,,,,,,,,,,,,,,,,,,,,,,,,,,,,,,,,,,,,,,,,,,,,,,,,,,,,,,,,,,,,,,,,,,,,,,,,,,,,,,,,,,,,,,,,,,,,,,,,,,,,,,,,,,,,,,,,,,,,,,,,,,,,,,,,,,,,,,,,,,,,,,,,,,,,,,,,,,,,,,,,,,,,,,,,,,,,,,,,,,,,,,,,,,,,
,,,,,,,,,,,,,,,,,,,,,,,,,,,,,,,,,,,,,,,,,,,,,,,,,,,,,,,,,,,,,,,,,,,,,,,,,,,,,,,,,,,,,,,,,,,,,,,,,,,,,,,,,,,,,,,,,,,,,,,,,,,,,,,,,,,,,,,,,,,,,,,,,,,,,,,,,,,,,,,,,,,,,,,,,,,,,,,,,,,,,,,,,,,,,,,,,,,,,,,,,,,,,,,,,,,,,,,,,,,,,,,,,,,,,,,,,,,,,,,,,,,,,,,,,,,,,,,
,,,,,,,,,,,,,,,,,,,,,,,,,,,,,,,,,,,,,,,,,,,,,,,,,,,,,,,,,,,,,,,,,,,,,,,,,,,,,,,,,,,,,,,,,,,,,,,,,,,,,,,,,,,,,,,,,,,,,,,,,,,,,,,,,,,,,,,,,,,,,,,,,,,,,,,,,,,,,,,,,,,,,,,,,,,,,,,,,,,,,,,,,,,,,,,,,,,,,,,,,,,,,,,,,,,,,,,,,,,,,,,,,,,,,,,,,,,,,,,,,,,,,,,,,,,,,,,
,,,,,,,,,,,,,,,,,,,,,,,,,,,,,,,,,,,,,,,,,,,,,,,,,,,,,,,,,,,,,,,,,,,,,,,,,,,,,,,,,,,,,,,,,,,,,,,,,,,,,,,,,,,,,,,,,,,,,,,,,,,,,,,,,,,,,,,,,,,,,,,,,,,,,,,,,,,,,,,,,,,,,,,,,,,,,,,,,,,,,,,,,,,,,,,,,,,,,,,,,,,,,,,,,,,,,,,,,,,,,,,,,,,,,,,,,,,,,,,,,,,,,,,,,,,,,,,
,,,,,,,,,,,,,,,,,,,,,,,,,,,,,,,,,,,,,,,,,,,,,,,,,,,,,,,,,,,,,,,,,,,,,,,,,,,,,,,,,,,,,,,,,,,,,,,,,,,,,,,,,,,,,,,,,,,,,,,,,,,,,,,,,,,,,,,,,,,,,,,,,,,,,,,,,,,,,,,,,,,,,,,,,,,,,,,,,,,,,,,,,,,,,,,,,,,,,,,,,,,,,,,,,,,,,,,,,,,,,,,,,,,,,,,,,,,,,,,,,,,,,,,,,,,,,,,
,,,,,,,,,,,,,,,,,,,,,,,,,,,,,,,,,,,,,,,,,,,,,,,,,,,,,,,,,,,,,,,,,,,,,,,,,,,,,,,,,,,,,,,,,,,,,,,,,,,,,,,,,,,,,,,,,,,,,,,,,,,,,,,,,,,,,,,,,,,,,,,,,,,,,,,,,,,,,,,,,,,,,,,,,,,,,,,,,,,,,,,,,,,,,,,,,,,,,,,,,,,,,,,,,,,,,,,,,,,,,,,,,,,,,,,,,,,,,,,,,,,,,,,,,,,,,,,
,,,,,,,,,,,,,,,,,,,,,,,,,,,,,,,,,,,,,,,,,,,,,,,,,,,,,,,,,,,,,,,,,,,,,,,,,,,,,,,,,,,,,,,,,,,,,,,,,,,,,,,,,,,,,,,,,,,,,,,,,,,,,,,,,,,,,,,,,,,,,,,,,,,,,,,,,,,,,,,,,,,,,,,,,,,,,,,,,,,,,,,,,,,,,,,,,,,,,,,,,,,,,,,,,,,,,,,,,,,,,,,,,,,,,,,,,,,,,,,,,,,,,,,,,,,,,,,
,,,,,,,,,,,,,,,,,,,,,,,,,,,,,,,,,,,,,,,,,,,,,,,,,,,,,,,,,,,,,,,,,,,,,,,,,,,,,,,,,,,,,,,,,,,,,,,,,,,,,,,,,,,,,,,,,,,,,,,,,,,,,,,,,,,,,,,,,,,,,,,,,,,,,,,,,,,,,,,,,,,,,,,,,,,,,,,,,,,,,,,,,,,,,,,,,,,,,,,,,,,,,,,,,,,,,,,,,,,,,,,,,,,,,,,,,,,,,,,,,,,,,,,,,,,,,,,
,,,,,,,,,,,,,,,,,,,,,,,,,,,,,,,,,,,,,,,,,,,,,,,,,,,,,,,,,,,,,,,,,,,,,,,,,,,,,,,,,,,,,,,,,,,,,,,,,,,,,,,,,,,,,,,,,,,,,,,,,,,,,,,,,,,,,,,,,,,,,,,,,,,,,,,,,,,,,,,,,,,,,,,,,,,,,,,,,,,,,,,,,,,,,,,,,,,,,,,,,,,,,,,,,,,,,,,,,,,,,,,,,,,,,,,,,,,,,,,,,,,,,,,,,,,,,,,
,,,,,,,,,,,,,,,,,,,,,,,,,,,,,,,,,,,,,,,,,,,,,,,,,,,,,,,,,,,,,,,,,,,,,,,,,,,,,,,,,,,,,,,,,,,,,,,,,,,,,,,,,,,,,,,,,,,,,,,,,,,,,,,,,,,,,,,,,,,,,,,,,,,,,,,,,,,,,,,,,,,,,,,,,,,,,,,,,,,,,,,,,,,,,,,,,,,,,,,,,,,,,,,,,,,,,,,,,,,,,,,,,,,,,,,,,,,,,,,,,,,,,,,,,,,,,,,
,,,,,,,,,,,,,,,,,,,,,,,,,,,,,,,,,,,,,,,,,,,,,,,,,,,,,,,,,,,,,,,,,,,,,,,,,,,,,,,,,,,,,,,,,,,,,,,,,,,,,,,,,,,,,,,,,,,,,,,,,,,,,,,,,,,,,,,,,,,,,,,,,,,,,,,,,,,,,,,,,,,,,,,,,,,,,,,,,,,,,,,,,,,,,,,,,,,,,,,,,,,,,,,,,,,,,,,,,,,,,,,,,,,,,,,,,,,,,,,,,,,,,,,,,,,,,,,
,,,,,,,,,,,,,,,,,,,,,,,,,,,,,,,,,,,,,,,,,,,,,,,,,,,,,,,,,,,,,,,,,,,,,,,,,,,,,,,,,,,,,,,,,,,,,,,,,,,,,,,,,,,,,,,,,,,,,,,,,,,,,,,,,,,,,,,,,,,,,,,,,,,,,,,,,,,,,,,,,,,,,,,,,,,,,,,,,,,,,,,,,,,,,,,,,,,,,,,,,,,,,,,,,,,,,,,,,,,,,,,,,,,,,,,,,,,,,,,,,,,,,,,,,,,,,,,
,,,,,,,,,,,,,,,,,,,,,,,,,,,,,,,,,,,,,,,,,,,,,,,,,,,,,,,,,,,,,,,,,,,,,,,,,,,,,,,,,,,,,,,,,,,,,,,,,,,,,,,,,,,,,,,,,,,,,,,,,,,,,,,,,,,,,,,,,,,,,,,,,,,,,,,,,,,,,,,,,,,,,,,,,,,,,,,,,,,,,,,,,,,,,,,,,,,,,,,,,,,,,,,,,,,,,,,,,,,,,,,,,,,,,,,,,,,,,,,,,,,,,,,,,,,,,,,
,,,,,,,,,,,,,,,,,,,,,,,,,,,,,,,,,,,,,,,,,,,,,,,,,,,,,,,,,,,,,,,,,,,,,,,,,,,,,,,,,,,,,,,,,,,,,,,,,,,,,,,,,,,,,,,,,,,,,,,,,,,,,,,,,,,,,,,,,,,,,,,,,,,,,,,,,,,,,,,,,,,,,,,,,,,,,,,,,,,,,,,,,,,,,,,,,,,,,,,,,,,,,,,,,,,,,,,,,,,,,,,,,,,,,,,,,,,,,,,,,,,,,,,,,,,,,,,
,,,,,,,,,,,,,,,,,,,,,,,,,,,,,,,,,,,,,,,,,,,,,,,,,,,,,,,,,,,,,,,,,,,,,,,,,,,,,,,,,,,,,,,,,,,,,,,,,,,,,,,,,,,,,,,,,,,,,,,,,,,,,,,,,,,,,,,,,,,,,,,,,,,,,,,,,,,,,,,,,,,,,,,,,,,,,,,,,,,,,,,,,,,,,,,,,,,,,,,,,,,,,,,,,,,,,,,,,,,,,,,,,,,,,,,,,,,,,,,,,,,,,,,,,,,,,,,
,,,,,,,,,,,,,,,,,,,,,,,,,,,,,,,,,,,,,,,,,,,,,,,,,,,,,,,,,,,,,,,,,,,,,,,,,,,,,,,,,,,,,,,,,,,,,,,,,,,,,,,,,,,,,,,,,,,,,,,,,,,,,,,,,,,,,,,,,,,,,,,,,,,,,,,,,,,,,,,,,,,,,,,,,,,,,,,,,,,,,,,,,,,,,,,,,,,,,,,,,,,,,,,,,,,,,,,,,,,,,,,,,,,,,,,,,,,,,,,,,,,,,,,,,,,,,,,
,,,,,,,,,,,,,,,,,,,,,,,,,,,,,,,,,,,,,,,,,,,,,,,,,,,,,,,,,,,,,,,,,,,,,,,,,,,,,,,,,,,,,,,,,,,,,,,,,,,,,,,,,,,,,,,,,,,,,,,,,,,,,,,,,,,,,,,,,,,,,,,,,,,,,,,,,,,,,,,,,,,,,,,,,,,,,,,,,,,,,,,,,,,,,,,,,,,,,,,,,,,,,,,,,,,,,,,,,,,,,,,,,,,,,,,,,,,,,,,,,,,,,,,,,,,,,,,
,,,,,,,,,,,,,,,,,,,,,,,,,,,,,,,,,,,,,,,,,,,,,,,,,,,,,,,,,,,,,,,,,,,,,,,,,,,,,,,,,,,,,,,,,,,,,,,,,,,,,,,,,,,,,,,,,,,,,,,,,,,,,,,,,,,,,,,,,,,,,,,,,,,,,,,,,,,,,,,,,,,,,,,,,,,,,,,,,,,,,,,,,,,,,,,,,,,,,,,,,,,,,,,,,,,,,,,,,,,,,,,,,,,,,,,,,,,,,,,,,,,,,,,,,,,,,,,
,,,,,,,,,,,,,,,,,,,,,,,,,,,,,,,,,,,,,,,,,,,,,,,,,,,,,,,,,,,,,,,,,,,,,,,,,,,,,,,,,,,,,,,,,,,,,,,,,,,,,,,,,,,,,,,,,,,,,,,,,,,,,,,,,,,,,,,,,,,,,,,,,,,,,,,,,,,,,,,,,,,,,,,,,,,,,,,,,,,,,,,,,,,,,,,,,,,,,,,,,,,,,,,,,,,,,,,,,,,,,,,,,,,,,,,,,,,,,,,,,,,,,,,,,,,,,,,
,,,,,,,,,,,,,,,,,,,,,,,,,,,,,,,,,,,,,,,,,,,,,,,,,,,,,,,,,,,,,,,,,,,,,,,,,,,,,,,,,,,,,,,,,,,,,,,,,,,,,,,,,,,,,,,,,,,,,,,,,,,,,,,,,,,,,,,,,,,,,,,,,,,,,,,,,,,,,,,,,,,,,,,,,,,,,,,,,,,,,,,,,,,,,,,,,,,,,,,,,,,,,,,,,,,,,,,,,,,,,,,,,,,,,,,,,,,,,,,,,,,,,,,,,,,,,,,
,,,,,,,,,,,,,,,,,,,,,,,,,,,,,,,,,,,,,,,,,,,,,,,,,,,,,,,,,,,,,,,,,,,,,,,,,,,,,,,,,,,,,,,,,,,,,,,,,,,,,,,,,,,,,,,,,,,,,,,,,,,,,,,,,,,,,,,,,,,,,,,,,,,,,,,,,,,,,,,,,,,,,,,,,,,,,,,,,,,,,,,,,,,,,,,,,,,,,,,,,,,,,,,,,,,,,,,,,,,,,,,,,,,,,,,,,,,,,,,,,,,,,,,,,,,,,,,
,,,,,,,,,,,,,,,,,,,,,,,,,,,,,,,,,,,,,,,,,,,,,,,,,,,,,,,,,,,,,,,,,,,,,,,,,,,,,,,,,,,,,,,,,,,,,,,,,,,,,,,,,,,,,,,,,,,,,,,,,,,,,,,,,,,,,,,,,,,,,,,,,,,,,,,,,,,,,,,,,,,,,,,,,,,,,,,,,,,,,,,,,,,,,,,,,,,,,,,,,,,,,,,,,,,,,,,,,,,,,,,,,,,,,,,,,,,,,,,,,,,,,,,,,,,,,,,
,,,,,,,,,,,,,,,,,,,,,,,,,,,,,,,,,,,,,,,,,,,,,,,,,,,,,,,,,,,,,,,,,,,,,,,,,,,,,,,,,,,,,,,,,,,,,,,,,,,,,,,,,,,,,,,,,,,,,,,,,,,,,,,,,,,,,,,,,,,,,,,,,,,,,,,,,,,,,,,,,,,,,,,,,,,,,,,,,,,,,,,,,,,,,,,,,,,,,,,,,,,,,,,,,,,,,,,,,,,,,,,,,,,,,,,,,,,,,,,,,,,,,,,,,,,,,,,
,,,,,,,,,,,,,,,,,,,,,,,,,,,,,,,,,,,,,,,,,,,,,,,,,,,,,,,,,,,,,,,,,,,,,,,,,,,,,,,,,,,,,,,,,,,,,,,,,,,,,,,,,,,,,,,,,,,,,,,,,,,,,,,,,,,,,,,,,,,,,,,,,,,,,,,,,,,,,,,,,,,,,,,,,,,,,,,,,,,,,,,,,,,,,,,,,,,,,,,,,,,,,,,,,,,,,,,,,,,,,,,,,,,,,,,,,,,,,,,,,,,,,,,,,,,,,,,
,,,,,,,,,,,,,,,,,,,,,,,,,,,,,,,,,,,,,,,,,,,,,,,,,,,,,,,,,,,,,,,,,,,,,,,,,,,,,,,,,,,,,,,,,,,,,,,,,,,,,,,,,,,,,,,,,,,,,,,,,,,,,,,,,,,,,,,,,,,,,,,,,,,,,,,,,,,,,,,,,,,,,,,,,,,,,,,,,,,,,,,,,,,,,,,,,,,,,,,,,,,,,,,,,,,,,,,,,,,,,,,,,,,,,,,,,,,,,,,,,,,,,,,,,,,,,,,
,,,,,,,,,,,,,,,,,,,,,,,,,,,,,,,,,,,,,,,,,,,,,,,,,,,,,,,,,,,,,,,,,,,,,,,,,,,,,,,,,,,,,,,,,,,,,,,,,,,,,,,,,,,,,,,,,,,,,,,,,,,,,,,,,,,,,,,,,,,,,,,,,,,,,,,,,,,,,,,,,,,,,,,,,,,,,,,,,,,,,,,,,,,,,,,,,,,,,,,,,,,,,,,,,,,,,,,,,,,,,,,,,,,,,,,,,,,,,,,,,,,,,,,,,,,,,,,
,,,,,,,,,,,,,,,,,,,,,,,,,,,,,,,,,,,,,,,,,,,,,,,,,,,,,,,,,,,,,,,,,,,,,,,,,,,,,,,,,,,,,,,,,,,,,,,,,,,,,,,,,,,,,,,,,,,,,,,,,,,,,,,,,,,,,,,,,,,,,,,,,,,,,,,,,,,,,,,,,,,,,,,,,,,,,,,,,,,,,,,,,,,,,,,,,,,,,,,,,,,,,,,,,,,,,,,,,,,,,,,,,,,,,,,,,,,,,,,,,,,,,,,,,,,,,,,
,,,,,,,,,,,,,,,,,,,,,,,,,,,,,,,,,,,,,,,,,,,,,,,,,,,,,,,,,,,,,,,,,,,,,,,,,,,,,,,,,,,,,,,,,,,,,,,,,,,,,,,,,,,,,,,,,,,,,,,,,,,,,,,,,,,,,,,,,,,,,,,,,,,,,,,,,,,,,,,,,,,,,,,,,,,,,,,,,,,,,,,,,,,,,,,,,,,,,,,,,,,,,,,,,,,,,,,,,,,,,,,,,,,,,,,,,,,,,,,,,,,,,,,,,,,,,,,
,,,,,,,,,,,,,,,,,,,,,,,,,,,,,,,,,,,,,,,,,,,,,,,,,,,,,,,,,,,,,,,,,,,,,,,,,,,,,,,,,,,,,,,,,,,,,,,,,,,,,,,,,,,,,,,,,,,,,,,,,,,,,,,,,,,,,,,,,,,,,,,,,,,,,,,,,,,,,,,,,,,,,,,,,,,,,,,,,,,,,,,,,,,,,,,,,,,,,,,,,,,,,,,,,,,,,,,,,,,,,,,,,,,,,,,,,,,,,,,,,,,,,,,,,,,,,,,
,,,,,,,,,,,,,,,,,,,,,,,,,,,,,,,,,,,,,,,,,,,,,,,,,,,,,,,,,,,,,,,,,,,,,,,,,,,,,,,,,,,,,,,,,,,,,,,,,,,,,,,,,,,,,,,,,,,,,,,,,,,,,,,,,,,,,,,,,,,,,,,,,,,,,,,,,,,,,,,,,,,,,,,,,,,,,,,,,,,,,,,,,,,,,,,,,,,,,,,,,,,,,,,,,,,,,,,,,,,,,,,,,,,,,,,,,,,,,,,,,,,,,,,,,,,,,,,
,,,,,,,,,,,,,,,,,,,,,,,,,,,,,,,,,,,,,,,,,,,,,,,,,,,,,,,,,,,,,,,,,,,,,,,,,,,,,,,,,,,,,,,,,,,,,,,,,,,,,,,,,,,,,,,,,,,,,,,,,,,,,,,,,,,,,,,,,,,,,,,,,,,,,,,,,,,,,,,,,,,,,,,,,,,,,,,,,,,,,,,,,,,,,,,,,,,,,,,,,,,,,,,,,,,,,,,,,,,,,,,,,,,,,,,,,,,,,,,,,,,,,,,,,,,,,,,
,,,,,,,,,,,,,,,,,,,,,,,,,,,,,,,,,,,,,,,,,,,,,,,,,,,,,,,,,,,,,,,,,,,,,,,,,,,,,,,,,,,,,,,,,,,,,,,,,,,,,,,,,,,,,,,,,,,,,,,,,,,,,,,,,,,,,,,,,,,,,,,,,,,,,,,,,,,,,,,,,,,,,,,,,,,,,,,,,,,,,,,,,,,,,,,,,,,,,,,,,,,,,,,,,,,,,,,,,,,,,,,,,,,,,,,,,,,,,,,,,,,,,,,,,,,,,,,
,,,,,,,,,,,,,,,,,,,,,,,,,,,,,,,,,,,,,,,,,,,,,,,,,,,,,,,,,,,,,,,,,,,,,,,,,,,,,,,,,,,,,,,,,,,,,,,,,,,,,,,,,,,,,,,,,,,,,,,,,,,,,,,,,,,,,,,,,,,,,,,,,,,,,,,,,,,,,,,,,,,,,,,,,,,,,,,,,,,,,,,,,,,,,,,,,,,,,,,,,,,,,,,,,,,,,,,,,,,,,,,,,,,,,,,,,,,,,,,,,,,,,,,,,,,,,,,
,,,,,,,,,,,,,,,,,,,,,,,,,,,,,,,,,,,,,,,,,,,,,,,,,,,,,,,,,,,,,,,,,,,,,,,,,,,,,,,,,,,,,,,,,,,,,,,,,,,,,,,,,,,,,,,,,,,,,,,,,,,,,,,,,,,,,,,,,,,,,,,,,,,,,,,,,,,,,,,,,,,,,,,,,,,,,,,,,,,,,,,,,,,,,,,,,,,,,,,,,,,,,,,,,,,,,,,,,,,,,,,,,,,,,,,,,,,,,,,,,,,,,,,,,,,,,,,
,,,,,,,,,,,,,,,,,,,,,,,,,,,,,,,,,,,,,,,,,,,,,,,,,,,,,,,,,,,,,,,,,,,,,,,,,,,,,,,,,,,,,,,,,,,,,,,,,,,,,,,,,,,,,,,,,,,,,,,,,,,,,,,,,,,,,,,,,,,,,,,,,,,,,,,,,,,,,,,,,,,,,,,,,,,,,,,,,,,,,,,,,,,,,,,,,,,,,,,,,,,,,,,,,,,,,,,,,,,,,,,,,,,,,,,,,,,,,,,,,,,,,,,,,,,,,,,
,,,,,,,,,,,,,,,,,,,,,,,,,,,,,,,,,,,,,,,,,,,,,,,,,,,,,,,,,,,,,,,,,,,,,,,,,,,,,,,,,,,,,,,,,,,,,,,,,,,,,,,,,,,,,,,,,,,,,,,,,,,,,,,,,,,,,,,,,,,,,,,,,,,,,,,,,,,,,,,,,,,,,,,,,,,,,,,,,,,,,,,,,,,,,,,,,,,,,,,,,,,,,,,,,,,,,,,,,,,,,,,,,,,,,,,,,,,,,,,,,,,,,,,,,,,,,,,
,,,,,,,,,,,,,,,,,,,,,,,,,,,,,,,,,,,,,,,,,,,,,,,,,,,,,,,,,,,,,,,,,,,,,,,,,,,,,,,,,,,,,,,,,,,,,,,,,,,,,,,,,,,,,,,,,,,,,,,,,,,,,,,,,,,,,,,,,,,,,,,,,,,,,,,,,,,,,,,,,,,,,,,,,,,,,,,,,,,,,,,,,,,,,,,,,,,,,,,,,,,,,,,,,,,,,,,,,,,,,,,,,,,,,,,,,,,,,,,,,,,,,,,,,,,,,,,
,,,,,,,,,,,,,,,,,,,,,,,,,,,,,,,,,,,,,,,,,,,,,,,,,,,,,,,,,,,,,,,,,,,,,,,,,,,,,,,,,,,,,,,,,,,,,,,,,,,,,,,,,,,,,,,,,,,,,,,,,,,,,,,,,,,,,,,,,,,,,,,,,,,,,,,,,,,,,,,,,,,,,,,,,,,,,,,,,,,,,,,,,,,,,,,,,,,,,,,,,,,,,,,,,,,,,,,,,,,,,,,,,,,,,,,,,,,,,,,,,,,,,,,,,,,,,,,
,,,,,,,,,,,,,,,,,,,,,,,,,,,,,,,,,,,,,,,,,,,,,,,,,,,,,,,,,,,,,,,,,,,,,,,,,,,,,,,,,,,,,,,,,,,,,,,,,,,,,,,,,,,,,,,,,,,,,,,,,,,,,,,,,,,,,,,,,,,,,,,,,,,,,,,,,,,,,,,,,,,,,,,,,,,,,,,,,,,,,,,,,,,,,,,,,,,,,,,,,,,,,,,,,,,,,,,,,,,,,,,,,,,,,,,,,,,,,,,,,,,,,,,,,,,,,,,
,,,,,,,,,,,,,,,,,,,,,,,,,,,,,,,,,,,,,,,,,,,,,,,,,,,,,,,,,,,,,,,,,,,,,,,,,,,,,,,,,,,,,,,,,,,,,,,,,,,,,,,,,,,,,,,,,,,,,,,,,,,,,,,,,,,,,,,,,,,,,,,,,,,,,,,,,,,,,,,,,,,,,,,,,,,,,,,,,,,,,,,,,,,,,,,,,,,,,,,,,,,,,,,,,,,,,,,,,,,,,,,,,,,,,,,,,,,,,,,,,,,,,,,,,,,,,,,
,,,,,,,,,,,,,,,,,,,,,,,,,,,,,,,,,,,,,,,,,,,,,,,,,,,,,,,,,,,,,,,,,,,,,,,,,,,,,,,,,,,,,,,,,,,,,,,,,,,,,,,,,,,,,,,,,,,,,,,,,,,,,,,,,,,,,,,,,,,,,,,,,,,,,,,,,,,,,,,,,,,,,,,,,,,,,,,,,,,,,,,,,,,,,,,,,,,,,,,,,,,,,,,,,,,,,,,,,,,,,,,,,,,,,,,,,,,,,,,,,,,,,,,,,,,,,,,
,,,,,,,,,,,,,,,,,,,,,,,,,,,,,,,,,,,,,,,,,,,,,,,,,,,,,,,,,,,,,,,,,,,,,,,,,,,,,,,,,,,,,,,,,,,,,,,,,,,,,,,,,,,,,,,,,,,,,,,,,,,,,,,,,,,,,,,,,,,,,,,,,,,,,,,,,,,,,,,,,,,,,,,,,,,,,,,,,,,,,,,,,,,,,,,,,,,,,,,,,,,,,,,,,,,,,,,,,,,,,,,,,,,,,,,,,,,,,,,,,,,,,,,,,,,,,,,
,,,,,,,,,,,,,,,,,,,,,,,,,,,,,,,,,,,,,,,,,,,,,,,,,,,,,,,,,,,,,,,,,,,,,,,,,,,,,,,,,,,,,,,,,,,,,,,,,,,,,,,,,,,,,,,,,,,,,,,,,,,,,,,,,,,,,,,,,,,,,,,,,,,,,,,,,,,,,,,,,,,,,,,,,,,,,,,,,,,,,,,,,,,,,,,,,,,,,,,,,,,,,,,,,,,,,,,,,,,,,,,,,,,,,,,,,,,,,,,,,,,,,,,,,,,,,,,
,,,,,,,,,,,,,,,,,,,,,,,,,,,,,,,,,,,,,,,,,,,,,,,,,,,,,,,,,,,,,,,,,,,,,,,,,,,,,,,,,,,,,,,,,,,,,,,,,,,,,,,,,,,,,,,,,,,,,,,,,,,,,,,,,,,,,,,,,,,,,,,,,,,,,,,,,,,,,,,,,,,,,,,,,,,,,,,,,,,,,,,,,,,,,,,,,,,,,,,,,,,,,,,,,,,,,,,,,,,,,,,,,,,,,,,,,,,,,,,,,,,,,,,,,,,,,,,
,,,,,,,,,,,,,,,,,,,,,,,,,,,,,,,,,,,,,,,,,,,,,,,,,,,,,,,,,,,,,,,,,,,,,,,,,,,,,,,,,,,,,,,,,,,,,,,,,,,,,,,,,,,,,,,,,,,,,,,,,,,,,,,,,,,,,,,,,,,,,,,,,,,,,,,,,,,,,,,,,,,,,,,,,,,,,,,,,,,,,,,,,,,,,,,,,,,,,,,,,,,,,,,,,,,,,,,,,,,,,,,,,,,,,,,,,,,,,,,,,,,,,,,,,,,,,,,
,,,,,,,,,,,,,,,,,,,,,,,,,,,,,,,,,,,,,,,,,,,,,,,,,,,,,,,,,,,,,,,,,,,,,,,,,,,,,,,,,,,,,,,,,,,,,,,,,,,,,,,,,,,,,,,,,,,,,,,,,,,,,,,,,,,,,,,,,,,,,,,,,,,,,,,,,,,,,,,,,,,,,,,,,,,,,,,,,,,,,,,,,,,,,,,,,,,,,,,,,,,,,,,,,,,,,,,,,,,,,,,,,,,,,,,,,,,,,,,,,,,,,,,,,,,,,,,
,,,,,,,,,,,,,,,,,,,,,,,,,,,,,,,,,,,,,,,,,,,,,,,,,,,,,,,,,,,,,,,,,,,,,,,,,,,,,,,,,,,,,,,,,,,,,,,,,,,,,,,,,,,,,,,,,,,,,,,,,,,,,,,,,,,,,,,,,,,,,,,,,,,,,,,,,,,,,,,,,,,,,,,,,,,,,,,,,,,,,,,,,,,,,,,,,,,,,,,,,,,,,,,,,,,,,,,,,,,,,,,,,,,,,,,,,,,,,,,,,,,,,,,,,,,,,,,
,,,,,,,,,,,,,,,,,,,,,,,,,,,,,,,,,,,,,,,,,,,,,,,,,,,,,,,,,,,,,,,,,,,,,,,,,,,,,,,,,,,,,,,,,,,,,,,,,,,,,,,,,,,,,,,,,,,,,,,,,,,,,,,,,,,,,,,,,,,,,,,,,,,,,,,,,,,,,,,,,,,,,,,,,,,,,,,,,,,,,,,,,,,,,,,,,,,,,,,,,,,,,,,,,,,,,,,,,,,,,,,,,,,,,,,,,,,,,,,,,,,,,,,,,,,,,,,
,,,,,,,,,,,,,,,,,,,,,,,,,,,,,,,,,,,,,,,,,,,,,,,,,,,,,,,,,,,,,,,,,,,,,,,,,,,,,,,,,,,,,,,,,,,,,,,,,,,,,,,,,,,,,,,,,,,,,,,,,,,,,,,,,,,,,,,,,,,,,,,,,,,,,,,,,,,,,,,,,,,,,,,,,,,,,,,,,,,,,,,,,,,,,,,,,,,,,,,,,,,,,,,,,,,,,,,,,,,,,,,,,,,,,,,,,,,,,,,,,,,,,,,,,,,,,,,
,,,,,,,,,,,,,,,,,,,,,,,,,,,,,,,,,,,,,,,,,,,,,,,,,,,,,,,,,,,,,,,,,,,,,,,,,,,,,,,,,,,,,,,,,,,,,,,,,,,,,,,,,,,,,,,,,,,,,,,,,,,,,,,,,,,,,,,,,,,,,,,,,,,,,,,,,,,,,,,,,,,,,,,,,,,,,,,,,,,,,,,,,,,,,,,,,,,,,,,,,,,,,,,,,,,,,,,,,,,,,,,,,,,,,,,,,,,,,,,,,,,,,,,,,,,,,,,
,,,,,,,,,,,,,,,,,,,,,,,,,,,,,,,,,,,,,,,,,,,,,,,,,,,,,,,,,,,,,,,,,,,,,,,,,,,,,,,,,,,,,,,,,,,,,,,,,,,,,,,,,,,,,,,,,,,,,,,,,,,,,,,,,,,,,,,,,,,,,,,,,,,,,,,,,,,,,,,,,,,,,,,,,,,,,,,,,,,,,,,,,,,,,,,,,,,,,,,,,,,,,,,,,,,,,,,,,,,,,,,,,,,,,,,,,,,,,,,,,,,,,,,,,,,,,,,
,,,,,,,,,,,,,,,,,,,,,,,,,,,,,,,,,,,,,,,,,,,,,,,,,,,,,,,,,,,,,,,,,,,,,,,,,,,,,,,,,,,,,,,,,,,,,,,,,,,,,,,,,,,,,,,,,,,,,,,,,,,,,,,,,,,,,,,,,,,,,,,,,,,,,,,,,,,,,,,,,,,,,,,,,,,,,,,,,,,,,,,,,,,,,,,,,,,,,,,,,,,,,,,,,,,,,,,,,,,,,,,,,,,,,,,,,,,,,,,,,,,,,,,,,,,,,,,
,,,,,,,,,,,,,,,,,,,,,,,,,,,,,,,,,,,,,,,,,,,,,,,,,,,,,,,,,,,,,,,,,,,,,,,,,,,,,,,,,,,,,,,,,,,,,,,,,,,,,,,,,,,,,,,,,,,,,,,,,,,,,,,,,,,,,,,,,,,,,,,,,,,,,,,,,,,,,,,,,,,,,,,,,,,,,,,,,,,,,,,,,,,,,,,,,,,,,,,,,,,,,,,,,,,,,,,,,,,,,,,,,,,,,,,,,,,,,,,,,,,,,,,,,,,,,,,
,,,,,,,,,,,,,,,,,,,,,,,,,,,,,,,,,,,,,,,,,,,,,,,,,,,,,,,,,,,,,,,,,,,,,,,,,,,,,,,,,,,,,,,,,,,,,,,,,,,,,,,,,,,,,,,,,,,,,,,,,,,,,,,,,,,,,,,,,,,,,,,,,,,,,,,,,,,,,,,,,,,,,,,,,,,,,,,,,,,,,,,,,,,,,,,,,,,,,,,,,,,,,,,,,,,,,,,,,,,,,,,,,,,,,,,,,,,,,,,,,,,,,,,,,,,,,,,
,,,,,,,,,,,,,,,,,,,,,,,,,,,,,,,,,,,,,,,,,,,,,,,,,,,,,,,,,,,,,,,,,,,,,,,,,,,,,,,,,,,,,,,,,,,,,,,,,,,,,,,,,,,,,,,,,,,,,,,,,,,,,,,,,,,,,,,,,,,,,,,,,,,,,,,,,,,,,,,,,,,,,,,,,,,,,,,,,,,,,,,,,,,,,,,,,,,,,,,,,,,,,,,,,,,,,,,,,,,,,,,,,,,,,,,,,,,,,,,,,,,,,,,,,,,,,,,
,,,,,,,,,,,,,,,,,,,,,,,,,,,,,,,,,,,,,,,,,,,,,,,,,,,,,,,,,,,,,,,,,,,,,,,,,,,,,,,,,,,,,,,,,,,,,,,,,,,,,,,,,,,,,,,,,,,,,,,,,,,,,,,,,,,,,,,,,,,,,,,,,,,,,,,,,,,,,,,,,,,,,,,,,,,,,,,,,,,,,,,,,,,,,,,,,,,,,,,,,,,,,,,,,,,,,,,,,,,,,,,,,,,,,,,,,,,,,,,,,,,,,,,,,,,,,,,
,,,,,,,,,,,,,,,,,,,,,,,,,,,,,,,,,,,,,,,,,,,,,,,,,,,,,,,,,,,,,,,,,,,,,,,,,,,,,,,,,,,,,,,,,,,,,,,,,,,,,,,,,,,,,,,,,,,,,,,,,,,,,,,,,,,,,,,,,,,,,,,,,,,,,,,,,,,,,,,,,,,,,,,,,,,,,,,,,,,,,,,,,,,,,,,,,,,,,,,,,,,,,,,,,,,,,,,,,,,,,,,,,,,,,,,,,,,,,,,,,,,,,,,,,,,,,,,
,,,,,,,,,,,,,,,,,,,,,,,,,,,,,,,,,,,,,,,,,,,,,,,,,,,,,,,,,,,,,,,,,,,,,,,,,,,,,,,,,,,,,,,,,,,,,,,,,,,,,,,,,,,,,,,,,,,,,,,,,,,,,,,,,,,,,,,,,,,,,,,,,,,,,,,,,,,,,,,,,,,,,,,,,,,,,,,,,,,,,,,,,,,,,,,,,,,,,,,,,,,,,,,,,,,,,,,,,,,,,,,,,,,,,,,,,,,,,,,,,,,,,,,,,,,,,,,
,,,,,,,,,,,,,,,,,,,,,,,,,,,,,,,,,,,,,,,,,,,,,,,,,,,,,,,,,,,,,,,,,,,,,,,,,,,,,,,,,,,,,,,,,,,,,,,,,,,,,,,,,,,,,,,,,,,,,,,,,,,,,,,,,,,,,,,,,,,,,,,,,,,,,,,,,,,,,,,,,,,,,,,,,,,,,,,,,,,,,,,,,,,,,,,,,,,,,,,,,,,,,,,,,,,,,,,,,,,,,,,,,,,,,,,,,,,,,,,,,,,,,,,,,,,,,,,
,,,,,,,,,,,,,,,,,,,,,,,,,,,,,,,,,,,,,,,,,,,,,,,,,,,,,,,,,,,,,,,,,,,,,,,,,,,,,,,,,,,,,,,,,,,,,,,,,,,,,,,,,,,,,,,,,,,,,,,,,,,,,,,,,,,,,,,,,,,,,,,,,,,,,,,,,,,,,,,,,,,,,,,,,,,,,,,,,,,,,,,,,,,,,,,,,,,,,,,,,,,,,,,,,,,,,,,,,,,,,,,,,,,,,,,,,,,,,,,,,,,,,,,,,,,,,,,
,,,,,,,,,,,,,,,,,,,,,,,,,,,,,,,,,,,,,,,,,,,,,,,,,,,,,,,,,,,,,,,,,,,,,,,,,,,,,,,,,,,,,,,,,,,,,,,,,,,,,,,,,,,,,,,,,,,,,,,,,,,,,,,,,,,,,,,,,,,,,,,,,,,,,,,,,,,,,,,,,,,,,,,,,,,,,,,,,,,,,,,,,,,,,,,,,,,,,,,,,,,,,,,,,,,,,,,,,,,,,,,,,,,,,,,,,,,,,,,,,,,,,,,,,,,,,,,
,,,,,,,,,,,,,,,,,,,,,,,,,,,,,,,,,,,,,,,,,,,,,,,,,,,,,,,,,,,,,,,,,,,,,,,,,,,,,,,,,,,,,,,,,,,,,,,,,,,,,,,,,,,,,,,,,,,,,,,,,,,,,,,,,,,,,,,,,,,,,,,,,,,,,,,,,,,,,,,,,,,,,,,,,,,,,,,,,,,,,,,,,,,,,,,,,,,,,,,,,,,,,,,,,,,,,,,,,,,,,,,,,,,,,,,,,,,,,,,,,,,,,,,,,,,,,,,
,,,,,,,,,,,,,,,,,,,,,,,,,,,,,,,,,,,,,,,,,,,,,,,,,,,,,,,,,,,,,,,,,,,,,,,,,,,,,,,,,,,,,,,,,,,,,,,,,,,,,,,,,,,,,,,,,,,,,,,,,,,,,,,,,,,,,,,,,,,,,,,,,,,,,,,,,,,,,,,,,,,,,,,,,,,,,,,,,,,,,,,,,,,,,,,,,,,,,,,,,,,,,,,,,,,,,,,,,,,,,,,,,,,,,,,,,,,,,,,,,,,,,,,,,,,,,,,
,,,,,,,,,,,,,,,,,,,,,,,,,,,,,,,,,,,,,,,,,,,,,,,,,,,,,,,,,,,,,,,,,,,,,,,,,,,,,,,,,,,,,,,,,,,,,,,,,,,,,,,,,,,,,,,,,,,,,,,,,,,,,,,,,,,,,,,,,,,,,,,,,,,,,,,,,,,,,,,,,,,,,,,,,,,,,,,,,,,,,,,,,,,,,,,,,,,,,,,,,,,,,,,,,,,,,,,,,,,,,,,,,,,,,,,,,,,,,,,,,,,,,,,,,,,,,,,
,,,,,,,,,,,,,,,,,,,,,,,,,,,,,,,,,,,,,,,,,,,,,,,,,,,,,,,,,,,,,,,,,,,,,,,,,,,,,,,,,,,,,,,,,,,,,,,,,,,,,,,,,,,,,,,,,,,,,,,,,,,,,,,,,,,,,,,,,,,,,,,,,,,,,,,,,,,,,,,,,,,,,,,,,,,,,,,,,,,,,,,,,,,,,,,,,,,,,,,,,,,,,,,,,,,,,,,,,,,,,,,,,,,,,,,,,,,,,,,,,,,,,,,,,,,,,,,
,,,,,,,,,,,,,,,,,,,,,,,,,,,,,,,,,,,,,,,,,,,,,,,,,,,,,,,,,,,,,,,,,,,,,,,,,,,,,,,,,,,,,,,,,,,,,,,,,,,,,,,,,,,,,,,,,,,,,,,,,,,,,,,,,,,,,,,,,,,,,,,,,,,,,,,,,,,,,,,,,,,,,,,,,,,,,,,,,,,,,,,,,,,,,,,,,,,,,,,,,,,,,,,,,,,,,,,,,,,,,,,,,,,,,,,,,,,,,,,,,,,,,,,,,,,,,,,
,,,,,,,,,,,,,,,,,,,,,,,,,,,,,,,,,,,,,,,,,,,,,,,,,,,,,,,,,,,,,,,,,,,,,,,,,,,,,,,,,,,,,,,,,,,,,,,,,,,,,,,,,,,,,,,,,,,,,,,,,,,,,,,,,,,,,,,,,,,,,,,,,,,,,,,,,,,,,,,,,,,,,,,,,,,,,,,,,,,,,,,,,,,,,,,,,,,,,,,,,,,,,,,,,,,,,,,,,,,,,,,,,,,,,,,,,,,,,,,,,,,,,,,,,,,,,,,
,,,,,,,,,,,,,,,,,,,,,,,,,,,,,,,,,,,,,,,,,,,,,,,,,,,,,,,,,,,,,,,,,,,,,,,,,,,,,,,,,,,,,,,,,,,,,,,,,,,,,,,,,,,,,,,,,,,,,,,,,,,,,,,,,,,,,,,,,,,,,,,,,,,,,,,,,,,,,,,,,,,,,,,,,,,,,,,,,,,,,,,,,,,,,,,,,,,,,,,,,,,,,,,,,,,,,,,,,,,,,,,,,,,,,,,,,,,,,,,,,,,,,,,,,,,,,,,
,,,,,,,,,,,,,,,,,,,,,,,,,,,,,,,,,,,,,,,,,,,,,,,,,,,,,,,,,,,,,,,,,,,,,,,,,,,,,,,,,,,,,,,,,,,,,,,,,,,,,,,,,,,,,,,,,,,,,,,,,,,,,,,,,,,,,,,,,,,,,,,,,,,,,,,,,,,,,,,,,,,,,,,,,,,,,,,,,,,,,,,,,,,,,,,,,,,,,,,,,,,,,,,,,,,,,,,,,,,,,,,,,,,,,,,,,,,,,,,,,,,,,,,,,,,,,,,
,,,,,,,,,,,,,,,,,,,,,,,,,,,,,,,,,,,,,,,,,,,,,,,,,,,,,,,,,,,,,,,,,,,,,,,,,,,,,,,,,,,,,,,,,,,,,,,,,,,,,,,,,,,,,,,,,,,,,,,,,,,,,,,,,,,,,,,,,,,,,,,,,,,,,,,,,,,,,,,,,,,,,,,,,,,,,,,,,,,,,,,,,,,,,,,,,,,,,,,,,,,,,,,,,,,,,,,,,,,,,,,,,,,,,,,,,,,,,,,,,,,,,,,,,,,,,,,
,,,,,,,,,,,,,,,,,,,,,,,,,,,,,,,,,,,,,,,,,,,,,,,,,,,,,,,,,,,,,,,,,,,,,,,,,,,,,,,,,,,,,,,,,,,,,,,,,,,,,,,,,,,,,,,,,,,,,,,,,,,,,,,,,,,,,,,,,,,,,,,,,,,,,,,,,,,,,,,,,,,,,,,,,,,,,,,,,,,,,,,,,,,,,,,,,,,,,,,,,,,,,,,,,,,,,,,,,,,,,,,,,,,,,,,,,,,,,,,,,,,,,,,,,,,,,,,
,,,,,,,,,,,,,,,,,,,,,,,,,,,,,,,,,,,,,,,,,,,,,,,,,,,,,,,,,,,,,,,,,,,,,,,,,,,,,,,,,,,,,,,,,,,,,,,,,,,,,,,,,,,,,,,,,,,,,,,,,,,,,,,,,,,,,,,,,,,,,,,,,,,,,,,,,,,,,,,,,,,,,,,,,,,,,,,,,,,,,,,,,,,,,,,,,,,,,,,,,,,,,,,,,,,,,,,,,,,,,,,,,,,,,,,,,,,,,,,,,,,,,,,,,,,,,,,
,,,,,,,,,,,,,,,,,,,,,,,,,,,,,,,,,,,,,,,,,,,,,,,,,,,,,,,,,,,,,,,,,,,,,,,,,,,,,,,,,,,,,,,,,,,,,,,,,,,,,,,,,,,,,,,,,,,,,,,,,,,,,,,,,,,,,,,,,,,,,,,,,,,,,,,,,,,,,,,,,,,,,,,,,,,,,,,,,,,,,,,,,,,,,,,,,,,,,,,,,,,,,,,,,,,,,,,,,,,,,,,,,,,,,,,,,,,,,,,,,,,,,,,,,,,,,,,
,,,,,,,,,,,,,,,,,,,,,,,,,,,,,,,,,,,,,,,,,,,,,,,,,,,,,,,,,,,,,,,,,,,,,,,,,,,,,,,,,,,,,,,,,,,,,,,,,,,,,,,,,,,,,,,,,,,,,,,,,,,,,,,,,,,,,,,,,,,,,,,,,,,,,,,,,,,,,,,,,,,,,,,,,,,,,,,,,,,,,,,,,,,,,,,,,,,,,,,,,,,,,,,,,,,,,,,,,,,,,,,,,,,,,,,,,,,,,,,,,,,,,,,,,,,,,,,
,,,,,,,,,,,,,,,,,,,,,,,,,,,,,,,,,,,,,,,,,,,,,,,,,,,,,,,,,,,,,,,,,,,,,,,,,,,,,,,,,,,,,,,,,,,,,,,,,,,,,,,,,,,,,,,,,,,,,,,,,,,,,,,,,,,,,,,,,,,,,,,,,,,,,,,,,,,,,,,,,,,,,,,,,,,,,,,,,,,,,,,,,,,,,,,,,,,,,,,,,,,,,,,,,,,,,,,,,,,,,,,,,,,,,,,,,,,,,,,,,,,,,,,,,,,,,,,
,,,,,,,,,,,,,,,,,,,,,,,,,,,,,,,,,,,,,,,,,,,,,,,,,,,,,,,,,,,,,,,,,,,,,,,,,,,,,,,,,,,,,,,,,,,,,,,,,,,,,,,,,,,,,,,,,,,,,,,,,,,,,,,,,,,,,,,,,,,,,,,,,,,,,,,,,,,,,,,,,,,,,,,,,,,,,,,,,,,,,,,,,,,,,,,,,,,,,,,,,,,,,,,,,,,,,,,,,,,,,,,,,,,,,,,,,,,,,,,,,,,,,,,,,,,,,,,
,,,,,,,,,,,,,,,,,,,,,,,,,,,,,,,,,,,,,,,,,,,,,,,,,,,,,,,,,,,,,,,,,,,,,,,,,,,,,,,,,,,,,,,,,,,,,,,,,,,,,,,,,,,,,,,,,,,,,,,,,,,,,,,,,,,,,,,,,,,,,,,,,,,,,,,,,,,,,,,,,,,,,,,,,,,,,,,,,,,,,,,,,,,,,,,,,,,,,,,,,,,,,,,,,,,,,,,,,,,,,,,,,,,,,,,,,,,,,,,,,,,,,,,,,,,,,,,
,,,,,,,,,,,,,,,,,,,,,,,,,,,,,,,,,,,,,,,,,,,,,,,,,,,,,,,,,,,,,,,,,,,,,,,,,,,,,,,,,,,,,,,,,,,,,,,,,,,,,,,,,,,,,,,,,,,,,,,,,,,,,,,,,,,,,,,,,,,,,,,,,,,,,,,,,,,,,,,,,,,,,,,,,,,,,,,,,,,,,,,,,,,,,,,,,,,,,,,,,,,,,,,,,,,,,,,,,,,,,,,,,,,,,,,,,,,,,,,,,,,,,,,,,,,,,,,
,,,,,,,,,,,,,,,,,,,,,,,,,,,,,,,,,,,,,,,,,,,,,,,,,,,,,,,,,,,,,,,,,,,,,,,,,,,,,,,,,,,,,,,,,,,,,,,,,,,,,,,,,,,,,,,,,,,,,,,,,,,,,,,,,,,,,,,,,,,,,,,,,,,,,,,,,,,,,,,,,,,,,,,,,,,,,,,,,,,,,,,,,,,,,,,,,,,,,,,,,,,,,,,,,,,,,,,,,,,,,,,,,,,,,,,,,,,,,,,,,,,,,,,,,,,,,,,
,,,,,,,,,,,,,,,,,,,,,,,,,,,,,,,,,,,,,,,,,,,,,,,,,,,,,,,,,,,,,,,,,,,,,,,,,,,,,,,,,,,,,,,,,,,,,,,,,,,,,,,,,,,,,,,,,,,,,,,,,,,,,,,,,,,,,,,,,,,,,,,,,,,,,,,,,,,,,,,,,,,,,,,,,,,,,,,,,,,,,,,,,,,,,,,,,,,,,,,,,,,,,,,,,,,,,,,,,,,,,,,,,,,,,,,,,,,,,,,,,,,,,,,,,,,,,,,
,,,,,,,,,,,,,,,,,,,,,,,,,,,,,,,,,,,,,,,,,,,,,,,,,,,,,,,,,,,,,,,,,,,,,,,,,,,,,,,,,,,,,,,,,,,,,,,,,,,,,,,,,,,,,,,,,,,,,,,,,,,,,,,,,,,,,,,,,,,,,,,,,,,,,,,,,,,,,,,,,,,,,,,,,,,,,,,,,,,,,,,,,,,,,,,,,,,,,,,,,,,,,,,,,,,,,,,,,,,,,,,,,,,,,,,,,,,,,,,,,,,,,,,,,,,,,,,
,,,,,,,,,,,,,,,,,,,,,,,,,,,,,,,,,,,,,,,,,,,,,,,,,,,,,,,,,,,,,,,,,,,,,,,,,,,,,,,,,,,,,,,,,,,,,,,,,,,,,,,,,,,,,,,,,,,,,,,,,,,,,,,,,,,,,,,,,,,,,,,,,,,,,,,,,,,,,,,,,,,,,,,,,,,,,,,,,,,,,,,,,,,,,,,,,,,,,,,,,,,,,,,,,,,,,,,,,,,,,,,,,,,,,,,,,,,,,,,,,,,,,,,,,,,,,,,
,,,,,,,,,,,,,,,,,,,,,,,,,,,,,,,,,,,,,,,,,,,,,,,,,,,,,,,,,,,,,,,,,,,,,,,,,,,,,,,,,,,,,,,,,,,,,,,,,,,,,,,,,,,,,,,,,,,,,,,,,,,,,,,,,,,,,,,,,,,,,,,,,,,,,,,,,,,,,,,,,,,,,,,,,,,,,,,,,,,,,,,,,,,,,,,,,,,,,,,,,,,,,,,,,,,,,,,,,,,,,,,,,,,,,,,,,,,,,,,,,,,,,,,,,,,,,,,
,,,,,,,,,,,,,,,,,,,,,,,,,,,,,,,,,,,,,,,,,,,,,,,,,,,,,,,,,,,,,,,,,,,,,,,,,,,,,,,,,,,,,,,,,,,,,,,,,,,,,,,,,,,,,,,,,,,,,,,,,,,,,,,,,,,,,,,,,,,,,,,,,,,,,,,,,,,,,,,,,,,,,,,,,,,,,,,,,,,,,,,,,,,,,,,,,,,,,,,,,,,,,,,,,,,,,,,,,,,,,,,,,,,,,,,,,,,,,,,,,,,,,,,,,,,,,,,
,,,,,,,,,,,,,,,,,,,,,,,,,,,,,,,,,,,,,,,,,,,,,,,,,,,,,,,,,,,,,,,,,,,,,,,,,,,,,,,,,,,,,,,,,,,,,,,,,,,,,,,,,,,,,,,,,,,,,,,,,,,,,,,,,,,,,,,,,,,,,,,,,,,,,,,,,,,,,,,,,,,,,,,,,,,,,,,,,,,,,,,,,,,,,,,,,,,,,,,,,,,,,,,,,,,,,,,,,,,,,,,,,,,,,,,,,,,,,,,,,,,,,,,,,,,,,,,
,,,,,,,,,,,,,,,,,,,,,,,,,,,,,,,,,,,,,,,,,,,,,,,,,,,,,,,,,,,,,,,,,,,,,,,,,,,,,,,,,,,,,,,,,,,,,,,,,,,,,,,,,,,,,,,,,,,,,,,,,,,,,,,,,,,,,,,,,,,,,,,,,,,,,,,,,,,,,,,,,,,,,,,,,,,,,,,,,,,,,,,,,,,,,,,,,,,,,,,,,,,,,,,,,,,,,,,,,,,,,,,,,,,,,,,,,,,,,,,,,,,,,,,,,,,,,,,
