1262.6262626262628,2525.2525252525256,2525.2525252525256,3787.8787878787884,1262.6262626262628,5050.505050505051,0.0,3787.8787878787884,1262.6262626262628,0.0,1262.6262626262628,2525.2525252525256,2525.2525252525256,1262.6262626262628,2525.2525252525256,0.0,1262.6262626262628,2525.2525252525256,2525.2525252525256,1262.6262626262628,0.0,5050.505050505051,1262.6262626262628,1262.6262626262628,1262.6262626262628,5050.505050505051,0.0,2525.2525252525256,1262.6262626262628,1262.6262626262628,2525.2525252525256,1262.6262626262628,1262.6262626262628,2525.2525252525256,0.0,1262.6262626262628,2525.2525252525256,1262.6262626262628,5050.505050505051,2525.2525252525256,0.0,1262.6262626262628,1262.6262626262628,2525.2525252525256,2525.2525252525256,5050.505050505051,2525.2525252525256,5050.505050505051,5050.505050505051,2525.2525252525256,7575.757575757577,21464.646464646466,25252.525252525258,23989.898989898993,29040.404040404046,31565.65656565657,65656.56565656567,138888.8888888889,161616.16161616164,69444.44444444445,74494.94949494951,79545.45454545456,89646.46464646466,107323.23232323234,99747.47474747476,114898.98989898992,114898.98989898992,127525.25252525254,132575.7575757576,128787.87878787881,159090.90909090912,155303.03030303033,147727.27272727274,167929.29292929295,185606.06060606064,170454.54545454547,174242.42424242425,156565.6565656566,167929.29292929295,166666.6666666667,171717.17171717173,155303.03030303033,199494.9494949495,146464.64646464647,162878.7878787879,174242.42424242425,159090.90909090912,151515.15151515155,138888.8888888889,150252.5252525253,151515.15151515155,133838.38383838386,164141.41414141416,155303.03030303033,136363.63636363638,150252.5252525253,142676.7676767677,109848.48484848486,116161.61616161618,130050.50505050507,112373.73737373739,98484.8484848485,130050.50505050507,164141.41414141416,127525.25252525254,83333.33333333334,80808.08080808082,97222.22222222223,83333.33333333334,87121.21212121213,68181.81818181819,73232.32323232324,79545.45454545456,83333.33333333334,69444.44444444445,59343.434343434354,39141.41414141415,68181.81818181819,74494.94949494951,40404.04040404041,46717.171717171725,59343.434343434354,40404.04040404041,26515.15151515152,49242.42424242425,34090.909090909096,30303.030303030308,31565.65656565657
2525.2525252525256,1262.6262626262628,2525.2525252525256,3787.8787878787884,1262.6262626262628,1262.6262626262628,1262.6262626262628,1262.6262626262628,1262.6262626262628,0.0,0.0,1262.6262626262628,0.0,0.0,1262.6262626262628,3787.8787878787884,2525.2525252525256,5050.505050505051,2525.2525252525256,1262.6262626262628,3787.8787878787884,1262.6262626262628,1262.6262626262628,2525.2525252525256,0.0,1262.6262626262628,3787.8787878787884,1262.6262626262628,0.0,1262.6262626262628,1262.6262626262628,0.0,2525.2525252525256,3787.8787878787884,2525.2525252525256,2525.2525252525256,3787.8787878787884,3787.8787878787884,1262.6262626262628,1262.6262626262628,3787.8787878787884,2525.2525252525256,3787.8787878787884,1262.6262626262628,1262.6262626262628,2525.2525252525256,3787.8787878787884,1262.6262626262628,5050.505050505051,15151.515151515154,15151.515151515154,20202.020202020205,29040.404040404046,37878.78787878789,37878.78787878789,55555.55555555556,73232.32323232324,99747.47474747476,113636.36363636365,74494.94949494951,93434.34343434345,101010.10101010103,112373.73737373739,109848.48484848486,130050.50505050507,114898.98989898992,150252.5252525253,122474.74747474749,176767.6767676768,193181.8181818182,200757.57575757577,178030.30303030307,212121.21212121216,222222.22222222225,217171.7171717172,222222.22222222225,215909.09090909094,226010.10101010103,234848.4848484849,190656.56565656568,200757.57575757577,242424.24242424246,222222.22222222225,207070.7070707071,248737.37373737377,195707.07070707073,214646.46464646468,155303.03030303033,214646.46464646468,184343.43434343438,186868.6868686869,191919.19191919194,166666.6666666667,224747.47474747477,258838.3838383839,255050.50505050507,190656.56565656568,189393.93939393942,145202.0202020202,130050.50505050507,147727.27272727274,141414.14141414143,150252.5252525253,157828.28282828286,166666.6666666667,212121.21212121216,131313.13131313134,117424.24242424245,109848.48484848486,141414.14141414143,98484.8484848485,78282.8282828283,88383.8383838384,82070.70707070708,69444.44444444445,87121.21212121213,58080.80808080809,59343.434343434354,68181.81818181819,54292.9292929293,55555.55555555556,45454.54545454546,51767.67676767678,77020.20202020204,77020.20202020204,27777.77777777778,35353.53535353536,31565.65656565657
0.0,0.0,2525.2525252525256,2525.2525252525256,0.0,1262.6262626262628,1262.6262626262628,3787.8787878787884,1262.6262626262628,3787.8787878787884,3787.8787878787884,5050.505050505051,2525.2525252525256,1262.6262626262628,1262.6262626262628,0.0,3787.8787878787884,0.0,0.0,1262.6262626262628,1262.6262626262628,5050.505050505051,0.0,0.0,0.0,2525.2525252525256,3787.8787878787884,3787.8787878787884,0.0,1262.6262626262628,0.0,2525.2525252525256,2525.2525252525256,1262.6262626262628,1262.6262626262628,1262.6262626262628,5050.505050505051,1262.6262626262628,0.0,1262.6262626262628,2525.2525252525256,0.0,0.0,1262.6262626262628,1262.6262626262628,2525.2525252525256,1262.6262626262628,2525.2525252525256,8838.38383838384,10101.010101010103,11363.636363636366,23989.898989898993,27777.77777777778,39141.41414141415,42929.29292929293,59343.434343434354,70707.07070707071,99747.47474747476,119949.49494949497,114898.98989898992,117424.24242424245,99747.47474747476,121212.12121212123,123737.37373737375,108585.8585858586,131313.13131313134,154040.40404040407,150252.5252525253,133838.38383838386,179292.92929292933,170454.54545454547,185606.06060606064,218434.34343434346,260101.01010101015,220959.595959596,218434.34343434346,229797.97979797985,273989.898989899,218434.34343434346,223484.8484848485,239898.98989898994,263888.88888888893,227272.7272727273,209595.95959595963,224747.47474747477,205808.08080808085,214646.46464646468,214646.46464646468,204545.4545454546,233585.85858585863,213383.83838383842,203282.82828282833,167929.29292929295,246212.12121212124,324494.94949494954,207070.7070707071,191919.19191919194,165404.04040404042,126262.62626262628,135101.01010101012,161616.16161616164,181818.18181818185,126262.62626262628,146464.64646464647,165404.04040404042,164141.41414141416,117424.24242424245,107323.23232323234,104797.97979797982,119949.49494949497,94696.96969696971,82070.70707070708,83333.33333333334,78282.8282828283,73232.32323232324,85858.58585858587,83333.33333333334,69444.44444444445,65656.56565656567,49242.42424242425,53030.30303030304,53030.30303030304,54292.9292929293,49242.42424242425,63131.31313131314,56818.18181818182,45454.54545454546,41666.66666666667
2525.2525252525256,2525.2525252525256,0.0,1262.6262626262628,6313.1313131313145,2525.2525252525256,0.0,2525.2525252525256,0.0,3787.8787878787884,2525.2525252525256,1262.6262626262628,3787.8787878787884,1262.6262626262628,1262.6262626262628,2525.2525252525256,3787.8787878787884,0.0,0.0,2525.2525252525256,1262.6262626262628,1262.6262626262628,1262.6262626262628,5050.505050505051,2525.2525252525256,1262.6262626262628,2525.2525252525256,0.0,0.0,2525.2525252525256,1262.6262626262628,5050.505050505051,0.0,0.0,1262.6262626262628,2525.2525252525256,2525.2525252525256,1262.6262626262628,2525.2525252525256,1262.6262626262628,1262.6262626262628,3787.8787878787884,0.0,0.0,1262.6262626262628,5050.505050505051,11363.636363636366,13888.88888888889,17676.76767676768,20202.020202020205,20202.020202020205,45454.54545454546,31565.65656565657,74494.94949494951,59343.434343434354,122474.74747474749,113636.36363636365,101010.10101010103,167929.29292929295,128787.87878787881,133838.38383838386,148989.89898989903,161616.16161616164,212121.21212121216,204545.4545454546,271464.6464646465,222222.22222222225,263888.88888888893,284090.9090909091,301767.67676767684,320707.07070707076,366161.6161616162,356060.60606060614,340909.09090909094,357323.2323232324,329545.4545454546,380050.5050505051,372474.74747474754,361111.1111111112,354797.9797979799,324494.94949494954,349747.4747474748,351010.1010101011,358585.85858585866,375000.00000000006,345959.595959596,361111.1111111112,340909.09090909094,330808.08080808085,390151.5151515152,356060.60606060614,373737.3737373738,402777.7777777778,390151.5151515152,267676.7676767677,265151.5151515152,270202.02020202024,285353.5353535354,324494.94949494954,267676.7676767677,207070.7070707071,193181.8181818182,198232.32323232325,199494.9494949495,184343.43434343438,160353.53535353538,174242.42424242425,131313.13131313134,159090.90909090912,137626.26262626264,138888.8888888889,142676.7676767677,97222.22222222223,98484.8484848485,113636.36363636365,104797.97979797982,92171.71717171719,80808.08080808082,73232.32323232324,79545.45454545456,83333.33333333334,78282.8282828283,61868.68686868688,58080.80808080809,64393.93939393941,42929.29292929293,49242.42424242425,47979.797979797986
0.0,3787.8787878787884,0.0,2525.2525252525256,2525.2525252525256,2525.2525252525256,5050.505050505051,2525.2525252525256,5050.505050505051,5050.505050505051,0.0,5050.505050505051,1262.6262626262628,0.0,1262.6262626262628,1262.6262626262628,0.0,3787.8787878787884,1262.6262626262628,3787.8787878787884,3787.8787878787884,0.0,1262.6262626262628,1262.6262626262628,1262.6262626262628,6313.1313131313145,1262.6262626262628,5050.505050505051,0.0,1262.6262626262628,1262.6262626262628,2525.2525252525256,5050.505050505051,1262.6262626262628,1262.6262626262628,0.0,0.0,1262.6262626262628,3787.8787878787884,2525.2525252525256,1262.6262626262628,1262.6262626262628,2525.2525252525256,3787.8787878787884,6313.1313131313145,5050.505050505051,12626.262626262629,17676.76767676768,15151.515151515154,18939.393939393944,41666.66666666667,32828.282828282834,54292.9292929293,40404.04040404041,68181.81818181819,78282.8282828283,87121.21212121213,113636.36363636365,145202.0202020202,171717.17171717173,161616.16161616164,186868.6868686869,166666.6666666667,228535.35353535356,219696.96969696973,243686.86868686872,231060.6060606061,246212.12121212124,305555.5555555556,323232.3232323233,320707.07070707076,401515.15151515155,429292.92929292936,359848.4848484849,387626.2626262627,397727.27272727276,402777.7777777778,368686.86868686875,381313.13131313137,386363.6363636364,421717.1717171718,380050.5050505051,373737.3737373738,401515.15151515155,393939.393939394,349747.4747474748,342171.7171717172,373737.3737373738,410353.53535353544,430555.5555555556,368686.86868686875,420454.5454545455,359848.4848484849,338383.8383838384,428030.3030303031,362373.73737373744,347222.22222222225,358585.85858585866,320707.07070707076,305555.5555555556,239898.98989898994,242424.24242424246,215909.09090909094,198232.32323232325,189393.93939393942,202020.20202020206,185606.06060606064,186868.6868686869,147727.27272727274,164141.41414141416,159090.90909090912,143939.39393939395,147727.27272727274,121212.12121212123,145202.0202020202,111111.11111111112,97222.22222222223,94696.96969696971,90909.09090909093,78282.8282828283,99747.47474747476,94696.96969696971,66919.19191919193,56818.18181818182,59343.434343434354,70707.07070707071,49242.42424242425,54292.9292929293
1262.6262626262628,0.0,7575.757575757577,1262.6262626262628,2525.2525252525256,2525.2525252525256,1262.6262626262628,1262.6262626262628,2525.2525252525256,1262.6262626262628,2525.2525252525256,1262.6262626262628,1262.6262626262628,1262.6262626262628,2525.2525252525256,1262.6262626262628,2525.2525252525256,0.0,0.0,0.0,0.0,1262.6262626262628,1262.6262626262628,0.0,1262.6262626262628,1262.6262626262628,0.0,2525.2525252525256,1262.6262626262628,2525.2525252525256,0.0,2525.2525252525256,5050.505050505051,1262.6262626262628,3787.8787878787884,1262.6262626262628,1262.6262626262628,1262.6262626262628,3787.8787878787884,0.0,0.0,1262.6262626262628,2525.2525252525256,2525.2525252525256,5050.505050505051,5050.505050505051,6313.1313131313145,15151.515151515154,21464.646464646466,29040.404040404046,34090.909090909096,46717.171717171725,60606.060606060615,65656.56565656567,55555.55555555556,93434.34343434345,117424.24242424245,101010.10101010103,151515.15151515155,169191.9191919192,181818.18181818185,196969.696969697,200757.57575757577,233585.85858585863,280303.03030303033,289141.41414141416,303030.3030303031,333333.3333333334,342171.7171717172,363636.3636363637,401515.15151515155,392676.7676767677,478535.3535353536,416666.66666666674,434343.4343434344,411616.1616161617,431818.1818181819,411616.1616161617,411616.1616161617,464646.46464646474,444444.4444444445,391414.14141414146,392676.7676767677,419191.91919191927,364898.98989898997,395202.02020202024,415404.0404040405,424242.4242424243,424242.4242424243,439393.93939393945,412878.78787878796,425505.0505050506,367424.2424242425,381313.13131313137,347222.22222222225,391414.14141414146,402777.7777777778,344696.9696969697,321969.696969697,345959.595959596,324494.94949494954,236111.11111111115,271464.6464646465,323232.3232323233,305555.5555555556,357323.2323232324,268939.393939394,203282.82828282833,171717.17171717173,181818.18181818185,175505.05050505055,119949.49494949497,234848.4848484849,310606.06060606067,159090.90909090912,181818.18181818185,224747.47474747477,214646.46464646468,126262.62626262628,87121.21212121213,97222.22222222223,83333.33333333334,85858.58585858587,80808.08080808082,85858.58585858587,66919.19191919193,59343.434343434354,77020.20202020204
2525.2525252525256,0.0,1262.6262626262628,1262.6262626262628,1262.6262626262628,1262.6262626262628,1262.6262626262628,3787.8787878787884,5050.505050505051,3787.8787878787884,0.0,3787.8787878787884,2525.2525252525256,0.0,1262.6262626262628,3787.8787878787884,3787.8787878787884,1262.6262626262628,0.0,2525.2525252525256,3787.8787878787884,2525.2525252525256,3787.8787878787884,1262.6262626262628,1262.6262626262628,1262.6262626262628,0.0,5050.505050505051,3787.8787878787884,3787.8787878787884,2525.2525252525256,1262.6262626262628,2525.2525252525256,1262.6262626262628,2525.2525252525256,2525.2525252525256,1262.6262626262628,0.0,1262.6262626262628,1262.6262626262628,1262.6262626262628,1262.6262626262628,1262.6262626262628,1262.6262626262628,7575.757575757577,15151.515151515154,13888.88888888889,22727.27272727273,27777.77777777778,32828.282828282834,34090.909090909096,49242.42424242425,56818.18181818182,69444.44444444445,117424.24242424245,109848.48484848486,95959.59595959597,154040.40404040407,162878.7878787879,204545.4545454546,202020.20202020206,241161.6161616162,232323.23232323237,238636.36363636368,275252.5252525253,268939.393939394,334595.95959595963,362373.73737373744,380050.5050505051,407828.2828282829,382575.7575757576,430555.5555555556,392676.7676767677,458333.33333333343,462121.2121212122,426767.67676767684,454545.4545454546,424242.4242424243,448232.3232323233,425505.0505050506,433080.80808080814,476010.1010101011,454545.4545454546,496212.1212121213,454545.4545454546,433080.80808080814,446969.696969697,429292.92929292936,446969.696969697,488636.3636363637,445707.07070707076,417929.292929293,414141.4141414142,387626.2626262627,362373.73737373744,400252.5252525253,357323.2323232324,361111.1111111112,358585.85858585866,401515.15151515155,280303.03030303033,330808.08080808085,333333.3333333334,280303.03030303033,343434.34343434346,263888.88888888893,257575.75757575763,246212.12121212124,223484.8484848485,186868.6868686869,150252.5252525253,143939.39393939395,142676.7676767677,204545.4545454546,275252.5252525253,246212.12121212124,219696.96969696973,161616.16161616164,132575.7575757576,101010.10101010103,101010.10101010103,90909.09090909093,84595.9595959596,60606.060606060615,69444.44444444445,73232.32323232324,70707.07070707071,59343.434343434354
1262.6262626262628,1262.6262626262628,0.0,5050.505050505051,2525.2525252525256,1262.6262626262628,1262.6262626262628,0.0,1262.6262626262628,0.0,3787.8787878787884,1262.6262626262628,1262.6262626262628,3787.8787878787884,0.0,6313.1313131313145,0.0,1262.6262626262628,1262.6262626262628,2525.2525252525256,1262.6262626262628,2525.2525252525256,1262.6262626262628,1262.6262626262628,2525.2525252525256,1262.6262626262628,0.0,2525.2525252525256,2525.2525252525256,1262.6262626262628,1262.6262626262628,0.0,1262.6262626262628,0.0,0.0,2525.2525252525256,1262.6262626262628,1262.6262626262628,2525.2525252525256,3787.8787878787884,1262.6262626262628,1262.6262626262628,1262.6262626262628,5050.505050505051,8838.38383838384,11363.636363636366,16414.141414141417,15151.515151515154,23989.898989898993,47979.797979797986,49242.42424242425,55555.55555555556,70707.07070707071,90909.09090909093,80808.08080808082,111111.11111111112,128787.87878787881,169191.9191919192,188131.31313131316,179292.92929292933,226010.10101010103,260101.01010101015,271464.6464646465,287878.7878787879,345959.595959596,311868.6868686869,337121.21212121216,354797.9797979799,388888.88888888893,401515.15151515155,376262.6262626263,367424.2424242425,354797.9797979799,398989.898989899,440656.5656565657,443181.81818181823,513888.888888889,513888.888888889,434343.4343434344,477272.72727272735,462121.2121212122,488636.3636363637,492424.2424242425,521464.64646464656,425505.0505050506,420454.5454545455,465909.090909091,493686.86868686875,518939.39393939404,445707.07070707076,440656.5656565657,439393.93939393945,469696.9696969698,406565.65656565665,436868.6868686869,419191.91919191927,400252.5252525253,414141.4141414142,378787.87878787884,377525.2525252526,407828.2828282829,354797.9797979799,306818.1818181819,309343.4343434344,315656.5656565657,268939.393939394,262626.2626262627,267676.7676767677,227272.7272727273,186868.6868686869,183080.8080808081,185606.06060606064,205808.08080808085,151515.15151515155,199494.9494949495,207070.7070707071,147727.27272727274,171717.17171717173,188131.31313131316,126262.62626262628,117424.24242424245,108585.8585858586,69444.44444444445,59343.434343434354,73232.32323232324,61868.68686868688,92171.71717171719,73232.32323232324
0.0,2525.2525252525256,3787.8787878787884,2525.2525252525256,1262.6262626262628,3787.8787878787884,3787.8787878787884,1262.6262626262628,8838.38383838384,1262.6262626262628,3787.8787878787884,2525.2525252525256,1262.6262626262628,1262.6262626262628,0.0,2525.2525252525256,0.0,1262.6262626262628,1262.6262626262628,3787.8787878787884,3787.8787878787884,2525.2525252525256,1262.6262626262628,1262.6262626262628,1262.6262626262628,3787.8787878787884,0.0,5050.505050505051,1262.6262626262628,0.0,1262.6262626262628,0.0,2525.2525252525256,2525.2525252525256,0.0,1262.6262626262628,0.0,0.0,2525.2525252525256,0.0,6313.1313131313145,0.0,1262.6262626262628,5050.505050505051,5050.505050505051,11363.636363636366,7575.757575757577,22727.27272727273,22727.27272727273,36616.16161616162,64393.93939393941,84595.9595959596,78282.8282828283,130050.50505050507,138888.8888888889,128787.87878787881,152777.7777777778,175505.05050505055,198232.32323232325,229797.97979797985,260101.01010101015,292929.29292929295,311868.6868686869,339646.4646464647,304292.92929292936,357323.2323232324,382575.7575757576,404040.40404040413,414141.4141414142,372474.74747474754,439393.93939393945,493686.86868686875,398989.898989899,470959.59595959604,487373.73737373744,484848.4848484849,547979.797979798,508838.3838383839,464646.46464646474,440656.5656565657,443181.81818181823,515151.51515151525,541666.6666666667,477272.72727272735,481060.60606060614,502525.2525252526,526515.1515151516,550505.0505050506,545454.5454545455,446969.696969697,494949.494949495,429292.92929292936,443181.81818181823,482323.2323232324,449494.94949494954,416666.66666666674,459595.9595959597,386363.6363636364,411616.1616161617,415404.0404040405,404040.40404040413,382575.7575757576,397727.27272727276,339646.4646464647,305555.5555555556,277777.7777777778,286616.16161616164,285353.5353535354,233585.85858585863,234848.4848484849,250000.00000000003,228535.35353535356,190656.56565656568,186868.6868686869,178030.30303030307,195707.07070707073,204545.4545454546,150252.5252525253,142676.7676767677,141414.14141414143,116161.61616161618,85858.58585858587,80808.08080808082,77020.20202020204,69444.44444444445,78282.8282828283,103535.35353535356,60606.060606060615
1262.6262626262628,0.0,0.0,1262.6262626262628,6313.1313131313145,1262.6262626262628,0.0,1262.6262626262628,1262.6262626262628,1262.6262626262628,2525.2525252525256,3787.8787878787884,2525.2525252525256,0.0,5050.505050505051,2525.2525252525256,2525.2525252525256,1262.6262626262628,0.0,1262.6262626262628,2525.2525252525256,0.0,1262.6262626262628,2525.2525252525256,1262.6262626262628,3787.8787878787884,3787.8787878787884,5050.505050505051,1262.6262626262628,1262.6262626262628,1262.6262626262628,3787.8787878787884,2525.2525252525256,2525.2525252525256,0.0,1262.6262626262628,1262.6262626262628,1262.6262626262628,2525.2525252525256,3787.8787878787884,3787.8787878787884,2525.2525252525256,1262.6262626262628,8838.38383838384,11363.636363636366,11363.636363636366,31565.65656565657,29040.404040404046,29040.404040404046,32828.282828282834,40404.04040404041,92171.71717171719,92171.71717171719,112373.73737373739,138888.8888888889,145202.0202020202,166666.6666666667,198232.32323232325,186868.6868686869,275252.5252525253,282828.28282828286,289141.41414141416,305555.5555555556,358585.85858585866,425505.0505050506,376262.6262626263,441919.191919192,525252.5252525253,380050.5050505051,465909.090909091,540404.0404040405,467171.71717171726,481060.60606060614,474747.47474747483,494949.494949495,497474.74747474754,541666.6666666667,479797.9797979799,489898.98989898997,428030.3030303031,512626.26262626273,574494.9494949495,493686.86868686875,496212.1212121213,553030.3030303031,484848.4848484849,546717.1717171718,494949.494949495,531565.6565656567,510101.01010101015,470959.59595959604,530303.0303030304,459595.9595959597,444444.4444444445,425505.0505050506,438131.3131313132,473484.84848484857,439393.93939393945,436868.6868686869,445707.07070707076,369949.494949495,378787.87878787884,433080.80808080814,367424.2424242425,348484.8484848485,318181.81818181823,305555.5555555556,273989.898989899,296717.1717171718,260101.01010101015,265151.5151515152,224747.47474747477,234848.4848484849,194444.44444444447,195707.07070707073,210858.5858585859,215909.09090909094,147727.27272727274,141414.14141414143,119949.49494949497,98484.8484848485,111111.11111111112,97222.22222222223,84595.9595959596,71969.69696969698,108585.8585858586,117424.24242424245,63131.31313131314
2525.2525252525256,1262.6262626262628,1262.6262626262628,2525.2525252525256,5050.505050505051,0.0,0.0,1262.6262626262628,3787.8787878787884,0.0,0.0,0.0,1262.6262626262628,2525.2525252525256,0.0,2525.2525252525256,2525.2525252525256,0.0,2525.2525252525256,5050.505050505051,0.0,0.0,6313.1313131313145,2525.2525252525256,5050.505050505051,2525.2525252525256,0.0,3787.8787878787884,3787.8787878787884,5050.505050505051,1262.6262626262628,2525.2525252525256,2525.2525252525256,3787.8787878787884,1262.6262626262628,2525.2525252525256,1262.6262626262628,2525.2525252525256,1262.6262626262628,1262.6262626262628,2525.2525252525256,1262.6262626262628,3787.8787878787884,5050.505050505051,16414.141414141417,16414.141414141417,21464.646464646466,32828.282828282834,31565.65656565657,54292.9292929293,70707.07070707071,61868.68686868688,83333.33333333334,118686.86868686871,132575.7575757576,205808.08080808085,189393.93939393942,226010.10101010103,244949.49494949498,270202.02020202024,330808.08080808085,338383.8383838384,343434.34343434346,415404.0404040405,382575.7575757576,412878.78787878796,440656.5656565657,497474.74747474754,497474.74747474754,527777.7777777779,488636.3636363637,500000.00000000006,469696.9696969698,550505.0505050506,506313.13131313137,579545.4545454546,540404.0404040405,555555.5555555556,501262.6262626263,455808.08080808085,508838.3838383839,486111.1111111112,553030.3030303031,522727.2727272728,520202.0202020203,496212.1212121213,498737.3737373738,539141.4141414142,531565.6565656567,489898.98989898997,500000.00000000006,494949.494949495,539141.4141414142,518939.39393939404,494949.494949495,473484.84848484857,478535.3535353536,469696.9696969698,426767.67676767684,477272.72727272735,453282.8282828283,443181.81818181823,470959.59595959604,376262.6262626263,429292.92929292936,383838.3838383839,352272.72727272735,330808.08080808085,329545.4545454546,344696.9696969697,327020.20202020206,282828.28282828286,266414.14141414146,212121.21212121216,183080.8080808081,151515.15151515155,167929.29292929295,184343.43434343438,147727.27272727274,127525.25252525254,114898.98989898992,123737.37373737375,97222.22222222223,82070.70707070708,68181.81818181819,133838.38383838386,98484.8484848485,66919.19191919193
6313.1313131313145,0.0,0.0,3787.8787878787884,2525.2525252525256,3787.8787878787884,5050.505050505051,2525.2525252525256,5050.505050505051,0.0,0.0,0.0,2525.2525252525256,3787.8787878787884,1262.6262626262628,1262.6262626262628,2525.2525252525256,1262.6262626262628,5050.505050505051,1262.6262626262628,2525.2525252525256,0.0,1262.6262626262628,2525.2525252525256,2525.2525252525256,0.0,2525.2525252525256,1262.6262626262628,1262.6262626262628,2525.2525252525256,0.0,2525.2525252525256,5050.505050505051,1262.6262626262628,2525.2525252525256,2525.2525252525256,1262.6262626262628,0.0,1262.6262626262628,2525.2525252525256,0.0,5050.505050505051,1262.6262626262628,10101.010101010103,18939.393939393944,16414.141414141417,34090.909090909096,23989.898989898993,56818.18181818182,68181.81818181819,82070.70707070708,83333.33333333334,104797.97979797982,112373.73737373739,135101.01010101012,212121.21212121216,186868.6868686869,210858.5858585859,273989.898989899,320707.07070707076,313131.3131313132,358585.85858585866,424242.4242424243,421717.1717171718,421717.1717171718,449494.94949494954,458333.33333333343,507575.7575757576,488636.3636363637,526515.1515151516,460858.58585858595,520202.0202020203,529040.4040404041,536616.1616161617,463383.8383838385,512626.26262626273,559343.4343434344,520202.0202020203,569444.4444444445,491161.6161616162,574494.9494949495,523989.8989898991,515151.51515151525,554292.9292929294,505050.5050505051,497474.74747474754,497474.74747474754,535353.5353535354,523989.8989898991,445707.07070707076,459595.9595959597,469696.9696969698,506313.13131313137,465909.090909091,459595.9595959597,484848.4848484849,507575.7575757576,512626.26262626273,479797.9797979799,470959.59595959604,498737.3737373738,481060.60606060614,474747.47474747483,438131.3131313132,421717.1717171718,420454.5454545455,402777.7777777778,396464.6464646465,373737.3737373738,385101.01010101015,352272.72727272735,308080.80808080814,277777.7777777778,270202.02020202024,224747.47474747477,202020.20202020206,176767.6767676768,188131.31313131316,215909.09090909094,156565.6565656566,122474.74747474749,131313.13131313134,111111.11111111112,92171.71717171719,90909.09090909093,152777.7777777778,117424.24242424245,78282.8282828283
1262.6262626262628,2525.2525252525256,3787.8787878787884,0.0,1262.6262626262628,2525.2525252525256,3787.8787878787884,3787.8787878787884,0.0,0.0,0.0,5050.505050505051,1262.6262626262628,1262.6262626262628,1262.6262626262628,0.0,5050.505050505051,1262.6262626262628,0.0,2525.2525252525256,0.0,3787.8787878787884,1262.6262626262628,5050.505050505051,1262.6262626262628,3787.8787878787884,2525.2525252525256,5050.505050505051,0.0,1262.6262626262628,3787.8787878787884,3787.8787878787884,0.0,1262.6262626262628,2525.2525252525256,2525.2525252525256,3787.8787878787884,2525.2525252525256,0.0,6313.1313131313145,2525.2525252525256,2525.2525252525256,3787.8787878787884,10101.010101010103,10101.010101010103,13888.88888888889,30303.030303030308,41666.66666666667,64393.93939393941,71969.69696969698,71969.69696969698,98484.8484848485,88383.8383838384,131313.13131313134,128787.87878787881,219696.96969696973,220959.595959596,227272.7272727273,262626.2626262627,282828.28282828286,356060.60606060614,464646.46464646474,459595.9595959597,438131.3131313132,452020.20202020206,487373.73737373744,478535.3535353536,486111.1111111112,488636.3636363637,454545.4545454546,520202.0202020203,498737.3737373738,516414.1414141415,550505.0505050506,507575.7575757576,518939.39393939404,478535.3535353536,473484.84848484857,458333.33333333343,521464.64646464656,573232.3232323233,544191.9191919193,518939.39393939404,488636.3636363637,513888.888888889,482323.2323232324,579545.4545454546,511363.6363636364,546717.1717171718,473484.84848484857,535353.5353535354,522727.2727272728,535353.5353535354,513888.888888889,505050.5050505051,482323.2323232324,556818.1818181819,550505.0505050506,574494.9494949495,553030.3030303031,474747.47474747483,497474.74747474754,503787.87878787884,496212.1212121213,455808.08080808085,438131.3131313132,453282.8282828283,416666.66666666674,444444.4444444445,446969.696969697,382575.7575757576,364898.98989898997,281565.6565656566,261363.6363636364,244949.49494949498,253787.8787878788,224747.47474747477,176767.6767676768,205808.08080808085,199494.9494949495,117424.24242424245,131313.13131313134,94696.96969696971,104797.97979797982,127525.25252525254,108585.8585858586,162878.7878787879,119949.49494949497
6313.1313131313145,3787.8787878787884,1262.6262626262628,1262.6262626262628,3787.8787878787884,3787.8787878787884,1262.6262626262628,3787.8787878787884,1262.6262626262628,0.0,2525.2525252525256,1262.6262626262628,3787.8787878787884,5050.505050505051,1262.6262626262628,1262.6262626262628,0.0,1262.6262626262628,6313.1313131313145,3787.8787878787884,2525.2525252525256,2525.2525252525256,2525.2525252525256,2525.2525252525256,0.0,3787.8787878787884,1262.6262626262628,3787.8787878787884,2525.2525252525256,3787.8787878787884,3787.8787878787884,1262.6262626262628,3787.8787878787884,0.0,0.0,1262.6262626262628,1262.6262626262628,2525.2525252525256,5050.505050505051,2525.2525252525256,2525.2525252525256,10101.010101010103,5050.505050505051,29040.404040404046,26515.15151515152,23989.898989898993,34090.909090909096,45454.54545454546,70707.07070707071,93434.34343434345,74494.94949494951,90909.09090909093,125000.00000000001,131313.13131313134,121212.12121212123,190656.56565656568,174242.42424242425,285353.5353535354,282828.28282828286,299242.4242424243,412878.78787878796,421717.1717171718,421717.1717171718,478535.3535353536,443181.81818181823,498737.3737373738,558080.8080808081,532828.2828282829,560606.0606060607,564393.9393939395,583333.3333333334,521464.64646464656,555555.5555555556,531565.6565656567,545454.5454545455,541666.6666666667,460858.58585858595,482323.2323232324,507575.7575757576,515151.51515151525,573232.3232323233,457070.7070707071,479797.9797979799,478535.3535353536,501262.6262626263,452020.20202020206,547979.797979798,570707.0707070708,506313.13131313137,507575.7575757576,488636.3636363637,521464.64646464656,593434.3434343436,642676.7676767678,569444.4444444445,553030.3030303031,477272.72727272735,508838.3838383839,563131.3131313132,556818.1818181819,544191.9191919193,540404.0404040405,556818.1818181819,494949.494949495,547979.797979798,489898.98989898997,487373.73737373744,459595.9595959597,444444.4444444445,438131.3131313132,429292.92929292936,376262.6262626263,357323.2323232324,290404.0404040404,290404.0404040404,275252.5252525253,242424.24242424246,191919.19191919194,181818.18181818185,188131.31313131316,135101.01010101012,135101.01010101012,125000.00000000001,122474.74747474749,135101.01010101012,136363.63636363638,82070.70707070708,130050.50505050507
3787.8787878787884,7575.757575757577,3787.8787878787884,0.0,0.0,2525.2525252525256,0.0,1262.6262626262628,0.0,2525.2525252525256,1262.6262626262628,1262.6262626262628,5050.505050505051,1262.6262626262628,2525.2525252525256,1262.6262626262628,2525.2525252525256,3787.8787878787884,1262.6262626262628,5050.505050505051,2525.2525252525256,3787.8787878787884,6313.1313131313145,3787.8787878787884,3787.8787878787884,0.0,2525.2525252525256,2525.2525252525256,0.0,5050.505050505051,1262.6262626262628,2525.2525252525256,5050.505050505051,0.0,2525.2525252525256,2525.2525252525256,1262.6262626262628,2525.2525252525256,0.0,2525.2525252525256,2525.2525252525256,5050.505050505051,8838.38383838384,16414.141414141417,23989.898989898993,39141.41414141415,35353.53535353536,47979.797979797986,74494.94949494951,65656.56565656567,94696.96969696971,118686.86868686871,131313.13131313134,136363.63636363638,184343.43434343438,190656.56565656568,222222.22222222225,305555.5555555556,332070.7070707071,358585.85858585866,415404.0404040405,482323.2323232324,385101.01010101015,473484.84848484857,484848.4848484849,518939.39393939404,496212.1212121213,578282.8282828283,535353.5353535354,558080.8080808081,601010.1010101011,614898.98989899,584595.9595959596,575757.5757575758,560606.0606060607,559343.4343434344,464646.46464646474,518939.39393939404,530303.0303030304,555555.5555555556,537878.787878788,473484.84848484857,555555.5555555556,539141.4141414142,537878.787878788,607323.2323232325,583333.3333333334,532828.2828282829,520202.0202020203,482323.2323232324,530303.0303030304,558080.8080808081,525252.5252525253,573232.3232323233,541666.6666666667,501262.6262626263,503787.87878787884,508838.3838383839,539141.4141414142,510101.01010101015,568181.8181818182,540404.0404040405,493686.86868686875,498737.3737373738,523989.8989898991,534090.9090909092,535353.5353535354,502525.2525252526,494949.494949495,429292.92929292936,416666.66666666674,393939.393939394,353535.3535353536,352272.72727272735,309343.4343434344,286616.16161616164,243686.86868686872,255050.50505050507,203282.82828282833,183080.8080808081,167929.29292929295,147727.27272727274,125000.00000000001,119949.49494949497,112373.73737373739,93434.34343434345,64393.93939393941,83333.33333333334
1262.6262626262628,1262.6262626262628,1262.6262626262628,7575.757575757577,1262.6262626262628,1262.6262626262628,1262.6262626262628,1262.6262626262628,6313.1313131313145,0.0,0.0,3787.8787878787884,1262.6262626262628,2525.2525252525256,2525.2525252525256,2525.2525252525256,1262.6262626262628,0.0,1262.6262626262628,2525.2525252525256,2525.2525252525256,2525.2525252525256,1262.6262626262628,1262.6262626262628,0.0,3787.8787878787884,1262.6262626262628,3787.8787878787884,2525.2525252525256,2525.2525252525256,3787.8787878787884,2525.2525252525256,1262.6262626262628,2525.2525252525256,2525.2525252525256,3787.8787878787884,3787.8787878787884,1262.6262626262628,1262.6262626262628,2525.2525252525256,5050.505050505051,7575.757575757577,11363.636363636366,18939.393939393944,16414.141414141417,26515.15151515152,44191.9191919192,60606.060606060615,68181.81818181819,80808.08080808082,82070.70707070708,102272.7272727273,125000.00000000001,167929.29292929295,170454.54545454547,165404.04040404042,299242.4242424243,351010.1010101011,393939.393939394,417929.292929293,429292.92929292936,478535.3535353536,424242.4242424243,470959.59595959604,529040.4040404041,484848.4848484849,520202.0202020203,565656.5656565657,560606.0606060607,585858.5858585859,604797.9797979799,579545.4545454546,570707.0707070708,517676.7676767678,574494.9494949495,598484.8484848486,551767.6767676768,551767.6767676768,526515.1515151516,612373.7373737375,547979.797979798,575757.5757575758,566919.191919192,549242.4242424243,540404.0404040405,585858.5858585859,531565.6565656567,560606.0606060607,563131.3131313132,502525.2525252526,531565.6565656567,618686.8686868688,536616.1616161617,577020.2020202021,672979.797979798,587121.2121212122,573232.3232323233,598484.8484848486,545454.5454545455,571969.696969697,575757.5757575758,501262.6262626263,502525.2525252526,503787.87878787884,535353.5353535354,545454.5454545455,569444.4444444445,516414.1414141415,535353.5353535354,512626.26262626273,489898.98989898997,457070.7070707071,401515.15151515155,359848.4848484849,364898.98989898997,382575.7575757576,361111.1111111112,294191.9191919192,255050.50505050507,209595.95959595963,215909.09090909094,162878.7878787879,171717.17171717173,152777.7777777778,140151.51515151517,145202.0202020202,87121.21212121213,74494.94949494951
0.0,1262.6262626262628,1262.6262626262628,1262.6262626262628,2525.2525252525256,2525.2525252525256,1262.6262626262628,2525.2525252525256,6313.1313131313145,2525.2525252525256,1262.6262626262628,2525.2525252525256,0.0,3787.8787878787884,0.0,1262.6262626262628,1262.6262626262628,2525.2525252525256,0.0,3787.8787878787884,1262.6262626262628,2525.2525252525256,2525.2525252525256,3787.8787878787884,3787.8787878787884,2525.2525252525256,5050.505050505051,0.0,1262.6262626262628,0.0,5050.505050505051,6313.1313131313145,1262.6262626262628,1262.6262626262628,2525.2525252525256,3787.8787878787884,5050.505050505051,1262.6262626262628,2525.2525252525256,3787.8787878787884,3787.8787878787884,18939.393939393944,22727.27272727273,22727.27272727273,40404.04040404041,39141.41414141415,35353.53535353536,73232.32323232324,60606.060606060615,101010.10101010103,104797.97979797982,122474.74747474749,138888.8888888889,184343.43434343438,248737.37373737377,296717.1717171718,337121.21212121216,392676.7676767677,372474.74747474754,419191.91919191927,440656.5656565657,465909.090909091,483585.85858585866,551767.6767676768,478535.3535353536,559343.4343434344,532828.2828282829,597222.2222222224,513888.888888889,590909.0909090909,598484.8484848486,539141.4141414142,575757.5757575758,574494.9494949495,609848.484848485,492424.2424242425,532828.2828282829,608585.8585858587,590909.0909090909,555555.5555555556,573232.3232323233,518939.39393939404,486111.1111111112,523989.8989898991,551767.6767676768,573232.3232323233,513888.888888889,507575.7575757576,478535.3535353536,478535.3535353536,477272.72727272735,595959.5959595961,560606.0606060607,540404.0404040405,523989.8989898991,469696.9696969698,433080.80808080814,463383.8383838385,420454.5454545455,563131.3131313132,545454.5454545455,478535.3535353536,491161.6161616162,555555.5555555556,563131.3131313132,545454.5454545455,560606.0606060607,555555.5555555556,546717.1717171718,527777.7777777779,512626.26262626273,492424.2424242425,500000.00000000006,457070.7070707071,416666.66666666674,484848.4848484849,359848.4848484849,330808.08080808085,268939.393939394,287878.7878787879,193181.8181818182,170454.54545454547,185606.06060606064,184343.43434343438,171717.17171717173,126262.62626262628,69444.44444444445,78282.8282828283
6313.1313131313145,0.0,2525.2525252525256,1262.6262626262628,5050.505050505051,2525.2525252525256,5050.505050505051,1262.6262626262628,2525.2525252525256,2525.2525252525256,0.0,1262.6262626262628,3787.8787878787884,1262.6262626262628,2525.2525252525256,3787.8787878787884,0.0,3787.8787878787884,1262.6262626262628,3787.8787878787884,2525.2525252525256,1262.6262626262628,3787.8787878787884,0.0,3787.8787878787884,1262.6262626262628,2525.2525252525256,1262.6262626262628,0.0,5050.505050505051,5050.505050505051,0.0,0.0,3787.8787878787884,3787.8787878787884,1262.6262626262628,0.0,2525.2525252525256,1262.6262626262628,0.0,3787.8787878787884,16414.141414141417,21464.646464646466,31565.65656565657,39141.41414141415,56818.18181818182,78282.8282828283,74494.94949494951,90909.09090909093,116161.61616161618,148989.89898989903,157828.28282828286,195707.07070707073,260101.01010101015,309343.4343434344,354797.9797979799,368686.86868686875,329545.4545454546,400252.5252525253,472222.2222222223,440656.5656565657,478535.3535353536,505050.5050505051,521464.64646464656,454545.4545454546,477272.72727272735,547979.797979798,531565.6565656567,568181.8181818182,593434.3434343436,608585.8585858587,616161.6161616163,584595.9595959596,617424.2424242425,553030.3030303031,433080.80808080814,512626.26262626273,564393.9393939395,601010.1010101011,622474.7474747476,577020.2020202021,527777.7777777779,555555.5555555556,545454.5454545455,559343.4343434344,551767.6767676768,435606.06060606067,446969.696969697,508838.3838383839,488636.3636363637,411616.1616161617,527777.7777777779,501262.6262626263,395202.02020202024,494949.494949495,469696.9696969698,472222.2222222223,483585.85858585866,517676.7676767678,606060.6060606062,500000.00000000006,518939.39393939404,530303.0303030304,532828.2828282829,547979.797979798,584595.9595959596,570707.0707070708,597222.2222222224,500000.00000000006,569444.4444444445,506313.13131313137,512626.26262626273,505050.5050505051,508838.3838383839,443181.81818181823,415404.0404040405,410353.53535353544,372474.74747474754,364898.98989898997,270202.02020202024,246212.12121212124,213383.83838383842,159090.90909090912,165404.04040404042,226010.10101010103,133838.38383838386,98484.8484848485,84595.9595959596
0.0,3787.8787878787884,2525.2525252525256,1262.6262626262628,3787.8787878787884,2525.2525252525256,2525.2525252525256,0.0,2525.2525252525256,3787.8787878787884,3787.8787878787884,2525.2525252525256,2525.2525252525256,1262.6262626262628,2525.2525252525256,3787.8787878787884,2525.2525252525256,2525.2525252525256,6313.1313131313145,1262.6262626262628,0.0,2525.2525252525256,3787.8787878787884,2525.2525252525256,1262.6262626262628,2525.2525252525256,1262.6262626262628,0.0,0.0,1262.6262626262628,3787.8787878787884,2525.2525252525256,2525.2525252525256,3787.8787878787884,2525.2525252525256,2525.2525252525256,2525.2525252525256,3787.8787878787884,0.0,1262.6262626262628,7575.757575757577,13888.88888888889,15151.515151515154,18939.393939393944,37878.78787878789,42929.29292929293,55555.55555555556,98484.8484848485,132575.7575757576,156565.6565656566,148989.89898989903,166666.6666666667,215909.09090909094,250000.00000000003,340909.09090909094,319444.4444444445,386363.6363636364,449494.94949494954,441919.191919192,438131.3131313132,463383.8383838385,512626.26262626273,518939.39393939404,535353.5353535354,501262.6262626263,409090.9090909092,453282.8282828283,547979.797979798,565656.5656565657,550505.0505050506,540404.0404040405,626262.6262626264,584595.9595959596,516414.1414141415,510101.01010101015,450757.5757575758,563131.3131313132,574494.9494949495,643939.393939394,516414.1414141415,507575.7575757576,530303.0303030304,582070.7070707071,588383.8383838384,551767.6767676768,468434.3434343435,463383.8383838385,457070.7070707071,488636.3636363637,501262.6262626263,422979.79797979805,494949.494949495,474747.47474747483,329545.4545454546,362373.73737373744,376262.6262626263,483585.85858585866,530303.0303030304,535353.5353535354,527777.7777777779,587121.2121212122,593434.3434343436,601010.1010101011,558080.8080808081,609848.484848485,526515.1515151516,573232.3232323233,566919.191919192,574494.9494949495,513888.888888889,511363.6363636364,510101.01010101015,525252.5252525253,486111.1111111112,497474.74747474754,481060.60606060614,424242.4242424243,388888.88888888893,386363.6363636364,329545.4545454546,273989.898989899,231060.6060606061,212121.21212121216,219696.96969696973,186868.6868686869,159090.90909090912,109848.48484848486,95959.59595959597
2525.2525252525256,0.0,3787.8787878787884,0.0,1262.6262626262628,0.0,2525.2525252525256,0.0,2525.2525252525256,2525.2525252525256,0.0,6313.1313131313145,2525.2525252525256,0.0,1262.6262626262628,3787.8787878787884,3787.8787878787884,3787.8787878787884,2525.2525252525256,2525.2525252525256,5050.505050505051,2525.2525252525256,5050.505050505051,5050.505050505051,1262.6262626262628,1262.6262626262628,1262.6262626262628,3787.8787878787884,0.0,2525.2525252525256,2525.2525252525256,2525.2525252525256,5050.505050505051,2525.2525252525256,2525.2525252525256,3787.8787878787884,3787.8787878787884,3787.8787878787884,1262.6262626262628,2525.2525252525256,8838.38383838384,13888.88888888889,25252.525252525258,23989.898989898993,55555.55555555556,49242.42424242425,88383.8383838384,95959.59595959597,104797.97979797982,151515.15151515155,194444.44444444447,204545.4545454546,238636.36363636368,263888.88888888893,325757.5757575758,393939.393939394,396464.6464646465,409090.9090909092,429292.92929292936,493686.86868686875,481060.60606060614,530303.0303030304,477272.72727272735,505050.5050505051,550505.0505050506,481060.60606060614,446969.696969697,464646.46464646474,448232.3232323233,525252.5252525253,544191.9191919193,520202.0202020203,529040.4040404041,498737.3737373738,507575.7575757576,502525.2525252526,564393.9393939395,547979.797979798,589646.4646464647,536616.1616161617,477272.72727272735,579545.4545454546,549242.4242424243,582070.7070707071,536616.1616161617,483585.85858585866,505050.5050505051,436868.6868686869,405303.0303030304,313131.3131313132,419191.91919191927,340909.09090909094,392676.7676767677,294191.9191919192,375000.00000000006,539141.4141414142,590909.0909090909,579545.4545454546,513888.888888889,541666.6666666667,574494.9494949495,559343.4343434344,603535.3535353537,584595.9595959596,603535.3535353537,561868.6868686869,652777.7777777779,609848.484848485,542929.292929293,515151.51515151525,525252.5252525253,507575.7575757576,529040.4040404041,529040.4040404041,536616.1616161617,518939.39393939404,425505.0505050506,390151.5151515152,390151.5151515152,376262.6262626263,280303.03030303033,238636.36363636368,204545.4545454546,232323.23232323237,171717.17171717173,135101.01010101012,109848.48484848486,75757.57575757577
0.0,2525.2525252525256,2525.2525252525256,0.0,1262.6262626262628,2525.2525252525256,1262.6262626262628,1262.6262626262628,1262.6262626262628,0.0,3787.8787878787884,3787.8787878787884,2525.2525252525256,7575.757575757577,0.0,6313.1313131313145,2525.2525252525256,3787.8787878787884,1262.6262626262628,2525.2525252525256,2525.2525252525256,7575.757575757577,1262.6262626262628,2525.2525252525256,1262.6262626262628,1262.6262626262628,0.0,2525.2525252525256,1262.6262626262628,8838.38383838384,0.0,3787.8787878787884,2525.2525252525256,3787.8787878787884,1262.6262626262628,5050.505050505051,5050.505050505051,3787.8787878787884,3787.8787878787884,6313.1313131313145,7575.757575757577,12626.262626262629,34090.909090909096,29040.404040404046,50505.050505050516,69444.44444444445,92171.71717171719,128787.87878787881,145202.0202020202,179292.92929292933,184343.43434343438,220959.595959596,253787.8787878788,272727.27272727276,329545.4545454546,359848.4848484849,426767.67676767684,488636.3636363637,470959.59595959604,440656.5656565657,518939.39393939404,549242.4242424243,455808.08080808085,534090.9090909092,541666.6666666667,505050.5050505051,537878.787878788,477272.72727272735,523989.8989898991,547979.797979798,493686.86868686875,482323.2323232324,505050.5050505051,433080.80808080814,482323.2323232324,540404.0404040405,448232.3232323233,529040.4040404041,545454.5454545455,411616.1616161617,415404.0404040405,525252.5252525253,545454.5454545455,569444.4444444445,547979.797979798,565656.5656565657,506313.13131313137,459595.9595959597,457070.7070707071,449494.94949494954,477272.72727272735,505050.5050505051,369949.494949495,345959.595959596,474747.47474747483,503787.87878787884,484848.4848484849,515151.51515151525,546717.1717171718,584595.9595959596,594696.9696969698,545454.5454545455,497474.74747474754,555555.5555555556,589646.4646464647,574494.9494949495,597222.2222222224,618686.8686868688,566919.191919192,505050.5050505051,553030.3030303031,540404.0404040405,525252.5252525253,541666.6666666667,523989.8989898991,488636.3636363637,483585.85858585866,445707.07070707076,412878.78787878796,398989.898989899,305555.5555555556,257575.75757575763,251262.6262626263,242424.24242424246,170454.54545454547,137626.26262626264,102272.7272727273,79545.45454545456
3787.8787878787884,2525.2525252525256,0.0,1262.6262626262628,2525.2525252525256,1262.6262626262628,1262.6262626262628,7575.757575757577,2525.2525252525256,1262.6262626262628,1262.6262626262628,0.0,1262.6262626262628,1262.6262626262628,0.0,0.0,1262.6262626262628,3787.8787878787884,3787.8787878787884,1262.6262626262628,5050.505050505051,3787.8787878787884,2525.2525252525256,3787.8787878787884,0.0,0.0,2525.2525252525256,0.0,3787.8787878787884,3787.8787878787884,2525.2525252525256,1262.6262626262628,3787.8787878787884,6313.1313131313145,5050.505050505051,1262.6262626262628,2525.2525252525256,3787.8787878787884,2525.2525252525256,3787.8787878787884,11363.636363636366,21464.646464646466,32828.282828282834,49242.42424242425,65656.56565656567,54292.9292929293,102272.7272727273,161616.16161616164,203282.82828282833,190656.56565656568,215909.09090909094,247474.7474747475,257575.75757575763,327020.20202020206,392676.7676767677,431818.1818181819,431818.1818181819,412878.78787878796,482323.2323232324,478535.3535353536,515151.51515151525,532828.2828282829,463383.8383838385,523989.8989898991,553030.3030303031,546717.1717171718,527777.7777777779,532828.2828282829,482323.2323232324,540404.0404040405,446969.696969697,470959.59595959604,449494.94949494954,443181.81818181823,494949.494949495,397727.27272727276,420454.5454545455,510101.01010101015,502525.2525252526,444444.4444444445,402777.7777777778,448232.3232323233,512626.26262626273,431818.1818181819,515151.51515151525,540404.0404040405,444444.4444444445,457070.7070707071,486111.1111111112,467171.71717171726,521464.64646464656,476010.1010101011,441919.191919192,459595.9595959597,532828.2828282829,585858.5858585859,590909.0909090909,488636.3636363637,477272.72727272735,489898.98989898997,607323.2323232325,574494.9494949495,430555.5555555556,542929.292929293,607323.2323232325,606060.6060606062,623737.3737373739,523989.8989898991,498737.3737373738,559343.4343434344,527777.7777777779,513888.888888889,522727.2727272728,531565.6565656567,476010.1010101011,491161.6161616162,497474.74747474754,459595.9595959597,405303.0303030304,385101.01010101015,351010.1010101011,276515.15151515155,282828.28282828286,186868.6868686869,159090.90909090912,137626.26262626264,119949.49494949497,99747.47474747476
1262.6262626262628,1262.6262626262628,6313.1313131313145,2525.2525252525256,2525.2525252525256,2525.2525252525256,2525.2525252525256,3787.8787878787884,5050.505050505051,2525.2525252525256,2525.2525252525256,2525.2525252525256,0.0,6313.1313131313145,6313.1313131313145,2525.2525252525256,5050.505050505051,2525.2525252525256,2525.2525252525256,0.0,1262.6262626262628,2525.2525252525256,5050.505050505051,6313.1313131313145,3787.8787878787884,0.0,2525.2525252525256,3787.8787878787884,1262.6262626262628,1262.6262626262628,1262.6262626262628,6313.1313131313145,0.0,1262.6262626262628,7575.757575757577,1262.6262626262628,5050.505050505051,2525.2525252525256,2525.2525252525256,7575.757575757577,10101.010101010103,22727.27272727273,22727.27272727273,29040.404040404046,46717.171717171725,78282.8282828283,125000.00000000001,150252.5252525253,161616.16161616164,186868.6868686869,265151.5151515152,267676.7676767677,297979.79797979805,383838.3838383839,420454.5454545455,429292.92929292936,489898.98989898997,424242.4242424243,513888.888888889,498737.3737373738,511363.6363636364,508838.3838383839,482323.2323232324,574494.9494949495,555555.5555555556,583333.3333333334,525252.5252525253,484848.4848484849,414141.4141414142,498737.3737373738,446969.696969697,440656.5656565657,472222.2222222223,444444.4444444445,449494.94949494954,478535.3535353536,481060.60606060614,503787.87878787884,513888.888888889,546717.1717171718,515151.51515151525,506313.13131313137,450757.5757575758,422979.79797979805,542929.292929293,513888.888888889,421717.1717171718,482323.2323232324,512626.26262626273,419191.91919191927,424242.4242424243,407828.2828282829,492424.2424242425,406565.65656565665,501262.6262626263,592171.7171717172,511363.6363636364,476010.1010101011,405303.0303030304,464646.46464646474,478535.3535353536,472222.2222222223,520202.0202020203,558080.8080808081,632575.7575757577,587121.2121212122,546717.1717171718,488636.3636363637,496212.1212121213,602272.7272727274,577020.2020202021,535353.5353535354,522727.2727272728,510101.01010101015,553030.3030303031,532828.2828282829,517676.7676767678,478535.3535353536,467171.71717171726,430555.5555555556,434343.4343434344,286616.16161616164,251262.6262626263,209595.95959595963,135101.01010101012,113636.36363636365,97222.22222222223,106060.60606060608
6313.1313131313145,0.0,1262.6262626262628,5050.505050505051,2525.2525252525256,6313.1313131313145,1262.6262626262628,6313.1313131313145,1262.6262626262628,3787.8787878787884,6313.1313131313145,3787.8787878787884,5050.505050505051,2525.2525252525256,2525.2525252525256,1262.6262626262628,1262.6262626262628,1262.6262626262628,5050.505050505051,3787.8787878787884,0.0,2525.2525252525256,2525.2525252525256,1262.6262626262628,0.0,2525.2525252525256,3787.8787878787884,3787.8787878787884,2525.2525252525256,1262.6262626262628,3787.8787878787884,1262.6262626262628,1262.6262626262628,1262.6262626262628,1262.6262626262628,2525.2525252525256,5050.505050505051,2525.2525252525256,3787.8787878787884,10101.010101010103,21464.646464646466,17676.76767676768,34090.909090909096,58080.80808080809,63131.31313131314,106060.60606060608,125000.00000000001,135101.01010101012,203282.82828282833,223484.8484848485,265151.5151515152,325757.5757575758,323232.3232323233,380050.5050505051,429292.92929292936,430555.5555555556,462121.2121212122,555555.5555555556,526515.1515151516,571969.696969697,483585.85858585866,511363.6363636364,568181.8181818182,547979.797979798,540404.0404040405,587121.2121212122,564393.9393939395,496212.1212121213,385101.01010101015,395202.02020202024,324494.94949494954,438131.3131313132,454545.4545454546,477272.72727272735,383838.3838383839,419191.91919191927,454545.4545454546,488636.3636363637,527777.7777777779,505050.5050505051,463383.8383838385,412878.78787878796,455808.08080808085,488636.3636363637,472222.2222222223,450757.5757575758,458333.33333333343,477272.72727272735,535353.5353535354,421717.1717171718,506313.13131313137,430555.5555555556,559343.4343434344,617424.2424242425,569444.4444444445,564393.9393939395,515151.51515151525,463383.8383838385,506313.13131313137,549242.4242424243,455808.08080808085,474747.47474747483,469696.9696969698,550505.0505050506,546717.1717171718,565656.5656565657,535353.5353535354,518939.39393939404,539141.4141414142,537878.787878788,617424.2424242425,545454.5454545455,566919.191919192,515151.51515151525,559343.4343434344,527777.7777777779,525252.5252525253,468434.3434343435,450757.5757575758,368686.86868686875,356060.60606060614,290404.0404040404,241161.6161616162,222222.22222222225,170454.54545454547,132575.7575757576,97222.22222222223,95959.59595959597
0.0,2525.2525252525256,0.0,2525.2525252525256,1262.6262626262628,1262.6262626262628,1262.6262626262628,3787.8787878787884,7575.757575757577,1262.6262626262628,0.0,1262.6262626262628,3787.8787878787884,2525.2525252525256,2525.2525252525256,6313.1313131313145,1262.6262626262628,2525.2525252525256,5050.505050505051,2525.2525252525256,2525.2525252525256,2525.2525252525256,6313.1313131313145,3787.8787878787884,2525.2525252525256,3787.8787878787884,5050.505050505051,1262.6262626262628,2525.2525252525256,2525.2525252525256,2525.2525252525256,1262.6262626262628,3787.8787878787884,0.0,1262.6262626262628,2525.2525252525256,2525.2525252525256,3787.8787878787884,10101.010101010103,10101.010101010103,40404.04040404041,59343.434343434354,49242.42424242425,58080.80808080809,92171.71717171719,104797.97979797982,131313.13131313134,157828.28282828286,236111.11111111115,256313.13131313137,272727.27272727276,368686.86868686875,313131.3131313132,385101.01010101015,441919.191919192,516414.1414141415,544191.9191919193,555555.5555555556,561868.6868686869,512626.26262626273,568181.8181818182,561868.6868686869,606060.6060606062,529040.4040404041,513888.888888889,580808.0808080808,577020.2020202021,457070.7070707071,483585.85858585866,439393.93939393945,422979.79797979805,498737.3737373738,545454.5454545455,501262.6262626263,430555.5555555556,404040.40404040413,402777.7777777778,438131.3131313132,476010.1010101011,517676.7676767678,435606.06060606067,419191.91919191927,358585.85858585866,402777.7777777778,479797.9797979799,472222.2222222223,502525.2525252526,460858.58585858595,496212.1212121213,527777.7777777779,526515.1515151516,486111.1111111112,513888.888888889,627525.2525252526,536616.1616161617,506313.13131313137,507575.7575757576,465909.090909091,440656.5656565657,587121.2121212122,500000.00000000006,493686.86868686875,463383.8383838385,535353.5353535354,541666.6666666667,545454.5454545455,540404.0404040405,582070.7070707071,493686.86868686875,539141.4141414142,619949.4949494951,532828.2828282829,468434.3434343435,433080.80808080814,497474.74747474754,511363.6363636364,453282.8282828283,525252.5252525253,446969.696969697,411616.1616161617,363636.3636363637,282828.28282828286,277777.7777777778,196969.696969697,227272.7272727273,174242.42424242425,142676.7676767677,94696.96969696971
1262.6262626262628,2525.2525252525256,1262.6262626262628,1262.6262626262628,3787.8787878787884,0.0,2525.2525252525256,3787.8787878787884,1262.6262626262628,3787.8787878787884,3787.8787878787884,2525.2525252525256,5050.505050505051,2525.2525252525256,5050.505050505051,3787.8787878787884,1262.6262626262628,2525.2525252525256,5050.505050505051,1262.6262626262628,3787.8787878787884,5050.505050505051,0.0,1262.6262626262628,0.0,3787.8787878787884,3787.8787878787884,3787.8787878787884,1262.6262626262628,1262.6262626262628,7575.757575757577,1262.6262626262628,2525.2525252525256,1262.6262626262628,5050.505050505051,1262.6262626262628,1262.6262626262628,3787.8787878787884,6313.1313131313145,15151.515151515154,21464.646464646466,56818.18181818182,34090.909090909096,63131.31313131314,97222.22222222223,98484.8484848485,141414.14141414143,162878.7878787879,276515.15151515155,286616.16161616164,281565.6565656566,324494.94949494954,368686.86868686875,406565.65656565665,446969.696969697,477272.72727272735,482323.2323232324,525252.5252525253,542929.292929293,554292.9292929294,541666.6666666667,560606.0606060607,558080.8080808081,559343.4343434344,588383.8383838384,626262.6262626264,565656.5656565657,430555.5555555556,429292.92929292936,467171.71717171726,420454.5454545455,547979.797979798,560606.0606060607,503787.87878787884,454545.4545454546,433080.80808080814,419191.91919191927,431818.1818181819,546717.1717171718,449494.94949494954,410353.53535353544,383838.3838383839,482323.2323232324,419191.91919191927,463383.8383838385,492424.2424242425,569444.4444444445,505050.5050505051,417929.292929293,465909.090909091,503787.87878787884,560606.0606060607,501262.6262626263,584595.9595959596,507575.7575757576,501262.6262626263,515151.51515151525,465909.090909091,500000.00000000006,516414.1414141415,482323.2323232324,479797.9797979799,532828.2828282829,537878.787878788,593434.3434343436,595959.5959595961,558080.8080808081,530303.0303030304,469696.9696969698,505050.5050505051,511363.6363636364,545454.5454545455,551767.6767676768,497474.74747474754,526515.1515151516,553030.3030303031,478535.3535353536,512626.26262626273,436868.6868686869,386363.6363636364,337121.21212121216,301767.67676767684,299242.4242424243,184343.43434343438,176767.6767676768,175505.05050505055,145202.0202020202,87121.21212121213
0.0,6313.1313131313145,1262.6262626262628,2525.2525252525256,2525.2525252525256,3787.8787878787884,2525.2525252525256,2525.2525252525256,2525.2525252525256,2525.2525252525256,0.0,1262.6262626262628,1262.6262626262628,1262.6262626262628,3787.8787878787884,0.0,0.0,2525.2525252525256,1262.6262626262628,2525.2525252525256,0.0,0.0,2525.2525252525256,1262.6262626262628,8838.38383838384,0.0,1262.6262626262628,2525.2525252525256,2525.2525252525256,3787.8787878787884,6313.1313131313145,5050.505050505051,2525.2525252525256,0.0,1262.6262626262628,5050.505050505051,5050.505050505051,0.0,2525.2525252525256,11363.636363636366,12626.262626262629,46717.171717171725,65656.56565656567,74494.94949494951,104797.97979797982,132575.7575757576,181818.18181818185,243686.86868686872,263888.88888888893,309343.4343434344,381313.13131313137,385101.01010101015,380050.5050505051,411616.1616161617,468434.3434343435,458333.33333333343,531565.6565656567,534090.9090909092,573232.3232323233,546717.1717171718,526515.1515151516,609848.484848485,559343.4343434344,578282.8282828283,583333.3333333334,621212.1212121213,565656.5656565657,479797.9797979799,397727.27272727276,430555.5555555556,436868.6868686869,460858.58585858595,444444.4444444445,459595.9595959597,411616.1616161617,492424.2424242425,441919.191919192,540404.0404040405,470959.59595959604,434343.4343434344,429292.92929292936,445707.07070707076,426767.67676767684,464646.46464646474,487373.73737373744,565656.5656565657,491161.6161616162,529040.4040404041,489898.98989898997,478535.3535353536,479797.9797979799,520202.0202020203,577020.2020202021,550505.0505050506,477272.72727272735,513888.888888889,518939.39393939404,494949.494949495,479797.9797979799,484848.4848484849,541666.6666666667,505050.5050505051,536616.1616161617,511363.6363636364,517676.7676767678,470959.59595959604,463383.8383838385,390151.5151515152,476010.1010101011,443181.81818181823,488636.3636363637,484848.4848484849,614898.98989899,555555.5555555556,566919.191919192,547979.797979798,564393.9393939395,458333.33333333343,404040.40404040413,400252.5252525253,324494.94949494954,357323.2323232324,275252.5252525253,190656.56565656568,172979.797979798,154040.40404040407,107323.23232323234,94696.96969696971
2525.2525252525256,5050.505050505051,3787.8787878787884,1262.6262626262628,1262.6262626262628,7575.757575757577,3787.8787878787884,2525.2525252525256,1262.6262626262628,1262.6262626262628,3787.8787878787884,2525.2525252525256,2525.2525252525256,5050.505050505051,1262.6262626262628,5050.505050505051,3787.8787878787884,5050.505050505051,0.0,0.0,1262.6262626262628,3787.8787878787884,2525.2525252525256,3787.8787878787884,3787.8787878787884,0.0,0.0,3787.8787878787884,1262.6262626262628,2525.2525252525256,7575.757575757577,1262.6262626262628,3787.8787878787884,1262.6262626262628,1262.6262626262628,0.0,2525.2525252525256,8838.38383838384,7575.757575757577,7575.757575757577,23989.898989898993,54292.9292929293,61868.68686868688,98484.8484848485,122474.74747474749,178030.30303030307,193181.8181818182,214646.46464646468,290404.0404040404,332070.7070707071,388888.88888888893,387626.2626262627,415404.0404040405,444444.4444444445,537878.787878788,507575.7575757576,469696.9696969698,535353.5353535354,510101.01010101015,594696.9696969698,547979.797979798,467171.71717171726,416666.66666666674,443181.81818181823,517676.7676767678,584595.9595959596,554292.9292929294,520202.0202020203,558080.8080808081,536616.1616161617,424242.4242424243,477272.72727272735,506313.13131313137,472222.2222222223,518939.39393939404,425505.0505050506,438131.3131313132,487373.73737373744,434343.4343434344,438131.3131313132,405303.0303030304,483585.85858585866,486111.1111111112,467171.71717171726,494949.494949495,536616.1616161617,501262.6262626263,573232.3232323233,465909.090909091,498737.3737373738,537878.787878788,566919.191919192,556818.1818181819,556818.1818181819,482323.2323232324,488636.3636363637,478535.3535353536,500000.00000000006,492424.2424242425,549242.4242424243,544191.9191919193,508838.3838383839,508838.3838383839,488636.3636363637,470959.59595959604,498737.3737373738,518939.39393939404,425505.0505050506,340909.09090909094,375000.00000000006,580808.0808080808,520202.0202020203,539141.4141414142,529040.4040404041,582070.7070707071,520202.0202020203,545454.5454545455,523989.8989898991,483585.85858585866,385101.01010101015,340909.09090909094,295454.54545454547,224747.47474747477,222222.22222222225,233585.85858585863,164141.41414141416,131313.13131313134,98484.8484848485
3787.8787878787884,3787.8787878787884,3787.8787878787884,2525.2525252525256,3787.8787878787884,0.0,6313.1313131313145,1262.6262626262628,1262.6262626262628,1262.6262626262628,11363.636363636366,6313.1313131313145,1262.6262626262628,3787.8787878787884,3787.8787878787884,2525.2525252525256,1262.6262626262628,3787.8787878787884,1262.6262626262628,3787.8787878787884,2525.2525252525256,2525.2525252525256,3787.8787878787884,6313.1313131313145,3787.8787878787884,5050.505050505051,3787.8787878787884,3787.8787878787884,2525.2525252525256,0.0,1262.6262626262628,2525.2525252525256,5050.505050505051,1262.6262626262628,1262.6262626262628,2525.2525252525256,7575.757575757577,11363.636363636366,10101.010101010103,12626.262626262629,27777.77777777778,41666.66666666667,85858.58585858587,83333.33333333334,132575.7575757576,196969.696969697,224747.47474747477,241161.6161616162,373737.3737373738,393939.393939394,443181.81818181823,482323.2323232324,463383.8383838385,502525.2525252526,503787.87878787884,457070.7070707071,487373.73737373744,553030.3030303031,546717.1717171718,573232.3232323233,569444.4444444445,515151.51515151525,550505.0505050506,405303.0303030304,449494.94949494954,460858.58585858595,496212.1212121213,517676.7676767678,520202.0202020203,522727.2727272728,460858.58585858595,473484.84848484857,517676.7676767678,464646.46464646474,484848.4848484849,398989.898989899,435606.06060606067,470959.59595959604,363636.3636363637,482323.2323232324,507575.7575757576,479797.9797979799,486111.1111111112,467171.71717171726,445707.07070707076,431818.1818181819,494949.494949495,479797.9797979799,468434.3434343435,535353.5353535354,517676.7676767678,505050.5050505051,550505.0505050506,556818.1818181819,467171.71717171726,468434.3434343435,506313.13131313137,510101.01010101015,534090.9090909092,535353.5353535354,522727.2727272728,493686.86868686875,503787.87878787884,503787.87878787884,488636.3636363637,474747.47474747483,486111.1111111112,537878.787878788,409090.9090909092,470959.59595959604,483585.85858585866,492424.2424242425,511363.6363636364,515151.51515151525,582070.7070707071,544191.9191919193,535353.5353535354,494949.494949495,496212.1212121213,396464.6464646465,309343.4343434344,258838.3838383839,324494.94949494954,271464.6464646465,213383.83838383842,178030.30303030307,164141.41414141416,130050.50505050507
3787.8787878787884,0.0,2525.2525252525256,2525.2525252525256,3787.8787878787884,1262.6262626262628,6313.1313131313145,3787.8787878787884,5050.505050505051,5050.505050505051,3787.8787878787884,1262.6262626262628,2525.2525252525256,2525.2525252525256,2525.2525252525256,2525.2525252525256,0.0,3787.8787878787884,7575.757575757577,5050.505050505051,3787.8787878787884,3787.8787878787884,1262.6262626262628,2525.2525252525256,1262.6262626262628,3787.8787878787884,3787.8787878787884,2525.2525252525256,1262.6262626262628,1262.6262626262628,6313.1313131313145,0.0,0.0,3787.8787878787884,1262.6262626262628,2525.2525252525256,5050.505050505051,7575.757575757577,8838.38383838384,34090.909090909096,40404.04040404041,68181.81818181819,82070.70707070708,88383.8383838384,212121.21212121216,220959.595959596,223484.8484848485,277777.7777777778,305555.5555555556,383838.3838383839,439393.93939393945,474747.47474747483,516414.1414141415,478535.3535353536,555555.5555555556,530303.0303030304,532828.2828282829,506313.13131313137,503787.87878787884,553030.3030303031,573232.3232323233,582070.7070707071,531565.6565656567,452020.20202020206,452020.20202020206,330808.08080808085,377525.2525252526,454545.4545454546,441919.191919192,417929.292929293,492424.2424242425,511363.6363636364,539141.4141414142,505050.5050505051,410353.53535353544,327020.20202020206,417929.292929293,371212.1212121213,428030.3030303031,488636.3636363637,534090.9090909092,479797.9797979799,453282.8282828283,455808.08080808085,422979.79797979805,482323.2323232324,494949.494949495,472222.2222222223,468434.3434343435,549242.4242424243,493686.86868686875,529040.4040404041,488636.3636363637,523989.8989898991,575757.5757575758,561868.6868686869,541666.6666666667,537878.787878788,515151.51515151525,525252.5252525253,517676.7676767678,577020.2020202021,580808.0808080808,540404.0404040405,481060.60606060614,494949.494949495,464646.46464646474,521464.64646464656,420454.5454545455,369949.494949495,433080.80808080814,332070.7070707071,460858.58585858595,503787.87878787884,566919.191919192,571969.696969697,507575.7575757576,527777.7777777779,489898.98989898997,353535.3535353536,284090.9090909091,279040.4040404041,261363.6363636364,145202.0202020202,160353.53535353538,150252.5252525253,169191.9191919192,156565.6565656566
2525.2525252525256,1262.6262626262628,2525.2525252525256,5050.505050505051,7575.757575757577,3787.8787878787884,1262.6262626262628,1262.6262626262628,3787.8787878787884,1262.6262626262628,2525.2525252525256,3787.8787878787884,3787.8787878787884,5050.505050505051,1262.6262626262628,3787.8787878787884,2525.2525252525256,6313.1313131313145,2525.2525252525256,3787.8787878787884,5050.505050505051,0.0,3787.8787878787884,3787.8787878787884,2525.2525252525256,2525.2525252525256,1262.6262626262628,2525.2525252525256,1262.6262626262628,0.0,2525.2525252525256,3787.8787878787884,0.0,1262.6262626262628,1262.6262626262628,1262.6262626262628,7575.757575757577,10101.010101010103,26515.15151515152,26515.15151515152,36616.16161616162,79545.45454545456,75757.57575757577,117424.24242424245,174242.42424242425,200757.57575757577,238636.36363636368,279040.4040404041,344696.9696969697,426767.67676767684,411616.1616161617,449494.94949494954,517676.7676767678,518939.39393939404,518939.39393939404,529040.4040404041,541666.6666666667,577020.2020202021,516414.1414141415,536616.1616161617,541666.6666666667,565656.5656565657,469696.9696969698,422979.79797979805,388888.88888888893,435606.06060606067,409090.9090909092,388888.88888888893,441919.191919192,479797.9797979799,462121.2121212122,506313.13131313137,489898.98989898997,417929.292929293,474747.47474747483,469696.9696969698,505050.5050505051,396464.6464646465,449494.94949494954,529040.4040404041,464646.46464646474,482323.2323232324,464646.46464646474,411616.1616161617,458333.33333333343,439393.93939393945,497474.74747474754,393939.393939394,542929.292929293,539141.4141414142,551767.6767676768,546717.1717171718,549242.4242424243,516414.1414141415,515151.51515151525,564393.9393939395,530303.0303030304,546717.1717171718,518939.39393939404,525252.5252525253,520202.0202020203,513888.888888889,541666.6666666667,534090.9090909092,527777.7777777779,527777.7777777779,500000.00000000006,440656.5656565657,506313.13131313137,417929.292929293,518939.39393939404,452020.20202020206,443181.81818181823,570707.0707070708,574494.9494949495,590909.0909090909,541666.6666666667,491161.6161616162,436868.6868686869,368686.86868686875,280303.03030303033,231060.6060606061,194444.44444444447,170454.54545454547,131313.13131313134,138888.8888888889,162878.7878787879,166666.6666666667
3787.8787878787884,5050.505050505051,10101.010101010103,1262.6262626262628,3787.8787878787884,1262.6262626262628,2525.2525252525256,2525.2525252525256,7575.757575757577,2525.2525252525256,2525.2525252525256,2525.2525252525256,1262.6262626262628,3787.8787878787884,5050.505050505051,6313.1313131313145,3787.8787878787884,5050.505050505051,2525.2525252525256,1262.6262626262628,1262.6262626262628,2525.2525252525256,6313.1313131313145,2525.2525252525256,6313.1313131313145,1262.6262626262628,1262.6262626262628,3787.8787878787884,1262.6262626262628,3787.8787878787884,1262.6262626262628,2525.2525252525256,6313.1313131313145,5050.505050505051,2525.2525252525256,7575.757575757577,37878.78787878789,18939.393939393944,27777.77777777778,31565.65656565657,54292.9292929293,71969.69696969698,73232.32323232324,162878.7878787879,193181.8181818182,234848.4848484849,248737.37373737377,347222.22222222225,416666.66666666674,473484.84848484857,481060.60606060614,496212.1212121213,522727.2727272728,565656.5656565657,536616.1616161617,574494.9494949495,532828.2828282829,515151.51515151525,619949.4949494951,518939.39393939404,545454.5454545455,554292.9292929294,482323.2323232324,440656.5656565657,444444.4444444445,448232.3232323233,357323.2323232324,368686.86868686875,387626.2626262627,523989.8989898991,536616.1616161617,477272.72727272735,404040.40404040413,523989.8989898991,431818.1818181819,529040.4040404041,534090.9090909092,446969.696969697,446969.696969697,452020.20202020206,381313.13131313137,428030.3030303031,467171.71717171726,481060.60606060614,500000.00000000006,494949.494949495,464646.46464646474,459595.9595959597,506313.13131313137,502525.2525252526,513888.888888889,529040.4040404041,452020.20202020206,486111.1111111112,513888.888888889,510101.01010101015,582070.7070707071,559343.4343434344,545454.5454545455,503787.87878787884,534090.9090909092,598484.8484848486,534090.9090909092,510101.01010101015,515151.51515151525,492424.2424242425,502525.2525252526,503787.87878787884,472222.2222222223,465909.090909091,522727.2727272728,502525.2525252526,457070.7070707071,553030.3030303031,579545.4545454546,540404.0404040405,508838.3838383839,516414.1414141415,417929.292929293,351010.1010101011,251262.6262626263,207070.7070707071,159090.90909090912,142676.7676767677,98484.8484848485,121212.12121212123,178030.30303030307,123737.37373737375
3787.8787878787884,1262.6262626262628,2525.2525252525256,1262.6262626262628,0.0,5050.505050505051,0.0,5050.505050505051,2525.2525252525256,2525.2525252525256,2525.2525252525256,3787.8787878787884,3787.8787878787884,2525.2525252525256,3787.8787878787884,2525.2525252525256,1262.6262626262628,2525.2525252525256,5050.505050505051,2525.2525252525256,2525.2525252525256,3787.8787878787884,2525.2525252525256,0.0,1262.6262626262628,1262.6262626262628,1262.6262626262628,3787.8787878787884,6313.1313131313145,10101.010101010103,5050.505050505051,2525.2525252525256,3787.8787878787884,6313.1313131313145,8838.38383838384,12626.262626262629,20202.020202020205,27777.77777777778,30303.030303030308,31565.65656565657,73232.32323232324,103535.35353535356,88383.8383838384,147727.27272727274,208333.33333333337,296717.1717171718,314393.93939393945,366161.6161616162,463383.8383838385,470959.59595959604,505050.5050505051,554292.9292929294,549242.4242424243,558080.8080808081,568181.8181818182,564393.9393939395,559343.4343434344,520202.0202020203,546717.1717171718,566919.191919192,532828.2828282829,491161.6161616162,530303.0303030304,511363.6363636364,502525.2525252526,438131.3131313132,460858.58585858595,361111.1111111112,439393.93939393945,512626.26262626273,492424.2424242425,445707.07070707076,446969.696969697,449494.94949494954,484848.4848484849,540404.0404040405,489898.98989898997,439393.93939393945,445707.07070707076,420454.5454545455,463383.8383838385,457070.7070707071,469696.9696969698,415404.0404040405,517676.7676767678,494949.494949495,380050.5050505051,478535.3535353536,544191.9191919193,554292.9292929294,532828.2828282829,523989.8989898991,553030.3030303031,502525.2525252526,534090.9090909092,565656.5656565657,570707.0707070708,544191.9191919193,540404.0404040405,544191.9191919193,527777.7777777779,547979.797979798,559343.4343434344,526515.1515151516,544191.9191919193,536616.1616161617,494949.494949495,498737.3737373738,510101.01010101015,489898.98989898997,505050.5050505051,479797.9797979799,463383.8383838385,542929.292929293,574494.9494949495,539141.4141414142,537878.787878788,445707.07070707076,410353.53535353544,349747.4747474748,262626.2626262627,241161.6161616162,185606.06060606064,142676.7676767677,119949.49494949497,152777.7777777778,157828.28282828286,97222.22222222223
0.0,3787.8787878787884,0.0,5050.505050505051,0.0,2525.2525252525256,1262.6262626262628,3787.8787878787884,6313.1313131313145,1262.6262626262628,1262.6262626262628,5050.505050505051,1262.6262626262628,0.0,2525.2525252525256,3787.8787878787884,3787.8787878787884,1262.6262626262628,5050.505050505051,5050.505050505051,2525.2525252525256,2525.2525252525256,2525.2525252525256,3787.8787878787884,6313.1313131313145,1262.6262626262628,0.0,2525.2525252525256,5050.505050505051,0.0,1262.6262626262628,2525.2525252525256,3787.8787878787884,1262.6262626262628,6313.1313131313145,1262.6262626262628,10101.010101010103,10101.010101010103,18939.393939393944,46717.171717171725,64393.93939393941,74494.94949494951,131313.13131313134,193181.8181818182,195707.07070707073,334595.95959595963,335858.5858585859,378787.87878787884,477272.72727272735,478535.3535353536,455808.08080808085,542929.292929293,527777.7777777779,553030.3030303031,575757.5757575758,537878.787878788,563131.3131313132,546717.1717171718,573232.3232323233,599747.4747474749,541666.6666666667,545454.5454545455,508838.3838383839,535353.5353535354,529040.4040404041,430555.5555555556,468434.3434343435,434343.4343434344,486111.1111111112,492424.2424242425,468434.3434343435,458333.33333333343,440656.5656565657,488636.3636363637,426767.67676767684,434343.4343434344,441919.191919192,513888.888888889,493686.86868686875,445707.07070707076,469696.9696969698,444444.4444444445,494949.494949495,518939.39393939404,507575.7575757576,532828.2828282829,503787.87878787884,469696.9696969698,527777.7777777779,530303.0303030304,566919.191919192,525252.5252525253,486111.1111111112,479797.9797979799,523989.8989898991,559343.4343434344,553030.3030303031,545454.5454545455,550505.0505050506,556818.1818181819,622474.7474747476,613636.3636363638,515151.51515151525,558080.8080808081,518939.39393939404,554292.9292929294,513888.888888889,534090.9090909092,502525.2525252526,536616.1616161617,492424.2424242425,445707.07070707076,488636.3636363637,503787.87878787884,521464.64646464656,550505.0505050506,493686.86868686875,416666.66666666674,396464.6464646465,349747.4747474748,262626.2626262627,214646.46464646468,152777.7777777778,136363.63636363638,116161.61616161618,103535.35353535356,68181.81818181819,50505.050505050516
3787.8787878787884,6313.1313131313145,2525.2525252525256,0.0,3787.8787878787884,3787.8787878787884,3787.8787878787884,2525.2525252525256,1262.6262626262628,2525.2525252525256,2525.2525252525256,1262.6262626262628,2525.2525252525256,6313.1313131313145,1262.6262626262628,5050.505050505051,0.0,0.0,1262.6262626262628,2525.2525252525256,6313.1313131313145,0.0,2525.2525252525256,2525.2525252525256,3787.8787878787884,2525.2525252525256,3787.8787878787884,3787.8787878787884,1262.6262626262628,3787.8787878787884,2525.2525252525256,1262.6262626262628,0.0,2525.2525252525256,1262.6262626262628,3787.8787878787884,5050.505050505051,5050.505050505051,11363.636363636366,47979.797979797986,71969.69696969698,106060.60606060608,160353.53535353538,166666.6666666667,234848.4848484849,320707.07070707076,453282.8282828283,415404.0404040405,424242.4242424243,467171.71717171726,537878.787878788,582070.7070707071,566919.191919192,558080.8080808081,595959.5959595961,565656.5656565657,563131.3131313132,595959.5959595961,603535.3535353537,594696.9696969698,536616.1616161617,542929.292929293,582070.7070707071,530303.0303030304,505050.5050505051,392676.7676767677,482323.2323232324,465909.090909091,458333.33333333343,391414.14141414146,473484.84848484857,474747.47474747483,496212.1212121213,530303.0303030304,517676.7676767678,507575.7575757576,453282.8282828283,476010.1010101011,446969.696969697,494949.494949495,554292.9292929294,512626.26262626273,492424.2424242425,460858.58585858595,507575.7575757576,539141.4141414142,553030.3030303031,521464.64646464656,492424.2424242425,491161.6161616162,582070.7070707071,366161.6161616162,318181.81818181823,275252.5252525253,337121.21212121216,467171.71717171726,577020.2020202021,580808.0808080808,545454.5454545455,525252.5252525253,522727.2727272728,542929.292929293,568181.8181818182,554292.9292929294,503787.87878787884,536616.1616161617,520202.0202020203,470959.59595959604,449494.94949494954,534090.9090909092,498737.3737373738,419191.91919191927,458333.33333333343,439393.93939393945,420454.5454545455,497474.74747474754,510101.01010101015,420454.5454545455,385101.01010101015,296717.1717171718,281565.6565656566,219696.96969696973,159090.90909090912,122474.74747474749,143939.39393939395,140151.51515151517,70707.07070707071,51767.67676767678
0.0,5050.505050505051,6313.1313131313145,6313.1313131313145,2525.2525252525256,6313.1313131313145,1262.6262626262628,5050.505050505051,2525.2525252525256,2525.2525252525256,2525.2525252525256,2525.2525252525256,2525.2525252525256,2525.2525252525256,8838.38383838384,1262.6262626262628,0.0,2525.2525252525256,1262.6262626262628,2525.2525252525256,5050.505050505051,0.0,3787.8787878787884,2525.2525252525256,2525.2525252525256,1262.6262626262628,0.0,5050.505050505051,2525.2525252525256,1262.6262626262628,5050.505050505051,2525.2525252525256,5050.505050505051,1262.6262626262628,1262.6262626262628,3787.8787878787884,3787.8787878787884,5050.505050505051,27777.77777777778,64393.93939393941,94696.96969696971,122474.74747474749,180555.5555555556,207070.7070707071,318181.81818181823,332070.7070707071,477272.72727272735,412878.78787878796,448232.3232323233,503787.87878787884,516414.1414141415,520202.0202020203,582070.7070707071,521464.64646464656,587121.2121212122,579545.4545454546,606060.6060606062,632575.7575757577,612373.7373737375,641414.1414141415,537878.787878788,597222.2222222224,529040.4040404041,520202.0202020203,489898.98989898997,467171.71717171726,459595.9595959597,453282.8282828283,439393.93939393945,391414.14141414146,398989.898989899,488636.3636363637,532828.2828282829,540404.0404040405,507575.7575757576,531565.6565656567,454545.4545454546,438131.3131313132,452020.20202020206,527777.7777777779,579545.4545454546,492424.2424242425,444444.4444444445,479797.9797979799,497474.74747474754,505050.5050505051,523989.8989898991,505050.5050505051,532828.2828282829,517676.7676767678,371212.1212121213,315656.5656565657,285353.5353535354,280303.03030303033,268939.393939394,309343.4343434344,436868.6868686869,537878.787878788,550505.0505050506,568181.8181818182,566919.191919192,556818.1818181819,564393.9393939395,545454.5454545455,505050.5050505051,428030.3030303031,426767.67676767684,462121.2121212122,511363.6363636364,496212.1212121213,468434.3434343435,375000.00000000006,529040.4040404041,483585.85858585866,502525.2525252526,470959.59595959604,513888.888888889,417929.292929293,382575.7575757576,285353.5353535354,189393.93939393942,165404.04040404042,186868.6868686869,121212.12121212123,82070.70707070708,71969.69696969698,55555.55555555556,45454.54545454546
6313.1313131313145,1262.6262626262628,2525.2525252525256,1262.6262626262628,1262.6262626262628,3787.8787878787884,0.0,0.0,2525.2525252525256,1262.6262626262628,3787.8787878787884,7575.757575757577,2525.2525252525256,2525.2525252525256,1262.6262626262628,1262.6262626262628,3787.8787878787884,2525.2525252525256,1262.6262626262628,1262.6262626262628,3787.8787878787884,6313.1313131313145,3787.8787878787884,3787.8787878787884,2525.2525252525256,1262.6262626262628,0.0,5050.505050505051,0.0,0.0,5050.505050505051,2525.2525252525256,0.0,0.0,1262.6262626262628,5050.505050505051,5050.505050505051,13888.88888888889,42929.29292929293,70707.07070707071,77020.20202020204,160353.53535353538,224747.47474747477,231060.6060606061,332070.7070707071,381313.13131313137,411616.1616161617,435606.06060606067,487373.73737373744,522727.2727272728,497474.74747474754,602272.7272727274,526515.1515151516,535353.5353535354,536616.1616161617,590909.0909090909,606060.6060606062,585858.5858585859,537878.787878788,569444.4444444445,540404.0404040405,523989.8989898991,550505.0505050506,502525.2525252526,433080.80808080814,441919.191919192,445707.07070707076,464646.46464646474,414141.4141414142,440656.5656565657,550505.0505050506,553030.3030303031,580808.0808080808,588383.8383838384,508838.3838383839,520202.0202020203,449494.94949494954,428030.3030303031,539141.4141414142,522727.2727272728,549242.4242424243,482323.2323232324,473484.84848484857,443181.81818181823,530303.0303030304,523989.8989898991,518939.39393939404,521464.64646464656,525252.5252525253,357323.2323232324,276515.15151515155,303030.3030303031,285353.5353535354,231060.6060606061,253787.8787878788,292929.29292929295,409090.9090909092,580808.0808080808,577020.2020202021,550505.0505050506,575757.5757575758,530303.0303030304,583333.3333333334,511363.6363636364,489898.98989898997,484848.4848484849,481060.60606060614,444444.4444444445,534090.9090909092,522727.2727272728,550505.0505050506,445707.07070707076,450757.5757575758,434343.4343434344,493686.86868686875,473484.84848484857,468434.3434343435,435606.06060606067,416666.66666666674,234848.4848484849,155303.03030303033,151515.15151515155,159090.90909090912,99747.47474747476,66919.19191919193,60606.060606060615,46717.171717171725,31565.65656565657
5050.505050505051,6313.1313131313145,2525.2525252525256,2525.2525252525256,3787.8787878787884,0.0,0.0,2525.2525252525256,2525.2525252525256,3787.8787878787884,5050.505050505051,3787.8787878787884,1262.6262626262628,2525.2525252525256,3787.8787878787884,1262.6262626262628,2525.2525252525256,3787.8787878787884,1262.6262626262628,0.0,6313.1313131313145,3787.8787878787884,0.0,6313.1313131313145,2525.2525252525256,5050.505050505051,5050.505050505051,5050.505050505051,2525.2525252525256,3787.8787878787884,3787.8787878787884,2525.2525252525256,6313.1313131313145,1262.6262626262628,1262.6262626262628,2525.2525252525256,5050.505050505051,17676.76767676768,37878.78787878789,80808.08080808082,109848.48484848486,151515.15151515155,226010.10101010103,309343.4343434344,338383.8383838384,401515.15151515155,473484.84848484857,445707.07070707076,502525.2525252526,526515.1515151516,537878.787878788,556818.1818181819,568181.8181818182,593434.3434343436,585858.5858585859,611111.1111111112,609848.484848485,560606.0606060607,640151.5151515153,553030.3030303031,542929.292929293,558080.8080808081,542929.292929293,491161.6161616162,493686.86868686875,497474.74747474754,448232.3232323233,438131.3131313132,530303.0303030304,503787.87878787884,532828.2828282829,530303.0303030304,497474.74747474754,438131.3131313132,443181.81818181823,532828.2828282829,517676.7676767678,452020.20202020206,420454.5454545455,388888.88888888893,515151.51515151525,539141.4141414142,493686.86868686875,406565.65656565665,507575.7575757576,527777.7777777779,564393.9393939395,482323.2323232324,383838.3838383839,244949.49494949498,238636.36363636368,226010.10101010103,252525.25252525255,247474.7474747475,297979.79797979805,310606.06060606067,337121.21212121216,487373.73737373744,570707.0707070708,551767.6767676768,558080.8080808081,540404.0404040405,546717.1717171718,536616.1616161617,500000.00000000006,477272.72727272735,449494.94949494954,489898.98989898997,444444.4444444445,531565.6565656567,474747.47474747483,426767.67676767684,440656.5656565657,481060.60606060614,520202.0202020203,401515.15151515155,497474.74747474754,375000.00000000006,330808.08080808085,233585.85858585863,162878.7878787879,155303.03030303033,97222.22222222223,73232.32323232324,55555.55555555556,50505.050505050516,32828.282828282834,46717.171717171725
1262.6262626262628,1262.6262626262628,7575.757575757577,7575.757575757577,0.0,3787.8787878787884,0.0,3787.8787878787884,1262.6262626262628,1262.6262626262628,0.0,0.0,5050.505050505051,3787.8787878787884,0.0,3787.8787878787884,1262.6262626262628,2525.2525252525256,2525.2525252525256,7575.757575757577,2525.2525252525256,3787.8787878787884,0.0,3787.8787878787884,1262.6262626262628,0.0,1262.6262626262628,7575.757575757577,8838.38383838384,1262.6262626262628,1262.6262626262628,2525.2525252525256,2525.2525252525256,1262.6262626262628,1262.6262626262628,8838.38383838384,7575.757575757577,26515.15151515152,45454.54545454546,65656.56565656567,135101.01010101012,179292.92929292933,220959.595959596,335858.5858585859,361111.1111111112,443181.81818181823,452020.20202020206,513888.888888889,502525.2525252526,497474.74747474754,515151.51515151525,523989.8989898991,551767.6767676768,587121.2121212122,580808.0808080808,566919.191919192,544191.9191919193,578282.8282828283,595959.5959595961,518939.39393939404,467171.71717171726,551767.6767676768,513888.888888889,416666.66666666674,534090.9090909092,535353.5353535354,484848.4848484849,476010.1010101011,455808.08080808085,455808.08080808085,550505.0505050506,506313.13131313137,507575.7575757576,468434.3434343435,521464.64646464656,556818.1818181819,483585.85858585866,431818.1818181819,400252.5252525253,402777.7777777778,473484.84848484857,530303.0303030304,505050.5050505051,507575.7575757576,517676.7676767678,545454.5454545455,505050.5050505051,474747.47474747483,340909.09090909094,270202.02020202024,252525.25252525255,246212.12121212124,256313.13131313137,253787.8787878788,301767.67676767684,339646.4646464647,375000.00000000006,458333.33333333343,517676.7676767678,566919.191919192,522727.2727272728,526515.1515151516,597222.2222222224,556818.1818181819,597222.2222222224,568181.8181818182,522727.2727272728,453282.8282828283,455808.08080808085,468434.3434343435,510101.01010101015,414141.4141414142,532828.2828282829,473484.84848484857,500000.00000000006,376262.6262626263,349747.4747474748,299242.4242424243,255050.50505050507,212121.21212121216,166666.6666666667,119949.49494949497,71969.69696969698,77020.20202020204,59343.434343434354,50505.050505050516,31565.65656565657,34090.909090909096
2525.2525252525256,1262.6262626262628,2525.2525252525256,5050.505050505051,2525.2525252525256,1262.6262626262628,2525.2525252525256,2525.2525252525256,3787.8787878787884,3787.8787878787884,10101.010101010103,3787.8787878787884,3787.8787878787884,2525.2525252525256,3787.8787878787884,0.0,1262.6262626262628,5050.505050505051,1262.6262626262628,3787.8787878787884,1262.6262626262628,2525.2525252525256,3787.8787878787884,3787.8787878787884,1262.6262626262628,5050.505050505051,2525.2525252525256,1262.6262626262628,3787.8787878787884,1262.6262626262628,6313.1313131313145,3787.8787878787884,1262.6262626262628,1262.6262626262628,6313.1313131313145,0.0,6313.1313131313145,27777.77777777778,59343.434343434354,101010.10101010103,159090.90909090912,194444.44444444447,291666.6666666667,352272.72727272735,409090.9090909092,415404.0404040405,517676.7676767678,476010.1010101011,476010.1010101011,537878.787878788,539141.4141414142,577020.2020202021,558080.8080808081,570707.0707070708,587121.2121212122,573232.3232323233,599747.4747474749,541666.6666666667,584595.9595959596,565656.5656565657,515151.51515151525,544191.9191919193,512626.26262626273,518939.39393939404,527777.7777777779,497474.74747474754,510101.01010101015,516414.1414141415,476010.1010101011,382575.7575757576,440656.5656565657,455808.08080808085,462121.2121212122,530303.0303030304,481060.60606060614,486111.1111111112,491161.6161616162,449494.94949494954,411616.1616161617,457070.7070707071,428030.3030303031,502525.2525252526,515151.51515151525,527777.7777777779,549242.4242424243,541666.6666666667,534090.9090909092,505050.5050505051,348484.8484848485,279040.4040404041,280303.03030303033,236111.11111111115,272727.27272727276,241161.6161616162,285353.5353535354,334595.95959595963,421717.1717171718,505050.5050505051,540404.0404040405,541666.6666666667,541666.6666666667,527777.7777777779,507575.7575757576,547979.797979798,546717.1717171718,553030.3030303031,531565.6565656567,487373.73737373744,462121.2121212122,508838.3838383839,498737.3737373738,501262.6262626263,526515.1515151516,450757.5757575758,388888.88888888893,386363.6363636364,368686.86868686875,300505.0505050506,272727.27272727276,194444.44444444447,155303.03030303033,99747.47474747476,71969.69696969698,58080.80808080809,22727.27272727273,29040.404040404046,25252.525252525258,16414.141414141417
5050.505050505051,2525.2525252525256,1262.6262626262628,1262.6262626262628,2525.2525252525256,2525.2525252525256,3787.8787878787884,3787.8787878787884,3787.8787878787884,1262.6262626262628,2525.2525252525256,3787.8787878787884,3787.8787878787884,2525.2525252525256,2525.2525252525256,2525.2525252525256,5050.505050505051,1262.6262626262628,0.0,3787.8787878787884,5050.505050505051,2525.2525252525256,1262.6262626262628,5050.505050505051,1262.6262626262628,1262.6262626262628,2525.2525252525256,5050.505050505051,2525.2525252525256,5050.505050505051,5050.505050505051,3787.8787878787884,3787.8787878787884,6313.1313131313145,2525.2525252525256,7575.757575757577,16414.141414141417,37878.78787878789,101010.10101010103,117424.24242424245,170454.54545454547,224747.47474747477,364898.98989898997,406565.65656565665,467171.71717171726,474747.47474747483,489898.98989898997,501262.6262626263,527777.7777777779,571969.696969697,553030.3030303031,566919.191919192,563131.3131313132,595959.5959595961,671717.1717171718,617424.2424242425,592171.7171717172,537878.787878788,570707.0707070708,526515.1515151516,512626.26262626273,477272.72727272735,550505.0505050506,565656.5656565657,496212.1212121213,454545.4545454546,500000.00000000006,503787.87878787884,496212.1212121213,472222.2222222223,426767.67676767684,468434.3434343435,473484.84848484857,472222.2222222223,474747.47474747483,454545.4545454546,422979.79797979805,441919.191919192,436868.6868686869,391414.14141414146,483585.85858585866,465909.090909091,523989.8989898991,570707.0707070708,494949.494949495,522727.2727272728,500000.00000000006,431818.1818181819,324494.94949494954,251262.6262626263,217171.7171717172,217171.7171717172,267676.7676767677,267676.7676767677,318181.81818181823,354797.9797979799,397727.27272727276,455808.08080808085,521464.64646464656,554292.9292929294,608585.8585858587,550505.0505050506,570707.0707070708,530303.0303030304,568181.8181818182,607323.2323232325,458333.33333333343,433080.80808080814,457070.7070707071,493686.86868686875,491161.6161616162,481060.60606060614,441919.191919192,493686.86868686875,454545.4545454546,349747.4747474748,330808.08080808085,311868.6868686869,231060.6060606061,172979.797979798,102272.7272727273,87121.21212121213,60606.060606060615,46717.171717171725,31565.65656565657,15151.515151515154,15151.515151515154,8838.38383838384
1262.6262626262628,0.0,2525.2525252525256,2525.2525252525256,2525.2525252525256,1262.6262626262628,5050.505050505051,1262.6262626262628,5050.505050505051,0.0,2525.2525252525256,1262.6262626262628,7575.757575757577,1262.6262626262628,0.0,2525.2525252525256,1262.6262626262628,2525.2525252525256,2525.2525252525256,2525.2525252525256,6313.1313131313145,3787.8787878787884,2525.2525252525256,2525.2525252525256,1262.6262626262628,1262.6262626262628,1262.6262626262628,5050.505050505051,2525.2525252525256,3787.8787878787884,2525.2525252525256,5050.505050505051,5050.505050505051,1262.6262626262628,3787.8787878787884,12626.262626262629,17676.76767676768,69444.44444444445,90909.09090909093,159090.90909090912,202020.20202020206,279040.4040404041,342171.7171717172,426767.67676767684,476010.1010101011,506313.13131313137,482323.2323232324,530303.0303030304,487373.73737373744,550505.0505050506,560606.0606060607,563131.3131313132,571969.696969697,635101.0101010102,553030.3030303031,559343.4343434344,526515.1515151516,584595.9595959596,618686.8686868688,546717.1717171718,486111.1111111112,455808.08080808085,497474.74747474754,535353.5353535354,452020.20202020206,455808.08080808085,463383.8383838385,500000.00000000006,430555.5555555556,488636.3636363637,511363.6363636364,470959.59595959604,429292.92929292936,455808.08080808085,351010.1010101011,407828.2828282829,391414.14141414146,478535.3535353536,507575.7575757576,455808.08080808085,420454.5454545455,470959.59595959604,537878.787878788,498737.3737373738,525252.5252525253,522727.2727272728,505050.5050505051,443181.81818181823,303030.3030303031,242424.24242424246,218434.34343434346,227272.7272727273,253787.8787878788,256313.13131313137,262626.2626262627,256313.13131313137,366161.6161616162,452020.20202020206,529040.4040404041,577020.2020202021,583333.3333333334,535353.5353535354,534090.9090909092,590909.0909090909,493686.86868686875,541666.6666666667,525252.5252525253,472222.2222222223,478535.3535353536,521464.64646464656,446969.696969697,435606.06060606067,441919.191919192,393939.393939394,464646.46464646474,388888.88888888893,330808.08080808085,272727.27272727276,250000.00000000003,162878.7878787879,121212.12121212123,88383.8383838384,58080.80808080809,45454.54545454546,23989.898989898993,10101.010101010103,3787.8787878787884,8838.38383838384
1262.6262626262628,2525.2525252525256,3787.8787878787884,3787.8787878787884,1262.6262626262628,1262.6262626262628,1262.6262626262628,2525.2525252525256,1262.6262626262628,1262.6262626262628,1262.6262626262628,5050.505050505051,6313.1313131313145,1262.6262626262628,3787.8787878787884,3787.8787878787884,3787.8787878787884,0.0,2525.2525252525256,2525.2525252525256,0.0,7575.757575757577,3787.8787878787884,2525.2525252525256,2525.2525252525256,2525.2525252525256,2525.2525252525256,2525.2525252525256,5050.505050505051,0.0,3787.8787878787884,1262.6262626262628,3787.8787878787884,2525.2525252525256,7575.757575757577,10101.010101010103,30303.030303030308,66919.19191919193,98484.8484848485,161616.16161616164,186868.6868686869,300505.0505050506,324494.94949494954,433080.80808080814,424242.4242424243,502525.2525252526,521464.64646464656,507575.7575757576,575757.5757575758,568181.8181818182,578282.8282828283,575757.5757575758,584595.9595959596,585858.5858585859,551767.6767676768,539141.4141414142,559343.4343434344,566919.191919192,536616.1616161617,444444.4444444445,448232.3232323233,457070.7070707071,484848.4848484849,398989.898989899,422979.79797979805,372474.74747474754,458333.33333333343,494949.494949495,500000.00000000006,530303.0303030304,516414.1414141415,465909.090909091,375000.00000000006,453282.8282828283,431818.1818181819,494949.494949495,469696.9696969698,487373.73737373744,483585.85858585866,507575.7575757576,430555.5555555556,419191.91919191927,433080.80808080814,420454.5454545455,489898.98989898997,507575.7575757576,436868.6868686869,462121.2121212122,410353.53535353544,271464.6464646465,237373.73737373741,258838.3838383839,289141.41414141416,280303.03030303033,253787.8787878788,234848.4848484849,392676.7676767677,494949.494949495,555555.5555555556,527777.7777777779,545454.5454545455,486111.1111111112,497474.74747474754,550505.0505050506,465909.090909091,492424.2424242425,491161.6161616162,502525.2525252526,477272.72727272735,478535.3535353536,477272.72727272735,450757.5757575758,430555.5555555556,428030.3030303031,458333.33333333343,368686.86868686875,303030.3030303031,217171.7171717172,160353.53535353538,109848.48484848486,83333.33333333334,42929.29292929293,20202.020202020205,16414.141414141417,8838.38383838384,6313.1313131313145,6313.1313131313145,2525.2525252525256
0.0,6313.1313131313145,2525.2525252525256,5050.505050505051,0.0,2525.2525252525256,1262.6262626262628,2525.2525252525256,3787.8787878787884,1262.6262626262628,1262.6262626262628,0.0,2525.2525252525256,3787.8787878787884,3787.8787878787884,1262.6262626262628,2525.2525252525256,2525.2525252525256,1262.6262626262628,1262.6262626262628,2525.2525252525256,5050.505050505051,2525.2525252525256,5050.505050505051,6313.1313131313145,3787.8787878787884,1262.6262626262628,2525.2525252525256,2525.2525252525256,3787.8787878787884,3787.8787878787884,3787.8787878787884,2525.2525252525256,7575.757575757577,8838.38383838384,21464.646464646466,54292.9292929293,56818.18181818182,104797.97979797982,204545.4545454546,224747.47474747477,315656.5656565657,381313.13131313137,467171.71717171726,478535.3535353536,486111.1111111112,521464.64646464656,577020.2020202021,506313.13131313137,536616.1616161617,578282.8282828283,598484.8484848486,551767.6767676768,564393.9393939395,587121.2121212122,542929.292929293,577020.2020202021,603535.3535353537,512626.26262626273,411616.1616161617,443181.81818181823,470959.59595959604,388888.88888888893,479797.9797979799,433080.80808080814,400252.5252525253,505050.5050505051,467171.71717171726,536616.1616161617,549242.4242424243,460858.58585858595,473484.84848484857,494949.494949495,479797.9797979799,434343.4343434344,487373.73737373744,401515.15151515155,397727.27272727276,439393.93939393945,515151.51515151525,506313.13131313137,421717.1717171718,425505.0505050506,473484.84848484857,496212.1212121213,398989.898989899,441919.191919192,428030.3030303031,449494.94949494954,439393.93939393945,381313.13131313137,390151.5151515152,320707.07070707076,266414.14141414146,280303.03030303033,297979.79797979805,419191.91919191927,537878.787878788,483585.85858585866,534090.9090909092,507575.7575757576,542929.292929293,532828.2828282829,502525.2525252526,462121.2121212122,525252.5252525253,467171.71717171726,425505.0505050506,474747.47474747483,583333.3333333334,458333.33333333343,470959.59595959604,416666.66666666674,467171.71717171726,401515.15151515155,325757.5757575758,260101.01010101015,190656.56565656568,160353.53535353538,123737.37373737375,58080.80808080809,31565.65656565657,17676.76767676768,6313.1313131313145,8838.38383838384,3787.8787878787884,3787.8787878787884,1262.6262626262628
0.0,1262.6262626262628,2525.2525252525256,3787.8787878787884,0.0,1262.6262626262628,5050.505050505051,3787.8787878787884,1262.6262626262628,2525.2525252525256,0.0,3787.8787878787884,5050.505050505051,2525.2525252525256,1262.6262626262628,6313.1313131313145,0.0,0.0,3787.8787878787884,1262.6262626262628,1262.6262626262628,1262.6262626262628,2525.2525252525256,0.0,3787.8787878787884,2525.2525252525256,1262.6262626262628,5050.505050505051,0.0,2525.2525252525256,2525.2525252525256,3787.8787878787884,5050.505050505051,7575.757575757577,7575.757575757577,26515.15151515152,51767.67676767678,74494.94949494951,118686.86868686871,189393.93939393942,280303.03030303033,369949.494949495,410353.53535353544,445707.07070707076,462121.2121212122,525252.5252525253,530303.0303030304,585858.5858585859,483585.85858585866,565656.5656565657,558080.8080808081,573232.3232323233,617424.2424242425,602272.7272727274,612373.7373737375,549242.4242424243,609848.484848485,616161.6161616163,489898.98989898997,549242.4242424243,482323.2323232324,555555.5555555556,507575.7575757576,417929.292929293,421717.1717171718,385101.01010101015,469696.9696969698,554292.9292929294,590909.0909090909,479797.9797979799,521464.64646464656,500000.00000000006,446969.696969697,501262.6262626263,470959.59595959604,469696.9696969698,503787.87878787884,440656.5656565657,511363.6363636364,498737.3737373738,454545.4545454546,377525.2525252526,478535.3535353536,436868.6868686869,383838.3838383839,382575.7575757576,308080.80808080814,391414.14141414146,460858.58585858595,501262.6262626263,486111.1111111112,493686.86868686875,412878.78787878796,273989.898989899,286616.16161616164,449494.94949494954,484848.4848484849,511363.6363636364,527777.7777777779,550505.0505050506,501262.6262626263,467171.71717171726,512626.26262626273,518939.39393939404,503787.87878787884,539141.4141414142,472222.2222222223,440656.5656565657,535353.5353535354,626262.6262626264,464646.46464646474,441919.191919192,474747.47474747483,409090.9090909092,398989.898989899,299242.4242424243,236111.11111111115,181818.18181818185,150252.5252525253,140151.51515151517,50505.050505050516,20202.020202020205,6313.1313131313145,2525.2525252525256,2525.2525252525256,2525.2525252525256,3787.8787878787884,5050.505050505051
2525.2525252525256,5050.505050505051,5050.505050505051,2525.2525252525256,1262.6262626262628,0.0,2525.2525252525256,0.0,2525.2525252525256,1262.6262626262628,5050.505050505051,5050.505050505051,2525.2525252525256,2525.2525252525256,5050.505050505051,0.0,1262.6262626262628,2525.2525252525256,1262.6262626262628,2525.2525252525256,2525.2525252525256,3787.8787878787884,2525.2525252525256,2525.2525252525256,3787.8787878787884,2525.2525252525256,2525.2525252525256,1262.6262626262628,3787.8787878787884,6313.1313131313145,2525.2525252525256,5050.505050505051,3787.8787878787884,5050.505050505051,20202.020202020205,63131.31313131314,75757.57575757577,90909.09090909093,151515.15151515155,231060.6060606061,316919.191919192,327020.20202020206,404040.40404040413,469696.9696969698,500000.00000000006,522727.2727272728,544191.9191919193,574494.9494949495,559343.4343434344,561868.6868686869,592171.7171717172,535353.5353535354,592171.7171717172,559343.4343434344,602272.7272727274,563131.3131313132,602272.7272727274,571969.696969697,571969.696969697,508838.3838383839,433080.80808080814,455808.08080808085,465909.090909091,417929.292929293,487373.73737373744,470959.59595959604,520202.0202020203,523989.8989898991,477272.72727272735,473484.84848484857,443181.81818181823,439393.93939393945,482323.2323232324,429292.92929292936,513888.888888889,422979.79797979805,409090.9090909092,470959.59595959604,479797.9797979799,507575.7575757576,455808.08080808085,412878.78787878796,407828.2828282829,500000.00000000006,428030.3030303031,414141.4141414142,289141.41414141416,342171.7171717172,445707.07070707076,479797.9797979799,525252.5252525253,534090.9090909092,494949.494949495,450757.5757575758,522727.2727272728,540404.0404040405,556818.1818181819,531565.6565656567,578282.8282828283,545454.5454545455,564393.9393939395,510101.01010101015,565656.5656565657,515151.51515151525,502525.2525252526,484848.4848484849,433080.80808080814,505050.5050505051,571969.696969697,477272.72727272735,500000.00000000006,463383.8383838385,516414.1414141415,388888.88888888893,299242.4242424243,234848.4848484849,209595.95959595963,155303.03030303033,137626.26262626264,101010.10101010103,56818.18181818182,15151.515151515154,13888.88888888889,2525.2525252525256,1262.6262626262628,2525.2525252525256,5050.505050505051,3787.8787878787884
8838.38383838384,1262.6262626262628,1262.6262626262628,3787.8787878787884,1262.6262626262628,0.0,2525.2525252525256,1262.6262626262628,1262.6262626262628,3787.8787878787884,7575.757575757577,1262.6262626262628,0.0,1262.6262626262628,2525.2525252525256,1262.6262626262628,0.0,2525.2525252525256,3787.8787878787884,6313.1313131313145,2525.2525252525256,2525.2525252525256,0.0,3787.8787878787884,2525.2525252525256,5050.505050505051,2525.2525252525256,1262.6262626262628,2525.2525252525256,5050.505050505051,0.0,5050.505050505051,8838.38383838384,6313.1313131313145,16414.141414141417,53030.30303030304,64393.93939393941,122474.74747474749,210858.5858585859,266414.14141414146,324494.94949494954,449494.94949494954,430555.5555555556,494949.494949495,542929.292929293,497474.74747474754,522727.2727272728,589646.4646464647,510101.01010101015,588383.8383838384,561868.6868686869,578282.8282828283,578282.8282828283,566919.191919192,604797.9797979799,563131.3131313132,580808.0808080808,582070.7070707071,535353.5353535354,492424.2424242425,520202.0202020203,440656.5656565657,503787.87878787884,457070.7070707071,500000.00000000006,467171.71717171726,476010.1010101011,497474.74747474754,537878.787878788,419191.91919191927,420454.5454545455,450757.5757575758,502525.2525252526,513888.888888889,474747.47474747483,406565.65656565665,498737.3737373738,487373.73737373744,522727.2727272728,521464.64646464656,436868.6868686869,468434.3434343435,426767.67676767684,452020.20202020206,392676.7676767677,439393.93939393945,383838.3838383839,440656.5656565657,428030.3030303031,484848.4848484849,608585.8585858587,500000.00000000006,481060.60606060614,496212.1212121213,547979.797979798,518939.39393939404,539141.4141414142,510101.01010101015,502525.2525252526,516414.1414141415,553030.3030303031,561868.6868686869,523989.8989898991,473484.84848484857,476010.1010101011,440656.5656565657,441919.191919192,515151.51515151525,424242.4242424243,455808.08080808085,501262.6262626263,502525.2525252526,430555.5555555556,382575.7575757576,252525.25252525255,178030.30303030307,155303.03030303033,102272.7272727273,31565.65656565657,26515.15151515152,10101.010101010103,3787.8787878787884,3787.8787878787884,0.0,7575.757575757577,3787.8787878787884,3787.8787878787884,1262.6262626262628
3787.8787878787884,0.0,3787.8787878787884,2525.2525252525256,1262.6262626262628,6313.1313131313145,1262.6262626262628,1262.6262626262628,5050.505050505051,1262.6262626262628,2525.2525252525256,5050.505050505051,3787.8787878787884,1262.6262626262628,5050.505050505051,5050.505050505051,2525.2525252525256,6313.1313131313145,0.0,2525.2525252525256,3787.8787878787884,5050.505050505051,5050.505050505051,1262.6262626262628,3787.8787878787884,0.0,1262.6262626262628,1262.6262626262628,0.0,0.0,3787.8787878787884,3787.8787878787884,6313.1313131313145,3787.8787878787884,17676.76767676768,46717.171717171725,63131.31313131314,159090.90909090912,214646.46464646468,297979.79797979805,391414.14141414146,454545.4545454546,510101.01010101015,507575.7575757576,517676.7676767678,518939.39393939404,532828.2828282829,574494.9494949495,569444.4444444445,546717.1717171718,564393.9393939395,616161.6161616163,582070.7070707071,541666.6666666667,502525.2525252526,573232.3232323233,588383.8383838384,633838.383838384,592171.7171717172,594696.9696969698,595959.5959595961,479797.9797979799,505050.5050505051,463383.8383838385,520202.0202020203,594696.9696969698,515151.51515151525,473484.84848484857,497474.74747474754,457070.7070707071,414141.4141414142,453282.8282828283,508838.3838383839,463383.8383838385,421717.1717171718,391414.14141414146,472222.2222222223,489898.98989898997,454545.4545454546,452020.20202020206,526515.1515151516,450757.5757575758,469696.9696969698,453282.8282828283,424242.4242424243,460858.58585858595,441919.191919192,489898.98989898997,448232.3232323233,534090.9090909092,534090.9090909092,535353.5353535354,503787.87878787884,481060.60606060614,532828.2828282829,531565.6565656567,520202.0202020203,479797.9797979799,549242.4242424243,532828.2828282829,529040.4040404041,527777.7777777779,540404.0404040405,531565.6565656567,513888.888888889,467171.71717171726,462121.2121212122,516414.1414141415,506313.13131313137,525252.5252525253,459595.9595959597,386363.6363636364,345959.595959596,344696.9696969697,226010.10101010103,130050.50505050507,101010.10101010103,56818.18181818182,36616.16161616162,21464.646464646466,13888.88888888889,10101.010101010103,2525.2525252525256,1262.6262626262628,8838.38383838384,5050.505050505051,2525.2525252525256,2525.2525252525256
0.0,0.0,6313.1313131313145,2525.2525252525256,6313.1313131313145,3787.8787878787884,3787.8787878787884,1262.6262626262628,3787.8787878787884,5050.505050505051,2525.2525252525256,3787.8787878787884,2525.2525252525256,3787.8787878787884,0.0,2525.2525252525256,2525.2525252525256,2525.2525252525256,6313.1313131313145,3787.8787878787884,3787.8787878787884,2525.2525252525256,0.0,5050.505050505051,5050.505050505051,5050.505050505051,2525.2525252525256,3787.8787878787884,2525.2525252525256,2525.2525252525256,3787.8787878787884,6313.1313131313145,2525.2525252525256,10101.010101010103,31565.65656565657,98484.8484848485,121212.12121212123,162878.7878787879,272727.27272727276,325757.5757575758,444444.4444444445,440656.5656565657,505050.5050505051,492424.2424242425,545454.5454545455,502525.2525252526,544191.9191919193,549242.4242424243,547979.797979798,593434.3434343436,573232.3232323233,587121.2121212122,577020.2020202021,582070.7070707071,558080.8080808081,584595.9595959596,603535.3535353537,598484.8484848486,641414.1414141415,612373.7373737375,523989.8989898991,479797.9797979799,440656.5656565657,527777.7777777779,551767.6767676768,539141.4141414142,529040.4040404041,476010.1010101011,436868.6868686869,474747.47474747483,496212.1212121213,568181.8181818182,486111.1111111112,482323.2323232324,508838.3838383839,467171.71717171726,492424.2424242425,474747.47474747483,486111.1111111112,492424.2424242425,424242.4242424243,440656.5656565657,429292.92929292936,457070.7070707071,443181.81818181823,373737.3737373738,445707.07070707076,516414.1414141415,462121.2121212122,503787.87878787884,554292.9292929294,482323.2323232324,511363.6363636364,516414.1414141415,496212.1212121213,498737.3737373738,517676.7676767678,534090.9090909092,523989.8989898991,523989.8989898991,580808.0808080808,474747.47474747483,468434.3434343435,493686.86868686875,421717.1717171718,439393.93939393945,493686.86868686875,438131.3131313132,502525.2525252526,464646.46464646474,460858.58585858595,373737.3737373738,348484.8484848485,280303.03030303033,202020.20202020206,121212.12121212123,61868.68686868688,45454.54545454546,22727.27272727273,17676.76767676768,15151.515151515154,1262.6262626262628,3787.8787878787884,5050.505050505051,2525.2525252525256,0.0,3787.8787878787884,5050.505050505051
1262.6262626262628,2525.2525252525256,1262.6262626262628,5050.505050505051,1262.6262626262628,1262.6262626262628,0.0,5050.505050505051,5050.505050505051,1262.6262626262628,1262.6262626262628,6313.1313131313145,5050.505050505051,2525.2525252525256,5050.505050505051,3787.8787878787884,0.0,1262.6262626262628,3787.8787878787884,3787.8787878787884,0.0,2525.2525252525256,5050.505050505051,2525.2525252525256,5050.505050505051,3787.8787878787884,5050.505050505051,2525.2525252525256,2525.2525252525256,6313.1313131313145,7575.757575757577,8838.38383838384,6313.1313131313145,16414.141414141417,51767.67676767678,70707.07070707071,119949.49494949497,196969.696969697,316919.191919192,392676.7676767677,404040.40404040413,452020.20202020206,530303.0303030304,484848.4848484849,568181.8181818182,575757.5757575758,558080.8080808081,574494.9494949495,553030.3030303031,577020.2020202021,558080.8080808081,554292.9292929294,579545.4545454546,553030.3030303031,619949.4949494951,589646.4646464647,609848.484848485,585858.5858585859,595959.5959595961,512626.26262626273,503787.87878787884,459595.9595959597,474747.47474747483,522727.2727272728,497474.74747474754,506313.13131313137,568181.8181818182,530303.0303030304,535353.5353535354,481060.60606060614,508838.3838383839,515151.51515151525,497474.74747474754,473484.84848484857,493686.86868686875,459595.9595959597,506313.13131313137,434343.4343434344,397727.27272727276,449494.94949494954,402777.7777777778,420454.5454545455,459595.9595959597,411616.1616161617,479797.9797979799,454545.4545454546,503787.87878787884,431818.1818181819,419191.91919191927,425505.0505050506,446969.696969697,474747.47474747483,513888.888888889,558080.8080808081,492424.2424242425,497474.74747474754,494949.494949495,536616.1616161617,492424.2424242425,534090.9090909092,534090.9090909092,496212.1212121213,501262.6262626263,515151.51515151525,450757.5757575758,483585.85858585866,460858.58585858595,428030.3030303031,404040.40404040413,506313.13131313137,465909.090909091,367424.2424242425,294191.9191919192,228535.35353535356,150252.5252525253,94696.96969696971,51767.67676767678,25252.525252525258,7575.757575757577,2525.2525252525256,8838.38383838384,5050.505050505051,1262.6262626262628,7575.757575757577,1262.6262626262628,1262.6262626262628,5050.505050505051,2525.2525252525256
1262.6262626262628,3787.8787878787884,5050.505050505051,3787.8787878787884,5050.505050505051,3787.8787878787884,0.0,1262.6262626262628,2525.2525252525256,1262.6262626262628,1262.6262626262628,5050.505050505051,2525.2525252525256,1262.6262626262628,1262.6262626262628,5050.505050505051,1262.6262626262628,2525.2525252525256,6313.1313131313145,2525.2525252525256,2525.2525252525256,2525.2525252525256,1262.6262626262628,3787.8787878787884,0.0,1262.6262626262628,3787.8787878787884,2525.2525252525256,2525.2525252525256,3787.8787878787884,8838.38383838384,15151.515151515154,5050.505050505051,23989.898989898993,34090.909090909096,75757.57575757577,140151.51515151517,223484.8484848485,356060.60606060614,385101.01010101015,445707.07070707076,525252.5252525253,536616.1616161617,506313.13131313137,523989.8989898991,553030.3030303031,598484.8484848486,623737.3737373739,574494.9494949495,561868.6868686869,542929.292929293,575757.5757575758,544191.9191919193,575757.5757575758,584595.9595959596,547979.797979798,590909.0909090909,565656.5656565657,520202.0202020203,476010.1010101011,416666.66666666674,448232.3232323233,501262.6262626263,498737.3737373738,460858.58585858595,496212.1212121213,539141.4141414142,536616.1616161617,571969.696969697,482323.2323232324,473484.84848484857,502525.2525252526,465909.090909091,443181.81818181823,473484.84848484857,470959.59595959604,474747.47474747483,453282.8282828283,436868.6868686869,438131.3131313132,429292.92929292936,470959.59595959604,378787.87878787884,420454.5454545455,448232.3232323233,458333.33333333343,525252.5252525253,501262.6262626263,445707.07070707076,396464.6464646465,476010.1010101011,511363.6363636364,532828.2828282829,563131.3131313132,515151.51515151525,523989.8989898991,497474.74747474754,594696.9696969698,556818.1818181819,532828.2828282829,526515.1515151516,511363.6363636364,479797.9797979799,443181.81818181823,481060.60606060614,478535.3535353536,349747.4747474748,434343.4343434344,500000.00000000006,520202.0202020203,421717.1717171718,353535.3535353536,252525.25252525255,178030.30303030307,103535.35353535356,61868.68686868688,23989.898989898993,11363.636363636366,5050.505050505051,2525.2525252525256,1262.6262626262628,5050.505050505051,3787.8787878787884,1262.6262626262628,7575.757575757577,5050.505050505051,3787.8787878787884,0.0
5050.505050505051,1262.6262626262628,2525.2525252525256,5050.505050505051,2525.2525252525256,6313.1313131313145,2525.2525252525256,3787.8787878787884,1262.6262626262628,2525.2525252525256,3787.8787878787884,0.0,2525.2525252525256,5050.505050505051,1262.6262626262628,1262.6262626262628,3787.8787878787884,8838.38383838384,5050.505050505051,0.0,1262.6262626262628,2525.2525252525256,1262.6262626262628,3787.8787878787884,6313.1313131313145,5050.505050505051,1262.6262626262628,3787.8787878787884,2525.2525252525256,2525.2525252525256,3787.8787878787884,22727.27272727273,35353.53535353536,42929.29292929293,50505.050505050516,97222.22222222223,202020.20202020206,280303.03030303033,386363.6363636364,412878.78787878796,498737.3737373738,517676.7676767678,551767.6767676768,577020.2020202021,493686.86868686875,582070.7070707071,564393.9393939395,551767.6767676768,512626.26262626273,512626.26262626273,568181.8181818182,570707.0707070708,580808.0808080808,568181.8181818182,545454.5454545455,609848.484848485,587121.2121212122,582070.7070707071,563131.3131313132,339646.4646464647,435606.06060606067,483585.85858585866,506313.13131313137,523989.8989898991,483585.85858585866,518939.39393939404,568181.8181818182,578282.8282828283,539141.4141414142,435606.06060606067,459595.9595959597,492424.2424242425,502525.2525252526,482323.2323232324,462121.2121212122,477272.72727272735,489898.98989898997,515151.51515151525,494949.494949495,463383.8383838385,445707.07070707076,464646.46464646474,406565.65656565665,470959.59595959604,470959.59595959604,477272.72727272735,462121.2121212122,516414.1414141415,470959.59595959604,420454.5454545455,510101.01010101015,513888.888888889,501262.6262626263,541666.6666666667,481060.60606060614,563131.3131313132,481060.60606060614,484848.4848484849,522727.2727272728,535353.5353535354,483585.85858585866,457070.7070707071,415404.0404040405,436868.6868686869,496212.1212121213,405303.0303030304,376262.6262626263,474747.47474747483,434343.4343434344,440656.5656565657,411616.1616161617,286616.16161616164,190656.56565656568,116161.61616161618,49242.42424242425,17676.76767676768,10101.010101010103,7575.757575757577,5050.505050505051,2525.2525252525256,0.0,5050.505050505051,2525.2525252525256,5050.505050505051,5050.505050505051,3787.8787878787884,5050.505050505051,5050.505050505051
2525.2525252525256,3787.8787878787884,5050.505050505051,6313.1313131313145,3787.8787878787884,2525.2525252525256,1262.6262626262628,1262.6262626262628,0.0,1262.6262626262628,1262.6262626262628,0.0,6313.1313131313145,2525.2525252525256,3787.8787878787884,2525.2525252525256,1262.6262626262628,2525.2525252525256,0.0,2525.2525252525256,3787.8787878787884,2525.2525252525256,6313.1313131313145,3787.8787878787884,1262.6262626262628,2525.2525252525256,3787.8787878787884,3787.8787878787884,5050.505050505051,6313.1313131313145,13888.88888888889,11363.636363636366,40404.04040404041,46717.171717171725,65656.56565656567,121212.12121212123,237373.73737373741,291666.6666666667,380050.5050505051,406565.65656565665,526515.1515151516,517676.7676767678,455808.08080808085,529040.4040404041,554292.9292929294,570707.0707070708,561868.6868686869,541666.6666666667,532828.2828282829,553030.3030303031,544191.9191919193,575757.5757575758,617424.2424242425,614898.98989899,571969.696969697,546717.1717171718,607323.2323232325,494949.494949495,503787.87878787884,575757.5757575758,482323.2323232324,491161.6161616162,531565.6565656567,488636.3636363637,484848.4848484849,518939.39393939404,501262.6262626263,491161.6161616162,478535.3535353536,473484.84848484857,491161.6161616162,462121.2121212122,488636.3636363637,506313.13131313137,498737.3737373738,492424.2424242425,474747.47474747483,494949.494949495,459595.9595959597,469696.9696969698,453282.8282828283,438131.3131313132,452020.20202020206,454545.4545454546,483585.85858585866,455808.08080808085,450757.5757575758,397727.27272727276,489898.98989898997,493686.86868686875,500000.00000000006,491161.6161616162,569444.4444444445,516414.1414141415,561868.6868686869,521464.64646464656,525252.5252525253,487373.73737373744,491161.6161616162,500000.00000000006,472222.2222222223,434343.4343434344,444444.4444444445,513888.888888889,426767.67676767684,382575.7575757576,375000.00000000006,453282.8282828283,540404.0404040405,420454.5454545455,291666.6666666667,208333.33333333337,154040.40404040407,60606.060606060615,30303.030303030308,10101.010101010103,10101.010101010103,7575.757575757577,1262.6262626262628,2525.2525252525256,3787.8787878787884,3787.8787878787884,5050.505050505051,2525.2525252525256,5050.505050505051,5050.505050505051,2525.2525252525256,2525.2525252525256
0.0,5050.505050505051,2525.2525252525256,5050.505050505051,2525.2525252525256,2525.2525252525256,7575.757575757577,2525.2525252525256,2525.2525252525256,2525.2525252525256,3787.8787878787884,2525.2525252525256,3787.8787878787884,2525.2525252525256,6313.1313131313145,1262.6262626262628,7575.757575757577,6313.1313131313145,2525.2525252525256,2525.2525252525256,3787.8787878787884,0.0,5050.505050505051,3787.8787878787884,1262.6262626262628,5050.505050505051,1262.6262626262628,1262.6262626262628,2525.2525252525256,1262.6262626262628,10101.010101010103,12626.262626262629,26515.15151515152,31565.65656565657,89646.46464646466,159090.90909090912,265151.5151515152,328282.8282828283,416666.66666666674,493686.86868686875,507575.7575757576,529040.4040404041,510101.01010101015,536616.1616161617,510101.01010101015,520202.0202020203,564393.9393939395,573232.3232323233,601010.1010101011,541666.6666666667,541666.6666666667,568181.8181818182,563131.3131313132,569444.4444444445,568181.8181818182,556818.1818181819,523989.8989898991,410353.53535353544,445707.07070707076,431818.1818181819,398989.898989899,474747.47474747483,455808.08080808085,477272.72727272735,483585.85858585866,497474.74747474754,483585.85858585866,530303.0303030304,448232.3232323233,465909.090909091,489898.98989898997,478535.3535353536,492424.2424242425,498737.3737373738,488636.3636363637,468434.3434343435,489898.98989898997,489898.98989898997,515151.51515151525,479797.9797979799,454545.4545454546,489898.98989898997,464646.46464646474,462121.2121212122,493686.86868686875,511363.6363636364,516414.1414141415,539141.4141414142,558080.8080808081,500000.00000000006,522727.2727272728,497474.74747474754,541666.6666666667,573232.3232323233,515151.51515151525,571969.696969697,537878.787878788,467171.71717171726,481060.60606060614,496212.1212121213,472222.2222222223,428030.3030303031,424242.4242424243,434343.4343434344,503787.87878787884,364898.98989898997,458333.33333333343,518939.39393939404,472222.2222222223,368686.86868686875,255050.50505050507,147727.27272727274,69444.44444444445,36616.16161616162,27777.77777777778,18939.393939393944,7575.757575757577,1262.6262626262628,6313.1313131313145,10101.010101010103,1262.6262626262628,0.0,2525.2525252525256,3787.8787878787884,3787.8787878787884,2525.2525252525256,5050.505050505051,8838.38383838384
3787.8787878787884,1262.6262626262628,3787.8787878787884,1262.6262626262628,1262.6262626262628,7575.757575757577,3787.8787878787884,1262.6262626262628,3787.8787878787884,3787.8787878787884,7575.757575757577,1262.6262626262628,5050.505050505051,5050.505050505051,2525.2525252525256,3787.8787878787884,2525.2525252525256,5050.505050505051,3787.8787878787884,7575.757575757577,5050.505050505051,2525.2525252525256,1262.6262626262628,2525.2525252525256,0.0,0.0,2525.2525252525256,1262.6262626262628,1262.6262626262628,2525.2525252525256,3787.8787878787884,23989.898989898993,26515.15151515152,70707.07070707071,102272.7272727273,185606.06060606064,282828.28282828286,351010.1010101011,422979.79797979805,433080.80808080814,493686.86868686875,483585.85858585866,500000.00000000006,561868.6868686869,574494.9494949495,574494.9494949495,518939.39393939404,551767.6767676768,574494.9494949495,554292.9292929294,534090.9090909092,583333.3333333334,580808.0808080808,606060.6060606062,577020.2020202021,642676.7676767678,578282.8282828283,515151.51515151525,484848.4848484849,508838.3838383839,481060.60606060614,454545.4545454546,422979.79797979805,539141.4141414142,565656.5656565657,491161.6161616162,559343.4343434344,508838.3838383839,464646.46464646474,483585.85858585866,473484.84848484857,479797.9797979799,522727.2727272728,527777.7777777779,568181.8181818182,508838.3838383839,583333.3333333334,481060.60606060614,467171.71717171726,507575.7575757576,478535.3535353536,468434.3434343435,494949.494949495,522727.2727272728,434343.4343434344,502525.2525252526,531565.6565656567,492424.2424242425,520202.0202020203,551767.6767676768,497474.74747474754,489898.98989898997,488636.3636363637,460858.58585858595,531565.6565656567,497474.74747474754,518939.39393939404,517676.7676767678,468434.3434343435,464646.46464646474,435606.06060606067,429292.92929292936,474747.47474747483,479797.9797979799,401515.15151515155,369949.494949495,359848.4848484849,404040.40404040413,398989.898989899,318181.81818181823,207070.7070707071,98484.8484848485,41666.66666666667,22727.27272727273,8838.38383838384,12626.262626262629,7575.757575757577,5050.505050505051,6313.1313131313145,2525.2525252525256,0.0,3787.8787878787884,3787.8787878787884,2525.2525252525256,5050.505050505051,1262.6262626262628,7575.757575757577,1262.6262626262628
5050.505050505051,3787.8787878787884,2525.2525252525256,2525.2525252525256,2525.2525252525256,3787.8787878787884,3787.8787878787884,3787.8787878787884,2525.2525252525256,2525.2525252525256,2525.2525252525256,3787.8787878787884,2525.2525252525256,3787.8787878787884,3787.8787878787884,2525.2525252525256,6313.1313131313145,3787.8787878787884,2525.2525252525256,3787.8787878787884,1262.6262626262628,0.0,1262.6262626262628,0.0,1262.6262626262628,1262.6262626262628,2525.2525252525256,6313.1313131313145,1262.6262626262628,2525.2525252525256,13888.88888888889,39141.41414141415,65656.56565656567,101010.10101010103,136363.63636363638,238636.36363636368,339646.4646464647,407828.2828282829,416666.66666666674,381313.13131313137,521464.64646464656,542929.292929293,526515.1515151516,555555.5555555556,606060.6060606062,571969.696969697,547979.797979798,554292.9292929294,583333.3333333334,593434.3434343436,662878.787878788,561868.6868686869,551767.6767676768,608585.8585858587,585858.5858585859,604797.9797979799,545454.5454545455,554292.9292929294,534090.9090909092,566919.191919192,541666.6666666667,539141.4141414142,521464.64646464656,550505.0505050506,577020.2020202021,516414.1414141415,523989.8989898991,563131.3131313132,454545.4545454546,478535.3535353536,491161.6161616162,482323.2323232324,494949.494949495,561868.6868686869,470959.59595959604,521464.64646464656,513888.888888889,482323.2323232324,470959.59595959604,469696.9696969698,515151.51515151525,462121.2121212122,494949.494949495,448232.3232323233,414141.4141414142,536616.1616161617,606060.6060606062,474747.47474747483,525252.5252525253,478535.3535353536,529040.4040404041,529040.4040404041,473484.84848484857,510101.01010101015,467171.71717171726,472222.2222222223,481060.60606060614,520202.0202020203,521464.64646464656,460858.58585858595,431818.1818181819,416666.66666666674,477272.72727272735,450757.5757575758,416666.66666666674,425505.0505050506,424242.4242424243,431818.1818181819,396464.6464646465,214646.46464646468,136363.63636363638,54292.9292929293,39141.41414141415,10101.010101010103,8838.38383838384,2525.2525252525256,2525.2525252525256,3787.8787878787884,2525.2525252525256,2525.2525252525256,1262.6262626262628,2525.2525252525256,2525.2525252525256,7575.757575757577,2525.2525252525256,3787.8787878787884,7575.757575757577,5050.505050505051
5050.505050505051,1262.6262626262628,5050.505050505051,6313.1313131313145,1262.6262626262628,2525.2525252525256,1262.6262626262628,1262.6262626262628,1262.6262626262628,3787.8787878787884,6313.1313131313145,3787.8787878787884,2525.2525252525256,11363.636363636366,3787.8787878787884,2525.2525252525256,3787.8787878787884,2525.2525252525256,2525.2525252525256,2525.2525252525256,0.0,2525.2525252525256,3787.8787878787884,1262.6262626262628,3787.8787878787884,2525.2525252525256,0.0,0.0,3787.8787878787884,7575.757575757577,7575.757575757577,12626.262626262629,42929.29292929293,108585.8585858586,198232.32323232325,277777.7777777778,398989.898989899,433080.80808080814,419191.91919191927,482323.2323232324,536616.1616161617,539141.4141414142,554292.9292929294,518939.39393939404,575757.5757575758,583333.3333333334,545454.5454545455,570707.0707070708,535353.5353535354,545454.5454545455,563131.3131313132,574494.9494949495,520202.0202020203,631313.1313131314,602272.7272727274,598484.8484848486,585858.5858585859,588383.8383838384,529040.4040404041,529040.4040404041,511363.6363636364,550505.0505050506,483585.85858585866,554292.9292929294,579545.4545454546,507575.7575757576,570707.0707070708,503787.87878787884,491161.6161616162,489898.98989898997,496212.1212121213,523989.8989898991,503787.87878787884,518939.39393939404,494949.494949495,541666.6666666667,526515.1515151516,503787.87878787884,493686.86868686875,455808.08080808085,486111.1111111112,429292.92929292936,491161.6161616162,446969.696969697,458333.33333333343,526515.1515151516,517676.7676767678,454545.4545454546,486111.1111111112,511363.6363636364,526515.1515151516,544191.9191919193,496212.1212121213,465909.090909091,457070.7070707071,443181.81818181823,414141.4141414142,469696.9696969698,489898.98989898997,502525.2525252526,489898.98989898997,501262.6262626263,465909.090909091,406565.65656565665,430555.5555555556,406565.65656565665,444444.4444444445,371212.1212121213,279040.4040404041,150252.5252525253,82070.70707070708,36616.16161616162,13888.88888888889,10101.010101010103,3787.8787878787884,7575.757575757577,7575.757575757577,3787.8787878787884,2525.2525252525256,3787.8787878787884,5050.505050505051,3787.8787878787884,2525.2525252525256,1262.6262626262628,1262.6262626262628,1262.6262626262628,5050.505050505051,5050.505050505051
0.0,2525.2525252525256,2525.2525252525256,5050.505050505051,2525.2525252525256,6313.1313131313145,5050.505050505051,0.0,3787.8787878787884,2525.2525252525256,1262.6262626262628,3787.8787878787884,5050.505050505051,2525.2525252525256,5050.505050505051,6313.1313131313145,2525.2525252525256,2525.2525252525256,1262.6262626262628,0.0,1262.6262626262628,1262.6262626262628,3787.8787878787884,3787.8787878787884,2525.2525252525256,0.0,1262.6262626262628,3787.8787878787884,3787.8787878787884,7575.757575757577,6313.1313131313145,20202.020202020205,51767.67676767678,138888.8888888889,228535.35353535356,320707.07070707076,391414.14141414146,452020.20202020206,414141.4141414142,535353.5353535354,551767.6767676768,512626.26262626273,530303.0303030304,544191.9191919193,544191.9191919193,579545.4545454546,556818.1818181819,613636.3636363638,578282.8282828283,570707.0707070708,571969.696969697,507575.7575757576,547979.797979798,585858.5858585859,580808.0808080808,618686.8686868688,522727.2727272728,537878.787878788,545454.5454545455,476010.1010101011,477272.72727272735,441919.191919192,469696.9696969698,515151.51515151525,575757.5757575758,560606.0606060607,566919.191919192,551767.6767676768,523989.8989898991,506313.13131313137,472222.2222222223,515151.51515151525,491161.6161616162,520202.0202020203,503787.87878787884,588383.8383838384,522727.2727272728,420454.5454545455,517676.7676767678,522727.2727272728,506313.13131313137,463383.8383838385,506313.13131313137,496212.1212121213,463383.8383838385,496212.1212121213,521464.64646464656,516414.1414141415,488636.3636363637,473484.84848484857,482323.2323232324,482323.2323232324,502525.2525252526,493686.86868686875,476010.1010101011,439393.93939393945,453282.8282828283,412878.78787878796,469696.9696969698,494949.494949495,497474.74747474754,463383.8383838385,401515.15151515155,448232.3232323233,464646.46464646474,436868.6868686869,426767.67676767684,311868.6868686869,175505.05050505055,89646.46464646466,37878.78787878789,23989.898989898993,18939.393939393944,7575.757575757577,1262.6262626262628,5050.505050505051,6313.1313131313145,0.0,8838.38383838384,3787.8787878787884,3787.8787878787884,2525.2525252525256,2525.2525252525256,2525.2525252525256,3787.8787878787884,2525.2525252525256,3787.8787878787884,1262.6262626262628
1262.6262626262628,0.0,2525.2525252525256,2525.2525252525256,1262.6262626262628,1262.6262626262628,1262.6262626262628,1262.6262626262628,6313.1313131313145,6313.1313131313145,1262.6262626262628,3787.8787878787884,2525.2525252525256,1262.6262626262628,1262.6262626262628,3787.8787878787884,2525.2525252525256,3787.8787878787884,2525.2525252525256,3787.8787878787884,2525.2525252525256,6313.1313131313145,1262.6262626262628,3787.8787878787884,1262.6262626262628,1262.6262626262628,3787.8787878787884,3787.8787878787884,3787.8787878787884,3787.8787878787884,2525.2525252525256,21464.646464646466,65656.56565656567,159090.90909090912,306818.1818181819,390151.5151515152,387626.2626262627,400252.5252525253,434343.4343434344,511363.6363636364,541666.6666666667,537878.787878788,549242.4242424243,559343.4343434344,530303.0303030304,534090.9090909092,575757.5757575758,569444.4444444445,565656.5656565657,573232.3232323233,560606.0606060607,612373.7373737375,594696.9696969698,573232.3232323233,568181.8181818182,512626.26262626273,534090.9090909092,478535.3535353536,553030.3030303031,529040.4040404041,530303.0303030304,452020.20202020206,431818.1818181819,520202.0202020203,512626.26262626273,522727.2727272728,594696.9696969698,573232.3232323233,463383.8383838385,481060.60606060614,469696.9696969698,482323.2323232324,476010.1010101011,501262.6262626263,521464.64646464656,478535.3535353536,443181.81818181823,440656.5656565657,492424.2424242425,578282.8282828283,592171.7171717172,556818.1818181819,489898.98989898997,444444.4444444445,439393.93939393945,481060.60606060614,529040.4040404041,449494.94949494954,507575.7575757576,472222.2222222223,492424.2424242425,489898.98989898997,521464.64646464656,474747.47474747483,510101.01010101015,498737.3737373738,507575.7575757576,462121.2121212122,483585.85858585866,493686.86868686875,527777.7777777779,450757.5757575758,512626.26262626273,515151.51515151525,501262.6262626263,415404.0404040405,397727.27272727276,226010.10101010103,116161.61616161618,63131.31313131314,20202.020202020205,15151.515151515154,8838.38383838384,8838.38383838384,5050.505050505051,3787.8787878787884,5050.505050505051,1262.6262626262628,6313.1313131313145,1262.6262626262628,1262.6262626262628,5050.505050505051,5050.505050505051,3787.8787878787884,6313.1313131313145,5050.505050505051,0.0,0.0
1262.6262626262628,3787.8787878787884,3787.8787878787884,6313.1313131313145,3787.8787878787884,1262.6262626262628,1262.6262626262628,3787.8787878787884,1262.6262626262628,0.0,2525.2525252525256,2525.2525252525256,1262.6262626262628,1262.6262626262628,3787.8787878787884,2525.2525252525256,3787.8787878787884,1262.6262626262628,3787.8787878787884,5050.505050505051,2525.2525252525256,0.0,3787.8787878787884,2525.2525252525256,1262.6262626262628,6313.1313131313145,3787.8787878787884,0.0,2525.2525252525256,3787.8787878787884,7575.757575757577,31565.65656565657,107323.23232323234,214646.46464646468,332070.7070707071,426767.67676767684,465909.090909091,453282.8282828283,496212.1212121213,525252.5252525253,590909.0909090909,621212.1212121213,556818.1818181819,565656.5656565657,593434.3434343436,585858.5858585859,606060.6060606062,637626.2626262627,608585.8585858587,599747.4747474749,585858.5858585859,604797.9797979799,568181.8181818182,558080.8080808081,579545.4545454546,589646.4646464647,579545.4545454546,546717.1717171718,507575.7575757576,530303.0303030304,460858.58585858595,484848.4848484849,474747.47474747483,491161.6161616162,549242.4242424243,521464.64646464656,602272.7272727274,588383.8383838384,446969.696969697,515151.51515151525,506313.13131313137,482323.2323232324,512626.26262626273,535353.5353535354,545454.5454545455,455808.08080808085,455808.08080808085,506313.13131313137,467171.71717171726,522727.2727272728,501262.6262626263,566919.191919192,542929.292929293,463383.8383838385,511363.6363636364,470959.59595959604,426767.67676767684,500000.00000000006,492424.2424242425,494949.494949495,465909.090909091,518939.39393939404,513888.888888889,450757.5757575758,414141.4141414142,426767.67676767684,440656.5656565657,496212.1212121213,448232.3232323233,545454.5454545455,540404.0404040405,517676.7676767678,551767.6767676768,512626.26262626273,542929.292929293,405303.0303030304,276515.15151515155,147727.27272727274,54292.9292929293,30303.030303030308,8838.38383838384,13888.88888888889,7575.757575757577,1262.6262626262628,1262.6262626262628,5050.505050505051,1262.6262626262628,1262.6262626262628,2525.2525252525256,5050.505050505051,5050.505050505051,5050.505050505051,3787.8787878787884,3787.8787878787884,0.0,6313.1313131313145,2525.2525252525256,5050.505050505051
5050.505050505051,6313.1313131313145,6313.1313131313145,3787.8787878787884,2525.2525252525256,3787.8787878787884,6313.1313131313145,6313.1313131313145,2525.2525252525256,5050.505050505051,5050.505050505051,5050.505050505051,2525.2525252525256,2525.2525252525256,2525.2525252525256,3787.8787878787884,3787.8787878787884,5050.505050505051,0.0,3787.8787878787884,2525.2525252525256,2525.2525252525256,2525.2525252525256,6313.1313131313145,2525.2525252525256,2525.2525252525256,3787.8787878787884,1262.6262626262628,6313.1313131313145,10101.010101010103,16414.141414141417,60606.060606060615,146464.64646464647,279040.4040404041,402777.7777777778,464646.46464646474,488636.3636363637,522727.2727272728,481060.60606060614,532828.2828282829,500000.00000000006,628787.8787878789,566919.191919192,593434.3434343436,554292.9292929294,561868.6868686869,613636.3636363638,577020.2020202021,561868.6868686869,568181.8181818182,614898.98989899,556818.1818181819,607323.2323232325,560606.0606060607,607323.2323232325,556818.1818181819,604797.9797979799,593434.3434343436,531565.6565656567,559343.4343434344,626262.6262626264,555555.5555555556,580808.0808080808,527777.7777777779,487373.73737373744,574494.9494949495,554292.9292929294,553030.3030303031,518939.39393939404,440656.5656565657,546717.1717171718,496212.1212121213,525252.5252525253,547979.797979798,521464.64646464656,501262.6262626263,500000.00000000006,472222.2222222223,458333.33333333343,473484.84848484857,463383.8383838385,537878.787878788,487373.73737373744,512626.26262626273,388888.88888888893,425505.0505050506,505050.5050505051,484848.4848484849,459595.9595959597,424242.4242424243,430555.5555555556,428030.3030303031,483585.85858585866,531565.6565656567,446969.696969697,381313.13131313137,372474.74747474754,404040.40404040413,458333.33333333343,539141.4141414142,520202.0202020203,455808.08080808085,536616.1616161617,491161.6161616162,469696.9696969698,330808.08080808085,198232.32323232325,82070.70707070708,13888.88888888889,11363.636363636366,7575.757575757577,6313.1313131313145,6313.1313131313145,0.0,7575.757575757577,2525.2525252525256,3787.8787878787884,2525.2525252525256,5050.505050505051,2525.2525252525256,2525.2525252525256,3787.8787878787884,8838.38383838384,1262.6262626262628,2525.2525252525256,3787.8787878787884,2525.2525252525256,3787.8787878787884
6313.1313131313145,3787.8787878787884,5050.505050505051,1262.6262626262628,3787.8787878787884,6313.1313131313145,3787.8787878787884,2525.2525252525256,3787.8787878787884,2525.2525252525256,2525.2525252525256,0.0,2525.2525252525256,3787.8787878787884,5050.505050505051,5050.505050505051,1262.6262626262628,5050.505050505051,2525.2525252525256,10101.010101010103,7575.757575757577,0.0,1262.6262626262628,2525.2525252525256,0.0,1262.6262626262628,3787.8787878787884,1262.6262626262628,2525.2525252525256,6313.1313131313145,35353.53535353536,98484.8484848485,205808.08080808085,316919.191919192,375000.00000000006,436868.6868686869,534090.9090909092,492424.2424242425,517676.7676767678,555555.5555555556,561868.6868686869,529040.4040404041,529040.4040404041,561868.6868686869,534090.9090909092,568181.8181818182,568181.8181818182,526515.1515151516,560606.0606060607,578282.8282828283,607323.2323232325,594696.9696969698,555555.5555555556,580808.0808080808,571969.696969697,569444.4444444445,536616.1616161617,555555.5555555556,579545.4545454546,580808.0808080808,590909.0909090909,560606.0606060607,568181.8181818182,527777.7777777779,546717.1717171718,535353.5353535354,512626.26262626273,578282.8282828283,570707.0707070708,521464.64646464656,516414.1414141415,454545.4545454546,483585.85858585866,470959.59595959604,537878.787878788,445707.07070707076,404040.40404040413,445707.07070707076,493686.86868686875,492424.2424242425,486111.1111111112,489898.98989898997,503787.87878787884,558080.8080808081,446969.696969697,467171.71717171726,478535.3535353536,505050.5050505051,401515.15151515155,426767.67676767684,407828.2828282829,431818.1818181819,493686.86868686875,455808.08080808085,409090.9090909092,381313.13131313137,359848.4848484849,486111.1111111112,479797.9797979799,535353.5353535354,457070.7070707071,512626.26262626273,468434.3434343435,426767.67676767684,395202.02020202024,243686.86868686872,142676.7676767677,53030.30303030304,12626.262626262629,7575.757575757577,10101.010101010103,5050.505050505051,5050.505050505051,0.0,3787.8787878787884,5050.505050505051,3787.8787878787884,5050.505050505051,2525.2525252525256,2525.2525252525256,3787.8787878787884,5050.505050505051,3787.8787878787884,2525.2525252525256,2525.2525252525256,6313.1313131313145,7575.757575757577,10101.010101010103
3787.8787878787884,1262.6262626262628,5050.505050505051,3787.8787878787884,5050.505050505051,5050.505050505051,1262.6262626262628,5050.505050505051,3787.8787878787884,1262.6262626262628,1262.6262626262628,3787.8787878787884,0.0,2525.2525252525256,1262.6262626262628,2525.2525252525256,3787.8787878787884,5050.505050505051,6313.1313131313145,2525.2525252525256,2525.2525252525256,5050.505050505051,2525.2525252525256,0.0,2525.2525252525256,3787.8787878787884,1262.6262626262628,5050.505050505051,6313.1313131313145,8838.38383838384,11363.636363636366,104797.97979797982,253787.8787878788,335858.5858585859,405303.0303030304,453282.8282828283,520202.0202020203,570707.0707070708,560606.0606060607,516414.1414141415,537878.787878788,577020.2020202021,559343.4343434344,614898.98989899,530303.0303030304,536616.1616161617,555555.5555555556,564393.9393939395,545454.5454545455,566919.191919192,617424.2424242425,563131.3131313132,527777.7777777779,534090.9090909092,574494.9494949495,584595.9595959596,603535.3535353537,619949.4949494951,579545.4545454546,627525.2525252526,609848.484848485,599747.4747474749,558080.8080808081,518939.39393939404,551767.6767676768,549242.4242424243,501262.6262626263,635101.0101010102,662878.787878788,508838.3838383839,502525.2525252526,464646.46464646474,457070.7070707071,464646.46464646474,494949.494949495,436868.6868686869,393939.393939394,431818.1818181819,441919.191919192,501262.6262626263,468434.3434343435,474747.47474747483,467171.71717171726,489898.98989898997,515151.51515151525,508838.3838383839,493686.86868686875,505050.5050505051,462121.2121212122,469696.9696969698,483585.85858585866,445707.07070707076,482323.2323232324,483585.85858585866,479797.9797979799,478535.3535353536,503787.87878787884,491161.6161616162,544191.9191919193,486111.1111111112,400252.5252525253,473484.84848484857,503787.87878787884,468434.3434343435,316919.191919192,170454.54545454547,61868.68686868688,16414.141414141417,6313.1313131313145,5050.505050505051,8838.38383838384,12626.262626262629,10101.010101010103,6313.1313131313145,2525.2525252525256,5050.505050505051,5050.505050505051,2525.2525252525256,2525.2525252525256,5050.505050505051,5050.505050505051,3787.8787878787884,5050.505050505051,1262.6262626262628,2525.2525252525256,6313.1313131313145,5050.505050505051,1262.6262626262628
3787.8787878787884,6313.1313131313145,7575.757575757577,1262.6262626262628,0.0,2525.2525252525256,3787.8787878787884,2525.2525252525256,3787.8787878787884,3787.8787878787884,1262.6262626262628,2525.2525252525256,1262.6262626262628,3787.8787878787884,1262.6262626262628,1262.6262626262628,1262.6262626262628,1262.6262626262628,1262.6262626262628,2525.2525252525256,0.0,1262.6262626262628,2525.2525252525256,3787.8787878787884,3787.8787878787884,5050.505050505051,6313.1313131313145,7575.757575757577,3787.8787878787884,13888.88888888889,44191.9191919192,183080.8080808081,237373.73737373741,395202.02020202024,440656.5656565657,489898.98989898997,496212.1212121213,520202.0202020203,577020.2020202021,546717.1717171718,555555.5555555556,592171.7171717172,549242.4242424243,573232.3232323233,541666.6666666667,559343.4343434344,607323.2323232325,546717.1717171718,551767.6767676768,568181.8181818182,580808.0808080808,558080.8080808081,556818.1818181819,569444.4444444445,592171.7171717172,650252.5252525253,594696.9696969698,601010.1010101011,564393.9393939395,506313.13131313137,501262.6262626263,536616.1616161617,529040.4040404041,494949.494949495,371212.1212121213,419191.91919191927,481060.60606060614,551767.6767676768,612373.7373737375,612373.7373737375,531565.6565656567,491161.6161616162,484848.4848484849,453282.8282828283,511363.6363636364,467171.71717171726,450757.5757575758,454545.4545454546,459595.9595959597,502525.2525252526,460858.58585858595,513888.888888889,457070.7070707071,482323.2323232324,491161.6161616162,487373.73737373744,464646.46464646474,431818.1818181819,488636.3636363637,494949.494949495,473484.84848484857,501262.6262626263,460858.58585858595,457070.7070707071,458333.33333333343,526515.1515151516,511363.6363636364,482323.2323232324,541666.6666666667,494949.494949495,433080.80808080814,491161.6161616162,493686.86868686875,359848.4848484849,188131.31313131316,65656.56565656567,36616.16161616162,18939.393939393944,6313.1313131313145,8838.38383838384,5050.505050505051,7575.757575757577,3787.8787878787884,3787.8787878787884,6313.1313131313145,2525.2525252525256,5050.505050505051,5050.505050505051,1262.6262626262628,6313.1313131313145,5050.505050505051,5050.505050505051,7575.757575757577,1262.6262626262628,3787.8787878787884,2525.2525252525256,1262.6262626262628,2525.2525252525256
3787.8787878787884,6313.1313131313145,1262.6262626262628,2525.2525252525256,2525.2525252525256,3787.8787878787884,2525.2525252525256,2525.2525252525256,5050.505050505051,0.0,1262.6262626262628,1262.6262626262628,1262.6262626262628,2525.2525252525256,1262.6262626262628,2525.2525252525256,1262.6262626262628,2525.2525252525256,2525.2525252525256,1262.6262626262628,2525.2525252525256,0.0,2525.2525252525256,0.0,3787.8787878787884,2525.2525252525256,5050.505050505051,1262.6262626262628,8838.38383838384,22727.27272727273,80808.08080808082,280303.03030303033,333333.3333333334,404040.40404040413,455808.08080808085,439393.93939393945,517676.7676767678,536616.1616161617,540404.0404040405,578282.8282828283,553030.3030303031,588383.8383838384,593434.3434343436,603535.3535353537,560606.0606060607,612373.7373737375,598484.8484848486,589646.4646464647,534090.9090909092,604797.9797979799,584595.9595959596,536616.1616161617,574494.9494949495,556818.1818181819,599747.4747474749,508838.3838383839,564393.9393939395,595959.5959595961,593434.3434343436,477272.72727272735,393939.393939394,446969.696969697,489898.98989898997,517676.7676767678,426767.67676767684,472222.2222222223,540404.0404040405,616161.6161616163,579545.4545454546,602272.7272727274,532828.2828282829,486111.1111111112,453282.8282828283,472222.2222222223,438131.3131313132,491161.6161616162,479797.9797979799,443181.81818181823,481060.60606060614,446969.696969697,463383.8383838385,460858.58585858595,448232.3232323233,452020.20202020206,478535.3535353536,476010.1010101011,460858.58585858595,401515.15151515155,417929.292929293,433080.80808080814,431818.1818181819,445707.07070707076,531565.6565656567,458333.33333333343,487373.73737373744,531565.6565656567,459595.9595959597,465909.090909091,535353.5353535354,434343.4343434344,455808.08080808085,496212.1212121213,416666.66666666674,285353.5353535354,98484.8484848485,40404.04040404041,27777.77777777778,12626.262626262629,2525.2525252525256,3787.8787878787884,6313.1313131313145,6313.1313131313145,2525.2525252525256,1262.6262626262628,2525.2525252525256,2525.2525252525256,1262.6262626262628,2525.2525252525256,1262.6262626262628,0.0,1262.6262626262628,3787.8787878787884,6313.1313131313145,6313.1313131313145,3787.8787878787884,3787.8787878787884,3787.8787878787884,2525.2525252525256
2525.2525252525256,3787.8787878787884,2525.2525252525256,3787.8787878787884,2525.2525252525256,5050.505050505051,0.0,0.0,7575.757575757577,1262.6262626262628,5050.505050505051,3787.8787878787884,0.0,1262.6262626262628,1262.6262626262628,1262.6262626262628,1262.6262626262628,3787.8787878787884,1262.6262626262628,5050.505050505051,3787.8787878787884,1262.6262626262628,3787.8787878787884,3787.8787878787884,3787.8787878787884,5050.505050505051,6313.1313131313145,8838.38383838384,15151.515151515154,31565.65656565657,140151.51515151517,272727.27272727276,375000.00000000006,472222.2222222223,507575.7575757576,505050.5050505051,507575.7575757576,568181.8181818182,540404.0404040405,536616.1616161617,563131.3131313132,553030.3030303031,570707.0707070708,539141.4141414142,585858.5858585859,560606.0606060607,532828.2828282829,578282.8282828283,540404.0404040405,573232.3232323233,566919.191919192,541666.6666666667,555555.5555555556,622474.7474747476,588383.8383838384,492424.2424242425,570707.0707070708,590909.0909090909,597222.2222222224,545454.5454545455,488636.3636363637,462121.2121212122,436868.6868686869,426767.67676767684,449494.94949494954,496212.1212121213,536616.1616161617,527777.7777777779,545454.5454545455,550505.0505050506,623737.3737373739,612373.7373737375,469696.9696969698,477272.72727272735,444444.4444444445,479797.9797979799,450757.5757575758,412878.78787878796,482323.2323232324,445707.07070707076,395202.02020202024,429292.92929292936,407828.2828282829,435606.06060606067,422979.79797979805,455808.08080808085,478535.3535353536,426767.67676767684,450757.5757575758,433080.80808080814,406565.65656565665,473484.84848484857,476010.1010101011,536616.1616161617,503787.87878787884,452020.20202020206,465909.090909091,484848.4848484849,454545.4545454546,468434.3434343435,474747.47474747483,502525.2525252526,368686.86868686875,162878.7878787879,94696.96969696971,37878.78787878789,12626.262626262629,3787.8787878787884,11363.636363636366,7575.757575757577,0.0,2525.2525252525256,0.0,5050.505050505051,2525.2525252525256,3787.8787878787884,1262.6262626262628,1262.6262626262628,1262.6262626262628,2525.2525252525256,6313.1313131313145,0.0,3787.8787878787884,3787.8787878787884,3787.8787878787884,1262.6262626262628,7575.757575757577,3787.8787878787884
2525.2525252525256,5050.505050505051,2525.2525252525256,1262.6262626262628,3787.8787878787884,2525.2525252525256,1262.6262626262628,1262.6262626262628,1262.6262626262628,1262.6262626262628,0.0,3787.8787878787884,1262.6262626262628,1262.6262626262628,3787.8787878787884,1262.6262626262628,1262.6262626262628,7575.757575757577,5050.505050505051,3787.8787878787884,3787.8787878787884,1262.6262626262628,6313.1313131313145,3787.8787878787884,1262.6262626262628,3787.8787878787884,2525.2525252525256,8838.38383838384,12626.262626262629,74494.94949494951,198232.32323232325,323232.3232323233,387626.2626262627,478535.3535353536,508838.3838383839,536616.1616161617,584595.9595959596,522727.2727272728,534090.9090909092,558080.8080808081,544191.9191919193,575757.5757575758,604797.9797979799,547979.797979798,583333.3333333334,558080.8080808081,565656.5656565657,549242.4242424243,574494.9494949495,525252.5252525253,553030.3030303031,555555.5555555556,570707.0707070708,570707.0707070708,512626.26262626273,665404.0404040405,579545.4545454546,595959.5959595961,553030.3030303031,523989.8989898991,559343.4343434344,536616.1616161617,446969.696969697,429292.92929292936,489898.98989898997,472222.2222222223,487373.73737373744,518939.39393939404,500000.00000000006,473484.84848484857,549242.4242424243,566919.191919192,460858.58585858595,481060.60606060614,428030.3030303031,434343.4343434344,445707.07070707076,491161.6161616162,479797.9797979799,469696.9696969698,424242.4242424243,455808.08080808085,450757.5757575758,446969.696969697,361111.1111111112,421717.1717171718,488636.3636363637,472222.2222222223,431818.1818181819,462121.2121212122,428030.3030303031,454545.4545454546,378787.87878787884,438131.3131313132,491161.6161616162,438131.3131313132,491161.6161616162,474747.47474747483,359848.4848484849,381313.13131313137,464646.46464646474,359848.4848484849,218434.34343434346,82070.70707070708,49242.42424242425,32828.282828282834,2525.2525252525256,6313.1313131313145,5050.505050505051,5050.505050505051,5050.505050505051,2525.2525252525256,1262.6262626262628,8838.38383838384,8838.38383838384,1262.6262626262628,2525.2525252525256,2525.2525252525256,12626.262626262629,3787.8787878787884,3787.8787878787884,3787.8787878787884,2525.2525252525256,3787.8787878787884,2525.2525252525256,0.0,3787.8787878787884,2525.2525252525256
1262.6262626262628,5050.505050505051,2525.2525252525256,1262.6262626262628,1262.6262626262628,1262.6262626262628,2525.2525252525256,7575.757575757577,3787.8787878787884,5050.505050505051,3787.8787878787884,1262.6262626262628,2525.2525252525256,1262.6262626262628,0.0,1262.6262626262628,1262.6262626262628,2525.2525252525256,0.0,0.0,2525.2525252525256,3787.8787878787884,2525.2525252525256,2525.2525252525256,1262.6262626262628,5050.505050505051,3787.8787878787884,10101.010101010103,21464.646464646466,136363.63636363638,305555.5555555556,395202.02020202024,430555.5555555556,479797.9797979799,498737.3737373738,537878.787878788,517676.7676767678,582070.7070707071,559343.4343434344,558080.8080808081,603535.3535353537,604797.9797979799,558080.8080808081,545454.5454545455,593434.3434343436,571969.696969697,551767.6767676768,522727.2727272728,614898.98989899,571969.696969697,544191.9191919193,558080.8080808081,551767.6767676768,513888.888888889,570707.0707070708,592171.7171717172,612373.7373737375,612373.7373737375,574494.9494949495,516414.1414141415,501262.6262626263,498737.3737373738,457070.7070707071,313131.3131313132,476010.1010101011,506313.13131313137,420454.5454545455,458333.33333333343,536616.1616161617,448232.3232323233,453282.8282828283,564393.9393939395,536616.1616161617,502525.2525252526,465909.090909091,481060.60606060614,530303.0303030304,494949.494949495,449494.94949494954,472222.2222222223,422979.79797979805,470959.59595959604,390151.5151515152,443181.81818181823,435606.06060606067,462121.2121212122,481060.60606060614,429292.92929292936,412878.78787878796,441919.191919192,453282.8282828283,428030.3030303031,390151.5151515152,474747.47474747483,416666.66666666674,436868.6868686869,455808.08080808085,330808.08080808085,315656.5656565657,340909.09090909094,426767.67676767684,261363.6363636364,123737.37373737375,35353.53535353536,21464.646464646466,16414.141414141417,7575.757575757577,8838.38383838384,7575.757575757577,8838.38383838384,0.0,1262.6262626262628,1262.6262626262628,5050.505050505051,2525.2525252525256,3787.8787878787884,3787.8787878787884,2525.2525252525256,1262.6262626262628,2525.2525252525256,1262.6262626262628,7575.757575757577,2525.2525252525256,6313.1313131313145,3787.8787878787884,6313.1313131313145,7575.757575757577,2525.2525252525256
0.0,5050.505050505051,2525.2525252525256,2525.2525252525256,0.0,2525.2525252525256,5050.505050505051,6313.1313131313145,3787.8787878787884,0.0,2525.2525252525256,2525.2525252525256,1262.6262626262628,3787.8787878787884,1262.6262626262628,5050.505050505051,3787.8787878787884,0.0,1262.6262626262628,0.0,2525.2525252525256,5050.505050505051,1262.6262626262628,2525.2525252525256,6313.1313131313145,2525.2525252525256,5050.505050505051,11363.636363636366,59343.434343434354,204545.4545454546,363636.3636363637,412878.78787878796,489898.98989898997,462121.2121212122,541666.6666666667,565656.5656565657,526515.1515151516,560606.0606060607,568181.8181818182,577020.2020202021,566919.191919192,582070.7070707071,542929.292929293,546717.1717171718,554292.9292929294,539141.4141414142,546717.1717171718,535353.5353535354,606060.6060606062,595959.5959595961,563131.3131313132,534090.9090909092,578282.8282828283,606060.6060606062,616161.6161616163,597222.2222222224,607323.2323232325,549242.4242424243,575757.5757575758,479797.9797979799,493686.86868686875,544191.9191919193,474747.47474747483,438131.3131313132,457070.7070707071,487373.73737373744,373737.3737373738,448232.3232323233,474747.47474747483,329545.4545454546,324494.94949494954,555555.5555555556,523989.8989898991,516414.1414141415,502525.2525252526,500000.00000000006,482323.2323232324,500000.00000000006,513888.888888889,455808.08080808085,406565.65656565665,392676.7676767677,440656.5656565657,470959.59595959604,467171.71717171726,458333.33333333343,469696.9696969698,503787.87878787884,410353.53535353544,430555.5555555556,453282.8282828283,404040.40404040413,431818.1818181819,324494.94949494954,362373.73737373744,381313.13131313137,468434.3434343435,436868.6868686869,359848.4848484849,404040.40404040413,318181.81818181823,161616.16161616164,78282.8282828283,25252.525252525258,13888.88888888889,5050.505050505051,8838.38383838384,3787.8787878787884,2525.2525252525256,3787.8787878787884,2525.2525252525256,3787.8787878787884,5050.505050505051,3787.8787878787884,2525.2525252525256,5050.505050505051,1262.6262626262628,1262.6262626262628,5050.505050505051,2525.2525252525256,2525.2525252525256,6313.1313131313145,0.0,1262.6262626262628,2525.2525252525256,3787.8787878787884,2525.2525252525256,1262.6262626262628
1262.6262626262628,5050.505050505051,6313.1313131313145,0.0,3787.8787878787884,3787.8787878787884,0.0,2525.2525252525256,2525.2525252525256,1262.6262626262628,3787.8787878787884,5050.505050505051,6313.1313131313145,1262.6262626262628,3787.8787878787884,1262.6262626262628,5050.505050505051,5050.505050505051,0.0,3787.8787878787884,3787.8787878787884,0.0,2525.2525252525256,7575.757575757577,1262.6262626262628,7575.757575757577,6313.1313131313145,17676.76767676768,87121.21212121213,258838.3838383839,353535.3535353536,416666.66666666674,505050.5050505051,554292.9292929294,539141.4141414142,507575.7575757576,554292.9292929294,558080.8080808081,617424.2424242425,585858.5858585859,558080.8080808081,597222.2222222224,607323.2323232325,579545.4545454546,570707.0707070708,593434.3434343436,574494.9494949495,589646.4646464647,518939.39393939404,579545.4545454546,560606.0606060607,590909.0909090909,607323.2323232325,590909.0909090909,578282.8282828283,566919.191919192,638888.888888889,583333.3333333334,568181.8181818182,558080.8080808081,470959.59595959604,527777.7777777779,482323.2323232324,578282.8282828283,429292.92929292936,521464.64646464656,489898.98989898997,398989.898989899,445707.07070707076,393939.393939394,381313.13131313137,473484.84848484857,352272.72727272735,441919.191919192,469696.9696969698,496212.1212121213,530303.0303030304,479797.9797979799,535353.5353535354,375000.00000000006,382575.7575757576,469696.9696969698,382575.7575757576,460858.58585858595,486111.1111111112,478535.3535353536,462121.2121212122,411616.1616161617,404040.40404040413,409090.9090909092,422979.79797979805,441919.191919192,400252.5252525253,375000.00000000006,465909.090909091,483585.85858585866,486111.1111111112,474747.47474747483,517676.7676767678,416666.66666666674,290404.0404040404,108585.8585858586,47979.797979797986,11363.636363636366,5050.505050505051,6313.1313131313145,3787.8787878787884,2525.2525252525256,0.0,3787.8787878787884,3787.8787878787884,5050.505050505051,2525.2525252525256,1262.6262626262628,3787.8787878787884,1262.6262626262628,0.0,2525.2525252525256,1262.6262626262628,1262.6262626262628,1262.6262626262628,3787.8787878787884,2525.2525252525256,2525.2525252525256,3787.8787878787884,2525.2525252525256,8838.38383838384,3787.8787878787884
2525.2525252525256,2525.2525252525256,5050.505050505051,1262.6262626262628,1262.6262626262628,3787.8787878787884,2525.2525252525256,2525.2525252525256,1262.6262626262628,2525.2525252525256,2525.2525252525256,3787.8787878787884,3787.8787878787884,2525.2525252525256,2525.2525252525256,2525.2525252525256,0.0,3787.8787878787884,5050.505050505051,2525.2525252525256,2525.2525252525256,1262.6262626262628,2525.2525252525256,3787.8787878787884,2525.2525252525256,0.0,7575.757575757577,35353.53535353536,142676.7676767677,292929.29292929295,367424.2424242425,452020.20202020206,492424.2424242425,527777.7777777779,521464.64646464656,569444.4444444445,558080.8080808081,558080.8080808081,551767.6767676768,565656.5656565657,577020.2020202021,584595.9595959596,575757.5757575758,566919.191919192,571969.696969697,540404.0404040405,564393.9393939395,565656.5656565657,486111.1111111112,612373.7373737375,606060.6060606062,551767.6767676768,592171.7171717172,587121.2121212122,592171.7171717172,595959.5959595961,614898.98989899,587121.2121212122,483585.85858585866,503787.87878787884,446969.696969697,482323.2323232324,520202.0202020203,547979.797979798,470959.59595959604,429292.92929292936,535353.5353535354,401515.15151515155,356060.60606060614,367424.2424242425,429292.92929292936,445707.07070707076,382575.7575757576,448232.3232323233,411616.1616161617,405303.0303030304,529040.4040404041,522727.2727272728,452020.20202020206,401515.15151515155,406565.65656565665,488636.3636363637,453282.8282828283,474747.47474747483,467171.71717171726,472222.2222222223,402777.7777777778,357323.2323232324,368686.86868686875,448232.3232323233,492424.2424242425,429292.92929292936,367424.2424242425,402777.7777777778,472222.2222222223,433080.80808080814,491161.6161616162,551767.6767676768,430555.5555555556,315656.5656565657,154040.40404040407,47979.797979797986,26515.15151515152,15151.515151515154,3787.8787878787884,3787.8787878787884,3787.8787878787884,6313.1313131313145,5050.505050505051,0.0,2525.2525252525256,2525.2525252525256,1262.6262626262628,7575.757575757577,2525.2525252525256,5050.505050505051,0.0,1262.6262626262628,1262.6262626262628,2525.2525252525256,1262.6262626262628,3787.8787878787884,2525.2525252525256,5050.505050505051,5050.505050505051,1262.6262626262628,5050.505050505051,5050.505050505051
3787.8787878787884,1262.6262626262628,2525.2525252525256,2525.2525252525256,5050.505050505051,2525.2525252525256,1262.6262626262628,5050.505050505051,1262.6262626262628,1262.6262626262628,2525.2525252525256,3787.8787878787884,5050.505050505051,1262.6262626262628,2525.2525252525256,2525.2525252525256,2525.2525252525256,2525.2525252525256,3787.8787878787884,3787.8787878787884,2525.2525252525256,1262.6262626262628,3787.8787878787884,2525.2525252525256,11363.636363636366,8838.38383838384,21464.646464646466,125000.00000000001,246212.12121212124,344696.9696969697,467171.71717171726,477272.72727272735,550505.0505050506,496212.1212121213,555555.5555555556,560606.0606060607,578282.8282828283,565656.5656565657,565656.5656565657,589646.4646464647,569444.4444444445,558080.8080808081,561868.6868686869,579545.4545454546,558080.8080808081,559343.4343434344,547979.797979798,520202.0202020203,536616.1616161617,601010.1010101011,558080.8080808081,587121.2121212122,595959.5959595961,563131.3131313132,539141.4141414142,579545.4545454546,534090.9090909092,595959.5959595961,521464.64646464656,460858.58585858595,406565.65656565665,494949.494949495,599747.4747474749,571969.696969697,535353.5353535354,529040.4040404041,425505.0505050506,429292.92929292936,373737.3737373738,410353.53535353544,486111.1111111112,470959.59595959604,414141.4141414142,353535.3535353536,438131.3131313132,452020.20202020206,452020.20202020206,502525.2525252526,559343.4343434344,515151.51515151525,443181.81818181823,438131.3131313132,510101.01010101015,542929.292929293,547979.797979798,419191.91919191927,393939.393939394,391414.14141414146,435606.06060606067,506313.13131313137,457070.7070707071,482323.2323232324,441919.191919192,441919.191919192,487373.73737373744,424242.4242424243,467171.71717171726,440656.5656565657,361111.1111111112,190656.56565656568,71969.69696969698,18939.393939393944,8838.38383838384,5050.505050505051,2525.2525252525256,3787.8787878787884,5050.505050505051,8838.38383838384,2525.2525252525256,3787.8787878787884,3787.8787878787884,3787.8787878787884,2525.2525252525256,6313.1313131313145,5050.505050505051,6313.1313131313145,3787.8787878787884,1262.6262626262628,0.0,1262.6262626262628,2525.2525252525256,2525.2525252525256,7575.757575757577,2525.2525252525256,1262.6262626262628,1262.6262626262628,6313.1313131313145,1262.6262626262628
2525.2525252525256,0.0,2525.2525252525256,2525.2525252525256,2525.2525252525256,3787.8787878787884,3787.8787878787884,0.0,1262.6262626262628,5050.505050505051,1262.6262626262628,0.0,5050.505050505051,1262.6262626262628,1262.6262626262628,3787.8787878787884,2525.2525252525256,3787.8787878787884,2525.2525252525256,1262.6262626262628,2525.2525252525256,7575.757575757577,5050.505050505051,6313.1313131313145,10101.010101010103,27777.77777777778,49242.42424242425,184343.43434343438,313131.3131313132,382575.7575757576,468434.3434343435,530303.0303030304,526515.1515151516,520202.0202020203,554292.9292929294,549242.4242424243,578282.8282828283,641414.1414141415,570707.0707070708,577020.2020202021,575757.5757575758,593434.3434343436,578282.8282828283,568181.8181818182,570707.0707070708,539141.4141414142,522727.2727272728,549242.4242424243,539141.4141414142,589646.4646464647,604797.9797979799,601010.1010101011,609848.484848485,558080.8080808081,577020.2020202021,558080.8080808081,569444.4444444445,534090.9090909092,511363.6363636364,429292.92929292936,457070.7070707071,416666.66666666674,467171.71717171726,520202.0202020203,525252.5252525253,518939.39393939404,410353.53535353544,386363.6363636364,438131.3131313132,462121.2121212122,521464.64646464656,546717.1717171718,482323.2323232324,395202.02020202024,349747.4747474748,420454.5454545455,439393.93939393945,570707.0707070708,488636.3636363637,513888.888888889,559343.4343434344,493686.86868686875,539141.4141414142,459595.9595959597,439393.93939393945,462121.2121212122,479797.9797979799,479797.9797979799,494949.494949495,455808.08080808085,455808.08080808085,464646.46464646474,438131.3131313132,339646.4646464647,484848.4848484849,472222.2222222223,488636.3636363637,455808.08080808085,255050.50505050507,121212.12121212123,16414.141414141417,8838.38383838384,10101.010101010103,6313.1313131313145,3787.8787878787884,6313.1313131313145,1262.6262626262628,2525.2525252525256,2525.2525252525256,1262.6262626262628,2525.2525252525256,6313.1313131313145,5050.505050505051,3787.8787878787884,2525.2525252525256,8838.38383838384,6313.1313131313145,5050.505050505051,5050.505050505051,3787.8787878787884,2525.2525252525256,5050.505050505051,6313.1313131313145,2525.2525252525256,2525.2525252525256,2525.2525252525256,5050.505050505051,3787.8787878787884
3787.8787878787884,3787.8787878787884,3787.8787878787884,6313.1313131313145,1262.6262626262628,3787.8787878787884,0.0,2525.2525252525256,2525.2525252525256,1262.6262626262628,1262.6262626262628,3787.8787878787884,5050.505050505051,5050.505050505051,1262.6262626262628,3787.8787878787884,5050.505050505051,1262.6262626262628,2525.2525252525256,5050.505050505051,3787.8787878787884,3787.8787878787884,1262.6262626262628,11363.636363636366,16414.141414141417,45454.54545454546,195707.07070707073,339646.4646464647,337121.21212121216,366161.6161616162,446969.696969697,496212.1212121213,540404.0404040405,511363.6363636364,582070.7070707071,540404.0404040405,597222.2222222224,512626.26262626273,582070.7070707071,584595.9595959596,558080.8080808081,546717.1717171718,574494.9494949495,611111.1111111112,593434.3434343436,551767.6767676768,571969.696969697,575757.5757575758,547979.797979798,590909.0909090909,607323.2323232325,578282.8282828283,556818.1818181819,568181.8181818182,526515.1515151516,617424.2424242425,585858.5858585859,577020.2020202021,516414.1414141415,512626.26262626273,571969.696969697,469696.9696969698,502525.2525252526,553030.3030303031,565656.5656565657,553030.3030303031,520202.0202020203,410353.53535353544,463383.8383838385,429292.92929292936,488636.3636363637,491161.6161616162,416666.66666666674,380050.5050505051,445707.07070707076,492424.2424242425,493686.86868686875,448232.3232323233,431818.1818181819,424242.4242424243,484848.4848484849,465909.090909091,489898.98989898997,439393.93939393945,438131.3131313132,531565.6565656567,523989.8989898991,507575.7575757576,401515.15151515155,429292.92929292936,539141.4141414142,472222.2222222223,352272.72727272735,430555.5555555556,468434.3434343435,535353.5353535354,482323.2323232324,320707.07070707076,148989.89898989903,66919.19191919193,31565.65656565657,17676.76767676768,5050.505050505051,1262.6262626262628,2525.2525252525256,3787.8787878787884,5050.505050505051,2525.2525252525256,5050.505050505051,5050.505050505051,8838.38383838384,2525.2525252525256,1262.6262626262628,3787.8787878787884,6313.1313131313145,0.0,1262.6262626262628,2525.2525252525256,6313.1313131313145,3787.8787878787884,2525.2525252525256,5050.505050505051,3787.8787878787884,2525.2525252525256,2525.2525252525256,5050.505050505051,3787.8787878787884,5050.505050505051
1262.6262626262628,2525.2525252525256,3787.8787878787884,3787.8787878787884,2525.2525252525256,0.0,6313.1313131313145,1262.6262626262628,3787.8787878787884,5050.505050505051,2525.2525252525256,0.0,2525.2525252525256,6313.1313131313145,1262.6262626262628,2525.2525252525256,5050.505050505051,5050.505050505051,2525.2525252525256,1262.6262626262628,1262.6262626262628,5050.505050505051,6313.1313131313145,7575.757575757577,8838.38383838384,45454.54545454546,184343.43434343438,378787.87878787884,372474.74747474754,400252.5252525253,505050.5050505051,510101.01010101015,541666.6666666667,575757.5757575758,553030.3030303031,613636.3636363638,532828.2828282829,612373.7373737375,577020.2020202021,584595.9595959596,564393.9393939395,558080.8080808081,582070.7070707071,526515.1515151516,554292.9292929294,489898.98989898997,523989.8989898991,575757.5757575758,594696.9696969698,539141.4141414142,531565.6565656567,558080.8080808081,541666.6666666667,602272.7272727274,559343.4343434344,560606.0606060607,513888.888888889,486111.1111111112,492424.2424242425,589646.4646464647,564393.9393939395,463383.8383838385,468434.3434343435,568181.8181818182,551767.6767676768,570707.0707070708,549242.4242424243,506313.13131313137,460858.58585858595,458333.33333333343,385101.01010101015,482323.2323232324,433080.80808080814,443181.81818181823,387626.2626262627,398989.898989899,335858.5858585859,440656.5656565657,486111.1111111112,496212.1212121213,488636.3636363637,450757.5757575758,535353.5353535354,446969.696969697,424242.4242424243,510101.01010101015,526515.1515151516,440656.5656565657,525252.5252525253,501262.6262626263,511363.6363636364,470959.59595959604,479797.9797979799,464646.46464646474,508838.3838383839,501262.6262626263,356060.60606060614,193181.8181818182,83333.33333333334,29040.404040404046,8838.38383838384,6313.1313131313145,3787.8787878787884,10101.010101010103,6313.1313131313145,5050.505050505051,3787.8787878787884,0.0,1262.6262626262628,5050.505050505051,8838.38383838384,6313.1313131313145,2525.2525252525256,7575.757575757577,2525.2525252525256,5050.505050505051,3787.8787878787884,5050.505050505051,6313.1313131313145,6313.1313131313145,2525.2525252525256,5050.505050505051,3787.8787878787884,3787.8787878787884,1262.6262626262628,1262.6262626262628,5050.505050505051,3787.8787878787884
3787.8787878787884,1262.6262626262628,2525.2525252525256,1262.6262626262628,2525.2525252525256,1262.6262626262628,7575.757575757577,1262.6262626262628,5050.505050505051,2525.2525252525256,5050.505050505051,1262.6262626262628,5050.505050505051,0.0,3787.8787878787884,1262.6262626262628,3787.8787878787884,2525.2525252525256,0.0,0.0,0.0,2525.2525252525256,6313.1313131313145,7575.757575757577,20202.020202020205,107323.23232323234,275252.5252525253,332070.7070707071,390151.5151515152,474747.47474747483,467171.71717171726,463383.8383838385,556818.1818181819,540404.0404040405,599747.4747474749,569444.4444444445,594696.9696969698,628787.8787878789,579545.4545454546,553030.3030303031,546717.1717171718,550505.0505050506,561868.6868686869,505050.5050505051,487373.73737373744,483585.85858585866,512626.26262626273,565656.5656565657,547979.797979798,580808.0808080808,568181.8181818182,575757.5757575758,574494.9494949495,565656.5656565657,582070.7070707071,553030.3030303031,512626.26262626273,590909.0909090909,536616.1616161617,555555.5555555556,555555.5555555556,491161.6161616162,513888.888888889,544191.9191919193,561868.6868686869,578282.8282828283,547979.797979798,512626.26262626273,454545.4545454546,458333.33333333343,349747.4747474748,366161.6161616162,425505.0505050506,436868.6868686869,391414.14141414146,351010.1010101011,428030.3030303031,412878.78787878796,516414.1414141415,516414.1414141415,452020.20202020206,444444.4444444445,482323.2323232324,484848.4848484849,483585.85858585866,498737.3737373738,448232.3232323233,386363.6363636364,477272.72727272735,446969.696969697,510101.01010101015,515151.51515151525,454545.4545454546,476010.1010101011,540404.0404040405,414141.4141414142,289141.41414141416,113636.36363636365,35353.53535353536,25252.525252525258,7575.757575757577,2525.2525252525256,3787.8787878787884,3787.8787878787884,7575.757575757577,2525.2525252525256,1262.6262626262628,1262.6262626262628,2525.2525252525256,2525.2525252525256,6313.1313131313145,5050.505050505051,3787.8787878787884,1262.6262626262628,7575.757575757577,5050.505050505051,11363.636363636366,11363.636363636366,2525.2525252525256,3787.8787878787884,5050.505050505051,1262.6262626262628,2525.2525252525256,2525.2525252525256,5050.505050505051,0.0,2525.2525252525256,1262.6262626262628
1262.6262626262628,1262.6262626262628,0.0,3787.8787878787884,1262.6262626262628,2525.2525252525256,2525.2525252525256,2525.2525252525256,2525.2525252525256,2525.2525252525256,2525.2525252525256,1262.6262626262628,6313.1313131313145,3787.8787878787884,1262.6262626262628,2525.2525252525256,5050.505050505051,5050.505050505051,5050.505050505051,5050.505050505051,3787.8787878787884,6313.1313131313145,7575.757575757577,46717.171717171725,108585.8585858586,152777.7777777778,270202.02020202024,368686.86868686875,469696.9696969698,482323.2323232324,486111.1111111112,547979.797979798,522727.2727272728,518939.39393939404,588383.8383838384,577020.2020202021,587121.2121212122,583333.3333333334,565656.5656565657,536616.1616161617,510101.01010101015,525252.5252525253,585858.5858585859,561868.6868686869,518939.39393939404,530303.0303030304,513888.888888889,541666.6666666667,559343.4343434344,570707.0707070708,553030.3030303031,604797.9797979799,603535.3535353537,508838.3838383839,584595.9595959596,578282.8282828283,560606.0606060607,587121.2121212122,611111.1111111112,565656.5656565657,568181.8181818182,511363.6363636364,520202.0202020203,539141.4141414142,554292.9292929294,541666.6666666667,502525.2525252526,565656.5656565657,523989.8989898991,503787.87878787884,439393.93939393945,452020.20202020206,430555.5555555556,472222.2222222223,506313.13131313137,467171.71717171726,488636.3636363637,319444.4444444445,416666.66666666674,410353.53535353544,449494.94949494954,438131.3131313132,478535.3535353536,468434.3434343435,459595.9595959597,513888.888888889,512626.26262626273,440656.5656565657,349747.4747474748,420454.5454545455,536616.1616161617,496212.1212121213,517676.7676767678,550505.0505050506,476010.1010101011,473484.84848484857,199494.9494949495,58080.80808080809,21464.646464646466,3787.8787878787884,6313.1313131313145,2525.2525252525256,6313.1313131313145,7575.757575757577,3787.8787878787884,1262.6262626262628,1262.6262626262628,3787.8787878787884,5050.505050505051,5050.505050505051,6313.1313131313145,6313.1313131313145,2525.2525252525256,2525.2525252525256,2525.2525252525256,2525.2525252525256,5050.505050505051,7575.757575757577,6313.1313131313145,7575.757575757577,2525.2525252525256,3787.8787878787884,2525.2525252525256,7575.757575757577,7575.757575757577,5050.505050505051,2525.2525252525256,2525.2525252525256
6313.1313131313145,2525.2525252525256,2525.2525252525256,6313.1313131313145,2525.2525252525256,3787.8787878787884,1262.6262626262628,3787.8787878787884,1262.6262626262628,5050.505050505051,1262.6262626262628,1262.6262626262628,1262.6262626262628,2525.2525252525256,2525.2525252525256,1262.6262626262628,5050.505050505051,2525.2525252525256,5050.505050505051,1262.6262626262628,8838.38383838384,5050.505050505051,20202.020202020205,97222.22222222223,279040.4040404041,217171.7171717172,295454.54545454547,414141.4141414142,445707.07070707076,500000.00000000006,515151.51515151525,555555.5555555556,505050.5050505051,558080.8080808081,507575.7575757576,579545.4545454546,633838.383838384,594696.9696969698,594696.9696969698,555555.5555555556,522727.2727272728,489898.98989898997,494949.494949495,428030.3030303031,392676.7676767677,441919.191919192,452020.20202020206,415404.0404040405,439393.93939393945,414141.4141414142,441919.191919192,449494.94949494954,464646.46464646474,531565.6565656567,501262.6262626263,575757.5757575758,569444.4444444445,551767.6767676768,546717.1717171718,498737.3737373738,577020.2020202021,522727.2727272728,536616.1616161617,502525.2525252526,510101.01010101015,583333.3333333334,488636.3636363637,536616.1616161617,511363.6363636364,444444.4444444445,416666.66666666674,358585.85858585866,342171.7171717172,527777.7777777779,492424.2424242425,472222.2222222223,457070.7070707071,420454.5454545455,431818.1818181819,445707.07070707076,511363.6363636364,502525.2525252526,435606.06060606067,393939.393939394,385101.01010101015,545454.5454545455,520202.0202020203,470959.59595959604,435606.06060606067,498737.3737373738,536616.1616161617,525252.5252525253,545454.5454545455,521464.64646464656,430555.5555555556,276515.15151515155,118686.86868686871,34090.909090909096,12626.262626262629,5050.505050505051,11363.636363636366,5050.505050505051,3787.8787878787884,3787.8787878787884,2525.2525252525256,2525.2525252525256,0.0,8838.38383838384,5050.505050505051,2525.2525252525256,5050.505050505051,6313.1313131313145,2525.2525252525256,3787.8787878787884,5050.505050505051,2525.2525252525256,1262.6262626262628,2525.2525252525256,6313.1313131313145,5050.505050505051,2525.2525252525256,1262.6262626262628,0.0,1262.6262626262628,10101.010101010103,1262.6262626262628,0.0,2525.2525252525256
2525.2525252525256,3787.8787878787884,6313.1313131313145,5050.505050505051,2525.2525252525256,3787.8787878787884,7575.757575757577,5050.505050505051,3787.8787878787884,1262.6262626262628,1262.6262626262628,2525.2525252525256,2525.2525252525256,3787.8787878787884,3787.8787878787884,1262.6262626262628,2525.2525252525256,5050.505050505051,3787.8787878787884,3787.8787878787884,2525.2525252525256,3787.8787878787884,27777.77777777778,121212.12121212123,233585.85858585863,282828.28282828286,321969.696969697,342171.7171717172,455808.08080808085,503787.87878787884,492424.2424242425,549242.4242424243,507575.7575757576,553030.3030303031,549242.4242424243,579545.4545454546,585858.5858585859,604797.9797979799,555555.5555555556,468434.3434343435,382575.7575757576,308080.80808080814,265151.5151515152,241161.6161616162,189393.93939393942,204545.4545454546,150252.5252525253,125000.00000000001,143939.39393939395,126262.62626262628,138888.8888888889,172979.797979798,191919.19191919194,333333.3333333334,373737.3737373738,472222.2222222223,508838.3838383839,532828.2828282829,529040.4040404041,559343.4343434344,602272.7272727274,588383.8383838384,594696.9696969698,513888.888888889,551767.6767676768,568181.8181818182,559343.4343434344,510101.01010101015,527777.7777777779,473484.84848484857,422979.79797979805,448232.3232323233,425505.0505050506,465909.090909091,448232.3232323233,501262.6262626263,455808.08080808085,488636.3636363637,438131.3131313132,491161.6161616162,515151.51515151525,489898.98989898997,470959.59595959604,390151.5151515152,406565.65656565665,425505.0505050506,547979.797979798,483585.85858585866,497474.74747474754,497474.74747474754,511363.6363636364,540404.0404040405,505050.5050505051,478535.3535353536,344696.9696969697,188131.31313131316,75757.57575757577,17676.76767676768,3787.8787878787884,6313.1313131313145,7575.757575757577,2525.2525252525256,3787.8787878787884,2525.2525252525256,1262.6262626262628,5050.505050505051,2525.2525252525256,2525.2525252525256,6313.1313131313145,6313.1313131313145,1262.6262626262628,5050.505050505051,3787.8787878787884,3787.8787878787884,3787.8787878787884,3787.8787878787884,3787.8787878787884,1262.6262626262628,3787.8787878787884,7575.757575757577,2525.2525252525256,3787.8787878787884,2525.2525252525256,2525.2525252525256,2525.2525252525256,3787.8787878787884,3787.8787878787884,6313.1313131313145
0.0,1262.6262626262628,5050.505050505051,0.0,5050.505050505051,2525.2525252525256,1262.6262626262628,0.0,6313.1313131313145,1262.6262626262628,7575.757575757577,7575.757575757577,3787.8787878787884,5050.505050505051,2525.2525252525256,6313.1313131313145,5050.505050505051,1262.6262626262628,5050.505050505051,1262.6262626262628,6313.1313131313145,13888.88888888889,70707.07070707071,162878.7878787879,210858.5858585859,287878.7878787879,404040.40404040413,448232.3232323233,481060.60606060614,537878.787878788,561868.6868686869,554292.9292929294,523989.8989898991,556818.1818181819,527777.7777777779,561868.6868686869,497474.74747474754,373737.3737373738,279040.4040404041,214646.46464646468,193181.8181818182,137626.26262626264,108585.8585858586,102272.7272727273,84595.9595959596,83333.33333333334,68181.81818181819,55555.55555555556,78282.8282828283,59343.434343434354,65656.56565656567,64393.93939393941,63131.31313131314,89646.46464646466,133838.38383838386,214646.46464646468,263888.88888888893,295454.54545454547,404040.40404040413,569444.4444444445,555555.5555555556,593434.3434343436,574494.9494949495,539141.4141414142,527777.7777777779,551767.6767676768,539141.4141414142,513888.888888889,501262.6262626263,435606.06060606067,455808.08080808085,494949.494949495,439393.93939393945,393939.393939394,462121.2121212122,457070.7070707071,367424.2424242425,462121.2121212122,372474.74747474754,429292.92929292936,405303.0303030304,467171.71717171726,527777.7777777779,436868.6868686869,415404.0404040405,483585.85858585866,487373.73737373744,453282.8282828283,502525.2525252526,520202.0202020203,520202.0202020203,516414.1414141415,479797.9797979799,385101.01010101015,260101.01010101015,160353.53535353538,69444.44444444445,13888.88888888889,2525.2525252525256,2525.2525252525256,3787.8787878787884,2525.2525252525256,3787.8787878787884,2525.2525252525256,2525.2525252525256,3787.8787878787884,2525.2525252525256,3787.8787878787884,2525.2525252525256,5050.505050505051,3787.8787878787884,6313.1313131313145,3787.8787878787884,2525.2525252525256,0.0,1262.6262626262628,6313.1313131313145,2525.2525252525256,5050.505050505051,1262.6262626262628,1262.6262626262628,1262.6262626262628,2525.2525252525256,2525.2525252525256,1262.6262626262628,3787.8787878787884,1262.6262626262628,3787.8787878787884
3787.8787878787884,5050.505050505051,1262.6262626262628,2525.2525252525256,0.0,3787.8787878787884,2525.2525252525256,0.0,1262.6262626262628,6313.1313131313145,3787.8787878787884,3787.8787878787884,5050.505050505051,3787.8787878787884,0.0,5050.505050505051,1262.6262626262628,0.0,5050.505050505051,5050.505050505051,7575.757575757577,69444.44444444445,136363.63636363638,166666.6666666667,279040.4040404041,295454.54545454547,469696.9696969698,526515.1515151516,555555.5555555556,597222.2222222224,530303.0303030304,508838.3838383839,563131.3131313132,526515.1515151516,492424.2424242425,376262.6262626263,209595.95959595963,159090.90909090912,125000.00000000001,83333.33333333334,78282.8282828283,75757.57575757577,70707.07070707071,45454.54545454546,31565.65656565657,27777.77777777778,45454.54545454546,23989.898989898993,27777.77777777778,34090.909090909096,40404.04040404041,40404.04040404041,47979.797979797986,49242.42424242425,54292.9292929293,70707.07070707071,97222.22222222223,136363.63636363638,179292.92929292933,310606.06060606067,429292.92929292936,503787.87878787884,511363.6363636364,558080.8080808081,590909.0909090909,585858.5858585859,494949.494949495,436868.6868686869,421717.1717171718,441919.191919192,462121.2121212122,438131.3131313132,429292.92929292936,429292.92929292936,452020.20202020206,530303.0303030304,506313.13131313137,448232.3232323233,429292.92929292936,342171.7171717172,395202.02020202024,513888.888888889,518939.39393939404,470959.59595959604,453282.8282828283,525252.5252525253,566919.191919192,497474.74747474754,540404.0404040405,507575.7575757576,505050.5050505051,481060.60606060614,462121.2121212122,252525.25252525255,208333.33333333337,65656.56565656567,25252.525252525258,8838.38383838384,1262.6262626262628,5050.505050505051,5050.505050505051,2525.2525252525256,2525.2525252525256,7575.757575757577,8838.38383838384,0.0,5050.505050505051,2525.2525252525256,2525.2525252525256,3787.8787878787884,2525.2525252525256,2525.2525252525256,2525.2525252525256,2525.2525252525256,2525.2525252525256,2525.2525252525256,1262.6262626262628,6313.1313131313145,2525.2525252525256,2525.2525252525256,6313.1313131313145,2525.2525252525256,3787.8787878787884,3787.8787878787884,2525.2525252525256,3787.8787878787884,1262.6262626262628,0.0
3787.8787878787884,5050.505050505051,5050.505050505051,5050.505050505051,1262.6262626262628,1262.6262626262628,1262.6262626262628,2525.2525252525256,5050.505050505051,5050.505050505051,1262.6262626262628,1262.6262626262628,2525.2525252525256,8838.38383838384,6313.1313131313145,1262.6262626262628,0.0,5050.505050505051,5050.505050505051,16414.141414141417,20202.020202020205,88383.8383838384,119949.49494949497,204545.4545454546,238636.36363636368,351010.1010101011,453282.8282828283,561868.6868686869,540404.0404040405,553030.3030303031,571969.696969697,595959.5959595961,486111.1111111112,454545.4545454546,327020.20202020206,159090.90909090912,82070.70707070708,65656.56565656567,61868.68686868688,44191.9191919192,41666.66666666667,37878.78787878789,35353.53535353536,27777.77777777778,27777.77777777778,23989.898989898993,30303.030303030308,27777.77777777778,23989.898989898993,15151.515151515154,31565.65656565657,34090.909090909096,36616.16161616162,46717.171717171725,29040.404040404046,58080.80808080809,51767.67676767678,74494.94949494951,70707.07070707071,145202.0202020202,244949.49494949498,433080.80808080814,503787.87878787884,527777.7777777779,517676.7676767678,565656.5656565657,422979.79797979805,433080.80808080814,515151.51515151525,484848.4848484849,505050.5050505051,517676.7676767678,500000.00000000006,529040.4040404041,474747.47474747483,460858.58585858595,445707.07070707076,478535.3535353536,464646.46464646474,392676.7676767677,453282.8282828283,473484.84848484857,493686.86868686875,425505.0505050506,396464.6464646465,549242.4242424243,549242.4242424243,525252.5252525253,561868.6868686869,527777.7777777779,491161.6161616162,454545.4545454546,353535.3535353536,157828.28282828286,98484.8484848485,40404.04040404041,20202.020202020205,7575.757575757577,7575.757575757577,5050.505050505051,2525.2525252525256,3787.8787878787884,3787.8787878787884,0.0,5050.505050505051,7575.757575757577,2525.2525252525256,2525.2525252525256,2525.2525252525256,1262.6262626262628,3787.8787878787884,2525.2525252525256,1262.6262626262628,3787.8787878787884,1262.6262626262628,3787.8787878787884,2525.2525252525256,1262.6262626262628,6313.1313131313145,3787.8787878787884,1262.6262626262628,1262.6262626262628,3787.8787878787884,3787.8787878787884,3787.8787878787884,5050.505050505051,0.0,3787.8787878787884
5050.505050505051,5050.505050505051,2525.2525252525256,3787.8787878787884,1262.6262626262628,2525.2525252525256,2525.2525252525256,6313.1313131313145,2525.2525252525256,2525.2525252525256,3787.8787878787884,2525.2525252525256,2525.2525252525256,3787.8787878787884,6313.1313131313145,1262.6262626262628,3787.8787878787884,6313.1313131313145,22727.27272727273,65656.56565656567,63131.31313131314,200757.57575757577,271464.6464646465,247474.7474747475,324494.94949494954,412878.78787878796,436868.6868686869,430555.5555555556,503787.87878787884,573232.3232323233,537878.787878788,498737.3737373738,386363.6363636364,203282.82828282833,85858.58585858587,59343.434343434354,36616.16161616162,26515.15151515152,37878.78787878789,20202.020202020205,17676.76767676768,31565.65656565657,20202.020202020205,21464.646464646466,18939.393939393944,23989.898989898993,31565.65656565657,22727.27272727273,15151.515151515154,20202.020202020205,17676.76767676768,27777.77777777778,31565.65656565657,10101.010101010103,30303.030303030308,29040.404040404046,34090.909090909096,39141.41414141415,41666.66666666667,71969.69696969698,114898.98989898992,190656.56565656568,383838.3838383839,526515.1515151516,493686.86868686875,550505.0505050506,506313.13131313137,452020.20202020206,458333.33333333343,489898.98989898997,489898.98989898997,487373.73737373744,460858.58585858595,486111.1111111112,474747.47474747483,500000.00000000006,479797.9797979799,406565.65656565665,513888.888888889,407828.2828282829,441919.191919192,503787.87878787884,502525.2525252526,402777.7777777778,449494.94949494954,579545.4545454546,525252.5252525253,542929.292929293,512626.26262626273,497474.74747474754,415404.0404040405,415404.0404040405,275252.5252525253,130050.50505050507,64393.93939393941,18939.393939393944,13888.88888888889,3787.8787878787884,1262.6262626262628,0.0,3787.8787878787884,1262.6262626262628,2525.2525252525256,2525.2525252525256,2525.2525252525256,7575.757575757577,1262.6262626262628,1262.6262626262628,7575.757575757577,1262.6262626262628,0.0,5050.505050505051,1262.6262626262628,5050.505050505051,5050.505050505051,6313.1313131313145,2525.2525252525256,2525.2525252525256,5050.505050505051,0.0,3787.8787878787884,2525.2525252525256,6313.1313131313145,3787.8787878787884,2525.2525252525256,2525.2525252525256,1262.6262626262628,0.0
3787.8787878787884,0.0,6313.1313131313145,5050.505050505051,2525.2525252525256,1262.6262626262628,5050.505050505051,5050.505050505051,3787.8787878787884,2525.2525252525256,2525.2525252525256,1262.6262626262628,6313.1313131313145,2525.2525252525256,7575.757575757577,3787.8787878787884,22727.27272727273,15151.515151515154,13888.88888888889,83333.33333333334,195707.07070707073,315656.5656565657,253787.8787878788,239898.98989898994,369949.494949495,387626.2626262627,458333.33333333343,477272.72727272735,508838.3838383839,448232.3232323233,372474.74747474754,199494.9494949495,121212.12121212123,51767.67676767678,34090.909090909096,27777.77777777778,25252.525252525258,20202.020202020205,17676.76767676768,12626.262626262629,8838.38383838384,25252.525252525258,20202.020202020205,12626.262626262629,21464.646464646466,11363.636363636366,10101.010101010103,20202.020202020205,13888.88888888889,15151.515151515154,26515.15151515152,21464.646464646466,15151.515151515154,22727.27272727273,18939.393939393944,30303.030303030308,15151.515151515154,25252.525252525258,23989.898989898993,29040.404040404046,53030.30303030304,108585.8585858586,188131.31313131316,351010.1010101011,469696.9696969698,506313.13131313137,387626.2626262627,371212.1212121213,421717.1717171718,467171.71717171726,568181.8181818182,503787.87878787884,494949.494949495,481060.60606060614,488636.3636363637,463383.8383838385,531565.6565656567,493686.86868686875,496212.1212121213,410353.53535353544,493686.86868686875,507575.7575757576,494949.494949495,398989.898989899,439393.93939393945,529040.4040404041,493686.86868686875,502525.2525252526,532828.2828282829,454545.4545454546,435606.06060606067,316919.191919192,161616.16161616164,53030.30303030304,35353.53535353536,15151.515151515154,6313.1313131313145,3787.8787878787884,6313.1313131313145,2525.2525252525256,3787.8787878787884,5050.505050505051,7575.757575757577,3787.8787878787884,5050.505050505051,2525.2525252525256,1262.6262626262628,1262.6262626262628,3787.8787878787884,0.0,2525.2525252525256,5050.505050505051,2525.2525252525256,3787.8787878787884,1262.6262626262628,3787.8787878787884,3787.8787878787884,3787.8787878787884,1262.6262626262628,2525.2525252525256,3787.8787878787884,5050.505050505051,3787.8787878787884,2525.2525252525256,5050.505050505051,6313.1313131313145,2525.2525252525256,2525.2525252525256
2525.2525252525256,3787.8787878787884,1262.6262626262628,0.0,2525.2525252525256,2525.2525252525256,1262.6262626262628,1262.6262626262628,2525.2525252525256,2525.2525252525256,0.0,2525.2525252525256,3787.8787878787884,6313.1313131313145,3787.8787878787884,16414.141414141417,21464.646464646466,5050.505050505051,10101.010101010103,151515.15151515155,311868.6868686869,262626.2626262627,270202.02020202024,337121.21212121216,339646.4646464647,295454.54545454547,292929.29292929295,332070.7070707071,316919.191919192,196969.696969697,145202.0202020202,79545.45454545456,65656.56565656567,30303.030303030308,30303.030303030308,13888.88888888889,12626.262626262629,13888.88888888889,6313.1313131313145,7575.757575757577,7575.757575757577,20202.020202020205,11363.636363636366,18939.393939393944,20202.020202020205,16414.141414141417,13888.88888888889,21464.646464646466,20202.020202020205,12626.262626262629,17676.76767676768,10101.010101010103,11363.636363636366,11363.636363636366,17676.76767676768,15151.515151515154,23989.898989898993,21464.646464646466,37878.78787878789,23989.898989898993,41666.66666666667,50505.050505050516,116161.61616161618,218434.34343434346,382575.7575757576,410353.53535353544,287878.7878787879,303030.3030303031,400252.5252525253,537878.787878788,545454.5454545455,470959.59595959604,497474.74747474754,486111.1111111112,515151.51515151525,497474.74747474754,525252.5252525253,503787.87878787884,448232.3232323233,443181.81818181823,454545.4545454546,468434.3434343435,463383.8383838385,487373.73737373744,460858.58585858595,496212.1212121213,553030.3030303031,512626.26262626273,520202.0202020203,412878.78787878796,330808.08080808085,228535.35353535356,95959.59595959597,36616.16161616162,11363.636363636366,3787.8787878787884,1262.6262626262628,3787.8787878787884,7575.757575757577,10101.010101010103,3787.8787878787884,6313.1313131313145,6313.1313131313145,2525.2525252525256,1262.6262626262628,0.0,2525.2525252525256,5050.505050505051,3787.8787878787884,2525.2525252525256,1262.6262626262628,6313.1313131313145,2525.2525252525256,3787.8787878787884,6313.1313131313145,0.0,6313.1313131313145,2525.2525252525256,2525.2525252525256,5050.505050505051,2525.2525252525256,3787.8787878787884,2525.2525252525256,3787.8787878787884,3787.8787878787884,3787.8787878787884,3787.8787878787884,2525.2525252525256
0.0,5050.505050505051,3787.8787878787884,1262.6262626262628,3787.8787878787884,6313.1313131313145,1262.6262626262628,2525.2525252525256,1262.6262626262628,1262.6262626262628,0.0,6313.1313131313145,2525.2525252525256,2525.2525252525256,13888.88888888889,7575.757575757577,6313.1313131313145,8838.38383838384,73232.32323232324,213383.83838383842,272727.27272727276,212121.21212121216,222222.22222222225,218434.34343434346,210858.5858585859,207070.7070707071,179292.92929292933,148989.89898989903,127525.25252525254,88383.8383838384,55555.55555555556,58080.80808080809,27777.77777777778,27777.77777777778,30303.030303030308,21464.646464646466,20202.020202020205,12626.262626262629,18939.393939393944,12626.262626262629,6313.1313131313145,21464.646464646466,13888.88888888889,22727.27272727273,15151.515151515154,13888.88888888889,12626.262626262629,8838.38383838384,11363.636363636366,12626.262626262629,15151.515151515154,13888.88888888889,13888.88888888889,18939.393939393944,16414.141414141417,16414.141414141417,13888.88888888889,17676.76767676768,21464.646464646466,20202.020202020205,21464.646464646466,39141.41414141415,70707.07070707071,118686.86868686871,244949.49494949498,449494.94949494954,369949.494949495,299242.4242424243,419191.91919191927,526515.1515151516,515151.51515151525,520202.0202020203,518939.39393939404,502525.2525252526,503787.87878787884,547979.797979798,505050.5050505051,531565.6565656567,507575.7575757576,478535.3535353536,487373.73737373744,434343.4343434344,482323.2323232324,469696.9696969698,468434.3434343435,570707.0707070708,478535.3535353536,491161.6161616162,439393.93939393945,396464.6464646465,248737.37373737377,141414.14141414143,70707.07070707071,10101.010101010103,6313.1313131313145,3787.8787878787884,2525.2525252525256,0.0,2525.2525252525256,3787.8787878787884,0.0,2525.2525252525256,2525.2525252525256,1262.6262626262628,3787.8787878787884,3787.8787878787884,3787.8787878787884,1262.6262626262628,0.0,2525.2525252525256,1262.6262626262628,3787.8787878787884,3787.8787878787884,7575.757575757577,0.0,6313.1313131313145,1262.6262626262628,3787.8787878787884,2525.2525252525256,5050.505050505051,1262.6262626262628,5050.505050505051,1262.6262626262628,3787.8787878787884,3787.8787878787884,1262.6262626262628,1262.6262626262628,3787.8787878787884
2525.2525252525256,3787.8787878787884,1262.6262626262628,1262.6262626262628,3787.8787878787884,16414.141414141417,1262.6262626262628,0.0,1262.6262626262628,2525.2525252525256,8838.38383838384,6313.1313131313145,3787.8787878787884,7575.757575757577,11363.636363636366,5050.505050505051,3787.8787878787884,21464.646464646466,166666.6666666667,175505.05050505055,239898.98989898994,222222.22222222225,236111.11111111115,167929.29292929295,122474.74747474749,75757.57575757577,85858.58585858587,87121.21212121213,54292.9292929293,35353.53535353536,47979.797979797986,25252.525252525258,29040.404040404046,15151.515151515154,17676.76767676768,15151.515151515154,20202.020202020205,17676.76767676768,18939.393939393944,13888.88888888889,17676.76767676768,15151.515151515154,5050.505050505051,20202.020202020205,10101.010101010103,13888.88888888889,10101.010101010103,8838.38383838384,15151.515151515154,3787.8787878787884,16414.141414141417,20202.020202020205,17676.76767676768,12626.262626262629,15151.515151515154,13888.88888888889,15151.515151515154,13888.88888888889,25252.525252525258,17676.76767676768,26515.15151515152,31565.65656565657,36616.16161616162,84595.9595959596,170454.54545454547,354797.9797979799,448232.3232323233,498737.3737373738,518939.39393939404,584595.9595959596,563131.3131313132,537878.787878788,534090.9090909092,577020.2020202021,544191.9191919193,481060.60606060614,484848.4848484849,537878.787878788,445707.07070707076,387626.2626262627,385101.01010101015,449494.94949494954,515151.51515151525,489898.98989898997,482323.2323232324,532828.2828282829,506313.13131313137,500000.00000000006,436868.6868686869,311868.6868686869,164141.41414141416,61868.68686868688,26515.15151515152,8838.38383838384,6313.1313131313145,7575.757575757577,6313.1313131313145,3787.8787878787884,1262.6262626262628,1262.6262626262628,0.0,2525.2525252525256,1262.6262626262628,1262.6262626262628,2525.2525252525256,3787.8787878787884,3787.8787878787884,2525.2525252525256,1262.6262626262628,1262.6262626262628,5050.505050505051,2525.2525252525256,6313.1313131313145,3787.8787878787884,3787.8787878787884,0.0,1262.6262626262628,1262.6262626262628,5050.505050505051,5050.505050505051,1262.6262626262628,0.0,3787.8787878787884,5050.505050505051,1262.6262626262628,2525.2525252525256,2525.2525252525256,6313.1313131313145
0.0,1262.6262626262628,3787.8787878787884,2525.2525252525256,3787.8787878787884,2525.2525252525256,5050.505050505051,1262.6262626262628,5050.505050505051,0.0,5050.505050505051,1262.6262626262628,2525.2525252525256,2525.2525252525256,7575.757575757577,5050.505050505051,21464.646464646466,121212.12121212123,142676.7676767677,202020.20202020206,214646.46464646468,199494.9494949495,170454.54545454547,102272.7272727273,89646.46464646466,68181.81818181819,55555.55555555556,50505.050505050516,27777.77777777778,42929.29292929293,27777.77777777778,22727.27272727273,30303.030303030308,27777.77777777778,15151.515151515154,27777.77777777778,21464.646464646466,17676.76767676768,13888.88888888889,6313.1313131313145,17676.76767676768,15151.515151515154,12626.262626262629,22727.27272727273,13888.88888888889,20202.020202020205,6313.1313131313145,16414.141414141417,13888.88888888889,12626.262626262629,15151.515151515154,10101.010101010103,11363.636363636366,10101.010101010103,15151.515151515154,13888.88888888889,26515.15151515152,12626.262626262629,23989.898989898993,5050.505050505051,20202.020202020205,18939.393939393944,35353.53535353536,36616.16161616162,79545.45454545456,214646.46464646468,416666.66666666674,556818.1818181819,590909.0909090909,547979.797979798,521464.64646464656,565656.5656565657,549242.4242424243,507575.7575757576,527777.7777777779,507575.7575757576,560606.0606060607,488636.3636363637,395202.02020202024,459595.9595959597,392676.7676767677,498737.3737373738,516414.1414141415,465909.090909091,492424.2424242425,529040.4040404041,515151.51515151525,486111.1111111112,405303.0303030304,243686.86868686872,141414.14141414143,51767.67676767678,8838.38383838384,3787.8787878787884,3787.8787878787884,1262.6262626262628,5050.505050505051,6313.1313131313145,5050.505050505051,2525.2525252525256,5050.505050505051,5050.505050505051,1262.6262626262628,1262.6262626262628,3787.8787878787884,2525.2525252525256,0.0,1262.6262626262628,2525.2525252525256,3787.8787878787884,0.0,3787.8787878787884,0.0,7575.757575757577,0.0,1262.6262626262628,0.0,2525.2525252525256,2525.2525252525256,2525.2525252525256,2525.2525252525256,6313.1313131313145,5050.505050505051,2525.2525252525256,1262.6262626262628,0.0,1262.6262626262628,0.0
1262.6262626262628,2525.2525252525256,6313.1313131313145,2525.2525252525256,2525.2525252525256,2525.2525252525256,2525.2525252525256,6313.1313131313145,3787.8787878787884,3787.8787878787884,0.0,3787.8787878787884,1262.6262626262628,5050.505050505051,3787.8787878787884,16414.141414141417,55555.55555555556,176767.6767676768,200757.57575757577,234848.4848484849,196969.696969697,193181.8181818182,116161.61616161618,80808.08080808082,56818.18181818182,54292.9292929293,53030.30303030304,26515.15151515152,32828.282828282834,29040.404040404046,27777.77777777778,22727.27272727273,23989.898989898993,21464.646464646466,15151.515151515154,15151.515151515154,13888.88888888889,12626.262626262629,5050.505050505051,12626.262626262629,7575.757575757577,13888.88888888889,15151.515151515154,11363.636363636366,16414.141414141417,7575.757575757577,6313.1313131313145,8838.38383838384,7575.757575757577,10101.010101010103,2525.2525252525256,8838.38383838384,8838.38383838384,11363.636363636366,8838.38383838384,8838.38383838384,13888.88888888889,15151.515151515154,18939.393939393944,15151.515151515154,13888.88888888889,15151.515151515154,32828.282828282834,30303.030303030308,53030.30303030304,123737.37373737375,320707.07070707076,540404.0404040405,594696.9696969698,565656.5656565657,508838.3838383839,521464.64646464656,523989.8989898991,478535.3535353536,459595.9595959597,515151.51515151525,556818.1818181819,578282.8282828283,458333.33333333343,532828.2828282829,454545.4545454546,493686.86868686875,487373.73737373744,479797.9797979799,517676.7676767678,484848.4848484849,468434.3434343435,460858.58585858595,362373.73737373744,261363.6363636364,108585.8585858586,44191.9191919192,11363.636363636366,2525.2525252525256,5050.505050505051,1262.6262626262628,6313.1313131313145,0.0,5050.505050505051,2525.2525252525256,2525.2525252525256,6313.1313131313145,3787.8787878787884,0.0,3787.8787878787884,3787.8787878787884,1262.6262626262628,3787.8787878787884,3787.8787878787884,2525.2525252525256,1262.6262626262628,2525.2525252525256,2525.2525252525256,2525.2525252525256,2525.2525252525256,2525.2525252525256,1262.6262626262628,3787.8787878787884,0.0,3787.8787878787884,0.0,2525.2525252525256,1262.6262626262628,6313.1313131313145,2525.2525252525256,6313.1313131313145,1262.6262626262628,2525.2525252525256
6313.1313131313145,2525.2525252525256,1262.6262626262628,6313.1313131313145,0.0,3787.8787878787884,1262.6262626262628,3787.8787878787884,5050.505050505051,3787.8787878787884,0.0,0.0,3787.8787878787884,1262.6262626262628,11363.636363636366,41666.66666666667,122474.74747474749,175505.05050505055,112373.73737373739,145202.0202020202,184343.43434343438,135101.01010101012,102272.7272727273,61868.68686868688,56818.18181818182,51767.67676767678,32828.282828282834,36616.16161616162,22727.27272727273,45454.54545454546,20202.020202020205,29040.404040404046,26515.15151515152,23989.898989898993,11363.636363636366,16414.141414141417,15151.515151515154,17676.76767676768,10101.010101010103,12626.262626262629,8838.38383838384,11363.636363636366,21464.646464646466,11363.636363636366,18939.393939393944,12626.262626262629,7575.757575757577,12626.262626262629,12626.262626262629,11363.636363636366,6313.1313131313145,13888.88888888889,12626.262626262629,6313.1313131313145,16414.141414141417,10101.010101010103,23989.898989898993,11363.636363636366,13888.88888888889,8838.38383838384,16414.141414141417,16414.141414141417,13888.88888888889,23989.898989898993,46717.171717171725,73232.32323232324,212121.21212121216,479797.9797979799,497474.74747474754,530303.0303030304,546717.1717171718,570707.0707070708,532828.2828282829,507575.7575757576,459595.9595959597,454545.4545454546,494949.494949495,539141.4141414142,483585.85858585866,455808.08080808085,537878.787878788,506313.13131313137,482323.2323232324,536616.1616161617,474747.47474747483,500000.00000000006,484848.4848484849,414141.4141414142,295454.54545454547,145202.0202020202,85858.58585858587,34090.909090909096,5050.505050505051,1262.6262626262628,6313.1313131313145,2525.2525252525256,1262.6262626262628,2525.2525252525256,1262.6262626262628,1262.6262626262628,0.0,3787.8787878787884,2525.2525252525256,7575.757575757577,5050.505050505051,1262.6262626262628,2525.2525252525256,0.0,1262.6262626262628,1262.6262626262628,6313.1313131313145,1262.6262626262628,7575.757575757577,2525.2525252525256,2525.2525252525256,2525.2525252525256,2525.2525252525256,0.0,2525.2525252525256,1262.6262626262628,2525.2525252525256,2525.2525252525256,2525.2525252525256,2525.2525252525256,2525.2525252525256,1262.6262626262628,3787.8787878787884,1262.6262626262628
3787.8787878787884,3787.8787878787884,1262.6262626262628,0.0,5050.505050505051,1262.6262626262628,0.0,0.0,2525.2525252525256,7575.757575757577,1262.6262626262628,2525.2525252525256,5050.505050505051,5050.505050505051,20202.020202020205,40404.04040404041,178030.30303030307,157828.28282828286,123737.37373737375,131313.13131313134,133838.38383838386,116161.61616161618,73232.32323232324,54292.9292929293,30303.030303030308,54292.9292929293,36616.16161616162,30303.030303030308,16414.141414141417,29040.404040404046,20202.020202020205,25252.525252525258,18939.393939393944,18939.393939393944,22727.27272727273,7575.757575757577,15151.515151515154,15151.515151515154,8838.38383838384,8838.38383838384,10101.010101010103,16414.141414141417,7575.757575757577,16414.141414141417,11363.636363636366,11363.636363636366,10101.010101010103,13888.88888888889,10101.010101010103,5050.505050505051,10101.010101010103,13888.88888888889,20202.020202020205,12626.262626262629,10101.010101010103,8838.38383838384,8838.38383838384,12626.262626262629,15151.515151515154,8838.38383838384,10101.010101010103,12626.262626262629,8838.38383838384,21464.646464646466,31565.65656565657,49242.42424242425,166666.6666666667,420454.5454545455,525252.5252525253,563131.3131313132,551767.6767676768,516414.1414141415,551767.6767676768,541666.6666666667,450757.5757575758,481060.60606060614,516414.1414141415,527777.7777777779,501262.6262626263,522727.2727272728,551767.6767676768,522727.2727272728,535353.5353535354,492424.2424242425,494949.494949495,478535.3535353536,420454.5454545455,351010.1010101011,212121.21212121216,136363.63636363638,78282.8282828283,36616.16161616162,2525.2525252525256,2525.2525252525256,3787.8787878787884,5050.505050505051,2525.2525252525256,1262.6262626262628,0.0,5050.505050505051,1262.6262626262628,5050.505050505051,3787.8787878787884,3787.8787878787884,2525.2525252525256,2525.2525252525256,2525.2525252525256,5050.505050505051,1262.6262626262628,1262.6262626262628,6313.1313131313145,3787.8787878787884,5050.505050505051,0.0,3787.8787878787884,1262.6262626262628,5050.505050505051,5050.505050505051,0.0,1262.6262626262628,2525.2525252525256,1262.6262626262628,2525.2525252525256,2525.2525252525256,1262.6262626262628,0.0,1262.6262626262628,2525.2525252525256
0.0,2525.2525252525256,1262.6262626262628,2525.2525252525256,2525.2525252525256,2525.2525252525256,1262.6262626262628,2525.2525252525256,0.0,0.0,12626.262626262629,3787.8787878787884,5050.505050505051,3787.8787878787884,3787.8787878787884,50505.050505050516,180555.5555555556,200757.57575757577,111111.11111111112,94696.96969696971,133838.38383838386,116161.61616161618,79545.45454545456,44191.9191919192,42929.29292929293,35353.53535353536,26515.15151515152,25252.525252525258,26515.15151515152,16414.141414141417,11363.636363636366,20202.020202020205,16414.141414141417,15151.515151515154,10101.010101010103,18939.393939393944,12626.262626262629,10101.010101010103,15151.515151515154,13888.88888888889,10101.010101010103,17676.76767676768,10101.010101010103,11363.636363636366,5050.505050505051,7575.757575757577,16414.141414141417,12626.262626262629,18939.393939393944,13888.88888888889,10101.010101010103,7575.757575757577,8838.38383838384,11363.636363636366,11363.636363636366,12626.262626262629,10101.010101010103,6313.1313131313145,18939.393939393944,8838.38383838384,13888.88888888889,11363.636363636366,8838.38383838384,22727.27272727273,31565.65656565657,44191.9191919192,101010.10101010103,323232.3232323233,503787.87878787884,531565.6565656567,530303.0303030304,520202.0202020203,493686.86868686875,525252.5252525253,473484.84848484857,493686.86868686875,487373.73737373744,457070.7070707071,501262.6262626263,477272.72727272735,532828.2828282829,503787.87878787884,492424.2424242425,496212.1212121213,511363.6363636364,454545.4545454546,383838.3838383839,258838.3838383839,154040.40404040407,71969.69696969698,25252.525252525258,10101.010101010103,2525.2525252525256,3787.8787878787884,6313.1313131313145,5050.505050505051,2525.2525252525256,1262.6262626262628,5050.505050505051,1262.6262626262628,3787.8787878787884,2525.2525252525256,1262.6262626262628,1262.6262626262628,1262.6262626262628,2525.2525252525256,1262.6262626262628,0.0,3787.8787878787884,1262.6262626262628,2525.2525252525256,5050.505050505051,1262.6262626262628,2525.2525252525256,2525.2525252525256,5050.505050505051,1262.6262626262628,2525.2525252525256,3787.8787878787884,2525.2525252525256,0.0,3787.8787878787884,3787.8787878787884,1262.6262626262628,1262.6262626262628,2525.2525252525256,3787.8787878787884,1262.6262626262628
0.0,0.0,2525.2525252525256,0.0,0.0,0.0,0.0,1262.6262626262628,3787.8787878787884,8838.38383838384,10101.010101010103,20202.020202020205,16414.141414141417,10101.010101010103,46717.171717171725,152777.7777777778,234848.4848484849,145202.0202020202,98484.8484848485,77020.20202020204,94696.96969696971,98484.8484848485,59343.434343434354,32828.282828282834,30303.030303030308,35353.53535353536,29040.404040404046,26515.15151515152,26515.15151515152,15151.515151515154,11363.636363636366,17676.76767676768,18939.393939393944,23989.898989898993,10101.010101010103,18939.393939393944,12626.262626262629,15151.515151515154,3787.8787878787884,5050.505050505051,6313.1313131313145,11363.636363636366,6313.1313131313145,10101.010101010103,6313.1313131313145,12626.262626262629,7575.757575757577,5050.505050505051,17676.76767676768,10101.010101010103,3787.8787878787884,10101.010101010103,11363.636363636366,12626.262626262629,3787.8787878787884,16414.141414141417,8838.38383838384,10101.010101010103,13888.88888888889,10101.010101010103,11363.636363636366,8838.38383838384,15151.515151515154,15151.515151515154,10101.010101010103,34090.909090909096,79545.45454545456,243686.86868686872,526515.1515151516,493686.86868686875,541666.6666666667,463383.8383838385,438131.3131313132,402777.7777777778,498737.3737373738,566919.191919192,496212.1212121213,554292.9292929294,530303.0303030304,496212.1212121213,518939.39393939404,513888.888888889,439393.93939393945,452020.20202020206,457070.7070707071,446969.696969697,420454.5454545455,227272.7272727273,90909.09090909093,36616.16161616162,20202.020202020205,7575.757575757577,5050.505050505051,1262.6262626262628,3787.8787878787884,2525.2525252525256,2525.2525252525256,2525.2525252525256,1262.6262626262628,2525.2525252525256,1262.6262626262628,0.0,1262.6262626262628,5050.505050505051,1262.6262626262628,3787.8787878787884,5050.505050505051,1262.6262626262628,3787.8787878787884,2525.2525252525256,1262.6262626262628,6313.1313131313145,5050.505050505051,5050.505050505051,3787.8787878787884,0.0,1262.6262626262628,0.0,1262.6262626262628,0.0,2525.2525252525256,1262.6262626262628,1262.6262626262628,6313.1313131313145,1262.6262626262628,1262.6262626262628,1262.6262626262628,2525.2525252525256
5050.505050505051,5050.505050505051,0.0,2525.2525252525256,0.0,2525.2525252525256,1262.6262626262628,1262.6262626262628,1262.6262626262628,7575.757575757577,8838.38383838384,8838.38383838384,20202.020202020205,41666.66666666667,132575.7575757576,166666.6666666667,174242.42424242425,119949.49494949497,93434.34343434345,98484.8484848485,78282.8282828283,101010.10101010103,46717.171717171725,30303.030303030308,22727.27272727273,17676.76767676768,40404.04040404041,20202.020202020205,11363.636363636366,17676.76767676768,10101.010101010103,10101.010101010103,13888.88888888889,16414.141414141417,6313.1313131313145,10101.010101010103,10101.010101010103,11363.636363636366,11363.636363636366,3787.8787878787884,7575.757575757577,2525.2525252525256,6313.1313131313145,11363.636363636366,10101.010101010103,13888.88888888889,11363.636363636366,6313.1313131313145,8838.38383838384,8838.38383838384,6313.1313131313145,6313.1313131313145,8838.38383838384,11363.636363636366,8838.38383838384,15151.515151515154,13888.88888888889,5050.505050505051,12626.262626262629,10101.010101010103,20202.020202020205,10101.010101010103,12626.262626262629,16414.141414141417,12626.262626262629,35353.53535353536,60606.060606060615,205808.08080808085,503787.87878787884,530303.0303030304,527777.7777777779,506313.13131313137,419191.91919191927,492424.2424242425,529040.4040404041,488636.3636363637,452020.20202020206,497474.74747474754,455808.08080808085,489898.98989898997,487373.73737373744,477272.72727272735,397727.27272727276,415404.0404040405,428030.3030303031,367424.2424242425,252525.25252525255,130050.50505050507,41666.66666666667,17676.76767676768,8838.38383838384,5050.505050505051,3787.8787878787884,2525.2525252525256,2525.2525252525256,2525.2525252525256,0.0,2525.2525252525256,3787.8787878787884,6313.1313131313145,2525.2525252525256,3787.8787878787884,1262.6262626262628,5050.505050505051,3787.8787878787884,0.0,1262.6262626262628,2525.2525252525256,1262.6262626262628,2525.2525252525256,2525.2525252525256,1262.6262626262628,1262.6262626262628,3787.8787878787884,0.0,0.0,6313.1313131313145,2525.2525252525256,2525.2525252525256,0.0,1262.6262626262628,5050.505050505051,2525.2525252525256,2525.2525252525256,0.0,5050.505050505051,2525.2525252525256,3787.8787878787884
2525.2525252525256,3787.8787878787884,0.0,3787.8787878787884,0.0,0.0,1262.6262626262628,2525.2525252525256,3787.8787878787884,12626.262626262629,20202.020202020205,2525.2525252525256,7575.757575757577,17676.76767676768,183080.8080808081,156565.6565656566,140151.51515151517,117424.24242424245,79545.45454545456,82070.70707070708,60606.060606060615,32828.282828282834,31565.65656565657,37878.78787878789,20202.020202020205,25252.525252525258,20202.020202020205,13888.88888888889,11363.636363636366,17676.76767676768,16414.141414141417,10101.010101010103,11363.636363636366,16414.141414141417,8838.38383838384,11363.636363636366,12626.262626262629,10101.010101010103,8838.38383838384,16414.141414141417,12626.262626262629,2525.2525252525256,8838.38383838384,10101.010101010103,8838.38383838384,6313.1313131313145,3787.8787878787884,16414.141414141417,6313.1313131313145,6313.1313131313145,5050.505050505051,7575.757575757577,8838.38383838384,8838.38383838384,8838.38383838384,10101.010101010103,11363.636363636366,13888.88888888889,7575.757575757577,11363.636363636366,15151.515151515154,12626.262626262629,16414.141414141417,17676.76767676768,23989.898989898993,37878.78787878789,45454.54545454546,136363.63636363638,333333.3333333334,488636.3636363637,527777.7777777779,438131.3131313132,460858.58585858595,494949.494949495,520202.0202020203,508838.3838383839,540404.0404040405,545454.5454545455,503787.87878787884,512626.26262626273,465909.090909091,503787.87878787884,478535.3535353536,438131.3131313132,412878.78787878796,348484.8484848485,231060.6060606061,94696.96969696971,50505.050505050516,15151.515151515154,8838.38383838384,8838.38383838384,1262.6262626262628,1262.6262626262628,2525.2525252525256,1262.6262626262628,2525.2525252525256,0.0,1262.6262626262628,2525.2525252525256,1262.6262626262628,2525.2525252525256,2525.2525252525256,3787.8787878787884,1262.6262626262628,1262.6262626262628,2525.2525252525256,1262.6262626262628,1262.6262626262628,1262.6262626262628,1262.6262626262628,0.0,5050.505050505051,5050.505050505051,0.0,2525.2525252525256,1262.6262626262628,3787.8787878787884,1262.6262626262628,2525.2525252525256,1262.6262626262628,0.0,2525.2525252525256,1262.6262626262628,2525.2525252525256,3787.8787878787884,2525.2525252525256,2525.2525252525256
2525.2525252525256,1262.6262626262628,3787.8787878787884,1262.6262626262628,2525.2525252525256,2525.2525252525256,5050.505050505051,2525.2525252525256,0.0,7575.757575757577,46717.171717171725,84595.9595959596,70707.07070707071,140151.51515151517,232323.23232323237,195707.07070707073,135101.01010101012,80808.08080808082,75757.57575757577,77020.20202020204,40404.04040404041,34090.909090909096,21464.646464646466,22727.27272727273,25252.525252525258,21464.646464646466,16414.141414141417,18939.393939393944,15151.515151515154,15151.515151515154,15151.515151515154,11363.636363636366,7575.757575757577,16414.141414141417,17676.76767676768,15151.515151515154,8838.38383838384,11363.636363636366,8838.38383838384,17676.76767676768,17676.76767676768,3787.8787878787884,21464.646464646466,6313.1313131313145,7575.757575757577,6313.1313131313145,8838.38383838384,3787.8787878787884,10101.010101010103,8838.38383838384,11363.636363636366,10101.010101010103,13888.88888888889,15151.515151515154,11363.636363636366,8838.38383838384,16414.141414141417,10101.010101010103,17676.76767676768,10101.010101010103,12626.262626262629,16414.141414141417,12626.262626262629,20202.020202020205,21464.646464646466,20202.020202020205,34090.909090909096,85858.58585858587,305555.5555555556,494949.494949495,496212.1212121213,422979.79797979805,496212.1212121213,468434.3434343435,503787.87878787884,526515.1515151516,513888.888888889,507575.7575757576,526515.1515151516,554292.9292929294,513888.888888889,488636.3636363637,479797.9797979799,458333.33333333343,352272.72727272735,306818.1818181819,159090.90909090912,80808.08080808082,29040.404040404046,8838.38383838384,3787.8787878787884,1262.6262626262628,1262.6262626262628,0.0,5050.505050505051,0.0,5050.505050505051,0.0,1262.6262626262628,0.0,3787.8787878787884,2525.2525252525256,1262.6262626262628,1262.6262626262628,3787.8787878787884,2525.2525252525256,3787.8787878787884,2525.2525252525256,5050.505050505051,0.0,0.0,0.0,1262.6262626262628,2525.2525252525256,2525.2525252525256,1262.6262626262628,1262.6262626262628,2525.2525252525256,3787.8787878787884,2525.2525252525256,0.0,1262.6262626262628,3787.8787878787884,1262.6262626262628,1262.6262626262628,1262.6262626262628,3787.8787878787884,2525.2525252525256
2525.2525252525256,0.0,1262.6262626262628,1262.6262626262628,1262.6262626262628,2525.2525252525256,0.0,2525.2525252525256,3787.8787878787884,0.0,12626.262626262629,49242.42424242425,104797.97979797982,150252.5252525253,181818.18181818185,204545.4545454546,117424.24242424245,58080.80808080809,61868.68686868688,34090.909090909096,27777.77777777778,22727.27272727273,25252.525252525258,22727.27272727273,32828.282828282834,23989.898989898993,22727.27272727273,18939.393939393944,21464.646464646466,21464.646464646466,11363.636363636366,12626.262626262629,15151.515151515154,12626.262626262629,18939.393939393944,10101.010101010103,17676.76767676768,16414.141414141417,6313.1313131313145,8838.38383838384,13888.88888888889,7575.757575757577,13888.88888888889,2525.2525252525256,7575.757575757577,6313.1313131313145,3787.8787878787884,7575.757575757577,7575.757575757577,13888.88888888889,20202.020202020205,12626.262626262629,10101.010101010103,7575.757575757577,6313.1313131313145,10101.010101010103,12626.262626262629,10101.010101010103,11363.636363636366,16414.141414141417,10101.010101010103,6313.1313131313145,18939.393939393944,8838.38383838384,23989.898989898993,17676.76767676768,35353.53535353536,59343.434343434354,166666.6666666667,438131.3131313132,463383.8383838385,407828.2828282829,424242.4242424243,507575.7575757576,492424.2424242425,505050.5050505051,492424.2424242425,501262.6262626263,476010.1010101011,502525.2525252526,496212.1212121213,464646.46464646474,454545.4545454546,392676.7676767677,297979.79797979805,176767.6767676768,98484.8484848485,47979.797979797986,13888.88888888889,6313.1313131313145,6313.1313131313145,6313.1313131313145,3787.8787878787884,1262.6262626262628,3787.8787878787884,1262.6262626262628,1262.6262626262628,1262.6262626262628,0.0,2525.2525252525256,3787.8787878787884,2525.2525252525256,3787.8787878787884,1262.6262626262628,0.0,1262.6262626262628,1262.6262626262628,1262.6262626262628,1262.6262626262628,0.0,0.0,1262.6262626262628,0.0,3787.8787878787884,0.0,3787.8787878787884,2525.2525252525256,1262.6262626262628,2525.2525252525256,1262.6262626262628,1262.6262626262628,3787.8787878787884,5050.505050505051,3787.8787878787884,0.0,2525.2525252525256,0.0,1262.6262626262628
3787.8787878787884,2525.2525252525256,2525.2525252525256,0.0,2525.2525252525256,1262.6262626262628,1262.6262626262628,3787.8787878787884,2525.2525252525256,1262.6262626262628,1262.6262626262628,2525.2525252525256,64393.93939393941,94696.96969696971,93434.34343434345,126262.62626262628,92171.71717171719,51767.67676767678,42929.29292929293,32828.282828282834,35353.53535353536,26515.15151515152,23989.898989898993,20202.020202020205,31565.65656565657,23989.898989898993,12626.262626262629,13888.88888888889,21464.646464646466,17676.76767676768,21464.646464646466,8838.38383838384,11363.636363636366,2525.2525252525256,7575.757575757577,17676.76767676768,20202.020202020205,11363.636363636366,8838.38383838384,12626.262626262629,15151.515151515154,8838.38383838384,8838.38383838384,11363.636363636366,11363.636363636366,7575.757575757577,7575.757575757577,3787.8787878787884,10101.010101010103,18939.393939393944,18939.393939393944,5050.505050505051,12626.262626262629,10101.010101010103,5050.505050505051,7575.757575757577,7575.757575757577,8838.38383838384,11363.636363636366,13888.88888888889,11363.636363636366,11363.636363636366,11363.636363636366,10101.010101010103,20202.020202020205,18939.393939393944,22727.27272727273,29040.404040404046,104797.97979797982,311868.6868686869,455808.08080808085,446969.696969697,506313.13131313137,516414.1414141415,462121.2121212122,464646.46464646474,452020.20202020206,486111.1111111112,510101.01010101015,488636.3636363637,478535.3535353536,429292.92929292936,433080.80808080814,420454.5454545455,272727.27272727276,128787.87878787881,71969.69696969698,34090.909090909096,15151.515151515154,6313.1313131313145,1262.6262626262628,5050.505050505051,1262.6262626262628,2525.2525252525256,1262.6262626262628,2525.2525252525256,3787.8787878787884,3787.8787878787884,0.0,1262.6262626262628,5050.505050505051,2525.2525252525256,2525.2525252525256,6313.1313131313145,0.0,3787.8787878787884,1262.6262626262628,0.0,3787.8787878787884,1262.6262626262628,5050.505050505051,2525.2525252525256,1262.6262626262628,0.0,1262.6262626262628,1262.6262626262628,2525.2525252525256,3787.8787878787884,3787.8787878787884,1262.6262626262628,0.0,5050.505050505051,2525.2525252525256,1262.6262626262628,1262.6262626262628,2525.2525252525256,1262.6262626262628,1262.6262626262628
2525.2525252525256,2525.2525252525256,1262.6262626262628,3787.8787878787884,0.0,0.0,0.0,1262.6262626262628,3787.8787878787884,0.0,0.0,5050.505050505051,87121.21212121213,83333.33333333334,78282.8282828283,114898.98989898992,65656.56565656567,53030.30303030304,37878.78787878789,47979.797979797986,32828.282828282834,34090.909090909096,26515.15151515152,25252.525252525258,22727.27272727273,12626.262626262629,13888.88888888889,21464.646464646466,20202.020202020205,17676.76767676768,21464.646464646466,15151.515151515154,11363.636363636366,17676.76767676768,17676.76767676768,10101.010101010103,8838.38383838384,12626.262626262629,8838.38383838384,13888.88888888889,11363.636363636366,10101.010101010103,5050.505050505051,11363.636363636366,8838.38383838384,10101.010101010103,5050.505050505051,10101.010101010103,10101.010101010103,8838.38383838384,7575.757575757577,12626.262626262629,13888.88888888889,13888.88888888889,15151.515151515154,11363.636363636366,12626.262626262629,8838.38383838384,12626.262626262629,18939.393939393944,20202.020202020205,15151.515151515154,12626.262626262629,7575.757575757577,15151.515151515154,18939.393939393944,20202.020202020205,41666.66666666667,71969.69696969698,227272.7272727273,364898.98989898997,493686.86868686875,501262.6262626263,518939.39393939404,483585.85858585866,486111.1111111112,468434.3434343435,494949.494949495,476010.1010101011,506313.13131313137,488636.3636363637,445707.07070707076,445707.07070707076,367424.2424242425,205808.08080808085,113636.36363636365,50505.050505050516,23989.898989898993,8838.38383838384,5050.505050505051,1262.6262626262628,2525.2525252525256,5050.505050505051,3787.8787878787884,2525.2525252525256,1262.6262626262628,3787.8787878787884,2525.2525252525256,5050.505050505051,2525.2525252525256,0.0,0.0,2525.2525252525256,2525.2525252525256,2525.2525252525256,1262.6262626262628,2525.2525252525256,5050.505050505051,2525.2525252525256,0.0,2525.2525252525256,0.0,1262.6262626262628,3787.8787878787884,0.0,2525.2525252525256,1262.6262626262628,3787.8787878787884,1262.6262626262628,7575.757575757577,1262.6262626262628,0.0,2525.2525252525256,6313.1313131313145,2525.2525252525256,0.0,1262.6262626262628,0.0
0.0,3787.8787878787884,0.0,5050.505050505051,0.0,2525.2525252525256,1262.6262626262628,0.0,1262.6262626262628,1262.6262626262628,5050.505050505051,23989.898989898993,95959.59595959597,80808.08080808082,102272.7272727273,126262.62626262628,79545.45454545456,47979.797979797986,46717.171717171725,31565.65656565657,45454.54545454546,25252.525252525258,29040.404040404046,15151.515151515154,21464.646464646466,15151.515151515154,10101.010101010103,10101.010101010103,11363.636363636366,11363.636363636366,6313.1313131313145,8838.38383838384,10101.010101010103,8838.38383838384,17676.76767676768,10101.010101010103,20202.020202020205,8838.38383838384,12626.262626262629,12626.262626262629,8838.38383838384,7575.757575757577,12626.262626262629,8838.38383838384,11363.636363636366,7575.757575757577,7575.757575757577,8838.38383838384,12626.262626262629,1262.6262626262628,8838.38383838384,18939.393939393944,6313.1313131313145,22727.27272727273,8838.38383838384,8838.38383838384,13888.88888888889,21464.646464646466,8838.38383838384,11363.636363636366,11363.636363636366,11363.636363636366,11363.636363636366,7575.757575757577,12626.262626262629,12626.262626262629,20202.020202020205,17676.76767676768,39141.41414141415,160353.53535353538,352272.72727272735,473484.84848484857,507575.7575757576,510101.01010101015,481060.60606060614,503787.87878787884,565656.5656565657,507575.7575757576,477272.72727272735,472222.2222222223,453282.8282828283,407828.2828282829,351010.1010101011,267676.7676767677,199494.9494949495,84595.9595959596,32828.282828282834,11363.636363636366,8838.38383838384,1262.6262626262628,2525.2525252525256,1262.6262626262628,3787.8787878787884,5050.505050505051,5050.505050505051,0.0,0.0,2525.2525252525256,0.0,0.0,5050.505050505051,3787.8787878787884,1262.6262626262628,3787.8787878787884,1262.6262626262628,2525.2525252525256,5050.505050505051,0.0,0.0,2525.2525252525256,3787.8787878787884,0.0,0.0,2525.2525252525256,1262.6262626262628,1262.6262626262628,3787.8787878787884,3787.8787878787884,1262.6262626262628,0.0,2525.2525252525256,1262.6262626262628,1262.6262626262628,3787.8787878787884,1262.6262626262628,0.0,0.0,1262.6262626262628
1262.6262626262628,0.0,0.0,0.0,2525.2525252525256,1262.6262626262628,0.0,3787.8787878787884,10101.010101010103,15151.515151515154,17676.76767676768,92171.71717171719,89646.46464646466,94696.96969696971,109848.48484848486,109848.48484848486,51767.67676767678,46717.171717171725,49242.42424242425,26515.15151515152,37878.78787878789,25252.525252525258,22727.27272727273,17676.76767676768,16414.141414141417,13888.88888888889,11363.636363636366,12626.262626262629,17676.76767676768,11363.636363636366,8838.38383838384,12626.262626262629,8838.38383838384,16414.141414141417,12626.262626262629,8838.38383838384,13888.88888888889,6313.1313131313145,6313.1313131313145,12626.262626262629,17676.76767676768,12626.262626262629,8838.38383838384,2525.2525252525256,6313.1313131313145,10101.010101010103,3787.8787878787884,6313.1313131313145,6313.1313131313145,10101.010101010103,8838.38383838384,3787.8787878787884,13888.88888888889,7575.757575757577,6313.1313131313145,8838.38383838384,16414.141414141417,16414.141414141417,7575.757575757577,11363.636363636366,15151.515151515154,12626.262626262629,16414.141414141417,13888.88888888889,11363.636363636366,12626.262626262629,32828.282828282834,29040.404040404046,54292.9292929293,121212.12121212123,271464.6464646465,448232.3232323233,530303.0303030304,508838.3838383839,537878.787878788,513888.888888889,525252.5252525253,527777.7777777779,455808.08080808085,448232.3232323233,438131.3131313132,431818.1818181819,339646.4646464647,208333.33333333337,111111.11111111112,54292.9292929293,25252.525252525258,12626.262626262629,6313.1313131313145,2525.2525252525256,1262.6262626262628,2525.2525252525256,1262.6262626262628,1262.6262626262628,2525.2525252525256,0.0,1262.6262626262628,3787.8787878787884,1262.6262626262628,5050.505050505051,1262.6262626262628,5050.505050505051,1262.6262626262628,3787.8787878787884,3787.8787878787884,3787.8787878787884,1262.6262626262628,3787.8787878787884,2525.2525252525256,0.0,2525.2525252525256,1262.6262626262628,2525.2525252525256,0.0,1262.6262626262628,0.0,3787.8787878787884,2525.2525252525256,0.0,5050.505050505051,2525.2525252525256,2525.2525252525256,0.0,2525.2525252525256,2525.2525252525256,0.0,1262.6262626262628,0.0
1262.6262626262628,3787.8787878787884,1262.6262626262628,0.0,2525.2525252525256,3787.8787878787884,7575.757575757577,20202.020202020205,41666.66666666667,127525.25252525254,133838.38383838386,136363.63636363638,131313.13131313134,89646.46464646466,111111.11111111112,77020.20202020204,49242.42424242425,32828.282828282834,21464.646464646466,16414.141414141417,18939.393939393944,20202.020202020205,13888.88888888889,17676.76767676768,17676.76767676768,22727.27272727273,15151.515151515154,15151.515151515154,8838.38383838384,7575.757575757577,8838.38383838384,6313.1313131313145,13888.88888888889,6313.1313131313145,7575.757575757577,8838.38383838384,5050.505050505051,13888.88888888889,10101.010101010103,5050.505050505051,3787.8787878787884,7575.757575757577,5050.505050505051,15151.515151515154,2525.2525252525256,6313.1313131313145,13888.88888888889,5050.505050505051,7575.757575757577,15151.515151515154,12626.262626262629,7575.757575757577,12626.262626262629,7575.757575757577,12626.262626262629,8838.38383838384,11363.636363636366,22727.27272727273,11363.636363636366,10101.010101010103,13888.88888888889,10101.010101010103,7575.757575757577,11363.636363636366,11363.636363636366,10101.010101010103,22727.27272727273,18939.393939393944,35353.53535353536,79545.45454545456,325757.5757575758,520202.0202020203,534090.9090909092,502525.2525252526,531565.6565656567,465909.090909091,522727.2727272728,489898.98989898997,511363.6363636364,457070.7070707071,372474.74747474754,363636.3636363637,328282.8282828283,186868.6868686869,65656.56565656567,41666.66666666667,7575.757575757577,10101.010101010103,7575.757575757577,1262.6262626262628,2525.2525252525256,2525.2525252525256,0.0,0.0,1262.6262626262628,5050.505050505051,1262.6262626262628,0.0,1262.6262626262628,1262.6262626262628,0.0,2525.2525252525256,5050.505050505051,0.0,2525.2525252525256,2525.2525252525256,2525.2525252525256,0.0,1262.6262626262628,1262.6262626262628,1262.6262626262628,2525.2525252525256,1262.6262626262628,2525.2525252525256,2525.2525252525256,0.0,2525.2525252525256,1262.6262626262628,1262.6262626262628,1262.6262626262628,0.0,2525.2525252525256,5050.505050505051,0.0,0.0,3787.8787878787884,3787.8787878787884,2525.2525252525256
3787.8787878787884,5050.505050505051,1262.6262626262628,7575.757575757577,3787.8787878787884,5050.505050505051,21464.646464646466,10101.010101010103,59343.434343434354,99747.47474747476,108585.8585858586,132575.7575757576,119949.49494949497,49242.42424242425,64393.93939393941,63131.31313131314,55555.55555555556,40404.04040404041,26515.15151515152,7575.757575757577,16414.141414141417,20202.020202020205,12626.262626262629,13888.88888888889,13888.88888888889,12626.262626262629,20202.020202020205,22727.27272727273,15151.515151515154,13888.88888888889,12626.262626262629,16414.141414141417,13888.88888888889,8838.38383838384,7575.757575757577,5050.505050505051,27777.77777777778,15151.515151515154,16414.141414141417,10101.010101010103,8838.38383838384,5050.505050505051,6313.1313131313145,11363.636363636366,5050.505050505051,3787.8787878787884,7575.757575757577,5050.505050505051,11363.636363636366,5050.505050505051,8838.38383838384,3787.8787878787884,3787.8787878787884,10101.010101010103,2525.2525252525256,7575.757575757577,8838.38383838384,20202.020202020205,11363.636363636366,10101.010101010103,17676.76767676768,13888.88888888889,18939.393939393944,15151.515151515154,7575.757575757577,12626.262626262629,16414.141414141417,21464.646464646466,39141.41414141415,103535.35353535356,299242.4242424243,452020.20202020206,515151.51515151525,459595.9595959597,556818.1818181819,507575.7575757576,483585.85858585866,467171.71717171726,477272.72727272735,464646.46464646474,409090.9090909092,357323.2323232324,223484.8484848485,116161.61616161618,58080.80808080809,35353.53535353536,11363.636363636366,7575.757575757577,1262.6262626262628,1262.6262626262628,2525.2525252525256,1262.6262626262628,2525.2525252525256,3787.8787878787884,0.0,0.0,0.0,2525.2525252525256,1262.6262626262628,2525.2525252525256,2525.2525252525256,2525.2525252525256,5050.505050505051,0.0,2525.2525252525256,3787.8787878787884,8838.38383838384,2525.2525252525256,3787.8787878787884,1262.6262626262628,5050.505050505051,0.0,3787.8787878787884,3787.8787878787884,1262.6262626262628,1262.6262626262628,0.0,1262.6262626262628,2525.2525252525256,0.0,0.0,2525.2525252525256,2525.2525252525256,1262.6262626262628,2525.2525252525256,3787.8787878787884,0.0,1262.6262626262628
1262.6262626262628,1262.6262626262628,1262.6262626262628,10101.010101010103,8838.38383838384,2525.2525252525256,3787.8787878787884,2525.2525252525256,3787.8787878787884,7575.757575757577,10101.010101010103,79545.45454545456,150252.5252525253,70707.07070707071,55555.55555555556,45454.54545454546,35353.53535353536,35353.53535353536,23989.898989898993,17676.76767676768,20202.020202020205,12626.262626262629,13888.88888888889,6313.1313131313145,12626.262626262629,11363.636363636366,11363.636363636366,10101.010101010103,11363.636363636366,12626.262626262629,5050.505050505051,12626.262626262629,6313.1313131313145,7575.757575757577,10101.010101010103,2525.2525252525256,10101.010101010103,10101.010101010103,20202.020202020205,11363.636363636366,7575.757575757577,13888.88888888889,7575.757575757577,7575.757575757577,5050.505050505051,10101.010101010103,8838.38383838384,5050.505050505051,11363.636363636366,8838.38383838384,6313.1313131313145,6313.1313131313145,8838.38383838384,10101.010101010103,11363.636363636366,10101.010101010103,15151.515151515154,10101.010101010103,12626.262626262629,16414.141414141417,20202.020202020205,15151.515151515154,12626.262626262629,12626.262626262629,15151.515151515154,16414.141414141417,18939.393939393944,17676.76767676768,46717.171717171725,111111.11111111112,282828.28282828286,502525.2525252526,488636.3636363637,467171.71717171726,505050.5050505051,482323.2323232324,512626.26262626273,491161.6161616162,505050.5050505051,448232.3232323233,393939.393939394,277777.7777777778,195707.07070707073,117424.24242424245,54292.9292929293,21464.646464646466,12626.262626262629,6313.1313131313145,6313.1313131313145,1262.6262626262628,0.0,0.0,2525.2525252525256,0.0,1262.6262626262628,3787.8787878787884,2525.2525252525256,1262.6262626262628,2525.2525252525256,3787.8787878787884,3787.8787878787884,1262.6262626262628,2525.2525252525256,2525.2525252525256,7575.757575757577,0.0,2525.2525252525256,1262.6262626262628,2525.2525252525256,1262.6262626262628,5050.505050505051,0.0,2525.2525252525256,0.0,5050.505050505051,3787.8787878787884,5050.505050505051,1262.6262626262628,3787.8787878787884,0.0,1262.6262626262628,2525.2525252525256,1262.6262626262628,2525.2525252525256,1262.6262626262628,2525.2525252525256,1262.6262626262628,2525.2525252525256
0.0,3787.8787878787884,3787.8787878787884,6313.1313131313145,2525.2525252525256,0.0,1262.6262626262628,0.0,3787.8787878787884,7575.757575757577,34090.909090909096,125000.00000000001,130050.50505050507,63131.31313131314,36616.16161616162,27777.77777777778,35353.53535353536,18939.393939393944,25252.525252525258,7575.757575757577,7575.757575757577,17676.76767676768,7575.757575757577,8838.38383838384,10101.010101010103,7575.757575757577,15151.515151515154,8838.38383838384,15151.515151515154,6313.1313131313145,3787.8787878787884,12626.262626262629,11363.636363636366,6313.1313131313145,12626.262626262629,10101.010101010103,11363.636363636366,12626.262626262629,10101.010101010103,8838.38383838384,8838.38383838384,2525.2525252525256,10101.010101010103,8838.38383838384,6313.1313131313145,10101.010101010103,3787.8787878787884,5050.505050505051,5050.505050505051,15151.515151515154,6313.1313131313145,7575.757575757577,11363.636363636366,7575.757575757577,8838.38383838384,8838.38383838384,12626.262626262629,13888.88888888889,17676.76767676768,12626.262626262629,17676.76767676768,17676.76767676768,18939.393939393944,18939.393939393944,3787.8787878787884,20202.020202020205,21464.646464646466,15151.515151515154,51767.67676767678,130050.50505050507,285353.5353535354,446969.696969697,522727.2727272728,494949.494949495,487373.73737373744,523989.8989898991,486111.1111111112,476010.1010101011,488636.3636363637,426767.67676767684,337121.21212121216,257575.75757575763,176767.6767676768,107323.23232323234,35353.53535353536,31565.65656565657,12626.262626262629,1262.6262626262628,1262.6262626262628,2525.2525252525256,5050.505050505051,1262.6262626262628,5050.505050505051,2525.2525252525256,0.0,2525.2525252525256,3787.8787878787884,2525.2525252525256,2525.2525252525256,3787.8787878787884,2525.2525252525256,0.0,2525.2525252525256,1262.6262626262628,0.0,2525.2525252525256,2525.2525252525256,3787.8787878787884,0.0,3787.8787878787884,1262.6262626262628,1262.6262626262628,2525.2525252525256,1262.6262626262628,0.0,1262.6262626262628,3787.8787878787884,2525.2525252525256,7575.757575757577,0.0,5050.505050505051,1262.6262626262628,1262.6262626262628,0.0,1262.6262626262628,2525.2525252525256,1262.6262626262628,2525.2525252525256
2525.2525252525256,2525.2525252525256,2525.2525252525256,0.0,1262.6262626262628,1262.6262626262628,1262.6262626262628,0.0,10101.010101010103,46717.171717171725,111111.11111111112,138888.8888888889,104797.97979797982,66919.19191919193,37878.78787878789,20202.020202020205,25252.525252525258,15151.515151515154,13888.88888888889,13888.88888888889,13888.88888888889,15151.515151515154,10101.010101010103,11363.636363636366,8838.38383838384,10101.010101010103,12626.262626262629,16414.141414141417,18939.393939393944,8838.38383838384,20202.020202020205,11363.636363636366,7575.757575757577,8838.38383838384,11363.636363636366,5050.505050505051,8838.38383838384,2525.2525252525256,6313.1313131313145,15151.515151515154,11363.636363636366,8838.38383838384,7575.757575757577,8838.38383838384,7575.757575757577,10101.010101010103,13888.88888888889,11363.636363636366,11363.636363636366,5050.505050505051,13888.88888888889,8838.38383838384,6313.1313131313145,2525.2525252525256,11363.636363636366,13888.88888888889,15151.515151515154,16414.141414141417,20202.020202020205,16414.141414141417,20202.020202020205,16414.141414141417,8838.38383838384,11363.636363636366,11363.636363636366,11363.636363636366,22727.27272727273,27777.77777777778,47979.797979797986,145202.0202020202,268939.393939394,450757.5757575758,494949.494949495,469696.9696969698,457070.7070707071,511363.6363636364,440656.5656565657,450757.5757575758,459595.9595959597,380050.5050505051,333333.3333333334,237373.73737373741,170454.54545454547,84595.9595959596,36616.16161616162,16414.141414141417,8838.38383838384,5050.505050505051,0.0,1262.6262626262628,1262.6262626262628,1262.6262626262628,2525.2525252525256,8838.38383838384,2525.2525252525256,0.0,5050.505050505051,1262.6262626262628,1262.6262626262628,2525.2525252525256,2525.2525252525256,0.0,0.0,2525.2525252525256,1262.6262626262628,0.0,1262.6262626262628,2525.2525252525256,2525.2525252525256,1262.6262626262628,1262.6262626262628,0.0,2525.2525252525256,0.0,0.0,2525.2525252525256,1262.6262626262628,3787.8787878787884,2525.2525252525256,0.0,1262.6262626262628,0.0,2525.2525252525256,0.0,1262.6262626262628,6313.1313131313145,2525.2525252525256,1262.6262626262628
1262.6262626262628,1262.6262626262628,2525.2525252525256,2525.2525252525256,2525.2525252525256,2525.2525252525256,5050.505050505051,17676.76767676768,75757.57575757577,146464.64646464647,143939.39393939395,93434.34343434345,68181.81818181819,23989.898989898993,26515.15151515152,32828.282828282834,42929.29292929293,12626.262626262629,6313.1313131313145,7575.757575757577,22727.27272727273,21464.646464646466,27777.77777777778,20202.020202020205,7575.757575757577,10101.010101010103,11363.636363636366,15151.515151515154,10101.010101010103,6313.1313131313145,20202.020202020205,21464.646464646466,5050.505050505051,6313.1313131313145,8838.38383838384,5050.505050505051,6313.1313131313145,10101.010101010103,7575.757575757577,6313.1313131313145,12626.262626262629,16414.141414141417,5050.505050505051,12626.262626262629,6313.1313131313145,8838.38383838384,12626.262626262629,12626.262626262629,8838.38383838384,8838.38383838384,8838.38383838384,10101.010101010103,11363.636363636366,6313.1313131313145,13888.88888888889,15151.515151515154,12626.262626262629,10101.010101010103,12626.262626262629,13888.88888888889,17676.76767676768,15151.515151515154,12626.262626262629,16414.141414141417,6313.1313131313145,13888.88888888889,15151.515151515154,36616.16161616162,35353.53535353536,89646.46464646466,223484.8484848485,304292.92929292936,478535.3535353536,527777.7777777779,484848.4848484849,478535.3535353536,479797.9797979799,457070.7070707071,488636.3636363637,405303.0303030304,279040.4040404041,157828.28282828286,92171.71717171719,46717.171717171725,12626.262626262629,6313.1313131313145,0.0,1262.6262626262628,3787.8787878787884,5050.505050505051,0.0,1262.6262626262628,2525.2525252525256,0.0,3787.8787878787884,3787.8787878787884,2525.2525252525256,1262.6262626262628,2525.2525252525256,1262.6262626262628,1262.6262626262628,0.0,2525.2525252525256,2525.2525252525256,3787.8787878787884,6313.1313131313145,2525.2525252525256,2525.2525252525256,2525.2525252525256,3787.8787878787884,1262.6262626262628,2525.2525252525256,3787.8787878787884,2525.2525252525256,2525.2525252525256,5050.505050505051,0.0,2525.2525252525256,1262.6262626262628,0.0,2525.2525252525256,2525.2525252525256,0.0,2525.2525252525256,1262.6262626262628,5050.505050505051,1262.6262626262628,0.0
1262.6262626262628,3787.8787878787884,2525.2525252525256,8838.38383838384,30303.030303030308,30303.030303030308,44191.9191919192,60606.060606060615,130050.50505050507,98484.8484848485,104797.97979797982,66919.19191919193,21464.646464646466,34090.909090909096,12626.262626262629,11363.636363636366,11363.636363636366,10101.010101010103,10101.010101010103,12626.262626262629,7575.757575757577,25252.525252525258,16414.141414141417,7575.757575757577,15151.515151515154,8838.38383838384,8838.38383838384,11363.636363636366,8838.38383838384,13888.88888888889,11363.636363636366,15151.515151515154,11363.636363636366,7575.757575757577,3787.8787878787884,8838.38383838384,8838.38383838384,13888.88888888889,8838.38383838384,13888.88888888889,13888.88888888889,11363.636363636366,8838.38383838384,7575.757575757577,7575.757575757577,6313.1313131313145,7575.757575757577,5050.505050505051,6313.1313131313145,18939.393939393944,2525.2525252525256,11363.636363636366,12626.262626262629,6313.1313131313145,7575.757575757577,10101.010101010103,8838.38383838384,13888.88888888889,10101.010101010103,18939.393939393944,21464.646464646466,25252.525252525258,22727.27272727273,18939.393939393944,15151.515151515154,17676.76767676768,29040.404040404046,23989.898989898993,47979.797979797986,59343.434343434354,209595.95959595963,354797.9797979799,380050.5050505051,486111.1111111112,481060.60606060614,464646.46464646474,491161.6161616162,410353.53535353544,415404.0404040405,406565.65656565665,253787.8787878788,138888.8888888889,66919.19191919193,27777.77777777778,16414.141414141417,3787.8787878787884,3787.8787878787884,1262.6262626262628,2525.2525252525256,0.0,2525.2525252525256,5050.505050505051,0.0,0.0,6313.1313131313145,1262.6262626262628,0.0,1262.6262626262628,1262.6262626262628,1262.6262626262628,0.0,3787.8787878787884,5050.505050505051,1262.6262626262628,2525.2525252525256,3787.8787878787884,0.0,3787.8787878787884,2525.2525252525256,2525.2525252525256,2525.2525252525256,2525.2525252525256,2525.2525252525256,0.0,1262.6262626262628,1262.6262626262628,1262.6262626262628,2525.2525252525256,0.0,3787.8787878787884,3787.8787878787884,2525.2525252525256,2525.2525252525256,1262.6262626262628,2525.2525252525256,0.0,5050.505050505051,2525.2525252525256
1262.6262626262628,5050.505050505051,5050.505050505051,13888.88888888889,3787.8787878787884,13888.88888888889,73232.32323232324,143939.39393939395,143939.39393939395,119949.49494949497,84595.9595959596,35353.53535353536,15151.515151515154,20202.020202020205,22727.27272727273,8838.38383838384,10101.010101010103,11363.636363636366,6313.1313131313145,11363.636363636366,12626.262626262629,11363.636363636366,12626.262626262629,3787.8787878787884,2525.2525252525256,10101.010101010103,13888.88888888889,3787.8787878787884,5050.505050505051,8838.38383838384,10101.010101010103,7575.757575757577,6313.1313131313145,3787.8787878787884,3787.8787878787884,3787.8787878787884,8838.38383838384,12626.262626262629,13888.88888888889,7575.757575757577,17676.76767676768,15151.515151515154,12626.262626262629,11363.636363636366,10101.010101010103,6313.1313131313145,6313.1313131313145,3787.8787878787884,3787.8787878787884,3787.8787878787884,11363.636363636366,7575.757575757577,12626.262626262629,10101.010101010103,7575.757575757577,13888.88888888889,8838.38383838384,7575.757575757577,13888.88888888889,11363.636363636366,26515.15151515152,46717.171717171725,17676.76767676768,20202.020202020205,22727.27272727273,13888.88888888889,22727.27272727273,34090.909090909096,49242.42424242425,49242.42424242425,128787.87878787881,266414.14141414146,395202.02020202024,494949.494949495,489898.98989898997,472222.2222222223,406565.65656565665,426767.67676767684,391414.14141414146,338383.8383838384,224747.47474747477,125000.00000000001,45454.54545454546,10101.010101010103,11363.636363636366,0.0,1262.6262626262628,1262.6262626262628,3787.8787878787884,3787.8787878787884,2525.2525252525256,2525.2525252525256,5050.505050505051,2525.2525252525256,2525.2525252525256,0.0,3787.8787878787884,1262.6262626262628,0.0,3787.8787878787884,3787.8787878787884,2525.2525252525256,1262.6262626262628,3787.8787878787884,2525.2525252525256,2525.2525252525256,1262.6262626262628,0.0,0.0,3787.8787878787884,1262.6262626262628,0.0,2525.2525252525256,1262.6262626262628,1262.6262626262628,2525.2525252525256,1262.6262626262628,0.0,5050.505050505051,0.0,0.0,2525.2525252525256,0.0,0.0,2525.2525252525256,5050.505050505051,2525.2525252525256,0.0
5050.505050505051,1262.6262626262628,2525.2525252525256,1262.6262626262628,12626.262626262629,41666.66666666667,84595.9595959596,172979.797979798,101010.10101010103,85858.58585858587,55555.55555555556,29040.404040404046,8838.38383838384,12626.262626262629,10101.010101010103,2525.2525252525256,5050.505050505051,6313.1313131313145,2525.2525252525256,7575.757575757577,15151.515151515154,7575.757575757577,8838.38383838384,12626.262626262629,1262.6262626262628,6313.1313131313145,7575.757575757577,7575.757575757577,7575.757575757577,12626.262626262629,7575.757575757577,5050.505050505051,11363.636363636366,17676.76767676768,8838.38383838384,15151.515151515154,2525.2525252525256,7575.757575757577,15151.515151515154,11363.636363636366,7575.757575757577,5050.505050505051,13888.88888888889,13888.88888888889,5050.505050505051,10101.010101010103,12626.262626262629,8838.38383838384,13888.88888888889,6313.1313131313145,10101.010101010103,6313.1313131313145,7575.757575757577,6313.1313131313145,7575.757575757577,10101.010101010103,8838.38383838384,10101.010101010103,16414.141414141417,27777.77777777778,29040.404040404046,17676.76767676768,45454.54545454546,15151.515151515154,13888.88888888889,25252.525252525258,16414.141414141417,18939.393939393944,39141.41414141415,54292.9292929293,80808.08080808082,200757.57575757577,361111.1111111112,443181.81818181823,506313.13131313137,481060.60606060614,435606.06060606067,429292.92929292936,375000.00000000006,292929.29292929295,199494.9494949495,84595.9595959596,37878.78787878789,13888.88888888889,6313.1313131313145,1262.6262626262628,5050.505050505051,0.0,3787.8787878787884,0.0,1262.6262626262628,2525.2525252525256,0.0,2525.2525252525256,1262.6262626262628,2525.2525252525256,3787.8787878787884,1262.6262626262628,3787.8787878787884,2525.2525252525256,0.0,2525.2525252525256,2525.2525252525256,1262.6262626262628,1262.6262626262628,2525.2525252525256,2525.2525252525256,1262.6262626262628,0.0,0.0,2525.2525252525256,1262.6262626262628,2525.2525252525256,3787.8787878787884,0.0,1262.6262626262628,1262.6262626262628,2525.2525252525256,3787.8787878787884,3787.8787878787884,3787.8787878787884,0.0,6313.1313131313145,0.0,0.0,0.0,0.0,5050.505050505051
1262.6262626262628,1262.6262626262628,2525.2525252525256,11363.636363636366,34090.909090909096,6313.1313131313145,12626.262626262629,22727.27272727273,44191.9191919192,64393.93939393941,32828.282828282834,12626.262626262629,12626.262626262629,6313.1313131313145,2525.2525252525256,2525.2525252525256,3787.8787878787884,2525.2525252525256,6313.1313131313145,1262.6262626262628,6313.1313131313145,7575.757575757577,8838.38383838384,13888.88888888889,6313.1313131313145,2525.2525252525256,2525.2525252525256,6313.1313131313145,8838.38383838384,5050.505050505051,1262.6262626262628,29040.404040404046,11363.636363636366,12626.262626262629,8838.38383838384,6313.1313131313145,8838.38383838384,11363.636363636366,13888.88888888889,7575.757575757577,6313.1313131313145,10101.010101010103,7575.757575757577,21464.646464646466,17676.76767676768,11363.636363636366,3787.8787878787884,7575.757575757577,10101.010101010103,16414.141414141417,11363.636363636366,11363.636363636366,17676.76767676768,12626.262626262629,8838.38383838384,8838.38383838384,12626.262626262629,11363.636363636366,16414.141414141417,25252.525252525258,17676.76767676768,35353.53535353536,26515.15151515152,17676.76767676768,17676.76767676768,8838.38383838384,13888.88888888889,25252.525252525258,20202.020202020205,39141.41414141415,64393.93939393941,123737.37373737375,369949.494949495,449494.94949494954,535353.5353535354,479797.9797979799,470959.59595959604,416666.66666666674,343434.34343434346,252525.25252525255,169191.9191919192,61868.68686868688,25252.525252525258,12626.262626262629,3787.8787878787884,3787.8787878787884,1262.6262626262628,6313.1313131313145,1262.6262626262628,0.0,3787.8787878787884,2525.2525252525256,3787.8787878787884,2525.2525252525256,1262.6262626262628,0.0,3787.8787878787884,1262.6262626262628,5050.505050505051,1262.6262626262628,0.0,2525.2525252525256,1262.6262626262628,2525.2525252525256,1262.6262626262628,1262.6262626262628,0.0,1262.6262626262628,0.0,1262.6262626262628,0.0,6313.1313131313145,2525.2525252525256,2525.2525252525256,2525.2525252525256,0.0,2525.2525252525256,0.0,5050.505050505051,1262.6262626262628,1262.6262626262628,2525.2525252525256,0.0,3787.8787878787884,0.0,2525.2525252525256,1262.6262626262628,2525.2525252525256
0.0,6313.1313131313145,18939.393939393944,35353.53535353536,8838.38383838384,1262.6262626262628,12626.262626262629,17676.76767676768,45454.54545454546,54292.9292929293,6313.1313131313145,5050.505050505051,0.0,5050.505050505051,2525.2525252525256,2525.2525252525256,5050.505050505051,2525.2525252525256,3787.8787878787884,0.0,11363.636363636366,15151.515151515154,2525.2525252525256,2525.2525252525256,8838.38383838384,2525.2525252525256,5050.505050505051,1262.6262626262628,7575.757575757577,8838.38383838384,7575.757575757577,7575.757575757577,15151.515151515154,6313.1313131313145,11363.636363636366,0.0,3787.8787878787884,2525.2525252525256,7575.757575757577,1262.6262626262628,10101.010101010103,5050.505050505051,26515.15151515152,18939.393939393944,17676.76767676768,20202.020202020205,12626.262626262629,10101.010101010103,8838.38383838384,8838.38383838384,20202.020202020205,13888.88888888889,6313.1313131313145,11363.636363636366,17676.76767676768,12626.262626262629,12626.262626262629,12626.262626262629,13888.88888888889,29040.404040404046,22727.27272727273,13888.88888888889,30303.030303030308,21464.646464646466,20202.020202020205,17676.76767676768,21464.646464646466,29040.404040404046,29040.404040404046,35353.53535353536,59343.434343434354,104797.97979797982,287878.7878787879,484848.4848484849,484848.4848484849,428030.3030303031,489898.98989898997,410353.53535353544,308080.80808080814,234848.4848484849,113636.36363636365,47979.797979797986,42929.29292929293,10101.010101010103,5050.505050505051,0.0,2525.2525252525256,1262.6262626262628,2525.2525252525256,2525.2525252525256,2525.2525252525256,6313.1313131313145,1262.6262626262628,0.0,1262.6262626262628,1262.6262626262628,0.0,1262.6262626262628,5050.505050505051,3787.8787878787884,2525.2525252525256,0.0,5050.505050505051,2525.2525252525256,2525.2525252525256,0.0,2525.2525252525256,0.0,0.0,1262.6262626262628,0.0,0.0,1262.6262626262628,0.0,3787.8787878787884,2525.2525252525256,1262.6262626262628,1262.6262626262628,2525.2525252525256,1262.6262626262628,2525.2525252525256,0.0,1262.6262626262628,2525.2525252525256,1262.6262626262628,0.0,0.0,1262.6262626262628
6313.1313131313145,6313.1313131313145,7575.757575757577,2525.2525252525256,5050.505050505051,0.0,2525.2525252525256,27777.77777777778,45454.54545454546,26515.15151515152,6313.1313131313145,2525.2525252525256,2525.2525252525256,3787.8787878787884,3787.8787878787884,2525.2525252525256,7575.757575757577,2525.2525252525256,2525.2525252525256,6313.1313131313145,5050.505050505051,7575.757575757577,2525.2525252525256,11363.636363636366,5050.505050505051,3787.8787878787884,3787.8787878787884,5050.505050505051,3787.8787878787884,6313.1313131313145,6313.1313131313145,8838.38383838384,6313.1313131313145,3787.8787878787884,10101.010101010103,5050.505050505051,2525.2525252525256,3787.8787878787884,3787.8787878787884,5050.505050505051,5050.505050505051,5050.505050505051,7575.757575757577,10101.010101010103,5050.505050505051,18939.393939393944,13888.88888888889,8838.38383838384,10101.010101010103,11363.636363636366,12626.262626262629,16414.141414141417,11363.636363636366,15151.515151515154,10101.010101010103,20202.020202020205,11363.636363636366,16414.141414141417,26515.15151515152,41666.66666666667,26515.15151515152,16414.141414141417,25252.525252525258,11363.636363636366,16414.141414141417,18939.393939393944,13888.88888888889,11363.636363636366,18939.393939393944,35353.53535353536,34090.909090909096,61868.68686868688,186868.6868686869,439393.93939393945,465909.090909091,470959.59595959604,476010.1010101011,410353.53535353544,313131.3131313132,210858.5858585859,119949.49494949497,40404.04040404041,16414.141414141417,5050.505050505051,1262.6262626262628,2525.2525252525256,1262.6262626262628,3787.8787878787884,1262.6262626262628,3787.8787878787884,6313.1313131313145,1262.6262626262628,0.0,3787.8787878787884,1262.6262626262628,2525.2525252525256,5050.505050505051,1262.6262626262628,1262.6262626262628,3787.8787878787884,2525.2525252525256,0.0,2525.2525252525256,2525.2525252525256,2525.2525252525256,0.0,0.0,1262.6262626262628,0.0,0.0,1262.6262626262628,3787.8787878787884,0.0,1262.6262626262628,1262.6262626262628,2525.2525252525256,5050.505050505051,0.0,2525.2525252525256,1262.6262626262628,0.0,1262.6262626262628,2525.2525252525256,1262.6262626262628,3787.8787878787884,3787.8787878787884,6313.1313131313145,1262.6262626262628
8838.38383838384,0.0,2525.2525252525256,6313.1313131313145,1262.6262626262628,0.0,8838.38383838384,34090.909090909096,44191.9191919192,6313.1313131313145,7575.757575757577,5050.505050505051,1262.6262626262628,2525.2525252525256,10101.010101010103,3787.8787878787884,2525.2525252525256,0.0,7575.757575757577,2525.2525252525256,3787.8787878787884,6313.1313131313145,3787.8787878787884,0.0,3787.8787878787884,5050.505050505051,8838.38383838384,2525.2525252525256,2525.2525252525256,6313.1313131313145,12626.262626262629,16414.141414141417,5050.505050505051,3787.8787878787884,6313.1313131313145,5050.505050505051,6313.1313131313145,8838.38383838384,15151.515151515154,8838.38383838384,5050.505050505051,16414.141414141417,7575.757575757577,8838.38383838384,11363.636363636366,5050.505050505051,2525.2525252525256,7575.757575757577,12626.262626262629,6313.1313131313145,22727.27272727273,12626.262626262629,6313.1313131313145,17676.76767676768,8838.38383838384,18939.393939393944,11363.636363636366,11363.636363636366,12626.262626262629,13888.88888888889,29040.404040404046,7575.757575757577,30303.030303030308,15151.515151515154,31565.65656565657,23989.898989898993,15151.515151515154,12626.262626262629,15151.515151515154,18939.393939393944,29040.404040404046,63131.31313131314,117424.24242424245,316919.191919192,388888.88888888893,421717.1717171718,393939.393939394,377525.2525252526,256313.13131313137,150252.5252525253,85858.58585858587,47979.797979797986,12626.262626262629,3787.8787878787884,2525.2525252525256,1262.6262626262628,0.0,5050.505050505051,1262.6262626262628,1262.6262626262628,2525.2525252525256,2525.2525252525256,3787.8787878787884,1262.6262626262628,3787.8787878787884,0.0,1262.6262626262628,1262.6262626262628,0.0,1262.6262626262628,1262.6262626262628,2525.2525252525256,2525.2525252525256,3787.8787878787884,6313.1313131313145,3787.8787878787884,1262.6262626262628,2525.2525252525256,3787.8787878787884,2525.2525252525256,2525.2525252525256,1262.6262626262628,1262.6262626262628,3787.8787878787884,2525.2525252525256,3787.8787878787884,5050.505050505051,1262.6262626262628,2525.2525252525256,2525.2525252525256,3787.8787878787884,2525.2525252525256,0.0,1262.6262626262628,2525.2525252525256,1262.6262626262628,0.0,2525.2525252525256
1262.6262626262628,2525.2525252525256,1262.6262626262628,1262.6262626262628,3787.8787878787884,1262.6262626262628,15151.515151515154,45454.54545454546,15151.515151515154,5050.505050505051,1262.6262626262628,12626.262626262629,11363.636363636366,8838.38383838384,6313.1313131313145,6313.1313131313145,3787.8787878787884,1262.6262626262628,6313.1313131313145,5050.505050505051,10101.010101010103,1262.6262626262628,5050.505050505051,0.0,2525.2525252525256,5050.505050505051,3787.8787878787884,2525.2525252525256,5050.505050505051,8838.38383838384,8838.38383838384,5050.505050505051,10101.010101010103,3787.8787878787884,2525.2525252525256,2525.2525252525256,3787.8787878787884,11363.636363636366,12626.262626262629,5050.505050505051,6313.1313131313145,6313.1313131313145,7575.757575757577,2525.2525252525256,7575.757575757577,6313.1313131313145,13888.88888888889,7575.757575757577,13888.88888888889,6313.1313131313145,6313.1313131313145,12626.262626262629,12626.262626262629,11363.636363636366,12626.262626262629,17676.76767676768,21464.646464646466,12626.262626262629,10101.010101010103,21464.646464646466,25252.525252525258,13888.88888888889,25252.525252525258,15151.515151515154,18939.393939393944,18939.393939393944,18939.393939393944,11363.636363636366,13888.88888888889,20202.020202020205,27777.77777777778,41666.66666666667,93434.34343434345,233585.85858585863,324494.94949494954,337121.21212121216,309343.4343434344,308080.80808080814,218434.34343434346,125000.00000000001,54292.9292929293,12626.262626262629,5050.505050505051,5050.505050505051,1262.6262626262628,1262.6262626262628,0.0,3787.8787878787884,3787.8787878787884,2525.2525252525256,2525.2525252525256,3787.8787878787884,1262.6262626262628,0.0,0.0,3787.8787878787884,1262.6262626262628,2525.2525252525256,0.0,1262.6262626262628,0.0,1262.6262626262628,2525.2525252525256,0.0,0.0,0.0,1262.6262626262628,1262.6262626262628,1262.6262626262628,0.0,0.0,1262.6262626262628,2525.2525252525256,1262.6262626262628,0.0,6313.1313131313145,0.0,2525.2525252525256,1262.6262626262628,1262.6262626262628,1262.6262626262628,2525.2525252525256,5050.505050505051,1262.6262626262628,0.0,2525.2525252525256,0.0,1262.6262626262628
2525.2525252525256,0.0,7575.757575757577,0.0,2525.2525252525256,10101.010101010103,16414.141414141417,17676.76767676768,2525.2525252525256,2525.2525252525256,2525.2525252525256,3787.8787878787884,7575.757575757577,6313.1313131313145,17676.76767676768,17676.76767676768,7575.757575757577,7575.757575757577,5050.505050505051,3787.8787878787884,3787.8787878787884,5050.505050505051,10101.010101010103,3787.8787878787884,2525.2525252525256,2525.2525252525256,7575.757575757577,3787.8787878787884,6313.1313131313145,3787.8787878787884,0.0,1262.6262626262628,12626.262626262629,6313.1313131313145,1262.6262626262628,5050.505050505051,8838.38383838384,8838.38383838384,6313.1313131313145,6313.1313131313145,7575.757575757577,3787.8787878787884,6313.1313131313145,6313.1313131313145,8838.38383838384,3787.8787878787884,2525.2525252525256,3787.8787878787884,6313.1313131313145,1262.6262626262628,3787.8787878787884,10101.010101010103,12626.262626262629,11363.636363636366,16414.141414141417,31565.65656565657,30303.030303030308,16414.141414141417,5050.505050505051,8838.38383838384,20202.020202020205,13888.88888888889,23989.898989898993,21464.646464646466,21464.646464646466,15151.515151515154,17676.76767676768,7575.757575757577,12626.262626262629,21464.646464646466,44191.9191919192,65656.56565656567,88383.8383838384,214646.46464646468,266414.14141414146,226010.10101010103,299242.4242424243,265151.5151515152,194444.44444444447,104797.97979797982,66919.19191919193,12626.262626262629,2525.2525252525256,0.0,2525.2525252525256,0.0,3787.8787878787884,1262.6262626262628,1262.6262626262628,3787.8787878787884,2525.2525252525256,0.0,1262.6262626262628,1262.6262626262628,1262.6262626262628,1262.6262626262628,2525.2525252525256,3787.8787878787884,2525.2525252525256,1262.6262626262628,2525.2525252525256,0.0,0.0,0.0,0.0,2525.2525252525256,2525.2525252525256,5050.505050505051,1262.6262626262628,0.0,3787.8787878787884,1262.6262626262628,5050.505050505051,5050.505050505051,2525.2525252525256,0.0,2525.2525252525256,0.0,0.0,0.0,3787.8787878787884,2525.2525252525256,3787.8787878787884,3787.8787878787884,1262.6262626262628,0.0,0.0,1262.6262626262628
2525.2525252525256,2525.2525252525256,1262.6262626262628,3787.8787878787884,5050.505050505051,0.0,2525.2525252525256,1262.6262626262628,2525.2525252525256,5050.505050505051,0.0,2525.2525252525256,1262.6262626262628,3787.8787878787884,5050.505050505051,8838.38383838384,2525.2525252525256,2525.2525252525256,3787.8787878787884,3787.8787878787884,5050.505050505051,2525.2525252525256,2525.2525252525256,0.0,1262.6262626262628,6313.1313131313145,15151.515151515154,5050.505050505051,5050.505050505051,10101.010101010103,5050.505050505051,2525.2525252525256,10101.010101010103,3787.8787878787884,5050.505050505051,2525.2525252525256,1262.6262626262628,6313.1313131313145,5050.505050505051,3787.8787878787884,10101.010101010103,8838.38383838384,10101.010101010103,16414.141414141417,10101.010101010103,6313.1313131313145,20202.020202020205,2525.2525252525256,5050.505050505051,2525.2525252525256,10101.010101010103,6313.1313131313145,3787.8787878787884,11363.636363636366,10101.010101010103,20202.020202020205,12626.262626262629,10101.010101010103,7575.757575757577,2525.2525252525256,15151.515151515154,15151.515151515154,21464.646464646466,23989.898989898993,39141.41414141415,29040.404040404046,8838.38383838384,8838.38383838384,16414.141414141417,16414.141414141417,30303.030303030308,37878.78787878789,88383.8383838384,202020.20202020206,200757.57575757577,261363.6363636364,275252.5252525253,212121.21212121216,202020.20202020206,95959.59595959597,53030.30303030304,18939.393939393944,6313.1313131313145,1262.6262626262628,3787.8787878787884,0.0,2525.2525252525256,1262.6262626262628,1262.6262626262628,1262.6262626262628,0.0,1262.6262626262628,1262.6262626262628,1262.6262626262628,2525.2525252525256,1262.6262626262628,5050.505050505051,1262.6262626262628,0.0,3787.8787878787884,1262.6262626262628,0.0,0.0,0.0,0.0,1262.6262626262628,5050.505050505051,2525.2525252525256,2525.2525252525256,1262.6262626262628,1262.6262626262628,2525.2525252525256,2525.2525252525256,2525.2525252525256,2525.2525252525256,2525.2525252525256,2525.2525252525256,2525.2525252525256,1262.6262626262628,0.0,0.0,0.0,0.0,2525.2525252525256,1262.6262626262628,0.0,3787.8787878787884,2525.2525252525256
2525.2525252525256,0.0,3787.8787878787884,2525.2525252525256,0.0,0.0,2525.2525252525256,5050.505050505051,0.0,0.0,1262.6262626262628,0.0,0.0,2525.2525252525256,2525.2525252525256,3787.8787878787884,17676.76767676768,2525.2525252525256,7575.757575757577,3787.8787878787884,1262.6262626262628,2525.2525252525256,8838.38383838384,0.0,3787.8787878787884,2525.2525252525256,13888.88888888889,6313.1313131313145,3787.8787878787884,2525.2525252525256,1262.6262626262628,6313.1313131313145,7575.757575757577,7575.757575757577,7575.757575757577,8838.38383838384,6313.1313131313145,3787.8787878787884,1262.6262626262628,1262.6262626262628,3787.8787878787884,3787.8787878787884,15151.515151515154,12626.262626262629,11363.636363636366,15151.515151515154,18939.393939393944,7575.757575757577,2525.2525252525256,8838.38383838384,13888.88888888889,10101.010101010103,8838.38383838384,8838.38383838384,7575.757575757577,3787.8787878787884,22727.27272727273,17676.76767676768,13888.88888888889,27777.77777777778,18939.393939393944,23989.898989898993,30303.030303030308,26515.15151515152,20202.020202020205,13888.88888888889,10101.010101010103,10101.010101010103,13888.88888888889,17676.76767676768,21464.646464646466,18939.393939393944,49242.42424242425,191919.19191919194,273989.898989899,265151.5151515152,282828.28282828286,205808.08080808085,185606.06060606064,82070.70707070708,78282.8282828283,64393.93939393941,8838.38383838384,5050.505050505051,1262.6262626262628,1262.6262626262628,2525.2525252525256,0.0,2525.2525252525256,1262.6262626262628,0.0,3787.8787878787884,1262.6262626262628,0.0,1262.6262626262628,2525.2525252525256,2525.2525252525256,1262.6262626262628,2525.2525252525256,1262.6262626262628,1262.6262626262628,2525.2525252525256,1262.6262626262628,0.0,2525.2525252525256,3787.8787878787884,0.0,2525.2525252525256,2525.2525252525256,1262.6262626262628,0.0,1262.6262626262628,0.0,3787.8787878787884,0.0,0.0,0.0,5050.505050505051,2525.2525252525256,0.0,0.0,1262.6262626262628,1262.6262626262628,0.0,0.0,2525.2525252525256,2525.2525252525256,1262.6262626262628
3787.8787878787884,0.0,3787.8787878787884,6313.1313131313145,0.0,1262.6262626262628,0.0,0.0,1262.6262626262628,0.0,2525.2525252525256,1262.6262626262628,1262.6262626262628,1262.6262626262628,0.0,2525.2525252525256,12626.262626262629,11363.636363636366,7575.757575757577,7575.757575757577,3787.8787878787884,5050.505050505051,5050.505050505051,2525.2525252525256,3787.8787878787884,3787.8787878787884,18939.393939393944,2525.2525252525256,6313.1313131313145,1262.6262626262628,0.0,0.0,5050.505050505051,5050.505050505051,3787.8787878787884,6313.1313131313145,5050.505050505051,8838.38383838384,3787.8787878787884,6313.1313131313145,1262.6262626262628,2525.2525252525256,6313.1313131313145,15151.515151515154,27777.77777777778,17676.76767676768,21464.646464646466,22727.27272727273,6313.1313131313145,5050.505050505051,1262.6262626262628,3787.8787878787884,5050.505050505051,7575.757575757577,3787.8787878787884,8838.38383838384,12626.262626262629,27777.77777777778,12626.262626262629,13888.88888888889,16414.141414141417,17676.76767676768,30303.030303030308,13888.88888888889,13888.88888888889,10101.010101010103,8838.38383838384,12626.262626262629,13888.88888888889,26515.15151515152,21464.646464646466,23989.898989898993,42929.29292929293,166666.6666666667,248737.37373737377,251262.6262626263,272727.27272727276,270202.02020202024,140151.51515151517,61868.68686868688,26515.15151515152,39141.41414141415,36616.16161616162,2525.2525252525256,2525.2525252525256,0.0,1262.6262626262628,2525.2525252525256,0.0,0.0,1262.6262626262628,2525.2525252525256,1262.6262626262628,3787.8787878787884,1262.6262626262628,0.0,0.0,2525.2525252525256,1262.6262626262628,1262.6262626262628,3787.8787878787884,0.0,5050.505050505051,0.0,1262.6262626262628,1262.6262626262628,0.0,2525.2525252525256,2525.2525252525256,0.0,2525.2525252525256,0.0,1262.6262626262628,3787.8787878787884,1262.6262626262628,0.0,1262.6262626262628,0.0,5050.505050505051,5050.505050505051,0.0,1262.6262626262628,0.0,1262.6262626262628,0.0,1262.6262626262628,2525.2525252525256,2525.2525252525256
1262.6262626262628,1262.6262626262628,1262.6262626262628,3787.8787878787884,2525.2525252525256,3787.8787878787884,0.0,1262.6262626262628,1262.6262626262628,2525.2525252525256,2525.2525252525256,1262.6262626262628,2525.2525252525256,3787.8787878787884,1262.6262626262628,11363.636363636366,5050.505050505051,2525.2525252525256,12626.262626262629,5050.505050505051,0.0,1262.6262626262628,3787.8787878787884,1262.6262626262628,2525.2525252525256,3787.8787878787884,10101.010101010103,2525.2525252525256,2525.2525252525256,1262.6262626262628,0.0,8838.38383838384,15151.515151515154,1262.6262626262628,5050.505050505051,13888.88888888889,2525.2525252525256,8838.38383838384,12626.262626262629,5050.505050505051,5050.505050505051,5050.505050505051,5050.505050505051,8838.38383838384,12626.262626262629,8838.38383838384,5050.505050505051,10101.010101010103,1262.6262626262628,5050.505050505051,12626.262626262629,3787.8787878787884,10101.010101010103,8838.38383838384,15151.515151515154,12626.262626262629,5050.505050505051,8838.38383838384,12626.262626262629,12626.262626262629,13888.88888888889,12626.262626262629,22727.27272727273,25252.525252525258,20202.020202020205,20202.020202020205,10101.010101010103,13888.88888888889,18939.393939393944,21464.646464646466,16414.141414141417,27777.77777777778,31565.65656565657,93434.34343434345,220959.595959596,250000.00000000003,218434.34343434346,195707.07070707073,128787.87878787881,41666.66666666667,12626.262626262629,2525.2525252525256,13888.88888888889,6313.1313131313145,0.0,2525.2525252525256,2525.2525252525256,1262.6262626262628,1262.6262626262628,0.0,1262.6262626262628,2525.2525252525256,2525.2525252525256,0.0,2525.2525252525256,2525.2525252525256,2525.2525252525256,0.0,0.0,3787.8787878787884,3787.8787878787884,0.0,1262.6262626262628,1262.6262626262628,1262.6262626262628,1262.6262626262628,2525.2525252525256,2525.2525252525256,2525.2525252525256,1262.6262626262628,3787.8787878787884,1262.6262626262628,0.0,2525.2525252525256,0.0,0.0,2525.2525252525256,1262.6262626262628,0.0,1262.6262626262628,1262.6262626262628,1262.6262626262628,0.0,3787.8787878787884,1262.6262626262628,0.0,2525.2525252525256,1262.6262626262628
0.0,1262.6262626262628,1262.6262626262628,3787.8787878787884,3787.8787878787884,0.0,3787.8787878787884,2525.2525252525256,3787.8787878787884,2525.2525252525256,3787.8787878787884,1262.6262626262628,7575.757575757577,2525.2525252525256,5050.505050505051,1262.6262626262628,7575.757575757577,3787.8787878787884,3787.8787878787884,2525.2525252525256,2525.2525252525256,5050.505050505051,0.0,2525.2525252525256,3787.8787878787884,3787.8787878787884,6313.1313131313145,2525.2525252525256,2525.2525252525256,3787.8787878787884,2525.2525252525256,5050.505050505051,3787.8787878787884,2525.2525252525256,2525.2525252525256,5050.505050505051,5050.505050505051,1262.6262626262628,2525.2525252525256,6313.1313131313145,7575.757575757577,6313.1313131313145,3787.8787878787884,6313.1313131313145,3787.8787878787884,3787.8787878787884,3787.8787878787884,7575.757575757577,0.0,5050.505050505051,8838.38383838384,6313.1313131313145,7575.757575757577,3787.8787878787884,8838.38383838384,6313.1313131313145,3787.8787878787884,8838.38383838384,8838.38383838384,11363.636363636366,6313.1313131313145,17676.76767676768,10101.010101010103,7575.757575757577,26515.15151515152,20202.020202020205,23989.898989898993,16414.141414141417,23989.898989898993,22727.27272727273,26515.15151515152,25252.525252525258,35353.53535353536,98484.8484848485,128787.87878787881,193181.8181818182,195707.07070707073,123737.37373737375,63131.31313131314,41666.66666666667,8838.38383838384,3787.8787878787884,1262.6262626262628,3787.8787878787884,1262.6262626262628,0.0,1262.6262626262628,1262.6262626262628,5050.505050505051,3787.8787878787884,2525.2525252525256,1262.6262626262628,0.0,3787.8787878787884,1262.6262626262628,2525.2525252525256,2525.2525252525256,2525.2525252525256,1262.6262626262628,0.0,1262.6262626262628,0.0,2525.2525252525256,0.0,1262.6262626262628,0.0,0.0,0.0,0.0,1262.6262626262628,3787.8787878787884,3787.8787878787884,2525.2525252525256,1262.6262626262628,1262.6262626262628,5050.505050505051,0.0,1262.6262626262628,3787.8787878787884,0.0,0.0,0.0,0.0,1262.6262626262628,1262.6262626262628,0.0,0.0,1262.6262626262628
1262.6262626262628,0.0,0.0,1262.6262626262628,1262.6262626262628,3787.8787878787884,8838.38383838384,3787.8787878787884,2525.2525252525256,0.0,1262.6262626262628,2525.2525252525256,7575.757575757577,5050.505050505051,2525.2525252525256,2525.2525252525256,1262.6262626262628,1262.6262626262628,5050.505050505051,8838.38383838384,7575.757575757577,6313.1313131313145,5050.505050505051,0.0,1262.6262626262628,1262.6262626262628,1262.6262626262628,3787.8787878787884,2525.2525252525256,2525.2525252525256,3787.8787878787884,1262.6262626262628,2525.2525252525256,2525.2525252525256,1262.6262626262628,3787.8787878787884,3787.8787878787884,1262.6262626262628,2525.2525252525256,2525.2525252525256,2525.2525252525256,3787.8787878787884,7575.757575757577,10101.010101010103,2525.2525252525256,7575.757575757577,5050.505050505051,3787.8787878787884,0.0,6313.1313131313145,3787.8787878787884,1262.6262626262628,5050.505050505051,10101.010101010103,5050.505050505051,3787.8787878787884,7575.757575757577,10101.010101010103,8838.38383838384,18939.393939393944,13888.88888888889,8838.38383838384,6313.1313131313145,16414.141414141417,11363.636363636366,20202.020202020205,12626.262626262629,32828.282828282834,22727.27272727273,20202.020202020205,12626.262626262629,21464.646464646466,40404.04040404041,84595.9595959596,151515.15151515155,179292.92929292933,189393.93939393942,112373.73737373739,45454.54545454546,18939.393939393944,3787.8787878787884,0.0,2525.2525252525256,2525.2525252525256,1262.6262626262628,2525.2525252525256,2525.2525252525256,2525.2525252525256,3787.8787878787884,0.0,2525.2525252525256,0.0,0.0,0.0,0.0,2525.2525252525256,0.0,3787.8787878787884,1262.6262626262628,3787.8787878787884,1262.6262626262628,3787.8787878787884,2525.2525252525256,1262.6262626262628,0.0,1262.6262626262628,1262.6262626262628,1262.6262626262628,1262.6262626262628,3787.8787878787884,2525.2525252525256,1262.6262626262628,0.0,0.0,0.0,1262.6262626262628,3787.8787878787884,3787.8787878787884,0.0,0.0,0.0,1262.6262626262628,1262.6262626262628,1262.6262626262628,2525.2525252525256,0.0,0.0,3787.8787878787884
0.0,0.0,2525.2525252525256,1262.6262626262628,1262.6262626262628,3787.8787878787884,7575.757575757577,0.0,3787.8787878787884,1262.6262626262628,1262.6262626262628,3787.8787878787884,3787.8787878787884,1262.6262626262628,3787.8787878787884,1262.6262626262628,1262.6262626262628,2525.2525252525256,5050.505050505051,2525.2525252525256,7575.757575757577,3787.8787878787884,2525.2525252525256,1262.6262626262628,2525.2525252525256,6313.1313131313145,2525.2525252525256,0.0,1262.6262626262628,0.0,0.0,1262.6262626262628,5050.505050505051,1262.6262626262628,1262.6262626262628,3787.8787878787884,1262.6262626262628,3787.8787878787884,2525.2525252525256,2525.2525252525256,6313.1313131313145,1262.6262626262628,2525.2525252525256,2525.2525252525256,5050.505050505051,1262.6262626262628,1262.6262626262628,2525.2525252525256,3787.8787878787884,3787.8787878787884,5050.505050505051,7575.757575757577,1262.6262626262628,2525.2525252525256,3787.8787878787884,5050.505050505051,10101.010101010103,3787.8787878787884,3787.8787878787884,3787.8787878787884,18939.393939393944,12626.262626262629,5050.505050505051,17676.76767676768,20202.020202020205,23989.898989898993,16414.141414141417,31565.65656565657,30303.030303030308,26515.15151515152,20202.020202020205,40404.04040404041,36616.16161616162,85858.58585858587,156565.6565656566,141414.14141414143,137626.26262626264,121212.12121212123,94696.96969696971,47979.797979797986,3787.8787878787884,2525.2525252525256,3787.8787878787884,1262.6262626262628,1262.6262626262628,1262.6262626262628,0.0,0.0,1262.6262626262628,0.0,2525.2525252525256,0.0,0.0,1262.6262626262628,1262.6262626262628,0.0,1262.6262626262628,1262.6262626262628,2525.2525252525256,2525.2525252525256,1262.6262626262628,3787.8787878787884,2525.2525252525256,2525.2525252525256,0.0,3787.8787878787884,2525.2525252525256,1262.6262626262628,1262.6262626262628,3787.8787878787884,2525.2525252525256,2525.2525252525256,1262.6262626262628,2525.2525252525256,1262.6262626262628,3787.8787878787884,2525.2525252525256,1262.6262626262628,1262.6262626262628,1262.6262626262628,1262.6262626262628,2525.2525252525256,1262.6262626262628,2525.2525252525256,1262.6262626262628,0.0,1262.6262626262628,0.0
5050.505050505051,1262.6262626262628,1262.6262626262628,1262.6262626262628,1262.6262626262628,0.0,0.0,1262.6262626262628,0.0,1262.6262626262628,1262.6262626262628,7575.757575757577,1262.6262626262628,1262.6262626262628,5050.505050505051,1262.6262626262628,2525.2525252525256,1262.6262626262628,3787.8787878787884,3787.8787878787884,0.0,7575.757575757577,0.0,1262.6262626262628,1262.6262626262628,1262.6262626262628,3787.8787878787884,1262.6262626262628,1262.6262626262628,2525.2525252525256,2525.2525252525256,1262.6262626262628,5050.505050505051,7575.757575757577,5050.505050505051,5050.505050505051,2525.2525252525256,2525.2525252525256,0.0,1262.6262626262628,5050.505050505051,5050.505050505051,2525.2525252525256,2525.2525252525256,1262.6262626262628,7575.757575757577,17676.76767676768,13888.88888888889,5050.505050505051,5050.505050505051,1262.6262626262628,2525.2525252525256,8838.38383838384,12626.262626262629,2525.2525252525256,5050.505050505051,7575.757575757577,7575.757575757577,6313.1313131313145,2525.2525252525256,5050.505050505051,2525.2525252525256,5050.505050505051,13888.88888888889,23989.898989898993,8838.38383838384,18939.393939393944,17676.76767676768,13888.88888888889,35353.53535353536,18939.393939393944,30303.030303030308,45454.54545454546,133838.38383838386,176767.6767676768,151515.15151515155,145202.0202020202,113636.36363636365,63131.31313131314,55555.55555555556,3787.8787878787884,3787.8787878787884,6313.1313131313145,1262.6262626262628,2525.2525252525256,5050.505050505051,3787.8787878787884,0.0,1262.6262626262628,0.0,1262.6262626262628,0.0,0.0,0.0,0.0,1262.6262626262628,0.0,0.0,2525.2525252525256,3787.8787878787884,3787.8787878787884,2525.2525252525256,1262.6262626262628,1262.6262626262628,2525.2525252525256,2525.2525252525256,1262.6262626262628,2525.2525252525256,1262.6262626262628,2525.2525252525256,1262.6262626262628,2525.2525252525256,3787.8787878787884,0.0,0.0,2525.2525252525256,1262.6262626262628,1262.6262626262628,1262.6262626262628,0.0,3787.8787878787884,2525.2525252525256,1262.6262626262628,0.0,2525.2525252525256,2525.2525252525256,1262.6262626262628,2525.2525252525256
0.0,0.0,1262.6262626262628,0.0,0.0,3787.8787878787884,7575.757575757577,1262.6262626262628,1262.6262626262628,2525.2525252525256,2525.2525252525256,5050.505050505051,6313.1313131313145,0.0,7575.757575757577,3787.8787878787884,5050.505050505051,0.0,3787.8787878787884,3787.8787878787884,2525.2525252525256,1262.6262626262628,1262.6262626262628,2525.2525252525256,2525.2525252525256,0.0,1262.6262626262628,1262.6262626262628,1262.6262626262628,0.0,3787.8787878787884,7575.757575757577,7575.757575757577,13888.88888888889,16414.141414141417,21464.646464646466,6313.1313131313145,0.0,3787.8787878787884,0.0,8838.38383838384,7575.757575757577,3787.8787878787884,5050.505050505051,10101.010101010103,3787.8787878787884,12626.262626262629,12626.262626262629,3787.8787878787884,5050.505050505051,2525.2525252525256,5050.505050505051,3787.8787878787884,15151.515151515154,8838.38383838384,1262.6262626262628,7575.757575757577,7575.757575757577,10101.010101010103,3787.8787878787884,1262.6262626262628,3787.8787878787884,6313.1313131313145,11363.636363636366,16414.141414141417,12626.262626262629,17676.76767676768,17676.76767676768,8838.38383838384,21464.646464646466,26515.15151515152,23989.898989898993,46717.171717171725,133838.38383838386,212121.21212121216,208333.33333333337,207070.7070707071,90909.09090909093,61868.68686868688,13888.88888888889,5050.505050505051,2525.2525252525256,2525.2525252525256,3787.8787878787884,0.0,2525.2525252525256,0.0,0.0,1262.6262626262628,2525.2525252525256,0.0,1262.6262626262628,1262.6262626262628,1262.6262626262628,1262.6262626262628,1262.6262626262628,1262.6262626262628,3787.8787878787884,0.0,2525.2525252525256,0.0,2525.2525252525256,1262.6262626262628,2525.2525252525256,3787.8787878787884,2525.2525252525256,1262.6262626262628,6313.1313131313145,2525.2525252525256,0.0,0.0,0.0,1262.6262626262628,0.0,0.0,1262.6262626262628,1262.6262626262628,1262.6262626262628,3787.8787878787884,3787.8787878787884,2525.2525252525256,0.0,2525.2525252525256,1262.6262626262628,0.0,0.0,0.0,1262.6262626262628
2525.2525252525256,2525.2525252525256,0.0,2525.2525252525256,3787.8787878787884,1262.6262626262628,0.0,2525.2525252525256,3787.8787878787884,0.0,5050.505050505051,5050.505050505051,1262.6262626262628,1262.6262626262628,5050.505050505051,5050.505050505051,3787.8787878787884,5050.505050505051,1262.6262626262628,1262.6262626262628,1262.6262626262628,0.0,0.0,5050.505050505051,1262.6262626262628,0.0,1262.6262626262628,3787.8787878787884,2525.2525252525256,1262.6262626262628,3787.8787878787884,1262.6262626262628,2525.2525252525256,1262.6262626262628,3787.8787878787884,5050.505050505051,2525.2525252525256,2525.2525252525256,3787.8787878787884,0.0,0.0,3787.8787878787884,3787.8787878787884,3787.8787878787884,8838.38383838384,5050.505050505051,6313.1313131313145,3787.8787878787884,5050.505050505051,8838.38383838384,13888.88888888889,6313.1313131313145,8838.38383838384,0.0,1262.6262626262628,7575.757575757577,7575.757575757577,8838.38383838384,5050.505050505051,3787.8787878787884,6313.1313131313145,3787.8787878787884,7575.757575757577,13888.88888888889,7575.757575757577,10101.010101010103,12626.262626262629,8838.38383838384,25252.525252525258,16414.141414141417,39141.41414141415,41666.66666666667,74494.94949494951,131313.13131313134,185606.06060606064,223484.8484848485,209595.95959595963,102272.7272727273,42929.29292929293,25252.525252525258,11363.636363636366,8838.38383838384,5050.505050505051,1262.6262626262628,1262.6262626262628,2525.2525252525256,3787.8787878787884,1262.6262626262628,1262.6262626262628,0.0,1262.6262626262628,1262.6262626262628,0.0,2525.2525252525256,1262.6262626262628,1262.6262626262628,2525.2525252525256,0.0,1262.6262626262628,1262.6262626262628,0.0,0.0,0.0,3787.8787878787884,2525.2525252525256,1262.6262626262628,0.0,0.0,0.0,1262.6262626262628,2525.2525252525256,0.0,0.0,1262.6262626262628,1262.6262626262628,0.0,1262.6262626262628,1262.6262626262628,2525.2525252525256,1262.6262626262628,0.0,0.0,0.0,0.0,0.0,2525.2525252525256,0.0,3787.8787878787884
2525.2525252525256,3787.8787878787884,0.0,2525.2525252525256,2525.2525252525256,3787.8787878787884,3787.8787878787884,1262.6262626262628,3787.8787878787884,6313.1313131313145,7575.757575757577,3787.8787878787884,7575.757575757577,6313.1313131313145,6313.1313131313145,1262.6262626262628,2525.2525252525256,1262.6262626262628,1262.6262626262628,0.0,0.0,1262.6262626262628,1262.6262626262628,0.0,0.0,1262.6262626262628,1262.6262626262628,0.0,1262.6262626262628,1262.6262626262628,0.0,1262.6262626262628,1262.6262626262628,0.0,2525.2525252525256,2525.2525252525256,1262.6262626262628,5050.505050505051,8838.38383838384,2525.2525252525256,5050.505050505051,6313.1313131313145,5050.505050505051,6313.1313131313145,3787.8787878787884,0.0,2525.2525252525256,5050.505050505051,1262.6262626262628,3787.8787878787884,7575.757575757577,6313.1313131313145,2525.2525252525256,5050.505050505051,5050.505050505051,3787.8787878787884,3787.8787878787884,7575.757575757577,11363.636363636366,8838.38383838384,5050.505050505051,8838.38383838384,11363.636363636366,10101.010101010103,5050.505050505051,17676.76767676768,10101.010101010103,21464.646464646466,8838.38383838384,23989.898989898993,31565.65656565657,34090.909090909096,63131.31313131314,162878.7878787879,205808.08080808085,169191.9191919192,214646.46464646468,154040.40404040407,54292.9292929293,118686.86868686871,77020.20202020204,35353.53535353536,12626.262626262629,2525.2525252525256,0.0,5050.505050505051,1262.6262626262628,0.0,2525.2525252525256,0.0,2525.2525252525256,1262.6262626262628,1262.6262626262628,5050.505050505051,3787.8787878787884,1262.6262626262628,0.0,2525.2525252525256,1262.6262626262628,0.0,1262.6262626262628,1262.6262626262628,0.0,0.0,5050.505050505051,1262.6262626262628,0.0,1262.6262626262628,0.0,0.0,1262.6262626262628,3787.8787878787884,1262.6262626262628,3787.8787878787884,1262.6262626262628,1262.6262626262628,1262.6262626262628,1262.6262626262628,1262.6262626262628,0.0,1262.6262626262628,1262.6262626262628,2525.2525252525256,1262.6262626262628,0.0,0.0,1262.6262626262628,1262.6262626262628
3787.8787878787884,2525.2525252525256,1262.6262626262628,3787.8787878787884,2525.2525252525256,2525.2525252525256,1262.6262626262628,7575.757575757577,6313.1313131313145,10101.010101010103,11363.636363636366,0.0,1262.6262626262628,7575.757575757577,0.0,0.0,3787.8787878787884,0.0,1262.6262626262628,0.0,0.0,3787.8787878787884,2525.2525252525256,2525.2525252525256,1262.6262626262628,5050.505050505051,1262.6262626262628,3787.8787878787884,0.0,2525.2525252525256,1262.6262626262628,2525.2525252525256,1262.6262626262628,1262.6262626262628,5050.505050505051,2525.2525252525256,2525.2525252525256,6313.1313131313145,3787.8787878787884,8838.38383838384,6313.1313131313145,5050.505050505051,3787.8787878787884,2525.2525252525256,2525.2525252525256,5050.505050505051,6313.1313131313145,7575.757575757577,8838.38383838384,1262.6262626262628,8838.38383838384,8838.38383838384,1262.6262626262628,1262.6262626262628,2525.2525252525256,1262.6262626262628,3787.8787878787884,20202.020202020205,6313.1313131313145,11363.636363636366,7575.757575757577,2525.2525252525256,2525.2525252525256,11363.636363636366,21464.646464646466,16414.141414141417,11363.636363636366,18939.393939393944,25252.525252525258,17676.76767676768,37878.78787878789,36616.16161616162,77020.20202020204,170454.54545454547,189393.93939393942,210858.5858585859,237373.73737373741,253787.8787878788,145202.0202020202,51767.67676767678,60606.060606060615,18939.393939393944,3787.8787878787884,0.0,1262.6262626262628,2525.2525252525256,0.0,2525.2525252525256,2525.2525252525256,1262.6262626262628,3787.8787878787884,0.0,1262.6262626262628,2525.2525252525256,0.0,3787.8787878787884,1262.6262626262628,1262.6262626262628,0.0,1262.6262626262628,0.0,2525.2525252525256,2525.2525252525256,1262.6262626262628,1262.6262626262628,5050.505050505051,2525.2525252525256,1262.6262626262628,2525.2525252525256,2525.2525252525256,1262.6262626262628,1262.6262626262628,3787.8787878787884,2525.2525252525256,2525.2525252525256,0.0,1262.6262626262628,5050.505050505051,0.0,1262.6262626262628,0.0,0.0,1262.6262626262628,3787.8787878787884,3787.8787878787884,1262.6262626262628,0.0,3787.8787878787884
