,,,,,,,,,,,,,,,,,,,,,,,,,,,,,,,,,,,,,,,,,,,,,,,,,,,,,95959.59595959597,70707.07070707071,51767.67676767677,61868.68686868687,68181.81818181819,68181.81818181819,82070.70707070708,71969.69696969698,87121.21212121213,70707.07070707071,74494.9494949495,71969.69696969698,65656.56565656565,71969.69696969698,77020.20202020202,65656.56565656565,,,,39141.41414141414,73232.32323232324,84595.9595959596,,,,,,,,,,,,,,,,,,,,,,,,,,,,,,,,,,,,,,,,,,,,,,,,,,,,,
,,,,,,,,,,,,,,,,,,,,,,,,,,,,,,,,,,,,,,,,,,,,,,,,,,,,,71969.69696969698,90909.09090909091,101010.10101010102,109848.48484848485,103535.35353535354,111111.11111111112,122474.74747474748,113636.36363636365,97222.22222222223,114898.98989898991,113636.36363636365,79545.45454545454,85858.58585858587,130050.50505050506,85858.58585858587,88383.83838383839,77020.20202020202,73232.32323232324,79545.45454545454,98484.8484848485,132575.7575757576,97222.22222222223,61868.68686868687,,,,,,,,,,,,,,,,,,,,,,,,,,,,,,,,,,,,,,,,,,,,,,,,,,,,
,,,,,,,,,,,,,,,,,,,,,,,,,,,,,,,,,,,,,,,,,,,,,,,,,,77020.20202020202,69444.44444444445,60606.06060606061,80808.08080808082,89646.46464646465,88383.83838383839,133838.38383838386,112373.73737373739,119949.49494949495,103535.35353535354,106060.60606060606,94696.9696969697,114898.98989898991,137626.26262626264,133838.38383838386,97222.22222222223,88383.83838383839,97222.22222222223,123737.37373737374,94696.9696969697,92171.71717171717,88383.83838383839,117424.24242424243,87121.21212121213,98484.8484848485,80808.08080808082,85858.58585858587,73232.32323232324,56818.18181818182,64393.9393939394,68181.81818181819,66919.19191919193,,,,,,,,,,,,,,,,,,,,,,,,,,,,,,,,,,,,,,,,,,,,,,
,,,,,,,,,,,,,,,,,,,,,,,,,,,,,,,,,,,,,,,,,,,,,,,,84595.9595959596,138888.8888888889,126262.62626262628,121212.12121212122,130050.50505050506,126262.62626262628,125000.00000000001,126262.62626262628,126262.62626262628,130050.50505050506,102272.72727272728,121212.12121212122,114898.98989898991,138888.8888888889,147727.27272727274,146464.64646464647,140151.51515151517,145202.0202020202,140151.51515151517,123737.37373737374,133838.38383838386,151515.15151515152,155303.0303030303,141414.14141414143,103535.35353535354,126262.62626262628,104797.9797979798,119949.49494949495,123737.37373737374,130050.50505050506,135101.01010101012,97222.22222222223,118686.8686868687,116161.61616161617,108585.85858585859,98484.8484848485,108585.85858585859,90909.09090909091,109848.48484848485,90909.09090909091,,,,,,,,,,,,,,,,,,,,,,,,,,,,,,,,,,,,,,,,
,,,,,,,,,,,,,,,,,,,,,,,,,,,,,,,,,,,,,,,,,,,,,,102272.72727272728,95959.59595959597,99747.47474747476,137626.26262626264,127525.25252525254,137626.26262626264,113636.36363636365,114898.98989898991,102272.72727272728,122474.74747474748,102272.72727272728,108585.85858585859,128787.8787878788,143939.39393939395,151515.15151515152,136363.63636363638,150252.52525252526,126262.62626262628,161616.16161616164,151515.15151515152,136363.63636363638,146464.64646464647,98484.8484848485,130050.50505050506,140151.51515151517,140151.51515151517,154040.40404040404,114898.98989898991,113636.36363636365,151515.15151515152,161616.16161616164,143939.39393939395,106060.60606060606,137626.26262626264,142676.7676767677,142676.7676767677,138888.8888888889,122474.74747474748,98484.8484848485,102272.72727272728,94696.9696969697,97222.22222222223,83333.33333333334,114898.98989898991,99747.47474747476,95959.59595959597,89646.46464646465,84595.9595959596,,,,,,,,,,,,,,,,,,,,,,,,,,,,,,,,,,
,,,,,,,,,,,,,,,,,,,,,,,,,,,,,,,,,,,,,,,,,,,,97222.22222222223,77020.20202020202,88383.83838383839,101010.10101010102,118686.8686868687,127525.25252525254,116161.61616161617,121212.12121212122,114898.98989898991,108585.85858585859,94696.9696969697,150252.52525252526,148989.898989899,133838.38383838386,142676.7676767677,143939.39393939395,132575.7575757576,146464.64646464647,141414.14141414143,138888.8888888889,136363.63636363638,143939.39393939395,133838.38383838386,131313.1313131313,130050.50505050506,133838.38383838386,141414.14141414143,128787.8787878788,151515.15151515152,154040.40404040404,143939.39393939395,147727.27272727274,130050.50505050506,164141.41414141416,162878.7878787879,164141.41414141416,130050.50505050506,145202.0202020202,138888.8888888889,117424.24242424243,112373.73737373739,119949.49494949495,133838.38383838386,146464.64646464647,126262.62626262628,116161.61616161617,136363.63636363638,125000.00000000001,122474.74747474748,102272.72727272728,92171.71717171717,,,,,,,,,,,,,,,,,,,,,,,,,,,,,,,,,
,,,,,,,,,,,,,,,,,,,,,,,,,,,,,,,,,,,,,,,,,,,102272.72727272728,93434.34343434343,95959.59595959597,117424.24242424243,113636.36363636365,119949.49494949495,116161.61616161617,104797.9797979798,93434.34343434343,102272.72727272728,116161.61616161617,117424.24242424243,123737.37373737374,127525.25252525254,128787.8787878788,123737.37373737374,123737.37373737374,133838.38383838386,136363.63636363638,155303.0303030303,130050.50505050506,152777.77777777778,108585.85858585859,135101.01010101012,114898.98989898991,138888.8888888889,111111.11111111112,146464.64646464647,133838.38383838386,167929.29292929295,138888.8888888889,140151.51515151517,162878.7878787879,162878.7878787879,147727.27272727274,145202.0202020202,167929.29292929295,150252.52525252526,135101.01010101012,135101.01010101012,155303.0303030303,136363.63636363638,99747.47474747476,141414.14141414143,122474.74747474748,136363.63636363638,133838.38383838386,107323.23232323233,142676.7676767677,113636.36363636365,87121.21212121213,78282.82828282828,88383.83838383839,,,,,,,,,,,,,,,,,,,,,,,,,,,,,,,,
,,,,,,,,,,,,,,,,,,,,,,,,,,,,,,,,,,,,,,,,,,60606.06060606061,85858.58585858587,106060.60606060606,117424.24242424243,132575.7575757576,135101.01010101012,122474.74747474748,135101.01010101012,114898.98989898991,126262.62626262628,136363.63636363638,104797.9797979798,132575.7575757576,125000.00000000001,159090.9090909091,122474.74747474748,123737.37373737374,122474.74747474748,140151.51515151517,136363.63636363638,151515.15151515152,150252.52525252526,132575.7575757576,138888.8888888889,131313.1313131313,159090.9090909091,131313.1313131313,166666.6666666667,143939.39393939395,145202.0202020202,151515.15151515152,195707.07070707073,170454.54545454547,170454.54545454547,112373.73737373739,162878.7878787879,130050.50505050506,142676.7676767677,97222.22222222223,145202.0202020202,155303.0303030303,154040.40404040404,131313.1313131313,147727.27272727274,128787.8787878788,121212.12121212122,116161.61616161617,133838.38383838386,119949.49494949495,106060.60606060606,111111.11111111112,121212.12121212122,93434.34343434343,103535.35353535354,79545.45454545454,80808.08080808082,,,,,,,,,,,,,,,,,,,,,,,,,,,,,,
,,,,,,,,,,,,,,,,,,,,,,,,,,,,,,,,,,,,,,,,,89646.46464646465,89646.46464646465,103535.35353535354,117424.24242424243,121212.12121212122,145202.0202020202,132575.7575757576,164141.41414141416,109848.48484848485,113636.36363636365,116161.61616161617,137626.26262626264,157828.28282828283,130050.50505050506,130050.50505050506,111111.11111111112,135101.01010101012,127525.25252525254,118686.8686868687,131313.1313131313,137626.26262626264,137626.26262626264,148989.898989899,142676.7676767677,171717.17171717173,181818.18181818182,167929.29292929295,166666.6666666667,143939.39393939395,156565.65656565657,178030.30303030304,145202.0202020202,143939.39393939395,117424.24242424243,154040.40404040404,146464.64646464647,122474.74747474748,117424.24242424243,169191.9191919192,151515.15151515152,146464.64646464647,169191.9191919192,138888.8888888889,147727.27272727274,154040.40404040404,104797.9797979798,130050.50505050506,133838.38383838386,143939.39393939395,128787.8787878788,118686.8686868687,119949.49494949495,121212.12121212122,108585.85858585859,88383.83838383839,103535.35353535354,111111.11111111112,109848.48484848485,82070.70707070708,,,,,,,,,,,,,,,,,,,,,,,,,,,,
,,,,,,,,,,,,,,,,,,,,,,,,,,,,,,,,,,,,,,,,,83333.33333333334,90909.09090909091,95959.59595959597,107323.23232323233,98484.8484848485,116161.61616161617,156565.65656565657,131313.1313131313,104797.9797979798,146464.64646464647,146464.64646464647,101010.10101010102,123737.37373737374,126262.62626262628,130050.50505050506,133838.38383838386,172979.797979798,138888.8888888889,133838.38383838386,136363.63636363638,154040.40404040404,171717.17171717173,133838.38383838386,169191.9191919192,190656.56565656565,138888.8888888889,156565.65656565657,162878.7878787879,132575.7575757576,138888.8888888889,164141.41414141416,140151.51515151517,128787.8787878788,119949.49494949495,140151.51515151517,125000.00000000001,121212.12121212122,127525.25252525254,145202.0202020202,146464.64646464647,159090.9090909091,154040.40404040404,160353.53535353535,132575.7575757576,119949.49494949495,104797.9797979798,131313.1313131313,155303.0303030303,154040.40404040404,147727.27272727274,170454.54545454547,135101.01010101012,123737.37373737374,104797.9797979798,119949.49494949495,102272.72727272728,106060.60606060606,87121.21212121213,92171.71717171717,87121.21212121213,98484.8484848485,103535.35353535354,61868.68686868687,,,,,,,,,,,,,,,,,,,,,,,,
,,,,,,,,,,,,,,,,,,,,,,,,,,,,,,,,,,,,,,,84595.9595959596,82070.70707070708,74494.9494949495,108585.85858585859,114898.98989898991,112373.73737373739,109848.48484848485,148989.898989899,113636.36363636365,145202.0202020202,131313.1313131313,133838.38383838386,126262.62626262628,137626.26262626264,128787.8787878788,141414.14141414143,157828.28282828283,171717.17171717173,162878.7878787879,148989.898989899,108585.85858585859,143939.39393939395,185606.0606060606,152777.77777777778,150252.52525252526,174242.42424242425,152777.77777777778,185606.0606060606,151515.15151515152,188131.31313131313,127525.25252525254,180555.55555555556,154040.40404040404,142676.7676767677,175505.05050505052,126262.62626262628,135101.01010101012,148989.898989899,164141.41414141416,132575.7575757576,152777.77777777778,147727.27272727274,119949.49494949495,155303.0303030303,155303.0303030303,152777.77777777778,136363.63636363638,136363.63636363638,142676.7676767677,128787.8787878788,147727.27272727274,131313.1313131313,125000.00000000001,125000.00000000001,123737.37373737374,151515.15151515152,130050.50505050506,113636.36363636365,130050.50505050506,97222.22222222223,112373.73737373739,90909.09090909091,111111.11111111112,116161.61616161617,112373.73737373739,87121.21212121213,,,,,,,,,,,,,,,,,,,,,,,
,,,,,,,,,,,,,,,,,,,,,,,,,,,,,,,,,,,,,,71969.69696969698,101010.10101010102,75757.57575757576,117424.24242424243,117424.24242424243,138888.8888888889,157828.28282828283,150252.52525252526,154040.40404040404,154040.40404040404,126262.62626262628,130050.50505050506,148989.898989899,119949.49494949495,122474.74747474748,160353.53535353535,159090.9090909091,162878.7878787879,148989.898989899,165404.04040404042,171717.17171717173,135101.01010101012,161616.16161616164,132575.7575757576,165404.04040404042,145202.0202020202,118686.8686868687,152777.77777777778,157828.28282828283,159090.9090909091,135101.01010101012,142676.7676767677,154040.40404040404,146464.64646464647,162878.7878787879,166666.6666666667,172979.797979798,148989.898989899,184343.43434343435,131313.1313131313,179292.9292929293,171717.17171717173,203282.8282828283,150252.52525252526,157828.28282828283,160353.53535353535,150252.52525252526,176767.67676767678,156565.65656565657,140151.51515151517,138888.8888888889,164141.41414141416,152777.77777777778,118686.8686868687,118686.8686868687,127525.25252525254,126262.62626262628,123737.37373737374,148989.898989899,109848.48484848485,118686.8686868687,104797.9797979798,107323.23232323233,128787.8787878788,108585.85858585859,108585.85858585859,116161.61616161617,79545.45454545454,,,,,,,,,,,,,,,,,,,,,,
,,,,,,,,,,,,,,,,,,,,,,,,,,,,,,,,,,,,,,95959.59595959597,103535.35353535354,127525.25252525254,80808.08080808082,119949.49494949495,125000.00000000001,133838.38383838386,161616.16161616164,137626.26262626264,147727.27272727274,142676.7676767677,142676.7676767677,167929.29292929295,180555.55555555556,157828.28282828283,143939.39393939395,143939.39393939395,156565.65656565657,143939.39393939395,147727.27272727274,145202.0202020202,150252.52525252526,164141.41414141416,151515.15151515152,171717.17171717173,156565.65656565657,160353.53535353535,162878.7878787879,141414.14141414143,148989.898989899,165404.04040404042,150252.52525252526,162878.7878787879,148989.898989899,145202.0202020202,154040.40404040404,174242.42424242425,132575.7575757576,131313.1313131313,146464.64646464647,160353.53535353535,164141.41414141416,152777.77777777778,166666.6666666667,148989.898989899,159090.9090909091,140151.51515151517,159090.9090909091,188131.31313131313,154040.40404040404,150252.52525252526,136363.63636363638,128787.8787878788,155303.0303030303,127525.25252525254,135101.01010101012,114898.98989898991,118686.8686868687,117424.24242424243,117424.24242424243,138888.8888888889,103535.35353535354,126262.62626262628,121212.12121212122,141414.14141414143,108585.85858585859,93434.34343434343,84595.9595959596,99747.47474747476,,,,,,,,,,,,,,,,,,,,,
,,,,,,,,,,,,,,,,,,,,,,,,,,,,,,,,,,,,,68181.81818181819,111111.11111111112,119949.49494949495,132575.7575757576,132575.7575757576,122474.74747474748,138888.8888888889,152777.77777777778,146464.64646464647,145202.0202020202,179292.9292929293,145202.0202020202,151515.15151515152,176767.67676767678,184343.43434343435,142676.7676767677,160353.53535353535,138888.8888888889,132575.7575757576,152777.77777777778,161616.16161616164,151515.15151515152,162878.7878787879,160353.53535353535,179292.9292929293,156565.65656565657,128787.8787878788,180555.55555555556,127525.25252525254,141414.14141414143,135101.01010101012,180555.55555555556,152777.77777777778,130050.50505050506,178030.30303030304,189393.9393939394,136363.63636363638,167929.29292929295,146464.64646464647,125000.00000000001,137626.26262626264,164141.41414141416,156565.65656565657,180555.55555555556,160353.53535353535,155303.0303030303,156565.65656565657,156565.65656565657,160353.53535353535,146464.64646464647,166666.6666666667,151515.15151515152,151515.15151515152,138888.8888888889,161616.16161616164,137626.26262626264,142676.7676767677,145202.0202020202,152777.77777777778,126262.62626262628,143939.39393939395,102272.72727272728,121212.12121212122,125000.00000000001,138888.8888888889,140151.51515151517,123737.37373737374,89646.46464646465,97222.22222222223,84595.9595959596,71969.69696969698,78282.82828282828,112373.73737373739,101010.10101010102,,,,,,,,,,,,,,,,,
,,,,,,,,,,,,,,,,,,,,,,,,,,,,,,,,,,,,,60606.06060606061,103535.35353535354,102272.72727272728,116161.61616161617,123737.37373737374,140151.51515151517,133838.38383838386,152777.77777777778,170454.54545454547,175505.05050505052,179292.9292929293,172979.797979798,165404.04040404042,161616.16161616164,159090.9090909091,162878.7878787879,188131.31313131313,160353.53535353535,152777.77777777778,164141.41414141416,167929.29292929295,172979.797979798,137626.26262626264,179292.9292929293,164141.41414141416,160353.53535353535,145202.0202020202,131313.1313131313,132575.7575757576,118686.8686868687,156565.65656565657,155303.0303030303,180555.55555555556,160353.53535353535,162878.7878787879,155303.0303030303,136363.63636363638,167929.29292929295,155303.0303030303,148989.898989899,136363.63636363638,148989.898989899,162878.7878787879,147727.27272727274,165404.04040404042,185606.0606060606,152777.77777777778,186868.68686868687,180555.55555555556,160353.53535353535,140151.51515151517,165404.04040404042,166666.6666666667,148989.898989899,150252.52525252526,150252.52525252526,136363.63636363638,130050.50505050506,147727.27272727274,170454.54545454547,107323.23232323233,126262.62626262628,107323.23232323233,130050.50505050506,112373.73737373739,118686.8686868687,130050.50505050506,117424.24242424243,94696.9696969697,56818.18181818182,89646.46464646465,104797.9797979798,69444.44444444445,82070.70707070708,,,,,,,,,,,,,,,,,
,,,,,,,,,,,,,,,,,,,,,,,,,,,,,,,,,,,,,92171.71717171717,95959.59595959597,121212.12121212122,111111.11111111112,150252.52525252526,128787.8787878788,130050.50505050506,150252.52525252526,148989.898989899,157828.28282828283,165404.04040404042,169191.9191919192,146464.64646464647,190656.56565656565,186868.68686868687,147727.27272727274,190656.56565656565,154040.40404040404,154040.40404040404,178030.30303030304,160353.53535353535,165404.04040404042,138888.8888888889,135101.01010101012,145202.0202020202,161616.16161616164,145202.0202020202,136363.63636363638,137626.26262626264,135101.01010101012,147727.27272727274,140151.51515151517,132575.7575757576,165404.04040404042,172979.797979798,175505.05050505052,164141.41414141416,180555.55555555556,150252.52525252526,143939.39393939395,150252.52525252526,166666.6666666667,161616.16161616164,161616.16161616164,138888.8888888889,147727.27272727274,155303.0303030303,179292.9292929293,214646.46464646465,169191.9191919192,164141.41414141416,155303.0303030303,164141.41414141416,154040.40404040404,148989.898989899,166666.6666666667,150252.52525252526,162878.7878787879,142676.7676767677,141414.14141414143,132575.7575757576,135101.01010101012,117424.24242424243,121212.12121212122,152777.77777777778,118686.8686868687,130050.50505050506,113636.36363636365,108585.85858585859,83333.33333333334,119949.49494949495,101010.10101010102,95959.59595959597,85858.58585858587,,,,,,,,,,,,,,,,,
,,,,,,,,,,,,,,,,,,,,,,,,,,,,,,,,,,,,65656.56565656565,89646.46464646465,117424.24242424243,103535.35353535354,113636.36363636365,138888.8888888889,132575.7575757576,140151.51515151517,145202.0202020202,160353.53535353535,169191.9191919192,172979.797979798,189393.9393939394,190656.56565656565,172979.797979798,170454.54545454547,180555.55555555556,159090.9090909091,176767.67676767678,181818.18181818182,169191.9191919192,164141.41414141416,162878.7878787879,165404.04040404042,172979.797979798,175505.05050505052,159090.9090909091,154040.40404040404,136363.63636363638,166666.6666666667,181818.18181818182,147727.27272727274,152777.77777777778,164141.41414141416,164141.41414141416,176767.67676767678,155303.0303030303,154040.40404040404,136363.63636363638,156565.65656565657,125000.00000000001,130050.50505050506,145202.0202020202,137626.26262626264,118686.8686868687,157828.28282828283,135101.01010101012,141414.14141414143,154040.40404040404,179292.9292929293,157828.28282828283,174242.42424242425,131313.1313131313,172979.797979798,159090.9090909091,189393.9393939394,180555.55555555556,146464.64646464647,154040.40404040404,180555.55555555556,133838.38383838386,165404.04040404042,148989.898989899,131313.1313131313,128787.8787878788,136363.63636363638,133838.38383838386,116161.61616161617,112373.73737373739,109848.48484848485,103535.35353535354,103535.35353535354,98484.8484848485,83333.33333333334,87121.21212121213,77020.20202020202,,,,,,,,,,,,,,,,
,,,,,,,,,,,,,,,,,,,,,,,,,,,,,,,,,,,,84595.9595959596,79545.45454545454,112373.73737373739,122474.74747474748,116161.61616161617,150252.52525252526,140151.51515151517,156565.65656565657,143939.39393939395,151515.15151515152,145202.0202020202,172979.797979798,190656.56565656565,164141.41414141416,166666.6666666667,183080.80808080808,199494.9494949495,172979.797979798,198232.32323232325,190656.56565656565,146464.64646464647,191919.19191919194,179292.9292929293,150252.52525252526,157828.28282828283,157828.28282828283,155303.0303030303,166666.6666666667,156565.65656565657,152777.77777777778,146464.64646464647,127525.25252525254,130050.50505050506,155303.0303030303,196969.696969697,150252.52525252526,141414.14141414143,133838.38383838386,126262.62626262628,166666.6666666667,103535.35353535354,126262.62626262628,166666.6666666667,162878.7878787879,138888.8888888889,123737.37373737374,125000.00000000001,131313.1313131313,179292.9292929293,142676.7676767677,186868.68686868687,171717.17171717173,165404.04040404042,136363.63636363638,160353.53535353535,169191.9191919192,162878.7878787879,146464.64646464647,145202.0202020202,152777.77777777778,156565.65656565657,160353.53535353535,164141.41414141416,161616.16161616164,133838.38383838386,137626.26262626264,121212.12121212122,116161.61616161617,83333.33333333334,101010.10101010102,121212.12121212122,131313.1313131313,74494.9494949495,92171.71717171717,99747.47474747476,78282.82828282828,108585.85858585859,,,,,,,,,,,,,,,
,,,,,,,,,,,,,,,,,,,,,,,,,,,,,,,,,,,77020.20202020202,58080.808080808085,79545.45454545454,103535.35353535354,130050.50505050506,108585.85858585859,133838.38383838386,164141.41414141416,162878.7878787879,157828.28282828283,174242.42424242425,175505.05050505052,200757.57575757577,174242.42424242425,147727.27272727274,207070.70707070708,165404.04040404042,167929.29292929295,145202.0202020202,194444.44444444447,157828.28282828283,146464.64646464647,176767.67676767678,161616.16161616164,179292.9292929293,161616.16161616164,171717.17171717173,169191.9191919192,174242.42424242425,167929.29292929295,140151.51515151517,133838.38383838386,132575.7575757576,157828.28282828283,123737.37373737374,159090.9090909091,174242.42424242425,137626.26262626264,142676.7676767677,138888.8888888889,145202.0202020202,155303.0303030303,146464.64646464647,137626.26262626264,164141.41414141416,132575.7575757576,152777.77777777778,151515.15151515152,162878.7878787879,184343.43434343435,183080.80808080808,185606.0606060606,164141.41414141416,155303.0303030303,171717.17171717173,135101.01010101012,160353.53535353535,194444.44444444447,171717.17171717173,128787.8787878788,165404.04040404042,142676.7676767677,130050.50505050506,160353.53535353535,156565.65656565657,135101.01010101012,128787.8787878788,143939.39393939395,132575.7575757576,101010.10101010102,95959.59595959597,95959.59595959597,128787.8787878788,122474.74747474748,118686.8686868687,89646.46464646465,97222.22222222223,45454.545454545456,,,,,,,,,,,,,,,
,,,,,,,,,,,,,,,,,,,,,,,,,,,,,,,,,,75757.57575757576,90909.09090909091,127525.25252525254,102272.72727272728,123737.37373737374,127525.25252525254,157828.28282828283,123737.37373737374,154040.40404040404,170454.54545454547,146464.64646464647,142676.7676767677,183080.80808080808,154040.40404040404,175505.05050505052,141414.14141414143,174242.42424242425,171717.17171717173,143939.39393939395,172979.797979798,165404.04040404042,178030.30303030304,162878.7878787879,102272.72727272728,125000.00000000001,160353.53535353535,180555.55555555556,145202.0202020202,137626.26262626264,132575.7575757576,150252.52525252526,162878.7878787879,155303.0303030303,146464.64646464647,152777.77777777778,152777.77777777778,142676.7676767677,123737.37373737374,133838.38383838386,126262.62626262628,148989.898989899,151515.15151515152,162878.7878787879,154040.40404040404,132575.7575757576,159090.9090909091,180555.55555555556,160353.53535353535,147727.27272727274,126262.62626262628,160353.53535353535,146464.64646464647,138888.8888888889,172979.797979798,148989.898989899,159090.9090909091,145202.0202020202,162878.7878787879,166666.6666666667,172979.797979798,160353.53535353535,145202.0202020202,157828.28282828283,156565.65656565657,156565.65656565657,165404.04040404042,179292.9292929293,142676.7676767677,112373.73737373739,109848.48484848485,111111.11111111112,117424.24242424243,138888.8888888889,154040.40404040404,126262.62626262628,103535.35353535354,112373.73737373739,89646.46464646465,84595.9595959596,,,,,,,,,,,,,,,
,,,,,,,,,,,,,,,,,,,,,,,,,,,,,,,,,,88383.83838383839,93434.34343434343,103535.35353535354,132575.7575757576,138888.8888888889,102272.72727272728,130050.50505050506,141414.14141414143,140151.51515151517,156565.65656565657,174242.42424242425,179292.9292929293,218434.34343434343,151515.15151515152,185606.0606060606,172979.797979798,179292.9292929293,165404.04040404042,186868.68686868687,190656.56565656565,165404.04040404042,191919.19191919194,123737.37373737374,60606.06060606061,106060.60606060606,137626.26262626264,125000.00000000001,190656.56565656565,138888.8888888889,180555.55555555556,136363.63636363638,172979.797979798,159090.9090909091,145202.0202020202,122474.74747474748,121212.12121212122,104797.9797979798,95959.59595959597,117424.24242424243,147727.27272727274,175505.05050505052,162878.7878787879,148989.898989899,128787.8787878788,141414.14141414143,147727.27272727274,112373.73737373739,143939.39393939395,112373.73737373739,157828.28282828283,150252.52525252526,147727.27272727274,151515.15151515152,175505.05050505052,130050.50505050506,142676.7676767677,151515.15151515152,150252.52525252526,156565.65656565657,165404.04040404042,179292.9292929293,145202.0202020202,175505.05050505052,194444.44444444447,150252.52525252526,174242.42424242425,159090.9090909091,151515.15151515152,156565.65656565657,164141.41414141416,135101.01010101012,122474.74747474748,132575.7575757576,125000.00000000001,127525.25252525254,88383.83838383839,112373.73737373739,102272.72727272728,97222.22222222223,93434.34343434343,,,,,,,,,,,,,,
,,,,,,,,,,,,,,,,,,,,,,,,,,,,,,,,,94696.9696969697,84595.9595959596,114898.98989898991,113636.36363636365,143939.39393939395,151515.15151515152,108585.85858585859,112373.73737373739,126262.62626262628,127525.25252525254,152777.77777777778,166666.6666666667,193181.8181818182,138888.8888888889,171717.17171717173,217171.71717171717,213383.8383838384,167929.29292929295,205808.08080808082,183080.80808080808,161616.16161616164,175505.05050505052,160353.53535353535,161616.16161616164,141414.14141414143,141414.14141414143,165404.04040404042,166666.6666666667,159090.9090909091,154040.40404040404,161616.16161616164,138888.8888888889,171717.17171717173,174242.42424242425,169191.9191919192,151515.15151515152,103535.35353535354,92171.71717171717,103535.35353535354,106060.60606060606,140151.51515151517,143939.39393939395,136363.63636363638,140151.51515151517,148989.898989899,142676.7676767677,121212.12121212122,150252.52525252526,171717.17171717173,132575.7575757576,159090.9090909091,160353.53535353535,170454.54545454547,148989.898989899,146464.64646464647,125000.00000000001,114898.98989898991,167929.29292929295,175505.05050505052,138888.8888888889,174242.42424242425,147727.27272727274,198232.32323232325,194444.44444444447,199494.9494949495,161616.16161616164,174242.42424242425,154040.40404040404,161616.16161616164,178030.30303030304,142676.7676767677,146464.64646464647,137626.26262626264,135101.01010101012,135101.01010101012,128787.8787878788,122474.74747474748,118686.8686868687,152777.77777777778,138888.8888888889,88383.83838383839,84595.9595959596,,,,,,,,,,,,,
,,,,,,,,,,,,,,,,,,,,,,,,,,,,,,,,89646.46464646465,113636.36363636365,113636.36363636365,103535.35353535354,122474.74747474748,148989.898989899,123737.37373737374,122474.74747474748,122474.74747474748,145202.0202020202,147727.27272727274,145202.0202020202,159090.9090909091,159090.9090909091,175505.05050505052,186868.68686868687,207070.70707070708,166666.6666666667,155303.0303030303,196969.696969697,190656.56565656565,142676.7676767677,154040.40404040404,170454.54545454547,202020.20202020204,174242.42424242425,146464.64646464647,160353.53535353535,135101.01010101012,170454.54545454547,159090.9090909091,143939.39393939395,162878.7878787879,142676.7676767677,148989.898989899,151515.15151515152,118686.8686868687,74494.9494949495,94696.9696969697,77020.20202020202,78282.82828282828,112373.73737373739,166666.6666666667,161616.16161616164,121212.12121212122,148989.898989899,128787.8787878788,130050.50505050506,157828.28282828283,155303.0303030303,151515.15151515152,104797.9797979798,154040.40404040404,146464.64646464647,118686.8686868687,102272.72727272728,123737.37373737374,137626.26262626264,166666.6666666667,161616.16161616164,160353.53535353535,138888.8888888889,180555.55555555556,155303.0303030303,194444.44444444447,148989.898989899,166666.6666666667,140151.51515151517,148989.898989899,147727.27272727274,159090.9090909091,123737.37373737374,135101.01010101012,127525.25252525254,150252.52525252526,150252.52525252526,145202.0202020202,141414.14141414143,137626.26262626264,95959.59595959597,113636.36363636365,133838.38383838386,89646.46464646465,,,,,,,,,,,,,
,,,,,,,,,,,,,,,,,,,,,,,,,,,,,,,87121.21212121213,104797.9797979798,104797.9797979798,146464.64646464647,135101.01010101012,130050.50505050506,133838.38383838386,152777.77777777778,117424.24242424243,147727.27272727274,133838.38383838386,148989.898989899,155303.0303030303,190656.56565656565,176767.67676767678,183080.80808080808,190656.56565656565,196969.696969697,175505.05050505052,132575.7575757576,188131.31313131313,195707.07070707073,178030.30303030304,166666.6666666667,167929.29292929295,123737.37373737374,147727.27272727274,165404.04040404042,175505.05050505052,159090.9090909091,138888.8888888889,148989.898989899,132575.7575757576,159090.9090909091,137626.26262626264,128787.8787878788,101010.10101010102,85858.58585858587,94696.9696969697,73232.32323232324,84595.9595959596,90909.09090909091,114898.98989898991,130050.50505050506,150252.52525252526,132575.7575757576,137626.26262626264,141414.14141414143,147727.27272727274,141414.14141414143,160353.53535353535,133838.38383838386,140151.51515151517,108585.85858585859,130050.50505050506,159090.9090909091,185606.0606060606,146464.64646464647,138888.8888888889,183080.80808080808,150252.52525252526,140151.51515151517,147727.27272727274,152777.77777777778,152777.77777777778,194444.44444444447,188131.31313131313,162878.7878787879,140151.51515151517,156565.65656565657,155303.0303030303,140151.51515151517,123737.37373737374,159090.9090909091,146464.64646464647,165404.04040404042,150252.52525252526,154040.40404040404,125000.00000000001,106060.60606060606,108585.85858585859,89646.46464646465,85858.58585858587,131313.1313131313,85858.58585858587,,,,,,,,,,,,
,,,,,,,,,,,,,,,,,,,,,,,,,,,,,,,94696.9696969697,101010.10101010102,109848.48484848485,126262.62626262628,143939.39393939395,126262.62626262628,156565.65656565657,155303.0303030303,157828.28282828283,142676.7676767677,128787.8787878788,146464.64646464647,164141.41414141416,162878.7878787879,188131.31313131313,152777.77777777778,166666.6666666667,154040.40404040404,180555.55555555556,165404.04040404042,207070.70707070708,181818.18181818182,172979.797979798,156565.65656565657,135101.01010101012,156565.65656565657,157828.28282828283,150252.52525252526,160353.53535353535,157828.28282828283,157828.28282828283,171717.17171717173,167929.29292929295,150252.52525252526,140151.51515151517,132575.7575757576,98484.8484848485,93434.34343434343,94696.9696969697,99747.47474747476,75757.57575757576,108585.85858585859,169191.9191919192,135101.01010101012,162878.7878787879,161616.16161616164,128787.8787878788,150252.52525252526,135101.01010101012,125000.00000000001,156565.65656565657,142676.7676767677,160353.53535353535,113636.36363636365,128787.8787878788,93434.34343434343,152777.77777777778,161616.16161616164,138888.8888888889,145202.0202020202,122474.74747474748,161616.16161616164,127525.25252525254,178030.30303030304,175505.05050505052,178030.30303030304,119949.49494949495,179292.9292929293,159090.9090909091,165404.04040404042,152777.77777777778,159090.9090909091,127525.25252525254,155303.0303030303,122474.74747474748,170454.54545454547,157828.28282828283,145202.0202020202,130050.50505050506,132575.7575757576,108585.85858585859,98484.8484848485,78282.82828282828,88383.83838383839,107323.23232323233,,,,,,,,,,,,
,,,,,,,,,,,,,,,,,,,,,,,,,,,,,,,80808.08080808082,89646.46464646465,116161.61616161617,107323.23232323233,132575.7575757576,130050.50505050506,147727.27272727274,118686.8686868687,150252.52525252526,165404.04040404042,156565.65656565657,131313.1313131313,160353.53535353535,155303.0303030303,119949.49494949495,152777.77777777778,178030.30303030304,166666.6666666667,175505.05050505052,162878.7878787879,193181.8181818182,156565.65656565657,176767.67676767678,147727.27272727274,159090.9090909091,126262.62626262628,161616.16161616164,181818.18181818182,155303.0303030303,135101.01010101012,123737.37373737374,150252.52525252526,145202.0202020202,131313.1313131313,123737.37373737374,101010.10101010102,114898.98989898991,103535.35353535354,92171.71717171717,75757.57575757576,87121.21212121213,155303.0303030303,178030.30303030304,170454.54545454547,164141.41414141416,127525.25252525254,147727.27272727274,130050.50505050506,156565.65656565657,143939.39393939395,146464.64646464647,135101.01010101012,147727.27272727274,146464.64646464647,137626.26262626264,121212.12121212122,154040.40404040404,161616.16161616164,145202.0202020202,114898.98989898991,125000.00000000001,159090.9090909091,143939.39393939395,167929.29292929295,147727.27272727274,155303.0303030303,151515.15151515152,188131.31313131313,194444.44444444447,171717.17171717173,159090.9090909091,150252.52525252526,133838.38383838386,141414.14141414143,169191.9191919192,145202.0202020202,147727.27272727274,138888.8888888889,141414.14141414143,143939.39393939395,137626.26262626264,85858.58585858587,107323.23232323233,98484.8484848485,109848.48484848485,,,,,,,,,,,,
,,,,,,,,,,,,,,,,,,,,,,,,,,,,,,,108585.85858585859,106060.60606060606,104797.9797979798,164141.41414141416,111111.11111111112,141414.14141414143,130050.50505050506,121212.12121212122,123737.37373737374,133838.38383838386,146464.64646464647,160353.53535353535,147727.27272727274,180555.55555555556,142676.7676767677,152777.77777777778,160353.53535353535,156565.65656565657,170454.54545454547,212121.21212121213,169191.9191919192,174242.42424242425,169191.9191919192,145202.0202020202,140151.51515151517,145202.0202020202,137626.26262626264,146464.64646464647,151515.15151515152,137626.26262626264,162878.7878787879,147727.27272727274,146464.64646464647,148989.898989899,145202.0202020202,122474.74747474748,128787.8787878788,125000.00000000001,107323.23232323233,108585.85858585859,126262.62626262628,104797.9797979798,143939.39393939395,121212.12121212122,125000.00000000001,155303.0303030303,145202.0202020202,132575.7575757576,171717.17171717173,161616.16161616164,148989.898989899,145202.0202020202,186868.68686868687,161616.16161616164,130050.50505050506,172979.797979798,171717.17171717173,155303.0303030303,138888.8888888889,130050.50505050506,122474.74747474748,155303.0303030303,137626.26262626264,135101.01010101012,97222.22222222223,116161.61616161617,150252.52525252526,189393.9393939394,180555.55555555556,203282.8282828283,181818.18181818182,184343.43434343435,174242.42424242425,175505.05050505052,147727.27272727274,130050.50505050506,156565.65656565657,140151.51515151517,140151.51515151517,151515.15151515152,146464.64646464647,119949.49494949495,99747.47474747476,93434.34343434343,104797.9797979798,,,,,,,,,,,,
,,,,,,,,,,,,,,,,,,,,,,,,,,,,,,79545.45454545454,113636.36363636365,126262.62626262628,151515.15151515152,145202.0202020202,121212.12121212122,125000.00000000001,183080.80808080808,136363.63636363638,159090.9090909091,142676.7676767677,155303.0303030303,194444.44444444447,166666.6666666667,164141.41414141416,178030.30303030304,150252.52525252526,184343.43434343435,181818.18181818182,165404.04040404042,159090.9090909091,157828.28282828283,170454.54545454547,143939.39393939395,151515.15151515152,143939.39393939395,178030.30303030304,169191.9191919192,137626.26262626264,154040.40404040404,138888.8888888889,131313.1313131313,132575.7575757576,169191.9191919192,140151.51515151517,138888.8888888889,112373.73737373739,108585.85858585859,118686.8686868687,118686.8686868687,119949.49494949495,161616.16161616164,152777.77777777778,154040.40404040404,108585.85858585859,146464.64646464647,146464.64646464647,171717.17171717173,166666.6666666667,152777.77777777778,143939.39393939395,128787.8787878788,142676.7676767677,132575.7575757576,133838.38383838386,142676.7676767677,160353.53535353535,174242.42424242425,164141.41414141416,145202.0202020202,123737.37373737374,106060.60606060606,127525.25252525254,136363.63636363638,152777.77777777778,200757.57575757577,140151.51515151517,140151.51515151517,205808.08080808082,169191.9191919192,174242.42424242425,167929.29292929295,152777.77777777778,162878.7878787879,165404.04040404042,169191.9191919192,156565.65656565657,141414.14141414143,145202.0202020202,137626.26262626264,128787.8787878788,140151.51515151517,111111.11111111112,74494.9494949495,101010.10101010102,122474.74747474748,,,,,,,,,,,,
,,,,,,,,,,,,,,,,,,,,,,,,,,,,,,99747.47474747476,80808.08080808082,130050.50505050506,147727.27272727274,128787.8787878788,127525.25252525254,128787.8787878788,189393.9393939394,133838.38383838386,157828.28282828283,132575.7575757576,159090.9090909091,165404.04040404042,165404.04040404042,179292.9292929293,164141.41414141416,165404.04040404042,162878.7878787879,186868.68686868687,180555.55555555556,166666.6666666667,141414.14141414143,167929.29292929295,141414.14141414143,167929.29292929295,143939.39393939395,152777.77777777778,121212.12121212122,141414.14141414143,145202.0202020202,142676.7676767677,128787.8787878788,135101.01010101012,114898.98989898991,122474.74747474748,142676.7676767677,122474.74747474748,133838.38383838386,126262.62626262628,133838.38383838386,169191.9191919192,152777.77777777778,151515.15151515152,169191.9191919192,130050.50505050506,151515.15151515152,150252.52525252526,179292.9292929293,145202.0202020202,155303.0303030303,175505.05050505052,172979.797979798,183080.80808080808,137626.26262626264,111111.11111111112,130050.50505050506,145202.0202020202,180555.55555555556,160353.53535353535,122474.74747474748,146464.64646464647,140151.51515151517,175505.05050505052,137626.26262626264,143939.39393939395,169191.9191919192,160353.53535353535,160353.53535353535,190656.56565656565,161616.16161616164,167929.29292929295,143939.39393939395,180555.55555555556,188131.31313131313,176767.67676767678,148989.898989899,152777.77777777778,138888.8888888889,165404.04040404042,140151.51515151517,114898.98989898991,117424.24242424243,98484.8484848485,79545.45454545454,79545.45454545454,68181.81818181819,,,,,,,,,,,,
,,,,,,,,,,,,,,,,,,,,,,,,,,,,,79545.45454545454,92171.71717171717,94696.9696969697,111111.11111111112,135101.01010101012,127525.25252525254,150252.52525252526,148989.898989899,170454.54545454547,174242.42424242425,166666.6666666667,154040.40404040404,145202.0202020202,191919.19191919194,172979.797979798,179292.9292929293,162878.7878787879,156565.65656565657,183080.80808080808,199494.9494949495,181818.18181818182,155303.0303030303,169191.9191919192,151515.15151515152,191919.19191919194,164141.41414141416,122474.74747474748,122474.74747474748,108585.85858585859,128787.8787878788,161616.16161616164,138888.8888888889,146464.64646464647,142676.7676767677,142676.7676767677,137626.26262626264,135101.01010101012,135101.01010101012,137626.26262626264,143939.39393939395,128787.8787878788,166666.6666666667,160353.53535353535,140151.51515151517,185606.0606060606,166666.6666666667,140151.51515151517,150252.52525252526,147727.27272727274,141414.14141414143,146464.64646464647,160353.53535353535,147727.27272727274,160353.53535353535,157828.28282828283,164141.41414141416,171717.17171717173,191919.19191919194,195707.07070707073,185606.0606060606,160353.53535353535,164141.41414141416,189393.9393939394,193181.8181818182,179292.9292929293,142676.7676767677,169191.9191919192,142676.7676767677,183080.80808080808,193181.8181818182,155303.0303030303,155303.0303030303,159090.9090909091,185606.0606060606,166666.6666666667,132575.7575757576,170454.54545454547,172979.797979798,167929.29292929295,155303.0303030303,118686.8686868687,142676.7676767677,122474.74747474748,93434.34343434343,70707.07070707071,88383.83838383839,102272.72727272728,,,,,,,,,,,,
,,,,,,,,,,,,,,,,,,,,,,,,,,,,,99747.47474747476,108585.85858585859,113636.36363636365,118686.8686868687,155303.0303030303,185606.0606060606,145202.0202020202,161616.16161616164,174242.42424242425,167929.29292929295,121212.12121212122,150252.52525252526,164141.41414141416,175505.05050505052,165404.04040404042,186868.68686868687,232323.23232323234,178030.30303030304,180555.55555555556,183080.80808080808,166666.6666666667,155303.0303030303,147727.27272727274,184343.43434343435,155303.0303030303,178030.30303030304,109848.48484848485,122474.74747474748,157828.28282828283,162878.7878787879,156565.65656565657,117424.24242424243,167929.29292929295,166666.6666666667,155303.0303030303,130050.50505050506,119949.49494949495,141414.14141414143,127525.25252525254,159090.9090909091,132575.7575757576,142676.7676767677,166666.6666666667,171717.17171717173,143939.39393939395,103535.35353535354,162878.7878787879,113636.36363636365,,,,130050.50505050506,114898.98989898991,,,113636.36363636365,141414.14141414143,166666.6666666667,169191.9191919192,165404.04040404042,169191.9191919192,183080.80808080808,183080.80808080808,164141.41414141416,171717.17171717173,165404.04040404042,179292.9292929293,181818.18181818182,150252.52525252526,152777.77777777778,157828.28282828283,161616.16161616164,178030.30303030304,141414.14141414143,193181.8181818182,186868.68686868687,176767.67676767678,161616.16161616164,150252.52525252526,146464.64646464647,159090.9090909091,130050.50505050506,117424.24242424243,123737.37373737374,106060.60606060606,103535.35353535354,78282.82828282828,,,,,,,,,,,,
,,,,,,,,,,,,,,,,,,,,,,,,,,,,,106060.60606060606,128787.8787878788,131313.1313131313,150252.52525252526,169191.9191919192,143939.39393939395,178030.30303030304,155303.0303030303,166666.6666666667,180555.55555555556,123737.37373737374,183080.80808080808,183080.80808080808,179292.9292929293,156565.65656565657,178030.30303030304,209595.9595959596,128787.8787878788,172979.797979798,155303.0303030303,166666.6666666667,162878.7878787879,159090.9090909091,167929.29292929295,125000.00000000001,135101.01010101012,117424.24242424243,141414.14141414143,138888.8888888889,123737.37373737374,102272.72727272728,89646.46464646465,141414.14141414143,117424.24242424243,183080.80808080808,126262.62626262628,162878.7878787879,156565.65656565657,157828.28282828283,123737.37373737374,146464.64646464647,145202.0202020202,170454.54545454547,140151.51515151517,126262.62626262628,116161.61616161617,,,,,,,,,,,,109848.48484848485,164141.41414141416,181818.18181818182,142676.7676767677,131313.1313131313,143939.39393939395,137626.26262626264,150252.52525252526,147727.27272727274,165404.04040404042,179292.9292929293,146464.64646464647,188131.31313131313,179292.9292929293,188131.31313131313,179292.9292929293,171717.17171717173,164141.41414141416,141414.14141414143,178030.30303030304,200757.57575757577,140151.51515151517,142676.7676767677,126262.62626262628,122474.74747474748,122474.74747474748,116161.61616161617,107323.23232323233,106060.60606060606,85858.58585858587,,,,,,,,,,,,
,,,,,,,,,,,,,,,,,,,,,,,,,,,,79545.45454545454,103535.35353535354,126262.62626262628,141414.14141414143,112373.73737373739,200757.57575757577,148989.898989899,154040.40404040404,171717.17171717173,181818.18181818182,162878.7878787879,155303.0303030303,135101.01010101012,179292.9292929293,181818.18181818182,184343.43434343435,180555.55555555556,171717.17171717173,161616.16161616164,167929.29292929295,176767.67676767678,160353.53535353535,166666.6666666667,181818.18181818182,137626.26262626264,114898.98989898991,119949.49494949495,131313.1313131313,117424.24242424243,125000.00000000001,143939.39393939395,111111.11111111112,142676.7676767677,151515.15151515152,145202.0202020202,102272.72727272728,150252.52525252526,155303.0303030303,142676.7676767677,119949.49494949495,74494.9494949495,132575.7575757576,150252.52525252526,132575.7575757576,131313.1313131313,,,,,,,,,,,,,,,131313.1313131313,141414.14141414143,200757.57575757577,148989.898989899,194444.44444444447,176767.67676767678,166666.6666666667,161616.16161616164,184343.43434343435,135101.01010101012,183080.80808080808,174242.42424242425,170454.54545454547,186868.68686868687,162878.7878787879,170454.54545454547,154040.40404040404,164141.41414141416,155303.0303030303,169191.9191919192,156565.65656565657,152777.77777777778,119949.49494949495,121212.12121212122,133838.38383838386,121212.12121212122,125000.00000000001,98484.8484848485,,,,,,,,,,,,,
,,,,,,,,,,,,,,,,,,,,,,,,,,,,88383.83838383839,126262.62626262628,126262.62626262628,140151.51515151517,162878.7878787879,169191.9191919192,159090.9090909091,145202.0202020202,156565.65656565657,157828.28282828283,155303.0303030303,167929.29292929295,147727.27272727274,179292.9292929293,169191.9191919192,174242.42424242425,162878.7878787879,198232.32323232325,165404.04040404042,166666.6666666667,160353.53535353535,147727.27272727274,161616.16161616164,132575.7575757576,162878.7878787879,130050.50505050506,136363.63636363638,108585.85858585859,131313.1313131313,152777.77777777778,131313.1313131313,141414.14141414143,145202.0202020202,127525.25252525254,147727.27272727274,123737.37373737374,145202.0202020202,113636.36363636365,118686.8686868687,143939.39393939395,101010.10101010102,132575.7575757576,148989.898989899,108585.85858585859,,,,,,,,,,,,,,,,,137626.26262626264,154040.40404040404,147727.27272727274,222222.22222222225,170454.54545454547,184343.43434343435,165404.04040404042,161616.16161616164,141414.14141414143,183080.80808080808,188131.31313131313,178030.30303030304,184343.43434343435,184343.43434343435,167929.29292929295,151515.15151515152,166666.6666666667,162878.7878787879,161616.16161616164,157828.28282828283,162878.7878787879,128787.8787878788,136363.63636363638,107323.23232323233,116161.61616161617,95959.59595959597,89646.46464646465,,,,,,,,,,,,,
,,,,,,,,,,,,,,,,,,,,,,,,,,,75757.57575757576,109848.48484848485,146464.64646464647,156565.65656565657,161616.16161616164,159090.9090909091,151515.15151515152,169191.9191919192,166666.6666666667,161616.16161616164,155303.0303030303,160353.53535353535,190656.56565656565,157828.28282828283,167929.29292929295,148989.898989899,132575.7575757576,166666.6666666667,185606.0606060606,165404.04040404042,143939.39393939395,169191.9191919192,147727.27272727274,138888.8888888889,99747.47474747476,113636.36363636365,133838.38383838386,118686.8686868687,94696.9696969697,154040.40404040404,136363.63636363638,128787.8787878788,104797.9797979798,104797.9797979798,154040.40404040404,108585.85858585859,116161.61616161617,121212.12121212122,119949.49494949495,131313.1313131313,152777.77777777778,160353.53535353535,141414.14141414143,109848.48484848485,,,,,,,,,,,,,,,,,,,118686.8686868687,137626.26262626264,172979.797979798,190656.56565656565,155303.0303030303,155303.0303030303,181818.18181818182,190656.56565656565,172979.797979798,178030.30303030304,190656.56565656565,162878.7878787879,191919.19191919194,181818.18181818182,186868.68686868687,199494.9494949495,171717.17171717173,180555.55555555556,160353.53535353535,118686.8686868687,116161.61616161617,132575.7575757576,103535.35353535354,114898.98989898991,90909.09090909091,88383.83838383839,,,,,,,,,,,,,
,,,,,,,,,,,,,,,,,,,,,,,,,,,74494.9494949495,111111.11111111112,142676.7676767677,130050.50505050506,166666.6666666667,185606.0606060606,179292.9292929293,151515.15151515152,172979.797979798,164141.41414141416,170454.54545454547,180555.55555555556,162878.7878787879,159090.9090909091,165404.04040404042,186868.68686868687,190656.56565656565,176767.67676767678,143939.39393939395,162878.7878787879,146464.64646464647,183080.80808080808,140151.51515151517,167929.29292929295,130050.50505050506,132575.7575757576,133838.38383838386,113636.36363636365,102272.72727272728,147727.27272727274,125000.00000000001,159090.9090909091,114898.98989898991,142676.7676767677,135101.01010101012,143939.39393939395,150252.52525252526,133838.38383838386,131313.1313131313,142676.7676767677,142676.7676767677,164141.41414141416,127525.25252525254,,,,,,,,,,,,,,,,,,,,,133838.38383838386,186868.68686868687,162878.7878787879,194444.44444444447,156565.65656565657,174242.42424242425,172979.797979798,190656.56565656565,199494.9494949495,181818.18181818182,160353.53535353535,199494.9494949495,143939.39393939395,209595.9595959596,172979.797979798,154040.40404040404,184343.43434343435,152777.77777777778,114898.98989898991,113636.36363636365,101010.10101010102,133838.38383838386,90909.09090909091,83333.33333333334,,,,,,,,,,,,,,
,,,,,,,,,,,,,,,,,,,,,,,,,,93434.34343434343,99747.47474747476,109848.48484848485,127525.25252525254,141414.14141414143,131313.1313131313,172979.797979798,195707.07070707073,171717.17171717173,169191.9191919192,146464.64646464647,175505.05050505052,184343.43434343435,155303.0303030303,160353.53535353535,162878.7878787879,171717.17171717173,160353.53535353535,148989.898989899,167929.29292929295,154040.40404040404,146464.64646464647,126262.62626262628,141414.14141414143,154040.40404040404,152777.77777777778,145202.0202020202,143939.39393939395,123737.37373737374,128787.8787878788,109848.48484848485,90909.09090909091,164141.41414141416,152777.77777777778,156565.65656565657,130050.50505050506,160353.53535353535,131313.1313131313,117424.24242424243,119949.49494949495,159090.9090909091,161616.16161616164,126262.62626262628,,,,,,,,,,,,,,,,,,,,,,127525.25252525254,166666.6666666667,166666.6666666667,106060.60606060606,146464.64646464647,119949.49494949495,152777.77777777778,222222.22222222225,167929.29292929295,172979.797979798,200757.57575757577,181818.18181818182,223484.8484848485,174242.42424242425,203282.8282828283,184343.43434343435,151515.15151515152,147727.27272727274,145202.0202020202,155303.0303030303,125000.00000000001,92171.71717171717,90909.09090909091,,,,,,,,,,,,,,,
,,,,,,,,,,,,,,,,,,,,,,,,,,117424.24242424243,133838.38383838386,123737.37373737374,150252.52525252526,130050.50505050506,181818.18181818182,165404.04040404042,145202.0202020202,165404.04040404042,165404.04040404042,132575.7575757576,166666.6666666667,180555.55555555556,157828.28282828283,174242.42424242425,157828.28282828283,154040.40404040404,172979.797979798,172979.797979798,155303.0303030303,148989.898989899,165404.04040404042,154040.40404040404,164141.41414141416,127525.25252525254,146464.64646464647,155303.0303030303,156565.65656565657,88383.83838383839,121212.12121212122,121212.12121212122,157828.28282828283,150252.52525252526,122474.74747474748,116161.61616161617,150252.52525252526,113636.36363636365,161616.16161616164,109848.48484848485,123737.37373737374,133838.38383838386,104797.9797979798,,,,,,,,,,,,,,,,,,,,,,,,169191.9191919192,119949.49494949495,159090.9090909091,171717.17171717173,181818.18181818182,194444.44444444447,210858.58585858587,164141.41414141416,190656.56565656565,169191.9191919192,167929.29292929295,175505.05050505052,169191.9191919192,169191.9191919192,169191.9191919192,171717.17171717173,140151.51515151517,111111.11111111112,128787.8787878788,119949.49494949495,99747.47474747476,80808.08080808082,,,,,,,,,,,,,,,
,,,,,,,,,,,,,,,,,,,,,,,,,,101010.10101010102,127525.25252525254,145202.0202020202,150252.52525252526,157828.28282828283,161616.16161616164,160353.53535353535,164141.41414141416,152777.77777777778,174242.42424242425,169191.9191919192,172979.797979798,203282.8282828283,157828.28282828283,184343.43434343435,181818.18181818182,89646.46464646465,148989.898989899,178030.30303030304,160353.53535353535,178030.30303030304,176767.67676767678,170454.54545454547,175505.05050505052,138888.8888888889,104797.9797979798,157828.28282828283,119949.49494949495,90909.09090909091,119949.49494949495,138888.8888888889,128787.8787878788,109848.48484848485,141414.14141414143,131313.1313131313,137626.26262626264,117424.24242424243,126262.62626262628,179292.9292929293,116161.61616161617,138888.8888888889,,,,,,,,,,,,,,,,,,,,,,,,,114898.98989898991,154040.40404040404,142676.7676767677,199494.9494949495,190656.56565656565,166666.6666666667,160353.53535353535,186868.68686868687,162878.7878787879,170454.54545454547,184343.43434343435,183080.80808080808,155303.0303030303,186868.68686868687,183080.80808080808,142676.7676767677,161616.16161616164,131313.1313131313,116161.61616161617,118686.8686868687,101010.10101010102,,,,,,,,,,,,,,,,
,,,,,,,,,,,,,,,,,,,,,,,,,,103535.35353535354,116161.61616161617,130050.50505050506,140151.51515151517,140151.51515151517,183080.80808080808,167929.29292929295,148989.898989899,190656.56565656565,165404.04040404042,150252.52525252526,184343.43434343435,166666.6666666667,184343.43434343435,159090.9090909091,169191.9191919192,114898.98989898991,123737.37373737374,128787.8787878788,142676.7676767677,130050.50505050506,162878.7878787879,190656.56565656565,156565.65656565657,155303.0303030303,147727.27272727274,136363.63636363638,114898.98989898991,119949.49494949495,122474.74747474748,138888.8888888889,126262.62626262628,112373.73737373739,150252.52525252526,131313.1313131313,99747.47474747476,148989.898989899,97222.22222222223,143939.39393939395,137626.26262626264,,,,,,,,,,,,,,,,,,,,,,,,,,99747.47474747476,118686.8686868687,171717.17171717173,156565.65656565657,209595.9595959596,169191.9191919192,183080.80808080808,166666.6666666667,185606.0606060606,190656.56565656565,208333.33333333334,190656.56565656565,157828.28282828283,169191.9191919192,165404.04040404042,183080.80808080808,118686.8686868687,114898.98989898991,140151.51515151517,116161.61616161617,78282.82828282828,,,,,,,,,,,,,,,,
,,,,,,,,,,,,,,,,,,,,,,,,,79545.45454545454,116161.61616161617,119949.49494949495,147727.27272727274,172979.797979798,183080.80808080808,167929.29292929295,169191.9191919192,167929.29292929295,123737.37373737374,171717.17171717173,183080.80808080808,179292.9292929293,164141.41414141416,180555.55555555556,170454.54545454547,152777.77777777778,145202.0202020202,172979.797979798,155303.0303030303,135101.01010101012,131313.1313131313,151515.15151515152,184343.43434343435,160353.53535353535,146464.64646464647,142676.7676767677,148989.898989899,128787.8787878788,107323.23232323233,121212.12121212122,154040.40404040404,165404.04040404042,117424.24242424243,125000.00000000001,146464.64646464647,135101.01010101012,114898.98989898991,103535.35353535354,,,,,,,,,,,,,,,,,,,,,,,,,,,,143939.39393939395,166666.6666666667,185606.0606060606,176767.67676767678,169191.9191919192,176767.67676767678,222222.22222222225,185606.0606060606,175505.05050505052,172979.797979798,181818.18181818182,190656.56565656565,178030.30303030304,172979.797979798,161616.16161616164,151515.15151515152,128787.8787878788,90909.09090909091,83333.33333333334,108585.85858585859,79545.45454545454,,,,,,,,,,,,,,,,
,,,,,,,,,,,,,,,,,,,,,,,,,121212.12121212122,97222.22222222223,133838.38383838386,148989.898989899,174242.42424242425,151515.15151515152,189393.9393939394,188131.31313131313,186868.68686868687,191919.19191919194,171717.17171717173,169191.9191919192,160353.53535353535,172979.797979798,183080.80808080808,183080.80808080808,142676.7676767677,188131.31313131313,147727.27272727274,121212.12121212122,141414.14141414143,140151.51515151517,148989.898989899,171717.17171717173,138888.8888888889,132575.7575757576,161616.16161616164,133838.38383838386,142676.7676767677,145202.0202020202,114898.98989898991,106060.60606060606,152777.77777777778,109848.48484848485,106060.60606060606,148989.898989899,146464.64646464647,157828.28282828283,127525.25252525254,,,,,,,,,,,,,,,,,,,,,,,,,,,,159090.9090909091,178030.30303030304,165404.04040404042,200757.57575757577,202020.20202020204,176767.67676767678,151515.15151515152,175505.05050505052,193181.8181818182,189393.9393939394,194444.44444444447,172979.797979798,181818.18181818182,174242.42424242425,148989.898989899,148989.898989899,128787.8787878788,114898.98989898991,122474.74747474748,90909.09090909091,,,,,,,,,,,,,,,,,
,,,,,,,,,,,,,,,,,,,,,,,,98484.8484848485,138888.8888888889,147727.27272727274,143939.39393939395,147727.27272727274,170454.54545454547,151515.15151515152,140151.51515151517,167929.29292929295,171717.17171717173,142676.7676767677,169191.9191919192,183080.80808080808,202020.20202020204,159090.9090909091,195707.07070707073,152777.77777777778,150252.52525252526,166666.6666666667,157828.28282828283,137626.26262626264,143939.39393939395,151515.15151515152,140151.51515151517,174242.42424242425,142676.7676767677,141414.14141414143,128787.8787878788,132575.7575757576,123737.37373737374,140151.51515151517,97222.22222222223,106060.60606060606,104797.9797979798,136363.63636363638,145202.0202020202,155303.0303030303,132575.7575757576,127525.25252525254,,,,,,,,,,,,,,,,,,,,,,,,,,,,,114898.98989898991,135101.01010101012,196969.696969697,184343.43434343435,199494.9494949495,199494.9494949495,204545.45454545456,191919.19191919194,196969.696969697,186868.68686868687,195707.07070707073,186868.68686868687,174242.42424242425,191919.19191919194,140151.51515151517,141414.14141414143,103535.35353535354,119949.49494949495,97222.22222222223,,,,,,,,,,,,,,,,,,
,,,,,,,,,,,,,,,,,,,,,,,,113636.36363636365,127525.25252525254,119949.49494949495,138888.8888888889,181818.18181818182,160353.53535353535,190656.56565656565,169191.9191919192,176767.67676767678,183080.80808080808,184343.43434343435,183080.80808080808,188131.31313131313,175505.05050505052,154040.40404040404,186868.68686868687,181818.18181818182,155303.0303030303,135101.01010101012,162878.7878787879,186868.68686868687,160353.53535353535,157828.28282828283,130050.50505050506,121212.12121212122,137626.26262626264,154040.40404040404,154040.40404040404,148989.898989899,137626.26262626264,123737.37373737374,127525.25252525254,121212.12121212122,141414.14141414143,165404.04040404042,133838.38383838386,147727.27272727274,151515.15151515152,119949.49494949495,,,,,,,,,,,,,,,,,,,,,,,,,,,,,142676.7676767677,189393.9393939394,199494.9494949495,179292.9292929293,178030.30303030304,164141.41414141416,195707.07070707073,156565.65656565657,167929.29292929295,172979.797979798,188131.31313131313,162878.7878787879,178030.30303030304,151515.15151515152,161616.16161616164,164141.41414141416,119949.49494949495,101010.10101010102,66919.19191919193,,,,,,,,,,,,,,,,,,
,,,,,,,,,,,,,,,,,,,,,,,,114898.98989898991,116161.61616161617,147727.27272727274,155303.0303030303,181818.18181818182,154040.40404040404,190656.56565656565,194444.44444444447,174242.42424242425,165404.04040404042,190656.56565656565,178030.30303030304,154040.40404040404,165404.04040404042,189393.9393939394,178030.30303030304,172979.797979798,180555.55555555556,162878.7878787879,174242.42424242425,154040.40404040404,160353.53535353535,140151.51515151517,147727.27272727274,146464.64646464647,127525.25252525254,111111.11111111112,172979.797979798,162878.7878787879,127525.25252525254,117424.24242424243,150252.52525252526,148989.898989899,212121.21212121213,156565.65656565657,109848.48484848485,146464.64646464647,130050.50505050506,,,,,,,,,,,,,,,,,,,,,,,,,,,,,,138888.8888888889,176767.67676767678,220959.595959596,223484.8484848485,164141.41414141416,145202.0202020202,164141.41414141416,176767.67676767678,165404.04040404042,155303.0303030303,170454.54545454547,162878.7878787879,184343.43434343435,165404.04040404042,156565.65656565657,142676.7676767677,113636.36363636365,109848.48484848485,,,,,,,,,,,,,,,,,,,
,,,,,,,,,,,,,,,,,,,,,,,92171.71717171717,131313.1313131313,138888.8888888889,128787.8787878788,167929.29292929295,176767.67676767678,154040.40404040404,143939.39393939395,189393.9393939394,162878.7878787879,161616.16161616164,156565.65656565657,165404.04040404042,178030.30303030304,151515.15151515152,178030.30303030304,165404.04040404042,169191.9191919192,164141.41414141416,167929.29292929295,172979.797979798,147727.27272727274,156565.65656565657,122474.74747474748,146464.64646464647,133838.38383838386,143939.39393939395,127525.25252525254,176767.67676767678,121212.12121212122,114898.98989898991,150252.52525252526,133838.38383838386,157828.28282828283,148989.898989899,121212.12121212122,112373.73737373739,,,,,,,,,,,,,,,,,,,,,,,,,,,,,,,,171717.17171717173,198232.32323232325,194444.44444444447,169191.9191919192,181818.18181818182,164141.41414141416,169191.9191919192,166666.6666666667,170454.54545454547,161616.16161616164,137626.26262626264,166666.6666666667,180555.55555555556,176767.67676767678,138888.8888888889,121212.12121212122,109848.48484848485,99747.47474747476,,,,,,,,,,,,,,,,,,,
,,,,,,,,,,,,,,,,,,,,,,,112373.73737373739,135101.01010101012,137626.26262626264,133838.38383838386,166666.6666666667,169191.9191919192,174242.42424242425,179292.9292929293,178030.30303030304,159090.9090909091,164141.41414141416,167929.29292929295,171717.17171717173,165404.04040404042,161616.16161616164,174242.42424242425,174242.42424242425,159090.9090909091,151515.15151515152,170454.54545454547,140151.51515151517,169191.9191919192,172979.797979798,151515.15151515152,127525.25252525254,135101.01010101012,141414.14141414143,165404.04040404042,152777.77777777778,122474.74747474748,169191.9191919192,146464.64646464647,154040.40404040404,117424.24242424243,113636.36363636365,145202.0202020202,,,,,,,,,,,,,,,,,,,,,,,,,,,,,,,,98484.8484848485,169191.9191919192,184343.43434343435,172979.797979798,185606.0606060606,172979.797979798,152777.77777777778,162878.7878787879,162878.7878787879,181818.18181818182,190656.56565656565,170454.54545454547,176767.67676767678,159090.9090909091,143939.39393939395,150252.52525252526,145202.0202020202,102272.72727272728,,,,,,,,,,,,,,,,,,,,
,,,,,,,,,,,,,,,,,,,,,,97222.22222222223,114898.98989898991,141414.14141414143,157828.28282828283,178030.30303030304,169191.9191919192,198232.32323232325,151515.15151515152,188131.31313131313,167929.29292929295,172979.797979798,185606.0606060606,162878.7878787879,167929.29292929295,146464.64646464647,180555.55555555556,193181.8181818182,152777.77777777778,171717.17171717173,161616.16161616164,155303.0303030303,156565.65656565657,137626.26262626264,145202.0202020202,136363.63636363638,122474.74747474748,150252.52525252526,123737.37373737374,121212.12121212122,114898.98989898991,154040.40404040404,137626.26262626264,107323.23232323233,152777.77777777778,117424.24242424243,126262.62626262628,,,,,,,,,,,,,,,,,,,,,,,,,,,,,,,,,131313.1313131313,157828.28282828283,185606.0606060606,180555.55555555556,157828.28282828283,176767.67676767678,148989.898989899,165404.04040404042,143939.39393939395,165404.04040404042,162878.7878787879,161616.16161616164,155303.0303030303,166666.6666666667,160353.53535353535,137626.26262626264,123737.37373737374,103535.35353535354,,,,,,,,,,,,,,,,,,,,
,,,,,,,,,,,,,,,,,,,,,,116161.61616161617,143939.39393939395,130050.50505050506,132575.7575757576,151515.15151515152,193181.8181818182,148989.898989899,174242.42424242425,186868.68686868687,161616.16161616164,167929.29292929295,151515.15151515152,161616.16161616164,142676.7676767677,164141.41414141416,165404.04040404042,155303.0303030303,159090.9090909091,166666.6666666667,166666.6666666667,141414.14141414143,155303.0303030303,148989.898989899,138888.8888888889,141414.14141414143,156565.65656565657,169191.9191919192,159090.9090909091,167929.29292929295,162878.7878787879,116161.61616161617,123737.37373737374,108585.85858585859,121212.12121212122,132575.7575757576,,,,,,,,,,,,,,,,,,,,,,,,,,,,,,,,,,150252.52525252526,170454.54545454547,188131.31313131313,157828.28282828283,160353.53535353535,175505.05050505052,169191.9191919192,159090.9090909091,188131.31313131313,161616.16161616164,178030.30303030304,167929.29292929295,150252.52525252526,183080.80808080808,102272.72727272728,119949.49494949495,109848.48484848485,,,,,,,,,,,,,,,,,,,,,
,,,,,,,,,,,,,,,,,,,,,,101010.10101010102,146464.64646464647,151515.15151515152,160353.53535353535,147727.27272727274,171717.17171717173,186868.68686868687,198232.32323232325,167929.29292929295,176767.67676767678,159090.9090909091,155303.0303030303,186868.68686868687,161616.16161616164,169191.9191919192,175505.05050505052,170454.54545454547,146464.64646464647,189393.9393939394,150252.52525252526,151515.15151515152,148989.898989899,162878.7878787879,127525.25252525254,167929.29292929295,161616.16161616164,165404.04040404042,127525.25252525254,141414.14141414143,121212.12121212122,126262.62626262628,116161.61616161617,142676.7676767677,123737.37373737374,114898.98989898991,,,,,,,,,,,,,,,,,,,,,,,,,,,,,,,,,118686.8686868687,148989.898989899,171717.17171717173,171717.17171717173,162878.7878787879,166666.6666666667,193181.8181818182,161616.16161616164,181818.18181818182,174242.42424242425,195707.07070707073,170454.54545454547,196969.696969697,155303.0303030303,132575.7575757576,118686.8686868687,108585.85858585859,,,,,,,,,,,,,,,,,,,,,,
,,,,,,,,,,,,,,,,,,,,,95959.59595959597,127525.25252525254,118686.8686868687,156565.65656565657,156565.65656565657,169191.9191919192,179292.9292929293,188131.31313131313,176767.67676767678,162878.7878787879,160353.53535353535,196969.696969697,169191.9191919192,170454.54545454547,186868.68686868687,196969.696969697,164141.41414141416,157828.28282828283,157828.28282828283,130050.50505050506,143939.39393939395,160353.53535353535,143939.39393939395,156565.65656565657,150252.52525252526,150252.52525252526,135101.01010101012,130050.50505050506,117424.24242424243,132575.7575757576,167929.29292929295,140151.51515151517,159090.9090909091,125000.00000000001,128787.8787878788,,,,,,,,,,,,,,,,,,,,,,,,,,,,,,,,,,156565.65656565657,159090.9090909091,159090.9090909091,200757.57575757577,183080.80808080808,179292.9292929293,188131.31313131313,171717.17171717173,164141.41414141416,189393.9393939394,196969.696969697,188131.31313131313,178030.30303030304,152777.77777777778,132575.7575757576,117424.24242424243,,,,,,,,,,,,,,,,,,,,,,,
,,,,,,,,,,,,,,,,,,,,,130050.50505050506,136363.63636363638,148989.898989899,147727.27272727274,148989.898989899,169191.9191919192,176767.67676767678,156565.65656565657,193181.8181818182,179292.9292929293,184343.43434343435,169191.9191919192,142676.7676767677,170454.54545454547,166666.6666666667,181818.18181818182,184343.43434343435,166666.6666666667,138888.8888888889,117424.24242424243,150252.52525252526,132575.7575757576,145202.0202020202,143939.39393939395,166666.6666666667,140151.51515151517,151515.15151515152,150252.52525252526,142676.7676767677,151515.15151515152,130050.50505050506,125000.00000000001,164141.41414141416,108585.85858585859,,,,,,,,,,,,,,,,,,,,,,,,,,,,,,,,,,84595.9595959596,165404.04040404042,161616.16161616164,195707.07070707073,186868.68686868687,151515.15151515152,186868.68686868687,185606.0606060606,183080.80808080808,178030.30303030304,178030.30303030304,202020.20202020204,184343.43434343435,146464.64646464647,138888.8888888889,121212.12121212122,,,,,,,,,,,,,,,,,,,,,,,,
,,,,,,,,,,,,,,,,,,,,,111111.11111111112,160353.53535353535,161616.16161616164,137626.26262626264,160353.53535353535,140151.51515151517,165404.04040404042,174242.42424242425,141414.14141414143,155303.0303030303,186868.68686868687,172979.797979798,160353.53535353535,152777.77777777778,175505.05050505052,161616.16161616164,171717.17171717173,170454.54545454547,174242.42424242425,160353.53535353535,137626.26262626264,157828.28282828283,118686.8686868687,136363.63636363638,150252.52525252526,125000.00000000001,126262.62626262628,122474.74747474748,126262.62626262628,138888.8888888889,141414.14141414143,118686.8686868687,130050.50505050506,,,,,,,,,,,,,,,,,,,,,,,,,,,,,,,,,,,137626.26262626264,161616.16161616164,167929.29292929295,194444.44444444447,185606.0606060606,180555.55555555556,195707.07070707073,214646.46464646465,183080.80808080808,179292.9292929293,183080.80808080808,209595.9595959596,156565.65656565657,161616.16161616164,189393.9393939394,97222.22222222223,,,,,,,,,,,,,,,,,,,,,,,,
,,,,,,,,,,,,,,,,,,,,92171.71717171717,109848.48484848485,140151.51515151517,156565.65656565657,127525.25252525254,181818.18181818182,183080.80808080808,172979.797979798,172979.797979798,174242.42424242425,159090.9090909091,176767.67676767678,141414.14141414143,178030.30303030304,161616.16161616164,184343.43434343435,170454.54545454547,186868.68686868687,126262.62626262628,137626.26262626264,142676.7676767677,181818.18181818182,160353.53535353535,151515.15151515152,147727.27272727274,155303.0303030303,146464.64646464647,113636.36363636365,130050.50505050506,143939.39393939395,141414.14141414143,142676.7676767677,138888.8888888889,,,,,,,,,,,,,,,,,,,,,,,,,,,,,,,,,,,,123737.37373737374,151515.15151515152,150252.52525252526,143939.39393939395,135101.01010101012,150252.52525252526,164141.41414141416,189393.9393939394,172979.797979798,154040.40404040404,209595.9595959596,160353.53535353535,131313.1313131313,132575.7575757576,126262.62626262628,,,,,,,,,,,,,,,,,,,,,,,,,
,,,,,,,,,,,,,,,,,,,,125000.00000000001,140151.51515151517,148989.898989899,170454.54545454547,155303.0303030303,189393.9393939394,185606.0606060606,189393.9393939394,164141.41414141416,152777.77777777778,165404.04040404042,145202.0202020202,141414.14141414143,138888.8888888889,150252.52525252526,161616.16161616164,185606.0606060606,159090.9090909091,135101.01010101012,161616.16161616164,181818.18181818182,155303.0303030303,148989.898989899,143939.39393939395,161616.16161616164,143939.39393939395,154040.40404040404,150252.52525252526,116161.61616161617,136363.63636363638,150252.52525252526,126262.62626262628,116161.61616161617,,,,,,,,,,,,,,,,,,,,,,,,,,,,,,,,,,,,138888.8888888889,136363.63636363638,147727.27272727274,167929.29292929295,138888.8888888889,141414.14141414143,161616.16161616164,165404.04040404042,188131.31313131313,156565.65656565657,161616.16161616164,157828.28282828283,137626.26262626264,109848.48484848485,,,,,,,,,,,,,,,,,,,,,,,,,,
,,,,,,,,,,,,,,,,,,,80808.08080808082,122474.74747474748,157828.28282828283,152777.77777777778,165404.04040404042,156565.65656565657,170454.54545454547,178030.30303030304,183080.80808080808,166666.6666666667,143939.39393939395,162878.7878787879,170454.54545454547,132575.7575757576,123737.37373737374,128787.8787878788,156565.65656565657,169191.9191919192,150252.52525252526,152777.77777777778,150252.52525252526,146464.64646464647,155303.0303030303,164141.41414141416,128787.8787878788,172979.797979798,135101.01010101012,138888.8888888889,152777.77777777778,109848.48484848485,117424.24242424243,106060.60606060606,130050.50505050506,,,,,,,,,,,,,,,,,,,,,,,,,,,,,,,,,,,,109848.48484848485,137626.26262626264,128787.8787878788,128787.8787878788,161616.16161616164,188131.31313131313,169191.9191919192,188131.31313131313,207070.70707070708,191919.19191919194,172979.797979798,135101.01010101012,146464.64646464647,127525.25252525254,,,,,,,,,,,,,,,,,,,,,,,,,,,
,,,,,,,,,,,,,,,,,,,95959.59595959597,140151.51515151517,152777.77777777778,140151.51515151517,159090.9090909091,170454.54545454547,184343.43434343435,178030.30303030304,171717.17171717173,169191.9191919192,154040.40404040404,159090.9090909091,175505.05050505052,155303.0303030303,108585.85858585859,137626.26262626264,159090.9090909091,161616.16161616164,180555.55555555556,194444.44444444447,142676.7676767677,127525.25252525254,152777.77777777778,167929.29292929295,147727.27272727274,156565.65656565657,146464.64646464647,156565.65656565657,137626.26262626264,131313.1313131313,116161.61616161617,128787.8787878788,,,,,,,,,,,,,,,,,,,,,,,,,,,,,,,,,,,108585.85858585859,111111.11111111112,99747.47474747476,152777.77777777778,152777.77777777778,166666.6666666667,169191.9191919192,167929.29292929295,174242.42424242425,179292.9292929293,181818.18181818182,194444.44444444447,169191.9191919192,155303.0303030303,137626.26262626264,107323.23232323233,,,,,,,,,,,,,,,,,,,,,,,,,,,
,,,,,,,,,,,,,,,,,,,118686.8686868687,141414.14141414143,141414.14141414143,169191.9191919192,157828.28282828283,171717.17171717173,210858.58585858587,179292.9292929293,165404.04040404042,172979.797979798,191919.19191919194,176767.67676767678,155303.0303030303,167929.29292929295,145202.0202020202,169191.9191919192,140151.51515151517,156565.65656565657,162878.7878787879,141414.14141414143,155303.0303030303,161616.16161616164,164141.41414141416,180555.55555555556,161616.16161616164,143939.39393939395,143939.39393939395,164141.41414141416,123737.37373737374,128787.8787878788,133838.38383838386,,,,,,,,,,,,,,,,,,,,,,,,,,,,,,,,,,146464.64646464647,125000.00000000001,111111.11111111112,136363.63636363638,136363.63636363638,176767.67676767678,172979.797979798,159090.9090909091,140151.51515151517,181818.18181818182,178030.30303030304,185606.0606060606,193181.8181818182,176767.67676767678,151515.15151515152,152777.77777777778,70707.07070707071,,,,,,,,,,,,,,,,,,,,,,,,,,,,
,,,,,,,,,,,,,,,,,,71969.69696969698,138888.8888888889,146464.64646464647,151515.15151515152,147727.27272727274,138888.8888888889,155303.0303030303,157828.28282828283,181818.18181818182,167929.29292929295,146464.64646464647,160353.53535353535,167929.29292929295,159090.9090909091,160353.53535353535,136363.63636363638,141414.14141414143,138888.8888888889,140151.51515151517,131313.1313131313,159090.9090909091,147727.27272727274,165404.04040404042,176767.67676767678,148989.898989899,135101.01010101012,128787.8787878788,176767.67676767678,135101.01010101012,150252.52525252526,121212.12121212122,111111.11111111112,,,,,,,,,,,,,,,,,,,,,,,,,,,,,,,,,108585.85858585859,155303.0303030303,123737.37373737374,126262.62626262628,122474.74747474748,164141.41414141416,193181.8181818182,159090.9090909091,167929.29292929295,164141.41414141416,180555.55555555556,157828.28282828283,193181.8181818182,157828.28282828283,180555.55555555556,150252.52525252526,107323.23232323233,,,,,,,,,,,,,,,,,,,,,,,,,,,,,
,,,,,,,,,,,,,,,,,,93434.34343434343,128787.8787878788,145202.0202020202,170454.54545454547,179292.9292929293,143939.39393939395,170454.54545454547,165404.04040404042,152777.77777777778,146464.64646464647,126262.62626262628,138888.8888888889,175505.05050505052,174242.42424242425,137626.26262626264,136363.63636363638,133838.38383838386,143939.39393939395,147727.27272727274,118686.8686868687,166666.6666666667,161616.16161616164,164141.41414141416,165404.04040404042,145202.0202020202,166666.6666666667,152777.77777777778,132575.7575757576,143939.39393939395,169191.9191919192,128787.8787878788,118686.8686868687,,,,,,,,,,,,,,,,,,,,,,,,,,,,,,,,113636.36363636365,151515.15151515152,156565.65656565657,137626.26262626264,103535.35353535354,150252.52525252526,178030.30303030304,146464.64646464647,185606.0606060606,174242.42424242425,151515.15151515152,185606.0606060606,203282.8282828283,147727.27272727274,166666.6666666667,136363.63636363638,125000.00000000001,,,,,,,,,,,,,,,,,,,,,,,,,,,,,,
,,,,,,,,,,,,,,,,,65656.56565656565,119949.49494949495,148989.898989899,137626.26262626264,152777.77777777778,157828.28282828283,174242.42424242425,151515.15151515152,181818.18181818182,175505.05050505052,138888.8888888889,135101.01010101012,161616.16161616164,143939.39393939395,159090.9090909091,136363.63636363638,145202.0202020202,159090.9090909091,148989.898989899,137626.26262626264,141414.14141414143,159090.9090909091,180555.55555555556,178030.30303030304,169191.9191919192,175505.05050505052,172979.797979798,156565.65656565657,174242.42424242425,189393.9393939394,152777.77777777778,141414.14141414143,102272.72727272728,,,,,,,,,,,,,,,,,,,,,,,,,,,,,,,,160353.53535353535,136363.63636363638,102272.72727272728,104797.9797979798,107323.23232323233,148989.898989899,176767.67676767678,176767.67676767678,172979.797979798,227272.7272727273,180555.55555555556,231060.60606060608,178030.30303030304,188131.31313131313,186868.68686868687,127525.25252525254,71969.69696969698,,,,,,,,,,,,,,,,,,,,,,,,,,,,,,
,,,,,,,,,,,,,,,,,88383.83838383839,131313.1313131313,150252.52525252526,145202.0202020202,161616.16161616164,155303.0303030303,200757.57575757577,156565.65656565657,145202.0202020202,148989.898989899,154040.40404040404,122474.74747474748,141414.14141414143,147727.27272727274,160353.53535353535,155303.0303030303,169191.9191919192,156565.65656565657,165404.04040404042,152777.77777777778,145202.0202020202,126262.62626262628,215909.0909090909,162878.7878787879,159090.9090909091,136363.63636363638,127525.25252525254,127525.25252525254,141414.14141414143,145202.0202020202,159090.9090909091,157828.28282828283,137626.26262626264,92171.71717171717,,,,,,,,,,,,,,,,,,,,,,,,,,,,,,150252.52525252526,130050.50505050506,135101.01010101012,99747.47474747476,123737.37373737374,152777.77777777778,147727.27272727274,164141.41414141416,165404.04040404042,175505.05050505052,171717.17171717173,178030.30303030304,205808.08080808082,181818.18181818182,172979.797979798,133838.38383838386,83333.33333333334,,,,,,,,,,,,,,,,,,,,,,,,,,,,,,,
,,,,,,,,,,,,,,,,,108585.85858585859,127525.25252525254,174242.42424242425,174242.42424242425,178030.30303030304,164141.41414141416,143939.39393939395,143939.39393939395,162878.7878787879,159090.9090909091,141414.14141414143,159090.9090909091,179292.9292929293,162878.7878787879,152777.77777777778,172979.797979798,164141.41414141416,176767.67676767678,170454.54545454547,164141.41414141416,165404.04040404042,155303.0303030303,145202.0202020202,146464.64646464647,209595.9595959596,156565.65656565657,164141.41414141416,155303.0303030303,160353.53535353535,154040.40404040404,160353.53535353535,145202.0202020202,174242.42424242425,123737.37373737374,,,,,,,,,,,,,,,,,,,,,,,,,,,,,,142676.7676767677,116161.61616161617,92171.71717171717,104797.9797979798,92171.71717171717,154040.40404040404,160353.53535353535,200757.57575757577,154040.40404040404,188131.31313131313,205808.08080808082,155303.0303030303,175505.05050505052,156565.65656565657,171717.17171717173,119949.49494949495,,,,,,,,,,,,,,,,,,,,,,,,,,,,,,,,
,,,,,,,,,,,,,,,,,122474.74747474748,160353.53535353535,140151.51515151517,171717.17171717173,185606.0606060606,148989.898989899,162878.7878787879,137626.26262626264,159090.9090909091,147727.27272727274,178030.30303030304,157828.28282828283,169191.9191919192,194444.44444444447,181818.18181818182,176767.67676767678,194444.44444444447,181818.18181818182,186868.68686868687,150252.52525252526,167929.29292929295,190656.56565656565,167929.29292929295,170454.54545454547,165404.04040404042,142676.7676767677,126262.62626262628,155303.0303030303,164141.41414141416,141414.14141414143,183080.80808080808,159090.9090909091,161616.16161616164,147727.27272727274,123737.37373737374,,,,,,,,,,,,,,,,,,,,,,,,,,,,,136363.63636363638,109848.48484848485,126262.62626262628,122474.74747474748,118686.8686868687,194444.44444444447,159090.9090909091,150252.52525252526,186868.68686868687,180555.55555555556,179292.9292929293,183080.80808080808,170454.54545454547,154040.40404040404,99747.47474747476,,,,,,,,,,,,,,,,,,,,,,,,,,,,,,,,,
,,,,,,,,,,,,,,,,71969.69696969698,152777.77777777778,176767.67676767678,179292.9292929293,164141.41414141416,161616.16161616164,166666.6666666667,180555.55555555556,170454.54545454547,170454.54545454547,162878.7878787879,142676.7676767677,150252.52525252526,178030.30303030304,203282.8282828283,156565.65656565657,199494.9494949495,156565.65656565657,188131.31313131313,178030.30303030304,188131.31313131313,162878.7878787879,179292.9292929293,155303.0303030303,145202.0202020202,128787.8787878788,137626.26262626264,147727.27272727274,165404.04040404042,131313.1313131313,141414.14141414143,126262.62626262628,152777.77777777778,170454.54545454547,141414.14141414143,125000.00000000001,,,,,,,,,,,,,,,,,,,,,,,,,,,,136363.63636363638,116161.61616161617,122474.74747474748,104797.9797979798,178030.30303030304,123737.37373737374,170454.54545454547,186868.68686868687,148989.898989899,164141.41414141416,180555.55555555556,171717.17171717173,178030.30303030304,174242.42424242425,136363.63636363638,60606.06060606061,,,,,,,,,,,,,,,,,,,,,,,,,,,,,,,,,
,,,,,,,,,,,,,,,,107323.23232323233,133838.38383838386,159090.9090909091,166666.6666666667,175505.05050505052,172979.797979798,179292.9292929293,167929.29292929295,156565.65656565657,147727.27272727274,160353.53535353535,143939.39393939395,137626.26262626264,178030.30303030304,174242.42424242425,189393.9393939394,189393.9393939394,171717.17171717173,171717.17171717173,196969.696969697,159090.9090909091,157828.28282828283,167929.29292929295,180555.55555555556,145202.0202020202,147727.27272727274,156565.65656565657,147727.27272727274,204545.45454545456,128787.8787878788,170454.54545454547,152777.77777777778,154040.40404040404,157828.28282828283,133838.38383838386,133838.38383838386,135101.01010101012,,,,,,,,,,,,,,,,,,,,,,,,,,,128787.8787878788,131313.1313131313,131313.1313131313,123737.37373737374,109848.48484848485,150252.52525252526,188131.31313131313,178030.30303030304,175505.05050505052,174242.42424242425,147727.27272727274,174242.42424242425,148989.898989899,159090.9090909091,94696.9696969697,,,,,,,,,,,,,,,,,,,,,,,,,,,,,,,,,,
,,,,,,,,,,,,,,,,130050.50505050506,119949.49494949495,154040.40404040404,165404.04040404042,174242.42424242425,142676.7676767677,127525.25252525254,178030.30303030304,137626.26262626264,146464.64646464647,145202.0202020202,161616.16161616164,155303.0303030303,169191.9191919192,146464.64646464647,159090.9090909091,198232.32323232325,213383.8383838384,161616.16161616164,188131.31313131313,184343.43434343435,159090.9090909091,165404.04040404042,165404.04040404042,156565.65656565657,157828.28282828283,183080.80808080808,132575.7575757576,143939.39393939395,135101.01010101012,179292.9292929293,138888.8888888889,179292.9292929293,154040.40404040404,131313.1313131313,147727.27272727274,125000.00000000001,102272.72727272728,,,,,,,,,,,,,,,,,,,,,,,,,112373.73737373739,146464.64646464647,135101.01010101012,148989.898989899,116161.61616161617,123737.37373737374,130050.50505050506,157828.28282828283,172979.797979798,186868.68686868687,145202.0202020202,154040.40404040404,189393.9393939394,172979.797979798,131313.1313131313,,,,,,,,,,,,,,,,,,,,,,,,,,,,,,,,,,,
,,,,,,,,,,,,,,,113636.36363636365,155303.0303030303,146464.64646464647,176767.67676767678,167929.29292929295,138888.8888888889,178030.30303030304,154040.40404040404,151515.15151515152,150252.52525252526,159090.9090909091,143939.39393939395,166666.6666666667,160353.53535353535,146464.64646464647,166666.6666666667,178030.30303030304,175505.05050505052,185606.0606060606,193181.8181818182,188131.31313131313,179292.9292929293,191919.19191919194,148989.898989899,157828.28282828283,143939.39393939395,148989.898989899,161616.16161616164,159090.9090909091,140151.51515151517,130050.50505050506,150252.52525252526,157828.28282828283,159090.9090909091,157828.28282828283,161616.16161616164,167929.29292929295,148989.898989899,133838.38383838386,125000.00000000001,,,,,,,,,,,,,,,,,,,,,,,142676.7676767677,116161.61616161617,114898.98989898991,154040.40404040404,128787.8787878788,145202.0202020202,141414.14141414143,136363.63636363638,171717.17171717173,172979.797979798,181818.18181818182,194444.44444444447,179292.9292929293,194444.44444444447,146464.64646464647,,,,,,,,,,,,,,,,,,,,,,,,,,,,,,,,,,,,
,,,,,,,,,,,,,,,108585.85858585859,151515.15151515152,161616.16161616164,160353.53535353535,179292.9292929293,189393.9393939394,161616.16161616164,180555.55555555556,150252.52525252526,169191.9191919192,156565.65656565657,142676.7676767677,160353.53535353535,154040.40404040404,180555.55555555556,154040.40404040404,171717.17171717173,170454.54545454547,179292.9292929293,210858.58585858587,176767.67676767678,205808.08080808082,151515.15151515152,160353.53535353535,154040.40404040404,184343.43434343435,143939.39393939395,126262.62626262628,145202.0202020202,150252.52525252526,107323.23232323233,145202.0202020202,156565.65656565657,151515.15151515152,172979.797979798,167929.29292929295,186868.68686868687,128787.8787878788,166666.6666666667,130050.50505050506,,,,,,,,,,,,,,,,,,,,,,,135101.01010101012,126262.62626262628,114898.98989898991,136363.63636363638,141414.14141414143,181818.18181818182,180555.55555555556,164141.41414141416,180555.55555555556,174242.42424242425,174242.42424242425,175505.05050505052,176767.67676767678,159090.9090909091,71969.69696969698,,,,,,,,,,,,,,,,,,,,,,,,,,,,,,,,,,,,
,,,,,,,,,,,,,,,114898.98989898991,137626.26262626264,169191.9191919192,165404.04040404042,160353.53535353535,164141.41414141416,170454.54545454547,157828.28282828283,166666.6666666667,190656.56565656565,198232.32323232325,185606.0606060606,166666.6666666667,137626.26262626264,132575.7575757576,160353.53535353535,160353.53535353535,181818.18181818182,159090.9090909091,188131.31313131313,137626.26262626264,185606.0606060606,176767.67676767678,169191.9191919192,185606.0606060606,130050.50505050506,179292.9292929293,151515.15151515152,127525.25252525254,131313.1313131313,164141.41414141416,137626.26262626264,154040.40404040404,165404.04040404042,157828.28282828283,146464.64646464647,155303.0303030303,150252.52525252526,146464.64646464647,106060.60606060606,135101.01010101012,,,,,,,,,,,,,,,,,,,,,143939.39393939395,160353.53535353535,135101.01010101012,157828.28282828283,146464.64646464647,130050.50505050506,193181.8181818182,195707.07070707073,133838.38383838386,165404.04040404042,181818.18181818182,190656.56565656565,167929.29292929295,132575.7575757576,101010.10101010102,,,,,,,,,,,,,,,,,,,,,,,,,,,,,,,,,,,,,
,,,,,,,,,,,,,,103535.35353535354,119949.49494949495,145202.0202020202,170454.54545454547,165404.04040404042,161616.16161616164,195707.07070707073,170454.54545454547,169191.9191919192,183080.80808080808,156565.65656565657,184343.43434343435,160353.53535353535,150252.52525252526,175505.05050505052,172979.797979798,174242.42424242425,140151.51515151517,161616.16161616164,154040.40404040404,223484.8484848485,157828.28282828283,164141.41414141416,166666.6666666667,155303.0303030303,157828.28282828283,138888.8888888889,155303.0303030303,184343.43434343435,167929.29292929295,103535.35353535354,170454.54545454547,155303.0303030303,152777.77777777778,175505.05050505052,122474.74747474748,136363.63636363638,119949.49494949495,147727.27272727274,175505.05050505052,172979.797979798,138888.8888888889,,,,,,,,,,,,,,,,,,,131313.1313131313,136363.63636363638,160353.53535353535,119949.49494949495,135101.01010101012,142676.7676767677,141414.14141414143,151515.15151515152,175505.05050505052,165404.04040404042,180555.55555555556,172979.797979798,150252.52525252526,151515.15151515152,162878.7878787879,121212.12121212122,,,,,,,,,,,,,,,,,,,,,,,,,,,,,,,,,,,,,,
,,,,,,,,,,,,,,118686.8686868687,142676.7676767677,189393.9393939394,175505.05050505052,160353.53535353535,154040.40404040404,175505.05050505052,119949.49494949495,140151.51515151517,136363.63636363638,152777.77777777778,151515.15151515152,154040.40404040404,161616.16161616164,154040.40404040404,165404.04040404042,146464.64646464647,185606.0606060606,172979.797979798,183080.80808080808,176767.67676767678,166666.6666666667,164141.41414141416,137626.26262626264,148989.898989899,193181.8181818182,178030.30303030304,121212.12121212122,162878.7878787879,164141.41414141416,146464.64646464647,156565.65656565657,127525.25252525254,159090.9090909091,140151.51515151517,133838.38383838386,133838.38383838386,146464.64646464647,123737.37373737374,137626.26262626264,156565.65656565657,175505.05050505052,132575.7575757576,,,,,,,,,,,,,,,,,109848.48484848485,162878.7878787879,140151.51515151517,145202.0202020202,113636.36363636365,165404.04040404042,136363.63636363638,159090.9090909091,154040.40404040404,162878.7878787879,160353.53535353535,196969.696969697,159090.9090909091,161616.16161616164,167929.29292929295,150252.52525252526,,,,,,,,,,,,,,,,,,,,,,,,,,,,,,,,,,,,,,,
,,,,,,,,,,,,,93434.34343434343,137626.26262626264,167929.29292929295,160353.53535353535,178030.30303030304,141414.14141414143,169191.9191919192,146464.64646464647,141414.14141414143,137626.26262626264,147727.27272727274,143939.39393939395,128787.8787878788,152777.77777777778,159090.9090909091,146464.64646464647,184343.43434343435,145202.0202020202,157828.28282828283,150252.52525252526,152777.77777777778,190656.56565656565,178030.30303030304,161616.16161616164,175505.05050505052,178030.30303030304,175505.05050505052,186868.68686868687,170454.54545454547,138888.8888888889,161616.16161616164,146464.64646464647,162878.7878787879,131313.1313131313,156565.65656565657,150252.52525252526,127525.25252525254,154040.40404040404,143939.39393939395,99747.47474747476,136363.63636363638,152777.77777777778,136363.63636363638,156565.65656565657,,,,,,,,,,,,,,,,112373.73737373739,127525.25252525254,165404.04040404042,156565.65656565657,104797.9797979798,133838.38383838386,162878.7878787879,135101.01010101012,143939.39393939395,162878.7878787879,162878.7878787879,189393.9393939394,156565.65656565657,171717.17171717173,195707.07070707073,164141.41414141416,98484.8484848485,,,,,,,,,,,,,,,,,,,,,,,,,,,,,,,,,,,,,,,
,,,,,,,,,,,,,136363.63636363638,138888.8888888889,143939.39393939395,172979.797979798,176767.67676767678,159090.9090909091,172979.797979798,159090.9090909091,140151.51515151517,140151.51515151517,150252.52525252526,148989.898989899,179292.9292929293,164141.41414141416,135101.01010101012,172979.797979798,161616.16161616164,148989.898989899,186868.68686868687,165404.04040404042,184343.43434343435,165404.04040404042,164141.41414141416,147727.27272727274,154040.40404040404,154040.40404040404,195707.07070707073,213383.8383838384,176767.67676767678,154040.40404040404,136363.63636363638,161616.16161616164,160353.53535353535,140151.51515151517,199494.9494949495,170454.54545454547,180555.55555555556,157828.28282828283,142676.7676767677,142676.7676767677,141414.14141414143,145202.0202020202,157828.28282828283,141414.14141414143,125000.00000000001,141414.14141414143,113636.36363636365,118686.8686868687,,,,,,,,,,,128787.8787878788,154040.40404040404,199494.9494949495,156565.65656565657,142676.7676767677,126262.62626262628,143939.39393939395,145202.0202020202,146464.64646464647,160353.53535353535,176767.67676767678,164141.41414141416,176767.67676767678,161616.16161616164,164141.41414141416,169191.9191919192,103535.35353535354,,,,,,,,,,,,,,,,,,,,,,,,,,,,,,,,,,,,,,,,
,,,,,,,,,,,,,143939.39393939395,135101.01010101012,175505.05050505052,175505.05050505052,155303.0303030303,161616.16161616164,138888.8888888889,146464.64646464647,146464.64646464647,135101.01010101012,157828.28282828283,143939.39393939395,159090.9090909091,109848.48484848485,155303.0303030303,175505.05050505052,140151.51515151517,150252.52525252526,174242.42424242425,174242.42424242425,165404.04040404042,172979.797979798,155303.0303030303,176767.67676767678,169191.9191919192,154040.40404040404,165404.04040404042,162878.7878787879,172979.797979798,154040.40404040404,169191.9191919192,152777.77777777778,128787.8787878788,152777.77777777778,133838.38383838386,166666.6666666667,175505.05050505052,184343.43434343435,137626.26262626264,160353.53535353535,160353.53535353535,142676.7676767677,185606.0606060606,140151.51515151517,130050.50505050506,132575.7575757576,136363.63636363638,127525.25252525254,131313.1313131313,116161.61616161617,126262.62626262628,,,,,,,160353.53535353535,142676.7676767677,137626.26262626264,186868.68686868687,135101.01010101012,125000.00000000001,121212.12121212122,166666.6666666667,143939.39393939395,186868.68686868687,174242.42424242425,189393.9393939394,217171.71717171717,145202.0202020202,181818.18181818182,176767.67676767678,135101.01010101012,,,,,,,,,,,,,,,,,,,,,,,,,,,,,,,,,,,,,,,,,
,,,,,,,,,,,,107323.23232323233,126262.62626262628,155303.0303030303,161616.16161616164,181818.18181818182,181818.18181818182,151515.15151515152,154040.40404040404,151515.15151515152,167929.29292929295,154040.40404040404,180555.55555555556,143939.39393939395,174242.42424242425,157828.28282828283,161616.16161616164,156565.65656565657,147727.27272727274,154040.40404040404,183080.80808080808,151515.15151515152,160353.53535353535,157828.28282828283,170454.54545454547,161616.16161616164,195707.07070707073,185606.0606060606,180555.55555555556,150252.52525252526,165404.04040404042,161616.16161616164,148989.898989899,180555.55555555556,180555.55555555556,167929.29292929295,151515.15151515152,184343.43434343435,185606.0606060606,151515.15151515152,123737.37373737374,136363.63636363638,152777.77777777778,150252.52525252526,194444.44444444447,161616.16161616164,147727.27272727274,152777.77777777778,132575.7575757576,146464.64646464647,161616.16161616164,160353.53535353535,138888.8888888889,109848.48484848485,,,,,123737.37373737374,125000.00000000001,138888.8888888889,135101.01010101012,154040.40404040404,135101.01010101012,145202.0202020202,146464.64646464647,155303.0303030303,145202.0202020202,202020.20202020204,175505.05050505052,184343.43434343435,183080.80808080808,176767.67676767678,161616.16161616164,154040.40404040404,113636.36363636365,,,,,,,,,,,,,,,,,,,,,,,,,,,,,,,,,,,,,,,,,
,,,,,,,,,,,,123737.37373737374,130050.50505050506,150252.52525252526,169191.9191919192,164141.41414141416,193181.8181818182,191919.19191919194,169191.9191919192,146464.64646464647,156565.65656565657,156565.65656565657,154040.40404040404,166666.6666666667,174242.42424242425,145202.0202020202,159090.9090909091,154040.40404040404,148989.898989899,156565.65656565657,208333.33333333334,143939.39393939395,154040.40404040404,157828.28282828283,132575.7575757576,170454.54545454547,199494.9494949495,146464.64646464647,172979.797979798,160353.53535353535,130050.50505050506,143939.39393939395,172979.797979798,154040.40404040404,159090.9090909091,166666.6666666667,136363.63636363638,156565.65656565657,132575.7575757576,154040.40404040404,132575.7575757576,132575.7575757576,157828.28282828283,154040.40404040404,186868.68686868687,165404.04040404042,125000.00000000001,125000.00000000001,156565.65656565657,159090.9090909091,164141.41414141416,137626.26262626264,127525.25252525254,131313.1313131313,131313.1313131313,,,,97222.22222222223,104797.9797979798,165404.04040404042,137626.26262626264,145202.0202020202,202020.20202020204,155303.0303030303,159090.9090909091,162878.7878787879,162878.7878787879,146464.64646464647,179292.9292929293,162878.7878787879,194444.44444444447,154040.40404040404,133838.38383838386,123737.37373737374,,,,,,,,,,,,,,,,,,,,,,,,,,,,,,,,,,,,,,,,,,
,,,,,,,,,,,109848.48484848485,136363.63636363638,145202.0202020202,160353.53535353535,184343.43434343435,181818.18181818182,171717.17171717173,171717.17171717173,161616.16161616164,161616.16161616164,161616.16161616164,133838.38383838386,136363.63636363638,156565.65656565657,165404.04040404042,175505.05050505052,164141.41414141416,180555.55555555556,174242.42424242425,176767.67676767678,174242.42424242425,150252.52525252526,178030.30303030304,188131.31313131313,172979.797979798,217171.71717171717,194444.44444444447,181818.18181818182,172979.797979798,166666.6666666667,202020.20202020204,183080.80808080808,170454.54545454547,185606.0606060606,156565.65656565657,135101.01010101012,123737.37373737374,154040.40404040404,135101.01010101012,142676.7676767677,165404.04040404042,122474.74747474748,137626.26262626264,160353.53535353535,184343.43434343435,128787.8787878788,126262.62626262628,161616.16161616164,146464.64646464647,180555.55555555556,138888.8888888889,140151.51515151517,132575.7575757576,137626.26262626264,133838.38383838386,117424.24242424243,,94696.9696969697,140151.51515151517,133838.38383838386,140151.51515151517,132575.7575757576,152777.77777777778,176767.67676767678,169191.9191919192,155303.0303030303,154040.40404040404,160353.53535353535,175505.05050505052,193181.8181818182,172979.797979798,193181.8181818182,165404.04040404042,128787.8787878788,,,,,,,,,,,,,,,,,,,,,,,,,,,,,,,,,,,,,,,,,,,
,,,,,,,,,,,118686.8686868687,150252.52525252526,154040.40404040404,112373.73737373739,167929.29292929295,183080.80808080808,171717.17171717173,189393.9393939394,193181.8181818182,165404.04040404042,196969.696969697,167929.29292929295,172979.797979798,193181.8181818182,169191.9191919192,188131.31313131313,175505.05050505052,146464.64646464647,164141.41414141416,169191.9191919192,180555.55555555556,166666.6666666667,160353.53535353535,196969.696969697,188131.31313131313,180555.55555555556,196969.696969697,157828.28282828283,180555.55555555556,157828.28282828283,191919.19191919194,200757.57575757577,186868.68686868687,180555.55555555556,159090.9090909091,131313.1313131313,166666.6666666667,141414.14141414143,148989.898989899,135101.01010101012,135101.01010101012,103535.35353535354,106060.60606060606,166666.6666666667,203282.8282828283,152777.77777777778,128787.8787878788,127525.25252525254,179292.9292929293,145202.0202020202,155303.0303030303,135101.01010101012,138888.8888888889,116161.61616161617,130050.50505050506,132575.7575757576,126262.62626262628,109848.48484848485,148989.898989899,145202.0202020202,102272.72727272728,137626.26262626264,170454.54545454547,140151.51515151517,150252.52525252526,160353.53535353535,135101.01010101012,178030.30303030304,188131.31313131313,189393.9393939394,166666.6666666667,189393.9393939394,156565.65656565657,92171.71717171717,,,,,,,,,,,,,,,,,,,,,,,,,,,,,,,,,,,,,,,,,,,
,,,,,,,,,,94696.9696969697,142676.7676767677,133838.38383838386,152777.77777777778,156565.65656565657,180555.55555555556,157828.28282828283,159090.9090909091,184343.43434343435,143939.39393939395,186868.68686868687,236111.11111111112,172979.797979798,181818.18181818182,169191.9191919192,194444.44444444447,186868.68686868687,161616.16161616164,162878.7878787879,162878.7878787879,172979.797979798,178030.30303030304,186868.68686868687,172979.797979798,166666.6666666667,190656.56565656565,188131.31313131313,193181.8181818182,200757.57575757577,178030.30303030304,190656.56565656565,183080.80808080808,179292.9292929293,166666.6666666667,176767.67676767678,141414.14141414143,148989.898989899,185606.0606060606,157828.28282828283,171717.17171717173,140151.51515151517,132575.7575757576,141414.14141414143,166666.6666666667,128787.8787878788,140151.51515151517,154040.40404040404,127525.25252525254,151515.15151515152,156565.65656565657,128787.8787878788,160353.53535353535,145202.0202020202,141414.14141414143,174242.42424242425,169191.9191919192,159090.9090909091,151515.15151515152,152777.77777777778,170454.54545454547,156565.65656565657,125000.00000000001,143939.39393939395,152777.77777777778,190656.56565656565,170454.54545454547,167929.29292929295,167929.29292929295,172979.797979798,180555.55555555556,190656.56565656565,186868.68686868687,178030.30303030304,118686.8686868687,,,,,,,,,,,,,,,,,,,,,,,,,,,,,,,,,,,,,,,,,,,,
,,,,,,,,,,114898.98989898991,117424.24242424243,138888.8888888889,174242.42424242425,130050.50505050506,164141.41414141416,159090.9090909091,172979.797979798,178030.30303030304,157828.28282828283,178030.30303030304,175505.05050505052,174242.42424242425,169191.9191919192,161616.16161616164,208333.33333333334,167929.29292929295,165404.04040404042,190656.56565656565,160353.53535353535,171717.17171717173,205808.08080808082,185606.0606060606,185606.0606060606,195707.07070707073,190656.56565656565,189393.9393939394,156565.65656565657,159090.9090909091,130050.50505050506,146464.64646464647,172979.797979798,150252.52525252526,184343.43434343435,165404.04040404042,147727.27272727274,137626.26262626264,195707.07070707073,172979.797979798,184343.43434343435,116161.61616161617,140151.51515151517,150252.52525252526,180555.55555555556,135101.01010101012,130050.50505050506,116161.61616161617,152777.77777777778,155303.0303030303,175505.05050505052,176767.67676767678,175505.05050505052,166666.6666666667,166666.6666666667,183080.80808080808,151515.15151515152,156565.65656565657,143939.39393939395,151515.15151515152,127525.25252525254,143939.39393939395,169191.9191919192,159090.9090909091,176767.67676767678,166666.6666666667,200757.57575757577,178030.30303030304,222222.22222222225,167929.29292929295,170454.54545454547,174242.42424242425,160353.53535353535,157828.28282828283,90909.09090909091,,,,,,,,,,,,,,,,,,,,,,,,,,,,,,,,,,,,,,,,,,,,
,,,,,,,,,103535.35353535354,138888.8888888889,140151.51515151517,142676.7676767677,179292.9292929293,162878.7878787879,143939.39393939395,152777.77777777778,207070.70707070708,184343.43434343435,159090.9090909091,152777.77777777778,183080.80808080808,172979.797979798,171717.17171717173,152777.77777777778,166666.6666666667,217171.71717171717,162878.7878787879,190656.56565656565,191919.19191919194,209595.9595959596,196969.696969697,195707.07070707073,208333.33333333334,166666.6666666667,162878.7878787879,178030.30303030304,196969.696969697,170454.54545454547,179292.9292929293,172979.797979798,189393.9393939394,172979.797979798,165404.04040404042,172979.797979798,172979.797979798,128787.8787878788,135101.01010101012,165404.04040404042,157828.28282828283,162878.7878787879,143939.39393939395,164141.41414141416,190656.56565656565,169191.9191919192,137626.26262626264,151515.15151515152,140151.51515151517,135101.01010101012,161616.16161616164,169191.9191919192,141414.14141414143,176767.67676767678,147727.27272727274,180555.55555555556,151515.15151515152,146464.64646464647,172979.797979798,141414.14141414143,125000.00000000001,161616.16161616164,180555.55555555556,184343.43434343435,191919.19191919194,196969.696969697,186868.68686868687,159090.9090909091,193181.8181818182,198232.32323232325,179292.9292929293,152777.77777777778,132575.7575757576,93434.34343434343,,,,,,,,,,,,,,,,,,,,,,,,,,,,,,,,,,,,,,,,,,,,,
,,,,,,,,,116161.61616161617,136363.63636363638,147727.27272727274,148989.898989899,164141.41414141416,170454.54545454547,160353.53535353535,191919.19191919194,178030.30303030304,165404.04040404042,179292.9292929293,161616.16161616164,151515.15151515152,183080.80808080808,190656.56565656565,185606.0606060606,181818.18181818182,185606.0606060606,176767.67676767678,171717.17171717173,196969.696969697,176767.67676767678,190656.56565656565,171717.17171717173,166666.6666666667,176767.67676767678,172979.797979798,189393.9393939394,176767.67676767678,151515.15151515152,164141.41414141416,176767.67676767678,161616.16161616164,174242.42424242425,198232.32323232325,170454.54545454547,191919.19191919194,179292.9292929293,159090.9090909091,172979.797979798,146464.64646464647,131313.1313131313,132575.7575757576,174242.42424242425,159090.9090909091,136363.63636363638,150252.52525252526,155303.0303030303,143939.39393939395,136363.63636363638,191919.19191919194,174242.42424242425,148989.898989899,135101.01010101012,162878.7878787879,167929.29292929295,155303.0303030303,160353.53535353535,176767.67676767678,140151.51515151517,123737.37373737374,145202.0202020202,179292.9292929293,179292.9292929293,179292.9292929293,186868.68686868687,161616.16161616164,180555.55555555556,175505.05050505052,154040.40404040404,166666.6666666667,145202.0202020202,97222.22222222223,,,,,,,,,,,,,,,,,,,,,,,,,,,,,,,,,,,,,,,,,,,,,,
,,,,,,,,,104797.9797979798,165404.04040404042,172979.797979798,165404.04040404042,166666.6666666667,156565.65656565657,174242.42424242425,181818.18181818182,212121.21212121213,199494.9494949495,167929.29292929295,208333.33333333334,178030.30303030304,199494.9494949495,165404.04040404042,213383.8383838384,169191.9191919192,195707.07070707073,162878.7878787879,179292.9292929293,179292.9292929293,169191.9191919192,178030.30303030304,181818.18181818182,193181.8181818182,180555.55555555556,179292.9292929293,176767.67676767678,150252.52525252526,174242.42424242425,185606.0606060606,180555.55555555556,165404.04040404042,178030.30303030304,159090.9090909091,172979.797979798,166666.6666666667,170454.54545454547,169191.9191919192,188131.31313131313,162878.7878787879,155303.0303030303,154040.40404040404,159090.9090909091,132575.7575757576,156565.65656565657,138888.8888888889,151515.15151515152,119949.49494949495,160353.53535353535,162878.7878787879,160353.53535353535,140151.51515151517,160353.53535353535,186868.68686868687,150252.52525252526,122474.74747474748,150252.52525252526,160353.53535353535,172979.797979798,147727.27272727274,172979.797979798,154040.40404040404,178030.30303030304,164141.41414141416,181818.18181818182,160353.53535353535,171717.17171717173,217171.71717171717,161616.16161616164,166666.6666666667,128787.8787878788,,,,,,,,,,,,,,,,,,,,,,,,,,,,,,,,,,,,,,,,,,,,,,,
,,,,,,,,103535.35353535354,112373.73737373739,179292.9292929293,185606.0606060606,159090.9090909091,169191.9191919192,178030.30303030304,164141.41414141416,170454.54545454547,162878.7878787879,193181.8181818182,176767.67676767678,160353.53535353535,179292.9292929293,200757.57575757577,176767.67676767678,190656.56565656565,145202.0202020202,189393.9393939394,179292.9292929293,175505.05050505052,152777.77777777778,194444.44444444447,196969.696969697,193181.8181818182,165404.04040404042,199494.9494949495,191919.19191919194,178030.30303030304,203282.8282828283,179292.9292929293,181818.18181818182,143939.39393939395,130050.50505050506,170454.54545454547,166666.6666666667,193181.8181818182,175505.05050505052,133838.38383838386,180555.55555555556,160353.53535353535,154040.40404040404,159090.9090909091,136363.63636363638,165404.04040404042,159090.9090909091,135101.01010101012,145202.0202020202,138888.8888888889,154040.40404040404,167929.29292929295,142676.7676767677,143939.39393939395,145202.0202020202,171717.17171717173,172979.797979798,143939.39393939395,178030.30303030304,157828.28282828283,184343.43434343435,146464.64646464647,140151.51515151517,183080.80808080808,171717.17171717173,193181.8181818182,189393.9393939394,164141.41414141416,184343.43434343435,190656.56565656565,171717.17171717173,179292.9292929293,170454.54545454547,80808.08080808082,,,,,,,,,,,,,,,,,,,,,,,,,,,,,,,,,,,,,,,,,,,,,,,
,,,,,,,,127525.25252525254,152777.77777777778,170454.54545454547,167929.29292929295,186868.68686868687,156565.65656565657,167929.29292929295,186868.68686868687,160353.53535353535,172979.797979798,160353.53535353535,161616.16161616164,181818.18181818182,188131.31313131313,161616.16161616164,193181.8181818182,191919.19191919194,147727.27272727274,175505.05050505052,167929.29292929295,164141.41414141416,169191.9191919192,171717.17171717173,189393.9393939394,194444.44444444447,176767.67676767678,170454.54545454547,154040.40404040404,202020.20202020204,150252.52525252526,180555.55555555556,183080.80808080808,161616.16161616164,141414.14141414143,172979.797979798,180555.55555555556,160353.53535353535,143939.39393939395,174242.42424242425,151515.15151515152,137626.26262626264,141414.14141414143,175505.05050505052,155303.0303030303,188131.31313131313,160353.53535353535,193181.8181818182,162878.7878787879,159090.9090909091,179292.9292929293,147727.27272727274,155303.0303030303,151515.15151515152,145202.0202020202,148989.898989899,155303.0303030303,191919.19191919194,185606.0606060606,184343.43434343435,175505.05050505052,143939.39393939395,142676.7676767677,140151.51515151517,186868.68686868687,181818.18181818182,188131.31313131313,179292.9292929293,204545.45454545456,159090.9090909091,175505.05050505052,150252.52525252526,107323.23232323233,,,,,,,,,,,,,,,,,,,,,,,,,,,,,,,,,,,,,,,,,,,,,,,,
,,,,,,,92171.71717171717,130050.50505050506,150252.52525252526,146464.64646464647,143939.39393939395,156565.65656565657,143939.39393939395,141414.14141414143,160353.53535353535,167929.29292929295,180555.55555555556,200757.57575757577,145202.0202020202,183080.80808080808,193181.8181818182,170454.54545454547,174242.42424242425,172979.797979798,165404.04040404042,183080.80808080808,185606.0606060606,184343.43434343435,174242.42424242425,205808.08080808082,188131.31313131313,188131.31313131313,167929.29292929295,181818.18181818182,150252.52525252526,200757.57575757577,157828.28282828283,157828.28282828283,141414.14141414143,142676.7676767677,166666.6666666667,155303.0303030303,159090.9090909091,143939.39393939395,151515.15151515152,166666.6666666667,167929.29292929295,140151.51515151517,145202.0202020202,169191.9191919192,170454.54545454547,193181.8181818182,162878.7878787879,176767.67676767678,166666.6666666667,184343.43434343435,159090.9090909091,148989.898989899,156565.65656565657,130050.50505050506,126262.62626262628,172979.797979798,175505.05050505052,169191.9191919192,199494.9494949495,159090.9090909091,174242.42424242425,154040.40404040404,162878.7878787879,165404.04040404042,160353.53535353535,178030.30303030304,170454.54545454547,190656.56565656565,169191.9191919192,170454.54545454547,186868.68686868687,133838.38383838386,,,,,,,,,,,,,,,,,,,,,,,,,,,,,,,,,,,,,,,,,,,,,,,,,
,,,,,,,70707.07070707071,114898.98989898991,184343.43434343435,142676.7676767677,167929.29292929295,165404.04040404042,170454.54545454547,154040.40404040404,189393.9393939394,148989.898989899,165404.04040404042,170454.54545454547,193181.8181818182,184343.43434343435,157828.28282828283,164141.41414141416,164141.41414141416,157828.28282828283,150252.52525252526,189393.9393939394,141414.14141414143,145202.0202020202,170454.54545454547,181818.18181818182,161616.16161616164,203282.8282828283,165404.04040404042,169191.9191919192,185606.0606060606,176767.67676767678,167929.29292929295,185606.0606060606,183080.80808080808,154040.40404040404,147727.27272727274,155303.0303030303,150252.52525252526,141414.14141414143,175505.05050505052,159090.9090909091,157828.28282828283,143939.39393939395,143939.39393939395,148989.898989899,175505.05050505052,183080.80808080808,155303.0303030303,142676.7676767677,185606.0606060606,155303.0303030303,125000.00000000001,170454.54545454547,199494.9494949495,159090.9090909091,156565.65656565657,199494.9494949495,157828.28282828283,169191.9191919192,179292.9292929293,204545.45454545456,171717.17171717173,183080.80808080808,193181.8181818182,171717.17171717173,179292.9292929293,155303.0303030303,185606.0606060606,154040.40404040404,175505.05050505052,156565.65656565657,138888.8888888889,101010.10101010102,,,,,,,,,,,,,,,,,,,,,,,,,,,,,,,,,,,,,,,,,,,,,,,,,
,,,,,,,,93434.34343434343,176767.67676767678,169191.9191919192,148989.898989899,155303.0303030303,176767.67676767678,185606.0606060606,136363.63636363638,198232.32323232325,155303.0303030303,170454.54545454547,186868.68686868687,184343.43434343435,176767.67676767678,172979.797979798,193181.8181818182,156565.65656565657,180555.55555555556,166666.6666666667,161616.16161616164,141414.14141414143,170454.54545454547,126262.62626262628,165404.04040404042,150252.52525252526,181818.18181818182,190656.56565656565,150252.52525252526,172979.797979798,138888.8888888889,164141.41414141416,169191.9191919192,170454.54545454547,186868.68686868687,159090.9090909091,159090.9090909091,154040.40404040404,119949.49494949495,156565.65656565657,165404.04040404042,142676.7676767677,146464.64646464647,125000.00000000001,169191.9191919192,160353.53535353535,180555.55555555556,175505.05050505052,167929.29292929295,132575.7575757576,135101.01010101012,162878.7878787879,185606.0606060606,140151.51515151517,178030.30303030304,179292.9292929293,169191.9191919192,165404.04040404042,164141.41414141416,164141.41414141416,169191.9191919192,164141.41414141416,194444.44444444447,180555.55555555556,166666.6666666667,191919.19191919194,186868.68686868687,218434.34343434343,190656.56565656565,194444.44444444447,135101.01010101012,,,,,,,,,,,,,,,,,,,,,,,,,,,,,,,,,,,,,,,,,,,,,,,,,,
,,,,,,,,71969.69696969698,113636.36363636365,179292.9292929293,150252.52525252526,188131.31313131313,156565.65656565657,191919.19191919194,135101.01010101012,198232.32323232325,155303.0303030303,175505.05050505052,186868.68686868687,176767.67676767678,169191.9191919192,181818.18181818182,193181.8181818182,189393.9393939394,162878.7878787879,184343.43434343435,146464.64646464647,172979.797979798,121212.12121212122,104797.9797979798,113636.36363636365,147727.27272727274,141414.14141414143,162878.7878787879,160353.53535353535,148989.898989899,183080.80808080808,165404.04040404042,178030.30303030304,164141.41414141416,172979.797979798,154040.40404040404,154040.40404040404,160353.53535353535,167929.29292929295,194444.44444444447,145202.0202020202,156565.65656565657,131313.1313131313,183080.80808080808,131313.1313131313,174242.42424242425,155303.0303030303,121212.12121212122,136363.63636363638,171717.17171717173,150252.52525252526,150252.52525252526,172979.797979798,159090.9090909091,178030.30303030304,145202.0202020202,157828.28282828283,179292.9292929293,174242.42424242425,162878.7878787879,202020.20202020204,171717.17171717173,212121.21212121213,171717.17171717173,209595.9595959596,217171.71717171717,162878.7878787879,159090.9090909091,152777.77777777778,131313.1313131313,80808.08080808082,,,,,,,,,,,,,,,,,,,,,,,,,,,,,,,,,,,,,,,,,,,,,,,,,,
,,,,,,,,55555.55555555556,123737.37373737374,169191.9191919192,143939.39393939395,135101.01010101012,128787.8787878788,175505.05050505052,147727.27272727274,175505.05050505052,171717.17171717173,155303.0303030303,191919.19191919194,172979.797979798,155303.0303030303,169191.9191919192,159090.9090909091,155303.0303030303,127525.25252525254,146464.64646464647,121212.12121212122,71969.69696969698,77020.20202020202,,,63131.31313131314,79545.45454545454,89646.46464646465,80808.08080808082,101010.10101010102,119949.49494949495,154040.40404040404,152777.77777777778,132575.7575757576,143939.39393939395,146464.64646464647,140151.51515151517,161616.16161616164,157828.28282828283,181818.18181818182,160353.53535353535,151515.15151515152,152777.77777777778,126262.62626262628,133838.38383838386,183080.80808080808,154040.40404040404,148989.898989899,178030.30303030304,191919.19191919194,148989.898989899,152777.77777777778,172979.797979798,148989.898989899,184343.43434343435,150252.52525252526,148989.898989899,171717.17171717173,160353.53535353535,176767.67676767678,170454.54545454547,193181.8181818182,202020.20202020204,181818.18181818182,212121.21212121213,165404.04040404042,186868.68686868687,190656.56565656565,156565.65656565657,112373.73737373739,,,,,,,,,,,,,,,,,,,,,,,,,,,,,,,,,,,,,,,,,,,,,,,,,,,
,,,,,,,,,111111.11111111112,154040.40404040404,184343.43434343435,135101.01010101012,155303.0303030303,183080.80808080808,174242.42424242425,135101.01010101012,150252.52525252526,118686.8686868687,122474.74747474748,125000.00000000001,123737.37373737374,98484.8484848485,89646.46464646465,89646.46464646465,80808.08080808082,65656.56565656565,,,,,,,,,,,,98484.8484848485,141414.14141414143,140151.51515151517,150252.52525252526,122474.74747474748,157828.28282828283,137626.26262626264,146464.64646464647,152777.77777777778,145202.0202020202,160353.53535353535,145202.0202020202,137626.26262626264,152777.77777777778,141414.14141414143,138888.8888888889,143939.39393939395,138888.8888888889,164141.41414141416,189393.9393939394,172979.797979798,174242.42424242425,188131.31313131313,189393.9393939394,164141.41414141416,164141.41414141416,167929.29292929295,162878.7878787879,186868.68686868687,207070.70707070708,189393.9393939394,174242.42424242425,181818.18181818182,162878.7878787879,183080.80808080808,196969.696969697,193181.8181818182,133838.38383838386,,,,,,,,,,,,,,,,,,,,,,,,,,,,,,,,,,,,,,,,,,,,,,,,,,,,
,,,,,,,,,64393.9393939394,116161.61616161617,178030.30303030304,140151.51515151517,111111.11111111112,131313.1313131313,107323.23232323233,133838.38383838386,95959.59595959597,79545.45454545454,85858.58585858587,74494.9494949495,,,,,,,,,,,,,,,,,,,,88383.83838383839,99747.47474747476,94696.9696969697,123737.37373737374,175505.05050505052,142676.7676767677,127525.25252525254,147727.27272727274,135101.01010101012,143939.39393939395,148989.898989899,146464.64646464647,165404.04040404042,157828.28282828283,143939.39393939395,166666.6666666667,162878.7878787879,157828.28282828283,179292.9292929293,141414.14141414143,148989.898989899,161616.16161616164,156565.65656565657,176767.67676767678,194444.44444444447,116161.61616161617,142676.7676767677,202020.20202020204,156565.65656565657,157828.28282828283,183080.80808080808,167929.29292929295,159090.9090909091,159090.9090909091,155303.0303030303,90909.09090909091,,,,,,,,,,,,,,,,,,,,,,,,,,,,,,,,,,,,,,,,,,,,,,,,,,,,
,,,,,,,,,,,70707.07070707071,109848.48484848485,66919.19191919193,117424.24242424243,131313.1313131313,125000.00000000001,93434.34343434343,,,,,,,,,,,,,,,,,,,,,,,,88383.83838383839,119949.49494949495,122474.74747474748,167929.29292929295,135101.01010101012,160353.53535353535,167929.29292929295,191919.19191919194,191919.19191919194,161616.16161616164,147727.27272727274,132575.7575757576,137626.26262626264,138888.8888888889,151515.15151515152,164141.41414141416,186868.68686868687,178030.30303030304,178030.30303030304,151515.15151515152,135101.01010101012,143939.39393939395,181818.18181818182,159090.9090909091,152777.77777777778,131313.1313131313,166666.6666666667,178030.30303030304,181818.18181818182,195707.07070707073,199494.9494949495,167929.29292929295,152777.77777777778,132575.7575757576,,,,,,,,,,,,,,,,,,,,,,,,,,,,,,,,,,,,,,,,,,,,,,,,,,,,,
,,,,,,,,,,,,,,82070.70707070708,83333.33333333334,85858.58585858587,,,,,,,,,,,,,,,,,,,,,,,,,,73232.32323232324,118686.8686868687,136363.63636363638,138888.8888888889,154040.40404040404,127525.25252525254,141414.14141414143,156565.65656565657,150252.52525252526,150252.52525252526,170454.54545454547,162878.7878787879,161616.16161616164,157828.28282828283,178030.30303030304,161616.16161616164,193181.8181818182,183080.80808080808,152777.77777777778,188131.31313131313,190656.56565656565,165404.04040404042,175505.05050505052,178030.30303030304,141414.14141414143,165404.04040404042,142676.7676767677,181818.18181818182,178030.30303030304,171717.17171717173,156565.65656565657,160353.53535353535,87121.21212121213,,,,,,,,,,,,,,,,,,,,,,,,,,,,,,,,,,,,,,,,,,,,,,,,,,,,,
,,,,,,,,,,,,,,,,,,,,,,,,,,,,,,,,,,,,,,,,,,,,107323.23232323233,121212.12121212122,132575.7575757576,170454.54545454547,142676.7676767677,169191.9191919192,193181.8181818182,141414.14141414143,170454.54545454547,185606.0606060606,140151.51515151517,179292.9292929293,174242.42424242425,166666.6666666667,171717.17171717173,167929.29292929295,157828.28282828283,171717.17171717173,191919.19191919194,165404.04040404042,179292.9292929293,166666.6666666667,143939.39393939395,156565.65656565657,167929.29292929295,181818.18181818182,175505.05050505052,184343.43434343435,140151.51515151517,135101.01010101012,,,,,,,,,,,,,,,,,,,,,,,,,,,,,,,,,,,,,,,,,,,,,,,,,,,,,,
,,,,,,,,,,,,,,,,,,,,,,,,,,,,,,,,,,,,,,,,,,,,,87121.21212121213,106060.60606060606,123737.37373737374,154040.40404040404,132575.7575757576,152777.77777777778,154040.40404040404,165404.04040404042,189393.9393939394,170454.54545454547,199494.9494949495,159090.9090909091,172979.797979798,137626.26262626264,161616.16161616164,167929.29292929295,166666.6666666667,175505.05050505052,169191.9191919192,184343.43434343435,162878.7878787879,180555.55555555556,151515.15151515152,152777.77777777778,165404.04040404042,172979.797979798,183080.80808080808,150252.52525252526,99747.47474747476,,,,,,,,,,,,,,,,,,,,,,,,,,,,,,,,,,,,,,,,,,,,,,,,,,,,,,
,,,,,,,,,,,,,,,,,,,,,,,,,,,,,,,,,,,,,,,,,,,,,,,74494.9494949495,143939.39393939395,145202.0202020202,125000.00000000001,174242.42424242425,185606.0606060606,160353.53535353535,164141.41414141416,189393.9393939394,191919.19191919194,207070.70707070708,165404.04040404042,176767.67676767678,151515.15151515152,156565.65656565657,164141.41414141416,183080.80808080808,155303.0303030303,164141.41414141416,200757.57575757577,143939.39393939395,164141.41414141416,196969.696969697,166666.6666666667,180555.55555555556,109848.48484848485,,,,,,,,,,,,,,,,,,,,,,,,,,,,,,,,,,,,,,,,,,,,,,,,,,,,,,,
,,,,,,,,,,,,,,,,,,,,,,,,,,,,,,,,,,,,,,,,,,,,,,,,90909.09090909091,121212.12121212122,123737.37373737374,148989.898989899,162878.7878787879,194444.44444444447,167929.29292929295,171717.17171717173,186868.68686868687,165404.04040404042,175505.05050505052,146464.64646464647,174242.42424242425,142676.7676767677,151515.15151515152,157828.28282828283,157828.28282828283,161616.16161616164,165404.04040404042,145202.0202020202,159090.9090909091,150252.52525252526,136363.63636363638,145202.0202020202,90909.09090909091,,,,,,,,,,,,,,,,,,,,,,,,,,,,,,,,,,,,,,,,,,,,,,,,,,,,,,,
,,,,,,,,,,,,,,,,,,,,,,,,,,,,,,,,,,,,,,,,,,,,,,,,,80808.08080808082,132575.7575757576,156565.65656565657,174242.42424242425,165404.04040404042,160353.53535353535,155303.0303030303,156565.65656565657,156565.65656565657,176767.67676767678,156565.65656565657,166666.6666666667,186868.68686868687,171717.17171717173,183080.80808080808,174242.42424242425,143939.39393939395,167929.29292929295,191919.19191919194,185606.0606060606,161616.16161616164,162878.7878787879,127525.25252525254,,,,,,,,,,,,,,,,,,,,,,,,,,,,,,,,,,,,,,,,,,,,,,,,,,,,,,,,
,,,,,,,,,,,,,,,,,,,,,,,,,,,,,,,,,,,,,,,,,,,,,,,,,,122474.74747474748,162878.7878787879,159090.9090909091,162878.7878787879,141414.14141414143,181818.18181818182,152777.77777777778,164141.41414141416,186868.68686868687,147727.27272727274,165404.04040404042,171717.17171717173,188131.31313131313,148989.898989899,175505.05050505052,181818.18181818182,172979.797979798,170454.54545454547,171717.17171717173,141414.14141414143,165404.04040404042,79545.45454545454,,,,,,,,,,,,,,,,,,,,,,,,,,,,,,,,,,,,,,,,,,,,,,,,,,,,,,,,
,,,,,,,,,,,,,,,,,,,,,,,,,,,,,,,,,,,,,,,,,,,,,,,,,,92171.71717171717,141414.14141414143,170454.54545454547,154040.40404040404,169191.9191919192,166666.6666666667,179292.9292929293,161616.16161616164,178030.30303030304,142676.7676767677,185606.0606060606,165404.04040404042,184343.43434343435,156565.65656565657,155303.0303030303,190656.56565656565,164141.41414141416,180555.55555555556,152777.77777777778,165404.04040404042,98484.8484848485,,,,,,,,,,,,,,,,,,,,,,,,,,,,,,,,,,,,,,,,,,,,,,,,,,,,,,,,,
,,,,,,,,,,,,,,,,,,,,,,,,,,,,,,,,,,,,,,,,,,,,,,,,,,,97222.22222222223,136363.63636363638,113636.36363636365,140151.51515151517,140151.51515151517,174242.42424242425,186868.68686868687,154040.40404040404,191919.19191919194,176767.67676767678,162878.7878787879,140151.51515151517,165404.04040404042,156565.65656565657,164141.41414141416,171717.17171717173,159090.9090909091,183080.80808080808,157828.28282828283,74494.9494949495,,,,,,,,,,,,,,,,,,,,,,,,,,,,,,,,,,,,,,,,,,,,,,,,,,,,,,,,,
,,,,,,,,,,,,,,,,,,,,,,,,,,,,,,,,,,,,,,,,,,,,,,,,,,,,103535.35353535354,162878.7878787879,140151.51515151517,165404.04040404042,170454.54545454547,195707.07070707073,164141.41414141416,167929.29292929295,176767.67676767678,162878.7878787879,164141.41414141416,143939.39393939395,180555.55555555556,170454.54545454547,175505.05050505052,157828.28282828283,157828.28282828283,138888.8888888889,,,,,,,,,,,,,,,,,,,,,,,,,,,,,,,,,,,,,,,,,,,,,,,,,,,,,,,,,,
,,,,,,,,,,,,,,,,,,,,,,,,,,,,,,,,,,,,,,,,,,,,,,,,,,,,,116161.61616161617,165404.04040404042,147727.27272727274,164141.41414141416,176767.67676767678,176767.67676767678,159090.9090909091,175505.05050505052,195707.07070707073,167929.29292929295,167929.29292929295,183080.80808080808,150252.52525252526,137626.26262626264,156565.65656565657,151515.15151515152,74494.9494949495,,,,,,,,,,,,,,,,,,,,,,,,,,,,,,,,,,,,,,,,,,,,,,,,,,,,,,,,,,
,,,,,,,,,,,,,,,,,,,,,,,,,,,,,,,,,,,,,,,,,,,,,,,,,,,,,83333.33333333334,155303.0303030303,166666.6666666667,167929.29292929295,175505.05050505052,202020.20202020204,156565.65656565657,157828.28282828283,175505.05050505052,154040.40404040404,172979.797979798,169191.9191919192,145202.0202020202,161616.16161616164,157828.28282828283,136363.63636363638,,,,,,,,,,,,,,,,,,,,,,,,,,,,,,,,,,,,,,,,,,,,,,,,,,,,,,,,,,,
,,,,,,,,,,,,,,,,,,,,,,,,,,,,,,,,,,,,,,,,,,,,,,,,,,,,,,140151.51515151517,155303.0303030303,171717.17171717173,157828.28282828283,172979.797979798,176767.67676767678,175505.05050505052,194444.44444444447,175505.05050505052,166666.6666666667,148989.898989899,146464.64646464647,147727.27272727274,142676.7676767677,94696.9696969697,,,,,,,,,,,,,,,,,,,,,,,,,,,,,,,,,,,,,,,,,,,,,,,,,,,,,,,,,,,
,,,,,,,,,,,,,,,,,,,,,,,,,,,,,,,,,,,,,,,,,,,,,,,,,,,,,,74494.9494949495,127525.25252525254,141414.14141414143,174242.42424242425,156565.65656565657,154040.40404040404,174242.42424242425,171717.17171717173,154040.40404040404,151515.15151515152,152777.77777777778,174242.42424242425,165404.04040404042,126262.62626262628,,,,,,,,,,,,,,,,,,,,,,,,,,,,,,,,,,,,,,,,,,,,,,,,,,,,,,,,,,,,
,,,,,,,,,,,,,,,,,,,,,,,,,,,,,,,,,,,,,,,,,,,,,,,,,,,,,,,75757.57575757576,125000.00000000001,194444.44444444447,137626.26262626264,180555.55555555556,234848.48484848486,180555.55555555556,198232.32323232325,165404.04040404042,178030.30303030304,171717.17171717173,148989.898989899,137626.26262626264,,,,,,,,,,,,,,,,,,,,,,,,,,,,,,,,,,,,,,,,,,,,,,,,,,,,,,,,,,,,
,,,,,,,,,,,,,,,,,,,,,,,,,,,,,,,,,,,,,,,,,,,,,,,,,,,,,,,99747.47474747476,117424.24242424243,135101.01010101012,154040.40404040404,161616.16161616164,159090.9090909091,164141.41414141416,186868.68686868687,143939.39393939395,146464.64646464647,186868.68686868687,152777.77777777778,,,,,,,,,,,,,,,,,,,,,,,,,,,,,,,,,,,,,,,,,,,,,,,,,,,,,,,,,,,,,
,,,,,,,,,,,,,,,,,,,,,,,,,,,,,,,,,,,,,,,,,,,,,,,,,,,,,,,,111111.11111111112,117424.24242424243,119949.49494949495,161616.16161616164,184343.43434343435,143939.39393939395,150252.52525252526,161616.16161616164,137626.26262626264,170454.54545454547,111111.11111111112,,,,,,,,,,,,,,,,,,,,,,,,,,,,,,,,,,,,,,,,,,,,,,,,,,,,,,,,,,,,,
,,,,,,,,,,,,,,,,,,,,,,,,,,,,,,,,,,,,,,,,,,,,,,,,,,,,,,,,97222.22222222223,118686.8686868687,132575.7575757576,167929.29292929295,193181.8181818182,174242.42424242425,148989.898989899,127525.25252525254,140151.51515151517,148989.898989899,77020.20202020202,,,,,,,,,,,,,,,,,,,,,,,,,,,,,,,,,,,,,,,,,,,,,,,,,,,,,,,,,,,,,
,,,,,,,,,,,,,,,,,,,,,,,,,,,,,,,,,,,,,,,,,,,,,,,,,,,,,,,,,71969.69696969698,112373.73737373739,157828.28282828283,155303.0303030303,157828.28282828283,151515.15151515152,148989.898989899,154040.40404040404,117424.24242424243,,,,,,,,,,,,,,,,,,,,,,,,,,,,,,,,,,,,,,,,,,,,,,,,,,,,,,,,,,,,,,
,,,,,,,,,,,,,,,,,,,,,,,,,,,,,,,,,,,,,,,,,,,,,,,,,,,,,,,,,,89646.46464646465,142676.7676767677,150252.52525252526,140151.51515151517,150252.52525252526,142676.7676767677,137626.26262626264,98484.8484848485,,,,,,,,,,,,,,,,,,,,,,,,,,,,,,,,,,,,,,,,,,,,,,,,,,,,,,,,,,,,,,
,,,,,,,,,,,,,,,,,,,,,,,,,,,,,,,,,,,,,,,,,,,,,,,,,,,,,,,,,,82070.70707070708,108585.85858585859,127525.25252525254,172979.797979798,147727.27272727274,166666.6666666667,128787.8787878788,,,,,,,,,,,,,,,,,,,,,,,,,,,,,,,,,,,,,,,,,,,,,,,,,,,,,,,,,,,,,,,
,,,,,,,,,,,,,,,,,,,,,,,,,,,,,,,,,,,,,,,,,,,,,,,,,,,,,,,,,,,80808.08080808082,121212.12121212122,118686.8686868687,138888.8888888889,133838.38383838386,127525.25252525254,,,,,,,,,,,,,,,,,,,,,,,,,,,,,,,,,,,,,,,,,,,,,,,,,,,,,,,,,,,,,,,
,,,,,,,,,,,,,,,,,,,,,,,,,,,,,,,,,,,,,,,,,,,,,,,,,,,,,,,,,,,,114898.98989898991,83333.33333333334,103535.35353535354,136363.63636363638,94696.9696969697,,,,,,,,,,,,,,,,,,,,,,,,,,,,,,,,,,,,,,,,,,,,,,,,,,,,,,,,,,,,,,,
,,,,,,,,,,,,,,,,,,,,,,,,,,,,,,,,,,,,,,,,,,,,,,,,,,,,,,,,,,,,,82070.70707070708,106060.60606060606,103535.35353535354,,,,,,,,,,,,,,,,,,,,,,,,,,,,,,,,,,,,,,,,,,,,,,,,,,,,,,,,,,,,,,,,
,,,,,,,,,,,,,,,,,,,,,,,,,,,,,,,,,,,,,,,,,,,,,,,,,,,,,,,,,,,,,99747.47474747476,121212.12121212122,,,,,,,,,,,,,,,,,,,,,,,,,,,,,,,,,,,,,,,,,,,,,,,,,,,,,,,,,,,,,,,,,
,,,,,,,,,,,,,,,,,,,,,,,,,,,,,,,,,,,,,,,,,,,,,,,,,,,,,,,,,,,,,,99747.47474747476,,,,,,,,,,,,,,,,,,,,,,,,,,,,,,,,,,,,,,,,,,,,,,,,,,,,,,,,,,,,,,,,,
,,,,,,,,,,,,,,,,,,,,,,,,,,,,,,,,,,,,,,,,,,,,,,,,,,,,,,,,,,,,,,,,,,,,,,,,,,,,,,,,,,,,,,,,,,,,,,,,,,,,,,,,,,,,,,,,,,,,,,,,,,,,,,,
,,,,,,,,,,,,,,,,,,,,,,,,,,,,,,,,,,,,,,,,,,,,,,,,,,,,,,,,,,,,,,,,,,,,,,,,,,,,,,,,,,,,,,,,,,,,,,,,,,,,,,,,,,,,,,,,,,,,,,,,,,,,,,,
,,,,,,,,,,,,,,,,,,,,,,,,,,,,,,,,,,,,,,,,,,,,,,,,,,,,,,,,,,,,,,,,,,,,,,,,,,,,,,,,,,,,,,,,,,,,,,,,,,,,,,,,,,,,,,,,,,,,,,,,,,,,,,,
,,,,,,,,,,,,,,,,,,,,,,,,,,,,,,,,,,,,,,,,,,,,,,,,,,,,,,,,,,,,,,,,,,,,,,,,,,,,,,,,,,,,,,,,,,,,,,,,,,,,,,,,,,,,,,,,,,,,,,,,,,,,,,,
,,,,,,,,,,,,,,,,,,,,,,,,,,,,,,,,,,,,,,,,,,,,,,,,,,,,,,,,,,,,,,,,,,,,,,,,,,,,,,,,,,,,,,,,,,,,,,,,,,,,,,,,,,,,,,,,,,,,,,,,,,,,,,,
,,,,,,,,,,,,,,,,,,,,,,,,,,,,,,,,,,,,,,,,,,,,,,,,,,,,,,,,,,,,,,,,,,,,,,,,,,,,,,,,,,,,,,,,,,,,,,,,,,,,,,,,,,,,,,,,,,,,,,,,,,,,,,,
,,,,,,,,,,,,,,,,,,,,,,,,,,,,,,,,,,,,,,,,,,,,,,,,,,,,,,,,,,,,,,,,,,,,,,,,,,,,,,,,,,,,,,,,,,,,,,,,,,,,,,,,,,,,,,,,,,,,,,,,,,,,,,,
,,,,,,,,,,,,,,,,,,,,,,,,,,,,,,,,,,,,,,,,,,,,,,,,,,,,,,,,,,,,,,,,,,,,,,,,,,,,,,,,,,,,,,,,,,,,,,,,,,,,,,,,,,,,,,,,,,,,,,,,,,,,,,,
