,,,,,,,,,,,,,,,,,,,,,,,,,,,,,,,,,,,,,,,,,,,,,,,324494.94949494954,340909.09090909094,453282.8282828283,587121.2121212122,633838.3838383838,732323.2323232323,674242.4242424243,488636.36363636365,531565.6565656567,443181.81818181823,564393.9393939395,565656.5656565657,577020.2020202021,611111.1111111111,612373.7373737374,612373.7373737374,585858.5858585859,597222.2222222222,612373.7373737374,559343.4343434344,675505.0505050506,651515.1515151516,545454.5454545455,476010.10101010103,473484.8484848485,469696.9696969697,486111.1111111111,635101.0101010101,675505.0505050506,508838.3838383839,452020.20202020206,371212.1212121212,491161.61616161617,450757.5757575758,,,,,,,,,,,,,,,,,,,,,,,,,,,,,,,,,,,,,,,,,,,,,,,
,,,,,,,,,,,,,,,,,,,,,,,,,,,,,,,,,,,,,,,,,,,,,409090.9090909091,369949.49494949495,391414.14141414146,510101.01010101015,536616.1616161617,541666.6666666667,611111.1111111111,592171.7171717172,593434.3434343435,707070.7070707071,944444.4444444445,988636.3636363636,727272.7272727273,782828.2828282829,799242.4242424243,797979.797979798,799242.4242424243,886363.6363636365,922979.797979798,762626.2626262626,765151.5151515153,801767.6767676768,751262.6262626263,708333.3333333334,739898.9898989899,671717.1717171718,702020.2020202021,755050.505050505,881313.1313131314,755050.505050505,674242.4242424243,651515.1515151516,607323.2323232323,496212.1212121212,497474.7474747475,510101.01010101015,,,,,,,,,,,,,,,,,,,,,,,,,,,,,,,,,,,,,,,,,,,,,,,
,,,,,,,,,,,,,,,,,,,,,,,,,,,,,,,,,,,,,,,,,,,,,453282.8282828283,419191.9191919192,491161.61616161617,542929.292929293,530303.0303030304,577020.2020202021,675505.0505050506,611111.1111111111,585858.5858585859,732323.2323232323,857323.2323232323,1055555.5555555555,895202.0202020203,829545.4545454546,924242.4242424243,882575.7575757577,912878.787878788,915404.0404040405,839646.4646464647,871212.1212121212,843434.3434343435,801767.6767676768,835858.5858585859,901515.1515151516,810606.0606060607,731060.6060606061,814393.9393939395,784090.9090909092,878787.8787878788,809343.4343434344,720959.595959596,731060.6060606061,635101.0101010101,554292.9292929294,575757.5757575758,554292.9292929294,517676.7676767677,,,,,,,,,,,,,,,,,,,,,,,,,,,,,,,,,,,,,,,,,,,,,,
,,,,,,,,,,,,,,,,,,,,,,,,,,,,,,,,,,,,,,,,,,,,577020.2020202021,588383.8383838384,683080.8080808081,717171.7171717172,929292.9292929294,1106060.6060606062,998737.3737373739,1047979.797979798,974747.4747474748,1119949.494949495,1064393.9393939395,1116161.6161616163,1071969.696969697,1061868.686868687,989898.9898989899,1116161.6161616163,1099747.4747474748,1121212.1212121213,1102272.7272727273,1300505.0505050507,1348484.8484848486,1320707.0707070709,1203282.8282828284,1238636.3636363638,1275252.5252525252,1101010.1010101011,1156565.6565656567,1176767.6767676768,1060606.0606060608,1080808.080808081,1093434.3434343436,1215909.090909091,1066919.191919192,1064393.9393939395,1167929.292929293,1006313.1313131314,986111.1111111111,1023989.8989898991,1022727.2727272728,943181.8181818182,892676.7676767678,819444.4444444445,837121.2121212122,753787.8787878788,694444.4444444445,,,,,,,,,,,,,,,,,,,,,,,,,,,,,,,,,,,,,,,
,,,,,,,,,,,,,,,,,,,,,,,,,,,,,,,,,,,,,,,,,,,626262.6262626263,651515.1515151516,726010.101010101,972222.2222222222,952020.2020202021,991161.6161616162,1232323.2323232323,1045454.5454545455,1032828.2828282829,1045454.5454545455,1074494.9494949495,1026515.1515151516,1117424.2424242424,1137626.2626262626,1234848.4848484849,1162878.7878787878,1107323.2323232323,1147727.2727272727,1226010.1010101011,1271464.6464646466,1353535.3535353537,1204545.4545454546,1430555.5555555557,1248737.3737373739,1266414.1414141415,1174242.4242424243,1193181.8181818184,1233585.8585858587,1199494.9494949495,1167929.292929293,1042929.292929293,991161.6161616162,1247474.7474747475,1142676.7676767677,1247474.7474747475,1155303.0303030303,1058080.8080808083,1119949.494949495,1196969.696969697,1200757.575757576,1063131.3131313133,926767.6767676768,902777.7777777779,878787.8787878788,842171.7171717172,789141.4141414142,781565.6565656567,,,,714646.4646464647,688131.3131313132,626262.6262626263,,,,,,,,,,,,,,,,,,,,,,,,,,,,,,,,
,,,,,,,,,,,,,,,,,,,,,,,,,,,,,,,,,,,,,,,,555555.5555555556,578282.8282828283,627525.2525252525,695707.0707070708,799242.4242424243,784090.9090909092,876262.6262626263,941919.191919192,1074494.9494949495,1262626.2626262626,1145202.0202020202,1077020.202020202,1075757.575757576,1094696.9696969697,1148989.898989899,991161.6161616162,1194444.4444444445,1176767.6767676768,1184343.4343434344,1169191.9191919193,1226010.1010101011,1231060.6060606062,1276515.1515151516,1229797.9797979798,1232323.2323232323,1252525.2525252525,1193181.8181818184,1213383.8383838385,1234848.4848484849,1238636.3636363638,1267676.7676767677,1179292.9292929294,1199494.9494949495,1130050.505050505,1246212.1212121213,1215909.090909091,1210858.585858586,1256313.1313131314,1172979.797979798,1209595.9595959596,1159090.9090909092,1147727.2727272727,1275252.5252525252,1160353.5353535353,1065656.5656565658,968434.3434343435,1041666.6666666667,1030303.0303030304,944444.4444444445,1131313.1313131314,1051767.6767676768,1114898.98989899,1273989.898989899,1094696.9696969697,895202.0202020203,704545.4545454546,540404.0404040405,556818.1818181819,584595.9595959596,606060.6060606061,449494.94949494954,491161.61616161617,,,,,,,,,,,,,,,,,,,,,,,,,,
,,,,,,,,,,,,,,,,,,,,,,,,,,,,,,,,,,,,,,330808.08080808085,539141.4141414142,672979.797979798,627525.2525252525,661616.1616161617,731060.6060606061,921717.1717171718,964646.4646464647,960858.5858585859,1040404.0404040405,1007575.7575757577,1083333.3333333335,1020202.0202020203,1078282.8282828284,1118686.8686868688,1036616.1616161617,1066919.191919192,1077020.202020202,1183080.8080808083,1150252.5252525252,1010101.0101010102,1284090.9090909092,1279040.4040404041,1299242.4242424243,1304292.9292929294,1213383.8383838385,1171717.1717171718,1135101.01010101,1272727.2727272727,1165404.0404040404,1190656.5656565658,1270202.0202020202,1265151.5151515151,1281565.6565656567,1338383.8383838385,1335858.585858586,1303030.3030303032,1260101.01010101,1387626.2626262626,1267676.7676767677,1241161.6161616163,1352272.7272727273,1318181.8181818184,1260101.01010101,1291666.6666666667,1358585.8585858587,1198232.3232323234,1071969.696969697,1128787.878787879,1127525.2525252525,1075757.575757576,1165404.0404040404,1112373.7373737374,1088383.8383838385,972222.2222222222,868686.8686868687,792929.292929293,718434.3434343435,662878.787878788,680555.5555555556,601010.101010101,638888.8888888889,564393.9393939395,476010.10101010103,779040.4040404041,705808.0808080808,,,,,,,,,,,,,,,,,,,,,,,,
,,,,,,,,,,,,,,,,,,,,,,,,,,,,,,,,,,,,,,415404.0404040404,510101.01010101015,588383.8383838384,606060.6060606061,766414.1414141415,837121.2121212122,1002525.2525252526,1037878.787878788,986111.1111111111,1047979.797979798,1103535.3535353537,987373.7373737374,997474.7474747475,1156565.6565656567,1143939.393939394,1109848.4848484849,1089646.4646464647,1190656.5656565658,1214646.4646464647,1194444.4444444445,1212121.2121212122,1273989.898989899,1184343.4343434344,1258838.383838384,1342171.7171717172,1282828.2828282828,1247474.7474747475,1281565.6565656567,1282828.2828282828,1320707.0707070709,1327020.202020202,1218434.3434343436,1332070.707070707,1275252.5252525252,1308080.8080808083,1353535.3535353537,1353535.3535353537,1305555.5555555557,1292929.2929292931,1362373.7373737374,1224747.4747474748,1226010.1010101011,1107323.2323232323,1358585.8585858587,1376262.6262626264,1272727.2727272727,1241161.6161616163,1214646.4646464647,1159090.9090909092,1049242.4242424243,1012626.2626262627,996212.1212121212,1055555.5555555555,1068181.8181818184,957070.7070707071,910353.5353535354,868686.8686868687,775252.5252525253,726010.101010101,714646.4646464647,671717.1717171718,712121.2121212122,584595.9595959596,529040.4040404041,573232.3232323233,676767.6767676768,547979.797979798,501262.6262626263,,436868.68686868687,,,,,,,,,,,,,,,,,,,,
,,,,,,,,,,,,,,,,,,,,,,,,,,,,,,,,,,,,,,512626.2626262627,561868.6868686869,556818.1818181819,628787.8787878788,674242.4242424243,873737.3737373737,1059343.4343434344,1128787.878787879,1162878.7878787878,1191919.191919192,1137626.2626262626,1080808.080808081,1184343.4343434344,1194444.4444444445,1104797.9797979798,1314393.9393939395,1246212.1212121213,1257575.7575757576,1204545.4545454546,1244949.494949495,1300505.0505050507,1210858.585858586,1126262.6262626264,1253787.878787879,1309343.4343434344,1333333.3333333335,1309343.4343434344,1356060.6060606062,1419191.9191919193,1318181.8181818184,1334595.9595959596,1351010.1010101011,1420454.5454545456,1308080.8080808083,1297979.7979797982,1309343.4343434344,1194444.4444444445,1266414.1414141415,1256313.1313131314,1150252.5252525252,1089646.4646464647,1290404.0404040404,1316919.191919192,1253787.878787879,1340909.090909091,1316919.191919192,1275252.5252525252,1255050.505050505,1154040.4040404041,1147727.2727272727,1073232.3232323234,1223484.8484848486,1184343.4343434344,1036616.1616161617,1095959.595959596,981060.6060606061,958333.3333333334,929292.9292929294,949494.9494949495,902777.7777777779,726010.101010101,738636.3636363636,680555.5555555556,699494.9494949495,642676.7676767677,699494.9494949495,594696.9696969697,516414.14141414146,507575.7575757576,435606.0606060606,,,,,,,,,,,,,,,,,,,,
,,,,,,,,,,,,,,,,,,,,,,,,,,,,,,,,,,,,,,568181.8181818182,656565.6565656567,669191.9191919193,781565.6565656567,852272.7272727273,1031565.6565656567,1040404.0404040405,1023989.8989898991,1118686.8686868688,1258838.383838384,1295454.5454545456,1113636.3636363638,1303030.3030303032,1210858.585858586,1329545.4545454546,1236111.1111111112,1262626.2626262626,1320707.0707070709,1414141.4141414142,1320707.0707070709,1362373.7373737374,1309343.4343434344,1214646.4646464647,1268939.393939394,1361111.1111111112,1239898.98989899,1406565.6565656567,1544191.9191919193,1462121.2121212122,1377525.2525252525,1357323.2323232323,1489898.98989899,1440656.5656565658,1401515.1515151516,1324494.9494949495,1303030.3030303032,1239898.98989899,1343434.3434343436,1241161.6161616163,1102272.7272727273,1126262.6262626264,1294191.9191919193,1373737.3737373739,1416666.6666666667,1366161.6161616163,1327020.202020202,1261363.6363636365,978535.3535353536,1020202.0202020203,1232323.2323232323,1251262.6262626264,1238636.3636363638,1299242.4242424243,1183080.8080808083,1095959.595959596,1097222.2222222222,1039141.4141414142,1005050.5050505052,1017676.7676767678,1026515.1515151516,823232.3232323233,724747.4747474748,744949.494949495,852272.7272727273,710858.5858585859,681818.1818181819,628787.8787878788,652777.7777777779,603535.3535353536,535353.5353535354,540404.0404040405,401515.15151515155,,,,,,,,,,,,,,,,,,
,,,,,,,,,,,,,,,,,,,,,,,,,,,,,,,,,,,,,520202.02020202024,569444.4444444445,722222.2222222222,703282.8282828283,806818.1818181819,922979.797979798,1075757.575757576,1087121.2121212122,1151515.1515151516,1246212.1212121213,1290404.0404040404,1323232.3232323234,1181818.1818181819,1340909.090909091,1277777.7777777778,1292929.2929292931,1285353.5353535353,1345959.595959596,1367424.2424242424,1361111.1111111112,1430555.5555555557,1332070.707070707,1285353.5353535353,1285353.5353535353,1406565.6565656567,1507575.7575757576,1378787.878787879,1395202.0202020202,1455808.080808081,1397727.2727272727,1457070.707070707,1409090.9090909092,1390151.5151515151,1292929.2929292931,1319444.4444444445,1361111.1111111112,1400252.5252525252,1257575.7575757576,1347222.2222222222,1303030.3030303032,1357323.2323232323,1306818.1818181819,1345959.595959596,1273989.898989899,1285353.5353535353,1357323.2323232323,1314393.9393939395,1354797.9797979798,1202020.202020202,1299242.4242424243,1348484.8484848486,1318181.8181818184,1228535.3535353537,1220959.595959596,1138888.888888889,1215909.090909091,1183080.8080808083,1167929.292929293,1017676.7676767678,1123737.3737373739,1049242.4242424243,1042929.292929293,929292.9292929294,880050.505050505,1050505.0505050505,1130050.505050505,963383.8383838384,710858.5858585859,693181.8181818182,569444.4444444445,573232.3232323233,602272.7272727273,554292.9292929294,430555.55555555556,420454.54545454547,,,,,,,,,,,,,,,,
,,,,,,,,,,,,,,,,,,,,,,,,,,,,,,,,,,,,,588383.8383838384,718434.3434343435,847222.2222222222,821969.696969697,828282.8282828283,978535.3535353536,1099747.4747474748,1268939.393939394,1406565.6565656567,1303030.3030303032,1309343.4343434344,1248737.3737373739,1215909.090909091,1276515.1515151516,1340909.090909091,1215909.090909091,1340909.090909091,1361111.1111111112,1416666.6666666667,1455808.080808081,1401515.1515151516,1404040.4040404041,1339646.4646464647,1375000.0,1449494.9494949495,1472222.2222222222,1386363.6363636365,1376262.6262626264,1376262.6262626264,1373737.3737373739,1366161.6161616163,1410353.5353535356,1342171.7171717172,1338383.8383838385,1404040.4040404041,1373737.3737373739,1430555.5555555557,1321969.696969697,1308080.8080808083,1369949.494949495,1390151.5151515151,1349747.4747474748,1452020.202020202,1398989.898989899,1251262.6262626264,1282828.2828282828,1294191.9191919193,1334595.9595959596,1446969.696969697,1301767.6767676768,1371212.1212121213,1392676.7676767677,1321969.696969697,1267676.7676767677,1121212.1212121213,1121212.1212121213,1159090.9090909092,1141414.1414141415,1171717.1717171718,1116161.6161616163,1103535.3535353537,1085858.585858586,1050505.0505050505,1007575.7575757577,1183080.8080808083,1022727.2727272728,893939.393939394,939393.9393939395,736111.1111111111,647727.2727272728,579545.4545454546,686868.6868686869,585858.5858585859,489898.9898989899,405303.03030303033,422979.797979798,,,,,,,,,,,,,,,
,,,,,,,,,,,,,,,,,,,,,,,,,,,,,,,,,,,,568181.8181818182,664141.4141414142,738636.3636363636,915404.0404040405,940656.5656565657,954545.4545454546,1118686.8686868688,1073232.3232323234,1244949.494949495,1446969.696969697,1496212.1212121213,1393939.393939394,1295454.5454545456,1261363.6363636365,1361111.1111111112,1421717.1717171718,1420454.5454545456,1412878.787878788,1512626.2626262626,1470959.595959596,1431818.1818181819,1430555.5555555557,1476010.1010101011,1385101.01010101,1436868.686868687,1486111.1111111112,1367424.2424242424,1435606.0606060608,1472222.2222222222,1414141.4141414142,1392676.7676767677,1431818.1818181819,1373737.3737373739,1327020.202020202,1334595.9595959596,1414141.4141414142,1454545.4545454546,1412878.787878788,1354797.9797979798,1378787.878787879,1271464.6464646466,1258838.383838384,1441919.191919192,1486111.1111111112,1481060.6060606062,1430555.5555555557,1387626.2626262626,1277777.7777777778,1196969.696969697,1273989.898989899,1434343.4343434344,1436868.686868687,1363636.3636363638,1339646.4646464647,1275252.5252525252,1180555.5555555557,1074494.9494949495,1130050.505050505,1045454.5454545455,1151515.1515151516,1176767.6767676768,1036616.1616161617,1055555.5555555555,1065656.5656565658,1143939.393939394,1284090.9090909092,1159090.9090909092,987373.7373737374,931818.1818181819,785353.5353535354,810606.0606060607,666666.6666666667,569444.4444444445,799242.4242424243,835858.5858585859,565656.5656565657,497474.7474747475,,,,,,,,,,,,,,,
,,,,,,,,,,,,,,,,,,,,,,,,,,,,,,,,,,,536616.1616161617,574494.9494949495,731060.6060606061,838383.8383838384,900252.5252525253,905303.0303030304,993686.8686868687,1058080.8080808083,1159090.9090909092,1227272.7272727273,1309343.4343434344,1407828.2828282828,1462121.2121212122,1387626.2626262626,1387626.2626262626,1385101.01010101,1337121.2121212122,1467171.7171717172,1430555.5555555557,1383838.383838384,1468434.3434343436,1343434.3434343436,1429292.9292929294,1448232.3232323234,1422979.7979797982,1439393.9393939395,1414141.4141414142,1449494.9494949495,1462121.2121212122,1406565.6565656567,1443181.8181818184,1310606.0606060608,1280303.0303030303,1407828.2828282828,1386363.6363636365,1486111.1111111112,1405303.0303030303,1523989.898989899,1439393.9393939395,1402777.7777777778,1337121.2121212122,1295454.5454545456,1252525.2525252525,1433080.8080808083,1550505.0505050507,1464646.4646464647,1371212.1212121213,1463383.8383838385,1401515.1515151516,1487373.7373737374,1458333.3333333335,1534090.9090909092,1371212.1212121213,1377525.2525252525,1305555.5555555557,1299242.4242424243,1382575.7575757576,1349747.4747474748,1300505.0505050507,1222222.2222222222,1224747.4747474748,1244949.494949495,1136363.6363636365,1183080.8080808083,1069444.4444444445,1122474.7474747475,1241161.6161616163,1305555.5555555557,1138888.888888889,876262.6262626263,895202.0202020203,808080.8080808081,708333.3333333334,845959.595959596,1069444.4444444445,914141.4141414142,606060.6060606061,478535.35353535356,472222.22222222225,,,,,,,,,,,,,,
,,,,,,,,,,,,,,,,,,,,,,,,,,,,,,,,,,460858.5858585859,569444.4444444445,595959.595959596,742424.2424242424,861111.1111111111,912878.787878788,962121.2121212122,1179292.9292929294,1205808.080808081,1179292.9292929294,1324494.9494949495,1353535.3535353537,1502525.2525252525,1539141.4141414142,1525252.5252525252,1537878.787878788,1523989.898989899,1513888.888888889,1465909.090909091,1373737.3737373739,1476010.1010101011,1497474.7474747475,1407828.2828282828,1435606.0606060608,1470959.595959596,1493686.8686868688,1482323.2323232323,1375000.0,1492424.2424242424,1458333.3333333335,1395202.0202020202,1174242.4242424243,1190656.5656565658,1335858.585858586,1402777.7777777778,1452020.202020202,1428030.3030303032,1406565.6565656567,1342171.7171717172,1386363.6363636365,1386363.6363636365,1396464.6464646466,1428030.3030303032,1252525.2525252525,1354797.9797979798,1372474.7474747475,1507575.7575757576,1421717.1717171718,1381313.1313131314,1436868.686868687,1609848.4848484849,1489898.98989899,1354797.9797979798,1301767.6767676768,1462121.2121212122,1406565.6565656567,1362373.7373737374,1454545.4545454546,1385101.01010101,1257575.7575757576,1231060.6060606062,1236111.1111111112,1258838.383838384,1323232.3232323234,1190656.5656565658,1135101.01010101,1103535.3535353537,1114898.98989899,1055555.5555555555,1098484.8484848486,1015151.5151515153,941919.191919192,843434.3434343435,715909.0909090909,988636.3636363636,880050.505050505,690656.5656565657,612373.7373737374,599747.4747474748,541666.6666666667,464646.4646464647,468434.34343434346,,,,,,,,,,,,
,,,,,,,,,,,,,,,,,,,,,,,,,,,,,,,,,,516414.14141414146,542929.292929293,632575.7575757576,753787.8787878788,939393.9393939395,916666.6666666667,1034090.9090909092,1181818.1818181819,1203282.8282828284,1303030.3030303032,1304292.9292929294,1354797.9797979798,1506313.1313131314,1546717.1717171718,1604797.9797979798,1597222.2222222222,1506313.1313131314,1508838.383838384,1526515.1515151516,1424242.4242424243,1438131.3131313133,1507575.7575757576,1500000.0,1529040.4040404041,1436868.686868687,1534090.9090909092,1502525.2525252525,1506313.1313131314,1520202.0202020202,1484848.4848484849,1378787.878787879,1263888.888888889,1238636.3636363638,1354797.9797979798,1334595.9595959596,1412878.787878788,1412878.787878788,1491161.6161616163,1398989.898989899,1478535.3535353537,1424242.4242424243,1453282.8282828284,1362373.7373737374,1309343.4343434344,1324494.9494949495,1430555.5555555557,1382575.7575757576,1339646.4646464647,1396464.6464646466,1354797.9797979798,1531565.6565656567,1601010.1010101011,1436868.686868687,1440656.5656565658,1410353.5353535356,1409090.9090909092,1460858.585858586,1411616.1616161617,1362373.7373737374,1453282.8282828284,1344696.9696969697,1377525.2525252525,1209595.9595959596,1262626.2626262626,1186868.686868687,1136363.6363636365,1084595.9595959596,1218434.3434343436,1223484.8484848486,1224747.4747474748,934343.4343434344,856060.6060606061,905303.0303030304,988636.3636363636,1143939.393939394,827020.2020202021,621212.1212121212,656565.6565656567,540404.0404040405,566919.191919192,489898.9898989899,425505.0505050505,406565.6565656566,345959.595959596,,,,,,,,,,
,,,,,,,,,,,,,,,,,,,,,,,,,,,,,,,,,,588383.8383838384,695707.0707070708,734848.4848484849,880050.505050505,901515.1515151516,997474.7474747475,1045454.5454545455,1154040.4040404041,1157828.2828282828,1248737.3737373739,1472222.2222222222,1410353.5353535356,1585858.585858586,1479797.9797979798,1578282.8282828284,1613636.3636363638,1571969.696969697,1568181.8181818184,1500000.0,1643939.393939394,1588383.8383838385,1590909.090909091,1488636.3636363638,1540404.0404040406,1542929.2929292931,1492424.2424242424,1518939.393939394,1517676.7676767677,1534090.9090909092,1236111.1111111112,1300505.0505050507,1457070.707070707,1348484.8484848486,1273989.898989899,1342171.7171717172,1417929.2929292931,1396464.6464646466,1507575.7575757576,1460858.585858586,1367424.2424242424,1329545.4545454546,1290404.0404040404,1219696.9696969697,1285353.5353535353,1257575.7575757576,1279040.4040404041,1195707.0707070709,1325757.575757576,1263888.888888889,1248737.3737373739,1513888.888888889,1558080.8080808083,1573232.3232323234,1574494.9494949495,1497474.7474747475,1501262.6262626264,1507575.7575757576,1540404.0404040406,1439393.9393939395,1407828.2828282828,1438131.3131313133,1395202.0202020202,1396464.6464646466,1280303.0303030303,1330808.080808081,1279040.4040404041,1280303.0303030303,1319444.4444444445,1246212.1212121213,1064393.9393939395,955808.0808080808,907828.2828282829,858585.8585858586,973484.8484848485,886363.6363636365,751262.6262626263,717171.7171717172,681818.1818181819,646464.6464646466,516414.14141414146,492424.24242424243,438131.31313131313,401515.15151515155,376262.62626262626,,,,,,,,,,
,,,,,,,,,,,,,,,,,,,,,,,,,,,,,,,,,580808.0808080808,648989.8989898991,680555.5555555556,732323.2323232323,805555.5555555556,948232.3232323233,1022727.2727272728,1070707.0707070709,1126262.6262626264,1306818.1818181819,1321969.696969697,1315656.5656565658,1520202.0202020202,1549242.4242424243,1602272.7272727273,1595959.595959596,1652777.777777778,1665404.0404040406,1510101.01010101,1535353.5353535356,1563131.3131313133,1630050.505050505,1574494.9494949495,1585858.585858586,1539141.4141414142,1521464.6464646466,1547979.7979797982,1525252.5252525252,1453282.8282828284,1469696.9696969697,1377525.2525252525,1424242.4242424243,1419191.9191919193,1479797.9797979798,1242424.2424242424,1232323.2323232323,1334595.9595959596,1558080.8080808083,1472222.2222222222,1361111.1111111112,1337121.2121212122,1443181.8181818184,1333333.3333333335,1234848.4848484849,1208333.3333333335,1148989.898989899,1242424.2424242424,1311868.686868687,1208333.3333333335,1121212.1212121213,1290404.0404040404,1470959.595959596,1450757.575757576,1398989.898989899,1593434.3434343436,1526515.1515151516,1424242.4242424243,1380050.505050505,1425505.0505050507,1358585.8585858587,1424242.4242424243,1476010.1010101011,1393939.393939394,1316919.191919192,1375000.0,1357323.2323232323,1306818.1818181819,1357323.2323232323,1333333.3333333335,1247474.7474747475,1001262.6262626264,890151.5151515153,919191.9191919193,938131.3131313132,1083333.3333333335,852272.7272727273,854797.9797979798,727272.7272727273,637626.2626262626,780303.0303030304,709595.9595959596,657828.2828282829,554292.9292929294,433080.8080808081,435606.0606060606,,,,,,,,,,
,,,,,,,,,,,,,,,,,,,,,,,,,,,,,,,,435606.0606060606,553030.3030303031,654040.4040404041,732323.2323232323,763888.888888889,816919.191919192,992424.2424242424,1087121.2121212122,1172979.797979798,1155303.0303030303,1231060.6060606062,1358585.8585858587,1369949.494949495,1488636.3636363638,1510101.01010101,1637626.2626262626,1594696.9696969697,1579545.4545454546,1537878.787878788,1573232.3232323234,1542929.2929292931,1602272.7272727273,1481060.6060606062,1502525.2525252525,1523989.898989899,1491161.6161616163,1486111.1111111112,1502525.2525252525,1558080.8080808083,1507575.7575757576,1489898.98989899,1434343.4343434344,1458333.3333333335,1416666.6666666667,1391414.1414141415,1092171.7171717172,1299242.4242424243,1417929.2929292931,1458333.3333333335,1369949.494949495,1333333.3333333335,1279040.4040404041,1421717.1717171718,1382575.7575757576,1375000.0,1250000.0,1284090.9090909092,1286616.1616161617,1339646.4646464647,1421717.1717171718,1382575.7575757576,1417929.2929292931,1457070.707070707,1454545.4545454546,1455808.080808081,1546717.1717171718,1486111.1111111112,1409090.9090909092,1420454.5454545456,1430555.5555555557,1594696.9696969697,1502525.2525252525,1243686.8686868688,1287878.7878787878,1290404.0404040404,1343434.3434343436,1295454.5454545456,1315656.5656565658,1357323.2323232323,1272727.2727272727,1171717.1717171718,1071969.696969697,921717.1717171718,795454.5454545455,958333.3333333334,1027777.7777777779,948232.3232323233,917929.292929293,840909.0909090909,715909.0909090909,689393.9393939395,713383.8383838384,694444.4444444445,470959.595959596,377525.2525252525,359848.48484848486,,,,,,,,,,
,,,,,,,,,,,,,,,,,,,,,,,,,,,,,,,,536616.1616161617,601010.101010101,732323.2323232323,780303.0303030304,920454.5454545455,935606.0606060607,1099747.4747474748,1204545.4545454546,1232323.2323232323,1299242.4242424243,1409090.9090909092,1377525.2525252525,1460858.585858586,1449494.9494949495,1545454.5454545456,1622474.7474747475,1645202.0202020204,1621212.1212121213,1582070.707070707,1561868.686868687,1619949.494949495,1536616.1616161617,1539141.4141414142,1540404.0404040406,1506313.1313131314,1314393.9393939395,1330808.080808081,1473484.8484848486,1448232.3232323234,1478535.3535353537,1478535.3535353537,1382575.7575757576,1361111.1111111112,1405303.0303030303,1380050.505050505,1329545.4545454546,1458333.3333333335,1401515.1515151516,1372474.7474747475,1430555.5555555557,1333333.3333333335,1272727.2727272727,1319444.4444444445,1407828.2828282828,1429292.9292929294,1318181.8181818184,1304292.9292929294,1458333.3333333335,1343434.3434343436,1376262.6262626264,1222222.2222222222,1381313.1313131314,1452020.202020202,1472222.2222222222,1478535.3535353537,1526515.1515151516,1345959.595959596,1304292.9292929294,1547979.7979797982,1391414.1414141415,1417929.2929292931,1460858.585858586,1398989.898989899,1377525.2525252525,1448232.3232323234,1571969.696969697,1319444.4444444445,1357323.2323232323,1308080.8080808083,1242424.2424242424,1005050.5050505052,955808.0808080808,1007575.7575757577,943181.8181818182,1092171.7171717172,1135101.01010101,1005050.5050505052,907828.2828282829,962121.2121212122,886363.6363636365,724747.4747474748,703282.8282828283,694444.4444444445,525252.5252525252,468434.34343434346,426767.6767676768,555555.5555555556,,,,,,,,,
,,,,,,,,,,,,,,,,,,,,,,,,,,,,,,,,536616.1616161617,681818.1818181819,795454.5454545455,820707.0707070708,992424.2424242424,1084595.9595959596,1198232.3232323234,1101010.1010101011,1234848.4848484849,1313131.3131313133,1357323.2323232323,1338383.8383838385,1484848.4848484849,1565656.5656565658,1503787.878787879,1362373.7373737374,1635101.01010101,1561868.686868687,1652777.777777778,1430555.5555555557,1559343.4343434344,1585858.585858586,1535353.5353535356,1523989.898989899,1335858.585858586,776515.1515151516,954545.4545454546,1450757.575757576,1444444.4444444445,1393939.393939394,1352272.7272727273,1318181.8181818184,1426767.6767676768,1452020.202020202,1421717.1717171718,1277777.7777777778,1198232.3232323234,1430555.5555555557,1143939.393939394,904040.4040404041,1077020.202020202,1377525.2525252525,1279040.4040404041,1387626.2626262626,1439393.9393939395,1356060.6060606062,1308080.8080808083,1303030.3030303032,1027777.7777777779,1027777.7777777779,1061868.686868687,1266414.1414141415,1594696.9696969697,1446969.696969697,1518939.393939394,1515151.5151515151,1228535.3535353537,1281565.6565656567,1291666.6666666667,1332070.707070707,1434343.4343434344,1501262.6262626264,1546717.1717171718,1497474.7474747475,1407828.2828282828,1502525.2525252525,1531565.6565656567,1411616.1616161617,1434343.4343434344,1364898.98989899,1266414.1414141415,1125000.0,1256313.1313131314,1121212.1212121213,1140151.5151515151,1036616.1616161617,997474.7474747475,939393.9393939395,970959.595959596,940656.5656565657,766414.1414141415,734848.4848484849,645202.0202020202,529040.4040404041,550505.0505050506,489898.9898989899,462121.21212121216,478535.35353535356,,,,,,,,
,,,,,,,,,,,,,,,,,,,,,,,,,,,,,,,,672979.797979798,789141.4141414142,901515.1515151516,1016414.1414141415,993686.8686868687,1166666.6666666667,1241161.6161616163,1161616.1616161617,1210858.585858586,1286616.1616161617,1329545.4545454546,1382575.7575757576,1430555.5555555557,1547979.7979797982,1641414.1414141415,1594696.9696969697,1595959.595959596,1560606.0606060608,1582070.707070707,1550505.0505050507,1551767.6767676768,1580808.080808081,1602272.7272727273,1578282.8282828284,1503787.878787879,1271464.6464646466,1273989.898989899,1319444.4444444445,1388888.888888889,1481060.6060606062,1385101.01010101,1332070.707070707,1397727.2727272727,1400252.5252525252,1457070.707070707,1369949.494949495,1395202.0202020202,1083333.3333333335,920454.5454545455,945707.0707070708,977272.7272727273,1257575.7575757576,1386363.6363636365,1386363.6363636365,1195707.0707070709,1348484.8484848486,1344696.9696969697,1155303.0303030303,1189393.9393939395,1223484.8484848486,1252525.2525252525,1404040.4040404041,1377525.2525252525,1457070.707070707,1242424.2424242424,1328282.8282828284,1267676.7676767677,1385101.01010101,1338383.8383838385,1340909.090909091,1439393.9393939395,1489898.98989899,1378787.878787879,1481060.6060606062,1603535.3535353537,1607323.2323232323,1496212.1212121213,1443181.8181818184,1375000.0,1366161.6161616163,1362373.7373737374,1277777.7777777778,1237373.7373737374,1282828.2828282828,1169191.9191919193,1174242.4242424243,1083333.3333333335,1021464.6464646466,1050505.0505050505,1191919.191919192,1053030.303030303,922979.797979798,785353.5353535354,633838.3838383838,522727.27272727276,521464.6464646465,512626.2626262627,417929.29292929295,,,,,,,,
,,,,,,,,,,,,,,,,,,,,,,,,,,,,,,,,896464.6464646466,873737.3737373737,949494.9494949495,983585.8585858586,1217171.7171717172,1286616.1616161617,1190656.5656565658,1169191.9191919193,1236111.1111111112,1308080.8080808083,1189393.9393939395,1378787.878787879,1409090.9090909092,1540404.0404040406,1510101.01010101,1684343.4343434344,1579545.4545454546,1616161.6161616163,1645202.0202020204,1589646.4646464647,1613636.3636363638,1510101.01010101,1482323.2323232323,1531565.6565656567,1416666.6666666667,1546717.1717171718,1409090.9090909092,1300505.0505050507,1411616.1616161617,1469696.9696969697,1409090.9090909092,1357323.2323232323,1377525.2525252525,1448232.3232323234,1359848.4848484849,1262626.2626262626,1128787.878787879,987373.7373737374,960858.5858585859,906565.6565656567,877525.2525252525,1191919.191919192,1306818.1818181819,1357323.2323232323,1058080.8080808083,1226010.1010101011,1268939.393939394,1147727.2727272727,1294191.9191919193,1431818.1818181819,1411616.1616161617,1098484.8484848486,1279040.4040404041,1347222.2222222222,1246212.1212121213,1354797.9797979798,1136363.6363636365,1189393.9393939395,1272727.2727272727,1308080.8080808083,1469696.9696969697,1448232.3232323234,1522727.2727272727,1477272.7272727273,1642676.7676767677,1500000.0,1500000.0,1368686.8686868688,1400252.5252525252,1364898.98989899,1424242.4242424243,1241161.6161616163,1305555.5555555557,1330808.080808081,1237373.7373737374,1164141.4141414142,1189393.9393939395,1118686.8686868688,1094696.9696969697,1034090.9090909092,960858.5858585859,1238636.3636363638,917929.292929293,641414.1414141414,587121.2121212122,563131.3131313132,522727.27272727276,440656.5656565657,,,,,,,,
,,,,,,,,,,,,,,,,,,,,,,,,,,,,,,,787878.787878788,772727.2727272728,900252.5252525253,1006313.1313131314,1132575.7575757576,1113636.3636363638,1247474.7474747475,1262626.2626262626,1219696.9696969697,1267676.7676767677,1308080.8080808083,1358585.8585858587,1335858.585858586,1400252.5252525252,1595959.595959596,1513888.888888889,1672979.7979797982,1626262.6262626264,1577020.202020202,1598484.8484848486,1646464.6464646466,1506313.1313131314,1464646.4646464647,1555555.5555555557,1540404.0404040406,1545454.5454545456,1542929.2929292931,1454545.4545454546,1491161.6161616163,1542929.2929292931,1546717.1717171718,1459595.9595959596,1372474.7474747475,1381313.1313131314,1515151.5151515151,1329545.4545454546,1108585.8585858587,892676.7676767678,910353.5353535354,834595.9595959596,953282.8282828283,949494.9494949495,1116161.6161616163,1363636.3636363638,1251262.6262626264,1229797.9797979798,1162878.7878787878,1222222.2222222222,1179292.9292929294,1165404.0404040404,1377525.2525252525,1207070.707070707,1353535.3535353537,1107323.2323232323,1103535.3535353537,1361111.1111111112,1287878.7878787878,1213383.8383838385,1296717.1717171718,1443181.8181818184,1354797.9797979798,1319444.4444444445,1327020.202020202,1401515.1515151516,1500000.0,1573232.3232323234,1434343.4343434344,1505050.505050505,1335858.585858586,1440656.5656565658,1496212.1212121213,1392676.7676767677,1318181.8181818184,1308080.8080808083,1306818.1818181819,1273989.898989899,1248737.3737373739,1142676.7676767677,1089646.4646464647,986111.1111111111,794191.9191919193,785353.5353535354,876262.6262626263,1169191.9191919193,742424.2424242424,575757.5757575758,520202.02020202024,477272.7272727273,377525.2525252525,,,,,,,,
,,,,,,,,,,,,,,,,,,,,,,,,,,,,,,,641414.1414141414,732323.2323232323,916666.6666666667,1070707.0707070709,1231060.6060606062,1193181.8181818184,1246212.1212121213,1290404.0404040404,1358585.8585858587,1324494.9494949495,1305555.5555555557,1343434.3434343436,1435606.0606060608,1482323.2323232323,1539141.4141414142,1470959.595959596,1532828.282828283,1433080.8080808083,1416666.6666666667,1617424.2424242424,1571969.696969697,1585858.585858586,1512626.2626262626,1415404.0404040406,1369949.494949495,1335858.585858586,1398989.898989899,1390151.5151515151,1393939.393939394,1277777.7777777778,1215909.090909091,1358585.8585858587,1452020.202020202,1329545.4545454546,1329545.4545454546,1175505.0505050507,1114898.98989899,1006313.1313131314,905303.0303030304,915404.0404040405,858585.8585858586,1023989.8989898991,1337121.2121212122,1419191.9191919193,1279040.4040404041,1255050.505050505,1359848.4848484849,1215909.090909091,1123737.3737373739,1165404.0404040404,1253787.878787879,1305555.5555555557,1342171.7171717172,1055555.5555555555,1208333.3333333335,1002525.2525252526,1272727.2727272727,1286616.1616161617,1199494.9494949495,1287878.7878787878,1242424.2424242424,1340909.090909091,1324494.9494949495,1489898.98989899,1583333.3333333335,1530303.0303030305,1381313.1313131314,1462121.2121212122,1492424.2424242424,1338383.8383838385,1314393.9393939395,1287878.7878787878,1270202.0202020202,1289141.4141414142,1386363.6363636365,1299242.4242424243,1316919.191919192,1162878.7878787878,1103535.3535353537,1071969.696969697,939393.9393939395,761363.6363636364,761363.6363636364,888888.888888889,1068181.8181818184,571969.696969697,520202.02020202024,459595.95959595963,439393.9393939394,,,,,,,,
,,,,,,,,,,,,,,,,,,,,,,,,,,,,,,616161.6161616162,696969.696969697,892676.7676767678,1008838.383838384,1069444.4444444445,1145202.0202020202,1263888.888888889,1267676.7676767677,1284090.9090909092,1342171.7171717172,1334595.9595959596,1286616.1616161617,1431818.1818181819,1342171.7171717172,1506313.1313131314,1273989.898989899,1488636.3636363638,1441919.191919192,1483585.8585858587,1503787.878787879,1511363.6363636365,1603535.3535353537,1686868.686868687,1566919.191919192,1453282.8282828284,1347222.2222222222,1280303.0303030303,1378787.878787879,1328282.8282828284,1160353.5353535353,1131313.1313131314,1185606.0606060608,1338383.8383838385,1327020.202020202,1397727.2727272727,1238636.3636363638,1218434.3434343436,1241161.6161616163,1068181.8181818184,890151.5151515153,929292.9292929294,974747.4747474748,1271464.6464646466,1556818.1818181819,1373737.3737373739,1340909.090909091,1348484.8484848486,1265151.5151515151,1157828.2828282828,1342171.7171717172,1257575.7575757576,1376262.6262626264,1358585.8585858587,1290404.0404040404,1185606.0606060608,1166666.6666666667,986111.1111111111,1428030.3030303032,1416666.6666666667,1183080.8080808083,1085858.585858586,1017676.7676767678,1239898.98989899,1353535.3535353537,1467171.7171717172,1539141.4141414142,1426767.6767676768,1316919.191919192,1448232.3232323234,1541666.6666666667,1521464.6464646466,1522727.2727272727,1429292.9292929294,1420454.5454545456,1353535.3535353537,1210858.585858586,1256313.1313131314,1291666.6666666667,1214646.4646464647,1148989.898989899,1126262.6262626264,1079545.4545454546,867424.2424242424,820707.0707070708,816919.191919192,957070.7070707071,786616.1616161617,559343.4343434344,510101.01010101015,,,,,,,,,
,,,,,,,,,,,,,,,,,,,,,,,,,,,,,,623737.3737373737,771464.6464646466,758838.3838383838,998737.3737373739,1040404.0404040405,1172979.797979798,1284090.9090909092,1300505.0505050507,1161616.1616161617,1188131.3131313133,1204545.4545454546,1281565.6565656567,1488636.3636363638,1443181.8181818184,1479797.9797979798,1469696.9696969697,1568181.8181818184,1532828.282828283,1598484.8484848486,1561868.686868687,1627525.2525252525,1588383.8383838385,1631313.1313131314,1518939.393939394,1425505.0505050507,1424242.4242424243,1237373.7373737374,1276515.1515151516,1284090.9090909092,1314393.9393939395,1209595.9595959596,1316919.191919192,1337121.2121212122,1425505.0505050507,1434343.4343434344,1262626.2626262626,1200757.575757576,1088383.8383838385,1053030.303030303,1012626.2626262627,1058080.8080808083,1203282.8282828284,1101010.1010101011,1367424.2424242424,1202020.202020202,1311868.686868687,1323232.3232323234,1196969.696969697,1242424.2424242424,1486111.1111111112,1429292.9292929294,1332070.707070707,1251262.6262626264,1017676.7676767678,1042929.292929293,1203282.8282828284,1398989.898989899,1527777.777777778,1587121.2121212122,1205808.080808081,1151515.1515151516,1294191.9191919193,1281565.6565656567,1398989.898989899,1289141.4141414142,1127525.2525252525,1140151.5151515151,1358585.8585858587,1497474.7474747475,1502525.2525252525,1508838.383838384,1512626.2626262626,1391414.1414141415,1398989.898989899,1385101.01010101,1363636.3636363638,1324494.9494949495,1364898.98989899,1248737.3737373739,1166666.6666666667,1181818.1818181819,1101010.1010101011,1017676.7676767678,829545.4545454546,818181.8181818182,941919.191919192,760101.0101010101,580808.0808080808,453282.8282828283,,,,,,,,,
,,,,,,,,,,,,,,,,,,,,,,,,,,,,,478535.35353535356,705808.0808080808,915404.0404040405,959595.9595959596,1071969.696969697,1137626.2626262626,1069444.4444444445,1179292.9292929294,1303030.3030303032,1306818.1818181819,1323232.3232323234,1305555.5555555557,1472222.2222222222,1462121.2121212122,1510101.01010101,1532828.282828283,1573232.3232323234,1560606.0606060608,1569444.4444444445,1584595.9595959596,1688131.3131313133,1452020.202020202,1476010.1010101011,1463383.8383838385,1405303.0303030303,1330808.080808081,1345959.595959596,1309343.4343434344,1344696.9696969697,1359848.4848484849,1371212.1212121213,1356060.6060606062,1377525.2525252525,1369949.494949495,1396464.6464646466,1261363.6363636365,1208333.3333333335,1157828.2828282828,1143939.393939394,1141414.1414141415,1167929.292929293,1236111.1111111112,1397727.2727272727,1412878.787878788,1405303.0303030303,1051767.6767676768,1159090.9090909092,1150252.5252525252,1284090.9090909092,1380050.505050505,1439393.9393939395,1400252.5252525252,1217171.7171717172,1198232.3232323234,1272727.2727272727,1388888.888888889,1481060.6060606062,1549242.4242424243,1545454.5454545456,1258838.383838384,1238636.3636363638,944444.4444444445,1013888.888888889,1267676.7676767677,1087121.2121212122,1156565.6565656567,1448232.3232323234,1468434.3434343436,1563131.3131313133,1496212.1212121213,1463383.8383838385,1531565.6565656567,1502525.2525252525,1444444.4444444445,1409090.9090909092,1392676.7676767677,1318181.8181818184,1305555.5555555557,1342171.7171717172,1287878.7878787878,1286616.1616161617,1184343.4343434344,1066919.191919192,926767.6767676768,888888.888888889,851010.101010101,949494.9494949495,660353.5353535354,551767.6767676768,422979.797979798,,,,,,,,,
,,,,,,,,,,,,,,,,,,,,,,,,,,,,,630050.505050505,820707.0707070708,970959.595959596,1026515.1515151516,1161616.1616161617,1232323.2323232323,1065656.5656565658,1300505.0505050507,1465909.090909091,1470959.595959596,1406565.6565656567,1435606.0606060608,1488636.3636363638,1547979.7979797982,1580808.080808081,1536616.1616161617,1633838.383838384,1513888.888888889,1619949.494949495,1680555.5555555557,1631313.1313131314,1464646.4646464647,1324494.9494949495,1411616.1616161617,1339646.4646464647,1371212.1212121213,1439393.9393939395,1459595.9595959596,1347222.2222222222,1356060.6060606062,1424242.4242424243,1380050.505050505,1311868.686868687,1351010.1010101011,1101010.1010101011,1167929.292929293,1137626.2626262626,1234848.4848484849,1265151.5151515151,1227272.7272727273,1232323.2323232323,1505050.505050505,1462121.2121212122,1440656.5656565658,1424242.4242424243,1405303.0303030303,1224747.4747474748,1412878.787878788,1364898.98989899,1343434.3434343436,1441919.191919192,1417929.2929292931,1349747.4747474748,1452020.202020202,1339646.4646464647,1224747.4747474748,1170454.5454545454,1402777.7777777778,1529040.4040404041,1363636.3636363638,1228535.3535353537,1335858.585858586,1424242.4242424243,1462121.2121212122,1209595.9595959596,1333333.3333333335,1400252.5252525252,1530303.0303030305,1484848.4848484849,1510101.01010101,1578282.8282828284,1467171.7171717172,1393939.393939394,1542929.2929292931,1392676.7676767677,1358585.8585858587,1299242.4242424243,1357323.2323232323,1345959.595959596,1267676.7676767677,1160353.5353535353,1044191.9191919193,1036616.1616161617,941919.191919192,787878.787878788,787878.787878788,664141.4141414142,695707.0707070708,539141.4141414142,422979.797979798,,,,,,,,,
,,,,,,,,,,,,,,,,,,,,,,,,,,,,,676767.6767676768,816919.191919192,1001262.6262626264,1102272.7272727273,1176767.6767676768,1146464.6464646466,1280303.0303030303,1436868.686868687,1507575.7575757576,1476010.1010101011,1387626.2626262626,1421717.1717171718,1563131.3131313133,1540404.0404040406,1565656.5656565658,1587121.2121212122,1580808.080808081,1453282.8282828284,1589646.4646464647,1565656.5656565658,1506313.1313131314,1470959.595959596,1420454.5454545456,1398989.898989899,1467171.7171717172,1462121.2121212122,1294191.9191919193,1151515.1515151516,1155303.0303030303,1095959.595959596,1393939.393939394,1296717.1717171718,1305555.5555555557,1178030.3030303032,1146464.6464646466,1305555.5555555557,1175505.0505050507,1239898.98989899,1313131.3131313133,1371212.1212121213,1291666.6666666667,1430555.5555555557,1383838.383838384,1513888.888888889,1491161.6161616163,1430555.5555555557,1364898.98989899,1517676.7676767677,1445707.0707070709,1440656.5656565658,1438131.3131313133,1409090.9090909092,1449494.9494949495,1453282.8282828284,1392676.7676767677,1271464.6464646466,1363636.3636363638,1604797.9797979798,1582070.707070707,1508838.383838384,1421717.1717171718,1425505.0505050507,1561868.686868687,1483585.8585858587,1435606.0606060608,1282828.2828282828,1342171.7171717172,1482323.2323232323,1458333.3333333335,1522727.2727272727,1467171.7171717172,1300505.0505050507,1422979.7979797982,1518939.393939394,1460858.585858586,1401515.1515151516,1474747.4747474748,1441919.191919192,1426767.6767676768,1372474.7474747475,1328282.8282828284,1231060.6060606062,1093434.3434343436,845959.595959596,731060.6060606061,753787.8787878788,708333.3333333334,631313.1313131313,609848.4848484849,444444.4444444445,,,,,,,,,
,,,,,,,,,,,,,,,,,,,,,,,,,,,,,799242.4242424243,962121.2121212122,1032828.2828282829,1152777.7777777778,1191919.191919192,1304292.9292929294,1373737.3737373739,1453282.8282828284,1549242.4242424243,1536616.1616161617,1395202.0202020202,1445707.0707070709,1501262.6262626264,1458333.3333333335,1554292.9292929294,1616161.6161616163,1645202.0202020204,1630050.505050505,1448232.3232323234,1530303.0303030305,1371212.1212121213,1299242.4242424243,1410353.5353535356,1349747.4747474748,1330808.080808081,1391414.1414141415,1093434.3434343436,1056818.1818181819,1260101.01010101,1358585.8585858587,1314393.9393939395,1190656.5656565658,1227272.7272727273,1287878.7878787878,1300505.0505050507,1223484.8484848486,1178030.3030303032,1194444.4444444445,1339646.4646464647,1419191.9191919193,1411616.1616161617,1327020.202020202,1316919.191919192,1351010.1010101011,1332070.707070707,1247474.7474747475,1371212.1212121213,1148989.898989899,1367424.2424242424,1406565.6565656567,1352272.7272727273,1378787.878787879,1412878.787878788,1383838.383838384,1342171.7171717172,1265151.5151515151,1332070.707070707,1545454.5454545456,1602272.7272727273,1506313.1313131314,1575757.575757576,1532828.282828283,1429292.9292929294,1416666.6666666667,1470959.595959596,1443181.8181818184,1588383.8383838385,1488636.3636363638,1450757.575757576,1460858.585858586,1409090.9090909092,1449494.9494949495,1503787.878787879,1529040.4040404041,1473484.8484848486,1441919.191919192,1386363.6363636365,1409090.9090909092,1469696.9696969697,1337121.2121212122,1178030.3030303032,1109848.4848484849,1022727.2727272728,933080.8080808081,805555.5555555556,787878.787878788,707070.7070707071,618686.8686868687,517676.7676767677,,,,,,,,,,
,,,,,,,,,,,,,,,,,,,,,,,,,,,,664141.4141414142,800505.0505050506,1036616.1616161617,1156565.6565656567,1213383.8383838385,1286616.1616161617,1339646.4646464647,1465909.090909091,1421717.1717171718,1518939.393939394,1502525.2525252525,1382575.7575757576,1315656.5656565658,1541666.6666666667,1595959.595959596,1613636.3636363638,1602272.7272727273,1604797.9797979798,1588383.8383838385,1465909.090909091,1357323.2323232323,1443181.8181818184,1619949.494949495,1462121.2121212122,1398989.898989899,1397727.2727272727,1300505.0505050507,1167929.292929293,1252525.2525252525,1262626.2626262626,1318181.8181818184,1215909.090909091,867424.2424242424,1169191.9191919193,1323232.3232323234,1352272.7272727273,1262626.2626262626,1392676.7676767677,1338383.8383838385,1327020.202020202,1329545.4545454546,1477272.7272727273,1410353.5353535356,1382575.7575757576,1429292.9292929294,1376262.6262626264,1272727.2727272727,1308080.8080808083,1119949.494949495,1316919.191919192,1297979.7979797982,1247474.7474747475,1377525.2525252525,1477272.7272727273,1463383.8383838385,1454545.4545454546,1433080.8080808083,1441919.191919192,1391414.1414141415,1501262.6262626264,1261363.6363636365,1286616.1616161617,1118686.8686868688,1291666.6666666667,1241161.6161616163,1292929.2929292931,1426767.6767676768,1497474.7474747475,1546717.1717171718,1459595.9595959596,1443181.8181818184,1589646.4646464647,1564393.9393939395,1603535.3535353537,1487373.7373737374,1454545.4545454546,1402777.7777777778,1457070.707070707,1362373.7373737374,1237373.7373737374,1319444.4444444445,1217171.7171717172,1083333.3333333335,979797.9797979798,978535.3535353536,964646.4646464647,811868.6868686869,691919.191919192,641414.1414141414,569444.4444444445,,,,,,,,,,
,,,,,,,,,,,,,,,,,,,,,,,,,,,590909.0909090909,760101.0101010101,853535.3535353536,1154040.4040404041,1208333.3333333335,1200757.575757576,1325757.575757576,1315656.5656565658,1462121.2121212122,1474747.4747474748,1539141.4141414142,1369949.494949495,1444444.4444444445,1232323.2323232323,1522727.2727272727,1662878.787878788,1652777.777777778,1559343.4343434344,1593434.3434343436,1421717.1717171718,1445707.0707070709,1429292.9292929294,1494949.494949495,1583333.3333333335,1412878.787878788,1337121.2121212122,1154040.4040404041,1284090.9090909092,1066919.191919192,1084595.9595959596,1106060.6060606062,1258838.383838384,1155303.0303030303,1101010.1010101011,1286616.1616161617,1327020.202020202,1155303.0303030303,1430555.5555555557,1309343.4343434344,1333333.3333333335,1210858.585858586,957070.7070707071,1143939.393939394,1282828.2828282828,1262626.2626262626,1314393.9393939395,1297979.7979797982,1218434.3434343436,1204545.4545454546,1175505.0505050507,1220959.595959596,1318181.8181818184,1305555.5555555557,1439393.9393939395,1407828.2828282828,1484848.4848484849,1410353.5353535356,1452020.202020202,1462121.2121212122,1462121.2121212122,1500000.0,1396464.6464646466,1338383.8383838385,1332070.707070707,1465909.090909091,1623737.3737373739,1609848.4848484849,1463383.8383838385,1460858.585858586,1449494.9494949495,1521464.6464646466,1622474.7474747475,1606060.6060606062,1554292.9292929294,1565656.5656565658,1491161.6161616163,1531565.6565656567,1498737.3737373739,1505050.505050505,1359848.4848484849,1224747.4747474748,1207070.707070707,1029040.4040404041,1083333.3333333335,1003787.8787878789,914141.4141414142,863636.3636363636,844696.9696969697,638888.8888888889,571969.696969697,493686.8686868687,,,,,,,,,,
,,,,,,,,,,,,,,,,,,,,,,,,,,421717.17171717173,607323.2323232323,768939.393939394,984848.4848484849,1125000.0,1164141.4141414142,1112373.7373737374,1385101.01010101,1430555.5555555557,1354797.9797979798,1497474.7474747475,1489898.98989899,1416666.6666666667,1470959.595959596,1422979.7979797982,1532828.282828283,1612373.7373737374,1566919.191919192,1604797.9797979798,1595959.595959596,1484848.4848484849,1387626.2626262626,1486111.1111111112,1483585.8585858587,1438131.3131313133,1419191.9191919193,1292929.2929292931,1250000.0,1243686.8686868688,1116161.6161616163,1137626.2626262626,1289141.4141414142,1202020.202020202,1195707.0707070709,1273989.898989899,1329545.4545454546,1181818.1818181819,1198232.3232323234,1359848.4848484849,1222222.2222222222,1214646.4646464647,1166666.6666666667,996212.1212121212,1233585.8585858587,1375000.0,1344696.9696969697,1338383.8383838385,1371212.1212121213,1414141.4141414142,1325757.575757576,1236111.1111111112,1345959.595959596,1363636.3636363638,1376262.6262626264,1553030.3030303032,1469696.9696969697,1505050.505050505,1368686.8686868688,1391414.1414141415,1474747.4747474748,1483585.8585858587,1440656.5656565658,1430555.5555555557,1590909.090909091,1488636.3636363638,1628787.878787879,1632575.7575757576,1593434.3434343436,1560606.0606060608,1196969.696969697,1251262.6262626264,1469696.9696969697,1513888.888888889,1560606.0606060608,1531565.6565656567,1530303.0303030305,1537878.787878788,1544191.9191919193,1496212.1212121213,1503787.878787879,1395202.0202020202,1377525.2525252525,1248737.3737373739,1127525.2525252525,1220959.595959596,1025252.5252525253,890151.5151515153,797979.797979798,833333.3333333334,656565.6565656567,527777.7777777778,,,,,,,,,,,
,,,,,,,,,,,,,,,,,,,,,,,,,,457070.7070707071,659090.9090909092,877525.2525252525,1012626.2626262627,1196969.696969697,1231060.6060606062,1428030.3030303032,1453282.8282828284,1369949.494949495,1392676.7676767677,1436868.686868687,1449494.9494949495,1493686.8686868688,1516414.1414141415,1467171.7171717172,1481060.6060606062,1479797.9797979798,1424242.4242424243,1535353.5353535356,1608585.8585858587,1512626.2626262626,1566919.191919192,1414141.4141414142,1364898.98989899,1273989.898989899,1263888.888888889,1146464.6464646466,1150252.5252525252,1196969.696969697,1094696.9696969697,1125000.0,1262626.2626262626,1114898.98989899,1159090.9090909092,1224747.4747474748,1392676.7676767677,1227272.7272727273,1359848.4848484849,1342171.7171717172,1198232.3232323234,1128787.878787879,1385101.01010101,1421717.1717171718,1496212.1212121213,1411616.1616161617,1380050.505050505,1368686.8686868688,1440656.5656565658,1438131.3131313133,1398989.898989899,1449494.9494949495,1398989.898989899,1401515.1515151516,1392676.7676767677,1419191.9191919193,1420454.5454545456,1409090.9090909092,1501262.6262626264,1463383.8383838385,1393939.393939394,1452020.202020202,1452020.202020202,1412878.787878788,1426767.6767676768,1421717.1717171718,1665404.0404040406,1580808.080808081,1516414.1414141415,1549242.4242424243,1551767.6767676768,1619949.494949495,1489898.98989899,1602272.7272727273,1529040.4040404041,1488636.3636363638,1511363.6363636365,1462121.2121212122,1517676.7676767677,1477272.7272727273,1558080.8080808083,1342171.7171717172,1284090.9090909092,1159090.9090909092,1151515.1515151516,1143939.393939394,988636.3636363636,902777.7777777779,828282.8282828283,790404.0404040405,640151.5151515151,511363.6363636364,,,,,,,,,,,
,,,,,,,,,,,,,,,,,,,,,,,,,,627525.2525252525,837121.2121212122,1012626.2626262627,1101010.1010101011,1181818.1818181819,1253787.878787879,1414141.4141414142,1513888.888888889,1569444.4444444445,1498737.3737373739,1441919.191919192,1410353.5353535356,1468434.3434343436,1373737.3737373739,1381313.1313131314,1511363.6363636365,1404040.4040404041,1351010.1010101011,1323232.3232323234,1415404.0404040406,1503787.878787879,1460858.585858586,1361111.1111111112,1102272.7272727273,1188131.3131313133,1273989.898989899,1282828.2828282828,1184343.4343434344,1016414.1414141415,1035353.5353535354,1127525.2525252525,1058080.8080808083,1204545.4545454546,1090909.090909091,1210858.585858586,1214646.4646464647,1219696.9696969697,1339646.4646464647,1202020.202020202,1111111.1111111112,1277777.7777777778,1424242.4242424243,1433080.8080808083,1386363.6363636365,1404040.4040404041,1327020.202020202,1402777.7777777778,1421717.1717171718,1464646.4646464647,1444444.4444444445,1412878.787878788,1468434.3434343436,1503787.878787879,1354797.9797979798,1388888.888888889,1372474.7474747475,1445707.0707070709,1462121.2121212122,1438131.3131313133,1397727.2727272727,1382575.7575757576,1373737.3737373739,1405303.0303030303,1450757.575757576,1443181.8181818184,1531565.6565656567,1556818.1818181819,1416666.6666666667,1396464.6464646466,1493686.8686868688,1508838.383838384,1589646.4646464647,1669191.9191919193,1607323.2323232323,1635101.01010101,1487373.7373737374,1606060.6060606062,1566919.191919192,1470959.595959596,1474747.4747474748,1405303.0303030303,1275252.5252525252,1186868.686868687,1018939.393939394,963383.8383838384,898989.8989898991,880050.505050505,742424.2424242424,575757.5757575758,511363.6363636364,,,,,,,,,,,,
,,,,,,,,,,,,,,,,,,,,,,,,,,786616.1616161617,877525.2525252525,1021464.6464646466,1141414.1414141415,1268939.393939394,1299242.4242424243,1433080.8080808083,1430555.5555555557,1530303.0303030305,1448232.3232323234,1417929.2929292931,1392676.7676767677,1517676.7676767677,1587121.2121212122,1446969.696969697,1363636.3636363638,1338383.8383838385,1316919.191919192,1338383.8383838385,1371212.1212121213,1308080.8080808083,1388888.888888889,1388888.888888889,1122474.7474747475,1141414.1414141415,1268939.393939394,1167929.292929293,1164141.4141414142,1142676.7676767677,1191919.191919192,1156565.6565656567,1077020.202020202,1042929.292929293,984848.4848484849,1204545.4545454546,1128787.878787879,1306818.1818181819,1324494.9494949495,1172979.797979798,1118686.8686868688,1356060.6060606062,1305555.5555555557,1271464.6464646466,1372474.7474747475,1424242.4242424243,1523989.898989899,1453282.8282828284,1428030.3030303032,1328282.8282828284,1470959.595959596,1511363.6363636365,1570707.0707070709,1577020.202020202,1563131.3131313133,1525252.5252525252,1401515.1515151516,1361111.1111111112,1501262.6262626264,1529040.4040404041,1436868.686868687,1428030.3030303032,1375000.0,1347222.2222222222,1486111.1111111112,1434343.4343434344,1473484.8484848486,1433080.8080808083,1114898.98989899,1352272.7272727273,1152777.7777777778,1361111.1111111112,1636363.6363636365,1588383.8383838385,1593434.3434343436,1662878.787878788,1606060.6060606062,1530303.0303030305,1563131.3131313133,1500000.0,1486111.1111111112,1369949.494949495,1320707.0707070709,1217171.7171717172,1166666.6666666667,1016414.1414141415,877525.2525252525,720959.595959596,674242.4242424243,532828.2828282829,479797.9797979798,,,,,,,,,,,,
,,,,,,,,,,,,,,,,,,,,,,,,,,770202.0202020203,930555.5555555556,1122474.7474747475,1277777.7777777778,1287878.7878787878,1309343.4343434344,1387626.2626262626,1300505.0505050507,1453282.8282828284,1491161.6161616163,1489898.98989899,1539141.4141414142,1463383.8383838385,1453282.8282828284,1452020.202020202,1481060.6060606062,1434343.4343434344,1473484.8484848486,1470959.595959596,1398989.898989899,1425505.0505050507,1417929.2929292931,1233585.8585858587,1237373.7373737374,1281565.6565656567,1229797.9797979798,1210858.585858586,1128787.878787879,1008838.383838384,1141414.1414141415,1189393.9393939395,1140151.5151515151,1106060.6060606062,1031565.6565656567,1068181.8181818184,1111111.1111111112,1161616.1616161617,1203282.8282828284,1175505.0505050507,1145202.0202020202,1409090.9090909092,1362373.7373737374,1141414.1414141415,1258838.383838384,1443181.8181818184,1382575.7575757576,1304292.9292929294,1304292.9292929294,1422979.7979797982,1391414.1414141415,1478535.3535353537,1440656.5656565658,1415404.0404040406,1315656.5656565658,1455808.080808081,1404040.4040404041,1459595.9595959596,1445707.0707070709,1545454.5454545456,1439393.9393939395,1453282.8282828284,1378787.878787879,1342171.7171717172,1352272.7272727273,1351010.1010101011,1460858.585858586,1382575.7575757576,1218434.3434343436,1446969.696969697,1352272.7272727273,1613636.3636363638,1599747.4747474748,1590909.090909091,1667929.2929292931,1708333.3333333335,1684343.4343434344,1588383.8383838385,1601010.1010101011,1470959.595959596,1479797.9797979798,1366161.6161616163,1213383.8383838385,1113636.3636363638,1147727.2727272727,994949.494949495,893939.393939394,779040.4040404041,640151.5151515151,489898.9898989899,,,,,,,,,,,,,
,,,,,,,,,,,,,,,,,,,,,,,,,,892676.7676767678,1074494.9494949495,1231060.6060606062,1229797.9797979798,1344696.9696969697,1366161.6161616163,1465909.090909091,1373737.3737373739,1377525.2525252525,1459595.9595959596,1542929.2929292931,1416666.6666666667,1478535.3535353537,1566919.191919192,1479797.9797979798,1406565.6565656567,993686.8686868687,1224747.4747474748,1482323.2323232323,1453282.8282828284,1556818.1818181819,1459595.9595959596,1236111.1111111112,1236111.1111111112,1272727.2727272727,1089646.4646464647,1282828.2828282828,1119949.494949495,993686.8686868687,1104797.9797979798,1064393.9393939395,1252525.2525252525,1013888.888888889,1104797.9797979798,1234848.4848484849,1262626.2626262626,1143939.393939394,1258838.383838384,1060606.0606060608,1271464.6464646466,1398989.898989899,1340909.090909091,1263888.888888889,1335858.585858586,1401515.1515151516,1324494.9494949495,1181818.1818181819,1155303.0303030303,1042929.292929293,1273989.898989899,1449494.9494949495,1446969.696969697,1425505.0505050507,1453282.8282828284,1440656.5656565658,1429292.9292929294,1422979.7979797982,1310606.0606060608,1407828.2828282828,1513888.888888889,1371212.1212121213,1386363.6363636365,1354797.9797979798,1376262.6262626264,1409090.9090909092,1349747.4747474748,1213383.8383838385,1382575.7575757576,1686868.686868687,1587121.2121212122,1747474.7474747475,1618686.8686868688,1569444.4444444445,1510101.01010101,1589646.4646464647,1582070.707070707,1617424.2424242424,1587121.2121212122,1468434.3434343436,1383838.383838384,1422979.7979797982,1229797.9797979798,1150252.5252525252,1077020.202020202,949494.9494949495,838383.8383838384,604797.9797979798,584595.9595959596,414141.41414141416,,,,,,,,,,,,,
,,,,,,,,,,,,,,,,,,,,,,,,,,943181.8181818182,1051767.6767676768,1198232.3232323234,1275252.5252525252,1517676.7676767677,1506313.1313131314,1425505.0505050507,1426767.6767676768,1521464.6464646466,1522727.2727272727,1525252.5252525252,1545454.5454545456,1607323.2323232323,1626262.6262626264,1500000.0,1450757.575757576,1148989.898989899,974747.4747474748,1280303.0303030303,1340909.090909091,1344696.9696969697,1078282.8282828284,1041666.6666666667,1132575.7575757576,1272727.2727272727,1044191.9191919193,1233585.8585858587,1155303.0303030303,1112373.7373737374,1098484.8484848486,1198232.3232323234,1042929.292929293,1111111.1111111112,1266414.1414141415,1386363.6363636365,1255050.505050505,1218434.3434343436,1132575.7575757576,1247474.7474747475,1287878.7878787878,1320707.0707070709,1424242.4242424243,1328282.8282828284,1328282.8282828284,1319444.4444444445,1154040.4040404041,1119949.494949495,981060.6060606061,854797.9797979798,857323.2323232323,1407828.2828282828,1484848.4848484849,1497474.7474747475,1448232.3232323234,1516414.1414141415,1310606.0606060608,1452020.202020202,1463383.8383838385,1450757.575757576,1448232.3232323234,1342171.7171717172,1190656.5656565658,1073232.3232323234,1097222.2222222222,1315656.5656565658,1297979.7979797982,1156565.6565656567,1285353.5353535353,1621212.1212121213,1614898.98989899,1621212.1212121213,1565656.5656565658,1702020.202020202,1558080.8080808083,1592171.7171717172,1604797.9797979798,1646464.6464646466,1500000.0,1501262.6262626264,1478535.3535353537,1366161.6161616163,1284090.9090909092,1125000.0,998737.3737373739,1005050.5050505052,773989.8989898991,568181.8181818182,468434.34343434346,,,,,,,,,,,,,,
,,,,,,,,,,,,,,,,,,,,,,,,,853535.3535353536,979797.9797979798,1082070.707070707,1223484.8484848486,1339646.4646464647,1411616.1616161617,1525252.5252525252,1470959.595959596,1491161.6161616163,1566919.191919192,1531565.6565656567,1602272.7272727273,1517676.7676767677,1595959.595959596,1585858.585858586,1549242.4242424243,1329545.4545454546,1436868.686868687,1281565.6565656567,1345959.595959596,1426767.6767676768,1229797.9797979798,1135101.01010101,960858.5858585859,1188131.3131313133,1353535.3535353537,1424242.4242424243,1146464.6464646466,1118686.8686868688,1063131.3131313133,1122474.7474747475,1226010.1010101011,1292929.2929292931,1098484.8484848486,1324494.9494949495,1366161.6161616163,1262626.2626262626,1218434.3434343436,1151515.1515151516,1233585.8585858587,1203282.8282828284,1398989.898989899,1417929.2929292931,1392676.7676767677,1323232.3232323234,1166666.6666666667,1114898.98989899,926767.6767676768,890151.5151515153,915404.0404040405,979797.9797979798,1314393.9393939395,1430555.5555555557,1469696.9696969697,1510101.01010101,1541666.6666666667,1417929.2929292931,1412878.787878788,1476010.1010101011,1434343.4343434344,1410353.5353535356,1184343.4343434344,962121.2121212122,1193181.8181818184,1256313.1313131314,1327020.202020202,1318181.8181818184,1378787.878787879,1472222.2222222222,1609848.4848484849,1632575.7575757576,1635101.01010101,1558080.8080808083,1559343.4343434344,1623737.3737373739,1645202.0202020204,1622474.7474747475,1518939.393939394,1502525.2525252525,1468434.3434343436,1487373.7373737374,1320707.0707070709,1222222.2222222222,1031565.6565656567,973484.8484848485,810606.0606060607,693181.8181818182,563131.3131313132,,,,,,,,,,,,,,,
,,,,,,,,,,,,,,,,,,,,,,,,,930555.5555555556,1085858.585858586,1246212.1212121213,1280303.0303030303,1498737.3737373739,1542929.2929292931,1541666.6666666667,1484848.4848484849,1537878.787878788,1531565.6565656567,1582070.707070707,1602272.7272727273,1537878.787878788,1520202.0202020202,1555555.5555555557,1522727.2727272727,1477272.7272727273,1601010.1010101011,1439393.9393939395,1273989.898989899,1306818.1818181819,1136363.6363636365,1107323.2323232323,1277777.7777777778,1218434.3434343436,1097222.2222222222,1229797.9797979798,1280303.0303030303,1164141.4141414142,1315656.5656565658,1276515.1515151516,1301767.6767676768,1330808.080808081,1268939.393939394,1160353.5353535353,1185606.0606060608,1291666.6666666667,1310606.0606060608,1291666.6666666667,1289141.4141414142,1361111.1111111112,1412878.787878788,1530303.0303030305,1321969.696969697,1029040.4040404041,1000000.0000000001,920454.5454545455,837121.2121212122,877525.2525252525,950757.5757575758,1156565.6565656567,1236111.1111111112,1386363.6363636365,1522727.2727272727,1434343.4343434344,1455808.080808081,1540404.0404040406,1435606.0606060608,1522727.2727272727,1421717.1717171718,1393939.393939394,1178030.3030303032,1077020.202020202,1359848.4848484849,1412878.787878788,1489898.98989899,1420454.5454545456,1570707.0707070709,1638888.888888889,1657828.282828283,1604797.9797979798,1617424.2424242424,1588383.8383838385,1607323.2323232323,1607323.2323232323,1643939.393939394,1617424.2424242424,1547979.7979797982,1441919.191919192,1478535.3535353537,1411616.1616161617,1287878.7878787878,1138888.888888889,1013888.888888889,898989.8989898991,750000.0,602272.7272727273,,,,,,,,,,,,,,,,
,,,,,,,,,,,,,,,,,,,,,,,,,998737.3737373739,1113636.3636363638,1171717.1717171718,1186868.686868687,1373737.3737373739,1506313.1313131314,1477272.7272727273,1482323.2323232323,1536616.1616161617,1556818.1818181819,1521464.6464646466,1550505.0505050507,1607323.2323232323,1559343.4343434344,1636363.6363636365,1498737.3737373739,1387626.2626262626,1453282.8282828284,1454545.4545454546,1304292.9292929294,1267676.7676767677,1151515.1515151516,1273989.898989899,1402777.7777777778,1357323.2323232323,1193181.8181818184,1094696.9696969697,1189393.9393939395,1251262.6262626264,1231060.6060606062,1147727.2727272727,1247474.7474747475,1292929.2929292931,1196969.696969697,1286616.1616161617,1388888.888888889,1416666.6666666667,1287878.7878787878,1347222.2222222222,1256313.1313131314,1450757.575757576,1436868.686868687,1342171.7171717172,1165404.0404040404,974747.4747474748,858585.8585858586,916666.6666666667,835858.5858585859,868686.8686868687,1123737.3737373739,1227272.7272727273,1282828.2828282828,1334595.9595959596,1434343.4343434344,1473484.8484848486,1502525.2525252525,1467171.7171717172,1592171.7171717172,1452020.202020202,1546717.1717171718,1546717.1717171718,1375000.0,1415404.0404040406,1371212.1212121213,1502525.2525252525,1476010.1010101011,1430555.5555555557,1592171.7171717172,1599747.4747474748,1582070.707070707,1628787.878787879,1550505.0505050507,1582070.707070707,1569444.4444444445,1597222.2222222222,1595959.595959596,1598484.8484848486,1593434.3434343436,1566919.191919192,1440656.5656565658,1362373.7373737374,1277777.7777777778,1136363.6363636365,909090.9090909092,862373.7373737374,670454.5454545455,579545.4545454546,,,,,,,,,,,,,,,,
,,,,,,,,,,,,,,,,,,,,,,,,,1092171.7171717172,1058080.8080808083,1214646.4646464647,1311868.686868687,1498737.3737373739,1512626.2626262626,1547979.7979797982,1545454.5454545456,1513888.888888889,1473484.8484848486,1561868.686868687,1513888.888888889,1606060.6060606062,1563131.3131313133,1510101.01010101,1469696.9696969697,1352272.7272727273,1405303.0303030303,1305555.5555555557,1446969.696969697,1410353.5353535356,1363636.3636363638,1328282.8282828284,1299242.4242424243,1262626.2626262626,1224747.4747474748,1219696.9696969697,1303030.3030303032,1255050.505050505,1092171.7171717172,1209595.9595959596,1200757.575757576,1132575.7575757576,1309343.4343434344,1376262.6262626264,1455808.080808081,1431818.1818181819,1391414.1414141415,1352272.7272727273,1290404.0404040404,1367424.2424242424,1415404.0404040406,1224747.4747474748,1079545.4545454546,863636.3636363636,815656.5656565657,938131.3131313132,891414.1414141415,1015151.5151515153,1148989.898989899,1262626.2626262626,1299242.4242424243,1308080.8080808083,1318181.8181818184,1457070.707070707,1371212.1212121213,1462121.2121212122,1455808.080808081,1444444.4444444445,1440656.5656565658,1476010.1010101011,1530303.0303030305,1402777.7777777778,1397727.2727272727,1397727.2727272727,1438131.3131313133,1493686.8686868688,1619949.494949495,1723484.8484848486,1583333.3333333335,1583333.3333333335,1551767.6767676768,1590909.090909091,1601010.1010101011,1554292.9292929294,1588383.8383838385,1580808.080808081,1467171.7171717172,1387626.2626262626,1412878.787878788,1330808.080808081,1176767.6767676768,1050505.0505050505,880050.505050505,703282.8282828283,585858.5858585859,,,,,,,,,,,,,,,,,
,,,,,,,,,,,,,,,,,,,,,,,,943181.8181818182,1060606.0606060608,1213383.8383838385,1296717.1717171718,1369949.494949495,1522727.2727272727,1372474.7474747475,1500000.0,1510101.01010101,1429292.9292929294,1428030.3030303032,1502525.2525252525,1435606.0606060608,1421717.1717171718,1488636.3636363638,1531565.6565656567,1602272.7272727273,1667929.2929292931,1536616.1616161617,1409090.9090909092,1537878.787878788,1421717.1717171718,1391414.1414141415,1251262.6262626264,1251262.6262626264,1218434.3434343436,1130050.505050505,1238636.3636363638,1332070.707070707,1347222.2222222222,1113636.3636363638,1146464.6464646466,978535.3535353536,987373.7373737374,1107323.2323232323,1295454.5454545456,1487373.7373737374,1439393.9393939395,1377525.2525252525,1282828.2828282828,1383838.383838384,1383838.383838384,1406565.6565656567,1252525.2525252525,1002525.2525252526,955808.0808080808,1006313.1313131314,904040.4040404041,1040404.0404040405,1035353.5353535354,1180555.5555555557,1199494.9494949495,1289141.4141414142,1319444.4444444445,1433080.8080808083,1541666.6666666667,1348484.8484848486,1367424.2424242424,1354797.9797979798,1373737.3737373739,1372474.7474747475,1396464.6464646466,1513888.888888889,1488636.3636363638,1359848.4848484849,1352272.7272727273,1332070.707070707,1359848.4848484849,1622474.7474747475,1603535.3535353537,1641414.1414141415,1603535.3535353537,1536616.1616161617,1537878.787878788,1546717.1717171718,1484848.4848484849,1506313.1313131314,1553030.3030303032,1529040.4040404041,1500000.0,1401515.1515151516,1333333.3333333335,1180555.5555555557,938131.3131313132,858585.8585858586,724747.4747474748,,,,,,,,,,,,,,,,,,
,,,,,,,,,,,,,,,,,,,,,,,,1127525.2525252525,1113636.3636363638,1219696.9696969697,1345959.595959596,1425505.0505050507,1395202.0202020202,1446969.696969697,1507575.7575757576,1486111.1111111112,1409090.9090909092,1453282.8282828284,1488636.3636363638,1473484.8484848486,1464646.4646464647,1546717.1717171718,1498737.3737373739,1525252.5252525252,1546717.1717171718,1554292.9292929294,1452020.202020202,1428030.3030303032,1382575.7575757576,1280303.0303030303,1174242.4242424243,1213383.8383838385,1323232.3232323234,1375000.0,1428030.3030303032,1140151.5151515151,1191919.191919192,1255050.505050505,1255050.505050505,1138888.888888889,1107323.2323232323,1060606.0606060608,1217171.7171717172,1311868.686868687,1266414.1414141415,1310606.0606060608,1260101.01010101,1366161.6161616163,1391414.1414141415,1334595.9595959596,1199494.9494949495,887626.2626262627,799242.4242424243,799242.4242424243,896464.6464646466,881313.1313131314,1021464.6464646466,1071969.696969697,1208333.3333333335,1175505.0505050507,1323232.3232323234,1396464.6464646466,1424242.4242424243,1248737.3737373739,1316919.191919192,1333333.3333333335,1262626.2626262626,1433080.8080808083,1425505.0505050507,1429292.9292929294,1537878.787878788,1477272.7272727273,1343434.3434343436,1371212.1212121213,1380050.505050505,1575757.575757576,1665404.0404040406,1599747.4747474748,1628787.878787879,1588383.8383838385,1439393.9393939395,1467171.7171717172,1507575.7575757576,1537878.787878788,1604797.9797979798,1507575.7575757576,1464646.4646464647,1371212.1212121213,1310606.0606060608,1055555.5555555555,920454.5454545455,779040.4040404041,621212.1212121212,,,,,,,,,,,,,,,,,,
,,,,,,,,,,,,,,,,,,,,,,,869949.494949495,1069444.4444444445,1203282.8282828284,1294191.9191919193,1449494.9494949495,1436868.686868687,1460858.585858586,1459595.9595959596,1569444.4444444445,1518939.393939394,1404040.4040404041,1425505.0505050507,1425505.0505050507,1460858.585858586,1537878.787878788,1500000.0,1582070.707070707,1550505.0505050507,1520202.0202020202,1460858.585858586,1520202.0202020202,1419191.9191919193,1361111.1111111112,1238636.3636363638,992424.2424242424,1136363.6363636365,1234848.4848484849,1275252.5252525252,1362373.7373737374,1202020.202020202,1237373.7373737374,1125000.0,1151515.1515151516,1376262.6262626264,1117424.2424242424,1344696.9696969697,1361111.1111111112,1233585.8585858587,1396464.6464646466,1215909.090909091,1258838.383838384,1316919.191919192,1474747.4747474748,1448232.3232323234,1204545.4545454546,1130050.505050505,1001262.6262626264,828282.8282828283,914141.4141414142,1050505.0505050505,1000000.0000000001,1054292.9292929294,954545.4545454546,1023989.8989898991,1319444.4444444445,1349747.4747474748,1444444.4444444445,1231060.6060606062,1218434.3434343436,1364898.98989899,1361111.1111111112,1323232.3232323234,1465909.090909091,1443181.8181818184,1469696.9696969697,1425505.0505050507,1291666.6666666667,1358585.8585858587,1554292.9292929294,1651515.1515151516,1621212.1212121213,1647727.272727273,1526515.1515151516,1468434.3434343436,1457070.707070707,1431818.1818181819,1463383.8383838385,1492424.2424242424,1472222.2222222222,1455808.080808081,1470959.595959596,1324494.9494949495,1228535.3535353537,1126262.6262626264,911616.1616161617,655303.0303030304,,,,,,,,,,,,,,,,,,,
,,,,,,,,,,,,,,,,,,,,,,,944444.4444444445,1087121.2121212122,1175505.0505050507,1414141.4141414142,1510101.01010101,1521464.6464646466,1510101.01010101,1467171.7171717172,1583333.3333333335,1464646.4646464647,1487373.7373737374,1526515.1515151516,1400252.5252525252,1416666.6666666667,1507575.7575757576,1553030.3030303032,1541666.6666666667,1584595.9595959596,1530303.0303030305,1378787.878787879,1390151.5151515151,1342171.7171717172,1356060.6060606062,1328282.8282828284,1131313.1313131314,1226010.1010101011,1280303.0303030303,1314393.9393939395,1313131.3131313133,1392676.7676767677,1218434.3434343436,1217171.7171717172,1116161.6161616163,1246212.1212121213,1279040.4040404041,1453282.8282828284,1401515.1515151516,1244949.494949495,1121212.1212121213,1181818.1818181819,1213383.8383838385,1257575.7575757576,1353535.3535353537,1271464.6464646466,1174242.4242424243,989898.9898989899,1156565.6565656567,939393.9393939395,861111.1111111111,1071969.696969697,1060606.0606060608,898989.8989898991,914141.4141414142,1130050.505050505,1227272.7272727273,1356060.6060606062,1367424.2424242424,1429292.9292929294,1491161.6161616163,1431818.1818181819,1468434.3434343436,1445707.0707070709,1395202.0202020202,1419191.9191919193,1275252.5252525252,1453282.8282828284,1402777.7777777778,1366161.6161616163,1523989.898989899,1625000.0,1598484.8484848486,1554292.9292929294,1465909.090909091,1445707.0707070709,1565656.5656565658,1558080.8080808083,1534090.9090909092,1474747.4747474748,1483585.8585858587,1472222.2222222222,1415404.0404040406,1171717.1717171718,1049242.4242424243,1016414.1414141415,744949.494949495,,,,,,,,,,,,,,,,,,,,
,,,,,,,,,,,,,,,,,,,,,,796717.1717171718,1013888.888888889,1138888.888888889,1271464.6464646466,1396464.6464646466,1460858.585858586,1459595.9595959596,1549242.4242424243,1492424.2424242424,1488636.3636363638,1564393.9393939395,1534090.9090909092,1523989.898989899,1486111.1111111112,1459595.9595959596,1430555.5555555557,1497474.7474747475,1508838.383838384,1349747.4747474748,1376262.6262626264,1406565.6565656567,1391414.1414141415,1262626.2626262626,1195707.0707070709,1401515.1515151516,1387626.2626262626,1338383.8383838385,1342171.7171717172,1231060.6060606062,1204545.4545454546,1297979.7979797982,1175505.0505050507,1262626.2626262626,1281565.6565656567,1224747.4747474748,1351010.1010101011,1353535.3535353537,1334595.9595959596,1227272.7272727273,1010101.0101010102,1098484.8484848486,1258838.383838384,1183080.8080808083,1194444.4444444445,1236111.1111111112,1151515.1515151516,1170454.5454545454,1103535.3535353537,1085858.585858586,1203282.8282828284,1104797.9797979798,892676.7676767678,805555.5555555556,796717.1717171718,946969.696969697,1030303.0303030304,1169191.9191919193,1183080.8080808083,1318181.8181818184,1386363.6363636365,1435606.0606060608,1342171.7171717172,1349747.4747474748,1435606.0606060608,1498737.3737373739,1477272.7272727273,1414141.4141414142,1386363.6363636365,1424242.4242424243,1592171.7171717172,1569444.4444444445,1511363.6363636365,1482323.2323232323,1527777.777777778,1534090.9090909092,1501262.6262626264,1571969.696969697,1501262.6262626264,1468434.3434343436,1510101.01010101,1489898.98989899,1414141.4141414142,1058080.8080808083,887626.2626262627,,,,,,,,,,,,,,,,,,,,,,
,,,,,,,,,,,,,,,,,,,,,,940656.5656565657,1122474.7474747475,1231060.6060606062,1397727.2727272727,1390151.5151515151,1428030.3030303032,1467171.7171717172,1592171.7171717172,1520202.0202020202,1603535.3535353537,1561868.686868687,1580808.080808081,1507575.7575757576,1516414.1414141415,1366161.6161616163,1386363.6363636365,1416666.6666666667,1356060.6060606062,1299242.4242424243,1292929.2929292931,1329545.4545454546,1291666.6666666667,1220959.595959596,1169191.9191919193,1237373.7373737374,1205808.080808081,1392676.7676767677,1398989.898989899,1321969.696969697,1382575.7575757576,1242424.2424242424,1209595.9595959596,1246212.1212121213,1291666.6666666667,1252525.2525252525,1313131.3131313133,1429292.9292929294,1377525.2525252525,1148989.898989899,1151515.1515151516,1181818.1818181819,1251262.6262626264,1111111.1111111112,1098484.8484848486,1222222.2222222222,1137626.2626262626,1145202.0202020202,1251262.6262626264,1299242.4242424243,1327020.202020202,1183080.8080808083,917929.292929293,804292.9292929294,945707.0707070708,1194444.4444444445,1271464.6464646466,1253787.878787879,1308080.8080808083,1396464.6464646466,1507575.7575757576,1431818.1818181819,1376262.6262626264,1441919.191919192,1397727.2727272727,1352272.7272727273,1422979.7979797982,1301767.6767676768,1314393.9393939395,1473484.8484848486,1601010.1010101011,1512626.2626262626,1532828.282828283,1609848.4848484849,1611111.1111111112,1556818.1818181819,1578282.8282828284,1484848.4848484849,1463383.8383838385,1469696.9696969697,1443181.8181818184,1412878.787878788,1217171.7171717172,1022727.2727272728,,,,,,,,,,,,,,,,,,,,,,,
,,,,,,,,,,,,,,,,,,,,,767676.7676767678,1036616.1616161617,1224747.4747474748,1291666.6666666667,1313131.3131313133,1465909.090909091,1508838.383838384,1425505.0505050507,1578282.8282828284,1593434.3434343436,1643939.393939394,1577020.202020202,1656565.6565656567,1465909.090909091,1462121.2121212122,1481060.6060606062,1486111.1111111112,1497474.7474747475,1409090.9090909092,1272727.2727272727,1372474.7474747475,1295454.5454545456,1354797.9797979798,1308080.8080808083,1213383.8383838385,1233585.8585858587,1217171.7171717172,1319444.4444444445,1280303.0303030303,1395202.0202020202,1284090.9090909092,1128787.878787879,1313131.3131313133,1325757.575757576,1284090.9090909092,1359848.4848484849,1358585.8585858587,1409090.9090909092,1324494.9494949495,1184343.4343434344,1255050.505050505,1296717.1717171718,1263888.888888889,1178030.3030303032,1036616.1616161617,1099747.4747474748,1018939.393939394,1006313.1313131314,1150252.5252525252,1325757.575757576,1318181.8181818184,1180555.5555555557,976010.101010101,907828.2828282829,1059343.4343434344,1376262.6262626264,1473484.8484848486,1493686.8686868688,1337121.2121212122,1483585.8585858587,1435606.0606060608,1386363.6363636365,1453282.8282828284,1404040.4040404041,1404040.4040404041,1328282.8282828284,1409090.9090909092,1361111.1111111112,1426767.6767676768,1483585.8585858587,1656565.6565656567,1561868.686868687,1424242.4242424243,1547979.7979797982,1603535.3535353537,1583333.3333333335,1489898.98989899,1580808.080808081,1541666.6666666667,1542929.2929292931,1358585.8585858587,1366161.6161616163,1212121.2121212122,925505.0505050506,,,,,,,,,,,,,,,,,,,,,,,
,,,,,,,,,,,,,,,,,,,,,,1150252.5252525252,1330808.080808081,1305555.5555555557,1340909.090909091,1496212.1212121213,1454545.4545454546,1502525.2525252525,1507575.7575757576,1522727.2727272727,1619949.494949495,1587121.2121212122,1498737.3737373739,1470959.595959596,1516414.1414141415,1484848.4848484849,1529040.4040404041,1435606.0606060608,1339646.4646464647,1236111.1111111112,1371212.1212121213,1395202.0202020202,1296717.1717171718,1290404.0404040404,1215909.090909091,1167929.292929293,1223484.8484848486,1280303.0303030303,1016414.1414141415,1205808.080808081,1279040.4040404041,1205808.080808081,1263888.888888889,1314393.9393939395,1236111.1111111112,1184343.4343434344,1382575.7575757576,1385101.01010101,1385101.01010101,1304292.9292929294,1195707.0707070709,1252525.2525252525,1217171.7171717172,1277777.7777777778,1186868.686868687,1268939.393939394,968434.3434343435,938131.3131313132,1265151.5151515151,1421717.1717171718,1299242.4242424243,1088383.8383838385,1053030.303030303,1339646.4646464647,1404040.4040404041,1387626.2626262626,1422979.7979797982,1422979.7979797982,1367424.2424242424,1354797.9797979798,1367424.2424242424,1459595.9595959596,1448232.3232323234,1441919.191919192,1371212.1212121213,1311868.686868687,1349747.4747474748,1281565.6565656567,1449494.9494949495,1503787.878787879,1540404.0404040406,1566919.191919192,1473484.8484848486,1588383.8383838385,1487373.7373737374,1617424.2424242424,1627525.2525252525,1589646.4646464647,1517676.7676767677,1414141.4141414142,1367424.2424242424,1238636.3636363638,954545.4545454546,,,,,,,,,,,,,,,,,,,,,,,,
,,,,,,,,,,,,,,,,,,,,,986111.1111111111,1276515.1515151516,1313131.3131313133,1257575.7575757576,1449494.9494949495,1473484.8484848486,1489898.98989899,1539141.4141414142,1498737.3737373739,1518939.393939394,1500000.0,1482323.2323232323,1436868.686868687,1459595.9595959596,1476010.1010101011,1444444.4444444445,1542929.2929292931,1472222.2222222222,1527777.777777778,1308080.8080808083,1491161.6161616163,1380050.505050505,1303030.3030303032,1266414.1414141415,1409090.9090909092,1233585.8585858587,1050505.0505050505,1190656.5656565658,1171717.1717171718,1304292.9292929294,1300505.0505050507,1285353.5353535353,1204545.4545454546,1199494.9494949495,1093434.3434343436,1099747.4747474748,1352272.7272727273,1387626.2626262626,1422979.7979797982,1327020.202020202,1345959.595959596,1415404.0404040406,1251262.6262626264,1237373.7373737374,1118686.8686868688,1161616.1616161617,1128787.878787879,1095959.595959596,1239898.98989899,1435606.0606060608,1330808.080808081,1222222.2222222222,1271464.6464646466,1409090.9090909092,1422979.7979797982,1498737.3737373739,1444444.4444444445,1280303.0303030303,1378787.878787879,1492424.2424242424,1422979.7979797982,1356060.6060606062,1335858.585858586,1309343.4343434344,1483585.8585858587,1329545.4545454546,1344696.9696969697,1351010.1010101011,1414141.4141414142,1402777.7777777778,1489898.98989899,1561868.686868687,1613636.3636363638,1511363.6363636365,1508838.383838384,1550505.0505050507,1469696.9696969697,1573232.3232323234,1540404.0404040406,1398989.898989899,1455808.080808081,1292929.2929292931,,,,,,,,,,,,,,,,,,,,,,,,,
,,,,,,,,,,,,,,,,,,,,,1079545.4545454546,1352272.7272727273,1344696.9696969697,1313131.3131313133,1377525.2525252525,1473484.8484848486,1579545.4545454546,1560606.0606060608,1529040.4040404041,1457070.707070707,1523989.898989899,1492424.2424242424,1436868.686868687,1527777.777777778,1493686.8686868688,1564393.9393939395,1555555.5555555557,1401515.1515151516,1277777.7777777778,1330808.080808081,1357323.2323232323,1358585.8585858587,1371212.1212121213,1250000.0,1405303.0303030303,1171717.1717171718,1297979.7979797982,1270202.0202020202,1107323.2323232323,1205808.080808081,1369949.494949495,1277777.7777777778,1231060.6060606062,1205808.080808081,1272727.2727272727,1313131.3131313133,1348484.8484848486,1381313.1313131314,1354797.9797979798,1375000.0,1301767.6767676768,1383838.383838384,1380050.505050505,1324494.9494949495,1157828.2828282828,1210858.585858586,1146464.6464646466,1005050.5050505052,1250000.0,1373737.3737373739,1414141.4141414142,1441919.191919192,1400252.5252525252,1419191.9191919193,1345959.595959596,1364898.98989899,1397727.2727272727,1243686.8686868688,1361111.1111111112,1258838.383838384,1391414.1414141415,1136363.6363636365,1234848.4848484849,1255050.505050505,1404040.4040404041,1359848.4848484849,1186868.686868687,1272727.2727272727,1410353.5353535356,1512626.2626262626,1260101.01010101,1319444.4444444445,1506313.1313131314,1537878.787878788,1594696.9696969697,1585858.585858586,1440656.5656565658,1496212.1212121213,1463383.8383838385,1351010.1010101011,1199494.9494949495,,,,,,,,,,,,,,,,,,,,,,,,,,
,,,,,,,,,,,,,,,,,,,,,1202020.202020202,1378787.878787879,1340909.090909091,1390151.5151515151,1492424.2424242424,1580808.080808081,1637626.2626262626,1545454.5454545456,1498737.3737373739,1531565.6565656567,1593434.3434343436,1474747.4747474748,1338383.8383838385,1382575.7575757576,1502525.2525252525,1570707.0707070709,1516414.1414141415,1569444.4444444445,1345959.595959596,1363636.3636363638,1433080.8080808083,1397727.2727272727,1381313.1313131314,1347222.2222222222,1313131.3131313133,1242424.2424242424,1277777.7777777778,1257575.7575757576,1256313.1313131314,1277777.7777777778,1314393.9393939395,1282828.2828282828,1146464.6464646466,1275252.5252525252,1304292.9292929294,1378787.878787879,1422979.7979797982,1420454.5454545456,1366161.6161616163,1292929.2929292931,1414141.4141414142,1279040.4040404041,1212121.2121212122,1373737.3737373739,1330808.080808081,1285353.5353535353,1179292.9292929294,1170454.5454545454,1337121.2121212122,1473484.8484848486,1390151.5151515151,1371212.1212121213,1257575.7575757576,1294191.9191919193,1452020.202020202,1454545.4545454546,1470959.595959596,1377525.2525252525,1351010.1010101011,1440656.5656565658,1371212.1212121213,1300505.0505050507,1383838.383838384,1424242.4242424243,1397727.2727272727,1290404.0404040404,1142676.7676767677,1280303.0303030303,1265151.5151515151,1304292.9292929294,1436868.686868687,1186868.686868687,1299242.4242424243,1527777.777777778,1553030.3030303032,1523989.898989899,1486111.1111111112,1486111.1111111112,1453282.8282828284,1244949.494949495,,,,,,,,,,,,,,,,,,,,,,,,,,,
,,,,,,,,,,,,,,,,,,,,949494.9494949495,1170454.5454545454,1388888.888888889,1417929.2929292931,1493686.8686868688,1491161.6161616163,1563131.3131313133,1502525.2525252525,1481060.6060606062,1527777.777777778,1470959.595959596,1511363.6363636365,1464646.4646464647,1209595.9595959596,1220959.595959596,1443181.8181818184,1505050.505050505,1502525.2525252525,1463383.8383838385,1371212.1212121213,1429292.9292929294,1364898.98989899,1410353.5353535356,1369949.494949495,1417929.2929292931,1313131.3131313133,1258838.383838384,1236111.1111111112,1186868.686868687,1282828.2828282828,1137626.2626262626,1363636.3636363638,1310606.0606060608,1181818.1818181819,1433080.8080808083,1448232.3232323234,1515151.5151515151,1373737.3737373739,1291666.6666666667,1381313.1313131314,1473484.8484848486,1339646.4646464647,1340909.090909091,1214646.4646464647,1297979.7979797982,1324494.9494949495,1352272.7272727273,1284090.9090909092,1309343.4343434344,1224747.4747474748,1301767.6767676768,1271464.6464646466,1369949.494949495,1321969.696969697,1414141.4141414142,1444444.4444444445,1375000.0,1407828.2828282828,1409090.9090909092,1502525.2525252525,1354797.9797979798,1306818.1818181819,1369949.494949495,1337121.2121212122,1356060.6060606062,1319444.4444444445,1146464.6464646466,1183080.8080808083,1116161.6161616163,1093434.3434343436,1267676.7676767677,1397727.2727272727,1449494.9494949495,1455808.080808081,1549242.4242424243,1546717.1717171718,1481060.6060606062,1453282.8282828284,1359848.4848484849,1265151.5151515151,,,,,,,,,,,,,,,,,,,,,,,,,,,,
,,,,,,,,,,,,,,,,,,,,1106060.6060606062,1237373.7373737374,1373737.3737373739,1398989.898989899,1494949.494949495,1550505.0505050507,1550505.0505050507,1492424.2424242424,1578282.8282828284,1481060.6060606062,1416666.6666666667,1505050.505050505,1320707.0707070709,1321969.696969697,1295454.5454545456,1406565.6565656567,1470959.595959596,1484848.4848484849,1529040.4040404041,1386363.6363636365,1244949.494949495,1392676.7676767677,1444444.4444444445,1372474.7474747475,1342171.7171717172,1231060.6060606062,1308080.8080808083,1327020.202020202,1273989.898989899,1198232.3232323234,1181818.1818181819,1338383.8383838385,1244949.494949495,1287878.7878787878,1267676.7676767677,1189393.9393939395,1321969.696969697,1392676.7676767677,1402777.7777777778,1287878.7878787878,1318181.8181818184,1205808.080808081,1253787.878787879,1327020.202020202,1328282.8282828284,1435606.0606060608,1347222.2222222222,1207070.707070707,1217171.7171717172,1366161.6161616163,1371212.1212121213,1344696.9696969697,1276515.1515151516,1315656.5656565658,1337121.2121212122,1398989.898989899,1359848.4848484849,1334595.9595959596,1368686.8686868688,1373737.3737373739,1357323.2323232323,1359848.4848484849,1476010.1010101011,1435606.0606060608,1400252.5252525252,1172979.797979798,1093434.3434343436,959595.9595959596,1321969.696969697,1320707.0707070709,1396464.6464646466,1502525.2525252525,1479797.9797979798,1476010.1010101011,1523989.898989899,1571969.696969697,1443181.8181818184,1446969.696969697,1159090.9090909092,1064393.9393939395,,,,,,,,,,,,,,,,,,,,,,,,,,,,
,,,,,,,,,,,,,,,,,,,843434.3434343435,1145202.0202020202,1294191.9191919193,1400252.5252525252,1476010.1010101011,1414141.4141414142,1506313.1313131314,1555555.5555555557,1530303.0303030305,1527777.777777778,1449494.9494949495,1393939.393939394,1410353.5353535356,1462121.2121212122,1300505.0505050507,1280303.0303030303,1386363.6363636365,1507575.7575757576,1513888.888888889,1373737.3737373739,1492424.2424242424,1383838.383838384,1315656.5656565658,1402777.7777777778,1310606.0606060608,1380050.505050505,1340909.090909091,1295454.5454545456,1324494.9494949495,1261363.6363636365,1157828.2828282828,1228535.3535353537,1277777.7777777778,1083333.3333333335,1242424.2424242424,1315656.5656565658,1436868.686868687,1436868.686868687,1446969.696969697,1357323.2323232323,1305555.5555555557,1314393.9393939395,1185606.0606060608,1284090.9090909092,1462121.2121212122,1420454.5454545456,1420454.5454545456,1352272.7272727273,1308080.8080808083,1300505.0505050507,1450757.575757576,1397727.2727272727,1473484.8484848486,1380050.505050505,1333333.3333333335,1297979.7979797982,1476010.1010101011,1402777.7777777778,1401515.1515151516,1454545.4545454546,1289141.4141414142,1279040.4040404041,1284090.9090909092,1353535.3535353537,1436868.686868687,1351010.1010101011,1167929.292929293,1079545.4545454546,1277777.7777777778,1465909.090909091,1464646.4646464647,1507575.7575757576,1476010.1010101011,1463383.8383838385,1549242.4242424243,1563131.3131313133,1472222.2222222222,1496212.1212121213,1357323.2323232323,1178030.3030303032,,,,,,,,,,,,,,,,,,,,,,,,,,,,,
,,,,,,,,,,,,,,,,,,,983585.8585858586,1213383.8383838385,1313131.3131313133,1457070.707070707,1474747.4747474748,1469696.9696969697,1489898.98989899,1555555.5555555557,1497474.7474747475,1508838.383838384,1424242.4242424243,1409090.9090909092,1445707.0707070709,1448232.3232323234,1376262.6262626264,1258838.383838384,1316919.191919192,1422979.7979797982,1440656.5656565658,1541666.6666666667,1507575.7575757576,1513888.888888889,1334595.9595959596,1328282.8282828284,1372474.7474747475,1335858.585858586,1359848.4848484849,1318181.8181818184,1393939.393939394,1199494.9494949495,1044191.9191919193,1180555.5555555557,1137626.2626262626,1151515.1515151516,1233585.8585858587,1297979.7979797982,1371212.1212121213,1435606.0606060608,1420454.5454545456,1419191.9191919193,1333333.3333333335,1303030.3030303032,1083333.3333333335,1386363.6363636365,1323232.3232323234,1282828.2828282828,1452020.202020202,1445707.0707070709,1387626.2626262626,1328282.8282828284,1478535.3535353537,1454545.4545454546,1482323.2323232323,1438131.3131313133,1448232.3232323234,1327020.202020202,1420454.5454545456,1361111.1111111112,1372474.7474747475,1335858.585858586,1279040.4040404041,1310606.0606060608,1345959.595959596,1396464.6464646466,1358585.8585858587,1277777.7777777778,1202020.202020202,1160353.5353535353,1289141.4141414142,1450757.575757576,1467171.7171717172,1597222.2222222222,1568181.8181818184,1604797.9797979798,1527777.777777778,1550505.0505050507,1428030.3030303032,1459595.9595959596,1281565.6565656567,1010101.0101010102,,,,,,,,,,,,,,,,,,,,,,,,,,,,,
,,,,,,,,,,,,,,,,,,,1172979.797979798,1311868.686868687,1324494.9494949495,1489898.98989899,1465909.090909091,1426767.6767676768,1521464.6464646466,1575757.575757576,1469696.9696969697,1416666.6666666667,1376262.6262626264,1352272.7272727273,1421717.1717171718,1386363.6363636365,1279040.4040404041,1171717.1717171718,1248737.3737373739,1286616.1616161617,1452020.202020202,1430555.5555555557,1497474.7474747475,1448232.3232323234,1448232.3232323234,1592171.7171717172,1395202.0202020202,1284090.9090909092,1369949.494949495,1402777.7777777778,1409090.9090909092,1277777.7777777778,1190656.5656565658,1179292.9292929294,1013888.888888889,1082070.707070707,1267676.7676767677,1375000.0,1460858.585858586,1376262.6262626264,1347222.2222222222,1431818.1818181819,1255050.505050505,1280303.0303030303,1294191.9191919193,1333333.3333333335,1483585.8585858587,1400252.5252525252,1484848.4848484849,1523989.898989899,1526515.1515151516,1422979.7979797982,1459595.9595959596,1433080.8080808083,1414141.4141414142,1457070.707070707,1430555.5555555557,1481060.6060606062,1478535.3535353537,1488636.3636363638,1409090.9090909092,1385101.01010101,1353535.3535353537,1397727.2727272727,1431818.1818181819,1414141.4141414142,1395202.0202020202,1156565.6565656567,976010.101010101,1162878.7878787878,1469696.9696969697,1574494.9494949495,1594696.9696969697,1614898.98989899,1547979.7979797982,1547979.7979797982,1604797.9797979798,1564393.9393939395,1467171.7171717172,1268939.393939394,1185606.0606060608,,,,,,,,,,,,,,,,,,,,,,,,,,,,,,
,,,,,,,,,,,,,,,,,,935606.0606060607,1239898.98989899,1356060.6060606062,1439393.9393939395,1441919.191919192,1412878.787878788,1414141.4141414142,1369949.494949495,1512626.2626262626,1425505.0505050507,1390151.5151515151,1297979.7979797982,1434343.4343434344,1420454.5454545456,1289141.4141414142,1359848.4848484849,1244949.494949495,1329545.4545454546,1356060.6060606062,1393939.393939394,1525252.5252525252,1420454.5454545456,1512626.2626262626,1476010.1010101011,1419191.9191919193,1536616.1616161617,1215909.090909091,1239898.98989899,1321969.696969697,1369949.494949495,1318181.8181818184,1214646.4646464647,1258838.383838384,1137626.2626262626,1140151.5151515151,1241161.6161616163,1337121.2121212122,1481060.6060606062,1438131.3131313133,1392676.7676767677,1315656.5656565658,1421717.1717171718,1391414.1414141415,1401515.1515151516,1343434.3434343436,1421717.1717171718,1378787.878787879,1405303.0303030303,1424242.4242424243,1440656.5656565658,1371212.1212121213,1358585.8585858587,1415404.0404040406,1410353.5353535356,1450757.575757576,1446969.696969697,1320707.0707070709,1501262.6262626264,1364898.98989899,1323232.3232323234,1349747.4747474748,1397727.2727272727,1385101.01010101,1438131.3131313133,1378787.878787879,1101010.1010101011,1005050.5050505052,1037878.787878788,1325757.575757576,1525252.5252525252,1565656.5656565658,1585858.585858586,1616161.6161616163,1603535.3535353537,1555555.5555555557,1496212.1212121213,1484848.4848484849,1301767.6767676768,1058080.8080808083,,,,,,,,,,,,,,,,,,,,,,,,,,,,,,,
,,,,,,,,,,,,,,,,,,1089646.4646464647,1285353.5353535353,1267676.7676767677,1453282.8282828284,1425505.0505050507,1459595.9595959596,1450757.575757576,1496212.1212121213,1421717.1717171718,1443181.8181818184,1338383.8383838385,1425505.0505050507,1404040.4040404041,1483585.8585858587,1455808.080808081,1515151.5151515151,1404040.4040404041,1420454.5454545456,1354797.9797979798,1397727.2727272727,1468434.3434343436,1438131.3131313133,1487373.7373737374,1453282.8282828284,1431818.1818181819,1194444.4444444445,1220959.595959596,1251262.6262626264,1267676.7676767677,1436868.686868687,1358585.8585858587,1260101.01010101,1021464.6464646466,1025252.5252525253,1109848.4848484849,1321969.696969697,1328282.8282828284,1337121.2121212122,1380050.505050505,1453282.8282828284,1457070.707070707,1405303.0303030303,1414141.4141414142,1348484.8484848486,1313131.3131313133,1325757.575757576,1439393.9393939395,1448232.3232323234,1460858.585858586,1527777.777777778,1344696.9696969697,1449494.9494949495,1462121.2121212122,1435606.0606060608,1398989.898989899,1377525.2525252525,1334595.9595959596,1358585.8585858587,1351010.1010101011,1313131.3131313133,1366161.6161616163,1383838.383838384,1425505.0505050507,1376262.6262626264,1234848.4848484849,824494.9494949495,1054292.9292929294,1210858.585858586,1308080.8080808083,1369949.494949495,1537878.787878788,1540404.0404040406,1598484.8484848486,1573232.3232323234,1546717.1717171718,1498737.3737373739,1436868.686868687,1164141.4141414142,,,,,,,,,,,,,,,,,,,,,,,,,,,,,,,,
,,,,,,,,,,,,,,,,,,1188131.3131313133,1330808.080808081,1420454.5454545456,1375000.0,1397727.2727272727,1419191.9191919193,1308080.8080808083,1382575.7575757576,1352272.7272727273,1402777.7777777778,1366161.6161616163,1574494.9494949495,1573232.3232323234,1585858.585858586,1421717.1717171718,1575757.575757576,1479797.9797979798,1522727.2727272727,1500000.0,1397727.2727272727,1469696.9696969697,1450757.575757576,1357323.2323232323,1507575.7575757576,1291666.6666666667,1329545.4545454546,1400252.5252525252,1306818.1818181819,1306818.1818181819,1381313.1313131314,1414141.4141414142,1411616.1616161617,1244949.494949495,1162878.7878787878,1257575.7575757576,1299242.4242424243,1345959.595959596,1335858.585858586,1431818.1818181819,1502525.2525252525,1327020.202020202,1422979.7979797982,1385101.01010101,1315656.5656565658,1208333.3333333335,1446969.696969697,1369949.494949495,1359848.4848484849,1436868.686868687,1351010.1010101011,1345959.595959596,1375000.0,1282828.2828282828,1343434.3434343436,1479797.9797979798,1472222.2222222222,1454545.4545454546,1410353.5353535356,1280303.0303030303,1300505.0505050507,1362373.7373737374,1377525.2525252525,1493686.8686868688,1167929.292929293,986111.1111111111,888888.888888889,1066919.191919192,1351010.1010101011,1582070.707070707,1588383.8383838385,1507575.7575757576,1534090.9090909092,1616161.6161616163,1470959.595959596,1464646.4646464647,1554292.9292929294,1361111.1111111112,,,,,,,,,,,,,,,,,,,,,,,,,,,,,,,,,
,,,,,,,,,,,,,,,,,,1210858.585858586,1407828.2828282828,1388888.888888889,1424242.4242424243,1476010.1010101011,1463383.8383838385,1464646.4646464647,1512626.2626262626,1425505.0505050507,1476010.1010101011,1580808.080808081,1566919.191919192,1657828.282828283,1584595.9595959596,1616161.6161616163,1638888.888888889,1609848.4848484849,1640151.5151515151,1497474.7474747475,1521464.6464646466,1545454.5454545456,1364898.98989899,1368686.8686868688,1338383.8383838385,1194444.4444444445,1185606.0606060608,1414141.4141414142,1428030.3030303032,1200757.575757576,1368686.8686868688,1489898.98989899,1474747.4747474748,1361111.1111111112,1357323.2323232323,1362373.7373737374,1255050.505050505,1229797.9797979798,1361111.1111111112,1208333.3333333335,1112373.7373737374,1150252.5252525252,1431818.1818181819,1410353.5353535356,1417929.2929292931,1422979.7979797982,1348484.8484848486,1251262.6262626264,1396464.6464646466,1454545.4545454546,1390151.5151515151,1393939.393939394,1457070.707070707,1319444.4444444445,1315656.5656565658,1420454.5454545456,1424242.4242424243,1444444.4444444445,1464646.4646464647,1409090.9090909092,1498737.3737373739,1452020.202020202,1405303.0303030303,1301767.6767676768,1001262.6262626264,1039141.4141414142,1118686.8686868688,1127525.2525252525,1492424.2424242424,1565656.5656565658,1551767.6767676768,1496212.1212121213,1561868.686868687,1553030.3030303032,1448232.3232323234,1460858.585858586,1434343.4343434344,,,,,,,,,,,,,,,,,,,,,,,,,,,,,,,,,,
,,,,,,,,,,,,,,,,,,1306818.1818181819,1410353.5353535356,1380050.505050505,1406565.6565656567,1526515.1515151516,1460858.585858586,1453282.8282828284,1428030.3030303032,1353535.3535353537,1474747.4747474748,1506313.1313131314,1593434.3434343436,1554292.9292929294,1613636.3636363638,1551767.6767676768,1642676.7676767677,1627525.2525252525,1623737.3737373739,1603535.3535353537,1587121.2121212122,1578282.8282828284,1415404.0404040406,1404040.4040404041,1296717.1717171718,1234848.4848484849,1369949.494949495,1444444.4444444445,1262626.2626262626,1138888.888888889,1279040.4040404041,1395202.0202020202,1537878.787878788,1308080.8080808083,1352272.7272727273,1353535.3535353537,1324494.9494949495,1391414.1414141415,1404040.4040404041,1347222.2222222222,1232323.2323232323,1340909.090909091,1472222.2222222222,1421717.1717171718,1494949.494949495,1420454.5454545456,1357323.2323232323,1363636.3636363638,1396464.6464646466,1421717.1717171718,1290404.0404040404,1366161.6161616163,1414141.4141414142,1255050.505050505,1255050.505050505,1329545.4545454546,1372474.7474747475,1483585.8585858587,1300505.0505050507,1208333.3333333335,1391414.1414141415,1387626.2626262626,1337121.2121212122,1068181.8181818184,1212121.2121212122,1207070.707070707,1181818.1818181819,1299242.4242424243,1558080.8080808083,1580808.080808081,1516414.1414141415,1496212.1212121213,1458333.3333333335,1476010.1010101011,1496212.1212121213,1361111.1111111112,,,,,,,,,,,,,,,,,,,,,,,,,,,,,,,,,,,
,,,,,,,,,,,,,,,,,1265151.5151515151,1367424.2424242424,1411616.1616161617,1362373.7373737374,1356060.6060606062,1405303.0303030303,1469696.9696969697,1484848.4848484849,1477272.7272727273,1419191.9191919193,1476010.1010101011,1542929.2929292931,1405303.0303030303,1505050.505050505,1526515.1515151516,1577020.202020202,1598484.8484848486,1597222.2222222222,1603535.3535353537,1608585.8585858587,1478535.3535353537,1536616.1616161617,1470959.595959596,1237373.7373737374,1113636.3636363638,1388888.888888889,1585858.585858586,1440656.5656565658,1340909.090909091,1343434.3434343436,1409090.9090909092,1532828.282828283,1409090.9090909092,1357323.2323232323,1255050.505050505,1313131.3131313133,1231060.6060606062,1248737.3737373739,1284090.9090909092,1363636.3636363638,1325757.575757576,1372474.7474747475,1382575.7575757576,1416666.6666666667,1484848.4848484849,1454545.4545454546,1395202.0202020202,1369949.494949495,1108585.8585858587,1092171.7171717172,1205808.080808081,1266414.1414141415,1358585.8585858587,1357323.2323232323,1390151.5151515151,1362373.7373737374,1372474.7474747475,1361111.1111111112,1222222.2222222222,1166666.6666666667,1236111.1111111112,1273989.898989899,1401515.1515151516,1229797.9797979798,1376262.6262626264,1162878.7878787878,1085858.585858586,1185606.0606060608,1532828.282828283,1640151.5151515151,1531565.6565656567,1366161.6161616163,1460858.585858586,1414141.4141414142,1398989.898989899,,,,,,,,,,,,,,,,,,,,,,,,,,,,,,,,,,,,
,,,,,,,,,,,,,,,,,1289141.4141414142,1388888.888888889,1431818.1818181819,1378787.878787879,1299242.4242424243,1325757.575757576,1439393.9393939395,1367424.2424242424,1458333.3333333335,1354797.9797979798,1420454.5454545456,1481060.6060606062,1458333.3333333335,1416666.6666666667,1488636.3636363638,1545454.5454545456,1597222.2222222222,1674242.4242424243,1659090.9090909092,1555555.5555555557,1458333.3333333335,1515151.5151515151,1397727.2727272727,1416666.6666666667,1406565.6565656567,1396464.6464646466,1335858.585858586,1352272.7272727273,1404040.4040404041,1358585.8585858587,1430555.5555555557,1541666.6666666667,1405303.0303030303,1431818.1818181819,1251262.6262626264,1439393.9393939395,1273989.898989899,1239898.98989899,1228535.3535353537,1353535.3535353537,1303030.3030303032,1367424.2424242424,1401515.1515151516,1345959.595959596,1362373.7373737374,1502525.2525252525,1421717.1717171718,1400252.5252525252,1093434.3434343436,1147727.2727272727,1324494.9494949495,1210858.585858586,1356060.6060606062,1330808.080808081,1376262.6262626264,1334595.9595959596,1338383.8383838385,1421717.1717171718,1431818.1818181819,1342171.7171717172,1305555.5555555557,1122474.7474747475,1209595.9595959596,1368686.8686868688,1472222.2222222222,1338383.8383838385,1053030.303030303,1419191.9191919193,1367424.2424242424,1440656.5656565658,1511363.6363636365,1441919.191919192,1511363.6363636365,1468434.3434343436,,,,,,,,,,,,,,,,,,,,,,,,,,,,,,,,,,,,,
,,,,,,,,,,,,,,,,1175505.0505050507,1280303.0303030303,1414141.4141414142,1395202.0202020202,1448232.3232323234,1377525.2525252525,1424242.4242424243,1339646.4646464647,1313131.3131313133,1426767.6767676768,1458333.3333333335,1444444.4444444445,1439393.9393939395,1469696.9696969697,1421717.1717171718,1506313.1313131314,1569444.4444444445,1517676.7676767677,1613636.3636363638,1720959.595959596,1570707.0707070709,1478535.3535353537,1482323.2323232323,1378787.878787879,1340909.090909091,1376262.6262626264,1299242.4242424243,1267676.7676767677,1180555.5555555557,1198232.3232323234,1378787.878787879,1392676.7676767677,1431818.1818181819,1476010.1010101011,1502525.2525252525,1440656.5656565658,1439393.9393939395,1362373.7373737374,1268939.393939394,1279040.4040404041,1234848.4848484849,1292929.2929292931,1308080.8080808083,1425505.0505050507,1357323.2323232323,1410353.5353535356,1452020.202020202,1387626.2626262626,1527777.777777778,1287878.7878787878,1273989.898989899,1267676.7676767677,1296717.1717171718,1296717.1717171718,1267676.7676767677,1376262.6262626264,1319444.4444444445,1332070.707070707,1375000.0,1410353.5353535356,1372474.7474747475,1375000.0,1108585.8585858587,1195707.0707070709,1452020.202020202,1294191.9191919193,1190656.5656565658,1227272.7272727273,1469696.9696969697,1583333.3333333335,1555555.5555555557,1487373.7373737374,1511363.6363636365,1636363.6363636365,1393939.393939394,,,,,,,,,,,,,,,,,,,,,,,,,,,,,,,,,,,,,
,,,,,,,,,,,,,,,,1276515.1515151516,1416666.6666666667,1527777.777777778,1516414.1414141415,1512626.2626262626,1532828.282828283,1486111.1111111112,1430555.5555555557,1383838.383838384,1433080.8080808083,1452020.202020202,1496212.1212121213,1469696.9696969697,1455808.080808081,1496212.1212121213,1547979.7979797982,1487373.7373737374,1622474.7474747475,1536616.1616161617,1660353.5353535356,1563131.3131313133,1511363.6363636365,1505050.505050505,1414141.4141414142,1520202.0202020202,1400252.5252525252,1162878.7878787878,1070707.0707070709,1338383.8383838385,1122474.7474747475,1334595.9595959596,1354797.9797979798,1430555.5555555557,1489898.98989899,1554292.9292929294,1579545.4545454546,1549242.4242424243,1412878.787878788,1398989.898989899,1281565.6565656567,1138888.888888889,1093434.3434343436,1224747.4747474748,1395202.0202020202,1453282.8282828284,1469696.9696969697,1357323.2323232323,1414141.4141414142,1449494.9494949495,1531565.6565656567,1444444.4444444445,1319444.4444444445,1272727.2727272727,1443181.8181818184,1286616.1616161617,1297979.7979797982,1330808.080808081,1368686.8686868688,1377525.2525252525,1436868.686868687,1380050.505050505,1419191.9191919193,1077020.202020202,1193181.8181818184,1180555.5555555557,1252525.2525252525,1448232.3232323234,1396464.6464646466,1488636.3636363638,1555555.5555555557,1463383.8383838385,1473484.8484848486,1598484.8484848486,1507575.7575757576,,,,,,,,,,,,,,,,,,,,,,,,,,,,,,,,,,,,,,
,,,,,,,,,,,,,,,,1362373.7373737374,1491161.6161616163,1417929.2929292931,1445707.0707070709,1503787.878787879,1525252.5252525252,1555555.5555555557,1493686.8686868688,1554292.9292929294,1579545.4545454546,1539141.4141414142,1566919.191919192,1511363.6363636365,1424242.4242424243,1419191.9191919193,1483585.8585858587,1561868.686868687,1662878.787878788,1640151.5151515151,1643939.393939394,1617424.2424242424,1404040.4040404041,1438131.3131313133,1455808.080808081,1375000.0,1450757.575757576,1396464.6464646466,1184343.4343434344,1237373.7373737374,1227272.7272727273,1199494.9494949495,1356060.6060606062,1378787.878787879,1429292.9292929294,1357323.2323232323,1434343.4343434344,1486111.1111111112,1400252.5252525252,1443181.8181818184,1313131.3131313133,1212121.2121212122,1328282.8282828284,1203282.8282828284,1281565.6565656567,1415404.0404040406,1303030.3030303032,1321969.696969697,1388888.888888889,1416666.6666666667,1484848.4848484849,1416666.6666666667,1306818.1818181819,1238636.3636363638,1325757.575757576,1361111.1111111112,1296717.1717171718,1349747.4747474748,1334595.9595959596,1339646.4646464647,1276515.1515151516,1406565.6565656567,1397727.2727272727,1127525.2525252525,1449494.9494949495,1169191.9191919193,1289141.4141414142,1531565.6565656567,1579545.4545454546,1441919.191919192,1416666.6666666667,1551767.6767676768,1507575.7575757576,1492424.2424242424,,,,,,,,,,,,,,,,,,,,,,,,,,,,,,,,,,,,,,,
,,,,,,,,,,,,,,,1267676.7676767677,1377525.2525252525,1465909.090909091,1523989.898989899,1407828.2828282828,1505050.505050505,1530303.0303030305,1532828.282828283,1422979.7979797982,1496212.1212121213,1526515.1515151516,1537878.787878788,1453282.8282828284,1412878.787878788,1392676.7676767677,1410353.5353535356,1460858.585858586,1515151.5151515151,1568181.8181818184,1559343.4343434344,1521464.6464646466,1564393.9393939395,1503787.878787879,1542929.2929292931,1484848.4848484849,1450757.575757576,1284090.9090909092,1487373.7373737374,1440656.5656565658,1205808.080808081,1213383.8383838385,1345959.595959596,1536616.1616161617,1446969.696969697,1354797.9797979798,1270202.0202020202,1275252.5252525252,1419191.9191919193,1354797.9797979798,1510101.01010101,1405303.0303030303,1068181.8181818184,1248737.3737373739,1155303.0303030303,1231060.6060606062,1391414.1414141415,1327020.202020202,1405303.0303030303,1372474.7474747475,1366161.6161616163,1292929.2929292931,1324494.9494949495,1345959.595959596,1152777.7777777778,1000000.0000000001,1210858.585858586,1251262.6262626264,1226010.1010101011,1349747.4747474748,1304292.9292929294,1401515.1515151516,1353535.3535353537,1227272.7272727273,1157828.2828282828,1339646.4646464647,1238636.3636363638,1449494.9494949495,1424242.4242424243,1354797.9797979798,1424242.4242424243,1549242.4242424243,1484848.4848484849,1440656.5656565658,1357323.2323232323,,,,,,,,,,,,,,,,,,,,,,,,,,,,,,,,,,,,,,,
,,,,,,,,,,,,,,,1282828.2828282828,1425505.0505050507,1391414.1414141415,1411616.1616161617,1404040.4040404041,1409090.9090909092,1470959.595959596,1420454.5454545456,1497474.7474747475,1369949.494949495,1470959.595959596,1375000.0,1397727.2727272727,1372474.7474747475,1444444.4444444445,1464646.4646464647,1444444.4444444445,1382575.7575757576,1646464.6464646466,1582070.707070707,1540404.0404040406,1604797.9797979798,1431818.1818181819,1525252.5252525252,1510101.01010101,1527777.777777778,1256313.1313131314,1275252.5252525252,1387626.2626262626,1391414.1414141415,1273989.898989899,1330808.080808081,1250000.0,1367424.2424242424,1257575.7575757576,1239898.98989899,1232323.2323232323,1280303.0303030303,1330808.080808081,1436868.686868687,1472222.2222222222,1300505.0505050507,1079545.4545454546,1095959.595959596,1142676.7676767677,1390151.5151515151,1450757.575757576,1351010.1010101011,1381313.1313131314,1364898.98989899,1180555.5555555557,1239898.98989899,1356060.6060606062,1169191.9191919193,1136363.6363636365,1151515.1515151516,1363636.3636363638,1381313.1313131314,1405303.0303030303,1392676.7676767677,1352272.7272727273,1151515.1515151516,1063131.3131313133,1263888.888888889,1262626.2626262626,1301767.6767676768,1390151.5151515151,1383838.383838384,1452020.202020202,1527777.777777778,1535353.5353535356,1527777.777777778,1444444.4444444445,,,,,,,,,,,,,,,,,,,,,,,,,,,,,,,,,,,,,,,,
,,,,,,,,,,,,,,,1305555.5555555557,1414141.4141414142,1404040.4040404041,1396464.6464646466,1492424.2424242424,1328282.8282828284,1327020.202020202,1405303.0303030303,1382575.7575757576,1349747.4747474748,1407828.2828282828,1457070.707070707,1351010.1010101011,1460858.585858586,1449494.9494949495,1550505.0505050507,1539141.4141414142,1472222.2222222222,1554292.9292929294,1547979.7979797982,1503787.878787879,1462121.2121212122,1544191.9191919193,1525252.5252525252,1539141.4141414142,1551767.6767676768,1411616.1616161617,1253787.878787879,1446969.696969697,1407828.2828282828,1470959.595959596,1492424.2424242424,1459595.9595959596,1354797.9797979798,1232323.2323232323,1275252.5252525252,1271464.6464646466,1121212.1212121213,1242424.2424242424,1286616.1616161617,1367424.2424242424,1426767.6767676768,1226010.1010101011,1082070.707070707,1219696.9696969697,1224747.4747474748,1301767.6767676768,1297979.7979797982,1342171.7171717172,1300505.0505050507,1161616.1616161617,1181818.1818181819,1277777.7777777778,1231060.6060606062,1253787.878787879,1178030.3030303032,1123737.3737373739,1243686.8686868688,1332070.707070707,1285353.5353535353,1186868.686868687,1064393.9393939395,1123737.3737373739,1357323.2323232323,1261363.6363636365,1297979.7979797982,1409090.9090909092,1531565.6565656567,1573232.3232323234,1598484.8484848486,1559343.4343434344,1526515.1515151516,,,,,,,,,,,,,,,,,,,,,,,,,,,,,,,,,,,,,,,,,
,,,,,,,,,,,,,,,1345959.595959596,1392676.7676767677,1491161.6161616163,1428030.3030303032,1449494.9494949495,1382575.7575757576,1270202.0202020202,1315656.5656565658,1343434.3434343436,1392676.7676767677,1297979.7979797982,1367424.2424242424,1380050.505050505,1472222.2222222222,1522727.2727272727,1518939.393939394,1525252.5252525252,1424242.4242424243,1464646.4646464647,1590909.090909091,1445707.0707070709,1539141.4141414142,1484848.4848484849,1458333.3333333335,1469696.9696969697,1545454.5454545456,1558080.8080808083,1367424.2424242424,1462121.2121212122,1429292.9292929294,1273989.898989899,1482323.2323232323,1503787.878787879,1570707.0707070709,1512626.2626262626,1348484.8484848486,1228535.3535353537,1157828.2828282828,1262626.2626262626,1342171.7171717172,1247474.7474747475,1347222.2222222222,1405303.0303030303,1292929.2929292931,1327020.202020202,1366161.6161616163,1250000.0,1246212.1212121213,1291666.6666666667,1385101.01010101,1309343.4343434344,1419191.9191919193,1280303.0303030303,1287878.7878787878,1026515.1515151516,1098484.8484848486,1263888.888888889,1337121.2121212122,1390151.5151515151,1275252.5252525252,1276515.1515151516,1079545.4545454546,1112373.7373737374,1169191.9191919193,1359848.4848484849,1450757.575757576,1575757.575757576,1599747.4747474748,1484848.4848484849,1559343.4343434344,1551767.6767676768,,,,,,,,,,,,,,,,,,,,,,,,,,,,,,,,,,,,,,,,,,
,,,,,,,,,,,,,,1295454.5454545456,1358585.8585858587,1398989.898989899,1420454.5454545456,1416666.6666666667,1388888.888888889,1425505.0505050507,1375000.0,1405303.0303030303,1311868.686868687,1402777.7777777778,1387626.2626262626,1435606.0606060608,1411616.1616161617,1358585.8585858587,1463383.8383838385,1436868.686868687,1457070.707070707,1507575.7575757576,1506313.1313131314,1491161.6161616163,1419191.9191919193,1443181.8181818184,1470959.595959596,1381313.1313131314,1479797.9797979798,1387626.2626262626,1483585.8585858587,1515151.5151515151,1478535.3535353537,1421717.1717171718,1291666.6666666667,1457070.707070707,1439393.9393939395,1534090.9090909092,1607323.2323232323,1648989.898989899,1289141.4141414142,1226010.1010101011,1396464.6464646466,1457070.707070707,1439393.9393939395,1218434.3434343436,1280303.0303030303,1393939.393939394,1244949.494949495,1281565.6565656567,1324494.9494949495,1324494.9494949495,1258838.383838384,1248737.3737373739,1345959.595959596,1292929.2929292931,1189393.9393939395,1234848.4848484849,1300505.0505050507,1327020.202020202,1364898.98989899,1359848.4848484849,1483585.8585858587,1210858.585858586,1102272.7272727273,1176767.6767676768,1178030.3030303032,1405303.0303030303,1592171.7171717172,1599747.4747474748,1707070.707070707,1564393.9393939395,1468434.3434343436,1483585.8585858587,1494949.494949495,,,,,,,,,,,,,,,,,,,,,,,,,,,,,,,,,,,,,,,,,,
,,,,,,,,,,,,,,1359848.4848484849,1364898.98989899,1470959.595959596,1378787.878787879,1426767.6767676768,1501262.6262626264,1453282.8282828284,1472222.2222222222,1393939.393939394,1391414.1414141415,1339646.4646464647,1415404.0404040406,1407828.2828282828,1313131.3131313133,1521464.6464646466,1507575.7575757576,1523989.898989899,1539141.4141414142,1455808.080808081,1467171.7171717172,1525252.5252525252,1498737.3737373739,1569444.4444444445,1419191.9191919193,1560606.0606060608,1478535.3535353537,1319444.4444444445,1478535.3535353537,1482323.2323232323,1433080.8080808083,1541666.6666666667,1448232.3232323234,1416666.6666666667,1327020.202020202,1464646.4646464647,1532828.282828283,1446969.696969697,1226010.1010101011,1420454.5454545456,1347222.2222222222,1526515.1515151516,1522727.2727272727,1511363.6363636365,1203282.8282828284,1414141.4141414142,1376262.6262626264,1229797.9797979798,1431818.1818181819,1433080.8080808083,1267676.7676767677,988636.3636363636,1041666.6666666667,1008838.383838384,1116161.6161616163,1169191.9191919193,1031565.6565656567,1073232.3232323234,1248737.3737373739,1342171.7171717172,1323232.3232323234,1243686.8686868688,1367424.2424242424,1359848.4848484849,1438131.3131313133,1434343.4343434344,1587121.2121212122,1579545.4545454546,1532828.282828283,1473484.8484848486,1510101.01010101,1452020.202020202,,,,,,,,,,,,,,,,,,,,,,,,,,,,,,,,,,,,,,,,,,,
,,,,,,,,,,,,,1246212.1212121213,1428030.3030303032,1492424.2424242424,1396464.6464646466,1439393.9393939395,1435606.0606060608,1527777.777777778,1464646.4646464647,1439393.9393939395,1398989.898989899,1398989.898989899,1435606.0606060608,1444444.4444444445,1285353.5353535353,1338383.8383838385,1357323.2323232323,1505050.505050505,1517676.7676767677,1565656.5656565658,1566919.191919192,1474747.4747474748,1489898.98989899,1448232.3232323234,1546717.1717171718,1560606.0606060608,1628787.878787879,1503787.878787879,1411616.1616161617,1460858.585858586,1380050.505050505,1340909.090909091,1458333.3333333335,1433080.8080808083,1349747.4747474748,1372474.7474747475,1344696.9696969697,1330808.080808081,1126262.6262626264,1250000.0,1202020.202020202,1262626.2626262626,1566919.191919192,1587121.2121212122,1476010.1010101011,1166666.6666666667,1255050.505050505,1435606.0606060608,1547979.7979797982,1457070.707070707,1344696.9696969697,1314393.9393939395,1112373.7373737374,1135101.01010101,1018939.393939394,1157828.2828282828,1113636.3636363638,1136363.6363636365,1101010.1010101011,1395202.0202020202,1347222.2222222222,1476010.1010101011,1530303.0303030305,1569444.4444444445,1330808.080808081,1453282.8282828284,1458333.3333333335,1467171.7171717172,1608585.8585858587,1555555.5555555557,1546717.1717171718,1449494.9494949495,1314393.9393939395,,,,,,,,,,,,,,,,,,,,,,,,,,,,,,,,,,,,,,,,,,,
,,,,,,,,,,,,1106060.6060606062,1301767.6767676768,1424242.4242424243,1476010.1010101011,1449494.9494949495,1450757.575757576,1565656.5656565658,1549242.4242424243,1453282.8282828284,1535353.5353535356,1492424.2424242424,1501262.6262626264,1547979.7979797982,1517676.7676767677,1445707.0707070709,1487373.7373737374,1354797.9797979798,1473484.8484848486,1462121.2121212122,1579545.4545454546,1443181.8181818184,1407828.2828282828,1505050.505050505,1521464.6464646466,1506313.1313131314,1575757.575757576,1597222.2222222222,1575757.575757576,1537878.787878788,1518939.393939394,1455808.080808081,1410353.5353535356,1452020.202020202,1421717.1717171718,1250000.0,1238636.3636363638,1361111.1111111112,1272727.2727272727,1281565.6565656567,1229797.9797979798,1098484.8484848486,1268939.393939394,1469696.9696969697,1623737.3737373739,1398989.898989899,1406565.6565656567,1175505.0505050507,1430555.5555555557,1479797.9797979798,1402777.7777777778,1191919.191919192,1205808.080808081,1179292.9292929294,1214646.4646464647,1087121.2121212122,935606.0606060607,940656.5656565657,954545.4545454546,1125000.0,1231060.6060606062,1247474.7474747475,1491161.6161616163,1508838.383838384,1420454.5454545456,1327020.202020202,1455808.080808081,1404040.4040404041,1493686.8686868688,1652777.777777778,1462121.2121212122,1465909.090909091,1369949.494949495,,,,,,,,,,,,,,,,,,,,,,,,,,,,,,,,,,,,,,,,,,,,
,,,,,,,,,,,,1224747.4747474748,1359848.4848484849,1410353.5353535356,1424242.4242424243,1468434.3434343436,1529040.4040404041,1582070.707070707,1463383.8383838385,1569444.4444444445,1526515.1515151516,1564393.9393939395,1570707.0707070709,1565656.5656565658,1694444.4444444445,1580808.080808081,1547979.7979797982,1501262.6262626264,1486111.1111111112,1569444.4444444445,1502525.2525252525,1529040.4040404041,1549242.4242424243,1647727.272727273,1594696.9696969697,1507575.7575757576,1627525.2525252525,1646464.6464646466,1547979.7979797982,1573232.3232323234,1628787.878787879,1474747.4747474748,1545454.5454545456,1445707.0707070709,1189393.9393939395,1247474.7474747475,1268939.393939394,1286616.1616161617,1321969.696969697,1130050.505050505,1001262.6262626264,886363.6363636365,1179292.9292929294,1330808.080808081,1395202.0202020202,1348484.8484848486,1328282.8282828284,1246212.1212121213,1300505.0505050507,1457070.707070707,1445707.0707070709,1273989.898989899,1175505.0505050507,1247474.7474747475,1085858.585858586,1223484.8484848486,1148989.898989899,1186868.686868687,1333333.3333333335,1244949.494949495,1176767.6767676768,1382575.7575757576,1515151.5151515151,1438131.3131313133,1440656.5656565658,1422979.7979797982,1333333.3333333335,1417929.2929292931,1507575.7575757576,1513888.888888889,1513888.888888889,1305555.5555555557,1324494.9494949495,,,,,,,,,,,,,,,,,,,,,,,,,,,,,,,,,,,,,,,,,,,,
,,,,,,,,,,,,1329545.4545454546,1406565.6565656567,1407828.2828282828,1425505.0505050507,1469696.9696969697,1521464.6464646466,1515151.5151515151,1459595.9595959596,1601010.1010101011,1534090.9090909092,1635101.01010101,1573232.3232323234,1525252.5252525252,1641414.1414141415,1601010.1010101011,1565656.5656565658,1520202.0202020202,1569444.4444444445,1561868.686868687,1619949.494949495,1573232.3232323234,1631313.1313131314,1590909.090909091,1595959.595959596,1584595.9595959596,1535353.5353535356,1599747.4747474748,1536616.1616161617,1547979.7979797982,1513888.888888889,1512626.2626262626,1505050.505050505,1500000.0,1345959.595959596,1261363.6363636365,1377525.2525252525,1511363.6363636365,1492424.2424242424,1195707.0707070709,1199494.9494949495,1195707.0707070709,1228535.3535353537,1034090.9090909092,1189393.9393939395,1198232.3232323234,1208333.3333333335,1342171.7171717172,1406565.6565656567,1271464.6464646466,1364898.98989899,1357323.2323232323,1112373.7373737374,1393939.393939394,1296717.1717171718,1349747.4747474748,1458333.3333333335,1393939.393939394,1453282.8282828284,1395202.0202020202,1388888.888888889,1411616.1616161617,1393939.393939394,1554292.9292929294,1613636.3636363638,1609848.4848484849,1583333.3333333335,1539141.4141414142,1393939.393939394,1558080.8080808083,1430555.5555555557,1443181.8181818184,,,,,,,,,,,,,,,,,,,,,,,,,,,,,,,,,,,,,,,,,,,,,
,,,,,,,,,,,1194444.4444444445,1321969.696969697,1431818.1818181819,1402777.7777777778,1445707.0707070709,1477272.7272727273,1568181.8181818184,1527777.777777778,1347222.2222222222,1380050.505050505,1513888.888888889,1623737.3737373739,1570707.0707070709,1568181.8181818184,1513888.888888889,1522727.2727272727,1575757.575757576,1558080.8080808083,1487373.7373737374,1577020.202020202,1554292.9292929294,1635101.01010101,1637626.2626262626,1607323.2323232323,1680555.5555555557,1607323.2323232323,1632575.7575757576,1616161.6161616163,1405303.0303030303,1594696.9696969697,1537878.787878788,1465909.090909091,1478535.3535353537,1627525.2525252525,1428030.3030303032,1328282.8282828284,1517676.7676767677,1397727.2727272727,1405303.0303030303,1123737.3737373739,1122474.7474747475,1402777.7777777778,1476010.1010101011,1425505.0505050507,1296717.1717171718,1160353.5353535353,1402777.7777777778,1420454.5454545456,1454545.4545454546,1357323.2323232323,1448232.3232323234,1497474.7474747475,1364898.98989899,1544191.9191919193,1582070.707070707,1373737.3737373739,1300505.0505050507,1329545.4545454546,1333333.3333333335,1372474.7474747475,1522727.2727272727,1534090.9090909092,1523989.898989899,1598484.8484848486,1554292.9292929294,1523989.898989899,1606060.6060606062,1545454.5454545456,1496212.1212121213,1444444.4444444445,1465909.090909091,,,,,,,,,,,,,,,,,,,,,,,,,,,,,,,,,,,,,,,,,,,,,,
,,,,,,,,,,,1284090.9090909092,1363636.3636363638,1436868.686868687,1449494.9494949495,1534090.9090909092,1501262.6262626264,1470959.595959596,1489898.98989899,1469696.9696969697,1311868.686868687,1551767.6767676768,1555555.5555555557,1508838.383838384,1530303.0303030305,1587121.2121212122,1508838.383838384,1532828.282828283,1579545.4545454546,1530303.0303030305,1578282.8282828284,1535353.5353535356,1705808.080808081,1646464.6464646466,1636363.6363636365,1606060.6060606062,1573232.3232323234,1585858.585858586,1606060.6060606062,1484848.4848484849,1579545.4545454546,1628787.878787879,1503787.878787879,1542929.2929292931,1566919.191919192,1419191.9191919193,1275252.5252525252,1486111.1111111112,1550505.0505050507,1515151.5151515151,1383838.383838384,1291666.6666666667,1539141.4141414142,1488636.3636363638,1411616.1616161617,1332070.707070707,1202020.202020202,1295454.5454545456,1411616.1616161617,1535353.5353535356,1470959.595959596,1438131.3131313133,1454545.4545454546,1483585.8585858587,1489898.98989899,1315656.5656565658,1258838.383838384,1392676.7676767677,1337121.2121212122,1101010.1010101011,1454545.4545454546,1563131.3131313133,1570707.0707070709,1534090.9090909092,1568181.8181818184,1623737.3737373739,1592171.7171717172,1523989.898989899,1549242.4242424243,1511363.6363636365,1421717.1717171718,,,,,,,,,,,,,,,,,,,,,,,,,,,,,,,,,,,,,,,,,,,,,,,
,,,,,,,,,,1239898.98989899,1378787.878787879,1362373.7373737374,1414141.4141414142,1455808.080808081,1588383.8383838385,1492424.2424242424,1522727.2727272727,1433080.8080808083,1529040.4040404041,1511363.6363636365,1569444.4444444445,1555555.5555555557,1540404.0404040406,1570707.0707070709,1601010.1010101011,1450757.575757576,1579545.4545454546,1635101.01010101,1539141.4141414142,1531565.6565656567,1563131.3131313133,1592171.7171717172,1549242.4242424243,1577020.202020202,1518939.393939394,1622474.7474747475,1684343.4343434344,1619949.494949495,1531565.6565656567,1638888.888888889,1595959.595959596,1594696.9696969697,1570707.0707070709,1492424.2424242424,1395202.0202020202,1407828.2828282828,1347222.2222222222,1465909.090909091,1511363.6363636365,1253787.878787879,1347222.2222222222,1400252.5252525252,1409090.9090909092,1429292.9292929294,1335858.585858586,1342171.7171717172,1354797.9797979798,1339646.4646464647,1400252.5252525252,1532828.282828283,1421717.1717171718,1448232.3232323234,1454545.4545454546,1547979.7979797982,1464646.4646464647,1435606.0606060608,1465909.090909091,1268939.393939394,1183080.8080808083,1441919.191919192,1426767.6767676768,1566919.191919192,1578282.8282828284,1527777.777777778,1551767.6767676768,1619949.494949495,1623737.3737373739,1606060.6060606062,1424242.4242424243,,,,,,,,,,,,,,,,,,,,,,,,,,,,,,,,,,,,,,,,,,,,,,,,
,,,,,,,,,,1220959.595959596,1323232.3232323234,1468434.3434343436,1513888.888888889,1457070.707070707,1479797.9797979798,1482323.2323232323,1540404.0404040406,1570707.0707070709,1594696.9696969697,1518939.393939394,1570707.0707070709,1574494.9494949495,1645202.0202020204,1546717.1717171718,1571969.696969697,1609848.4848484849,1589646.4646464647,1599747.4747474748,1551767.6767676768,1503787.878787879,1601010.1010101011,1532828.282828283,1574494.9494949495,1608585.8585858587,1594696.9696969697,1570707.0707070709,1612373.7373737374,1496212.1212121213,1672979.7979797982,1611111.1111111112,1532828.282828283,1517676.7676767677,1465909.090909091,1578282.8282828284,1496212.1212121213,1459595.9595959596,1449494.9494949495,1501262.6262626264,1481060.6060606062,1428030.3030303032,1462121.2121212122,1438131.3131313133,1449494.9494949495,1358585.8585858587,1248737.3737373739,1279040.4040404041,1354797.9797979798,1356060.6060606062,1565656.5656565658,1484848.4848484849,1470959.595959596,1450757.575757576,1592171.7171717172,1411616.1616161617,1316919.191919192,1184343.4343434344,1387626.2626262626,1329545.4545454546,1352272.7272727273,1349747.4747474748,1478535.3535353537,1536616.1616161617,1529040.4040404041,1532828.282828283,1574494.9494949495,1575757.575757576,1546717.1717171718,1513888.888888889,1385101.01010101,,,,,,,,,,,,,,,,,,,,,,,,,,,,,,,,,,,,,,,,,,,,,,,,
,,,,,,,,,,1311868.686868687,1296717.1717171718,1419191.9191919193,1479797.9797979798,1531565.6565656567,1503787.878787879,1549242.4242424243,1544191.9191919193,1561868.686868687,1549242.4242424243,1532828.282828283,1604797.9797979798,1569444.4444444445,1544191.9191919193,1574494.9494949495,1648989.898989899,1575757.575757576,1587121.2121212122,1544191.9191919193,1577020.202020202,1590909.090909091,1559343.4343434344,1671717.1717171718,1680555.5555555557,1609848.4848484849,1556818.1818181819,1655303.0303030305,1588383.8383838385,1582070.707070707,1479797.9797979798,1540404.0404040406,1593434.3434343436,1444444.4444444445,1468434.3434343436,1441919.191919192,1521464.6464646466,1512626.2626262626,1553030.3030303032,1551767.6767676768,1473484.8484848486,1449494.9494949495,1510101.01010101,1452020.202020202,1440656.5656565658,1349747.4747474748,1247474.7474747475,1292929.2929292931,1344696.9696969697,1376262.6262626264,1494949.494949495,1280303.0303030303,1412878.787878788,1529040.4040404041,1401515.1515151516,1333333.3333333335,1420454.5454545456,1396464.6464646466,1218434.3434343436,1380050.505050505,1217171.7171717172,1321969.696969697,1481060.6060606062,1570707.0707070709,1584595.9595959596,1566919.191919192,1595959.595959596,1547979.7979797982,1469696.9696969697,1496212.1212121213,,,,,,,,,,,,,,,,,,,,,,,,,,,,,,,,,,,,,,,,,,,,,,,,,
,,,,,,,,,1128787.878787879,1452020.202020202,1429292.9292929294,1537878.787878788,1436868.686868687,1506313.1313131314,1470959.595959596,1530303.0303030305,1531565.6565656567,1539141.4141414142,1487373.7373737374,1496212.1212121213,1622474.7474747475,1496212.1212121213,1497474.7474747475,1598484.8484848486,1604797.9797979798,1564393.9393939395,1563131.3131313133,1592171.7171717172,1670454.5454545456,1556818.1818181819,1588383.8383838385,1611111.1111111112,1655303.0303030305,1551767.6767676768,1577020.202020202,1578282.8282828284,1555555.5555555557,1352272.7272727273,1378787.878787879,1362373.7373737374,1407828.2828282828,1438131.3131313133,1465909.090909091,1424242.4242424243,1433080.8080808083,1521464.6464646466,1545454.5454545456,1507575.7575757576,1388888.888888889,1391414.1414141415,1507575.7575757576,1494949.494949495,1391414.1414141415,1508838.383838384,1463383.8383838385,1454545.4545454546,1516414.1414141415,1410353.5353535356,1478535.3535353537,1357323.2323232323,1248737.3737373739,1532828.282828283,1575757.575757576,1474747.4747474748,1531565.6565656567,1588383.8383838385,1438131.3131313133,1462121.2121212122,1253787.878787879,1434343.4343434344,1503787.878787879,1636363.6363636365,1574494.9494949495,1599747.4747474748,1555555.5555555557,1577020.202020202,1523989.898989899,,,,,,,,,,,,,,,,,,,,,,,,,,,,,,,,,,,,,,,,,,,,,,,,,,
,,,,,,,,,1237373.7373737374,1380050.505050505,1484848.4848484849,1468434.3434343436,1517676.7676767677,1477272.7272727273,1512626.2626262626,1435606.0606060608,1412878.787878788,1458333.3333333335,1594696.9696969697,1660353.5353535356,1613636.3636363638,1602272.7272727273,1512626.2626262626,1502525.2525252525,1522727.2727272727,1526515.1515151516,1585858.585858586,1601010.1010101011,1560606.0606060608,1523989.898989899,1593434.3434343436,1608585.8585858587,1587121.2121212122,1578282.8282828284,1628787.878787879,1518939.393939394,1570707.0707070709,1420454.5454545456,1287878.7878787878,1405303.0303030303,1417929.2929292931,1411616.1616161617,1398989.898989899,1366161.6161616163,1339646.4646464647,1443181.8181818184,1498737.3737373739,1404040.4040404041,1279040.4040404041,1359848.4848484849,1472222.2222222222,1488636.3636363638,1521464.6464646466,1522727.2727272727,1559343.4343434344,1489898.98989899,1470959.595959596,1393939.393939394,1507575.7575757576,1388888.888888889,1136363.6363636365,1391414.1414141415,1549242.4242424243,1546717.1717171718,1614898.98989899,1599747.4747474748,1578282.8282828284,1345959.595959596,1415404.0404040406,1537878.787878788,1549242.4242424243,1518939.393939394,1602272.7272727273,1589646.4646464647,1487373.7373737374,1463383.8383838385,1441919.191919192,,,,,,,,,,,,,,,,,,,,,,,,,,,,,,,,,,,,,,,,,,,,,,,,,,
,,,,,,,,863636.3636363636,1323232.3232323234,1417929.2929292931,1549242.4242424243,1441919.191919192,1430555.5555555557,1465909.090909091,1430555.5555555557,1522727.2727272727,1527777.777777778,1522727.2727272727,1523989.898989899,1503787.878787879,1526515.1515151516,1573232.3232323234,1584595.9595959596,1498737.3737373739,1502525.2525252525,1501262.6262626264,1521464.6464646466,1453282.8282828284,1440656.5656565658,1535353.5353535356,1589646.4646464647,1510101.01010101,1488636.3636363638,1547979.7979797982,1502525.2525252525,1459595.9595959596,1459595.9595959596,1529040.4040404041,1405303.0303030303,1430555.5555555557,1354797.9797979798,1450757.575757576,1506313.1313131314,1373737.3737373739,1434343.4343434344,1416666.6666666667,1450757.575757576,1404040.4040404041,1295454.5454545456,1443181.8181818184,1457070.707070707,1507575.7575757576,1479797.9797979798,1465909.090909091,1508838.383838384,1400252.5252525252,1387626.2626262626,1343434.3434343436,1436868.686868687,1438131.3131313133,1390151.5151515151,1531565.6565656567,1607323.2323232323,1619949.494949495,1560606.0606060608,1523989.898989899,1455808.080808081,1383838.383838384,1529040.4040404041,1570707.0707070709,1560606.0606060608,1609848.4848484849,1542929.2929292931,1493686.8686868688,1443181.8181818184,1434343.4343434344,,,,,,,,,,,,,,,,,,,,,,,,,,,,,,,,,,,,,,,,,,,,,,,,,,,
,,,,,,,597222.2222222222,760101.0101010101,1237373.7373737374,1431818.1818181819,1364898.98989899,1421717.1717171718,1444444.4444444445,1487373.7373737374,1497474.7474747475,1515151.5151515151,1497474.7474747475,1549242.4242424243,1555555.5555555557,1532828.282828283,1587121.2121212122,1512626.2626262626,1571969.696969697,1535353.5353535356,1527777.777777778,1534090.9090909092,1506313.1313131314,1464646.4646464647,1393939.393939394,1405303.0303030303,1340909.090909091,1318181.8181818184,1411616.1616161617,1414141.4141414142,1553030.3030303032,1594696.9696969697,1561868.686868687,1513888.888888889,1400252.5252525252,1483585.8585858587,1422979.7979797982,1446969.696969697,1416666.6666666667,1339646.4646464647,1450757.575757576,1414141.4141414142,1380050.505050505,1479797.9797979798,1329545.4545454546,1402777.7777777778,1477272.7272727273,1523989.898989899,1474747.4747474748,1494949.494949495,1452020.202020202,1357323.2323232323,1441919.191919192,1347222.2222222222,1402777.7777777778,1435606.0606060608,1541666.6666666667,1491161.6161616163,1473484.8484848486,1515151.5151515151,1565656.5656565658,1549242.4242424243,1537878.787878788,1510101.01010101,1709595.9595959596,1547979.7979797982,1568181.8181818184,1621212.1212121213,1457070.707070707,1369949.494949495,1430555.5555555557,,,,,,,,,,,,,,,,,,,,,,,,,,,,,,,,,,,,,,,,,,,,,,,,,,,,
,,,,,,,717171.7171717172,678030.3030303031,1111111.1111111112,1398989.898989899,1400252.5252525252,1479797.9797979798,1467171.7171717172,1523989.898989899,1463383.8383838385,1505050.505050505,1526515.1515151516,1560606.0606060608,1546717.1717171718,1520202.0202020202,1502525.2525252525,1474747.4747474748,1508838.383838384,1541666.6666666667,1419191.9191919193,1429292.9292929294,1358585.8585858587,1272727.2727272727,1190656.5656565658,1063131.3131313133,1008838.383838384,1034090.9090909092,1027777.7777777779,1051767.6767676768,1286616.1616161617,1373737.3737373739,1382575.7575757576,1453282.8282828284,1377525.2525252525,1433080.8080808083,1382575.7575757576,1510101.01010101,1518939.393939394,1440656.5656565658,1436868.686868687,1351010.1010101011,1406565.6565656567,1273989.898989899,1400252.5252525252,1292929.2929292931,1420454.5454545456,1469696.9696969697,1487373.7373737374,1332070.707070707,1325757.575757576,1487373.7373737374,1348484.8484848486,1238636.3636363638,1449494.9494949495,1428030.3030303032,1516414.1414141415,1579545.4545454546,1506313.1313131314,1496212.1212121213,1531565.6565656567,1496212.1212121213,1632575.7575757576,1612373.7373737374,1569444.4444444445,1568181.8181818184,1500000.0,1540404.0404040406,1481060.6060606062,1391414.1414141415,1388888.888888889,,,,,,,,,,,,,,,,,,,,,,,,,,,,,,,,,,,,,,,,,,,,,,,,,,,,
,,,,,,625000.0,796717.1717171718,666666.6666666667,1132575.7575757576,1377525.2525252525,1474747.4747474748,1335858.585858586,1406565.6565656567,1448232.3232323234,1510101.01010101,1488636.3636363638,1513888.888888889,1429292.9292929294,1335858.585858586,1434343.4343434344,1450757.575757576,1328282.8282828284,1348484.8484848486,1190656.5656565658,1074494.9494949495,1007575.7575757577,,,,,,,,,,,997474.7474747475,1165404.0404040404,1291666.6666666667,1367424.2424242424,1286616.1616161617,1282828.2828282828,1397727.2727272727,1474747.4747474748,1433080.8080808083,1478535.3535353537,1412878.787878788,1300505.0505050507,1294191.9191919193,1381313.1313131314,1405303.0303030303,1337121.2121212122,1417929.2929292931,1275252.5252525252,1392676.7676767677,1498737.3737373739,1444444.4444444445,1310606.0606060608,1328282.8282828284,1433080.8080808083,1590909.090909091,1433080.8080808083,1410353.5353535356,1402777.7777777778,1563131.3131313133,1594696.9696969697,1517676.7676767677,1476010.1010101011,1498737.3737373739,1589646.4646464647,1516414.1414141415,1551767.6767676768,1511363.6363636365,1483585.8585858587,,,,,,,,,,,,,,,,,,,,,,,,,,,,,,,,,,,,,,,,,,,,,,,,,,,,,
,,,,,564393.9393939395,767676.7676767678,876262.6262626263,731060.6060606061,883838.383838384,1472222.2222222222,1444444.4444444445,1367424.2424242424,1386363.6363636365,1450757.575757576,1386363.6363636365,1342171.7171717172,1275252.5252525252,1250000.0,1227272.7272727273,1170454.5454545454,,,,,,,,,,,,,,,,,,,933080.8080808081,1281565.6565656567,1140151.5151515151,1151515.1515151516,1186868.686868687,1335858.585858586,1463383.8383838385,1462121.2121212122,1468434.3434343436,1228535.3535353537,1327020.202020202,1291666.6666666667,1449494.9494949495,1424242.4242424243,1332070.707070707,1361111.1111111112,1476010.1010101011,1553030.3030303032,1373737.3737373739,1502525.2525252525,1401515.1515151516,1450757.575757576,1526515.1515151516,1439393.9393939395,1431818.1818181819,1402777.7777777778,1463383.8383838385,1479797.9797979798,1481060.6060606062,1564393.9393939395,1598484.8484848486,1566919.191919192,1592171.7171717172,1541666.6666666667,1383838.383838384,1390151.5151515151,,,,,,,,,,,,,,,,,,,,,,,,,,,,,,,,,,,,,,,,,,,,,,,,,,,,,
,,,,,455808.08080808085,606060.6060606061,717171.7171717172,647727.2727272728,496212.1212121212,1007575.7575757577,1270202.0202020202,1285353.5353535353,1347222.2222222222,1161616.1616161617,1018939.393939394,1082070.707070707,946969.696969697,847222.2222222222,,,,,,,,,,,,,,,,,,,,,,,768939.393939394,1013888.888888889,1142676.7676767677,1271464.6464646466,1402777.7777777778,1513888.888888889,1443181.8181818184,1396464.6464646466,1402777.7777777778,1410353.5353535356,1348484.8484848486,1263888.888888889,1348484.8484848486,1352272.7272727273,1375000.0,1497474.7474747475,1465909.090909091,1440656.5656565658,1429292.9292929294,1388888.888888889,1531565.6565656567,1276515.1515151516,1433080.8080808083,1482323.2323232323,1387626.2626262626,1356060.6060606062,1438131.3131313133,1501262.6262626264,1482323.2323232323,1550505.0505050507,1592171.7171717172,1487373.7373737374,1438131.3131313133,,,,,,,,,,,,,,,,,,,,,,,,,,,,,,,,,,,,,,,,,,,,,,,,,,,,,,
,,,,,,,,589646.4646464647,375000.0,469696.9696969697,659090.9090909092,914141.4141414142,958333.3333333334,1084595.9595959596,1194444.4444444445,1035353.5353535354,,,,,,,,,,,,,,,,,,,,,,,,,,1054292.9292929294,1102272.7272727273,1202020.202020202,1460858.585858586,1462121.2121212122,1472222.2222222222,1488636.3636363638,1463383.8383838385,1400252.5252525252,1337121.2121212122,1421717.1717171718,1436868.686868687,1434343.4343434344,1422979.7979797982,1446969.696969697,1459595.9595959596,1476010.1010101011,1469696.9696969697,1276515.1515151516,1512626.2626262626,1290404.0404040404,1455808.080808081,1527777.777777778,1431818.1818181819,1433080.8080808083,1424242.4242424243,1497474.7474747475,1463383.8383838385,1556818.1818181819,1522727.2727272727,1407828.2828282828,1452020.202020202,,,,,,,,,,,,,,,,,,,,,,,,,,,,,,,,,,,,,,,,,,,,,,,,,,,,,,
,,,,,,,,,,,,,,857323.2323232323,996212.1212121212,,,,,,,,,,,,,,,,,,,,,,,,,,,,861111.1111111111,1044191.9191919193,1241161.6161616163,1469696.9696969697,1395202.0202020202,1417929.2929292931,1445707.0707070709,1390151.5151515151,1320707.0707070709,1412878.787878788,1441919.191919192,1397727.2727272727,1452020.202020202,1444444.4444444445,1587121.2121212122,1455808.080808081,1544191.9191919193,1416666.6666666667,1498737.3737373739,1406565.6565656567,1376262.6262626264,1583333.3333333335,1467171.7171717172,1353535.3535353537,1446969.696969697,1481060.6060606062,1412878.787878788,1402777.7777777778,1508838.383838384,1453282.8282828284,,,,,,,,,,,,,,,,,,,,,,,,,,,,,,,,,,,,,,,,,,,,,,,,,,,,,,,
,,,,,,,,,,,,,,,,,,,,,,,,,,,,,,,,,,,,,,,,,,,,825757.5757575758,1039141.4141414142,1229797.9797979798,1260101.01010101,1393939.393939394,1486111.1111111112,1367424.2424242424,1387626.2626262626,1416666.6666666667,1478535.3535353537,1468434.3434343436,1468434.3434343436,1460858.585858586,1488636.3636363638,1545454.5454545456,1484848.4848484849,1411616.1616161617,1477272.7272727273,1472222.2222222222,1376262.6262626264,1396464.6464646466,1491161.6161616163,1464646.4646464647,1431818.1818181819,1465909.090909091,1424242.4242424243,1492424.2424242424,1439393.9393939395,,,,,,,,,,,,,,,,,,,,,,,,,,,,,,,,,,,,,,,,,,,,,,,,,,,,,,,,
,,,,,,,,,,,,,,,,,,,,,,,,,,,,,,,,,,,,,,,,,,,,,,881313.1313131314,1082070.707070707,1236111.1111111112,1430555.5555555557,1392676.7676767677,1361111.1111111112,1454545.4545454546,1500000.0,1503787.878787879,1479797.9797979798,1521464.6464646466,1450757.575757576,1498737.3737373739,1520202.0202020202,1289141.4141414142,1476010.1010101011,1478535.3535353537,1366161.6161616163,1492424.2424242424,1458333.3333333335,1505050.505050505,1508838.383838384,1556818.1818181819,1527777.777777778,1472222.2222222222,1494949.494949495,,,,,,,,,,,,,,,,,,,,,,,,,,,,,,,,,,,,,,,,,,,,,,,,,,,,,,,,
,,,,,,,,,,,,,,,,,,,,,,,,,,,,,,,,,,,,,,,,,,,,,,,678030.3030303031,946969.696969697,1121212.1212121213,1332070.707070707,1532828.282828283,1402777.7777777778,1443181.8181818184,1508838.383838384,1544191.9191919193,1529040.4040404041,1516414.1414141415,1540404.0404040406,1436868.686868687,1508838.383838384,1462121.2121212122,1545454.5454545456,1382575.7575757576,1450757.575757576,1425505.0505050507,1565656.5656565658,1535353.5353535356,1544191.9191919193,1431818.1818181819,1460858.585858586,1366161.6161616163,,,,,,,,,,,,,,,,,,,,,,,,,,,,,,,,,,,,,,,,,,,,,,,,,,,,,,,,
,,,,,,,,,,,,,,,,,,,,,,,,,,,,,,,,,,,,,,,,,,,,,,,,861111.1111111111,1036616.1616161617,1239898.98989899,1446969.696969697,1449494.9494949495,1496212.1212121213,1469696.9696969697,1521464.6464646466,1459595.9595959596,1532828.282828283,1457070.707070707,1494949.494949495,1500000.0,1508838.383838384,1508838.383838384,1469696.9696969697,1511363.6363636365,1530303.0303030305,1522727.2727272727,1522727.2727272727,1529040.4040404041,1454545.4545454546,1439393.9393939395,,,,,,,,,,,,,,,,,,,,,,,,,,,,,,,,,,,,,,,,,,,,,,,,,,,,,,,,,
,,,,,,,,,,,,,,,,,,,,,,,,,,,,,,,,,,,,,,,,,,,,,,,,,720959.595959596,1114898.98989899,1400252.5252525252,1476010.1010101011,1493686.8686868688,1468434.3434343436,1507575.7575757576,1503787.878787879,1483585.8585858587,1515151.5151515151,1496212.1212121213,1493686.8686868688,1544191.9191919193,1516414.1414141415,1598484.8484848486,1526515.1515151516,1527777.777777778,1444444.4444444445,1478535.3535353537,1396464.6464646466,1467171.7171717172,,,,,,,,,,,,,,,,,,,,,,,,,,,,,,,,,,,,,,,,,,,,,,,,,,,,,,,,,,
,,,,,,,,,,,,,,,,,,,,,,,,,,,,,,,,,,,,,,,,,,,,,,,,,,864898.9898989899,1280303.0303030303,1359848.4848484849,1425505.0505050507,1434343.4343434344,1512626.2626262626,1547979.7979797982,1445707.0707070709,1476010.1010101011,1459595.9595959596,1520202.0202020202,1517676.7676767677,1517676.7676767677,1506313.1313131314,1525252.5252525252,1523989.898989899,1535353.5353535356,1463383.8383838385,1398989.898989899,1420454.5454545456,,,,,,,,,,,,,,,,,,,,,,,,,,,,,,,,,,,,,,,,,,,,,,,,,,,,,,,,,,
,,,,,,,,,,,,,,,,,,,,,,,,,,,,,,,,,,,,,,,,,,,,,,,,,,,1065656.5656565658,1316919.191919192,1435606.0606060608,1470959.595959596,1452020.202020202,1520202.0202020202,1479797.9797979798,1429292.9292929294,1486111.1111111112,1527777.777777778,1539141.4141414142,1507575.7575757576,1555555.5555555557,1487373.7373737374,1526515.1515151516,1541666.6666666667,1517676.7676767677,1380050.505050505,,,,,,,,,,,,,,,,,,,,,,,,,,,,,,,,,,,,,,,,,,,,,,,,,,,,,,,,,,,
,,,,,,,,,,,,,,,,,,,,,,,,,,,,,,,,,,,,,,,,,,,,,,,,,,,,1175505.0505050507,1261363.6363636365,1368686.8686868688,1457070.707070707,1482323.2323232323,1458333.3333333335,1426767.6767676768,1445707.0707070709,1443181.8181818184,1508838.383838384,1544191.9191919193,1511363.6363636365,1462121.2121212122,1526515.1515151516,1494949.494949495,1372474.7474747475,1383838.383838384,,,,,,,,,,,,,,,,,,,,,,,,,,,,,,,,,,,,,,,,,,,,,,,,,,,,,,,,,,,
,,,,,,,,,,,,,,,,,,,,,,,,,,,,,,,,,,,,,,,,,,,,,,,,,,,,,1200757.575757576,1368686.8686868688,1422979.7979797982,1497474.7474747475,1513888.888888889,1555555.5555555557,1441919.191919192,1483585.8585858587,1546717.1717171718,1429292.9292929294,1428030.3030303032,1503787.878787879,1505050.505050505,1434343.4343434344,1429292.9292929294,,,,,,,,,,,,,,,,,,,,,,,,,,,,,,,,,,,,,,,,,,,,,,,,,,,,,,,,,,,,
,,,,,,,,,,,,,,,,,,,,,,,,,,,,,,,,,,,,,,,,,,,,,,,,,,,,,,1287878.7878787878,1459595.9595959596,1515151.5151515151,1448232.3232323234,1492424.2424242424,1515151.5151515151,1420454.5454545456,1463383.8383838385,1515151.5151515151,1564393.9393939395,1390151.5151515151,1472222.2222222222,1430555.5555555557,1479797.9797979798,,,,,,,,,,,,,,,,,,,,,,,,,,,,,,,,,,,,,,,,,,,,,,,,,,,,,,,,,,,,
,,,,,,,,,,,,,,,,,,,,,,,,,,,,,,,,,,,,,,,,,,,,,,,,,,,,,,1156565.6565656567,1304292.9292929294,1487373.7373737374,1511363.6363636365,1469696.9696969697,1457070.707070707,1443181.8181818184,1482323.2323232323,1522727.2727272727,1406565.6565656567,1435606.0606060608,1419191.9191919193,1506313.1313131314,1469696.9696969697,,,,,,,,,,,,,,,,,,,,,,,,,,,,,,,,,,,,,,,,,,,,,,,,,,,,,,,,,,,,
,,,,,,,,,,,,,,,,,,,,,,,,,,,,,,,,,,,,,,,,,,,,,,,,,,,,,,,1244949.494949495,1404040.4040404041,1487373.7373737374,1410353.5353535356,1511363.6363636365,1530303.0303030305,1500000.0,1402777.7777777778,1422979.7979797982,1382575.7575757576,1415404.0404040406,1425505.0505050507,,,,,,,,,,,,,,,,,,,,,,,,,,,,,,,,,,,,,,,,,,,,,,,,,,,,,,,,,,,,,
,,,,,,,,,,,,,,,,,,,,,,,,,,,,,,,,,,,,,,,,,,,,,,,,,,,,,,,,1362373.7373737374,1511363.6363636365,1398989.898989899,1435606.0606060608,1433080.8080808083,1479797.9797979798,1484848.4848484849,1409090.9090909092,1529040.4040404041,1440656.5656565658,,,,,,,,,,,,,,,,,,,,,,,,,,,,,,,,,,,,,,,,,,,,,,,,,,,,,,,,,,,,,,
,,,,,,,,,,,,,,,,,,,,,,,,,,,,,,,,,,,,,,,,,,,,,,,,,,,,,,,,1080808.080808081,1287878.7878787878,1357323.2323232323,1494949.494949495,1459595.9595959596,1464646.4646464647,1381313.1313131314,1353535.3535353537,1469696.9696969697,1457070.707070707,,,,,,,,,,,,,,,,,,,,,,,,,,,,,,,,,,,,,,,,,,,,,,,,,,,,,,,,,,,,,,
,,,,,,,,,,,,,,,,,,,,,,,,,,,,,,,,,,,,,,,,,,,,,,,,,,,,,,,,,1140151.5151515151,1261363.6363636365,1458333.3333333335,1508838.383838384,1479797.9797979798,1455808.080808081,1488636.3636363638,1402777.7777777778,1328282.8282828284,,,,,,,,,,,,,,,,,,,,,,,,,,,,,,,,,,,,,,,,,,,,,,,,,,,,,,,,,,,,,,
,,,,,,,,,,,,,,,,,,,,,,,,,,,,,,,,,,,,,,,,,,,,,,,,,,,,,,,,,1189393.9393939395,1142676.7676767677,1406565.6565656567,1425505.0505050507,1464646.4646464647,1406565.6565656567,1371212.1212121213,1327020.202020202,1308080.8080808083,,,,,,,,,,,,,,,,,,,,,,,,,,,,,,,,,,,,,,,,,,,,,,,,,,,,,,,,,,,,,,
,,,,,,,,,,,,,,,,,,,,,,,,,,,,,,,,,,,,,,,,,,,,,,,,,,,,,,,,,1106060.6060606062,1104797.9797979798,1321969.696969697,1452020.202020202,1439393.9393939395,1398989.898989899,1300505.0505050507,1205808.080808081,,,,,,,,,,,,,,,,,,,,,,,,,,,,,,,,,,,,,,,,,,,,,,,,,,,,,,,,,,,,,,,
,,,,,,,,,,,,,,,,,,,,,,,,,,,,,,,,,,,,,,,,,,,,,,,,,,,,,,,,,,1042929.292929293,1290404.0404040404,1335858.585858586,1324494.9494949495,1275252.5252525252,1275252.5252525252,1325757.575757576,,,,,,,,,,,,,,,,,,,,,,,,,,,,,,,,,,,,,,,,,,,,,,,,,,,,,,,,,,,,,,,
,,,,,,,,,,,,,,,,,,,,,,,,,,,,,,,,,,,,,,,,,,,,,,,,,,,,,,,,,,890151.5151515153,1143939.393939394,1308080.8080808083,1309343.4343434344,1357323.2323232323,1357323.2323232323,,,,,,,,,,,,,,,,,,,,,,,,,,,,,,,,,,,,,,,,,,,,,,,,,,,,,,,,,,,,,,,,
,,,,,,,,,,,,,,,,,,,,,,,,,,,,,,,,,,,,,,,,,,,,,,,,,,,,,,,,,,,945707.0707070708,1236111.1111111112,1236111.1111111112,1404040.4040404041,1276515.1515151516,,,,,,,,,,,,,,,,,,,,,,,,,,,,,,,,,,,,,,,,,,,,,,,,,,,,,,,,,,,,,,,,
,,,,,,,,,,,,,,,,,,,,,,,,,,,,,,,,,,,,,,,,,,,,,,,,,,,,,,,,,,,,1054292.9292929294,1036616.1616161617,1284090.9090909092,1145202.0202020202,,,,,,,,,,,,,,,,,,,,,,,,,,,,,,,,,,,,,,,,,,,,,,,,,,,,,,,,,,,,,,,,
,,,,,,,,,,,,,,,,,,,,,,,,,,,,,,,,,,,,,,,,,,,,,,,,,,,,,,,,,,,,,814393.9393939395,953282.8282828283,,,,,,,,,,,,,,,,,,,,,,,,,,,,,,,,,,,,,,,,,,,,,,,,,,,,,,,,,,,,,,,,,
,,,,,,,,,,,,,,,,,,,,,,,,,,,,,,,,,,,,,,,,,,,,,,,,,,,,,,,,,,,,,775252.5252525253,938131.3131313132,,,,,,,,,,,,,,,,,,,,,,,,,,,,,,,,,,,,,,,,,,,,,,,,,,,,,,,,,,,,,,,,,
,,,,,,,,,,,,,,,,,,,,,,,,,,,,,,,,,,,,,,,,,,,,,,,,,,,,,,,,,,,,,,,,,,,,,,,,,,,,,,,,,,,,,,,,,,,,,,,,,,,,,,,,,,,,,,,,,,,,,,,,,,,,,,,
,,,,,,,,,,,,,,,,,,,,,,,,,,,,,,,,,,,,,,,,,,,,,,,,,,,,,,,,,,,,,,,,,,,,,,,,,,,,,,,,,,,,,,,,,,,,,,,,,,,,,,,,,,,,,,,,,,,,,,,,,,,,,,,
,,,,,,,,,,,,,,,,,,,,,,,,,,,,,,,,,,,,,,,,,,,,,,,,,,,,,,,,,,,,,,,,,,,,,,,,,,,,,,,,,,,,,,,,,,,,,,,,,,,,,,,,,,,,,,,,,,,,,,,,,,,,,,,
,,,,,,,,,,,,,,,,,,,,,,,,,,,,,,,,,,,,,,,,,,,,,,,,,,,,,,,,,,,,,,,,,,,,,,,,,,,,,,,,,,,,,,,,,,,,,,,,,,,,,,,,,,,,,,,,,,,,,,,,,,,,,,,
,,,,,,,,,,,,,,,,,,,,,,,,,,,,,,,,,,,,,,,,,,,,,,,,,,,,,,,,,,,,,,,,,,,,,,,,,,,,,,,,,,,,,,,,,,,,,,,,,,,,,,,,,,,,,,,,,,,,,,,,,,,,,,,
,,,,,,,,,,,,,,,,,,,,,,,,,,,,,,,,,,,,,,,,,,,,,,,,,,,,,,,,,,,,,,,,,,,,,,,,,,,,,,,,,,,,,,,,,,,,,,,,,,,,,,,,,,,,,,,,,,,,,,,,,,,,,,,
,,,,,,,,,,,,,,,,,,,,,,,,,,,,,,,,,,,,,,,,,,,,,,,,,,,,,,,,,,,,,,,,,,,,,,,,,,,,,,,,,,,,,,,,,,,,,,,,,,,,,,,,,,,,,,,,,,,,,,,,,,,,,,,
,,,,,,,,,,,,,,,,,,,,,,,,,,,,,,,,,,,,,,,,,,,,,,,,,,,,,,,,,,,,,,,,,,,,,,,,,,,,,,,,,,,,,,,,,,,,,,,,,,,,,,,,,,,,,,,,,,,,,,,,,,,,,,,
,,,,,,,,,,,,,,,,,,,,,,,,,,,,,,,,,,,,,,,,,,,,,,,,,,,,,,,,,,,,,,,,,,,,,,,,,,,,,,,,,,,,,,,,,,,,,,,,,,,,,,,,,,,,,,,,,,,,,,,,,,,,,,,
,,,,,,,,,,,,,,,,,,,,,,,,,,,,,,,,,,,,,,,,,,,,,,,,,,,,,,,,,,,,,,,,,,,,,,,,,,,,,,,,,,,,,,,,,,,,,,,,,,,,,,,,,,,,,,,,,,,,,,,,,,,,,,,
