,,,,,,,,,,,,,,,,,,,,,,,,,,,,,,,,,,,,,,,,,,,,,,,,,,,,,,,,,,,,,,,,,,,,,,,,,,,,,,,,,,,,,,,,,,,,,,,,,,,,,,,,,,,,,,,,,,,,,,,,,,,,,,,
,,,,,,,,,,,,,,,,,,,,,,,,,,,,,,,,,,,,,,,,,,,,,,,,,,,,,,,,,,,,,,,,,,,,,,,,,,,,,,,,,,,,,,,,,,,,,,,,,,,,,,,,,,,,,,,,,,,,,,,,,,,,,,,
,,,,,,,,,,,,,,,,,,,,,,,,,,,,,,,,,,,,,,,,,,,,,,,,,,,,,,,,,,,,,,,,,,,,,,,,,,,,,,,,,,,,,,,,,,,,,,,,,,,,,,,,,,,,,,,,,,,,,,,,,,,,,,,
,,,,,,,,,,,,,,,,,,,,,,,,,,,,,,,,,,,,,,,,,,,,,,,,,,,,,,,,,,,,,,,,,,,,,,,,,,,,,,,,,,,,,,,,,,,,,,,,,,,,,,,,,,,,,,,,,,,,,,,,,,,,,,,
,,,,,,,,,,,,,,,,,,,,,,,,,,,,,,,,,,,,,,,,,,,,,,,,,,,,,,,,,,,,,,,,,,,,,,,,,,,,,,,,,,,,,,,,,,,,,,,,,,,,,,,,,,,,,,,,,,,,,,,,,,,,,,,
,,,,,,,,,,,,,,,,,,,,,,,,,,,,,,,,,,,,,,,,,,,,,,,,,,,,,,,,,,,,,,,,,,,,,,,,,,,,,,,,,,,,,,,,,,,,,,,,,,,,,,,,,,,,,,,,,,,,,,,,,,,,,,,
,,,,,,,,,,,,,,,,,,,,,,,,,,,,,,,,,,,,,,,,,,,,,,,,,,,,,,,,,,,,,,,,,,,,,,,,,,,,,,,,,,,,,,,,,,,,,,,,,,,,,,,,,,,,,,,,,,,,,,,,,,,,,,,
,,,,,,,,,,,,,,,,,,,,,,,,,,,,,,,,,,,,,,,,,,,,,,,,,,,,,,,,,,,,,,,,,,,,,,,,,,,,,,,,,,,,,,,,,,,,,,,,,,,,,,,,,,,,,,,,,,,,,,,,,,,,,,,
,,,,,,,,,,,,,,,,,,,,,,,,,,,,,,,,,,,,,,,,,,,,,,,,,,,,,,,,,,,,,,,,,,,,,,,,,,,,,,,,,,,,,,,,,,,,,,,,,,,,,,,,,,,,,,,,,,,,,,,,,,,,,,,
,,,,,,,,,,,,,,,,,,,,,,,,,,,,,,,,,,,,,,,,,,,,,,,,,,,,,,,,,,,,,,,,,,,,,,,,,,,,,,,,,,,,,,,,,,,,,,,,,,,,,,,,,,,,,,,,,,,,,,,,,,,,,,,
,,,,,,,,,,,,,,,,,,,,,,,,,,,,,,,,,,,,,,,,,,,,,,,,,,,,,,,,,,,,106060.60606060606,94696.9696969697,94696.9696969697,,,107323.23232323233,104797.9797979798,118686.8686868687,106060.60606060606,89646.46464646465,,,,,,,,,,,,,,,,,,,,,,,,,,,,,,,,,,,,,,,,,,,,,,,,,,,,,,,,,,
,,,,,,,,,,,,,,,,,,,,,,,,,,,,,,,,,,,,,,,,,,,,,,,,,,,,,,,,,94696.9696969697,89646.46464646465,85858.58585858587,136363.63636363638,108585.85858585859,104797.9797979798,94696.9696969697,82070.70707070708,87121.21212121213,117424.24242424243,111111.11111111112,127525.25252525254,104797.9797979798,90909.09090909091,106060.60606060606,80808.08080808082,112373.73737373739,84595.9595959596,,,,,146464.64646464647,,,,,,,,,,,,,,,,,,,,,,,,,,,,,,,,,,,,,,,,,,,,,,,,
,,,,,,,,,,,,,,,,,,,,,,,,,,,,,,,,,,,,,,,,,,,,,,,,,,,,,,102272.72727272728,103535.35353535354,107323.23232323233,117424.24242424243,106060.60606060606,116161.61616161617,135101.01010101012,125000.00000000001,112373.73737373739,116161.61616161617,125000.00000000001,137626.26262626264,113636.36363636365,89646.46464646465,141414.14141414143,135101.01010101012,135101.01010101012,113636.36363636365,104797.9797979798,131313.1313131313,111111.11111111112,90909.09090909091,113636.36363636365,90909.09090909091,97222.22222222223,111111.11111111112,85858.58585858587,,,,,,,,,,,,,,,,,,,,,,,,,,,,,,,,,,,,,,,,,,,,,,,
,,,,,,,,,,,,,,,,,,,,,,,,,,,,,,,,,,,,,,,,,,,,,,,,,,,,83333.33333333334,104797.9797979798,112373.73737373739,104797.9797979798,106060.60606060606,114898.98989898991,97222.22222222223,122474.74747474748,117424.24242424243,123737.37373737374,127525.25252525254,122474.74747474748,156565.65656565657,117424.24242424243,151515.15151515152,126262.62626262628,141414.14141414143,133838.38383838386,118686.8686868687,131313.1313131313,107323.23232323233,111111.11111111112,138888.8888888889,103535.35353535354,133838.38383838386,92171.71717171717,104797.9797979798,95959.59595959597,97222.22222222223,99747.47474747476,87121.21212121213,95959.59595959597,,,,,,,,,,,,,,,,,,,,,,,,,,,,,,,,,,,,,,,,,,,,
,,,,,,,,,,,,,,,,,,,,,,,,,,,,,,,,,,,,,,,,,,,,,,,,,,95959.59595959597,111111.11111111112,102272.72727272728,112373.73737373739,111111.11111111112,106060.60606060606,126262.62626262628,161616.16161616164,138888.8888888889,143939.39393939395,132575.7575757576,145202.0202020202,147727.27272727274,151515.15151515152,176767.67676767678,156565.65656565657,160353.53535353535,136363.63636363638,148989.898989899,165404.04040404042,150252.52525252526,138888.8888888889,165404.04040404042,155303.0303030303,150252.52525252526,142676.7676767677,146464.64646464647,127525.25252525254,135101.01010101012,114898.98989898991,109848.48484848485,137626.26262626264,119949.49494949495,123737.37373737374,102272.72727272728,75757.57575757576,,,,,,,,,,,,,,,,,,,,,,,,,,,,,,,,,,,,,,,,,,
,,,,,,,,,,,,,,,,,,,,,,,,,,,,,,,,,,,,,,,,,,,,,,,,,94696.9696969697,113636.36363636365,126262.62626262628,92171.71717171717,135101.01010101012,150252.52525252526,150252.52525252526,113636.36363636365,143939.39393939395,175505.05050505052,167929.29292929295,135101.01010101012,147727.27272727274,176767.67676767678,150252.52525252526,157828.28282828283,137626.26262626264,185606.0606060606,179292.9292929293,154040.40404040404,172979.797979798,156565.65656565657,180555.55555555556,160353.53535353535,171717.17171717173,142676.7676767677,160353.53535353535,141414.14141414143,138888.8888888889,148989.898989899,122474.74747474748,142676.7676767677,132575.7575757576,116161.61616161617,132575.7575757576,141414.14141414143,109848.48484848485,102272.72727272728,,,,,,,,,,,,,,,,,,,,,,,,,,,,,,,,,,,,,,,,,
,,,,,,,,,,,,,,,,,,,,,,,,,,,,,,,,,,,,,,,,,,,,,,,83333.33333333334,108585.85858585859,97222.22222222223,111111.11111111112,152777.77777777778,133838.38383838386,146464.64646464647,151515.15151515152,126262.62626262628,92171.71717171717,131313.1313131313,171717.17171717173,166666.6666666667,174242.42424242425,172979.797979798,188131.31313131313,162878.7878787879,167929.29292929295,185606.0606060606,159090.9090909091,155303.0303030303,154040.40404040404,185606.0606060606,189393.9393939394,171717.17171717173,171717.17171717173,165404.04040404042,184343.43434343435,160353.53535353535,154040.40404040404,159090.9090909091,133838.38383838386,175505.05050505052,147727.27272727274,125000.00000000001,154040.40404040404,126262.62626262628,98484.8484848485,121212.12121212122,90909.09090909091,88383.83838383839,104797.9797979798,99747.47474747476,,,,,,,,,,,,,,,,,,,,,,,,,,,,,,,,,,,,,,
,,,,,,,,,,,,,,,,,,,,,,,,,,,,,,,,,,,,,,,,,,,,,,98484.8484848485,122474.74747474748,123737.37373737374,103535.35353535354,132575.7575757576,145202.0202020202,166666.6666666667,155303.0303030303,118686.8686868687,135101.01010101012,140151.51515151517,157828.28282828283,162878.7878787879,191919.19191919194,186868.68686868687,193181.8181818182,169191.9191919192,175505.05050505052,169191.9191919192,170454.54545454547,184343.43434343435,184343.43434343435,179292.9292929293,185606.0606060606,203282.8282828283,161616.16161616164,228535.35353535356,188131.31313131313,150252.52525252526,184343.43434343435,148989.898989899,165404.04040404042,151515.15151515152,179292.9292929293,143939.39393939395,185606.0606060606,133838.38383838386,152777.77777777778,131313.1313131313,113636.36363636365,102272.72727272728,98484.8484848485,104797.9797979798,95959.59595959597,102272.72727272728,103535.35353535354,,,,,,,,,,,,,,,,,,,,,,,,,,,,,,,,,,,,
,,,,,,,,,,,,,,,,,,,,,,,,,,,,,,,,,,,,,,,,,,,,,107323.23232323233,106060.60606060606,127525.25252525254,155303.0303030303,127525.25252525254,141414.14141414143,140151.51515151517,128787.8787878788,119949.49494949495,140151.51515151517,159090.9090909091,156565.65656565657,170454.54545454547,172979.797979798,180555.55555555556,195707.07070707073,175505.05050505052,160353.53535353535,190656.56565656565,180555.55555555556,191919.19191919194,191919.19191919194,181818.18181818182,174242.42424242425,166666.6666666667,189393.9393939394,205808.08080808082,190656.56565656565,171717.17171717173,196969.696969697,179292.9292929293,183080.80808080808,181818.18181818182,189393.9393939394,148989.898989899,169191.9191919192,146464.64646464647,169191.9191919192,160353.53535353535,148989.898989899,133838.38383838386,128787.8787878788,132575.7575757576,116161.61616161617,107323.23232323233,118686.8686868687,116161.61616161617,106060.60606060606,,,,,,,,,,,,,,,,,,,,,,,,,,,,,,,,,,,
,,,,,,,,,,,,,,,,,,,,,,,,,,,,,,,,,,,,,,,,,,,,94696.9696969697,103535.35353535354,118686.8686868687,136363.63636363638,150252.52525252526,162878.7878787879,150252.52525252526,131313.1313131313,107323.23232323233,123737.37373737374,162878.7878787879,200757.57575757577,142676.7676767677,143939.39393939395,181818.18181818182,190656.56565656565,199494.9494949495,223484.8484848485,181818.18181818182,207070.70707070708,180555.55555555556,228535.35353535356,200757.57575757577,191919.19191919194,190656.56565656565,196969.696969697,212121.21212121213,174242.42424242425,179292.9292929293,212121.21212121213,174242.42424242425,208333.33333333334,205808.08080808082,193181.8181818182,170454.54545454547,175505.05050505052,155303.0303030303,203282.8282828283,169191.9191919192,161616.16161616164,169191.9191919192,147727.27272727274,147727.27272727274,172979.797979798,140151.51515151517,128787.8787878788,126262.62626262628,93434.34343434343,112373.73737373739,88383.83838383839,,,,,,,,,,,,,,,,,,,,,,,,,,,,,,,,,,
,,,,,,,,,,,,,,,,,,,,,,,,,,,,,,,,,,,,,,,,,,,69444.44444444445,132575.7575757576,140151.51515151517,146464.64646464647,138888.8888888889,135101.01010101012,131313.1313131313,131313.1313131313,147727.27272727274,218434.34343434343,219696.9696969697,161616.16161616164,179292.9292929293,160353.53535353535,161616.16161616164,199494.9494949495,191919.19191919194,179292.9292929293,196969.696969697,178030.30303030304,172979.797979798,185606.0606060606,208333.33333333334,193181.8181818182,180555.55555555556,176767.67676767678,162878.7878787879,203282.8282828283,185606.0606060606,203282.8282828283,171717.17171717173,215909.0909090909,171717.17171717173,165404.04040404042,166666.6666666667,164141.41414141416,162878.7878787879,185606.0606060606,189393.9393939394,146464.64646464647,142676.7676767677,164141.41414141416,148989.898989899,137626.26262626264,132575.7575757576,152777.77777777778,138888.8888888889,155303.0303030303,146464.64646464647,104797.9797979798,114898.98989898991,101010.10101010102,107323.23232323233,,,,,,,,,,,,,,,,,,,,,,,,,,,,,,,,
,,,,,,,,,,,,,,,,,,,,,,,,,,,,,,,,,,,,,,,,,,79545.45454545454,126262.62626262628,142676.7676767677,155303.0303030303,147727.27272727274,137626.26262626264,162878.7878787879,160353.53535353535,181818.18181818182,172979.797979798,150252.52525252526,147727.27272727274,167929.29292929295,208333.33333333334,193181.8181818182,200757.57575757577,204545.45454545456,215909.0909090909,200757.57575757577,186868.68686868687,185606.0606060606,198232.32323232325,194444.44444444447,185606.0606060606,186868.68686868687,229797.97979797982,217171.71717171717,179292.9292929293,220959.595959596,204545.45454545456,213383.8383838384,167929.29292929295,204545.45454545456,219696.9696969697,195707.07070707073,199494.9494949495,191919.19191919194,165404.04040404042,178030.30303030304,200757.57575757577,193181.8181818182,159090.9090909091,175505.05050505052,151515.15151515152,180555.55555555556,157828.28282828283,169191.9191919192,137626.26262626264,137626.26262626264,138888.8888888889,140151.51515151517,133838.38383838386,114898.98989898991,116161.61616161617,77020.20202020202,92171.71717171717,97222.22222222223,,,,,,,,,,,,,,,,,,,,,,,,,,,,,
,,,,,,,,,,,,,,,,,,,,,,,,,,,,,,,,,,,,,,,,,119949.49494949495,97222.22222222223,111111.11111111112,107323.23232323233,131313.1313131313,155303.0303030303,131313.1313131313,175505.05050505052,171717.17171717173,170454.54545454547,180555.55555555556,160353.53535353535,136363.63636363638,156565.65656565657,194444.44444444447,174242.42424242425,161616.16161616164,170454.54545454547,193181.8181818182,184343.43434343435,199494.9494949495,200757.57575757577,229797.97979797982,207070.70707070708,214646.46464646465,215909.0909090909,191919.19191919194,200757.57575757577,203282.8282828283,191919.19191919194,199494.9494949495,218434.34343434343,199494.9494949495,204545.45454545456,190656.56565656565,194444.44444444447,194444.44444444447,196969.696969697,209595.9595959596,210858.58585858587,171717.17171717173,196969.696969697,204545.45454545456,214646.46464646465,191919.19191919194,246212.12121212122,242424.24242424243,150252.52525252526,154040.40404040404,146464.64646464647,135101.01010101012,132575.7575757576,160353.53535353535,132575.7575757576,95959.59595959597,107323.23232323233,92171.71717171717,117424.24242424243,141414.14141414143,,,,,,,,,,,,,,,,,,,,,,,,,,,,
,,,,,,,,,,,,,,,,,,,,,,,,,,,,,,,,,,,,,,,,,104797.9797979798,112373.73737373739,122474.74747474748,172979.797979798,154040.40404040404,141414.14141414143,171717.17171717173,175505.05050505052,154040.40404040404,130050.50505050506,146464.64646464647,136363.63636363638,155303.0303030303,150252.52525252526,224747.47474747477,190656.56565656565,159090.9090909091,159090.9090909091,213383.8383838384,160353.53535353535,207070.70707070708,207070.70707070708,202020.20202020204,185606.0606060606,219696.9696969697,186868.68686868687,185606.0606060606,171717.17171717173,215909.0909090909,171717.17171717173,208333.33333333334,198232.32323232325,212121.21212121213,226010.10101010103,219696.9696969697,176767.67676767678,181818.18181818182,176767.67676767678,204545.45454545456,185606.0606060606,203282.8282828283,195707.07070707073,190656.56565656565,243686.8686868687,165404.04040404042,190656.56565656565,227272.7272727273,172979.797979798,181818.18181818182,171717.17171717173,188131.31313131313,165404.04040404042,166666.6666666667,140151.51515151517,136363.63636363638,130050.50505050506,107323.23232323233,123737.37373737374,148989.898989899,113636.36363636365,,,,,,,,,,,,,,,,,,,,,,,,,,,
,,,,,,,,,,,,,,,,,,,,,,,,,,,,,,,,,,,,,,,,94696.9696969697,101010.10101010102,164141.41414141416,154040.40404040404,154040.40404040404,154040.40404040404,166666.6666666667,169191.9191919192,189393.9393939394,200757.57575757577,171717.17171717173,166666.6666666667,159090.9090909091,174242.42424242425,155303.0303030303,185606.0606060606,198232.32323232325,165404.04040404042,172979.797979798,196969.696969697,159090.9090909091,184343.43434343435,160353.53535353535,186868.68686868687,196969.696969697,175505.05050505052,203282.8282828283,166666.6666666667,166666.6666666667,194444.44444444447,185606.0606060606,160353.53535353535,180555.55555555556,180555.55555555556,198232.32323232325,193181.8181818182,156565.65656565657,174242.42424242425,159090.9090909091,178030.30303030304,195707.07070707073,191919.19191919194,213383.8383838384,207070.70707070708,150252.52525252526,164141.41414141416,198232.32323232325,198232.32323232325,202020.20202020204,171717.17171717173,198232.32323232325,186868.68686868687,185606.0606060606,174242.42424242425,161616.16161616164,165404.04040404042,165404.04040404042,131313.1313131313,128787.8787878788,97222.22222222223,101010.10101010102,102272.72727272728,,,,,,,,,,,,,,,,,,,,,,,,,,
,,,,,,,,,,,,,,,,,,,,,,,,,,,,,,,,,,,,,,,94696.9696969697,116161.61616161617,118686.8686868687,167929.29292929295,164141.41414141416,166666.6666666667,164141.41414141416,189393.9393939394,188131.31313131313,196969.696969697,207070.70707070708,184343.43434343435,194444.44444444447,199494.9494949495,203282.8282828283,186868.68686868687,165404.04040404042,179292.9292929293,184343.43434343435,180555.55555555556,188131.31313131313,189393.9393939394,157828.28282828283,164141.41414141416,195707.07070707073,238636.36363636365,191919.19191919194,166666.6666666667,157828.28282828283,191919.19191919194,164141.41414141416,176767.67676767678,164141.41414141416,171717.17171717173,154040.40404040404,112373.73737373739,180555.55555555556,179292.9292929293,178030.30303030304,147727.27272727274,189393.9393939394,138888.8888888889,183080.80808080808,213383.8383838384,208333.33333333334,176767.67676767678,171717.17171717173,202020.20202020204,166666.6666666667,162878.7878787879,169191.9191919192,181818.18181818182,199494.9494949495,193181.8181818182,181818.18181818182,169191.9191919192,160353.53535353535,178030.30303030304,171717.17171717173,133838.38383838386,133838.38383838386,138888.8888888889,104797.9797979798,93434.34343434343,,,,,,,,,,,,,,,,,,,,,,,,,
,,,,,,,,,,,,,,,,,,,,,,,,,,,,,,,,,,,,,,77020.20202020202,137626.26262626264,136363.63636363638,164141.41414141416,132575.7575757576,181818.18181818182,179292.9292929293,183080.80808080808,200757.57575757577,199494.9494949495,190656.56565656565,198232.32323232325,205808.08080808082,198232.32323232325,210858.58585858587,203282.8282828283,178030.30303030304,199494.9494949495,151515.15151515152,151515.15151515152,157828.28282828283,195707.07070707073,174242.42424242425,169191.9191919192,191919.19191919194,195707.07070707073,224747.47474747477,196969.696969697,233585.8585858586,200757.57575757577,193181.8181818182,164141.41414141416,164141.41414141416,181818.18181818182,166666.6666666667,193181.8181818182,175505.05050505052,141414.14141414143,170454.54545454547,160353.53535353535,130050.50505050506,147727.27272727274,172979.797979798,209595.9595959596,213383.8383838384,178030.30303030304,180555.55555555556,169191.9191919192,159090.9090909091,157828.28282828283,167929.29292929295,189393.9393939394,171717.17171717173,196969.696969697,179292.9292929293,194444.44444444447,176767.67676767678,185606.0606060606,186868.68686868687,150252.52525252526,148989.898989899,123737.37373737374,122474.74747474748,136363.63636363638,109848.48484848485,106060.60606060606,,,,,,,,,,,,,,,,,,,,,,,,
,,,,,,,,,,,,,,,,,,,,,,,,,,,,,,,,,,,,,,85858.58585858587,141414.14141414143,118686.8686868687,151515.15151515152,148989.898989899,157828.28282828283,194444.44444444447,174242.42424242425,203282.8282828283,198232.32323232325,196969.696969697,209595.9595959596,190656.56565656565,198232.32323232325,190656.56565656565,243686.8686868687,210858.58585858587,208333.33333333334,191919.19191919194,169191.9191919192,162878.7878787879,178030.30303030304,200757.57575757577,212121.21212121213,212121.21212121213,205808.08080808082,212121.21212121213,226010.10101010103,224747.47474747477,208333.33333333334,152777.77777777778,156565.65656565657,151515.15151515152,123737.37373737374,154040.40404040404,135101.01010101012,147727.27272727274,176767.67676767678,138888.8888888889,119949.49494949495,156565.65656565657,167929.29292929295,194444.44444444447,199494.9494949495,141414.14141414143,138888.8888888889,117424.24242424243,161616.16161616164,133838.38383838386,150252.52525252526,176767.67676767678,162878.7878787879,226010.10101010103,212121.21212121213,219696.9696969697,215909.0909090909,194444.44444444447,183080.80808080808,190656.56565656565,161616.16161616164,167929.29292929295,156565.65656565657,155303.0303030303,148989.898989899,143939.39393939395,114898.98989898991,109848.48484848485,,,,,,,,,,,,,,,,,,,,,,,
,,,,,,,,,,,,,,,,,,,,,,,,,,,,,,,,,,,,,104797.9797979798,131313.1313131313,138888.8888888889,148989.898989899,184343.43434343435,169191.9191919192,195707.07070707073,194444.44444444447,167929.29292929295,183080.80808080808,217171.71717171717,162878.7878787879,214646.46464646465,213383.8383838384,184343.43434343435,189393.9393939394,202020.20202020204,203282.8282828283,190656.56565656565,220959.595959596,178030.30303030304,142676.7676767677,164141.41414141416,167929.29292929295,172979.797979798,233585.8585858586,198232.32323232325,205808.08080808082,200757.57575757577,222222.22222222225,184343.43434343435,157828.28282828283,154040.40404040404,155303.0303030303,127525.25252525254,152777.77777777778,179292.9292929293,164141.41414141416,130050.50505050506,138888.8888888889,146464.64646464647,156565.65656565657,186868.68686868687,161616.16161616164,214646.46464646465,183080.80808080808,191919.19191919194,181818.18181818182,128787.8787878788,133838.38383838386,135101.01010101012,151515.15151515152,200757.57575757577,213383.8383838384,164141.41414141416,204545.45454545456,184343.43434343435,217171.71717171717,185606.0606060606,202020.20202020204,198232.32323232325,193181.8181818182,179292.9292929293,135101.01010101012,164141.41414141416,126262.62626262628,123737.37373737374,93434.34343434343,,,,,,,,,,,,,,,,,,,,,,,
,,,,,,,,,,,,,,,,,,,,,,,,,,,,,,,,,,,,95959.59595959597,128787.8787878788,114898.98989898991,156565.65656565657,142676.7676767677,171717.17171717173,194444.44444444447,202020.20202020204,232323.23232323234,220959.595959596,189393.9393939394,186868.68686868687,154040.40404040404,175505.05050505052,193181.8181818182,147727.27272727274,193181.8181818182,196969.696969697,193181.8181818182,205808.08080808082,184343.43434343435,205808.08080808082,199494.9494949495,155303.0303030303,210858.58585858587,174242.42424242425,202020.20202020204,195707.07070707073,219696.9696969697,215909.0909090909,189393.9393939394,180555.55555555556,169191.9191919192,121212.12121212122,121212.12121212122,123737.37373737374,164141.41414141416,125000.00000000001,135101.01010101012,165404.04040404042,175505.05050505052,196969.696969697,209595.9595959596,170454.54545454547,154040.40404040404,145202.0202020202,162878.7878787879,160353.53535353535,175505.05050505052,171717.17171717173,167929.29292929295,195707.07070707073,195707.07070707073,193181.8181818182,208333.33333333334,180555.55555555556,214646.46464646465,207070.70707070708,203282.8282828283,185606.0606060606,189393.9393939394,172979.797979798,199494.9494949495,179292.9292929293,166666.6666666667,178030.30303030304,147727.27272727274,147727.27272727274,132575.7575757576,102272.72727272728,,,,,,,,,,,,,,,,,,,,,,
,,,,,,,,,,,,,,,,,,,,,,,,,,,,,,,,,,,93434.34343434343,107323.23232323233,119949.49494949495,128787.8787878788,138888.8888888889,161616.16161616164,175505.05050505052,193181.8181818182,204545.45454545456,209595.9595959596,232323.23232323234,217171.71717171717,204545.45454545456,205808.08080808082,195707.07070707073,170454.54545454547,181818.18181818182,219696.9696969697,188131.31313131313,204545.45454545456,208333.33333333334,207070.70707070708,244949.49494949495,186868.68686868687,188131.31313131313,188131.31313131313,169191.9191919192,186868.68686868687,196969.696969697,172979.797979798,178030.30303030304,171717.17171717173,180555.55555555556,138888.8888888889,125000.00000000001,126262.62626262628,146464.64646464647,137626.26262626264,190656.56565656565,219696.9696969697,207070.70707070708,207070.70707070708,205808.08080808082,161616.16161616164,167929.29292929295,148989.898989899,140151.51515151517,140151.51515151517,160353.53535353535,128787.8787878788,133838.38383838386,151515.15151515152,132575.7575757576,170454.54545454547,172979.797979798,208333.33333333334,208333.33333333334,212121.21212121213,224747.47474747477,198232.32323232325,213383.8383838384,212121.21212121213,207070.70707070708,207070.70707070708,222222.22222222225,184343.43434343435,178030.30303030304,184343.43434343435,148989.898989899,132575.7575757576,107323.23232323233,101010.10101010102,,,,,,,,,,,,,,,,,,,,,
,,,,,,,,,,,,,,,,,,,,,,,,,,,,,,,,,,,112373.73737373739,99747.47474747476,127525.25252525254,152777.77777777778,133838.38383838386,178030.30303030304,181818.18181818182,204545.45454545456,188131.31313131313,229797.97979797982,212121.21212121213,208333.33333333334,200757.57575757577,214646.46464646465,205808.08080808082,198232.32323232325,213383.8383838384,186868.68686868687,208333.33333333334,176767.67676767678,189393.9393939394,239898.9898989899,208333.33333333334,195707.07070707073,141414.14141414143,172979.797979798,176767.67676767678,167929.29292929295,185606.0606060606,194444.44444444447,164141.41414141416,142676.7676767677,147727.27272727274,164141.41414141416,145202.0202020202,193181.8181818182,121212.12121212122,172979.797979798,152777.77777777778,162878.7878787879,155303.0303030303,151515.15151515152,191919.19191919194,175505.05050505052,185606.0606060606,181818.18181818182,141414.14141414143,162878.7878787879,175505.05050505052,151515.15151515152,142676.7676767677,160353.53535353535,165404.04040404042,157828.28282828283,170454.54545454547,217171.71717171717,190656.56565656565,203282.8282828283,202020.20202020204,203282.8282828283,180555.55555555556,220959.595959596,214646.46464646465,195707.07070707073,204545.45454545456,194444.44444444447,193181.8181818182,162878.7878787879,154040.40404040404,112373.73737373739,99747.47474747476,79545.45454545454,,,,,,,,,,,,,,,,,,,,,
,,,,,,,,,,,,,,,,,,,,,,,,,,,,,,,,,,99747.47474747476,106060.60606060606,111111.11111111112,128787.8787878788,140151.51515151517,151515.15151515152,161616.16161616164,171717.17171717173,191919.19191919194,180555.55555555556,210858.58585858587,193181.8181818182,174242.42424242425,152777.77777777778,184343.43434343435,193181.8181818182,196969.696969697,213383.8383838384,227272.7272727273,210858.58585858587,156565.65656565657,183080.80808080808,191919.19191919194,200757.57575757577,237373.7373737374,180555.55555555556,147727.27272727274,196969.696969697,188131.31313131313,189393.9393939394,214646.46464646465,147727.27272727274,157828.28282828283,142676.7676767677,165404.04040404042,157828.28282828283,112373.73737373739,151515.15151515152,140151.51515151517,155303.0303030303,174242.42424242425,189393.9393939394,184343.43434343435,199494.9494949495,189393.9393939394,188131.31313131313,170454.54545454547,171717.17171717173,,165404.04040404042,157828.28282828283,185606.0606060606,183080.80808080808,126262.62626262628,179292.9292929293,184343.43434343435,188131.31313131313,156565.65656565657,176767.67676767678,167929.29292929295,186868.68686868687,233585.8585858586,218434.34343434343,188131.31313131313,195707.07070707073,208333.33333333334,204545.45454545456,175505.05050505052,164141.41414141416,128787.8787878788,142676.7676767677,117424.24242424243,92171.71717171717,,,,,,,,,,,,,,,,,,,,,
,,,,,,,,,,,,,,,,,,,,,,,,,,,,,,,,,97222.22222222223,130050.50505050506,117424.24242424243,108585.85858585859,164141.41414141416,141414.14141414143,141414.14141414143,159090.9090909091,188131.31313131313,161616.16161616164,174242.42424242425,195707.07070707073,174242.42424242425,195707.07070707073,167929.29292929295,200757.57575757577,231060.60606060608,222222.22222222225,207070.70707070708,214646.46464646465,212121.21212121213,167929.29292929295,167929.29292929295,166666.6666666667,174242.42424242425,189393.9393939394,193181.8181818182,175505.05050505052,148989.898989899,176767.67676767678,156565.65656565657,170454.54545454547,159090.9090909091,148989.898989899,180555.55555555556,196969.696969697,159090.9090909091,164141.41414141416,174242.42424242425,145202.0202020202,128787.8787878788,152777.77777777778,180555.55555555556,190656.56565656565,162878.7878787879,155303.0303030303,,,,,,,,,204545.45454545456,183080.80808080808,204545.45454545456,212121.21212121213,203282.8282828283,175505.05050505052,215909.0909090909,175505.05050505052,209595.9595959596,215909.0909090909,188131.31313131313,213383.8383838384,202020.20202020204,180555.55555555556,175505.05050505052,172979.797979798,151515.15151515152,138888.8888888889,97222.22222222223,80808.08080808082,,,,,,,,,,,,,,,,,,,,,
,,,,,,,,,,,,,,,,,,,,,,,,,,,,,,,,,106060.60606060606,123737.37373737374,145202.0202020202,145202.0202020202,169191.9191919192,156565.65656565657,167929.29292929295,194444.44444444447,178030.30303030304,186868.68686868687,164141.41414141416,180555.55555555556,198232.32323232325,170454.54545454547,171717.17171717173,219696.9696969697,171717.17171717173,212121.21212121213,167929.29292929295,205808.08080808082,150252.52525252526,160353.53535353535,202020.20202020204,151515.15151515152,184343.43434343435,181818.18181818182,175505.05050505052,131313.1313131313,118686.8686868687,175505.05050505052,145202.0202020202,146464.64646464647,171717.17171717173,127525.25252525254,176767.67676767678,204545.45454545456,152777.77777777778,188131.31313131313,169191.9191919192,222222.22222222225,166666.6666666667,184343.43434343435,140151.51515151517,146464.64646464647,,,,,,,,,,,,,133838.38383838386,140151.51515151517,180555.55555555556,204545.45454545456,184343.43434343435,176767.67676767678,160353.53535353535,198232.32323232325,200757.57575757577,205808.08080808082,199494.9494949495,188131.31313131313,157828.28282828283,183080.80808080808,154040.40404040404,119949.49494949495,122474.74747474748,101010.10101010102,,,,,,,,,,,,,,,,,,,,,
,,,,,,,,,,,,,,,,,,,,,,,,,,,,,,,,106060.60606060606,111111.11111111112,113636.36363636365,118686.8686868687,164141.41414141416,195707.07070707073,185606.0606060606,176767.67676767678,174242.42424242425,200757.57575757577,169191.9191919192,159090.9090909091,219696.9696969697,169191.9191919192,165404.04040404042,150252.52525252526,174242.42424242425,164141.41414141416,181818.18181818182,160353.53535353535,130050.50505050506,172979.797979798,215909.0909090909,186868.68686868687,155303.0303030303,179292.9292929293,190656.56565656565,161616.16161616164,164141.41414141416,143939.39393939395,156565.65656565657,136363.63636363638,142676.7676767677,186868.68686868687,160353.53535353535,171717.17171717173,193181.8181818182,172979.797979798,147727.27272727274,159090.9090909091,146464.64646464647,188131.31313131313,214646.46464646465,,,,,,,,,,,,,,,,196969.696969697,154040.40404040404,148989.898989899,189393.9393939394,214646.46464646465,178030.30303030304,209595.9595959596,217171.71717171717,172979.797979798,232323.23232323234,224747.47474747477,202020.20202020204,171717.17171717173,184343.43434343435,107323.23232323233,112373.73737373739,94696.9696969697,,,,,,,,,,,,,,,,,,,,,
,,,,,,,,,,,,,,,,,,,,,,,,,,,,,,,106060.60606060606,138888.8888888889,125000.00000000001,154040.40404040404,137626.26262626264,154040.40404040404,178030.30303030304,170454.54545454547,218434.34343434343,204545.45454545456,195707.07070707073,175505.05050505052,194444.44444444447,185606.0606060606,179292.9292929293,166666.6666666667,179292.9292929293,205808.08080808082,170454.54545454547,127525.25252525254,145202.0202020202,181818.18181818182,178030.30303030304,188131.31313131313,142676.7676767677,184343.43434343435,175505.05050505052,152777.77777777778,154040.40404040404,152777.77777777778,160353.53535353535,118686.8686868687,190656.56565656565,174242.42424242425,122474.74747474748,150252.52525252526,171717.17171717173,180555.55555555556,189393.9393939394,176767.67676767678,179292.9292929293,172979.797979798,161616.16161616164,,,,,,,,,,,,,,,,,,147727.27272727274,154040.40404040404,140151.51515151517,152777.77777777778,175505.05050505052,226010.10101010103,179292.9292929293,190656.56565656565,175505.05050505052,208333.33333333334,190656.56565656565,181818.18181818182,178030.30303030304,143939.39393939395,111111.11111111112,93434.34343434343,,,,,,,,,,,,,,,,,,,,,
,,,,,,,,,,,,,,,,,,,,,,,,,,,,,,,112373.73737373739,123737.37373737374,119949.49494949495,154040.40404040404,148989.898989899,171717.17171717173,195707.07070707073,207070.70707070708,195707.07070707073,189393.9393939394,189393.9393939394,205808.08080808082,239898.9898989899,181818.18181818182,167929.29292929295,164141.41414141416,141414.14141414143,150252.52525252526,117424.24242424243,152777.77777777778,180555.55555555556,133838.38383838386,138888.8888888889,156565.65656565657,184343.43434343435,169191.9191919192,161616.16161616164,148989.898989899,161616.16161616164,132575.7575757576,179292.9292929293,135101.01010101012,142676.7676767677,164141.41414141416,155303.0303030303,142676.7676767677,186868.68686868687,213383.8383838384,184343.43434343435,160353.53535353535,179292.9292929293,,,,,,,,,,,,,,,,,,,,,145202.0202020202,208333.33333333334,205808.08080808082,151515.15151515152,169191.9191919192,208333.33333333334,219696.9696969697,169191.9191919192,205808.08080808082,190656.56565656565,188131.31313131313,172979.797979798,141414.14141414143,103535.35353535354,93434.34343434343,,,,,,,,,,,,,,,,,,,,,
,,,,,,,,,,,,,,,,,,,,,,,,,,,,,,,93434.34343434343,157828.28282828283,131313.1313131313,133838.38383838386,161616.16161616164,169191.9191919192,174242.42424242425,169191.9191919192,205808.08080808082,196969.696969697,210858.58585858587,219696.9696969697,196969.696969697,176767.67676767678,161616.16161616164,156565.65656565657,121212.12121212122,143939.39393939395,122474.74747474748,136363.63636363638,169191.9191919192,157828.28282828283,188131.31313131313,167929.29292929295,113636.36363636365,188131.31313131313,167929.29292929295,151515.15151515152,165404.04040404042,160353.53535353535,151515.15151515152,132575.7575757576,140151.51515151517,137626.26262626264,118686.8686868687,132575.7575757576,178030.30303030304,170454.54545454547,198232.32323232325,195707.07070707073,,,,,,,,,,,,,,,,,,,,,,159090.9090909091,155303.0303030303,169191.9191919192,175505.05050505052,188131.31313131313,205808.08080808082,208333.33333333334,233585.8585858586,222222.22222222225,199494.9494949495,196969.696969697,127525.25252525254,131313.1313131313,113636.36363636365,,,,,,,,,,,,,,,,,,,,,,
,,,,,,,,,,,,,,,,,,,,,,,,,,,,,,92171.71717171717,138888.8888888889,150252.52525252526,184343.43434343435,175505.05050505052,185606.0606060606,152777.77777777778,219696.9696969697,202020.20202020204,205808.08080808082,196969.696969697,205808.08080808082,186868.68686868687,141414.14141414143,174242.42424242425,157828.28282828283,169191.9191919192,132575.7575757576,140151.51515151517,109848.48484848485,107323.23232323233,141414.14141414143,152777.77777777778,157828.28282828283,157828.28282828283,165404.04040404042,170454.54545454547,180555.55555555556,165404.04040404042,162878.7878787879,172979.797979798,162878.7878787879,112373.73737373739,150252.52525252526,156565.65656565657,164141.41414141416,151515.15151515152,150252.52525252526,156565.65656565657,156565.65656565657,131313.1313131313,,,,,,,,,,,,,,,,,,,,,,,183080.80808080808,151515.15151515152,159090.9090909091,166666.6666666667,186868.68686868687,176767.67676767678,202020.20202020204,193181.8181818182,195707.07070707073,186868.68686868687,131313.1313131313,128787.8787878788,107323.23232323233,,,,,,,,,,,,,,,,,,,,,,
,,,,,,,,,,,,,,,,,,,,,,,,,,,,,,80808.08080808082,127525.25252525254,148989.898989899,171717.17171717173,183080.80808080808,178030.30303030304,189393.9393939394,179292.9292929293,202020.20202020204,215909.0909090909,208333.33333333334,204545.45454545456,237373.7373737374,183080.80808080808,205808.08080808082,170454.54545454547,200757.57575757577,151515.15151515152,151515.15151515152,131313.1313131313,136363.63636363638,157828.28282828283,140151.51515151517,148989.898989899,162878.7878787879,147727.27272727274,148989.898989899,155303.0303030303,166666.6666666667,161616.16161616164,141414.14141414143,155303.0303030303,125000.00000000001,118686.8686868687,148989.898989899,140151.51515151517,150252.52525252526,181818.18181818182,148989.898989899,140151.51515151517,,,,,,,,,,,,,,,,,,,,,,,,159090.9090909091,154040.40404040404,114898.98989898991,167929.29292929295,203282.8282828283,222222.22222222225,209595.9595959596,185606.0606060606,193181.8181818182,198232.32323232325,147727.27272727274,125000.00000000001,113636.36363636365,,,,,,,,,,,,,,,,,,,,,,
,,,,,,,,,,,,,,,,,,,,,,,,,,,,,103535.35353535354,121212.12121212122,137626.26262626264,133838.38383838386,184343.43434343435,183080.80808080808,179292.9292929293,162878.7878787879,199494.9494949495,184343.43434343435,208333.33333333334,204545.45454545456,229797.97979797982,219696.9696969697,200757.57575757577,200757.57575757577,190656.56565656565,157828.28282828283,184343.43434343435,176767.67676767678,172979.797979798,166666.6666666667,138888.8888888889,186868.68686868687,137626.26262626264,159090.9090909091,151515.15151515152,147727.27272727274,160353.53535353535,162878.7878787879,172979.797979798,195707.07070707073,146464.64646464647,121212.12121212122,148989.898989899,167929.29292929295,150252.52525252526,147727.27272727274,184343.43434343435,148989.898989899,,,,,,,,,,,,,,,,,,,,,,,,,,165404.04040404042,130050.50505050506,208333.33333333334,207070.70707070708,203282.8282828283,218434.34343434343,191919.19191919194,200757.57575757577,169191.9191919192,165404.04040404042,132575.7575757576,109848.48484848485,,,,,,,,,,,,,,,,,,,,,,
,,,,,,,,,,,,,,,,,,,,,,,,,,,,75757.57575757576,118686.8686868687,132575.7575757576,150252.52525252526,193181.8181818182,212121.21212121213,171717.17171717173,185606.0606060606,198232.32323232325,183080.80808080808,171717.17171717173,183080.80808080808,198232.32323232325,213383.8383838384,226010.10101010103,204545.45454545456,160353.53535353535,180555.55555555556,232323.23232323234,213383.8383838384,166666.6666666667,160353.53535353535,154040.40404040404,143939.39393939395,142676.7676767677,162878.7878787879,150252.52525252526,132575.7575757576,140151.51515151517,165404.04040404042,155303.0303030303,193181.8181818182,167929.29292929295,123737.37373737374,131313.1313131313,159090.9090909091,142676.7676767677,159090.9090909091,195707.07070707073,133838.38383838386,,,,,,,,,,,,,,,,,,,,,,,,,,,148989.898989899,112373.73737373739,174242.42424242425,181818.18181818182,212121.21212121213,188131.31313131313,196969.696969697,180555.55555555556,188131.31313131313,156565.65656565657,143939.39393939395,108585.85858585859,,,,,,,,,,,,,,,,,,,,,,
,,,,,,,,,,,,,,,,,,,,,,,,,,,,99747.47474747476,121212.12121212122,132575.7575757576,128787.8787878788,147727.27272727274,188131.31313131313,157828.28282828283,198232.32323232325,190656.56565656565,218434.34343434343,198232.32323232325,189393.9393939394,205808.08080808082,218434.34343434343,169191.9191919192,184343.43434343435,154040.40404040404,175505.05050505052,204545.45454545456,159090.9090909091,150252.52525252526,161616.16161616164,138888.8888888889,154040.40404040404,185606.0606060606,178030.30303030304,137626.26262626264,133838.38383838386,138888.8888888889,132575.7575757576,188131.31313131313,183080.80808080808,202020.20202020204,176767.67676767678,127525.25252525254,137626.26262626264,181818.18181818182,137626.26262626264,159090.9090909091,,,,,,,,,,,,,,,,,,,,,,,,,,,,174242.42424242425,165404.04040404042,189393.9393939394,165404.04040404042,213383.8383838384,224747.47474747477,194444.44444444447,186868.68686868687,188131.31313131313,137626.26262626264,113636.36363636365,,,,,,,,,,,,,,,,,,,,,,,
,,,,,,,,,,,,,,,,,,,,,,,,,,,101010.10101010102,125000.00000000001,127525.25252525254,165404.04040404042,157828.28282828283,160353.53535353535,171717.17171717173,195707.07070707073,193181.8181818182,207070.70707070708,220959.595959596,207070.70707070708,220959.595959596,227272.7272727273,205808.08080808082,233585.8585858586,186868.68686868687,205808.08080808082,179292.9292929293,176767.67676767678,145202.0202020202,150252.52525252526,152777.77777777778,161616.16161616164,180555.55555555556,183080.80808080808,175505.05050505052,157828.28282828283,191919.19191919194,170454.54545454547,172979.797979798,155303.0303030303,150252.52525252526,186868.68686868687,156565.65656565657,133838.38383838386,179292.9292929293,155303.0303030303,140151.51515151517,,,,,,,,,,,,,,,,,,,,,,,,,,,,,179292.9292929293,184343.43434343435,174242.42424242425,210858.58585858587,229797.97979797982,222222.22222222225,195707.07070707073,203282.8282828283,152777.77777777778,116161.61616161617,73232.32323232324,,,,,,,,,,,,,,,,,,,,,,,
,,,,,,,,,,,,,,,,,,,,,,,,,,,121212.12121212122,128787.8787878788,141414.14141414143,128787.8787878788,157828.28282828283,188131.31313131313,193181.8181818182,207070.70707070708,210858.58585858587,233585.8585858586,210858.58585858587,224747.47474747477,239898.9898989899,217171.71717171717,195707.07070707073,217171.71717171717,178030.30303030304,181818.18181818182,160353.53535353535,189393.9393939394,162878.7878787879,166666.6666666667,186868.68686868687,172979.797979798,171717.17171717173,147727.27272727274,199494.9494949495,203282.8282828283,172979.797979798,180555.55555555556,155303.0303030303,152777.77777777778,209595.9595959596,172979.797979798,162878.7878787879,169191.9191919192,157828.28282828283,161616.16161616164,,,,,,,,,,,,,,,,,,,,,,,,,,,,,155303.0303030303,174242.42424242425,174242.42424242425,164141.41414141416,210858.58585858587,219696.9696969697,176767.67676767678,164141.41414141416,151515.15151515152,128787.8787878788,116161.61616161617,,,,,,,,,,,,,,,,,,,,,,,,
,,,,,,,,,,,,,,,,,,,,,,,,,,,114898.98989898991,116161.61616161617,125000.00000000001,159090.9090909091,160353.53535353535,208333.33333333334,159090.9090909091,188131.31313131313,223484.8484848485,208333.33333333334,207070.70707070708,233585.8585858586,214646.46464646465,180555.55555555556,218434.34343434343,210858.58585858587,186868.68686868687,210858.58585858587,194444.44444444447,183080.80808080808,166666.6666666667,179292.9292929293,194444.44444444447,191919.19191919194,180555.55555555556,185606.0606060606,175505.05050505052,157828.28282828283,171717.17171717173,176767.67676767678,193181.8181818182,161616.16161616164,172979.797979798,148989.898989899,170454.54545454547,171717.17171717173,145202.0202020202,,,,,,,,,,,,,,,,,,,,,,,,,,,,,,162878.7878787879,183080.80808080808,178030.30303030304,178030.30303030304,220959.595959596,186868.68686868687,193181.8181818182,184343.43434343435,164141.41414141416,121212.12121212122,118686.8686868687,,,,,,,,,,,,,,,,,,,,,,,,
,,,,,,,,,,,,,,,,,,,,,,,,,,121212.12121212122,119949.49494949495,141414.14141414143,132575.7575757576,194444.44444444447,170454.54545454547,198232.32323232325,157828.28282828283,219696.9696969697,209595.9595959596,196969.696969697,204545.45454545456,250000.00000000003,231060.60606060608,205808.08080808082,213383.8383838384,200757.57575757577,193181.8181818182,213383.8383838384,181818.18181818182,155303.0303030303,170454.54545454547,178030.30303030304,156565.65656565657,142676.7676767677,160353.53535353535,175505.05050505052,162878.7878787879,143939.39393939395,189393.9393939394,181818.18181818182,130050.50505050506,186868.68686868687,186868.68686868687,155303.0303030303,141414.14141414143,,,,,,,,,,,,,,,,,,,,,,,,,,,,,,,,132575.7575757576,169191.9191919192,185606.0606060606,188131.31313131313,208333.33333333334,208333.33333333334,217171.71717171717,205808.08080808082,157828.28282828283,117424.24242424243,,,,,,,,,,,,,,,,,,,,,,,,,
,,,,,,,,,,,,,,,,,,,,,,,,,94696.9696969697,114898.98989898991,126262.62626262628,151515.15151515152,151515.15151515152,183080.80808080808,170454.54545454547,208333.33333333334,199494.9494949495,198232.32323232325,209595.9595959596,191919.19191919194,213383.8383838384,208333.33333333334,229797.97979797982,228535.35353535356,219696.9696969697,218434.34343434343,214646.46464646465,204545.45454545456,193181.8181818182,179292.9292929293,186868.68686868687,170454.54545454547,164141.41414141416,111111.11111111112,160353.53535353535,243686.8686868687,198232.32323232325,178030.30303030304,156565.65656565657,164141.41414141416,194444.44444444447,188131.31313131313,175505.05050505052,131313.1313131313,,,,,,,,,,,,,,,,,,,,,,,,,,,,,,,,,150252.52525252526,166666.6666666667,186868.68686868687,195707.07070707073,203282.8282828283,194444.44444444447,210858.58585858587,167929.29292929295,174242.42424242425,130050.50505050506,,,,,,,,,,,,,,,,,,,,,,,,,
,,,,,,,,,,,,,,,,,,,,,,,,,98484.8484848485,137626.26262626264,155303.0303030303,159090.9090909091,166666.6666666667,172979.797979798,196969.696969697,243686.8686868687,178030.30303030304,217171.71717171717,198232.32323232325,228535.35353535356,213383.8383838384,219696.9696969697,238636.36363636365,203282.8282828283,232323.23232323234,200757.57575757577,202020.20202020204,208333.33333333334,219696.9696969697,180555.55555555556,181818.18181818182,166666.6666666667,125000.00000000001,145202.0202020202,167929.29292929295,166666.6666666667,151515.15151515152,170454.54545454547,145202.0202020202,184343.43434343435,186868.68686868687,162878.7878787879,122474.74747474748,,,,,,,,,,,,,,,,,,,,,,,,,,,,,,,,,,184343.43434343435,210858.58585858587,207070.70707070708,196969.696969697,217171.71717171717,167929.29292929295,174242.42424242425,162878.7878787879,123737.37373737374,,,,,,,,,,,,,,,,,,,,,,,,,,
,,,,,,,,,,,,,,,,,,,,,,,,122474.74747474748,116161.61616161617,126262.62626262628,152777.77777777778,152777.77777777778,183080.80808080808,198232.32323232325,188131.31313131313,175505.05050505052,198232.32323232325,199494.9494949495,213383.8383838384,212121.21212121213,255050.50505050507,228535.35353535356,162878.7878787879,214646.46464646465,193181.8181818182,199494.9494949495,199494.9494949495,176767.67676767678,155303.0303030303,161616.16161616164,180555.55555555556,157828.28282828283,170454.54545454547,137626.26262626264,152777.77777777778,194444.44444444447,207070.70707070708,159090.9090909091,184343.43434343435,141414.14141414143,176767.67676767678,174242.42424242425,,,,,,,,,,,,,,,,,,,,,,,,,,,,,,,,,,,186868.68686868687,202020.20202020204,205808.08080808082,213383.8383838384,231060.60606060608,200757.57575757577,188131.31313131313,126262.62626262628,88383.83838383839,,,,,,,,,,,,,,,,,,,,,,,,,,
,,,,,,,,,,,,,,,,,,,,,,,,93434.34343434343,148989.898989899,151515.15151515152,172979.797979798,165404.04040404042,185606.0606060606,205808.08080808082,198232.32323232325,178030.30303030304,189393.9393939394,220959.595959596,212121.21212121213,238636.36363636365,218434.34343434343,203282.8282828283,207070.70707070708,222222.22222222225,189393.9393939394,257575.7575757576,198232.32323232325,196969.696969697,186868.68686868687,157828.28282828283,131313.1313131313,126262.62626262628,169191.9191919192,154040.40404040404,178030.30303030304,179292.9292929293,203282.8282828283,156565.65656565657,151515.15151515152,157828.28282828283,170454.54545454547,,,,,,,,,,,,,,,,,,,,,,,,,,,,,,,,,,,,170454.54545454547,199494.9494949495,199494.9494949495,215909.0909090909,195707.07070707073,165404.04040404042,176767.67676767678,104797.9797979798,,,,,,,,,,,,,,,,,,,,,,,,,,,
,,,,,,,,,,,,,,,,,,,,,,,111111.11111111112,138888.8888888889,150252.52525252526,161616.16161616164,176767.67676767678,167929.29292929295,199494.9494949495,170454.54545454547,215909.0909090909,219696.9696969697,186868.68686868687,191919.19191919194,202020.20202020204,222222.22222222225,217171.71717171717,205808.08080808082,200757.57575757577,191919.19191919194,217171.71717171717,209595.9595959596,208333.33333333334,179292.9292929293,175505.05050505052,148989.898989899,160353.53535353535,178030.30303030304,167929.29292929295,183080.80808080808,170454.54545454547,150252.52525252526,179292.9292929293,166666.6666666667,165404.04040404042,148989.898989899,,,,,,,,,,,,,,,,,,,,,,,,,,,,,,,,,,,,,151515.15151515152,190656.56565656565,179292.9292929293,226010.10101010103,214646.46464646465,180555.55555555556,136363.63636363638,131313.1313131313,,,,,,,,,,,,,,,,,,,,,,,,,,,
,,,,,,,,,,,,,,,,,,,,,,,99747.47474747476,133838.38383838386,125000.00000000001,172979.797979798,198232.32323232325,207070.70707070708,217171.71717171717,209595.9595959596,186868.68686868687,220959.595959596,226010.10101010103,220959.595959596,174242.42424242425,200757.57575757577,186868.68686868687,217171.71717171717,256313.13131313134,198232.32323232325,170454.54545454547,210858.58585858587,171717.17171717173,185606.0606060606,169191.9191919192,142676.7676767677,170454.54545454547,159090.9090909091,136363.63636363638,117424.24242424243,164141.41414141416,159090.9090909091,142676.7676767677,122474.74747474748,155303.0303030303,,,,,,,,,,,,,,,,,,,,,,,,,,,,,,,,,,,,,,162878.7878787879,148989.898989899,246212.12121212122,198232.32323232325,179292.9292929293,146464.64646464647,128787.8787878788,,,,,,,,,,,,,,,,,,,,,,,,,,,,
,,,,,,,,,,,,,,,,,,,,,,,117424.24242424243,135101.01010101012,132575.7575757576,174242.42424242425,189393.9393939394,210858.58585858587,188131.31313131313,214646.46464646465,207070.70707070708,189393.9393939394,195707.07070707073,217171.71717171717,224747.47474747477,190656.56565656565,222222.22222222225,219696.9696969697,234848.48484848486,207070.70707070708,217171.71717171717,241161.61616161617,176767.67676767678,156565.65656565657,186868.68686868687,190656.56565656565,164141.41414141416,141414.14141414143,156565.65656565657,194444.44444444447,176767.67676767678,180555.55555555556,170454.54545454547,141414.14141414143,,,,,,,,,,,,,,,,,,,,,,,,,,,,,,,,,,,,,,112373.73737373739,133838.38383838386,195707.07070707073,214646.46464646465,215909.0909090909,167929.29292929295,138888.8888888889,77020.20202020202,,,,,,,,,,,,,,,,,,,,,,,,,,,,
,,,,,,,,,,,,,,,,,,,,,,98484.8484848485,111111.11111111112,128787.8787878788,178030.30303030304,176767.67676767678,188131.31313131313,196969.696969697,203282.8282828283,184343.43434343435,196969.696969697,203282.8282828283,205808.08080808082,231060.60606060608,228535.35353535356,198232.32323232325,224747.47474747477,195707.07070707073,183080.80808080808,218434.34343434343,242424.24242424243,186868.68686868687,159090.9090909091,130050.50505050506,161616.16161616164,159090.9090909091,141414.14141414143,184343.43434343435,172979.797979798,169191.9191919192,159090.9090909091,185606.0606060606,157828.28282828283,161616.16161616164,,,,,,,,,,,,,,,,,,,,,,,,,,,,,,,,,,,,,,145202.0202020202,178030.30303030304,184343.43434343435,208333.33333333334,165404.04040404042,164141.41414141416,107323.23232323233,,,,,,,,,,,,,,,,,,,,,,,,,,,,,
,,,,,,,,,,,,,,,,,,,,,,121212.12121212122,140151.51515151517,126262.62626262628,131313.1313131313,184343.43434343435,190656.56565656565,186868.68686868687,198232.32323232325,217171.71717171717,220959.595959596,207070.70707070708,226010.10101010103,194444.44444444447,189393.9393939394,215909.0909090909,246212.12121212122,176767.67676767678,207070.70707070708,183080.80808080808,210858.58585858587,154040.40404040404,196969.696969697,146464.64646464647,138888.8888888889,165404.04040404042,169191.9191919192,157828.28282828283,147727.27272727274,132575.7575757576,180555.55555555556,136363.63636363638,154040.40404040404,,,,,,,,,,,,,,,,,,,,,,,,,,,,,,,,,,,,,,193181.8181818182,166666.6666666667,213383.8383838384,181818.18181818182,202020.20202020204,172979.797979798,122474.74747474748,78282.82828282828,,,,,,,,,,,,,,,,,,,,,,,,,,,,,
,,,,,,,,,,,,,,,,,,,,,,106060.60606060606,159090.9090909091,185606.0606060606,157828.28282828283,186868.68686868687,215909.0909090909,191919.19191919194,181818.18181818182,222222.22222222225,251262.6262626263,214646.46464646465,200757.57575757577,186868.68686868687,205808.08080808082,204545.45454545456,218434.34343434343,241161.61616161617,214646.46464646465,214646.46464646465,190656.56565656565,156565.65656565657,161616.16161616164,169191.9191919192,174242.42424242425,159090.9090909091,156565.65656565657,160353.53535353535,127525.25252525254,155303.0303030303,136363.63636363638,108585.85858585859,,,,,,,,,,,,,,,,,,,,,,,,,,,,,,,,,,,,,,150252.52525252526,199494.9494949495,215909.0909090909,202020.20202020204,180555.55555555556,184343.43434343435,150252.52525252526,142676.7676767677,,,,,,,,,,,,,,,,,,,,,,,,,,,,,,
,,,,,,,,,,,,,,,,,,,,,97222.22222222223,125000.00000000001,131313.1313131313,161616.16161616164,178030.30303030304,188131.31313131313,199494.9494949495,185606.0606060606,179292.9292929293,215909.0909090909,214646.46464646465,203282.8282828283,220959.595959596,212121.21212121213,244949.49494949495,207070.70707070708,226010.10101010103,246212.12121212122,227272.7272727273,210858.58585858587,219696.9696969697,184343.43434343435,223484.8484848485,159090.9090909091,154040.40404040404,146464.64646464647,162878.7878787879,137626.26262626264,131313.1313131313,137626.26262626264,,,,,,,,,,,,,,,,,,,,,,,,,,,,,,,,,,,,,,,127525.25252525254,209595.9595959596,181818.18181818182,209595.9595959596,181818.18181818182,196969.696969697,176767.67676767678,151515.15151515152,85858.58585858587,,,,,,,,,,,,,,,,,,,,,,,,,,,,,,
,,,,,,,,,,,,,,,,,,,,,117424.24242424243,128787.8787878788,157828.28282828283,214646.46464646465,167929.29292929295,162878.7878787879,188131.31313131313,196969.696969697,204545.45454545456,205808.08080808082,189393.9393939394,223484.8484848485,205808.08080808082,217171.71717171717,185606.0606060606,166666.6666666667,186868.68686868687,224747.47474747477,222222.22222222225,186868.68686868687,194444.44444444447,219696.9696969697,214646.46464646465,190656.56565656565,185606.0606060606,148989.898989899,193181.8181818182,145202.0202020202,160353.53535353535,135101.01010101012,,,,,,,,,,,,,,,,,,,,,,,,,,,,,,,,,,,,,,,185606.0606060606,194444.44444444447,181818.18181818182,174242.42424242425,162878.7878787879,170454.54545454547,126262.62626262628,97222.22222222223,,,,,,,,,,,,,,,,,,,,,,,,,,,,,,,
,,,,,,,,,,,,,,,,,,,,125000.00000000001,123737.37373737374,140151.51515151517,152777.77777777778,165404.04040404042,178030.30303030304,195707.07070707073,172979.797979798,185606.0606060606,210858.58585858587,207070.70707070708,231060.60606060608,226010.10101010103,218434.34343434343,222222.22222222225,215909.0909090909,212121.21212121213,210858.58585858587,214646.46464646465,208333.33333333334,202020.20202020204,214646.46464646465,194444.44444444447,171717.17171717173,162878.7878787879,193181.8181818182,152777.77777777778,166666.6666666667,146464.64646464647,183080.80808080808,155303.0303030303,141414.14141414143,,,,,,,,,,,,,,,,,,,,,,,,,,,,,,,,,,,,,181818.18181818182,203282.8282828283,183080.80808080808,174242.42424242425,150252.52525252526,142676.7676767677,150252.52525252526,116161.61616161617,,,,,,,,,,,,,,,,,,,,,,,,,,,,,,,,
,,,,,,,,,,,,,,,,,,,,102272.72727272728,132575.7575757576,146464.64646464647,183080.80808080808,178030.30303030304,174242.42424242425,195707.07070707073,178030.30303030304,210858.58585858587,175505.05050505052,200757.57575757577,194444.44444444447,191919.19191919194,218434.34343434343,217171.71717171717,217171.71717171717,213383.8383838384,247474.74747474748,180555.55555555556,200757.57575757577,210858.58585858587,199494.9494949495,189393.9393939394,169191.9191919192,185606.0606060606,205808.08080808082,202020.20202020204,184343.43434343435,176767.67676767678,171717.17171717173,121212.12121212122,162878.7878787879,,,,,,,,,,,,,,,,,,,,,,,,,,,,,,,,,,,,142676.7676767677,188131.31313131313,162878.7878787879,190656.56565656565,170454.54545454547,169191.9191919192,171717.17171717173,119949.49494949495,,,,,,,,,,,,,,,,,,,,,,,,,,,,,,,,,
,,,,,,,,,,,,,,,,,,,,131313.1313131313,137626.26262626264,157828.28282828283,185606.0606060606,205808.08080808082,189393.9393939394,190656.56565656565,189393.9393939394,196969.696969697,193181.8181818182,189393.9393939394,193181.8181818182,208333.33333333334,183080.80808080808,209595.9595959596,228535.35353535356,231060.60606060608,219696.9696969697,229797.97979797982,185606.0606060606,166666.6666666667,196969.696969697,174242.42424242425,164141.41414141416,135101.01010101012,174242.42424242425,191919.19191919194,190656.56565656565,205808.08080808082,172979.797979798,156565.65656565657,119949.49494949495,,,,,,,,,,,,,,,,,,,,,,,,,,,,,,,,,,,145202.0202020202,209595.9595959596,186868.68686868687,186868.68686868687,195707.07070707073,196969.696969697,202020.20202020204,161616.16161616164,102272.72727272728,,,,,,,,,,,,,,,,,,,,,,,,,,,,,,,,,
,,,,,,,,,,,,,,,,,,,92171.71717171717,141414.14141414143,141414.14141414143,169191.9191919192,176767.67676767678,180555.55555555556,169191.9191919192,179292.9292929293,212121.21212121213,178030.30303030304,176767.67676767678,204545.45454545456,176767.67676767678,218434.34343434343,232323.23232323234,217171.71717171717,233585.8585858586,223484.8484848485,196969.696969697,200757.57575757577,207070.70707070708,171717.17171717173,203282.8282828283,184343.43434343435,142676.7676767677,143939.39393939395,171717.17171717173,198232.32323232325,154040.40404040404,202020.20202020204,185606.0606060606,155303.0303030303,151515.15151515152,,,,,,,,,,,,,,,,,,,,,,,,,,,,,,,,,,,190656.56565656565,183080.80808080808,215909.0909090909,172979.797979798,172979.797979798,176767.67676767678,155303.0303030303,111111.11111111112,,,,,,,,,,,,,,,,,,,,,,,,,,,,,,,,,,
,,,,,,,,,,,,,,,,,,,92171.71717171717,136363.63636363638,167929.29292929295,160353.53535353535,188131.31313131313,183080.80808080808,193181.8181818182,217171.71717171717,210858.58585858587,196969.696969697,212121.21212121213,193181.8181818182,193181.8181818182,191919.19191919194,204545.45454545456,217171.71717171717,194444.44444444447,215909.0909090909,256313.13131313134,244949.49494949495,196969.696969697,171717.17171717173,183080.80808080808,194444.44444444447,140151.51515151517,137626.26262626264,175505.05050505052,189393.9393939394,148989.898989899,164141.41414141416,190656.56565656565,176767.67676767678,152777.77777777778,,,,,,,,,,,,,,,,,,,,,,,,,,,,,,,,,,169191.9191919192,186868.68686868687,169191.9191919192,188131.31313131313,226010.10101010103,202020.20202020204,202020.20202020204,121212.12121212122,,,,,,,,,,,,,,,,,,,,,,,,,,,,,,,,,,,
,,,,,,,,,,,,,,,,,,108585.85858585859,137626.26262626264,154040.40404040404,150252.52525252526,172979.797979798,160353.53535353535,224747.47474747477,189393.9393939394,213383.8383838384,207070.70707070708,238636.36363636365,209595.9595959596,191919.19191919194,220959.595959596,218434.34343434343,202020.20202020204,214646.46464646465,239898.9898989899,209595.9595959596,229797.97979797982,222222.22222222225,184343.43434343435,208333.33333333334,171717.17171717173,171717.17171717173,138888.8888888889,172979.797979798,194444.44444444447,196969.696969697,204545.45454545456,194444.44444444447,212121.21212121213,148989.898989899,159090.9090909091,,,,,,,,,,,,,,,,,,,,,,,,,,,,,,,,,157828.28282828283,178030.30303030304,204545.45454545456,183080.80808080808,162878.7878787879,200757.57575757577,172979.797979798,166666.6666666667,85858.58585858587,,,,,,,,,,,,,,,,,,,,,,,,,,,,,,,,,,,
,,,,,,,,,,,,,,,,,,132575.7575757576,154040.40404040404,176767.67676767678,175505.05050505052,170454.54545454547,194444.44444444447,213383.8383838384,198232.32323232325,204545.45454545456,186868.68686868687,180555.55555555556,234848.48484848486,200757.57575757577,213383.8383838384,231060.60606060608,204545.45454545456,234848.48484848486,204545.45454545456,205808.08080808082,203282.8282828283,208333.33333333334,219696.9696969697,207070.70707070708,198232.32323232325,203282.8282828283,205808.08080808082,181818.18181818182,175505.05050505052,122474.74747474748,155303.0303030303,191919.19191919194,193181.8181818182,174242.42424242425,179292.9292929293,,,,,,,,,,,,,,,,,,,,,,,,,,,,,,,,,167929.29292929295,186868.68686868687,151515.15151515152,207070.70707070708,218434.34343434343,178030.30303030304,150252.52525252526,133838.38383838386,,,,,,,,,,,,,,,,,,,,,,,,,,,,,,,,,,,,
,,,,,,,,,,,,,,,,,95959.59595959597,151515.15151515152,138888.8888888889,146464.64646464647,180555.55555555556,191919.19191919194,193181.8181818182,171717.17171717173,203282.8282828283,237373.7373737374,194444.44444444447,229797.97979797982,215909.0909090909,208333.33333333334,222222.22222222225,190656.56565656565,199494.9494949495,220959.595959596,199494.9494949495,210858.58585858587,226010.10101010103,196969.696969697,218434.34343434343,196969.696969697,181818.18181818182,199494.9494949495,200757.57575757577,195707.07070707073,191919.19191919194,175505.05050505052,178030.30303030304,169191.9191919192,161616.16161616164,193181.8181818182,159090.9090909091,141414.14141414143,,,,,,,,,,,,,,,,,,,,,,,,,,,,,,,150252.52525252526,203282.8282828283,214646.46464646465,190656.56565656565,204545.45454545456,184343.43434343435,198232.32323232325,146464.64646464647,,,,,,,,,,,,,,,,,,,,,,,,,,,,,,,,,,,,,
,,,,,,,,,,,,,,,,,117424.24242424243,150252.52525252526,154040.40404040404,165404.04040404042,172979.797979798,189393.9393939394,195707.07070707073,205808.08080808082,208333.33333333334,215909.0909090909,210858.58585858587,210858.58585858587,212121.21212121213,200757.57575757577,217171.71717171717,185606.0606060606,199494.9494949495,202020.20202020204,231060.60606060608,175505.05050505052,231060.60606060608,241161.61616161617,205808.08080808082,175505.05050505052,188131.31313131313,207070.70707070708,152777.77777777778,223484.8484848485,202020.20202020204,178030.30303030304,181818.18181818182,162878.7878787879,137626.26262626264,171717.17171717173,178030.30303030304,155303.0303030303,,,,,,,,,,,,,,,,,,,,,,,,,,,,,,,161616.16161616164,167929.29292929295,181818.18181818182,183080.80808080808,185606.0606060606,160353.53535353535,137626.26262626264,98484.8484848485,,,,,,,,,,,,,,,,,,,,,,,,,,,,,,,,,,,,,
,,,,,,,,,,,,,,,,,94696.9696969697,135101.01010101012,189393.9393939394,188131.31313131313,174242.42424242425,199494.9494949495,212121.21212121213,233585.8585858586,229797.97979797982,195707.07070707073,203282.8282828283,203282.8282828283,213383.8383838384,204545.45454545456,195707.07070707073,180555.55555555556,199494.9494949495,217171.71717171717,199494.9494949495,188131.31313131313,181818.18181818182,190656.56565656565,196969.696969697,214646.46464646465,219696.9696969697,226010.10101010103,198232.32323232325,155303.0303030303,159090.9090909091,165404.04040404042,181818.18181818182,161616.16161616164,148989.898989899,162878.7878787879,174242.42424242425,142676.7676767677,,,,,,,,,,,,,,,,,,,,,,,,,,,,,,178030.30303030304,164141.41414141416,207070.70707070708,223484.8484848485,185606.0606060606,183080.80808080808,198232.32323232325,126262.62626262628,,,,,,,,,,,,,,,,,,,,,,,,,,,,,,,,,,,,,,
,,,,,,,,,,,,,,,,108585.85858585859,148989.898989899,181818.18181818182,202020.20202020204,193181.8181818182,196969.696969697,189393.9393939394,198232.32323232325,209595.9595959596,191919.19191919194,208333.33333333334,178030.30303030304,165404.04040404042,204545.45454545456,190656.56565656565,217171.71717171717,196969.696969697,180555.55555555556,179292.9292929293,183080.80808080808,186868.68686868687,172979.797979798,202020.20202020204,210858.58585858587,210858.58585858587,212121.21212121213,222222.22222222225,196969.696969697,125000.00000000001,175505.05050505052,151515.15151515152,157828.28282828283,145202.0202020202,118686.8686868687,172979.797979798,219696.9696969697,119949.49494949495,,,,,,,,,,,,,,,,,,,,,,,,,,,,,,176767.67676767678,185606.0606060606,178030.30303030304,188131.31313131313,171717.17171717173,180555.55555555556,142676.7676767677,,,,,,,,,,,,,,,,,,,,,,,,,,,,,,,,,,,,,,,
,,,,,,,,,,,,,,,,136363.63636363638,150252.52525252526,180555.55555555556,166666.6666666667,193181.8181818182,199494.9494949495,178030.30303030304,203282.8282828283,217171.71717171717,204545.45454545456,234848.48484848486,203282.8282828283,194444.44444444447,204545.45454545456,189393.9393939394,220959.595959596,204545.45454545456,200757.57575757577,198232.32323232325,181818.18181818182,181818.18181818182,169191.9191919192,208333.33333333334,215909.0909090909,202020.20202020204,193181.8181818182,180555.55555555556,198232.32323232325,215909.0909090909,209595.9595959596,161616.16161616164,127525.25252525254,155303.0303030303,148989.898989899,147727.27272727274,198232.32323232325,190656.56565656565,122474.74747474748,,,,,,,,,,,,,,,,,,,,,,,,,,,,,122474.74747474748,156565.65656565657,171717.17171717173,205808.08080808082,193181.8181818182,161616.16161616164,103535.35353535354,,,,,,,,,,,,,,,,,,,,,,,,,,,,,,,,,,,,,,,
,,,,,,,,,,,,,,,116161.61616161617,127525.25252525254,170454.54545454547,198232.32323232325,195707.07070707073,215909.0909090909,175505.05050505052,209595.9595959596,196969.696969697,199494.9494949495,226010.10101010103,233585.8585858586,217171.71717171717,207070.70707070708,199494.9494949495,199494.9494949495,208333.33333333334,212121.21212121213,250000.00000000003,208333.33333333334,204545.45454545456,204545.45454545456,207070.70707070708,210858.58585858587,218434.34343434343,202020.20202020204,148989.898989899,183080.80808080808,183080.80808080808,204545.45454545456,169191.9191919192,123737.37373737374,159090.9090909091,159090.9090909091,172979.797979798,167929.29292929295,193181.8181818182,186868.68686868687,147727.27272727274,,,,,,,,,,,,,,,,,,,,,,,,,,,,122474.74747474748,147727.27272727274,154040.40404040404,193181.8181818182,166666.6666666667,170454.54545454547,133838.38383838386,,,,,,,,,,,,,,,,,,,,,,,,,,,,,,,,,,,,,,,,
,,,,,,,,,,,,,,,116161.61616161617,169191.9191919192,171717.17171717173,195707.07070707073,196969.696969697,207070.70707070708,203282.8282828283,224747.47474747477,218434.34343434343,207070.70707070708,194444.44444444447,209595.9595959596,237373.7373737374,213383.8383838384,215909.0909090909,189393.9393939394,213383.8383838384,222222.22222222225,222222.22222222225,209595.9595959596,180555.55555555556,181818.18181818182,233585.8585858586,258838.38383838386,203282.8282828283,209595.9595959596,210858.58585858587,171717.17171717173,166666.6666666667,179292.9292929293,161616.16161616164,159090.9090909091,159090.9090909091,127525.25252525254,135101.01010101012,188131.31313131313,205808.08080808082,172979.797979798,209595.9595959596,159090.9090909091,,,,,,,,,,,,,,,,,,,,,,,,,,154040.40404040404,194444.44444444447,152777.77777777778,160353.53535353535,181818.18181818182,190656.56565656565,141414.14141414143,88383.83838383839,,,,,,,,,,,,,,,,,,,,,,,,,,,,,,,,,,,,,,,,
,,,,,,,,,,,,,,107323.23232323233,114898.98989898991,185606.0606060606,175505.05050505052,172979.797979798,165404.04040404042,193181.8181818182,189393.9393939394,196969.696969697,195707.07070707073,207070.70707070708,242424.24242424243,231060.60606060608,194444.44444444447,242424.24242424243,212121.21212121213,172979.797979798,190656.56565656565,208333.33333333334,247474.74747474748,220959.595959596,210858.58585858587,194444.44444444447,226010.10101010103,219696.9696969697,214646.46464646465,193181.8181818182,222222.22222222225,207070.70707070708,223484.8484848485,227272.7272727273,170454.54545454547,166666.6666666667,154040.40404040404,154040.40404040404,147727.27272727274,190656.56565656565,157828.28282828283,186868.68686868687,193181.8181818182,191919.19191919194,169191.9191919192,,,,,,,,,,,,,,,,,,,,,,,,162878.7878787879,190656.56565656565,185606.0606060606,151515.15151515152,178030.30303030304,179292.9292929293,171717.17171717173,108585.85858585859,,,,,,,,,,,,,,,,,,,,,,,,,,,,,,,,,,,,,,,,,
,,,,,,,,,,,,,,111111.11111111112,147727.27272727274,157828.28282828283,190656.56565656565,200757.57575757577,219696.9696969697,179292.9292929293,195707.07070707073,199494.9494949495,185606.0606060606,205808.08080808082,220959.595959596,229797.97979797982,194444.44444444447,233585.8585858586,227272.7272727273,202020.20202020204,214646.46464646465,212121.21212121213,218434.34343434343,207070.70707070708,204545.45454545456,171717.17171717173,214646.46464646465,207070.70707070708,223484.8484848485,209595.9595959596,231060.60606060608,203282.8282828283,215909.0909090909,213383.8383838384,174242.42424242425,148989.898989899,138888.8888888889,89646.46464646465,147727.27272727274,146464.64646464647,136363.63636363638,133838.38383838386,148989.898989899,219696.9696969697,172979.797979798,181818.18181818182,,,,,,,,,,,,,,,,,,,,,,170454.54545454547,191919.19191919194,178030.30303030304,170454.54545454547,205808.08080808082,184343.43434343435,175505.05050505052,131313.1313131313,,,,,,,,,,,,,,,,,,,,,,,,,,,,,,,,,,,,,,,,,,
,,,,,,,,,,,,,99747.47474747476,131313.1313131313,137626.26262626264,193181.8181818182,185606.0606060606,205808.08080808082,198232.32323232325,179292.9292929293,204545.45454545456,198232.32323232325,198232.32323232325,207070.70707070708,209595.9595959596,189393.9393939394,219696.9696969697,188131.31313131313,212121.21212121213,260101.01010101012,180555.55555555556,231060.60606060608,213383.8383838384,212121.21212121213,196969.696969697,199494.9494949495,203282.8282828283,237373.7373737374,205808.08080808082,203282.8282828283,195707.07070707073,232323.23232323234,175505.05050505052,188131.31313131313,162878.7878787879,155303.0303030303,150252.52525252526,131313.1313131313,121212.12121212122,166666.6666666667,101010.10101010102,128787.8787878788,108585.85858585859,147727.27272727274,128787.8787878788,198232.32323232325,171717.17171717173,,,,,,,,,,,,,,,,,,,,180555.55555555556,202020.20202020204,176767.67676767678,209595.9595959596,146464.64646464647,204545.45454545456,188131.31313131313,159090.9090909091,69444.44444444445,,,,,,,,,,,,,,,,,,,,,,,,,,,,,,,,,,,,,,,,,,
,,,,,,,,,,,,,140151.51515151517,135101.01010101012,171717.17171717173,174242.42424242425,169191.9191919192,196969.696969697,186868.68686868687,185606.0606060606,208333.33333333334,215909.0909090909,190656.56565656565,214646.46464646465,219696.9696969697,200757.57575757577,212121.21212121213,207070.70707070708,195707.07070707073,188131.31313131313,228535.35353535356,222222.22222222225,233585.8585858586,215909.0909090909,234848.48484848486,214646.46464646465,204545.45454545456,196969.696969697,174242.42424242425,214646.46464646465,215909.0909090909,196969.696969697,181818.18181818182,190656.56565656565,152777.77777777778,128787.8787878788,141414.14141414143,199494.9494949495,164141.41414141416,155303.0303030303,117424.24242424243,142676.7676767677,146464.64646464647,142676.7676767677,113636.36363636365,152777.77777777778,167929.29292929295,155303.0303030303,,,,,,,,,,,,,,,,,,147727.27272727274,156565.65656565657,175505.05050505052,188131.31313131313,175505.05050505052,155303.0303030303,157828.28282828283,175505.05050505052,108585.85858585859,,,,,,,,,,,,,,,,,,,,,,,,,,,,,,,,,,,,,,,,,,,
,,,,,,,,,,,,92171.71717171717,117424.24242424243,159090.9090909091,175505.05050505052,184343.43434343435,176767.67676767678,194444.44444444447,190656.56565656565,167929.29292929295,200757.57575757577,180555.55555555556,204545.45454545456,222222.22222222225,204545.45454545456,237373.7373737374,224747.47474747477,196969.696969697,232323.23232323234,226010.10101010103,219696.9696969697,232323.23232323234,179292.9292929293,247474.74747474748,226010.10101010103,210858.58585858587,208333.33333333334,227272.7272727273,188131.31313131313,198232.32323232325,183080.80808080808,146464.64646464647,189393.9393939394,181818.18181818182,205808.08080808082,196969.696969697,119949.49494949495,161616.16161616164,171717.17171717173,122474.74747474748,161616.16161616164,136363.63636363638,125000.00000000001,195707.07070707073,154040.40404040404,142676.7676767677,213383.8383838384,157828.28282828283,166666.6666666667,,,,,,,,,,,,,,,145202.0202020202,165404.04040404042,141414.14141414143,169191.9191919192,176767.67676767678,170454.54545454547,191919.19191919194,196969.696969697,185606.0606060606,119949.49494949495,,,,,,,,,,,,,,,,,,,,,,,,,,,,,,,,,,,,,,,,,,,,
,,,,,,,,,,,,130050.50505050506,126262.62626262628,167929.29292929295,172979.797979798,180555.55555555556,207070.70707070708,195707.07070707073,172979.797979798,199494.9494949495,207070.70707070708,203282.8282828283,231060.60606060608,194444.44444444447,209595.9595959596,196969.696969697,190656.56565656565,208333.33333333334,180555.55555555556,223484.8484848485,231060.60606060608,203282.8282828283,219696.9696969697,229797.97979797982,218434.34343434343,229797.97979797982,233585.8585858586,243686.8686868687,191919.19191919194,194444.44444444447,161616.16161616164,190656.56565656565,176767.67676767678,176767.67676767678,194444.44444444447,204545.45454545456,199494.9494949495,181818.18181818182,190656.56565656565,212121.21212121213,175505.05050505052,152777.77777777778,159090.9090909091,188131.31313131313,150252.52525252526,131313.1313131313,138888.8888888889,178030.30303030304,176767.67676767678,157828.28282828283,118686.8686868687,,,,,,,,,,,,176767.67676767678,146464.64646464647,146464.64646464647,166666.6666666667,157828.28282828283,156565.65656565657,161616.16161616164,179292.9292929293,175505.05050505052,140151.51515151517,,,,,,,,,,,,,,,,,,,,,,,,,,,,,,,,,,,,,,,,,,,,,
,,,,,,,,,,,97222.22222222223,118686.8686868687,135101.01010101012,172979.797979798,172979.797979798,185606.0606060606,205808.08080808082,191919.19191919194,195707.07070707073,191919.19191919194,181818.18181818182,199494.9494949495,241161.61616161617,215909.0909090909,209595.9595959596,203282.8282828283,241161.61616161617,198232.32323232325,213383.8383838384,210858.58585858587,210858.58585858587,234848.48484848486,202020.20202020204,229797.97979797982,232323.23232323234,200757.57575757577,193181.8181818182,184343.43434343435,170454.54545454547,184343.43434343435,217171.71717171717,218434.34343434343,194444.44444444447,183080.80808080808,218434.34343434343,218434.34343434343,222222.22222222225,180555.55555555556,198232.32323232325,190656.56565656565,193181.8181818182,132575.7575757576,132575.7575757576,164141.41414141416,130050.50505050506,136363.63636363638,166666.6666666667,186868.68686868687,166666.6666666667,176767.67676767678,167929.29292929295,160353.53535353535,183080.80808080808,166666.6666666667,154040.40404040404,203282.8282828283,133838.38383838386,161616.16161616164,133838.38383838386,137626.26262626264,156565.65656565657,128787.8787878788,121212.12121212122,107323.23232323233,141414.14141414143,162878.7878787879,133838.38383838386,157828.28282828283,164141.41414141416,151515.15151515152,165404.04040404042,92171.71717171717,,,,,,,,,,,,,,,,,,,,,,,,,,,,,,,,,,,,,,,,,,,,,
,,,,,,,,,,,104797.9797979798,154040.40404040404,195707.07070707073,165404.04040404042,205808.08080808082,186868.68686868687,194444.44444444447,218434.34343434343,178030.30303030304,193181.8181818182,228535.35353535356,218434.34343434343,210858.58585858587,209595.9595959596,188131.31313131313,228535.35353535356,218434.34343434343,213383.8383838384,199494.9494949495,195707.07070707073,229797.97979797982,218434.34343434343,246212.12121212122,227272.7272727273,198232.32323232325,229797.97979797982,196969.696969697,224747.47474747477,200757.57575757577,212121.21212121213,217171.71717171717,218434.34343434343,178030.30303030304,207070.70707070708,222222.22222222225,223484.8484848485,247474.74747474748,209595.9595959596,222222.22222222225,196969.696969697,200757.57575757577,215909.0909090909,180555.55555555556,181818.18181818182,156565.65656565657,164141.41414141416,151515.15151515152,128787.8787878788,138888.8888888889,189393.9393939394,188131.31313131313,191919.19191919194,167929.29292929295,151515.15151515152,185606.0606060606,166666.6666666667,141414.14141414143,151515.15151515152,146464.64646464647,154040.40404040404,143939.39393939395,150252.52525252526,143939.39393939395,160353.53535353535,162878.7878787879,130050.50505050506,170454.54545454547,178030.30303030304,156565.65656565657,180555.55555555556,172979.797979798,,,,,,,,,,,,,,,,,,,,,,,,,,,,,,,,,,,,,,,,,,,,,,
,,,,,,,,,,,123737.37373737374,154040.40404040404,174242.42424242425,190656.56565656565,191919.19191919194,183080.80808080808,193181.8181818182,184343.43434343435,180555.55555555556,214646.46464646465,242424.24242424243,199494.9494949495,215909.0909090909,215909.0909090909,202020.20202020204,205808.08080808082,222222.22222222225,223484.8484848485,183080.80808080808,222222.22222222225,202020.20202020204,208333.33333333334,226010.10101010103,213383.8383838384,228535.35353535356,212121.21212121213,191919.19191919194,209595.9595959596,236111.11111111112,233585.8585858586,193181.8181818182,232323.23232323234,210858.58585858587,209595.9595959596,184343.43434343435,202020.20202020204,203282.8282828283,217171.71717171717,209595.9595959596,176767.67676767678,174242.42424242425,186868.68686868687,181818.18181818182,186868.68686868687,209595.9595959596,181818.18181818182,121212.12121212122,164141.41414141416,152777.77777777778,181818.18181818182,160353.53535353535,189393.9393939394,183080.80808080808,200757.57575757577,146464.64646464647,188131.31313131313,178030.30303030304,174242.42424242425,156565.65656565657,138888.8888888889,145202.0202020202,141414.14141414143,137626.26262626264,156565.65656565657,184343.43434343435,188131.31313131313,180555.55555555556,154040.40404040404,161616.16161616164,155303.0303030303,90909.09090909091,,,,,,,,,,,,,,,,,,,,,,,,,,,,,,,,,,,,,,,,,,,,,,
,,,,,,,,,,98484.8484848485,141414.14141414143,154040.40404040404,174242.42424242425,215909.0909090909,185606.0606060606,217171.71717171717,202020.20202020204,180555.55555555556,222222.22222222225,195707.07070707073,257575.7575757576,215909.0909090909,222222.22222222225,227272.7272727273,195707.07070707073,205808.08080808082,194444.44444444447,212121.21212121213,238636.36363636365,244949.49494949495,207070.70707070708,208333.33333333334,207070.70707070708,190656.56565656565,222222.22222222225,223484.8484848485,232323.23232323234,224747.47474747477,200757.57575757577,190656.56565656565,215909.0909090909,189393.9393939394,200757.57575757577,210858.58585858587,188131.31313131313,193181.8181818182,210858.58585858587,214646.46464646465,209595.9595959596,243686.8686868687,186868.68686868687,204545.45454545456,222222.22222222225,171717.17171717173,174242.42424242425,164141.41414141416,195707.07070707073,166666.6666666667,196969.696969697,179292.9292929293,145202.0202020202,166666.6666666667,160353.53535353535,189393.9393939394,175505.05050505052,169191.9191919192,174242.42424242425,183080.80808080808,146464.64646464647,113636.36363636365,101010.10101010102,194444.44444444447,171717.17171717173,196969.696969697,156565.65656565657,175505.05050505052,154040.40404040404,178030.30303030304,142676.7676767677,111111.11111111112,,,,,,,,,,,,,,,,,,,,,,,,,,,,,,,,,,,,,,,,,,,,,,,
,,,,,,,,,,107323.23232323233,147727.27272727274,165404.04040404042,186868.68686868687,199494.9494949495,181818.18181818182,188131.31313131313,228535.35353535356,208333.33333333334,188131.31313131313,200757.57575757577,203282.8282828283,205808.08080808082,209595.9595959596,208333.33333333334,195707.07070707073,217171.71717171717,239898.9898989899,213383.8383838384,215909.0909090909,181818.18181818182,218434.34343434343,205808.08080808082,227272.7272727273,198232.32323232325,222222.22222222225,253787.8787878788,212121.21212121213,224747.47474747477,236111.11111111112,202020.20202020204,171717.17171717173,196969.696969697,189393.9393939394,233585.8585858586,198232.32323232325,209595.9595959596,209595.9595959596,181818.18181818182,181818.18181818182,175505.05050505052,189393.9393939394,141414.14141414143,198232.32323232325,202020.20202020204,161616.16161616164,165404.04040404042,152777.77777777778,172979.797979798,191919.19191919194,188131.31313131313,183080.80808080808,205808.08080808082,172979.797979798,152777.77777777778,184343.43434343435,159090.9090909091,176767.67676767678,174242.42424242425,174242.42424242425,146464.64646464647,172979.797979798,164141.41414141416,157828.28282828283,167929.29292929295,178030.30303030304,188131.31313131313,183080.80808080808,195707.07070707073,151515.15151515152,,,,,,,,,,,,,,,,,,,,,,,,,,,,,,,,,,,,,,,,,,,,,,,,
,,,,,,,,,113636.36363636365,152777.77777777778,178030.30303030304,198232.32323232325,185606.0606060606,196969.696969697,215909.0909090909,207070.70707070708,214646.46464646465,189393.9393939394,202020.20202020204,210858.58585858587,215909.0909090909,205808.08080808082,204545.45454545456,202020.20202020204,202020.20202020204,244949.49494949495,242424.24242424243,218434.34343434343,199494.9494949495,193181.8181818182,166666.6666666667,213383.8383838384,218434.34343434343,223484.8484848485,231060.60606060608,204545.45454545456,209595.9595959596,227272.7272727273,227272.7272727273,223484.8484848485,231060.60606060608,205808.08080808082,228535.35353535356,252525.25252525255,202020.20202020204,202020.20202020204,204545.45454545456,200757.57575757577,217171.71717171717,179292.9292929293,226010.10101010103,218434.34343434343,175505.05050505052,185606.0606060606,160353.53535353535,146464.64646464647,169191.9191919192,181818.18181818182,165404.04040404042,160353.53535353535,147727.27272727274,186868.68686868687,164141.41414141416,154040.40404040404,171717.17171717173,160353.53535353535,156565.65656565657,155303.0303030303,172979.797979798,151515.15151515152,191919.19191919194,143939.39393939395,207070.70707070708,140151.51515151517,169191.9191919192,159090.9090909091,205808.08080808082,147727.27272727274,111111.11111111112,,,,,,,,,,,,,,,,,,,,,,,,,,,,,,,,,,,,,,,,,,,,,,,,
,,,,,,,,,122474.74747474748,156565.65656565657,176767.67676767678,160353.53535353535,183080.80808080808,203282.8282828283,186868.68686868687,215909.0909090909,210858.58585858587,238636.36363636365,164141.41414141416,210858.58585858587,203282.8282828283,203282.8282828283,217171.71717171717,210858.58585858587,260101.01010101012,210858.58585858587,210858.58585858587,156565.65656565657,133838.38383838386,104797.9797979798,108585.85858585859,117424.24242424243,156565.65656565657,220959.595959596,217171.71717171717,226010.10101010103,217171.71717171717,247474.74747474748,208333.33333333334,196969.696969697,226010.10101010103,224747.47474747477,212121.21212121213,207070.70707070708,193181.8181818182,195707.07070707073,228535.35353535356,208333.33333333334,220959.595959596,184343.43434343435,195707.07070707073,169191.9191919192,207070.70707070708,199494.9494949495,174242.42424242425,185606.0606060606,171717.17171717173,184343.43434343435,183080.80808080808,128787.8787878788,151515.15151515152,154040.40404040404,128787.8787878788,125000.00000000001,151515.15151515152,185606.0606060606,198232.32323232325,172979.797979798,180555.55555555556,171717.17171717173,205808.08080808082,203282.8282828283,217171.71717171717,167929.29292929295,178030.30303030304,165404.04040404042,178030.30303030304,141414.14141414143,,,,,,,,,,,,,,,,,,,,,,,,,,,,,,,,,,,,,,,,,,,,,,,,,
,,,,,,,,85858.58585858587,137626.26262626264,147727.27272727274,162878.7878787879,161616.16161616164,208333.33333333334,199494.9494949495,215909.0909090909,181818.18181818182,203282.8282828283,170454.54545454547,200757.57575757577,223484.8484848485,204545.45454545456,188131.31313131313,210858.58585858587,213383.8383838384,190656.56565656565,186868.68686868687,117424.24242424243,95959.59595959597,,,,,75757.57575757576,122474.74747474748,162878.7878787879,189393.9393939394,198232.32323232325,229797.97979797982,224747.47474747477,233585.8585858586,195707.07070707073,204545.45454545456,219696.9696969697,217171.71717171717,204545.45454545456,200757.57575757577,190656.56565656565,218434.34343434343,188131.31313131313,196969.696969697,175505.05050505052,193181.8181818182,191919.19191919194,213383.8383838384,200757.57575757577,183080.80808080808,183080.80808080808,179292.9292929293,199494.9494949495,169191.9191919192,164141.41414141416,170454.54545454547,188131.31313131313,154040.40404040404,157828.28282828283,200757.57575757577,183080.80808080808,188131.31313131313,217171.71717171717,229797.97979797982,205808.08080808082,202020.20202020204,200757.57575757577,164141.41414141416,170454.54545454547,156565.65656565657,184343.43434343435,,,,,,,,,,,,,,,,,,,,,,,,,,,,,,,,,,,,,,,,,,,,,,,,,,
,,,,,,,,107323.23232323233,155303.0303030303,154040.40404040404,170454.54545454547,196969.696969697,195707.07070707073,193181.8181818182,213383.8383838384,191919.19191919194,226010.10101010103,226010.10101010103,199494.9494949495,214646.46464646465,208333.33333333334,214646.46464646465,194444.44444444447,202020.20202020204,133838.38383838386,104797.9797979798,,,,,,,,,,84595.9595959596,141414.14141414143,188131.31313131313,189393.9393939394,207070.70707070708,222222.22222222225,205808.08080808082,198232.32323232325,243686.8686868687,203282.8282828283,205808.08080808082,212121.21212121213,181818.18181818182,171717.17171717173,191919.19191919194,184343.43434343435,161616.16161616164,207070.70707070708,202020.20202020204,188131.31313131313,241161.61616161617,169191.9191919192,170454.54545454547,183080.80808080808,162878.7878787879,196969.696969697,162878.7878787879,220959.595959596,181818.18181818182,145202.0202020202,140151.51515151517,155303.0303030303,205808.08080808082,190656.56565656565,205808.08080808082,179292.9292929293,184343.43434343435,156565.65656565657,140151.51515151517,172979.797979798,188131.31313131313,119949.49494949495,,,,,,,,,,,,,,,,,,,,,,,,,,,,,,,,,,,,,,,,,,,,,,,,,,
,,,,,,,,117424.24242424243,161616.16161616164,170454.54545454547,159090.9090909091,179292.9292929293,181818.18181818182,205808.08080808082,199494.9494949495,185606.0606060606,237373.7373737374,203282.8282828283,219696.9696969697,183080.80808080808,171717.17171717173,181818.18181818182,189393.9393939394,154040.40404040404,94696.9696969697,,,,,,,,,,,,,71969.69696969698,145202.0202020202,184343.43434343435,190656.56565656565,196969.696969697,239898.9898989899,244949.49494949495,214646.46464646465,199494.9494949495,209595.9595959596,186868.68686868687,195707.07070707073,165404.04040404042,193181.8181818182,218434.34343434343,204545.45454545456,219696.9696969697,190656.56565656565,176767.67676767678,166666.6666666667,195707.07070707073,193181.8181818182,178030.30303030304,147727.27272727274,155303.0303030303,147727.27272727274,150252.52525252526,169191.9191919192,183080.80808080808,179292.9292929293,234848.48484848486,231060.60606060608,172979.797979798,215909.0909090909,220959.595959596,239898.9898989899,174242.42424242425,205808.08080808082,150252.52525252526,,,,,,,,,,,,,,,,,,,,,,,,,,,,,,,,,,,,,,,,,,,,,,,,,,,
,,,,,,,94696.9696969697,146464.64646464647,146464.64646464647,174242.42424242425,195707.07070707073,209595.9595959596,184343.43434343435,195707.07070707073,218434.34343434343,191919.19191919194,228535.35353535356,193181.8181818182,184343.43434343435,184343.43434343435,141414.14141414143,109848.48484848485,84595.9595959596,,,,,,,,,,,,,,,,,118686.8686868687,167929.29292929295,166666.6666666667,188131.31313131313,208333.33333333334,222222.22222222225,223484.8484848485,218434.34343434343,188131.31313131313,179292.9292929293,199494.9494949495,200757.57575757577,209595.9595959596,198232.32323232325,198232.32323232325,209595.9595959596,193181.8181818182,183080.80808080808,156565.65656565657,190656.56565656565,162878.7878787879,178030.30303030304,155303.0303030303,175505.05050505052,162878.7878787879,194444.44444444447,172979.797979798,207070.70707070708,185606.0606060606,196969.696969697,183080.80808080808,179292.9292929293,220959.595959596,167929.29292929295,189393.9393939394,170454.54545454547,109848.48484848485,,,,,,,,,,,,,,,,,,,,,,,,,,,,,,,,,,,,,,,,,,,,,,,,,,,
,,,,,,,118686.8686868687,145202.0202020202,172979.797979798,170454.54545454547,180555.55555555556,194444.44444444447,212121.21212121213,200757.57575757577,239898.9898989899,190656.56565656565,214646.46464646465,179292.9292929293,107323.23232323233,,,,,,,,,,,,,,,,,,,,,,,154040.40404040404,188131.31313131313,194444.44444444447,210858.58585858587,202020.20202020204,212121.21212121213,222222.22222222225,191919.19191919194,181818.18181818182,171717.17171717173,215909.0909090909,198232.32323232325,202020.20202020204,191919.19191919194,171717.17171717173,151515.15151515152,176767.67676767678,191919.19191919194,204545.45454545456,219696.9696969697,160353.53535353535,146464.64646464647,178030.30303030304,200757.57575757577,214646.46464646465,224747.47474747477,198232.32323232325,194444.44444444447,184343.43434343435,184343.43434343435,172979.797979798,208333.33333333334,209595.9595959596,147727.27272727274,,,,,,,,,,,,,,,,,,,,,,,,,,,,,,,,,,,,,,,,,,,,,,,,,,,,
,,,,,,,101010.10101010102,143939.39393939395,160353.53535353535,169191.9191919192,180555.55555555556,174242.42424242425,190656.56565656565,202020.20202020204,212121.21212121213,166666.6666666667,123737.37373737374,,,,,,,,,,,,,,,,,,,,,,,,,,143939.39393939395,188131.31313131313,203282.8282828283,210858.58585858587,191919.19191919194,209595.9595959596,215909.0909090909,190656.56565656565,196969.696969697,233585.8585858586,218434.34343434343,213383.8383838384,191919.19191919194,188131.31313131313,186868.68686868687,183080.80808080808,210858.58585858587,183080.80808080808,186868.68686868687,171717.17171717173,159090.9090909091,193181.8181818182,190656.56565656565,186868.68686868687,189393.9393939394,203282.8282828283,205808.08080808082,181818.18181818182,195707.07070707073,204545.45454545456,189393.9393939394,166666.6666666667,106060.60606060606,,,,,,,,,,,,,,,,,,,,,,,,,,,,,,,,,,,,,,,,,,,,,,,,,,,,
,,,,,,,88383.83838383839,148989.898989899,150252.52525252526,164141.41414141416,198232.32323232325,160353.53535353535,184343.43434343435,152777.77777777778,152777.77777777778,93434.34343434343,,,,,,,,,,,,,,,,,,,,,,,,,,,,95959.59595959597,220959.595959596,191919.19191919194,215909.0909090909,217171.71717171717,209595.9595959596,203282.8282828283,213383.8383838384,218434.34343434343,181818.18181818182,161616.16161616164,194444.44444444447,189393.9393939394,180555.55555555556,159090.9090909091,172979.797979798,164141.41414141416,166666.6666666667,175505.05050505052,195707.07070707073,170454.54545454547,180555.55555555556,181818.18181818182,186868.68686868687,223484.8484848485,196969.696969697,170454.54545454547,154040.40404040404,194444.44444444447,160353.53535353535,150252.52525252526,,,,,,,,,,,,,,,,,,,,,,,,,,,,,,,,,,,,,,,,,,,,,,,,,,,,,
,,,,,,,106060.60606060606,116161.61616161617,113636.36363636365,104797.9797979798,94696.9696969697,140151.51515151517,118686.8686868687,113636.36363636365,,,,,,,,,,,,,,,,,,,,,,,,,,,,,,,116161.61616161617,185606.0606060606,178030.30303030304,179292.9292929293,199494.9494949495,190656.56565656565,194444.44444444447,220959.595959596,167929.29292929295,159090.9090909091,170454.54545454547,188131.31313131313,202020.20202020204,191919.19191919194,250000.00000000003,203282.8282828283,176767.67676767678,186868.68686868687,174242.42424242425,160353.53535353535,175505.05050505052,196969.696969697,210858.58585858587,178030.30303030304,191919.19191919194,198232.32323232325,194444.44444444447,169191.9191919192,140151.51515151517,,,,,,,,,,,,,,,,,,,,,,,,,,,,,,,,,,,,,,,,,,,,,,,,,,,,,,
,,,,,,,,117424.24242424243,123737.37373737374,73232.32323232324,106060.60606060606,,,,,,,,,,,,,,,,,,,,,,,,,,,,,,,,,,,126262.62626262628,170454.54545454547,171717.17171717173,190656.56565656565,169191.9191919192,200757.57575757577,204545.45454545456,180555.55555555556,157828.28282828283,156565.65656565657,170454.54545454547,160353.53535353535,193181.8181818182,167929.29292929295,198232.32323232325,180555.55555555556,170454.54545454547,191919.19191919194,199494.9494949495,176767.67676767678,172979.797979798,178030.30303030304,204545.45454545456,179292.9292929293,180555.55555555556,162878.7878787879,156565.65656565657,118686.8686868687,,,,,,,,,,,,,,,,,,,,,,,,,,,,,,,,,,,,,,,,,,,,,,,,,,,,,,
,,,,,,,,,,,,,,,,,,,,,,,,,,,,,,,,,,,,,,,,,,,,,,,132575.7575757576,189393.9393939394,212121.21212121213,203282.8282828283,186868.68686868687,198232.32323232325,166666.6666666667,151515.15151515152,170454.54545454547,188131.31313131313,193181.8181818182,191919.19191919194,194444.44444444447,172979.797979798,145202.0202020202,150252.52525252526,185606.0606060606,186868.68686868687,196969.696969697,169191.9191919192,195707.07070707073,196969.696969697,199494.9494949495,175505.05050505052,183080.80808080808,133838.38383838386,,,,,,,,,,,,,,,,,,,,,,,,,,,,,,,,,,,,,,,,,,,,,,,,,,,,,,,
,,,,,,,,,,,,,,,,,,,,,,,,,,,,,,,,,,,,,,,,,,,,,,,,122474.74747474748,179292.9292929293,200757.57575757577,210858.58585858587,152777.77777777778,148989.898989899,166666.6666666667,195707.07070707073,208333.33333333334,165404.04040404042,180555.55555555556,215909.0909090909,176767.67676767678,190656.56565656565,176767.67676767678,194444.44444444447,189393.9393939394,190656.56565656565,172979.797979798,209595.9595959596,191919.19191919194,169191.9191919192,176767.67676767678,140151.51515151517,,,,,,,,,,,,,,,,,,,,,,,,,,,,,,,,,,,,,,,,,,,,,,,,,,,,,,,,
,,,,,,,,,,,,,,,,,,,,,,,,,,,,,,,,,,,,,,,,,,,,,,,,,99747.47474747476,181818.18181818182,194444.44444444447,213383.8383838384,195707.07070707073,195707.07070707073,162878.7878787879,198232.32323232325,176767.67676767678,184343.43434343435,190656.56565656565,137626.26262626264,191919.19191919194,191919.19191919194,183080.80808080808,170454.54545454547,174242.42424242425,196969.696969697,184343.43434343435,213383.8383838384,212121.21212121213,195707.07070707073,101010.10101010102,,,,,,,,,,,,,,,,,,,,,,,,,,,,,,,,,,,,,,,,,,,,,,,,,,,,,,,,
,,,,,,,,,,,,,,,,,,,,,,,,,,,,,,,,,,,,,,,,,,,,,,,,,,147727.27272727274,176767.67676767678,179292.9292929293,185606.0606060606,196969.696969697,215909.0909090909,170454.54545454547,148989.898989899,185606.0606060606,176767.67676767678,165404.04040404042,167929.29292929295,213383.8383838384,165404.04040404042,217171.71717171717,204545.45454545456,204545.45454545456,196969.696969697,203282.8282828283,175505.05050505052,175505.05050505052,93434.34343434343,,,,,,,,,,,,,,,,,,,,,,,,,,,,,,,,,,,,,,,,,,,,,,,,,,,,,,,,
,,,,,,,,,,,,,,,,,,,,,,,,,,,,,,,,,,,,,,,,,,,,,,,,,,87121.21212121213,150252.52525252526,204545.45454545456,194444.44444444447,194444.44444444447,218434.34343434343,179292.9292929293,190656.56565656565,189393.9393939394,172979.797979798,213383.8383838384,167929.29292929295,170454.54545454547,202020.20202020204,178030.30303030304,186868.68686868687,169191.9191919192,169191.9191919192,171717.17171717173,160353.53535353535,103535.35353535354,,,,,,,,,,,,,,,,,,,,,,,,,,,,,,,,,,,,,,,,,,,,,,,,,,,,,,,,,
,,,,,,,,,,,,,,,,,,,,,,,,,,,,,,,,,,,,,,,,,,,,,,,,,,,157828.28282828283,193181.8181818182,204545.45454545456,195707.07070707073,188131.31313131313,191919.19191919194,183080.80808080808,184343.43434343435,175505.05050505052,181818.18181818182,165404.04040404042,166666.6666666667,178030.30303030304,203282.8282828283,198232.32323232325,186868.68686868687,193181.8181818182,186868.68686868687,138888.8888888889,,,,,,,,,,,,,,,,,,,,,,,,,,,,,,,,,,,,,,,,,,,,,,,,,,,,,,,,,,
,,,,,,,,,,,,,,,,,,,,,,,,,,,,,,,,,,,,,,,,,,,,,,,,,,,93434.34343434343,198232.32323232325,167929.29292929295,193181.8181818182,189393.9393939394,191919.19191919194,209595.9595959596,195707.07070707073,193181.8181818182,190656.56565656565,196969.696969697,169191.9191919192,171717.17171717173,181818.18181818182,176767.67676767678,185606.0606060606,169191.9191919192,170454.54545454547,132575.7575757576,,,,,,,,,,,,,,,,,,,,,,,,,,,,,,,,,,,,,,,,,,,,,,,,,,,,,,,,,,
,,,,,,,,,,,,,,,,,,,,,,,,,,,,,,,,,,,,,,,,,,,,,,,,,,,,184343.43434343435,186868.68686868687,176767.67676767678,184343.43434343435,199494.9494949495,186868.68686868687,176767.67676767678,169191.9191919192,194444.44444444447,185606.0606060606,166666.6666666667,160353.53535353535,188131.31313131313,151515.15151515152,184343.43434343435,162878.7878787879,135101.01010101012,,,,,,,,,,,,,,,,,,,,,,,,,,,,,,,,,,,,,,,,,,,,,,,,,,,,,,,,,,,
,,,,,,,,,,,,,,,,,,,,,,,,,,,,,,,,,,,,,,,,,,,,,,,,,,,,122474.74747474748,200757.57575757577,210858.58585858587,184343.43434343435,193181.8181818182,188131.31313131313,170454.54545454547,167929.29292929295,180555.55555555556,191919.19191919194,171717.17171717173,194444.44444444447,179292.9292929293,170454.54545454547,196969.696969697,172979.797979798,85858.58585858587,,,,,,,,,,,,,,,,,,,,,,,,,,,,,,,,,,,,,,,,,,,,,,,,,,,,,,,,,,,
,,,,,,,,,,,,,,,,,,,,,,,,,,,,,,,,,,,,,,,,,,,,,,,,,,,,109848.48484848485,164141.41414141416,202020.20202020204,200757.57575757577,167929.29292929295,181818.18181818182,165404.04040404042,198232.32323232325,210858.58585858587,202020.20202020204,190656.56565656565,190656.56565656565,183080.80808080808,166666.6666666667,157828.28282828283,114898.98989898991,,,,,,,,,,,,,,,,,,,,,,,,,,,,,,,,,,,,,,,,,,,,,,,,,,,,,,,,,,,,
,,,,,,,,,,,,,,,,,,,,,,,,,,,,,,,,,,,,,,,,,,,,,,,,,,,,88383.83838383839,146464.64646464647,170454.54545454547,162878.7878787879,171717.17171717173,212121.21212121213,191919.19191919194,222222.22222222225,186868.68686868687,203282.8282828283,167929.29292929295,175505.05050505052,186868.68686868687,171717.17171717173,151515.15151515152,92171.71717171717,,,,,,,,,,,,,,,,,,,,,,,,,,,,,,,,,,,,,,,,,,,,,,,,,,,,,,,,,,,,
,,,,,,,,,,,,,,,,,,,,,,,,,,,,,,,,,,,,,,,,,,,,,,,,,,,,,127525.25252525254,185606.0606060606,166666.6666666667,199494.9494949495,183080.80808080808,193181.8181818182,184343.43434343435,198232.32323232325,172979.797979798,195707.07070707073,180555.55555555556,160353.53535353535,172979.797979798,161616.16161616164,,,,,,,,,,,,,,,,,,,,,,,,,,,,,,,,,,,,,,,,,,,,,,,,,,,,,,,,,,,,,
,,,,,,,,,,,,,,,,,,,,,,,,,,,,,,,,,,,,,,,,,,,,,,,,,,,,,119949.49494949495,178030.30303030304,175505.05050505052,194444.44444444447,205808.08080808082,175505.05050505052,189393.9393939394,189393.9393939394,181818.18181818182,178030.30303030304,202020.20202020204,152777.77777777778,150252.52525252526,69444.44444444445,,,,,,,,,,,,,,,,,,,,,,,,,,,,,,,,,,,,,,,,,,,,,,,,,,,,,,,,,,,,,
,,,,,,,,,,,,,,,,,,,,,,,,,,,,,,,,,,,,,,,,,,,,,,,,,,,,,106060.60606060606,162878.7878787879,178030.30303030304,169191.9191919192,169191.9191919192,167929.29292929295,205808.08080808082,202020.20202020204,176767.67676767678,196969.696969697,189393.9393939394,156565.65656565657,119949.49494949495,,,,,,,,,,,,,,,,,,,,,,,,,,,,,,,,,,,,,,,,,,,,,,,,,,,,,,,,,,,,,,
,,,,,,,,,,,,,,,,,,,,,,,,,,,,,,,,,,,,,,,,,,,,,,,,,,,,,107323.23232323233,164141.41414141416,203282.8282828283,162878.7878787879,185606.0606060606,175505.05050505052,185606.0606060606,202020.20202020204,181818.18181818182,188131.31313131313,180555.55555555556,154040.40404040404,101010.10101010102,,,,,,,,,,,,,,,,,,,,,,,,,,,,,,,,,,,,,,,,,,,,,,,,,,,,,,,,,,,,,,
,,,,,,,,,,,,,,,,,,,,,,,,,,,,,,,,,,,,,,,,,,,,,,,,,,,,,99747.47474747476,145202.0202020202,214646.46464646465,188131.31313131313,185606.0606060606,185606.0606060606,164141.41414141416,185606.0606060606,190656.56565656565,185606.0606060606,172979.797979798,150252.52525252526,,,,,,,,,,,,,,,,,,,,,,,,,,,,,,,,,,,,,,,,,,,,,,,,,,,,,,,,,,,,,,,
,,,,,,,,,,,,,,,,,,,,,,,,,,,,,,,,,,,,,,,,,,,,,,,,,,,,,,133838.38383838386,164141.41414141416,208333.33333333334,181818.18181818182,171717.17171717173,191919.19191919194,188131.31313131313,160353.53535353535,156565.65656565657,143939.39393939395,97222.22222222223,,,,,,,,,,,,,,,,,,,,,,,,,,,,,,,,,,,,,,,,,,,,,,,,,,,,,,,,,,,,,,,
,,,,,,,,,,,,,,,,,,,,,,,,,,,,,,,,,,,,,,,,,,,,,,,,,,,,,,125000.00000000001,188131.31313131313,198232.32323232325,160353.53535353535,167929.29292929295,167929.29292929295,169191.9191919192,161616.16161616164,155303.0303030303,101010.10101010102,,,,,,,,,,,,,,,,,,,,,,,,,,,,,,,,,,,,,,,,,,,,,,,,,,,,,,,,,,,,,,,,
,,,,,,,,,,,,,,,,,,,,,,,,,,,,,,,,,,,,,,,,,,,,,,,,,,,,,,127525.25252525254,180555.55555555556,186868.68686868687,203282.8282828283,179292.9292929293,172979.797979798,184343.43434343435,160353.53535353535,104797.9797979798,98484.8484848485,,,,,,,,,,,,,,,,,,,,,,,,,,,,,,,,,,,,,,,,,,,,,,,,,,,,,,,,,,,,,,,,
,,,,,,,,,,,,,,,,,,,,,,,,,,,,,,,,,,,,,,,,,,,,,,,,,,,,,,154040.40404040404,152777.77777777778,156565.65656565657,172979.797979798,156565.65656565657,175505.05050505052,170454.54545454547,165404.04040404042,102272.72727272728,,,,,,,,,,,,,,,,,,,,,,,,,,,,,,,,,,,,,,,,,,,,,,,,,,,,,,,,,,,,,,,,,
,,,,,,,,,,,,,,,,,,,,,,,,,,,,,,,,,,,,,,,,,,,,,,,,,,,,,,130050.50505050506,152777.77777777778,186868.68686868687,167929.29292929295,183080.80808080808,186868.68686868687,143939.39393939395,141414.14141414143,101010.10101010102,,,,,,,,,,,,,,,,,,,,,,,,,,,,,,,,,,,,,,,,,,,,,,,,,,,,,,,,,,,,,,,,,
,,,,,,,,,,,,,,,,,,,,,,,,,,,,,,,,,,,,,,,,,,,,,,,,,,,,,,90909.09090909091,188131.31313131313,159090.9090909091,202020.20202020204,181818.18181818182,145202.0202020202,150252.52525252526,125000.00000000001,,,,,,,,,,,,,,,,,,,,,,,,,,,,,,,,,,,,,,,,,,,,,,,,,,,,,,,,,,,,,,,,,,
,,,,,,,,,,,,,,,,,,,,,,,,,,,,,,,,,,,,,,,,,,,,,,,,,,,,,,89646.46464646465,157828.28282828283,175505.05050505052,180555.55555555556,164141.41414141416,181818.18181818182,162878.7878787879,123737.37373737374,,,,,,,,,,,,,,,,,,,,,,,,,,,,,,,,,,,,,,,,,,,,,,,,,,,,,,,,,,,,,,,,,,
,,,,,,,,,,,,,,,,,,,,,,,,,,,,,,,,,,,,,,,,,,,,,,,,,,,,,,108585.85858585859,190656.56565656565,172979.797979798,174242.42424242425,159090.9090909091,167929.29292929295,123737.37373737374,99747.47474747476,,,,,,,,,,,,,,,,,,,,,,,,,,,,,,,,,,,,,,,,,,,,,,,,,,,,,,,,,,,,,,,,,,
,,,,,,,,,,,,,,,,,,,,,,,,,,,,,,,,,,,,,,,,,,,,,,,,,,,,,,119949.49494949495,178030.30303030304,151515.15151515152,171717.17171717173,175505.05050505052,169191.9191919192,133838.38383838386,,,,,,,,,,,,,,,,,,,,,,,,,,,,,,,,,,,,,,,,,,,,,,,,,,,,,,,,,,,,,,,,,,,
,,,,,,,,,,,,,,,,,,,,,,,,,,,,,,,,,,,,,,,,,,,,,,,,,,,,,,113636.36363636365,198232.32323232325,166666.6666666667,138888.8888888889,143939.39393939395,145202.0202020202,131313.1313131313,,,,,,,,,,,,,,,,,,,,,,,,,,,,,,,,,,,,,,,,,,,,,,,,,,,,,,,,,,,,,,,,,,,
,,,,,,,,,,,,,,,,,,,,,,,,,,,,,,,,,,,,,,,,,,,,,,,,,,,,,,,157828.28282828283,126262.62626262628,164141.41414141416,137626.26262626264,128787.8787878788,113636.36363636365,,,,,,,,,,,,,,,,,,,,,,,,,,,,,,,,,,,,,,,,,,,,,,,,,,,,,,,,,,,,,,,,,,,
,,,,,,,,,,,,,,,,,,,,,,,,,,,,,,,,,,,,,,,,,,,,,,,,,,,,,,,116161.61616161617,160353.53535353535,141414.14141414143,122474.74747474748,116161.61616161617,93434.34343434343,,,,,,,,,,,,,,,,,,,,,,,,,,,,,,,,,,,,,,,,,,,,,,,,,,,,,,,,,,,,,,,,,,,
,,,,,,,,,,,,,,,,,,,,,,,,,,,,,,,,,,,,,,,,,,,,,,,,,,,,,,,,160353.53535353535,137626.26262626264,142676.7676767677,135101.01010101012,,,,,,,,,,,,,,,,,,,,,,,,,,,,,,,,,,,,,,,,,,,,,,,,,,,,,,,,,,,,,,,,,,,,
,,,,,,,,,,,,,,,,,,,,,,,,,,,,,,,,,,,,,,,,,,,,,,,,,,,,,,,,98484.8484848485,141414.14141414143,126262.62626262628,79545.45454545454,,,,,,,,,,,,,,,,,,,,,,,,,,,,,,,,,,,,,,,,,,,,,,,,,,,,,,,,,,,,,,,,,,,,
,,,,,,,,,,,,,,,,,,,,,,,,,,,,,,,,,,,,,,,,,,,,,,,,,,,,,,,,,92171.71717171717,117424.24242424243,,,,,,,,,,,,,,,,,,,,,,,,,,,,,,,,,,,,,,,,,,,,,,,,,,,,,,,,,,,,,,,,,,,,,
,,,,,,,,,,,,,,,,,,,,,,,,,,,,,,,,,,,,,,,,,,,,,,,,,,,,,,,,,,,,,,,,,,,,,,,,,,,,,,,,,,,,,,,,,,,,,,,,,,,,,,,,,,,,,,,,,,,,,,,,,,,,,,,
